pension_start_age,spend_multiplier,strategy,spending_rule,initial_money,initial_annual_cost,value_type,1,2,3,4,5,6,7,8,9,10,11,12,13,14,15,16,17,18,19,20,21,22,23,24,25,26,27,28,29,30,31,32,33,34,35,36,37,38,39,40,41,42,43,44,45
60,0.6000,DynamicV1Rebalance,2.5000,6925.7726,173.1443,survival,1.0000,1.0000,1.0000,1.0000,1.0000,1.0000,1.0000,1.0000,1.0000,1.0000,1.0000,1.0000,1.0000,1.0000,1.0000,1.0000,1.0000,1.0000,1.0000,1.0000,1.0000,1.0000,1.0000,1.0000,1.0000,1.0000,1.0000,1.0000,1.0000,1.0000,1.0000,1.0000,1.0000,1.0000,1.0000,1.0000,1.0000,1.0000,1.0000,1.0000,1.0000,1.0000,1.0000,1.0000,1.0000
60,0.6000,DynamicV1Rebalance,2.5000,6925.7726,173.1443,spend25p,173.3478,172.1553,170.8478,169.0673,167.4331,165.9494,164.1629,162.2902,160.4168,158.7991,3.9410,1.2229,-1.7421,-5.0519,-8.4288,-11.8516,-15.2781,-18.9795,-22.6035,-26.5435,-30.2704,-34.1887,-37.7625,-41.7365,-45.7350,-49.7137,-53.8002,-58.1945,-62.7065,-67.4848,-72.9552,-78.8002,-85.5082,-92.7782,-100.9311,-109.4176,-118.3791,-127.7920,-136.8142,-145.4856,-153.8084,-162.9094,-172.2645,-182.4531,-193.1624
60,0.6000,DynamicV1Rebalance,2.5000,6925.7726,173.1443,spend50p,174.5413,175.8690,177.3199,178.3253,179.8322,181.1770,182.8693,184.6694,186.2542,187.6670,13.2612,10.6917,7.8951,4.6775,1.1221,-2.3633,-5.8676,-9.7114,-13.5755,-17.5796,-21.5470,-25.5381,-29.9974,-34.2306,-38.8452,-43.3208,-48.0123,-52.7159,-57.2261,-61.7618,-66.5580,-71.8581,-77.8790,-84.1362,-90.7484,-97.5276,-104.5965,-112.1784,-119.2275,-125.5142,-132.1687,-139.4838,-146.5777,-154.5611,-162.6847
60,0.6000,DynamicV1Rebalance,2.5000,6925.7726,173.1443,spend75p,175.7671,179.5603,183.9811,188.5743,193.4077,198.2602,203.9433,208.6597,214.1089,219.4109,21.9774,19.6125,17.2768,14.5811,11.5575,8.4718,5.1252,1.7464,-2.0514,-6.2981,-10.6862,-15.4842,-20.3307,-25.1268,-30.0505,-35.4094,-40.5026,-45.7430,-51.0107,-55.9810,-61.1087,-66.2289,-71.6172,-77.1605,-82.9578,-88.4851,-94.3187,-100.0307,-105.7492,-110.7653,-115.7976,-120.9674,-126.5983,-132.4191,-138.3102
60,0.6000,DynamicV1Rebalance,3.0000,5771.4771,173.1443,survival,1.0000,1.0000,1.0000,1.0000,1.0000,1.0000,1.0000,1.0000,1.0000,1.0000,1.0000,1.0000,1.0000,1.0000,1.0000,1.0000,1.0000,1.0000,0.9995,0.9995,0.9995,0.9995,0.9995,0.9995,0.9995,0.9995,0.9995,0.9995,0.9995,0.9995,0.9995,0.9995,0.9995,0.9995,0.9995,0.9995,0.9995,0.9995,0.9995,0.9995,0.9995,0.9995,0.9995,0.9995,0.9995
60,0.6000,DynamicV1Rebalance,3.0000,5771.4771,173.1443,spend25p,173.3478,172.1553,170.8478,169.0673,167.4331,165.9494,164.1629,162.2902,160.4168,158.7991,3.9410,1.2229,-1.7421,-5.0519,-8.4288,-11.8516,-15.2781,-18.9795,-22.6035,-26.5435,-30.2704,-34.1887,-37.7625,-41.7365,-45.7350,-49.7137,-53.8002,-58.1945,-62.7065,-67.4848,-72.9552,-78.8002,-85.5082,-92.7782,-100.9311,-109.4176,-118.3791,-127.7920,-136.8142,-145.4856,-153.8084,-162.9094,-172.2645,-182.4531,-193.1624
60,0.6000,DynamicV1Rebalance,3.0000,5771.4771,173.1443,spend50p,174.5413,175.8690,177.3199,178.3253,179.8322,181.1770,182.8693,184.6694,186.2542,187.6670,13.2612,10.6917,7.8951,4.6775,1.1221,-2.3633,-5.8676,-9.7114,-13.5755,-17.5796,-21.5470,-25.5381,-29.9974,-34.2306,-38.8452,-43.3208,-48.0123,-52.7159,-57.2261,-61.7618,-66.5580,-71.8581,-77.8790,-84.1362,-90.7484,-97.5276,-104.5880,-112.1538,-119.1949,-125.4977,-132.0708,-139.4764,-146.5197,-154.5156,-162.6323
60,0.6000,DynamicV1Rebalance,3.0000,5771.4771,173.1443,spend75p,175.7671,179.5603,183.9811,188.5743,193.4077,198.2602,203.9433,208.6597,214.1089,219.4109,21.9774,19.6125,17.2768,14.5811,11.5575,8.4718,5.1252,1.7464,-2.0514,-6.2981,-10.6862,-15.4842,-20.3307,-25.1268,-30.0505,-35.4094,-40.5026,-45.7430,-51.0107,-55.9810,-61.1087,-66.2289,-71.6172,-77.1605,-82.9522,-88.4705,-94.2908,-99.9743,-105.7335,-110.7526,-115.7657,-120.9431,-126.5903,-132.3813,-138.2528
60,0.6000,DynamicV1Rebalance,3.5000,4946.9804,173.1443,survival,1.0000,1.0000,1.0000,1.0000,1.0000,1.0000,1.0000,1.0000,1.0000,0.9985,0.9985,0.9985,0.9980,0.9980,0.9980,0.9980,0.9980,0.9980,0.9980,0.9980,0.9980,0.9980,0.9980,0.9980,0.9980,0.9980,0.9980,0.9980,0.9980,0.9980,0.9980,0.9980,0.9980,0.9980,0.9980,0.9980,0.9980,0.9980,0.9980,0.9980,0.9980,0.9980,0.9980,0.9980,0.9980
60,0.6000,DynamicV1Rebalance,3.5000,4946.9804,173.1443,spend25p,173.3478,172.1553,170.8478,169.0673,167.4331,165.9494,164.1629,162.2902,160.4168,158.6258,3.8920,1.1780,-1.7421,-5.0519,-8.4288,-11.8516,-15.2781,-18.9795,-22.5552,-26.5129,-30.2684,-34.1693,-37.7543,-41.7292,-45.7258,-49.6891,-53.7979,-58.1778,-62.6777,-67.4590,-72.9484,-78.7839,-85.4851,-92.7687,-100.8110,-109.3862,-118.2875,-127.7827,-136.7190,-145.3873,-153.7741,-162.8613,-172.2168,-182.3932,-193.0747
60,0.6000,DynamicV1Rebalance,3.5000,4946.9804,173.1443,spend50p,174.5413,175.8690,177.3199,178.3253,179.8322,181.1770,182.8693,184.6694,186.2542,187.6348,13.2229,10.6265,7.8395,4.6336,1.0500,-2.3554,-5.8473,-9.7028,-13.5603,-17.5465,-21.5306,-25.5186,-29.9550,-34.2176,-38.8238,-43.2821,-47.9993,-52.6978,-57.2141,-61.7535,-66.5247,-71.8481,-77.8339,-84.0988,-90.7248,-97.5050,-104.5366,-112.1068,-119.1637,-125.4163,-131.9855,-139.3143,-146.4954,-154.4491,-162.5454
60,0.6000,DynamicV1Rebalance,3.5000,4946.9804,173.1443,spend75p,175.7671,179.5603,183.9811,188.5743,193.4077,198.2602,203.9433,208.6597,214.1089,219.3754,21.9500,19.5998,17.2702,14.5711,11.5482,8.4603,5.1122,1.7362,-1.9198,-6.2443,-10.5931,-15.4538,-20.2255,-25.0531,-30.0233,-35.3221,-40.4202,-45.7128,-50.9158,-55.8530,-61.0610,-66.2038,-71.5569,-77.1168,-82.8500,-88.4131,-94.2166,-99.9466,-105.5911,-110.6367,-115.6868,-120.8625,-126.5194,-132.2373,-138.0295
60,0.6000,DynamicV1Rebalance,4.0000,4328.6079,173.1443,survival,1.0000,1.0000,1.0000,1.0000,1.0000,1.0000,1.0000,1.0000,0.9990,0.9980,0.9975,0.9975,0.9975,0.9970,0.9970,0.9965,0.9965,0.9965,0.9965,0.9965,0.9965,0.9965,0.9965,0.9965,0.9965,0.9965,0.9965,0.9965,0.9965,0.9965,0.9965,0.9965,0.9965,0.9965,0.9965,0.9965,0.9965,0.9965,0.9965,0.9965,0.9965,0.9965,0.9965,0.9965,0.9965
60,0.6000,DynamicV1Rebalance,4.0000,4328.6079,173.1443,spend25p,173.3478,172.1553,170.8478,169.0673,167.4331,165.9494,164.1629,162.2902,160.2540,158.5343,3.8605,1.1717,-1.7421,-5.0519,-8.4288,-11.8516,-15.2781,-18.9795,-22.5552,-26.5129,-30.2684,-34.1693,-37.7543,-41.7292,-45.7258,-49.6891,-53.7979,-58.1778,-62.6777,-67.4590,-72.9484,-78.7839,-85.4851,-92.7687,-100.8110,-109.3862,-118.2875,-127.7656,-136.6234,-145.2778,-153.7674,-162.7886,-172.0223,-182.3634,-193.0156
60,0.6000,DynamicV1Rebalance,4.0000,4328.6079,173.1443,spend50p,174.5413,175.8690,177.3199,178.3253,179.8322,181.1770,182.8693,184.6694,186.1977,187.6266,13.1819,10.6186,7.8216,4.6139,1.0109,-2.3554,-5.8473,-9.7028,-13.5603,-17.5465,-21.5306,-25.5186,-29.9550,-34.2176,-38.8238,-43.2821,-47.9993,-52.6978,-57.2141,-61.7535,-66.5247,-71.8481,-77.8339,-84.0868,-90.7209,-97.4776,-104.5232,-112.0746,-119.1106,-125.3918,-131.8388,-139.2161,-146.4171,-154.2452,-162.3343
60,0.6000,DynamicV1Rebalance,4.0000,4328.6079,173.1443,spend75p,175.7671,179.5603,183.9811,188.5743,193.4077,198.2602,203.9433,208.6597,214.0484,219.3478,21.9425,19.5812,17.1611,14.5439,11.4800,8.3657,5.0287,1.7199,-1.9198,-6.2443,-10.5931,-15.4538,-20.2255,-25.0531,-30.0233,-35.3221,-40.4202,-45.7128,-50.9158,-55.8530,-61.0610,-66.2038,-71.5400,-77.0984,-82.8242,-88.3889,-94.1333,-99.8674,-105.5730,-110.5040,-115.6292,-120.7562,-126.3315,-132.0741,-137.9579
60,0.6000,DynamicV1Rebalance,5.0000,3462.8863,173.1443,survival,1.0000,1.0000,1.0000,1.0000,1.0000,1.0000,1.0000,0.9985,0.9970,0.9920,0.9905,0.9890,0.9880,0.9880,0.9875,0.9865,0.9855,0.9850,0.9850,0.9850,0.9845,0.9845,0.9845,0.9845,0.9845,0.9845,0.9845,0.9845,0.9845,0.9845,0.9845,0.9845,0.9845,0.9845,0.9845,0.9845,0.9845,0.9845,0.9845,0.9845,0.9845,0.9845,0.9845,0.9845,0.9845
60,0.6000,DynamicV1Rebalance,5.0000,3462.8863,173.1443,spend25p,173.3478,172.1553,170.8478,169.0673,167.4331,165.9494,164.1629,162.0312,159.9125,157.9591,3.6350,0.7840,-1.7421,-5.0519,-8.4288,-11.8516,-15.2781,-18.9795,-22.5552,-26.5129,-30.2684,-34.1693,-37.7543,-41.7292,-45.7258,-49.6891,-53.7646,-58.1653,-62.6437,-67.3676,-72.9033,-78.7358,-85.2797,-92.6665,-100.4279,-109.1769,-117.8506,-127.4543,-135.8028,-144.2170,-152.7424,-161.9669,-171.2965,-181.1615,-192.1116
60,0.6000,DynamicV1Rebalance,5.0000,3462.8863,173.1443,spend50p,174.5413,175.8690,177.3199,178.3253,179.8322,181.1770,182.8693,184.4382,186.0835,187.1082,13.0194,10.3985,7.5595,4.1702,0.7340,-2.3310,-5.8255,-9.6722,-13.5224,-17.5121,-21.4724,-25.4842,-29.8653,-34.1421,-38.7430,-43.2275,-47.9747,-52.6044,-57.1507,-61.6925,-66.4314,-71.7533,-77.7118,-83.8968,-90.3126,-97.0079,-104.1762,-111.5327,-118.5878,-124.6211,-131.2678,-138.2213,-145.7431,-153.2092,-161.2376
60,0.6000,DynamicV1Rebalance,5.0000,3462.8863,173.1443,spend75p,175.7671,179.5603,183.9811,188.5743,193.4077,198.2602,203.9433,208.5504,213.9649,218.4655,21.6145,19.3296,16.8830,14.2609,11.1438,8.1302,4.5786,1.2166,-1.7191,-5.9815,-10.5043,-15.2999,-20.1376,-24.9470,-29.9518,-35.1125,-40.1936,-45.5918,-50.7766,-55.6271,-60.9168,-66.0869,-71.2811,-76.8692,-82.5221,-87.9851,-93.6010,-99.3335,-104.8655,-109.6302,-114.9425,-120.0644,-125.4220,-131.2933,-136.9184
60,0.6000,DynamicV1Rebalance,6.0000,2885.7386,173.1443,survival,1.0000,1.0000,1.0000,1.0000,1.0000,1.0000,0.9985,0.9970,0.9870,0.9720,0.9710,0.9680,0.9660,0.9660,0.9640,0.9625,0.9620,0.9610,0.9605,0.9605,0.9605,0.9605,0.9605,0.9605,0.9605,0.9605,0.9605,0.9605,0.9605,0.9605,0.9605,0.9605,0.9605,0.9605,0.9605,0.9605,0.9605,0.9605,0.9605,0.9605,0.9605,0.9605,0.9605,0.9605,0.9605
60,0.6000,DynamicV1Rebalance,6.0000,2885.7386,173.1443,spend25p,173.3478,172.1553,170.8478,169.0673,167.4331,165.9494,163.6629,161.7595,158.6380,155.2331,3.0680,0.0000,-1.6869,-4.9415,-8.1931,-11.7624,-15.1730,-18.8682,-22.4406,-26.3938,-30.2269,-34.0635,-37.7191,-41.6381,-45.6478,-49.6526,-53.6603,-58.0093,-62.4491,-67.2825,-72.6473,-78.6028,-85.0625,-92.4409,-100.1346,-108.8891,-117.4879,-126.5608,-135.0433,-142.9783,-151.5774,-160.7967,-170.1754,-179.9694,-190.6900
60,0.6000,DynamicV1Rebalance,6.0000,2885.7386,173.1443,spend50p,174.5413,175.8690,177.3199,178.3253,179.8322,181.1770,182.8288,184.3579,185.2268,186.1305,12.6722,9.8496,6.8977,3.5506,0.0000,-1.8663,-5.4455,-9.3034,-13.2920,-17.1822,-21.1922,-25.3154,-29.5210,-33.9171,-38.3462,-43.0819,-47.7165,-52.3719,-56.9617,-61.4593,-66.2308,-71.5127,-77.2661,-83.4201,-89.8426,-96.3993,-103.3304,-110.7233,-117.4968,-123.7722,-130.3424,-137.0747,-144.1728,-151.9652,-159.5513
60,0.6000,DynamicV1Rebalance,6.0000,2885.7386,173.1443,spend75p,175.7671,179.5603,183.9811,188.5743,193.4077,198.2602,203.8803,208.4506,212.9672,216.7703,21.0990,18.7408,16.3101,13.6869,10.6371,7.3311,4.0689,0.5593,-0.9188,-5.1401,-9.7146,-14.7546,-19.2976,-24.2315,-28.9961,-34.2954,-39.5420,-45.1238,-50.2264,-55.1886,-60.4281,-65.6571,-70.8562,-76.4177,-81.7656,-87.3197,-92.6737,-98.2405,-103.3594,-108.0271,-113.1139,-118.2775,-123.4628,-129.0700,-134.6933
60,0.6000,DynamicV1Rebalance,7.0000,2473.4902,173.1443,survival,1.0000,1.0000,1.0000,1.0000,1.0000,0.9990,0.9965,0.9850,0.9680,0.9335,0.9310,0.9290,0.9275,0.9250,0.9235,0.9210,0.9195,0.9195,0.9190,0.9185,0.9185,0.9185,0.9180,0.9180,0.9180,0.9180,0.9180,0.9180,0.9180,0.9180,0.9180,0.9180,0.9180,0.9180,0.9180,0.9180,0.9180,0.9180,0.9180,0.9180,0.9180,0.9180,0.9180,0.9180,0.9180
60,0.6000,DynamicV1Rebalance,7.0000,2473.4902,173.1443,spend25p,173.3478,172.1553,170.8478,169.0673,167.4331,165.8395,163.4968,160.4580,156.3547,150.6472,1.1879,0.0000,-1.5903,-4.7706,-7.9313,-11.6337,-15.0032,-18.6896,-22.3386,-26.2287,-30.1260,-33.7220,-37.6314,-41.4718,-45.5243,-49.5186,-53.5421,-57.8374,-62.3097,-67.1297,-72.4127,-78.2371,-84.5327,-91.8777,-99.6448,-108.1274,-116.8855,-125.5860,-133.6864,-141.2011,-150.2778,-159.3267,-168.8258,-178.5732,-188.0634
60,0.6000,DynamicV1Rebalance,7.0000,2473.4902,173.1443,spend50p,174.5413,175.8690,177.3199,178.3253,179.8322,181.1309,182.8075,183.8417,184.2706,183.2716,11.5533,8.5611,5.6281,2.3398,0.0000,-1.1982,-5.1594,-8.9016,-12.7974,-16.6374,-20.6811,-24.8571,-29.0447,-33.5603,-38.1230,-42.6131,-47.3995,-52.0585,-56.6553,-61.1961,-65.8555,-71.0644,-76.7911,-82.8935,-89.1730,-95.5834,-102.3550,-109.0729,-115.5607,-121.8119,-128.4058,-135.0315,-142.0276,-149.2545,-157.0664
60,0.6000,DynamicV1Rebalance,7.0000,2473.4902,173.1443,spend75p,175.7671,179.5603,183.9811,188.5743,193.4077,198.0899,203.8706,207.5618,211.1896,214.0864,20.2725,17.8505,15.5263,12.6570,9.6335,6.4477,2.8342,0.0000,0.0000,-3.7319,-8.3756,-13.1625,-18.0126,-22.7616,-27.9541,-32.8421,-38.4130,-43.8230,-49.1976,-54.4830,-59.6188,-64.7135,-70.0384,-75.1534,-80.5025,-85.6247,-90.6324,-96.0284,-101.0517,-105.4417,-110.1953,-114.9550,-119.6129,-124.9077,-130.2125
60,0.6000,DynamicV1Rebalance,8.0000,2164.3039,173.1443,survival,1.0000,1.0000,1.0000,1.0000,1.0000,0.9980,0.9870,0.9705,0.9285,0.8795,0.8750,0.8700,0.8655,0.8595,0.8570,0.8520,0.8510,0.8500,0.8480,0.8465,0.8465,0.8465,0.8465,0.8465,0.8465,0.8465,0.8465,0.8465,0.8465,0.8465,0.8465,0.8465,0.8465,0.8465,0.8465,0.8465,0.8465,0.8465,0.8465,0.8465,0.8465,0.8465,0.8465,0.8465,0.8465
60,0.6000,DynamicV1Rebalance,8.0000,2164.3039,173.1443,spend25p,173.3478,172.1553,170.8478,169.0673,167.4331,165.6068,162.5221,158.9138,152.0794,143.6369,0.0000,0.0000,-1.3939,-4.4113,-7.5961,-11.2422,-14.7053,-18.4213,-21.9983,-25.8808,-29.8382,-33.4515,-37.2835,-41.2774,-45.0418,-49.2186,-53.1654,-57.3262,-61.8609,-66.6485,-71.7185,-77.2136,-83.4114,-90.2369,-97.9738,-106.0826,-114.2448,-123.4376,-131.3377,-138.7500,-147.2797,-156.3358,-165.5553,-175.1915,-184.2715
60,0.6000,DynamicV1Rebalance,8.0000,2164.3039,173.1443,spend50p,174.5413,175.8690,177.3199,178.3253,179.8322,181.0821,182.2411,183.3068,181.3099,178.1940,9.7615,6.5523,3.2527,0.0000,0.0000,-0.3138,-4.0558,-7.8393,-11.7691,-15.7667,-19.8720,-23.8133,-28.2958,-32.7909,-37.3688,-41.8272,-46.5349,-51.1887,-55.7811,-60.3288,-64.8994,-69.9143,-75.5023,-81.1752,-87.2821,-93.5540,-99.9705,-106.4215,-112.5264,-118.4605,-124.6240,-130.7100,-137.0054,-144.0582,-151.0069
60,0.6000,DynamicV1Rebalance,8.0000,2164.3039,173.1443,spend75p,175.7671,179.5603,183.9811,188.5743,193.4077,198.0023,202.9744,206.2920,209.3518,209.9732,19.1055,16.5821,13.9622,11.1848,8.0705,4.5756,0.7610,0.0000,0.0000,0.0000,-4.4288,-8.8659,-13.4726,-18.5617,-23.6618,-29.2437,-34.6925,-40.4710,-46.1786,-51.9491,-57.2956,-62.6240,-67.9322,-73.0016,-77.9382,-82.5247,-87.2842,-91.4619,-95.4162,-99.5257,-103.5383,-107.9102,-112.2634,-117.0830,-121.7106
60,0.6000,DynamicV1Rebalance,9.0000,1923.8257,173.1443,survival,1.0000,1.0000,1.0000,1.0000,0.9990,0.9940,0.9750,0.9345,0.8760,0.7850,0.7765,0.7700,0.7650,0.7635,0.7610,0.7575,0.7570,0.7545,0.7540,0.7535,0.7535,0.7535,0.7535,0.7535,0.7535,0.7535,0.7535,0.7535,0.7535,0.7535,0.7535,0.7535,0.7535,0.7535,0.7535,0.7535,0.7535,0.7535,0.7535,0.7535,0.7535,0.7535,0.7535,0.7535,0.7535
60,0.6000,DynamicV1Rebalance,9.0000,1923.8257,173.1443,spend25p,173.3478,172.1553,170.8478,169.0673,167.3847,165.3101,161.5655,155.1070,145.7299,124.1041,0.0000,0.0000,-0.9637,-3.9127,-7.0955,-10.6095,-14.1786,-17.6748,-21.2934,-25.0966,-28.8892,-32.6555,-36.7239,-40.6352,-44.5113,-48.5246,-52.5194,-56.7843,-61.2371,-66.0073,-70.8532,-76.1515,-82.2623,-89.1054,-96.0493,-103.8370,-111.8067,-120.0764,-128.0262,-134.8904,-142.4029,-150.3774,-159.7189,-168.1185,-177.8115
60,0.6000,DynamicV1Rebalance,9.0000,1923.8257,173.1443,spend50p,174.5413,175.8690,177.3199,178.3253,179.8117,180.9263,181.6250,180.3042,177.3070,168.0201,6.1148,2.8227,0.0000,0.0000,0.0000,0.0000,-2.0587,-5.5410,-9.3112,-13.5140,-17.9838,-22.3337,-26.6136,-30.9701,-35.5996,-40.4384,-45.2216,-49.8720,-54.6634,-59.2502,-63.7137,-68.6579,-73.8660,-79.2546,-85.0143,-90.6954,-96.7963,-103.0238,-108.5788,-113.4478,-119.3353,-125.3339,-131.3037,-137.5418,-144.2304
60,0.6000,DynamicV1Rebalance,9.0000,1923.8257,173.1443,spend75p,175.7671,179.5603,183.9811,188.5743,193.3556,197.9613,202.4446,204.3620,205.2506,201.6697,16.8402,14.4598,11.7201,8.9017,5.7008,2.2465,0.0000,0.0000,0.0000,0.0000,0.0000,0.0000,0.0000,0.0000,-0.9885,-6.7229,-13.0722,-20.3345,-26.3616,-33.0734,-43.3558,-50.1384,-58.2166,-63.7701,-68.3060,-71.3997,-74.2680,-77.0622,-79.7037,-82.1085,-84.4938,-86.3954,-88.7419,-91.1037,-94.4704
60,0.6000,DynamicV1Rebalance,10.0000,1731.4431,173.1443,survival,1.0000,1.0000,1.0000,1.0000,0.9985,0.9845,0.9515,0.8870,0.7845,0.6830,0.6710,0.6655,0.6610,0.6585,0.6555,0.6520,0.6510,0.6500,0.6495,0.6495,0.6495,0.6495,0.6495,0.6495,0.6495,0.6495,0.6495,0.6495,0.6495,0.6495,0.6495,0.6495,0.6495,0.6495,0.6495,0.6495,0.6495,0.6495,0.6495,0.6495,0.6495,0.6495,0.6495,0.6495,0.6495
60,0.6000,DynamicV1Rebalance,10.0000,1731.4431,173.1443,spend25p,173.3478,172.1553,170.8478,169.0673,167.3705,164.5929,159.3935,150.2945,128.2521,0.0000,0.0000,0.0000,-0.0457,-2.9530,-6.2232,-9.6624,-13.0948,-16.6917,-20.5810,-24.0702,-27.6603,-31.5509,-35.6815,-39.6430,-43.8183,-47.5590,-51.6986,-55.8707,-60.2100,-64.6464,-69.2508,-74.4742,-80.5064,-86.9606,-93.8364,-100.8450,-108.3814,-115.8154,-123.1819,-129.8830,-137.2404,-144.8633,-152.8724,-160.6186,-169.5926
60,0.6000,DynamicV1Rebalance,10.0000,1731.4431,173.1443,spend50p,174.5413,175.8690,177.3199,178.3253,179.7827,180.6247,180.3526,177.0076,168.9971,154.1846,2.1216,0.0000,0.0000,0.0000,0.0000,0.0000,0.0000,-1.4341,-5.5121,-9.4136,-13.6216,-18.2821,-22.9487,-27.8592,-32.6873,-37.5369,-42.4504,-47.1199,-52.2291,-56.8685,-61.6925,-66.2652,-71.1796,-76.5986,-81.7091,-87.0139,-92.0773,-97.7362,-102.4842,-107.2030,-112.1938,-116.9789,-122.3925,-128.2717,-133.5694
60,0.6000,DynamicV1Rebalance,10.0000,1731.4431,173.1443,spend75p,175.7671,179.5603,183.9811,188.5743,193.3227,197.6425,200.8513,202.1250,198.8352,192.8084,14.3202,11.7143,8.9524,5.8991,2.4183,0.0000,0.0000,0.0000,0.0000,0.0000,0.0000,0.0000,0.0000,0.0000,0.0000,0.0000,0.0000,0.0000,0.0000,0.0000,0.0000,0.0000,0.0000,0.0000,0.0000,0.0000,0.0000,0.0000,0.0000,0.0000,0.0000,0.0000,0.0000,0.0000,0.0000
60,0.8000,DynamicV1Rebalance,2.5000,8947.6968,223.6924,survival,1.0000,1.0000,1.0000,1.0000,1.0000,1.0000,1.0000,1.0000,1.0000,1.0000,1.0000,1.0000,1.0000,1.0000,1.0000,1.0000,1.0000,0.9995,0.9995,0.9995,0.9995,0.9995,0.9995,0.9990,0.9990,0.9990,0.9990,0.9985,0.9985,0.9980,0.9980,0.9980,0.9980,0.9980,0.9980,0.9980,0.9980,0.9980,0.9980,0.9980,0.9980,0.9980,0.9980,0.9980,0.9980
60,0.8000,DynamicV1Rebalance,2.5000,8947.6968,223.6924,spend25p,223.9553,222.3952,220.6815,218.3521,216.2077,214.2539,211.9057,209.4431,206.9770,204.8385,49.8385,46.9520,43.5494,39.7845,36.2082,32.3497,28.6517,24.4834,20.4667,16.7063,12.6404,8.3117,4.6203,1.0630,-3.2613,-7.0516,-11.2278,-15.0755,-19.6647,-23.5079,-27.6186,-32.6282,-36.9865,-41.7451,-46.7821,-51.8672,-56.8190,-62.0758,-67.3153,-71.5404,-76.2750,-81.3326,-86.5476,-91.9359,-98.3458
60,0.8000,DynamicV1Rebalance,2.5000,8947.6968,223.6924,spend50p,225.4972,227.1927,229.0413,230.3090,232.2189,233.9139,236.0523,238.3245,240.3135,242.0758,68.3155,66.0608,64.2114,60.9692,57.4490,54.1742,51.3557,47.0312,43.6246,39.6277,36.5286,32.7885,28.3241,24.0422,20.4603,15.7408,11.8789,7.7066,3.2561,-0.8604,-5.8240,-10.7301,-16.4330,-21.9160,-27.4822,-33.5165,-39.6005,-45.9146,-51.4447,-56.1514,-61.5005,-66.9294,-72.1223,-78.0018,-83.4774
60,0.8000,DynamicV1Rebalance,2.5000,8947.6968,223.6924,spend75p,227.0809,231.9612,237.6455,243.5457,249.7490,255.9698,263.2551,269.2851,276.2530,283.0229,87.0341,86.1376,85.1110,83.7175,82.1210,80.0128,78.3350,76.2023,74.0595,70.8816,67.2937,64.2387,60.5368,56.8970,53.3369,48.7037,44.5887,39.6722,34.9660,29.9287,25.0469,19.0912,14.2439,8.3817,2.4412,-4.5494,-11.5365,-18.7032,-25.5128,-30.1518,-36.1525,-42.3470,-48.6274,-55.0969,-61.7599
60,0.8000,DynamicV1Rebalance,3.0000,7456.4140,223.6924,survival,1.0000,1.0000,1.0000,1.0000,1.0000,1.0000,1.0000,1.0000,1.0000,1.0000,1.0000,0.9995,0.9990,0.9985,0.9985,0.9980,0.9975,0.9975,0.9970,0.9970,0.9970,0.9965,0.9950,0.9950,0.9950,0.9950,0.9945,0.9940,0.9940,0.9935,0.9935,0.9935,0.9935,0.9935,0.9935,0.9935,0.9935,0.9935,0.9935,0.9935,0.9935,0.9935,0.9930,0.9930,0.9930
60,0.8000,DynamicV1Rebalance,3.0000,7456.4140,223.6924,spend25p,223.9553,222.3952,220.6815,218.3521,216.2077,214.2539,211.9057,209.4431,206.9770,204.8385,49.8385,46.8918,43.4955,39.6617,36.1559,32.2114,28.5539,24.3034,20.0828,16.3065,12.4866,8.2191,4.2629,0.6847,-3.2613,-7.0516,-11.2278,-15.0755,-19.6647,-23.5079,-27.6186,-32.6282,-36.9865,-41.7451,-46.7821,-51.8672,-56.8190,-62.0758,-67.3153,-71.5404,-76.2750,-81.3326,-86.5476,-91.9359,-98.2656
60,0.8000,DynamicV1Rebalance,3.0000,7456.4140,223.6924,spend50p,225.4972,227.1927,229.0413,230.3090,232.2189,233.9139,236.0523,238.3245,240.3135,242.0758,68.3155,66.0275,64.1705,60.8451,57.3322,54.1241,51.1872,46.9040,43.1830,39.4804,36.4348,32.4792,27.9327,23.8923,19.8860,15.3562,11.4754,7.3164,2.9112,-0.8526,-5.8110,-10.7041,-16.4020,-21.8597,-27.4653,-33.4866,-39.5799,-45.8998,-51.4272,-56.1363,-61.4364,-66.8853,-72.1150,-77.9473,-83.4653
60,0.8000,DynamicV1Rebalance,3.0000,7456.4140,223.6924,spend75p,227.0809,231.9612,237.6455,243.5457,249.7490,255.9698,263.2551,269.2851,276.2530,283.0229,87.0341,86.0650,85.0527,83.5837,82.0403,79.9333,77.9826,76.0663,73.9407,70.4677,66.9966,63.8768,60.1640,56.6603,52.8207,48.1910,44.3613,39.1691,34.5553,29.4978,24.2945,18.8271,13.9106,8.1848,2.0057,-4.2902,-11.0481,-18.4795,-25.0608,-29.6582,-35.8563,-42.0418,-48.1154,-54.7923,-61.2204
60,0.8000,DynamicV1Rebalance,3.5000,6391.2120,223.6924,survival,1.0000,1.0000,1.0000,1.0000,1.0000,1.0000,1.0000,1.0000,1.0000,0.9985,0.9980,0.9980,0.9975,0.9975,0.9970,0.9965,0.9950,0.9950,0.9945,0.9935,0.9925,0.9920,0.9905,0.9905,0.9900,0.9890,0.9875,0.9875,0.9870,0.9870,0.9870,0.9865,0.9860,0.9855,0.9855,0.9855,0.9855,0.9855,0.9855,0.9855,0.9855,0.9855,0.9850,0.9850,0.9850
60,0.8000,DynamicV1Rebalance,3.5000,6391.2120,223.6924,spend25p,223.9553,222.3952,220.6815,218.3521,216.2077,214.2539,211.9057,209.4431,206.9770,204.6149,49.7445,46.8420,43.3804,39.6008,36.0446,32.0784,28.3559,24.2051,19.8470,15.8833,12.0428,7.9331,4.0313,0.0000,-3.2613,-7.0516,-11.2278,-15.0755,-19.6647,-23.5079,-27.6186,-32.6282,-36.9865,-41.7451,-46.7821,-51.8672,-56.8190,-62.0758,-67.3153,-71.5404,-76.2750,-81.3326,-86.5476,-91.9359,-98.2208
60,0.8000,DynamicV1Rebalance,3.5000,6391.2120,223.6924,spend50p,225.4972,227.1927,229.0413,230.3090,232.2189,233.9139,236.0523,238.3245,240.3135,242.0343,68.1729,65.8898,63.9710,60.7403,57.1066,53.9647,50.8713,46.7466,42.9132,39.2306,36.0862,31.9418,27.4185,23.5087,19.4376,15.0474,11.0563,6.7840,2.3368,-0.8526,-5.8110,-10.7041,-16.4020,-21.8597,-27.4653,-33.4866,-39.5799,-45.8998,-51.4272,-56.1363,-61.3810,-66.8347,-72.0966,-77.8896,-83.4340
60,0.8000,DynamicV1Rebalance,3.5000,6391.2120,223.6924,spend75p,227.0809,231.9612,237.6455,243.5457,249.7490,255.9698,263.2551,269.2851,276.2530,282.9771,86.8223,86.0650,85.0339,83.4772,81.8026,79.8105,77.5993,75.9822,73.5720,69.9963,66.7087,63.4794,59.5034,55.5904,52.2802,47.3586,43.2381,38.0833,33.4960,28.0571,23.1576,17.9972,12.9728,7.0844,0.5920,-3.7349,-10.8080,-18.2447,-24.8364,-29.6371,-35.5437,-41.6756,-47.6705,-54.4608,-60.8084
60,0.8000,DynamicV1Rebalance,4.0000,5592.3105,223.6924,survival,1.0000,1.0000,1.0000,1.0000,1.0000,1.0000,1.0000,1.0000,0.9990,0.9980,0.9975,0.9960,0.9945,0.9935,0.9935,0.9925,0.9900,0.9890,0.9880,0.9845,0.9840,0.9830,0.9825,0.9810,0.9800,0.9785,0.9775,0.9765,0.9740,0.9730,0.9730,0.9720,0.9710,0.9705,0.9705,0.9700,0.9700,0.9700,0.9700,0.9695,0.9685,0.9685,0.9685,0.9685,0.9685
60,0.8000,DynamicV1Rebalance,4.0000,5592.3105,223.6924,spend25p,223.9553,222.3952,220.6815,218.3521,216.2077,214.2539,211.9057,209.4431,206.7670,204.4969,49.6867,46.7433,43.2100,39.2301,35.7496,31.8020,28.0072,23.5572,19.4080,15.1218,11.1522,7.0523,3.1525,0.0000,-3.2613,-7.0516,-11.2278,-15.0755,-19.6199,-23.4881,-27.6004,-32.5744,-36.9255,-41.7141,-46.7224,-51.8571,-56.7377,-62.0681,-67.2565,-71.5208,-76.2531,-81.2746,-86.4868,-91.8652,-98.1986
60,0.8000,DynamicV1Rebalance,4.0000,5592.3105,223.6924,spend50p,225.4972,227.1927,229.0413,230.3090,232.2189,233.9139,236.0523,238.3245,240.2407,242.0236,68.1368,65.7623,63.8604,60.3656,56.7139,53.6472,50.1962,46.3366,42.0181,38.4820,35.2454,31.0511,26.7225,22.7357,18.7284,14.4414,10.4449,5.5344,1.2847,-0.6866,-5.7092,-10.6509,-16.2565,-21.7943,-27.4065,-33.4535,-39.5124,-45.8237,-51.3844,-56.0807,-61.2493,-66.7135,-71.9471,-77.7230,-83.3023
60,0.8000,DynamicV1Rebalance,4.0000,5592.3105,223.6924,spend75p,227.0809,231.9612,237.6455,243.5457,249.7490,255.9698,263.2551,269.2851,276.1749,282.9415,86.7605,85.9449,84.6070,83.0902,81.6305,79.6997,77.3989,75.4251,73.1078,69.1119,66.1358,62.3437,58.8452,54.6995,50.7391,46.3031,41.1311,36.3783,31.8177,26.3977,21.0422,15.8685,10.0466,4.5105,0.0000,-2.1353,-9.5251,-17.7687,-24.0982,-29.0230,-34.0426,-40.3785,-46.8242,-53.1828,-60.0817
60,0.8000,DynamicV1Rebalance,5.0000,4473.8484,223.6924,survival,1.0000,1.0000,1.0000,1.0000,1.0000,1.0000,1.0000,0.9985,0.9970,0.9920,0.9880,0.9850,0.9805,0.9770,0.9735,0.9705,0.9680,0.9635,0.9605,0.9575,0.9555,0.9525,0.9480,0.9440,0.9420,0.9390,0.9355,0.9335,0.9310,0.9290,0.9280,0.9260,0.9255,0.9245,0.9240,0.9240,0.9230,0.9230,0.9225,0.9225,0.9225,0.9225,0.9225,0.9225,0.9225
60,0.8000,DynamicV1Rebalance,5.0000,4473.8484,223.6924,spend25p,223.9553,222.3952,220.6815,218.3521,216.2077,214.2539,211.9057,209.1088,206.3263,203.7549,49.0737,45.7973,41.6076,37.7017,34.0624,29.9199,25.4533,21.1949,16.8510,12.6180,8.4384,4.5150,0.3633,0.0000,-3.1361,-6.8367,-11.0107,-14.8812,-19.2875,-23.2873,-27.3763,-32.3386,-36.6630,-41.2526,-46.4158,-51.4869,-56.3965,-61.8224,-66.8604,-71.1947,-75.8770,-80.9142,-85.9999,-91.3973,-97.7892
60,0.8000,DynamicV1Rebalance,5.0000,4473.8484,223.6924,spend50p,225.4972,227.1927,229.0413,230.3090,232.2189,233.9139,236.0523,238.0261,240.0933,241.3550,67.5909,65.1050,62.6084,59.1301,55.5878,52.3540,48.6526,44.1461,40.0067,36.3537,32.5514,28.1870,23.8748,19.5143,15.7061,11.4904,7.0004,2.6638,0.0000,0.0000,-4.4585,-9.5164,-14.9097,-20.5906,-26.4071,-32.3669,-38.4352,-44.7239,-50.1084,-55.0614,-60.1404,-65.7724,-70.9916,-76.8175,-82.2960
60,0.8000,DynamicV1Rebalance,5.0000,4473.8484,223.6924,spend75p,227.0809,231.9612,237.6455,243.5457,249.7490,255.9698,263.2551,269.1440,276.0671,281.8034,85.8938,85.3203,83.5780,81.5245,80.1727,77.5694,75.4045,72.9994,70.0898,66.7892,63.5510,60.0784,55.3984,50.5247,46.5555,41.3482,36.8107,32.4037,26.3770,21.6764,16.5117,11.8663,5.4182,0.0000,0.0000,0.0000,-4.5627,-12.4479,-19.1250,-24.4881,-30.3189,-35.5347,-42.1245,-48.9055,-55.4569
60,0.8000,DynamicV1Rebalance,6.0000,3728.2070,223.6924,survival,1.0000,1.0000,1.0000,1.0000,1.0000,1.0000,0.9985,0.9970,0.9870,0.9720,0.9660,0.9585,0.9530,0.9435,0.9380,0.9315,0.9245,0.9180,0.9115,0.9055,0.8950,0.8890,0.8860,0.8795,0.8740,0.8725,0.8695,0.8685,0.8665,0.8635,0.8625,0.8620,0.8600,0.8590,0.8580,0.8575,0.8565,0.8560,0.8560,0.8560,0.8555,0.8555,0.8555,0.8555,0.8555
60,0.8000,DynamicV1Rebalance,6.0000,3728.2070,223.6924,spend25p,223.9553,222.3952,220.6815,218.3521,216.2077,214.2539,211.2602,208.7582,204.6819,200.2386,47.1900,43.4322,39.3730,35.0139,30.6364,26.4660,21.7313,16.8665,12.2204,7.9444,2.3397,0.0000,0.0000,0.0000,-2.7519,-6.5991,-10.5650,-14.4871,-18.4703,-22.7947,-26.8700,-31.4171,-36.0972,-40.8316,-45.8622,-50.8802,-55.8509,-61.3165,-66.1437,-70.6926,-75.2767,-80.1861,-85.4273,-90.6695,-96.9796
60,0.8000,DynamicV1Rebalance,6.0000,3728.2070,223.6924,spend50p,225.4972,227.1927,229.0413,230.3090,232.2189,233.9139,236.0000,237.9225,238.9879,240.0939,66.7356,63.8575,60.5671,57.1419,53.0093,49.7232,45.5895,41.2635,36.3915,31.2519,26.5264,22.3640,18.3502,13.9256,9.4281,5.7555,1.1827,0.0000,0.0000,0.0000,-2.5152,-7.8939,-12.9535,-18.6231,-24.4740,-30.7816,-36.9475,-43.0572,-48.5682,-53.1421,-58.3732,-63.9590,-69.0264,-74.6072,-80.3685
60,0.8000,DynamicV1Rebalance,6.0000,3728.2070,223.6924,spend75p,227.0809,231.9612,237.6455,243.5457,249.7490,255.9698,263.1739,269.0152,274.7798,279.6168,85.0479,83.6365,82.3014,79.7792,77.7440,74.9405,71.8265,69.2506,65.6079,62.1998,57.2386,53.4883,49.5309,45.7731,39.4786,35.0105,30.5971,25.4890,20.5094,16.0885,10.4619,5.4697,0.0000,0.0000,0.0000,0.0000,0.0000,0.0000,-5.8005,-10.2109,-15.8270,-22.0945,-27.2796,-34.9674,-43.9712
60,0.8000,DynamicV1Rebalance,7.0000,3195.6060,223.6924,survival,1.0000,1.0000,1.0000,1.0000,1.0000,0.9990,0.9965,0.9850,0.9685,0.9340,0.9260,0.9120,0.8995,0.8920,0.8785,0.8625,0.8520,0.8420,0.8315,0.8275,0.8200,0.8155,0.8100,0.8025,0.7965,0.7885,0.7830,0.7805,0.7775,0.7740,0.7720,0.7710,0.7710,0.7685,0.7675,0.7660,0.7655,0.7645,0.7645,0.7640,0.7640,0.7640,0.7640,0.7635,0.7635
60,0.8000,DynamicV1Rebalance,7.0000,3195.6060,223.6924,spend25p,223.9553,222.3952,220.6815,218.3521,216.2077,214.1120,211.0458,207.0786,201.8351,194.5500,44.0875,39.4762,34.3645,29.6651,24.0361,18.1082,12.8547,7.9558,2.4617,0.0000,0.0000,0.0000,0.0000,0.0000,-2.1323,-6.0656,-10.0475,-13.8098,-17.6714,-22.1278,-26.0696,-30.4857,-34.9737,-40.0435,-44.9264,-49.9101,-54.8763,-60.6425,-65.4473,-69.8035,-74.1336,-79.2732,-84.3697,-89.6897,-95.9526
60,0.8000,DynamicV1Rebalance,7.0000,3195.6060,223.6924,spend50p,225.4972,227.1927,229.0413,230.3090,232.2189,233.8545,235.9726,237.2562,237.7987,236.4622,64.5549,60.9040,56.9384,53.0997,48.5953,43.9103,39.1452,34.1241,29.9091,25.4739,20.8125,16.2810,11.6282,6.6263,2.1939,0.0000,0.0000,0.0000,0.0000,0.0000,-0.2043,-4.6818,-10.1169,-15.6048,-21.4904,-27.3526,-33.3217,-40.3160,-45.4402,-50.3657,-55.7312,-60.8597,-66.3361,-72.2927,-78.0100
60,0.8000,DynamicV1Rebalance,7.0000,3195.6060,223.6924,spend75p,227.0809,231.9612,237.6455,243.5457,249.7490,255.7498,263.1613,267.8681,272.4863,276.2769,83.3315,81.6194,79.2949,76.9529,74.0963,70.9202,66.8126,62.8478,58.9002,55.3641,51.2884,47.4312,42.7094,38.0398,33.4640,27.5026,22.4673,17.5360,12.8065,7.5104,2.6324,0.0000,0.0000,0.0000,0.0000,0.0000,0.0000,0.0000,0.0000,0.0000,0.0000,0.0000,0.0000,0.0000,0.0000
60,0.8000,DynamicV1Rebalance,8.0000,2796.1552,223.6924,survival,1.0000,1.0000,1.0000,1.0000,1.0000,0.9980,0.9870,0.9705,0.9290,0.8805,0.8610,0.8410,0.8210,0.8025,0.7830,0.7700,0.7590,0.7445,0.7340,0.7255,0.7160,0.7080,0.6985,0.6930,0.6875,0.6830,0.6780,0.6745,0.6725,0.6715,0.6705,0.6695,0.6680,0.6670,0.6670,0.6665,0.6660,0.6655,0.6650,0.6650,0.6640,0.6640,0.6640,0.6640,0.6640
60,0.8000,DynamicV1Rebalance,8.0000,2796.1552,223.6924,spend25p,223.9553,222.3952,220.6815,218.3521,216.2077,213.8116,209.7877,205.0856,196.3104,185.3406,37.9598,31.5264,24.4332,16.8874,8.1974,0.0000,0.0000,0.0000,0.0000,0.0000,0.0000,0.0000,0.0000,0.0000,-0.0820,-3.9784,-8.1397,-11.8774,-15.9721,-19.7904,-23.7351,-28.3546,-32.7705,-38.0386,-43.0045,-47.9816,-53.2849,-58.6619,-63.9230,-68.5875,-72.8541,-77.6483,-82.8349,-88.3907,-93.5579
60,0.8000,DynamicV1Rebalance,8.0000,2796.1552,223.6924,spend50p,225.4972,227.1927,229.0413,230.3090,232.2189,233.7914,235.2414,236.5660,233.9342,229.9746,60.4893,55.5702,50.8449,46.3363,41.3423,36.5374,32.4961,27.2567,22.3429,17.1545,12.0057,7.2465,2.5743,0.0000,0.0000,0.0000,0.0000,0.0000,0.0000,0.0000,0.0000,0.0000,-2.3085,-7.5698,-13.5068,-19.2049,-25.4858,-31.3117,-37.1555,-43.2413,-48.2336,-53.7787,-59.5590,-65.5609,-71.7881
60,0.8000,DynamicV1Rebalance,8.0000,2796.1552,223.6924,spend75p,227.0809,231.9612,237.6455,243.5457,249.7490,255.6367,262.0044,266.2294,270.1152,271.6062,80.0639,77.7240,75.1161,71.9755,68.5936,65.2781,60.3990,55.8657,52.8617,48.3268,43.9077,38.7622,33.5501,28.6460,23.4262,19.0702,14.2303,9.9078,5.4704,1.3173,0.0000,0.0000,0.0000,0.0000,0.0000,0.0000,0.0000,0.0000,0.0000,0.0000,0.0000,0.0000,0.0000,0.0000,0.0000
60,0.8000,DynamicV1Rebalance,9.0000,2485.4713,223.6924,survival,1.0000,1.0000,1.0000,1.0000,0.9990,0.9940,0.9750,0.9350,0.8760,0.7850,0.7620,0.7355,0.7115,0.6895,0.6750,0.6610,0.6470,0.6350,0.6305,0.6185,0.6110,0.6015,0.5945,0.5880,0.5825,0.5810,0.5780,0.5760,0.5750,0.5720,0.5715,0.5710,0.5710,0.5700,0.5690,0.5690,0.5690,0.5675,0.5675,0.5675,0.5675,0.5675,0.5675,0.5675,0.5670
60,0.8000,DynamicV1Rebalance,9.0000,2485.4713,223.6924,spend25p,223.9553,222.3952,220.6815,218.3521,216.1452,213.4285,208.5529,200.2454,188.0272,160.0846,17.6388,0.0000,0.0000,0.0000,0.0000,0.0000,0.0000,0.0000,0.0000,0.0000,0.0000,0.0000,0.0000,0.0000,0.0000,-0.9916,-4.9015,-8.8802,-12.9999,-16.5994,-20.8535,-25.0679,-29.9912,-35.2608,-39.8413,-44.7660,-50.6905,-56.3535,-61.5185,-66.0570,-70.6090,-75.4415,-80.5413,-85.6233,-91.0183
60,0.8000,DynamicV1Rebalance,9.0000,2485.4713,223.6924,spend50p,225.4972,227.1927,229.0413,230.3090,232.1924,233.5903,234.4462,232.7140,228.7694,216.7328,53.3259,48.1794,42.9187,36.7682,32.2447,26.7790,21.1782,15.3329,11.5742,5.2512,0.7392,0.0000,0.0000,0.0000,0.0000,0.0000,0.0000,0.0000,0.0000,0.0000,0.0000,0.0000,0.0000,0.0000,0.0000,0.0000,-2.2408,-9.2331,-15.7135,-20.5782,-26.3283,-33.0810,-38.7207,-45.8227,-52.6060
60,0.8000,DynamicV1Rebalance,9.0000,2485.4713,223.6924,spend75p,227.0809,231.9612,237.6455,243.5457,249.6818,255.5838,261.3206,263.7559,264.8236,260.1381,74.9758,72.2770,69.4091,65.4520,61.8474,57.3067,52.8064,47.4187,43.0218,38.0451,33.9083,29.3076,24.7209,19.8621,15.5920,11.9117,6.9776,2.7566,0.0000,0.0000,0.0000,0.0000,0.0000,0.0000,0.0000,0.0000,0.0000,0.0000,0.0000,0.0000,0.0000,0.0000,0.0000,0.0000,0.0000
60,0.8000,DynamicV1Rebalance,10.0000,2236.9242,223.6924,survival,1.0000,1.0000,1.0000,1.0000,0.9985,0.9845,0.9520,0.8870,0.7850,0.6835,0.6545,0.6315,0.6115,0.5905,0.5750,0.5610,0.5490,0.5385,0.5260,0.5135,0.5060,0.4985,0.4935,0.4870,0.4820,0.4795,0.4765,0.4745,0.4735,0.4730,0.4715,0.4700,0.4680,0.4675,0.4655,0.4645,0.4645,0.4640,0.4635,0.4635,0.4630,0.4630,0.4630,0.4630,0.4630
60,0.8000,DynamicV1Rebalance,10.0000,2236.9242,223.6924,spend25p,223.9553,222.3952,220.6815,218.3521,216.1269,212.5026,205.7767,193.9621,165.5368,0.0000,0.0000,0.0000,0.0000,0.0000,0.0000,0.0000,0.0000,0.0000,0.0000,0.0000,0.0000,0.0000,0.0000,0.0000,0.0000,0.0000,0.0000,-3.4584,-7.2811,-11.3780,-14.9912,-19.6772,-24.6125,-29.9886,-35.0601,-40.5186,-46.3744,-52.1852,-57.2612,-61.9249,-66.7304,-71.6873,-76.9981,-81.5696,-86.9301
60,0.8000,DynamicV1Rebalance,10.0000,2236.9242,223.6924,spend50p,225.4972,227.1927,229.0413,230.3090,232.1549,233.2009,232.8283,228.4365,218.0476,199.0994,44.5734,38.8297,31.5334,25.0669,18.4934,11.7978,5.7873,0.0000,0.0000,0.0000,0.0000,0.0000,0.0000,0.0000,0.0000,0.0000,0.0000,0.0000,0.0000,0.0000,0.0000,0.0000,0.0000,0.0000,0.0000,0.0000,0.0000,0.0000,0.0000,0.0000,0.0000,0.0000,0.0000,0.0000,0.0000
60,0.8000,DynamicV1Rebalance,10.0000,2236.9242,223.6924,spend75p,227.0809,231.9612,237.6455,243.5457,249.6392,255.1721,259.2998,260.8517,256.5462,248.9254,69.4337,66.6231,63.4098,58.5716,54.7525,50.0750,44.7061,39.8872,33.6986,27.5250,22.9809,18.2353,14.6012,9.7317,4.6842,0.5699,0.0000,0.0000,0.0000,0.0000,0.0000,0.0000,0.0000,0.0000,0.0000,0.0000,0.0000,0.0000,0.0000,0.0000,0.0000,0.0000,0.0000,0.0000,0.0000
60,1.0000,DynamicV1Rebalance,2.5000,10969.6210,274.2405,survival,1.0000,1.0000,1.0000,1.0000,1.0000,1.0000,1.0000,1.0000,1.0000,1.0000,1.0000,1.0000,1.0000,1.0000,1.0000,0.9995,0.9995,0.9995,0.9990,0.9985,0.9980,0.9980,0.9980,0.9980,0.9970,0.9965,0.9960,0.9960,0.9960,0.9955,0.9950,0.9950,0.9950,0.9945,0.9945,0.9945,0.9945,0.9940,0.9940,0.9940,0.9935,0.9935,0.9930,0.9920,0.9920
60,1.0000,DynamicV1Rebalance,2.5000,10969.6210,274.2405,spend25p,274.5629,272.6351,270.5151,267.6370,264.9824,262.5584,259.6484,256.5959,253.5372,250.8779,95.5054,92.8040,88.8925,84.3140,80.4545,76.4212,72.4122,67.9947,63.6451,59.1143,54.8911,51.4280,47.0091,43.2694,38.7956,34.4053,30.2813,26.3073,22.5330,18.2787,13.5983,9.9983,5.5632,0.5481,-3.8522,-8.2799,-13.2820,-19.0370,-23.9353,-27.7332,-32.3195,-36.9265,-42.5712,-47.6242,-52.5882
60,1.0000,DynamicV1Rebalance,2.5000,10969.6210,274.2405,spend50p,276.4531,278.5163,280.7628,282.2927,284.6055,286.6508,289.2353,291.9796,294.3729,296.4845,123.4012,121.6399,120.4013,117.6053,113.9824,111.2924,108.0095,104.2604,100.2582,96.8978,94.1852,90.9743,86.2385,82.3978,78.7471,74.8262,71.5880,67.8861,64.6897,59.6236,55.2686,51.0652,47.0547,42.8462,36.9337,31.4720,26.5646,20.2568,15.4088,10.5184,7.1099,2.3705,-1.9545,-6.3055,-11.7300
60,1.0000,DynamicV1Rebalance,2.5000,10969.6210,274.2405,spend75p,278.3947,284.3620,291.3099,298.5171,306.0903,313.6793,322.5669,329.9105,338.3970,346.6349,151.9564,152.6353,153.1143,152.6632,152.8008,151.2323,151.3369,150.7375,150.2266,148.0113,145.9094,143.8064,142.2410,139.8576,137.0505,133.5882,128.6534,124.9541,121.4963,118.8502,114.7982,111.5566,108.1360,103.7254,99.8328,95.0158,89.1297,83.7931,78.5851,74.0837,71.3373,66.9505,63.7546,59.2189,55.0805
60,1.0000,DynamicV1Rebalance,3.0000,9141.3508,274.2405,survival,1.0000,1.0000,1.0000,1.0000,1.0000,1.0000,1.0000,1.0000,1.0000,1.0000,1.0000,0.9995,0.9985,0.9980,0.9975,0.9970,0.9970,0.9955,0.9950,0.9945,0.9945,0.9940,0.9935,0.9925,0.9925,0.9920,0.9920,0.9915,0.9900,0.9890,0.9885,0.9885,0.9885,0.9880,0.9875,0.9875,0.9875,0.9870,0.9870,0.9870,0.9865,0.9860,0.9855,0.9855,0.9855
60,1.0000,DynamicV1Rebalance,3.0000,9141.3508,274.2405,spend25p,274.5629,272.6351,270.5151,267.6370,264.9824,262.5584,259.6484,256.5959,253.5372,250.8779,95.5054,92.7698,88.7285,83.9760,80.0168,76.0944,72.1234,67.2404,63.0082,58.6491,54.2818,50.6904,46.2231,42.3812,37.8465,34.0663,29.6777,25.8900,21.7445,16.5902,12.3788,9.0490,4.1125,0.0000,-3.8522,-8.2799,-13.2820,-19.0370,-23.9353,-27.7332,-32.3195,-36.9265,-42.5712,-47.6242,-52.5882
60,1.0000,DynamicV1Rebalance,3.0000,9141.3508,274.2405,spend50p,276.4531,278.5163,280.7628,282.2927,284.6055,286.6508,289.2353,291.9796,294.3729,296.4845,123.4012,121.5493,120.1949,117.5099,113.8455,110.7225,107.6501,103.9805,99.4167,96.4646,94.0402,90.3691,85.5677,81.7583,78.4278,74.3020,71.0428,67.1834,63.7194,58.3693,54.4203,50.0965,45.5984,41.2058,36.2352,30.6459,25.0873,19.3646,14.5964,9.9238,6.3833,0.6962,-1.9545,-6.3055,-11.7300
60,1.0000,DynamicV1Rebalance,3.0000,9141.3508,274.2405,spend75p,278.3947,284.3620,291.3099,298.5171,306.0903,313.6793,322.5669,329.9105,338.3970,346.6349,151.9564,152.4808,153.0764,152.3234,152.4075,151.0382,151.1196,150.3622,149.8811,147.6108,145.3407,143.4773,141.6253,138.5388,135.7133,132.6089,127.9361,123.2270,119.9034,117.5870,112.7996,110.1384,106.3161,101.9750,97.5046,92.7414,88.3976,81.7521,76.5621,71.9446,68.3479,64.2414,61.4160,57.6148,52.1663
60,1.0000,DynamicV1Rebalance,3.5000,7835.4435,274.2405,survival,1.0000,1.0000,1.0000,1.0000,1.0000,1.0000,1.0000,1.0000,1.0000,0.9985,0.9980,0.9975,0.9970,0.9960,0.9950,0.9950,0.9935,0.9910,0.9895,0.9880,0.9855,0.9845,0.9840,0.9830,0.9810,0.9785,0.9760,0.9750,0.9740,0.9715,0.9715,0.9705,0.9680,0.9665,0.9660,0.9660,0.9650,0.9650,0.9640,0.9640,0.9635,0.9625,0.9605,0.9605,0.9600
60,1.0000,DynamicV1Rebalance,3.5000,7835.4435,274.2405,spend25p,274.5629,272.6351,270.5151,267.6370,264.9824,262.5584,259.6484,256.5959,253.5372,250.6040,95.3398,92.3369,88.4862,83.6431,79.7612,75.9480,71.5938,66.5238,62.0937,58.0117,52.8708,48.8042,44.8731,40.9773,35.9191,31.8741,27.0917,23.6222,19.0251,14.2609,10.0330,5.3534,0.6993,0.0000,-3.8197,-8.2612,-13.2627,-18.9873,-23.7121,-27.6859,-32.2239,-36.7792,-42.4703,-47.3076,-52.4457
60,1.0000,DynamicV1Rebalance,3.5000,7835.4435,274.2405,spend50p,276.4531,278.5163,280.7628,282.2927,284.6055,286.6508,289.2353,291.9796,294.3729,296.4337,123.3258,120.9999,119.9623,117.3514,113.5493,110.5869,107.3810,103.0217,98.5399,95.5083,92.5192,88.4134,83.6942,80.4038,76.7783,72.0427,68.7969,65.0924,61.0521,55.8543,52.0160,46.9267,41.4042,36.9517,32.7790,27.6329,22.0584,15.7785,11.0217,6.9740,1.7656,0.0000,-1.7352,-6.1814,-11.4236
60,1.0000,DynamicV1Rebalance,3.5000,7835.4435,274.2405,spend75p,278.3947,284.3620,291.3099,298.5171,306.0903,313.6793,322.5669,329.9105,338.3970,346.5788,151.6802,152.4207,152.5889,152.2130,152.2527,150.9359,150.6319,149.7870,148.8272,146.6641,143.3394,141.3630,139.3843,135.4343,133.0184,129.1404,124.1631,120.3223,117.4386,112.7852,109.4682,105.6661,99.8954,94.8568,90.8863,86.4988,81.3676,74.9347,69.9630,65.4342,61.5103,57.4506,53.0440,47.8878,44.7748
60,1.0000,DynamicV1Rebalance,4.0000,6856.0131,274.2405,survival,1.0000,1.0000,1.0000,1.0000,1.0000,1.0000,1.0000,1.0000,0.9990,0.9980,0.9975,0.9945,0.9940,0.9925,0.9900,0.9880,0.9835,0.9805,0.9780,0.9745,0.9715,0.9670,0.9650,0.9630,0.9610,0.9585,0.9545,0.9500,0.9490,0.9445,0.9425,0.9410,0.9390,0.9370,0.9360,0.9330,0.9310,0.9300,0.9285,0.9270,0.9265,0.9255,0.9245,0.9240,0.9240
60,1.0000,DynamicV1Rebalance,4.0000,6856.0131,274.2405,spend25p,274.5629,272.6351,270.5151,267.6370,264.9824,262.5584,259.6484,256.5959,253.2799,250.4595,95.3104,92.1328,88.1647,83.2749,79.4140,74.8398,69.8942,64.6930,60.0544,55.6208,51.0705,46.1627,42.0328,37.5729,33.5497,28.7991,24.5392,19.5692,15.4809,11.0985,6.5273,1.5969,0.0000,0.0000,-3.2409,-8.0490,-12.8959,-18.7907,-23.1864,-27.3366,-31.8572,-36.0978,-41.8982,-46.8972,-51.9279
60,1.0000,DynamicV1Rebalance,4.0000,6856.0131,274.2405,spend50p,276.4531,278.5163,280.7628,282.2927,284.6055,286.6508,289.2353,291.9796,294.2837,296.4207,123.2729,120.4745,119.6240,116.6037,112.6623,109.7373,105.6383,100.6927,96.4016,93.2208,90.7122,85.7387,82.1054,78.1765,73.3796,70.2322,65.7706,60.5175,56.6100,51.6025,46.9417,42.7583,37.8080,32.5186,27.9643,22.1348,17.1342,10.4588,5.1159,1.3312,0.0000,0.0000,-0.0046,-4.5880,-9.6293
60,1.0000,DynamicV1Rebalance,4.0000,6856.0131,274.2405,spend75p,278.3947,284.3620,291.3099,298.5171,306.0903,313.6793,322.5669,329.9105,338.3014,346.5353,151.6576,152.2691,152.0496,151.8573,151.4785,150.5539,148.5966,148.2129,146.0831,143.9990,141.0262,138.3624,136.0542,133.2784,129.7440,124.1349,119.4752,115.4427,112.0769,107.1381,104.3221,99.1599,94.3744,88.9247,84.3898,79.2204,72.5621,67.0332,61.9347,56.4862,53.2465,48.3534,43.3861,38.8375,34.4905
60,1.0000,DynamicV1Rebalance,5.0000,5484.8105,274.2405,survival,1.0000,1.0000,1.0000,1.0000,1.0000,1.0000,1.0000,0.9985,0.9970,0.9920,0.9870,0.9810,0.9755,0.9705,0.9640,0.9565,0.9500,0.9435,0.9325,0.9245,0.9145,0.9090,0.9050,0.9000,0.8935,0.8870,0.8810,0.8775,0.8765,0.8705,0.8675,0.8630,0.8600,0.8560,0.8495,0.8470,0.8450,0.8425,0.8405,0.8400,0.8390,0.8385,0.8380,0.8370,0.8365
60,1.0000,DynamicV1Rebalance,5.0000,5484.8105,274.2405,spend25p,274.5629,272.6351,270.5151,267.6370,264.9824,262.5584,259.6484,256.1864,252.7401,249.5507,94.2939,90.0692,85.4359,80.8793,76.0996,71.1810,65.8156,60.5681,54.4522,48.2810,42.6773,37.8107,32.6257,27.3080,21.9580,16.9162,11.5255,6.7686,2.7577,0.0000,0.0000,0.0000,0.0000,0.0000,-1.4126,-6.6355,-12.1337,-17.5050,-21.8459,-26.2752,-30.9242,-35.1685,-40.0603,-45.0020,-50.8157
60,1.0000,DynamicV1Rebalance,5.0000,5484.8105,274.2405,spend50p,276.4531,278.5163,280.7628,282.2927,284.6055,286.6508,289.2353,291.6139,294.1031,295.6018,122.4083,119.4326,117.2006,114.1938,109.9459,106.8543,102.2788,97.3095,91.6168,86.1771,80.8352,76.2165,72.9455,68.5624,64.1214,60.5155,55.4781,51.1962,47.1804,42.0272,36.8778,32.1444,26.5877,20.5622,15.4339,10.4999,4.2145,0.0000,0.0000,0.0000,0.0000,0.0000,0.0000,0.0000,-4.5040
60,1.0000,DynamicV1Rebalance,5.0000,5484.8105,274.2405,spend75p,278.3947,284.3620,291.3099,298.5171,306.0903,313.6793,322.5669,329.7376,338.1694,345.1414,150.5721,151.1935,149.5901,148.5764,147.9282,146.2574,143.9401,142.8538,139.5529,136.4311,132.8585,129.1310,125.4949,121.5372,116.3257,112.5089,107.3557,104.5090,100.0667,93.3060,88.9950,83.9985,79.0140,73.6991,68.4722,62.8853,56.2604,50.5470,46.4630,43.3537,38.6194,34.0903,28.3987,22.5426,17.9428
60,1.0000,DynamicV1Rebalance,6.0000,4570.6754,274.2405,survival,1.0000,1.0000,1.0000,1.0000,1.0000,1.0000,0.9985,0.9970,0.9870,0.9720,0.9630,0.9530,0.9415,0.9305,0.9200,0.9075,0.8905,0.8750,0.8605,0.8500,0.8430,0.8325,0.8230,0.8145,0.8025,0.7940,0.7880,0.7760,0.7710,0.7645,0.7610,0.7570,0.7520,0.7495,0.7455,0.7435,0.7420,0.7400,0.7385,0.7385,0.7380,0.7375,0.7370,0.7370,0.7370
60,1.0000,DynamicV1Rebalance,6.0000,4570.6754,274.2405,spend25p,274.5629,272.6351,270.5151,267.6370,264.9824,262.5584,258.8575,255.7569,250.7258,245.2441,91.5152,86.4201,80.8948,75.4145,69.5733,63.0870,55.7267,47.8676,41.3171,34.6829,28.3134,21.0427,14.2826,9.3619,2.2865,0.0000,0.0000,0.0000,0.0000,0.0000,0.0000,0.0000,0.0000,0.0000,0.0000,-3.9815,-9.9303,-15.5262,-20.2913,-24.3778,-29.1013,-33.8240,-38.5914,-43.0225,-48.5248
60,1.0000,DynamicV1Rebalance,6.0000,4570.6754,274.2405,spend50p,276.4531,278.5163,280.7628,282.2927,284.6055,286.6508,289.1712,291.4871,292.7491,294.0572,120.5858,117.4367,113.5455,109.7921,105.1872,100.3161,94.9421,88.6150,81.4152,75.7559,71.0172,65.4222,59.7672,55.0414,50.1073,45.1081,39.7100,33.7809,28.7069,24.6924,20.8422,15.2409,9.8263,5.1069,0.0000,0.0000,0.0000,0.0000,0.0000,0.0000,0.0000,0.0000,0.0000,0.0000,0.0000
60,1.0000,DynamicV1Rebalance,6.0000,4570.6754,274.2405,spend75p,278.3947,284.3620,291.3099,298.5171,306.0903,313.6793,322.4674,329.5799,336.5925,342.4632,148.6046,148.3276,147.3961,145.4003,142.7655,140.8513,137.7792,132.2714,128.2371,124.9005,122.4334,117.4446,112.3603,107.4025,102.8048,96.8636,92.0105,84.8367,81.0686,76.7825,71.0769,66.2095,62.1173,54.3244,49.9493,45.9422,40.2771,32.7040,27.7559,25.0544,20.2051,16.1151,11.4389,6.7800,1.5509
60,1.0000,DynamicV1Rebalance,7.0000,3917.7218,274.2405,survival,1.0000,1.0000,1.0000,1.0000,1.0000,0.9990,0.9965,0.9850,0.9685,0.9340,0.9210,0.8995,0.8855,0.8630,0.8400,0.8200,0.8060,0.7840,0.7690,0.7540,0.7420,0.7295,0.7170,0.7040,0.6945,0.6865,0.6800,0.6685,0.6640,0.6580,0.6535,0.6495,0.6450,0.6435,0.6410,0.6400,0.6380,0.6370,0.6360,0.6355,0.6345,0.6330,0.6330,0.6330,0.6320
60,1.0000,DynamicV1Rebalance,7.0000,3917.7218,274.2405,spend25p,274.5629,272.6351,270.5151,267.6370,264.9824,262.3845,258.5948,253.6991,247.2386,238.2769,86.1596,79.0813,72.9618,63.7307,54.4946,45.6374,37.8756,23.9953,13.9520,0.0000,0.0000,0.0000,0.0000,0.0000,0.0000,0.0000,0.0000,0.0000,0.0000,0.0000,0.0000,0.0000,0.0000,0.0000,0.0000,-0.8340,-5.6052,-10.2672,-15.8398,-19.6716,-24.6627,-29.5726,-33.5925,-38.6053,-43.4366
60,1.0000,DynamicV1Rebalance,7.0000,3917.7218,274.2405,spend50p,276.4531,278.5163,280.7628,282.2927,284.6055,286.5780,289.1376,290.6708,291.2923,289.6093,117.1864,112.5549,107.7230,101.8858,95.8867,89.3277,83.8006,76.5424,70.1916,64.5548,58.6534,52.5771,46.0937,39.1292,34.3599,28.8140,24.1811,17.7513,13.1965,7.9778,3.2484,0.0000,0.0000,0.0000,0.0000,0.0000,0.0000,0.0000,0.0000,0.0000,0.0000,0.0000,0.0000,0.0000,0.0000
60,1.0000,DynamicV1Rebalance,7.0000,3917.7218,274.2405,spend75p,278.3947,284.3620,291.3099,298.5171,306.0903,313.4097,322.4520,328.1745,333.7830,338.3727,145.9593,144.4528,142.7489,139.6038,136.1076,132.9000,127.9225,123.7791,119.9224,114.4148,108.7754,102.6337,97.9148,91.0434,85.5031,80.2196,76.4379,71.7923,67.3413,62.4476,56.6441,52.1125,46.4715,42.7387,36.6042,31.1265,26.0927,19.7422,14.8099,10.6190,7.4032,2.3950,0.0000,0.0000,0.0000
60,1.0000,DynamicV1Rebalance,8.0000,3428.0066,274.2405,survival,1.0000,1.0000,1.0000,1.0000,1.0000,0.9980,0.9870,0.9705,0.9290,0.8805,0.8500,0.8225,0.7900,0.7655,0.7435,0.7160,0.6945,0.6730,0.6545,0.6380,0.6245,0.6095,0.5995,0.5905,0.5825,0.5745,0.5675,0.5620,0.5590,0.5535,0.5500,0.5440,0.5420,0.5405,0.5385,0.5355,0.5330,0.5315,0.5305,0.5290,0.5285,0.5265,0.5265,0.5255,0.5240
60,1.0000,DynamicV1Rebalance,8.0000,3428.0066,274.2405,spend25p,274.5629,272.6351,270.5151,267.6370,264.9824,262.0163,257.0532,251.2575,240.4711,226.9976,75.4958,65.7430,52.2728,33.6530,0.0000,0.0000,0.0000,0.0000,0.0000,0.0000,0.0000,0.0000,0.0000,0.0000,0.0000,0.0000,0.0000,0.0000,0.0000,0.0000,0.0000,0.0000,0.0000,0.0000,0.0000,0.0000,0.0000,-2.9266,-7.8432,-11.7293,-15.9632,-20.8892,-25.3028,-30.0988,-35.9058
60,1.0000,DynamicV1Rebalance,8.0000,3428.0066,274.2405,spend50p,276.4531,278.5163,280.7628,282.2927,284.6055,286.5007,288.2417,289.8252,286.5586,281.6635,110.1934,103.4864,96.7175,90.4937,83.4057,75.8605,68.7504,61.1112,54.3072,46.0060,37.6281,29.9504,23.4825,16.5169,10.1616,5.2912,0.0163,0.0000,0.0000,0.0000,0.0000,0.0000,0.0000,0.0000,0.0000,0.0000,0.0000,0.0000,0.0000,0.0000,0.0000,0.0000,0.0000,0.0000,0.0000
60,1.0000,DynamicV1Rebalance,8.0000,3428.0066,274.2405,spend75p,278.3947,284.3620,291.3099,298.5171,306.0903,313.2711,321.0345,326.1669,330.8785,332.6522,141.0139,138.1307,134.6743,130.9100,126.4705,121.1861,115.5121,110.4140,104.2005,97.3055,93.5182,86.7034,81.3900,75.6431,71.5703,66.6649,61.0533,55.9423,51.8843,47.4190,43.5588,36.4605,30.8200,26.2796,21.9011,16.0772,10.7188,5.2650,0.0000,0.0000,0.0000,0.0000,0.0000,0.0000,0.0000
60,1.0000,DynamicV1Rebalance,9.0000,3047.1169,274.2405,survival,1.0000,1.0000,1.0000,1.0000,0.9995,0.9940,0.9750,0.9350,0.8760,0.7855,0.7475,0.7140,0.6825,0.6550,0.6320,0.6045,0.5835,0.5665,0.5480,0.5335,0.5245,0.5085,0.4965,0.4850,0.4765,0.4695,0.4635,0.4565,0.4515,0.4465,0.4440,0.4425,0.4410,0.4395,0.4365,0.4345,0.4335,0.4320,0.4310,0.4290,0.4285,0.4270,0.4265,0.4265,0.4255
60,1.0000,DynamicV1Rebalance,9.0000,3047.1169,274.2405,spend25p,274.5629,272.6351,270.5151,267.6370,264.9304,261.5469,255.5402,245.3276,230.3246,196.1691,0.0000,0.0000,0.0000,0.0000,0.0000,0.0000,0.0000,0.0000,0.0000,0.0000,0.0000,0.0000,0.0000,0.0000,0.0000,0.0000,0.0000,0.0000,0.0000,0.0000,0.0000,0.0000,0.0000,0.0000,0.0000,0.0000,0.0000,0.0000,0.0000,-1.1143,-4.6052,-9.1231,-13.0143,-18.1156,-22.4417
60,1.0000,DynamicV1Rebalance,9.0000,3047.1169,274.2405,spend50p,276.4531,278.5163,280.7628,282.2927,284.5905,286.2543,287.2673,285.1059,280.2319,265.4455,99.3003,92.2685,83.4140,75.1047,66.4292,55.8519,46.3384,38.1262,26.3403,16.6028,9.5242,0.0000,0.0000,0.0000,0.0000,0.0000,0.0000,0.0000,0.0000,0.0000,0.0000,0.0000,0.0000,0.0000,0.0000,0.0000,0.0000,0.0000,0.0000,0.0000,0.0000,0.0000,0.0000,0.0000,0.0000
60,1.0000,DynamicV1Rebalance,9.0000,3047.1169,274.2405,spend75p,278.3947,284.3620,291.3099,298.5171,306.0632,313.2063,320.1966,323.1365,324.3966,318.6066,132.5094,129.5740,125.2589,120.2452,114.6479,108.9055,103.2603,96.1418,88.8834,80.8974,75.0781,68.5277,63.3376,57.4930,52.0196,46.3641,41.2966,34.9924,29.8755,25.6139,22.3939,17.9178,13.3740,7.6046,2.7808,0.0000,0.0000,0.0000,0.0000,0.0000,0.0000,0.0000,0.0000,0.0000,0.0000
60,1.0000,DynamicV1Rebalance,10.0000,2742.4052,274.2405,survival,1.0000,1.0000,1.0000,1.0000,0.9985,0.9845,0.9520,0.8880,0.7850,0.6840,0.6430,0.6085,0.5810,0.5490,0.5245,0.5025,0.4795,0.4615,0.4440,0.4235,0.4130,0.4055,0.3935,0.3835,0.3715,0.3650,0.3585,0.3535,0.3475,0.3425,0.3400,0.3370,0.3345,0.3330,0.3300,0.3285,0.3270,0.3260,0.3255,0.3250,0.3240,0.3230,0.3230,0.3220,0.3205
60,1.0000,DynamicV1Rebalance,10.0000,2742.4052,274.2405,spend25p,274.5629,272.6351,270.5151,267.6370,264.8834,260.4122,252.1386,237.7378,202.7749,0.0000,0.0000,0.0000,0.0000,0.0000,0.0000,0.0000,0.0000,0.0000,0.0000,0.0000,0.0000,0.0000,0.0000,0.0000,0.0000,0.0000,0.0000,0.0000,0.0000,0.0000,0.0000,0.0000,0.0000,0.0000,0.0000,0.0000,0.0000,0.0000,0.0000,0.0000,0.0000,0.0000,0.0000,0.0000,0.0000
60,1.0000,DynamicV1Rebalance,10.0000,2742.4052,274.2405,spend50p,276.4531,278.5163,280.7628,282.2927,284.5271,285.7770,285.2850,279.9700,267.0982,244.0647,85.9799,75.0433,65.3892,52.1399,35.8614,8.7113,0.0000,0.0000,0.0000,0.0000,0.0000,0.0000,0.0000,0.0000,0.0000,0.0000,0.0000,0.0000,0.0000,0.0000,0.0000,0.0000,0.0000,0.0000,0.0000,0.0000,0.0000,0.0000,0.0000,0.0000,0.0000,0.0000,0.0000,0.0000,0.0000
60,1.0000,DynamicV1Rebalance,10.0000,2742.4052,274.2405,spend75p,278.3947,284.3620,291.3099,298.5171,305.9558,312.7018,317.7205,319.5784,314.2571,304.9783,124.5686,119.9157,115.4380,107.8645,100.9610,94.4485,86.7504,80.1385,72.4214,64.5088,57.7959,51.8513,44.2889,37.4648,31.6899,26.1949,20.3424,15.6183,8.8066,3.6260,0.0000,0.0000,0.0000,0.0000,0.0000,0.0000,0.0000,0.0000,0.0000,0.0000,0.0000,0.0000,0.0000,0.0000,0.0000
60,1.1000,DynamicV1Rebalance,2.5000,11980.5831,299.5146,survival,1.0000,1.0000,1.0000,1.0000,1.0000,1.0000,1.0000,1.0000,1.0000,1.0000,1.0000,1.0000,1.0000,1.0000,0.9995,0.9995,0.9995,0.9990,0.9980,0.9980,0.9980,0.9975,0.9970,0.9960,0.9955,0.9955,0.9955,0.9955,0.9955,0.9945,0.9945,0.9945,0.9945,0.9945,0.9945,0.9935,0.9935,0.9935,0.9935,0.9935,0.9935,0.9930,0.9920,0.9920,0.9920
60,1.1000,DynamicV1Rebalance,2.5000,11980.5831,299.5146,spend25p,299.8666,297.7550,295.4319,292.2795,289.3697,286.7107,283.5197,280.1724,276.8172,273.8975,118.3449,115.7541,111.4535,106.8098,102.4602,98.5948,94.2156,89.3521,85.2753,80.5512,76.0690,72.6443,68.2232,63.8785,58.9148,55.1027,51.0500,47.3686,43.2931,38.6318,34.4032,30.6309,26.2022,22.1765,16.8942,11.4264,6.3877,1.1194,-1.7346,-5.4282,-9.8289,-13.7814,-18.6074,-23.8054,-28.5251
60,1.1000,DynamicV1Rebalance,2.5000,11980.5831,299.5146,spend50p,301.9311,304.1781,306.6235,308.2845,310.7989,313.0193,315.8268,318.8071,321.4025,323.6889,151.1347,149.3427,148.5901,145.9214,142.4921,139.4229,136.4660,132.8074,128.5210,125.5467,123.1839,119.8933,115.0317,111.4746,108.0024,104.2954,101.6880,98.5848,95.6234,90.4747,87.2723,82.7245,78.1283,74.8236,69.5509,64.0421,59.6487,53.1828,49.6502,45.5570,41.8583,36.6426,32.6669,27.5760,24.3474
60,1.1000,DynamicV1Rebalance,2.5000,11980.5831,299.5146,spend75p,304.0516,310.5625,318.1421,326.0028,334.2609,342.5340,352.2229,360.2232,369.4690,378.4410,184.6868,185.7932,186.9827,187.2537,188.0544,187.1546,188.1040,188.0866,188.0173,187.0857,185.2941,184.3734,182.4870,180.2588,178.0087,175.1324,171.1409,168.0473,166.5963,164.3661,159.8915,157.2159,155.0811,152.0233,149.4594,145.7394,141.8592,136.5635,132.7841,128.7638,127.1168,123.9729,120.9400,118.8412,116.9408
60,1.1000,DynamicV1Rebalance,3.0000,9983.8192,299.5146,survival,1.0000,1.0000,1.0000,1.0000,1.0000,1.0000,1.0000,1.0000,1.0000,1.0000,1.0000,0.9990,0.9985,0.9980,0.9970,0.9970,0.9955,0.9950,0.9945,0.9945,0.9940,0.9930,0.9925,0.9925,0.9915,0.9910,0.9890,0.9880,0.9855,0.9855,0.9850,0.9850,0.9850,0.9850,0.9850,0.9835,0.9830,0.9830,0.9825,0.9825,0.9820,0.9815,0.9815,0.9810,0.9800
60,1.1000,DynamicV1Rebalance,3.0000,9983.8192,299.5146,spend25p,299.8666,297.7550,295.4319,292.2795,289.3697,286.7107,283.5197,280.1724,276.8172,273.8975,118.3449,115.4195,111.2154,106.3731,101.9969,98.1094,93.8230,88.8144,84.5408,79.9976,75.1722,71.7525,67.0055,63.2040,58.1618,54.4675,49.8617,45.9546,41.9078,36.8381,32.5915,28.7823,24.3781,19.3282,14.2528,8.9583,3.9644,0.0000,-1.5201,-5.3273,-9.8032,-13.7524,-18.3441,-23.6678,-28.3919
60,1.1000,DynamicV1Rebalance,3.0000,9983.8192,299.5146,spend50p,301.9311,304.1781,306.6235,308.2845,310.7989,313.0193,315.8268,318.8071,321.4025,323.6889,151.1347,149.3032,148.1725,145.7170,142.3021,139.2492,135.9478,132.2176,127.7805,125.0092,122.8399,118.8120,113.8782,110.5910,107.5364,103.4031,100.2665,97.0464,92.9549,88.5636,84.9892,80.3891,76.4408,72.5992,67.4100,62.8736,57.0638,51.5284,47.3754,43.6644,38.2343,34.4476,29.9449,26.1077,22.2059
60,1.1000,DynamicV1Rebalance,3.0000,9983.8192,299.5146,spend75p,304.0516,310.5625,318.1421,326.0028,334.2609,342.5340,352.2229,360.2232,369.4690,378.4410,184.6868,185.7124,186.9014,187.0764,187.7574,186.8841,187.5685,187.5913,187.7509,186.4402,184.6075,183.0786,182.1986,179.1255,176.7335,174.0137,169.6051,165.2416,162.6804,161.3805,156.7044,154.9572,152.4889,148.6198,145.2790,142.7938,138.2306,131.7709,126.1020,124.3182,123.4015,118.6751,116.4043,114.5652,111.1704
60,1.1000,DynamicV1Rebalance,3.5000,8557.5593,299.5146,survival,1.0000,1.0000,1.0000,1.0000,1.0000,1.0000,1.0000,1.0000,1.0000,0.9985,0.9980,0.9975,0.9970,0.9955,0.9950,0.9935,0.9915,0.9895,0.9875,0.9855,0.9835,0.9825,0.9810,0.9770,0.9755,0.9725,0.9705,0.9700,0.9670,0.9645,0.9625,0.9620,0.9620,0.9605,0.9590,0.9585,0.9575,0.9565,0.9550,0.9530,0.9515,0.9505,0.9505,0.9500,0.9490
60,1.1000,DynamicV1Rebalance,3.5000,8557.5593,299.5146,spend25p,299.8666,297.7550,295.4319,292.2795,289.3697,286.7107,283.5197,280.1724,276.8172,273.5986,118.0779,115.3006,110.9913,105.8690,101.7595,97.5156,92.9202,88.2519,83.1542,78.7399,73.1387,69.4110,65.3929,59.8592,55.4004,50.7622,46.2528,42.1661,38.0498,33.6311,28.4359,24.3771,19.2105,14.1057,9.4540,4.2902,0.0000,0.0000,-1.4083,-5.1224,-9.5941,-13.6227,-18.2118,-23.0665,-28.0452
60,1.1000,DynamicV1Rebalance,3.5000,8557.5593,299.5146,spend50p,301.9311,304.1781,306.6235,308.2845,310.7989,313.0193,315.8268,318.8071,321.4025,323.6335,150.6867,148.8328,147.9119,145.3395,141.7521,138.7445,135.3951,131.1370,126.3642,123.2051,120.5498,116.7721,112.2039,108.2130,104.2770,100.3000,97.6086,93.4302,89.7443,84.7541,79.8439,75.7275,71.1271,67.2016,62.6616,57.8568,52.2792,46.4023,41.7941,37.5682,33.1923,28.2955,24.5448,19.6821,13.8422
60,1.1000,DynamicV1Rebalance,3.5000,8557.5593,299.5146,spend75p,304.0516,310.5625,318.1421,326.0028,334.2609,342.5340,352.2229,360.2232,369.4690,378.3797,184.4698,185.6560,186.7107,186.7334,187.5986,186.5019,186.7371,186.4247,186.4105,184.4410,181.4211,180.1691,178.6519,175.9686,173.0056,168.6319,164.5954,162.1231,158.2449,154.3065,150.6617,148.1388,143.2457,140.0409,136.5288,132.9251,128.5461,121.5398,116.1540,112.6103,109.4745,106.5176,104.3751,102.9285,99.1791
60,1.1000,DynamicV1Rebalance,4.0000,7487.8644,299.5146,survival,1.0000,1.0000,1.0000,1.0000,1.0000,1.0000,1.0000,1.0000,0.9990,0.9980,0.9970,0.9945,0.9935,0.9920,0.9880,0.9855,0.9810,0.9770,0.9730,0.9685,0.9655,0.9615,0.9590,0.9535,0.9470,0.9420,0.9380,0.9350,0.9310,0.9275,0.9235,0.9200,0.9175,0.9135,0.9125,0.9120,0.9105,0.9105,0.9095,0.9075,0.9070,0.9060,0.9055,0.9050,0.9045
60,1.1000,DynamicV1Rebalance,4.0000,7487.8644,299.5146,spend25p,299.8666,297.7550,295.4319,292.2795,289.3697,286.7107,283.5197,280.1724,276.5364,273.4408,118.0360,115.0930,110.5990,105.5063,101.1694,96.0646,90.4381,85.5357,80.5526,75.8088,70.9663,65.6206,61.1332,56.0024,50.7165,45.5930,41.0516,35.8562,31.2377,27.2809,21.8473,16.6481,11.8907,6.8424,1.3225,0.0000,0.0000,0.0000,-0.7725,-4.5698,-8.9812,-12.7406,-17.3454,-22.2852,-27.0423
60,1.1000,DynamicV1Rebalance,4.0000,7487.8644,299.5146,spend50p,301.9311,304.1781,306.6235,308.2845,310.7989,313.0193,315.8268,318.8071,321.3051,323.6193,150.5915,148.0218,147.4928,144.7813,140.4710,137.7904,133.3837,128.2647,123.9425,120.1750,117.4840,112.5255,109.3195,104.3145,99.7448,95.8678,91.5032,86.4236,82.1505,77.6004,72.5340,67.2143,62.8978,57.3660,53.4102,49.3198,44.5631,38.3650,33.1796,29.3673,25.5385,20.8342,16.2008,10.9875,5.7202
60,1.1000,DynamicV1Rebalance,4.0000,7487.8644,299.5146,spend75p,304.0516,310.5625,318.1421,326.0028,334.2609,342.5340,352.2229,360.2232,369.3647,378.3321,184.2839,185.3531,185.5637,186.2221,186.3382,185.8214,184.1799,183.6263,182.9341,180.5486,178.0298,176.2130,174.3568,171.7978,166.8858,161.7918,158.1813,154.4237,150.0557,146.2217,143.3404,136.9865,131.1180,128.0766,123.0045,120.4669,113.2358,109.6153,106.0919,101.3988,98.7094,95.2717,92.6809,87.9756,84.8655
60,1.1000,DynamicV1Rebalance,5.0000,5990.2915,299.5146,survival,1.0000,1.0000,1.0000,1.0000,1.0000,1.0000,1.0000,0.9985,0.9970,0.9920,0.9870,0.9800,0.9745,0.9685,0.9605,0.9520,0.9430,0.9320,0.9220,0.9120,0.9065,0.8965,0.8875,0.8800,0.8695,0.8630,0.8580,0.8520,0.8460,0.8410,0.8325,0.8285,0.8250,0.8210,0.8150,0.8120,0.8090,0.8070,0.8050,0.8020,0.8005,0.7985,0.7980,0.7975,0.7960
60,1.1000,DynamicV1Rebalance,5.0000,5990.2915,299.5146,spend25p,299.8666,297.7550,295.4319,292.2795,289.3697,286.7107,283.5197,279.7252,275.9470,272.4486,116.9283,112.3938,107.1998,102.4745,97.4257,91.4575,85.3444,78.4518,72.2436,64.9751,59.5593,53.1115,45.4977,39.5468,32.4926,27.0223,21.0136,16.4175,11.6683,7.3641,0.9248,0.0000,0.0000,0.0000,0.0000,0.0000,0.0000,0.0000,0.0000,-2.6026,-6.8235,-10.7155,-15.1695,-20.0056,-24.2737
60,1.1000,DynamicV1Rebalance,5.0000,5990.2915,299.5146,spend50p,301.9311,304.1781,306.6235,308.2845,310.7989,313.0193,315.8268,318.4079,321.1080,322.7252,149.6224,146.6702,144.7960,141.6372,137.4768,133.7628,128.4578,123.1517,116.7109,110.3842,105.6688,100.3638,95.6784,92.0191,86.1420,81.5513,77.8857,73.9879,68.8589,63.4458,56.6988,51.9989,47.6886,41.9458,35.7184,29.9633,24.9472,18.4532,14.3326,8.7872,3.0495,0.0000,0.0000,0.0000,0.0000
60,1.1000,DynamicV1Rebalance,5.0000,5990.2915,299.5146,spend75p,304.0516,310.5625,318.1421,326.0028,334.2609,342.5340,352.2229,360.0344,369.2205,376.8104,182.9775,183.6886,182.7355,182.3444,182.0099,180.3395,178.8856,176.7545,173.4229,169.5068,168.2204,163.2768,158.4212,155.4002,149.3978,145.1735,141.1604,137.4495,131.5200,126.7348,120.2572,117.5611,112.1931,107.5180,99.7174,95.1449,90.5304,84.9319,81.9846,78.7025,75.9631,70.4337,65.8645,60.3450,56.3550
60,1.1000,DynamicV1Rebalance,6.0000,4991.9096,299.5146,survival,1.0000,1.0000,1.0000,1.0000,1.0000,1.0000,0.9985,0.9970,0.9870,0.9720,0.9615,0.9520,0.9375,0.9240,0.9115,0.8930,0.8765,0.8590,0.8450,0.8315,0.8200,0.8100,0.7960,0.7805,0.7680,0.7565,0.7490,0.7395,0.7320,0.7290,0.7270,0.7210,0.7150,0.7110,0.7075,0.7065,0.7030,0.7005,0.6980,0.6965,0.6960,0.6955,0.6945,0.6935,0.6930
60,1.1000,DynamicV1Rebalance,6.0000,4991.9096,299.5146,spend25p,299.8666,297.7550,295.4319,292.2795,289.3697,286.7107,282.6562,279.2562,273.7477,267.7469,113.5727,108.0807,101.5649,94.9035,88.6818,79.4101,71.9788,62.7101,54.4470,46.1923,36.9804,30.3548,20.4027,10.1905,0.9087,0.0000,0.0000,0.0000,0.0000,0.0000,0.0000,0.0000,0.0000,0.0000,0.0000,0.0000,0.0000,0.0000,0.0000,0.0000,-2.7085,-7.5705,-12.2226,-15.9519,-20.9527
60,1.1000,DynamicV1Rebalance,6.0000,4991.9096,299.5146,spend50p,301.9311,304.1781,306.6235,308.2845,310.7989,313.0193,315.7569,318.2693,319.6296,321.0389,147.5199,144.3438,139.9588,135.3169,131.0082,123.7510,118.0859,111.2675,104.3619,98.7923,92.2818,85.6963,80.4852,73.0913,66.7538,60.8616,55.4131,50.0317,44.6334,40.1541,35.8213,30.4823,25.4011,19.3049,13.5866,8.3134,2.6811,0.0000,0.0000,0.0000,0.0000,0.0000,0.0000,0.0000,0.0000
60,1.1000,DynamicV1Rebalance,6.0000,4991.9096,299.5146,spend75p,304.0516,310.5625,318.1421,326.0028,334.2609,342.5340,352.1142,359.8622,367.4988,373.8865,180.3876,180.9314,180.0641,178.0529,174.8800,172.4227,169.7434,163.7779,160.4843,156.6674,152.3446,148.7827,142.2302,135.6778,131.1659,125.3276,117.0945,112.9432,109.3111,105.6761,102.2037,95.8111,90.6375,85.3355,80.6842,76.1232,68.3346,62.7793,58.2076,54.2635,52.7206,49.6425,45.4812,41.9702,36.1933
60,1.1000,DynamicV1Rebalance,7.0000,4278.7797,299.5146,survival,1.0000,1.0000,1.0000,1.0000,1.0000,0.9990,0.9965,0.9850,0.9685,0.9340,0.9180,0.8970,0.8770,0.8515,0.8225,0.8065,0.7835,0.7645,0.7460,0.7280,0.7120,0.6960,0.6810,0.6720,0.6585,0.6440,0.6335,0.6250,0.6185,0.6150,0.6125,0.6105,0.6030,0.5995,0.5965,0.5915,0.5895,0.5885,0.5860,0.5830,0.5810,0.5800,0.5790,0.5785,0.5760
60,1.1000,DynamicV1Rebalance,7.0000,4278.7797,299.5146,spend25p,299.8666,297.7550,295.4319,292.2795,289.3697,286.5207,282.3693,277.0093,269.9404,260.1403,107.0607,99.2396,90.6299,79.5628,67.9967,58.7501,43.0329,25.0247,0.0000,0.0000,0.0000,0.0000,0.0000,0.0000,0.0000,0.0000,0.0000,0.0000,0.0000,0.0000,0.0000,0.0000,0.0000,0.0000,0.0000,0.0000,0.0000,0.0000,0.0000,0.0000,0.0000,-0.3532,-4.1554,-7.8442,-13.8149
60,1.1000,DynamicV1Rebalance,7.0000,4278.7797,299.5146,spend50p,301.9311,304.1781,306.6235,308.2845,310.7989,312.9397,315.7201,317.3781,318.0391,316.1829,143.4470,138.2069,132.7691,125.6793,118.2779,112.1925,104.6611,98.0085,90.0661,82.0058,74.7380,67.6672,60.0142,54.2035,46.6647,39.3573,32.3662,26.9597,20.7311,16.6422,12.0164,7.0774,0.9313,0.0000,0.0000,0.0000,0.0000,0.0000,0.0000,0.0000,0.0000,0.0000,0.0000,0.0000,0.0000
60,1.1000,DynamicV1Rebalance,7.0000,4278.7797,299.5146,spend75p,304.0516,310.5625,318.1421,326.0028,334.2609,342.2397,352.0973,358.3277,364.4314,369.4206,177.3118,175.8339,173.3197,170.9261,166.5529,163.0718,157.6097,153.4908,149.3919,143.5426,137.4382,129.6882,123.5438,116.8267,110.3746,105.3380,100.8727,96.4829,91.6656,86.3171,83.2984,78.8034,73.3234,68.5511,63.5431,57.6961,52.0291,46.3505,41.5819,36.5563,32.4976,28.5346,24.5226,20.4846,14.0013
60,1.1000,DynamicV1Rebalance,8.0000,3743.9322,299.5146,survival,1.0000,1.0000,1.0000,1.0000,1.0000,0.9980,0.9870,0.9705,0.9290,0.8805,0.8475,0.8135,0.7755,0.7530,0.7215,0.6970,0.6715,0.6475,0.6275,0.6105,0.5970,0.5795,0.5680,0.5595,0.5475,0.5405,0.5325,0.5230,0.5150,0.5105,0.5060,0.5025,0.4975,0.4945,0.4890,0.4855,0.4850,0.4815,0.4800,0.4790,0.4775,0.4770,0.4755,0.4750,0.4735
60,1.1000,DynamicV1Rebalance,8.0000,3743.9322,299.5146,spend25p,299.8666,297.7550,295.4319,292.2795,289.3697,286.1187,280.6860,274.3434,262.5514,247.8262,94.5112,81.9998,62.6419,32.2477,0.0000,0.0000,0.0000,0.0000,0.0000,0.0000,0.0000,0.0000,0.0000,0.0000,0.0000,0.0000,0.0000,0.0000,0.0000,0.0000,0.0000,0.0000,0.0000,0.0000,0.0000,0.0000,0.0000,0.0000,0.0000,0.0000,0.0000,0.0000,0.0000,0.0000,-0.2781
60,1.1000,DynamicV1Rebalance,8.0000,3743.9322,299.5146,spend50p,301.9311,304.1781,306.6235,308.2845,310.7989,312.8553,314.7418,316.4548,312.8707,307.5079,135.2627,127.1508,118.2972,111.5595,102.4764,95.0149,85.9960,75.4863,66.9541,57.7750,49.1923,38.1035,29.7233,22.9046,14.6868,8.0900,0.7725,0.0000,0.0000,0.0000,0.0000,0.0000,0.0000,0.0000,0.0000,0.0000,0.0000,0.0000,0.0000,0.0000,0.0000,0.0000,0.0000,0.0000,0.0000
60,1.1000,DynamicV1Rebalance,8.0000,3743.9322,299.5146,spend75p,304.0516,310.5625,318.1421,326.0028,334.2609,342.0883,350.5495,356.1356,361.2602,363.1752,171.6449,167.6644,163.7745,160.3287,154.7066,149.1451,143.0218,136.2833,128.1594,121.2832,115.5860,108.9316,103.4610,98.6069,93.3438,88.9375,82.1849,76.1487,70.1006,65.9921,60.0384,55.3369,49.8606,44.2372,38.1529,32.0263,27.6009,21.2384,16.6576,11.6714,7.4284,3.2993,0.0000,0.0000,0.0000
60,1.1000,DynamicV1Rebalance,9.0000,3327.9397,299.5146,survival,1.0000,1.0000,1.0000,1.0000,0.9995,0.9940,0.9750,0.9350,0.8760,0.7855,0.7450,0.7015,0.6705,0.6405,0.6080,0.5835,0.5640,0.5415,0.5265,0.5065,0.4890,0.4735,0.4590,0.4535,0.4460,0.4370,0.4275,0.4215,0.4175,0.4090,0.4035,0.3975,0.3910,0.3865,0.3830,0.3800,0.3790,0.3780,0.3755,0.3740,0.3725,0.3710,0.3685,0.3675,0.3670
60,1.1000,DynamicV1Rebalance,9.0000,3327.9397,299.5146,spend25p,299.8666,297.7550,295.4319,292.2795,289.3129,285.6061,279.0339,267.8686,251.4733,214.1689,0.0000,0.0000,0.0000,0.0000,0.0000,0.0000,0.0000,0.0000,0.0000,0.0000,0.0000,0.0000,0.0000,0.0000,0.0000,0.0000,0.0000,0.0000,0.0000,0.0000,0.0000,0.0000,0.0000,0.0000,0.0000,0.0000,0.0000,0.0000,0.0000,0.0000,0.0000,0.0000,0.0000,0.0000,0.0000
60,1.1000,DynamicV1Rebalance,9.0000,3327.9397,299.5146,spend50p,301.9311,304.1781,306.6235,308.2845,310.7825,312.5863,313.6779,311.3019,305.9632,289.8018,122.1068,112.9923,103.0666,93.0547,80.4125,69.0760,58.5363,42.0857,30.8288,8.6444,0.0000,0.0000,0.0000,0.0000,0.0000,0.0000,0.0000,0.0000,0.0000,0.0000,0.0000,0.0000,0.0000,0.0000,0.0000,0.0000,0.0000,0.0000,0.0000,0.0000,0.0000,0.0000,0.0000,0.0000,0.0000
60,1.1000,DynamicV1Rebalance,9.0000,3327.9397,299.5146,spend75p,304.0516,310.5625,318.1421,326.0028,334.2314,342.0175,349.6346,352.8268,354.1831,347.8408,161.3714,157.3125,152.5039,146.5853,140.2254,134.6758,126.5731,118.3399,110.3178,100.6938,93.8075,85.6758,78.7519,73.0851,66.8159,60.8005,53.9666,49.4452,45.4092,39.3207,33.3107,28.0225,21.9226,14.8237,9.6346,4.9954,0.6378,0.0000,0.0000,0.0000,0.0000,0.0000,0.0000,0.0000,0.0000
60,1.1000,DynamicV1Rebalance,10.0000,2995.1458,299.5146,survival,1.0000,1.0000,1.0000,1.0000,0.9985,0.9845,0.9520,0.8880,0.7850,0.6840,0.6365,0.6030,0.5700,0.5340,0.5080,0.4805,0.4560,0.4350,0.4095,0.3995,0.3810,0.3640,0.3510,0.3425,0.3325,0.3245,0.3165,0.3095,0.3065,0.3020,0.2965,0.2930,0.2900,0.2875,0.2850,0.2825,0.2805,0.2790,0.2765,0.2760,0.2745,0.2735,0.2720,0.2710,0.2705
60,1.1000,DynamicV1Rebalance,10.0000,2995.1458,299.5146,spend25p,299.8666,297.7550,295.4319,292.2795,289.2616,284.3670,275.3195,259.5815,221.3939,0.0000,0.0000,0.0000,0.0000,0.0000,0.0000,0.0000,0.0000,0.0000,0.0000,0.0000,0.0000,0.0000,0.0000,0.0000,0.0000,0.0000,0.0000,0.0000,0.0000,0.0000,0.0000,0.0000,0.0000,0.0000,0.0000,0.0000,0.0000,0.0000,0.0000,0.0000,0.0000,0.0000,0.0000,0.0000,0.0000
60,1.1000,DynamicV1Rebalance,10.0000,2995.1458,299.5146,spend50p,301.9311,304.1781,306.6235,308.2845,310.7132,312.0651,311.5133,305.6941,291.6235,266.4593,106.2506,93.7768,80.7418,62.4969,34.5668,0.0000,0.0000,0.0000,0.0000,0.0000,0.0000,0.0000,0.0000,0.0000,0.0000,0.0000,0.0000,0.0000,0.0000,0.0000,0.0000,0.0000,0.0000,0.0000,0.0000,0.0000,0.0000,0.0000,0.0000,0.0000,0.0000,0.0000,0.0000,0.0000,0.0000
60,1.1000,DynamicV1Rebalance,10.0000,2995.1458,299.5146,spend75p,304.0516,310.5625,318.1421,326.0028,334.1141,341.4667,346.9309,348.9418,343.1126,332.9620,151.9181,146.8328,140.7713,132.2862,124.7692,116.2345,105.9761,98.9577,87.5104,80.5690,71.0491,62.1984,55.4769,48.2370,40.0410,31.1084,22.6701,15.3637,10.8720,6.6080,0.0000,0.0000,0.0000,0.0000,0.0000,0.0000,0.0000,0.0000,0.0000,0.0000,0.0000,0.0000,0.0000,0.0000,0.0000
60,1.2000,DynamicV1Rebalance,2.5000,12991.5452,324.7886,survival,1.0000,1.0000,1.0000,1.0000,1.0000,1.0000,1.0000,1.0000,1.0000,1.0000,1.0000,1.0000,1.0000,1.0000,0.9995,0.9995,0.9990,0.9980,0.9980,0.9980,0.9975,0.9965,0.9960,0.9955,0.9955,0.9955,0.9955,0.9950,0.9950,0.9945,0.9945,0.9940,0.9940,0.9935,0.9935,0.9930,0.9930,0.9930,0.9925,0.9925,0.9920,0.9910,0.9910,0.9905,0.9905
60,1.2000,DynamicV1Rebalance,2.5000,12991.5452,324.7886,spend25p,325.1704,322.8749,320.3487,316.9219,313.7571,310.8629,307.3911,303.7488,300.0973,296.9172,141.1355,138.6027,134.0981,129.4983,124.5043,120.5966,116.0753,110.6525,106.9341,102.2582,97.1540,93.7227,89.3512,84.7410,79.9040,76.2185,71.7120,68.5633,64.0047,59.2308,55.2900,51.4702,46.6694,42.6594,37.9144,32.7502,27.5396,22.3131,18.6473,14.4759,11.1025,6.8407,2.7004,-0.0611,-4.3564
60,1.2000,DynamicV1Rebalance,2.5000,12991.5452,324.7886,spend50p,327.4091,329.8399,332.4842,334.2764,336.9922,339.3877,342.4183,345.6346,348.4322,350.8933,178.6493,177.0525,176.7881,174.3087,170.8694,168.0653,165.0150,160.9196,156.8572,154.1270,152.1474,148.6076,143.8632,140.4258,137.3177,134.0682,131.5535,128.4924,125.7810,121.4534,118.6511,114.3590,109.4280,106.8643,102.3053,97.2375,92.2610,86.7335,82.7348,79.2324,75.6858,71.8874,67.8674,63.2723,60.4561
60,1.2000,DynamicV1Rebalance,2.5000,12991.5452,324.7886,spend75p,329.7085,336.7629,344.9743,353.4885,362.4315,371.3888,381.8788,390.5358,400.5411,410.2470,217.3479,219.1375,220.6928,221.6542,223.4503,223.0733,224.9016,225.1059,226.0656,226.5147,224.9784,224.2286,224.1870,221.0036,219.2202,217.0518,214.1982,211.1799,209.9491,209.2967,204.5534,203.5576,203.0772,200.0493,198.0547,196.9095,193.8234,188.8370,185.7918,182.8564,184.4200,182.5366,177.9773,178.1894,176.7054
60,1.2000,DynamicV1Rebalance,3.0000,10826.2876,324.7886,survival,1.0000,1.0000,1.0000,1.0000,1.0000,1.0000,1.0000,1.0000,1.0000,1.0000,1.0000,0.9985,0.9985,0.9980,0.9970,0.9970,0.9955,0.9950,0.9945,0.9945,0.9930,0.9920,0.9915,0.9905,0.9895,0.9875,0.9860,0.9860,0.9855,0.9845,0.9845,0.9830,0.9830,0.9830,0.9825,0.9805,0.9795,0.9790,0.9775,0.9770,0.9765,0.9760,0.9760,0.9740,0.9735
60,1.2000,DynamicV1Rebalance,3.0000,10826.2876,324.7886,spend25p,325.1704,322.8749,320.3487,316.9219,313.7571,310.8629,307.3911,303.7488,300.0973,296.9172,141.1355,138.3512,133.6857,128.7305,124.1593,120.0311,115.3605,110.2714,106.3866,101.4485,96.4035,92.5853,87.9748,83.6047,78.4636,74.1177,69.5096,65.9971,62.2366,57.7310,53.1349,48.4747,44.2976,39.1524,34.9774,28.4203,24.3687,19.2450,13.9387,10.9668,7.4807,2.3293,0.0000,0.0000,-4.0576
60,1.2000,DynamicV1Rebalance,3.0000,10826.2876,324.7886,spend50p,327.4091,329.8399,332.4842,334.2764,336.9922,339.3877,342.4183,345.6346,348.4322,350.8933,178.6493,176.7721,176.3500,174.0449,170.2454,167.5695,164.3404,160.5481,155.9386,153.3984,151.4403,147.1990,142.8684,139.3359,135.9290,131.8749,130.0049,127.3662,123.9838,118.7796,115.3214,110.4572,107.1145,103.6948,99.4535,94.3057,88.8828,83.4900,79.5984,75.5710,71.7008,67.4417,63.7163,60.0232,56.2376
60,1.2000,DynamicV1Rebalance,3.0000,10826.2876,324.7886,spend75p,329.7085,336.7629,344.9743,353.4885,362.4315,371.3888,381.8788,390.5358,400.5411,410.2470,217.3479,219.0218,220.5959,221.4370,223.2620,222.8062,224.6388,224.7252,225.7033,225.3463,223.9998,222.6044,222.7929,220.0047,218.4179,214.8167,210.7585,208.5482,206.8583,205.5691,201.6113,200.0513,197.7439,194.4822,192.6982,189.7191,187.8732,181.5079,175.4905,175.5639,175.2982,170.3522,171.5342,169.6388,167.8915
60,1.2000,DynamicV1Rebalance,3.5000,9279.6751,324.7886,survival,1.0000,1.0000,1.0000,1.0000,1.0000,1.0000,1.0000,1.0000,1.0000,0.9985,0.9980,0.9975,0.9965,0.9955,0.9940,0.9920,0.9910,0.9885,0.9855,0.9840,0.9805,0.9790,0.9750,0.9725,0.9705,0.9690,0.9665,0.9645,0.9615,0.9590,0.9570,0.9560,0.9540,0.9520,0.9505,0.9490,0.9460,0.9450,0.9435,0.9420,0.9405,0.9375,0.9370,0.9370,0.9355
60,1.2000,DynamicV1Rebalance,3.5000,9279.6751,324.7886,spend25p,325.1704,322.8749,320.3487,316.9219,313.7571,310.8629,307.3911,303.7488,300.0973,296.5931,140.9593,138.2538,133.5556,128.3107,123.8800,118.9650,114.5003,109.3627,103.8295,99.3804,93.4261,89.4585,84.3608,78.9875,74.6177,69.8734,65.5510,60.5330,56.7157,52.4788,47.3865,43.3471,37.5214,32.5695,27.6215,23.0430,16.8196,11.7620,7.0308,3.0629,0.0000,0.0000,0.0000,0.0000,-3.4448
60,1.2000,DynamicV1Rebalance,3.5000,9279.6751,324.7886,spend50p,327.4091,329.8399,332.4842,334.2764,336.9922,339.3877,342.4183,345.6346,348.4322,350.8332,178.0971,176.3736,175.8918,173.6826,169.5843,166.9241,163.4824,158.7748,154.0589,151.1289,148.5463,144.8415,140.2951,136.2723,132.0287,128.8640,125.8420,121.3541,118.3655,113.3251,108.4661,104.5444,100.5907,95.8809,91.7221,87.4444,82.2659,75.9101,71.6133,67.6124,63.9549,59.1464,56.0292,51.4960,45.0459
60,1.2000,DynamicV1Rebalance,3.5000,9279.6751,324.7886,spend75p,329.7085,336.7629,344.9743,353.4885,362.4315,371.3888,381.8788,390.5358,400.5411,410.1806,217.2134,218.9984,220.4024,221.2864,222.6689,222.0930,223.1157,223.7091,223.1224,222.5877,219.2428,218.5787,217.6968,215.3884,213.4031,209.1770,205.1621,202.2171,198.6897,194.8722,193.7284,191.2322,186.0635,183.9296,179.8857,176.4148,171.8408,165.9990,163.8398,158.9437,157.4530,153.9613,153.4265,151.6483,149.8957
60,1.2000,DynamicV1Rebalance,4.0000,8119.7157,324.7886,survival,1.0000,1.0000,1.0000,1.0000,1.0000,1.0000,1.0000,1.0000,0.9990,0.9980,0.9965,0.9945,0.9935,0.9915,0.9870,0.9825,0.9775,0.9725,0.9685,0.9640,0.9600,0.9560,0.9500,0.9430,0.9380,0.9310,0.9250,0.9200,0.9160,0.9130,0.9105,0.9090,0.9075,0.9060,0.9035,0.9000,0.8955,0.8940,0.8930,0.8930,0.8915,0.8905,0.8895,0.8885,0.8870
60,1.2000,DynamicV1Rebalance,4.0000,8119.7157,324.7886,spend25p,325.1704,322.8749,320.3487,316.9219,313.7571,310.8629,307.3911,303.7488,299.7929,296.4220,140.8685,137.9336,133.0873,127.4679,122.9396,117.0208,111.4225,105.9986,100.5661,94.4668,90.6100,84.4198,79.0343,73.3037,67.7309,62.5010,55.8499,50.7253,46.2112,40.5906,36.4540,31.6587,26.8258,22.2139,17.2203,11.6445,5.0476,0.4350,0.0000,0.0000,0.0000,0.0000,0.0000,0.0000,-2.2117
60,1.2000,DynamicV1Rebalance,4.0000,8119.7157,324.7886,spend50p,327.4091,329.8399,332.4842,334.2764,336.9922,339.3877,342.4183,345.6346,348.3266,350.8178,178.0186,175.5545,175.2768,172.9917,168.3279,165.2707,160.8430,155.8549,150.7906,147.3438,143.7848,139.5256,135.9798,130.2948,126.0758,121.7126,117.5999,112.1842,107.6043,102.9162,98.4802,94.2521,90.4510,84.6280,80.9933,75.8560,71.3516,64.0056,59.8517,57.4798,51.8682,48.4665,43.2415,38.9046,33.9190
60,1.2000,DynamicV1Rebalance,4.0000,8119.7157,324.7886,spend75p,329.7085,336.7629,344.9743,353.4885,362.4315,371.3888,381.8788,390.5358,400.4279,410.1290,216.8935,218.5476,219.5490,220.6294,220.8339,220.9098,218.9219,219.9332,218.9584,216.6665,214.7111,213.9873,211.7459,208.2894,203.3314,199.4177,196.1099,191.9261,187.5699,181.8492,179.3610,176.1849,171.2588,167.2133,165.0730,161.6566,155.0536,151.4975,146.2507,145.8395,145.2635,141.7797,141.7211,135.5104,134.0479
60,1.2000,DynamicV1Rebalance,5.0000,6495.7726,324.7886,survival,1.0000,1.0000,1.0000,1.0000,1.0000,1.0000,1.0000,0.9985,0.9970,0.9920,0.9865,0.9790,0.9730,0.9650,0.9545,0.9465,0.9355,0.9245,0.9135,0.9035,0.8915,0.8830,0.8715,0.8620,0.8535,0.8440,0.8375,0.8310,0.8230,0.8160,0.8070,0.8015,0.7960,0.7890,0.7870,0.7840,0.7800,0.7790,0.7775,0.7765,0.7750,0.7740,0.7740,0.7725,0.7705
60,1.2000,DynamicV1Rebalance,5.0000,6495.7726,324.7886,spend25p,325.1704,322.8749,320.3487,316.9219,313.7571,310.8629,307.3911,303.2640,299.1539,295.3465,139.5421,134.6495,128.6387,123.6297,117.4163,111.1458,104.3630,97.4993,89.5170,82.4864,73.9787,66.4508,58.9514,51.4609,44.4237,36.7107,30.9656,25.7896,19.8857,13.4418,6.1707,0.0087,0.0000,0.0000,0.0000,0.0000,0.0000,0.0000,0.0000,0.0000,0.0000,0.0000,0.0000,0.0000,0.0000
60,1.2000,DynamicV1Rebalance,5.0000,6495.7726,324.7886,spend50p,327.4091,329.8399,332.4842,334.2764,336.9922,339.3877,342.4183,345.2018,348.1130,349.8485,176.9256,173.7938,172.1398,169.2538,164.0151,159.9845,154.1178,148.5164,142.1617,135.0678,128.7871,123.2127,117.5630,112.4794,108.4588,102.8577,99.2168,93.5874,88.3813,82.2930,76.9500,72.0210,66.4265,59.8755,53.7368,48.4839,42.5346,36.6513,32.9148,28.8119,23.7438,19.3927,14.8170,11.8513,7.1258
60,1.2000,DynamicV1Rebalance,5.0000,6495.7726,324.7886,spend75p,329.7085,336.7629,344.9743,353.4885,362.4315,371.3888,381.8788,390.3312,400.2716,408.4793,215.1363,216.5573,215.5965,215.4406,215.3539,214.3944,212.9061,210.4526,205.6364,203.0536,200.8318,196.9888,192.6336,187.1163,181.7129,177.8909,172.8012,166.8504,162.5062,157.0697,152.8012,149.0101,143.2945,137.3346,132.8114,128.9079,123.2504,120.0440,115.5228,115.6064,112.6858,108.2950,105.0798,99.5778,94.2777
60,1.2000,DynamicV1Rebalance,6.0000,5413.1438,324.7886,survival,1.0000,1.0000,1.0000,1.0000,1.0000,1.0000,0.9985,0.9970,0.9870,0.9720,0.9605,0.9490,0.9325,0.9195,0.9055,0.8855,0.8640,0.8430,0.8325,0.8180,0.8040,0.7860,0.7655,0.7525,0.7415,0.7320,0.7235,0.7150,0.7090,0.7005,0.6945,0.6885,0.6845,0.6810,0.6770,0.6730,0.6665,0.6630,0.6610,0.6590,0.6580,0.6565,0.6550,0.6535,0.6525
60,1.2000,DynamicV1Rebalance,6.0000,5413.1438,324.7886,spend25p,325.1704,322.8749,320.3487,316.9219,313.7571,310.8629,306.4548,302.7556,296.7697,290.2496,135.8631,129.2559,122.1091,114.8928,107.5090,97.1086,86.2163,76.2278,67.5338,57.0673,47.2436,34.4836,16.6747,0.0000,0.0000,0.0000,0.0000,0.0000,0.0000,0.0000,0.0000,0.0000,0.0000,0.0000,0.0000,0.0000,0.0000,0.0000,0.0000,0.0000,0.0000,0.0000,0.0000,0.0000,0.0000
60,1.2000,DynamicV1Rebalance,6.0000,5413.1438,324.7886,spend50p,327.4091,329.8399,332.4842,334.2764,336.9922,339.3877,342.3425,345.0516,346.5102,348.0206,174.2122,171.0300,166.2077,161.3853,156.3940,148.6211,141.6627,134.0539,126.9868,120.9907,112.7030,104.9061,97.3316,91.3365,85.0108,78.5030,72.3043,67.0471,61.7066,55.6907,50.0513,43.8991,37.5654,32.6308,27.6126,22.9093,15.0446,9.0450,4.1565,0.5951,0.0000,0.0000,0.0000,0.0000,0.0000
60,1.2000,DynamicV1Rebalance,6.0000,5413.1438,324.7886,spend75p,329.7085,336.7629,344.9743,353.4885,362.4315,371.3888,381.7610,390.1445,398.4052,405.3097,212.4327,213.1563,212.0303,210.6698,207.7129,205.1535,200.3667,194.4504,192.2772,187.4537,182.7451,177.8525,169.4874,165.4725,160.6707,152.9676,145.3657,141.0187,138.7024,134.5993,128.5588,122.9894,118.4281,114.7231,111.3677,104.3943,97.9063,92.2655,87.0685,85.2462,82.8075,77.7856,75.5011,71.4294,67.5924
60,1.2000,DynamicV1Rebalance,7.0000,4639.8376,324.7886,survival,1.0000,1.0000,1.0000,1.0000,1.0000,0.9990,0.9965,0.9850,0.9685,0.9340,0.9150,0.8940,0.8710,0.8410,0.8165,0.7910,0.7675,0.7430,0.7260,0.7080,0.6870,0.6700,0.6560,0.6370,0.6245,0.6145,0.6090,0.6020,0.5930,0.5890,0.5835,0.5775,0.5710,0.5670,0.5645,0.5610,0.5585,0.5555,0.5540,0.5525,0.5510,0.5455,0.5435,0.5415,0.5380
60,1.2000,DynamicV1Rebalance,7.0000,4639.8376,324.7886,spend25p,325.1704,322.8749,320.3487,316.9219,313.7571,310.6569,306.1438,300.3196,292.6421,282.0038,128.1251,119.1965,108.5778,95.6935,83.4079,67.1790,44.7538,0.0000,0.0000,0.0000,0.0000,0.0000,0.0000,0.0000,0.0000,0.0000,0.0000,0.0000,0.0000,0.0000,0.0000,0.0000,0.0000,0.0000,0.0000,0.0000,0.0000,0.0000,0.0000,0.0000,0.0000,0.0000,0.0000,0.0000,0.0000
60,1.2000,DynamicV1Rebalance,7.0000,4639.8376,324.7886,spend50p,327.4091,329.8399,332.4842,334.2764,336.9922,339.3015,342.3026,344.0853,344.7860,342.7564,169.5881,163.4843,157.0788,149.6042,141.4345,134.1490,126.2067,117.2363,107.6714,99.7285,91.0449,81.0177,74.7968,64.4024,55.6377,48.0657,42.3501,36.1499,29.0020,23.5748,19.1946,12.4657,5.6172,0.0000,0.0000,0.0000,0.0000,0.0000,0.0000,0.0000,0.0000,0.0000,0.0000,0.0000,0.0000
60,1.2000,DynamicV1Rebalance,7.0000,4639.8376,324.7886,spend75p,329.7085,336.7629,344.9743,353.4885,362.4315,371.0696,381.7427,388.4809,395.0798,400.4685,208.5439,207.2341,204.3489,202.1704,197.4939,193.2086,186.5089,180.8140,177.5882,172.0715,163.0887,155.3802,148.2707,140.6974,134.1061,129.7623,126.2859,119.9934,114.5476,110.6393,104.7447,100.5861,94.8634,89.7009,85.9814,80.6433,75.8585,70.5044,64.3945,59.0526,56.0202,51.6543,45.7168,40.3119,34.5689
60,1.2000,DynamicV1Rebalance,8.0000,4059.8579,324.7886,survival,1.0000,1.0000,1.0000,1.0000,1.0000,0.9980,0.9870,0.9705,0.9290,0.8805,0.8475,0.8055,0.7725,0.7435,0.7060,0.6780,0.6510,0.6280,0.6065,0.5895,0.5705,0.5535,0.5435,0.5325,0.5185,0.5095,0.4990,0.4905,0.4845,0.4780,0.4725,0.4655,0.4620,0.4590,0.4555,0.4520,0.4505,0.4480,0.4455,0.4435,0.4415,0.4395,0.4395,0.4380,0.4370
60,1.2000,DynamicV1Rebalance,8.0000,4059.8579,324.7886,spend25p,325.1704,322.8749,320.3487,316.9219,313.7571,310.2211,304.3187,297.4293,284.6318,268.6547,114.0084,97.0774,76.5200,0.0000,0.0000,0.0000,0.0000,0.0000,0.0000,0.0000,0.0000,0.0000,0.0000,0.0000,0.0000,0.0000,0.0000,0.0000,0.0000,0.0000,0.0000,0.0000,0.0000,0.0000,0.0000,0.0000,0.0000,0.0000,0.0000,0.0000,0.0000,0.0000,0.0000,0.0000,0.0000
60,1.2000,DynamicV1Rebalance,8.0000,4059.8579,324.7886,spend50p,327.4091,329.8399,332.4842,334.2764,336.9922,339.2100,341.2420,343.0844,339.1829,333.3524,160.3946,150.5827,141.5252,133.1042,122.2696,112.9786,100.6737,90.0639,78.3641,68.6804,55.1387,44.3109,34.0017,25.8209,12.2513,0.0000,0.0000,0.0000,0.0000,0.0000,0.0000,0.0000,0.0000,0.0000,0.0000,0.0000,0.0000,0.0000,0.0000,0.0000,0.0000,0.0000,0.0000,0.0000,0.0000
60,1.2000,DynamicV1Rebalance,8.0000,4059.8579,324.7886,spend75p,329.7085,336.7629,344.9743,353.4885,362.4315,370.9055,380.0645,386.1043,391.6418,393.6982,202.1200,196.7732,193.9194,189.8561,182.5388,175.1852,170.1987,161.0111,151.5462,145.6556,136.6512,129.6426,125.0734,118.8948,111.1519,105.4472,99.7594,94.0406,88.5303,81.3403,76.9115,71.7136,65.6625,61.1238,53.9055,47.3245,42.9080,36.3743,31.2714,26.6210,21.7734,17.3604,14.0458,11.0536,7.1561
60,1.2000,DynamicV1Rebalance,9.0000,3608.7625,324.7886,survival,1.0000,1.0000,1.0000,1.0000,0.9995,0.9940,0.9750,0.9350,0.8760,0.7855,0.7405,0.6965,0.6625,0.6305,0.5925,0.5710,0.5430,0.5225,0.4990,0.4820,0.4625,0.4485,0.4400,0.4285,0.4155,0.4020,0.3935,0.3850,0.3770,0.3675,0.3620,0.3580,0.3540,0.3515,0.3485,0.3450,0.3425,0.3375,0.3350,0.3320,0.3295,0.3280,0.3260,0.3250,0.3240
60,1.2000,DynamicV1Rebalance,9.0000,3608.7625,324.7886,spend25p,325.1704,322.8749,320.3487,316.9219,313.6955,309.6653,302.5275,290.4097,272.6220,232.1687,0.0000,0.0000,0.0000,0.0000,0.0000,0.0000,0.0000,0.0000,0.0000,0.0000,0.0000,0.0000,0.0000,0.0000,0.0000,0.0000,0.0000,0.0000,0.0000,0.0000,0.0000,0.0000,0.0000,0.0000,0.0000,0.0000,0.0000,0.0000,0.0000,0.0000,0.0000,0.0000,0.0000,0.0000,0.0000
60,1.2000,DynamicV1Rebalance,9.0000,3608.7625,324.7886,spend50p,327.4091,329.8399,332.4842,334.2764,336.9744,338.9182,340.0884,337.4979,331.6944,314.1582,144.9125,134.2391,122.9931,111.1136,95.4250,82.2082,64.9878,46.8112,0.0000,0.0000,0.0000,0.0000,0.0000,0.0000,0.0000,0.0000,0.0000,0.0000,0.0000,0.0000,0.0000,0.0000,0.0000,0.0000,0.0000,0.0000,0.0000,0.0000,0.0000,0.0000,0.0000,0.0000,0.0000,0.0000,0.0000
60,1.2000,DynamicV1Rebalance,9.0000,3608.7625,324.7886,spend75p,329.7085,336.7629,344.9743,353.4885,362.3995,370.8288,379.0726,382.5170,383.9696,377.0751,189.8990,185.5292,180.4125,173.6596,166.6085,158.7286,150.5981,141.0973,129.3447,122.5887,112.3585,104.3815,96.1397,88.5363,81.7216,73.9422,67.6468,61.0072,54.1477,47.6766,41.0312,34.9655,30.8255,25.5521,20.0439,14.0865,9.1848,1.5698,0.0000,0.0000,0.0000,0.0000,0.0000,0.0000,0.0000
60,1.2000,DynamicV1Rebalance,10.0000,3247.8863,324.7886,survival,1.0000,1.0000,1.0000,1.0000,0.9985,0.9845,0.9520,0.8880,0.7850,0.6840,0.6355,0.5965,0.5590,0.5215,0.4915,0.4640,0.4345,0.4080,0.3910,0.3675,0.3505,0.3395,0.3250,0.3110,0.3010,0.2935,0.2860,0.2780,0.2725,0.2670,0.2605,0.2555,0.2510,0.2490,0.2465,0.2450,0.2445,0.2430,0.2405,0.2395,0.2385,0.2370,0.2360,0.2355,0.2355
60,1.2000,DynamicV1Rebalance,10.0000,3247.8863,324.7886,spend25p,325.1704,322.8749,320.3487,316.9219,313.6398,308.3219,298.5004,281.4252,240.0129,0.0000,0.0000,0.0000,0.0000,0.0000,0.0000,0.0000,0.0000,0.0000,0.0000,0.0000,0.0000,0.0000,0.0000,0.0000,0.0000,0.0000,0.0000,0.0000,0.0000,0.0000,0.0000,0.0000,0.0000,0.0000,0.0000,0.0000,0.0000,0.0000,0.0000,0.0000,0.0000,0.0000,0.0000,0.0000,0.0000
60,1.2000,DynamicV1Rebalance,10.0000,3247.8863,324.7886,spend50p,327.4091,329.8399,332.4842,334.2764,336.8993,338.3532,337.7416,331.4181,316.1488,288.8538,127.0612,111.5619,95.5607,70.2712,0.0000,0.0000,0.0000,0.0000,0.0000,0.0000,0.0000,0.0000,0.0000,0.0000,0.0000,0.0000,0.0000,0.0000,0.0000,0.0000,0.0000,0.0000,0.0000,0.0000,0.0000,0.0000,0.0000,0.0000,0.0000,0.0000,0.0000,0.0000,0.0000,0.0000,0.0000
60,1.2000,DynamicV1Rebalance,10.0000,3247.8863,324.7886,spend75p,329.7085,336.7629,344.9743,353.4885,362.2723,370.2315,376.1412,378.3051,371.9681,360.9458,179.6216,173.8731,165.7110,156.5530,146.5144,136.2626,126.9829,114.8484,105.5272,93.2529,83.0986,73.5245,61.1477,49.7264,39.7756,31.2017,23.0510,14.9256,5.5884,0.0000,0.0000,0.0000,0.0000,0.0000,0.0000,0.0000,0.0000,0.0000,0.0000,0.0000,0.0000,0.0000,0.0000,0.0000,0.0000
60,1.5000,DynamicV1Rebalance,2.5000,16024.4314,400.6108,survival,1.0000,1.0000,1.0000,1.0000,1.0000,1.0000,1.0000,1.0000,1.0000,1.0000,1.0000,1.0000,1.0000,0.9995,0.9995,0.9990,0.9980,0.9980,0.9975,0.9960,0.9960,0.9955,0.9955,0.9955,0.9950,0.9940,0.9940,0.9935,0.9930,0.9920,0.9920,0.9920,0.9915,0.9900,0.9885,0.9880,0.9870,0.9865,0.9865,0.9850,0.9850,0.9845,0.9845,0.9830,0.9810
60,1.5000,DynamicV1Rebalance,2.5000,16024.4314,400.6108,spend25p,401.0817,398.2348,395.0992,390.8492,386.9191,383.3197,379.0052,374.4781,369.9376,365.9763,209.7001,207.1828,201.9916,196.4963,190.7200,185.8599,181.6192,175.9254,171.0301,165.6780,160.7729,157.9160,152.9183,146.5803,142.1581,138.2194,133.6310,130.1541,126.1044,121.9947,117.2693,112.2057,108.4961,104.7078,99.3478,94.4419,89.4535,85.1126,81.2352,77.1897,75.5294,73.7403,69.3140,64.9609,61.2883
60,1.5000,DynamicV1Rebalance,2.5000,16024.4314,400.6108,spend50p,403.8430,406.8254,410.0663,412.2519,415.5722,418.4931,422.1928,426.1172,429.5212,432.5065,260.7766,260.0722,261.1817,259.1704,255.7439,253.7766,249.9010,246.3344,242.0168,239.9168,238.5520,235.1084,230.9497,228.2913,225.0602,222.6255,220.9228,220.2575,216.9634,213.6495,210.5099,207.9604,203.2800,202.8799,197.5696,193.2984,189.6341,184.4892,183.1825,179.7916,178.6184,175.0139,173.0453,170.6264,164.9536
60,1.5000,DynamicV1Rebalance,2.5000,16024.4314,400.6108,spend75p,406.6792,415.3642,425.4709,435.9456,446.9435,457.9530,470.8465,481.4739,493.7571,505.6650,315.1236,319.0898,322.2993,325.2095,329.2416,331.0514,334.3167,337.5826,339.9285,342.2459,343.5409,343.5239,345.9927,345.7869,343.6642,343.2709,340.9932,339.0888,340.9121,342.5606,340.9005,340.6722,341.3663,344.6847,344.1173,343.2305,346.1699,341.4359,341.7199,339.2753,345.7881,348.4636,351.5860,351.0719,350.3533
60,1.5000,DynamicV1Rebalance,3.0000,13353.6929,400.6108,survival,1.0000,1.0000,1.0000,1.0000,1.0000,1.0000,1.0000,1.0000,1.0000,1.0000,1.0000,0.9985,0.9980,0.9970,0.9965,0.9955,0.9950,0.9945,0.9930,0.9925,0.9900,0.9900,0.9870,0.9860,0.9845,0.9840,0.9820,0.9810,0.9790,0.9775,0.9765,0.9750,0.9720,0.9690,0.9680,0.9670,0.9655,0.9635,0.9625,0.9600,0.9595,0.9565,0.9565,0.9550,0.9530
60,1.5000,DynamicV1Rebalance,3.0000,13353.6929,400.6108,spend25p,401.0817,398.2348,395.0992,390.8492,386.9191,383.3197,379.0052,374.4781,369.9376,365.9763,209.7001,206.8254,201.4733,195.8512,190.3662,185.4925,180.3731,174.9934,169.8841,165.1294,158.2127,155.4861,149.5512,143.7845,138.9988,134.2042,129.5614,125.6858,121.4785,117.2176,111.8222,107.2939,101.9885,96.3645,91.1888,87.8087,82.2626,75.2661,72.4042,68.7180,65.2463,60.6652,57.6456,52.1721,46.7275
60,1.5000,DynamicV1Rebalance,3.0000,13353.6929,400.6108,spend50p,403.8430,406.8254,410.0663,412.2519,415.5722,418.4931,422.1928,426.1172,429.5212,432.5065,260.7766,259.3453,260.9304,258.2579,255.4911,252.9278,249.0502,245.2715,240.8100,239.4134,236.8632,232.9859,227.5853,226.4352,221.4761,219.3133,217.8050,215.8396,213.4406,207.1740,203.1940,200.0061,197.4690,193.9214,190.3195,187.4737,183.6047,179.1909,173.5880,169.8306,167.4459,162.7924,160.1631,158.0797,153.0038
60,1.5000,DynamicV1Rebalance,3.0000,13353.6929,400.6108,spend75p,406.6792,415.3642,425.4709,435.9456,446.9435,457.9530,470.8465,481.4739,493.7571,505.6650,315.1236,318.9983,321.5048,324.5953,328.1842,330.6944,334.1678,336.5945,338.9329,341.3682,339.4293,340.5510,342.1256,341.3409,341.3131,339.6973,334.5896,333.6750,333.3714,333.1807,332.9313,331.9873,331.0215,327.7835,329.0954,331.3591,327.0742,323.3637,320.3801,317.4945,317.5012,318.4920,324.3897,328.0639,326.6755
60,1.5000,DynamicV1Rebalance,3.5000,11446.0225,400.6108,survival,1.0000,1.0000,1.0000,1.0000,1.0000,1.0000,1.0000,1.0000,1.0000,0.9985,0.9980,0.9975,0.9960,0.9945,0.9925,0.9905,0.9880,0.9835,0.9805,0.9760,0.9725,0.9695,0.9670,0.9610,0.9565,0.9515,0.9475,0.9440,0.9395,0.9350,0.9320,0.9290,0.9265,0.9225,0.9200,0.9155,0.9140,0.9130,0.9100,0.9080,0.9070,0.9060,0.9050,0.9040,0.9015
60,1.5000,DynamicV1Rebalance,3.5000,11446.0225,400.6108,spend25p,401.0817,398.2348,395.0992,390.8492,386.9191,383.3197,379.0052,374.4781,369.9376,365.5768,209.3213,206.7191,201.2099,194.8922,189.7141,183.9146,178.4042,171.3355,165.4571,160.0994,154.4226,148.7683,142.8510,136.6726,131.1625,124.3223,120.0046,114.2570,107.4648,103.5237,98.1783,91.9580,87.5830,81.8063,74.5961,68.1006,63.6478,58.2731,52.5487,47.9030,44.3361,40.8619,36.5889,32.5848,26.3607
60,1.5000,DynamicV1Rebalance,3.5000,11446.0225,400.6108,spend50p,403.8430,406.8254,410.0663,412.2519,415.5722,418.4931,422.1928,426.1172,429.5212,432.4324,260.6242,259.0478,259.7908,257.7478,253.4814,251.3781,247.7331,240.9132,236.4616,233.6113,231.7156,227.9001,223.7437,218.8715,213.3435,210.8595,208.1868,203.8061,198.4211,193.9616,187.9076,184.1009,180.2569,178.5846,172.6262,168.2874,166.1895,160.0514,156.3272,153.0325,149.1257,144.1132,141.4162,138.7047,133.2521
60,1.5000,DynamicV1Rebalance,3.5000,11446.0225,400.6108,spend75p,406.6792,415.3642,425.4709,435.9456,446.9435,457.9530,470.8465,481.4739,493.7571,505.5832,314.9417,318.8338,321.3289,324.1468,327.5807,329.1934,330.2551,332.5229,334.2674,334.1692,331.5022,333.6754,334.9746,333.9847,331.6916,325.1834,324.3914,320.3156,317.0472,316.2046,313.4102,312.2213,308.1616,305.3700,305.7390,300.0115,295.0132,293.0091,289.1584,292.2765,292.4294,296.5568,297.9453,297.3654,298.8827
60,1.5000,DynamicV1Rebalance,4.0000,10015.2697,400.6108,survival,1.0000,1.0000,1.0000,1.0000,1.0000,1.0000,1.0000,1.0000,0.9990,0.9980,0.9965,0.9940,0.9925,0.9885,0.9830,0.9760,0.9720,0.9640,0.9600,0.9550,0.9425,0.9320,0.9265,0.9175,0.9110,0.9065,0.9010,0.8950,0.8925,0.8865,0.8810,0.8750,0.8705,0.8655,0.8590,0.8530,0.8495,0.8480,0.8440,0.8435,0.8415,0.8395,0.8375,0.8330,0.8295
60,1.5000,DynamicV1Rebalance,4.0000,10015.2697,400.6108,spend25p,401.0817,398.2348,395.0992,390.8492,386.9191,383.3197,379.0052,374.4781,369.5623,365.3659,209.2200,206.2509,200.6145,193.4363,187.8281,180.6010,174.1787,166.6549,160.3439,153.6533,144.0001,136.3070,131.2739,122.7866,116.2315,108.9788,103.1794,95.4593,91.1741,82.9162,77.2472,70.0794,65.7980,58.8540,51.1991,42.0592,35.2505,29.7345,24.0473,19.4898,14.8368,11.6026,7.3685,3.5698,0.0000
60,1.5000,DynamicV1Rebalance,4.0000,10015.2697,400.6108,spend50p,403.8430,406.8254,410.0663,412.2519,415.5722,418.4931,422.1928,426.1172,429.3911,432.4134,260.3737,258.2661,258.6417,256.7915,251.5476,247.8316,243.5482,236.4912,232.3715,227.5799,219.4908,214.9767,210.9068,206.4654,202.1337,199.1137,195.0467,190.1412,186.0683,180.6233,175.4533,168.1511,164.0090,159.0394,153.0126,146.0594,140.9125,135.3501,129.9401,128.5534,124.7903,119.5149,115.3614,111.3751,106.5910
60,1.5000,DynamicV1Rebalance,4.0000,10015.2697,400.6108,spend75p,406.6792,415.3642,425.4709,435.9456,446.9435,457.9530,470.8465,481.4739,493.6176,505.5196,314.6174,317.9802,320.8804,322.1536,324.8457,325.1138,325.3343,325.4574,327.3670,326.2019,323.4418,321.8244,320.0143,316.8116,311.2767,306.6600,304.5300,305.3028,301.7777,293.6055,291.9124,289.4326,285.7959,282.1351,276.5341,270.2454,269.2172,265.1604,264.4932,267.1018,269.6585,270.0036,267.2135,262.5901,261.5955
60,1.5000,DynamicV1Rebalance,5.0000,8012.2157,400.6108,survival,1.0000,1.0000,1.0000,1.0000,1.0000,1.0000,1.0000,0.9985,0.9970,0.9920,0.9845,0.9775,0.9680,0.9585,0.9445,0.9335,0.9215,0.9055,0.8910,0.8770,0.8575,0.8480,0.8350,0.8225,0.8055,0.7960,0.7875,0.7750,0.7665,0.7585,0.7535,0.7465,0.7405,0.7355,0.7335,0.7300,0.7280,0.7225,0.7200,0.7170,0.7150,0.7095,0.7085,0.7075,0.7025
60,1.5000,DynamicV1Rebalance,5.0000,8012.2157,400.6108,spend25p,401.0817,398.2348,395.0992,390.8492,386.9191,383.3197,379.0052,373.8804,368.7746,364.0402,207.1383,201.3046,193.5491,186.7120,178.0526,169.6493,160.5830,149.6453,141.0492,129.7647,116.6117,106.3635,94.0785,82.9921,69.5592,58.7221,48.4863,33.6806,21.2616,4.5075,0.0000,0.0000,0.0000,0.0000,0.0000,0.0000,0.0000,0.0000,0.0000,0.0000,0.0000,0.0000,0.0000,0.0000,0.0000
60,1.5000,DynamicV1Rebalance,5.0000,8012.2157,400.6108,spend50p,403.8430,406.8254,410.0663,412.2519,415.5722,418.4931,422.1928,425.5836,429.1277,431.2187,259.0067,255.6196,254.4172,250.6676,244.1808,238.2417,232.1709,224.2363,215.4131,205.7792,195.8002,189.1347,181.5030,175.8873,168.7040,161.7777,154.9736,146.8554,140.5366,135.5532,130.7061,125.4344,119.0411,112.7896,106.6570,100.9407,95.7129,88.4712,83.6448,78.8496,75.9057,72.2604,68.3517,64.3730,57.9879
60,1.5000,DynamicV1Rebalance,5.0000,8012.2157,400.6108,spend75p,406.6792,415.3642,425.4709,435.9456,446.9435,457.9530,470.8465,481.2216,493.4250,503.4862,311.3598,314.8442,315.8618,315.6402,315.6982,315.4464,314.5154,308.5668,304.6143,303.3742,297.8889,296.2847,288.7259,282.5496,276.1386,271.4044,264.8329,255.0193,253.7771,252.2821,246.6380,240.4766,235.7281,232.8561,229.2035,226.1406,220.9398,213.0081,206.3585,207.1478,210.7854,207.4906,207.7796,206.0787,198.4343
60,1.5000,DynamicV1Rebalance,6.0000,6676.8464,400.6108,survival,1.0000,1.0000,1.0000,1.0000,1.0000,1.0000,0.9985,0.9970,0.9870,0.9720,0.9585,0.9440,0.9265,0.9085,0.8860,0.8570,0.8355,0.8180,0.7995,0.7765,0.7540,0.7395,0.7220,0.7065,0.6905,0.6785,0.6655,0.6550,0.6435,0.6355,0.6305,0.6275,0.6245,0.6175,0.6145,0.6085,0.6025,0.5995,0.5945,0.5920,0.5895,0.5870,0.5850,0.5810,0.5760
60,1.5000,DynamicV1Rebalance,6.0000,6676.8464,400.6108,spend25p,401.0817,398.2348,395.0992,390.8492,386.9191,383.3197,377.8508,373.2536,365.8355,357.7579,202.1444,193.1294,183.9985,173.6560,159.9508,144.1784,129.7220,117.1163,98.9565,76.1468,36.0064,0.0000,0.0000,0.0000,0.0000,0.0000,0.0000,0.0000,0.0000,0.0000,0.0000,0.0000,0.0000,0.0000,0.0000,0.0000,0.0000,0.0000,0.0000,0.0000,0.0000,0.0000,0.0000,0.0000,0.0000
60,1.5000,DynamicV1Rebalance,6.0000,6676.8464,400.6108,spend50p,403.8430,406.8254,410.0663,412.2519,415.5722,418.4931,422.0993,425.3985,427.1519,428.9656,255.0989,250.5220,244.8415,238.4620,229.6540,219.9017,210.5200,201.8079,193.8127,182.0742,171.7934,163.4625,153.1728,141.8851,132.8572,122.9516,116.4617,107.9708,98.6801,89.9413,84.7677,78.3424,72.2620,64.1949,59.0588,52.3026,43.8948,37.1371,29.7257,25.7035,20.9015,16.0189,12.6064,6.6834,2.3028
60,1.5000,DynamicV1Rebalance,6.0000,6676.8464,400.6108,spend75p,406.6792,415.3642,425.4709,435.9456,446.9435,457.9530,470.7013,480.9914,491.1242,499.5794,308.0632,309.3209,308.7998,307.6588,304.3453,299.1072,293.4107,291.1667,286.9523,278.7006,270.0474,262.5708,255.3506,250.4693,236.6490,230.7957,227.5341,224.3443,218.9905,212.9673,209.6307,205.1513,200.8236,197.2871,194.0745,187.8988,182.9426,179.8436,173.8521,169.9912,166.8854,161.9996,158.8168,156.5117,150.1391
60,1.5000,DynamicV1Rebalance,7.0000,5723.0112,400.6108,survival,1.0000,1.0000,1.0000,1.0000,1.0000,0.9990,0.9965,0.9850,0.9685,0.9340,0.9100,0.8880,0.8545,0.8185,0.7930,0.7595,0.7335,0.7100,0.6825,0.6540,0.6360,0.6130,0.5985,0.5855,0.5725,0.5595,0.5475,0.5350,0.5275,0.5195,0.5120,0.5055,0.5015,0.4950,0.4915,0.4885,0.4845,0.4785,0.4750,0.4750,0.4725,0.4700,0.4660,0.4635,0.4600
60,1.5000,DynamicV1Rebalance,7.0000,5723.0112,400.6108,spend25p,401.0817,398.2348,395.0992,390.8492,386.9191,383.0657,377.4673,370.2504,360.7474,347.5942,190.1963,178.9093,162.0221,142.2718,122.5961,76.7117,0.0000,0.0000,0.0000,0.0000,0.0000,0.0000,0.0000,0.0000,0.0000,0.0000,0.0000,0.0000,0.0000,0.0000,0.0000,0.0000,0.0000,0.0000,0.0000,0.0000,0.0000,0.0000,0.0000,0.0000,0.0000,0.0000,0.0000,0.0000,0.0000
60,1.5000,DynamicV1Rebalance,7.0000,5723.0112,400.6108,spend50p,403.8430,406.8254,410.0663,412.2519,415.5722,418.3868,422.0502,424.2072,425.0264,422.4770,247.6132,239.9618,231.5254,218.9459,209.5753,198.9249,185.8380,173.6075,159.8568,145.4518,132.7426,116.1033,103.8260,93.2483,80.5104,71.1253,57.9697,45.5059,34.3336,22.5426,10.1400,0.0000,0.0000,0.0000,0.0000,0.0000,0.0000,0.0000,0.0000,0.0000,0.0000,0.0000,0.0000,0.0000,0.0000
60,1.5000,DynamicV1Rebalance,7.0000,5723.0112,400.6108,spend75p,406.6792,415.3642,425.4709,435.9456,446.9435,457.5595,470.6787,478.9404,487.0249,493.6122,301.7166,301.1885,297.8941,290.1781,290.2790,281.4318,273.0313,266.7701,258.6573,246.4198,239.5787,229.0852,221.0221,213.6762,209.1093,202.2990,194.7940,186.6404,181.3018,175.6285,167.2014,162.1251,155.7366,148.6847,145.1251,138.5321,135.5066,127.1622,122.6627,118.2045,115.2775,109.9467,102.6058,99.9671,95.7319
60,1.5000,DynamicV1Rebalance,8.0000,5007.6348,400.6108,survival,1.0000,1.0000,1.0000,1.0000,1.0000,0.9980,0.9875,0.9705,0.9295,0.8805,0.8410,0.7930,0.7545,0.7125,0.6760,0.6435,0.6105,0.5865,0.5645,0.5420,0.5220,0.5040,0.4900,0.4720,0.4605,0.4495,0.4365,0.4270,0.4155,0.4110,0.4020,0.3950,0.3885,0.3830,0.3790,0.3735,0.3680,0.3620,0.3580,0.3550,0.3520,0.3490,0.3475,0.3460,0.3445
60,1.5000,DynamicV1Rebalance,8.0000,5007.6348,400.6108,spend25p,401.0817,398.2348,395.0992,390.8492,386.9191,382.5282,375.2494,366.6871,350.9916,331.1402,171.0446,144.4252,90.6503,0.0000,0.0000,0.0000,0.0000,0.0000,0.0000,0.0000,0.0000,0.0000,0.0000,0.0000,0.0000,0.0000,0.0000,0.0000,0.0000,0.0000,0.0000,0.0000,0.0000,0.0000,0.0000,0.0000,0.0000,0.0000,0.0000,0.0000,0.0000,0.0000,0.0000,0.0000,0.0000
60,1.5000,DynamicV1Rebalance,8.0000,5007.6348,400.6108,spend50p,403.8430,406.8254,410.0663,412.2519,415.5722,418.2739,420.8090,422.9731,418.1549,410.8858,235.0992,221.0039,209.2662,194.6959,180.1928,164.0685,145.6960,129.3230,111.9153,90.7555,69.3825,28.4479,0.0000,0.0000,0.0000,0.0000,0.0000,0.0000,0.0000,0.0000,0.0000,0.0000,0.0000,0.0000,0.0000,0.0000,0.0000,0.0000,0.0000,0.0000,0.0000,0.0000,0.0000,0.0000,0.0000
60,1.5000,DynamicV1Rebalance,8.0000,5007.6348,400.6108,spend75p,406.6792,415.3642,425.4709,435.9456,446.9435,457.3571,468.8594,476.0104,482.7868,485.2672,293.3998,286.5951,281.7044,275.7121,266.2078,255.8816,246.9321,235.4711,224.7841,211.9853,200.7426,190.0447,182.0948,174.0715,165.0474,156.4115,145.4004,136.2953,129.3638,123.5643,116.9882,108.6846,101.1095,96.6762,90.8681,85.8432,76.9089,68.5129,62.8776,57.7716,52.4290,45.1636,41.3780,36.3208,30.8562
60,1.5000,DynamicV1Rebalance,9.0000,4451.2310,400.6108,survival,1.0000,1.0000,1.0000,1.0000,0.9995,0.9940,0.9750,0.9350,0.8760,0.7860,0.7310,0.6835,0.6455,0.5985,0.5650,0.5355,0.5070,0.4775,0.4505,0.4315,0.4165,0.3945,0.3770,0.3620,0.3480,0.3335,0.3215,0.3105,0.3020,0.2960,0.2885,0.2825,0.2810,0.2775,0.2735,0.2685,0.2630,0.2600,0.2565,0.2540,0.2515,0.2500,0.2490,0.2465,0.2445
60,1.5000,DynamicV1Rebalance,9.0000,4451.2310,400.6108,spend25p,401.0817,398.2348,395.0992,390.8492,386.8431,381.8429,373.0085,358.0329,336.0680,286.2063,0.0000,0.0000,0.0000,0.0000,0.0000,0.0000,0.0000,0.0000,0.0000,0.0000,0.0000,0.0000,0.0000,0.0000,0.0000,0.0000,0.0000,0.0000,0.0000,0.0000,0.0000,0.0000,0.0000,0.0000,0.0000,0.0000,0.0000,0.0000,0.0000,0.0000,0.0000,0.0000,0.0000,0.0000,0.0000
60,1.5000,DynamicV1Rebalance,9.0000,4451.2310,400.6108,spend50p,403.8430,406.8254,410.0663,412.2519,415.5503,417.9142,419.3201,416.0858,408.8881,387.5165,212.8034,198.3598,181.9454,157.4586,138.0507,112.7730,66.3868,0.0000,0.0000,0.0000,0.0000,0.0000,0.0000,0.0000,0.0000,0.0000,0.0000,0.0000,0.0000,0.0000,0.0000,0.0000,0.0000,0.0000,0.0000,0.0000,0.0000,0.0000,0.0000,0.0000,0.0000,0.0000,0.0000,0.0000,0.0000
60,1.5000,DynamicV1Rebalance,9.0000,4451.2310,400.6108,spend75p,406.6792,415.3642,425.4709,435.9456,446.9040,457.2625,467.3866,471.5879,473.3291,464.8175,276.2057,270.4396,262.6828,253.1348,243.9986,230.3682,218.8775,204.2692,191.1400,179.0718,167.0419,154.3514,140.7842,131.0130,118.3413,103.1654,90.7596,77.7396,66.5915,57.3101,47.8988,34.6936,28.4651,20.7186,11.9403,2.3245,0.0000,0.0000,0.0000,0.0000,0.0000,0.0000,0.0000,0.0000,0.0000
60,1.5000,DynamicV1Rebalance,10.0000,4006.1079,400.6108,survival,1.0000,1.0000,1.0000,1.0000,0.9985,0.9845,0.9520,0.8880,0.7865,0.6840,0.6295,0.5835,0.5330,0.4955,0.4585,0.4215,0.3895,0.3605,0.3355,0.3145,0.2945,0.2810,0.2655,0.2495,0.2440,0.2345,0.2255,0.2200,0.2105,0.2070,0.2040,0.1970,0.1920,0.1890,0.1845,0.1815,0.1795,0.1785,0.1770,0.1765,0.1755,0.1735,0.1705,0.1705,0.1690
60,1.5000,DynamicV1Rebalance,10.0000,4006.1079,400.6108,spend25p,401.0817,398.2348,395.0992,390.8492,386.7745,380.1863,368.0432,346.9563,296.9592,0.0000,0.0000,0.0000,0.0000,0.0000,0.0000,0.0000,0.0000,0.0000,0.0000,0.0000,0.0000,0.0000,0.0000,0.0000,0.0000,0.0000,0.0000,0.0000,0.0000,0.0000,0.0000,0.0000,0.0000,0.0000,0.0000,0.0000,0.0000,0.0000,0.0000,0.0000,0.0000,0.0000,0.0000,0.0000,0.0000
60,1.5000,DynamicV1Rebalance,10.0000,4006.1079,400.6108,spend50p,403.8430,406.8254,410.0663,412.2519,415.4577,417.2175,416.4265,408.5904,390.2826,356.0374,188.7900,166.1636,134.1898,0.0000,0.0000,0.0000,0.0000,0.0000,0.0000,0.0000,0.0000,0.0000,0.0000,0.0000,0.0000,0.0000,0.0000,0.0000,0.0000,0.0000,0.0000,0.0000,0.0000,0.0000,0.0000,0.0000,0.0000,0.0000,0.0000,0.0000,0.0000,0.0000,0.0000,0.0000,0.0000
60,1.5000,DynamicV1Rebalance,10.0000,4006.1079,400.6108,spend75p,406.6792,415.3642,425.4709,435.9456,446.7471,456.5260,463.7723,466.3952,459.1700,444.8970,262.1337,253.9107,241.4676,227.4426,211.6854,199.0201,181.4590,161.6507,145.1956,125.1463,104.0832,84.0788,59.6927,0.0000,0.0000,0.0000,0.0000,0.0000,0.0000,0.0000,0.0000,0.0000,0.0000,0.0000,0.0000,0.0000,0.0000,0.0000,0.0000,0.0000,0.0000,0.0000,0.0000,0.0000,0.0000
60,1.8000,DynamicV1Rebalance,2.5000,19057.3177,476.4329,survival,1.0000,1.0000,1.0000,1.0000,1.0000,1.0000,1.0000,1.0000,1.0000,1.0000,1.0000,1.0000,1.0000,0.9995,0.9995,0.9985,0.9980,0.9975,0.9960,0.9960,0.9955,0.9950,0.9945,0.9940,0.9935,0.9930,0.9920,0.9920,0.9910,0.9900,0.9890,0.9885,0.9885,0.9875,0.9870,0.9865,0.9840,0.9830,0.9815,0.9805,0.9795,0.9780,0.9780,0.9750,0.9710
60,1.8000,DynamicV1Rebalance,2.5000,19057.3177,476.4329,spend25p,476.9929,473.5946,469.8496,464.7765,460.0811,455.7764,450.6192,445.2074,439.7779,435.0353,278.2979,275.5870,269.7071,263.6883,257.2588,252.1371,246.9646,241.1207,234.8461,229.6628,224.3339,221.3992,216.2389,208.5313,204.4351,200.3143,194.4772,191.8455,186.6749,183.4058,178.3755,173.3470,170.4348,165.4685,161.7170,156.9353,151.0184,147.5219,143.1939,139.3267,137.6152,134.5623,131.4076,126.8354,121.6701
60,1.8000,DynamicV1Rebalance,2.5000,19057.3177,476.4329,spend50p,480.2769,483.8108,487.6485,490.2274,494.1521,497.5985,501.9673,506.5998,510.6103,514.1197,343.6979,342.9119,345.5051,343.4753,341.3056,339.3392,334.9309,331.0121,326.5483,326.0718,325.0084,320.9352,317.0943,315.5270,313.3309,311.6414,310.4186,310.4548,308.4056,303.7507,301.4283,301.5366,296.5475,297.3250,294.2399,290.7720,287.4283,284.7556,281.9065,279.1840,277.7309,276.1397,276.6904,274.1372,268.1092
60,1.8000,DynamicV1Rebalance,2.5000,19057.3177,476.4329,spend75p,483.6499,493.9655,505.9675,518.4027,531.4554,544.5173,559.8143,572.4120,586.9732,601.0831,412.7240,419.0660,423.5591,428.4856,434.5637,438.6775,443.3816,449.7764,453.7561,458.2385,461.4953,461.4404,468.4215,468.6343,468.6537,469.7061,467.7233,466.6725,469.4874,475.6295,475.3043,477.9781,480.9884,487.9820,489.6066,491.3939,496.8484,494.4571,492.3600,491.6771,500.3366,508.6796,518.9386,515.0322,516.0969
60,1.8000,DynamicV1Rebalance,3.0000,15881.0981,476.4329,survival,1.0000,1.0000,1.0000,1.0000,1.0000,1.0000,1.0000,1.0000,1.0000,1.0000,0.9995,0.9985,0.9980,0.9970,0.9955,0.9950,0.9950,0.9935,0.9925,0.9905,0.9890,0.9865,0.9845,0.9835,0.9815,0.9795,0.9780,0.9740,0.9725,0.9695,0.9685,0.9650,0.9630,0.9610,0.9585,0.9570,0.9550,0.9515,0.9475,0.9450,0.9410,0.9395,0.9375,0.9355,0.9345
60,1.8000,DynamicV1Rebalance,3.0000,15881.0981,476.4329,spend25p,476.9929,473.5946,469.8496,464.7765,460.0811,455.7764,450.6192,445.2074,439.7779,435.0353,278.2739,275.1883,269.3669,263.1565,256.6781,250.7167,245.7035,239.3876,233.7626,228.2814,221.0530,217.8451,210.3504,204.1109,199.8203,194.1601,189.0701,183.5519,179.0791,174.4280,169.7876,163.4816,158.7164,152.1655,147.2706,142.1215,136.3589,128.6665,124.1053,121.5530,116.0453,112.7729,109.4187,102.4082,97.4483
60,1.8000,DynamicV1Rebalance,3.0000,15881.0981,476.4329,spend50p,480.2769,483.8108,487.6485,490.2274,494.1521,497.5985,501.9673,506.5998,510.6103,514.1197,343.5628,342.5001,344.9828,342.9089,340.3050,338.3069,334.1471,329.9271,326.2110,324.3534,322.6548,318.8805,312.5728,311.4160,306.6971,305.3129,306.4334,302.4993,300.2809,293.8724,290.9047,287.4596,284.7637,282.8921,281.2020,278.9638,274.3825,269.9961,264.6544,262.1667,255.2655,252.6865,249.2967,249.6220,248.2054
60,1.8000,DynamicV1Rebalance,3.0000,15881.0981,476.4329,spend75p,483.6499,493.9655,505.9675,518.4027,531.4554,544.5173,559.8143,572.4120,586.9732,601.0831,412.6477,419.0352,423.4549,428.0693,433.7896,437.8500,443.1810,448.2035,451.8083,456.6667,455.7963,457.0657,461.5105,463.3198,463.6981,462.3032,458.3884,457.6083,458.4170,460.5443,463.0722,460.1768,458.4675,458.9642,463.1880,466.9840,460.6247,456.6250,456.7033,459.3036,459.4200,465.8931,468.7785,473.4095,476.9524
60,1.8000,DynamicV1Rebalance,3.5000,13612.3698,476.4329,survival,1.0000,1.0000,1.0000,1.0000,1.0000,1.0000,1.0000,1.0000,1.0000,0.9985,0.9975,0.9975,0.9955,0.9940,0.9920,0.9885,0.9845,0.9795,0.9745,0.9715,0.9690,0.9610,0.9565,0.9500,0.9450,0.9375,0.9340,0.9300,0.9260,0.9215,0.9180,0.9140,0.9105,0.9065,0.9025,0.8995,0.8965,0.8930,0.8910,0.8900,0.8870,0.8840,0.8825,0.8800,0.8770
60,1.8000,DynamicV1Rebalance,3.5000,13612.3698,476.4329,spend25p,476.9929,473.5946,469.8496,464.7765,460.0811,455.7764,450.6192,445.2074,439.7779,434.5604,277.8830,274.9570,269.0265,261.4941,255.9022,248.4973,242.0582,233.9799,226.0848,220.1956,215.2399,206.0829,197.9659,191.6386,184.3491,176.1517,170.7529,164.2038,158.3173,151.0863,147.1836,139.4402,133.2412,126.9201,119.6775,113.2674,106.0930,100.0875,94.0336,91.1480,86.4108,82.7286,77.4152,71.9472,65.1538
60,1.8000,DynamicV1Rebalance,3.5000,13612.3698,476.4329,spend50p,480.2769,483.8108,487.6485,490.2274,494.1521,497.5985,501.9673,506.5998,510.6103,514.0316,343.1447,342.1832,343.8244,342.0943,337.8436,335.6067,331.9066,324.6696,319.0169,316.3165,315.1019,310.0303,304.8245,297.9195,293.9388,291.4733,287.1068,284.0541,279.2825,274.4635,268.6112,264.2738,261.5532,256.7345,255.0379,250.1799,245.4850,239.5040,237.9704,236.1764,230.5392,227.3082,225.6013,223.3946,217.3625
60,1.8000,DynamicV1Rebalance,3.5000,13612.3698,476.4329,spend75p,483.6499,493.9655,505.9675,518.4027,531.4554,544.5173,559.8143,572.4120,586.9732,600.9858,412.3489,418.9614,422.4187,426.5669,432.2053,436.2157,437.6566,441.9132,444.3840,445.2917,443.9465,447.0616,448.9393,449.3335,444.4884,439.3096,439.5702,436.5900,435.7054,433.3753,431.0708,426.2757,423.9811,424.5748,421.2443,426.7226,419.5958,418.5218,416.1663,420.8687,425.3075,427.9432,432.8065,434.3953,433.1660
60,1.8000,DynamicV1Rebalance,4.0000,11910.8236,476.4329,survival,1.0000,1.0000,1.0000,1.0000,1.0000,1.0000,1.0000,1.0000,0.9990,0.9980,0.9950,0.9940,0.9915,0.9850,0.9790,0.9730,0.9665,0.9610,0.9510,0.9415,0.9280,0.9205,0.9105,0.9030,0.8955,0.8900,0.8810,0.8725,0.8655,0.8615,0.8545,0.8480,0.8435,0.8375,0.8325,0.8280,0.8240,0.8195,0.8145,0.8130,0.8105,0.8070,0.8040,0.8005,0.7965
60,1.8000,DynamicV1Rebalance,4.0000,11910.8236,476.4329,spend25p,476.9929,473.5946,469.8496,464.7765,460.0811,455.7764,450.6192,445.2074,439.3317,434.3098,277.1010,274.3631,268.0218,259.2444,252.3983,243.7767,236.2209,228.5087,218.4778,208.7164,198.3151,188.9563,181.0731,172.3421,162.7738,153.4745,142.7328,134.2545,127.4376,119.1543,110.8088,104.3012,96.9186,87.1491,77.7328,69.3476,61.2218,51.9816,44.1623,39.8717,36.8850,31.8073,26.9554,19.9578,14.4330
60,1.8000,DynamicV1Rebalance,4.0000,11910.8236,476.4329,spend50p,480.2769,483.8108,487.6485,490.2274,494.1521,497.5985,501.9673,506.5998,510.4555,514.0090,342.5025,340.5860,341.8413,339.7982,334.4104,331.0724,325.4374,318.6788,312.1843,304.5932,296.2971,291.4137,286.2739,281.8486,276.3683,272.9688,270.2026,262.6061,256.5196,252.6826,246.0953,239.6229,233.3887,226.2460,220.6110,215.6114,210.4121,204.1817,200.3098,196.5339,194.3191,190.9235,185.3387,180.6736,175.3876
60,1.8000,DynamicV1Rebalance,4.0000,11910.8236,476.4329,spend75p,483.6499,493.9655,505.9675,518.4027,531.4554,544.5173,559.8143,572.4120,586.8074,600.9102,411.7427,417.4267,421.7190,424.2727,427.9429,429.3997,431.1033,433.2261,435.7102,432.9205,430.5679,429.1854,424.7863,422.6768,418.8268,416.3781,414.6168,412.2211,406.3736,403.0157,396.7272,395.5388,394.2399,391.3758,387.1047,384.3324,379.9351,377.0610,380.1936,383.3594,382.1231,384.3141,385.7973,380.3826,380.5271
60,1.8000,DynamicV1Rebalance,5.0000,9528.6589,476.4329,survival,1.0000,1.0000,1.0000,1.0000,1.0000,1.0000,1.0000,0.9985,0.9970,0.9920,0.9840,0.9755,0.9645,0.9530,0.9400,0.9265,0.9095,0.8915,0.8730,0.8505,0.8390,0.8235,0.8095,0.7930,0.7785,0.7675,0.7515,0.7400,0.7355,0.7245,0.7180,0.7120,0.7030,0.6990,0.6950,0.6890,0.6850,0.6790,0.6750,0.6720,0.6685,0.6635,0.6600,0.6575,0.6535
60,1.8000,DynamicV1Rebalance,5.0000,9528.6589,476.4329,spend25p,476.9929,473.5946,469.8496,464.7765,460.0811,455.7764,450.6192,444.4968,438.3953,432.7340,275.1614,267.7580,257.9203,248.9344,239.4133,227.7179,214.4616,202.4025,187.1859,168.8966,154.4054,138.9686,122.0284,105.3175,87.1055,67.0520,13.6436,0.0000,0.0000,0.0000,0.0000,0.0000,0.0000,0.0000,0.0000,0.0000,0.0000,0.0000,0.0000,0.0000,0.0000,0.0000,0.0000,0.0000,0.0000
60,1.8000,DynamicV1Rebalance,5.0000,9528.6589,476.4329,spend50p,480.2769,483.8108,487.6485,490.2274,494.1521,497.5985,501.9673,505.9655,510.1424,512.5889,340.7553,337.2235,336.1551,331.0298,324.9408,316.9453,308.5503,298.2704,286.5725,273.7320,264.1803,254.9395,246.1674,238.7511,230.5824,221.5473,208.7779,198.5314,194.5147,187.1962,181.7711,173.3111,165.2243,161.8439,154.7424,147.6822,138.2924,129.2670,124.7715,121.7965,116.1026,111.3898,105.7572,97.3978,92.4397
60,1.8000,DynamicV1Rebalance,5.0000,9528.6589,476.4329,spend75p,483.6499,493.9655,505.9675,518.4027,531.4554,544.5173,559.8143,572.1121,586.5784,598.4932,408.0861,413.1674,414.5298,414.6904,415.7078,416.2946,412.6118,407.3393,403.7212,398.6716,396.1933,392.2427,385.3897,373.6768,371.0760,363.0227,350.0926,346.8935,343.5052,343.3478,340.2300,334.1790,328.1977,325.8507,325.4071,318.3712,313.0489,304.5185,301.2909,303.4726,303.6575,300.8792,300.8085,298.3752,293.0718
60,1.8000,DynamicV1Rebalance,6.0000,7940.5491,476.4329,survival,1.0000,1.0000,1.0000,1.0000,1.0000,1.0000,0.9985,0.9970,0.9870,0.9720,0.9575,0.9395,0.9205,0.8995,0.8710,0.8395,0.8185,0.8000,0.7700,0.7475,0.7275,0.7085,0.6900,0.6715,0.6560,0.6385,0.6280,0.6210,0.6115,0.6025,0.5930,0.5870,0.5785,0.5750,0.5700,0.5665,0.5630,0.5560,0.5520,0.5475,0.5415,0.5350,0.5310,0.5280,0.5245
60,1.8000,DynamicV1Rebalance,6.0000,7940.5491,476.4329,spend25p,476.9929,473.5946,469.8496,464.7765,460.0811,455.7764,449.2468,443.7516,434.9014,425.2661,268.3114,255.8380,244.8638,231.3383,211.3577,189.4298,171.4512,149.2600,114.0611,0.0000,0.0000,0.0000,0.0000,0.0000,0.0000,0.0000,0.0000,0.0000,0.0000,0.0000,0.0000,0.0000,0.0000,0.0000,0.0000,0.0000,0.0000,0.0000,0.0000,0.0000,0.0000,0.0000,0.0000,0.0000,0.0000
60,1.8000,DynamicV1Rebalance,6.0000,7940.5491,476.4329,spend50p,480.2769,483.8108,487.6485,490.2274,494.1521,497.5985,501.8561,505.7453,507.7937,509.9106,336.1906,330.5874,322.7707,315.0485,303.0293,290.7742,279.6713,268.7397,253.4866,240.2255,227.9933,216.3110,202.3384,188.6838,175.9317,162.1083,150.9690,142.2243,132.8021,125.5562,112.7563,104.8986,94.7107,86.6972,74.1093,68.0325,57.9066,46.6479,41.3649,35.5221,26.9639,18.2591,10.4718,6.3016,0.1031
60,1.8000,DynamicV1Rebalance,6.0000,7940.5491,476.4329,spend75p,483.6499,493.9655,505.9675,518.4027,531.4554,544.5173,559.6416,571.8383,583.8432,593.8491,404.2272,405.5705,405.9839,404.1809,399.9321,393.9927,389.3274,385.6839,376.7983,369.3018,359.2856,347.8925,340.1298,326.6047,316.7286,311.7714,309.5741,305.8719,299.9929,292.9952,285.2207,279.2990,275.7853,273.3346,268.5295,264.0984,263.0638,250.8103,245.0791,242.6072,235.0882,227.7142,225.6810,224.7497,219.9709
60,1.8000,DynamicV1Rebalance,7.0000,6806.1849,476.4329,survival,1.0000,1.0000,1.0000,1.0000,1.0000,0.9990,0.9965,0.9850,0.9685,0.9340,0.9065,0.8830,0.8430,0.8045,0.7705,0.7400,0.7145,0.6785,0.6485,0.6255,0.6050,0.5825,0.5690,0.5490,0.5320,0.5185,0.5085,0.4955,0.4855,0.4800,0.4730,0.4655,0.4580,0.4535,0.4485,0.4430,0.4370,0.4320,0.4300,0.4270,0.4235,0.4170,0.4140,0.4115,0.4080
60,1.8000,DynamicV1Rebalance,7.0000,6806.1849,476.4329,spend25p,476.9929,473.5946,469.8496,464.7765,460.0811,455.4744,448.7908,440.1812,428.8526,413.1846,252.5537,238.3830,212.6035,184.8434,143.9006,0.0000,0.0000,0.0000,0.0000,0.0000,0.0000,0.0000,0.0000,0.0000,0.0000,0.0000,0.0000,0.0000,0.0000,0.0000,0.0000,0.0000,0.0000,0.0000,0.0000,0.0000,0.0000,0.0000,0.0000,0.0000,0.0000,0.0000,0.0000,0.0000,0.0000
60,1.8000,DynamicV1Rebalance,7.0000,6806.1849,476.4329,spend50p,480.2769,483.8108,487.6485,490.2274,494.1521,497.4721,501.7978,504.3290,505.2669,502.1977,325.3139,316.8429,304.7063,288.4434,276.3682,258.4537,245.4037,226.9970,208.6389,190.4303,171.5539,149.2580,135.4195,112.4762,93.5160,69.7559,45.9114,0.0000,0.0000,0.0000,0.0000,0.0000,0.0000,0.0000,0.0000,0.0000,0.0000,0.0000,0.0000,0.0000,0.0000,0.0000,0.0000,0.0000,0.0000
60,1.8000,DynamicV1Rebalance,7.0000,6806.1849,476.4329,spend75p,483.6499,493.9655,505.9675,518.4027,531.4554,544.0494,559.6148,569.3999,578.9700,586.7559,395.0749,394.5433,390.1575,381.1044,379.1138,370.8378,360.6581,348.7295,334.3309,324.2702,313.8291,302.7537,295.1120,283.7212,273.3647,265.9825,257.8326,248.8016,238.0854,230.1916,225.0038,217.1390,211.8298,205.8878,196.6645,189.8472,180.8062,170.7639,166.3662,161.6844,158.5950,155.6172,148.1887,145.5856,143.2140
60,1.8000,DynamicV1Rebalance,8.0000,5955.4118,476.4329,survival,1.0000,1.0000,1.0000,1.0000,1.0000,0.9980,0.9875,0.9705,0.9295,0.8805,0.8395,0.7835,0.7390,0.6975,0.6545,0.6150,0.5865,0.5620,0.5340,0.5095,0.4895,0.4700,0.4530,0.4390,0.4220,0.4090,0.3980,0.3860,0.3750,0.3675,0.3575,0.3500,0.3440,0.3360,0.3290,0.3230,0.3190,0.3155,0.3120,0.3075,0.3055,0.3020,0.2995,0.2990,0.2945
60,1.8000,DynamicV1Rebalance,8.0000,5955.4118,476.4329,spend25p,476.9929,473.5946,469.8496,464.7765,460.0811,454.8354,446.1538,435.9449,417.2551,393.6258,228.3172,190.7537,0.0000,0.0000,0.0000,0.0000,0.0000,0.0000,0.0000,0.0000,0.0000,0.0000,0.0000,0.0000,0.0000,0.0000,0.0000,0.0000,0.0000,0.0000,0.0000,0.0000,0.0000,0.0000,0.0000,0.0000,0.0000,0.0000,0.0000,0.0000,0.0000,0.0000,0.0000,0.0000,0.0000
60,1.8000,DynamicV1Rebalance,8.0000,5955.4118,476.4329,spend50p,480.2769,483.8108,487.6485,490.2274,494.1521,497.3378,500.3221,502.8619,497.0981,488.4192,310.4219,291.1193,275.2245,256.8401,234.3458,210.4941,185.6754,166.0786,131.4325,84.5606,0.0000,0.0000,0.0000,0.0000,0.0000,0.0000,0.0000,0.0000,0.0000,0.0000,0.0000,0.0000,0.0000,0.0000,0.0000,0.0000,0.0000,0.0000,0.0000,0.0000,0.0000,0.0000,0.0000,0.0000,0.0000
60,1.8000,DynamicV1Rebalance,8.0000,5955.4118,476.4329,spend75p,483.6499,493.9655,505.9675,518.4027,531.4554,543.8087,557.4517,565.9166,573.9318,576.8363,384.2701,373.9065,369.9339,360.8613,348.6485,335.5983,321.4528,309.5091,293.6703,276.8324,263.1591,249.1181,238.4200,224.0016,211.6247,200.4194,190.7586,178.6223,171.9097,161.6222,150.0934,137.2866,128.1876,116.9835,107.3948,98.9258,88.4412,81.6008,72.6099,62.9524,57.7880,52.7203,46.0447,44.9640,35.6592
60,1.8000,DynamicV1Rebalance,9.0000,5293.6994,476.4329,survival,1.0000,1.0000,1.0000,1.0000,0.9995,0.9940,0.9750,0.9350,0.8760,0.7865,0.7260,0.6760,0.6290,0.5850,0.5445,0.5130,0.4755,0.4500,0.4250,0.4010,0.3770,0.3560,0.3320,0.3185,0.3045,0.2925,0.2810,0.2710,0.2655,0.2550,0.2460,0.2425,0.2370,0.2335,0.2290,0.2240,0.2195,0.2190,0.2180,0.2160,0.2135,0.2125,0.2105,0.2095,0.2065
60,1.8000,DynamicV1Rebalance,9.0000,5293.6994,476.4329,spend25p,476.9929,473.5946,469.8496,464.7765,459.9908,454.0205,443.4895,425.6562,399.5141,340.2886,0.0000,0.0000,0.0000,0.0000,0.0000,0.0000,0.0000,0.0000,0.0000,0.0000,0.0000,0.0000,0.0000,0.0000,0.0000,0.0000,0.0000,0.0000,0.0000,0.0000,0.0000,0.0000,0.0000,0.0000,0.0000,0.0000,0.0000,0.0000,0.0000,0.0000,0.0000,0.0000,0.0000,0.0000,0.0000
60,1.8000,DynamicV1Rebalance,9.0000,5293.6994,476.4329,spend50p,480.2769,483.8108,487.6485,490.2274,494.1261,496.9101,498.5518,494.6738,486.0818,461.0468,280.6406,260.6068,238.0716,207.8935,175.7262,123.6926,0.0000,0.0000,0.0000,0.0000,0.0000,0.0000,0.0000,0.0000,0.0000,0.0000,0.0000,0.0000,0.0000,0.0000,0.0000,0.0000,0.0000,0.0000,0.0000,0.0000,0.0000,0.0000,0.0000,0.0000,0.0000,0.0000,0.0000,0.0000,0.0000
60,1.8000,DynamicV1Rebalance,9.0000,5293.6994,476.4329,spend75p,483.6499,493.9655,505.9675,518.4027,531.4085,543.6963,555.7006,560.6587,562.6885,552.6210,362.0592,355.3211,344.1424,331.0128,314.7317,301.4242,282.1089,265.8798,247.9428,230.5174,213.5339,192.9747,171.0460,153.8843,134.5370,114.2270,96.4102,76.5441,63.3981,27.0421,0.0000,0.0000,0.0000,0.0000,0.0000,0.0000,0.0000,0.0000,0.0000,0.0000,0.0000,0.0000,0.0000,0.0000,0.0000
60,1.8000,DynamicV1Rebalance,10.0000,4764.3294,476.4329,survival,1.0000,1.0000,1.0000,1.0000,0.9985,0.9845,0.9520,0.8880,0.7865,0.6845,0.6250,0.5720,0.5185,0.4770,0.4305,0.3950,0.3580,0.3305,0.3025,0.2845,0.2620,0.2460,0.2365,0.2255,0.2120,0.2025,0.1970,0.1890,0.1830,0.1765,0.1720,0.1690,0.1660,0.1625,0.1590,0.1555,0.1545,0.1515,0.1490,0.1475,0.1450,0.1425,0.1410,0.1405,0.1395
60,1.8000,DynamicV1Rebalance,10.0000,4764.3294,476.4329,spend25p,476.9929,473.5946,469.8496,464.7765,459.9091,452.0508,437.5860,412.4875,353.0219,0.0000,0.0000,0.0000,0.0000,0.0000,0.0000,0.0000,0.0000,0.0000,0.0000,0.0000,0.0000,0.0000,0.0000,0.0000,0.0000,0.0000,0.0000,0.0000,0.0000,0.0000,0.0000,0.0000,0.0000,0.0000,0.0000,0.0000,0.0000,0.0000,0.0000,0.0000,0.0000,0.0000,0.0000,0.0000,0.0000
60,1.8000,DynamicV1Rebalance,10.0000,4764.3294,476.4329,spend50p,480.2769,483.8108,487.6485,490.2274,494.0160,496.0817,495.1115,485.7626,463.9638,423.4453,250.0669,218.2254,168.7922,0.0000,0.0000,0.0000,0.0000,0.0000,0.0000,0.0000,0.0000,0.0000,0.0000,0.0000,0.0000,0.0000,0.0000,0.0000,0.0000,0.0000,0.0000,0.0000,0.0000,0.0000,0.0000,0.0000,0.0000,0.0000,0.0000,0.0000,0.0000,0.0000,0.0000,0.0000,0.0000
60,1.8000,DynamicV1Rebalance,10.0000,4764.3294,476.4329,spend75p,483.6499,493.9655,505.9675,518.4027,531.2219,542.8206,551.4034,554.4853,545.8564,528.8482,344.1556,332.6342,315.4743,295.1200,276.7364,255.6931,230.8629,203.2985,170.5311,145.1676,97.1241,0.0000,0.0000,0.0000,0.0000,0.0000,0.0000,0.0000,0.0000,0.0000,0.0000,0.0000,0.0000,0.0000,0.0000,0.0000,0.0000,0.0000,0.0000,0.0000,0.0000,0.0000,0.0000,0.0000,0.0000
62,0.6000,DynamicV1Rebalance,2.5000,6925.7726,173.1443,survival,1.0000,1.0000,1.0000,1.0000,1.0000,1.0000,1.0000,1.0000,1.0000,1.0000,1.0000,1.0000,1.0000,1.0000,1.0000,1.0000,1.0000,1.0000,1.0000,1.0000,1.0000,1.0000,1.0000,1.0000,1.0000,1.0000,1.0000,1.0000,1.0000,1.0000,1.0000,1.0000,1.0000,1.0000,1.0000,1.0000,1.0000,1.0000,1.0000,1.0000,1.0000,1.0000,1.0000,1.0000,1.0000
62,0.6000,DynamicV1Rebalance,2.5000,6925.7726,173.1443,spend25p,173.3478,172.1553,170.8478,169.0673,167.4331,165.9494,164.1629,162.2902,160.4168,158.7991,137.3383,136.9761,-19.3259,-22.7828,-26.4875,-30.3839,-34.3558,-38.4478,-42.4364,-46.6243,-51.0494,-55.6913,-60.2797,-65.3873,-70.8996,-77.0503,-83.3985,-90.1855,-97.1463,-105.1061,-112.6459,-120.7726,-130.1290,-140.2023,-149.9059,-161.0035,-172.3026,-183.8806,-194.7750,-205.9334,-216.7878,-229.0699,-240.6026,-253.3361,-267.3547
62,0.6000,DynamicV1Rebalance,2.5000,6925.7726,173.1443,spend50p,174.5413,175.8690,177.3199,178.3253,179.8322,181.1770,182.8693,184.6694,186.2542,187.6670,165.5410,166.0234,-12.5256,-16.2722,-20.2007,-24.0467,-28.2681,-32.5464,-37.0297,-41.7005,-46.3321,-51.1449,-56.0069,-60.9476,-65.9560,-71.1054,-76.4041,-82.0984,-87.8118,-93.7841,-100.2045,-106.8576,-113.8268,-121.1115,-128.9860,-136.9779,-144.8333,-153.2154,-161.0414,-168.5488,-176.1284,-185.5376,-194.3604,-202.5656,-212.7150
62,0.6000,DynamicV1Rebalance,2.5000,6925.7726,173.1443,spend75p,175.7671,179.5603,183.9811,188.5743,193.4077,198.2602,203.9433,208.6597,214.1089,219.4109,195.2466,199.5974,-6.1626,-9.5743,-13.5538,-17.4634,-21.8561,-26.4852,-31.0032,-35.9331,-41.0560,-46.6259,-51.8745,-57.0006,-62.0746,-66.9632,-71.6496,-76.3306,-81.1853,-86.2232,-91.1521,-96.7687,-102.3541,-108.0697,-113.5789,-119.5671,-125.2805,-131.4743,-137.2593,-142.8694,-148.7713,-155.2120,-161.8811,-168.7112,-175.2705
62,0.6000,DynamicV1Rebalance,3.0000,5771.4771,173.1443,survival,1.0000,1.0000,1.0000,1.0000,1.0000,1.0000,1.0000,1.0000,1.0000,1.0000,0.9995,0.9980,0.9980,0.9980,0.9980,0.9980,0.9980,0.9980,0.9980,0.9980,0.9980,0.9980,0.9980,0.9980,0.9980,0.9980,0.9980,0.9980,0.9980,0.9980,0.9980,0.9980,0.9980,0.9980,0.9980,0.9980,0.9980,0.9980,0.9980,0.9980,0.9980,0.9980,0.9980,0.9980,0.9980
62,0.6000,DynamicV1Rebalance,3.0000,5771.4771,173.1443,spend25p,173.3478,172.1553,170.8478,169.0673,167.4331,165.9494,164.1629,162.2902,160.4168,158.7991,137.3096,136.7024,-19.3259,-22.7828,-26.4875,-30.3814,-34.3431,-38.4468,-42.4178,-46.6147,-51.0480,-55.6830,-60.2648,-65.3851,-70.8936,-77.0435,-83.3858,-90.1750,-97.1209,-105.0983,-112.5834,-120.6387,-130.1136,-140.0841,-149.8640,-160.8560,-172.1476,-183.8241,-194.6152,-205.5525,-216.2325,-228.5683,-240.3969,-252.9648,-266.3799
62,0.6000,DynamicV1Rebalance,3.0000,5771.4771,173.1443,spend50p,174.5413,175.8690,177.3199,178.3253,179.8322,181.1770,182.8693,184.6694,186.2542,187.6670,165.4169,165.8426,-12.5163,-16.2668,-20.1788,-24.0326,-28.2643,-32.5162,-37.0007,-41.6960,-46.3179,-51.1287,-55.9938,-60.9405,-65.9284,-71.0991,-76.3548,-82.0654,-87.7558,-93.7085,-100.0586,-106.7946,-113.7212,-121.0183,-128.9257,-136.8354,-144.7083,-153.1075,-160.8156,-168.3006,-175.8329,-185.4145,-194.2021,-202.4073,-212.5950
62,0.6000,DynamicV1Rebalance,3.0000,5771.4771,173.1443,spend75p,175.7671,179.5603,183.9811,188.5743,193.4077,198.2602,203.9433,208.6597,214.1089,219.4109,195.2097,199.5382,-6.1214,-9.5661,-13.5139,-17.4585,-21.7986,-26.4419,-30.9616,-35.9207,-40.9969,-46.6021,-51.8574,-56.9915,-62.0582,-66.9341,-71.6169,-76.2768,-81.1267,-86.1477,-91.0439,-96.6369,-102.2709,-107.9354,-113.4453,-119.2154,-125.0718,-131.2496,-137.0356,-142.7374,-148.5129,-154.9249,-161.6511,-168.1635,-175.0490
62,0.6000,DynamicV1Rebalance,3.5000,4946.9804,173.1443,survival,1.0000,1.0000,1.0000,1.0000,1.0000,1.0000,1.0000,1.0000,1.0000,0.9985,0.9975,0.9965,0.9965,0.9965,0.9965,0.9965,0.9965,0.9965,0.9965,0.9965,0.9965,0.9965,0.9965,0.9965,0.9965,0.9965,0.9965,0.9965,0.9965,0.9965,0.9965,0.9965,0.9965,0.9965,0.9965,0.9965,0.9965,0.9965,0.9965,0.9965,0.9965,0.9965,0.9965,0.9965,0.9965
62,0.6000,DynamicV1Rebalance,3.5000,4946.9804,173.1443,spend25p,173.3478,172.1553,170.8478,169.0673,167.4331,165.9494,164.1629,162.2902,160.4168,158.6258,137.1934,136.5285,-19.3259,-22.7828,-26.4875,-30.3814,-34.3431,-38.4468,-42.4039,-46.6027,-51.0398,-55.6689,-60.2516,-65.3723,-70.8804,-77.0418,-83.3825,-90.1750,-97.1209,-105.0983,-112.5834,-120.6387,-130.1136,-140.0841,-149.8640,-160.8560,-172.1476,-183.8241,-194.6152,-205.5525,-216.2325,-228.5683,-240.3969,-252.9648,-266.3799
62,0.6000,DynamicV1Rebalance,3.5000,4946.9804,173.1443,spend50p,174.5413,175.8690,177.3199,178.3253,179.8322,181.1770,182.8693,184.6694,186.2542,187.6348,164.9487,165.5631,-12.5163,-16.2668,-20.1511,-24.0170,-28.2569,-32.4928,-36.9921,-41.6891,-46.3012,-51.1174,-55.9924,-60.9366,-65.9224,-71.0931,-76.3486,-82.0496,-87.7484,-93.6811,-100.0539,-106.7690,-113.6855,-120.9902,-128.9033,-136.7558,-144.6156,-152.9937,-160.7438,-168.1174,-175.7266,-185.3384,-194.0297,-202.2747,-212.4174
62,0.6000,DynamicV1Rebalance,3.5000,4946.9804,173.1443,spend75p,175.7671,179.5603,183.9811,188.5743,193.4077,198.2602,203.9433,208.6597,214.1089,219.3754,194.8411,199.4997,-6.1099,-9.5486,-13.4825,-17.4434,-21.7698,-26.3920,-30.9199,-35.9117,-40.9852,-46.5717,-51.8395,-56.9703,-62.0472,-66.9285,-71.5884,-76.2494,-81.0764,-86.1245,-90.9801,-96.5962,-102.0735,-107.7859,-113.2804,-119.0761,-124.9506,-131.2002,-136.9070,-142.6357,-148.3320,-154.7159,-161.5443,-167.8768,-174.8814
62,0.6000,DynamicV1Rebalance,4.0000,4328.6079,173.1443,survival,1.0000,1.0000,1.0000,1.0000,1.0000,1.0000,1.0000,1.0000,0.9990,0.9980,0.9945,0.9920,0.9920,0.9920,0.9920,0.9920,0.9920,0.9920,0.9920,0.9920,0.9920,0.9920,0.9920,0.9920,0.9920,0.9920,0.9920,0.9920,0.9920,0.9920,0.9920,0.9920,0.9920,0.9920,0.9920,0.9920,0.9920,0.9920,0.9920,0.9920,0.9920,0.9920,0.9920,0.9920,0.9920
62,0.6000,DynamicV1Rebalance,4.0000,4328.6079,173.1443,spend25p,173.3478,172.1553,170.8478,169.0673,167.4331,165.9494,164.1629,162.2902,160.2540,158.5343,136.9251,136.0511,-19.3259,-22.7828,-26.4875,-30.3814,-34.3431,-38.4468,-42.4039,-46.5983,-51.0194,-55.6633,-60.2349,-65.3546,-70.8513,-77.0294,-83.3713,-90.1386,-97.0121,-104.9718,-112.4918,-120.5650,-130.0439,-140.0064,-149.7045,-160.5699,-171.7937,-183.5390,-194.4556,-204.8893,-215.8148,-228.1025,-239.9592,-252.4104,-265.4734
62,0.6000,DynamicV1Rebalance,4.0000,4328.6079,173.1443,spend50p,174.5413,175.8690,177.3199,178.3253,179.8322,181.1770,182.8693,184.6694,186.1977,187.6266,164.5337,165.2010,-12.5074,-16.2629,-20.1343,-24.0054,-28.2474,-32.4806,-36.9681,-41.6681,-46.2856,-51.1062,-55.9852,-60.9106,-65.8741,-71.0577,-76.3148,-81.9987,-87.6720,-93.5199,-99.8807,-106.5818,-113.5372,-120.6956,-128.4551,-136.5606,-144.3581,-152.5924,-159.8883,-167.7170,-175.5623,-185.1048,-193.3887,-201.9058,-211.6926
62,0.6000,DynamicV1Rebalance,4.0000,4328.6079,173.1443,spend75p,175.7671,179.5603,183.9811,188.5743,193.4077,198.2602,203.9433,208.6597,214.0484,219.3478,194.4992,198.9966,-6.0763,-9.4445,-13.3780,-17.3962,-21.7538,-26.3286,-30.8887,-35.8873,-40.9614,-46.5329,-51.7864,-56.9150,-61.9951,-66.8708,-71.4598,-76.1918,-80.9405,-85.8680,-90.7165,-96.3458,-101.8682,-107.4707,-112.9290,-118.5664,-124.3774,-130.9083,-136.6564,-142.1820,-147.8633,-153.9373,-160.3771,-167.2446,-173.7594
62,0.6000,DynamicV1Rebalance,5.0000,3462.8863,173.1443,survival,1.0000,1.0000,1.0000,1.0000,1.0000,1.0000,1.0000,0.9985,0.9970,0.9920,0.9815,0.9680,0.9675,0.9675,0.9675,0.9675,0.9675,0.9675,0.9675,0.9675,0.9675,0.9675,0.9675,0.9675,0.9675,0.9675,0.9675,0.9675,0.9675,0.9675,0.9675,0.9675,0.9675,0.9675,0.9675,0.9675,0.9675,0.9675,0.9675,0.9675,0.9675,0.9675,0.9675,0.9675,0.9675
62,0.6000,DynamicV1Rebalance,5.0000,3462.8863,173.1443,spend25p,173.3478,172.1553,170.8478,169.0673,167.4331,165.9494,164.1629,162.0312,159.9125,157.9591,135.3608,132.8078,-19.2812,-22.7379,-26.4685,-30.3119,-34.2812,-38.4204,-42.3761,-46.5768,-50.9750,-55.5705,-60.1454,-65.1974,-70.7047,-76.6938,-82.8910,-89.6481,-96.6932,-104.2639,-111.8467,-119.7622,-129.2081,-138.6918,-148.1777,-158.3281,-170.2062,-181.7990,-192.2096,-202.5933,-212.8134,-224.7233,-237.3091,-250.0756,-261.8112
62,0.6000,DynamicV1Rebalance,5.0000,3462.8863,173.1443,spend50p,174.5413,175.8690,177.3199,178.3253,179.8322,181.1770,182.8693,184.4382,186.0835,187.1082,163.3559,163.2723,-12.2890,-16.0400,-19.9194,-23.8475,-28.1032,-32.2762,-36.8077,-41.5665,-46.1825,-50.9780,-55.8243,-60.7215,-65.6640,-70.8360,-75.9477,-81.5561,-87.2293,-93.1213,-99.2292,-105.9961,-112.6960,-119.6622,-127.4457,-135.3381,-143.1551,-151.1468,-158.5713,-166.0789,-173.8192,-182.2404,-191.2438,-200.1846,-208.9012
62,0.6000,DynamicV1Rebalance,5.0000,3462.8863,173.1443,spend75p,175.7671,179.5603,183.9811,188.5743,193.4077,198.2602,203.9433,208.5504,213.9649,218.4655,193.4161,196.2406,-5.7246,-9.1880,-13.0231,-17.0315,-21.4930,-25.9922,-30.6583,-35.5861,-40.5712,-46.0500,-51.5168,-56.5383,-61.7055,-66.4852,-71.0130,-75.7353,-80.4548,-85.0855,-89.9183,-95.3650,-100.3606,-105.8074,-111.5309,-117.0233,-122.7923,-128.7206,-134.3605,-139.8498,-145.8272,-151.0467,-157.2802,-163.7396,-170.2024
62,0.6000,DynamicV1Rebalance,6.0000,2885.7386,173.1443,survival,1.0000,1.0000,1.0000,1.0000,1.0000,1.0000,0.9985,0.9970,0.9870,0.9720,0.9525,0.9275,0.9275,0.9275,0.9275,0.9275,0.9275,0.9275,0.9275,0.9275,0.9275,0.9275,0.9275,0.9275,0.9275,0.9275,0.9275,0.9275,0.9275,0.9275,0.9275,0.9275,0.9275,0.9275,0.9275,0.9275,0.9275,0.9275,0.9275,0.9275,0.9275,0.9275,0.9275,0.9275,0.9275
62,0.6000,DynamicV1Rebalance,6.0000,2885.7386,173.1443,spend25p,173.3478,172.1553,170.8478,169.0673,167.4331,165.9494,163.6629,161.7595,158.6380,155.2331,132.1876,127.6033,-19.1603,-22.5955,-26.3247,-30.1838,-34.1812,-38.2842,-42.2648,-46.4562,-50.8861,-55.4752,-60.0462,-64.9638,-70.4546,-76.3735,-82.6015,-89.2088,-96.0398,-103.2989,-110.8475,-118.8297,-127.8481,-137.3439,-147.2864,-156.5826,-167.3989,-178.8561,-189.6202,-199.2033,-210.0681,-221.2520,-232.7003,-245.3945,-257.9575
62,0.6000,DynamicV1Rebalance,6.0000,2885.7386,173.1443,spend50p,174.5413,175.8690,177.3199,178.3253,179.8322,181.1770,182.8288,184.3579,185.2268,186.1305,161.3911,160.0955,-12.0054,-15.7571,-19.5523,-23.4837,-27.7487,-32.0510,-36.4786,-41.3342,-45.9284,-50.7365,-55.6171,-60.4761,-65.3376,-70.3992,-75.5332,-81.0640,-86.5286,-92.2280,-98.3205,-104.8438,-111.5147,-118.3383,-125.6613,-133.1987,-141.1341,-149.0087,-156.1373,-163.7520,-170.9590,-178.9157,-187.4497,-195.8321,-204.5818
62,0.6000,DynamicV1Rebalance,6.0000,2885.7386,173.1443,spend75p,175.7671,179.5603,183.9811,188.5743,193.4077,198.2602,203.8803,208.4506,212.9672,216.7703,191.1708,193.1296,-5.0287,-8.5561,-12.2328,-16.4010,-20.6666,-25.2075,-29.9764,-34.9013,-40.1636,-45.3834,-50.8436,-55.9476,-61.0393,-65.7561,-70.4167,-74.9034,-79.4223,-83.8527,-88.2870,-92.8885,-98.0967,-103.2505,-108.2442,-113.8503,-119.3928,-124.7886,-130.8785,-135.6271,-140.9906,-146.8750,-152.6907,-158.5470,-164.7417
62,0.6000,DynamicV1Rebalance,7.0000,2473.4902,173.1443,survival,1.0000,1.0000,1.0000,1.0000,1.0000,0.9990,0.9965,0.9850,0.9680,0.9335,0.8990,0.8555,0.8545,0.8545,0.8545,0.8545,0.8545,0.8545,0.8545,0.8545,0.8545,0.8545,0.8545,0.8545,0.8545,0.8545,0.8545,0.8545,0.8545,0.8545,0.8545,0.8545,0.8545,0.8545,0.8545,0.8545,0.8545,0.8545,0.8545,0.8545,0.8545,0.8545,0.8545,0.8545,0.8545
62,0.6000,DynamicV1Rebalance,7.0000,2473.4902,173.1443,spend25p,173.3478,172.1553,170.8478,169.0673,167.4331,165.8395,163.4968,160.4580,156.3547,150.6472,125.1408,116.3357,-18.9552,-22.4327,-26.0546,-29.9613,-33.8874,-37.9372,-41.9812,-46.2462,-50.5756,-55.0437,-59.6176,-64.5284,-69.8802,-75.5744,-81.7299,-88.1381,-94.5119,-101.1440,-108.4387,-116.4114,-125.3736,-133.9186,-143.1813,-153.1919,-163.8387,-174.6198,-184.7051,-194.3020,-204.5576,-215.1878,-226.0537,-237.7061,-251.2037
62,0.6000,DynamicV1Rebalance,7.0000,2473.4902,173.1443,spend50p,174.5413,175.8690,177.3199,178.3253,179.8322,181.1309,182.8075,183.8417,184.2706,183.2716,156.1860,152.1847,-11.5149,-15.2192,-18.9577,-22.7945,-27.0852,-31.4328,-35.9734,-40.7458,-45.3441,-50.0303,-54.9397,-59.6740,-64.5597,-69.5709,-74.5961,-79.7604,-85.0185,-90.5098,-96.1623,-102.4128,-108.4726,-115.3709,-122.2318,-128.7054,-136.7563,-143.8266,-151.1231,-157.6633,-165.0089,-172.3414,-180.2318,-187.9868,-196.6381
62,0.6000,DynamicV1Rebalance,7.0000,2473.4902,173.1443,spend75p,175.7671,179.5603,183.9811,188.5743,193.4077,198.0899,203.8706,207.5618,211.1896,214.0864,187.4297,187.2325,-2.4732,-6.1922,-10.0696,-14.2737,-18.6361,-22.8813,-27.7004,-32.8300,-38.0543,-43.6338,-49.1980,-54.4716,-59.4990,-64.0355,-68.7064,-72.9701,-76.9719,-81.0121,-85.1545,-89.3586,-93.8966,-98.0972,-102.7087,-107.1588,-111.6758,-116.7768,-122.0118,-126.4280,-130.7964,-136.0089,-140.8250,-146.3028,-151.2497
62,0.6000,DynamicV1Rebalance,8.0000,2164.3039,173.1443,survival,1.0000,1.0000,1.0000,1.0000,1.0000,0.9980,0.9870,0.9705,0.9285,0.8795,0.8165,0.7520,0.7505,0.7505,0.7505,0.7505,0.7505,0.7505,0.7505,0.7505,0.7505,0.7505,0.7505,0.7505,0.7505,0.7505,0.7505,0.7505,0.7505,0.7505,0.7505,0.7505,0.7505,0.7505,0.7505,0.7505,0.7505,0.7505,0.7505,0.7505,0.7505,0.7505,0.7505,0.7505,0.7505
62,0.6000,DynamicV1Rebalance,8.0000,2164.3039,173.1443,spend25p,173.3478,172.1553,170.8478,169.0673,167.4331,165.6068,162.5221,158.9138,152.0794,143.6369,112.6171,76.5766,-18.4790,-21.8889,-25.6484,-29.4963,-33.3532,-37.4992,-41.5322,-45.7908,-50.0775,-54.4279,-58.8328,-63.7370,-68.7335,-74.2134,-80.2225,-86.3139,-92.2327,-98.6123,-105.1458,-112.8327,-120.8405,-128.9762,-138.0799,-147.8720,-157.4391,-167.4140,-176.4631,-185.5290,-195.4483,-205.3603,-216.3598,-226.4557,-237.0786
62,0.6000,DynamicV1Rebalance,8.0000,2164.3039,173.1443,spend50p,174.5413,175.8690,177.3199,178.3253,179.8322,181.0821,182.2411,183.3068,181.3099,178.1940,148.9471,140.8463,-9.9242,-13.3654,-17.0839,-21.2896,-25.6606,-30.0181,-34.6516,-39.3149,-44.0577,-48.8072,-53.7594,-58.6498,-63.3769,-68.1881,-72.7324,-77.7960,-82.9440,-88.1365,-93.3769,-98.6256,-104.5989,-110.5755,-116.9046,-123.7881,-129.7001,-136.3684,-142.5503,-148.6764,-155.0768,-162.4264,-169.1969,-176.2374,-183.2149
62,0.6000,DynamicV1Rebalance,8.0000,2164.3039,173.1443,spend75p,175.7671,179.5603,183.9811,188.5743,193.4077,198.0023,202.9744,206.2920,209.3518,209.9732,180.2296,177.4457,0.0000,0.0000,0.0000,0.0000,-0.2503,-5.0044,-10.9458,-17.1554,-22.7102,-29.3382,-34.8013,-41.5579,-47.5392,-52.4657,-57.9816,-62.1732,-66.9005,-69.5899,-72.2593,-75.0966,-77.2420,-79.6745,-82.2309,-84.2378,-86.6456,-89.4745,-91.1380,-92.1904,-94.1330,-96.2929,-99.6617,-103.9600,-106.5576
62,0.6000,DynamicV1Rebalance,9.0000,1923.8257,173.1443,survival,1.0000,1.0000,1.0000,1.0000,0.9990,0.9940,0.9750,0.9345,0.8760,0.7850,0.7095,0.6420,0.6400,0.6400,0.6400,0.6400,0.6400,0.6400,0.6400,0.6400,0.6400,0.6400,0.6400,0.6400,0.6400,0.6400,0.6400,0.6400,0.6400,0.6400,0.6400,0.6400,0.6400,0.6400,0.6400,0.6400,0.6400,0.6400,0.6400,0.6400,0.6400,0.6400,0.6400,0.6400,0.6400
62,0.6000,DynamicV1Rebalance,9.0000,1923.8257,173.1443,spend25p,173.3478,172.1553,170.8478,169.0673,167.3847,165.3101,161.5655,155.1070,145.7299,124.1041,0.0000,0.0000,-17.7870,-21.2026,-24.9338,-28.6593,-32.6076,-36.6423,-40.7853,-44.9631,-49.3697,-53.6297,-58.0438,-62.8339,-67.6894,-72.9530,-78.4645,-84.2710,-90.0104,-95.9679,-102.4552,-109.2875,-116.5033,-125.2670,-133.5122,-141.7343,-150.6455,-159.6108,-168.3706,-176.6739,-186.2575,-195.0294,-204.3950,-214.3193,-223.8802
62,0.6000,DynamicV1Rebalance,9.0000,1923.8257,173.1443,spend50p,174.5413,175.8690,177.3199,178.3253,179.8117,180.9263,181.6250,180.3042,177.3070,168.0201,137.0790,126.0951,-7.4480,-10.8208,-14.7150,-18.8236,-23.0048,-27.4270,-32.1243,-36.7025,-41.8106,-46.9911,-51.9492,-56.8243,-61.6716,-66.2484,-70.6882,-75.2178,-79.6010,-83.8906,-88.1695,-92.5658,-97.7172,-103.2442,-108.1949,-114.0777,-119.4740,-124.8395,-130.9940,-135.9144,-141.5708,-147.5313,-153.0431,-159.1853,-165.9091
62,0.6000,DynamicV1Rebalance,9.0000,1923.8257,173.1443,spend75p,175.7671,179.5603,183.9811,188.5743,193.3556,197.9613,202.4446,204.3620,205.2506,201.6697,172.2521,167.6787,0.0000,0.0000,0.0000,0.0000,0.0000,0.0000,0.0000,0.0000,0.0000,0.0000,0.0000,0.0000,0.0000,0.0000,0.0000,0.0000,0.0000,0.0000,0.0000,0.0000,0.0000,0.0000,0.0000,0.0000,0.0000,0.0000,0.0000,0.0000,0.0000,0.0000,0.0000,0.0000,0.0000
62,0.6000,DynamicV1Rebalance,10.0000,1731.4431,173.1443,survival,1.0000,1.0000,1.0000,1.0000,0.9985,0.9845,0.9515,0.8870,0.7845,0.6830,0.6025,0.5320,0.5295,0.5295,0.5290,0.5290,0.5290,0.5290,0.5290,0.5290,0.5290,0.5290,0.5290,0.5290,0.5290,0.5290,0.5290,0.5290,0.5290,0.5290,0.5290,0.5290,0.5290,0.5290,0.5290,0.5290,0.5290,0.5290,0.5290,0.5290,0.5290,0.5290,0.5290,0.5290,0.5290
62,0.6000,DynamicV1Rebalance,10.0000,1731.4431,173.1443,spend25p,173.3478,172.1553,170.8478,169.0673,167.3705,164.5929,159.3935,150.2945,128.2521,0.0000,0.0000,0.0000,-16.1521,-19.8152,-23.4560,-27.2634,-31.1355,-34.9914,-39.2448,-43.5757,-48.1259,-52.5009,-56.9982,-61.6739,-66.5518,-71.4048,-76.4116,-81.8748,-87.4607,-93.2229,-99.1094,-105.7727,-112.6633,-119.7723,-127.4249,-135.2878,-143.2778,-151.6684,-158.9723,-166.4321,-174.2482,-182.7171,-191.7273,-201.0470,-209.8224
62,0.6000,DynamicV1Rebalance,10.0000,1731.4431,173.1443,spend50p,174.5413,175.8690,177.3199,178.3253,179.7827,180.6247,180.3526,177.0076,168.9971,154.1846,120.7194,102.6287,-0.0129,-3.1842,-7.1120,-11.1318,-15.5540,-20.2377,-25.2515,-30.4731,-36.0912,-41.5376,-46.6017,-52.3660,-57.4408,-62.3836,-66.3740,-70.2145,-73.7415,-77.2011,-81.1255,-84.3505,-87.7647,-91.3632,-95.2223,-98.6740,-103.2846,-107.7853,-111.7290,-115.1097,-119.2538,-123.0722,-127.5330,-131.6787,-137.1581
62,0.6000,DynamicV1Rebalance,10.0000,1731.4431,173.1443,spend75p,175.7671,179.5603,183.9811,188.5743,193.3227,197.6425,200.8513,202.1250,198.8352,192.8084,164.1567,157.7909,0.0000,0.0000,0.0000,0.0000,0.0000,0.0000,0.0000,0.0000,0.0000,0.0000,0.0000,0.0000,0.0000,0.0000,0.0000,0.0000,0.0000,0.0000,0.0000,0.0000,0.0000,0.0000,0.0000,0.0000,0.0000,0.0000,0.0000,0.0000,0.0000,0.0000,0.0000,0.0000,0.0000
62,0.8000,DynamicV1Rebalance,2.5000,8947.6968,223.6924,survival,1.0000,1.0000,1.0000,1.0000,1.0000,1.0000,1.0000,1.0000,1.0000,1.0000,1.0000,1.0000,1.0000,1.0000,1.0000,1.0000,0.9995,0.9995,0.9995,0.9995,0.9995,0.9995,0.9995,0.9990,0.9985,0.9980,0.9980,0.9980,0.9980,0.9980,0.9980,0.9980,0.9980,0.9980,0.9980,0.9980,0.9980,0.9980,0.9980,0.9980,0.9980,0.9980,0.9980,0.9980,0.9980
62,0.8000,DynamicV1Rebalance,2.5000,8947.6968,223.6924,spend25p,223.9553,222.3952,220.6815,218.3521,216.2077,214.2539,211.9057,209.4431,206.9770,204.8385,183.1177,182.6347,26.1176,22.4073,18.2121,14.4105,10.2684,5.6285,1.5423,-2.7110,-7.1218,-11.9016,-16.2356,-20.5912,-24.7995,-29.5260,-34.2590,-38.9593,-43.3273,-47.9897,-52.6922,-57.7952,-63.2265,-68.4593,-74.4602,-80.3256,-86.5913,-93.4783,-100.5274,-106.6147,-113.9173,-121.2230,-128.8787,-137.1961,-145.7596
62,0.8000,DynamicV1Rebalance,2.5000,8947.6968,223.6924,spend50p,225.4972,227.1927,229.0413,230.3090,232.2189,233.9139,236.0523,238.3245,240.3135,242.0758,220.7213,221.3646,43.9296,40.0646,36.2265,32.4408,28.8365,24.3184,20.0826,16.0666,11.8074,7.2477,2.3128,-2.0133,-6.8762,-11.7099,-16.6619,-21.9783,-27.3121,-32.5943,-37.8920,-43.4788,-49.8277,-56.6128,-63.0348,-69.2311,-75.8155,-82.7898,-88.6076,-94.5039,-100.5583,-107.0516,-113.4211,-120.9132,-128.5297
62,0.8000,DynamicV1Rebalance,2.5000,8947.6968,223.6924,spend75p,227.0809,231.9612,237.6455,243.5457,249.7490,255.9698,263.2551,269.2851,276.2530,283.0229,260.3288,266.1299,61.3618,59.5572,56.4644,53.9907,51.1944,48.3928,44.9565,41.1584,36.4592,31.9781,27.0593,22.1613,17.4331,11.4697,6.5142,0.8751,-4.6606,-9.9316,-16.9684,-23.2726,-30.4022,-38.2107,-45.8924,-54.3124,-61.7277,-70.1092,-77.1430,-82.9666,-88.8026,-94.6209,-100.9072,-107.2106,-112.9165
62,0.8000,DynamicV1Rebalance,3.0000,7456.4140,223.6924,survival,1.0000,1.0000,1.0000,1.0000,1.0000,1.0000,1.0000,1.0000,1.0000,1.0000,0.9990,0.9980,0.9980,0.9975,0.9970,0.9970,0.9970,0.9970,0.9965,0.9960,0.9955,0.9955,0.9950,0.9945,0.9945,0.9945,0.9945,0.9945,0.9945,0.9940,0.9940,0.9940,0.9940,0.9935,0.9935,0.9935,0.9935,0.9935,0.9935,0.9935,0.9935,0.9935,0.9935,0.9935,0.9935
62,0.8000,DynamicV1Rebalance,3.0000,7456.4140,223.6924,spend25p,223.9553,222.3952,220.6815,218.3521,216.2077,214.2539,211.9057,209.4431,206.9770,204.8385,183.0319,182.2698,26.0433,22.0934,18.0558,14.1969,10.0545,5.3756,1.2073,-2.7110,-7.1218,-11.9016,-16.2356,-20.5912,-24.7995,-29.5260,-34.2590,-38.9593,-43.3273,-47.9897,-52.6922,-57.7952,-63.2265,-68.4593,-74.4602,-80.3256,-86.5766,-93.4657,-100.5208,-106.5860,-113.8752,-121.1788,-128.8134,-137.1856,-145.7234
62,0.8000,DynamicV1Rebalance,3.0000,7456.4140,223.6924,spend50p,225.4972,227.1927,229.0413,230.3090,232.2189,233.9139,236.0523,238.3245,240.3135,242.0758,220.2902,221.1234,43.8332,39.8771,36.0981,32.2994,28.6086,24.1918,19.9140,15.8607,11.5554,6.9840,2.1996,-1.9918,-6.7448,-11.6336,-16.6524,-21.9103,-27.2447,-32.5812,-37.8592,-43.4684,-49.7760,-56.6048,-63.0230,-69.1802,-75.8055,-82.7741,-88.5968,-94.4568,-100.4782,-106.9139,-113.3975,-120.8396,-128.4946
62,0.8000,DynamicV1Rebalance,3.0000,7456.4140,223.6924,spend75p,227.0809,231.9612,237.6455,243.5457,249.7490,255.9698,263.2551,269.2851,276.2530,283.0229,260.2795,266.0510,61.3307,59.4712,56.3427,53.9294,51.0358,48.1295,44.8160,40.8569,36.3302,31.8322,26.9988,21.7287,17.0303,11.3369,6.4109,0.7856,-4.3425,-9.7251,-16.5324,-23.1009,-30.3229,-38.0196,-45.6849,-54.0244,-61.6180,-69.6882,-77.0417,-82.7998,-88.6829,-94.4316,-100.8658,-106.9555,-112.7727
62,0.8000,DynamicV1Rebalance,3.5000,6391.2120,223.6924,survival,1.0000,1.0000,1.0000,1.0000,1.0000,1.0000,1.0000,1.0000,1.0000,0.9985,0.9975,0.9955,0.9955,0.9950,0.9945,0.9940,0.9935,0.9935,0.9925,0.9920,0.9905,0.9895,0.9895,0.9895,0.9890,0.9890,0.9885,0.9880,0.9880,0.9870,0.9870,0.9865,0.9865,0.9865,0.9865,0.9865,0.9865,0.9865,0.9865,0.9865,0.9865,0.9865,0.9865,0.9865,0.9865
62,0.8000,DynamicV1Rebalance,3.5000,6391.2120,223.6924,spend25p,223.9553,222.3952,220.6815,218.3521,216.2077,214.2539,211.9057,209.4431,206.9770,204.6149,182.9246,181.9308,25.8420,21.7139,17.9062,13.9352,9.6791,5.2104,0.6579,-2.7110,-7.1218,-11.9016,-16.2356,-20.5912,-24.7995,-29.5260,-34.2590,-38.9593,-43.3273,-47.9897,-52.6922,-57.7952,-63.2265,-68.4593,-74.4602,-80.3256,-86.5766,-93.4657,-100.5171,-106.5642,-113.8584,-121.1139,-128.7611,-137.1349,-145.6946
62,0.8000,DynamicV1Rebalance,3.5000,6391.2120,223.6924,spend50p,225.4972,227.1927,229.0413,230.3090,232.2189,233.9139,236.0523,238.3245,240.3135,242.0343,219.9316,220.6978,43.6587,39.6356,35.9651,32.1099,28.2902,23.9925,19.4827,15.5932,11.1482,6.6108,1.9244,-1.9329,-6.6976,-11.6336,-16.6524,-21.9103,-27.2447,-32.5812,-37.8592,-43.4684,-49.7760,-56.6048,-63.0230,-69.1802,-75.8055,-82.6836,-88.5718,-94.3030,-100.4597,-106.8693,-113.2536,-120.6844,-128.4344
62,0.8000,DynamicV1Rebalance,3.5000,6391.2120,223.6924,spend75p,227.0809,231.9612,237.6455,243.5457,249.7490,255.9698,263.2551,269.2851,276.2530,282.9771,259.7881,265.9634,61.2501,59.1930,56.2386,53.8573,50.6017,47.9359,44.5981,40.5866,35.8218,31.0357,26.4163,21.1701,16.2114,10.9304,5.5653,0.0000,-4.2311,-9.6889,-15.9364,-22.9470,-30.2256,-37.7705,-45.5831,-53.9132,-61.4972,-69.5757,-76.7726,-82.6297,-88.6030,-94.3476,-100.8015,-106.7094,-112.5817
62,0.8000,DynamicV1Rebalance,4.0000,5592.3105,223.6924,survival,1.0000,1.0000,1.0000,1.0000,1.0000,1.0000,1.0000,1.0000,0.9990,0.9980,0.9945,0.9920,0.9920,0.9900,0.9885,0.9870,0.9850,0.9835,0.9820,0.9815,0.9810,0.9810,0.9805,0.9800,0.9795,0.9790,0.9780,0.9775,0.9775,0.9775,0.9775,0.9775,0.9775,0.9775,0.9775,0.9775,0.9775,0.9775,0.9775,0.9775,0.9775,0.9775,0.9775,0.9775,0.9775
62,0.8000,DynamicV1Rebalance,4.0000,5592.3105,223.6924,spend25p,223.9553,222.3952,220.6815,218.3521,216.2077,214.2539,211.9057,209.4431,206.7670,204.4969,182.5668,181.4014,25.5675,21.3714,17.5525,13.4973,8.6450,4.3703,0.1095,-2.7110,-7.1218,-11.9016,-16.2356,-20.5912,-24.7995,-29.5260,-34.2590,-38.8860,-43.2799,-47.9695,-52.6624,-57.6343,-63.1432,-68.4090,-74.4120,-80.2791,-86.5420,-93.4223,-100.4486,-106.4570,-113.8281,-120.8068,-128.6621,-136.9693,-145.5193
62,0.8000,DynamicV1Rebalance,4.0000,5592.3105,223.6924,spend50p,225.4972,227.1927,229.0413,230.3090,232.2189,233.9139,236.0523,238.3245,240.2407,242.0236,219.3783,220.2680,43.4679,39.4472,35.5335,31.5790,27.8440,23.0667,18.7414,14.4202,10.3523,5.9158,1.4018,-1.8369,-6.6622,-11.5933,-16.5728,-21.7272,-27.1898,-32.5595,-37.7116,-43.4145,-49.6998,-56.5582,-62.9870,-69.1114,-75.7439,-82.6394,-88.5271,-94.2765,-100.3699,-106.7505,-113.1519,-120.4402,-127.9167
62,0.8000,DynamicV1Rebalance,4.0000,5592.3105,223.6924,spend75p,227.0809,231.9612,237.6455,243.5457,249.7490,255.9698,263.2551,269.2851,276.1749,282.9415,259.3322,265.3288,60.8320,58.8264,55.9709,53.4137,49.9557,46.9932,43.3280,39.1165,35.1217,30.3667,25.3250,20.2267,15.4663,9.8118,4.6757,0.0000,-4.0149,-9.4544,-15.6386,-22.5065,-30.0901,-37.0403,-45.3786,-53.4975,-61.3372,-69.4455,-76.4740,-82.4173,-88.1707,-94.1810,-100.5940,-106.3732,-112.2871
62,0.8000,DynamicV1Rebalance,5.0000,4473.8484,223.6924,survival,1.0000,1.0000,1.0000,1.0000,1.0000,1.0000,1.0000,0.9985,0.9970,0.9920,0.9815,0.9670,0.9640,0.9600,0.9570,0.9535,0.9520,0.9505,0.9480,0.9445,0.9420,0.9385,0.9375,0.9360,0.9345,0.9335,0.9335,0.9325,0.9315,0.9305,0.9300,0.9295,0.9290,0.9290,0.9290,0.9290,0.9290,0.9290,0.9290,0.9290,0.9290,0.9285,0.9285,0.9280,0.9280
62,0.8000,DynamicV1Rebalance,5.0000,4473.8484,223.6924,spend25p,223.9553,222.3952,220.6815,218.3521,216.2077,214.2539,211.9057,209.1088,206.3263,203.7549,180.4811,176.8152,23.2105,19.0525,15.2679,11.0560,6.7080,2.0154,0.0000,-2.4550,-6.8875,-11.6443,-16.0679,-20.2623,-24.6113,-29.2041,-33.8901,-38.2872,-43.0267,-47.6313,-52.3306,-57.2661,-62.6950,-68.2106,-74.0015,-80.0149,-86.2804,-92.8725,-99.9403,-105.9414,-112.9193,-120.2285,-127.8034,-135.9037,-144.7309
62,0.8000,DynamicV1Rebalance,5.0000,4473.8484,223.6924,spend50p,225.4972,227.1927,229.0413,230.3090,232.2189,233.9139,236.0523,238.0261,240.0933,241.3550,217.8079,217.6703,41.4677,37.8981,33.7731,29.9033,25.7888,21.6457,17.1532,12.3024,7.7318,2.9912,0.0000,-1.1202,-5.8919,-10.9611,-15.8940,-21.0265,-26.3916,-31.6489,-36.7869,-42.6999,-48.9271,-55.5867,-62.1240,-68.5199,-75.2137,-81.6989,-87.7422,-93.4373,-99.5164,-105.8236,-112.3726,-119.1568,-126.4681
62,0.8000,DynamicV1Rebalance,5.0000,4473.8484,223.6924,spend75p,227.0809,231.9612,237.6455,243.5457,249.7490,255.9698,263.2551,269.1440,276.0671,281.8034,257.8882,261.6382,59.7099,57.0421,54.3305,50.9732,48.0128,44.6736,40.7497,36.6967,32.5752,27.7331,22.5023,17.7061,11.9319,6.8329,1.3328,0.0000,-0.5677,-5.9676,-11.6272,-18.0148,-25.7840,-33.4180,-41.3598,-49.5937,-58.5536,-66.5382,-74.0421,-80.2036,-85.8679,-92.1577,-98.4189,-104.3526,-110.7667
62,0.8000,DynamicV1Rebalance,6.0000,3728.2070,223.6924,survival,1.0000,1.0000,1.0000,1.0000,1.0000,1.0000,0.9985,0.9970,0.9870,0.9720,0.9520,0.9255,0.9195,0.9140,0.9095,0.9015,0.8955,0.8910,0.8855,0.8810,0.8770,0.8725,0.8710,0.8695,0.8680,0.8665,0.8660,0.8650,0.8645,0.8645,0.8645,0.8640,0.8635,0.8630,0.8625,0.8625,0.8625,0.8625,0.8625,0.8625,0.8625,0.8625,0.8625,0.8625,0.8625
62,0.8000,DynamicV1Rebalance,6.0000,3728.2070,223.6924,spend25p,223.9553,222.3952,220.6815,218.3521,216.2077,214.2539,211.2602,208.7582,204.6819,200.2386,176.1824,169.8448,19.8309,15.5307,10.8663,6.0734,1.0058,0.0000,0.0000,-2.1991,-6.5233,-11.4340,-15.6822,-20.0034,-24.3668,-28.9021,-33.5753,-37.8923,-42.4307,-47.1853,-51.7408,-56.7167,-62.1639,-67.6232,-73.2789,-79.3738,-85.4603,-91.9592,-98.5062,-104.8681,-111.8139,-118.8367,-126.6831,-134.4840,-143.2661
62,0.8000,DynamicV1Rebalance,6.0000,3728.2070,223.6924,spend50p,225.4972,227.1927,229.0413,230.3090,232.2189,233.9139,236.0000,237.9225,238.9879,240.0939,215.1348,213.0163,38.9170,34.9554,30.7713,26.1225,22.1471,18.0362,12.4927,7.6663,2.6798,0.0000,0.0000,0.0000,-4.9161,-9.8323,-14.4674,-19.4272,-24.7495,-30.0968,-35.6766,-41.6558,-47.4374,-53.8252,-60.0102,-67.0412,-73.7499,-80.4593,-86.8976,-92.2339,-97.9949,-103.8383,-110.5340,-117.2887,-124.2455
62,0.8000,DynamicV1Rebalance,6.0000,3728.2070,223.6924,spend75p,227.0809,231.9612,237.6455,243.5457,249.7490,255.9698,263.1739,269.0152,274.7798,279.6168,254.5328,257.0938,57.4406,54.6341,51.8562,48.5355,44.5059,40.5613,36.1688,31.5390,27.3847,22.3045,17.7904,12.4430,7.5895,2.3176,0.0000,0.0000,0.0000,0.0000,-2.9586,-9.5217,-16.5869,-24.8506,-33.5834,-41.6643,-50.7036,-59.4446,-68.5722,-74.8019,-81.4679,-88.1845,-94.4487,-100.3999,-106.2499
62,0.8000,DynamicV1Rebalance,7.0000,3195.6060,223.6924,survival,1.0000,1.0000,1.0000,1.0000,1.0000,0.9990,0.9965,0.9850,0.9685,0.9340,0.8975,0.8530,0.8410,0.8315,0.8185,0.8100,0.8060,0.8010,0.7955,0.7895,0.7860,0.7840,0.7800,0.7755,0.7735,0.7720,0.7715,0.7705,0.7700,0.7685,0.7685,0.7685,0.7675,0.7675,0.7675,0.7675,0.7675,0.7675,0.7675,0.7675,0.7675,0.7675,0.7675,0.7675,0.7675
62,0.8000,DynamicV1Rebalance,7.0000,3195.6060,223.6924,spend25p,223.9553,222.3952,220.6815,218.3521,216.2077,214.1120,211.0458,207.0786,201.8351,194.5500,166.7788,154.7253,11.8470,6.2462,0.8328,0.0000,0.0000,0.0000,0.0000,-1.3967,-5.7499,-10.2790,-14.8423,-19.0239,-23.3977,-28.1282,-32.4600,-36.6351,-41.4085,-46.3190,-50.9944,-56.1131,-61.4078,-66.5611,-72.6065,-78.4738,-84.5578,-90.7118,-96.9914,-103.2118,-109.7303,-116.9082,-124.3195,-132.3340,-140.7888
62,0.8000,DynamicV1Rebalance,7.0000,3195.6060,223.6924,spend50p,225.4972,227.1927,229.0413,230.3090,232.2189,233.8545,235.9726,237.2562,237.7987,236.4622,207.9738,202.4318,33.6192,29.5486,25.3666,20.4828,15.6928,11.1696,6.6906,2.1893,0.0000,0.0000,0.0000,0.0000,-1.5183,-6.6501,-11.8909,-16.8612,-21.4636,-26.5922,-32.8401,-39.2714,-45.0931,-51.2107,-57.7214,-64.4659,-71.6533,-78.7688,-84.7687,-90.1857,-95.5475,-101.2515,-107.4620,-114.3408,-120.9448
62,0.8000,DynamicV1Rebalance,7.0000,3195.6060,223.6924,spend75p,227.0809,231.9612,237.6455,243.5457,249.7490,255.7498,263.1613,267.8681,272.4863,276.2769,249.8523,249.4877,54.1626,50.9002,47.8001,43.9762,39.6560,35.6475,31.1518,26.4170,22.2780,17.0409,11.8095,6.9605,1.6050,0.0000,0.0000,0.0000,0.0000,0.0000,0.0000,0.0000,0.0000,0.0000,0.0000,-5.4786,-17.8198,-29.0764,-39.3256,-45.4900,-51.9214,-60.5219,-67.9346,-76.8136,-84.7650
62,0.8000,DynamicV1Rebalance,8.0000,2796.1552,223.6924,survival,1.0000,1.0000,1.0000,1.0000,1.0000,0.9980,0.9870,0.9705,0.9290,0.8805,0.8145,0.7490,0.7330,0.7230,0.7140,0.7050,0.6965,0.6905,0.6800,0.6760,0.6725,0.6690,0.6655,0.6640,0.6605,0.6585,0.6575,0.6565,0.6560,0.6560,0.6560,0.6560,0.6560,0.6560,0.6560,0.6560,0.6560,0.6555,0.6555,0.6555,0.6555,0.6555,0.6555,0.6555,0.6555
62,0.8000,DynamicV1Rebalance,8.0000,2796.1552,223.6924,spend25p,223.9553,222.3952,220.6815,218.3521,216.2077,213.8116,209.7877,205.0856,196.3104,185.3406,149.4554,0.0000,0.0000,0.0000,0.0000,0.0000,0.0000,0.0000,0.0000,0.0000,-3.6988,-7.9932,-12.4331,-16.8360,-21.7008,-25.9848,-30.4753,-34.7785,-39.5727,-44.1185,-48.9618,-53.8269,-59.3398,-65.2577,-70.5894,-76.6902,-82.5135,-88.9352,-95.1269,-101.2341,-107.1209,-113.7528,-120.8145,-128.7862,-136.6344
62,0.8000,DynamicV1Rebalance,8.0000,2796.1552,223.6924,spend50p,225.4972,227.1927,229.0413,230.3090,232.2189,233.7914,235.2414,236.5660,233.9342,229.9746,197.8619,187.2767,26.8734,22.5261,17.7079,13.4733,7.9214,3.5562,0.0000,0.0000,0.0000,0.0000,0.0000,0.0000,0.0000,0.0000,-2.7503,-8.4939,-13.8680,-20.0455,-25.6966,-31.7726,-38.0030,-44.7864,-51.8055,-59.1964,-66.3232,-73.9567,-80.2935,-85.6982,-91.1917,-96.6664,-103.0135,-108.7495,-114.9981
62,0.8000,DynamicV1Rebalance,8.0000,2796.1552,223.6924,spend75p,227.0809,231.9612,237.6455,243.5457,249.7490,255.6367,262.0044,266.2294,270.1152,271.6062,240.1896,236.4661,49.2553,46.0036,42.1171,37.6586,33.3210,28.9643,24.4599,20.0262,14.8419,10.2386,5.6162,0.2541,0.0000,0.0000,0.0000,0.0000,0.0000,0.0000,0.0000,0.0000,0.0000,0.0000,0.0000,0.0000,0.0000,0.0000,0.0000,0.0000,0.0000,0.0000,0.0000,0.0000,0.0000
62,0.8000,DynamicV1Rebalance,9.0000,2485.4713,223.6924,survival,1.0000,1.0000,1.0000,1.0000,0.9990,0.9940,0.9750,0.9350,0.8760,0.7850,0.7085,0.6395,0.6210,0.6110,0.6010,0.5920,0.5875,0.5825,0.5750,0.5690,0.5665,0.5650,0.5625,0.5595,0.5580,0.5560,0.5540,0.5530,0.5525,0.5515,0.5510,0.5510,0.5510,0.5505,0.5505,0.5505,0.5505,0.5505,0.5505,0.5505,0.5505,0.5505,0.5505,0.5505,0.5505
62,0.8000,DynamicV1Rebalance,9.0000,2485.4713,223.6924,spend25p,223.9553,222.3952,220.6815,218.3521,216.1452,213.4285,208.5529,200.2454,188.0272,160.0846,0.0000,0.0000,0.0000,0.0000,0.0000,0.0000,0.0000,0.0000,0.0000,0.0000,-0.9458,-5.1913,-9.4444,-13.8222,-18.4462,-22.6149,-26.9997,-31.8195,-36.4426,-41.3099,-46.3425,-51.6558,-57.2289,-62.6241,-68.6046,-74.2609,-80.3167,-87.3042,-93.0664,-98.7229,-104.4620,-110.9022,-117.2973,-124.7808,-132.6334
62,0.8000,DynamicV1Rebalance,9.0000,2485.4713,223.6924,spend50p,225.4972,227.1927,229.0413,230.3090,232.1924,233.5903,234.4462,232.7140,228.7694,216.7328,182.6240,167.3895,17.4111,12.1677,7.0158,1.5038,0.0000,0.0000,0.0000,0.0000,0.0000,0.0000,0.0000,0.0000,0.0000,0.0000,0.0000,0.0000,0.0000,0.0000,-4.0272,-10.0701,-16.6269,-25.0739,-34.0184,-42.9028,-50.8715,-59.7454,-69.0906,-74.5484,-81.2798,-87.5422,-93.4111,-99.0087,-105.0319
62,0.8000,DynamicV1Rebalance,9.0000,2485.4713,223.6924,spend75p,227.0809,231.9612,237.6455,243.5457,249.6818,255.5838,261.3206,263.7559,264.8236,260.1381,229.6188,223.2393,43.4664,38.8593,35.0921,30.6713,26.8884,21.7192,17.0517,11.9224,7.3802,2.9088,0.0000,0.0000,0.0000,0.0000,0.0000,0.0000,0.0000,0.0000,0.0000,0.0000,0.0000,0.0000,0.0000,0.0000,0.0000,0.0000,0.0000,0.0000,0.0000,0.0000,0.0000,0.0000,0.0000
62,0.8000,DynamicV1Rebalance,10.0000,2236.9242,223.6924,survival,1.0000,1.0000,1.0000,1.0000,0.9985,0.9845,0.9520,0.8870,0.7850,0.6835,0.6020,0.5295,0.5115,0.4990,0.4910,0.4830,0.4780,0.4700,0.4650,0.4615,0.4565,0.4545,0.4530,0.4505,0.4465,0.4450,0.4450,0.4450,0.4445,0.4445,0.4440,0.4440,0.4440,0.4440,0.4440,0.4440,0.4440,0.4440,0.4440,0.4435,0.4435,0.4435,0.4435,0.4435,0.4435
62,0.8000,DynamicV1Rebalance,10.0000,2236.9242,223.6924,spend25p,223.9553,222.3952,220.6815,218.3521,216.1269,212.5026,205.7767,193.9621,165.5368,0.0000,0.0000,0.0000,0.0000,0.0000,0.0000,0.0000,0.0000,0.0000,0.0000,0.0000,0.0000,-0.1520,-4.7342,-8.9932,-13.2315,-17.2240,-22.5000,-26.9638,-31.5020,-36.4367,-41.4432,-46.8809,-52.7795,-58.6411,-64.6474,-70.6143,-76.7253,-82.8285,-88.6053,-93.9538,-100.2685,-106.5184,-112.5228,-119.2936,-126.6522
62,0.8000,DynamicV1Rebalance,10.0000,2236.9242,223.6924,spend50p,225.4972,227.1927,229.0413,230.3090,232.1549,233.2009,232.8283,228.4365,218.0476,199.0994,160.8355,135.7299,0.0000,0.0000,0.0000,0.0000,0.0000,0.0000,0.0000,0.0000,0.0000,0.0000,0.0000,0.0000,0.0000,0.0000,0.0000,0.0000,0.0000,0.0000,0.0000,0.0000,0.0000,0.0000,0.0000,0.0000,0.0000,0.0000,0.0000,0.0000,0.0000,0.0000,0.0000,0.0000,0.0000
62,0.8000,DynamicV1Rebalance,10.0000,2236.9242,223.6924,spend75p,227.0809,231.9612,237.6455,243.5457,249.6392,255.1721,259.2998,260.8517,256.5462,248.9254,218.7639,209.2062,36.2660,31.2595,26.8030,22.1806,17.2225,12.3932,7.9823,3.0519,0.0000,0.0000,0.0000,0.0000,0.0000,0.0000,0.0000,0.0000,0.0000,0.0000,0.0000,0.0000,0.0000,0.0000,0.0000,0.0000,0.0000,0.0000,0.0000,0.0000,0.0000,0.0000,0.0000,0.0000,0.0000
62,1.0000,DynamicV1Rebalance,2.5000,10969.6210,274.2405,survival,1.0000,1.0000,1.0000,1.0000,1.0000,1.0000,1.0000,1.0000,1.0000,1.0000,1.0000,1.0000,1.0000,0.9995,0.9995,0.9995,0.9995,0.9985,0.9980,0.9980,0.9980,0.9980,0.9980,0.9975,0.9970,0.9970,0.9960,0.9960,0.9960,0.9960,0.9955,0.9955,0.9955,0.9950,0.9950,0.9945,0.9945,0.9945,0.9945,0.9945,0.9940,0.9940,0.9940,0.9935,0.9935
62,1.0000,DynamicV1Rebalance,2.5000,10969.6210,274.2405,spend25p,274.5629,272.6351,270.5151,267.6370,264.9824,262.5584,259.6484,256.5959,253.5372,250.8779,228.8971,228.2934,71.4691,66.8006,62.7492,58.2617,53.8656,48.9923,44.0847,39.8707,35.1791,30.4455,25.8695,21.6766,17.0908,12.2073,7.6931,3.3892,-0.8506,-5.5820,-10.2562,-14.9402,-20.1215,-25.4349,-31.4712,-37.2585,-42.6647,-48.6111,-54.5207,-59.5726,-65.0941,-70.3473,-75.5157,-81.0746,-86.8305
62,1.0000,DynamicV1Rebalance,2.5000,10969.6210,274.2405,spend50p,276.4531,278.5163,280.7628,282.2927,284.6055,286.6508,289.2353,291.9796,294.3729,296.4845,275.9016,276.7057,100.1657,96.7182,92.6516,89.2646,85.8546,81.3213,77.0134,72.9150,69.5958,65.5766,60.0887,55.7752,51.7491,46.5839,42.5823,38.2908,33.8371,28.8251,23.3131,17.5942,12.6180,6.9228,0.7528,-5.4418,-11.8133,-19.2072,-24.9845,-30.3818,-35.5794,-41.2576,-47.6580,-54.0951,-59.9359
62,1.0000,DynamicV1Rebalance,2.5000,10969.6210,274.2405,spend75p,278.3947,284.3620,291.3099,298.5171,306.0903,313.6793,322.5669,329.9105,338.3970,346.6349,325.4110,332.6624,129.4878,128.4664,127.2022,125.5167,124.0020,122.4345,120.8507,117.7462,114.0300,111.5538,108.6347,104.8762,101.3138,96.7439,91.5206,85.4778,81.6801,77.2063,72.2818,67.2781,61.8510,56.0834,49.5629,44.2254,36.7023,27.8350,20.3693,16.0638,10.1088,4.5066,0.4919,-4.1687,-11.3936
62,1.0000,DynamicV1Rebalance,3.0000,9141.3508,274.2405,survival,1.0000,1.0000,1.0000,1.0000,1.0000,1.0000,1.0000,1.0000,1.0000,1.0000,0.9990,0.9980,0.9975,0.9970,0.9965,0.9960,0.9955,0.9950,0.9950,0.9945,0.9945,0.9940,0.9935,0.9930,0.9930,0.9920,0.9920,0.9915,0.9905,0.9905,0.9885,0.9875,0.9875,0.9875,0.9870,0.9870,0.9865,0.9865,0.9865,0.9860,0.9860,0.9860,0.9860,0.9855,0.9855
62,1.0000,DynamicV1Rebalance,3.0000,9141.3508,274.2405,spend25p,274.5629,272.6351,270.5151,267.6370,264.9824,262.5584,259.6484,256.5959,253.5372,250.8779,228.7899,227.8373,71.2631,66.4054,62.4823,57.8979,53.4959,48.6226,43.7233,38.8811,34.3545,29.8958,25.2499,21.1408,16.4321,11.6523,7.2934,2.9156,-0.8506,-5.5820,-10.2562,-14.9402,-20.1215,-25.4349,-31.4712,-37.2585,-42.6647,-48.6111,-54.5207,-59.5726,-65.0941,-70.3473,-75.5157,-81.0746,-86.8305
62,1.0000,DynamicV1Rebalance,3.0000,9141.3508,274.2405,spend50p,276.4531,278.5163,280.7628,282.2927,284.6055,286.6508,289.2353,291.9796,294.3729,296.4845,275.3628,276.4043,99.9870,96.3802,92.0605,88.7479,85.1754,80.8906,76.6075,72.5743,69.2593,64.9612,59.6638,55.0996,51.3456,46.2221,42.3752,37.5431,32.9124,27.9265,22.1953,16.4026,11.1230,6.1100,0.0000,-5.3966,-11.8077,-19.1268,-24.9845,-30.3818,-35.5794,-41.2576,-47.6580,-54.0951,-59.9359
62,1.0000,DynamicV1Rebalance,3.0000,9141.3508,274.2405,spend75p,278.3947,284.3620,291.3099,298.5171,306.0903,313.6793,322.5669,329.9105,338.3970,346.6349,325.3494,332.5637,129.3887,127.9374,126.8255,125.2268,123.6625,122.2405,120.7385,117.5214,113.8042,110.7697,107.9193,104.2472,100.6153,95.6960,91.2287,84.9046,80.3082,75.6916,70.5342,65.1759,59.5623,54.8658,47.6846,40.7304,33.3628,25.2770,19.0532,13.9820,8.5856,2.8691,0.0000,-2.6141,-10.7910
62,1.0000,DynamicV1Rebalance,3.5000,7835.4435,274.2405,survival,1.0000,1.0000,1.0000,1.0000,1.0000,1.0000,1.0000,1.0000,1.0000,0.9985,0.9975,0.9955,0.9950,0.9945,0.9935,0.9925,0.9910,0.9895,0.9880,0.9855,0.9845,0.9840,0.9820,0.9805,0.9790,0.9790,0.9775,0.9760,0.9745,0.9730,0.9720,0.9715,0.9705,0.9705,0.9690,0.9690,0.9680,0.9670,0.9665,0.9665,0.9660,0.9655,0.9655,0.9650,0.9650
62,1.0000,DynamicV1Rebalance,3.5000,7835.4435,274.2405,spend25p,274.5629,272.6351,270.5151,267.6370,264.9824,262.5584,259.6484,256.5959,253.5372,250.6040,228.6557,227.4135,71.0090,66.1994,61.9157,57.1633,53.0643,47.7632,42.7692,37.9701,33.0830,28.7550,23.9797,19.6778,14.7873,10.4408,5.7057,0.6181,-0.8407,-5.4422,-10.1832,-14.8604,-20.0834,-25.3915,-31.1780,-37.0190,-42.4625,-48.5773,-54.3953,-59.5184,-65.0456,-70.1425,-75.4638,-80.9758,-86.7192
62,1.0000,DynamicV1Rebalance,3.5000,7835.4435,274.2405,spend50p,276.4531,278.5163,280.7628,282.2927,284.6055,286.6508,289.2353,291.9796,294.3729,296.4337,274.9145,275.8723,99.6420,96.0130,91.7376,88.4705,84.6179,80.1537,74.8223,71.4098,68.1239,63.0530,58.3408,54.3994,49.2415,44.9311,40.4392,35.6827,30.8078,24.8762,19.7900,14.5518,8.7353,3.5128,0.0000,-5.1579,-11.6537,-18.8324,-24.5656,-29.9969,-35.2942,-41.1226,-47.0983,-53.8082,-59.7827
62,1.0000,DynamicV1Rebalance,3.5000,7835.4435,274.2405,spend75p,278.3947,284.3620,291.3099,298.5171,306.0903,313.6793,322.5669,329.9105,338.3970,346.5788,324.7352,332.4543,128.8328,127.6712,126.4590,124.9022,123.1841,121.5995,119.7756,115.5147,112.7985,109.5646,105.7870,101.6308,98.0938,92.6653,87.6630,82.7850,77.7682,72.7849,67.1883,62.6339,56.6567,50.3643,43.2820,35.6689,29.4880,22.1643,15.4751,9.9448,4.8544,0.0000,0.0000,-0.4038,-8.2497
62,1.0000,DynamicV1Rebalance,4.0000,6856.0131,274.2405,survival,1.0000,1.0000,1.0000,1.0000,1.0000,1.0000,1.0000,1.0000,0.9990,0.9980,0.9945,0.9920,0.9900,0.9875,0.9830,0.9805,0.9770,0.9740,0.9715,0.9680,0.9655,0.9630,0.9615,0.9610,0.9590,0.9570,0.9545,0.9510,0.9495,0.9485,0.9455,0.9435,0.9410,0.9400,0.9400,0.9385,0.9375,0.9370,0.9370,0.9365,0.9360,0.9350,0.9350,0.9345,0.9345
62,1.0000,DynamicV1Rebalance,4.0000,6856.0131,274.2405,spend25p,274.5629,272.6351,270.5151,267.6370,264.9824,262.5584,259.6484,256.5959,253.2799,250.4595,228.2085,226.7518,70.1305,65.4714,60.6913,56.2683,50.5562,45.8002,40.4928,35.5745,30.8351,25.8692,21.3873,16.9411,12.8186,8.0972,3.4741,0.0000,-0.6338,-5.1494,-9.8534,-14.7275,-19.8879,-24.9988,-30.7280,-36.4775,-42.2786,-48.1540,-53.9776,-59.2221,-64.5977,-69.9147,-75.1440,-80.6323,-86.3137
62,1.0000,DynamicV1Rebalance,4.0000,6856.0131,274.2405,spend50p,276.4531,278.5163,280.7628,282.2927,284.6055,286.6508,289.2353,291.9796,294.2837,296.4207,274.2229,275.3350,99.0768,95.0416,90.8332,87.0805,83.1461,77.8912,73.2346,69.6134,65.5727,60.5643,56.3106,52.3658,47.2019,43.3461,37.9252,32.5786,27.7595,22.6777,16.7305,11.1734,5.3384,0.1535,0.0000,-3.6178,-11.0272,-17.7206,-23.6767,-29.0793,-34.3433,-40.1859,-46.1353,-52.9963,-58.9680
62,1.0000,DynamicV1Rebalance,4.0000,6856.0131,274.2405,spend75p,278.3947,284.3620,291.3099,298.5171,306.0903,313.6793,322.5669,329.9105,338.3014,346.5353,324.1653,331.6610,127.9665,126.9570,125.6964,123.5593,121.5852,119.2745,116.8835,113.3715,109.9496,106.9242,102.7500,99.2386,94.7314,89.0769,83.2372,78.6978,73.8339,68.5672,62.5510,57.6591,50.5406,44.1744,37.8516,31.5395,24.4324,17.9107,11.2189,5.9611,0.0000,0.0000,0.0000,0.0000,-1.9834
62,1.0000,DynamicV1Rebalance,5.0000,5484.8105,274.2405,survival,1.0000,1.0000,1.0000,1.0000,1.0000,1.0000,1.0000,0.9985,0.9970,0.9920,0.9815,0.9665,0.9610,0.9545,0.9485,0.9420,0.9355,0.9300,0.9235,0.9170,0.9080,0.9010,0.8970,0.8930,0.8890,0.8840,0.8800,0.8780,0.8725,0.8685,0.8675,0.8650,0.8630,0.8615,0.8605,0.8595,0.8580,0.8555,0.8540,0.8540,0.8520,0.8515,0.8515,0.8515,0.8515
62,1.0000,DynamicV1Rebalance,5.0000,5484.8105,274.2405,spend25p,274.5629,272.6351,270.5151,267.6370,264.9824,262.5584,259.6484,256.1864,252.7401,249.5507,225.6013,220.7501,66.4920,61.9223,56.8032,51.1244,46.1880,40.1638,34.5311,28.9493,23.2276,17.3692,12.2515,7.5086,1.8873,0.0000,0.0000,0.0000,0.0000,-4.7437,-9.1605,-13.9018,-18.8822,-24.0765,-29.4950,-35.3354,-41.6556,-47.6526,-52.7274,-57.9250,-63.6470,-68.9486,-74.2091,-79.6969,-85.5077
62,1.0000,DynamicV1Rebalance,5.0000,5484.8105,274.2405,spend50p,276.4531,278.5163,280.7628,282.2927,284.6055,286.6508,289.2353,291.6139,294.1031,295.6018,272.2599,272.0579,96.2180,92.5638,88.2028,83.6032,79.0817,74.3050,68.4671,62.5234,56.9927,52.0412,47.6501,42.6196,38.6681,34.5045,29.1987,23.7705,18.6789,13.6254,8.3881,3.1943,0.0000,0.0000,0.0000,-0.7781,-7.5852,-14.7330,-20.3482,-24.9196,-30.3519,-36.8816,-42.8355,-48.8441,-55.7708
62,1.0000,DynamicV1Rebalance,5.0000,5484.8105,274.2405,spend75p,278.3947,284.3620,291.3099,298.5171,306.0903,313.6793,322.5669,329.7376,338.1694,345.1414,322.3602,326.9884,125.8742,123.7076,122.2597,120.4609,116.5733,113.9453,110.0018,106.7181,102.9833,97.9140,93.4684,89.4001,83.5994,78.7222,73.6670,68.7159,62.0548,56.5078,50.3647,45.0855,39.3603,33.3257,27.9054,21.0408,14.3480,5.7300,0.4033,0.0000,0.0000,0.0000,0.0000,0.0000,0.0000
62,1.0000,DynamicV1Rebalance,6.0000,4570.6754,274.2405,survival,1.0000,1.0000,1.0000,1.0000,1.0000,1.0000,0.9985,0.9970,0.9870,0.9720,0.9520,0.9245,0.9130,0.9040,0.8900,0.8765,0.8625,0.8480,0.8390,0.8315,0.8255,0.8175,0.8105,0.8050,0.7945,0.7830,0.7765,0.7720,0.7665,0.7630,0.7605,0.7575,0.7555,0.7525,0.7510,0.7500,0.7495,0.7485,0.7480,0.7470,0.7465,0.7450,0.7445,0.7445,0.7445
62,1.0000,DynamicV1Rebalance,6.0000,4570.6754,274.2405,spend25p,274.5629,272.6351,270.5151,267.6370,264.9824,262.5584,258.8575,255.7569,250.7258,245.2441,220.2280,212.0745,60.7297,54.8008,48.1770,41.2227,33.7777,26.6884,20.6262,14.1458,7.0798,0.9285,0.0000,0.0000,0.0000,0.0000,0.0000,0.0000,0.0000,-2.2487,-6.6108,-11.7527,-17.0427,-22.1603,-27.7666,-33.7938,-39.7372,-46.1500,-51.3948,-56.4947,-62.2251,-67.1104,-73.0281,-78.3889,-84.2053
62,1.0000,DynamicV1Rebalance,6.0000,4570.6754,274.2405,spend50p,276.4531,278.5163,280.7628,282.2927,284.6055,286.6508,289.1712,291.4871,292.7491,294.0572,268.9185,265.6298,91.3358,86.6615,81.3592,75.6369,70.5833,64.0633,58.3166,53.0337,47.5821,41.8394,36.5442,31.2721,25.3020,19.9008,14.0800,9.2308,3.8812,0.0000,0.0000,0.0000,0.0000,0.0000,0.0000,0.0000,-0.6676,-7.8847,-13.3526,-18.4984,-24.5757,-30.0796,-35.8410,-42.3675,-48.7398
62,1.0000,DynamicV1Rebalance,6.0000,4570.6754,274.2405,spend75p,278.3947,284.3620,291.3099,298.5171,306.0903,313.6793,322.4674,329.5799,336.5925,342.4632,318.1660,321.2178,121.9120,119.7936,116.5050,113.0223,109.3821,104.1598,99.8317,96.0488,93.1281,87.3239,82.4674,77.1217,71.0834,64.6237,59.3300,53.1389,47.7557,41.8407,36.7121,30.7511,25.1328,19.1629,12.4949,5.6251,0.0000,0.0000,0.0000,0.0000,0.0000,0.0000,0.0000,0.0000,0.0000
62,1.0000,DynamicV1Rebalance,7.0000,3917.7218,274.2405,survival,1.0000,1.0000,1.0000,1.0000,1.0000,0.9990,0.9965,0.9850,0.9685,0.9340,0.8965,0.8505,0.8300,0.8075,0.7960,0.7795,0.7610,0.7500,0.7390,0.7290,0.7170,0.7080,0.6995,0.6905,0.6800,0.6750,0.6690,0.6655,0.6595,0.6555,0.6545,0.6495,0.6465,0.6450,0.6435,0.6435,0.6425,0.6410,0.6395,0.6395,0.6395,0.6390,0.6390,0.6375,0.6375
62,1.0000,DynamicV1Rebalance,7.0000,3917.7218,274.2405,spend25p,274.5629,272.6351,270.5151,267.6370,264.9824,262.3845,258.5948,253.6991,247.2386,238.2769,208.1478,192.1529,47.0496,37.5861,29.4949,17.8418,1.9760,0.0000,0.0000,0.0000,0.0000,0.0000,0.0000,0.0000,0.0000,0.0000,0.0000,0.0000,0.0000,0.0000,-2.9872,-7.2961,-12.3474,-17.9849,-24.0731,-29.9417,-35.5642,-42.4207,-47.7092,-53.1198,-58.1621,-63.0905,-68.4250,-74.3017,-80.3933
62,1.0000,DynamicV1Rebalance,7.0000,3917.7218,274.2405,spend50p,276.4531,278.5163,280.7628,282.2927,284.6055,286.5780,289.1376,290.6708,291.2923,289.6093,259.8565,252.6667,82.5126,76.5228,71.9210,65.8480,59.7302,53.8260,47.7219,40.8544,34.5187,29.0536,23.4313,17.2598,12.6684,7.1708,1.6048,0.0000,0.0000,0.0000,0.0000,0.0000,0.0000,0.0000,0.0000,0.0000,0.0000,0.0000,0.0000,-0.0920,-4.1549,-9.4032,-16.4717,-23.6249,-30.6778
62,1.0000,DynamicV1Rebalance,7.0000,3917.7218,274.2405,spend75p,278.3947,284.3620,291.3099,298.5171,306.0903,313.4097,322.4520,328.1745,333.7830,338.3727,312.3154,311.2900,116.3254,111.7335,109.7940,105.2557,98.7606,95.3128,91.3729,86.9885,81.1307,74.5728,69.4561,62.6889,55.7228,51.0501,45.6115,42.0714,36.7335,31.0388,25.2163,18.8264,13.2474,8.0414,1.9989,0.0000,0.0000,0.0000,0.0000,0.0000,0.0000,0.0000,0.0000,0.0000,0.0000
62,1.0000,DynamicV1Rebalance,8.0000,3428.0066,274.2405,survival,1.0000,1.0000,1.0000,1.0000,1.0000,0.9980,0.9870,0.9705,0.9290,0.8805,0.8130,0.7470,0.7205,0.7015,0.6815,0.6620,0.6490,0.6320,0.6215,0.6060,0.5985,0.5935,0.5820,0.5750,0.5680,0.5640,0.5610,0.5555,0.5525,0.5505,0.5480,0.5470,0.5420,0.5400,0.5390,0.5380,0.5360,0.5360,0.5345,0.5340,0.5340,0.5340,0.5335,0.5335,0.5335
62,1.0000,DynamicV1Rebalance,8.0000,3428.0066,274.2405,spend25p,274.5629,272.6351,270.5151,267.6370,264.9824,262.0163,257.0532,251.2575,240.4711,226.9976,185.9529,0.0000,0.0000,0.0000,0.0000,0.0000,0.0000,0.0000,0.0000,0.0000,0.0000,0.0000,0.0000,0.0000,0.0000,0.0000,0.0000,0.0000,0.0000,0.0000,0.0000,-2.6469,-7.1903,-13.0577,-18.3176,-23.9992,-30.0561,-36.4704,-42.4594,-47.4344,-52.5681,-57.9009,-63.7161,-69.4248,-75.2712
62,1.0000,DynamicV1Rebalance,8.0000,3428.0066,274.2405,spend50p,276.4531,278.5163,280.7628,282.2927,284.6055,286.5007,288.2417,289.8252,286.5586,281.6635,247.1027,233.7500,71.5461,64.8470,58.0197,50.2339,43.5825,35.6226,28.9617,21.3942,15.0463,9.3259,1.3931,0.0000,0.0000,0.0000,0.0000,0.0000,0.0000,0.0000,0.0000,0.0000,0.0000,0.0000,0.0000,0.0000,0.0000,0.0000,0.0000,0.0000,0.0000,0.0000,0.0000,0.0000,0.0000
62,1.0000,DynamicV1Rebalance,8.0000,3428.0066,274.2405,spend75p,278.3947,284.3620,291.3099,298.5171,306.0903,313.2711,321.0345,326.1669,330.8785,332.6522,300.1904,295.5117,108.4630,104.2109,98.6214,93.0897,88.6653,82.3892,75.4118,69.8148,65.3849,59.9709,54.0898,48.2059,44.2771,38.9725,34.0076,28.2897,22.8570,18.4998,13.7199,7.9761,1.4596,0.0000,0.0000,0.0000,0.0000,0.0000,0.0000,0.0000,0.0000,0.0000,0.0000,0.0000,0.0000
62,1.0000,DynamicV1Rebalance,9.0000,3047.1169,274.2405,survival,1.0000,1.0000,1.0000,1.0000,0.9995,0.9940,0.9750,0.9350,0.8760,0.7855,0.7075,0.6365,0.6090,0.5885,0.5695,0.5515,0.5380,0.5255,0.5105,0.5005,0.4905,0.4830,0.4760,0.4685,0.4615,0.4550,0.4535,0.4510,0.4475,0.4435,0.4415,0.4405,0.4390,0.4375,0.4370,0.4350,0.4345,0.4340,0.4335,0.4330,0.4325,0.4320,0.4320,0.4315,0.4315
62,1.0000,DynamicV1Rebalance,9.0000,3047.1169,274.2405,spend25p,274.5629,272.6351,270.5151,267.6370,264.9304,261.5469,255.5402,245.3276,230.3246,196.1691,0.0000,0.0000,0.0000,0.0000,0.0000,0.0000,0.0000,0.0000,0.0000,0.0000,0.0000,0.0000,0.0000,0.0000,0.0000,0.0000,0.0000,0.0000,0.0000,0.0000,0.0000,0.0000,0.0000,-3.7008,-9.7006,-15.1189,-21.3495,-28.1398,-34.2959,-38.8729,-43.4586,-49.0138,-54.3731,-60.6704,-66.6434
62,1.0000,DynamicV1Rebalance,9.0000,3047.1169,274.2405,spend50p,276.4531,278.5163,280.7628,282.2927,284.5905,286.2543,287.2673,285.1059,280.2319,265.4455,228.1583,208.3549,54.5375,45.9466,37.1985,27.7563,16.8267,7.4418,0.0000,0.0000,0.0000,0.0000,0.0000,0.0000,0.0000,0.0000,0.0000,0.0000,0.0000,0.0000,0.0000,0.0000,0.0000,0.0000,0.0000,0.0000,0.0000,0.0000,0.0000,0.0000,0.0000,0.0000,0.0000,0.0000,0.0000
62,1.0000,DynamicV1Rebalance,9.0000,3047.1169,274.2405,spend75p,278.3947,284.3620,291.3099,298.5171,306.0632,313.2063,320.1966,323.1365,324.3966,318.6066,286.7085,277.9321,97.7739,92.6853,88.1763,81.7077,74.9531,68.8771,60.3686,54.0853,48.2774,42.4729,36.4124,30.7361,25.3919,20.2269,15.4818,10.1000,5.0964,0.3305,0.0000,0.0000,0.0000,0.0000,0.0000,0.0000,0.0000,0.0000,0.0000,0.0000,0.0000,0.0000,0.0000,0.0000,0.0000
62,1.0000,DynamicV1Rebalance,10.0000,2742.4052,274.2405,survival,1.0000,1.0000,1.0000,1.0000,0.9985,0.9845,0.9520,0.8880,0.7850,0.6840,0.6015,0.5295,0.4970,0.4805,0.4600,0.4400,0.4235,0.4105,0.3975,0.3845,0.3795,0.3720,0.3640,0.3570,0.3540,0.3480,0.3455,0.3400,0.3375,0.3355,0.3340,0.3325,0.3320,0.3315,0.3305,0.3305,0.3290,0.3285,0.3285,0.3285,0.3285,0.3280,0.3280,0.3275,0.3275
62,1.0000,DynamicV1Rebalance,10.0000,2742.4052,274.2405,spend25p,274.5629,272.6351,270.5151,267.6370,264.8834,260.4122,252.1386,237.7378,202.7749,0.0000,0.0000,0.0000,0.0000,0.0000,0.0000,0.0000,0.0000,0.0000,0.0000,0.0000,0.0000,0.0000,0.0000,0.0000,0.0000,0.0000,0.0000,0.0000,0.0000,0.0000,0.0000,0.0000,0.0000,0.0000,0.0000,0.0000,-0.4116,-7.1669,-12.0231,-16.8516,-22.3843,-29.7162,-35.3588,-40.4226,-46.1523
62,1.0000,DynamicV1Rebalance,10.0000,2742.4052,274.2405,spend50p,276.4531,278.5163,280.7628,282.2927,284.5271,285.7770,285.2850,279.9700,267.0982,244.0647,201.0444,169.6623,0.0000,0.0000,0.0000,0.0000,0.0000,0.0000,0.0000,0.0000,0.0000,0.0000,0.0000,0.0000,0.0000,0.0000,0.0000,0.0000,0.0000,0.0000,0.0000,0.0000,0.0000,0.0000,0.0000,0.0000,0.0000,0.0000,0.0000,0.0000,0.0000,0.0000,0.0000,0.0000,0.0000
62,1.0000,DynamicV1Rebalance,10.0000,2742.4052,274.2405,spend75p,278.3947,284.3620,291.3099,298.5171,305.9558,312.7018,317.7205,319.5784,314.2571,304.9783,273.4549,261.5078,86.0584,78.5456,72.7991,66.0529,59.8245,53.1046,44.9147,36.9310,31.2282,25.0534,19.4909,14.4857,8.3181,2.1933,0.0000,0.0000,0.0000,0.0000,0.0000,0.0000,0.0000,0.0000,0.0000,0.0000,0.0000,0.0000,0.0000,0.0000,0.0000,0.0000,0.0000,0.0000,0.0000
62,1.1000,DynamicV1Rebalance,2.5000,11980.5831,299.5146,survival,1.0000,1.0000,1.0000,1.0000,1.0000,1.0000,1.0000,1.0000,1.0000,1.0000,1.0000,1.0000,1.0000,0.9995,0.9995,0.9995,0.9980,0.9980,0.9980,0.9980,0.9975,0.9975,0.9965,0.9960,0.9955,0.9950,0.9950,0.9950,0.9950,0.9950,0.9940,0.9940,0.9935,0.9935,0.9930,0.9930,0.9925,0.9920,0.9920,0.9920,0.9920,0.9915,0.9915,0.9910,0.9910
62,1.1000,DynamicV1Rebalance,2.5000,11980.5831,299.5146,spend25p,299.8666,297.7550,295.4319,292.2795,289.3697,286.7107,283.5197,280.1724,276.8172,273.8975,251.7868,251.1228,94.2089,89.1182,84.7190,80.1839,75.5407,70.7279,65.6099,60.7134,56.2569,52.1394,46.9031,42.8323,37.7133,33.1596,28.3944,23.9734,19.6206,14.7219,9.8770,5.4198,0.3507,-3.7604,-9.5946,-15.4108,-20.6332,-27.0594,-32.4985,-37.4126,-42.4119,-47.6717,-54.1256,-60.1862,-65.5245
62,1.1000,DynamicV1Rebalance,2.5000,11980.5831,299.5146,spend50p,301.9311,304.1781,306.6235,308.2845,310.7989,313.0193,315.8268,318.8071,321.4025,323.6889,303.4918,304.3763,128.3060,125.0442,120.8485,117.9332,113.9184,109.8607,105.2321,101.5783,98.4323,94.7797,89.2156,84.9024,80.8097,76.3070,72.4601,68.1264,64.5746,58.9852,54.1745,48.8277,44.2085,39.5945,32.7726,26.7997,20.7884,13.9853,8.1950,3.1260,0.0000,-5.4717,-11.3468,-17.1849,-23.0926
62,1.1000,DynamicV1Rebalance,2.5000,11980.5831,299.5146,spend75p,304.0516,310.5625,318.1421,326.0028,334.2609,342.5340,352.2229,360.2232,369.4690,378.4410,357.9521,365.9286,163.5797,162.8819,162.5859,161.0626,160.5066,159.5859,159.0875,156.4228,153.7553,151.3501,149.2287,146.4200,143.1836,138.9685,133.7260,129.1815,125.4046,121.9025,117.0815,113.3924,108.8157,103.6368,98.5078,92.9973,87.0836,79.9379,72.9710,68.4580,63.8612,59.7331,55.2722,51.4401,45.7894
62,1.1000,DynamicV1Rebalance,3.0000,9983.8192,299.5146,survival,1.0000,1.0000,1.0000,1.0000,1.0000,1.0000,1.0000,1.0000,1.0000,1.0000,0.9990,0.9980,0.9975,0.9970,0.9965,0.9955,0.9950,0.9950,0.9945,0.9945,0.9940,0.9925,0.9920,0.9915,0.9910,0.9910,0.9880,0.9870,0.9870,0.9850,0.9850,0.9850,0.9850,0.9850,0.9850,0.9850,0.9845,0.9845,0.9845,0.9840,0.9835,0.9825,0.9825,0.9825,0.9825
62,1.1000,DynamicV1Rebalance,3.0000,9983.8192,299.5146,spend25p,299.8666,297.7550,295.4319,292.2795,289.3697,286.7107,283.5197,280.1724,276.8172,273.8975,251.6689,250.6210,93.8554,88.5691,84.1326,79.8738,75.1618,70.0863,65.1756,60.4255,55.3448,50.7614,46.1258,42.1003,36.9753,32.6982,27.4668,22.9530,18.4394,12.7988,7.8809,4.2192,0.0000,-3.7604,-9.5946,-15.4108,-20.6332,-27.0594,-32.4985,-37.4126,-42.4119,-47.6717,-54.1256,-60.0431,-65.4976
62,1.1000,DynamicV1Rebalance,3.0000,9983.8192,299.5146,spend50p,301.9311,304.1781,306.6235,308.2845,310.7989,313.0193,315.8268,318.8071,321.4025,323.6889,302.8990,304.0447,127.8443,124.8058,120.5922,117.2023,113.6024,109.5720,104.5310,101.0328,98.2302,93.6579,88.5738,84.0006,80.5276,75.6353,71.5544,66.8425,62.7368,56.9722,52.4876,47.3373,42.3299,37.5048,32.1297,25.1987,19.3008,12.6773,6.9433,2.1761,0.0000,-5.3412,-11.2436,-17.0443,-22.8899
62,1.1000,DynamicV1Rebalance,3.0000,9983.8192,299.5146,spend75p,304.0516,310.5625,318.1421,326.0028,334.2609,342.5340,352.2229,360.2232,369.4690,378.4410,357.8844,365.8201,163.0830,162.4289,162.2512,160.6929,160.3947,159.4433,158.8688,155.9977,153.1608,150.8572,148.3425,145.1569,141.5716,138.1613,132.3321,126.8360,123.0266,119.7052,114.2609,110.0976,106.3664,101.7252,95.9287,89.8674,85.1900,77.5202,70.9236,65.8645,61.5872,56.2905,53.2819,49.6242,41.5315
62,1.1000,DynamicV1Rebalance,3.5000,8557.5593,299.5146,survival,1.0000,1.0000,1.0000,1.0000,1.0000,1.0000,1.0000,1.0000,1.0000,0.9985,0.9975,0.9955,0.9950,0.9940,0.9930,0.9920,0.9900,0.9880,0.9850,0.9825,0.9805,0.9795,0.9780,0.9760,0.9730,0.9715,0.9700,0.9685,0.9660,0.9645,0.9625,0.9620,0.9615,0.9605,0.9605,0.9600,0.9585,0.9570,0.9565,0.9565,0.9560,0.9545,0.9525,0.9525,0.9520
62,1.1000,DynamicV1Rebalance,3.5000,8557.5593,299.5146,spend25p,299.8666,297.7550,295.4319,292.2795,289.3697,286.7107,283.5197,280.1724,276.8172,273.5986,251.5213,250.1548,93.4767,88.1894,83.9368,79.1880,74.5817,69.1386,63.7176,58.2679,53.2425,48.4582,44.1444,38.7469,34.0164,29.4294,24.5691,20.0601,15.1107,10.1874,4.9454,0.0000,0.0000,-3.5392,-9.3281,-14.7364,-20.5219,-26.9675,-32.4181,-37.1941,-42.0539,-47.2293,-53.9398,-59.8824,-65.2825
62,1.1000,DynamicV1Rebalance,3.5000,8557.5593,299.5146,spend50p,301.9311,304.1781,306.6235,308.2845,310.7989,313.0193,315.8268,318.8071,321.4025,323.6335,302.4060,303.4595,127.6006,124.1964,119.9161,116.6444,112.7641,107.8538,102.6842,99.0568,95.6117,91.4068,86.2980,82.2206,76.8905,72.9821,68.7007,64.0253,59.2454,54.1406,49.1084,43.9807,38.1730,32.7390,27.2161,21.9308,15.5658,7.7934,2.5499,0.0000,0.0000,-4.8416,-10.9706,-16.3449,-22.4874
62,1.1000,DynamicV1Rebalance,3.5000,8557.5593,299.5146,spend75p,304.0516,310.5625,318.1421,326.0028,334.2609,342.5340,352.2229,360.2232,369.4690,378.3797,357.2087,365.6997,162.5150,161.9586,161.9604,160.3272,159.0217,158.1828,156.7514,153.4565,150.5561,148.2222,145.3635,141.2319,137.7897,131.9708,127.8087,123.4460,118.3019,114.3089,109.2007,105.0957,99.7490,93.8605,88.6464,82.9230,76.7397,68.6507,63.4187,58.8358,53.0641,48.9518,43.1818,37.0577,31.9578
62,1.1000,DynamicV1Rebalance,4.0000,7487.8644,299.5146,survival,1.0000,1.0000,1.0000,1.0000,1.0000,1.0000,1.0000,1.0000,0.9990,0.9980,0.9945,0.9920,0.9900,0.9860,0.9820,0.9785,0.9745,0.9715,0.9670,0.9640,0.9615,0.9590,0.9570,0.9520,0.9445,0.9420,0.9365,0.9345,0.9305,0.9275,0.9230,0.9200,0.9175,0.9145,0.9140,0.9120,0.9120,0.9115,0.9115,0.9100,0.9100,0.9095,0.9095,0.9095,0.9095
62,1.1000,DynamicV1Rebalance,4.0000,7487.8644,299.5146,spend25p,299.8666,297.7550,295.4319,292.2795,289.3697,286.7107,283.5197,280.1724,276.5364,273.4408,251.0294,249.4269,92.6130,87.3484,82.6136,77.2680,71.6968,66.4023,60.7756,55.5846,50.7278,45.7219,40.8290,35.7014,29.9932,25.0990,19.6199,14.3349,9.2436,4.0382,0.0000,0.0000,0.0000,-3.3909,-8.7436,-14.4753,-20.1483,-26.5034,-31.5006,-36.6004,-41.6028,-46.6050,-52.7552,-58.5188,-64.4792
62,1.1000,DynamicV1Rebalance,4.0000,7487.8644,299.5146,spend50p,301.9311,304.1781,306.6235,308.2845,310.7989,313.0193,315.8268,318.8071,321.3051,323.6193,301.6452,302.8685,126.8910,122.8176,118.5988,115.1191,110.6041,105.2205,100.3378,96.4065,93.1792,87.8821,83.6159,78.8110,73.3664,69.2517,64.2443,58.9405,53.6208,48.7826,42.9071,36.7230,30.6103,24.5199,19.5942,14.2088,8.4494,1.6047,0.0000,0.0000,0.0000,-1.6251,-7.7230,-13.3117,-19.9564
62,1.1000,DynamicV1Rebalance,4.0000,7487.8644,299.5146,spend75p,304.0516,310.5625,318.1421,326.0028,334.2609,342.5340,352.2229,360.2232,369.3647,378.3321,356.5818,364.8271,161.7825,161.2627,160.4152,158.9108,156.9374,155.6031,153.3632,150.4718,147.5607,144.5145,141.4908,138.2273,131.3367,126.1901,122.0441,117.2689,112.9548,106.9189,103.0288,96.1688,88.3560,82.2659,78.0215,72.5238,66.8565,61.1460,54.4805,49.2684,45.0594,39.5060,33.2683,28.8005,22.6579
62,1.1000,DynamicV1Rebalance,5.0000,5990.2915,299.5146,survival,1.0000,1.0000,1.0000,1.0000,1.0000,1.0000,1.0000,0.9985,0.9970,0.9920,0.9810,0.9665,0.9600,0.9525,0.9450,0.9385,0.9305,0.9210,0.9115,0.9010,0.8955,0.8865,0.8795,0.8710,0.8650,0.8575,0.8545,0.8505,0.8460,0.8420,0.8375,0.8325,0.8295,0.8280,0.8255,0.8225,0.8205,0.8195,0.8175,0.8175,0.8170,0.8155,0.8145,0.8125,0.8115
62,1.1000,DynamicV1Rebalance,5.0000,5990.2915,299.5146,spend25p,299.8666,297.7550,295.4319,292.2795,289.3697,286.7107,283.5197,279.7252,275.9470,272.4486,248.0745,242.8251,88.1163,83.1629,77.4598,71.1925,65.5468,58.7133,51.9243,45.2735,39.1703,31.9442,25.9056,19.8597,13.0618,6.1789,1.4934,0.0000,0.0000,0.0000,0.0000,0.0000,0.0000,-1.0333,-6.5756,-12.4853,-18.6747,-24.9705,-30.0676,-34.8873,-40.3502,-44.8305,-50.3704,-55.8630,-62.2276
62,1.1000,DynamicV1Rebalance,5.0000,5990.2915,299.5146,spend50p,301.9311,304.1781,306.6235,308.2845,310.7989,313.0193,315.8268,318.4079,321.1080,322.7252,299.3400,299.2637,123.5569,119.9131,114.9226,109.8111,105.2821,100.0680,93.4946,86.5627,81.0313,75.6836,71.0884,66.1660,59.9687,55.0208,51.3325,47.3231,42.1123,35.8120,30.3157,24.5307,18.7599,13.1477,6.6590,0.3233,0.0000,0.0000,0.0000,0.0000,0.0000,0.0000,-1.2569,-6.9856,-13.1775
62,1.1000,DynamicV1Rebalance,5.0000,5990.2915,299.5146,spend75p,304.0516,310.5625,318.1421,326.0028,334.2609,342.5340,352.2229,360.0344,369.2205,376.8104,354.5261,359.6872,158.7770,156.7947,156.0179,154.2025,151.0989,147.9408,143.5196,139.2989,137.2971,131.5627,127.9632,122.0026,115.8260,111.2929,107.0014,101.8042,95.9722,91.3221,84.4490,79.6526,73.5136,67.9500,62.0003,54.3779,48.4058,42.0728,36.5542,32.7777,27.7361,22.2650,15.8491,8.9481,2.9617
62,1.1000,DynamicV1Rebalance,6.0000,4991.9096,299.5146,survival,1.0000,1.0000,1.0000,1.0000,1.0000,1.0000,0.9985,0.9970,0.9870,0.9720,0.9515,0.9240,0.9120,0.8980,0.8825,0.8640,0.8460,0.8360,0.8280,0.8140,0.8050,0.7920,0.7825,0.7680,0.7605,0.7525,0.7465,0.7410,0.7350,0.7295,0.7275,0.7250,0.7220,0.7200,0.7185,0.7165,0.7145,0.7130,0.7130,0.7110,0.7110,0.7095,0.7085,0.7085,0.7085
62,1.1000,DynamicV1Rebalance,6.0000,4991.9096,299.5146,spend25p,299.8666,297.7550,295.4319,292.2795,289.3697,286.7107,282.6562,279.2562,273.7477,267.7469,242.1212,233.1637,81.2547,74.0616,66.0634,57.2339,48.5563,41.4884,34.3489,24.6651,17.1221,8.2694,0.6644,0.0000,0.0000,0.0000,0.0000,0.0000,0.0000,0.0000,0.0000,0.0000,0.0000,0.0000,-3.8192,-9.7753,-15.6227,-21.5281,-27.4948,-32.3316,-36.6856,-42.7186,-47.8462,-53.3056,-59.2638
62,1.1000,DynamicV1Rebalance,6.0000,4991.9096,299.5146,spend50p,301.9311,304.1781,306.6235,308.2845,310.7989,313.0193,315.7569,318.2693,319.6296,321.0389,295.8103,292.0491,117.4381,112.4144,106.4867,99.8925,93.0210,87.0697,81.5183,75.5579,68.5857,62.1185,56.1697,49.0178,43.7819,37.8468,32.4448,27.1035,21.6055,16.4626,11.3410,6.1630,1.0853,0.0000,0.0000,0.0000,0.0000,0.0000,0.0000,0.0000,0.0000,0.0000,0.0000,0.0000,0.0000
62,1.1000,DynamicV1Rebalance,6.0000,4991.9096,299.5146,spend75p,304.0516,310.5625,318.1421,326.0028,334.2609,342.5340,352.1142,359.8622,367.4988,373.8865,349.9826,353.2163,154.2492,151.5800,149.0124,144.7914,139.9612,136.2059,132.0874,127.7764,122.8629,118.7603,112.0864,105.3741,99.8649,94.3526,87.4366,81.6043,77.2547,71.9468,67.0475,61.5047,55.2982,50.0562,44.6089,38.2964,31.6362,22.9918,18.2539,13.8263,9.7597,2.8911,0.0000,0.0000,0.0000
62,1.1000,DynamicV1Rebalance,7.0000,4278.7797,299.5146,survival,1.0000,1.0000,1.0000,1.0000,1.0000,0.9990,0.9965,0.9850,0.9685,0.9340,0.8965,0.8495,0.8250,0.8020,0.7885,0.7620,0.7490,0.7340,0.7200,0.7080,0.6925,0.6760,0.6635,0.6500,0.6425,0.6330,0.6255,0.6200,0.6175,0.6135,0.6115,0.6090,0.6080,0.6065,0.6040,0.6030,0.6005,0.5990,0.5980,0.5960,0.5950,0.5950,0.5940,0.5935,0.5925
62,1.1000,DynamicV1Rebalance,7.0000,4278.7797,299.5146,spend25p,299.8666,297.7550,295.4319,292.2795,289.3697,286.5207,282.3693,277.0093,269.9404,260.1403,228.9626,210.8038,64.1385,52.5486,42.0689,20.2621,0.0000,0.0000,0.0000,0.0000,0.0000,0.0000,0.0000,0.0000,0.0000,0.0000,0.0000,0.0000,0.0000,0.0000,0.0000,0.0000,0.0000,0.0000,0.0000,-3.2653,-8.9225,-14.4278,-19.9187,-25.0023,-30.9943,-36.3669,-40.9236,-46.7840,-51.7152
62,1.1000,DynamicV1Rebalance,7.0000,4278.7797,299.5146,spend50p,301.9311,304.1781,306.6235,308.2845,310.7989,312.9397,315.7201,317.3781,318.0391,316.1829,285.8421,277.8097,106.7269,100.3328,95.0186,87.4861,80.8636,74.1533,65.8874,59.5252,51.6142,44.3243,37.8482,30.1239,24.1099,16.7303,10.2796,5.4944,0.5824,0.0000,0.0000,0.0000,0.0000,0.0000,0.0000,0.0000,0.0000,0.0000,0.0000,0.0000,0.0000,0.0000,0.0000,0.0000,0.0000
62,1.1000,DynamicV1Rebalance,7.0000,4278.7797,299.5146,spend75p,304.0516,310.5625,318.1421,326.0028,334.2609,342.2397,352.0973,358.3277,364.4314,369.4206,343.5469,342.3087,146.5332,142.2278,140.4974,134.6350,128.7711,124.3858,120.9573,116.3030,108.5483,101.0001,94.4455,87.5777,82.1737,76.4661,71.3913,66.6858,61.6741,55.8534,51.5081,45.8764,40.3938,35.9292,30.1955,23.6096,16.8342,9.4218,4.2409,0.0000,0.0000,0.0000,0.0000,0.0000,0.0000
62,1.1000,DynamicV1Rebalance,8.0000,3743.9322,299.5146,survival,1.0000,1.0000,1.0000,1.0000,1.0000,0.9980,0.9870,0.9705,0.9290,0.8805,0.8120,0.7465,0.7170,0.6940,0.6690,0.6500,0.6305,0.6105,0.5960,0.5825,0.5730,0.5625,0.5480,0.5415,0.5375,0.5295,0.5230,0.5170,0.5120,0.5060,0.5040,0.5010,0.4985,0.4950,0.4925,0.4915,0.4885,0.4875,0.4850,0.4835,0.4825,0.4820,0.4815,0.4815,0.4815
62,1.1000,DynamicV1Rebalance,8.0000,3743.9322,299.5146,spend25p,299.8666,297.7550,295.4319,292.2795,289.3697,286.1187,280.6860,274.3434,262.5514,247.8262,204.1918,0.0000,0.0000,0.0000,0.0000,0.0000,0.0000,0.0000,0.0000,0.0000,0.0000,0.0000,0.0000,0.0000,0.0000,0.0000,0.0000,0.0000,0.0000,0.0000,0.0000,0.0000,0.0000,0.0000,0.0000,0.0000,0.0000,-4.3520,-10.9059,-17.0040,-21.7105,-25.4931,-29.7159,-35.5359,-41.6678
62,1.1000,DynamicV1Rebalance,8.0000,3743.9322,299.5146,spend50p,301.9311,304.1781,306.6235,308.2845,310.7989,312.8553,314.7418,316.4548,312.8707,307.5079,271.0551,256.9851,94.0176,85.4997,77.4573,69.1728,59.2249,49.3845,41.6864,32.4557,24.4030,16.4517,7.1604,0.7442,0.0000,0.0000,0.0000,0.0000,0.0000,0.0000,0.0000,0.0000,0.0000,0.0000,0.0000,0.0000,0.0000,0.0000,0.0000,0.0000,0.0000,0.0000,0.0000,0.0000,0.0000
62,1.1000,DynamicV1Rebalance,8.0000,3743.9322,299.5146,spend75p,304.0516,310.5625,318.1421,326.0028,334.2609,342.0883,350.5495,356.1356,361.2602,363.1752,329.9526,325.0272,137.7019,132.6066,127.0865,120.8480,114.5247,106.7971,100.2335,94.6109,87.4349,83.3546,75.1964,70.2798,65.9024,60.0501,54.2064,48.9712,43.3611,37.2342,31.5080,26.3478,21.2743,14.7696,8.8753,3.6149,0.0000,0.0000,0.0000,0.0000,0.0000,0.0000,0.0000,0.0000,0.0000
62,1.1000,DynamicV1Rebalance,9.0000,3327.9397,299.5146,survival,1.0000,1.0000,1.0000,1.0000,0.9995,0.9940,0.9750,0.9350,0.8760,0.7855,0.7075,0.6355,0.6050,0.5815,0.5615,0.5385,0.5240,0.5025,0.4900,0.4745,0.4625,0.4475,0.4395,0.4355,0.4285,0.4220,0.4145,0.4125,0.4080,0.4040,0.4005,0.3980,0.3955,0.3925,0.3900,0.3885,0.3855,0.3855,0.3840,0.3825,0.3820,0.3815,0.3815,0.3815,0.3810
62,1.1000,DynamicV1Rebalance,9.0000,3327.9397,299.5146,spend25p,299.8666,297.7550,295.4319,292.2795,289.3129,285.6061,279.0339,267.8686,251.4733,214.1689,0.0000,0.0000,0.0000,0.0000,0.0000,0.0000,0.0000,0.0000,0.0000,0.0000,0.0000,0.0000,0.0000,0.0000,0.0000,0.0000,0.0000,0.0000,0.0000,0.0000,0.0000,0.0000,0.0000,0.0000,0.0000,0.0000,0.0000,0.0000,0.0000,-0.1534,-4.5672,-10.1650,-14.5798,-19.8525,-26.0177
62,1.1000,DynamicV1Rebalance,9.0000,3327.9397,299.5146,spend50p,301.9311,304.1781,306.6235,308.2845,310.7825,312.5863,313.6779,311.3019,305.9632,289.8018,250.9742,229.1207,73.4125,62.7978,51.8558,37.5199,25.3887,0.1144,0.0000,0.0000,0.0000,0.0000,0.0000,0.0000,0.0000,0.0000,0.0000,0.0000,0.0000,0.0000,0.0000,0.0000,0.0000,0.0000,0.0000,0.0000,0.0000,0.0000,0.0000,0.0000,0.0000,0.0000,0.0000,0.0000,0.0000
62,1.1000,DynamicV1Rebalance,9.0000,3327.9397,299.5146,spend75p,304.0516,310.5625,318.1421,326.0028,334.2314,342.0175,349.6346,352.8268,354.1831,347.8408,315.3794,305.4744,124.9758,119.7009,113.2544,105.4137,99.3472,90.7685,82.7808,76.3019,67.9324,59.8921,53.6846,46.5559,41.8139,36.5333,30.1184,26.0407,20.6970,14.9034,9.3448,4.3610,0.0000,0.0000,0.0000,0.0000,0.0000,0.0000,0.0000,0.0000,0.0000,0.0000,0.0000,0.0000,0.0000
62,1.1000,DynamicV1Rebalance,10.0000,2995.1458,299.5146,survival,1.0000,1.0000,1.0000,1.0000,0.9985,0.9845,0.9520,0.8880,0.7850,0.6840,0.6010,0.5295,0.4925,0.4720,0.4450,0.4235,0.4035,0.3865,0.3750,0.3600,0.3470,0.3375,0.3295,0.3215,0.3140,0.3085,0.3055,0.3005,0.2975,0.2940,0.2910,0.2900,0.2860,0.2850,0.2840,0.2815,0.2805,0.2790,0.2790,0.2785,0.2775,0.2760,0.2755,0.2750,0.2745
62,1.1000,DynamicV1Rebalance,10.0000,2995.1458,299.5146,spend25p,299.8666,297.7550,295.4319,292.2795,289.2616,284.3670,275.3195,259.5815,221.3939,0.0000,0.0000,0.0000,0.0000,0.0000,0.0000,0.0000,0.0000,0.0000,0.0000,0.0000,0.0000,0.0000,0.0000,0.0000,0.0000,0.0000,0.0000,0.0000,0.0000,0.0000,0.0000,0.0000,0.0000,0.0000,0.0000,0.0000,0.0000,0.0000,0.0000,0.0000,0.0000,0.0000,0.0000,0.0000,0.0000
62,1.1000,DynamicV1Rebalance,10.0000,2995.1458,299.5146,spend50p,301.9311,304.1781,306.6235,308.2845,310.7132,312.0651,311.5133,305.6941,291.6235,266.4593,220.8388,186.6286,0.0000,0.0000,0.0000,0.0000,0.0000,0.0000,0.0000,0.0000,0.0000,0.0000,0.0000,0.0000,0.0000,0.0000,0.0000,0.0000,0.0000,0.0000,0.0000,0.0000,0.0000,0.0000,0.0000,0.0000,0.0000,0.0000,0.0000,0.0000,0.0000,0.0000,0.0000,0.0000,0.0000
62,1.1000,DynamicV1Rebalance,10.0000,2995.1458,299.5146,spend75p,304.0516,310.5625,318.1421,326.0028,334.1141,341.4667,346.9309,348.9418,343.1126,332.9620,300.8004,287.6585,110.6935,102.1671,95.0045,87.5674,78.6953,69.1500,61.5774,52.3084,44.1106,37.2171,28.3075,21.1495,12.8335,5.2509,0.0000,0.0000,0.0000,0.0000,0.0000,0.0000,0.0000,0.0000,0.0000,0.0000,0.0000,0.0000,0.0000,0.0000,0.0000,0.0000,0.0000,0.0000,0.0000
62,1.2000,DynamicV1Rebalance,2.5000,12991.5452,324.7886,survival,1.0000,1.0000,1.0000,1.0000,1.0000,1.0000,1.0000,1.0000,1.0000,1.0000,1.0000,1.0000,1.0000,0.9995,0.9995,0.9995,0.9980,0.9980,0.9980,0.9975,0.9970,0.9960,0.9955,0.9950,0.9950,0.9950,0.9950,0.9950,0.9940,0.9935,0.9935,0.9925,0.9925,0.9925,0.9920,0.9920,0.9915,0.9915,0.9915,0.9915,0.9915,0.9905,0.9900,0.9900,0.9900
62,1.2000,DynamicV1Rebalance,2.5000,12991.5452,324.7886,spend25p,325.1704,322.8749,320.3487,316.9219,313.7571,310.8629,307.3911,303.7488,300.0973,296.9172,274.6765,273.9521,116.7241,111.3150,106.7418,102.4573,97.5310,92.1397,87.4970,82.1687,77.0947,73.2766,68.3652,63.5433,58.4174,53.9431,49.3182,44.8041,40.5985,35.3864,30.2888,26.1573,20.9541,16.5678,9.6478,4.1363,-0.0346,-5.3546,-10.1632,-14.4248,-19.7784,-25.0278,-30.3150,-35.8259,-41.6163
62,1.2000,DynamicV1Rebalance,2.5000,12991.5452,324.7886,spend50p,327.4091,329.8399,332.4842,334.2764,336.9922,339.3877,342.4183,345.6346,348.4322,350.8933,331.0820,332.0468,156.3527,153.2419,149.4669,145.9399,142.4313,138.3077,133.7423,130.2614,127.3585,123.5718,117.9205,113.8817,110.1298,105.6751,102.6523,99.0277,95.2289,89.2280,85.3612,80.5396,75.6675,70.8539,65.2934,59.4507,53.5168,47.0889,42.2670,37.6579,33.2481,27.2761,21.5208,17.2844,12.5709
62,1.2000,DynamicV1Rebalance,2.5000,12991.5452,324.7886,spend75p,329.7085,336.7629,344.9743,353.4885,362.4315,371.3888,381.8788,390.5358,400.5411,410.2470,390.4932,399.1948,197.5091,197.4132,198.0116,196.7791,197.2709,197.2529,196.9413,195.3585,193.2019,191.6848,189.7809,186.8065,184.1800,180.8227,176.5278,172.4114,169.2957,166.4288,161.7974,158.7686,155.9300,151.7986,147.8214,143.0470,138.5528,131.8535,127.2186,121.7978,120.4492,117.2132,112.7067,110.5592,106.5665
62,1.2000,DynamicV1Rebalance,3.0000,10826.2876,324.7886,survival,1.0000,1.0000,1.0000,1.0000,1.0000,1.0000,1.0000,1.0000,1.0000,1.0000,0.9990,0.9980,0.9975,0.9965,0.9955,0.9955,0.9950,0.9950,0.9945,0.9940,0.9925,0.9920,0.9915,0.9900,0.9895,0.9875,0.9850,0.9845,0.9845,0.9835,0.9835,0.9820,0.9815,0.9815,0.9815,0.9810,0.9810,0.9805,0.9800,0.9795,0.9795,0.9775,0.9770,0.9760,0.9750
62,1.2000,DynamicV1Rebalance,3.0000,10826.2876,324.7886,spend25p,325.1704,322.8749,320.3487,316.9219,313.7571,310.8629,307.3911,303.7488,300.0973,296.9172,274.5478,273.4047,116.2752,110.7060,106.1066,101.6673,96.9734,91.5404,86.7653,81.5898,76.3440,72.1748,66.9680,62.7741,56.9844,52.4395,47.5886,43.6714,38.8782,33.1156,28.5541,24.0621,18.3134,13.0987,7.4238,1.5323,0.0000,-5.2027,-10.1070,-14.3066,-19.7211,-24.9894,-30.2167,-35.7433,-41.5107
62,1.2000,DynamicV1Rebalance,3.0000,10826.2876,324.7886,spend50p,327.4091,329.8399,332.4842,334.2764,336.9922,339.3877,342.4183,345.6346,348.4322,350.8933,330.4353,331.6851,155.8271,152.8645,148.8346,145.5563,141.8701,137.9343,132.8087,129.3922,126.9027,122.2793,117.0348,112.8970,109.3920,104.5964,100.8154,96.9616,92.7400,87.4160,83.2430,78.0171,73.3977,68.0958,62.9399,57.8216,51.4806,44.7841,39.8548,34.9667,29.8676,24.9690,19.6684,14.3962,8.9733
62,1.2000,DynamicV1Rebalance,3.0000,10826.2876,324.7886,spend75p,329.7085,336.7629,344.9743,353.4885,362.4315,371.3888,381.8788,390.5358,400.5411,410.2470,390.4193,399.0765,197.0516,197.1325,197.8250,196.3793,196.8854,196.7523,196.6502,194.8537,191.6816,190.3466,188.8326,185.2445,182.6229,178.7073,173.1999,168.5312,165.7971,163.1609,158.5763,155.3492,151.2871,147.3047,143.2742,139.9589,134.9061,127.8094,121.1336,117.3508,114.5087,109.6406,106.5070,103.4808,99.1323
62,1.2000,DynamicV1Rebalance,3.5000,9279.6751,324.7886,survival,1.0000,1.0000,1.0000,1.0000,1.0000,1.0000,1.0000,1.0000,1.0000,0.9985,0.9975,0.9955,0.9950,0.9940,0.9925,0.9905,0.9885,0.9860,0.9825,0.9805,0.9780,0.9740,0.9720,0.9700,0.9680,0.9665,0.9635,0.9615,0.9600,0.9595,0.9590,0.9565,0.9550,0.9520,0.9515,0.9505,0.9495,0.9490,0.9475,0.9450,0.9445,0.9440,0.9440,0.9430,0.9430
62,1.2000,DynamicV1Rebalance,3.5000,9279.6751,324.7886,spend25p,325.1704,322.8749,320.3487,316.9219,313.7571,310.8629,307.3911,303.7488,300.0973,296.5931,274.3869,272.8962,115.9747,110.3522,105.8644,100.6940,95.7575,90.0053,84.1508,78.8442,73.5458,68.3442,63.4963,58.2003,53.3367,48.0442,43.3743,38.5650,33.9441,29.0931,23.9078,18.9773,12.7477,6.8416,1.5745,0.0000,0.0000,-4.8092,-9.5076,-14.0643,-18.9389,-24.3999,-29.8685,-35.3040,-40.9810
62,1.2000,DynamicV1Rebalance,3.5000,9279.6751,324.7886,spend50p,327.4091,329.8399,332.4842,334.2764,336.9922,339.3877,342.4183,345.6346,348.4322,350.8332,329.8974,331.0467,155.4025,152.5126,148.2508,144.9104,140.8037,135.0248,130.0531,127.0983,123.6216,119.4687,114.3153,109.7961,104.9571,100.8657,96.7659,91.6147,87.8080,83.2115,77.8455,72.8980,67.0528,61.9701,56.8142,51.9593,45.5928,38.3247,33.2423,28.2697,23.2022,18.2545,13.2752,7.6883,1.3782
62,1.2000,DynamicV1Rebalance,3.5000,9279.6751,324.7886,spend75p,329.7085,336.7629,344.9743,353.4885,362.4315,371.3888,381.8788,390.5358,400.5411,410.1806,389.6822,398.9451,196.2655,196.5788,197.2182,195.8765,195.0530,195.0876,193.4700,191.5769,188.4110,186.0912,184.4068,180.8904,177.5433,172.5440,167.6996,164.0004,159.3019,156.9728,152.3229,149.0243,141.9007,138.1480,133.5143,129.6448,122.4029,115.9410,110.7143,104.8859,102.4803,96.7526,95.2055,91.3180,88.3838
62,1.2000,DynamicV1Rebalance,4.0000,8119.7157,324.7886,survival,1.0000,1.0000,1.0000,1.0000,1.0000,1.0000,1.0000,1.0000,0.9990,0.9980,0.9945,0.9920,0.9900,0.9840,0.9795,0.9755,0.9710,0.9675,0.9640,0.9605,0.9560,0.9515,0.9435,0.9395,0.9340,0.9280,0.9220,0.9180,0.9165,0.9130,0.9100,0.9095,0.9070,0.9055,0.9040,0.9025,0.9010,0.8990,0.8970,0.8970,0.8960,0.8945,0.8945,0.8930,0.8930
62,1.2000,DynamicV1Rebalance,4.0000,8119.7157,324.7886,spend25p,325.1704,322.8749,320.3487,316.9219,313.7571,310.8629,307.3911,303.7488,299.7929,296.4220,273.8503,272.1021,114.8820,108.9358,104.0177,98.0729,92.6869,86.6796,80.8229,75.3290,70.1495,63.9864,58.2461,52.9154,46.4736,41.1279,35.0635,30.1587,24.4931,18.8374,13.9670,8.8333,3.8586,0.0000,0.0000,0.0000,0.0000,-4.5276,-9.0319,-13.5957,-18.4313,-23.2373,-28.9577,-34.4797,-39.4954
62,1.2000,DynamicV1Rebalance,4.0000,8119.7157,324.7886,spend50p,327.4091,329.8399,332.4842,334.2764,336.9922,339.3877,342.4183,345.6346,348.3266,350.8178,329.0674,330.4020,154.7758,150.6166,146.0791,142.7237,138.4321,132.5110,127.5378,123.4353,118.8931,114.3459,108.8455,103.8138,99.3910,94.5731,89.7931,84.2827,79.5207,74.8031,69.2094,63.5226,57.0619,52.1225,47.5372,42.4144,36.5315,29.3845,22.9270,19.4475,14.5510,8.1888,3.9837,0.0000,0.0000
62,1.2000,DynamicV1Rebalance,4.0000,8119.7157,324.7886,spend75p,329.7085,336.7629,344.9743,353.4885,362.4315,371.3888,381.8788,390.5358,400.4279,410.1290,388.9984,397.9932,195.6574,194.3310,194.6109,193.9615,191.9627,190.7779,189.6009,186.7688,183.9793,181.6772,178.1347,174.3339,168.7724,164.2315,159.9158,155.2447,150.6836,144.0782,139.4498,135.2189,128.8146,124.5784,120.3812,115.6405,108.4992,104.5196,97.8574,94.6111,91.1044,86.1213,82.1183,77.1272,71.8967
62,1.2000,DynamicV1Rebalance,5.0000,6495.7726,324.7886,survival,1.0000,1.0000,1.0000,1.0000,1.0000,1.0000,1.0000,0.9985,0.9970,0.9920,0.9805,0.9665,0.9585,0.9515,0.9415,0.9325,0.9250,0.9135,0.9005,0.8925,0.8830,0.8700,0.8600,0.8540,0.8485,0.8430,0.8355,0.8285,0.8245,0.8140,0.8110,0.8075,0.8005,0.7955,0.7935,0.7905,0.7880,0.7865,0.7845,0.7840,0.7820,0.7815,0.7800,0.7800,0.7785
62,1.2000,DynamicV1Rebalance,5.0000,6495.7726,324.7886,spend25p,325.1704,322.8749,320.3487,316.9219,313.7571,310.8629,307.3911,303.2640,299.1539,295.3465,270.5514,264.9001,109.1625,104.1934,97.1056,90.6306,84.2566,76.7994,69.3638,61.9390,53.8018,45.9443,38.2434,31.1880,24.8658,18.8567,12.8755,7.1243,2.7953,0.0000,0.0000,0.0000,0.0000,0.0000,0.0000,0.0000,0.0000,-2.0102,-6.9040,-11.4326,-16.1354,-20.8111,-26.1219,-31.6428,-36.8256
62,1.2000,DynamicV1Rebalance,5.0000,6495.7726,324.7886,spend50p,327.4091,329.8399,332.4842,334.2764,336.9922,339.3877,342.4183,345.2018,348.1130,349.8485,326.4479,326.4695,150.5942,147.1469,141.4517,136.1452,131.5365,124.7936,118.2786,110.4951,104.4935,98.2533,92.0756,86.9318,82.6244,77.1948,72.9697,67.2825,63.0035,55.0311,50.0085,45.0961,38.3563,31.8091,25.5443,19.1184,13.2220,6.8432,0.9361,0.0000,0.0000,0.0000,0.0000,0.0000,0.0000
62,1.2000,DynamicV1Rebalance,5.0000,6495.7726,324.7886,spend75p,329.7085,336.7629,344.9743,353.4885,362.4315,371.3888,381.8788,390.3312,400.2716,408.4793,386.5109,392.3860,191.5257,190.1284,189.6614,187.3029,184.9630,180.7201,175.6923,173.3992,169.8507,164.3880,159.8971,155.3186,149.5744,145.3690,139.5125,132.8392,129.0186,121.4376,117.7367,112.9622,107.5234,98.8149,92.7819,87.5289,80.5527,75.4738,70.7059,68.6064,62.1010,58.3367,52.7257,47.2838,40.3604
62,1.2000,DynamicV1Rebalance,6.0000,5413.1438,324.7886,survival,1.0000,1.0000,1.0000,1.0000,1.0000,1.0000,0.9985,0.9970,0.9870,0.9720,0.9515,0.9240,0.9105,0.8950,0.8755,0.8520,0.8380,0.8275,0.8110,0.8010,0.7875,0.7695,0.7550,0.7465,0.7380,0.7290,0.7175,0.7150,0.7080,0.7040,0.6985,0.6945,0.6910,0.6865,0.6835,0.6810,0.6785,0.6750,0.6715,0.6695,0.6685,0.6675,0.6660,0.6655,0.6655
62,1.2000,DynamicV1Rebalance,6.0000,5413.1438,324.7886,spend25p,325.1704,322.8749,320.3487,316.9219,313.7571,310.8629,306.4548,302.7556,296.7697,290.2496,264.1323,254.3604,101.6202,93.3927,83.5866,72.5690,64.0990,56.0544,44.1703,34.4910,24.4208,11.3434,0.0000,0.0000,0.0000,0.0000,0.0000,0.0000,0.0000,0.0000,0.0000,0.0000,0.0000,0.0000,0.0000,0.0000,0.0000,0.0000,-1.9982,-7.1305,-11.8398,-16.6910,-21.7832,-26.3962,-32.4068
62,1.2000,DynamicV1Rebalance,6.0000,5413.1438,324.7886,spend50p,327.4091,329.8399,332.4842,334.2764,336.9922,339.3877,342.3425,345.0516,346.5102,348.0206,322.7022,318.5990,143.4402,138.1521,131.2888,123.7158,116.7634,109.9867,103.9501,96.8709,88.8857,81.2024,74.4405,67.9623,62.2393,55.7175,49.1321,44.2629,38.5158,32.4437,26.2734,20.6702,14.8815,8.0794,2.1839,0.0000,0.0000,0.0000,0.0000,0.0000,0.0000,0.0000,0.0000,0.0000,0.0000
62,1.2000,DynamicV1Rebalance,6.0000,5413.1438,324.7886,spend75p,329.7085,336.7629,344.9743,353.4885,362.4315,371.3888,381.7610,390.1445,398.4052,405.3097,381.7992,385.3269,186.4101,184.1314,181.1001,176.4397,171.3963,168.1109,163.9151,158.7326,153.4346,145.9803,138.1963,135.6467,130.4600,122.8635,114.2620,110.4180,107.0006,101.9451,95.9744,89.4736,84.4027,79.8409,74.4173,67.3884,59.9510,53.4522,46.3895,43.6164,39.9511,34.5665,30.6872,27.0490,20.8581
62,1.2000,DynamicV1Rebalance,7.0000,4639.8376,324.7886,survival,1.0000,1.0000,1.0000,1.0000,1.0000,0.9990,0.9965,0.9850,0.9685,0.9340,0.8965,0.8495,0.8220,0.7975,0.7790,0.7535,0.7380,0.7225,0.7030,0.6825,0.6615,0.6490,0.6350,0.6230,0.6170,0.6095,0.6045,0.6000,0.5955,0.5880,0.5795,0.5755,0.5730,0.5685,0.5655,0.5620,0.5605,0.5590,0.5580,0.5570,0.5550,0.5535,0.5520,0.5510,0.5485
62,1.2000,DynamicV1Rebalance,7.0000,4639.8376,324.7886,spend25p,325.1704,322.8749,320.3487,316.9219,313.7571,310.6569,306.1438,300.3196,292.6421,282.0038,249.7774,229.9678,81.5202,67.4650,52.3237,18.9258,0.0000,0.0000,0.0000,0.0000,0.0000,0.0000,0.0000,0.0000,0.0000,0.0000,0.0000,0.0000,0.0000,0.0000,0.0000,0.0000,0.0000,0.0000,0.0000,0.0000,0.0000,0.0000,0.0000,0.0000,-2.3194,-7.1521,-11.0660,-16.5256,-21.8422
62,1.2000,DynamicV1Rebalance,7.0000,4639.8376,324.7886,spend50p,327.4091,329.8399,332.4842,334.2764,336.9922,339.3015,342.3026,344.0853,344.7860,342.7564,311.8278,303.0651,131.0032,123.9575,117.8467,109.0478,101.0770,92.9618,84.0134,75.3146,66.0250,58.1590,48.8582,41.2818,34.9801,27.9000,21.6786,16.3886,11.0634,3.8459,0.0000,0.0000,0.0000,0.0000,0.0000,0.0000,0.0000,0.0000,0.0000,0.0000,0.0000,0.0000,0.0000,0.0000,0.0000
62,1.2000,DynamicV1Rebalance,7.0000,4639.8376,324.7886,spend75p,329.7085,336.7629,344.9743,353.4885,362.4315,371.0696,381.7427,388.4809,395.0798,400.4685,374.7784,373.4277,177.1494,172.7443,170.7487,163.7768,157.7329,154.0770,148.8390,141.7120,132.7308,126.7277,118.5635,112.7824,107.0182,100.9076,97.9997,91.3147,86.3609,81.2205,74.0300,69.9345,63.7797,57.4248,51.5568,45.2602,40.3489,32.9022,26.5186,22.6132,18.6550,13.2275,7.3622,1.5659,0.0000
62,1.2000,DynamicV1Rebalance,8.0000,4059.8579,324.7886,survival,1.0000,1.0000,1.0000,1.0000,1.0000,0.9980,0.9870,0.9705,0.9290,0.8805,0.8120,0.7455,0.7140,0.6875,0.6600,0.6355,0.6145,0.5925,0.5790,0.5680,0.5480,0.5355,0.5295,0.5195,0.5080,0.4985,0.4910,0.4835,0.4790,0.4720,0.4685,0.4630,0.4600,0.4575,0.4570,0.4565,0.4555,0.4530,0.4510,0.4480,0.4470,0.4460,0.4460,0.4460,0.4450
62,1.2000,DynamicV1Rebalance,8.0000,4059.8579,324.7886,spend25p,325.1704,322.8749,320.3487,316.9219,313.7571,310.2211,304.3187,297.4293,284.6318,268.6547,222.7547,0.0000,0.0000,0.0000,0.0000,0.0000,0.0000,0.0000,0.0000,0.0000,0.0000,0.0000,0.0000,0.0000,0.0000,0.0000,0.0000,0.0000,0.0000,0.0000,0.0000,0.0000,0.0000,0.0000,0.0000,0.0000,0.0000,0.0000,0.0000,0.0000,0.0000,0.0000,0.0000,-2.3239,-6.7226
62,1.2000,DynamicV1Rebalance,8.0000,4059.8579,324.7886,spend50p,327.4091,329.8399,332.4842,334.2764,336.9922,339.2100,341.2420,343.0844,339.1829,333.3524,295.6965,280.2922,116.1027,106.1060,95.6576,84.9107,74.2757,62.5713,53.3948,43.7386,31.1530,20.2074,13.1079,2.9834,0.0000,0.0000,0.0000,0.0000,0.0000,0.0000,0.0000,0.0000,0.0000,0.0000,0.0000,0.0000,0.0000,0.0000,0.0000,0.0000,0.0000,0.0000,0.0000,0.0000,0.0000
62,1.2000,DynamicV1Rebalance,8.0000,4059.8579,324.7886,spend75p,329.7085,336.7629,344.9743,353.4885,362.4315,370.9055,380.0645,386.1043,391.6418,393.6982,359.9483,354.5553,166.7399,160.6728,155.0872,147.3122,140.7745,132.0233,125.1251,118.8430,109.2381,102.9326,98.4755,92.7839,83.7746,77.1114,72.1881,66.0139,59.3279,53.0871,47.3020,42.9258,36.9870,30.8304,25.1277,19.7072,14.0425,6.8566,1.0182,0.0000,0.0000,0.0000,0.0000,0.0000,0.0000
62,1.2000,DynamicV1Rebalance,9.0000,3608.7625,324.7886,survival,1.0000,1.0000,1.0000,1.0000,0.9995,0.9940,0.9750,0.9350,0.8760,0.7855,0.7075,0.6345,0.6035,0.5765,0.5475,0.5275,0.5065,0.4875,0.4675,0.4525,0.4390,0.4285,0.4210,0.4125,0.4005,0.3920,0.3825,0.3755,0.3730,0.3650,0.3600,0.3565,0.3525,0.3505,0.3495,0.3470,0.3460,0.3450,0.3445,0.3430,0.3410,0.3405,0.3390,0.3370,0.3355
62,1.2000,DynamicV1Rebalance,9.0000,3608.7625,324.7886,spend25p,325.1704,322.8749,320.3487,316.9219,313.6955,309.6653,302.5275,290.4097,272.6220,232.1687,0.0000,0.0000,0.0000,0.0000,0.0000,0.0000,0.0000,0.0000,0.0000,0.0000,0.0000,0.0000,0.0000,0.0000,0.0000,0.0000,0.0000,0.0000,0.0000,0.0000,0.0000,0.0000,0.0000,0.0000,0.0000,0.0000,0.0000,0.0000,0.0000,0.0000,0.0000,0.0000,0.0000,0.0000,0.0000
62,1.2000,DynamicV1Rebalance,9.0000,3608.7625,324.7886,spend50p,327.4091,329.8399,332.4842,334.2764,336.9744,338.9182,340.0884,337.4979,331.6944,314.1582,273.7900,249.7461,92.6378,79.5961,64.3639,46.9582,19.2511,0.0000,0.0000,0.0000,0.0000,0.0000,0.0000,0.0000,0.0000,0.0000,0.0000,0.0000,0.0000,0.0000,0.0000,0.0000,0.0000,0.0000,0.0000,0.0000,0.0000,0.0000,0.0000,0.0000,0.0000,0.0000,0.0000,0.0000,0.0000
62,1.2000,DynamicV1Rebalance,9.0000,3608.7625,324.7886,spend75p,329.7085,336.7629,344.9743,353.4885,362.3995,370.8288,379.0726,382.5170,383.9696,377.0751,344.0502,333.1748,152.5308,145.7116,136.7291,129.5938,121.3607,112.6038,104.4346,95.5590,86.8784,79.5217,71.4648,64.4559,56.4597,50.8896,43.6820,36.5998,31.8465,24.9810,19.2356,12.0147,6.4297,1.4987,0.0000,0.0000,0.0000,0.0000,0.0000,0.0000,0.0000,0.0000,0.0000,0.0000,0.0000
62,1.2000,DynamicV1Rebalance,10.0000,3247.8863,324.7886,survival,1.0000,1.0000,1.0000,1.0000,0.9985,0.9845,0.9520,0.8880,0.7850,0.6840,0.6005,0.5295,0.4910,0.4635,0.4350,0.4095,0.3890,0.3660,0.3515,0.3390,0.3215,0.3095,0.3025,0.2925,0.2850,0.2785,0.2740,0.2685,0.2645,0.2600,0.2550,0.2520,0.2495,0.2475,0.2450,0.2435,0.2415,0.2400,0.2400,0.2395,0.2395,0.2395,0.2395,0.2395,0.2385
62,1.2000,DynamicV1Rebalance,10.0000,3247.8863,324.7886,spend25p,325.1704,322.8749,320.3487,316.9219,313.6398,308.3219,298.5004,281.4252,240.0129,0.0000,0.0000,0.0000,0.0000,0.0000,0.0000,0.0000,0.0000,0.0000,0.0000,0.0000,0.0000,0.0000,0.0000,0.0000,0.0000,0.0000,0.0000,0.0000,0.0000,0.0000,0.0000,0.0000,0.0000,0.0000,0.0000,0.0000,0.0000,0.0000,0.0000,0.0000,0.0000,0.0000,0.0000,0.0000,0.0000
62,1.2000,DynamicV1Rebalance,10.0000,3247.8863,324.7886,spend50p,327.4091,329.8399,332.4842,334.2764,336.8993,338.3532,337.7416,331.4181,316.1488,288.8538,240.6720,203.5948,0.0000,0.0000,0.0000,0.0000,0.0000,0.0000,0.0000,0.0000,0.0000,0.0000,0.0000,0.0000,0.0000,0.0000,0.0000,0.0000,0.0000,0.0000,0.0000,0.0000,0.0000,0.0000,0.0000,0.0000,0.0000,0.0000,0.0000,0.0000,0.0000,0.0000,0.0000,0.0000,0.0000
62,1.2000,DynamicV1Rebalance,10.0000,3247.8863,324.7886,spend75p,329.7085,336.7629,344.9743,353.4885,362.2723,370.2315,376.1412,378.3051,371.9681,360.9458,328.0388,313.8093,135.5649,126.1950,116.8390,106.5529,96.9611,85.3562,76.2195,66.0839,53.2994,41.9273,33.4952,24.9436,14.8803,6.5666,0.4879,0.0000,0.0000,0.0000,0.0000,0.0000,0.0000,0.0000,0.0000,0.0000,0.0000,0.0000,0.0000,0.0000,0.0000,0.0000,0.0000,0.0000,0.0000
62,1.5000,DynamicV1Rebalance,2.5000,16024.4314,400.6108,survival,1.0000,1.0000,1.0000,1.0000,1.0000,1.0000,1.0000,1.0000,1.0000,1.0000,1.0000,1.0000,1.0000,0.9995,0.9995,0.9980,0.9980,0.9975,0.9970,0.9955,0.9950,0.9950,0.9950,0.9950,0.9940,0.9930,0.9925,0.9920,0.9915,0.9915,0.9910,0.9905,0.9900,0.9895,0.9895,0.9890,0.9875,0.9870,0.9865,0.9860,0.9860,0.9855,0.9850,0.9845,0.9835
62,1.5000,DynamicV1Rebalance,2.5000,16024.4314,400.6108,spend25p,401.0817,398.2348,395.0992,390.8492,386.9191,383.3197,379.0052,374.4781,369.9376,365.9763,343.3457,342.4401,184.7343,178.8248,172.9898,168.0142,163.1294,156.7970,152.3512,146.3644,140.6327,136.6384,131.9100,126.0546,120.3005,115.9114,111.0007,106.9511,101.8644,96.9484,92.3901,86.4292,81.6450,77.9417,73.3025,66.8307,60.7131,55.1175,49.7040,46.0107,43.5903,40.4614,34.8194,30.1100,25.2920
62,1.5000,DynamicV1Rebalance,2.5000,16024.4314,400.6108,spend50p,403.8430,406.8254,410.0663,412.2519,415.5722,418.4931,422.1928,426.1172,429.5212,432.5065,413.8524,415.0586,240.8510,238.5963,234.4437,230.9046,227.5940,223.5315,218.5360,215.7020,213.7889,209.9209,204.5860,201.3335,198.0463,193.6172,192.0420,190.0108,186.4260,181.5109,178.1720,174.1363,168.3721,166.4611,162.3167,156.3686,150.9762,144.6778,142.1985,137.8391,135.4770,132.0129,127.9402,123.4705,118.6681
62,1.5000,DynamicV1Rebalance,2.5000,16024.4314,400.6108,spend75p,406.6792,415.3642,425.4709,435.9456,446.9435,457.9530,470.8465,481.4739,493.7571,505.6650,488.1165,498.9935,298.8208,300.8170,304.2415,304.3952,307.6459,309.2285,310.6116,312.1771,311.6240,311.2497,312.3259,310.1181,308.5175,306.4910,302.8485,299.9654,300.4013,300.4586,296.5079,296.5212,295.4538,293.8013,293.6821,293.6512,291.8799,286.4825,282.4796,280.0737,285.3820,285.8422,285.6436,284.7458,284.8490
62,1.5000,DynamicV1Rebalance,3.0000,13353.6929,400.6108,survival,1.0000,1.0000,1.0000,1.0000,1.0000,1.0000,1.0000,1.0000,1.0000,1.0000,0.9990,0.9980,0.9970,0.9965,0.9955,0.9950,0.9950,0.9940,0.9925,0.9910,0.9900,0.9900,0.9860,0.9855,0.9840,0.9830,0.9815,0.9800,0.9785,0.9770,0.9765,0.9755,0.9730,0.9710,0.9700,0.9695,0.9675,0.9650,0.9640,0.9615,0.9590,0.9580,0.9570,0.9570,0.9545
62,1.5000,DynamicV1Rebalance,3.0000,13353.6929,400.6108,spend25p,401.0817,398.2348,395.0992,390.8492,386.9191,383.3197,379.0052,374.4781,369.9376,365.9763,343.1848,341.7559,183.9440,178.0181,172.4041,167.2444,162.0837,156.0461,151.0348,145.0069,138.4983,135.2690,128.2111,122.9697,117.3782,112.5301,107.3153,102.8585,98.6214,93.5389,87.3777,82.8368,76.8927,70.8648,65.3146,60.3818,54.5986,48.0038,42.9369,39.4044,34.6302,29.8682,24.5759,20.1172,14.0512
62,1.5000,DynamicV1Rebalance,3.0000,13353.6929,400.6108,spend50p,403.8430,406.8254,410.0663,412.2519,415.5722,418.4931,422.1928,426.1172,429.5212,432.5065,413.0442,414.6064,239.9927,237.4760,233.5358,230.6870,226.9115,222.6155,217.2002,214.9438,212.4784,207.4007,201.3948,199.5837,194.4642,191.7834,189.2522,186.3242,182.7316,176.0409,172.3795,167.5125,163.6545,158.2931,154.6108,151.4017,145.6062,138.9621,134.8466,129.8485,125.5185,120.5681,116.2462,114.6471,108.8162
62,1.5000,DynamicV1Rebalance,3.0000,13353.6929,400.6108,spend75p,406.6792,415.3642,425.4709,435.9456,446.9435,457.9530,470.8465,481.4739,493.7571,505.6650,488.0242,498.8456,298.2600,300.3637,302.8238,304.0518,307.4556,308.2020,309.3682,311.0167,308.2740,308.8574,308.5726,306.9771,305.7500,302.7393,297.8238,295.8705,292.9059,291.2553,291.0806,287.9374,285.8672,281.7169,280.4187,282.7639,276.3739,269.8945,267.1992,262.0379,259.2189,259.6145,260.8019,264.1588,260.8073
62,1.5000,DynamicV1Rebalance,3.5000,11446.0225,400.6108,survival,1.0000,1.0000,1.0000,1.0000,1.0000,1.0000,1.0000,1.0000,1.0000,0.9985,0.9975,0.9955,0.9945,0.9930,0.9915,0.9885,0.9845,0.9805,0.9760,0.9730,0.9690,0.9680,0.9635,0.9585,0.9555,0.9510,0.9465,0.9420,0.9395,0.9345,0.9315,0.9290,0.9275,0.9225,0.9200,0.9170,0.9155,0.9145,0.9135,0.9110,0.9095,0.9090,0.9065,0.9055,0.9030
62,1.5000,DynamicV1Rebalance,3.5000,11446.0225,400.6108,spend25p,401.0817,398.2348,395.0992,390.8492,386.9191,383.3197,379.0052,374.4781,369.9376,365.5768,342.9836,341.1202,183.4096,176.5687,171.7764,165.2190,159.2500,152.2697,145.7324,140.1323,134.0446,128.1456,121.5394,115.3711,109.8731,103.1827,98.5950,91.8849,85.9299,80.6919,75.0702,68.9801,63.8087,56.7692,49.8327,43.4864,38.9194,32.2231,27.7900,22.4326,17.3793,13.8745,8.1518,3.0240,0.0000
62,1.5000,DynamicV1Rebalance,3.5000,11446.0225,400.6108,spend50p,403.8430,406.8254,410.0663,412.2519,415.5722,418.4931,422.1928,426.1172,429.5212,432.4324,412.3718,413.8084,239.2043,236.7945,232.0638,229.2146,224.9978,217.7788,212.9826,209.0938,206.5662,202.7365,197.2671,191.5340,186.7568,183.9418,179.1085,174.2598,169.0779,163.8834,157.4037,153.3050,149.3977,144.0963,138.4343,134.1145,130.1216,124.2383,117.9968,114.9380,109.2320,105.0698,100.5584,94.8097,90.7414
62,1.5000,DynamicV1Rebalance,3.5000,11446.0225,400.6108,spend75p,406.6792,415.3642,425.4709,435.9456,446.9435,457.9530,470.8465,481.4739,493.7571,505.5832,487.1028,498.6814,297.7227,299.7707,302.3616,302.3638,302.4507,304.3713,304.1125,303.1900,299.8967,300.8460,300.9748,299.7947,296.5190,289.2435,287.6878,282.4161,278.9225,277.0443,273.9419,268.7608,264.3491,261.4007,258.7506,254.6600,249.4926,245.5570,241.9339,241.2505,241.2439,241.3299,239.6082,237.3665,234.6368
62,1.5000,DynamicV1Rebalance,4.0000,10015.2697,400.6108,survival,1.0000,1.0000,1.0000,1.0000,1.0000,1.0000,1.0000,1.0000,0.9990,0.9980,0.9945,0.9920,0.9890,0.9820,0.9755,0.9715,0.9660,0.9620,0.9555,0.9470,0.9380,0.9260,0.9215,0.9150,0.9095,0.9050,0.9000,0.8940,0.8910,0.8875,0.8820,0.8770,0.8715,0.8670,0.8620,0.8590,0.8540,0.8535,0.8510,0.8500,0.8475,0.8450,0.8440,0.8410,0.8375
62,1.5000,DynamicV1Rebalance,4.0000,10015.2697,400.6108,spend25p,401.0817,398.2348,395.0992,390.8492,386.9191,383.3197,379.0052,374.4781,369.5623,365.3659,342.3128,340.1276,182.4101,174.6181,168.2303,162.0089,155.1269,147.6905,140.1043,132.3133,124.2025,116.2863,110.5999,102.6907,96.0573,88.5165,82.1759,75.0922,69.0516,62.3438,56.4565,50.0849,44.4173,37.7589,30.2759,22.3879,13.9167,8.4198,2.9044,0.0000,0.0000,0.0000,0.0000,0.0000,0.0000
62,1.5000,DynamicV1Rebalance,4.0000,10015.2697,400.6108,spend50p,403.8430,406.8254,410.0663,412.2519,415.5722,418.4931,422.1928,426.1172,429.3911,432.4134,411.3343,413.0025,237.8823,233.9762,228.8697,225.8407,220.7282,213.9614,208.6643,202.4398,194.8923,189.7616,185.9138,180.3929,175.9036,172.3054,167.4181,162.5156,156.9260,151.7491,146.8416,138.9305,132.7754,127.9766,121.2199,115.5551,108.1928,104.0555,96.5301,93.5195,89.8766,83.5409,80.4972,75.1598,67.8428
62,1.5000,DynamicV1Rebalance,4.0000,10015.2697,400.6108,spend75p,406.6792,415.3642,425.4709,435.9456,446.9435,457.9530,470.8465,481.4739,493.6176,505.5196,486.2480,497.4915,296.3676,296.6378,297.9986,298.5104,297.2473,297.2842,298.5220,294.9796,293.0854,290.0090,285.7924,282.7851,276.4961,272.3968,269.1625,268.8081,263.5655,256.1664,251.3385,250.4949,244.6462,240.0952,234.6362,228.8105,225.7000,221.7343,219.3467,218.2763,220.2192,218.8384,215.6924,212.4166,207.9872
62,1.5000,DynamicV1Rebalance,5.0000,8012.2157,400.6108,survival,1.0000,1.0000,1.0000,1.0000,1.0000,1.0000,1.0000,0.9985,0.9970,0.9920,0.9805,0.9660,0.9555,0.9455,0.9340,0.9230,0.9080,0.8930,0.8790,0.8620,0.8490,0.8395,0.8270,0.8175,0.8015,0.7920,0.7855,0.7745,0.7645,0.7540,0.7510,0.7440,0.7410,0.7345,0.7325,0.7300,0.7280,0.7255,0.7245,0.7220,0.7205,0.7170,0.7165,0.7150,0.7130
62,1.5000,DynamicV1Rebalance,5.0000,8012.2157,400.6108,spend25p,401.0817,398.2348,395.0992,390.8492,386.9191,383.3197,379.0052,373.8804,368.7746,364.0402,338.1892,330.9868,173.1959,166.4735,157.4415,149.3313,138.4006,129.2900,118.4834,107.2038,95.8915,85.6997,73.9466,64.1913,50.9981,40.1964,31.9166,18.0984,4.1834,0.0000,0.0000,0.0000,0.0000,0.0000,0.0000,0.0000,0.0000,0.0000,0.0000,0.0000,0.0000,0.0000,0.0000,0.0000,0.0000
62,1.5000,DynamicV1Rebalance,5.0000,8012.2157,400.6108,spend50p,403.8430,406.8254,410.0663,412.2519,415.5722,418.4931,422.1928,425.5836,429.1277,431.2187,408.0598,408.0461,231.1393,227.3187,221.3305,215.1567,207.9838,199.1120,190.5634,179.8950,172.5104,165.1482,157.1006,151.9981,144.2601,137.4445,130.3643,122.3739,114.0345,109.0623,104.8722,98.2115,93.7502,85.2134,78.8283,71.5677,65.3311,59.4612,54.3261,49.1741,45.2245,41.6031,36.8386,32.3585,27.3106
62,1.5000,DynamicV1Rebalance,5.0000,8012.2157,400.6108,spend75p,406.6792,415.3642,425.4709,435.9456,446.9435,457.9530,470.8465,481.2216,493.4250,503.4862,483.1386,490.1209,290.3361,289.6035,289.0946,288.8458,284.7919,279.8119,275.3769,272.5337,266.7773,264.8365,259.5956,251.8986,245.1076,238.9076,232.1588,222.5967,220.0467,216.6009,211.2812,204.7174,198.7273,192.8771,189.3085,186.3908,180.0788,172.7351,169.0583,164.3378,164.3692,160.4002,159.8361,158.8129,152.7597
62,1.5000,DynamicV1Rebalance,6.0000,6676.8464,400.6108,survival,1.0000,1.0000,1.0000,1.0000,1.0000,1.0000,0.9985,0.9970,0.9870,0.9720,0.9505,0.9230,0.9065,0.8845,0.8555,0.8360,0.8200,0.8015,0.7820,0.7580,0.7430,0.7285,0.7105,0.6990,0.6850,0.6735,0.6605,0.6510,0.6420,0.6350,0.6290,0.6265,0.6230,0.6185,0.6135,0.6095,0.6050,0.5990,0.5970,0.5960,0.5935,0.5910,0.5900,0.5890,0.5865
62,1.5000,DynamicV1Rebalance,6.0000,6676.8464,400.6108,spend25p,401.0817,398.2348,395.0992,390.8492,386.9191,383.3197,377.8508,373.2536,365.8355,357.7579,329.8756,317.6986,162.3102,149.4604,133.8237,119.9955,108.3966,91.2992,71.0862,37.2883,0.0000,0.0000,0.0000,0.0000,0.0000,0.0000,0.0000,0.0000,0.0000,0.0000,0.0000,0.0000,0.0000,0.0000,0.0000,0.0000,0.0000,0.0000,0.0000,0.0000,0.0000,0.0000,0.0000,0.0000,0.0000
62,1.5000,DynamicV1Rebalance,6.0000,6676.8464,400.6108,spend50p,403.8430,406.8254,410.0663,412.2519,415.5722,418.4931,422.0993,425.3985,427.1519,428.9656,403.1557,398.0739,221.8788,214.5087,203.8823,196.4292,186.9794,177.5511,167.8416,156.8966,148.5243,140.1291,128.7830,119.0941,110.9167,101.2959,93.4525,84.3458,76.0919,68.2772,62.0251,55.9120,49.5527,43.1673,35.8184,29.9646,21.8402,12.4471,6.3370,2.1274,0.0000,0.0000,0.0000,0.0000,0.0000
62,1.5000,DynamicV1Rebalance,6.0000,6676.8464,400.6108,spend75p,406.6792,415.3642,425.4709,435.9456,446.9435,457.9530,470.7013,480.9914,491.1242,499.5794,476.9359,481.6586,283.1403,280.4688,276.4044,271.9005,266.0961,263.0634,256.9371,249.5908,241.4738,234.1012,225.3545,218.3836,208.1038,201.9760,197.4773,193.7637,188.6518,181.3806,177.4765,171.0057,167.5056,163.7896,157.9593,153.6396,146.7370,140.1376,134.4749,131.0361,128.9762,122.6271,118.8706,116.7144,111.2731
62,1.5000,DynamicV1Rebalance,7.0000,5723.0112,400.6108,survival,1.0000,1.0000,1.0000,1.0000,1.0000,0.9990,0.9965,0.9850,0.9685,0.9340,0.8955,0.8470,0.8120,0.7885,0.7565,0.7355,0.7100,0.6815,0.6550,0.6355,0.6185,0.6035,0.5880,0.5755,0.5645,0.5515,0.5390,0.5305,0.5220,0.5170,0.5090,0.5035,0.4980,0.4945,0.4895,0.4855,0.4815,0.4795,0.4745,0.4735,0.4725,0.4710,0.4695,0.4685,0.4665
62,1.5000,DynamicV1Rebalance,7.0000,5723.0112,400.6108,spend25p,401.0817,398.2348,395.0992,390.8492,386.9191,383.0657,377.4673,370.2504,360.7474,347.5942,311.6787,286.6153,130.9928,113.6521,66.1693,0.0000,0.0000,0.0000,0.0000,0.0000,0.0000,0.0000,0.0000,0.0000,0.0000,0.0000,0.0000,0.0000,0.0000,0.0000,0.0000,0.0000,0.0000,0.0000,0.0000,0.0000,0.0000,0.0000,0.0000,0.0000,0.0000,0.0000,0.0000,0.0000,0.0000
62,1.5000,DynamicV1Rebalance,7.0000,5723.0112,400.6108,spend50p,403.8430,406.8254,410.0663,412.2519,415.5722,418.3868,422.0502,424.2072,425.0264,422.4770,389.6920,377.8382,202.5902,195.0012,183.4375,171.6314,160.5507,147.1390,134.5931,120.6253,107.1111,96.2855,83.6425,71.1284,60.1721,48.7315,38.1162,26.6046,12.9864,4.2158,0.0000,0.0000,0.0000,0.0000,0.0000,0.0000,0.0000,0.0000,0.0000,0.0000,0.0000,0.0000,0.0000,0.0000,0.0000
62,1.5000,DynamicV1Rebalance,7.0000,5723.0112,400.6108,spend75p,406.6792,415.3642,425.4709,435.9456,446.9435,457.5595,470.6787,478.9404,487.0249,493.6122,468.4463,466.1540,268.6079,264.8703,259.3893,254.4006,245.8296,236.8643,227.0113,216.5782,210.8423,201.8226,195.6684,187.1930,181.6307,173.7459,165.0922,158.8691,151.9924,146.5076,136.6044,131.2992,124.4750,118.5094,113.1720,104.5213,100.5139,94.1511,87.9865,82.5092,78.2640,73.9243,67.1113,62.6219,58.7545
62,1.5000,DynamicV1Rebalance,8.0000,5007.6348,400.6108,survival,1.0000,1.0000,1.0000,1.0000,1.0000,0.9980,0.9875,0.9705,0.9295,0.8805,0.8115,0.7425,0.7080,0.6700,0.6375,0.6050,0.5830,0.5655,0.5380,0.5220,0.5045,0.4880,0.4750,0.4630,0.4535,0.4415,0.4285,0.4210,0.4125,0.4070,0.4005,0.3940,0.3890,0.3835,0.3785,0.3755,0.3730,0.3695,0.3665,0.3625,0.3590,0.3565,0.3555,0.3545,0.3530
62,1.5000,DynamicV1Rebalance,8.0000,5007.6348,400.6108,spend25p,401.0817,398.2348,395.0992,390.8492,386.9191,382.5282,375.2494,366.6871,350.9916,331.1402,278.2505,0.0000,0.0000,0.0000,0.0000,0.0000,0.0000,0.0000,0.0000,0.0000,0.0000,0.0000,0.0000,0.0000,0.0000,0.0000,0.0000,0.0000,0.0000,0.0000,0.0000,0.0000,0.0000,0.0000,0.0000,0.0000,0.0000,0.0000,0.0000,0.0000,0.0000,0.0000,0.0000,0.0000,0.0000
62,1.5000,DynamicV1Rebalance,8.0000,5007.6348,400.6108,spend50p,403.8430,406.8254,410.0663,412.2519,415.5722,418.2739,420.8090,422.9731,418.1549,410.8858,369.1485,349.7128,182.3907,165.9502,151.1077,133.0672,116.9747,104.5143,76.4029,59.1748,24.8929,0.0000,0.0000,0.0000,0.0000,0.0000,0.0000,0.0000,0.0000,0.0000,0.0000,0.0000,0.0000,0.0000,0.0000,0.0000,0.0000,0.0000,0.0000,0.0000,0.0000,0.0000,0.0000,0.0000,0.0000
62,1.5000,DynamicV1Rebalance,8.0000,5007.6348,400.6108,spend75p,406.6792,415.3642,425.4709,435.9456,446.9435,457.3571,468.8594,476.0104,482.7868,485.2672,449.9354,442.7314,253.2881,244.8580,237.1529,227.8269,217.8501,208.5793,195.5137,182.6509,173.4778,162.7063,155.1416,147.1422,138.8031,127.8499,118.1657,110.6693,105.1075,98.8968,92.3349,84.2832,78.1507,70.9478,63.5636,58.1176,52.1355,44.3584,38.3283,33.5948,28.6267,23.3230,16.8042,12.2194,6.2965
62,1.5000,DynamicV1Rebalance,9.0000,4451.2310,400.6108,survival,1.0000,1.0000,1.0000,1.0000,0.9995,0.9940,0.9750,0.9350,0.8760,0.7860,0.7060,0.6330,0.5940,0.5605,0.5300,0.5035,0.4725,0.4495,0.4285,0.4145,0.3915,0.3740,0.3630,0.3485,0.3325,0.3200,0.3130,0.3045,0.2970,0.2905,0.2855,0.2805,0.2765,0.2730,0.2710,0.2690,0.2650,0.2625,0.2615,0.2600,0.2585,0.2565,0.2550,0.2535,0.2520
62,1.5000,DynamicV1Rebalance,9.0000,4451.2310,400.6108,spend25p,401.0817,398.2348,395.0992,390.8492,386.8431,381.8429,373.0085,358.0329,336.0680,286.2063,0.0000,0.0000,0.0000,0.0000,0.0000,0.0000,0.0000,0.0000,0.0000,0.0000,0.0000,0.0000,0.0000,0.0000,0.0000,0.0000,0.0000,0.0000,0.0000,0.0000,0.0000,0.0000,0.0000,0.0000,0.0000,0.0000,0.0000,0.0000,0.0000,0.0000,0.0000,0.0000,0.0000,0.0000,0.0000
62,1.5000,DynamicV1Rebalance,9.0000,4451.2310,400.6108,spend50p,403.8430,406.8254,410.0663,412.2519,415.5503,417.9142,419.3201,416.0858,408.8881,387.5165,341.7169,310.5887,147.4305,128.0167,100.4246,50.6585,0.0000,0.0000,0.0000,0.0000,0.0000,0.0000,0.0000,0.0000,0.0000,0.0000,0.0000,0.0000,0.0000,0.0000,0.0000,0.0000,0.0000,0.0000,0.0000,0.0000,0.0000,0.0000,0.0000,0.0000,0.0000,0.0000,0.0000,0.0000,0.0000
62,1.5000,DynamicV1Rebalance,9.0000,4451.2310,400.6108,spend75p,406.6792,415.3642,425.4709,435.9456,446.9040,457.2625,467.3866,471.5879,473.3291,464.8175,429.4899,415.8999,233.8797,223.1759,210.0932,200.8726,187.1579,175.4495,162.6295,151.9257,137.6722,125.8865,115.4331,106.5088,89.4522,76.7392,66.7483,56.1157,45.6330,34.3953,26.3995,14.5933,5.7907,0.0000,0.0000,0.0000,0.0000,0.0000,0.0000,0.0000,0.0000,0.0000,0.0000,0.0000,0.0000
62,1.5000,DynamicV1Rebalance,10.0000,4006.1079,400.6108,survival,1.0000,1.0000,1.0000,1.0000,0.9985,0.9845,0.9520,0.8880,0.7865,0.6840,0.6000,0.5275,0.4850,0.4455,0.4095,0.3800,0.3525,0.3265,0.3075,0.2905,0.2760,0.2595,0.2505,0.2415,0.2345,0.2240,0.2160,0.2105,0.2045,0.2015,0.1975,0.1940,0.1895,0.1860,0.1845,0.1830,0.1810,0.1790,0.1785,0.1775,0.1775,0.1760,0.1755,0.1750,0.1740
62,1.5000,DynamicV1Rebalance,10.0000,4006.1079,400.6108,spend25p,401.0817,398.2348,395.0992,390.8492,386.7745,380.1863,368.0432,346.9563,296.9592,0.0000,0.0000,0.0000,0.0000,0.0000,0.0000,0.0000,0.0000,0.0000,0.0000,0.0000,0.0000,0.0000,0.0000,0.0000,0.0000,0.0000,0.0000,0.0000,0.0000,0.0000,0.0000,0.0000,0.0000,0.0000,0.0000,0.0000,0.0000,0.0000,0.0000,0.0000,0.0000,0.0000,0.0000,0.0000,0.0000
62,1.5000,DynamicV1Rebalance,10.0000,4006.1079,400.6108,spend50p,403.8430,406.8254,410.0663,412.2519,415.4577,417.2175,416.4265,408.5904,390.2826,356.0374,300.7103,253.5754,0.0000,0.0000,0.0000,0.0000,0.0000,0.0000,0.0000,0.0000,0.0000,0.0000,0.0000,0.0000,0.0000,0.0000,0.0000,0.0000,0.0000,0.0000,0.0000,0.0000,0.0000,0.0000,0.0000,0.0000,0.0000,0.0000,0.0000,0.0000,0.0000,0.0000,0.0000,0.0000,0.0000
62,1.5000,DynamicV1Rebalance,10.0000,4006.1079,400.6108,spend75p,406.6792,415.3642,425.4709,435.9456,446.7471,456.5260,463.7723,466.3952,459.1700,444.8970,409.9614,391.1291,209.5611,195.8497,180.9085,165.9919,149.1972,126.8727,110.0537,91.3453,67.9992,40.5798,0.8696,0.0000,0.0000,0.0000,0.0000,0.0000,0.0000,0.0000,0.0000,0.0000,0.0000,0.0000,0.0000,0.0000,0.0000,0.0000,0.0000,0.0000,0.0000,0.0000,0.0000,0.0000,0.0000
62,1.8000,DynamicV1Rebalance,2.5000,19057.3177,476.4329,survival,1.0000,1.0000,1.0000,1.0000,1.0000,1.0000,1.0000,1.0000,1.0000,1.0000,1.0000,1.0000,0.9995,0.9995,0.9995,0.9980,0.9980,0.9970,0.9960,0.9950,0.9950,0.9950,0.9940,0.9935,0.9930,0.9920,0.9915,0.9915,0.9905,0.9905,0.9895,0.9890,0.9890,0.9875,0.9865,0.9865,0.9855,0.9835,0.9830,0.9820,0.9820,0.9800,0.9790,0.9765,0.9755
62,1.8000,DynamicV1Rebalance,2.5000,19057.3177,476.4329,spend25p,476.9929,473.5946,469.8496,464.7765,460.0811,455.7764,450.6192,445.2074,439.7779,435.0353,412.0148,410.9282,252.3093,246.0845,239.2398,233.4884,228.5595,221.9846,216.0121,210.0173,204.2173,201.4463,195.1831,187.5844,182.6367,177.7623,171.9933,168.6216,163.5341,160.1063,154.2947,148.3989,145.1040,139.2939,134.4929,128.6852,123.6311,118.2108,114.3797,109.8116,107.9107,105.3786,98.4354,94.1936,90.3399
62,1.8000,DynamicV1Rebalance,2.5000,19057.3177,476.4329,spend50p,480.2769,483.8108,487.6485,490.2274,494.1521,497.5985,501.9673,506.5998,510.6103,514.1197,496.6229,498.0703,325.1311,322.8749,319.6495,317.2117,312.8022,308.3501,303.3232,301.7669,300.3403,296.2227,291.6453,288.5816,285.2789,282.8206,281.5428,280.9657,277.4376,273.2901,270.2491,268.8421,262.5688,262.1714,257.7637,253.8186,249.6907,243.9341,241.4708,238.8727,236.1101,233.7657,231.4585,228.7311,223.1522
62,1.8000,DynamicV1Rebalance,2.5000,19057.3177,476.4329,spend75p,483.6499,493.9655,505.9675,518.4027,531.4554,544.5173,559.8143,572.4120,586.9732,601.0831,585.7398,598.7922,400.3357,404.2824,409.4690,412.1884,416.9607,421.2194,424.7865,427.8191,429.6984,430.0369,434.5739,434.1143,432.4951,432.6603,430.0662,427.5113,428.5971,434.6432,432.3631,432.9057,435.5543,438.3326,439.1776,440.9623,445.6190,438.6760,438.6139,438.1648,444.2480,450.8476,452.7788,449.9149,451.4294
62,1.8000,DynamicV1Rebalance,3.0000,15881.0981,476.4329,survival,1.0000,1.0000,1.0000,1.0000,1.0000,1.0000,1.0000,1.0000,1.0000,1.0000,0.9990,0.9980,0.9970,0.9960,0.9955,0.9950,0.9940,0.9930,0.9915,0.9905,0.9875,0.9855,0.9835,0.9825,0.9805,0.9785,0.9770,0.9730,0.9720,0.9695,0.9680,0.9660,0.9640,0.9620,0.9590,0.9580,0.9565,0.9545,0.9520,0.9500,0.9475,0.9460,0.9455,0.9440,0.9390
62,1.8000,DynamicV1Rebalance,3.0000,15881.0981,476.4329,spend25p,476.9929,473.5946,469.8496,464.7765,460.0811,455.7764,450.6192,445.2074,439.7779,435.0353,411.8218,410.1071,251.8364,244.7773,238.6272,232.7078,227.0821,220.5105,214.5240,209.0221,200.7188,196.9601,189.8377,182.8012,178.0073,172.0813,166.2623,161.3907,156.6794,150.8127,145.5708,139.3889,133.8165,127.0380,121.0365,115.9591,110.1210,103.2293,97.9673,95.2346,91.2317,86.2791,82.6624,77.4993,67.6650
62,1.8000,DynamicV1Rebalance,3.0000,15881.0981,476.4329,spend50p,480.2769,483.8108,487.6485,490.2274,494.1521,497.5985,501.9673,506.5998,510.6103,514.1197,495.6530,497.5277,324.5170,321.8083,318.6174,316.3045,311.7595,307.2008,301.9284,300.6800,297.5169,293.1600,287.0635,284.5818,279.8495,277.5814,277.4546,272.7524,270.5603,263.2257,259.1193,255.3831,253.1213,248.7469,246.1093,242.9964,237.4801,232.8621,227.1092,223.3450,217.7790,214.8294,211.7263,209.4354,205.2221
62,1.8000,DynamicV1Rebalance,3.0000,15881.0981,476.4329,spend75p,483.6499,493.9655,505.9675,518.4027,531.4554,544.5173,559.8143,572.4120,586.9732,601.0831,585.6290,598.6147,399.3391,403.6112,408.6184,411.9121,416.0001,419.7500,423.0885,426.0779,423.0373,424.7550,427.6102,428.8205,428.4681,426.5087,421.5363,419.4073,418.2082,418.7333,420.7651,417.5230,416.0966,412.9617,414.7521,418.4841,413.7846,406.7705,409.3436,407.7492,409.1285,412.3067,418.2681,420.0610,416.0522
62,1.8000,DynamicV1Rebalance,3.5000,13612.3698,476.4329,survival,1.0000,1.0000,1.0000,1.0000,1.0000,1.0000,1.0000,1.0000,1.0000,0.9985,0.9975,0.9955,0.9945,0.9925,0.9900,0.9855,0.9820,0.9765,0.9720,0.9690,0.9650,0.9600,0.9545,0.9490,0.9445,0.9375,0.9320,0.9280,0.9245,0.9195,0.9160,0.9135,0.9090,0.9040,0.9025,0.9005,0.8970,0.8940,0.8915,0.8900,0.8865,0.8855,0.8850,0.8825,0.8795
62,1.8000,DynamicV1Rebalance,3.5000,13612.3698,476.4329,spend25p,476.9929,473.5946,469.8496,464.7765,460.0811,455.7764,450.6192,445.2074,439.7779,434.5604,411.5803,409.3443,251.2785,243.5935,237.6131,229.1730,222.8500,214.9325,207.1374,200.0111,194.8181,186.3944,177.9312,171.2965,163.9398,155.6624,148.5086,142.5037,136.7779,128.5713,122.0586,116.0476,108.7497,101.9403,95.5476,89.0890,82.0745,75.0496,69.6369,65.1983,60.1326,55.7392,51.3044,44.1176,37.4804
62,1.8000,DynamicV1Rebalance,3.5000,13612.3698,476.4329,spend50p,480.2769,483.8108,487.6485,490.2274,494.1521,497.5985,501.9673,506.5998,510.6103,514.0316,494.8461,496.5701,323.0202,321.0443,315.6469,312.9555,309.3295,301.3565,295.3910,291.4782,288.9135,284.4571,278.9986,272.2247,268.4881,264.8538,259.6321,254.1792,249.2199,243.4990,237.6953,232.9868,229.6735,222.2989,221.4723,215.8954,210.9038,204.2185,201.7063,198.0255,190.8548,187.6051,185.6863,181.6905,175.9680
62,1.8000,DynamicV1Rebalance,3.5000,13612.3698,476.4329,spend75p,483.6499,493.9655,505.9675,518.4027,531.4554,544.5173,559.8143,572.4120,586.9732,600.9858,584.5233,598.4177,398.8140,402.2072,406.5441,408.5007,410.5749,413.2640,414.3403,414.6523,412.3906,415.7405,416.3996,415.5442,409.5690,403.9528,404.4143,399.0207,396.7651,394.6405,392.5155,386.2629,382.0126,378.8005,378.7039,381.9351,371.3403,369.8523,366.6918,369.4099,371.1303,373.2602,378.1151,375.1238,373.0264
62,1.8000,DynamicV1Rebalance,4.0000,11910.8236,476.4329,survival,1.0000,1.0000,1.0000,1.0000,1.0000,1.0000,1.0000,1.0000,0.9990,0.9980,0.9945,0.9920,0.9885,0.9805,0.9730,0.9685,0.9630,0.9545,0.9470,0.9355,0.9245,0.9180,0.9075,0.9015,0.8945,0.8875,0.8785,0.8715,0.8670,0.8615,0.8535,0.8475,0.8440,0.8385,0.8325,0.8270,0.8245,0.8210,0.8175,0.8150,0.8135,0.8115,0.8090,0.8040,0.7990
62,1.8000,DynamicV1Rebalance,4.0000,11910.8236,476.4329,spend25p,476.9929,473.5946,469.8496,464.7765,460.0811,455.7764,450.6192,445.2074,439.3317,434.3098,410.7754,408.1532,249.6906,240.3813,233.0127,225.2683,217.7934,208.4344,199.2575,188.8205,178.2887,169.7662,160.8080,152.2305,142.4956,133.1278,121.9721,114.3180,108.9501,99.2976,90.9614,83.5712,75.7122,67.4387,57.8878,48.7545,41.2182,32.2224,25.9879,19.2327,15.2614,11.3538,5.8351,0.0000,0.0000
62,1.8000,DynamicV1Rebalance,4.0000,11910.8236,476.4329,spend50p,480.2769,483.8108,487.6485,490.2274,494.1521,497.5985,501.9673,506.5998,510.4555,514.0090,493.6012,495.6030,320.9860,317.6647,312.1080,307.9383,302.7317,295.3287,288.2016,279.4960,271.6346,266.9319,261.6722,256.2166,250.3017,246.4032,241.5259,236.0964,230.2320,225.3843,216.5264,209.7351,203.9351,195.6894,190.3332,183.5731,177.6015,170.7192,167.2917,162.3043,159.4367,155.1542,149.7084,142.6099,137.4545
62,1.8000,DynamicV1Rebalance,4.0000,11910.8236,476.4329,spend75p,483.6499,493.9655,505.9675,518.4027,531.4554,544.5173,559.8143,572.4120,586.8074,600.9102,583.4976,596.9899,397.2026,398.0385,401.4272,402.0142,402.5963,405.0648,406.0167,401.6270,399.2790,398.5729,392.1067,390.5673,387.5411,382.4370,380.5764,376.3440,371.3019,365.7686,358.7502,354.6815,354.0429,348.8372,345.5497,338.7051,336.1738,332.3289,334.1179,335.8549,335.0191,337.8562,333.7575,331.4651,323.5899
62,1.8000,DynamicV1Rebalance,5.0000,9528.6589,476.4329,survival,1.0000,1.0000,1.0000,1.0000,1.0000,1.0000,1.0000,0.9985,0.9970,0.9920,0.9805,0.9660,0.9545,0.9425,0.9315,0.9150,0.8970,0.8760,0.8595,0.8420,0.8300,0.8200,0.8030,0.7885,0.7765,0.7640,0.7475,0.7395,0.7330,0.7250,0.7195,0.7105,0.7045,0.7000,0.6975,0.6920,0.6855,0.6815,0.6795,0.6760,0.6710,0.6670,0.6650,0.6635,0.6575
62,1.8000,DynamicV1Rebalance,5.0000,9528.6589,476.4329,spend25p,476.9929,473.5946,469.8496,464.7765,460.0811,455.7764,450.6192,444.4968,438.3953,432.7340,405.8271,397.1842,237.5028,228.7950,218.5798,207.1797,193.6284,176.5492,163.8103,146.0047,133.3424,119.8445,102.5424,86.3675,70.0796,49.5780,0.0000,0.0000,0.0000,0.0000,0.0000,0.0000,0.0000,0.0000,0.0000,0.0000,0.0000,0.0000,0.0000,0.0000,0.0000,0.0000,0.0000,0.0000,0.0000
62,1.8000,DynamicV1Rebalance,5.0000,9528.6589,476.4329,spend50p,480.2769,483.8108,487.6485,490.2274,494.1521,497.5985,501.9673,505.9655,510.1424,512.5889,489.6718,489.6553,312.5329,307.6626,301.8007,292.5660,282.9287,273.2311,259.9926,249.7308,239.9368,231.3952,222.2738,214.7206,206.2598,196.1257,183.7804,175.0894,169.8219,162.7203,157.6164,147.5503,139.6464,135.4918,129.3832,122.2436,111.9380,104.0436,98.6122,95.1721,88.7344,82.7061,78.2323,71.5795,62.4446
62,1.8000,DynamicV1Rebalance,5.0000,9528.6589,476.4329,spend75p,483.6499,493.9655,505.9675,518.4027,531.4554,544.5173,559.8143,572.1121,586.5784,598.4932,579.7663,588.1451,389.1338,389.8820,389.3407,390.1078,384.9102,378.3945,373.2939,369.4667,366.5132,361.8644,352.4767,341.5788,340.1127,328.1165,316.4887,315.4183,311.3986,309.4228,305.7753,298.4323,291.5757,289.4269,286.8418,278.9956,273.2484,265.1217,261.6271,262.5492,262.0306,257.6551,255.5961,253.4047,245.2389
62,1.8000,DynamicV1Rebalance,6.0000,7940.5491,476.4329,survival,1.0000,1.0000,1.0000,1.0000,1.0000,1.0000,0.9985,0.9970,0.9870,0.9720,0.9505,0.9225,0.9025,0.8770,0.8455,0.8250,0.8035,0.7825,0.7550,0.7375,0.7175,0.6980,0.6830,0.6630,0.6480,0.6340,0.6235,0.6170,0.6115,0.6015,0.5925,0.5855,0.5785,0.5740,0.5700,0.5645,0.5610,0.5580,0.5550,0.5510,0.5465,0.5410,0.5375,0.5345,0.5305
62,1.8000,DynamicV1Rebalance,6.0000,7940.5491,476.4329,spend25p,476.9929,473.5946,469.8496,464.7765,460.0811,455.7764,449.2468,443.7516,434.9014,425.2661,395.8507,381.0375,222.2514,205.0525,183.9216,166.8554,147.5104,119.5494,67.8907,0.0000,0.0000,0.0000,0.0000,0.0000,0.0000,0.0000,0.0000,0.0000,0.0000,0.0000,0.0000,0.0000,0.0000,0.0000,0.0000,0.0000,0.0000,0.0000,0.0000,0.0000,0.0000,0.0000,0.0000,0.0000,0.0000
62,1.8000,DynamicV1Rebalance,6.0000,7940.5491,476.4329,spend50p,480.2769,483.8108,487.6485,490.2274,494.1521,497.5985,501.8561,505.7453,507.7937,509.9106,483.7868,477.5355,299.1135,289.7483,277.0104,266.8898,256.2665,244.1124,229.9376,218.0694,202.8802,191.0681,178.1952,166.7005,153.2984,140.0966,128.1682,121.0800,112.7075,105.2785,92.1642,84.2763,74.8069,66.0967,54.5564,46.3383,36.6131,29.2450,23.1854,16.9928,9.8074,2.4254,0.0000,0.0000,0.0000
62,1.8000,DynamicV1Rebalance,6.0000,7940.5491,476.4329,spend75p,483.6499,493.9655,505.9675,518.4027,531.4554,544.5173,559.6416,571.8383,583.8432,593.8491,572.3231,577.9903,378.8542,376.5025,371.9094,367.3068,359.6481,355.9970,348.4993,341.6528,331.4920,319.7916,312.0777,297.1951,288.5464,284.0291,280.4656,274.3424,270.3072,261.7130,254.4060,247.7386,243.7591,239.0965,235.5016,229.1404,225.6539,215.7346,210.2266,207.0249,198.7224,191.8078,188.1820,183.8967,180.4503
62,1.8000,DynamicV1Rebalance,7.0000,6806.1849,476.4329,survival,1.0000,1.0000,1.0000,1.0000,1.0000,0.9990,0.9965,0.9850,0.9685,0.9340,0.8955,0.8465,0.8080,0.7780,0.7470,0.7160,0.6870,0.6530,0.6315,0.6105,0.5900,0.5725,0.5570,0.5365,0.5245,0.5140,0.5020,0.4915,0.4845,0.4765,0.4705,0.4625,0.4565,0.4530,0.4500,0.4430,0.4390,0.4335,0.4295,0.4275,0.4255,0.4220,0.4195,0.4175,0.4135
62,1.8000,DynamicV1Rebalance,7.0000,6806.1849,476.4329,spend25p,476.9929,473.5946,469.8496,464.7765,460.0811,455.4744,448.7908,440.1812,428.8526,413.1846,374.0145,343.6922,181.8440,148.9499,0.0000,0.0000,0.0000,0.0000,0.0000,0.0000,0.0000,0.0000,0.0000,0.0000,0.0000,0.0000,0.0000,0.0000,0.0000,0.0000,0.0000,0.0000,0.0000,0.0000,0.0000,0.0000,0.0000,0.0000,0.0000,0.0000,0.0000,0.0000,0.0000,0.0000,0.0000
62,1.8000,DynamicV1Rebalance,7.0000,6806.1849,476.4329,spend50p,480.2769,483.8108,487.6485,490.2274,494.1521,497.4721,501.7978,504.3290,505.2669,502.1977,467.6304,453.4059,274.8408,263.8343,249.9097,232.4184,218.2584,199.1671,182.7344,165.6248,145.9954,126.8811,111.5945,87.4530,71.9542,52.0124,3.6022,0.0000,0.0000,0.0000,0.0000,0.0000,0.0000,0.0000,0.0000,0.0000,0.0000,0.0000,0.0000,0.0000,0.0000,0.0000,0.0000,0.0000,0.0000
62,1.8000,DynamicV1Rebalance,7.0000,6806.1849,476.4329,spend75p,483.6499,493.9655,505.9675,518.4027,531.4554,544.0494,559.6148,569.3999,578.9700,586.7559,562.1355,559.3848,361.2597,356.8510,347.5629,340.4086,330.7417,318.6385,304.8975,295.2075,282.8633,273.4814,265.6927,252.9290,245.1529,236.7887,227.7869,217.8376,211.1171,201.5409,195.1391,187.4657,182.3244,175.6868,167.8470,159.1030,151.8617,139.5260,134.0215,129.5106,127.9360,121.2441,118.0168,114.8401,109.9845
62,1.8000,DynamicV1Rebalance,8.0000,5955.4118,476.4329,survival,1.0000,1.0000,1.0000,1.0000,1.0000,0.9980,0.9875,0.9705,0.9295,0.8805,0.8115,0.7410,0.7015,0.6625,0.6235,0.5900,0.5680,0.5380,0.5170,0.4945,0.4725,0.4595,0.4435,0.4285,0.4145,0.4020,0.3930,0.3805,0.3695,0.3610,0.3560,0.3470,0.3405,0.3340,0.3280,0.3230,0.3185,0.3140,0.3100,0.3090,0.3050,0.3040,0.3020,0.3010,0.2980
62,1.8000,DynamicV1Rebalance,8.0000,5955.4118,476.4329,spend25p,476.9929,473.5946,469.8496,464.7765,460.0811,454.8354,446.1538,435.9449,417.2551,393.6258,333.9006,0.0000,0.0000,0.0000,0.0000,0.0000,0.0000,0.0000,0.0000,0.0000,0.0000,0.0000,0.0000,0.0000,0.0000,0.0000,0.0000,0.0000,0.0000,0.0000,0.0000,0.0000,0.0000,0.0000,0.0000,0.0000,0.0000,0.0000,0.0000,0.0000,0.0000,0.0000,0.0000,0.0000,0.0000
62,1.8000,DynamicV1Rebalance,8.0000,5955.4118,476.4329,spend50p,480.2769,483.8108,487.6485,490.2274,494.1521,497.3378,500.3221,502.8619,497.0981,488.4192,442.9783,419.5631,246.9325,226.1356,204.1622,180.1902,161.4222,127.3036,99.7850,0.0000,0.0000,0.0000,0.0000,0.0000,0.0000,0.0000,0.0000,0.0000,0.0000,0.0000,0.0000,0.0000,0.0000,0.0000,0.0000,0.0000,0.0000,0.0000,0.0000,0.0000,0.0000,0.0000,0.0000,0.0000,0.0000
62,1.8000,DynamicV1Rebalance,8.0000,5955.4118,476.4329,spend75p,483.6499,493.9655,505.9675,518.4027,531.4554,543.8087,557.4517,565.9166,573.9318,576.8363,539.9225,531.1222,339.5283,329.8249,319.4726,307.8456,295.0948,279.6237,264.4315,249.6938,236.2601,225.5255,210.3599,196.6885,184.7702,175.9905,166.3091,153.3948,144.2019,132.7800,125.9492,113.8320,103.6789,92.5281,82.8926,74.2486,63.0390,54.5082,44.1080,40.5328,32.6078,28.9884,24.2249,21.5218,12.3600
62,1.8000,DynamicV1Rebalance,9.0000,5293.6994,476.4329,survival,1.0000,1.0000,1.0000,1.0000,0.9995,0.9940,0.9750,0.9350,0.8760,0.7865,0.7055,0.6310,0.5905,0.5475,0.5175,0.4845,0.4515,0.4275,0.4015,0.3825,0.3585,0.3360,0.3190,0.3050,0.2940,0.2845,0.2725,0.2660,0.2595,0.2540,0.2450,0.2410,0.2360,0.2335,0.2285,0.2235,0.2215,0.2195,0.2175,0.2170,0.2160,0.2130,0.2115,0.2095,0.2075
62,1.8000,DynamicV1Rebalance,9.0000,5293.6994,476.4329,spend25p,476.9929,473.5946,469.8496,464.7765,459.9908,454.0205,443.4895,425.6562,399.5141,340.2886,0.0000,0.0000,0.0000,0.0000,0.0000,0.0000,0.0000,0.0000,0.0000,0.0000,0.0000,0.0000,0.0000,0.0000,0.0000,0.0000,0.0000,0.0000,0.0000,0.0000,0.0000,0.0000,0.0000,0.0000,0.0000,0.0000,0.0000,0.0000,0.0000,0.0000,0.0000,0.0000,0.0000,0.0000,0.0000
62,1.8000,DynamicV1Rebalance,9.0000,5293.6994,476.4329,spend50p,480.2769,483.8108,487.6485,490.2274,494.1261,496.9101,498.5518,494.6738,486.0818,461.0468,409.7152,372.1589,203.7065,170.6127,127.9935,0.0000,0.0000,0.0000,0.0000,0.0000,0.0000,0.0000,0.0000,0.0000,0.0000,0.0000,0.0000,0.0000,0.0000,0.0000,0.0000,0.0000,0.0000,0.0000,0.0000,0.0000,0.0000,0.0000,0.0000,0.0000,0.0000,0.0000,0.0000,0.0000,0.0000
62,1.8000,DynamicV1Rebalance,9.0000,5293.6994,476.4329,spend75p,483.6499,493.9655,505.9675,518.4027,531.4085,543.6963,555.7006,560.6587,562.6885,552.6210,515.1287,498.8537,314.7537,298.9423,284.5810,270.4710,252.0600,237.1293,219.2654,203.8925,182.3750,163.4782,142.2758,124.2387,104.0501,90.9845,69.0150,54.6335,33.7740,9.6115,0.0000,0.0000,0.0000,0.0000,0.0000,0.0000,0.0000,0.0000,0.0000,0.0000,0.0000,0.0000,0.0000,0.0000,0.0000
62,1.8000,DynamicV1Rebalance,10.0000,4764.3294,476.4329,survival,1.0000,1.0000,1.0000,1.0000,0.9985,0.9845,0.9520,0.8880,0.7865,0.6845,0.6000,0.5220,0.4785,0.4360,0.3925,0.3625,0.3265,0.3050,0.2835,0.2630,0.2480,0.2365,0.2265,0.2125,0.2030,0.1960,0.1890,0.1840,0.1790,0.1750,0.1690,0.1635,0.1605,0.1585,0.1560,0.1540,0.1515,0.1485,0.1480,0.1465,0.1455,0.1445,0.1440,0.1435,0.1415
62,1.8000,DynamicV1Rebalance,10.0000,4764.3294,476.4329,spend25p,476.9929,473.5946,469.8496,464.7765,459.9091,452.0508,437.5860,412.4875,353.0219,0.0000,0.0000,0.0000,0.0000,0.0000,0.0000,0.0000,0.0000,0.0000,0.0000,0.0000,0.0000,0.0000,0.0000,0.0000,0.0000,0.0000,0.0000,0.0000,0.0000,0.0000,0.0000,0.0000,0.0000,0.0000,0.0000,0.0000,0.0000,0.0000,0.0000,0.0000,0.0000,0.0000,0.0000,0.0000,0.0000
62,1.8000,DynamicV1Rebalance,10.0000,4764.3294,476.4329,spend50p,480.2769,483.8108,487.6485,490.2274,494.0160,496.0817,495.1115,485.7626,463.9638,423.4453,360.8523,292.1994,0.0000,0.0000,0.0000,0.0000,0.0000,0.0000,0.0000,0.0000,0.0000,0.0000,0.0000,0.0000,0.0000,0.0000,0.0000,0.0000,0.0000,0.0000,0.0000,0.0000,0.0000,0.0000,0.0000,0.0000,0.0000,0.0000,0.0000,0.0000,0.0000,0.0000,0.0000,0.0000,0.0000
62,1.8000,DynamicV1Rebalance,10.0000,4764.3294,476.4329,spend75p,483.6499,493.9655,505.9675,518.4027,531.2219,542.8206,551.4034,554.4853,545.8564,528.8482,491.9537,468.2850,282.6593,264.8820,242.4975,223.5386,188.5853,166.3220,133.2295,92.4867,0.0000,0.0000,0.0000,0.0000,0.0000,0.0000,0.0000,0.0000,0.0000,0.0000,0.0000,0.0000,0.0000,0.0000,0.0000,0.0000,0.0000,0.0000,0.0000,0.0000,0.0000,0.0000,0.0000,0.0000,0.0000
65,0.6000,DynamicV1Rebalance,2.5000,6925.7726,173.1443,survival,1.0000,1.0000,1.0000,1.0000,1.0000,1.0000,1.0000,1.0000,1.0000,1.0000,1.0000,1.0000,0.9995,0.9995,0.9980,0.9980,0.9980,0.9980,0.9980,0.9980,0.9980,0.9980,0.9980,0.9980,0.9980,0.9980,0.9980,0.9980,0.9980,0.9980,0.9980,0.9980,0.9980,0.9980,0.9980,0.9980,0.9980,0.9980,0.9980,0.9980,0.9980,0.9980,0.9980,0.9980,0.9980
65,0.6000,DynamicV1Rebalance,2.5000,6925.7726,173.1443,spend25p,173.3478,172.1553,170.8478,169.0673,167.4331,165.9494,164.1629,162.2902,160.4168,158.7991,137.3383,136.9761,135.7401,134.1110,132.9738,-60.8549,-65.9397,-71.6590,-77.7679,-84.1221,-90.9687,-98.3973,-106.0368,-113.6765,-121.6213,-130.2760,-138.6815,-147.5849,-156.5690,-166.8119,-177.2346,-188.7249,-199.5794,-211.5907,-224.5972,-237.8880,-253.3944,-267.8521,-280.3179,-294.9130,-309.6422,-324.7561,-340.0972,-357.3199,-374.7329
65,0.6000,DynamicV1Rebalance,2.5000,6925.7726,173.1443,spend50p,174.5413,175.8690,177.3199,178.3253,179.8322,181.1770,182.8693,184.6694,186.2542,187.6670,165.5410,166.0234,168.1544,169.4380,169.9092,-57.5393,-62.2944,-67.3002,-72.4529,-77.7487,-83.4766,-89.1436,-95.0728,-101.2059,-107.3859,-113.9241,-120.4294,-127.4266,-134.1389,-141.2498,-149.1788,-157.5442,-165.7131,-174.8746,-184.2660,-194.1404,-204.1321,-213.0502,-222.6565,-231.8975,-242.5091,-253.6574,-264.6733,-275.3827,-285.7287
65,0.6000,DynamicV1Rebalance,2.5000,6925.7726,173.1443,spend75p,175.7671,179.5603,183.9811,188.5743,193.4077,198.2602,203.9433,208.6597,214.1089,219.4109,195.2466,199.5974,203.2215,206.9838,211.2295,-54.7472,-59.4858,-63.9222,-68.4664,-72.9884,-77.8224,-82.4282,-87.2194,-92.1423,-97.1611,-102.1944,-107.5007,-112.9836,-118.2745,-123.7261,-129.4734,-135.8933,-142.3757,-148.8147,-155.7668,-162.3758,-169.0650,-176.1124,-183.3471,-190.1976,-196.9224,-204.9409,-213.0583,-221.2025,-229.2362
65,0.6000,DynamicV1Rebalance,3.0000,5771.4771,173.1443,survival,1.0000,1.0000,1.0000,1.0000,1.0000,1.0000,1.0000,1.0000,1.0000,1.0000,0.9995,0.9980,0.9970,0.9955,0.9950,0.9950,0.9950,0.9950,0.9950,0.9950,0.9950,0.9950,0.9950,0.9950,0.9950,0.9950,0.9950,0.9950,0.9950,0.9950,0.9950,0.9950,0.9950,0.9950,0.9950,0.9950,0.9950,0.9950,0.9950,0.9950,0.9950,0.9950,0.9950,0.9950,0.9950
65,0.6000,DynamicV1Rebalance,3.0000,5771.4771,173.1443,spend25p,173.3478,172.1553,170.8478,169.0673,167.4331,165.9494,164.1629,162.2902,160.4168,158.7991,137.3096,136.7024,135.5134,133.8060,132.5660,-60.8084,-65.9041,-71.5978,-77.7434,-84.0818,-90.9514,-98.3679,-105.9753,-113.5617,-121.6044,-130.1348,-138.5733,-147.5152,-156.4194,-166.8009,-177.1402,-188.6766,-199.4815,-211.5736,-224.5400,-237.8347,-253.2092,-267.7012,-280.2554,-294.7482,-309.5506,-324.7296,-339.8842,-357.2120,-374.5656
65,0.6000,DynamicV1Rebalance,3.0000,5771.4771,173.1443,spend50p,174.5413,175.8690,177.3199,178.3253,179.8322,181.1770,182.8693,184.6694,186.2542,187.6670,165.4169,165.8426,167.8130,169.1405,169.6339,-57.5115,-62.2655,-67.2731,-72.4228,-77.7298,-83.4401,-89.0851,-95.0275,-101.1096,-107.3444,-113.6685,-120.0733,-127.1911,-133.9596,-141.1090,-149.0159,-157.0199,-165.3762,-174.7719,-184.0426,-193.6851,-203.5862,-212.4500,-222.2840,-231.4945,-241.9547,-253.1681,-264.2819,-275.2148,-285.2758
65,0.6000,DynamicV1Rebalance,3.0000,5771.4771,173.1443,spend75p,175.7671,179.5603,183.9811,188.5743,193.4077,198.2602,203.9433,208.6597,214.1089,219.4109,195.2097,199.5382,202.7779,206.4349,210.9312,-54.7369,-59.4686,-63.8914,-68.4454,-72.9267,-77.7967,-82.3744,-87.1351,-92.0602,-97.0194,-102.1241,-107.3372,-112.8387,-118.0771,-123.5806,-129.3220,-135.5790,-141.8514,-148.4094,-155.4672,-161.8265,-168.7588,-175.4632,-182.9809,-189.6782,-196.4201,-204.2132,-212.0615,-220.6119,-228.4466
65,0.6000,DynamicV1Rebalance,3.5000,4946.9804,173.1443,survival,1.0000,1.0000,1.0000,1.0000,1.0000,1.0000,1.0000,1.0000,1.0000,0.9985,0.9975,0.9965,0.9940,0.9915,0.9860,0.9860,0.9860,0.9860,0.9860,0.9860,0.9860,0.9860,0.9860,0.9860,0.9860,0.9860,0.9860,0.9860,0.9860,0.9860,0.9860,0.9860,0.9860,0.9860,0.9860,0.9860,0.9860,0.9860,0.9860,0.9860,0.9860,0.9860,0.9860,0.9860,0.9860
65,0.6000,DynamicV1Rebalance,3.5000,4946.9804,173.1443,spend25p,173.3478,172.1553,170.8478,169.0673,167.4331,165.9494,164.1629,162.2902,160.4168,158.6258,137.1934,136.5285,135.2439,133.4037,131.6812,-60.7765,-65.8389,-71.5279,-77.5827,-83.9325,-90.7815,-98.1188,-105.5737,-113.3613,-121.3173,-129.7745,-138.1355,-146.8137,-155.7975,-165.8888,-176.1884,-187.0029,-198.6146,-210.1202,-222.2744,-236.9879,-251.6528,-265.9259,-278.5591,-292.2483,-307.6810,-322.9191,-337.3497,-353.9941,-371.7688
65,0.6000,DynamicV1Rebalance,3.5000,4946.9804,173.1443,spend50p,174.5413,175.8690,177.3199,178.3253,179.8322,181.1770,182.8693,184.6694,186.2542,187.6348,164.9487,165.5631,167.6415,168.6691,168.0078,-57.4489,-62.2192,-67.1567,-72.3041,-77.5419,-83.2059,-88.9647,-94.8227,-100.6640,-106.9562,-113.1987,-119.7316,-126.6845,-133.6719,-140.5644,-148.1805,-156.2732,-164.4416,-173.7588,-183.1455,-192.9162,-202.2662,-211.1980,-220.4866,-230.1042,-240.7510,-252.2372,-262.9273,-272.9222,-283.6143
65,0.6000,DynamicV1Rebalance,3.5000,4946.9804,173.1443,spend75p,175.7671,179.5603,183.9811,188.5743,193.4077,198.2602,203.9433,208.6597,214.1089,219.3754,194.8411,199.4997,202.5292,205.5047,209.6717,-54.6544,-59.3565,-63.7851,-68.3093,-72.8324,-77.5931,-82.1917,-86.9381,-91.8290,-96.7078,-101.7669,-106.8615,-112.1388,-117.6011,-123.0251,-128.8415,-134.8277,-140.9931,-147.0966,-154.5321,-160.8844,-167.8168,-174.4358,-181.5540,-188.2895,-195.1155,-202.8815,-210.0334,-218.7106,-226.7270
65,0.6000,DynamicV1Rebalance,4.0000,4328.6079,173.1443,survival,1.0000,1.0000,1.0000,1.0000,1.0000,1.0000,1.0000,1.0000,0.9990,0.9980,0.9945,0.9920,0.9865,0.9755,0.9685,0.9685,0.9685,0.9685,0.9685,0.9685,0.9685,0.9685,0.9685,0.9685,0.9685,0.9685,0.9685,0.9685,0.9685,0.9685,0.9685,0.9685,0.9685,0.9685,0.9685,0.9685,0.9685,0.9685,0.9685,0.9685,0.9685,0.9685,0.9685,0.9685,0.9685
65,0.6000,DynamicV1Rebalance,4.0000,4328.6079,173.1443,spend25p,173.3478,172.1553,170.8478,169.0673,167.4331,165.9494,164.1629,162.2902,160.2540,158.5343,136.9251,136.0511,134.2820,131.1137,129.1879,-60.6488,-65.7728,-71.3691,-77.1935,-83.6737,-90.4110,-97.7955,-104.8858,-112.8051,-120.7213,-128.9980,-137.3178,-146.0226,-154.6796,-164.0124,-174.7566,-185.5854,-196.1966,-207.7516,-219.8432,-234.8575,-247.8803,-262.0954,-275.2578,-288.9307,-304.8197,-319.8691,-333.8098,-350.6750,-367.7663
65,0.6000,DynamicV1Rebalance,4.0000,4328.6079,173.1443,spend50p,174.5413,175.8690,177.3199,178.3253,179.8322,181.1770,182.8693,184.6694,186.1977,187.6266,164.5337,165.2010,166.7103,166.7283,165.6334,-57.3469,-62.0717,-67.0373,-72.1169,-77.2765,-82.8903,-88.5701,-94.3166,-100.0995,-106.3171,-112.5179,-118.9254,-125.8759,-132.9374,-139.8135,-146.9100,-154.6069,-162.7795,-171.7304,-180.8871,-190.8066,-200.3812,-209.6320,-218.8893,-227.9627,-238.1877,-249.1222,-259.9421,-269.4745,-280.5453
65,0.6000,DynamicV1Rebalance,4.0000,4328.6079,173.1443,spend75p,175.7671,179.5603,183.9811,188.5743,193.4077,198.2602,203.9433,208.6597,214.0484,219.3478,194.4992,198.9966,201.7878,204.4386,206.5678,-54.5109,-59.1756,-63.5511,-68.0817,-72.5249,-77.2635,-81.8299,-86.4053,-91.2559,-96.0520,-101.0074,-106.0726,-111.2073,-116.5672,-122.0335,-127.3918,-133.1194,-138.8243,-145.1452,-152.2046,-158.4847,-165.2181,-171.9640,-179.0975,-185.7162,-192.2204,-199.5840,-206.5104,-214.4670,-222.9958
65,0.6000,DynamicV1Rebalance,5.0000,3462.8863,173.1443,survival,1.0000,1.0000,1.0000,1.0000,1.0000,1.0000,1.0000,0.9985,0.9970,0.9920,0.9815,0.9680,0.9525,0.9355,0.9155,0.9150,0.9150,0.9150,0.9150,0.9150,0.9150,0.9150,0.9150,0.9150,0.9150,0.9150,0.9150,0.9150,0.9150,0.9150,0.9150,0.9150,0.9150,0.9150,0.9150,0.9150,0.9150,0.9150,0.9150,0.9150,0.9150,0.9150,0.9150,0.9150,0.9150
65,0.6000,DynamicV1Rebalance,5.0000,3462.8863,173.1443,spend25p,173.3478,172.1553,170.8478,169.0673,167.4331,165.9494,164.1629,162.0312,159.9125,157.9591,135.3608,132.8078,129.0010,125.2803,120.9878,-60.2832,-65.3374,-70.8739,-76.4514,-82.7430,-89.3843,-96.4500,-103.6732,-110.8928,-118.8970,-126.9203,-134.6320,-143.3638,-151.6741,-161.1662,-170.4024,-180.2229,-191.5196,-203.0517,-215.6971,-229.0971,-241.4828,-255.3670,-269.3391,-282.3201,-296.0114,-311.3323,-325.1316,-340.1101,-358.3540
65,0.6000,DynamicV1Rebalance,5.0000,3462.8863,173.1443,spend50p,174.5413,175.8690,177.3199,178.3253,179.8322,181.1770,182.8693,184.4382,186.0835,187.1082,163.3559,163.2723,163.0020,161.2698,159.4231,-57.0041,-61.7340,-66.4954,-71.4159,-76.4638,-81.7769,-87.3771,-93.0397,-98.7088,-104.6877,-110.6066,-117.0780,-123.3151,-130.1017,-136.9839,-143.7370,-150.9806,-159.5539,-167.9301,-177.1896,-186.0118,-194.8254,-204.5065,-213.4564,-222.6049,-232.1394,-240.1881,-251.2258,-261.7911,-272.4332
65,0.6000,DynamicV1Rebalance,5.0000,3462.8863,173.1443,spend75p,175.7671,179.5603,183.9811,188.5743,193.4077,198.2602,203.9433,208.5504,213.9649,218.4655,193.4161,196.2406,198.2692,199.2482,200.8111,-53.8844,-58.5101,-63.0848,-67.3259,-71.7424,-76.1686,-80.5464,-85.0244,-89.5338,-94.1014,-98.6656,-103.2193,-107.8808,-112.9773,-117.7214,-122.7650,-127.9480,-133.3909,-139.5869,-145.0486,-150.8779,-157.4803,-163.8464,-170.6199,-176.0220,-183.0192,-189.5343,-195.9533,-203.3088,-211.0039
65,0.6000,DynamicV1Rebalance,6.0000,2885.7386,173.1443,survival,1.0000,1.0000,1.0000,1.0000,1.0000,1.0000,0.9985,0.9970,0.9870,0.9720,0.9525,0.9275,0.9000,0.8560,0.8220,0.8220,0.8220,0.8220,0.8220,0.8220,0.8220,0.8220,0.8220,0.8220,0.8220,0.8220,0.8220,0.8220,0.8220,0.8220,0.8220,0.8220,0.8220,0.8220,0.8220,0.8220,0.8220,0.8220,0.8220,0.8220,0.8220,0.8220,0.8220,0.8220,0.8220
65,0.6000,DynamicV1Rebalance,6.0000,2885.7386,173.1443,spend25p,173.3478,172.1553,170.8478,169.0673,167.4331,165.9494,163.6629,161.7595,158.6380,155.2331,132.1876,127.6033,121.8226,111.5304,103.5485,-59.7637,-64.7057,-69.9275,-75.4833,-81.3828,-87.8565,-94.1831,-100.9329,-107.9248,-115.1812,-122.5862,-130.4550,-138.7599,-146.8333,-155.5038,-163.6125,-172.8152,-183.4528,-194.4506,-206.6304,-218.1261,-232.0971,-245.2190,-256.5841,-269.1468,-282.0291,-294.2990,-308.3646,-324.1453,-335.8177
65,0.6000,DynamicV1Rebalance,6.0000,2885.7386,173.1443,spend50p,174.5413,175.8690,177.3199,178.3253,179.8322,181.1770,182.8288,184.3579,185.2268,186.1305,161.3911,160.0955,157.1376,151.3722,147.0139,-56.3457,-60.9473,-65.6540,-70.2793,-74.9696,-79.8731,-85.1190,-90.3092,-95.7262,-101.3074,-107.1475,-112.8839,-119.0468,-125.0665,-131.2755,-137.6011,-144.7512,-151.9828,-160.0658,-167.7089,-175.6708,-184.1316,-193.0919,-202.0987,-209.8246,-217.2451,-225.4561,-235.2905,-244.5415,-253.6585
65,0.6000,DynamicV1Rebalance,6.0000,2885.7386,173.1443,spend75p,175.7671,179.5603,183.9811,188.5743,193.4077,198.2602,203.8803,208.4506,212.9672,216.7703,191.1708,193.1296,193.2929,191.8948,191.5828,-52.2450,-56.7914,-61.2852,-65.6731,-69.9616,-73.9529,-77.7442,-81.6485,-85.6265,-89.3434,-92.9660,-97.1054,-100.9097,-104.7913,-108.8568,-112.5391,-116.6899,-121.1511,-125.7253,-130.3415,-134.7311,-140.0093,-144.7860,-149.6359,-154.2847,-159.7675,-165.0855,-170.7582,-176.0105,-181.9125
65,0.6000,DynamicV1Rebalance,7.0000,2473.4902,173.1443,survival,1.0000,1.0000,1.0000,1.0000,1.0000,0.9990,0.9965,0.9850,0.9680,0.9335,0.8990,0.8555,0.8040,0.7555,0.7155,0.7120,0.7120,0.7120,0.7120,0.7120,0.7120,0.7120,0.7120,0.7120,0.7120,0.7120,0.7120,0.7120,0.7120,0.7120,0.7120,0.7120,0.7120,0.7120,0.7120,0.7120,0.7120,0.7120,0.7120,0.7120,0.7120,0.7120,0.7120,0.7120,0.7120
65,0.6000,DynamicV1Rebalance,7.0000,2473.4902,173.1443,spend25p,173.3478,172.1553,170.8478,169.0673,167.4331,165.8395,163.4968,160.4580,156.3547,150.6472,125.1408,116.3357,103.7428,73.2408,0.0000,-59.2627,-64.0212,-69.0480,-74.4786,-80.0755,-85.8570,-91.8480,-98.1520,-104.5266,-111.5525,-118.5554,-125.8344,-133.5532,-141.2835,-148.7790,-157.7935,-166.4551,-176.4426,-186.7092,-197.3207,-208.5229,-219.0722,-231.1050,-241.8875,-253.4759,-265.3343,-277.5405,-290.5976,-303.7145,-317.2869
65,0.6000,DynamicV1Rebalance,7.0000,2473.4902,173.1443,spend50p,174.5413,175.8690,177.3199,178.3253,179.8322,181.1309,182.8075,183.8417,184.2706,183.2716,156.1860,152.1847,145.8999,139.7622,132.1139,-55.3946,-59.9287,-64.4070,-68.8565,-73.2706,-77.9296,-82.5081,-87.2376,-92.1368,-97.0043,-102.1217,-107.2060,-112.8185,-118.2368,-123.7159,-129.5066,-135.9741,-142.5590,-148.9641,-156.3985,-163.3537,-170.2434,-178.5834,-184.8271,-192.2742,-199.3173,-206.5189,-215.7424,-224.0177,-233.2357
65,0.6000,DynamicV1Rebalance,7.0000,2473.4902,173.1443,spend75p,175.7671,179.5603,183.9811,188.5743,193.4077,198.0899,203.8706,207.5618,211.1896,214.0864,187.4297,187.2325,185.0383,182.6198,179.2655,0.0000,0.0000,0.0000,0.0000,0.0000,0.0000,0.0000,0.0000,0.0000,0.0000,0.0000,0.0000,0.0000,0.0000,0.0000,0.0000,0.0000,0.0000,0.0000,0.0000,0.0000,0.0000,0.0000,0.0000,0.0000,0.0000,0.0000,0.0000,0.0000,0.0000
65,0.6000,DynamicV1Rebalance,8.0000,2164.3039,173.1443,survival,1.0000,1.0000,1.0000,1.0000,1.0000,0.9980,0.9870,0.9705,0.9285,0.8795,0.8165,0.7520,0.6985,0.6325,0.5860,0.5840,0.5840,0.5840,0.5840,0.5840,0.5840,0.5840,0.5840,0.5840,0.5840,0.5840,0.5840,0.5840,0.5840,0.5840,0.5840,0.5840,0.5840,0.5840,0.5840,0.5840,0.5840,0.5840,0.5840,0.5840,0.5840,0.5840,0.5840,0.5840,0.5840
65,0.6000,DynamicV1Rebalance,8.0000,2164.3039,173.1443,spend25p,173.3478,172.1553,170.8478,169.0673,167.4331,165.6068,162.5221,158.9138,152.0794,143.6369,112.6171,76.5766,0.0000,0.0000,0.0000,-58.3035,-63.0695,-67.9979,-73.1192,-78.3616,-83.7096,-89.2702,-94.9301,-100.9695,-107.0109,-113.3658,-119.9097,-126.6425,-133.8249,-140.7037,-148.4834,-156.9352,-165.5434,-174.9561,-185.1110,-195.6722,-205.7151,-215.5296,-224.3188,-234.6378,-245.9308,-255.9335,-267.4321,-280.9037,-292.0141
65,0.6000,DynamicV1Rebalance,8.0000,2164.3039,173.1443,spend50p,174.5413,175.8690,177.3199,178.3253,179.8322,181.0821,182.2411,183.3068,181.3099,178.1940,148.9471,140.8463,132.1964,121.2996,108.3319,-53.5062,-58.0449,-62.4370,-66.5995,-70.8232,-74.8799,-78.9396,-83.0030,-87.4734,-91.7412,-96.0552,-100.0414,-104.4126,-108.6439,-113.0674,-117.6413,-122.0063,-127.2479,-131.9155,-137.1476,-141.7834,-148.1728,-154.3046,-159.0756,-164.0982,-170.0825,-175.6082,-182.0950,-189.5400,-198.0160
65,0.6000,DynamicV1Rebalance,8.0000,2164.3039,173.1443,spend75p,175.7671,179.5603,183.9811,188.5743,193.4077,198.0023,202.9744,206.2920,209.3518,209.9732,180.2296,177.4457,175.2806,169.4365,165.4406,0.0000,0.0000,0.0000,0.0000,0.0000,0.0000,0.0000,0.0000,0.0000,0.0000,0.0000,0.0000,0.0000,0.0000,0.0000,0.0000,0.0000,0.0000,0.0000,0.0000,0.0000,0.0000,0.0000,0.0000,0.0000,0.0000,0.0000,0.0000,0.0000,0.0000
65,0.6000,DynamicV1Rebalance,9.0000,1923.8257,173.1443,survival,1.0000,1.0000,1.0000,1.0000,0.9990,0.9940,0.9750,0.9345,0.8760,0.7850,0.7095,0.6420,0.5805,0.5260,0.4775,0.4745,0.4745,0.4745,0.4745,0.4745,0.4745,0.4745,0.4745,0.4745,0.4745,0.4745,0.4745,0.4745,0.4745,0.4745,0.4745,0.4745,0.4745,0.4745,0.4745,0.4745,0.4745,0.4745,0.4745,0.4745,0.4745,0.4745,0.4745,0.4745,0.4745
65,0.6000,DynamicV1Rebalance,9.0000,1923.8257,173.1443,spend25p,173.3478,172.1553,170.8478,169.0673,167.3847,165.3101,161.5655,155.1070,145.7299,124.1041,0.0000,0.0000,0.0000,0.0000,0.0000,-57.3386,-61.8134,-66.3983,-71.1015,-75.7238,-80.6375,-85.6719,-91.2212,-96.8562,-102.4197,-108.0694,-114.4648,-120.7131,-126.6935,-132.9558,-140.1200,-146.4762,-154.4657,-162.8364,-171.3782,-180.1760,-189.8276,-198.3775,-207.2378,-216.8290,-225.6476,-235.2050,-244.6790,-256.3476,-267.2269
65,0.6000,DynamicV1Rebalance,9.0000,1923.8257,173.1443,spend50p,174.5413,175.8690,177.3199,178.3253,179.8117,180.9263,181.6250,180.3042,177.3070,168.0201,137.0790,126.0951,111.7540,91.6043,0.0000,0.0000,0.0000,0.0000,0.0000,0.0000,0.0000,0.0000,0.0000,0.0000,0.0000,0.0000,0.0000,0.0000,0.0000,0.0000,0.0000,0.0000,0.0000,0.0000,0.0000,0.0000,0.0000,0.0000,0.0000,0.0000,0.0000,0.0000,0.0000,0.0000,0.0000
65,0.6000,DynamicV1Rebalance,9.0000,1923.8257,173.1443,spend75p,175.7671,179.5603,183.9811,188.5743,193.3556,197.9613,202.4446,204.3620,205.2506,201.6697,172.2521,167.6787,162.6005,155.6781,148.5049,0.0000,0.0000,0.0000,0.0000,0.0000,0.0000,0.0000,0.0000,0.0000,0.0000,0.0000,0.0000,0.0000,0.0000,0.0000,0.0000,0.0000,0.0000,0.0000,0.0000,0.0000,0.0000,0.0000,0.0000,0.0000,0.0000,0.0000,0.0000,0.0000,0.0000
65,0.6000,DynamicV1Rebalance,10.0000,1731.4431,173.1443,survival,1.0000,1.0000,1.0000,1.0000,0.9985,0.9845,0.9515,0.8870,0.7845,0.6830,0.6025,0.5320,0.4700,0.4050,0.3560,0.3525,0.3525,0.3525,0.3525,0.3525,0.3525,0.3525,0.3525,0.3525,0.3525,0.3525,0.3525,0.3525,0.3525,0.3525,0.3525,0.3525,0.3525,0.3525,0.3525,0.3525,0.3525,0.3525,0.3525,0.3525,0.3525,0.3525,0.3525,0.3525,0.3525
65,0.6000,DynamicV1Rebalance,10.0000,1731.4431,173.1443,spend25p,173.3478,172.1553,170.8478,169.0673,167.3705,164.5929,159.3935,150.2945,128.2521,0.0000,0.0000,0.0000,0.0000,0.0000,0.0000,-55.3148,-59.8136,-64.0788,-68.2330,-72.5745,-77.2508,-81.6193,-86.0776,-90.8804,-95.4168,-100.1148,-105.0793,-110.2323,-115.6630,-121.3349,-126.3693,-131.8378,-137.4352,-144.3645,-150.9715,-158.1336,-166.0614,-172.1771,-179.6630,-186.4492,-193.7856,-201.0512,-207.9894,-215.6401,-225.5334
65,0.6000,DynamicV1Rebalance,10.0000,1731.4431,173.1443,spend50p,174.5413,175.8690,177.3199,178.3253,179.7827,180.6247,180.3526,177.0076,168.9971,154.1846,120.7194,102.6287,0.0000,0.0000,0.0000,0.0000,0.0000,0.0000,0.0000,0.0000,0.0000,0.0000,0.0000,0.0000,0.0000,0.0000,0.0000,0.0000,0.0000,0.0000,0.0000,0.0000,0.0000,0.0000,0.0000,0.0000,0.0000,0.0000,0.0000,0.0000,0.0000,0.0000,0.0000,0.0000,0.0000
65,0.6000,DynamicV1Rebalance,10.0000,1731.4431,173.1443,spend75p,175.7671,179.5603,183.9811,188.5743,193.3227,197.6425,200.8513,202.1250,198.8352,192.8084,164.1567,157.7909,148.7385,137.1250,125.8773,0.0000,0.0000,0.0000,0.0000,0.0000,0.0000,0.0000,0.0000,0.0000,0.0000,0.0000,0.0000,0.0000,0.0000,0.0000,0.0000,0.0000,0.0000,0.0000,0.0000,0.0000,0.0000,0.0000,0.0000,0.0000,0.0000,0.0000,0.0000,0.0000,0.0000
65,0.8000,DynamicV1Rebalance,2.5000,8947.6968,223.6924,survival,1.0000,1.0000,1.0000,1.0000,1.0000,1.0000,1.0000,1.0000,1.0000,1.0000,1.0000,1.0000,0.9995,0.9995,0.9980,0.9980,0.9980,0.9980,0.9980,0.9980,0.9980,0.9980,0.9980,0.9980,0.9980,0.9980,0.9980,0.9980,0.9980,0.9980,0.9980,0.9980,0.9980,0.9980,0.9980,0.9980,0.9980,0.9980,0.9980,0.9980,0.9980,0.9980,0.9980,0.9980,0.9980
65,0.8000,DynamicV1Rebalance,2.5000,8947.6968,223.6924,spend25p,223.9553,222.3952,220.6815,218.3521,216.2077,214.2539,211.9057,209.4431,206.9770,204.8385,183.1177,182.6347,180.9868,178.8147,177.2984,-13.1409,-17.7556,-22.7540,-27.4568,-32.6930,-37.6660,-42.5737,-47.4410,-52.6200,-57.9147,-63.3120,-68.4309,-74.0283,-79.8631,-85.9281,-92.7269,-100.2844,-108.4947,-117.7095,-128.2030,-138.9158,-150.3906,-162.5020,-173.8656,-184.8219,-195.8177,-208.0693,-219.9216,-232.9948,-246.5416
65,0.8000,DynamicV1Rebalance,2.5000,8947.6968,223.6924,spend50p,225.4972,227.1927,229.0413,230.3090,232.2189,233.9139,236.0523,238.3245,240.3135,242.0758,220.7213,221.3646,224.2058,225.9174,226.5456,-0.0614,-4.6265,-9.7400,-14.8477,-20.0040,-25.3145,-30.7217,-36.2629,-41.9893,-47.8967,-53.9023,-59.9481,-66.1876,-72.3314,-78.4024,-84.3808,-91.0596,-98.6974,-106.9103,-115.4820,-124.0679,-133.4858,-143.1904,-152.4999,-161.1746,-169.7860,-179.2842,-189.1831,-198.9998,-209.2718
65,0.8000,DynamicV1Rebalance,2.5000,8947.6968,223.6924,spend75p,227.0809,231.9612,237.6455,243.5457,249.7490,255.9698,263.2551,269.2851,276.2530,283.0229,260.3288,266.1299,270.9620,275.9784,281.6393,14.8551,10.4035,6.2022,1.0990,-4.0541,-9.7570,-16.0765,-22.6083,-28.9657,-35.1560,-42.0355,-49.2625,-56.1537,-62.9865,-69.8023,-76.5597,-83.7558,-90.8551,-97.9831,-105.5380,-113.0867,-120.6856,-128.5380,-136.1145,-142.8179,-149.4902,-156.3346,-163.6500,-171.2292,-178.9854
65,0.8000,DynamicV1Rebalance,3.0000,7456.4140,223.6924,survival,1.0000,1.0000,1.0000,1.0000,1.0000,1.0000,1.0000,1.0000,1.0000,1.0000,0.9990,0.9980,0.9965,0.9955,0.9950,0.9950,0.9950,0.9950,0.9950,0.9950,0.9945,0.9945,0.9945,0.9945,0.9945,0.9945,0.9945,0.9945,0.9945,0.9945,0.9945,0.9945,0.9945,0.9945,0.9945,0.9945,0.9945,0.9945,0.9945,0.9945,0.9945,0.9945,0.9945,0.9945,0.9945
65,0.8000,DynamicV1Rebalance,3.0000,7456.4140,223.6924,spend25p,223.9553,222.3952,220.6815,218.3521,216.2077,214.2539,211.9057,209.4431,206.9770,204.8385,183.0319,182.2698,180.6190,178.4080,176.7547,-13.1409,-17.7556,-22.7540,-27.4568,-32.6516,-37.6357,-42.5460,-47.4410,-52.6123,-57.8900,-63.2936,-68.4270,-74.0033,-79.8433,-85.9265,-92.7159,-100.2795,-108.4662,-117.7012,-128.1009,-138.8501,-150.2361,-162.4168,-173.7963,-184.8047,-195.7362,-207.9876,-219.8229,-232.7536,-246.3799
65,0.8000,DynamicV1Rebalance,3.0000,7456.4140,223.6924,spend50p,225.4972,227.1927,229.0413,230.3090,232.2189,233.9139,236.0523,238.3245,240.3135,242.0758,220.2902,221.1234,223.7330,225.5206,226.1785,0.0000,-4.5729,-9.7328,-14.7964,-19.9573,-25.2740,-30.7032,-36.2316,-41.9445,-47.8346,-53.8515,-59.9114,-66.1339,-72.3081,-78.3901,-84.3541,-91.0379,-98.6831,-106.8369,-115.4149,-124.0332,-133.3998,-143.1338,-152.3865,-161.0923,-169.6741,-179.0806,-188.9185,-198.6487,-209.0629
65,0.8000,DynamicV1Rebalance,3.0000,7456.4140,223.6924,spend75p,227.0809,231.9612,237.6455,243.5457,249.7490,255.9698,263.2551,269.2851,276.2530,283.0229,260.2795,266.0510,270.2861,275.2465,281.2416,14.7795,10.3776,6.1357,0.9463,-3.9569,-9.6398,-15.9853,-22.3959,-28.7681,-35.0006,-41.9728,-49.1256,-56.0382,-62.9073,-69.7472,-76.5077,-83.6644,-90.7950,-97.8691,-105.3637,-112.9680,-120.6039,-128.3620,-135.7282,-142.4622,-149.2076,-155.9718,-163.0136,-170.6483,-178.5853
65,0.8000,DynamicV1Rebalance,3.5000,6391.2120,223.6924,survival,1.0000,1.0000,1.0000,1.0000,1.0000,1.0000,1.0000,1.0000,1.0000,0.9985,0.9975,0.9955,0.9940,0.9910,0.9840,0.9840,0.9840,0.9835,0.9830,0.9825,0.9825,0.9825,0.9825,0.9825,0.9825,0.9825,0.9825,0.9825,0.9825,0.9825,0.9825,0.9825,0.9825,0.9825,0.9825,0.9825,0.9825,0.9825,0.9825,0.9825,0.9825,0.9825,0.9825,0.9825,0.9825
65,0.8000,DynamicV1Rebalance,3.5000,6391.2120,223.6924,spend25p,223.9553,222.3952,220.6815,218.3521,216.2077,214.2539,211.9057,209.4431,206.9770,204.6149,182.9246,181.9308,180.3252,177.8230,175.1568,-13.1409,-17.7514,-22.7025,-27.4432,-32.6047,-37.6228,-42.5029,-47.4076,-52.5883,-57.8638,-63.1357,-68.3758,-73.9480,-79.7276,-85.8468,-92.6764,-100.1016,-108.2611,-117.5362,-127.6601,-138.6389,-150.0517,-162.1122,-173.1647,-184.1158,-195.1897,-207.2300,-218.8621,-231.7617,-245.1373
65,0.8000,DynamicV1Rebalance,3.5000,6391.2120,223.6924,spend50p,225.4972,227.1927,229.0413,230.3090,232.2189,233.9139,236.0523,238.3245,240.3135,242.0343,219.9316,220.6978,223.5220,224.8219,223.0970,0.0000,-4.4268,-9.6806,-14.6637,-19.8552,-25.1939,-30.4709,-35.9633,-41.8722,-47.6257,-53.6336,-59.8375,-66.0477,-72.2049,-78.2505,-84.2128,-90.9016,-98.5137,-106.6001,-115.0815,-123.8323,-132.9597,-142.4432,-151.9497,-160.1874,-168.6223,-177.9005,-188.0112,-197.6364,-207.9990
65,0.8000,DynamicV1Rebalance,3.5000,6391.2120,223.6924,spend75p,227.0809,231.9612,237.6455,243.5457,249.7490,255.9698,263.2551,269.2851,276.2530,282.9771,259.7881,265.9634,270.0389,274.0063,279.2673,14.3624,9.9874,5.4693,0.2284,-3.6702,-9.3392,-15.7695,-22.1181,-28.3597,-34.6112,-41.4902,-48.6710,-55.8658,-62.7044,-69.3715,-76.1655,-83.3074,-90.5986,-97.5165,-104.9813,-112.5669,-120.1704,-127.9077,-134.7681,-141.8831,-148.4223,-155.0879,-161.9883,-169.7087,-177.1929
65,0.8000,DynamicV1Rebalance,4.0000,5592.3105,223.6924,survival,1.0000,1.0000,1.0000,1.0000,1.0000,1.0000,1.0000,1.0000,0.9990,0.9980,0.9945,0.9920,0.9860,0.9750,0.9675,0.9665,0.9665,0.9660,0.9650,0.9645,0.9645,0.9645,0.9645,0.9645,0.9645,0.9645,0.9645,0.9645,0.9645,0.9645,0.9645,0.9645,0.9645,0.9645,0.9645,0.9645,0.9645,0.9645,0.9645,0.9645,0.9645,0.9645,0.9645,0.9645,0.9645
65,0.8000,DynamicV1Rebalance,4.0000,5592.3105,223.6924,spend25p,223.9553,222.3952,220.6815,218.3521,216.2077,214.2539,211.9057,209.4431,206.7670,204.4969,182.5668,181.4014,178.9418,174.7699,171.8768,-13.0856,-17.6486,-22.5675,-27.2428,-32.5409,-37.5917,-42.4470,-47.3906,-52.5756,-57.8484,-63.0872,-68.3447,-73.9217,-79.7189,-85.7856,-92.6032,-100.0092,-108.0751,-117.2988,-127.3821,-137.9298,-149.3963,-161.3026,-172.2441,-182.8372,-194.3081,-206.2592,-217.8415,-230.9362,-243.6007
65,0.8000,DynamicV1Rebalance,4.0000,5592.3105,223.6924,spend50p,225.4972,227.1927,229.0413,230.3090,232.2189,233.9139,236.0523,238.3245,240.2407,242.0236,219.3783,220.2680,222.2000,222.1567,220.8446,0.0000,-4.0925,-9.4013,-14.4261,-19.5763,-24.9648,-30.2997,-35.8276,-41.6415,-47.4226,-53.4882,-59.7256,-65.9831,-72.0480,-77.9983,-84.0246,-90.7422,-98.1780,-106.1786,-114.6210,-123.2476,-132.2978,-141.9259,-150.7781,-159.0682,-167.8848,-176.5555,-185.7489,-196.3392,-206.3298
65,0.8000,DynamicV1Rebalance,4.0000,5592.3105,223.6924,spend75p,227.0809,231.9612,237.6455,243.5457,249.7490,255.9698,263.2551,269.2851,276.1749,282.9415,259.3322,265.3288,268.8529,272.2829,275.4238,13.3398,9.1443,4.6522,0.0000,-3.0015,-8.8516,-15.2946,-21.4378,-27.8810,-34.1348,-40.9112,-48.0196,-55.2097,-62.2660,-69.0386,-75.6709,-82.7687,-90.0422,-97.1445,-104.3861,-111.6989,-119.1825,-126.7047,-133.5980,-140.0108,-146.4359,-153.3899,-160.2235,-167.6297,-174.8746
65,0.8000,DynamicV1Rebalance,5.0000,4473.8484,223.6924,survival,1.0000,1.0000,1.0000,1.0000,1.0000,1.0000,1.0000,0.9985,0.9970,0.9920,0.9815,0.9670,0.9515,0.9330,0.9130,0.9095,0.9080,0.9070,0.9045,0.9040,0.9040,0.9040,0.9040,0.9040,0.9040,0.9040,0.9040,0.9035,0.9035,0.9035,0.9035,0.9035,0.9035,0.9035,0.9035,0.9035,0.9035,0.9035,0.9035,0.9035,0.9035,0.9035,0.9035,0.9035,0.9035
65,0.8000,DynamicV1Rebalance,5.0000,4473.8484,223.6924,spend25p,223.9553,222.3952,220.6815,218.3521,216.2077,214.2539,211.9057,209.1088,206.3263,203.7549,180.4811,176.8152,171.7361,166.3671,160.9192,-13.0349,-17.5079,-22.3663,-27.0541,-32.2825,-37.4102,-42.3034,-47.2278,-52.3724,-57.5814,-62.7990,-68.0107,-73.5903,-79.2070,-85.1066,-91.9198,-99.1888,-107.2968,-116.1161,-125.9634,-136.7023,-147.5839,-159.5022,-170.3255,-179.7141,-191.1228,-203.8092,-215.5649,-228.1753,-241.5204
65,0.8000,DynamicV1Rebalance,5.0000,4473.8484,223.6924,spend50p,225.4972,227.1927,229.0413,230.3090,232.2189,233.9139,236.0523,238.0261,240.0933,241.3550,217.8079,217.6703,217.1916,214.3341,211.4675,0.0000,-3.6872,-8.5469,-13.6641,-18.5411,-23.9562,-29.4143,-34.8535,-40.8412,-46.7131,-52.5439,-58.9015,-65.1330,-71.2011,-77.1463,-83.1387,-89.7320,-96.9454,-104.8015,-113.0689,-121.2062,-130.3496,-138.9770,-147.1741,-155.2490,-163.6480,-172.2576,-181.5099,-190.4225,-200.4134
65,0.8000,DynamicV1Rebalance,5.0000,4473.8484,223.6924,spend75p,227.0809,231.9612,237.6455,243.5457,249.7490,255.9698,263.2551,269.1440,276.0671,281.8034,257.8882,261.6382,264.3589,265.4774,266.5070,11.1601,6.6269,1.7590,0.0000,-0.3339,-6.1034,-12.3564,-18.3448,-24.6667,-31.5615,-38.2459,-44.9786,-52.1955,-59.7683,-66.8764,-73.7904,-81.1036,-88.0879,-95.4731,-102.2113,-109.0801,-115.7272,-122.8767,-129.3152,-135.3139,-141.3420,-147.3954,-153.1857,-159.9258,-166.8898
65,0.8000,DynamicV1Rebalance,6.0000,3728.2070,223.6924,survival,1.0000,1.0000,1.0000,1.0000,1.0000,1.0000,0.9985,0.9970,0.9870,0.9720,0.9520,0.9255,0.8975,0.8510,0.8180,0.8160,0.8155,0.8135,0.8130,0.8125,0.8125,0.8125,0.8125,0.8125,0.8125,0.8125,0.8125,0.8125,0.8125,0.8125,0.8125,0.8125,0.8125,0.8125,0.8125,0.8125,0.8125,0.8125,0.8125,0.8125,0.8125,0.8125,0.8125,0.8125,0.8125
65,0.8000,DynamicV1Rebalance,6.0000,3728.2070,223.6924,spend25p,223.9553,222.3952,220.6815,218.3521,216.2077,214.2539,211.2602,208.7582,204.6819,200.2386,176.1824,169.8448,161.6067,147.4014,137.6258,-12.4082,-16.9246,-21.6468,-26.5777,-31.3887,-36.6008,-41.4549,-46.4825,-51.8174,-56.9215,-62.2335,-67.3167,-72.8097,-78.4684,-84.4631,-90.7576,-98.0882,-105.5649,-114.4365,-123.5838,-133.7816,-144.4497,-155.6421,-166.1696,-175.6788,-185.6585,-197.2511,-208.8146,-221.1140,-233.0527
65,0.8000,DynamicV1Rebalance,6.0000,3728.2070,223.6924,spend50p,225.4972,227.1927,229.0413,230.3090,232.2189,233.9139,236.0000,237.9225,238.9879,240.0939,215.1348,213.0163,208.7804,200.7900,195.7322,0.0000,-1.3856,-6.3046,-11.3150,-16.5601,-21.9154,-27.3228,-32.9688,-38.9519,-45.0038,-51.2492,-57.2843,-63.6574,-69.9359,-75.8577,-82.0063,-88.3426,-95.2574,-102.6501,-110.2836,-118.2053,-126.3518,-135.2254,-143.0004,-150.0932,-157.9328,-165.9296,-174.4680,-182.6592,-191.5142
65,0.8000,DynamicV1Rebalance,6.0000,3728.2070,223.6924,spend75p,227.0809,231.9612,237.6455,243.5457,249.7490,255.9698,263.1739,269.0152,274.7798,279.6168,254.5328,257.0938,257.1060,255.5983,254.8797,8.0372,3.2725,0.0000,0.0000,0.0000,0.0000,-2.6623,-8.4692,-14.5182,-21.5901,-28.7686,-36.7970,-44.6988,-52.1657,-59.9458,-68.4820,-76.0341,-83.9976,-90.4087,-97.2249,-103.5267,-109.2692,-114.8877,-120.3208,-124.3248,-129.5529,-134.4051,-140.0320,-145.9478,-151.2737
65,0.8000,DynamicV1Rebalance,7.0000,3195.6060,223.6924,survival,1.0000,1.0000,1.0000,1.0000,1.0000,0.9990,0.9965,0.9850,0.9685,0.9340,0.8975,0.8530,0.8005,0.7525,0.7045,0.7015,0.6995,0.6985,0.6985,0.6985,0.6985,0.6985,0.6985,0.6985,0.6985,0.6985,0.6985,0.6985,0.6985,0.6985,0.6985,0.6985,0.6985,0.6985,0.6985,0.6985,0.6985,0.6985,0.6985,0.6985,0.6985,0.6985,0.6985,0.6985,0.6985
65,0.8000,DynamicV1Rebalance,7.0000,3195.6060,223.6924,spend25p,223.9553,222.3952,220.6815,218.3521,216.2077,214.1120,211.0458,207.0786,201.8351,194.5500,166.7788,154.7253,136.7017,92.9033,0.0000,-11.0883,-15.5801,-20.1268,-25.1826,-29.9630,-34.7766,-40.1253,-45.3814,-50.6103,-55.7584,-60.8156,-66.1934,-71.5647,-77.0757,-83.0471,-89.4787,-96.1367,-103.8201,-111.6135,-120.6502,-130.4042,-140.3919,-150.8841,-160.2511,-169.8363,-179.4927,-189.2638,-200.1166,-211.1389,-222.9772
65,0.8000,DynamicV1Rebalance,7.0000,3195.6060,223.6924,spend50p,225.4972,227.1927,229.0413,230.3090,232.2189,233.8545,235.9726,237.2562,237.7987,236.4622,207.9738,202.4318,193.1826,185.8146,174.7132,0.0000,0.0000,-1.8467,-6.6571,-11.6302,-16.5849,-22.9948,-29.2019,-35.4019,-41.5891,-48.0163,-54.4593,-60.4760,-66.7628,-73.0979,-79.1930,-85.5920,-92.3931,-99.4584,-106.3614,-113.6839,-121.1911,-128.9581,-136.3503,-142.9383,-149.8660,-157.0654,-164.1405,-171.7612,-179.3260
65,0.8000,DynamicV1Rebalance,7.0000,3195.6060,223.6924,spend75p,227.0809,231.9612,237.6455,243.5457,249.7490,255.7498,263.1613,267.8681,272.4863,276.2769,249.8523,249.4877,246.1911,243.3295,237.4981,3.8973,0.0000,0.0000,0.0000,0.0000,0.0000,0.0000,0.0000,0.0000,0.0000,0.0000,0.0000,0.0000,0.0000,0.0000,0.0000,0.0000,0.0000,0.0000,0.0000,0.0000,0.0000,0.0000,0.0000,0.0000,0.0000,0.0000,0.0000,0.0000,0.0000
65,0.8000,DynamicV1Rebalance,8.0000,2796.1552,223.6924,survival,1.0000,1.0000,1.0000,1.0000,1.0000,0.9980,0.9870,0.9705,0.9290,0.8805,0.8145,0.7490,0.6890,0.6275,0.5795,0.5770,0.5760,0.5740,0.5735,0.5730,0.5725,0.5725,0.5725,0.5725,0.5725,0.5725,0.5725,0.5725,0.5725,0.5725,0.5725,0.5725,0.5725,0.5725,0.5725,0.5725,0.5725,0.5725,0.5725,0.5725,0.5725,0.5725,0.5725,0.5725,0.5725
65,0.8000,DynamicV1Rebalance,8.0000,2796.1552,223.6924,spend25p,223.9553,222.3952,220.6815,218.3521,216.2077,213.8116,209.7877,205.0856,196.3104,185.3406,149.4554,0.0000,0.0000,0.0000,0.0000,-8.7959,-13.3974,-18.2861,-23.0789,-28.1249,-32.8389,-37.6780,-42.8118,-47.9196,-53.3434,-58.9118,-64.2714,-69.8470,-75.5118,-81.3942,-87.1039,-93.5040,-101.0583,-109.0561,-117.6018,-126.2041,-135.5773,-145.1352,-154.3422,-162.0478,-170.6780,-180.9000,-191.0558,-200.8892,-211.7270
65,0.8000,DynamicV1Rebalance,8.0000,2796.1552,223.6924,spend50p,225.4972,227.1927,229.0413,230.3090,232.2189,233.7914,235.2414,236.5660,233.9342,229.9746,197.8619,187.2767,174.5177,160.8315,142.7943,0.0000,0.0000,0.0000,0.0000,-0.9721,-6.4070,-13.0756,-19.5670,-25.8159,-31.9559,-38.4323,-45.0417,-52.2227,-59.7506,-66.4445,-73.2613,-80.3187,-87.1977,-94.1794,-100.6064,-107.0131,-113.1091,-118.7896,-124.1616,-129.5955,-134.9875,-140.3240,-145.8136,-152.3898,-158.4911
65,0.8000,DynamicV1Rebalance,8.0000,2796.1552,223.6924,spend75p,227.0809,231.9612,237.6455,243.5457,249.7490,255.6367,262.0044,266.2294,270.1152,271.6062,240.1896,236.4661,232.1619,225.6072,219.5390,0.0000,0.0000,0.0000,0.0000,0.0000,0.0000,0.0000,0.0000,0.0000,0.0000,0.0000,0.0000,0.0000,0.0000,0.0000,0.0000,0.0000,0.0000,0.0000,0.0000,0.0000,0.0000,0.0000,0.0000,0.0000,0.0000,0.0000,0.0000,0.0000,0.0000
65,0.8000,DynamicV1Rebalance,9.0000,2485.4713,223.6924,survival,1.0000,1.0000,1.0000,1.0000,0.9990,0.9940,0.9750,0.9350,0.8760,0.7850,0.7085,0.6395,0.5755,0.5205,0.4705,0.4640,0.4625,0.4610,0.4610,0.4600,0.4600,0.4600,0.4600,0.4600,0.4600,0.4600,0.4600,0.4600,0.4600,0.4600,0.4600,0.4600,0.4600,0.4600,0.4600,0.4600,0.4600,0.4600,0.4600,0.4600,0.4600,0.4600,0.4600,0.4600,0.4600
65,0.8000,DynamicV1Rebalance,9.0000,2485.4713,223.6924,spend25p,223.9553,222.3952,220.6815,218.3521,216.1452,213.4285,208.5529,200.2454,188.0272,160.0846,0.0000,0.0000,0.0000,0.0000,0.0000,-4.9889,-9.2877,-14.2447,-19.1592,-24.0649,-28.9906,-34.0515,-39.4138,-45.0026,-50.2504,-55.7736,-61.5741,-67.3485,-73.0159,-78.4863,-84.3922,-90.8640,-97.6000,-105.5560,-113.4316,-121.2841,-130.1108,-138.4018,-146.5512,-154.4650,-162.7915,-171.5090,-179.7076,-188.4974,-198.2278
65,0.8000,DynamicV1Rebalance,9.0000,2485.4713,223.6924,spend50p,225.4972,227.1927,229.0413,230.3090,232.1924,233.5903,234.4462,232.7140,228.7694,216.7328,182.6240,167.3895,148.0145,118.0157,0.0000,0.0000,0.0000,0.0000,0.0000,0.0000,0.0000,0.0000,0.0000,0.0000,0.0000,0.0000,0.0000,0.0000,0.0000,0.0000,0.0000,0.0000,0.0000,0.0000,0.0000,0.0000,0.0000,0.0000,0.0000,0.0000,0.0000,0.0000,0.0000,0.0000,0.0000
65,0.8000,DynamicV1Rebalance,9.0000,2485.4713,223.6924,spend75p,227.0809,231.9612,237.6455,243.5457,249.6818,255.5838,261.3206,263.7559,264.8236,260.1381,229.6188,223.2393,216.1540,207.2884,196.0084,0.0000,0.0000,0.0000,0.0000,0.0000,0.0000,0.0000,0.0000,0.0000,0.0000,0.0000,0.0000,0.0000,0.0000,0.0000,0.0000,0.0000,0.0000,0.0000,0.0000,0.0000,0.0000,0.0000,0.0000,0.0000,0.0000,0.0000,0.0000,0.0000,0.0000
65,0.8000,DynamicV1Rebalance,10.0000,2236.9242,223.6924,survival,1.0000,1.0000,1.0000,1.0000,0.9985,0.9845,0.9520,0.8870,0.7850,0.6835,0.6020,0.5295,0.4650,0.4000,0.3495,0.3375,0.3360,0.3355,0.3340,0.3340,0.3340,0.3340,0.3340,0.3340,0.3340,0.3340,0.3340,0.3340,0.3340,0.3340,0.3340,0.3340,0.3340,0.3340,0.3340,0.3340,0.3340,0.3340,0.3340,0.3340,0.3340,0.3340,0.3340,0.3340,0.3340
65,0.8000,DynamicV1Rebalance,10.0000,2236.9242,223.6924,spend25p,223.9553,222.3952,220.6815,218.3521,216.1269,212.5026,205.7767,193.9621,165.5368,0.0000,0.0000,0.0000,0.0000,0.0000,0.0000,0.0000,0.0000,-3.2717,-8.0351,-13.2421,-19.5155,-25.1202,-30.7825,-36.1154,-42.3873,-48.5307,-54.7995,-60.9819,-66.9227,-73.1712,-79.0878,-85.2474,-91.8340,-98.1858,-104.7870,-111.4998,-118.4622,-125.7927,-132.3524,-137.9598,-144.5824,-151.5124,-158.2796,-165.8336,-174.2679
65,0.8000,DynamicV1Rebalance,10.0000,2236.9242,223.6924,spend50p,225.4972,227.1927,229.0413,230.3090,232.1549,233.2009,232.8283,228.4365,218.0476,199.0994,160.8355,135.7299,0.0000,0.0000,0.0000,0.0000,0.0000,0.0000,0.0000,0.0000,0.0000,0.0000,0.0000,0.0000,0.0000,0.0000,0.0000,0.0000,0.0000,0.0000,0.0000,0.0000,0.0000,0.0000,0.0000,0.0000,0.0000,0.0000,0.0000,0.0000,0.0000,0.0000,0.0000,0.0000,0.0000
65,0.8000,DynamicV1Rebalance,10.0000,2236.9242,223.6924,spend75p,227.0809,231.9612,237.6455,243.5457,249.6392,255.1721,259.2998,260.8517,256.5462,248.9254,218.7639,209.2062,197.2522,182.1529,166.3352,0.0000,0.0000,0.0000,0.0000,0.0000,0.0000,0.0000,0.0000,0.0000,0.0000,0.0000,0.0000,0.0000,0.0000,0.0000,0.0000,0.0000,0.0000,0.0000,0.0000,0.0000,0.0000,0.0000,0.0000,0.0000,0.0000,0.0000,0.0000,0.0000,0.0000
65,1.0000,DynamicV1Rebalance,2.5000,10969.6210,274.2405,survival,1.0000,1.0000,1.0000,1.0000,1.0000,1.0000,1.0000,1.0000,1.0000,1.0000,1.0000,1.0000,0.9995,0.9995,0.9980,0.9980,0.9980,0.9975,0.9970,0.9970,0.9970,0.9965,0.9960,0.9955,0.9955,0.9955,0.9955,0.9955,0.9955,0.9955,0.9955,0.9955,0.9955,0.9955,0.9955,0.9955,0.9955,0.9955,0.9955,0.9950,0.9950,0.9950,0.9950,0.9950,0.9950
65,1.0000,DynamicV1Rebalance,2.5000,10969.6210,274.2405,spend25p,274.5629,272.6351,270.5151,267.6370,264.9824,262.5584,259.6484,256.5959,253.5372,250.8779,228.8971,228.2934,226.2335,223.5184,221.6230,30.8167,26.1759,20.5439,15.3336,10.3140,5.2156,0.0000,-4.9281,-9.9555,-15.5723,-20.6908,-26.0464,-31.4311,-36.6826,-42.1393,-47.8063,-53.8595,-59.8767,-66.2290,-72.3570,-79.2309,-86.4699,-93.2861,-99.9615,-106.1345,-112.7880,-120.2986,-127.6709,-136.0341,-145.4737
65,1.0000,DynamicV1Rebalance,2.5000,10969.6210,274.2405,spend50p,276.4531,278.5163,280.7628,282.2927,284.6055,286.6508,289.2353,291.9796,294.3729,296.4845,275.9016,276.7057,280.2573,282.3967,283.1820,56.3405,52.1665,46.7329,42.0649,36.9240,32.4679,27.3905,21.6163,16.2089,10.7467,5.0027,-0.0296,-5.6926,-11.8710,-17.6221,-24.1728,-30.8486,-37.6662,-45.8559,-53.4071,-61.2947,-68.9506,-77.1565,-84.4244,-91.1231,-97.6207,-104.4454,-111.6797,-118.9257,-126.7702
65,1.0000,DynamicV1Rebalance,2.5000,10969.6210,274.2405,spend75p,278.3947,284.3620,291.3099,298.5171,306.0903,313.6793,322.5669,329.9105,338.3970,346.6349,325.4110,332.6624,338.7024,344.9730,352.0491,86.4270,83.2244,80.5971,76.8391,72.4096,67.8153,63.0850,58.1515,52.4642,47.5329,41.6561,35.5106,29.3480,23.0192,15.6770,9.0856,1.3102,-4.7430,-13.1014,-22.6427,-30.8036,-40.7145,-51.1744,-59.6459,-67.4047,-74.8723,-82.7023,-91.3225,-99.8236,-107.7766
65,1.0000,DynamicV1Rebalance,3.0000,9141.3508,274.2405,survival,1.0000,1.0000,1.0000,1.0000,1.0000,1.0000,1.0000,1.0000,1.0000,1.0000,0.9990,0.9980,0.9965,0.9955,0.9950,0.9945,0.9940,0.9935,0.9930,0.9930,0.9930,0.9925,0.9920,0.9915,0.9915,0.9910,0.9900,0.9890,0.9885,0.9885,0.9885,0.9880,0.9880,0.9875,0.9875,0.9875,0.9875,0.9875,0.9875,0.9875,0.9875,0.9875,0.9875,0.9875,0.9875
65,1.0000,DynamicV1Rebalance,3.0000,9141.3508,274.2405,spend25p,274.5629,272.6351,270.5151,267.6370,264.9824,262.5584,259.6484,256.5959,253.5372,250.8779,228.7899,227.8373,225.7738,223.0100,220.9434,30.6140,25.8388,20.2059,14.7776,9.9729,4.7894,0.0000,-4.9281,-9.9555,-15.5723,-20.6908,-26.0464,-31.4311,-36.6826,-42.1393,-47.8063,-53.8595,-59.8767,-66.2290,-72.3570,-79.2309,-86.4699,-93.2861,-99.9615,-106.1345,-112.7880,-120.2986,-127.6360,-135.9717,-145.3880
65,1.0000,DynamicV1Rebalance,3.0000,9141.3508,274.2405,spend50p,276.4531,278.5163,280.7628,282.2927,284.6055,286.6508,289.2353,291.9796,294.3729,296.4845,275.3628,276.4043,279.6663,281.9008,282.7231,56.1841,51.8342,46.4001,41.5672,36.5922,32.2227,27.0484,21.1624,15.6847,10.4890,4.7573,-0.0158,-5.6801,-11.8257,-17.5363,-24.0993,-30.8400,-37.5922,-45.7736,-53.3721,-61.2459,-68.8953,-77.0856,-84.4018,-90.9848,-97.5045,-104.4174,-111.4955,-118.5592,-126.6958
65,1.0000,DynamicV1Rebalance,3.0000,9141.3508,274.2405,spend75p,278.3947,284.3620,291.3099,298.5171,306.0903,313.6793,322.5669,329.9105,338.3970,346.6349,325.3494,332.5637,337.8576,344.0581,351.5520,86.2856,82.9377,80.2130,76.6572,72.1527,67.5007,62.7707,57.5393,51.7656,46.7914,40.8991,34.6650,27.6199,21.5546,14.6300,7.5873,0.0000,-4.6090,-12.8770,-22.3255,-30.6566,-40.4690,-50.8126,-59.4612,-66.7715,-74.4760,-82.4103,-91.1374,-99.6054,-107.4198
65,1.0000,DynamicV1Rebalance,3.5000,7835.4435,274.2405,survival,1.0000,1.0000,1.0000,1.0000,1.0000,1.0000,1.0000,1.0000,1.0000,0.9985,0.9975,0.9955,0.9940,0.9900,0.9840,0.9820,0.9800,0.9775,0.9765,0.9765,0.9735,0.9730,0.9720,0.9710,0.9710,0.9705,0.9700,0.9695,0.9695,0.9685,0.9680,0.9680,0.9675,0.9665,0.9660,0.9660,0.9660,0.9660,0.9660,0.9660,0.9660,0.9660,0.9660,0.9660,0.9660
65,1.0000,DynamicV1Rebalance,3.5000,7835.4435,274.2405,spend25p,274.5629,272.6351,270.5151,267.6370,264.9824,262.5584,259.6484,256.5959,253.5372,250.6040,228.6557,227.4135,225.4065,222.2130,218.9460,29.4384,23.5545,18.4356,13.3554,8.2471,2.4872,0.0000,-4.8256,-9.7344,-15.3976,-20.5808,-25.8310,-31.2140,-36.4794,-41.8945,-47.6027,-53.6370,-59.7026,-65.9940,-72.1339,-79.0072,-86.3389,-93.1750,-99.6570,-106.0293,-112.6757,-120.0649,-127.3807,-135.6691,-145.0246
65,1.0000,DynamicV1Rebalance,3.5000,7835.4435,274.2405,spend50p,276.4531,278.5163,280.7628,282.2927,284.6055,286.6508,289.2353,291.9796,294.3729,296.4337,274.9145,275.8723,279.4025,280.8340,278.8713,54.7455,50.6726,45.2569,39.7167,35.2165,30.2948,25.1234,19.1931,14.1713,8.9263,3.4142,0.0000,-5.2287,-11.4020,-16.8607,-23.6883,-30.3033,-37.3640,-45.4651,-53.0312,-60.8342,-68.4821,-76.8043,-84.1393,-90.5557,-97.2019,-104.2556,-110.9621,-118.0462,-126.2766
65,1.0000,DynamicV1Rebalance,3.5000,7835.4435,274.2405,spend75p,278.3947,284.3620,291.3099,298.5171,306.0903,313.6793,322.5669,329.9105,338.3970,346.5788,324.7352,332.4543,337.5486,342.2573,349.0841,85.0215,81.6406,78.3691,75.0205,70.0781,65.5074,60.6225,55.1108,49.7977,44.5412,37.6946,32.0366,25.6239,19.7840,11.2148,5.0589,0.0000,-3.2224,-11.3783,-20.5534,-29.3817,-38.9495,-49.2902,-58.1644,-65.3838,-73.3314,-80.9642,-89.8234,-98.0244,-106.5599
65,1.0000,DynamicV1Rebalance,4.0000,6856.0131,274.2405,survival,1.0000,1.0000,1.0000,1.0000,1.0000,1.0000,1.0000,1.0000,0.9990,0.9980,0.9945,0.9920,0.9845,0.9740,0.9665,0.9630,0.9610,0.9575,0.9560,0.9535,0.9520,0.9500,0.9490,0.9475,0.9440,0.9430,0.9410,0.9405,0.9400,0.9385,0.9375,0.9370,0.9360,0.9355,0.9355,0.9350,0.9350,0.9350,0.9350,0.9350,0.9350,0.9345,0.9345,0.9345,0.9345
65,1.0000,DynamicV1Rebalance,4.0000,6856.0131,274.2405,spend25p,274.5629,272.6351,270.5151,267.6370,264.9824,262.5584,259.6484,256.5959,253.2799,250.4595,228.2085,226.7518,223.3767,218.3696,214.5303,27.4398,22.0336,16.7117,11.0994,5.3090,0.1091,0.0000,-4.7630,-9.5407,-15.2618,-20.5228,-25.7599,-31.0435,-36.1719,-41.8061,-47.4167,-53.3974,-59.6690,-65.7556,-71.8731,-78.7859,-86.0978,-92.8484,-99.4681,-105.9356,-112.4977,-119.6716,-127.1242,-135.4372,-144.6585
65,1.0000,DynamicV1Rebalance,4.0000,6856.0131,274.2405,spend50p,276.4531,278.5163,280.7628,282.2927,284.6055,286.6508,289.2353,291.9796,294.2837,296.4207,274.2229,275.3350,277.0881,277.5619,275.7632,53.8213,48.8312,43.3269,38.1757,33.0270,27.6880,22.5690,17.1977,12.1422,6.3231,1.0583,0.0000,-4.5513,-10.8561,-16.3649,-23.2041,-29.5001,-36.9969,-44.3646,-52.0826,-60.0717,-67.8692,-76.2353,-83.5404,-90.1168,-96.7733,-103.5642,-110.3680,-117.5479,-125.4851
65,1.0000,DynamicV1Rebalance,4.0000,6856.0131,274.2405,spend75p,278.3947,284.3620,291.3099,298.5171,306.0903,313.6793,322.5669,329.9105,338.3014,346.5353,324.1653,331.6610,335.4677,339.8207,343.4883,83.1507,80.0826,76.4301,72.1421,67.7667,63.5362,58.7214,52.9833,46.5442,40.7506,34.6897,28.2009,22.0465,15.1928,7.9857,1.0072,0.0000,0.0000,-8.3443,-16.8433,-25.4475,-36.2116,-45.9633,-54.7635,-62.1186,-69.4523,-77.8752,-86.7891,-95.0757,-103.9150
65,1.0000,DynamicV1Rebalance,5.0000,5484.8105,274.2405,survival,1.0000,1.0000,1.0000,1.0000,1.0000,1.0000,1.0000,0.9985,0.9970,0.9920,0.9815,0.9665,0.9505,0.9325,0.9100,0.9010,0.8945,0.8870,0.8820,0.8770,0.8735,0.8680,0.8655,0.8620,0.8585,0.8560,0.8545,0.8540,0.8530,0.8525,0.8525,0.8525,0.8520,0.8515,0.8515,0.8515,0.8515,0.8510,0.8510,0.8505,0.8505,0.8505,0.8505,0.8505,0.8505
65,1.0000,DynamicV1Rebalance,5.0000,5484.8105,274.2405,spend25p,274.5629,272.6351,270.5151,267.6370,264.9824,262.5584,259.6484,256.1864,252.7401,249.5507,225.6013,220.7501,214.4191,207.8223,200.8156,20.0028,13.8186,7.7247,2.0822,0.0000,0.0000,0.0000,-4.1991,-8.9270,-14.6344,-19.8445,-25.2512,-30.0185,-35.6673,-40.9939,-46.5718,-52.4123,-58.4489,-64.6063,-70.9738,-77.9499,-84.9013,-91.7875,-98.5169,-104.4946,-111.0432,-117.7835,-125.7408,-133.7874,-142.8626
65,1.0000,DynamicV1Rebalance,5.0000,5484.8105,274.2405,spend50p,276.4531,278.5163,280.7628,282.2927,284.6055,286.6508,289.2353,291.6139,294.1031,295.6018,272.2599,272.0579,270.9206,267.8143,264.0783,47.4503,42.9635,37.4824,30.9925,24.9172,19.3273,14.2157,8.7288,3.4035,0.0000,0.0000,0.0000,-1.8672,-7.6486,-13.7076,-20.0316,-26.6202,-34.2280,-41.5392,-48.9575,-56.4828,-64.9937,-73.0855,-80.5985,-87.1778,-93.9638,-100.5908,-107.5618,-114.6940,-122.2647
65,1.0000,DynamicV1Rebalance,5.0000,5484.8105,274.2405,spend75p,278.3947,284.3620,291.3099,298.5171,306.0903,313.6793,322.5669,329.7376,338.1694,345.1414,322.3602,326.9884,330.3499,331.8468,332.6556,78.2202,74.1854,69.4357,64.5533,59.3439,54.8116,49.6661,44.1949,38.5369,32.1647,26.1701,19.1719,12.4964,6.3336,0.3555,0.0000,0.0000,0.0000,0.0000,0.0000,-7.6731,-16.6795,-26.4155,-36.0432,-44.7973,-52.4754,-60.2974,-70.3546,-78.9612,-88.8406
65,1.0000,DynamicV1Rebalance,6.0000,4570.6754,274.2405,survival,1.0000,1.0000,1.0000,1.0000,1.0000,1.0000,0.9985,0.9970,0.9870,0.9720,0.9520,0.9245,0.8945,0.8485,0.8155,0.8045,0.7985,0.7920,0.7850,0.7800,0.7735,0.7685,0.7655,0.7600,0.7580,0.7550,0.7530,0.7510,0.7485,0.7470,0.7465,0.7455,0.7445,0.7430,0.7425,0.7425,0.7420,0.7420,0.7420,0.7420,0.7420,0.7420,0.7420,0.7420,0.7420
65,1.0000,DynamicV1Rebalance,6.0000,4570.6754,274.2405,spend25p,274.5629,272.6351,270.5151,267.6370,264.9824,262.5584,258.8575,255.7569,250.7258,245.2441,220.2280,212.0745,201.7206,183.4637,168.7672,4.6675,0.0000,0.0000,0.0000,0.0000,0.0000,0.0000,-2.9359,-7.7115,-13.0682,-18.4616,-23.3613,-28.6414,-33.9137,-39.5846,-45.0463,-50.7214,-56.6956,-63.1994,-69.8028,-76.8597,-83.3808,-90.4882,-97.2356,-102.5419,-109.3772,-116.1353,-123.3446,-131.2761,-140.2864
65,1.0000,DynamicV1Rebalance,6.0000,4570.6754,274.2405,spend50p,276.4531,278.5163,280.7628,282.2927,284.6055,286.6508,289.1712,291.4871,292.7491,294.0572,268.9185,265.6298,260.3158,250.6078,243.6236,39.2237,33.4618,28.2257,22.4054,17.0831,11.0915,5.2165,0.0000,0.0000,0.0000,0.0000,0.0000,0.0000,-2.2302,-8.6739,-14.3854,-21.0337,-28.7730,-36.2947,-44.0235,-51.4613,-59.9301,-68.3541,-76.4287,-82.9717,-89.3013,-96.2695,-103.5102,-110.6116,-117.5349
65,1.0000,DynamicV1Rebalance,6.0000,4570.6754,274.2405,spend75p,278.3947,284.3620,291.3099,298.5171,306.0903,313.6793,322.4674,329.5799,336.5925,342.4632,318.1660,321.2178,321.0496,318.9354,318.3531,71.9841,67.1359,62.3915,57.2205,51.7783,45.9255,40.3383,34.5589,28.5242,23.1952,16.8386,10.0971,3.4209,0.0000,0.0000,0.0000,0.0000,0.0000,0.0000,0.0000,0.0000,0.0000,0.0000,0.0000,0.0000,0.0000,0.0000,0.0000,0.0000,0.0000
65,1.0000,DynamicV1Rebalance,7.0000,3917.7218,274.2405,survival,1.0000,1.0000,1.0000,1.0000,1.0000,0.9990,0.9965,0.9850,0.9685,0.9340,0.8965,0.8505,0.7975,0.7520,0.7005,0.6910,0.6785,0.6670,0.6595,0.6525,0.6480,0.6430,0.6395,0.6380,0.6360,0.6335,0.6305,0.6285,0.6285,0.6275,0.6270,0.6265,0.6265,0.6265,0.6260,0.6260,0.6260,0.6260,0.6260,0.6260,0.6260,0.6260,0.6260,0.6260,0.6260
65,1.0000,DynamicV1Rebalance,7.0000,3917.7218,274.2405,spend25p,274.5629,272.6351,270.5151,267.6370,264.9824,262.3845,258.5948,253.6991,247.2386,238.2769,208.1478,192.1529,169.0222,114.2581,0.0000,0.0000,0.0000,0.0000,0.0000,0.0000,0.0000,0.0000,0.0000,-5.2976,-10.1051,-15.3269,-20.1099,-25.2231,-30.8281,-36.3445,-41.1897,-47.2420,-54.2070,-60.5997,-67.0779,-73.4330,-80.5699,-87.9886,-94.2749,-100.5801,-106.6875,-113.4986,-120.2071,-128.0883,-136.2359
65,1.0000,DynamicV1Rebalance,7.0000,3917.7218,274.2405,spend50p,276.4531,278.5163,280.7628,282.2927,284.6055,286.5780,289.1376,290.6708,291.2923,289.6093,259.8565,252.6667,241.3255,232.0974,217.0979,27.7451,21.5061,14.5173,8.8736,2.4480,0.0000,0.0000,0.0000,0.0000,0.0000,0.0000,0.0000,0.0000,0.0000,0.0000,0.0000,-5.4639,-12.8370,-21.1221,-29.5944,-37.3398,-45.7691,-55.5674,-64.3272,-71.7825,-78.7370,-86.7012,-94.5881,-102.4638,-109.7180
65,1.0000,DynamicV1Rebalance,7.0000,3917.7218,274.2405,spend75p,278.3947,284.3620,291.3099,298.5171,306.0903,313.4097,322.4520,328.1745,333.7830,338.3727,312.3154,311.2900,306.8737,304.0469,296.6102,61.8264,56.6745,51.3209,45.5356,39.7995,34.4635,29.0106,22.9329,17.3916,12.2836,5.6011,0.2134,0.0000,0.0000,0.0000,0.0000,0.0000,0.0000,0.0000,0.0000,0.0000,0.0000,0.0000,0.0000,0.0000,0.0000,0.0000,0.0000,0.0000,0.0000
65,1.0000,DynamicV1Rebalance,8.0000,3428.0066,274.2405,survival,1.0000,1.0000,1.0000,1.0000,1.0000,0.9980,0.9870,0.9705,0.9290,0.8805,0.8130,0.7470,0.6850,0.6230,0.5760,0.5620,0.5570,0.5510,0.5460,0.5425,0.5355,0.5285,0.5230,0.5210,0.5190,0.5185,0.5165,0.5155,0.5140,0.5125,0.5125,0.5125,0.5125,0.5125,0.5125,0.5125,0.5125,0.5125,0.5125,0.5125,0.5120,0.5120,0.5120,0.5120,0.5120
65,1.0000,DynamicV1Rebalance,8.0000,3428.0066,274.2405,spend25p,274.5629,272.6351,270.5151,267.6370,264.9824,262.0163,257.0532,251.2575,240.4711,226.9976,185.9529,0.0000,0.0000,0.0000,0.0000,0.0000,0.0000,0.0000,0.0000,0.0000,0.0000,0.0000,0.0000,0.0000,-3.2541,-8.7683,-14.0896,-19.0447,-24.1596,-29.8036,-35.4200,-41.8448,-48.7149,-55.6547,-62.3941,-69.3159,-76.4583,-83.7153,-90.4531,-96.9061,-103.0095,-109.2193,-116.5541,-124.0052,-131.5100
65,1.0000,DynamicV1Rebalance,8.0000,3428.0066,274.2405,spend50p,276.4531,278.5163,280.7628,282.2927,284.6055,286.5007,288.2417,289.8252,286.5586,281.6635,247.1027,233.7500,217.2829,199.6270,177.8923,7.6498,1.0827,0.0000,0.0000,0.0000,0.0000,0.0000,0.0000,0.0000,0.0000,0.0000,0.0000,0.0000,0.0000,0.0000,0.0000,0.0000,0.0000,0.0000,0.0000,0.0000,0.0000,0.0000,0.0000,0.0000,-2.2297,-9.4222,-22.7490,-34.6455,-44.4499
65,1.0000,DynamicV1Rebalance,8.0000,3428.0066,274.2405,spend75p,278.3947,284.3620,291.3099,298.5171,306.0903,313.2711,321.0345,326.1669,330.8785,332.6522,300.1904,295.5117,289.0111,281.6184,272.6176,51.4336,45.5587,39.9140,33.0743,27.4088,21.5711,15.9011,10.1075,4.9500,0.0651,0.0000,0.0000,0.0000,0.0000,0.0000,0.0000,0.0000,0.0000,0.0000,0.0000,0.0000,0.0000,0.0000,0.0000,0.0000,0.0000,0.0000,0.0000,0.0000,0.0000
65,1.0000,DynamicV1Rebalance,9.0000,3047.1169,274.2405,survival,1.0000,1.0000,1.0000,1.0000,0.9995,0.9940,0.9750,0.9350,0.8760,0.7855,0.7075,0.6365,0.5745,0.5150,0.4665,0.4475,0.4410,0.4350,0.4320,0.4275,0.4235,0.4220,0.4180,0.4170,0.4145,0.4135,0.4125,0.4120,0.4105,0.4100,0.4095,0.4095,0.4095,0.4080,0.4075,0.4065,0.4065,0.4065,0.4065,0.4065,0.4065,0.4065,0.4065,0.4065,0.4065
65,1.0000,DynamicV1Rebalance,9.0000,3047.1169,274.2405,spend25p,274.5629,272.6351,270.5151,267.6370,264.9304,261.5469,255.5402,245.3276,230.3246,196.1691,0.0000,0.0000,0.0000,0.0000,0.0000,0.0000,0.0000,0.0000,0.0000,0.0000,0.0000,0.0000,0.0000,0.0000,0.0000,0.0000,-4.6485,-10.4174,-16.1357,-20.9277,-27.0145,-33.2133,-40.1784,-46.6919,-54.5284,-62.0927,-69.6694,-77.9857,-84.6697,-90.6753,-97.1537,-103.6892,-110.0855,-116.7777,-124.0733
65,1.0000,DynamicV1Rebalance,9.0000,3047.1169,274.2405,spend50p,276.4531,278.5163,280.7628,282.2927,284.5905,286.2543,287.2673,285.1059,280.2319,265.4455,228.1583,208.3549,184.7248,141.5636,0.0000,0.0000,0.0000,0.0000,0.0000,0.0000,0.0000,0.0000,0.0000,0.0000,0.0000,0.0000,0.0000,0.0000,0.0000,0.0000,0.0000,0.0000,0.0000,0.0000,0.0000,0.0000,0.0000,0.0000,0.0000,0.0000,0.0000,0.0000,0.0000,0.0000,0.0000
65,1.0000,DynamicV1Rebalance,9.0000,3047.1169,274.2405,spend75p,278.3947,284.3620,291.3099,298.5171,306.0632,313.2063,320.1966,323.1365,324.3966,318.6066,286.7085,277.9321,269.9589,256.1730,243.5798,37.7258,32.2175,27.0241,21.1884,15.3558,9.5648,3.0368,0.0000,0.0000,0.0000,0.0000,0.0000,0.0000,0.0000,0.0000,0.0000,0.0000,0.0000,0.0000,0.0000,0.0000,0.0000,0.0000,0.0000,0.0000,0.0000,0.0000,0.0000,0.0000,0.0000
65,1.0000,DynamicV1Rebalance,10.0000,2742.4052,274.2405,survival,1.0000,1.0000,1.0000,1.0000,0.9985,0.9845,0.9520,0.8880,0.7850,0.6840,0.6015,0.5295,0.4615,0.3940,0.3405,0.3230,0.3155,0.3120,0.3090,0.3050,0.3020,0.2985,0.2965,0.2940,0.2935,0.2930,0.2925,0.2915,0.2915,0.2915,0.2910,0.2910,0.2905,0.2900,0.2900,0.2895,0.2895,0.2895,0.2895,0.2895,0.2895,0.2895,0.2895,0.2895,0.2895
65,1.0000,DynamicV1Rebalance,10.0000,2742.4052,274.2405,spend25p,274.5629,272.6351,270.5151,267.6370,264.8834,260.4122,252.1386,237.7378,202.7749,0.0000,0.0000,0.0000,0.0000,0.0000,0.0000,0.0000,0.0000,0.0000,0.0000,0.0000,0.0000,0.0000,0.0000,0.0000,0.0000,0.0000,0.0000,0.0000,0.0000,0.0000,0.0000,-3.0377,-8.6359,-17.1076,-25.0674,-35.5142,-42.9493,-51.8257,-60.2092,-68.2030,-75.6408,-83.1616,-90.8373,-99.2178,-106.9208
65,1.0000,DynamicV1Rebalance,10.0000,2742.4052,274.2405,spend50p,276.4531,278.5163,280.7628,282.2927,284.5271,285.7770,285.2850,279.9700,267.0982,244.0647,201.0444,169.6623,0.0000,0.0000,0.0000,0.0000,0.0000,0.0000,0.0000,0.0000,0.0000,0.0000,0.0000,0.0000,0.0000,0.0000,0.0000,0.0000,0.0000,0.0000,0.0000,0.0000,0.0000,0.0000,0.0000,0.0000,0.0000,0.0000,0.0000,0.0000,0.0000,0.0000,0.0000,0.0000,0.0000
65,1.0000,DynamicV1Rebalance,10.0000,2742.4052,274.2405,spend75p,278.3947,284.3620,291.3099,298.5171,305.9558,312.7018,317.7205,319.5784,314.2571,304.9783,273.4549,261.5078,246.0344,225.7704,202.2250,17.6986,10.4615,5.2071,0.0000,0.0000,0.0000,0.0000,0.0000,0.0000,0.0000,0.0000,0.0000,0.0000,0.0000,0.0000,0.0000,0.0000,0.0000,0.0000,0.0000,0.0000,0.0000,0.0000,0.0000,0.0000,0.0000,0.0000,0.0000,0.0000,0.0000
65,1.1000,DynamicV1Rebalance,2.5000,11980.5831,299.5146,survival,1.0000,1.0000,1.0000,1.0000,1.0000,1.0000,1.0000,1.0000,1.0000,1.0000,1.0000,1.0000,0.9995,0.9995,0.9980,0.9980,0.9975,0.9970,0.9970,0.9960,0.9960,0.9955,0.9950,0.9950,0.9950,0.9950,0.9950,0.9950,0.9950,0.9950,0.9945,0.9940,0.9940,0.9940,0.9940,0.9940,0.9940,0.9940,0.9940,0.9935,0.9935,0.9935,0.9935,0.9935,0.9935
65,1.1000,DynamicV1Rebalance,2.5000,11980.5831,299.5146,spend25p,299.8666,297.7550,295.4319,292.2795,289.3697,286.7107,283.5197,280.1724,276.8172,273.8975,251.7868,251.1228,248.8569,245.8702,243.7853,52.7051,47.9378,42.3051,36.6042,31.3429,26.2195,20.6918,15.5507,10.6504,5.3519,0.0618,-4.9810,-9.9352,-15.9836,-21.4695,-26.6303,-32.5679,-38.9326,-45.0872,-51.4647,-58.0712,-64.9306,-71.5713,-78.1332,-84.0624,-90.2940,-96.4592,-102.8564,-109.9182,-116.7412
65,1.1000,DynamicV1Rebalance,2.5000,11980.5831,299.5146,spend50p,301.9311,304.1781,306.6235,308.2845,310.7989,313.0193,315.8268,318.8071,321.4025,323.6889,303.4918,304.3763,308.2830,310.6364,311.5002,84.4897,80.7017,75.2360,70.4021,65.5114,61.4775,56.3050,50.4484,44.8840,40.1600,34.1546,29.2029,23.9466,18.6554,12.5591,5.6519,-0.0114,-6.2584,-13.1555,-20.6010,-28.4274,-36.8703,-45.1349,-52.2376,-58.1568,-64.4433,-72.4206,-80.2216,-87.3076,-94.9394
65,1.1000,DynamicV1Rebalance,2.5000,11980.5831,299.5146,spend75p,304.0516,310.5625,318.1421,326.0028,334.2609,342.5340,352.2229,360.2232,369.4690,378.4410,357.9521,365.9286,372.5727,379.4703,387.2540,121.9565,119.5514,117.6504,115.0319,111.2026,106.4990,103.0278,98.4330,94.0990,89.5487,83.7192,78.1629,71.4274,65.4621,59.8670,53.9220,46.1261,39.8471,33.1014,24.7548,16.0138,7.7025,-0.6803,-9.0561,-15.3423,-21.7694,-28.7963,-36.5366,-44.6465,-53.1627
65,1.1000,DynamicV1Rebalance,3.0000,9983.8192,299.5146,survival,1.0000,1.0000,1.0000,1.0000,1.0000,1.0000,1.0000,1.0000,1.0000,1.0000,0.9990,0.9980,0.9965,0.9955,0.9950,0.9945,0.9935,0.9930,0.9930,0.9920,0.9910,0.9910,0.9905,0.9895,0.9880,0.9875,0.9875,0.9860,0.9860,0.9860,0.9860,0.9855,0.9850,0.9850,0.9850,0.9850,0.9850,0.9850,0.9850,0.9850,0.9850,0.9850,0.9845,0.9845,0.9840
65,1.1000,DynamicV1Rebalance,3.0000,9983.8192,299.5146,spend25p,299.8666,297.7550,295.4319,292.2795,289.3697,286.7107,283.5197,280.1724,276.8172,273.8975,251.6689,250.6210,248.3511,245.3110,243.0377,52.5020,47.5067,41.6496,36.1220,30.7185,25.3880,20.1175,15.0804,9.9160,4.3409,0.0000,-4.9810,-9.9352,-15.9836,-21.4695,-26.6303,-32.5679,-38.9326,-45.0872,-51.4647,-58.0712,-64.9306,-71.5713,-78.1332,-84.0624,-90.2940,-96.4592,-102.8564,-109.8988,-116.7284
65,1.1000,DynamicV1Rebalance,3.0000,9983.8192,299.5146,spend50p,301.9311,304.1781,306.6235,308.2845,310.7989,313.0193,315.8268,318.8071,321.4025,323.6889,302.8990,304.0447,307.6329,310.0909,310.9954,84.2895,79.9980,74.7067,69.4847,64.9612,60.8923,55.3993,49.8386,44.4404,39.1167,33.5303,28.5135,22.8676,17.2477,11.0828,4.7392,0.0000,-6.1659,-13.0968,-20.5998,-28.3429,-36.8457,-45.1244,-52.1606,-57.9105,-64.3793,-72.4184,-80.1841,-87.1770,-94.8762
65,1.1000,DynamicV1Rebalance,3.0000,9983.8192,299.5146,spend75p,304.0516,310.5625,318.1421,326.0028,334.2609,342.5340,352.2229,360.2232,369.4690,378.4410,357.8844,365.8201,371.6433,378.4639,386.7072,121.7161,119.3550,117.2346,114.7681,110.3250,106.0693,102.1903,97.7353,92.5930,88.4745,82.4343,76.9759,69.0804,64.1897,57.2582,51.6075,44.8111,38.5727,31.1075,23.2509,13.9900,5.2075,-0.0402,-8.7695,-15.0143,-21.0089,-27.3447,-35.8301,-43.4486,-52.4901
65,1.1000,DynamicV1Rebalance,3.5000,8557.5593,299.5146,survival,1.0000,1.0000,1.0000,1.0000,1.0000,1.0000,1.0000,1.0000,1.0000,0.9985,0.9975,0.9955,0.9940,0.9900,0.9835,0.9805,0.9795,0.9760,0.9755,0.9730,0.9715,0.9700,0.9690,0.9685,0.9675,0.9670,0.9655,0.9635,0.9625,0.9610,0.9600,0.9600,0.9595,0.9590,0.9590,0.9585,0.9585,0.9580,0.9565,0.9555,0.9550,0.9550,0.9550,0.9545,0.9545
65,1.1000,DynamicV1Rebalance,3.5000,8557.5593,299.5146,spend25p,299.8666,297.7550,295.4319,292.2795,289.3697,286.7107,283.5197,280.1724,276.8172,273.5986,251.5213,250.1548,247.9471,244.4343,240.6930,50.9956,44.6807,39.3526,33.6189,28.3939,23.0876,17.6182,12.2809,7.0617,2.2227,0.0000,-4.8167,-9.6600,-15.7422,-21.1832,-26.3933,-32.4205,-38.5615,-44.8217,-51.2545,-57.6749,-64.7817,-71.4274,-78.0170,-83.7659,-90.0247,-96.0218,-102.6605,-109.8239,-116.5468
65,1.1000,DynamicV1Rebalance,3.5000,8557.5593,299.5146,spend50p,301.9311,304.1781,306.6235,308.2845,310.7989,313.0193,315.8268,318.8071,321.4025,323.6335,302.4060,303.4595,307.3427,308.9174,306.6492,82.9272,78.5976,72.6265,67.2955,62.7559,58.4272,52.8149,47.3396,42.6566,36.7820,31.9217,26.3737,20.1124,14.4932,7.9191,1.7751,0.0000,-5.4539,-12.5588,-19.8505,-27.5520,-36.2416,-44.7152,-51.8128,-57.7559,-63.9590,-71.9605,-79.6250,-86.7545,-94.2178
65,1.1000,DynamicV1Rebalance,3.5000,8557.5593,299.5146,spend75p,304.0516,310.5625,318.1421,326.0028,334.2609,342.5340,352.2229,360.2232,369.4690,378.3797,357.2087,365.6997,371.3035,376.4831,383.9925,120.3847,117.7167,114.7845,111.9182,107.3404,103.9703,99.5450,95.1696,89.8544,84.7497,78.4769,71.9554,65.6565,59.9190,53.8699,46.7125,40.9727,33.9193,25.2195,17.1242,8.7324,0.4215,0.0000,-5.5735,-11.1933,-17.6072,-23.7306,-31.8086,-39.8481,-47.9376
65,1.1000,DynamicV1Rebalance,4.0000,7487.8644,299.5146,survival,1.0000,1.0000,1.0000,1.0000,1.0000,1.0000,1.0000,1.0000,0.9990,0.9980,0.9945,0.9920,0.9845,0.9740,0.9665,0.9620,0.9580,0.9550,0.9520,0.9495,0.9460,0.9435,0.9405,0.9345,0.9310,0.9270,0.9255,0.9235,0.9220,0.9195,0.9180,0.9170,0.9155,0.9150,0.9140,0.9140,0.9140,0.9130,0.9130,0.9130,0.9125,0.9120,0.9120,0.9115,0.9110
65,1.1000,DynamicV1Rebalance,4.0000,7487.8644,299.5146,spend25p,299.8666,297.7550,295.4319,292.2795,289.3697,286.7107,283.5197,280.1724,276.5364,273.4408,251.0294,249.4269,245.7144,240.2066,235.9834,48.3805,42.6897,37.0843,30.6932,24.6886,19.4682,14.1090,9.2322,3.4671,0.0000,0.0000,-4.4325,-9.3557,-15.1850,-21.0302,-26.1574,-31.9518,-37.8706,-43.9086,-50.9463,-57.2995,-64.2931,-71.1581,-77.6062,-83.2214,-89.4937,-95.3709,-102.0702,-109.2740,-115.8122
65,1.1000,DynamicV1Rebalance,4.0000,7487.8644,299.5146,spend50p,301.9311,304.1781,306.6235,308.2845,310.7989,313.0193,315.8268,318.8071,321.3051,323.6193,301.6452,302.8685,304.7969,305.3181,303.3395,81.5156,76.0060,70.5821,64.9635,59.7289,54.0468,49.0021,43.3505,37.3116,32.4256,27.2253,21.4342,15.7030,9.1080,3.4926,0.0000,0.0000,-3.7676,-11.5648,-18.7069,-26.4135,-34.3342,-42.5670,-49.8627,-56.0054,-62.6565,-69.7996,-77.6513,-84.8365,-92.6018
65,1.1000,DynamicV1Rebalance,4.0000,7487.8644,299.5146,spend75p,304.0516,310.5625,318.1421,326.0028,334.2609,342.5340,352.2229,360.2232,369.3647,378.3321,356.5818,364.8271,369.0145,373.8028,377.8371,118.0782,114.8362,112.2358,108.7326,104.8116,100.4569,96.0059,90.5706,83.8557,78.6206,71.6596,66.1218,61.1602,53.2942,46.6237,40.2754,34.1128,25.5990,18.0919,11.1556,3.6141,0.0000,0.0000,0.0000,0.0000,-7.5714,-15.3867,-23.1926,-31.2246,-39.0943
65,1.1000,DynamicV1Rebalance,5.0000,5990.2915,299.5146,survival,1.0000,1.0000,1.0000,1.0000,1.0000,1.0000,1.0000,0.9985,0.9970,0.9920,0.9810,0.9665,0.9505,0.9320,0.9095,0.8975,0.8885,0.8810,0.8725,0.8645,0.8600,0.8535,0.8480,0.8445,0.8425,0.8405,0.8380,0.8355,0.8330,0.8320,0.8305,0.8280,0.8250,0.8220,0.8210,0.8205,0.8200,0.8195,0.8180,0.8180,0.8175,0.8175,0.8175,0.8175,0.8175
65,1.1000,DynamicV1Rebalance,5.0000,5990.2915,299.5146,spend25p,299.8666,297.7550,295.4319,292.2795,289.3697,286.7107,283.5197,279.7252,275.9470,272.4486,248.0745,242.8251,235.8610,228.5639,220.8509,38.7129,31.9163,25.2107,19.0185,12.5423,5.9455,0.0000,0.0000,0.0000,0.0000,0.0000,-3.3885,-8.3594,-13.3504,-19.1801,-24.8701,-30.3393,-36.1794,-42.4854,-49.5777,-56.3951,-62.8072,-69.7276,-76.0599,-82.1325,-88.1337,-93.9188,-100.6566,-107.5653,-114.7757
65,1.1000,DynamicV1Rebalance,5.0000,5990.2915,299.5146,spend50p,301.9311,304.1781,306.6235,308.2845,310.7989,313.0193,315.8268,318.4079,321.1080,322.7252,299.3400,299.2637,298.0126,294.5694,290.4481,73.5538,68.2278,62.5126,54.8749,48.3549,42.7904,36.9603,31.5373,26.4531,20.9037,15.3165,10.0533,4.8807,0.0000,0.0000,0.0000,0.0000,0.0000,-6.6143,-13.7893,-21.8974,-29.7950,-38.5466,-45.2458,-51.6799,-58.4505,-65.8882,-72.5114,-80.2383,-88.2262
65,1.1000,DynamicV1Rebalance,5.0000,5990.2915,299.5146,spend75p,304.0516,310.5625,318.1421,326.0028,334.2609,342.5340,352.2229,360.0344,369.2205,376.8104,354.5261,359.6872,363.3849,365.0050,365.7688,111.2353,107.6940,102.9771,97.6295,92.6841,89.0815,83.0984,78.5279,71.6042,66.5231,61.0251,53.8947,48.3448,42.0052,35.5368,28.6584,22.2178,13.8095,5.7257,0.0000,0.0000,0.0000,0.0000,0.0000,0.0000,0.0000,0.0000,0.0000,0.0000,0.0000
65,1.1000,DynamicV1Rebalance,6.0000,4991.9096,299.5146,survival,1.0000,1.0000,1.0000,1.0000,1.0000,1.0000,0.9985,0.9970,0.9870,0.9720,0.9515,0.9240,0.8930,0.8480,0.8150,0.8015,0.7920,0.7815,0.7710,0.7610,0.7560,0.7490,0.7440,0.7390,0.7320,0.7270,0.7245,0.7200,0.7175,0.7165,0.7140,0.7130,0.7125,0.7105,0.7100,0.7090,0.7085,0.7085,0.7085,0.7085,0.7085,0.7085,0.7085,0.7085,0.7085
65,1.1000,DynamicV1Rebalance,6.0000,4991.9096,299.5146,spend25p,299.8666,297.7550,295.4319,292.2795,289.3697,286.7107,282.6562,279.2562,273.7477,267.7469,242.1212,233.1637,221.3548,201.7932,185.6166,20.2483,9.7296,0.3693,0.0000,0.0000,0.0000,0.0000,0.0000,0.0000,0.0000,0.0000,-0.7797,-6.0393,-11.0462,-16.2468,-21.2001,-26.7998,-33.5531,-40.2348,-46.6291,-53.5410,-60.4412,-67.2716,-74.0867,-80.1614,-85.9981,-92.4108,-99.3851,-105.6308,-112.9375
65,1.1000,DynamicV1Rebalance,6.0000,4991.9096,299.5146,spend50p,301.9311,304.1781,306.6235,308.2845,310.7989,313.0193,315.7569,318.2693,319.6296,321.0389,295.8103,292.0491,286.1217,275.4187,267.7649,63.1154,56.7775,50.8978,44.0721,37.7504,32.0750,24.9932,18.6785,13.2963,6.9557,1.1856,0.0000,0.0000,0.0000,0.0000,0.0000,0.0000,0.0000,0.0000,-4.3895,-11.8315,-19.7982,-28.0691,-36.2547,-42.9345,-49.7204,-56.6749,-63.6467,-71.4630,-79.1541
65,1.1000,DynamicV1Rebalance,6.0000,4991.9096,299.5146,spend75p,304.0516,310.5625,318.1421,326.0028,334.2609,342.5340,352.1142,359.8622,367.4988,373.8865,349.9826,353.2163,353.0391,350.3567,350.1885,103.2367,98.3944,93.3088,88.7978,81.8741,75.8999,70.1933,64.5467,59.6960,52.6025,44.7900,38.8406,32.6102,27.4320,20.9453,15.1084,9.1939,2.1515,0.0000,0.0000,0.0000,0.0000,0.0000,0.0000,0.0000,0.0000,0.0000,0.0000,0.0000,0.0000
65,1.1000,DynamicV1Rebalance,7.0000,4278.7797,299.5146,survival,1.0000,1.0000,1.0000,1.0000,1.0000,0.9990,0.9965,0.9850,0.9685,0.9340,0.8965,0.8495,0.7965,0.7505,0.6995,0.6850,0.6640,0.6510,0.6435,0.6335,0.6275,0.6220,0.6165,0.6125,0.6085,0.6040,0.6010,0.5990,0.5965,0.5945,0.5940,0.5920,0.5920,0.5900,0.5895,0.5895,0.5890,0.5890,0.5880,0.5880,0.5880,0.5880,0.5880,0.5880,0.5880
65,1.1000,DynamicV1Rebalance,7.0000,4278.7797,299.5146,spend25p,299.8666,297.7550,295.4319,292.2795,289.3697,286.5207,282.3693,277.0093,269.9404,260.1403,228.9626,210.8038,185.7430,100.5852,0.0000,0.0000,0.0000,0.0000,0.0000,0.0000,0.0000,0.0000,0.0000,0.0000,0.0000,0.0000,0.0000,-0.7167,-6.0151,-11.1238,-16.2634,-21.9470,-27.9134,-34.5612,-40.8598,-47.5310,-55.1839,-62.4395,-69.6957,-75.5938,-81.5140,-87.8229,-93.9241,-100.9472,-107.8041
65,1.1000,DynamicV1Rebalance,7.0000,4278.7797,299.5146,spend50p,301.9311,304.1781,306.6235,308.2845,310.7989,312.9397,315.7201,317.3781,318.0391,316.1829,285.8421,277.8097,265.1923,254.7667,238.3673,48.5741,40.7763,32.5559,26.5100,19.2440,11.9932,5.9724,0.0000,0.0000,0.0000,0.0000,0.0000,0.0000,0.0000,0.0000,0.0000,0.0000,0.0000,0.0000,0.0000,0.0000,0.0000,0.0000,-5.2768,-10.6940,-18.0467,-23.7089,-31.6715,-39.8453,-48.3862
65,1.1000,DynamicV1Rebalance,7.0000,4278.7797,299.5146,spend75p,304.0516,310.5625,318.1421,326.0028,334.2609,342.2397,352.0973,358.3277,364.4314,369.4206,343.5469,342.3087,337.4120,334.4516,326.2713,91.3594,84.6152,79.1230,73.2530,66.1084,61.3852,55.7905,49.6913,44.2328,38.1825,32.4647,27.0400,21.1681,15.0330,8.8164,2.6481,0.0000,0.0000,0.0000,0.0000,0.0000,0.0000,0.0000,0.0000,0.0000,0.0000,0.0000,0.0000,0.0000,0.0000
65,1.1000,DynamicV1Rebalance,8.0000,3743.9322,299.5146,survival,1.0000,1.0000,1.0000,1.0000,1.0000,0.9980,0.9870,0.9705,0.9290,0.8805,0.8120,0.7465,0.6840,0.6225,0.5750,0.5590,0.5495,0.5430,0.5315,0.5235,0.5160,0.5105,0.5045,0.5010,0.4990,0.4970,0.4925,0.4885,0.4865,0.4825,0.4820,0.4815,0.4810,0.4800,0.4795,0.4785,0.4775,0.4775,0.4760,0.4755,0.4750,0.4750,0.4750,0.4750,0.4740
65,1.1000,DynamicV1Rebalance,8.0000,3743.9322,299.5146,spend25p,299.8666,297.7550,295.4319,292.2795,289.3697,286.1187,280.6860,274.3434,262.5514,247.8262,204.1918,0.0000,0.0000,0.0000,0.0000,0.0000,0.0000,0.0000,0.0000,0.0000,0.0000,0.0000,0.0000,0.0000,0.0000,0.0000,0.0000,0.0000,0.0000,-2.5384,-7.6081,-13.6393,-20.6259,-26.9273,-34.0420,-41.0248,-48.0834,-55.8135,-62.6153,-68.7076,-74.7284,-81.0799,-88.0061,-95.3795,-102.0917
65,1.1000,DynamicV1Rebalance,8.0000,3743.9322,299.5146,spend50p,301.9311,304.1781,306.6235,308.2845,310.7989,312.8553,314.7418,316.4548,312.8707,307.5079,271.0551,256.9851,238.7308,219.4114,193.7589,22.9539,15.0542,5.9321,0.0000,0.0000,0.0000,0.0000,0.0000,0.0000,0.0000,0.0000,0.0000,0.0000,0.0000,0.0000,0.0000,0.0000,0.0000,0.0000,0.0000,0.0000,0.0000,0.0000,0.0000,0.0000,0.0000,0.0000,0.0000,0.0000,0.0000
65,1.1000,DynamicV1Rebalance,8.0000,3743.9322,299.5146,spend75p,304.0516,310.5625,318.1421,326.0028,334.2609,342.0883,350.5495,356.1356,361.2602,363.1752,329.9526,325.0272,317.9122,309.7802,299.8448,77.6177,71.4555,65.0117,57.5095,50.2199,43.7923,38.0609,32.6011,27.7122,22.1712,16.2767,11.0414,5.4154,0.0000,0.0000,0.0000,0.0000,0.0000,0.0000,0.0000,0.0000,0.0000,0.0000,0.0000,0.0000,0.0000,0.0000,0.0000,0.0000,0.0000
65,1.1000,DynamicV1Rebalance,9.0000,3327.9397,299.5146,survival,1.0000,1.0000,1.0000,1.0000,0.9995,0.9940,0.9750,0.9350,0.8760,0.7855,0.7075,0.6355,0.5735,0.5135,0.4650,0.4445,0.4360,0.4290,0.4185,0.4115,0.4040,0.3985,0.3945,0.3905,0.3850,0.3805,0.3785,0.3755,0.3745,0.3735,0.3725,0.3720,0.3705,0.3700,0.3695,0.3695,0.3690,0.3690,0.3690,0.3690,0.3685,0.3685,0.3685,0.3680,0.3675
65,1.1000,DynamicV1Rebalance,9.0000,3327.9397,299.5146,spend25p,299.8666,297.7550,295.4319,292.2795,289.3129,285.6061,279.0339,267.8686,251.4733,214.1689,0.0000,0.0000,0.0000,0.0000,0.0000,0.0000,0.0000,0.0000,0.0000,0.0000,0.0000,0.0000,0.0000,0.0000,0.0000,0.0000,0.0000,0.0000,0.0000,0.0000,0.0000,-0.3685,-6.8544,-12.4740,-18.9421,-26.6164,-34.5293,-42.9733,-50.4145,-55.7023,-62.6642,-69.4725,-76.8505,-83.3396,-91.0007
65,1.1000,DynamicV1Rebalance,9.0000,3327.9397,299.5146,spend50p,301.9311,304.1781,306.6235,308.2845,310.7825,312.5863,313.6779,311.3019,305.9632,289.8018,250.9742,229.1207,202.7269,153.6546,0.0000,0.0000,0.0000,0.0000,0.0000,0.0000,0.0000,0.0000,0.0000,0.0000,0.0000,0.0000,0.0000,0.0000,0.0000,0.0000,0.0000,0.0000,0.0000,0.0000,0.0000,0.0000,0.0000,0.0000,0.0000,0.0000,0.0000,0.0000,0.0000,0.0000,0.0000
65,1.1000,DynamicV1Rebalance,9.0000,3327.9397,299.5146,spend75p,304.0516,310.5625,318.1421,326.0028,334.2314,342.0175,349.6346,352.8268,354.1831,347.8408,315.3794,305.4744,296.8211,281.5325,267.6628,61.2731,55.2255,49.3080,41.3577,34.0750,27.2192,20.6570,14.4996,8.0922,2.9107,0.0000,0.0000,0.0000,0.0000,0.0000,0.0000,0.0000,0.0000,0.0000,0.0000,0.0000,0.0000,0.0000,0.0000,0.0000,0.0000,0.0000,0.0000,0.0000,0.0000
65,1.1000,DynamicV1Rebalance,10.0000,2995.1458,299.5146,survival,1.0000,1.0000,1.0000,1.0000,0.9985,0.9845,0.9520,0.8880,0.7850,0.6840,0.6010,0.5295,0.4610,0.3915,0.3355,0.3180,0.3080,0.3015,0.2935,0.2875,0.2830,0.2770,0.2735,0.2700,0.2675,0.2650,0.2630,0.2625,0.2595,0.2585,0.2575,0.2575,0.2575,0.2565,0.2560,0.2560,0.2555,0.2550,0.2545,0.2545,0.2540,0.2540,0.2535,0.2535,0.2535
65,1.1000,DynamicV1Rebalance,10.0000,2995.1458,299.5146,spend25p,299.8666,297.7550,295.4319,292.2795,289.2616,284.3670,275.3195,259.5815,221.3939,0.0000,0.0000,0.0000,0.0000,0.0000,0.0000,0.0000,0.0000,0.0000,0.0000,0.0000,0.0000,0.0000,0.0000,0.0000,0.0000,0.0000,0.0000,0.0000,0.0000,0.0000,0.0000,0.0000,0.0000,0.0000,0.0000,0.0000,0.0000,0.0000,0.0000,0.0000,0.0000,0.0000,0.0000,0.0000,0.0000
65,1.1000,DynamicV1Rebalance,10.0000,2995.1458,299.5146,spend50p,301.9311,304.1781,306.6235,308.2845,310.7132,312.0651,311.5133,305.6941,291.6235,266.4593,220.8388,186.6286,0.0000,0.0000,0.0000,0.0000,0.0000,0.0000,0.0000,0.0000,0.0000,0.0000,0.0000,0.0000,0.0000,0.0000,0.0000,0.0000,0.0000,0.0000,0.0000,0.0000,0.0000,0.0000,0.0000,0.0000,0.0000,0.0000,0.0000,0.0000,0.0000,0.0000,0.0000,0.0000,0.0000
65,1.1000,DynamicV1Rebalance,10.0000,2995.1458,299.5146,spend75p,304.0516,310.5625,318.1421,326.0028,334.1141,341.4667,346.9309,348.9418,343.1126,332.9620,300.8004,287.6585,270.6378,247.6561,220.9303,35.7193,27.1719,19.4311,11.8838,3.2552,0.0000,0.0000,0.0000,0.0000,0.0000,0.0000,0.0000,0.0000,0.0000,0.0000,0.0000,0.0000,0.0000,0.0000,0.0000,0.0000,0.0000,0.0000,0.0000,0.0000,0.0000,0.0000,0.0000,0.0000,0.0000
65,1.2000,DynamicV1Rebalance,2.5000,12991.5452,324.7886,survival,1.0000,1.0000,1.0000,1.0000,1.0000,1.0000,1.0000,1.0000,1.0000,1.0000,1.0000,1.0000,0.9995,0.9990,0.9980,0.9980,0.9975,0.9970,0.9960,0.9960,0.9955,0.9950,0.9950,0.9950,0.9945,0.9945,0.9940,0.9940,0.9940,0.9930,0.9930,0.9930,0.9925,0.9920,0.9920,0.9915,0.9915,0.9915,0.9915,0.9915,0.9915,0.9910,0.9910,0.9895,0.9895
65,1.2000,DynamicV1Rebalance,2.5000,12991.5452,324.7886,spend25p,325.1704,322.8749,320.3487,316.9219,313.7571,310.8629,307.3911,303.7488,300.0973,296.9172,274.6765,273.9521,271.4802,268.1649,265.9476,74.8424,69.6105,63.9072,57.8721,52.6887,47.3160,41.9220,36.4404,31.9407,26.1208,20.6123,15.4936,10.3191,4.3754,0.0000,-5.2535,-11.0011,-16.8435,-22.4414,-29.1226,-36.4424,-42.8905,-50.0517,-56.5357,-62.6521,-68.6671,-75.3618,-81.5828,-87.9401,-94.0375
65,1.2000,DynamicV1Rebalance,2.5000,12991.5452,324.7886,spend50p,327.4091,329.8399,332.4842,334.2764,336.9922,339.3877,342.4183,345.6346,348.4322,350.8933,331.0820,332.0468,336.3087,338.7954,339.8184,113.2450,108.8089,103.8993,98.4582,94.0901,90.0885,85.4029,78.9989,73.9276,69.4528,63.6956,59.2760,53.9084,48.7873,42.3346,37.0116,29.8646,23.9946,18.0074,10.8342,3.1191,-3.3853,-11.2305,-18.3652,-24.0961,-29.8089,-36.9960,-44.0989,-51.4740,-59.1224
65,1.2000,DynamicV1Rebalance,2.5000,12991.5452,324.7886,spend75p,329.7085,336.7629,344.9743,353.4885,362.4315,371.3888,381.8788,390.5358,400.5411,410.2470,390.4932,399.1948,406.4429,413.8517,422.4589,157.7409,156.3379,154.7716,153.1881,149.8352,145.4332,142.7359,139.7825,135.5743,131.3023,126.2278,120.2428,113.4712,109.1890,103.6833,97.3164,92.2589,85.9557,80.3485,72.8816,65.5125,57.1948,48.6282,39.3269,34.4051,28.7131,21.4478,16.4030,8.2425,0.8146
65,1.2000,DynamicV1Rebalance,3.0000,10826.2876,324.7886,survival,1.0000,1.0000,1.0000,1.0000,1.0000,1.0000,1.0000,1.0000,1.0000,1.0000,0.9990,0.9980,0.9965,0.9955,0.9950,0.9945,0.9935,0.9930,0.9915,0.9915,0.9905,0.9895,0.9885,0.9875,0.9870,0.9855,0.9850,0.9840,0.9830,0.9830,0.9820,0.9815,0.9800,0.9795,0.9795,0.9795,0.9795,0.9790,0.9790,0.9790,0.9790,0.9780,0.9775,0.9775,0.9770
65,1.2000,DynamicV1Rebalance,3.0000,10826.2876,324.7886,spend25p,325.1704,322.8749,320.3487,316.9219,313.7571,310.8629,307.3911,303.7488,300.0973,296.9172,274.5478,273.4047,270.9285,267.6120,265.1321,74.2936,69.0627,63.1909,57.2430,51.7981,46.2167,41.2310,35.4203,30.8676,24.7549,19.8015,13.9571,8.7846,3.1416,0.0000,-5.0580,-10.9779,-16.7719,-22.3819,-29.1040,-36.2782,-42.8459,-50.0182,-56.4486,-62.4595,-68.5907,-75.3094,-81.5749,-87.9054,-93.9578
65,1.2000,DynamicV1Rebalance,3.0000,10826.2876,324.7886,spend50p,327.4091,329.8399,332.4842,334.2764,336.9922,339.3877,342.4183,345.6346,348.4322,350.8933,330.4353,331.6851,335.5995,338.2809,339.2677,112.5771,108.3685,103.3035,97.3262,93.1612,89.6783,84.1229,78.1669,73.1248,68.1912,62.4158,57.7770,52.5118,46.8952,40.7591,34.0766,28.1733,21.7636,16.1619,8.9630,1.0796,-3.2642,-11.1360,-18.2772,-24.0488,-29.6283,-36.8630,-43.8696,-51.2820,-58.8832
65,1.2000,DynamicV1Rebalance,3.0000,10826.2876,324.7886,spend75p,329.7085,336.7629,344.9743,353.4885,362.4315,371.3888,381.8788,390.5358,400.5411,410.2470,390.4193,399.0765,405.4291,412.8697,421.8624,157.3548,155.9032,154.1212,152.8204,149.1688,144.8973,141.3694,137.8789,132.8757,129.8133,123.8146,118.5103,111.4749,106.1684,101.6223,95.6367,89.4757,82.3773,76.2097,69.2296,61.1135,53.8114,44.6753,36.7563,31.0553,26.4098,17.0325,10.5559,5.4861,0.0000
65,1.2000,DynamicV1Rebalance,3.5000,9279.6751,324.7886,survival,1.0000,1.0000,1.0000,1.0000,1.0000,1.0000,1.0000,1.0000,1.0000,0.9985,0.9975,0.9955,0.9940,0.9895,0.9835,0.9800,0.9765,0.9755,0.9730,0.9715,0.9695,0.9680,0.9665,0.9635,0.9635,0.9605,0.9580,0.9560,0.9555,0.9550,0.9525,0.9520,0.9520,0.9500,0.9495,0.9490,0.9465,0.9465,0.9465,0.9455,0.9455,0.9445,0.9445,0.9445,0.9445
65,1.2000,DynamicV1Rebalance,3.5000,9279.6751,324.7886,spend25p,325.1704,322.8749,320.3487,316.9219,313.7571,310.8629,307.3911,303.7488,300.0973,296.5931,274.3869,272.8962,270.4878,266.5858,262.5742,72.4003,65.6866,60.3090,54.0354,48.8528,43.0183,37.5858,32.2902,26.5165,21.8105,15.9421,10.7686,4.8797,0.0000,0.0000,-4.4900,-10.5849,-16.4206,-22.0762,-28.7438,-35.2936,-42.4718,-49.8377,-55.9222,-62.1240,-68.3123,-74.8706,-81.1532,-87.4281,-93.8800
65,1.2000,DynamicV1Rebalance,3.5000,9279.6751,324.7886,spend50p,327.4091,329.8399,332.4842,334.2764,336.9922,339.3877,342.4183,345.6346,348.4322,350.8332,329.8974,331.0467,335.2830,336.8664,334.5264,110.7214,105.9501,99.9023,94.4506,90.5150,86.4900,80.4942,75.6211,70.6861,64.9257,59.8977,54.0876,47.8322,42.6889,36.3689,30.1273,25.0285,18.2725,10.5573,4.2187,0.0000,-2.0517,-10.2807,-16.8421,-23.3713,-28.5259,-35.9021,-43.1184,-50.3883,-57.7041
65,1.2000,DynamicV1Rebalance,3.5000,9279.6751,324.7886,spend75p,329.7085,336.7629,344.9743,353.4885,362.4315,371.3888,381.8788,390.5358,400.5411,410.1806,389.6822,398.9451,405.0583,410.5874,418.9009,155.7240,153.4213,151.0476,148.5101,145.1673,141.4680,138.0880,133.9753,129.4697,124.8166,117.6485,111.3783,106.7877,100.4236,95.2942,89.3236,83.0590,77.3692,68.8720,60.3974,53.3977,45.5139,37.9276,30.8828,23.5945,18.1048,10.8313,5.6533,0.0000,0.0000
65,1.2000,DynamicV1Rebalance,4.0000,8119.7157,324.7886,survival,1.0000,1.0000,1.0000,1.0000,1.0000,1.0000,1.0000,1.0000,0.9990,0.9980,0.9945,0.9920,0.9830,0.9735,0.9665,0.9600,0.9565,0.9535,0.9490,0.9445,0.9420,0.9345,0.9250,0.9225,0.9205,0.9190,0.9155,0.9140,0.9120,0.9090,0.9080,0.9070,0.9065,0.9040,0.9040,0.9040,0.9030,0.9030,0.9030,0.9020,0.9020,0.9010,0.9005,0.9005,0.9005
65,1.2000,DynamicV1Rebalance,4.0000,8119.7157,324.7886,spend25p,325.1704,322.8749,320.3487,316.9219,313.7571,310.8629,307.3911,303.7488,299.7929,296.4220,273.8503,272.1021,267.3767,261.7980,257.4364,69.4392,63.5226,57.1604,50.6978,44.0781,38.3361,32.4270,25.9879,20.1751,13.7779,8.2760,2.7086,0.0000,0.0000,0.0000,-4.3558,-10.0337,-15.8825,-21.7394,-28.4156,-34.9809,-42.2210,-49.4456,-55.6227,-61.5646,-67.8054,-74.2088,-80.4884,-86.6168,-93.4409
65,1.2000,DynamicV1Rebalance,4.0000,8119.7157,324.7886,spend50p,327.4091,329.8399,332.4842,334.2764,336.9922,339.3877,342.4183,345.6346,348.3266,350.8178,329.0674,330.4020,332.1437,332.8620,330.9158,108.8458,103.5136,97.5400,91.6568,86.1563,80.2303,74.8768,69.0302,62.8596,58.5198,53.5105,48.3737,41.8090,35.7191,30.4004,24.8452,17.0407,10.2744,3.3935,0.0000,0.0000,-0.1233,-8.2463,-14.5948,-20.2554,-26.0637,-32.9675,-40.4186,-48.0074,-55.0608
65,1.2000,DynamicV1Rebalance,4.0000,8119.7157,324.7886,spend75p,329.7085,336.7629,344.9743,353.4885,362.4315,371.3888,381.8788,390.5358,400.4279,410.1290,388.9984,397.9932,402.0730,407.5003,412.1860,152.8620,149.6122,147.8283,144.7743,140.9372,136.3585,132.1654,126.0449,121.3487,115.8624,109.4520,104.3616,98.4404,92.3252,86.7228,79.9900,73.6787,66.4141,58.2412,52.3559,46.0313,37.6088,31.1455,24.2991,17.9798,11.0315,4.3050,0.0000,0.0000,0.0000
65,1.2000,DynamicV1Rebalance,5.0000,6495.7726,324.7886,survival,1.0000,1.0000,1.0000,1.0000,1.0000,1.0000,1.0000,0.9985,0.9970,0.9920,0.9805,0.9665,0.9500,0.9315,0.9070,0.8950,0.8820,0.8720,0.8630,0.8565,0.8455,0.8430,0.8400,0.8320,0.8290,0.8275,0.8220,0.8155,0.8120,0.8060,0.8020,0.7995,0.7970,0.7935,0.7905,0.7890,0.7875,0.7875,0.7860,0.7855,0.7850,0.7845,0.7840,0.7835,0.7830
65,1.2000,DynamicV1Rebalance,5.0000,6495.7726,324.7886,spend25p,325.1704,322.8749,320.3487,316.9219,313.7571,310.8629,307.3911,303.2640,299.1539,295.3465,270.5514,264.9001,257.2566,249.2926,240.5229,57.8820,49.7273,41.6150,34.5456,28.4973,19.4313,13.1367,6.2082,0.0000,0.0000,0.0000,0.0000,0.0000,0.0000,0.0000,-1.5821,-8.3080,-14.0831,-20.0735,-26.2284,-33.1491,-40.3519,-47.8440,-54.3399,-59.6695,-65.7265,-72.4154,-78.7759,-85.0059,-92.1458
65,1.2000,DynamicV1Rebalance,5.0000,6495.7726,324.7886,spend50p,327.4091,329.8399,332.4842,334.2764,336.9922,339.3877,342.4183,345.2018,348.1130,349.8485,326.4479,326.4695,324.9590,321.3221,316.5611,99.1435,93.1831,86.8237,78.8543,72.4009,65.4872,60.3834,54.7975,48.9873,43.1595,37.8307,31.8812,25.6264,19.5618,12.8182,7.2845,1.9754,0.0000,0.0000,0.0000,0.0000,0.0000,-1.6748,-8.4871,-14.2252,-20.4258,-26.7787,-33.0630,-39.7880,-47.4585
65,1.2000,DynamicV1Rebalance,5.0000,6495.7726,324.7886,spend75p,329.7085,336.7629,344.9743,353.4885,362.4315,371.3888,381.8788,390.3312,400.2716,408.4793,386.5109,392.3860,395.7630,398.0769,398.9288,144.6913,141.4665,136.0331,130.5399,126.8376,121.5074,118.0543,112.7653,105.0280,99.9975,95.2464,88.0963,81.3562,74.6113,67.2834,61.3853,54.2599,46.3105,40.3489,32.0976,25.4959,16.6315,8.1133,0.1729,0.0000,0.0000,0.0000,0.0000,0.0000,0.0000
65,1.2000,DynamicV1Rebalance,6.0000,5413.1438,324.7886,survival,1.0000,1.0000,1.0000,1.0000,1.0000,1.0000,0.9985,0.9970,0.9870,0.9720,0.9515,0.9240,0.8930,0.8470,0.8145,0.7995,0.7850,0.7730,0.7610,0.7525,0.7435,0.7355,0.7250,0.7170,0.7115,0.7050,0.7005,0.6960,0.6930,0.6880,0.6845,0.6820,0.6815,0.6785,0.6760,0.6745,0.6730,0.6710,0.6700,0.6700,0.6690,0.6685,0.6680,0.6680,0.6680
65,1.2000,DynamicV1Rebalance,6.0000,5413.1438,324.7886,spend25p,325.1704,322.8749,320.3487,316.9219,313.7571,310.8629,306.4548,302.7556,296.7697,290.2496,264.1323,254.3604,241.4780,219.8487,202.4427,35.1014,21.3410,10.4846,0.0000,0.0000,0.0000,0.0000,0.0000,0.0000,0.0000,0.0000,0.0000,0.0000,0.0000,0.0000,0.0000,-2.5013,-8.5095,-15.2018,-22.0856,-29.1419,-35.7673,-43.0264,-49.4638,-55.5202,-62.0205,-67.7715,-73.7118,-80.7765,-87.7251
65,1.2000,DynamicV1Rebalance,6.0000,5413.1438,324.7886,spend50p,327.4091,329.8399,332.4842,334.2764,336.9922,339.3877,342.3425,345.0516,346.5102,348.0206,322.7022,318.5990,312.1328,300.1874,292.0195,87.0142,79.4078,72.9485,65.2163,58.8975,52.4865,45.3144,37.4264,31.5458,24.7526,19.3517,12.8798,7.1900,1.3146,0.0000,0.0000,0.0000,0.0000,0.0000,0.0000,0.0000,0.0000,0.0000,0.0000,0.0000,-1.2220,-6.5575,-14.7073,-20.7776,-28.9328
65,1.2000,DynamicV1Rebalance,6.0000,5413.1438,324.7886,spend75p,329.7085,336.7629,344.9743,353.4885,362.4315,371.3888,381.7610,390.1445,398.4052,405.3097,381.7992,385.3269,385.1336,381.4626,382.0238,135.0495,129.4495,124.8412,119.5173,113.4812,106.7513,101.2538,93.8253,86.6353,80.8469,73.4845,67.5819,62.5106,57.4608,50.6463,43.8908,36.5983,30.8605,24.5448,17.2365,8.9926,0.7791,0.0000,0.0000,0.0000,0.0000,0.0000,0.0000,0.0000,0.0000
65,1.2000,DynamicV1Rebalance,7.0000,4639.8376,324.7886,survival,1.0000,1.0000,1.0000,1.0000,1.0000,0.9990,0.9965,0.9850,0.9685,0.9340,0.8965,0.8495,0.7955,0.7485,0.6985,0.6780,0.6585,0.6405,0.6310,0.6220,0.6135,0.6060,0.5990,0.5915,0.5875,0.5825,0.5760,0.5725,0.5690,0.5665,0.5610,0.5580,0.5560,0.5530,0.5515,0.5505,0.5495,0.5480,0.5480,0.5480,0.5475,0.5470,0.5470,0.5470,0.5465
65,1.2000,DynamicV1Rebalance,7.0000,4639.8376,324.7886,spend25p,325.1704,322.8749,320.3487,316.9219,313.7571,310.6569,306.1438,300.3196,292.6421,282.0038,249.7774,229.9678,202.1805,0.0000,0.0000,0.0000,0.0000,0.0000,0.0000,0.0000,0.0000,0.0000,0.0000,0.0000,0.0000,0.0000,0.0000,0.0000,0.0000,0.0000,0.0000,0.0000,-1.2895,-7.2326,-12.8309,-19.8713,-27.0137,-33.7520,-41.2463,-47.2812,-53.5926,-59.0117,-65.7850,-72.6026,-78.8902
65,1.2000,DynamicV1Rebalance,7.0000,4639.8376,324.7886,spend50p,327.4091,329.8399,332.4842,334.2764,336.9922,339.3015,342.3026,344.0853,344.7860,342.7564,311.8278,303.0651,289.1832,277.5997,259.9252,69.2760,60.3959,50.7265,43.2719,35.3920,27.4397,19.9060,12.2453,4.4720,0.0000,0.0000,0.0000,0.0000,0.0000,0.0000,0.0000,0.0000,0.0000,0.0000,0.0000,0.0000,0.0000,0.0000,0.0000,0.0000,0.0000,0.0000,0.0000,0.0000,0.0000
65,1.2000,DynamicV1Rebalance,7.0000,4639.8376,324.7886,spend75p,329.7085,336.7629,344.9743,353.4885,362.4315,371.0696,381.7427,388.4809,395.0798,400.4685,374.7784,373.4277,368.0858,364.3086,355.8646,119.8677,113.9130,106.8330,99.2266,94.1195,88.3466,81.9835,76.3904,70.5563,63.7332,59.2435,52.4913,46.2433,39.9111,34.2053,27.8561,20.7615,13.1528,6.6006,0.0000,0.0000,0.0000,0.0000,0.0000,0.0000,0.0000,0.0000,0.0000,0.0000,0.0000
65,1.2000,DynamicV1Rebalance,8.0000,4059.8579,324.7886,survival,1.0000,1.0000,1.0000,1.0000,1.0000,0.9980,0.9870,0.9705,0.9290,0.8805,0.8120,0.7455,0.6830,0.6220,0.5730,0.5565,0.5450,0.5320,0.5210,0.5100,0.5000,0.4925,0.4855,0.4780,0.4720,0.4680,0.4635,0.4620,0.4600,0.4560,0.4530,0.4500,0.4475,0.4455,0.4445,0.4440,0.4440,0.4440,0.4440,0.4435,0.4435,0.4435,0.4430,0.4425,0.4420
65,1.2000,DynamicV1Rebalance,8.0000,4059.8579,324.7886,spend25p,325.1704,322.8749,320.3487,316.9219,313.7571,310.2211,304.3187,297.4293,284.6318,268.6547,222.7547,0.0000,0.0000,0.0000,0.0000,0.0000,0.0000,0.0000,0.0000,0.0000,0.0000,0.0000,0.0000,0.0000,0.0000,0.0000,0.0000,0.0000,0.0000,0.0000,0.0000,0.0000,0.0000,0.0000,-3.2248,-10.5576,-17.0067,-24.8139,-31.5231,-36.9163,-42.6412,-48.3682,-54.9926,-61.8203,-68.5624
65,1.2000,DynamicV1Rebalance,8.0000,4059.8579,324.7886,spend50p,327.4091,329.8399,332.4842,334.2764,336.9922,339.2100,341.2420,343.0844,339.1829,333.3524,295.6965,280.2922,259.8613,239.3579,210.5859,38.7403,29.2231,16.4935,5.6383,0.0000,0.0000,0.0000,0.0000,0.0000,0.0000,0.0000,0.0000,0.0000,0.0000,0.0000,0.0000,0.0000,0.0000,0.0000,0.0000,0.0000,0.0000,0.0000,0.0000,0.0000,0.0000,0.0000,0.0000,0.0000,0.0000
65,1.2000,DynamicV1Rebalance,8.0000,4059.8579,324.7886,spend75p,329.7085,336.7629,344.9743,353.4885,362.4315,370.9055,380.0645,386.1043,391.6418,393.6982,359.9483,354.5553,346.6500,337.9421,326.3605,103.8651,97.0929,89.9876,80.9820,72.5053,65.8541,59.8853,54.3882,47.9341,40.6773,34.2358,27.8758,21.5684,16.2490,10.2802,5.2321,0.0000,0.0000,0.0000,0.0000,0.0000,0.0000,0.0000,0.0000,0.0000,0.0000,0.0000,0.0000,0.0000,0.0000
65,1.2000,DynamicV1Rebalance,9.0000,3608.7625,324.7886,survival,1.0000,1.0000,1.0000,1.0000,0.9995,0.9940,0.9750,0.9350,0.8760,0.7855,0.7075,0.6345,0.5715,0.5125,0.4615,0.4405,0.4295,0.4165,0.4060,0.3950,0.3870,0.3800,0.3710,0.3660,0.3625,0.3580,0.3525,0.3480,0.3445,0.3415,0.3380,0.3375,0.3355,0.3345,0.3345,0.3340,0.3320,0.3315,0.3315,0.3310,0.3310,0.3305,0.3300,0.3300,0.3295
65,1.2000,DynamicV1Rebalance,9.0000,3608.7625,324.7886,spend25p,325.1704,322.8749,320.3487,316.9219,313.6955,309.6653,302.5275,290.4097,272.6220,232.1687,0.0000,0.0000,0.0000,0.0000,0.0000,0.0000,0.0000,0.0000,0.0000,0.0000,0.0000,0.0000,0.0000,0.0000,0.0000,0.0000,0.0000,0.0000,0.0000,0.0000,0.0000,0.0000,0.0000,0.0000,0.0000,0.0000,0.0000,0.0000,-2.5617,-6.8966,-12.3376,-19.8753,-28.7661,-35.2175,-41.2787
65,1.2000,DynamicV1Rebalance,9.0000,3608.7625,324.7886,spend50p,327.4091,329.8399,332.4842,334.2764,336.9744,338.9182,340.0884,337.4979,331.6944,314.1582,273.7900,249.7461,219.8557,167.4537,0.0000,0.0000,0.0000,0.0000,0.0000,0.0000,0.0000,0.0000,0.0000,0.0000,0.0000,0.0000,0.0000,0.0000,0.0000,0.0000,0.0000,0.0000,0.0000,0.0000,0.0000,0.0000,0.0000,0.0000,0.0000,0.0000,0.0000,0.0000,0.0000,0.0000,0.0000
65,1.2000,DynamicV1Rebalance,9.0000,3608.7625,324.7886,spend75p,329.7085,336.7629,344.9743,353.4885,362.3995,370.8288,379.0726,382.5170,383.9696,377.0751,344.0502,333.1748,323.5684,307.0652,290.8934,84.0892,77.7640,70.2583,61.4927,52.1287,44.3603,37.4545,29.6461,24.3985,18.5553,11.9444,4.9750,0.0000,0.0000,0.0000,0.0000,0.0000,0.0000,0.0000,0.0000,0.0000,0.0000,0.0000,0.0000,0.0000,0.0000,0.0000,0.0000,0.0000,0.0000
65,1.2000,DynamicV1Rebalance,10.0000,3247.8863,324.7886,survival,1.0000,1.0000,1.0000,1.0000,0.9985,0.9845,0.9520,0.8880,0.7850,0.6840,0.6005,0.5295,0.4600,0.3915,0.3330,0.3135,0.3035,0.2925,0.2815,0.2750,0.2660,0.2615,0.2555,0.2505,0.2465,0.2440,0.2400,0.2365,0.2345,0.2330,0.2315,0.2305,0.2285,0.2275,0.2265,0.2255,0.2245,0.2245,0.2240,0.2240,0.2240,0.2235,0.2235,0.2235,0.2235
65,1.2000,DynamicV1Rebalance,10.0000,3247.8863,324.7886,spend25p,325.1704,322.8749,320.3487,316.9219,313.6398,308.3219,298.5004,281.4252,240.0129,0.0000,0.0000,0.0000,0.0000,0.0000,0.0000,0.0000,0.0000,0.0000,0.0000,0.0000,0.0000,0.0000,0.0000,0.0000,0.0000,0.0000,0.0000,0.0000,0.0000,0.0000,0.0000,0.0000,0.0000,0.0000,0.0000,0.0000,0.0000,0.0000,0.0000,0.0000,0.0000,0.0000,0.0000,0.0000,0.0000
65,1.2000,DynamicV1Rebalance,10.0000,3247.8863,324.7886,spend50p,327.4091,329.8399,332.4842,334.2764,336.8993,338.3532,337.7416,331.4181,316.1488,288.8538,240.6720,203.5948,0.0000,0.0000,0.0000,0.0000,0.0000,0.0000,0.0000,0.0000,0.0000,0.0000,0.0000,0.0000,0.0000,0.0000,0.0000,0.0000,0.0000,0.0000,0.0000,0.0000,0.0000,0.0000,0.0000,0.0000,0.0000,0.0000,0.0000,0.0000,0.0000,0.0000,0.0000,0.0000,0.0000
65,1.2000,DynamicV1Rebalance,10.0000,3247.8863,324.7886,spend75p,329.7085,336.7629,344.9743,353.4885,362.2723,370.2315,376.1412,378.3051,371.9681,360.9458,328.0388,313.8093,294.8519,270.1703,239.4931,52.8482,41.7293,32.3114,20.0400,9.3428,0.0000,0.0000,0.0000,0.0000,0.0000,0.0000,0.0000,0.0000,0.0000,0.0000,0.0000,0.0000,0.0000,0.0000,0.0000,0.0000,0.0000,0.0000,0.0000,0.0000,0.0000,0.0000,0.0000,0.0000,0.0000
65,1.5000,DynamicV1Rebalance,2.5000,16024.4314,400.6108,survival,1.0000,1.0000,1.0000,1.0000,1.0000,1.0000,1.0000,1.0000,1.0000,1.0000,1.0000,1.0000,0.9995,0.9990,0.9980,0.9975,0.9970,0.9960,0.9960,0.9945,0.9945,0.9945,0.9945,0.9940,0.9940,0.9935,0.9925,0.9920,0.9910,0.9910,0.9905,0.9900,0.9900,0.9900,0.9895,0.9895,0.9890,0.9885,0.9880,0.9880,0.9875,0.9870,0.9870,0.9870,0.9865
65,1.5000,DynamicV1Rebalance,2.5000,16024.4314,400.6108,spend25p,401.0817,398.2348,395.0992,390.8492,386.9191,383.3197,379.0052,374.4781,369.9376,365.9763,343.3457,342.4401,339.3503,335.2061,332.4346,140.7487,135.2289,128.2084,123.2108,116.8387,110.2786,106.2193,100.2569,94.6785,88.0674,83.2109,77.2061,72.7698,67.0385,61.0253,55.0357,49.9706,44.3197,37.5112,31.9547,25.2491,18.4044,11.3594,5.5744,1.6212,-1.2540,-5.9404,-12.6862,-18.4987,-24.4618
65,1.5000,DynamicV1Rebalance,2.5000,16024.4314,400.6108,spend50p,403.8430,406.8254,410.0663,412.2519,415.5722,418.4931,422.1928,426.1172,429.5212,432.5065,413.8524,415.0586,420.3859,423.4942,424.7731,198.3015,194.1252,188.9051,183.6297,179.5310,176.9086,171.6888,166.1983,161.1346,157.3686,152.1313,148.8895,145.0325,140.6222,134.2884,129.9280,123.6014,118.2576,114.5321,107.1999,100.6564,94.0909,86.0595,81.6083,76.8145,70.7833,65.0726,59.5581,53.8205,49.3724
65,1.5000,DynamicV1Rebalance,2.5000,16024.4314,400.6108,spend75p,406.6792,415.3642,425.4709,435.9456,446.9435,457.9530,470.8465,481.4739,493.7571,505.6650,488.1165,498.9935,508.0537,517.3146,528.0736,264.6725,266.1783,266.5275,267.1927,265.9613,264.3178,262.6312,261.8082,257.8540,255.6666,251.7898,246.5792,241.8995,240.2924,238.7903,232.1169,229.7387,227.9534,221.8107,218.6386,217.0520,212.2304,203.5954,197.1101,192.7726,193.7898,191.4485,184.7105,185.0977,182.2090
65,1.5000,DynamicV1Rebalance,3.0000,13353.6929,400.6108,survival,1.0000,1.0000,1.0000,1.0000,1.0000,1.0000,1.0000,1.0000,1.0000,1.0000,0.9990,0.9980,0.9965,0.9955,0.9950,0.9940,0.9930,0.9915,0.9910,0.9890,0.9865,0.9845,0.9840,0.9825,0.9820,0.9800,0.9780,0.9775,0.9775,0.9745,0.9735,0.9725,0.9715,0.9690,0.9685,0.9680,0.9670,0.9655,0.9640,0.9635,0.9630,0.9625,0.9615,0.9610,0.9585
65,1.5000,DynamicV1Rebalance,3.0000,13353.6929,400.6108,spend25p,401.0817,398.2348,395.0992,390.8492,386.9191,383.3197,379.0052,374.4781,369.9376,365.9763,343.1848,341.7559,338.6606,334.5151,331.4151,139.7040,134.0918,127.7315,121.6033,115.4219,107.7248,103.0357,97.5459,90.9019,85.0121,79.6314,73.5689,68.2380,63.1660,57.0832,50.9901,44.9006,38.8556,30.9965,24.1320,18.2953,12.5868,5.7958,0.0000,0.0000,-0.9578,-5.0817,-11.8338,-17.9100,-23.9088
65,1.5000,DynamicV1Rebalance,3.0000,13353.6929,400.6108,spend50p,403.8430,406.8254,410.0663,412.2519,415.5722,418.4931,422.1928,426.1172,429.5212,432.5065,413.0442,414.6064,419.4994,422.8512,424.0847,197.5724,193.2347,187.9483,181.8402,178.2554,174.7161,169.1106,163.1206,159.2547,153.6515,149.0344,145.6774,141.0791,136.8866,129.6633,124.0582,118.8913,112.8402,106.4681,102.3734,95.1285,87.6241,80.8544,74.3663,68.4036,64.2312,58.3591,53.1240,47.5125,41.2648
65,1.5000,DynamicV1Rebalance,3.0000,13353.6929,400.6108,spend75p,406.6792,415.3642,425.4709,435.9456,446.9435,457.9530,470.8465,481.4739,493.7571,505.6650,488.0242,498.8456,506.7864,516.0871,527.3280,264.4234,265.2970,265.3859,265.8369,264.4506,260.7136,258.9405,258.1195,254.8699,252.1642,247.0617,240.2536,236.8956,234.4235,230.3983,226.7956,223.0947,217.6826,211.1361,208.1384,204.7987,199.8367,190.7067,182.6143,179.2715,175.2441,173.0866,169.2213,168.6728,165.1070
65,1.5000,DynamicV1Rebalance,3.5000,11446.0225,400.6108,survival,1.0000,1.0000,1.0000,1.0000,1.0000,1.0000,1.0000,1.0000,1.0000,0.9985,0.9975,0.9955,0.9940,0.9890,0.9830,0.9795,0.9755,0.9725,0.9690,0.9665,0.9640,0.9610,0.9565,0.9530,0.9500,0.9455,0.9410,0.9390,0.9350,0.9310,0.9270,0.9260,0.9235,0.9190,0.9180,0.9155,0.9155,0.9150,0.9145,0.9135,0.9120,0.9110,0.9110,0.9105,0.9100
65,1.5000,DynamicV1Rebalance,3.5000,11446.0225,400.6108,spend25p,401.0817,398.2348,395.0992,390.8492,386.9191,383.3197,379.0052,374.4781,369.9376,365.5768,342.9836,341.1202,338.1097,333.0854,327.7621,136.6189,129.6823,122.7865,115.9182,108.9310,103.9208,96.8462,90.3236,83.9006,77.5966,71.1152,64.7819,58.1790,51.8691,46.4528,39.8594,32.7041,27.3214,20.1083,12.5973,5.8079,0.0000,0.0000,0.0000,0.0000,0.0000,-3.9868,-8.9655,-16.2986,-22.8947
65,1.5000,DynamicV1Rebalance,3.5000,11446.0225,400.6108,spend50p,403.8430,406.8254,410.0663,412.2519,415.5722,418.4931,422.1928,426.1172,429.5212,432.4324,412.3718,413.8084,419.1037,420.8113,418.0049,195.1120,189.5274,183.1106,176.8094,172.4204,169.4268,163.6202,158.4021,152.1288,146.6785,142.2890,136.0549,130.2373,124.0313,117.9978,110.7830,106.0823,100.5171,92.9534,87.3632,81.7859,76.0539,68.4748,62.0839,57.2152,51.4644,45.7355,40.3448,32.9277,27.1076
65,1.5000,DynamicV1Rebalance,3.5000,11446.0225,400.6108,spend75p,406.6792,415.3642,425.4709,435.9456,446.9435,457.9530,470.8465,481.4739,493.7571,505.5832,487.1028,498.6814,506.3229,513.1893,523.1303,261.9809,260.1912,260.3578,259.6145,256.7558,254.1363,252.2337,250.5285,247.6127,243.4750,235.1772,230.7005,226.7804,220.5697,216.2114,212.5311,204.6182,198.6298,193.7087,188.7167,184.4989,178.5834,171.7747,168.2022,163.0113,158.2630,154.8345,151.4996,146.8940,141.6869
65,1.5000,DynamicV1Rebalance,4.0000,10015.2697,400.6108,survival,1.0000,1.0000,1.0000,1.0000,1.0000,1.0000,1.0000,1.0000,0.9990,0.9980,0.9945,0.9920,0.9825,0.9730,0.9650,0.9580,0.9540,0.9480,0.9415,0.9310,0.9220,0.9190,0.9115,0.9065,0.9015,0.9000,0.8940,0.8890,0.8855,0.8810,0.8770,0.8750,0.8690,0.8650,0.8620,0.8565,0.8535,0.8520,0.8510,0.8500,0.8495,0.8470,0.8450,0.8435,0.8420
65,1.5000,DynamicV1Rebalance,4.0000,10015.2697,400.6108,spend25p,401.0817,398.2348,395.0992,390.8492,386.9191,383.3197,379.0052,374.4781,369.5623,365.3659,342.3128,340.1276,334.0783,327.0289,320.7528,132.8251,125.6895,118.0521,110.0573,100.7540,92.6441,86.4559,79.0978,70.9153,63.8237,57.3254,48.9666,42.8683,36.0170,30.1156,24.0394,17.4992,10.6378,3.6255,0.0000,0.0000,0.0000,0.0000,0.0000,0.0000,0.0000,-2.9497,-7.8922,-14.5517,-20.8983
65,1.5000,DynamicV1Rebalance,4.0000,10015.2697,400.6108,spend50p,403.8430,406.8254,410.0663,412.2519,415.5722,418.4931,422.1928,426.1172,429.3911,432.4134,411.3343,413.0025,415.0157,415.6611,413.5187,191.5642,185.9385,178.6365,171.3769,164.1338,156.6637,151.8386,146.2874,140.0594,135.3351,132.1144,125.5868,119.3920,113.7913,107.2321,101.4459,94.8451,86.2173,79.5824,73.1967,65.5552,57.9561,50.3273,43.7783,38.1602,33.3268,26.4115,21.5057,15.0875,6.9310
65,1.5000,DynamicV1Rebalance,4.0000,10015.2697,400.6108,spend75p,406.6792,415.3642,425.4709,435.9456,446.9435,457.9530,470.8465,481.4739,493.6176,505.5196,486.2480,497.4915,502.5428,508.3955,514.7082,256.5106,254.8582,254.8798,252.0564,248.4065,244.6187,240.4680,234.9759,229.9264,225.1069,220.1060,216.8506,212.0775,207.4856,198.7676,192.1865,188.6316,181.8682,177.3470,170.8748,161.6493,153.9388,148.3237,143.3894,141.3597,139.3280,137.7114,130.7911,125.3160,119.8183
65,1.5000,DynamicV1Rebalance,5.0000,8012.2157,400.6108,survival,1.0000,1.0000,1.0000,1.0000,1.0000,1.0000,1.0000,0.9985,0.9970,0.9920,0.9805,0.9660,0.9485,0.9305,0.9055,0.8885,0.8720,0.8580,0.8445,0.8370,0.8290,0.8210,0.8120,0.8010,0.7910,0.7800,0.7715,0.7635,0.7550,0.7455,0.7425,0.7405,0.7370,0.7340,0.7305,0.7280,0.7265,0.7260,0.7235,0.7215,0.7195,0.7175,0.7160,0.7155,0.7145
65,1.5000,DynamicV1Rebalance,5.0000,8012.2157,400.6108,spend25p,401.0817,398.2348,395.0992,390.8492,386.9191,383.3197,379.0052,373.8804,368.7746,364.0402,338.1892,330.9868,321.3863,311.2143,300.1412,114.0226,103.4078,91.7673,80.3763,71.5600,61.4098,50.9179,42.6552,31.2980,21.3414,9.0072,0.0000,0.0000,0.0000,0.0000,0.0000,0.0000,0.0000,0.0000,0.0000,0.0000,0.0000,0.0000,0.0000,0.0000,0.0000,0.0000,-4.7814,-9.3920,-14.8372
65,1.5000,DynamicV1Rebalance,5.0000,8012.2157,400.6108,spend50p,403.8430,406.8254,410.0663,412.2519,415.5722,418.4931,422.1928,425.5836,429.1277,431.2187,408.0598,408.0461,405.5916,401.3463,395.4177,175.5149,167.9212,160.1900,150.1775,143.2756,135.4907,128.0227,120.5552,113.6113,107.4332,98.7558,91.1950,83.3822,76.1674,68.6822,62.7462,58.1838,51.2955,45.3551,37.0274,29.3026,20.7372,14.4133,7.9264,2.9366,0.0000,0.0000,0.0000,0.0000,0.0000
65,1.5000,DynamicV1Rebalance,5.0000,8012.2157,400.6108,spend75p,406.6792,415.3642,425.4709,435.9456,446.9435,457.9530,470.8465,481.2216,493.4250,503.4862,483.1386,490.1209,494.7037,497.5961,498.3000,244.1500,241.4042,233.7388,229.5770,225.9061,222.5369,216.6036,210.0582,200.9803,196.1596,187.5526,181.1860,172.6179,166.6837,163.4873,157.3057,150.4513,143.6291,136.3445,129.4057,125.3171,117.4145,109.0039,103.7515,98.9158,94.5379,90.3572,85.3147,80.4939,73.4180
65,1.5000,DynamicV1Rebalance,6.0000,6676.8464,400.6108,survival,1.0000,1.0000,1.0000,1.0000,1.0000,1.0000,0.9985,0.9970,0.9870,0.9720,0.9505,0.9230,0.8925,0.8445,0.8110,0.7895,0.7735,0.7540,0.7390,0.7300,0.7115,0.6970,0.6820,0.6710,0.6600,0.6505,0.6420,0.6345,0.6305,0.6235,0.6215,0.6190,0.6150,0.6120,0.6100,0.6045,0.6030,0.5985,0.5955,0.5940,0.5930,0.5910,0.5905,0.5890,0.5860
65,1.5000,DynamicV1Rebalance,6.0000,6676.8464,400.6108,spend25p,401.0817,398.2348,395.0992,390.8492,386.9191,383.3197,377.8508,373.2536,365.8355,357.7579,329.8756,317.6986,301.4685,273.6233,250.1177,75.9000,57.1925,23.2765,0.0000,0.0000,0.0000,0.0000,0.0000,0.0000,0.0000,0.0000,0.0000,0.0000,0.0000,0.0000,0.0000,0.0000,0.0000,0.0000,0.0000,0.0000,0.0000,0.0000,0.0000,0.0000,0.0000,0.0000,0.0000,0.0000,-3.1863
65,1.5000,DynamicV1Rebalance,6.0000,6676.8464,400.6108,spend50p,403.8430,406.8254,410.0663,412.2519,415.5722,418.4931,422.0993,425.3985,427.1519,428.9656,403.1557,398.0739,390.1236,374.8626,364.0565,156.7102,148.7420,138.8316,129.3193,119.7091,109.2175,99.8520,90.2811,81.7600,72.6413,64.8675,56.0433,47.9415,41.2294,32.9856,27.8953,20.9924,14.2236,7.7246,0.3482,0.0000,0.0000,0.0000,0.0000,0.0000,0.0000,0.0000,0.0000,0.0000,0.0000
65,1.5000,DynamicV1Rebalance,6.0000,6676.8464,400.6108,spend75p,406.6792,415.3642,425.4709,435.9456,446.9435,457.9530,470.7013,480.9914,491.1242,499.5794,476.9359,481.6586,481.0691,476.0453,476.3419,228.9781,221.8644,215.4903,212.5533,206.8222,196.7912,186.8908,180.4911,170.1533,161.7565,155.8320,150.4353,146.0256,140.7158,132.0358,128.9297,121.4700,115.4914,109.3562,104.1135,96.6206,89.3515,81.5036,74.0859,68.3565,65.1618,58.4065,53.5206,49.9352,43.1960
65,1.5000,DynamicV1Rebalance,7.0000,5723.0112,400.6108,survival,1.0000,1.0000,1.0000,1.0000,1.0000,0.9990,0.9965,0.9850,0.9685,0.9340,0.8955,0.8470,0.7940,0.7450,0.6955,0.6630,0.6405,0.6230,0.6085,0.5950,0.5830,0.5690,0.5590,0.5465,0.5340,0.5265,0.5190,0.5125,0.5090,0.5040,0.5000,0.4930,0.4895,0.4865,0.4820,0.4800,0.4775,0.4760,0.4730,0.4720,0.4705,0.4705,0.4700,0.4695,0.4680
65,1.5000,DynamicV1Rebalance,7.0000,5723.0112,400.6108,spend25p,401.0817,398.2348,395.0992,390.8492,386.9191,383.0657,377.4673,370.2504,360.7474,347.5942,311.6787,286.6153,250.9753,0.0000,0.0000,0.0000,0.0000,0.0000,0.0000,0.0000,0.0000,0.0000,0.0000,0.0000,0.0000,0.0000,0.0000,0.0000,0.0000,0.0000,0.0000,0.0000,0.0000,0.0000,0.0000,0.0000,0.0000,0.0000,0.0000,0.0000,0.0000,0.0000,0.0000,0.0000,0.0000
65,1.5000,DynamicV1Rebalance,7.0000,5723.0112,400.6108,spend50p,403.8430,406.8254,410.0663,412.2519,415.5722,418.3868,422.0502,424.2072,425.0264,422.4770,389.6920,377.8382,361.3257,345.3471,324.0723,128.4992,114.0190,102.9386,91.6213,80.6242,67.4189,53.3344,44.0341,31.3977,19.6606,9.5306,0.0000,0.0000,0.0000,0.0000,0.0000,0.0000,0.0000,0.0000,0.0000,0.0000,0.0000,0.0000,0.0000,0.0000,0.0000,0.0000,0.0000,0.0000,0.0000
65,1.5000,DynamicV1Rebalance,7.0000,5723.0112,400.6108,spend75p,406.6792,415.3642,425.4709,435.9456,446.9435,457.5595,470.6787,478.9404,487.0249,493.6122,468.4463,466.1540,460.1072,454.3996,443.6214,205.3199,197.9312,189.3465,179.7291,172.5771,163.7376,155.9696,149.0384,140.8581,132.6686,125.7271,119.4773,113.1188,106.4309,100.9160,92.1867,84.0963,78.7808,71.0884,63.1800,55.6949,49.7417,41.9408,35.1773,28.5441,22.8215,18.7012,11.9503,6.4639,0.0000
65,1.5000,DynamicV1Rebalance,8.0000,5007.6348,400.6108,survival,1.0000,1.0000,1.0000,1.0000,1.0000,0.9980,0.9875,0.9705,0.9295,0.8805,0.8115,0.7425,0.6800,0.6190,0.5700,0.5475,0.5310,0.5125,0.4945,0.4790,0.4675,0.4540,0.4455,0.4350,0.4250,0.4150,0.4065,0.4010,0.3960,0.3920,0.3865,0.3840,0.3780,0.3760,0.3730,0.3700,0.3680,0.3665,0.3640,0.3625,0.3605,0.3590,0.3575,0.3555,0.3550
65,1.5000,DynamicV1Rebalance,8.0000,5007.6348,400.6108,spend25p,401.0817,398.2348,395.0992,390.8492,386.9191,382.5282,375.2494,366.6871,350.9916,331.1402,278.2505,0.0000,0.0000,0.0000,0.0000,0.0000,0.0000,0.0000,0.0000,0.0000,0.0000,0.0000,0.0000,0.0000,0.0000,0.0000,0.0000,0.0000,0.0000,0.0000,0.0000,0.0000,0.0000,0.0000,0.0000,0.0000,0.0000,0.0000,0.0000,0.0000,0.0000,0.0000,0.0000,0.0000,0.0000
65,1.5000,DynamicV1Rebalance,8.0000,5007.6348,400.6108,spend50p,403.8430,406.8254,410.0663,412.2519,415.5722,418.2739,420.8090,422.9731,418.1549,410.8858,369.1485,349.7128,323.3271,296.5446,261.8336,83.7706,64.7784,38.8139,0.0000,0.0000,0.0000,0.0000,0.0000,0.0000,0.0000,0.0000,0.0000,0.0000,0.0000,0.0000,0.0000,0.0000,0.0000,0.0000,0.0000,0.0000,0.0000,0.0000,0.0000,0.0000,0.0000,0.0000,0.0000,0.0000,0.0000
65,1.5000,DynamicV1Rebalance,8.0000,5007.6348,400.6108,spend75p,406.6792,415.3642,425.4709,435.9456,446.9435,457.3571,468.8594,476.0104,482.7868,485.2672,449.9354,442.7314,432.8666,421.2443,406.9035,181.7489,173.4696,163.3772,150.5000,142.1694,131.2065,120.2986,111.0923,101.6567,95.0068,87.5675,78.3679,72.9080,65.9239,58.1614,50.1635,43.8269,34.6794,28.9820,22.4254,16.0040,9.6941,2.5066,0.0000,0.0000,0.0000,0.0000,0.0000,0.0000,0.0000
65,1.5000,DynamicV1Rebalance,9.0000,4451.2310,400.6108,survival,1.0000,1.0000,1.0000,1.0000,0.9995,0.9940,0.9750,0.9350,0.8760,0.7860,0.7060,0.6330,0.5695,0.5115,0.4570,0.4325,0.4120,0.3885,0.3740,0.3550,0.3405,0.3310,0.3170,0.3095,0.2995,0.2965,0.2920,0.2855,0.2790,0.2755,0.2730,0.2690,0.2655,0.2630,0.2615,0.2600,0.2575,0.2565,0.2545,0.2530,0.2520,0.2500,0.2485,0.2480,0.2475
65,1.5000,DynamicV1Rebalance,9.0000,4451.2310,400.6108,spend25p,401.0817,398.2348,395.0992,390.8492,386.8431,381.8429,373.0085,358.0329,336.0680,286.2063,0.0000,0.0000,0.0000,0.0000,0.0000,0.0000,0.0000,0.0000,0.0000,0.0000,0.0000,0.0000,0.0000,0.0000,0.0000,0.0000,0.0000,0.0000,0.0000,0.0000,0.0000,0.0000,0.0000,0.0000,0.0000,0.0000,0.0000,0.0000,0.0000,0.0000,0.0000,0.0000,0.0000,0.0000,0.0000
65,1.5000,DynamicV1Rebalance,9.0000,4451.2310,400.6108,spend50p,403.8430,406.8254,410.0663,412.2519,415.5503,417.9142,419.3201,416.0858,408.8881,387.5165,341.7169,310.5887,274.1695,207.1611,0.0000,0.0000,0.0000,0.0000,0.0000,0.0000,0.0000,0.0000,0.0000,0.0000,0.0000,0.0000,0.0000,0.0000,0.0000,0.0000,0.0000,0.0000,0.0000,0.0000,0.0000,0.0000,0.0000,0.0000,0.0000,0.0000,0.0000,0.0000,0.0000,0.0000,0.0000
65,1.5000,DynamicV1Rebalance,9.0000,4451.2310,400.6108,spend75p,406.6792,415.3642,425.4709,435.9456,446.9040,457.2625,467.3866,471.5879,473.3291,464.8175,429.4899,415.8999,403.7479,383.5236,361.5200,153.2520,143.1801,128.8041,117.2899,104.2681,91.7531,80.1595,65.2939,54.6041,40.8567,33.7668,26.3312,16.3663,7.9932,0.0000,0.0000,0.0000,0.0000,0.0000,0.0000,0.0000,0.0000,0.0000,0.0000,0.0000,0.0000,0.0000,0.0000,0.0000,0.0000
65,1.5000,DynamicV1Rebalance,10.0000,4006.1079,400.6108,survival,1.0000,1.0000,1.0000,1.0000,0.9985,0.9845,0.9520,0.8880,0.7865,0.6840,0.6000,0.5275,0.4585,0.3890,0.3310,0.3055,0.2905,0.2745,0.2625,0.2490,0.2390,0.2310,0.2235,0.2155,0.2095,0.2035,0.1990,0.1960,0.1940,0.1905,0.1875,0.1850,0.1835,0.1820,0.1805,0.1795,0.1785,0.1780,0.1765,0.1755,0.1755,0.1750,0.1745,0.1735,0.1730
65,1.5000,DynamicV1Rebalance,10.0000,4006.1079,400.6108,spend25p,401.0817,398.2348,395.0992,390.8492,386.7745,380.1863,368.0432,346.9563,296.9592,0.0000,0.0000,0.0000,0.0000,0.0000,0.0000,0.0000,0.0000,0.0000,0.0000,0.0000,0.0000,0.0000,0.0000,0.0000,0.0000,0.0000,0.0000,0.0000,0.0000,0.0000,0.0000,0.0000,0.0000,0.0000,0.0000,0.0000,0.0000,0.0000,0.0000,0.0000,0.0000,0.0000,0.0000,0.0000,0.0000
65,1.5000,DynamicV1Rebalance,10.0000,4006.1079,400.6108,spend50p,403.8430,406.8254,410.0663,412.2519,415.4577,417.2175,416.4265,408.5904,390.2826,356.0374,300.7103,253.5754,0.0000,0.0000,0.0000,0.0000,0.0000,0.0000,0.0000,0.0000,0.0000,0.0000,0.0000,0.0000,0.0000,0.0000,0.0000,0.0000,0.0000,0.0000,0.0000,0.0000,0.0000,0.0000,0.0000,0.0000,0.0000,0.0000,0.0000,0.0000,0.0000,0.0000,0.0000,0.0000,0.0000
65,1.5000,DynamicV1Rebalance,10.0000,4006.1079,400.6108,spend75p,406.6792,415.3642,425.4709,435.9456,446.7471,456.5260,463.7723,466.3952,459.1700,444.8970,409.9614,391.1291,368.3375,337.1436,296.2462,103.9613,85.8507,64.4932,42.7462,0.0000,0.0000,0.0000,0.0000,0.0000,0.0000,0.0000,0.0000,0.0000,0.0000,0.0000,0.0000,0.0000,0.0000,0.0000,0.0000,0.0000,0.0000,0.0000,0.0000,0.0000,0.0000,0.0000,0.0000,0.0000,0.0000
65,1.8000,DynamicV1Rebalance,2.5000,19057.3177,476.4329,survival,1.0000,1.0000,1.0000,1.0000,1.0000,1.0000,1.0000,1.0000,1.0000,1.0000,1.0000,1.0000,0.9995,0.9990,0.9980,0.9975,0.9965,0.9955,0.9945,0.9945,0.9945,0.9940,0.9940,0.9935,0.9930,0.9920,0.9915,0.9900,0.9900,0.9900,0.9890,0.9885,0.9875,0.9875,0.9875,0.9870,0.9865,0.9860,0.9850,0.9845,0.9845,0.9840,0.9830,0.9815,0.9805
65,1.8000,DynamicV1Rebalance,2.5000,19057.3177,476.4329,spend25p,476.9929,473.5946,469.8496,464.7765,460.0811,455.7764,450.6192,445.2074,439.7779,435.0353,412.0148,410.9282,407.2203,402.2473,398.9215,206.5179,200.4740,192.8813,187.1479,180.7178,174.3378,169.6068,163.3327,156.7050,150.3545,144.5563,139.2692,133.8314,128.3257,123.1095,117.3951,110.2467,104.7593,100.0956,95.0624,87.8403,80.6975,73.9816,67.5845,63.7126,60.9850,57.4543,50.7879,45.4140,38.4434
65,1.8000,DynamicV1Rebalance,2.5000,19057.3177,476.4329,spend50p,480.2769,483.8108,487.6485,490.2274,494.1521,497.5985,501.9673,506.5998,510.6103,514.1197,496.6229,498.0703,504.4631,508.1930,509.7277,283.3536,278.8707,273.9153,267.6650,265.6376,263.5912,258.9173,253.0658,248.9569,243.7584,240.1400,238.3154,235.7342,231.3225,226.0621,222.2476,217.6893,211.1496,209.0995,204.6266,197.9624,191.7072,184.4823,181.5027,176.8825,173.5353,170.4083,165.4828,160.2182,155.0334
65,1.8000,DynamicV1Rebalance,2.5000,19057.3177,476.4329,spend75p,483.6499,493.9655,505.9675,518.4027,531.4554,544.5173,559.8143,572.4120,586.9732,601.0831,585.7398,598.7922,609.6644,620.7775,633.6884,372.7220,376.6153,378.9566,380.3734,382.6273,382.9692,382.4221,384.0929,381.4690,379.4282,377.1543,373.6448,368.9553,370.1102,371.2839,367.8921,367.5820,365.3812,366.6381,366.1663,366.0860,365.1313,359.0288,354.1941,351.2407,357.8893,360.7327,358.6746,356.6505,359.1874
65,1.8000,DynamicV1Rebalance,3.0000,15881.0981,476.4329,survival,1.0000,1.0000,1.0000,1.0000,1.0000,1.0000,1.0000,1.0000,1.0000,1.0000,0.9990,0.9980,0.9965,0.9955,0.9945,0.9935,0.9915,0.9915,0.9895,0.9855,0.9845,0.9835,0.9820,0.9800,0.9770,0.9755,0.9745,0.9720,0.9705,0.9670,0.9650,0.9640,0.9600,0.9585,0.9575,0.9555,0.9545,0.9540,0.9510,0.9480,0.9460,0.9450,0.9450,0.9445,0.9445
65,1.8000,DynamicV1Rebalance,3.0000,15881.0981,476.4329,spend25p,476.9929,473.5946,469.8496,464.7765,460.0811,455.7764,450.6192,445.2074,439.7779,435.0353,411.8218,410.1071,406.3928,401.4181,397.5514,205.3861,198.3305,191.7815,184.8654,177.6442,170.5684,166.2668,158.9007,151.0551,144.5787,137.9885,131.8593,127.1690,120.9386,115.8079,109.1107,102.3584,94.4711,87.5400,81.1875,75.4794,68.5059,60.9416,55.6046,49.6883,44.2832,39.9680,35.5732,28.8018,23.4199
65,1.8000,DynamicV1Rebalance,3.0000,15881.0981,476.4329,spend50p,480.2769,483.8108,487.6485,490.2274,494.1521,497.5985,501.9673,506.5998,510.6103,514.1197,495.6530,497.5277,503.3993,507.4214,508.1869,282.5519,278.0816,272.4254,266.5527,262.0091,259.9886,254.7860,248.5518,244.6126,238.7750,235.4903,232.1392,228.5829,224.9188,216.5188,210.5775,207.2920,202.2244,195.6097,192.3760,186.4009,180.9696,175.3264,167.4620,160.7532,155.2468,151.2480,147.3028,144.1743,139.5361
65,1.8000,DynamicV1Rebalance,3.0000,15881.0981,476.4329,spend75p,483.6499,493.9655,505.9675,518.4027,531.4554,544.5173,559.8143,572.4120,586.9732,601.0831,585.6290,598.6147,608.1436,619.3046,632.2846,371.8498,373.9790,377.0037,379.0526,378.5854,375.2703,375.4719,378.6685,375.8488,374.3389,369.7836,364.6864,361.1361,358.5094,354.7099,355.7931,353.2355,346.7099,344.7146,343.8867,340.5042,335.6987,331.6632,327.3306,319.3790,321.2558,320.6445,323.1903,323.2288,321.0387
65,1.8000,DynamicV1Rebalance,3.5000,13612.3698,476.4329,survival,1.0000,1.0000,1.0000,1.0000,1.0000,1.0000,1.0000,1.0000,1.0000,0.9985,0.9975,0.9955,0.9940,0.9890,0.9825,0.9775,0.9740,0.9700,0.9665,0.9630,0.9600,0.9540,0.9490,0.9435,0.9380,0.9325,0.9270,0.9235,0.9205,0.9180,0.9140,0.9120,0.9080,0.9045,0.9025,0.8995,0.8985,0.8965,0.8955,0.8935,0.8915,0.8885,0.8875,0.8850,0.8820
65,1.8000,DynamicV1Rebalance,3.5000,13612.3698,476.4329,spend25p,476.9929,473.5946,469.8496,464.7765,460.0811,455.7764,450.6192,445.2074,439.7779,434.5604,411.5803,409.3443,405.7317,399.7025,393.2650,200.6221,193.1026,185.1066,177.2496,169.5926,164.7279,153.7272,146.8142,139.3120,130.0706,124.1949,114.9433,107.5733,102.1795,96.1350,88.4347,82.3843,73.8334,67.8674,59.0505,52.6667,45.8189,38.4401,32.7933,27.6940,21.4833,15.2032,9.8324,2.6644,0.0000
65,1.8000,DynamicV1Rebalance,3.5000,13612.3698,476.4329,spend50p,480.2769,483.8108,487.6485,490.2274,494.1521,497.5985,501.9673,506.5998,510.6103,514.0316,494.8461,496.5701,502.9245,504.9736,501.6059,278.2542,272.7701,265.7070,259.4696,254.7427,251.5736,245.3048,239.8536,232.2709,227.7520,222.3212,217.0611,210.4170,203.4478,198.8428,191.8053,186.6174,181.2226,175.5739,170.7396,164.3497,160.2341,151.0367,147.4206,142.0612,135.3456,129.3759,124.5595,119.0624,111.6621
65,1.8000,DynamicV1Rebalance,3.5000,13612.3698,476.4329,spend75p,483.6499,493.9655,505.9675,518.4027,531.4554,544.5173,559.8143,572.4120,586.9732,600.9858,584.5233,598.4177,607.5875,615.8271,627.7564,367.3052,366.5299,368.8752,369.7129,368.0783,366.2339,366.6655,366.1590,363.3795,354.5793,350.6248,346.9486,342.0763,338.6150,334.8412,333.7287,324.9145,318.8097,315.1194,312.4219,309.6711,303.6501,298.0924,292.9363,296.3549,294.1535,293.2113,292.0327,288.0585,285.9682
65,1.8000,DynamicV1Rebalance,4.0000,11910.8236,476.4329,survival,1.0000,1.0000,1.0000,1.0000,1.0000,1.0000,1.0000,1.0000,0.9990,0.9980,0.9945,0.9920,0.9825,0.9730,0.9645,0.9565,0.9505,0.9425,0.9325,0.9225,0.9150,0.9075,0.9005,0.8945,0.8860,0.8780,0.8730,0.8665,0.8595,0.8525,0.8455,0.8395,0.8365,0.8310,0.8280,0.8250,0.8225,0.8200,0.8155,0.8135,0.8120,0.8115,0.8090,0.8065,0.8050
65,1.8000,DynamicV1Rebalance,4.0000,11910.8236,476.4329,spend25p,476.9929,473.5946,469.8496,464.7765,460.0811,455.7764,450.6192,445.2074,439.3317,434.3098,410.7754,408.1532,400.8939,392.4347,384.7726,196.1991,186.7873,177.4817,167.0516,156.9187,146.9370,138.4914,127.7473,119.3407,109.9401,99.3569,91.3598,83.5986,75.1692,65.2457,57.5272,48.4983,42.2933,32.5248,21.9002,16.0593,7.4777,0.3497,0.0000,0.0000,0.0000,0.0000,0.0000,0.0000,0.0000
65,1.8000,DynamicV1Rebalance,4.0000,11910.8236,476.4329,spend50p,480.2769,483.8108,487.6485,490.2274,494.1521,497.5985,501.9673,506.5998,510.4555,514.0090,493.6012,495.6030,498.0189,498.7934,496.0904,273.8457,266.5584,258.2981,249.3258,240.3496,234.4064,226.6431,222.6865,216.4637,210.1875,204.7347,200.2196,193.8899,186.4563,180.3623,170.1248,162.4437,156.5897,148.1540,141.5177,133.6190,127.9048,120.7820,113.0708,108.3145,104.4955,99.5762,90.7318,85.3423,80.4347
65,1.8000,DynamicV1Rebalance,4.0000,11910.8236,476.4329,spend75p,483.6499,493.9655,505.9675,518.4027,531.4554,544.5173,559.8143,572.4120,586.8074,600.9102,583.4976,596.9899,603.0513,610.0746,617.1291,360.3913,360.0813,361.4195,357.1243,353.1136,352.5203,346.8605,343.5603,339.2662,333.1141,329.5036,326.0773,322.2112,314.2759,307.8192,299.9565,294.7810,292.7347,283.7595,279.8332,275.4019,271.3351,266.5378,262.8404,262.4766,260.3936,262.2174,255.5490,250.8606,245.9067
65,1.8000,DynamicV1Rebalance,5.0000,9528.6589,476.4329,survival,1.0000,1.0000,1.0000,1.0000,1.0000,1.0000,1.0000,0.9985,0.9970,0.9920,0.9805,0.9660,0.9480,0.9300,0.9040,0.8835,0.8660,0.8485,0.8375,0.8280,0.8170,0.8020,0.7855,0.7725,0.7645,0.7480,0.7385,0.7300,0.7250,0.7195,0.7145,0.7060,0.6990,0.6925,0.6915,0.6890,0.6845,0.6810,0.6740,0.6725,0.6685,0.6665,0.6660,0.6640,0.6620
65,1.8000,DynamicV1Rebalance,5.0000,9528.6589,476.4329,spend25p,476.9929,473.5946,469.8496,464.7765,460.0811,455.7764,450.6192,444.4968,438.3953,432.7340,405.8271,397.1842,385.6136,373.3019,358.4117,169.0685,154.9556,140.9059,126.7831,114.2215,100.3572,85.0022,67.4602,46.8409,33.6895,0.0000,0.0000,0.0000,0.0000,0.0000,0.0000,0.0000,0.0000,0.0000,0.0000,0.0000,0.0000,0.0000,0.0000,0.0000,0.0000,0.0000,0.0000,0.0000,0.0000
65,1.8000,DynamicV1Rebalance,5.0000,9528.6589,476.4329,spend50p,480.2769,483.8108,487.6485,490.2274,494.1521,497.5985,501.9673,505.9655,510.1424,512.5889,489.6718,489.6553,486.4342,481.0226,473.7882,252.0619,242.8632,232.7227,222.1176,214.2963,204.8271,193.7121,184.1273,175.1813,166.3712,154.6568,145.7644,138.5295,132.4345,125.0481,117.6857,108.2561,100.4162,91.5714,85.0140,78.8492,70.4791,60.6098,53.3035,48.7949,42.4549,37.7826,32.1029,25.1582,16.1305
65,1.8000,DynamicV1Rebalance,5.0000,9528.6589,476.4329,spend75p,483.6499,493.9655,505.9675,518.4027,531.4554,544.5173,559.8143,572.1121,586.5784,598.4932,579.7663,588.1451,593.0305,596.9582,597.5942,343.6016,338.1452,331.4249,329.5987,324.2656,318.4252,313.2576,303.2780,294.5294,291.3464,278.3175,266.0806,264.6116,260.7233,255.3259,252.4258,243.2895,235.6372,229.7270,226.2062,220.2618,211.3306,200.9957,196.4190,195.8850,191.6962,188.4373,185.0043,180.3261,176.5990
65,1.8000,DynamicV1Rebalance,6.0000,7940.5491,476.4329,survival,1.0000,1.0000,1.0000,1.0000,1.0000,1.0000,0.9985,0.9970,0.9870,0.9720,0.9505,0.9225,0.8920,0.8425,0.8090,0.7840,0.7650,0.7440,0.7280,0.7070,0.6860,0.6710,0.6570,0.6420,0.6290,0.6200,0.6135,0.6060,0.5980,0.5915,0.5815,0.5750,0.5680,0.5650,0.5615,0.5580,0.5545,0.5510,0.5485,0.5455,0.5425,0.5410,0.5380,0.5360,0.5330
65,1.8000,DynamicV1Rebalance,6.0000,7940.5491,476.4329,spend25p,476.9929,473.5946,469.8496,464.7765,460.0811,455.7764,449.2468,443.7516,434.9014,425.2661,395.8507,381.0375,361.6485,326.8174,297.9655,116.0375,85.4068,0.0000,0.0000,0.0000,0.0000,0.0000,0.0000,0.0000,0.0000,0.0000,0.0000,0.0000,0.0000,0.0000,0.0000,0.0000,0.0000,0.0000,0.0000,0.0000,0.0000,0.0000,0.0000,0.0000,0.0000,0.0000,0.0000,0.0000,0.0000
65,1.8000,DynamicV1Rebalance,6.0000,7940.5491,476.4329,spend50p,480.2769,483.8108,487.6485,490.2274,494.1521,497.5985,501.8561,505.7453,507.7937,509.9106,483.7868,477.5355,468.0715,448.6645,436.5716,227.0125,216.5361,203.7385,191.2355,176.8152,164.8118,150.7301,140.3868,126.9513,115.3545,104.6831,95.4917,85.6994,77.1013,67.0390,57.0427,48.1346,37.4918,26.9015,18.8196,10.0562,2.8246,0.0000,0.0000,0.0000,0.0000,0.0000,0.0000,0.0000,0.0000
65,1.8000,DynamicV1Rebalance,6.0000,7940.5491,476.4329,spend75p,483.6499,493.9655,505.9675,518.4027,531.4554,544.5173,559.6416,571.8383,583.8432,593.8491,572.3231,577.9903,576.6915,569.3203,570.5853,323.4076,313.9914,307.4903,303.9715,294.4167,281.2801,271.4304,263.1589,251.9934,243.7393,238.8236,235.0303,226.4133,219.9175,213.4942,204.5440,196.5600,189.2670,185.9398,179.4782,173.5676,168.1881,160.7014,152.4243,145.8793,139.5741,135.5864,129.0884,125.1205,118.7832
65,1.8000,DynamicV1Rebalance,7.0000,6806.1849,476.4329,survival,1.0000,1.0000,1.0000,1.0000,1.0000,0.9990,0.9965,0.9850,0.9685,0.9340,0.8955,0.8465,0.7915,0.7440,0.6940,0.6575,0.6295,0.6120,0.5935,0.5785,0.5610,0.5430,0.5285,0.5170,0.5070,0.4975,0.4875,0.4780,0.4715,0.4645,0.4580,0.4530,0.4480,0.4440,0.4400,0.4370,0.4325,0.4275,0.4260,0.4235,0.4210,0.4195,0.4170,0.4140,0.4110
65,1.8000,DynamicV1Rebalance,7.0000,6806.1849,476.4329,spend25p,476.9929,473.5946,469.8496,464.7765,460.0811,455.4744,448.7908,440.1812,428.8526,413.1846,374.0145,343.6922,298.0068,0.0000,0.0000,0.0000,0.0000,0.0000,0.0000,0.0000,0.0000,0.0000,0.0000,0.0000,0.0000,0.0000,0.0000,0.0000,0.0000,0.0000,0.0000,0.0000,0.0000,0.0000,0.0000,0.0000,0.0000,0.0000,0.0000,0.0000,0.0000,0.0000,0.0000,0.0000,0.0000
65,1.8000,DynamicV1Rebalance,7.0000,6806.1849,476.4329,spend50p,480.2769,483.8108,487.6485,490.2274,494.1521,497.4721,501.7978,504.3290,505.2669,502.1977,467.6304,453.4059,433.4869,413.5854,388.7193,187.5861,168.7572,152.0514,137.7265,119.5160,101.4301,81.1505,63.2381,43.9254,17.7141,0.0000,0.0000,0.0000,0.0000,0.0000,0.0000,0.0000,0.0000,0.0000,0.0000,0.0000,0.0000,0.0000,0.0000,0.0000,0.0000,0.0000,0.0000,0.0000,0.0000
65,1.8000,DynamicV1Rebalance,7.0000,6806.1849,476.4329,spend75p,483.6499,493.9655,505.9675,518.4027,531.4554,544.0494,559.6148,569.3999,578.9700,586.7559,562.1355,559.3848,552.0586,545.0687,532.3307,291.7417,280.8626,269.3419,259.4585,248.6604,236.7697,225.4701,217.3718,208.7412,200.4870,192.9200,182.6094,173.8609,166.5927,154.1704,149.8502,142.6518,136.3281,129.3825,119.5416,109.4852,102.7019,92.1907,85.2754,79.8549,74.9675,70.2425,65.6739,61.1620,53.6703
65,1.8000,DynamicV1Rebalance,8.0000,5955.4118,476.4329,survival,1.0000,1.0000,1.0000,1.0000,1.0000,0.9980,0.9875,0.9705,0.9295,0.8805,0.8115,0.7410,0.6785,0.6180,0.5680,0.5440,0.5220,0.4995,0.4770,0.4635,0.4435,0.4305,0.4165,0.4010,0.3940,0.3835,0.3760,0.3655,0.3555,0.3480,0.3415,0.3365,0.3280,0.3235,0.3200,0.3155,0.3115,0.3085,0.3065,0.3040,0.3035,0.3030,0.3005,0.3005,0.2990
65,1.8000,DynamicV1Rebalance,8.0000,5955.4118,476.4329,spend25p,476.9929,473.5946,469.8496,464.7765,460.0811,454.8354,446.1538,435.9449,417.2551,393.6258,333.9006,0.0000,0.0000,0.0000,0.0000,0.0000,0.0000,0.0000,0.0000,0.0000,0.0000,0.0000,0.0000,0.0000,0.0000,0.0000,0.0000,0.0000,0.0000,0.0000,0.0000,0.0000,0.0000,0.0000,0.0000,0.0000,0.0000,0.0000,0.0000,0.0000,0.0000,0.0000,0.0000,0.0000,0.0000
65,1.8000,DynamicV1Rebalance,8.0000,5955.4118,476.4329,spend50p,480.2769,483.8108,487.6485,490.2274,494.1521,497.3378,500.3221,502.8619,497.0981,488.4192,442.9783,419.5631,387.4715,355.3158,312.7040,129.1377,98.7051,0.0000,0.0000,0.0000,0.0000,0.0000,0.0000,0.0000,0.0000,0.0000,0.0000,0.0000,0.0000,0.0000,0.0000,0.0000,0.0000,0.0000,0.0000,0.0000,0.0000,0.0000,0.0000,0.0000,0.0000,0.0000,0.0000,0.0000,0.0000
65,1.8000,DynamicV1Rebalance,8.0000,5955.4118,476.4329,spend75p,483.6499,493.9655,505.9675,518.4027,531.4554,543.8087,557.4517,565.9166,573.9318,576.8363,539.9225,531.1222,518.7831,505.4932,486.4288,259.8418,248.0459,235.5554,219.9657,208.0586,193.2158,181.6206,167.9660,153.9237,144.7318,135.2613,127.6212,116.9141,104.4293,94.8556,83.4640,72.5893,60.3471,51.0587,42.3643,33.2606,22.1174,13.3031,5.6484,0.0000,0.0000,0.0000,0.0000,0.0000,0.0000
65,1.8000,DynamicV1Rebalance,9.0000,5293.6994,476.4329,survival,1.0000,1.0000,1.0000,1.0000,0.9995,0.9940,0.9750,0.9350,0.8760,0.7865,0.7055,0.6310,0.5675,0.5085,0.4525,0.4245,0.3985,0.3750,0.3525,0.3345,0.3200,0.3055,0.2925,0.2845,0.2745,0.2650,0.2585,0.2530,0.2450,0.2400,0.2355,0.2330,0.2295,0.2260,0.2225,0.2195,0.2165,0.2145,0.2120,0.2115,0.2115,0.2095,0.2085,0.2065,0.2065
65,1.8000,DynamicV1Rebalance,9.0000,5293.6994,476.4329,spend25p,476.9929,473.5946,469.8496,464.7765,459.9908,454.0205,443.4895,425.6562,399.5141,340.2886,0.0000,0.0000,0.0000,0.0000,0.0000,0.0000,0.0000,0.0000,0.0000,0.0000,0.0000,0.0000,0.0000,0.0000,0.0000,0.0000,0.0000,0.0000,0.0000,0.0000,0.0000,0.0000,0.0000,0.0000,0.0000,0.0000,0.0000,0.0000,0.0000,0.0000,0.0000,0.0000,0.0000,0.0000,0.0000
65,1.8000,DynamicV1Rebalance,9.0000,5293.6994,476.4329,spend50p,480.2769,483.8108,487.6485,490.2274,494.1261,496.9101,498.5518,494.6738,486.0818,461.0468,409.7152,372.1589,327.9514,240.0493,0.0000,0.0000,0.0000,0.0000,0.0000,0.0000,0.0000,0.0000,0.0000,0.0000,0.0000,0.0000,0.0000,0.0000,0.0000,0.0000,0.0000,0.0000,0.0000,0.0000,0.0000,0.0000,0.0000,0.0000,0.0000,0.0000,0.0000,0.0000,0.0000,0.0000,0.0000
65,1.8000,DynamicV1Rebalance,9.0000,5293.6994,476.4329,spend75p,483.6499,493.9655,505.9675,518.4027,531.4085,543.6963,555.7006,560.6587,562.6885,552.6210,515.1287,498.8537,484.1701,458.7619,431.0370,222.0339,206.8570,188.0600,170.9038,150.4754,131.3725,112.8919,93.6840,76.0673,57.4761,39.9652,18.7923,0.0000,0.0000,0.0000,0.0000,0.0000,0.0000,0.0000,0.0000,0.0000,0.0000,0.0000,0.0000,0.0000,0.0000,0.0000,0.0000,0.0000,0.0000
65,1.8000,DynamicV1Rebalance,10.0000,4764.3294,476.4329,survival,1.0000,1.0000,1.0000,1.0000,0.9985,0.9845,0.9520,0.8880,0.7865,0.6845,0.6000,0.5220,0.4550,0.3865,0.3300,0.3005,0.2800,0.2635,0.2470,0.2350,0.2235,0.2105,0.2020,0.1925,0.1870,0.1830,0.1790,0.1725,0.1670,0.1650,0.1600,0.1580,0.1570,0.1540,0.1525,0.1490,0.1470,0.1455,0.1455,0.1445,0.1430,0.1415,0.1405,0.1395,0.1395
65,1.8000,DynamicV1Rebalance,10.0000,4764.3294,476.4329,spend25p,476.9929,473.5946,469.8496,464.7765,459.9091,452.0508,437.5860,412.4875,353.0219,0.0000,0.0000,0.0000,0.0000,0.0000,0.0000,0.0000,0.0000,0.0000,0.0000,0.0000,0.0000,0.0000,0.0000,0.0000,0.0000,0.0000,0.0000,0.0000,0.0000,0.0000,0.0000,0.0000,0.0000,0.0000,0.0000,0.0000,0.0000,0.0000,0.0000,0.0000,0.0000,0.0000,0.0000,0.0000,0.0000
65,1.8000,DynamicV1Rebalance,10.0000,4764.3294,476.4329,spend50p,480.2769,483.8108,487.6485,490.2274,494.0160,496.0817,495.1115,485.7626,463.9638,423.4453,360.8523,292.1994,0.0000,0.0000,0.0000,0.0000,0.0000,0.0000,0.0000,0.0000,0.0000,0.0000,0.0000,0.0000,0.0000,0.0000,0.0000,0.0000,0.0000,0.0000,0.0000,0.0000,0.0000,0.0000,0.0000,0.0000,0.0000,0.0000,0.0000,0.0000,0.0000,0.0000,0.0000,0.0000,0.0000
65,1.8000,DynamicV1Rebalance,10.0000,4764.3294,476.4329,spend75p,483.6499,493.9655,505.9675,518.4027,531.2219,542.8206,551.4034,554.4853,545.8564,528.8482,491.9537,468.2850,440.0136,402.4030,355.4954,152.8959,126.0426,85.1809,0.0000,0.0000,0.0000,0.0000,0.0000,0.0000,0.0000,0.0000,0.0000,0.0000,0.0000,0.0000,0.0000,0.0000,0.0000,0.0000,0.0000,0.0000,0.0000,0.0000,0.0000,0.0000,0.0000,0.0000,0.0000,0.0000,0.0000
68,0.6000,DynamicV1Rebalance,2.5000,6925.7726,173.1443,survival,1.0000,1.0000,1.0000,1.0000,1.0000,1.0000,1.0000,1.0000,1.0000,1.0000,1.0000,1.0000,0.9995,0.9995,0.9980,0.9975,0.9960,0.9945,0.9945,0.9945,0.9945,0.9945,0.9945,0.9945,0.9945,0.9945,0.9945,0.9945,0.9945,0.9945,0.9945,0.9945,0.9945,0.9945,0.9945,0.9945,0.9945,0.9945,0.9945,0.9945,0.9945,0.9945,0.9945,0.9945,0.9945
68,0.6000,DynamicV1Rebalance,2.5000,6925.7726,173.1443,spend25p,173.3478,172.1553,170.8478,169.0673,167.4331,165.9494,164.1629,162.2902,160.4168,158.7991,137.3383,136.9761,135.7401,134.1110,132.9738,131.8112,130.3887,129.3018,-152.3392,-161.9213,-171.8765,-181.9374,-192.5712,-203.1376,-214.4497,-226.0193,-236.9249,-248.5453,-260.5839,-273.8999,-288.0800,-303.3601,-319.8037,-335.8042,-353.0568,-373.6510,-394.7902,-413.7839,-429.8865,-452.7419,-470.2346,-493.5559,-513.6187,-537.0430,-560.4067
68,0.6000,DynamicV1Rebalance,2.5000,6925.7726,173.1443,spend50p,174.5413,175.8690,177.3199,178.3253,179.8322,181.1770,182.8693,184.6694,186.2542,187.6670,165.5410,166.0234,168.1544,169.4380,169.9092,170.5351,170.2533,170.1344,-133.2479,-140.3551,-147.8920,-155.5183,-163.1832,-170.9317,-178.8935,-187.7104,-195.8414,-204.5710,-214.1924,-223.5688,-233.2688,-244.1960,-255.2751,-267.1222,-280.3034,-293.3738,-305.9525,-318.6592,-330.6567,-341.7169,-355.4541,-370.2741,-385.0060,-399.8043,-414.6816
68,0.6000,DynamicV1Rebalance,2.5000,6925.7726,173.1443,spend75p,175.7671,179.5603,183.9811,188.5743,193.4077,198.2602,203.9433,208.6597,214.1089,219.4109,195.2466,199.5974,203.2215,206.9838,211.2295,215.0342,218.4523,223.7463,-120.0177,-125.3498,-130.5914,-135.8316,-141.7432,-147.5239,-154.1030,-160.1413,-166.6087,-172.7213,-179.8904,-187.4620,-195.1928,-202.9655,-211.0350,-219.0780,-227.4263,-235.8756,-243.9353,-252.8067,-261.5565,-271.8268,-281.0511,-290.5425,-300.7319,-311.3089,-321.2475
68,0.6000,DynamicV1Rebalance,3.0000,5771.4771,173.1443,survival,1.0000,1.0000,1.0000,1.0000,1.0000,1.0000,1.0000,1.0000,1.0000,1.0000,0.9995,0.9980,0.9970,0.9955,0.9950,0.9940,0.9915,0.9885,0.9885,0.9885,0.9885,0.9885,0.9885,0.9885,0.9885,0.9885,0.9885,0.9885,0.9885,0.9885,0.9885,0.9885,0.9885,0.9885,0.9885,0.9885,0.9885,0.9885,0.9885,0.9885,0.9885,0.9885,0.9885,0.9885,0.9885
68,0.6000,DynamicV1Rebalance,3.0000,5771.4771,173.1443,spend25p,173.3478,172.1553,170.8478,169.0673,167.4331,165.9494,164.1629,162.2902,160.4168,158.7991,137.3096,136.7024,135.5134,133.8060,132.5660,131.0899,129.5547,128.1814,-152.0500,-161.5525,-171.6551,-181.3514,-191.7795,-202.5193,-213.6716,-224.9993,-236.0790,-247.7099,-259.5325,-273.0002,-287.4871,-302.1596,-317.7398,-334.4342,-352.2266,-371.5137,-392.3594,-411.0834,-429.2351,-451.3344,-468.9329,-491.6615,-510.5131,-534.6926,-558.2808
68,0.6000,DynamicV1Rebalance,3.0000,5771.4771,173.1443,spend50p,174.5413,175.8690,177.3199,178.3253,179.8322,181.1770,182.8693,184.6694,186.2542,187.6670,165.4169,165.8426,167.8130,169.1405,169.6339,169.9695,169.6552,168.7544,-132.9514,-139.9090,-147.3336,-154.8451,-162.8503,-170.6280,-178.3618,-187.1142,-195.3607,-204.0849,-213.2500,-222.7804,-232.4814,-242.9021,-254.1121,-265.8458,-278.7618,-291.9636,-305.2692,-316.6686,-329.4192,-340.9084,-354.0370,-368.6761,-383.5038,-396.0454,-413.3114
68,0.6000,DynamicV1Rebalance,3.0000,5771.4771,173.1443,spend75p,175.7671,179.5603,183.9811,188.5743,193.4077,198.2602,203.9433,208.6597,214.1089,219.4109,195.2097,199.5382,202.7779,206.4349,210.9312,214.6155,217.4771,221.9601,-119.7555,-124.9487,-130.1857,-135.5354,-141.1560,-147.0627,-153.5878,-159.7086,-165.8469,-172.0131,-178.7698,-186.2199,-194.0651,-201.6427,-209.8341,-217.4422,-226.0676,-234.2451,-242.5843,-251.7254,-260.0233,-270.4300,-279.2679,-288.1440,-298.4770,-309.6324,-319.8868
68,0.6000,DynamicV1Rebalance,3.5000,4946.9804,173.1443,survival,1.0000,1.0000,1.0000,1.0000,1.0000,1.0000,1.0000,1.0000,1.0000,0.9985,0.9975,0.9965,0.9940,0.9915,0.9860,0.9785,0.9720,0.9665,0.9665,0.9665,0.9665,0.9665,0.9665,0.9665,0.9665,0.9665,0.9665,0.9665,0.9665,0.9665,0.9665,0.9665,0.9665,0.9665,0.9665,0.9665,0.9665,0.9665,0.9665,0.9665,0.9665,0.9665,0.9665,0.9665,0.9665
68,0.6000,DynamicV1Rebalance,3.5000,4946.9804,173.1443,spend25p,173.3478,172.1553,170.8478,169.0673,167.4331,165.9494,164.1629,162.2902,160.4168,158.6258,137.1934,136.5285,135.2439,133.4037,131.6812,129.0325,127.4138,125.1159,-150.5469,-159.9075,-169.2721,-178.6473,-189.2349,-200.3509,-210.1821,-221.0156,-233.2796,-245.0584,-256.8692,-269.7966,-284.7429,-298.9855,-313.1028,-328.6781,-345.9517,-364.9795,-384.2513,-402.2624,-422.7678,-440.0267,-461.8417,-481.9593,-501.1734,-523.7056,-548.1245
68,0.6000,DynamicV1Rebalance,3.5000,4946.9804,173.1443,spend50p,174.5413,175.8690,177.3199,178.3253,179.8322,181.1770,182.8693,184.6694,186.2542,187.6348,164.9487,165.5631,167.6415,168.6691,168.0078,167.7094,167.1213,165.7613,-131.7770,-138.6332,-145.7106,-153.0590,-161.1808,-169.0284,-176.6337,-184.4942,-193.2414,-201.8012,-210.4946,-219.5500,-229.4316,-240.1120,-250.9810,-262.1567,-275.1411,-287.1362,-299.8758,-311.9232,-323.7621,-335.2282,-348.1194,-363.0783,-377.1138,-389.5697,-403.1924
68,0.6000,DynamicV1Rebalance,3.5000,4946.9804,173.1443,spend75p,175.7671,179.5603,183.9811,188.5743,193.4077,198.2602,203.9433,208.6597,214.1089,219.3754,194.8411,199.4997,202.5292,205.5047,209.6717,211.8212,214.2456,218.2103,-118.5872,-123.9166,-129.1269,-134.4713,-139.9607,-145.5276,-151.5235,-157.7585,-163.6502,-169.5055,-176.0387,-183.2901,-189.9970,-197.5648,-205.9287,-213.5254,-221.0251,-228.9462,-237.3301,-245.4758,-254.7319,-264.4830,-271.9311,-281.6002,-291.6785,-302.7997,-312.4322
68,0.6000,DynamicV1Rebalance,4.0000,4328.6079,173.1443,survival,1.0000,1.0000,1.0000,1.0000,1.0000,1.0000,1.0000,1.0000,0.9990,0.9980,0.9945,0.9920,0.9865,0.9755,0.9685,0.9580,0.9475,0.9305,0.9305,0.9305,0.9305,0.9305,0.9305,0.9305,0.9305,0.9305,0.9305,0.9305,0.9305,0.9305,0.9305,0.9305,0.9305,0.9305,0.9305,0.9305,0.9305,0.9305,0.9305,0.9305,0.9305,0.9305,0.9305,0.9305,0.9305
68,0.6000,DynamicV1Rebalance,4.0000,4328.6079,173.1443,spend25p,173.3478,172.1553,170.8478,169.0673,167.4331,165.9494,164.1629,162.2902,160.2540,158.5343,136.9251,136.0511,134.2820,131.1137,129.1879,126.9149,123.8155,120.0741,-148.4430,-157.2763,-166.5654,-176.3874,-185.7136,-195.4009,-206.4408,-217.4613,-228.7902,-241.2411,-253.3653,-266.2633,-278.5676,-292.4443,-306.5333,-322.1939,-338.8922,-357.9688,-376.4736,-396.9379,-415.5463,-431.7113,-450.8731,-469.9878,-489.1182,-512.0417,-538.8500
68,0.6000,DynamicV1Rebalance,4.0000,4328.6079,173.1443,spend50p,174.5413,175.8690,177.3199,178.3253,179.8322,181.1770,182.8693,184.6694,186.1977,187.6266,164.5337,165.2010,166.7103,166.7283,165.6334,165.0742,163.4843,160.7893,-130.0096,-136.9892,-143.3931,-150.5016,-157.8351,-165.5653,-173.6971,-181.2170,-189.6985,-198.1090,-206.3847,-215.0031,-224.8117,-234.1399,-245.2218,-256.6090,-268.6327,-281.5200,-293.4322,-305.4933,-316.7770,-329.0232,-341.8217,-353.6141,-367.5192,-381.6447,-394.5462
68,0.6000,DynamicV1Rebalance,4.0000,4328.6079,173.1443,spend75p,175.7671,179.5603,183.9811,188.5743,193.4077,198.2602,203.9433,208.6597,214.0484,219.3478,194.4992,198.9966,201.7878,204.4386,206.5678,208.2228,210.8790,211.7229,-116.6918,-121.4867,-126.4321,-131.6750,-137.3383,-142.5705,-148.2550,-154.0662,-159.5998,-165.3903,-171.6875,-177.7835,-184.1872,-191.2519,-197.7677,-205.4312,-213.6063,-221.0970,-228.6902,-237.0445,-246.1139,-252.6322,-260.9977,-270.8477,-279.3239,-289.2434,-300.1869
68,0.6000,DynamicV1Rebalance,5.0000,3462.8863,173.1443,survival,1.0000,1.0000,1.0000,1.0000,1.0000,1.0000,1.0000,0.9985,0.9970,0.9920,0.9815,0.9680,0.9525,0.9355,0.9155,0.8855,0.8565,0.8330,0.8330,0.8330,0.8330,0.8330,0.8330,0.8330,0.8330,0.8330,0.8330,0.8330,0.8330,0.8330,0.8330,0.8330,0.8330,0.8330,0.8330,0.8330,0.8330,0.8330,0.8330,0.8330,0.8330,0.8330,0.8330,0.8330,0.8330
68,0.6000,DynamicV1Rebalance,5.0000,3462.8863,173.1443,spend25p,173.3478,172.1553,170.8478,169.0673,167.4331,165.9494,164.1629,162.0312,159.9125,157.9591,135.3608,132.8078,129.0010,125.2803,120.9878,114.3048,106.2459,99.4352,-142.7058,-151.4703,-160.2293,-168.8633,-178.1057,-187.4979,-197.4769,-208.7979,-219.9351,-230.4049,-241.3690,-251.8537,-265.4288,-277.6698,-290.9248,-306.5482,-324.3170,-340.8422,-356.2255,-371.3060,-389.8595,-410.0024,-426.4980,-444.8071,-463.8683,-481.2814,-499.6698
68,0.6000,DynamicV1Rebalance,5.0000,3462.8863,173.1443,spend50p,174.5413,175.8690,177.3199,178.3253,179.8322,181.1770,182.8693,184.4382,186.0835,187.1082,163.3559,163.2723,163.0020,161.2698,159.4231,155.2084,151.0415,147.0072,-125.5646,-131.1646,-137.2746,-144.1506,-151.3298,-157.9324,-164.3718,-171.5187,-179.6861,-187.1160,-196.1270,-204.3715,-211.9954,-220.7469,-231.2102,-241.3575,-251.6296,-262.6070,-272.8790,-284.8053,-296.5093,-307.2835,-317.5023,-327.9530,-340.3150,-353.1586,-365.9430
68,0.6000,DynamicV1Rebalance,5.0000,3462.8863,173.1443,spend75p,175.7671,179.5603,183.9811,188.5743,193.4077,198.2602,203.9433,208.5504,213.9649,218.4655,193.4161,196.2406,198.2692,199.2482,200.8111,200.1317,198.0896,198.1243,-110.4621,-114.5377,-118.5161,-123.2990,-127.4856,-132.3666,-136.2704,-140.5899,-145.2346,-150.3323,-154.7360,-159.5245,-165.1273,-170.2492,-175.4918,-180.2280,-186.0336,-192.0912,-197.8941,-204.3590,-211.4880,-218.1396,-224.3476,-231.2842,-237.5018,-245.9323,-253.6664
68,0.6000,DynamicV1Rebalance,6.0000,2885.7386,173.1443,survival,1.0000,1.0000,1.0000,1.0000,1.0000,1.0000,0.9985,0.9970,0.9870,0.9720,0.9525,0.9275,0.9000,0.8560,0.8220,0.7860,0.7540,0.7205,0.7195,0.7195,0.7195,0.7195,0.7195,0.7195,0.7195,0.7195,0.7195,0.7195,0.7195,0.7195,0.7195,0.7195,0.7195,0.7195,0.7195,0.7195,0.7195,0.7195,0.7195,0.7195,0.7195,0.7195,0.7195,0.7195,0.7195
68,0.6000,DynamicV1Rebalance,6.0000,2885.7386,173.1443,spend25p,173.3478,172.1553,170.8478,169.0673,167.4331,165.9494,163.6629,161.7595,158.6380,155.2331,132.1876,127.6033,121.8226,111.5304,103.5485,89.7326,63.1647,0.0000,-138.5749,-146.0597,-154.0821,-162.0347,-170.0306,-179.2692,-189.0697,-198.1542,-207.8327,-218.9777,-230.2538,-240.6874,-252.0909,-263.7606,-277.2293,-290.4056,-303.4386,-317.8692,-333.4091,-348.8449,-364.0003,-379.7106,-394.2017,-410.6404,-429.7522,-448.3227,-468.2209
68,0.6000,DynamicV1Rebalance,6.0000,2885.7386,173.1443,spend50p,174.5413,175.8690,177.3199,178.3253,179.8322,181.1770,182.8288,184.3579,185.2268,186.1305,161.3911,160.0955,157.1376,151.3722,147.0139,142.1537,137.3047,130.9858,-120.4633,-125.8172,-131.1870,-136.2824,-142.1402,-148.1575,-154.4887,-160.6628,-167.0830,-174.2587,-181.0635,-188.8109,-196.9332,-204.5503,-212.6021,-221.9529,-230.1327,-238.7344,-248.2274,-258.6967,-267.0986,-276.2540,-286.4391,-296.5886,-306.5954,-317.7509,-329.5563
68,0.6000,DynamicV1Rebalance,6.0000,2885.7386,173.1443,spend75p,175.7671,179.5603,183.9811,188.5743,193.4077,198.2602,203.8803,208.4506,212.9672,216.7703,191.1708,193.1296,193.2929,191.8948,191.5828,189.9988,186.6962,184.7624,0.0000,0.0000,0.0000,0.0000,0.0000,0.0000,0.0000,0.0000,0.0000,0.0000,0.0000,0.0000,0.0000,0.0000,0.0000,0.0000,0.0000,0.0000,0.0000,0.0000,0.0000,0.0000,0.0000,0.0000,0.0000,0.0000,0.0000
68,0.6000,DynamicV1Rebalance,7.0000,2473.4902,173.1443,survival,1.0000,1.0000,1.0000,1.0000,1.0000,0.9990,0.9965,0.9850,0.9680,0.9335,0.8990,0.8555,0.8040,0.7555,0.7155,0.6605,0.6200,0.5885,0.5875,0.5875,0.5875,0.5875,0.5875,0.5875,0.5875,0.5875,0.5875,0.5875,0.5875,0.5875,0.5875,0.5875,0.5875,0.5875,0.5875,0.5875,0.5875,0.5875,0.5875,0.5875,0.5875,0.5875,0.5875,0.5875,0.5875
68,0.6000,DynamicV1Rebalance,7.0000,2473.4902,173.1443,spend25p,173.3478,172.1553,170.8478,169.0673,167.4331,165.8395,163.4968,160.4580,156.3547,150.6472,125.1408,116.3357,103.7428,73.2408,0.0000,0.0000,0.0000,0.0000,-131.9629,-138.5949,-145.7946,-153.1055,-161.7340,-169.3186,-177.5501,-185.5245,-193.9468,-202.5439,-211.6815,-221.4394,-232.3499,-242.5248,-253.8171,-266.0875,-280.0363,-293.5824,-306.6514,-320.3649,-332.0068,-345.4330,-357.4037,-372.8898,-388.9825,-405.4946,-417.0095
68,0.6000,DynamicV1Rebalance,7.0000,2473.4902,173.1443,spend50p,174.5413,175.8690,177.3199,178.3253,179.8322,181.1309,182.8075,183.8417,184.2706,183.2716,156.1860,152.1847,145.8999,139.7622,132.1139,123.4643,112.9194,103.8481,-111.9239,-116.6805,-121.3739,-126.0475,-131.0662,-135.3977,-140.4847,-145.5265,-150.4970,-155.2452,-160.8135,-165.9827,-171.0971,-176.5923,-182.7348,-189.2476,-195.3016,-201.3667,-209.0407,-215.3488,-222.4749,-229.2129,-237.0548,-246.7350,-255.4508,-262.9514,-273.9711
68,0.6000,DynamicV1Rebalance,7.0000,2473.4902,173.1443,spend75p,175.7671,179.5603,183.9811,188.5743,193.4077,198.0899,203.8706,207.5618,211.1896,214.0864,187.4297,187.2325,185.0383,182.6198,179.2655,173.8586,170.2622,165.1343,0.0000,0.0000,0.0000,0.0000,0.0000,0.0000,0.0000,0.0000,0.0000,0.0000,0.0000,0.0000,0.0000,0.0000,0.0000,0.0000,0.0000,0.0000,0.0000,0.0000,0.0000,0.0000,0.0000,0.0000,0.0000,0.0000,0.0000
68,0.6000,DynamicV1Rebalance,8.0000,2164.3039,173.1443,survival,1.0000,1.0000,1.0000,1.0000,1.0000,0.9980,0.9870,0.9705,0.9285,0.8795,0.8165,0.7520,0.6985,0.6325,0.5860,0.5485,0.5095,0.4710,0.4690,0.4690,0.4690,0.4690,0.4690,0.4690,0.4690,0.4690,0.4690,0.4690,0.4690,0.4690,0.4690,0.4690,0.4690,0.4690,0.4690,0.4690,0.4690,0.4690,0.4690,0.4690,0.4690,0.4690,0.4690,0.4690,0.4690
68,0.6000,DynamicV1Rebalance,8.0000,2164.3039,173.1443,spend25p,173.3478,172.1553,170.8478,169.0673,167.4331,165.6068,162.5221,158.9138,152.0794,143.6369,112.6171,76.5766,0.0000,0.0000,0.0000,0.0000,0.0000,0.0000,-124.8343,-130.4430,-136.5196,-143.2533,-149.9388,-156.8831,-163.4487,-170.4004,-178.0821,-185.4849,-193.5073,-203.3623,-211.6941,-220.7198,-231.7474,-242.0891,-252.9949,-263.6372,-275.5699,-288.0316,-298.4911,-308.9926,-319.7980,-333.9229,-346.2587,-357.6249,-371.3191
68,0.6000,DynamicV1Rebalance,8.0000,2164.3039,173.1443,spend50p,174.5413,175.8690,177.3199,178.3253,179.8322,181.0821,182.2411,183.3068,181.3099,178.1940,148.9471,140.8463,132.1964,121.2996,108.3319,97.0241,70.2524,0.0000,0.0000,0.0000,0.0000,0.0000,0.0000,0.0000,0.0000,0.0000,0.0000,0.0000,0.0000,0.0000,0.0000,0.0000,0.0000,0.0000,0.0000,0.0000,0.0000,0.0000,0.0000,0.0000,0.0000,0.0000,0.0000,0.0000,0.0000
68,0.6000,DynamicV1Rebalance,8.0000,2164.3039,173.1443,spend75p,175.7671,179.5603,183.9811,188.5743,193.4077,198.0023,202.9744,206.2920,209.3518,209.9732,180.2296,177.4457,175.2806,169.4365,165.4406,159.6732,152.9792,145.8106,0.0000,0.0000,0.0000,0.0000,0.0000,0.0000,0.0000,0.0000,0.0000,0.0000,0.0000,0.0000,0.0000,0.0000,0.0000,0.0000,0.0000,0.0000,0.0000,0.0000,0.0000,0.0000,0.0000,0.0000,0.0000,0.0000,0.0000
68,0.6000,DynamicV1Rebalance,9.0000,1923.8257,173.1443,survival,1.0000,1.0000,1.0000,1.0000,0.9990,0.9940,0.9750,0.9345,0.8760,0.7850,0.7095,0.6420,0.5805,0.5260,0.4775,0.4305,0.3830,0.3470,0.3450,0.3450,0.3450,0.3450,0.3450,0.3450,0.3450,0.3450,0.3450,0.3450,0.3450,0.3450,0.3450,0.3450,0.3450,0.3450,0.3450,0.3450,0.3450,0.3450,0.3450,0.3450,0.3450,0.3450,0.3450,0.3450,0.3450
68,0.6000,DynamicV1Rebalance,9.0000,1923.8257,173.1443,spend25p,173.3478,172.1553,170.8478,169.0673,167.3847,165.3101,161.5655,155.1070,145.7299,124.1041,0.0000,0.0000,0.0000,0.0000,0.0000,0.0000,0.0000,0.0000,-116.4414,-121.4492,-126.4200,-131.4328,-137.0406,-142.3692,-148.2795,-154.8896,-160.7406,-167.3432,-173.5385,-178.7072,-185.7365,-192.6693,-200.2489,-208.4373,-216.8067,-224.4891,-234.3455,-243.4666,-252.1862,-261.0179,-270.8117,-280.0449,-291.2414,-300.2705,-310.7959
68,0.6000,DynamicV1Rebalance,9.0000,1923.8257,173.1443,spend50p,174.5413,175.8690,177.3199,178.3253,179.8117,180.9263,181.6250,180.3042,177.3070,168.0201,137.0790,126.0951,111.7540,91.6043,0.0000,0.0000,0.0000,0.0000,0.0000,0.0000,0.0000,0.0000,0.0000,0.0000,0.0000,0.0000,0.0000,0.0000,0.0000,0.0000,0.0000,0.0000,0.0000,0.0000,0.0000,0.0000,0.0000,0.0000,0.0000,0.0000,0.0000,0.0000,0.0000,0.0000,0.0000
68,0.6000,DynamicV1Rebalance,9.0000,1923.8257,173.1443,spend75p,175.7671,179.5603,183.9811,188.5743,193.3556,197.9613,202.4446,204.3620,205.2506,201.6697,172.2521,167.6787,162.6005,155.6781,148.5049,139.9344,130.3666,120.2978,0.0000,0.0000,0.0000,0.0000,0.0000,0.0000,0.0000,0.0000,0.0000,0.0000,0.0000,0.0000,0.0000,0.0000,0.0000,0.0000,0.0000,0.0000,0.0000,0.0000,0.0000,0.0000,0.0000,0.0000,0.0000,0.0000,0.0000
68,0.6000,DynamicV1Rebalance,10.0000,1731.4431,173.1443,survival,1.0000,1.0000,1.0000,1.0000,0.9985,0.9845,0.9515,0.8870,0.7845,0.6830,0.6025,0.5320,0.4700,0.4050,0.3560,0.3035,0.2710,0.2405,0.2395,0.2395,0.2395,0.2395,0.2395,0.2395,0.2395,0.2395,0.2395,0.2395,0.2395,0.2395,0.2395,0.2395,0.2395,0.2395,0.2395,0.2395,0.2395,0.2395,0.2395,0.2395,0.2395,0.2395,0.2395,0.2395,0.2395
68,0.6000,DynamicV1Rebalance,10.0000,1731.4431,173.1443,spend25p,173.3478,172.1553,170.8478,169.0673,167.3705,164.5929,159.3935,150.2945,128.2521,0.0000,0.0000,0.0000,0.0000,0.0000,0.0000,0.0000,0.0000,0.0000,0.0000,0.0000,0.0000,0.0000,0.0000,0.0000,0.0000,0.0000,0.0000,0.0000,0.0000,0.0000,0.0000,0.0000,0.0000,0.0000,0.0000,0.0000,0.0000,0.0000,0.0000,0.0000,0.0000,0.0000,0.0000,0.0000,0.0000
68,0.6000,DynamicV1Rebalance,10.0000,1731.4431,173.1443,spend50p,174.5413,175.8690,177.3199,178.3253,179.7827,180.6247,180.3526,177.0076,168.9971,154.1846,120.7194,102.6287,0.0000,0.0000,0.0000,0.0000,0.0000,0.0000,0.0000,0.0000,0.0000,0.0000,0.0000,0.0000,0.0000,0.0000,0.0000,0.0000,0.0000,0.0000,0.0000,0.0000,0.0000,0.0000,0.0000,0.0000,0.0000,0.0000,0.0000,0.0000,0.0000,0.0000,0.0000,0.0000,0.0000
68,0.6000,DynamicV1Rebalance,10.0000,1731.4431,173.1443,spend75p,175.7671,179.5603,183.9811,188.5743,193.3227,197.6425,200.8513,202.1250,198.8352,192.8084,164.1567,157.7909,148.7385,137.1250,125.8773,107.5321,87.8718,0.0000,0.0000,0.0000,0.0000,0.0000,0.0000,0.0000,0.0000,0.0000,0.0000,0.0000,0.0000,0.0000,0.0000,0.0000,0.0000,0.0000,0.0000,0.0000,0.0000,0.0000,0.0000,0.0000,0.0000,0.0000,0.0000,0.0000,0.0000
68,0.8000,DynamicV1Rebalance,2.5000,8947.6968,223.6924,survival,1.0000,1.0000,1.0000,1.0000,1.0000,1.0000,1.0000,1.0000,1.0000,1.0000,1.0000,1.0000,0.9995,0.9995,0.9980,0.9975,0.9955,0.9945,0.9945,0.9945,0.9945,0.9945,0.9945,0.9945,0.9945,0.9945,0.9945,0.9945,0.9945,0.9945,0.9945,0.9945,0.9945,0.9945,0.9945,0.9945,0.9945,0.9945,0.9945,0.9945,0.9945,0.9945,0.9945,0.9945,0.9945
68,0.8000,DynamicV1Rebalance,2.5000,8947.6968,223.6924,spend25p,223.9553,222.3952,220.6815,218.3521,216.2077,214.2539,211.9057,209.4431,206.9770,204.8385,183.1177,182.6347,180.9868,178.8147,177.2984,175.7483,173.7536,172.4024,-81.8321,-88.8459,-96.5277,-104.8823,-113.7021,-122.7536,-132.7911,-143.0026,-153.0058,-163.9819,-175.0065,-186.6721,-199.5288,-212.5014,-226.6530,-240.6078,-256.3803,-273.4255,-290.8865,-308.8194,-324.0075,-341.6331,-360.3885,-379.4957,-397.4410,-415.9048,-438.9581
68,0.8000,DynamicV1Rebalance,2.5000,8947.6968,223.6924,spend50p,225.4972,227.1927,229.0413,230.3090,232.2189,233.9139,236.0523,238.3245,240.3135,242.0758,220.7213,221.3646,224.2058,225.9174,226.5456,227.3801,227.0044,226.8459,-76.8782,-83.4336,-90.3577,-97.4918,-104.8624,-112.2164,-119.9318,-127.8250,-135.6963,-144.2485,-152.7669,-161.3993,-170.8415,-180.4686,-190.9506,-202.4256,-214.2779,-226.0384,-237.9189,-249.5933,-261.1780,-272.9297,-285.9302,-298.9858,-312.4926,-325.5641,-339.3803
68,0.8000,DynamicV1Rebalance,2.5000,8947.6968,223.6924,spend75p,227.0809,231.9612,237.6455,243.5457,249.7490,255.9698,263.2551,269.2851,276.2530,283.0229,260.3288,266.1299,270.9620,275.9784,281.6393,286.7123,291.2697,298.3284,-72.6468,-79.0928,-85.3172,-91.5674,-97.8319,-104.0642,-110.3938,-116.9944,-123.2033,-130.0602,-137.1180,-144.1894,-151.3228,-158.9133,-166.8276,-174.5448,-183.2927,-191.8530,-200.5714,-208.9142,-217.5946,-226.0414,-234.5355,-244.3811,-253.6657,-264.5490,-274.3844
68,0.8000,DynamicV1Rebalance,3.0000,7456.4140,223.6924,survival,1.0000,1.0000,1.0000,1.0000,1.0000,1.0000,1.0000,1.0000,1.0000,1.0000,0.9990,0.9980,0.9965,0.9955,0.9950,0.9935,0.9915,0.9875,0.9875,0.9875,0.9875,0.9875,0.9875,0.9875,0.9875,0.9875,0.9875,0.9875,0.9875,0.9875,0.9875,0.9875,0.9875,0.9875,0.9875,0.9875,0.9875,0.9875,0.9875,0.9875,0.9875,0.9875,0.9875,0.9875,0.9875
68,0.8000,DynamicV1Rebalance,3.0000,7456.4140,223.6924,spend25p,223.9553,222.3952,220.6815,218.3521,216.2077,214.2539,211.9057,209.4431,206.9770,204.8385,183.0319,182.2698,180.6190,178.4080,176.7547,174.6927,172.7396,170.8618,-81.7719,-88.7305,-96.4251,-104.6776,-113.3751,-122.6352,-132.4375,-142.5057,-152.7798,-163.5949,-174.3627,-186.2643,-198.9287,-211.9885,-226.0639,-239.3781,-255.6153,-272.3057,-289.7620,-307.2827,-323.1676,-339.8628,-358.8289,-377.1488,-395.1253,-414.7708,-437.2826
68,0.8000,DynamicV1Rebalance,3.0000,7456.4140,223.6924,spend50p,225.4972,227.1927,229.0413,230.3090,232.2189,233.9139,236.0523,238.3245,240.3135,242.0758,220.2902,221.1234,223.7330,225.5206,226.1785,226.5318,226.2069,224.9135,-76.8118,-83.3984,-90.2509,-97.4148,-104.5475,-112.0256,-119.5655,-127.2436,-135.3282,-143.7584,-152.2535,-160.9394,-170.1540,-179.8707,-190.2498,-201.6328,-213.3385,-225.5655,-237.0110,-248.7681,-259.8459,-271.7442,-283.9166,-298.1294,-311.0345,-323.8499,-338.0133
68,0.8000,DynamicV1Rebalance,3.0000,7456.4140,223.6924,spend75p,227.0809,231.9612,237.6455,243.5457,249.7490,255.9698,263.2551,269.2851,276.2530,283.0229,260.2795,266.0510,270.2861,275.2465,281.2416,286.1006,289.9695,295.7255,-72.5592,-78.9686,-85.1097,-91.3866,-97.6784,-103.8984,-110.1925,-116.6828,-122.7660,-129.7196,-136.6529,-143.6957,-150.8292,-158.2198,-165.8139,-173.4528,-182.5831,-190.8598,-198.9684,-208.0029,-216.1519,-225.5175,-232.7977,-243.1917,-251.8716,-262.2865,-272.5694
68,0.8000,DynamicV1Rebalance,3.5000,6391.2120,223.6924,survival,1.0000,1.0000,1.0000,1.0000,1.0000,1.0000,1.0000,1.0000,1.0000,0.9985,0.9975,0.9955,0.9940,0.9910,0.9840,0.9760,0.9705,0.9645,0.9645,0.9645,0.9645,0.9645,0.9645,0.9645,0.9645,0.9645,0.9645,0.9645,0.9645,0.9645,0.9645,0.9645,0.9645,0.9645,0.9645,0.9645,0.9645,0.9645,0.9645,0.9645,0.9645,0.9645,0.9645,0.9645,0.9645
68,0.8000,DynamicV1Rebalance,3.5000,6391.2120,223.6924,spend25p,223.9553,222.3952,220.6815,218.3521,216.2077,214.2539,211.9057,209.4431,206.9770,204.6149,182.9246,181.9308,180.3252,177.8230,175.1568,171.8190,169.4873,166.6215,-81.5915,-88.5301,-96.2095,-104.4456,-113.0548,-122.1793,-131.8352,-141.6603,-151.9720,-162.3593,-172.6945,-184.6359,-196.5971,-209.7769,-223.1947,-237.3837,-252.5080,-269.2070,-285.6397,-302.6286,-319.0784,-335.8797,-353.1217,-371.9564,-389.5095,-409.4851,-429.3898
68,0.8000,DynamicV1Rebalance,3.5000,6391.2120,223.6924,spend50p,225.4972,227.1927,229.0413,230.3090,232.2189,233.9139,236.0523,238.3245,240.3135,242.0343,219.9316,220.6978,223.5220,224.8219,223.0970,222.8496,222.5806,220.8185,-76.7136,-83.2605,-89.9876,-96.9370,-104.0687,-111.4111,-119.0264,-126.7052,-134.2336,-142.3380,-151.0879,-159.7873,-168.7530,-178.3666,-188.4452,-199.2239,-211.1962,-222.7520,-233.9965,-245.7111,-257.5924,-268.2018,-280.6832,-293.3729,-306.9059,-319.4646,-332.0744
68,0.8000,DynamicV1Rebalance,3.5000,6391.2120,223.6924,spend75p,227.0809,231.9612,237.6455,243.5457,249.7490,255.9698,263.2551,269.2851,276.2530,282.9771,259.7881,265.9634,270.0389,274.0063,279.2673,282.0050,285.5205,290.5680,-72.2089,-78.6418,-84.7021,-91.0077,-97.1156,-103.2467,-109.5153,-115.5611,-121.9418,-128.4215,-135.1007,-142.0800,-148.5905,-155.6669,-163.1863,-171.3231,-179.7820,-187.6203,-196.5718,-204.7462,-213.0411,-220.7201,-229.4470,-237.4103,-247.2230,-256.8445,-265.9317
68,0.8000,DynamicV1Rebalance,4.0000,5592.3105,223.6924,survival,1.0000,1.0000,1.0000,1.0000,1.0000,1.0000,1.0000,1.0000,0.9990,0.9980,0.9945,0.9920,0.9860,0.9750,0.9675,0.9550,0.9445,0.9265,0.9265,0.9265,0.9265,0.9265,0.9265,0.9265,0.9265,0.9265,0.9265,0.9265,0.9265,0.9265,0.9265,0.9265,0.9265,0.9265,0.9265,0.9265,0.9265,0.9265,0.9265,0.9265,0.9265,0.9265,0.9265,0.9265,0.9265
68,0.8000,DynamicV1Rebalance,4.0000,5592.3105,223.6924,spend25p,223.9553,222.3952,220.6815,218.3521,216.2077,214.2539,211.9057,209.4431,206.7670,204.4969,182.5668,181.4014,178.9418,174.7699,171.8768,167.9596,164.5516,158.4046,-81.3719,-88.2269,-95.8335,-103.8878,-112.2162,-121.1870,-130.3155,-140.2004,-149.8608,-159.9781,-170.5799,-181.5157,-193.4313,-205.5984,-219.2561,-233.8948,-248.1422,-263.0296,-279.7808,-295.8348,-313.5691,-329.6553,-345.6261,-363.8172,-381.0076,-400.4105,-419.4198
68,0.8000,DynamicV1Rebalance,4.0000,5592.3105,223.6924,spend50p,225.4972,227.1927,229.0413,230.3090,232.2189,233.9139,236.0523,238.3245,240.2407,242.0236,219.3783,220.2680,222.2000,222.1567,220.8446,219.6154,217.7522,213.6835,-76.3978,-82.8591,-89.5899,-96.0715,-103.1357,-110.2915,-117.6498,-125.4569,-133.0798,-140.9100,-149.1129,-157.5623,-166.2152,-175.1194,-185.4986,-196.1711,-207.2519,-218.3000,-229.2648,-242.0942,-252.5895,-264.0505,-275.3428,-286.8650,-299.4093,-311.7830,-325.8534
68,0.8000,DynamicV1Rebalance,4.0000,5592.3105,223.6924,spend75p,227.0809,231.9612,237.6455,243.5457,249.7490,255.9698,263.2551,269.2851,276.1749,282.9415,259.3322,265.3288,268.8529,272.2829,275.4238,277.0292,280.8464,281.6394,-71.4076,-77.9124,-83.9819,-90.1966,-96.3139,-102.1702,-108.3201,-114.1002,-120.3379,-126.2713,-132.7450,-138.8157,-145.2786,-151.8446,-159.1248,-166.5345,-173.9579,-181.5380,-188.7940,-197.0235,-205.6647,-212.9093,-221.2765,-229.1699,-237.6470,-247.0340,-256.9411
68,0.8000,DynamicV1Rebalance,5.0000,4473.8484,223.6924,survival,1.0000,1.0000,1.0000,1.0000,1.0000,1.0000,1.0000,0.9985,0.9970,0.9920,0.9815,0.9670,0.9515,0.9330,0.9130,0.8775,0.8495,0.8315,0.8310,0.8310,0.8310,0.8310,0.8310,0.8310,0.8310,0.8310,0.8310,0.8310,0.8310,0.8310,0.8310,0.8310,0.8310,0.8310,0.8310,0.8310,0.8310,0.8310,0.8310,0.8310,0.8310,0.8310,0.8310,0.8310,0.8310
68,0.8000,DynamicV1Rebalance,5.0000,4473.8484,223.6924,spend25p,223.9553,222.3952,220.6815,218.3521,216.2077,214.2539,211.9057,209.1088,206.3263,203.7549,180.4811,176.8152,171.7361,166.3671,160.9192,151.1861,139.9427,132.1926,-80.6280,-87.3981,-94.5774,-102.1282,-110.2626,-118.7270,-127.8721,-136.2733,-145.6294,-155.3643,-165.5920,-176.2632,-187.0078,-197.8940,-211.0243,-224.8123,-239.1299,-254.5986,-269.5179,-285.8015,-301.6518,-314.9766,-330.2760,-345.5818,-362.5980,-381.2206,-398.2008
68,0.8000,DynamicV1Rebalance,5.0000,4473.8484,223.6924,spend50p,225.4972,227.1927,229.0413,230.3090,232.2189,233.9139,236.0523,238.0261,240.0933,241.3550,217.8079,217.6703,217.1916,214.3341,211.4675,205.8600,200.2381,195.7542,-75.3608,-81.6603,-87.9896,-94.2276,-100.6976,-107.4691,-114.4397,-121.5094,-129.1834,-136.5266,-144.2494,-152.0906,-159.9745,-168.6399,-178.2790,-187.1072,-196.9863,-206.9584,-217.8306,-228.7933,-239.2697,-249.3997,-258.3298,-269.0234,-280.7374,-292.4110,-304.0306
68,0.8000,DynamicV1Rebalance,5.0000,4473.8484,223.6924,spend75p,227.0809,231.9612,237.6455,243.5457,249.7490,255.9698,263.2551,269.1440,276.0671,281.8034,257.8882,261.6382,264.3589,265.4774,266.5070,265.9698,263.0940,263.9994,-69.0917,-75.3250,-81.6797,-87.6845,-93.1952,-98.6423,-104.0141,-109.1132,-114.2733,-119.6520,-125.1268,-130.0545,-135.1367,-140.5653,-146.1773,-151.8987,-158.3792,-163.6694,-170.0790,-176.5273,-182.7886,-188.7103,-195.6896,-202.1513,-209.3853,-216.8480,-224.7341
68,0.8000,DynamicV1Rebalance,6.0000,3728.2070,223.6924,survival,1.0000,1.0000,1.0000,1.0000,1.0000,1.0000,0.9985,0.9970,0.9870,0.9720,0.9520,0.9255,0.8975,0.8510,0.8180,0.7815,0.7450,0.7090,0.7080,0.7080,0.7080,0.7080,0.7080,0.7080,0.7080,0.7080,0.7080,0.7080,0.7080,0.7080,0.7080,0.7080,0.7080,0.7080,0.7080,0.7080,0.7080,0.7080,0.7080,0.7080,0.7080,0.7080,0.7080,0.7080,0.7080
68,0.8000,DynamicV1Rebalance,6.0000,3728.2070,223.6924,spend25p,223.9553,222.3952,220.6815,218.3521,216.2077,214.2539,211.2602,208.7582,204.6819,200.2386,176.1824,169.8448,161.6067,147.4014,137.6258,116.8178,0.0000,0.0000,-79.6467,-86.2345,-93.1051,-100.4269,-107.9888,-116.0271,-123.8153,-132.4222,-140.9971,-149.7922,-159.3916,-169.1150,-179.8337,-190.8415,-202.7916,-215.0093,-229.1318,-241.7425,-256.0140,-270.3740,-283.9687,-297.5603,-311.4505,-326.6932,-341.7393,-358.0676,-373.5461
68,0.8000,DynamicV1Rebalance,6.0000,3728.2070,223.6924,spend50p,225.4972,227.1927,229.0413,230.3090,232.2189,233.9139,236.0000,237.9225,238.9879,240.0939,215.1348,213.0163,208.7804,200.7900,195.7322,189.0670,181.7923,171.1182,-73.8482,-80.1565,-86.0984,-92.0373,-98.2504,-104.4028,-110.4514,-117.0589,-123.1615,-130.0467,-137.1365,-144.6092,-151.6360,-158.9386,-166.7485,-174.4599,-183.6175,-192.5127,-201.5319,-209.8465,-219.2394,-227.2176,-236.6339,-245.4539,-256.3549,-267.3356,-277.0967
68,0.8000,DynamicV1Rebalance,6.0000,3728.2070,223.6924,spend75p,227.0809,231.9612,237.6455,243.5457,249.7490,255.9698,263.1739,269.0152,274.7798,279.6168,254.5328,257.0938,257.1060,255.5983,254.8797,252.6980,247.1901,243.5435,0.0000,0.0000,0.0000,0.0000,0.0000,0.0000,0.0000,0.0000,0.0000,0.0000,0.0000,0.0000,0.0000,0.0000,0.0000,0.0000,0.0000,0.0000,0.0000,0.0000,0.0000,0.0000,0.0000,0.0000,0.0000,0.0000,0.0000
68,0.8000,DynamicV1Rebalance,7.0000,3195.6060,223.6924,survival,1.0000,1.0000,1.0000,1.0000,1.0000,0.9990,0.9965,0.9850,0.9685,0.9340,0.8975,0.8530,0.8005,0.7525,0.7045,0.6520,0.6160,0.5800,0.5785,0.5785,0.5785,0.5785,0.5785,0.5785,0.5785,0.5785,0.5785,0.5785,0.5785,0.5785,0.5785,0.5785,0.5785,0.5785,0.5785,0.5785,0.5785,0.5785,0.5785,0.5785,0.5785,0.5785,0.5785,0.5785,0.5785
68,0.8000,DynamicV1Rebalance,7.0000,3195.6060,223.6924,spend25p,223.9553,222.3952,220.6815,218.3521,216.2077,214.1120,211.0458,207.0786,201.8351,194.5500,166.7788,154.7253,136.7017,92.9033,0.0000,0.0000,0.0000,0.0000,-78.3827,-84.4977,-91.1138,-98.2198,-105.2960,-112.4084,-120.0106,-127.3721,-135.3200,-143.4228,-151.8077,-160.5886,-169.8096,-179.5008,-190.1964,-201.9421,-214.6110,-226.5009,-238.0670,-250.2995,-262.6049,-273.8546,-286.8844,-299.3787,-313.1241,-327.3977,-340.9050
68,0.8000,DynamicV1Rebalance,7.0000,3195.6060,223.6924,spend50p,225.4972,227.1927,229.0413,230.3090,232.2189,233.8545,235.9726,237.2562,237.7987,236.4622,207.9738,202.4318,193.1826,185.8146,174.7132,162.0677,149.4644,135.8664,-70.4281,-76.8110,-82.9631,-88.6747,-94.1141,-99.5824,-105.1152,-110.5466,-115.9710,-121.3441,-127.1346,-132.6868,-137.7963,-143.4696,-149.7616,-155.6152,-162.3383,-168.4344,-174.7775,-182.0951,-189.3560,-196.1075,-202.9742,-209.4945,-217.3668,-226.3093,-234.9424
68,0.8000,DynamicV1Rebalance,7.0000,3195.6060,223.6924,spend75p,227.0809,231.9612,237.6455,243.5457,249.7490,255.7498,263.1613,267.8681,272.4863,276.2769,249.8523,249.4877,246.1911,243.3295,237.4981,230.9920,226.0504,218.6158,0.0000,0.0000,0.0000,0.0000,0.0000,0.0000,0.0000,0.0000,0.0000,0.0000,0.0000,0.0000,0.0000,0.0000,0.0000,0.0000,0.0000,0.0000,0.0000,0.0000,0.0000,0.0000,0.0000,0.0000,0.0000,0.0000,0.0000
68,0.8000,DynamicV1Rebalance,8.0000,2796.1552,223.6924,survival,1.0000,1.0000,1.0000,1.0000,1.0000,0.9980,0.9870,0.9705,0.9290,0.8805,0.8145,0.7490,0.6890,0.6275,0.5795,0.5400,0.5005,0.4615,0.4580,0.4580,0.4580,0.4580,0.4580,0.4580,0.4580,0.4580,0.4580,0.4580,0.4580,0.4580,0.4580,0.4580,0.4580,0.4580,0.4580,0.4580,0.4580,0.4580,0.4580,0.4580,0.4580,0.4580,0.4580,0.4580,0.4580
68,0.8000,DynamicV1Rebalance,8.0000,2796.1552,223.6924,spend25p,223.9553,222.3952,220.6815,218.3521,216.2077,213.8116,209.7877,205.0856,196.3104,185.3406,149.4554,0.0000,0.0000,0.0000,0.0000,0.0000,0.0000,0.0000,-76.6675,-82.8303,-88.8653,-94.9839,-101.0527,-107.4610,-114.3899,-121.2936,-128.9631,-136.1505,-143.5772,-151.6685,-159.8421,-168.2873,-178.0730,-187.1731,-197.2347,-207.2638,-219.3000,-230.2423,-240.3428,-250.1577,-258.9649,-270.8331,-285.2371,-296.3418,-307.6172
68,0.8000,DynamicV1Rebalance,8.0000,2796.1552,223.6924,spend50p,225.4972,227.1927,229.0413,230.3090,232.2189,233.7914,235.2414,236.5660,233.9342,229.9746,197.8619,187.2767,174.5177,160.8315,142.7943,124.5458,53.7684,0.0000,0.0000,0.0000,0.0000,0.0000,0.0000,0.0000,0.0000,0.0000,0.0000,0.0000,0.0000,0.0000,0.0000,0.0000,0.0000,0.0000,0.0000,0.0000,0.0000,0.0000,0.0000,0.0000,0.0000,0.0000,0.0000,0.0000,0.0000
68,0.8000,DynamicV1Rebalance,8.0000,2796.1552,223.6924,spend75p,227.0809,231.9612,237.6455,243.5457,249.7490,255.6367,262.0044,266.2294,270.1152,271.6062,240.1896,236.4661,232.1619,225.6072,219.5390,210.2290,202.7699,192.2301,0.0000,0.0000,0.0000,0.0000,0.0000,0.0000,0.0000,0.0000,0.0000,0.0000,0.0000,0.0000,0.0000,0.0000,0.0000,0.0000,0.0000,0.0000,0.0000,0.0000,0.0000,0.0000,0.0000,0.0000,0.0000,0.0000,0.0000
68,0.8000,DynamicV1Rebalance,9.0000,2485.4713,223.6924,survival,1.0000,1.0000,1.0000,1.0000,0.9990,0.9940,0.9750,0.9350,0.8760,0.7850,0.7085,0.6395,0.5755,0.5205,0.4705,0.4215,0.3740,0.3370,0.3325,0.3325,0.3325,0.3325,0.3325,0.3325,0.3325,0.3325,0.3325,0.3325,0.3325,0.3325,0.3325,0.3325,0.3325,0.3325,0.3325,0.3325,0.3325,0.3325,0.3325,0.3325,0.3325,0.3325,0.3325,0.3325,0.3325
68,0.8000,DynamicV1Rebalance,9.0000,2485.4713,223.6924,spend25p,223.9553,222.3952,220.6815,218.3521,216.1452,213.4285,208.5529,200.2454,188.0272,160.0846,0.0000,0.0000,0.0000,0.0000,0.0000,0.0000,0.0000,0.0000,-73.1697,-79.1767,-84.8631,-90.5121,-96.4305,-102.4293,-108.2382,-113.9401,-119.7340,-125.5728,-131.2594,-137.3200,-144.3789,-151.4638,-158.7843,-166.1324,-173.8235,-181.8599,-188.8248,-197.6933,-207.5418,-214.4885,-222.9035,-231.3282,-241.0308,-250.2233,-260.8015
68,0.8000,DynamicV1Rebalance,9.0000,2485.4713,223.6924,spend50p,225.4972,227.1927,229.0413,230.3090,232.1924,233.5903,234.4462,232.7140,228.7694,216.7328,182.6240,167.3895,148.0145,118.0157,0.0000,0.0000,0.0000,0.0000,0.0000,0.0000,0.0000,0.0000,0.0000,0.0000,0.0000,0.0000,0.0000,0.0000,0.0000,0.0000,0.0000,0.0000,0.0000,0.0000,0.0000,0.0000,0.0000,0.0000,0.0000,0.0000,0.0000,0.0000,0.0000,0.0000,0.0000
68,0.8000,DynamicV1Rebalance,9.0000,2485.4713,223.6924,spend75p,227.0809,231.9612,237.6455,243.5457,249.6818,255.5838,261.3206,263.7559,264.8236,260.1381,229.6188,223.2393,216.1540,207.2884,196.0084,184.4781,171.9868,155.8722,0.0000,0.0000,0.0000,0.0000,0.0000,0.0000,0.0000,0.0000,0.0000,0.0000,0.0000,0.0000,0.0000,0.0000,0.0000,0.0000,0.0000,0.0000,0.0000,0.0000,0.0000,0.0000,0.0000,0.0000,0.0000,0.0000,0.0000
68,0.8000,DynamicV1Rebalance,10.0000,2236.9242,223.6924,survival,1.0000,1.0000,1.0000,1.0000,0.9985,0.9845,0.9520,0.8870,0.7850,0.6835,0.6020,0.5295,0.4650,0.4000,0.3495,0.2990,0.2630,0.2340,0.2305,0.2305,0.2305,0.2305,0.2305,0.2305,0.2305,0.2305,0.2305,0.2305,0.2305,0.2305,0.2305,0.2305,0.2305,0.2305,0.2305,0.2305,0.2305,0.2305,0.2305,0.2305,0.2305,0.2305,0.2305,0.2305,0.2305
68,0.8000,DynamicV1Rebalance,10.0000,2236.9242,223.6924,spend25p,223.9553,222.3952,220.6815,218.3521,216.1269,212.5026,205.7767,193.9621,165.5368,0.0000,0.0000,0.0000,0.0000,0.0000,0.0000,0.0000,0.0000,0.0000,0.0000,0.0000,0.0000,0.0000,0.0000,0.0000,0.0000,0.0000,0.0000,0.0000,0.0000,0.0000,0.0000,0.0000,0.0000,0.0000,0.0000,0.0000,0.0000,0.0000,0.0000,0.0000,0.0000,0.0000,0.0000,0.0000,0.0000
68,0.8000,DynamicV1Rebalance,10.0000,2236.9242,223.6924,spend50p,225.4972,227.1927,229.0413,230.3090,232.1549,233.2009,232.8283,228.4365,218.0476,199.0994,160.8355,135.7299,0.0000,0.0000,0.0000,0.0000,0.0000,0.0000,0.0000,0.0000,0.0000,0.0000,0.0000,0.0000,0.0000,0.0000,0.0000,0.0000,0.0000,0.0000,0.0000,0.0000,0.0000,0.0000,0.0000,0.0000,0.0000,0.0000,0.0000,0.0000,0.0000,0.0000,0.0000,0.0000,0.0000
68,0.8000,DynamicV1Rebalance,10.0000,2236.9242,223.6924,spend75p,227.0809,231.9612,237.6455,243.5457,249.6392,255.1721,259.2998,260.8517,256.5462,248.9254,218.7639,209.2062,197.2522,182.1529,166.3352,140.6296,102.5845,0.0000,0.0000,0.0000,0.0000,0.0000,0.0000,0.0000,0.0000,0.0000,0.0000,0.0000,0.0000,0.0000,0.0000,0.0000,0.0000,0.0000,0.0000,0.0000,0.0000,0.0000,0.0000,0.0000,0.0000,0.0000,0.0000,0.0000,0.0000
68,1.0000,DynamicV1Rebalance,2.5000,10969.6210,274.2405,survival,1.0000,1.0000,1.0000,1.0000,1.0000,1.0000,1.0000,1.0000,1.0000,1.0000,1.0000,1.0000,0.9995,0.9995,0.9980,0.9970,0.9955,0.9945,0.9945,0.9945,0.9945,0.9945,0.9945,0.9945,0.9945,0.9945,0.9945,0.9945,0.9945,0.9945,0.9945,0.9945,0.9945,0.9945,0.9945,0.9945,0.9945,0.9945,0.9945,0.9945,0.9945,0.9945,0.9945,0.9945,0.9945
68,1.0000,DynamicV1Rebalance,2.5000,10969.6210,274.2405,spend25p,274.5629,272.6351,270.5151,267.6370,264.9824,262.5584,259.6484,256.5959,253.5372,250.8779,228.8971,228.2934,226.2335,223.5184,221.6230,219.6609,217.1920,215.5030,-34.6910,-41.2177,-47.4290,-53.6410,-59.7617,-66.1998,-72.8384,-79.5134,-86.0357,-93.0015,-100.3253,-107.9510,-116.5520,-125.8391,-136.2902,-147.9875,-161.0329,-174.6097,-189.1751,-204.1799,-218.2057,-232.5064,-246.0446,-261.4013,-275.9162,-292.5483,-309.6339
68,1.0000,DynamicV1Rebalance,2.5000,10969.6210,274.2405,spend50p,276.4531,278.5163,280.7628,282.2927,284.6055,286.6508,289.2353,291.9796,294.3729,296.4845,275.9016,276.7057,280.2573,282.3967,283.1820,284.0546,283.7555,283.5574,-18.9820,-25.4036,-32.0835,-38.8537,-45.7906,-53.0165,-60.3546,-67.8407,-75.5257,-83.2596,-91.0259,-98.5261,-106.0698,-114.5550,-124.0276,-134.4166,-145.0957,-155.8784,-167.6681,-179.9755,-191.4135,-202.2690,-212.9502,-224.8187,-236.9576,-249.4374,-262.3858
68,1.0000,DynamicV1Rebalance,2.5000,10969.6210,274.2405,spend75p,278.3947,284.3620,291.3099,298.5171,306.0903,313.6793,322.5669,329.9105,338.3970,346.6349,325.4110,332.6624,338.7024,344.9730,352.0491,357.9776,364.0871,372.9105,0.5327,-5.6487,-12.7441,-20.6374,-28.6273,-36.6262,-44.4931,-53.1082,-62.1246,-70.7530,-79.3738,-87.8796,-96.2642,-105.2149,-114.0356,-123.1195,-132.3713,-141.8839,-151.4974,-161.2141,-170.4333,-178.8146,-187.2944,-195.5992,-204.5679,-214.1314,-223.9998
68,1.0000,DynamicV1Rebalance,3.0000,9141.3508,274.2405,survival,1.0000,1.0000,1.0000,1.0000,1.0000,1.0000,1.0000,1.0000,1.0000,1.0000,0.9990,0.9980,0.9965,0.9955,0.9950,0.9935,0.9910,0.9860,0.9860,0.9860,0.9860,0.9855,0.9855,0.9855,0.9855,0.9855,0.9855,0.9855,0.9855,0.9855,0.9855,0.9855,0.9855,0.9855,0.9855,0.9855,0.9855,0.9855,0.9855,0.9855,0.9855,0.9855,0.9855,0.9855,0.9855
68,1.0000,DynamicV1Rebalance,3.0000,9141.3508,274.2405,spend25p,274.5629,272.6351,270.5151,267.6370,264.9824,262.5584,259.6484,256.5959,253.5372,250.8779,228.7899,227.8373,225.7738,223.0100,220.9434,218.3659,215.8642,213.3738,-34.6827,-41.2149,-47.4145,-53.5893,-59.7335,-66.1598,-72.8239,-79.5037,-85.9922,-92.9025,-100.3053,-107.9284,-116.5303,-125.7877,-136.2127,-147.8906,-160.6781,-174.4229,-188.7720,-203.8275,-217.5051,-231.3860,-245.4307,-260.6008,-275.1601,-291.3248,-308.0311
68,1.0000,DynamicV1Rebalance,3.0000,9141.3508,274.2405,spend50p,276.4531,278.5163,280.7628,282.2927,284.6055,286.6508,289.2353,291.9796,294.3729,296.4845,275.3628,276.4043,279.6663,281.9008,282.7231,283.1648,282.7587,280.9181,-18.8757,-25.3392,-32.0110,-38.7724,-45.6720,-52.9453,-60.2722,-67.7671,-75.4790,-83.2431,-90.9563,-98.4518,-105.9497,-114.4044,-123.8485,-134.0426,-144.7172,-155.6422,-167.2331,-179.3563,-191.0508,-201.4042,-211.9429,-223.8121,-236.1356,-248.2820,-261.5039
68,1.0000,DynamicV1Rebalance,3.0000,9141.3508,274.2405,spend75p,278.3947,284.3620,291.3099,298.5171,306.0903,313.6793,322.5669,329.9105,338.3970,346.6349,325.3494,332.5637,337.8576,344.0581,351.5520,357.6258,362.4618,369.5682,0.0000,-5.4389,-12.5383,-20.5176,-28.4981,-36.3316,-44.1312,-52.8421,-61.9122,-70.6720,-79.2339,-87.7516,-96.1408,-104.9871,-113.9284,-122.6820,-132.0150,-141.6200,-151.0477,-160.8112,-169.5450,-178.2791,-186.6201,-194.7506,-203.4967,-213.3091,-222.7286
68,1.0000,DynamicV1Rebalance,3.5000,7835.4435,274.2405,survival,1.0000,1.0000,1.0000,1.0000,1.0000,1.0000,1.0000,1.0000,1.0000,0.9985,0.9975,0.9955,0.9940,0.9900,0.9840,0.9760,0.9695,0.9635,0.9635,0.9635,0.9635,0.9635,0.9635,0.9635,0.9635,0.9635,0.9635,0.9635,0.9635,0.9635,0.9635,0.9635,0.9635,0.9635,0.9635,0.9635,0.9635,0.9635,0.9635,0.9635,0.9635,0.9635,0.9635,0.9635,0.9635
68,1.0000,DynamicV1Rebalance,3.5000,7835.4435,274.2405,spend25p,274.5629,272.6351,270.5151,267.6370,264.9824,262.5584,259.6484,256.5959,253.5372,250.6040,228.6557,227.4135,225.4065,222.2130,218.9460,214.7738,211.6282,207.9002,-34.5365,-41.1683,-47.3924,-53.5569,-59.6751,-66.1400,-72.7892,-79.4032,-85.8833,-92.8628,-100.1724,-107.7697,-116.3791,-125.6710,-135.9410,-147.5425,-160.0586,-173.8158,-187.9899,-202.7903,-216.5225,-229.4131,-243.9669,-258.8744,-273.4982,-289.8806,-305.8077
68,1.0000,DynamicV1Rebalance,3.5000,7835.4435,274.2405,spend50p,276.4531,278.5163,280.7628,282.2927,284.6055,286.6508,289.2353,291.9796,294.3729,296.4337,274.9145,275.8723,279.4025,280.8340,278.8713,278.5621,277.8635,276.0232,-18.5369,-24.9607,-31.5624,-38.2954,-45.2516,-52.5928,-59.8442,-67.4761,-75.2784,-83.0182,-90.7101,-98.1312,-105.6865,-114.1687,-123.4326,-133.4812,-144.1017,-154.9711,-166.2751,-178.2926,-189.4149,-199.9467,-210.7147,-221.5430,-233.1534,-246.3190,-258.8828
68,1.0000,DynamicV1Rebalance,3.5000,7835.4435,274.2405,spend75p,278.3947,284.3620,291.3099,298.5171,306.0903,313.6793,322.5669,329.9105,338.3970,346.5788,324.7352,332.4543,337.5486,342.2573,349.0841,352.5063,356.5232,363.2100,0.0000,-4.4002,-11.8270,-19.8064,-27.5659,-35.5156,-43.3511,-51.9532,-60.7958,-69.9481,-78.6810,-86.9746,-95.4511,-104.3462,-113.2497,-122.1410,-131.1471,-140.3480,-149.7868,-159.0629,-167.7075,-175.5563,-183.8588,-192.3926,-200.9258,-210.1882,-219.2667
68,1.0000,DynamicV1Rebalance,4.0000,6856.0131,274.2405,survival,1.0000,1.0000,1.0000,1.0000,1.0000,1.0000,1.0000,1.0000,0.9990,0.9980,0.9945,0.9920,0.9845,0.9740,0.9665,0.9545,0.9415,0.9250,0.9240,0.9230,0.9230,0.9230,0.9230,0.9230,0.9230,0.9230,0.9230,0.9230,0.9230,0.9230,0.9230,0.9230,0.9230,0.9230,0.9230,0.9230,0.9230,0.9230,0.9230,0.9230,0.9230,0.9230,0.9230,0.9230,0.9230
68,1.0000,DynamicV1Rebalance,4.0000,6856.0131,274.2405,spend25p,274.5629,272.6351,270.5151,267.6370,264.9824,262.5584,259.6484,256.5959,253.2799,250.4595,228.2085,226.7518,223.3767,218.3696,214.5303,209.8049,205.0148,197.8557,-34.4493,-41.0420,-47.3582,-53.4683,-59.5503,-66.0633,-72.6947,-79.2396,-85.7110,-92.6909,-99.7511,-107.3093,-115.9628,-125.1181,-135.2463,-146.5944,-159.0298,-172.4174,-186.3677,-201.4557,-214.8009,-226.7074,-241.3279,-256.7635,-271.6913,-287.8389,-303.7945
68,1.0000,DynamicV1Rebalance,4.0000,6856.0131,274.2405,spend50p,276.4531,278.5163,280.7628,282.2927,284.6055,286.6508,289.2353,291.9796,294.2837,296.4207,274.2229,275.3350,277.0881,277.5619,275.7632,274.4174,271.1816,266.9092,-18.2315,-24.3746,-31.1670,-37.7705,-44.7663,-52.1446,-59.3711,-67.0070,-74.6808,-82.5944,-90.2081,-97.5386,-105.1045,-113.4517,-122.5133,-132.2868,-142.7947,-153.2515,-164.5446,-175.4733,-185.7050,-196.1873,-206.9209,-217.6731,-229.2228,-240.8531,-253.6523
68,1.0000,DynamicV1Rebalance,4.0000,6856.0131,274.2405,spend75p,278.3947,284.3620,291.3099,298.5171,306.0903,313.6793,322.5669,329.9105,338.3014,346.5353,324.1653,331.6610,335.4677,339.8207,343.4883,346.0634,350.3824,351.8917,0.0000,-2.4294,-9.9434,-18.0505,-25.5620,-33.2427,-41.4523,-49.6405,-58.5766,-67.6420,-76.9013,-85.6114,-94.0299,-102.8732,-111.7370,-120.7682,-129.4952,-138.1199,-146.7159,-155.7735,-164.1970,-171.4250,-178.8927,-186.7615,-194.7200,-203.4687,-212.2395
68,1.0000,DynamicV1Rebalance,5.0000,5484.8105,274.2405,survival,1.0000,1.0000,1.0000,1.0000,1.0000,1.0000,1.0000,0.9985,0.9970,0.9920,0.9815,0.9665,0.9505,0.9325,0.9100,0.8770,0.8480,0.8285,0.8270,0.8260,0.8260,0.8260,0.8260,0.8260,0.8260,0.8260,0.8260,0.8260,0.8260,0.8260,0.8260,0.8260,0.8260,0.8260,0.8260,0.8260,0.8260,0.8260,0.8260,0.8260,0.8260,0.8260,0.8260,0.8260,0.8260
68,1.0000,DynamicV1Rebalance,5.0000,5484.8105,274.2405,spend25p,274.5629,272.6351,270.5151,267.6370,264.9824,262.5584,259.6484,256.1864,252.7401,249.5507,225.6013,220.7501,214.4191,207.8223,200.8156,188.7933,174.3203,163.9747,-33.7470,-40.0444,-46.5667,-52.7550,-59.0025,-65.4547,-71.9053,-78.5202,-84.9207,-91.7506,-98.7460,-106.4715,-114.3314,-123.6071,-133.0613,-144.4474,-155.9258,-168.9450,-181.9366,-196.0283,-209.4289,-221.7110,-234.4249,-248.7600,-263.3724,-278.8197,-293.8973
68,1.0000,DynamicV1Rebalance,5.0000,5484.8105,274.2405,spend50p,276.4531,278.5163,280.7628,282.2927,284.6055,286.6508,289.2353,291.6139,294.1031,295.6018,272.2599,272.0579,270.9206,267.8143,264.0783,256.9264,249.2138,244.0397,-15.6185,-22.2273,-28.4639,-35.2448,-42.5022,-49.6404,-57.4583,-65.0816,-72.7238,-80.7038,-88.3831,-95.8305,-103.3795,-111.2290,-120.2606,-129.3503,-138.9637,-148.8673,-159.3884,-170.3814,-180.3308,-189.2886,-199.1361,-209.3223,-219.7015,-230.2234,-241.6633
68,1.0000,DynamicV1Rebalance,5.0000,5484.8105,274.2405,spend75p,278.3947,284.3620,291.3099,298.5171,306.0903,313.6793,322.5669,329.7376,338.1694,345.1414,322.3602,326.9884,330.3499,331.8468,332.6556,332.3391,328.8483,328.3955,0.0000,0.0000,0.0000,-6.5570,-14.1465,-22.5755,-30.9295,-39.9188,-49.3973,-58.6211,-67.7845,-78.1229,-87.9119,-97.2374,-106.6123,-115.0670,-123.5764,-131.0466,-138.3200,-146.2229,-152.5184,-158.5847,-164.7173,-171.4238,-178.9780,-186.3629,-194.2970
68,1.0000,DynamicV1Rebalance,6.0000,4570.6754,274.2405,survival,1.0000,1.0000,1.0000,1.0000,1.0000,1.0000,0.9985,0.9970,0.9870,0.9720,0.9520,0.9245,0.8945,0.8485,0.8155,0.7765,0.7400,0.7055,0.7005,0.7005,0.7005,0.7005,0.7005,0.7005,0.7005,0.7005,0.7005,0.7005,0.7005,0.7005,0.7005,0.7005,0.7005,0.7005,0.7005,0.7005,0.7005,0.7005,0.7005,0.7005,0.7005,0.7005,0.7005,0.7005,0.7005
68,1.0000,DynamicV1Rebalance,6.0000,4570.6754,274.2405,spend25p,274.5629,272.6351,270.5151,267.6370,264.9824,262.5584,258.8575,255.7569,250.7258,245.2441,220.2280,212.0745,201.7206,183.4637,168.7672,141.4834,0.0000,0.0000,-32.1650,-38.4268,-44.5913,-51.0478,-57.6348,-63.9634,-70.4959,-76.7004,-83.5664,-90.1294,-97.0516,-104.6067,-112.7485,-121.1106,-130.6664,-140.8091,-151.9647,-164.0734,-176.7423,-189.7185,-201.6501,-213.5975,-225.3254,-237.9295,-251.6787,-265.3335,-280.1943
68,1.0000,DynamicV1Rebalance,6.0000,4570.6754,274.2405,spend50p,276.4531,278.5163,280.7628,282.2927,284.6055,286.6508,289.1712,291.4871,292.7491,294.0572,268.9185,265.6298,260.3158,250.6078,243.6236,235.0549,225.7917,213.2080,-9.6776,-15.8529,-22.3964,-30.3903,-38.1264,-45.3127,-52.9975,-61.1437,-69.1583,-76.8608,-84.5254,-92.6302,-99.9795,-107.9641,-116.5661,-125.4390,-133.9428,-143.3281,-152.4773,-162.0092,-171.2812,-179.3735,-187.9947,-196.7775,-205.5650,-214.8657,-224.5001
68,1.0000,DynamicV1Rebalance,6.0000,4570.6754,274.2405,spend75p,278.3947,284.3620,291.3099,298.5171,306.0903,313.6793,322.4674,329.5799,336.5925,342.4632,318.1660,321.2178,321.0496,318.9354,318.3531,315.0390,308.0454,303.8617,0.0000,0.0000,0.0000,0.0000,0.0000,0.0000,0.0000,0.0000,0.0000,0.0000,0.0000,0.0000,0.0000,0.0000,0.0000,0.0000,0.0000,0.0000,0.0000,0.0000,0.0000,0.0000,0.0000,0.0000,0.0000,0.0000,0.0000
68,1.0000,DynamicV1Rebalance,7.0000,3917.7218,274.2405,survival,1.0000,1.0000,1.0000,1.0000,1.0000,0.9990,0.9965,0.9850,0.9685,0.9340,0.8965,0.8505,0.7975,0.7520,0.7005,0.6450,0.6110,0.5770,0.5705,0.5705,0.5705,0.5705,0.5705,0.5705,0.5705,0.5705,0.5705,0.5705,0.5705,0.5705,0.5705,0.5705,0.5705,0.5705,0.5705,0.5705,0.5705,0.5705,0.5705,0.5705,0.5705,0.5705,0.5705,0.5705,0.5705
68,1.0000,DynamicV1Rebalance,7.0000,3917.7218,274.2405,spend25p,274.5629,272.6351,270.5151,267.6370,264.9824,262.3845,258.5948,253.6991,247.2386,238.2769,208.1478,192.1529,169.0222,114.2581,0.0000,0.0000,0.0000,0.0000,-29.4043,-35.6491,-41.5213,-47.7038,-54.0637,-60.4353,-67.1684,-74.2146,-80.8718,-87.9658,-94.8004,-102.0935,-109.3592,-117.3307,-126.6155,-136.8039,-147.3905,-158.0540,-169.4347,-181.3528,-192.9377,-203.0681,-213.9683,-226.0981,-238.8588,-251.0457,-265.0170
68,1.0000,DynamicV1Rebalance,7.0000,3917.7218,274.2405,spend50p,276.4531,278.5163,280.7628,282.2927,284.6055,286.5780,289.1376,290.6708,291.2923,289.6093,259.8565,252.6667,241.3255,232.0974,217.0979,200.1240,185.6592,167.9608,0.0000,-1.9172,-8.6654,-16.5851,-25.0331,-33.0724,-40.6403,-48.6656,-56.9947,-66.0783,-75.2572,-83.7374,-92.1342,-100.9861,-109.2431,-118.0338,-126.0594,-133.7087,-141.4510,-148.5795,-154.7900,-161.3862,-168.1081,-175.4730,-182.3339,-190.5961,-197.9593
68,1.0000,DynamicV1Rebalance,7.0000,3917.7218,274.2405,spend75p,278.3947,284.3620,291.3099,298.5171,306.0903,313.4097,322.4520,328.1745,333.7830,338.3727,312.3154,311.2900,306.8737,304.0469,296.6102,287.0661,281.0060,272.3411,0.0000,0.0000,0.0000,0.0000,0.0000,0.0000,0.0000,0.0000,0.0000,0.0000,0.0000,0.0000,0.0000,0.0000,0.0000,0.0000,0.0000,0.0000,0.0000,0.0000,0.0000,0.0000,0.0000,0.0000,0.0000,0.0000,0.0000
68,1.0000,DynamicV1Rebalance,8.0000,3428.0066,274.2405,survival,1.0000,1.0000,1.0000,1.0000,1.0000,0.9980,0.9870,0.9705,0.9290,0.8805,0.8130,0.7470,0.6850,0.6230,0.5760,0.5370,0.4960,0.4535,0.4505,0.4505,0.4505,0.4505,0.4505,0.4505,0.4505,0.4505,0.4505,0.4505,0.4505,0.4505,0.4505,0.4505,0.4505,0.4505,0.4505,0.4505,0.4505,0.4505,0.4505,0.4505,0.4505,0.4505,0.4505,0.4505,0.4505
68,1.0000,DynamicV1Rebalance,8.0000,3428.0066,274.2405,spend25p,274.5629,272.6351,270.5151,267.6370,264.9824,262.0163,257.0532,251.2575,240.4711,226.9976,185.9529,0.0000,0.0000,0.0000,0.0000,0.0000,0.0000,0.0000,-24.4197,-30.5639,-36.8087,-43.4718,-49.8889,-56.8152,-63.3483,-70.4360,-77.4785,-84.6044,-91.6223,-98.5500,-105.6007,-113.6032,-121.9812,-131.6882,-140.9741,-151.2069,-162.0060,-172.2700,-182.6409,-192.6332,-202.7502,-213.1884,-223.6908,-234.6551,-245.3409
68,1.0000,DynamicV1Rebalance,8.0000,3428.0066,274.2405,spend50p,276.4531,278.5163,280.7628,282.2927,284.6055,286.5007,288.2417,289.8252,286.5586,281.6635,247.1027,233.7500,217.2829,199.6270,177.8923,152.5660,0.0000,0.0000,0.0000,0.0000,0.0000,0.0000,0.0000,0.0000,0.0000,0.0000,0.0000,0.0000,0.0000,0.0000,0.0000,0.0000,0.0000,0.0000,0.0000,0.0000,0.0000,0.0000,0.0000,0.0000,0.0000,0.0000,0.0000,0.0000,0.0000
68,1.0000,DynamicV1Rebalance,8.0000,3428.0066,274.2405,spend75p,278.3947,284.3620,291.3099,298.5171,306.0903,313.2711,321.0345,326.1669,330.8785,332.6522,300.1904,295.5117,289.0111,281.6184,272.6176,262.5720,251.5277,237.1558,0.0000,0.0000,0.0000,0.0000,0.0000,0.0000,0.0000,0.0000,0.0000,0.0000,0.0000,0.0000,0.0000,0.0000,0.0000,0.0000,0.0000,0.0000,0.0000,0.0000,0.0000,0.0000,0.0000,0.0000,0.0000,0.0000,0.0000
68,1.0000,DynamicV1Rebalance,9.0000,3047.1169,274.2405,survival,1.0000,1.0000,1.0000,1.0000,0.9995,0.9940,0.9750,0.9350,0.8760,0.7855,0.7075,0.6365,0.5745,0.5150,0.4665,0.4135,0.3690,0.3295,0.3250,0.3245,0.3240,0.3240,0.3240,0.3240,0.3240,0.3240,0.3240,0.3240,0.3240,0.3240,0.3240,0.3240,0.3240,0.3240,0.3240,0.3240,0.3240,0.3240,0.3240,0.3240,0.3240,0.3240,0.3240,0.3240,0.3240
68,1.0000,DynamicV1Rebalance,9.0000,3047.1169,274.2405,spend25p,274.5629,272.6351,270.5151,267.6370,264.9304,261.5469,255.5402,245.3276,230.3246,196.1691,0.0000,0.0000,0.0000,0.0000,0.0000,0.0000,0.0000,0.0000,-9.2945,-15.9885,-23.1326,-31.4493,-38.7929,-45.4510,-52.8162,-60.7925,-68.6831,-76.2421,-83.8903,-91.4805,-99.0240,-106.5166,-114.4547,-122.3838,-130.8279,-139.0116,-147.3073,-155.8150,-164.3381,-171.3552,-178.7194,-186.8161,-195.5866,-205.1971,-215.3444
68,1.0000,DynamicV1Rebalance,9.0000,3047.1169,274.2405,spend50p,276.4531,278.5163,280.7628,282.2927,284.5905,286.2543,287.2673,285.1059,280.2319,265.4455,228.1583,208.3549,184.7248,141.5636,0.0000,0.0000,0.0000,0.0000,0.0000,0.0000,0.0000,0.0000,0.0000,0.0000,0.0000,0.0000,0.0000,0.0000,0.0000,0.0000,0.0000,0.0000,0.0000,0.0000,0.0000,0.0000,0.0000,0.0000,0.0000,0.0000,0.0000,0.0000,0.0000,0.0000,0.0000
68,1.0000,DynamicV1Rebalance,9.0000,3047.1169,274.2405,spend75p,278.3947,284.3620,291.3099,298.5171,306.0632,313.2063,320.1966,323.1365,324.3966,318.6066,286.7085,277.9321,269.9589,256.1730,243.5798,228.9702,214.1562,188.8452,0.0000,0.0000,0.0000,0.0000,0.0000,0.0000,0.0000,0.0000,0.0000,0.0000,0.0000,0.0000,0.0000,0.0000,0.0000,0.0000,0.0000,0.0000,0.0000,0.0000,0.0000,0.0000,0.0000,0.0000,0.0000,0.0000,0.0000
68,1.0000,DynamicV1Rebalance,10.0000,2742.4052,274.2405,survival,1.0000,1.0000,1.0000,1.0000,0.9985,0.9845,0.9520,0.8880,0.7850,0.6840,0.6015,0.5295,0.4615,0.3940,0.3405,0.2940,0.2585,0.2300,0.2245,0.2245,0.2245,0.2245,0.2245,0.2245,0.2245,0.2245,0.2245,0.2245,0.2245,0.2245,0.2245,0.2245,0.2245,0.2245,0.2245,0.2245,0.2245,0.2245,0.2245,0.2245,0.2245,0.2245,0.2245,0.2245,0.2245
68,1.0000,DynamicV1Rebalance,10.0000,2742.4052,274.2405,spend25p,274.5629,272.6351,270.5151,267.6370,264.8834,260.4122,252.1386,237.7378,202.7749,0.0000,0.0000,0.0000,0.0000,0.0000,0.0000,0.0000,0.0000,0.0000,0.0000,0.0000,0.0000,0.0000,0.0000,0.0000,0.0000,0.0000,0.0000,0.0000,0.0000,0.0000,0.0000,0.0000,0.0000,0.0000,0.0000,0.0000,0.0000,0.0000,0.0000,0.0000,0.0000,0.0000,0.0000,0.0000,0.0000
68,1.0000,DynamicV1Rebalance,10.0000,2742.4052,274.2405,spend50p,276.4531,278.5163,280.7628,282.2927,284.5271,285.7770,285.2850,279.9700,267.0982,244.0647,201.0444,169.6623,0.0000,0.0000,0.0000,0.0000,0.0000,0.0000,0.0000,0.0000,0.0000,0.0000,0.0000,0.0000,0.0000,0.0000,0.0000,0.0000,0.0000,0.0000,0.0000,0.0000,0.0000,0.0000,0.0000,0.0000,0.0000,0.0000,0.0000,0.0000,0.0000,0.0000,0.0000,0.0000,0.0000
68,1.0000,DynamicV1Rebalance,10.0000,2742.4052,274.2405,spend75p,278.3947,284.3620,291.3099,298.5171,305.9558,312.7018,317.7205,319.5784,314.2571,304.9783,273.4549,261.5078,246.0344,225.7704,202.2250,170.3923,121.0963,0.0000,0.0000,0.0000,0.0000,0.0000,0.0000,0.0000,0.0000,0.0000,0.0000,0.0000,0.0000,0.0000,0.0000,0.0000,0.0000,0.0000,0.0000,0.0000,0.0000,0.0000,0.0000,0.0000,0.0000,0.0000,0.0000,0.0000,0.0000
68,1.1000,DynamicV1Rebalance,2.5000,11980.5831,299.5146,survival,1.0000,1.0000,1.0000,1.0000,1.0000,1.0000,1.0000,1.0000,1.0000,1.0000,1.0000,1.0000,0.9995,0.9995,0.9980,0.9970,0.9955,0.9945,0.9945,0.9945,0.9945,0.9945,0.9945,0.9945,0.9945,0.9945,0.9940,0.9940,0.9940,0.9940,0.9940,0.9940,0.9940,0.9940,0.9940,0.9940,0.9940,0.9940,0.9940,0.9940,0.9940,0.9940,0.9940,0.9940,0.9940
68,1.1000,DynamicV1Rebalance,2.5000,11980.5831,299.5146,spend25p,299.8666,297.7550,295.4319,292.2795,289.3697,286.7107,283.5197,280.1724,276.8172,273.8975,251.7868,251.1228,248.8569,245.8702,243.7853,241.6270,238.9111,237.0533,-12.9232,-18.7562,-25.4181,-32.0830,-38.5065,-45.0668,-51.4673,-58.1488,-64.7027,-71.3070,-78.3603,-85.1957,-92.0013,-99.6352,-107.5713,-116.1347,-125.1109,-135.8063,-147.0295,-158.8346,-171.2220,-182.0964,-193.5892,-205.5663,-219.5340,-232.7093,-248.3890
68,1.1000,DynamicV1Rebalance,2.5000,11980.5831,299.5146,spend50p,301.9311,304.1781,306.6235,308.2845,310.7989,313.0193,315.8268,318.8071,321.4025,323.6889,303.4918,304.3763,308.2830,310.6364,311.5002,312.4600,312.1311,311.9131,8.9174,2.8128,-2.9807,-9.7880,-16.5894,-23.4798,-31.1902,-38.3711,-45.7119,-53.2399,-60.8953,-68.6314,-76.6566,-85.5597,-94.4502,-103.2728,-112.3101,-121.7631,-132.1443,-142.8274,-152.9331,-161.7998,-171.4179,-182.0905,-193.2911,-205.2765,-216.7816
68,1.1000,DynamicV1Rebalance,2.5000,11980.5831,299.5146,spend75p,304.0516,310.5625,318.1421,326.0028,334.2609,342.5340,352.2229,360.2232,369.4690,378.4410,357.9521,365.9286,372.5727,379.4703,387.2540,393.7753,400.4958,410.2015,38.4758,32.5704,25.9285,18.6197,10.7817,3.3084,-3.5851,-11.7256,-20.0411,-28.2907,-37.0736,-45.8417,-54.5346,-64.8768,-75.9034,-86.9934,-97.8238,-108.0222,-117.8870,-128.1376,-137.3956,-145.3961,-154.2025,-163.0989,-172.9336,-182.2145,-192.6979
68,1.1000,DynamicV1Rebalance,3.0000,9983.8192,299.5146,survival,1.0000,1.0000,1.0000,1.0000,1.0000,1.0000,1.0000,1.0000,1.0000,1.0000,0.9990,0.9980,0.9965,0.9955,0.9950,0.9935,0.9905,0.9860,0.9860,0.9855,0.9855,0.9850,0.9850,0.9850,0.9845,0.9845,0.9845,0.9845,0.9845,0.9845,0.9845,0.9845,0.9845,0.9845,0.9845,0.9845,0.9845,0.9845,0.9845,0.9845,0.9845,0.9845,0.9845,0.9845,0.9845
68,1.1000,DynamicV1Rebalance,3.0000,9983.8192,299.5146,spend25p,299.8666,297.7550,295.4319,292.2795,289.3697,286.7107,283.5197,280.1724,276.8172,273.8975,251.6689,250.6210,248.3511,245.3110,243.0377,240.2024,237.3800,234.7112,-12.9232,-18.7562,-25.3733,-32.0683,-38.4913,-45.0278,-51.4525,-58.1187,-64.6765,-71.2955,-78.2511,-85.1159,-91.9614,-99.5230,-107.4837,-116.0739,-125.0051,-135.7640,-146.9449,-158.7473,-171.1110,-181.8488,-193.1436,-205.3392,-218.7027,-231.9885,-247.9814
68,1.1000,DynamicV1Rebalance,3.0000,9983.8192,299.5146,spend50p,301.9311,304.1781,306.6235,308.2845,310.7989,313.0193,315.8268,318.8071,321.4025,323.6889,302.8990,304.0447,307.6329,310.0909,310.9954,311.4813,310.8697,309.0099,8.2326,1.8229,-2.8768,-9.7098,-16.5234,-23.2917,-30.9338,-38.3437,-45.5990,-53.0771,-60.6530,-68.4839,-76.5703,-85.4681,-94.3208,-103.0692,-112.2559,-121.5607,-131.9243,-142.5428,-152.6164,-161.4085,-171.1107,-181.4988,-192.7131,-204.3297,-216.0135
68,1.1000,DynamicV1Rebalance,3.0000,9983.8192,299.5146,spend75p,304.0516,310.5625,318.1421,326.0028,334.2609,342.5340,352.2229,360.2232,369.4690,378.4410,357.8844,365.8201,371.6433,378.4639,386.7072,393.3884,398.4052,406.5250,37.6239,31.6711,25.0865,17.5202,9.7955,1.8068,-3.1865,-11.3521,-19.8077,-28.0619,-36.7224,-45.2994,-54.2585,-64.6386,-75.6670,-86.6469,-97.2028,-107.6010,-117.5932,-127.8557,-137.1821,-145.0648,-153.6162,-162.5648,-172.2853,-181.9402,-192.0933
68,1.1000,DynamicV1Rebalance,3.5000,8557.5593,299.5146,survival,1.0000,1.0000,1.0000,1.0000,1.0000,1.0000,1.0000,1.0000,1.0000,0.9985,0.9975,0.9955,0.9940,0.9900,0.9835,0.9755,0.9690,0.9630,0.9630,0.9620,0.9620,0.9620,0.9605,0.9595,0.9595,0.9590,0.9590,0.9585,0.9580,0.9580,0.9580,0.9580,0.9580,0.9580,0.9580,0.9580,0.9580,0.9580,0.9580,0.9580,0.9580,0.9580,0.9580,0.9580,0.9580
68,1.1000,DynamicV1Rebalance,3.5000,8557.5593,299.5146,spend25p,299.8666,297.7550,295.4319,292.2795,289.3697,286.7107,283.5197,280.1724,276.8172,273.5986,251.5213,250.1548,247.9471,244.4343,240.6930,236.1424,232.5038,228.6450,-12.8917,-18.6716,-25.3189,-31.9379,-38.3103,-44.8659,-51.2516,-57.9461,-64.5623,-71.2251,-77.8654,-84.8395,-91.5865,-99.2924,-107.4038,-115.9193,-124.6734,-135.4012,-146.6269,-158.5085,-170.4348,-181.1378,-192.3730,-204.6886,-217.8229,-230.9221,-246.3800
68,1.1000,DynamicV1Rebalance,3.5000,8557.5593,299.5146,spend50p,301.9311,304.1781,306.6235,308.2845,310.7989,313.0193,315.8268,318.8071,321.4025,323.6335,302.4060,303.4595,307.3427,308.9174,306.6492,306.2153,305.4101,303.4583,7.0554,0.2552,-2.3365,-9.0005,-15.9682,-22.7014,-30.3973,-37.4152,-45.1598,-52.7249,-60.2176,-68.2410,-76.1763,-84.9089,-93.9846,-102.7233,-111.9578,-121.1310,-131.2801,-141.7194,-151.6485,-160.7323,-170.2148,-180.4407,-191.3504,-202.8969,-214.2993
68,1.1000,DynamicV1Rebalance,3.5000,8557.5593,299.5146,spend75p,304.0516,310.5625,318.1421,326.0028,334.2609,342.5340,352.2229,360.2232,369.4690,378.3797,357.2087,365.6997,371.3035,376.4831,383.9925,387.7034,391.9455,398.8253,35.5824,28.9019,23.0226,15.8904,7.8888,0.0823,-1.4250,-9.3808,-17.2348,-26.5903,-35.1557,-43.5969,-52.3645,-62.6252,-73.8585,-85.5889,-95.6438,-106.7918,-116.8037,-126.7595,-135.9156,-143.9760,-152.2803,-161.1412,-170.2400,-179.8020,-190.0393
68,1.1000,DynamicV1Rebalance,4.0000,7487.8644,299.5146,survival,1.0000,1.0000,1.0000,1.0000,1.0000,1.0000,1.0000,1.0000,0.9990,0.9980,0.9945,0.9920,0.9845,0.9740,0.9665,0.9545,0.9400,0.9240,0.9220,0.9205,0.9200,0.9190,0.9175,0.9170,0.9165,0.9165,0.9160,0.9155,0.9155,0.9155,0.9150,0.9150,0.9150,0.9150,0.9150,0.9150,0.9150,0.9150,0.9150,0.9150,0.9150,0.9150,0.9150,0.9150,0.9150
68,1.1000,DynamicV1Rebalance,4.0000,7487.8644,299.5146,spend25p,299.8666,297.7550,295.4319,292.2795,289.3697,286.7107,283.5197,280.1724,276.5364,273.4408,251.0294,249.4269,245.7144,240.2066,235.9834,230.7854,225.0013,217.5623,-12.7783,-18.6611,-25.2315,-31.8548,-38.1866,-44.6906,-51.1343,-57.8340,-64.5192,-71.1162,-77.6149,-84.4332,-91.2205,-99.1205,-107.1498,-115.5139,-124.3576,-134.6681,-145.7464,-157.4554,-168.8727,-179.6752,-191.1692,-203.1596,-215.8506,-229.0704,-243.8660
68,1.1000,DynamicV1Rebalance,4.0000,7487.8644,299.5146,spend50p,301.9311,304.1781,306.6235,308.2845,310.7989,313.0193,315.8268,318.8071,321.3051,323.6193,301.6452,302.8685,304.7969,305.3181,303.3395,301.8592,298.2415,293.5862,3.1460,0.0000,-1.6079,-8.5170,-14.7442,-21.7282,-29.4741,-36.7358,-44.5056,-52.0549,-59.6642,-67.6614,-75.5404,-84.3201,-93.1681,-101.7983,-111.2685,-120.3654,-130.4047,-140.7415,-150.3302,-159.2799,-168.7105,-178.8158,-188.9817,-199.9174,-211.5044
68,1.1000,DynamicV1Rebalance,4.0000,7487.8644,299.5146,spend75p,304.0516,310.5625,318.1421,326.0028,334.2609,342.5340,352.2229,360.2232,369.3647,378.3321,356.5818,364.8271,369.0145,373.8028,377.8371,380.6698,385.2116,386.9960,31.7544,25.7758,18.6011,11.6307,3.9036,0.0000,0.0000,-5.4927,-13.9055,-22.4070,-31.1833,-39.2953,-49.1237,-59.5109,-70.9303,-82.3180,-93.3898,-104.4503,-114.7706,-124.8652,-133.7793,-142.0068,-150.3097,-158.1894,-167.2785,-176.4312,-185.5494
68,1.1000,DynamicV1Rebalance,5.0000,5990.2915,299.5146,survival,1.0000,1.0000,1.0000,1.0000,1.0000,1.0000,1.0000,0.9985,0.9970,0.9920,0.9810,0.9665,0.9505,0.9320,0.9095,0.8740,0.8470,0.8265,0.8245,0.8240,0.8240,0.8235,0.8220,0.8215,0.8200,0.8200,0.8200,0.8200,0.8200,0.8200,0.8200,0.8200,0.8200,0.8200,0.8200,0.8200,0.8195,0.8190,0.8190,0.8190,0.8190,0.8190,0.8190,0.8190,0.8190
68,1.1000,DynamicV1Rebalance,5.0000,5990.2915,299.5146,spend25p,299.8666,297.7550,295.4319,292.2795,289.3697,286.7107,283.5197,279.7252,275.9470,272.4486,248.0745,242.8251,235.8610,228.5639,220.8509,206.5253,191.4836,179.3696,-11.3944,-17.9852,-24.1759,-30.6732,-37.1762,-43.4127,-50.3711,-56.6921,-63.4616,-69.8212,-76.2910,-83.2937,-90.0006,-97.8739,-105.8796,-114.1223,-122.7980,-132.9703,-143.1064,-154.7131,-165.6298,-176.4434,-187.1248,-199.0916,-211.7028,-224.6290,-238.5891
68,1.1000,DynamicV1Rebalance,5.0000,5990.2915,299.5146,spend50p,301.9311,304.1781,306.6235,308.2845,310.7989,313.0193,315.8268,318.4079,321.1080,322.7252,299.3400,299.2637,298.0126,294.5694,290.4481,281.5183,273.9172,267.5877,0.0000,0.0000,0.0000,-4.5892,-11.0464,-18.2420,-25.8997,-33.4015,-40.8374,-48.9438,-56.4673,-64.7212,-72.8416,-81.1543,-90.3233,-99.4652,-108.7111,-117.8877,-127.5130,-137.4226,-146.4983,-154.7969,-164.4765,-174.1821,-183.3525,-193.8645,-204.9843
68,1.1000,DynamicV1Rebalance,5.0000,5990.2915,299.5146,spend75p,304.0516,310.5625,318.1421,326.0028,334.2609,342.5340,352.2229,360.0344,369.2205,376.8104,354.5261,359.6872,363.3849,365.0050,365.7688,364.9466,361.3773,360.9088,24.6870,18.1753,11.7996,4.7850,0.0000,0.0000,0.0000,0.0000,0.0000,-3.6574,-13.7506,-22.9571,-32.9535,-43.1790,-54.7723,-66.8684,-79.3801,-92.4149,-105.1070,-116.4907,-126.2913,-133.4145,-141.0226,-148.8784,-156.8009,-165.2253,-172.5206
68,1.1000,DynamicV1Rebalance,6.0000,4991.9096,299.5146,survival,1.0000,1.0000,1.0000,1.0000,1.0000,1.0000,0.9985,0.9970,0.9870,0.9720,0.9515,0.9240,0.8930,0.8480,0.8150,0.7755,0.7385,0.7020,0.6955,0.6940,0.6935,0.6915,0.6905,0.6880,0.6875,0.6875,0.6870,0.6870,0.6870,0.6865,0.6865,0.6865,0.6865,0.6865,0.6865,0.6865,0.6865,0.6865,0.6865,0.6865,0.6865,0.6865,0.6865,0.6865,0.6865
68,1.1000,DynamicV1Rebalance,6.0000,4991.9096,299.5146,spend25p,299.8666,297.7550,295.4319,292.2795,289.3697,286.7107,282.6562,279.2562,273.7477,267.7469,242.1212,233.1637,221.3548,201.7932,185.6166,155.1519,0.0000,0.0000,-9.0578,-15.3681,-21.7064,-28.2791,-34.7026,-41.0770,-47.7245,-53.9528,-60.5063,-67.4473,-74.2724,-80.9032,-88.1240,-95.7085,-103.6862,-112.0224,-120.8950,-129.8947,-140.3038,-151.4211,-162.0415,-171.7474,-182.3801,-193.8709,-206.0558,-218.4897,-231.8541
68,1.1000,DynamicV1Rebalance,6.0000,4991.9096,299.5146,spend50p,301.9311,304.1781,306.6235,308.2845,310.7989,313.0193,315.7569,318.2693,319.6296,321.0389,295.8103,292.0491,286.1217,275.4187,267.7649,258.2777,246.7262,233.4061,0.0000,0.0000,0.0000,0.0000,-3.4637,-10.5209,-17.3338,-24.9110,-33.3091,-41.3544,-49.3379,-57.8381,-66.4414,-75.0542,-84.7975,-94.7852,-104.0704,-113.0169,-122.3041,-131.9488,-140.7183,-148.5701,-156.7221,-165.8240,-174.6692,-184.7569,-194.7000
68,1.1000,DynamicV1Rebalance,6.0000,4991.9096,299.5146,spend75p,304.0516,310.5625,318.1421,326.0028,334.2609,342.5340,352.1142,359.8622,367.4988,373.8865,349.9826,353.2163,353.0391,350.3567,350.1885,346.2888,338.5941,333.2259,15.2507,8.6496,2.2987,0.0000,0.0000,0.0000,0.0000,0.0000,0.0000,0.0000,0.0000,0.0000,0.0000,0.0000,0.0000,0.0000,0.0000,0.0000,0.0000,0.0000,0.0000,0.0000,0.0000,0.0000,0.0000,0.0000,0.0000
68,1.1000,DynamicV1Rebalance,7.0000,4278.7797,299.5146,survival,1.0000,1.0000,1.0000,1.0000,1.0000,0.9990,0.9965,0.9850,0.9685,0.9340,0.8965,0.8495,0.7965,0.7505,0.6995,0.6420,0.6055,0.5715,0.5665,0.5660,0.5650,0.5635,0.5635,0.5625,0.5620,0.5615,0.5615,0.5615,0.5615,0.5615,0.5615,0.5615,0.5615,0.5615,0.5615,0.5615,0.5615,0.5615,0.5615,0.5615,0.5615,0.5615,0.5615,0.5615,0.5615
68,1.1000,DynamicV1Rebalance,7.0000,4278.7797,299.5146,spend25p,299.8666,297.7550,295.4319,292.2795,289.3697,286.5207,282.3693,277.0093,269.9404,260.1403,228.9626,210.8038,185.7430,100.5852,0.0000,0.0000,0.0000,0.0000,-5.5426,-11.5117,-17.5925,-23.6275,-29.8147,-36.7495,-43.4659,-49.8853,-56.7120,-63.4639,-70.3666,-77.9165,-84.6044,-91.8048,-99.8434,-108.5406,-117.4319,-126.4867,-136.2014,-147.2277,-157.1113,-166.7062,-176.0385,-186.3909,-198.2248,-210.2358,-222.9444
68,1.1000,DynamicV1Rebalance,7.0000,4278.7797,299.5146,spend50p,301.9311,304.1781,306.6235,308.2845,310.7989,312.9397,315.7201,317.3781,318.0391,316.1829,285.8421,277.8097,265.1923,254.7667,238.3673,219.4083,202.2766,181.8704,0.0000,0.0000,0.0000,0.0000,0.0000,0.0000,0.0000,-1.3730,-9.1884,-18.8765,-26.3632,-34.7337,-44.2094,-55.5142,-66.8916,-78.1039,-90.8217,-101.6039,-111.8732,-122.2343,-130.4353,-137.8123,-145.0563,-152.5218,-160.5623,-168.4552,-176.2787
68,1.1000,DynamicV1Rebalance,7.0000,4278.7797,299.5146,spend75p,304.0516,310.5625,318.1421,326.0028,334.2609,342.2397,352.0973,358.3277,364.4314,369.4206,343.5469,342.3087,337.4120,334.4516,326.2713,315.5330,307.7482,297.6932,4.8031,0.0000,0.0000,0.0000,0.0000,0.0000,0.0000,0.0000,0.0000,0.0000,0.0000,0.0000,0.0000,0.0000,0.0000,0.0000,0.0000,0.0000,0.0000,0.0000,0.0000,0.0000,0.0000,0.0000,0.0000,0.0000,0.0000
68,1.1000,DynamicV1Rebalance,8.0000,3743.9322,299.5146,survival,1.0000,1.0000,1.0000,1.0000,1.0000,0.9980,0.9870,0.9705,0.9290,0.8805,0.8120,0.7465,0.6840,0.6225,0.5750,0.5365,0.4910,0.4525,0.4475,0.4460,0.4455,0.4450,0.4440,0.4430,0.4430,0.4430,0.4425,0.4425,0.4425,0.4425,0.4425,0.4425,0.4425,0.4425,0.4425,0.4425,0.4425,0.4425,0.4425,0.4425,0.4425,0.4425,0.4425,0.4425,0.4425
68,1.1000,DynamicV1Rebalance,8.0000,3743.9322,299.5146,spend25p,299.8666,297.7550,295.4319,292.2795,289.3697,286.1187,280.6860,274.3434,262.5514,247.8262,204.1918,0.0000,0.0000,0.0000,0.0000,0.0000,0.0000,0.0000,0.0000,-4.8891,-10.6320,-16.7026,-23.6141,-30.1315,-36.4506,-43.3061,-49.8134,-57.2676,-64.5109,-71.7997,-79.4396,-87.5047,-95.5260,-103.8421,-112.2372,-120.9098,-130.3752,-140.7906,-149.9803,-158.6519,-167.9133,-178.0459,-187.7898,-198.3024,-209.9824
68,1.1000,DynamicV1Rebalance,8.0000,3743.9322,299.5146,spend50p,301.9311,304.1781,306.6235,308.2845,310.7989,312.8553,314.7418,316.4548,312.8707,307.5079,271.0551,256.9851,238.7308,219.4114,193.7589,167.7337,0.0000,0.0000,0.0000,0.0000,0.0000,0.0000,0.0000,0.0000,0.0000,0.0000,0.0000,0.0000,0.0000,0.0000,0.0000,0.0000,0.0000,0.0000,0.0000,0.0000,0.0000,0.0000,0.0000,0.0000,0.0000,0.0000,0.0000,0.0000,0.0000
68,1.1000,DynamicV1Rebalance,8.0000,3743.9322,299.5146,spend75p,304.0516,310.5625,318.1421,326.0028,334.2609,342.0883,350.5495,356.1356,361.2602,363.1752,329.9526,325.0272,317.9122,309.7802,299.8448,288.7876,276.0911,260.0026,0.0000,0.0000,0.0000,0.0000,0.0000,0.0000,0.0000,0.0000,0.0000,0.0000,0.0000,0.0000,0.0000,0.0000,0.0000,0.0000,0.0000,0.0000,0.0000,0.0000,0.0000,0.0000,0.0000,0.0000,0.0000,0.0000,0.0000
68,1.1000,DynamicV1Rebalance,9.0000,3327.9397,299.5146,survival,1.0000,1.0000,1.0000,1.0000,0.9995,0.9940,0.9750,0.9350,0.8760,0.7855,0.7075,0.6355,0.5735,0.5135,0.4650,0.4115,0.3675,0.3275,0.3230,0.3220,0.3215,0.3215,0.3215,0.3210,0.3205,0.3205,0.3205,0.3205,0.3205,0.3200,0.3200,0.3200,0.3200,0.3200,0.3200,0.3200,0.3200,0.3200,0.3200,0.3200,0.3200,0.3200,0.3200,0.3200,0.3200
68,1.1000,DynamicV1Rebalance,9.0000,3327.9397,299.5146,spend25p,299.8666,297.7550,295.4319,292.2795,289.3129,285.6061,279.0339,267.8686,251.4733,214.1689,0.0000,0.0000,0.0000,0.0000,0.0000,0.0000,0.0000,0.0000,0.0000,0.0000,0.0000,0.0000,-4.2853,-11.5200,-17.4280,-25.7451,-33.3349,-41.9691,-49.5971,-58.1965,-66.8011,-74.9106,-83.6383,-93.8630,-103.0936,-112.0566,-121.0316,-129.9867,-138.5591,-145.8249,-153.9534,-162.1157,-170.7795,-178.8464,-188.2205
68,1.1000,DynamicV1Rebalance,9.0000,3327.9397,299.5146,spend50p,301.9311,304.1781,306.6235,308.2845,310.7825,312.5863,313.6779,311.3019,305.9632,289.8018,250.9742,229.1207,202.7269,153.6546,0.0000,0.0000,0.0000,0.0000,0.0000,0.0000,0.0000,0.0000,0.0000,0.0000,0.0000,0.0000,0.0000,0.0000,0.0000,0.0000,0.0000,0.0000,0.0000,0.0000,0.0000,0.0000,0.0000,0.0000,0.0000,0.0000,0.0000,0.0000,0.0000,0.0000,0.0000
68,1.1000,DynamicV1Rebalance,9.0000,3327.9397,299.5146,spend75p,304.0516,310.5625,318.1421,326.0028,334.2314,342.0175,349.6346,352.8268,354.1831,347.8408,315.3794,305.4744,296.8211,281.5325,267.6628,250.7848,235.3815,204.8609,0.0000,0.0000,0.0000,0.0000,0.0000,0.0000,0.0000,0.0000,0.0000,0.0000,0.0000,0.0000,0.0000,0.0000,0.0000,0.0000,0.0000,0.0000,0.0000,0.0000,0.0000,0.0000,0.0000,0.0000,0.0000,0.0000,0.0000
68,1.1000,DynamicV1Rebalance,10.0000,2995.1458,299.5146,survival,1.0000,1.0000,1.0000,1.0000,0.9985,0.9845,0.9520,0.8880,0.7850,0.6840,0.6010,0.5295,0.4610,0.3915,0.3355,0.2920,0.2565,0.2275,0.2230,0.2225,0.2225,0.2220,0.2210,0.2200,0.2200,0.2200,0.2200,0.2200,0.2200,0.2200,0.2200,0.2200,0.2200,0.2200,0.2200,0.2200,0.2200,0.2200,0.2200,0.2200,0.2200,0.2200,0.2200,0.2200,0.2200
68,1.1000,DynamicV1Rebalance,10.0000,2995.1458,299.5146,spend25p,299.8666,297.7550,295.4319,292.2795,289.2616,284.3670,275.3195,259.5815,221.3939,0.0000,0.0000,0.0000,0.0000,0.0000,0.0000,0.0000,0.0000,0.0000,0.0000,0.0000,0.0000,0.0000,0.0000,0.0000,0.0000,0.0000,0.0000,0.0000,0.0000,0.0000,0.0000,0.0000,0.0000,0.0000,0.0000,0.0000,0.0000,0.0000,0.0000,0.0000,0.0000,0.0000,0.0000,0.0000,0.0000
68,1.1000,DynamicV1Rebalance,10.0000,2995.1458,299.5146,spend50p,301.9311,304.1781,306.6235,308.2845,310.7132,312.0651,311.5133,305.6941,291.6235,266.4593,220.8388,186.6286,0.0000,0.0000,0.0000,0.0000,0.0000,0.0000,0.0000,0.0000,0.0000,0.0000,0.0000,0.0000,0.0000,0.0000,0.0000,0.0000,0.0000,0.0000,0.0000,0.0000,0.0000,0.0000,0.0000,0.0000,0.0000,0.0000,0.0000,0.0000,0.0000,0.0000,0.0000,0.0000,0.0000
68,1.1000,DynamicV1Rebalance,10.0000,2995.1458,299.5146,spend75p,304.0516,310.5625,318.1421,326.0028,334.1141,341.4667,346.9309,348.9418,343.1126,332.9620,300.8004,287.6585,270.6378,247.6561,220.9303,186.1963,123.9663,0.0000,0.0000,0.0000,0.0000,0.0000,0.0000,0.0000,0.0000,0.0000,0.0000,0.0000,0.0000,0.0000,0.0000,0.0000,0.0000,0.0000,0.0000,0.0000,0.0000,0.0000,0.0000,0.0000,0.0000,0.0000,0.0000,0.0000,0.0000
68,1.2000,DynamicV1Rebalance,2.5000,12991.5452,324.7886,survival,1.0000,1.0000,1.0000,1.0000,1.0000,1.0000,1.0000,1.0000,1.0000,1.0000,1.0000,1.0000,0.9995,0.9990,0.9980,0.9970,0.9955,0.9945,0.9945,0.9945,0.9945,0.9945,0.9940,0.9940,0.9940,0.9940,0.9940,0.9940,0.9940,0.9940,0.9940,0.9940,0.9940,0.9940,0.9940,0.9930,0.9930,0.9930,0.9930,0.9930,0.9930,0.9930,0.9930,0.9930,0.9930
68,1.2000,DynamicV1Rebalance,2.5000,12991.5452,324.7886,spend25p,325.1704,322.8749,320.3487,316.9219,313.7571,310.8629,307.3911,303.7488,300.0973,296.9172,274.6765,273.9521,271.4802,268.1649,265.9476,263.5930,260.6303,258.6036,7.6282,1.8626,-3.9667,-11.0377,-17.3468,-23.8258,-30.2676,-36.7594,-43.7648,-50.6406,-57.0174,-63.7885,-71.0055,-78.0248,-86.0140,-94.0501,-102.1223,-110.5203,-119.5614,-128.9473,-138.0293,-147.0479,-156.0127,-166.5099,-177.3749,-188.8896,-200.9520
68,1.2000,DynamicV1Rebalance,2.5000,12991.5452,324.7886,spend50p,327.4091,329.8399,332.4842,334.2764,336.9922,339.3877,342.4183,345.6346,348.4322,350.8933,331.0820,332.0468,336.3087,338.7954,339.8184,340.8655,340.5066,340.2689,37.3789,31.3831,25.4072,19.1047,11.7939,5.4295,-1.2443,-8.3826,-15.5065,-22.8044,-30.8028,-38.4553,-46.0620,-54.4656,-63.6172,-73.5850,-82.9456,-92.5727,-102.4417,-112.2685,-121.0271,-129.2138,-137.6201,-146.4036,-155.9682,-165.9751,-176.6212
68,1.2000,DynamicV1Rebalance,2.5000,12991.5452,324.7886,spend75p,329.7085,336.7629,344.9743,353.4885,362.4315,371.3888,381.8788,390.5358,400.5411,410.2470,390.4932,399.1948,406.4429,413.8517,422.4589,429.5731,436.9045,447.4926,76.3416,70.9211,64.5350,58.0538,51.2461,44.3314,37.6210,29.2534,22.0375,13.6483,5.7883,-1.1152,-11.3760,-20.5386,-30.4807,-41.7087,-52.5424,-64.3911,-76.7231,-88.9042,-99.3052,-108.3104,-117.6598,-126.8091,-136.6014,-145.4057,-154.3265
68,1.2000,DynamicV1Rebalance,3.0000,10826.2876,324.7886,survival,1.0000,1.0000,1.0000,1.0000,1.0000,1.0000,1.0000,1.0000,1.0000,1.0000,0.9990,0.9980,0.9965,0.9955,0.9950,0.9930,0.9905,0.9860,0.9855,0.9850,0.9850,0.9850,0.9845,0.9845,0.9835,0.9835,0.9835,0.9830,0.9825,0.9825,0.9825,0.9820,0.9815,0.9815,0.9815,0.9815,0.9810,0.9810,0.9810,0.9810,0.9810,0.9810,0.9810,0.9810,0.9810
68,1.2000,DynamicV1Rebalance,3.0000,10826.2876,324.7886,spend25p,325.1704,322.8749,320.3487,316.9219,313.7571,310.8629,307.3911,303.7488,300.0973,296.9172,274.5478,273.4047,270.9285,267.6120,265.1321,261.8432,258.9599,256.0486,6.6535,0.4201,-3.9667,-11.0377,-17.3468,-23.7635,-30.2094,-36.7320,-43.7371,-50.6216,-56.9257,-63.7278,-70.8537,-77.8984,-85.9392,-93.9227,-102.0164,-110.4620,-119.4930,-128.8479,-137.9357,-146.8144,-155.9234,-166.1280,-176.9845,-188.5506,-200.7576
68,1.2000,DynamicV1Rebalance,3.0000,10826.2876,324.7886,spend50p,327.4091,329.8399,332.4842,334.2764,336.9922,339.3877,342.4183,345.6346,348.4322,350.8933,330.4353,331.6851,335.5995,338.2809,339.2677,339.4879,339.1305,337.1017,36.1648,30.4260,24.5672,17.8731,10.8615,4.0988,-0.9092,-8.1825,-15.4594,-22.7190,-30.7552,-38.1981,-46.0190,-54.3672,-63.5028,-73.2760,-82.8457,-92.4884,-102.2744,-112.2332,-120.8187,-128.9516,-137.4592,-146.1633,-155.6474,-165.7271,-176.3801
68,1.2000,DynamicV1Rebalance,3.0000,10826.2876,324.7886,spend75p,329.7085,336.7629,344.9743,353.4885,362.4315,371.3888,381.8788,390.5358,400.5411,410.2470,390.4193,399.0765,405.4291,412.8697,421.8624,429.0535,434.6239,443.4818,75.4619,69.4368,63.2657,56.7984,49.7297,42.5671,35.6270,27.4866,20.1019,11.6195,3.9142,-0.7506,-10.2310,-20.0255,-30.1757,-41.1306,-51.8607,-63.5028,-76.4073,-88.4720,-98.7302,-107.8003,-116.9704,-126.2877,-135.9526,-144.7977,-153.5865
68,1.2000,DynamicV1Rebalance,3.5000,9279.6751,324.7886,survival,1.0000,1.0000,1.0000,1.0000,1.0000,1.0000,1.0000,1.0000,1.0000,0.9985,0.9975,0.9955,0.9940,0.9895,0.9835,0.9755,0.9685,0.9625,0.9615,0.9600,0.9580,0.9565,0.9555,0.9555,0.9550,0.9545,0.9540,0.9530,0.9520,0.9520,0.9520,0.9520,0.9520,0.9520,0.9520,0.9520,0.9520,0.9520,0.9520,0.9520,0.9520,0.9520,0.9520,0.9520,0.9520
68,1.2000,DynamicV1Rebalance,3.5000,9279.6751,324.7886,spend25p,325.1704,322.8749,320.3487,316.9219,313.7571,310.8629,307.3911,303.7488,300.0973,296.5931,274.3869,272.8962,270.4878,266.5858,262.5742,257.6099,253.3749,249.3786,3.7753,0.0000,-3.8482,-10.9003,-17.2664,-23.4313,-29.9895,-36.5685,-43.5523,-50.4501,-56.7958,-63.5581,-70.5970,-77.6952,-85.3838,-93.7185,-101.7522,-110.2753,-119.3523,-128.6058,-137.7786,-146.6260,-155.7538,-165.7192,-176.2964,-188.0873,-200.2384
68,1.2000,DynamicV1Rebalance,3.5000,9279.6751,324.7886,spend50p,327.4091,329.8399,332.4842,334.2764,336.9922,339.3877,342.4183,345.6346,348.4322,350.8332,329.8974,331.0467,335.2830,336.8664,334.5264,334.0530,332.8994,331.0454,34.2131,27.4326,21.1931,14.8635,7.5634,1.5519,-0.1968,-7.5952,-14.5589,-22.1014,-30.1858,-37.4154,-45.5476,-53.8566,-62.9041,-72.7797,-82.2367,-91.8104,-101.7604,-111.6464,-120.1890,-128.4162,-136.8845,-145.5718,-154.7258,-164.8114,-175.5767
68,1.2000,DynamicV1Rebalance,3.5000,9279.6751,324.7886,spend75p,329.7085,336.7629,344.9743,353.4885,362.4315,371.3888,381.8788,390.5358,400.5411,410.1806,389.6822,398.9451,405.0583,410.5874,418.9009,422.9492,427.4456,435.0821,72.3229,66.4122,60.0159,53.9921,46.6752,39.1483,32.2011,24.2635,16.3628,8.0574,0.0000,0.0000,-5.5498,-15.9713,-26.6852,-38.0308,-48.1186,-60.8655,-72.3340,-86.0195,-96.9448,-105.5374,-114.4573,-124.0103,-133.6612,-142.9944,-152.0460
68,1.2000,DynamicV1Rebalance,4.0000,8119.7157,324.7886,survival,1.0000,1.0000,1.0000,1.0000,1.0000,1.0000,1.0000,1.0000,0.9990,0.9980,0.9945,0.9920,0.9830,0.9735,0.9665,0.9545,0.9390,0.9240,0.9210,0.9185,0.9160,0.9125,0.9125,0.9095,0.9085,0.9085,0.9085,0.9080,0.9080,0.9080,0.9080,0.9080,0.9080,0.9080,0.9080,0.9080,0.9080,0.9075,0.9070,0.9070,0.9070,0.9070,0.9065,0.9065,0.9065
68,1.2000,DynamicV1Rebalance,4.0000,8119.7157,324.7886,spend25p,325.1704,322.8749,320.3487,316.9219,313.7571,310.8629,307.3911,303.7488,299.7929,296.4220,273.8503,272.1021,267.3767,261.7980,257.4364,251.7659,245.2788,237.3407,0.0000,0.0000,-3.7558,-10.7066,-17.0571,-23.1953,-29.7849,-36.3644,-43.4116,-50.2877,-56.5293,-63.4586,-70.3292,-77.5097,-85.0457,-93.1414,-101.1538,-109.8976,-118.6221,-128.0483,-136.9628,-145.5035,-154.9237,-164.9248,-175.3913,-187.0335,-199.1729
68,1.2000,DynamicV1Rebalance,4.0000,8119.7157,324.7886,spend50p,327.4091,329.8399,332.4842,334.2764,336.9922,339.3877,342.4183,345.6346,348.3266,350.8178,329.0674,330.4020,332.1437,332.8620,330.9158,329.3009,325.2870,320.2758,29.6677,22.9167,16.1137,8.9565,2.2735,0.0000,0.0000,-6.7013,-13.6067,-21.3206,-28.8179,-36.5166,-44.8217,-53.0056,-61.6541,-71.0549,-80.5048,-90.3022,-100.4083,-110.5315,-119.0536,-127.2403,-135.5711,-144.1748,-153.0815,-163.4594,-173.8857
68,1.2000,DynamicV1Rebalance,4.0000,8119.7157,324.7886,spend75p,329.7085,336.7629,344.9743,353.4885,362.4315,371.3888,381.8788,390.5358,400.4279,410.1290,388.9984,397.9932,402.0730,407.5003,412.1860,415.2761,420.1148,422.1774,67.0424,61.3136,54.9069,47.7037,40.9425,33.3798,25.4676,18.0387,10.4836,2.6679,0.0000,0.0000,0.0000,-8.7092,-18.5256,-29.3210,-40.6412,-54.1956,-66.8094,-80.0479,-91.6904,-100.7857,-111.0899,-120.1788,-129.8727,-139.6411,-148.1940
68,1.2000,DynamicV1Rebalance,5.0000,6495.7726,324.7886,survival,1.0000,1.0000,1.0000,1.0000,1.0000,1.0000,1.0000,0.9985,0.9970,0.9920,0.9805,0.9665,0.9500,0.9315,0.9070,0.8730,0.8435,0.8250,0.8245,0.8220,0.8175,0.8165,0.8135,0.8130,0.8105,0.8100,0.8090,0.8065,0.8045,0.8040,0.8040,0.8030,0.8025,0.8020,0.8020,0.8020,0.8020,0.8020,0.8020,0.8020,0.8020,0.8020,0.8020,0.8020,0.8020
68,1.2000,DynamicV1Rebalance,5.0000,6495.7726,324.7886,spend25p,325.1704,322.8749,320.3487,316.9219,313.7571,310.8629,307.3911,303.2640,299.1539,295.3465,270.5514,264.9001,257.2566,249.2926,240.5229,223.8134,206.8296,195.2996,0.0000,0.0000,-2.8953,-9.2622,-15.7722,-21.7007,-28.4974,-35.3148,-41.4599,-47.9095,-54.3306,-61.6931,-68.4400,-75.6050,-83.4179,-91.5683,-99.8810,-108.1463,-117.1606,-126.0634,-134.9750,-143.5400,-152.6135,-162.2375,-172.0645,-183.4628,-195.2249
68,1.2000,DynamicV1Rebalance,5.0000,6495.7726,324.7886,spend50p,327.4091,329.8399,332.4842,334.2764,336.9922,339.3877,342.4183,345.2018,348.1130,349.8485,326.4479,326.4695,324.9590,321.3221,316.5611,306.6912,298.2713,291.0588,19.6940,12.4350,5.9795,0.0000,0.0000,0.0000,0.0000,-2.4711,-9.7380,-16.8991,-23.4169,-31.3424,-39.9556,-49.1797,-58.0463,-66.7470,-76.2151,-86.1848,-96.3229,-106.7484,-115.9885,-123.9941,-131.8673,-140.1219,-149.0878,-158.3135,-168.4178
68,1.2000,DynamicV1Rebalance,5.0000,6495.7726,324.7886,spend75p,329.7085,336.7629,344.9743,353.4885,362.4315,371.3888,381.8788,390.3312,400.2716,408.4793,386.5109,392.3860,395.7630,398.0769,398.9288,398.1236,393.8312,393.5332,57.8361,51.3965,44.8427,38.6906,30.9468,23.5574,16.8768,8.9706,0.7652,0.0000,0.0000,0.0000,0.0000,0.0000,0.0000,0.0000,-6.5567,-18.2262,-32.3265,-49.4270,-62.3981,-71.3592,-81.7509,-92.7256,-104.2960,-117.1507,-128.4768
68,1.2000,DynamicV1Rebalance,6.0000,5413.1438,324.7886,survival,1.0000,1.0000,1.0000,1.0000,1.0000,1.0000,0.9985,0.9970,0.9870,0.9720,0.9515,0.9240,0.8930,0.8470,0.8145,0.7750,0.7380,0.6985,0.6920,0.6885,0.6855,0.6805,0.6780,0.6765,0.6750,0.6740,0.6735,0.6735,0.6735,0.6725,0.6720,0.6715,0.6710,0.6705,0.6705,0.6705,0.6705,0.6705,0.6705,0.6705,0.6705,0.6705,0.6705,0.6705,0.6705
68,1.2000,DynamicV1Rebalance,6.0000,5413.1438,324.7886,spend25p,325.1704,322.8749,320.3487,316.9219,313.7571,310.8629,306.4548,302.7556,296.7697,290.2496,264.1323,254.3604,241.4780,219.8487,202.4427,168.4711,0.0000,0.0000,0.0000,0.0000,0.0000,-5.2945,-12.0553,-18.6168,-25.2973,-32.0400,-38.4523,-44.5762,-51.7608,-58.1741,-65.4769,-73.1353,-80.6978,-88.7337,-97.0545,-105.4419,-114.3485,-123.4318,-131.8788,-139.6058,-148.3416,-157.6009,-167.2732,-178.2277,-189.6295
68,1.2000,DynamicV1Rebalance,6.0000,5413.1438,324.7886,spend50p,327.4091,329.8399,332.4842,334.2764,336.9922,339.3877,342.3425,345.0516,346.5102,348.0206,322.7022,318.5990,312.1328,300.1874,292.0195,281.7481,268.8508,253.3817,4.8333,0.0000,0.0000,0.0000,0.0000,0.0000,0.0000,0.0000,0.0000,-4.4890,-12.8934,-20.6055,-29.2439,-37.3712,-45.8827,-55.1971,-65.4231,-76.5447,-87.1798,-98.6515,-108.5982,-116.6980,-124.9903,-133.1855,-141.7018,-150.4797,-160.0083
68,1.2000,DynamicV1Rebalance,6.0000,5413.1438,324.7886,spend75p,329.7085,336.7629,344.9743,353.4885,362.4315,371.3888,381.7610,390.1445,398.4052,405.3097,381.7992,385.3269,385.1336,381.4626,382.0238,377.7696,369.3754,362.2770,45.4435,39.3309,32.0521,24.6235,17.6599,10.2454,2.3794,0.0000,0.0000,0.0000,0.0000,0.0000,0.0000,0.0000,0.0000,0.0000,0.0000,0.0000,0.0000,0.0000,0.0000,0.0000,0.0000,0.0000,0.0000,0.0000,0.0000
68,1.2000,DynamicV1Rebalance,7.0000,4639.8376,324.7886,survival,1.0000,1.0000,1.0000,1.0000,1.0000,0.9990,0.9965,0.9850,0.9685,0.9340,0.8965,0.8495,0.7955,0.7485,0.6985,0.6400,0.6055,0.5710,0.5655,0.5615,0.5585,0.5560,0.5520,0.5510,0.5485,0.5480,0.5465,0.5465,0.5465,0.5465,0.5460,0.5455,0.5455,0.5450,0.5450,0.5445,0.5445,0.5445,0.5445,0.5445,0.5445,0.5445,0.5445,0.5445,0.5445
68,1.2000,DynamicV1Rebalance,7.0000,4639.8376,324.7886,spend25p,325.1704,322.8749,320.3487,316.9219,313.7571,310.6569,306.1438,300.3196,292.6421,282.0038,249.7774,229.9678,202.1805,0.0000,0.0000,0.0000,0.0000,0.0000,0.0000,0.0000,0.0000,-0.1344,-5.8178,-12.0720,-18.6331,-25.1025,-31.6562,-38.3224,-45.6059,-52.0691,-59.4581,-67.5885,-76.0217,-84.0128,-92.3455,-100.9811,-109.7712,-119.2056,-127.9783,-135.6709,-144.0411,-152.9121,-161.6965,-172.6767,-183.6221
68,1.2000,DynamicV1Rebalance,7.0000,4639.8376,324.7886,spend50p,327.4091,329.8399,332.4842,334.2764,336.9922,339.3015,342.3026,344.0853,344.7860,342.7564,311.8278,303.0651,289.1832,277.5997,259.9252,238.6811,220.6654,197.9215,0.0000,0.0000,0.0000,0.0000,0.0000,0.0000,0.0000,0.0000,0.0000,0.0000,0.0000,0.0000,0.0000,0.0000,-5.0905,-17.2034,-27.8824,-40.5683,-51.9938,-65.4506,-79.3613,-91.0350,-100.6053,-111.3122,-121.6480,-132.5005,-141.2640
68,1.2000,DynamicV1Rebalance,7.0000,4639.8376,324.7886,spend75p,329.7085,336.7629,344.9743,353.4885,362.4315,371.0696,381.7427,388.4809,395.0798,400.4685,374.7784,373.4277,368.0858,364.3086,355.8646,343.5582,335.7253,324.7562,31.5144,24.1496,17.2366,10.6734,3.3814,0.0000,0.0000,0.0000,0.0000,0.0000,0.0000,0.0000,0.0000,0.0000,0.0000,0.0000,0.0000,0.0000,0.0000,0.0000,0.0000,0.0000,0.0000,0.0000,0.0000,0.0000,0.0000
68,1.2000,DynamicV1Rebalance,8.0000,4059.8579,324.7886,survival,1.0000,1.0000,1.0000,1.0000,1.0000,0.9980,0.9870,0.9705,0.9290,0.8805,0.8120,0.7455,0.6830,0.6220,0.5730,0.5355,0.4875,0.4510,0.4435,0.4405,0.4375,0.4375,0.4360,0.4350,0.4345,0.4325,0.4325,0.4315,0.4315,0.4310,0.4310,0.4310,0.4310,0.4295,0.4295,0.4290,0.4290,0.4290,0.4290,0.4290,0.4290,0.4290,0.4290,0.4290,0.4290
68,1.2000,DynamicV1Rebalance,8.0000,4059.8579,324.7886,spend25p,325.1704,322.8749,320.3487,316.9219,313.7571,310.2211,304.3187,297.4293,284.6318,268.6547,222.7547,0.0000,0.0000,0.0000,0.0000,0.0000,0.0000,0.0000,0.0000,0.0000,0.0000,0.0000,0.0000,-3.3165,-8.5710,-15.3581,-22.7454,-29.1048,-36.5751,-43.3160,-50.3141,-58.5543,-67.3713,-76.1886,-85.3094,-94.5439,-103.4914,-112.7681,-120.7282,-128.8605,-136.9865,-145.3313,-153.6996,-163.4065,-173.9710
68,1.2000,DynamicV1Rebalance,8.0000,4059.8579,324.7886,spend50p,327.4091,329.8399,332.4842,334.2764,336.9922,339.2100,341.2420,343.0844,339.1829,333.3524,295.6965,280.2922,259.8613,239.3579,210.5859,182.7720,0.0000,0.0000,0.0000,0.0000,0.0000,0.0000,0.0000,0.0000,0.0000,0.0000,0.0000,0.0000,0.0000,0.0000,0.0000,0.0000,0.0000,0.0000,0.0000,0.0000,0.0000,0.0000,0.0000,0.0000,0.0000,0.0000,0.0000,0.0000,0.0000
68,1.2000,DynamicV1Rebalance,8.0000,4059.8579,324.7886,spend75p,329.7085,336.7629,344.9743,353.4885,362.4315,370.9055,380.0645,386.1043,391.6418,393.6982,359.9483,354.5553,346.6500,337.9421,326.3605,315.0411,298.0097,282.0199,16.0219,9.2658,1.5228,0.0000,0.0000,0.0000,0.0000,0.0000,0.0000,0.0000,0.0000,0.0000,0.0000,0.0000,0.0000,0.0000,0.0000,0.0000,0.0000,0.0000,0.0000,0.0000,0.0000,0.0000,0.0000,0.0000,0.0000
68,1.2000,DynamicV1Rebalance,9.0000,3608.7625,324.7886,survival,1.0000,1.0000,1.0000,1.0000,0.9995,0.9940,0.9750,0.9350,0.8760,0.7855,0.7075,0.6345,0.5715,0.5125,0.4615,0.4095,0.3660,0.3260,0.3200,0.3180,0.3160,0.3125,0.3110,0.3105,0.3095,0.3085,0.3080,0.3075,0.3070,0.3070,0.3070,0.3070,0.3070,0.3070,0.3070,0.3070,0.3065,0.3065,0.3065,0.3065,0.3065,0.3065,0.3065,0.3065,0.3065
68,1.2000,DynamicV1Rebalance,9.0000,3608.7625,324.7886,spend25p,325.1704,322.8749,320.3487,316.9219,313.6955,309.6653,302.5275,290.4097,272.6220,232.1687,0.0000,0.0000,0.0000,0.0000,0.0000,0.0000,0.0000,0.0000,0.0000,0.0000,0.0000,0.0000,0.0000,0.0000,0.0000,0.0000,0.0000,-2.8613,-10.0477,-18.4185,-27.3990,-35.6595,-44.9140,-53.2733,-63.4484,-74.2122,-84.7991,-96.2400,-105.8580,-113.9917,-121.8845,-129.6810,-138.5680,-147.4325,-155.6294
68,1.2000,DynamicV1Rebalance,9.0000,3608.7625,324.7886,spend50p,327.4091,329.8399,332.4842,334.2764,336.9744,338.9182,340.0884,337.4979,331.6944,314.1582,273.7900,249.7461,219.8557,167.4537,0.0000,0.0000,0.0000,0.0000,0.0000,0.0000,0.0000,0.0000,0.0000,0.0000,0.0000,0.0000,0.0000,0.0000,0.0000,0.0000,0.0000,0.0000,0.0000,0.0000,0.0000,0.0000,0.0000,0.0000,0.0000,0.0000,0.0000,0.0000,0.0000,0.0000,0.0000
68,1.2000,DynamicV1Rebalance,9.0000,3608.7625,324.7886,spend75p,329.7085,336.7629,344.9743,353.4885,362.3995,370.8288,379.0726,382.5170,383.9696,377.0751,344.0502,333.1748,323.5684,307.0652,290.8934,273.0477,256.1296,222.7937,0.0000,0.0000,0.0000,0.0000,0.0000,0.0000,0.0000,0.0000,0.0000,0.0000,0.0000,0.0000,0.0000,0.0000,0.0000,0.0000,0.0000,0.0000,0.0000,0.0000,0.0000,0.0000,0.0000,0.0000,0.0000,0.0000,0.0000
68,1.2000,DynamicV1Rebalance,10.0000,3247.8863,324.7886,survival,1.0000,1.0000,1.0000,1.0000,0.9985,0.9845,0.9520,0.8880,0.7850,0.6840,0.6005,0.5295,0.4600,0.3915,0.3330,0.2910,0.2550,0.2260,0.2215,0.2190,0.2165,0.2135,0.2135,0.2130,0.2120,0.2120,0.2120,0.2120,0.2120,0.2120,0.2120,0.2120,0.2120,0.2120,0.2120,0.2120,0.2120,0.2120,0.2120,0.2120,0.2120,0.2120,0.2120,0.2120,0.2120
68,1.2000,DynamicV1Rebalance,10.0000,3247.8863,324.7886,spend25p,325.1704,322.8749,320.3487,316.9219,313.6398,308.3219,298.5004,281.4252,240.0129,0.0000,0.0000,0.0000,0.0000,0.0000,0.0000,0.0000,0.0000,0.0000,0.0000,0.0000,0.0000,0.0000,0.0000,0.0000,0.0000,0.0000,0.0000,0.0000,0.0000,0.0000,0.0000,0.0000,0.0000,0.0000,0.0000,0.0000,0.0000,0.0000,0.0000,0.0000,0.0000,0.0000,0.0000,0.0000,0.0000
68,1.2000,DynamicV1Rebalance,10.0000,3247.8863,324.7886,spend50p,327.4091,329.8399,332.4842,334.2764,336.8993,338.3532,337.7416,331.4181,316.1488,288.8538,240.6720,203.5948,0.0000,0.0000,0.0000,0.0000,0.0000,0.0000,0.0000,0.0000,0.0000,0.0000,0.0000,0.0000,0.0000,0.0000,0.0000,0.0000,0.0000,0.0000,0.0000,0.0000,0.0000,0.0000,0.0000,0.0000,0.0000,0.0000,0.0000,0.0000,0.0000,0.0000,0.0000,0.0000,0.0000
68,1.2000,DynamicV1Rebalance,10.0000,3247.8863,324.7886,spend75p,329.7085,336.7629,344.9743,353.4885,362.2723,370.2315,376.1412,378.3051,371.9681,360.9458,328.0388,313.8093,294.8519,270.1703,239.4931,202.7454,127.1053,0.0000,0.0000,0.0000,0.0000,0.0000,0.0000,0.0000,0.0000,0.0000,0.0000,0.0000,0.0000,0.0000,0.0000,0.0000,0.0000,0.0000,0.0000,0.0000,0.0000,0.0000,0.0000,0.0000,0.0000,0.0000,0.0000,0.0000,0.0000
68,1.5000,DynamicV1Rebalance,2.5000,16024.4314,400.6108,survival,1.0000,1.0000,1.0000,1.0000,1.0000,1.0000,1.0000,1.0000,1.0000,1.0000,1.0000,1.0000,0.9995,0.9990,0.9980,0.9970,0.9955,0.9945,0.9945,0.9945,0.9940,0.9940,0.9940,0.9940,0.9940,0.9935,0.9930,0.9920,0.9920,0.9920,0.9905,0.9905,0.9905,0.9905,0.9905,0.9905,0.9905,0.9900,0.9895,0.9895,0.9895,0.9890,0.9885,0.9885,0.9885
68,1.5000,DynamicV1Rebalance,2.5000,16024.4314,400.6108,spend25p,401.0817,398.2348,395.0992,390.8492,386.9191,383.3197,379.0052,374.4781,369.9376,365.9763,343.3457,342.4401,339.3503,335.2061,332.4346,329.4913,325.7879,323.2545,71.8172,64.9858,58.0565,51.6582,44.8188,39.3263,31.9587,25.1325,18.7748,12.2338,4.6719,-0.0224,-7.0956,-14.3034,-21.5676,-28.7745,-36.9550,-46.1366,-54.0956,-63.1298,-71.3035,-78.8600,-86.6391,-95.0664,-102.5495,-110.7412,-118.3582
68,1.5000,DynamicV1Rebalance,2.5000,16024.4314,400.6108,spend50p,403.8430,406.8254,410.0663,412.2519,415.5722,418.4931,422.1928,426.1172,429.5212,432.5065,413.8524,415.0586,420.3859,423.4942,424.7731,426.0818,425.6333,425.3361,122.3058,116.9723,112.0009,106.0485,98.0127,91.7280,86.2078,78.8946,73.2522,65.9156,59.8556,52.2023,44.7054,36.0464,28.6344,21.1388,12.4535,3.0701,-5.0190,-14.8849,-23.8921,-30.9752,-38.4690,-47.1994,-56.1636,-65.3290,-74.8958
68,1.5000,DynamicV1Rebalance,2.5000,16024.4314,400.6108,spend75p,406.6792,415.3642,425.4709,435.9456,446.9435,457.9530,470.8465,481.4739,493.7571,505.6650,488.1165,498.9935,508.0537,517.3146,528.0736,536.9663,546.1306,559.3657,190.7770,186.3593,180.9374,177.6231,173.7266,168.6747,163.3358,156.4828,149.2053,140.1499,134.4012,128.0452,120.2181,113.1192,105.4431,99.1382,89.1070,80.1726,69.8142,58.6679,46.9496,40.6272,34.3998,24.8173,17.7384,8.6492,0.0000
68,1.5000,DynamicV1Rebalance,3.0000,13353.6929,400.6108,survival,1.0000,1.0000,1.0000,1.0000,1.0000,1.0000,1.0000,1.0000,1.0000,1.0000,0.9990,0.9980,0.9965,0.9955,0.9950,0.9930,0.9900,0.9860,0.9845,0.9840,0.9825,0.9815,0.9800,0.9795,0.9770,0.9765,0.9765,0.9760,0.9760,0.9755,0.9745,0.9735,0.9730,0.9720,0.9710,0.9700,0.9700,0.9700,0.9695,0.9690,0.9685,0.9670,0.9670,0.9670,0.9670
68,1.5000,DynamicV1Rebalance,3.0000,13353.6929,400.6108,spend25p,401.0817,398.2348,395.0992,390.8492,386.9191,383.3197,379.0052,374.4781,369.9376,365.9763,343.1848,341.7559,338.6606,334.5151,331.4151,327.3039,323.5693,320.0607,69.7776,63.1900,55.7521,49.0503,42.5818,35.8543,28.5156,22.0609,15.4420,8.7183,2.1568,0.0000,-6.7135,-14.1301,-21.4732,-28.5146,-36.8570,-45.6328,-54.0282,-63.0350,-70.8133,-78.6543,-86.2824,-94.7138,-102.3409,-110.3331,-118.0489
68,1.5000,DynamicV1Rebalance,3.0000,13353.6929,400.6108,spend50p,403.8430,406.8254,410.0663,412.2519,415.5722,418.4931,422.1928,426.1172,429.5212,432.5065,413.0442,414.6064,419.4994,422.8512,424.0847,424.3599,423.1959,421.3771,119.7140,115.1445,110.0834,102.5738,96.0185,90.1662,82.7448,76.2423,69.7318,63.7012,56.8915,48.7231,40.5846,33.1047,25.1919,17.7751,8.8493,0.0000,-4.5331,-14.3569,-22.8329,-30.8592,-37.5373,-46.7090,-55.7038,-65.0357,-74.2063
68,1.5000,DynamicV1Rebalance,3.0000,13353.6929,400.6108,spend75p,406.6792,415.3642,425.4709,435.9456,446.9435,457.9530,470.8465,481.4739,493.7571,505.6650,488.0242,498.8456,506.7864,516.0871,527.3280,536.3169,542.4863,554.3523,188.2631,183.0426,179.0971,174.8194,169.8524,163.5962,158.3706,150.1378,143.4145,136.9954,130.7740,124.0002,116.3214,109.2076,100.2898,91.6599,81.6100,71.0605,62.7326,51.5854,42.5368,34.2825,27.0085,17.2791,9.4694,1.9755,0.0000
68,1.5000,DynamicV1Rebalance,3.5000,11446.0225,400.6108,survival,1.0000,1.0000,1.0000,1.0000,1.0000,1.0000,1.0000,1.0000,1.0000,0.9985,0.9975,0.9955,0.9940,0.9890,0.9830,0.9750,0.9680,0.9615,0.9590,0.9560,0.9545,0.9520,0.9475,0.9435,0.9400,0.9395,0.9375,0.9345,0.9330,0.9315,0.9275,0.9260,0.9250,0.9235,0.9220,0.9215,0.9215,0.9215,0.9215,0.9200,0.9195,0.9190,0.9180,0.9180,0.9180
68,1.5000,DynamicV1Rebalance,3.5000,11446.0225,400.6108,spend25p,401.0817,398.2348,395.0992,390.8492,386.9191,383.3197,379.0052,374.4781,369.9376,365.5768,342.9836,341.1202,338.1097,333.0854,327.7621,321.6127,316.6574,311.6124,64.5598,57.3453,50.7009,43.5047,36.5947,29.7162,21.7134,15.3250,8.2460,0.6270,0.0000,0.0000,-6.0917,-13.6332,-20.8032,-28.1166,-36.4966,-44.4897,-53.5776,-62.8029,-70.4006,-77.7702,-85.8828,-93.8018,-101.3984,-109.1748,-117.7418
68,1.5000,DynamicV1Rebalance,3.5000,11446.0225,400.6108,spend50p,403.8430,406.8254,410.0663,412.2519,415.5722,418.4931,422.1928,426.1172,429.5212,432.4324,412.3718,413.8084,419.1037,420.8113,418.0049,417.3823,416.1242,413.5977,116.1929,109.8460,103.4473,97.1100,89.2793,82.9291,76.2040,69.9835,63.3539,55.6217,48.5275,40.2950,33.1309,24.9015,16.0054,7.7129,0.0000,0.0000,-1.8991,-12.0783,-20.4320,-27.3959,-34.7548,-43.4516,-52.9629,-62.2835,-71.0735
68,1.5000,DynamicV1Rebalance,3.5000,11446.0225,400.6108,spend75p,406.6792,415.3642,425.4709,435.9456,446.9435,457.9530,470.8465,481.4739,493.7571,505.5832,487.1028,498.6814,506.3229,513.1893,523.1303,528.6864,534.3070,543.4858,182.8804,177.9335,172.7162,167.9830,162.5247,155.1782,148.9893,141.3246,134.9092,127.2748,120.9961,112.4190,105.2842,97.0350,86.5103,77.4919,69.6654,60.3421,50.6328,40.9041,32.9635,24.8835,16.2114,7.1145,0.0000,0.0000,0.0000
68,1.5000,DynamicV1Rebalance,4.0000,10015.2697,400.6108,survival,1.0000,1.0000,1.0000,1.0000,1.0000,1.0000,1.0000,1.0000,0.9990,0.9980,0.9945,0.9920,0.9825,0.9730,0.9650,0.9540,0.9370,0.9215,0.9165,0.9105,0.9050,0.9005,0.8980,0.8940,0.8930,0.8905,0.8865,0.8825,0.8815,0.8795,0.8775,0.8760,0.8735,0.8725,0.8695,0.8685,0.8675,0.8660,0.8650,0.8640,0.8640,0.8630,0.8625,0.8625,0.8625
68,1.5000,DynamicV1Rebalance,4.0000,10015.2697,400.6108,spend25p,401.0817,398.2348,395.0992,390.8492,386.9191,383.3197,379.0052,374.4781,369.5623,365.3659,342.3128,340.1276,334.0783,327.0289,320.7528,314.4210,305.6304,295.8440,56.0376,48.0567,39.5220,31.7812,24.6696,17.3910,10.0031,3.0764,0.0000,0.0000,0.0000,0.0000,-5.6093,-12.5533,-19.8647,-27.3495,-35.4009,-43.5980,-52.8320,-61.7965,-69.4419,-76.6951,-84.7229,-92.6273,-100.4327,-108.7175,-116.9338
68,1.5000,DynamicV1Rebalance,4.0000,10015.2697,400.6108,spend50p,403.8430,406.8254,410.0663,412.2519,415.5722,418.4931,422.1928,426.1172,429.3911,432.4134,411.3343,413.0025,415.0157,415.6611,413.5187,411.5400,405.9823,398.9100,108.4363,99.6466,91.2297,85.4604,79.3955,72.3536,67.4519,61.7162,53.9270,45.4613,38.9550,32.6003,24.9580,16.3654,6.6272,0.0000,0.0000,0.0000,0.0000,-9.0530,-17.5153,-23.8002,-31.2461,-40.1820,-48.6515,-56.9695,-67.1690
68,1.5000,DynamicV1Rebalance,4.0000,10015.2697,400.6108,spend75p,406.6792,415.3642,425.4709,435.9456,446.9435,457.9530,470.8465,481.4739,493.6176,505.5196,486.2480,497.4915,502.5428,508.3955,514.7082,518.8612,524.6459,526.3136,172.3748,167.1191,162.6531,156.3510,150.1296,144.6156,136.9516,130.8172,123.5118,115.7979,109.1109,99.2918,92.5327,84.8582,75.9338,66.9360,58.0046,49.2271,39.5990,28.5759,19.3890,11.8590,5.0292,0.0000,0.0000,0.0000,0.0000
68,1.5000,DynamicV1Rebalance,5.0000,8012.2157,400.6108,survival,1.0000,1.0000,1.0000,1.0000,1.0000,1.0000,1.0000,0.9985,0.9970,0.9920,0.9805,0.9660,0.9485,0.9305,0.9055,0.8695,0.8405,0.8240,0.8140,0.8070,0.8000,0.7920,0.7825,0.7750,0.7715,0.7675,0.7620,0.7565,0.7505,0.7470,0.7445,0.7415,0.7405,0.7395,0.7375,0.7375,0.7360,0.7355,0.7355,0.7350,0.7345,0.7345,0.7345,0.7345,0.7345
68,1.5000,DynamicV1Rebalance,5.0000,8012.2157,400.6108,spend25p,401.0817,398.2348,395.0992,390.8492,386.9191,383.3197,379.0052,373.8804,368.7746,364.0402,338.1892,330.9868,321.3863,311.2143,300.1412,276.3030,257.0189,243.6546,27.5297,16.8204,8.2922,0.0000,0.0000,0.0000,0.0000,0.0000,0.0000,0.0000,0.0000,0.0000,-0.6705,-7.8645,-15.5656,-22.8118,-31.2052,-39.9915,-48.9529,-58.1491,-66.0341,-73.7552,-81.4198,-88.7460,-97.1855,-105.0346,-114.2202
68,1.5000,DynamicV1Rebalance,5.0000,8012.2157,400.6108,spend50p,403.8430,406.8254,410.0663,412.2519,415.5722,418.4931,422.1928,425.5836,429.1277,431.2187,408.0598,408.0461,405.5916,401.3463,395.4177,381.4984,372.0883,363.4946,91.3104,83.1781,73.8207,66.4244,57.0253,49.2576,41.7709,34.8348,26.7824,19.1392,11.6573,4.8439,0.0000,0.0000,0.0000,0.0000,0.0000,0.0000,0.0000,0.0000,-2.9446,-9.8310,-17.7941,-25.2134,-33.9343,-43.2594,-53.0427
68,1.5000,DynamicV1Rebalance,5.0000,8012.2157,400.6108,spend75p,406.6792,415.3642,425.4709,435.9456,446.9435,457.9530,470.8465,481.2216,493.4250,503.4862,483.1386,490.1209,494.7037,497.5961,498.3000,496.1036,491.6499,491.8352,156.0550,149.3194,142.1973,137.0562,128.0811,119.8615,114.2399,105.4764,96.8189,87.8357,81.0919,73.0539,64.9419,57.2563,48.4560,40.2973,30.4522,20.9559,11.4602,1.1312,0.0000,0.0000,0.0000,0.0000,0.0000,0.0000,0.0000
68,1.5000,DynamicV1Rebalance,6.0000,6676.8464,400.6108,survival,1.0000,1.0000,1.0000,1.0000,1.0000,1.0000,0.9985,0.9970,0.9870,0.9720,0.9505,0.9230,0.8925,0.8445,0.8110,0.7705,0.7350,0.6920,0.6830,0.6715,0.6630,0.6580,0.6510,0.6450,0.6395,0.6325,0.6285,0.6240,0.6205,0.6190,0.6170,0.6160,0.6160,0.6145,0.6135,0.6125,0.6115,0.6110,0.6110,0.6110,0.6105,0.6105,0.6105,0.6105,0.6100
68,1.5000,DynamicV1Rebalance,6.0000,6676.8464,400.6108,spend25p,401.0817,398.2348,395.0992,390.8492,386.9191,383.3197,377.8508,373.2536,365.8355,357.7579,329.8756,317.6986,301.4685,273.6233,250.1177,202.5573,0.0000,0.0000,0.0000,0.0000,0.0000,0.0000,0.0000,0.0000,0.0000,0.0000,0.0000,0.0000,0.0000,0.0000,0.0000,0.0000,-6.5590,-14.8740,-23.0874,-31.1328,-39.9056,-48.6779,-56.9837,-65.0026,-73.2042,-81.0036,-88.1266,-96.8767,-105.8245
68,1.5000,DynamicV1Rebalance,6.0000,6676.8464,400.6108,spend50p,403.8430,406.8254,410.0663,412.2519,415.5722,418.4931,422.0993,425.3985,427.1519,428.9656,403.1557,398.0739,390.1236,374.8626,364.0565,351.8669,335.3138,314.6385,65.5825,55.5941,46.8562,39.6508,31.8367,23.2303,15.2244,6.3639,0.0000,0.0000,0.0000,0.0000,0.0000,0.0000,0.0000,0.0000,0.0000,0.0000,0.0000,0.0000,0.0000,0.0000,0.0000,0.0000,0.0000,0.0000,-5.9168
68,1.5000,DynamicV1Rebalance,6.0000,6676.8464,400.6108,spend75p,406.6792,415.3642,425.4709,435.9456,446.9435,457.9530,470.7013,480.9914,491.1242,499.5794,476.9359,481.6586,481.0691,476.0453,476.3419,470.9151,460.6397,449.7691,135.0316,127.4320,118.8965,112.1926,103.5703,95.2763,88.5220,80.4532,74.1192,66.1333,59.2419,51.3730,43.2214,35.4842,27.5711,20.5376,11.4048,1.5821,0.0000,0.0000,0.0000,0.0000,0.0000,0.0000,0.0000,0.0000,0.0000
68,1.5000,DynamicV1Rebalance,7.0000,5723.0112,400.6108,survival,1.0000,1.0000,1.0000,1.0000,1.0000,0.9990,0.9965,0.9850,0.9685,0.9340,0.8955,0.8470,0.7940,0.7450,0.6955,0.6360,0.6010,0.5660,0.5540,0.5425,0.5380,0.5270,0.5200,0.5145,0.5100,0.5080,0.5035,0.5015,0.4965,0.4940,0.4915,0.4905,0.4875,0.4855,0.4845,0.4825,0.4805,0.4800,0.4800,0.4795,0.4790,0.4785,0.4775,0.4770,0.4765
68,1.5000,DynamicV1Rebalance,7.0000,5723.0112,400.6108,spend25p,401.0817,398.2348,395.0992,390.8492,386.9191,383.0657,377.4673,370.2504,360.7474,347.5942,311.6787,286.6153,250.9753,0.0000,0.0000,0.0000,0.0000,0.0000,0.0000,0.0000,0.0000,0.0000,0.0000,0.0000,0.0000,0.0000,0.0000,0.0000,0.0000,0.0000,0.0000,0.0000,0.0000,-2.7286,-10.2502,-17.9835,-25.2947,-34.9258,-43.6972,-51.1135,-57.6896,-65.6576,-73.3714,-81.9746,-92.1051
68,1.5000,DynamicV1Rebalance,7.0000,5723.0112,400.6108,spend50p,403.8430,406.8254,410.0663,412.2519,415.5722,418.3868,422.0502,424.2072,425.0264,422.4770,389.6920,377.8382,361.3257,345.3471,324.0723,295.3880,270.8033,244.5807,26.0497,13.1398,3.9540,0.0000,0.0000,0.0000,0.0000,0.0000,0.0000,0.0000,0.0000,0.0000,0.0000,0.0000,0.0000,0.0000,0.0000,0.0000,0.0000,0.0000,0.0000,0.0000,0.0000,0.0000,0.0000,0.0000,0.0000
68,1.5000,DynamicV1Rebalance,7.0000,5723.0112,400.6108,spend75p,406.6792,415.3642,425.4709,435.9456,446.9435,457.5595,470.6787,478.9404,487.0249,493.6122,468.4463,466.1540,460.1072,454.3996,443.6214,428.8504,418.4014,403.5600,108.9313,99.1156,91.1684,82.7086,76.7645,69.5885,60.2519,54.4655,47.1539,40.7282,34.4181,25.3570,17.1826,9.9190,1.0653,0.0000,0.0000,0.0000,0.0000,0.0000,0.0000,0.0000,0.0000,0.0000,0.0000,0.0000,0.0000
68,1.5000,DynamicV1Rebalance,8.0000,5007.6348,400.6108,survival,1.0000,1.0000,1.0000,1.0000,1.0000,0.9980,0.9875,0.9705,0.9295,0.8805,0.8115,0.7425,0.6800,0.6190,0.5700,0.5310,0.4840,0.4465,0.4380,0.4310,0.4220,0.4180,0.4085,0.4030,0.3990,0.3960,0.3910,0.3890,0.3865,0.3855,0.3830,0.3800,0.3790,0.3755,0.3750,0.3745,0.3730,0.3725,0.3720,0.3720,0.3715,0.3710,0.3710,0.3710,0.3700
68,1.5000,DynamicV1Rebalance,8.0000,5007.6348,400.6108,spend25p,401.0817,398.2348,395.0992,390.8492,386.9191,382.5282,375.2494,366.6871,350.9916,331.1402,278.2505,0.0000,0.0000,0.0000,0.0000,0.0000,0.0000,0.0000,0.0000,0.0000,0.0000,0.0000,0.0000,0.0000,0.0000,0.0000,0.0000,0.0000,0.0000,0.0000,0.0000,0.0000,0.0000,0.0000,0.0000,0.0000,-2.6528,-13.1592,-23.7798,-30.2119,-34.9108,-42.6881,-53.5937,-62.2989,-69.4917
68,1.5000,DynamicV1Rebalance,8.0000,5007.6348,400.6108,spend50p,403.8430,406.8254,410.0663,412.2519,415.5722,418.2739,420.8090,422.9731,418.1549,410.8858,369.1485,349.7128,323.3271,296.5446,261.8336,220.1564,0.0000,0.0000,0.0000,0.0000,0.0000,0.0000,0.0000,0.0000,0.0000,0.0000,0.0000,0.0000,0.0000,0.0000,0.0000,0.0000,0.0000,0.0000,0.0000,0.0000,0.0000,0.0000,0.0000,0.0000,0.0000,0.0000,0.0000,0.0000,0.0000
68,1.5000,DynamicV1Rebalance,8.0000,5007.6348,400.6108,spend75p,406.6792,415.3642,425.4709,435.9456,446.9435,457.3571,468.8594,476.0104,482.7868,485.2672,449.9354,442.7314,432.8666,421.2443,406.9035,391.9355,371.0353,350.3213,84.0378,75.5665,66.4111,57.4301,46.8498,39.4158,30.5197,24.5973,16.2379,9.4580,1.9542,0.0000,0.0000,0.0000,0.0000,0.0000,0.0000,0.0000,0.0000,0.0000,0.0000,0.0000,0.0000,0.0000,0.0000,0.0000,0.0000
68,1.5000,DynamicV1Rebalance,9.0000,4451.2310,400.6108,survival,1.0000,1.0000,1.0000,1.0000,0.9995,0.9940,0.9750,0.9350,0.8760,0.7860,0.7060,0.6330,0.5695,0.5115,0.4570,0.4060,0.3620,0.3230,0.3115,0.3005,0.2935,0.2905,0.2840,0.2805,0.2770,0.2765,0.2735,0.2715,0.2680,0.2665,0.2655,0.2645,0.2625,0.2595,0.2595,0.2585,0.2585,0.2580,0.2580,0.2580,0.2575,0.2575,0.2575,0.2575,0.2570
68,1.5000,DynamicV1Rebalance,9.0000,4451.2310,400.6108,spend25p,401.0817,398.2348,395.0992,390.8492,386.8431,381.8429,373.0085,358.0329,336.0680,286.2063,0.0000,0.0000,0.0000,0.0000,0.0000,0.0000,0.0000,0.0000,0.0000,0.0000,0.0000,0.0000,0.0000,0.0000,0.0000,0.0000,0.0000,0.0000,0.0000,0.0000,0.0000,0.0000,0.0000,0.0000,0.0000,0.0000,0.0000,0.0000,0.0000,0.0000,0.0000,0.0000,0.0000,0.0000,0.0000
68,1.5000,DynamicV1Rebalance,9.0000,4451.2310,400.6108,spend50p,403.8430,406.8254,410.0663,412.2519,415.5503,417.9142,419.3201,416.0858,408.8881,387.5165,341.7169,310.5887,274.1695,207.1611,0.0000,0.0000,0.0000,0.0000,0.0000,0.0000,0.0000,0.0000,0.0000,0.0000,0.0000,0.0000,0.0000,0.0000,0.0000,0.0000,0.0000,0.0000,0.0000,0.0000,0.0000,0.0000,0.0000,0.0000,0.0000,0.0000,0.0000,0.0000,0.0000,0.0000,0.0000
68,1.5000,DynamicV1Rebalance,9.0000,4451.2310,400.6108,spend75p,406.6792,415.3642,425.4709,435.9456,446.9040,457.2625,467.3866,471.5879,473.3291,464.8175,429.4899,415.8999,403.7479,383.5236,361.5200,340.3008,314.5282,277.1455,43.2805,30.8040,19.9510,10.5637,0.7773,0.0000,0.0000,0.0000,0.0000,0.0000,0.0000,0.0000,0.0000,0.0000,0.0000,0.0000,0.0000,0.0000,0.0000,0.0000,0.0000,0.0000,0.0000,0.0000,0.0000,0.0000,0.0000
68,1.5000,DynamicV1Rebalance,10.0000,4006.1079,400.6108,survival,1.0000,1.0000,1.0000,1.0000,0.9985,0.9845,0.9520,0.8880,0.7865,0.6840,0.6000,0.5275,0.4585,0.3890,0.3310,0.2865,0.2520,0.2230,0.2145,0.2055,0.2035,0.2000,0.1975,0.1950,0.1900,0.1880,0.1860,0.1860,0.1835,0.1815,0.1815,0.1805,0.1800,0.1785,0.1775,0.1775,0.1770,0.1770,0.1765,0.1760,0.1755,0.1750,0.1745,0.1740,0.1740
68,1.5000,DynamicV1Rebalance,10.0000,4006.1079,400.6108,spend25p,401.0817,398.2348,395.0992,390.8492,386.7745,380.1863,368.0432,346.9563,296.9592,0.0000,0.0000,0.0000,0.0000,0.0000,0.0000,0.0000,0.0000,0.0000,0.0000,0.0000,0.0000,0.0000,0.0000,0.0000,0.0000,0.0000,0.0000,0.0000,0.0000,0.0000,0.0000,0.0000,0.0000,0.0000,0.0000,0.0000,0.0000,0.0000,0.0000,0.0000,0.0000,0.0000,0.0000,0.0000,0.0000
68,1.5000,DynamicV1Rebalance,10.0000,4006.1079,400.6108,spend50p,403.8430,406.8254,410.0663,412.2519,415.4577,417.2175,416.4265,408.5904,390.2826,356.0374,300.7103,253.5754,0.0000,0.0000,0.0000,0.0000,0.0000,0.0000,0.0000,0.0000,0.0000,0.0000,0.0000,0.0000,0.0000,0.0000,0.0000,0.0000,0.0000,0.0000,0.0000,0.0000,0.0000,0.0000,0.0000,0.0000,0.0000,0.0000,0.0000,0.0000,0.0000,0.0000,0.0000,0.0000,0.0000
68,1.5000,DynamicV1Rebalance,10.0000,4006.1079,400.6108,spend75p,406.6792,415.3642,425.4709,435.9456,446.7471,456.5260,463.7723,466.3952,459.1700,444.8970,409.9614,391.1291,368.3375,337.1436,296.2462,250.6309,147.6253,0.0000,0.0000,0.0000,0.0000,0.0000,0.0000,0.0000,0.0000,0.0000,0.0000,0.0000,0.0000,0.0000,0.0000,0.0000,0.0000,0.0000,0.0000,0.0000,0.0000,0.0000,0.0000,0.0000,0.0000,0.0000,0.0000,0.0000,0.0000
68,1.8000,DynamicV1Rebalance,2.5000,19057.3177,476.4329,survival,1.0000,1.0000,1.0000,1.0000,1.0000,1.0000,1.0000,1.0000,1.0000,1.0000,1.0000,1.0000,0.9995,0.9990,0.9980,0.9965,0.9955,0.9945,0.9945,0.9940,0.9940,0.9940,0.9940,0.9935,0.9930,0.9920,0.9910,0.9900,0.9895,0.9895,0.9895,0.9885,0.9880,0.9880,0.9875,0.9870,0.9870,0.9870,0.9860,0.9860,0.9850,0.9845,0.9845,0.9845,0.9845
68,1.8000,DynamicV1Rebalance,2.5000,19057.3177,476.4329,spend25p,476.9929,473.5946,469.8496,464.7765,460.0811,455.7764,450.6192,445.2074,439.7779,435.0353,412.0148,410.9282,407.2203,402.2473,398.9215,395.1837,390.9455,387.9054,136.6693,129.1105,121.3598,116.3309,108.4526,101.7396,93.9164,87.3860,80.4082,73.7698,67.8785,59.5478,52.4802,45.6850,38.7301,30.3593,22.0617,13.2662,5.8005,0.0000,-5.5076,-11.4513,-18.7049,-25.7485,-33.7785,-41.8338,-50.3763
68,1.8000,DynamicV1Rebalance,2.5000,19057.3177,476.4329,spend50p,480.2769,483.8108,487.6485,490.2274,494.1521,497.5985,501.9673,506.5998,510.6103,514.1197,496.6229,498.0703,504.4631,508.1930,509.7277,511.0166,510.7599,510.4033,206.9471,202.0964,198.8815,192.7271,185.0853,179.1897,173.9316,167.0774,161.7938,156.7556,151.9016,143.3472,137.8582,130.2367,123.1319,116.4623,108.4196,100.6060,91.8189,81.6487,75.1870,68.9613,60.6973,53.4305,45.7859,39.2803,33.7691
68,1.8000,DynamicV1Rebalance,2.5000,19057.3177,476.4329,spend75p,483.6499,493.9655,505.9675,518.4027,531.4554,544.5173,559.8143,572.4120,586.9732,601.0831,585.7398,598.7922,609.6644,620.7775,633.6884,644.3596,655.3568,671.2388,304.6974,302.3533,299.0107,297.2939,295.5077,290.4863,287.4152,282.1821,274.6612,267.1490,264.6018,262.3310,255.3485,250.5717,247.2811,241.1397,235.7533,230.3767,225.4493,213.1052,206.1481,199.4341,199.1058,191.9104,186.7228,184.1811,179.5567
68,1.8000,DynamicV1Rebalance,3.0000,15881.0981,476.4329,survival,1.0000,1.0000,1.0000,1.0000,1.0000,1.0000,1.0000,1.0000,1.0000,1.0000,0.9990,0.9980,0.9965,0.9955,0.9945,0.9930,0.9900,0.9860,0.9845,0.9820,0.9810,0.9795,0.9770,0.9765,0.9755,0.9750,0.9740,0.9710,0.9690,0.9665,0.9655,0.9655,0.9635,0.9610,0.9575,0.9575,0.9560,0.9545,0.9535,0.9535,0.9525,0.9510,0.9495,0.9495,0.9485
68,1.8000,DynamicV1Rebalance,3.0000,15881.0981,476.4329,spend25p,476.9929,473.5946,469.8496,464.7765,460.0811,455.7764,450.6192,445.2074,439.7779,435.0353,411.8218,410.1071,406.3928,401.4181,397.5514,392.7647,388.2832,384.0728,133.3822,125.0915,117.3694,111.0145,103.8390,96.0310,88.8082,82.5707,74.6512,68.0301,60.6751,53.2813,45.5948,38.3164,30.1314,20.8999,12.8207,4.0332,0.0000,0.0000,-5.1043,-10.9492,-18.6263,-25.4478,-32.7813,-40.9211,-48.9678
68,1.8000,DynamicV1Rebalance,3.0000,15881.0981,476.4329,spend50p,480.2769,483.8108,487.6485,490.2274,494.1521,497.5985,501.9673,506.5998,510.6103,514.1197,495.6530,497.5277,503.3993,507.4214,508.1869,509.2319,507.8351,505.6526,204.1749,198.9205,194.4785,188.6339,180.8330,174.7658,168.3185,162.6018,158.1195,150.8234,144.6057,136.7874,129.8590,122.7277,114.7394,107.0762,98.2695,91.1696,82.2238,72.2714,64.6427,58.3495,51.1152,43.3358,36.2807,28.1367,18.8607
68,1.8000,DynamicV1Rebalance,3.0000,15881.0981,476.4329,spend75p,483.6499,493.9655,505.9675,518.4027,531.4554,544.5173,559.8143,572.4120,586.9732,601.0831,585.6290,598.6147,608.1436,619.3046,632.2846,643.5802,650.9836,665.2227,300.7449,297.6871,293.6129,290.8206,288.4169,284.4478,280.0289,273.8565,267.9675,262.1236,258.2948,249.9914,244.5400,240.5153,232.0968,225.3432,218.6890,213.6155,204.4562,192.1801,184.2215,179.2043,174.2113,168.5100,162.9483,157.3726,154.3414
68,1.8000,DynamicV1Rebalance,3.5000,13612.3698,476.4329,survival,1.0000,1.0000,1.0000,1.0000,1.0000,1.0000,1.0000,1.0000,1.0000,0.9985,0.9975,0.9955,0.9940,0.9890,0.9825,0.9745,0.9680,0.9610,0.9580,0.9530,0.9500,0.9430,0.9390,0.9355,0.9320,0.9285,0.9235,0.9200,0.9175,0.9155,0.9145,0.9130,0.9100,0.9095,0.9060,0.9050,0.9040,0.9025,0.9025,0.9005,0.9000,0.9000,0.8970,0.8970,0.8955
68,1.8000,DynamicV1Rebalance,3.5000,13612.3698,476.4329,spend25p,476.9929,473.5946,469.8496,464.7765,460.0811,455.7764,450.6192,445.2074,439.7779,434.5604,411.5803,409.3443,405.7317,399.7025,393.2650,385.7804,379.9889,373.5705,125.3180,116.5880,109.6074,99.4501,92.5830,85.4227,76.4620,68.8838,59.9152,52.6103,44.5810,36.2887,29.8758,22.7314,14.9853,7.3014,0.0000,0.0000,0.0000,0.0000,-3.2207,-9.2751,-16.9423,-22.6846,-31.3988,-39.4735,-46.4948
68,1.8000,DynamicV1Rebalance,3.5000,13612.3698,476.4329,spend50p,480.2769,483.8108,487.6485,490.2274,494.1521,497.5985,501.9673,506.5998,510.6103,514.0316,494.8461,496.5701,502.9245,504.9736,501.6059,500.4527,499.3491,495.9251,198.0252,191.0612,183.7833,176.5015,170.4903,163.1260,157.3477,151.4886,144.5872,136.7318,129.0338,122.0509,114.1899,106.5725,97.6579,90.5276,83.2373,76.1653,68.3439,57.7420,49.3892,43.5689,36.1872,29.3506,20.4464,12.0368,3.5989
68,1.8000,DynamicV1Rebalance,3.5000,13612.3698,476.4329,spend75p,483.6499,493.9655,505.9675,518.4027,531.4554,544.5173,559.8143,572.4120,586.9732,600.9858,584.5233,598.4177,607.5875,615.8271,627.7564,633.6127,641.1684,652.1829,292.8222,287.9885,284.4146,279.7247,276.9519,272.0768,263.2854,257.6156,252.7412,246.1015,239.3595,232.8977,228.6217,219.2732,208.7137,205.1820,195.2537,188.7674,178.9012,173.8613,164.0600,159.6237,155.2559,149.6799,141.9822,135.7051,128.0967
68,1.8000,DynamicV1Rebalance,4.0000,11910.8236,476.4329,survival,1.0000,1.0000,1.0000,1.0000,1.0000,1.0000,1.0000,1.0000,0.9990,0.9980,0.9945,0.9920,0.9825,0.9730,0.9645,0.9540,0.9360,0.9210,0.9140,0.9045,0.8965,0.8940,0.8905,0.8815,0.8745,0.8710,0.8645,0.8605,0.8555,0.8510,0.8490,0.8435,0.8400,0.8375,0.8340,0.8310,0.8290,0.8265,0.8255,0.8230,0.8225,0.8210,0.8210,0.8205,0.8200
68,1.8000,DynamicV1Rebalance,4.0000,11910.8236,476.4329,spend25p,476.9929,473.5946,469.8496,464.7765,460.0811,455.7764,450.6192,445.2074,439.3317,434.3098,410.7754,408.1532,400.8939,392.4347,384.7726,377.3052,366.0179,354.7658,112.9606,102.4913,91.8398,84.8352,74.7559,64.3197,54.3359,46.5346,36.8646,29.5668,22.0102,13.0546,7.6350,0.0000,0.0000,0.0000,0.0000,0.0000,0.0000,0.0000,-0.4977,-7.4510,-14.1658,-20.4389,-28.1634,-35.7448,-42.9554
68,1.8000,DynamicV1Rebalance,4.0000,11910.8236,476.4329,spend50p,480.2769,483.8108,487.6485,490.2274,494.1521,497.5985,501.9673,506.5998,510.4555,514.0090,493.6012,495.6030,498.0189,498.7934,496.0904,493.8480,486.9173,478.3678,187.3567,176.2823,168.1194,161.4793,156.5943,149.1164,140.8521,135.0555,126.9742,121.7394,112.4005,104.8273,97.3065,88.0715,79.7542,70.6049,62.0271,52.3367,44.1825,33.8476,26.6094,19.2147,11.2310,3.5767,0.0000,0.0000,0.0000
68,1.8000,DynamicV1Rebalance,4.0000,11910.8236,476.4329,spend75p,483.6499,493.9655,505.9675,518.4027,531.4554,544.5173,559.8143,572.4120,586.8074,600.9102,583.4976,596.9899,603.0513,610.0746,617.1291,622.6334,628.6740,631.1162,276.6411,271.3557,268.9387,263.4679,258.6959,251.4001,243.6077,238.3195,231.5991,227.0684,218.5905,209.7423,202.5126,195.1321,187.7565,178.0690,171.3174,161.4890,153.3127,144.6429,139.4517,134.7793,130.1707,126.6794,117.9315,111.9583,104.8412
68,1.8000,DynamicV1Rebalance,5.0000,9528.6589,476.4329,survival,1.0000,1.0000,1.0000,1.0000,1.0000,1.0000,1.0000,0.9985,0.9970,0.9920,0.9805,0.9660,0.9480,0.9300,0.9040,0.8690,0.8390,0.8225,0.8095,0.7990,0.7855,0.7750,0.7655,0.7550,0.7470,0.7365,0.7320,0.7255,0.7210,0.7170,0.7125,0.7070,0.7010,0.6990,0.6950,0.6905,0.6900,0.6895,0.6890,0.6880,0.6860,0.6845,0.6820,0.6820,0.6805
68,1.8000,DynamicV1Rebalance,5.0000,9528.6589,476.4329,spend25p,476.9929,473.5946,469.8496,464.7765,460.0811,455.7764,450.6192,444.4968,438.3953,432.7340,405.8271,397.1842,385.6136,373.3019,358.4117,330.7922,307.2085,291.2655,70.7649,55.6081,40.3460,26.3017,8.2589,0.0000,0.0000,0.0000,0.0000,0.0000,0.0000,0.0000,0.0000,0.0000,0.0000,0.0000,0.0000,0.0000,0.0000,0.0000,0.0000,0.0000,-6.7406,-14.3481,-21.5428,-27.9096,-36.6081
68,1.8000,DynamicV1Rebalance,5.0000,9528.6589,476.4329,spend50p,480.2769,483.8108,487.6485,490.2274,494.1521,497.5985,501.9673,505.9655,510.1424,512.5889,489.6718,489.6553,486.4342,481.0226,473.7882,457.7981,445.4927,436.1039,162.7471,152.1296,140.4133,131.2319,121.1839,111.9616,103.5562,93.8316,84.7291,78.1306,69.6725,61.0294,52.4573,44.6363,34.7460,26.1983,16.0557,7.3085,0.0000,0.0000,0.0000,0.0000,0.0000,0.0000,0.0000,0.0000,0.0000
68,1.8000,DynamicV1Rebalance,5.0000,9528.6589,476.4329,spend75p,483.6499,493.9655,505.9675,518.4027,531.4554,544.5173,559.8143,572.1121,586.5784,598.4932,579.7663,588.1451,593.0305,596.9582,597.5942,595.3243,589.9798,590.2022,254.2046,246.5643,238.7079,231.2555,222.6926,215.9968,208.5909,197.8489,185.0595,179.5377,174.9182,167.9621,162.7916,150.2997,141.2231,134.7304,126.8236,117.3851,107.6519,97.7767,90.9843,84.1206,81.3756,73.8125,67.0258,62.1375,52.6536
68,1.8000,DynamicV1Rebalance,6.0000,7940.5491,476.4329,survival,1.0000,1.0000,1.0000,1.0000,1.0000,1.0000,0.9985,0.9970,0.9870,0.9720,0.9505,0.9225,0.8920,0.8425,0.8090,0.7695,0.7325,0.6910,0.6740,0.6620,0.6520,0.6410,0.6340,0.6240,0.6125,0.6085,0.6015,0.5945,0.5895,0.5845,0.5800,0.5740,0.5695,0.5680,0.5655,0.5640,0.5620,0.5620,0.5590,0.5580,0.5560,0.5540,0.5535,0.5525,0.5500
68,1.8000,DynamicV1Rebalance,6.0000,7940.5491,476.4329,spend25p,476.9929,473.5946,469.8496,464.7765,460.0811,455.7764,449.2468,443.7516,434.9014,425.2661,395.8507,381.0375,361.6485,326.8174,297.9655,241.3537,0.0000,0.0000,0.0000,0.0000,0.0000,0.0000,0.0000,0.0000,0.0000,0.0000,0.0000,0.0000,0.0000,0.0000,0.0000,0.0000,0.0000,0.0000,0.0000,0.0000,0.0000,0.0000,0.0000,0.0000,0.0000,0.0000,-2.5019,-10.8714,-18.3439
68,1.8000,DynamicV1Rebalance,6.0000,7940.5491,476.4329,spend50p,480.2769,483.8108,487.6485,490.2274,494.1521,497.5985,501.8561,505.7453,507.7937,509.9106,483.7868,477.5355,468.0715,448.6645,436.5716,421.9444,400.1692,377.0839,123.3531,111.9594,102.1094,91.1906,79.8666,69.7105,57.2290,48.8798,38.4525,29.3141,20.4175,11.5573,5.5431,0.0000,0.0000,0.0000,0.0000,0.0000,0.0000,0.0000,0.0000,0.0000,0.0000,0.0000,0.0000,0.0000,0.0000
68,1.8000,DynamicV1Rebalance,6.0000,7940.5491,476.4329,spend75p,483.6499,493.9655,505.9675,518.4027,531.4554,544.5173,559.6416,571.8383,583.8432,593.8491,572.3231,577.9903,576.6915,569.3203,570.5853,563.7297,552.7676,539.7229,223.3477,212.5279,205.8176,197.3588,187.4663,178.8037,168.7708,162.0241,157.5039,147.1250,139.3327,133.5420,123.4805,115.9781,106.4757,99.4808,91.4617,82.0616,73.3456,65.7156,56.6953,48.1890,43.0421,35.6634,28.8649,19.1459,12.5849
68,1.8000,DynamicV1Rebalance,7.0000,6806.1849,476.4329,survival,1.0000,1.0000,1.0000,1.0000,1.0000,0.9990,0.9965,0.9850,0.9685,0.9340,0.8955,0.8465,0.7915,0.7440,0.6940,0.6335,0.5965,0.5645,0.5465,0.5360,0.5210,0.5140,0.5015,0.4960,0.4905,0.4820,0.4750,0.4700,0.4625,0.4585,0.4530,0.4500,0.4480,0.4465,0.4455,0.4435,0.4415,0.4405,0.4380,0.4380,0.4370,0.4350,0.4345,0.4340,0.4335
68,1.8000,DynamicV1Rebalance,7.0000,6806.1849,476.4329,spend25p,476.9929,473.5946,469.8496,464.7765,460.0811,455.4744,448.7908,440.1812,428.8526,413.1846,374.0145,343.6922,298.0068,0.0000,0.0000,0.0000,0.0000,0.0000,0.0000,0.0000,0.0000,0.0000,0.0000,0.0000,0.0000,0.0000,0.0000,0.0000,0.0000,0.0000,0.0000,0.0000,0.0000,0.0000,0.0000,0.0000,0.0000,0.0000,0.0000,0.0000,0.0000,0.0000,0.0000,0.0000,0.0000
68,1.8000,DynamicV1Rebalance,7.0000,6806.1849,476.4329,spend50p,480.2769,483.8108,487.6485,490.2274,494.1521,497.4721,501.7978,504.3290,505.2669,502.1977,467.6304,453.4059,433.4869,413.5854,388.7193,352.5555,320.4313,291.6451,65.8835,51.2831,32.7242,14.6994,0.0000,0.0000,0.0000,0.0000,0.0000,0.0000,0.0000,0.0000,0.0000,0.0000,0.0000,0.0000,0.0000,0.0000,0.0000,0.0000,0.0000,0.0000,0.0000,0.0000,0.0000,0.0000,0.0000
68,1.8000,DynamicV1Rebalance,7.0000,6806.1849,476.4329,spend75p,483.6499,493.9655,505.9675,518.4027,531.4554,544.0494,559.6148,569.3999,578.9700,586.7559,562.1355,559.3848,552.0586,545.0687,532.3307,514.4399,497.9247,484.1506,187.0989,174.9141,161.5065,155.2982,143.7007,137.3725,129.4237,120.0650,111.5659,102.6307,91.8687,82.4084,76.6950,69.6066,61.2779,53.9855,45.9827,36.4344,26.9404,18.7606,9.9010,4.7451,0.0000,0.0000,0.0000,0.0000,0.0000
68,1.8000,DynamicV1Rebalance,8.0000,5955.4118,476.4329,survival,1.0000,1.0000,1.0000,1.0000,1.0000,0.9980,0.9875,0.9705,0.9295,0.8805,0.8115,0.7410,0.6785,0.6180,0.5680,0.5265,0.4820,0.4435,0.4315,0.4180,0.4055,0.3955,0.3865,0.3800,0.3715,0.3625,0.3570,0.3505,0.3460,0.3400,0.3360,0.3320,0.3280,0.3240,0.3225,0.3210,0.3180,0.3160,0.3160,0.3155,0.3150,0.3135,0.3130,0.3125,0.3125
68,1.8000,DynamicV1Rebalance,8.0000,5955.4118,476.4329,spend25p,476.9929,473.5946,469.8496,464.7765,460.0811,454.8354,446.1538,435.9449,417.2551,393.6258,333.9006,0.0000,0.0000,0.0000,0.0000,0.0000,0.0000,0.0000,0.0000,0.0000,0.0000,0.0000,0.0000,0.0000,0.0000,0.0000,0.0000,0.0000,0.0000,0.0000,0.0000,0.0000,0.0000,0.0000,0.0000,0.0000,0.0000,0.0000,0.0000,0.0000,0.0000,0.0000,0.0000,0.0000,0.0000
68,1.8000,DynamicV1Rebalance,8.0000,5955.4118,476.4329,spend50p,480.2769,483.8108,487.6485,490.2274,494.1521,497.3378,500.3221,502.8619,497.0981,488.4192,442.9783,419.5631,387.4715,355.3158,312.7040,256.7209,0.0000,0.0000,0.0000,0.0000,0.0000,0.0000,0.0000,0.0000,0.0000,0.0000,0.0000,0.0000,0.0000,0.0000,0.0000,0.0000,0.0000,0.0000,0.0000,0.0000,0.0000,0.0000,0.0000,0.0000,0.0000,0.0000,0.0000,0.0000,0.0000
68,1.8000,DynamicV1Rebalance,8.0000,5955.4118,476.4329,spend75p,483.6499,493.9655,505.9675,518.4027,531.4554,543.8087,557.4517,565.9166,573.9318,576.8363,539.9225,531.1222,518.7831,505.4932,486.4288,467.7513,444.8830,419.0497,150.4357,138.7559,124.0128,112.8355,103.4912,92.7642,83.2331,71.9352,62.8283,52.1876,42.9459,30.7092,22.5015,12.9944,3.8456,0.0000,0.0000,0.0000,0.0000,0.0000,0.0000,0.0000,0.0000,0.0000,0.0000,0.0000,0.0000
68,1.8000,DynamicV1Rebalance,9.0000,5293.6994,476.4329,survival,1.0000,1.0000,1.0000,1.0000,0.9995,0.9940,0.9750,0.9350,0.8760,0.7865,0.7055,0.6310,0.5675,0.5085,0.4525,0.4030,0.3600,0.3205,0.3025,0.2915,0.2840,0.2760,0.2715,0.2625,0.2560,0.2515,0.2475,0.2450,0.2410,0.2370,0.2325,0.2315,0.2300,0.2275,0.2260,0.2245,0.2245,0.2225,0.2215,0.2205,0.2200,0.2195,0.2185,0.2180,0.2180
68,1.8000,DynamicV1Rebalance,9.0000,5293.6994,476.4329,spend25p,476.9929,473.5946,469.8496,464.7765,459.9908,454.0205,443.4895,425.6562,399.5141,340.2886,0.0000,0.0000,0.0000,0.0000,0.0000,0.0000,0.0000,0.0000,0.0000,0.0000,0.0000,0.0000,0.0000,0.0000,0.0000,0.0000,0.0000,0.0000,0.0000,0.0000,0.0000,0.0000,0.0000,0.0000,0.0000,0.0000,0.0000,0.0000,0.0000,0.0000,0.0000,0.0000,0.0000,0.0000,0.0000
68,1.8000,DynamicV1Rebalance,9.0000,5293.6994,476.4329,spend50p,480.2769,483.8108,487.6485,490.2274,494.1261,496.9101,498.5518,494.6738,486.0818,461.0468,409.7152,372.1589,327.9514,240.0493,0.0000,0.0000,0.0000,0.0000,0.0000,0.0000,0.0000,0.0000,0.0000,0.0000,0.0000,0.0000,0.0000,0.0000,0.0000,0.0000,0.0000,0.0000,0.0000,0.0000,0.0000,0.0000,0.0000,0.0000,0.0000,0.0000,0.0000,0.0000,0.0000,0.0000,0.0000
68,1.8000,DynamicV1Rebalance,9.0000,5293.6994,476.4329,spend75p,483.6499,493.9655,505.9675,518.4027,531.4085,543.6963,555.7006,560.6587,562.6885,552.6210,515.1287,498.8537,484.1701,458.7619,431.0370,406.3902,375.6878,328.9677,88.1910,71.7431,53.8899,36.6978,26.2552,7.8901,0.0000,0.0000,0.0000,0.0000,0.0000,0.0000,0.0000,0.0000,0.0000,0.0000,0.0000,0.0000,0.0000,0.0000,0.0000,0.0000,0.0000,0.0000,0.0000,0.0000,0.0000
68,1.8000,DynamicV1Rebalance,10.0000,4764.3294,476.4329,survival,1.0000,1.0000,1.0000,1.0000,0.9985,0.9845,0.9520,0.8880,0.7865,0.6845,0.6000,0.5220,0.4550,0.3865,0.3300,0.2850,0.2470,0.2220,0.2075,0.2015,0.1935,0.1885,0.1840,0.1795,0.1755,0.1740,0.1695,0.1655,0.1630,0.1605,0.1595,0.1575,0.1545,0.1540,0.1535,0.1520,0.1520,0.1515,0.1500,0.1500,0.1490,0.1485,0.1485,0.1480,0.1475
68,1.8000,DynamicV1Rebalance,10.0000,4764.3294,476.4329,spend25p,476.9929,473.5946,469.8496,464.7765,459.9091,452.0508,437.5860,412.4875,353.0219,0.0000,0.0000,0.0000,0.0000,0.0000,0.0000,0.0000,0.0000,0.0000,0.0000,0.0000,0.0000,0.0000,0.0000,0.0000,0.0000,0.0000,0.0000,0.0000,0.0000,0.0000,0.0000,0.0000,0.0000,0.0000,0.0000,0.0000,0.0000,0.0000,0.0000,0.0000,0.0000,0.0000,0.0000,0.0000,0.0000
68,1.8000,DynamicV1Rebalance,10.0000,4764.3294,476.4329,spend50p,480.2769,483.8108,487.6485,490.2274,494.0160,496.0817,495.1115,485.7626,463.9638,423.4453,360.8523,292.1994,0.0000,0.0000,0.0000,0.0000,0.0000,0.0000,0.0000,0.0000,0.0000,0.0000,0.0000,0.0000,0.0000,0.0000,0.0000,0.0000,0.0000,0.0000,0.0000,0.0000,0.0000,0.0000,0.0000,0.0000,0.0000,0.0000,0.0000,0.0000,0.0000,0.0000,0.0000,0.0000,0.0000
68,1.8000,DynamicV1Rebalance,10.0000,4764.3294,476.4329,spend75p,483.6499,493.9655,505.9675,518.4027,531.2219,542.8206,551.4034,554.4853,545.8564,528.8482,491.9537,468.2850,440.0136,402.4030,355.4954,298.7093,0.0000,0.0000,0.0000,0.0000,0.0000,0.0000,0.0000,0.0000,0.0000,0.0000,0.0000,0.0000,0.0000,0.0000,0.0000,0.0000,0.0000,0.0000,0.0000,0.0000,0.0000,0.0000,0.0000,0.0000,0.0000,0.0000,0.0000,0.0000,0.0000
71,0.6000,DynamicV1Rebalance,2.5000,6925.7726,173.1443,survival,1.0000,1.0000,1.0000,1.0000,1.0000,1.0000,1.0000,1.0000,1.0000,1.0000,1.0000,1.0000,0.9995,0.9995,0.9980,0.9975,0.9960,0.9945,0.9945,0.9940,0.9940,0.9940,0.9940,0.9940,0.9940,0.9940,0.9940,0.9940,0.9940,0.9940,0.9940,0.9940,0.9940,0.9940,0.9940,0.9940,0.9940,0.9940,0.9940,0.9940,0.9940,0.9940,0.9940,0.9940,0.9940
71,0.6000,DynamicV1Rebalance,2.5000,6925.7726,173.1443,spend25p,173.3478,172.1553,170.8478,169.0673,167.4331,165.9494,164.1629,162.2902,160.4168,158.7991,137.3383,136.9761,135.7401,134.1110,132.9738,131.8112,130.3887,129.3018,128.8017,127.7439,127.2911,-265.9253,-279.5500,-294.4834,-307.7285,-321.4360,-336.3925,-348.9898,-364.8920,-383.5756,-401.3141,-419.4436,-440.5837,-461.9341,-484.3079,-509.2577,-535.1997,-558.4938,-583.4264,-609.3486,-634.1989,-661.6190,-687.8694,-717.3189,-747.4896
71,0.6000,DynamicV1Rebalance,2.5000,6925.7726,173.1443,spend50p,174.5413,175.8690,177.3199,178.3253,179.8322,181.1770,182.8693,184.6694,186.2542,187.6670,165.5410,166.0234,168.1544,169.4380,169.9092,170.5351,170.2533,170.1344,170.3379,171.2068,173.3365,-220.9639,-230.5333,-239.9664,-250.3710,-260.4878,-271.2481,-282.1110,-293.6406,-306.1652,-318.3620,-330.6833,-343.9385,-359.2906,-375.7734,-390.8304,-406.4906,-422.5829,-437.8965,-452.1053,-469.0672,-487.4812,-505.2565,-524.2221,-542.7378
71,0.6000,DynamicV1Rebalance,2.5000,6925.7726,173.1443,spend75p,175.7671,179.5603,183.9811,188.5743,193.4077,198.2602,203.9433,208.6597,214.1089,219.4109,195.2466,199.5974,203.2215,206.9838,211.2295,215.0342,218.4523,223.7463,227.8086,232.4845,234.7266,-189.3050,-195.5737,-203.0779,-210.3141,-218.3577,-225.4912,-233.3480,-240.9183,-250.7045,-260.5001,-269.3454,-278.3536,-289.1612,-299.1930,-307.8750,-318.7646,-330.2513,-340.5384,-352.4603,-364.7303,-376.1368,-389.2573,-401.7834,-414.2562
71,0.6000,DynamicV1Rebalance,3.0000,5771.4771,173.1443,survival,1.0000,1.0000,1.0000,1.0000,1.0000,1.0000,1.0000,1.0000,1.0000,1.0000,0.9995,0.9980,0.9970,0.9955,0.9950,0.9940,0.9915,0.9885,0.9850,0.9825,0.9790,0.9790,0.9790,0.9790,0.9790,0.9790,0.9790,0.9790,0.9790,0.9790,0.9790,0.9790,0.9790,0.9790,0.9790,0.9790,0.9790,0.9790,0.9790,0.9790,0.9790,0.9790,0.9790,0.9790,0.9790
71,0.6000,DynamicV1Rebalance,3.0000,5771.4771,173.1443,spend25p,173.3478,172.1553,170.8478,169.0673,167.4331,165.9494,164.1629,162.2902,160.4168,158.7991,137.3096,136.7024,135.5134,133.8060,132.5660,131.0899,129.5547,128.1814,126.6322,125.5759,125.0511,-263.0488,-276.6134,-290.2273,-303.2474,-318.4942,-331.7238,-345.7148,-362.0165,-379.1286,-397.8212,-415.2173,-434.7737,-456.3466,-477.3170,-502.8975,-527.7220,-550.4654,-573.3438,-599.2335,-625.4346,-650.1464,-679.4553,-708.1020,-736.7157
71,0.6000,DynamicV1Rebalance,3.0000,5771.4771,173.1443,spend50p,174.5413,175.8690,177.3199,178.3253,179.8322,181.1770,182.8693,184.6694,186.2542,187.6670,165.4169,165.8426,167.8130,169.1405,169.6339,169.9695,169.6552,168.7544,168.7607,169.5023,170.0689,-219.0936,-229.0917,-238.2706,-248.3434,-258.4624,-268.6743,-279.5147,-290.9359,-302.2310,-315.0556,-327.5568,-340.0619,-355.3637,-371.6856,-387.7213,-401.8305,-416.9614,-432.2953,-447.8881,-462.7994,-482.5569,-498.7102,-515.5420,-532.8970
71,0.6000,DynamicV1Rebalance,3.0000,5771.4771,173.1443,spend75p,175.7671,179.5603,183.9811,188.5743,193.4077,198.2602,203.9433,208.6597,214.1089,219.4109,195.2097,199.5382,202.7779,206.4349,210.9312,214.6155,217.4771,221.9601,226.1559,229.5992,231.6537,-187.1541,-194.1227,-201.0325,-208.2775,-215.3899,-222.6510,-229.6428,-237.9961,-246.8396,-255.7515,-265.7468,-275.6764,-284.6621,-293.8502,-303.7366,-313.4449,-323.6451,-335.2273,-347.1995,-358.4008,-369.0360,-381.5299,-396.9701,-406.4724
71,0.6000,DynamicV1Rebalance,3.5000,4946.9804,173.1443,survival,1.0000,1.0000,1.0000,1.0000,1.0000,1.0000,1.0000,1.0000,1.0000,0.9985,0.9975,0.9965,0.9940,0.9915,0.9860,0.9785,0.9720,0.9665,0.9605,0.9500,0.9395,0.9395,0.9395,0.9395,0.9395,0.9395,0.9395,0.9395,0.9395,0.9395,0.9395,0.9395,0.9395,0.9395,0.9395,0.9395,0.9395,0.9395,0.9395,0.9395,0.9395,0.9395,0.9395,0.9395,0.9395
71,0.6000,DynamicV1Rebalance,3.5000,4946.9804,173.1443,spend25p,173.3478,172.1553,170.8478,169.0673,167.4331,165.9494,164.1629,162.2902,160.4168,158.6258,137.1934,136.5285,135.2439,133.4037,131.6812,129.0325,127.4138,125.1159,122.8747,119.9061,117.0273,-257.9272,-270.5473,-283.7729,-297.1207,-309.2861,-323.4698,-339.7231,-353.1766,-370.4343,-387.1918,-405.5570,-422.4413,-442.9678,-463.4336,-488.1571,-511.3430,-536.9179,-560.8636,-579.6859,-604.7840,-633.2898,-657.7162,-686.3865,-720.7180
71,0.6000,DynamicV1Rebalance,3.5000,4946.9804,173.1443,spend50p,174.5413,175.8690,177.3199,178.3253,179.8322,181.1770,182.8693,184.6694,186.2542,187.6348,164.9487,165.5631,167.6415,168.6691,168.0078,167.7094,167.1213,165.7613,165.1060,163.2635,162.2798,-215.0996,-223.7558,-233.4047,-242.6949,-252.6283,-263.9995,-273.3473,-283.8772,-294.0024,-305.9657,-318.6845,-331.2973,-346.1229,-361.0877,-377.5142,-391.7857,-407.3782,-420.4850,-435.6560,-452.3587,-467.8933,-484.2627,-501.4931,-518.7798
71,0.6000,DynamicV1Rebalance,3.5000,4946.9804,173.1443,spend75p,175.7671,179.5603,183.9811,188.5743,193.4077,198.2602,203.9433,208.6597,214.1089,219.3754,194.8411,199.4997,202.5292,205.5047,209.6717,211.8212,214.2456,218.2103,221.1306,222.3014,223.4404,-182.6062,-188.9299,-195.8893,-202.1697,-209.5028,-216.5035,-223.4169,-230.7305,-238.1416,-245.5289,-254.3432,-262.2427,-271.6674,-282.0102,-290.7915,-300.8351,-311.0218,-320.3436,-330.0827,-340.2830,-351.8599,-362.5192,-375.6037,-389.8162
71,0.6000,DynamicV1Rebalance,4.0000,4328.6079,173.1443,survival,1.0000,1.0000,1.0000,1.0000,1.0000,1.0000,1.0000,1.0000,0.9990,0.9980,0.9945,0.9920,0.9865,0.9755,0.9685,0.9580,0.9475,0.9305,0.9170,0.8980,0.8865,0.8865,0.8865,0.8865,0.8865,0.8865,0.8865,0.8865,0.8865,0.8865,0.8865,0.8865,0.8865,0.8865,0.8865,0.8865,0.8865,0.8865,0.8865,0.8865,0.8865,0.8865,0.8865,0.8865,0.8865
71,0.6000,DynamicV1Rebalance,4.0000,4328.6079,173.1443,spend25p,173.3478,172.1553,170.8478,169.0673,167.4331,165.9494,164.1629,162.2902,160.2540,158.5343,136.9251,136.0511,134.2820,131.1137,129.1879,126.9149,123.8155,120.0741,115.5708,110.6990,107.0748,-250.2159,-262.6828,-274.2070,-286.3816,-300.4841,-313.7868,-329.0015,-344.0816,-358.8804,-373.8690,-391.3388,-409.1152,-429.5455,-451.2559,-471.1855,-494.7231,-516.3716,-538.9895,-564.2601,-585.9738,-607.4420,-633.0386,-663.0556,-687.6111
71,0.6000,DynamicV1Rebalance,4.0000,4328.6079,173.1443,spend50p,174.5413,175.8690,177.3199,178.3253,179.8322,181.1770,182.8693,184.6694,186.1977,187.6266,164.5337,165.2010,166.7103,166.7283,165.6334,165.0742,163.4843,160.7893,157.6520,154.3128,153.2220,-208.2917,-216.9888,-226.6295,-235.8925,-245.7145,-255.2229,-265.1891,-275.0420,-285.3106,-295.6449,-306.7845,-320.3664,-332.8883,-346.9973,-361.5959,-376.2161,-391.4909,-406.7827,-420.7922,-435.5958,-449.9919,-465.1205,-482.4333,-496.6286
71,0.6000,DynamicV1Rebalance,4.0000,4328.6079,173.1443,spend75p,175.7671,179.5603,183.9811,188.5743,193.4077,198.2602,203.9433,208.6597,214.0484,219.3478,194.4992,198.9966,201.7878,204.4386,206.5678,208.2228,210.8790,211.7229,211.4778,211.2130,214.1223,-176.6995,-181.9293,-188.3147,-194.1406,-199.8507,-205.2483,-212.0456,-218.5930,-226.1951,-232.2847,-238.3684,-247.4548,-254.7911,-261.9333,-269.5384,-279.9488,-289.4835,-298.0495,-308.0163,-318.2187,-328.3431,-337.1213,-347.3443,-357.1310
71,0.6000,DynamicV1Rebalance,5.0000,3462.8863,173.1443,survival,1.0000,1.0000,1.0000,1.0000,1.0000,1.0000,1.0000,0.9985,0.9970,0.9920,0.9815,0.9680,0.9525,0.9355,0.9155,0.8855,0.8565,0.8330,0.8160,0.7870,0.7635,0.7625,0.7625,0.7625,0.7625,0.7625,0.7625,0.7625,0.7625,0.7625,0.7625,0.7625,0.7625,0.7625,0.7625,0.7625,0.7625,0.7625,0.7625,0.7625,0.7625,0.7625,0.7625,0.7625,0.7625
71,0.6000,DynamicV1Rebalance,5.0000,3462.8863,173.1443,spend25p,173.3478,172.1553,170.8478,169.0673,167.4331,165.9494,164.1629,162.0312,159.9125,157.9591,135.3608,132.8078,129.0010,125.2803,120.9878,114.3048,106.2459,99.4352,92.8544,79.7149,66.4117,-236.5176,-246.6611,-257.6709,-269.8913,-283.2072,-295.7152,-308.3157,-322.8858,-337.6796,-351.7070,-365.6234,-382.2483,-399.9719,-416.9315,-433.6954,-454.3694,-476.3121,-496.7105,-514.3014,-536.3074,-557.8271,-581.8195,-607.4354,-630.2062
71,0.6000,DynamicV1Rebalance,5.0000,3462.8863,173.1443,spend50p,174.5413,175.8690,177.3199,178.3253,179.8322,181.1770,182.8693,184.4382,186.0835,187.1082,163.3559,163.2723,163.0020,161.2698,159.4231,155.2084,151.0415,147.0072,144.3775,138.9076,134.9625,-194.4572,-202.0031,-209.5608,-217.1080,-225.4991,-233.9726,-242.5289,-252.0575,-261.0301,-271.6823,-281.7517,-292.5581,-302.8261,-314.3325,-325.8580,-337.7116,-352.0662,-363.6595,-374.2148,-386.0501,-400.9751,-416.4338,-431.7630,-446.1914
71,0.6000,DynamicV1Rebalance,5.0000,3462.8863,173.1443,spend75p,175.7671,179.5603,183.9811,188.5743,193.4077,198.2602,203.9433,208.5504,213.9649,218.4655,193.4161,196.2406,198.2692,199.2482,200.8111,200.1317,198.0896,198.1243,199.2193,194.9345,193.3976,-148.1849,-151.8092,-154.5951,-157.4003,-160.3291,-163.1459,-165.3843,-169.9973,-173.0590,-177.3175,-181.3719,-185.2665,-190.0201,-192.5301,-198.0047,-202.9487,-206.8354,-213.2681,-218.2122,-223.1659,-226.1766,-230.0320,-233.8652,-244.5122
71,0.6000,DynamicV1Rebalance,6.0000,2885.7386,173.1443,survival,1.0000,1.0000,1.0000,1.0000,1.0000,1.0000,0.9985,0.9970,0.9870,0.9720,0.9525,0.9275,0.9000,0.8560,0.8220,0.7860,0.7540,0.7205,0.6840,0.6565,0.6285,0.6285,0.6285,0.6285,0.6285,0.6285,0.6285,0.6285,0.6285,0.6285,0.6285,0.6285,0.6285,0.6285,0.6285,0.6285,0.6285,0.6285,0.6285,0.6285,0.6285,0.6285,0.6285,0.6285,0.6285
71,0.6000,DynamicV1Rebalance,6.0000,2885.7386,173.1443,spend25p,173.3478,172.1553,170.8478,169.0673,167.4331,165.9494,163.6629,161.7595,158.6380,155.2331,132.1876,127.6033,121.8226,111.5304,103.5485,89.7326,63.1647,0.0000,0.0000,0.0000,0.0000,-221.0019,-231.1452,-241.2251,-251.6388,-261.6131,-272.4317,-283.4985,-295.0269,-308.2433,-320.4878,-332.5555,-348.4531,-365.0876,-383.0889,-399.0951,-416.6679,-433.4846,-450.4044,-465.4282,-484.4409,-504.1081,-522.0024,-540.1840,-561.3614
71,0.6000,DynamicV1Rebalance,6.0000,2885.7386,173.1443,spend50p,174.5413,175.8690,177.3199,178.3253,179.8322,181.1770,182.8288,184.3579,185.2268,186.1305,161.3911,160.0955,157.1376,151.3722,147.0139,142.1537,137.3047,130.9858,123.2924,116.9750,109.4685,-177.7913,-184.6170,-190.4543,-196.1939,-202.5983,-209.3407,-215.7392,-222.2145,-229.5613,-237.7232,-244.6733,-253.1340,-260.5603,-268.2987,-277.8937,-287.3231,-296.9306,-308.5629,-319.0056,-327.0127,-337.5831,-350.4393,-359.5714,-371.1865
71,0.6000,DynamicV1Rebalance,6.0000,2885.7386,173.1443,spend75p,175.7671,179.5603,183.9811,188.5743,193.4077,198.2602,203.8803,208.4506,212.9672,216.7703,191.1708,193.1296,193.2929,191.8948,191.5828,189.9988,186.6962,184.7624,181.3690,176.9382,173.0467,0.0000,0.0000,0.0000,0.0000,0.0000,0.0000,0.0000,0.0000,0.0000,0.0000,0.0000,0.0000,0.0000,0.0000,0.0000,0.0000,0.0000,0.0000,0.0000,0.0000,0.0000,0.0000,0.0000,0.0000
71,0.6000,DynamicV1Rebalance,7.0000,2473.4902,173.1443,survival,1.0000,1.0000,1.0000,1.0000,1.0000,0.9990,0.9965,0.9850,0.9680,0.9335,0.8990,0.8555,0.8040,0.7555,0.7155,0.6605,0.6200,0.5885,0.5550,0.5290,0.5000,0.4985,0.4985,0.4985,0.4985,0.4985,0.4985,0.4985,0.4985,0.4985,0.4985,0.4985,0.4985,0.4985,0.4985,0.4985,0.4985,0.4985,0.4985,0.4985,0.4985,0.4985,0.4985,0.4985,0.4985
71,0.6000,DynamicV1Rebalance,7.0000,2473.4902,173.1443,spend25p,173.3478,172.1553,170.8478,169.0673,167.4331,165.8395,163.4968,160.4580,156.3547,150.6472,125.1408,116.3357,103.7428,73.2408,0.0000,0.0000,0.0000,0.0000,0.0000,0.0000,0.0000,-204.6479,-213.0502,-221.3990,-230.8553,-239.8928,-250.1163,-259.7845,-269.5671,-281.1285,-290.6203,-302.4251,-316.7874,-330.4745,-343.1374,-357.7971,-372.5756,-386.1628,-403.0063,-416.1896,-431.1579,-447.4530,-464.5222,-483.2192,-501.1961
71,0.6000,DynamicV1Rebalance,7.0000,2473.4902,173.1443,spend50p,174.5413,175.8690,177.3199,178.3253,179.8322,181.1309,182.8075,183.8417,184.2706,183.2716,156.1860,152.1847,145.8999,139.7622,132.1139,123.4643,112.9194,103.8481,92.2714,77.9093,11.2930,0.0000,0.0000,0.0000,0.0000,0.0000,0.0000,0.0000,0.0000,0.0000,0.0000,0.0000,0.0000,0.0000,0.0000,0.0000,0.0000,0.0000,0.0000,0.0000,0.0000,0.0000,0.0000,0.0000,0.0000
71,0.6000,DynamicV1Rebalance,7.0000,2473.4902,173.1443,spend75p,175.7671,179.5603,183.9811,188.5743,193.4077,198.0899,203.8706,207.5618,211.1896,214.0864,187.4297,187.2325,185.0383,182.6198,179.2655,173.8586,170.2622,165.1343,159.0527,153.5378,147.9282,0.0000,0.0000,0.0000,0.0000,0.0000,0.0000,0.0000,0.0000,0.0000,0.0000,0.0000,0.0000,0.0000,0.0000,0.0000,0.0000,0.0000,0.0000,0.0000,0.0000,0.0000,0.0000,0.0000,0.0000
71,0.6000,DynamicV1Rebalance,8.0000,2164.3039,173.1443,survival,1.0000,1.0000,1.0000,1.0000,1.0000,0.9980,0.9870,0.9705,0.9285,0.8795,0.8165,0.7520,0.6985,0.6325,0.5860,0.5485,0.5095,0.4710,0.4405,0.4085,0.3815,0.3800,0.3800,0.3800,0.3800,0.3800,0.3800,0.3800,0.3800,0.3800,0.3800,0.3800,0.3800,0.3800,0.3800,0.3800,0.3800,0.3800,0.3800,0.3800,0.3800,0.3800,0.3800,0.3800,0.3800
71,0.6000,DynamicV1Rebalance,8.0000,2164.3039,173.1443,spend25p,173.3478,172.1553,170.8478,169.0673,167.4331,165.6068,162.5221,158.9138,152.0794,143.6369,112.6171,76.5766,0.0000,0.0000,0.0000,0.0000,0.0000,0.0000,0.0000,0.0000,0.0000,-185.9257,-192.8333,-199.5931,-207.6627,-214.8323,-222.6029,-231.4848,-239.5901,-248.6957,-260.5003,-269.4858,-279.2130,-289.8850,-300.8601,-313.8317,-324.7729,-335.9103,-346.2643,-358.1129,-370.5864,-382.7659,-395.0976,-407.7581,-422.7643
71,0.6000,DynamicV1Rebalance,8.0000,2164.3039,173.1443,spend50p,174.5413,175.8690,177.3199,178.3253,179.8322,181.0821,182.2411,183.3068,181.3099,178.1940,148.9471,140.8463,132.1964,121.2996,108.3319,97.0241,70.2524,0.0000,0.0000,0.0000,0.0000,0.0000,0.0000,0.0000,0.0000,0.0000,0.0000,0.0000,0.0000,0.0000,0.0000,0.0000,0.0000,0.0000,0.0000,0.0000,0.0000,0.0000,0.0000,0.0000,0.0000,0.0000,0.0000,0.0000,0.0000
71,0.6000,DynamicV1Rebalance,8.0000,2164.3039,173.1443,spend75p,175.7671,179.5603,183.9811,188.5743,193.4077,198.0023,202.9744,206.2920,209.3518,209.9732,180.2296,177.4457,175.2806,169.4365,165.4406,159.6732,152.9792,145.8106,138.9441,130.7119,124.1446,0.0000,0.0000,0.0000,0.0000,0.0000,0.0000,0.0000,0.0000,0.0000,0.0000,0.0000,0.0000,0.0000,0.0000,0.0000,0.0000,0.0000,0.0000,0.0000,0.0000,0.0000,0.0000,0.0000,0.0000
71,0.6000,DynamicV1Rebalance,9.0000,1923.8257,173.1443,survival,1.0000,1.0000,1.0000,1.0000,0.9990,0.9940,0.9750,0.9345,0.8760,0.7850,0.7095,0.6420,0.5805,0.5260,0.4775,0.4305,0.3830,0.3470,0.3140,0.2850,0.2675,0.2665,0.2665,0.2665,0.2665,0.2665,0.2665,0.2665,0.2665,0.2665,0.2665,0.2665,0.2665,0.2665,0.2665,0.2665,0.2665,0.2665,0.2665,0.2665,0.2665,0.2665,0.2665,0.2665,0.2665
71,0.6000,DynamicV1Rebalance,9.0000,1923.8257,173.1443,spend25p,173.3478,172.1553,170.8478,169.0673,167.3847,165.3101,161.5655,155.1070,145.7299,124.1041,0.0000,0.0000,0.0000,0.0000,0.0000,0.0000,0.0000,0.0000,0.0000,0.0000,0.0000,-153.6994,-158.5562,-162.5686,-166.1392,-170.0706,-175.4562,-179.7486,-185.4588,-189.4735,-192.4736,-198.2794,-203.6639,-209.5078,-214.1262,-219.4821,-225.6056,-233.7859,-241.2831,-251.4908,-256.4088,-266.3361,-273.9830,-282.1127,-292.4804
71,0.6000,DynamicV1Rebalance,9.0000,1923.8257,173.1443,spend50p,174.5413,175.8690,177.3199,178.3253,179.8117,180.9263,181.6250,180.3042,177.3070,168.0201,137.0790,126.0951,111.7540,91.6043,0.0000,0.0000,0.0000,0.0000,0.0000,0.0000,0.0000,0.0000,0.0000,0.0000,0.0000,0.0000,0.0000,0.0000,0.0000,0.0000,0.0000,0.0000,0.0000,0.0000,0.0000,0.0000,0.0000,0.0000,0.0000,0.0000,0.0000,0.0000,0.0000,0.0000,0.0000
71,0.6000,DynamicV1Rebalance,9.0000,1923.8257,173.1443,spend75p,175.7671,179.5603,183.9811,188.5743,193.3556,197.9613,202.4446,204.3620,205.2506,201.6697,172.2521,167.6787,162.6005,155.6781,148.5049,139.9344,130.3666,120.2978,106.2204,89.2884,74.9639,0.0000,0.0000,0.0000,0.0000,0.0000,0.0000,0.0000,0.0000,0.0000,0.0000,0.0000,0.0000,0.0000,0.0000,0.0000,0.0000,0.0000,0.0000,0.0000,0.0000,0.0000,0.0000,0.0000,0.0000
71,0.6000,DynamicV1Rebalance,10.0000,1731.4431,173.1443,survival,1.0000,1.0000,1.0000,1.0000,0.9985,0.9845,0.9515,0.8870,0.7845,0.6830,0.6025,0.5320,0.4700,0.4050,0.3560,0.3035,0.2710,0.2405,0.2195,0.1960,0.1810,0.1800,0.1800,0.1800,0.1800,0.1800,0.1800,0.1800,0.1800,0.1800,0.1800,0.1800,0.1800,0.1800,0.1800,0.1800,0.1800,0.1800,0.1800,0.1800,0.1800,0.1800,0.1800,0.1800,0.1800
71,0.6000,DynamicV1Rebalance,10.0000,1731.4431,173.1443,spend25p,173.3478,172.1553,170.8478,169.0673,167.3705,164.5929,159.3935,150.2945,128.2521,0.0000,0.0000,0.0000,0.0000,0.0000,0.0000,0.0000,0.0000,0.0000,0.0000,0.0000,0.0000,0.0000,0.0000,0.0000,0.0000,0.0000,0.0000,0.0000,0.0000,0.0000,0.0000,0.0000,0.0000,0.0000,0.0000,0.0000,0.0000,0.0000,0.0000,0.0000,0.0000,0.0000,0.0000,0.0000,0.0000
71,0.6000,DynamicV1Rebalance,10.0000,1731.4431,173.1443,spend50p,174.5413,175.8690,177.3199,178.3253,179.7827,180.6247,180.3526,177.0076,168.9971,154.1846,120.7194,102.6287,0.0000,0.0000,0.0000,0.0000,0.0000,0.0000,0.0000,0.0000,0.0000,0.0000,0.0000,0.0000,0.0000,0.0000,0.0000,0.0000,0.0000,0.0000,0.0000,0.0000,0.0000,0.0000,0.0000,0.0000,0.0000,0.0000,0.0000,0.0000,0.0000,0.0000,0.0000,0.0000,0.0000
71,0.6000,DynamicV1Rebalance,10.0000,1731.4431,173.1443,spend75p,175.7671,179.5603,183.9811,188.5743,193.3227,197.6425,200.8513,202.1250,198.8352,192.8084,164.1567,157.7909,148.7385,137.1250,125.8773,107.5321,87.8718,0.0000,0.0000,0.0000,0.0000,0.0000,0.0000,0.0000,0.0000,0.0000,0.0000,0.0000,0.0000,0.0000,0.0000,0.0000,0.0000,0.0000,0.0000,0.0000,0.0000,0.0000,0.0000,0.0000,0.0000,0.0000,0.0000,0.0000,0.0000
71,0.8000,DynamicV1Rebalance,2.5000,8947.6968,223.6924,survival,1.0000,1.0000,1.0000,1.0000,1.0000,1.0000,1.0000,1.0000,1.0000,1.0000,1.0000,1.0000,0.9995,0.9995,0.9980,0.9975,0.9955,0.9945,0.9945,0.9940,0.9940,0.9940,0.9940,0.9940,0.9940,0.9940,0.9940,0.9940,0.9940,0.9940,0.9940,0.9940,0.9940,0.9940,0.9940,0.9940,0.9940,0.9940,0.9940,0.9940,0.9940,0.9940,0.9940,0.9940,0.9940
71,0.8000,DynamicV1Rebalance,2.5000,8947.6968,223.6924,spend25p,223.9553,222.3952,220.6815,218.3521,216.2077,214.2539,211.9057,209.4431,206.9770,204.8385,183.1177,182.6347,180.9868,178.8147,177.2984,175.7483,173.7536,172.4024,171.7355,170.3252,169.7214,-187.5194,-199.5783,-211.6707,-224.4030,-237.8832,-250.9811,-265.2953,-279.3918,-294.3877,-310.3471,-328.0145,-347.1472,-365.2019,-387.2889,-409.0881,-431.5841,-454.6357,-474.6952,-499.1075,-521.2761,-547.2079,-569.1549,-598.5020,-623.7011
71,0.8000,DynamicV1Rebalance,2.5000,8947.6968,223.6924,spend50p,225.4972,227.1927,229.0413,230.3090,232.2189,233.9139,236.0523,238.3245,240.3135,242.0758,220.7213,221.3646,224.2058,225.9174,226.5456,227.3801,227.0044,226.8459,227.1172,228.2758,231.1154,-163.6329,-172.8761,-182.4505,-191.8914,-201.5060,-211.3675,-221.9074,-232.8882,-244.0302,-255.7902,-268.1796,-281.1241,-294.5583,-310.1068,-325.6439,-341.4415,-355.6752,-369.4249,-383.2445,-399.2820,-417.0724,-434.1162,-450.8659,-467.8132
71,0.8000,DynamicV1Rebalance,2.5000,8947.6968,223.6924,spend75p,227.0809,231.9612,237.6455,243.5457,249.7490,255.9698,263.2551,269.2851,276.2530,283.0229,260.3288,266.1299,270.9620,275.9784,281.6393,286.7123,291.2697,298.3284,303.7448,309.9793,312.9688,-146.4156,-153.3595,-160.5930,-168.0778,-175.5296,-183.0089,-191.4015,-199.6367,-207.9389,-216.6598,-226.3283,-236.2849,-245.6953,-256.0415,-265.8638,-276.2920,-287.0233,-297.3207,-309.1607,-319.5379,-330.5433,-343.2705,-355.6079,-367.5160
71,0.8000,DynamicV1Rebalance,3.0000,7456.4140,223.6924,survival,1.0000,1.0000,1.0000,1.0000,1.0000,1.0000,1.0000,1.0000,1.0000,1.0000,0.9990,0.9980,0.9965,0.9955,0.9950,0.9935,0.9915,0.9875,0.9845,0.9810,0.9765,0.9765,0.9765,0.9765,0.9765,0.9765,0.9765,0.9765,0.9765,0.9765,0.9765,0.9765,0.9765,0.9765,0.9765,0.9765,0.9765,0.9765,0.9765,0.9765,0.9765,0.9765,0.9765,0.9765,0.9765
71,0.8000,DynamicV1Rebalance,3.0000,7456.4140,223.6924,spend25p,223.9553,222.3952,220.6815,218.3521,216.2077,214.2539,211.9057,209.4431,206.9770,204.8385,183.0319,182.2698,180.6190,178.4080,176.7547,174.6927,172.7396,170.8618,168.6380,167.2224,165.7655,-186.0750,-197.8311,-210.0298,-222.0271,-235.2444,-248.7865,-262.3417,-276.6051,-292.0366,-307.9523,-325.4822,-341.9870,-359.8629,-380.0429,-402.6931,-426.6399,-445.7241,-468.9160,-490.2870,-515.3004,-538.7746,-562.8200,-585.4745,-614.1881
71,0.8000,DynamicV1Rebalance,3.0000,7456.4140,223.6924,spend50p,225.4972,227.1927,229.0413,230.3090,232.2189,233.9139,236.0523,238.3245,240.3135,242.0758,220.2902,221.1234,223.7330,225.5206,226.1785,226.5318,226.2069,224.9135,225.0143,225.7380,226.2708,-162.2328,-171.2734,-180.5472,-190.3237,-199.4515,-209.8768,-219.9144,-230.6627,-241.6475,-252.8278,-265.5278,-278.1779,-291.6253,-306.0996,-322.2277,-337.2373,-350.8959,-365.6197,-378.3861,-394.3183,-411.4952,-428.2374,-443.2544,-460.6923
71,0.8000,DynamicV1Rebalance,3.0000,7456.4140,223.6924,spend75p,227.0809,231.9612,237.6455,243.5457,249.7490,255.9698,263.2551,269.2851,276.2530,283.0229,260.2795,266.0510,270.2861,275.2465,281.2416,286.1006,289.9695,295.7255,301.5412,305.6756,308.3632,-145.3254,-152.1718,-159.2392,-166.5016,-173.8361,-181.3422,-189.0577,-196.8868,-205.2579,-214.1419,-223.6553,-231.9630,-241.8706,-251.9530,-261.2519,-271.2751,-280.7156,-291.7904,-303.2408,-313.8801,-324.1535,-335.9228,-349.0675,-361.4702
71,0.8000,DynamicV1Rebalance,3.5000,6391.2120,223.6924,survival,1.0000,1.0000,1.0000,1.0000,1.0000,1.0000,1.0000,1.0000,1.0000,0.9985,0.9975,0.9955,0.9940,0.9910,0.9840,0.9760,0.9705,0.9645,0.9570,0.9475,0.9355,0.9350,0.9350,0.9350,0.9350,0.9350,0.9350,0.9350,0.9350,0.9350,0.9350,0.9350,0.9350,0.9350,0.9350,0.9350,0.9350,0.9350,0.9350,0.9350,0.9350,0.9350,0.9350,0.9350,0.9350
71,0.8000,DynamicV1Rebalance,3.5000,6391.2120,223.6924,spend25p,223.9553,222.3952,220.6815,218.3521,216.2077,214.2539,211.9057,209.4431,206.9770,204.6149,182.9246,181.9308,180.3252,177.8230,175.1568,171.8190,169.4873,166.6215,163.3615,159.5316,154.8055,-181.8967,-193.6354,-205.5580,-218.2556,-230.5293,-243.9446,-257.9273,-271.2395,-285.8280,-301.7944,-316.6372,-334.7015,-353.6140,-371.8128,-393.8236,-414.4212,-437.5334,-460.1488,-478.7417,-500.6766,-524.6431,-545.4574,-572.2596,-600.7485
71,0.8000,DynamicV1Rebalance,3.5000,6391.2120,223.6924,spend50p,225.4972,227.1927,229.0413,230.3090,232.2189,233.9139,236.0523,238.3245,240.3135,242.0343,219.9316,220.6978,223.5220,224.8219,223.0970,222.8496,222.5806,220.8185,219.5231,217.4393,215.4157,-159.6101,-168.4429,-177.5882,-186.6592,-196.0896,-205.5806,-216.0053,-226.0642,-236.2780,-246.9066,-259.2420,-272.0638,-285.6485,-299.2088,-312.9138,-327.5461,-342.6338,-355.7054,-370.1614,-385.8344,-398.2597,-416.5892,-433.1479,-447.9464
71,0.8000,DynamicV1Rebalance,3.5000,6391.2120,223.6924,spend75p,227.0809,231.9612,237.6455,243.5457,249.7490,255.9698,263.2551,269.2851,276.2530,282.9771,259.7881,265.9634,270.0389,274.0063,279.2673,282.0050,285.5205,290.5680,293.7764,296.1311,297.7357,-142.8939,-149.5709,-156.1436,-163.3310,-169.9582,-176.7878,-184.4301,-191.5290,-199.0641,-207.2362,-214.6666,-222.8945,-233.3585,-242.3265,-251.1000,-260.7379,-271.7601,-281.7358,-289.8338,-300.5711,-310.9512,-321.9788,-334.5006,-345.2326
71,0.8000,DynamicV1Rebalance,4.0000,5592.3105,223.6924,survival,1.0000,1.0000,1.0000,1.0000,1.0000,1.0000,1.0000,1.0000,0.9990,0.9980,0.9945,0.9920,0.9860,0.9750,0.9675,0.9550,0.9445,0.9265,0.9130,0.8950,0.8805,0.8800,0.8800,0.8800,0.8800,0.8800,0.8800,0.8800,0.8800,0.8800,0.8800,0.8800,0.8800,0.8800,0.8800,0.8800,0.8800,0.8800,0.8800,0.8800,0.8800,0.8800,0.8800,0.8800,0.8800
71,0.8000,DynamicV1Rebalance,4.0000,5592.3105,223.6924,spend25p,223.9553,222.3952,220.6815,218.3521,216.2077,214.2539,211.9057,209.4431,206.7670,204.4969,182.5668,181.4014,178.9418,174.7699,171.8768,167.9596,164.5516,158.4046,152.8164,147.0034,140.6299,-178.5514,-189.0296,-200.5583,-212.2608,-225.4964,-237.6106,-250.6322,-264.8561,-279.4867,-292.6418,-307.4256,-323.1970,-341.9328,-362.2747,-382.1053,-401.6806,-423.3309,-444.2986,-464.4778,-486.0188,-503.9497,-528.7213,-553.2623,-578.8242
71,0.8000,DynamicV1Rebalance,4.0000,5592.3105,223.6924,spend50p,225.4972,227.1927,229.0413,230.3090,232.2189,233.9139,236.0523,238.3245,240.2407,242.0236,219.3783,220.2680,222.2000,222.1567,220.8446,219.6154,217.7522,213.6835,209.7449,205.3696,202.4333,-155.9721,-164.4410,-172.9414,-181.7400,-190.7802,-200.9623,-210.3608,-219.6063,-229.3437,-240.1825,-250.6610,-262.8388,-275.4495,-288.3548,-302.2890,-316.2416,-330.0750,-343.9449,-358.6818,-371.0637,-385.2504,-399.3831,-413.0417,-430.4295
71,0.8000,DynamicV1Rebalance,4.0000,5592.3105,223.6924,spend75p,227.0809,231.9612,237.6455,243.5457,249.7490,255.9698,263.2551,269.2851,276.1749,282.9415,259.3322,265.3288,268.8529,272.2829,275.4238,277.0292,280.8464,281.6394,280.9672,281.4038,284.2328,-139.0986,-145.5202,-151.5198,-157.5157,-163.9478,-170.2397,-176.7125,-183.5855,-190.7341,-197.3976,-204.2764,-212.1035,-219.9093,-227.0886,-236.0307,-244.5800,-252.2125,-261.5752,-271.2112,-281.9688,-291.1812,-298.1321,-309.3863,-319.8572
71,0.8000,DynamicV1Rebalance,5.0000,4473.8484,223.6924,survival,1.0000,1.0000,1.0000,1.0000,1.0000,1.0000,1.0000,0.9985,0.9970,0.9920,0.9815,0.9670,0.9515,0.9330,0.9130,0.8775,0.8495,0.8315,0.8100,0.7775,0.7555,0.7550,0.7550,0.7550,0.7550,0.7550,0.7550,0.7550,0.7550,0.7550,0.7550,0.7550,0.7550,0.7550,0.7550,0.7550,0.7550,0.7550,0.7550,0.7550,0.7550,0.7550,0.7550,0.7550,0.7550
71,0.8000,DynamicV1Rebalance,5.0000,4473.8484,223.6924,spend25p,223.9553,222.3952,220.6815,218.3521,216.2077,214.2539,211.9057,209.1088,206.3263,203.7549,180.4811,176.8152,171.7361,166.3671,160.9192,151.1861,139.9427,132.1926,121.4252,101.5757,75.0975,-170.7994,-181.0836,-191.4291,-203.0890,-214.2709,-225.6322,-237.6111,-250.5691,-264.1744,-276.3516,-290.3426,-307.0949,-323.6221,-339.6134,-356.7496,-374.6713,-394.5384,-412.7550,-428.4068,-448.2873,-468.7245,-492.1162,-512.0235,-533.3013
71,0.8000,DynamicV1Rebalance,5.0000,4473.8484,223.6924,spend50p,225.4972,227.1927,229.0413,230.3090,232.2189,233.9139,236.0523,238.0261,240.0933,241.3550,217.8079,217.6703,217.1916,214.3341,211.4675,205.8600,200.2381,195.7542,191.6603,183.4900,178.3836,-148.9398,-156.1465,-163.6334,-171.5913,-179.5603,-187.9562,-195.9409,-204.4008,-213.6487,-223.2878,-233.2069,-243.9242,-254.1099,-264.1764,-276.2123,-287.6302,-299.6506,-311.2299,-321.6595,-333.4635,-346.3055,-361.1896,-373.6376,-386.5825
71,0.8000,DynamicV1Rebalance,5.0000,4473.8484,223.6924,spend75p,227.0809,231.9612,237.6455,243.5457,249.7490,255.9698,263.2551,269.1440,276.0671,281.8034,257.8882,261.6382,264.3589,265.4774,266.5070,265.9698,263.0940,263.9994,264.3324,259.2129,256.2168,-122.4286,-125.6831,-128.8298,-131.8775,-135.5184,-139.2122,-143.1320,-146.5252,-149.3459,-152.8130,-157.2365,-160.5181,-164.4756,-167.4081,-172.9131,-177.3709,-183.2474,-186.9067,-189.6056,-192.5134,-197.4057,-204.6567,-208.5066,-212.7602
71,0.8000,DynamicV1Rebalance,6.0000,3728.2070,223.6924,survival,1.0000,1.0000,1.0000,1.0000,1.0000,1.0000,0.9985,0.9970,0.9870,0.9720,0.9520,0.9255,0.8975,0.8510,0.8180,0.7815,0.7450,0.7090,0.6745,0.6455,0.6220,0.6200,0.6200,0.6200,0.6200,0.6200,0.6200,0.6200,0.6200,0.6200,0.6200,0.6200,0.6200,0.6200,0.6200,0.6200,0.6200,0.6200,0.6200,0.6200,0.6200,0.6200,0.6200,0.6200,0.6200
71,0.8000,DynamicV1Rebalance,6.0000,3728.2070,223.6924,spend25p,223.9553,222.3952,220.6815,218.3521,216.2077,214.2539,211.2602,208.7582,204.6819,200.2386,176.1824,169.8448,161.6067,147.4014,137.6258,116.8178,0.0000,0.0000,0.0000,0.0000,0.0000,-163.5567,-172.5633,-181.9537,-191.6754,-201.6520,-211.4899,-221.9329,-233.0508,-244.7066,-256.4986,-269.2734,-282.7215,-297.5001,-314.1178,-331.1754,-345.8388,-360.5760,-375.8571,-391.6425,-409.5416,-427.5428,-444.0387,-462.8665,-481.5012
71,0.8000,DynamicV1Rebalance,6.0000,3728.2070,223.6924,spend50p,225.4972,227.1927,229.0413,230.3090,232.2189,233.9139,236.0000,237.9225,238.9879,240.0939,215.1348,213.0163,208.7804,200.7900,195.7322,189.0670,181.7923,171.1182,162.0215,152.3393,143.5323,-139.8574,-146.4666,-153.0625,-159.3665,-165.4708,-171.9907,-179.0102,-186.5038,-193.7331,-200.4688,-207.1871,-215.1020,-223.2357,-230.9848,-239.5344,-248.2721,-259.8206,-269.1330,-277.4449,-287.3813,-296.9383,-309.5628,-318.4871,-329.8890
71,0.8000,DynamicV1Rebalance,6.0000,3728.2070,223.6924,spend75p,227.0809,231.9612,237.6455,243.5457,249.7490,255.9698,263.1739,269.0152,274.7798,279.6168,254.5328,257.0938,257.1060,255.5983,254.8797,252.6980,247.1901,243.5435,239.2234,231.9682,229.1621,0.0000,0.0000,0.0000,0.0000,0.0000,0.0000,0.0000,0.0000,0.0000,0.0000,0.0000,0.0000,0.0000,0.0000,0.0000,0.0000,0.0000,0.0000,0.0000,0.0000,0.0000,0.0000,0.0000,0.0000
71,0.8000,DynamicV1Rebalance,7.0000,3195.6060,223.6924,survival,1.0000,1.0000,1.0000,1.0000,1.0000,0.9990,0.9965,0.9850,0.9685,0.9340,0.8975,0.8530,0.8005,0.7525,0.7045,0.6520,0.6160,0.5800,0.5460,0.5150,0.4895,0.4875,0.4875,0.4875,0.4875,0.4875,0.4875,0.4875,0.4875,0.4875,0.4875,0.4875,0.4875,0.4875,0.4875,0.4875,0.4875,0.4875,0.4875,0.4875,0.4875,0.4875,0.4875,0.4875,0.4875
71,0.8000,DynamicV1Rebalance,7.0000,3195.6060,223.6924,spend25p,223.9553,222.3952,220.6815,218.3521,216.2077,214.1120,211.0458,207.0786,201.8351,194.5500,166.7788,154.7253,136.7017,92.9033,0.0000,0.0000,0.0000,0.0000,0.0000,0.0000,0.0000,-153.6845,-161.9992,-170.5249,-178.2160,-187.2540,-196.9937,-207.0081,-216.1957,-226.3049,-235.6693,-245.5986,-259.1252,-271.9481,-285.7852,-297.9469,-312.9012,-326.5161,-339.2342,-351.6250,-365.5397,-380.6227,-397.1842,-410.7873,-428.2083
71,0.8000,DynamicV1Rebalance,7.0000,3195.6060,223.6924,spend50p,225.4972,227.1927,229.0413,230.3090,232.2189,233.8545,235.9726,237.2562,237.7987,236.4622,207.9738,202.4318,193.1826,185.8146,174.7132,162.0677,149.4644,135.8664,117.4443,93.6807,0.0000,0.0000,0.0000,0.0000,0.0000,0.0000,0.0000,0.0000,0.0000,0.0000,0.0000,0.0000,0.0000,0.0000,0.0000,0.0000,0.0000,0.0000,0.0000,0.0000,0.0000,0.0000,0.0000,0.0000,0.0000
71,0.8000,DynamicV1Rebalance,7.0000,3195.6060,223.6924,spend75p,227.0809,231.9612,237.6455,243.5457,249.7490,255.7498,263.1613,267.8681,272.4863,276.2769,249.8523,249.4877,246.1911,243.3295,237.4981,230.9920,226.0504,218.6158,210.0756,201.2611,193.6305,0.0000,0.0000,0.0000,0.0000,0.0000,0.0000,0.0000,0.0000,0.0000,0.0000,0.0000,0.0000,0.0000,0.0000,0.0000,0.0000,0.0000,0.0000,0.0000,0.0000,0.0000,0.0000,0.0000,0.0000
71,0.8000,DynamicV1Rebalance,8.0000,2796.1552,223.6924,survival,1.0000,1.0000,1.0000,1.0000,1.0000,0.9980,0.9870,0.9705,0.9290,0.8805,0.8145,0.7490,0.6890,0.6275,0.5795,0.5400,0.5005,0.4615,0.4300,0.3970,0.3705,0.3675,0.3675,0.3675,0.3675,0.3675,0.3675,0.3675,0.3675,0.3675,0.3675,0.3675,0.3675,0.3675,0.3675,0.3675,0.3675,0.3675,0.3675,0.3675,0.3675,0.3675,0.3675,0.3675,0.3675
71,0.8000,DynamicV1Rebalance,8.0000,2796.1552,223.6924,spend25p,223.9553,222.3952,220.6815,218.3521,216.2077,213.8116,209.7877,205.0856,196.3104,185.3406,149.4554,0.0000,0.0000,0.0000,0.0000,0.0000,0.0000,0.0000,0.0000,0.0000,0.0000,-144.0710,-150.7554,-157.3740,-164.4512,-172.4638,-179.6338,-186.9991,-195.4140,-204.1791,-213.4702,-223.0750,-231.3773,-241.5371,-253.8917,-263.4960,-273.2723,-284.9340,-296.6388,-306.7444,-318.7450,-328.7078,-341.2956,-354.8782,-370.2905
71,0.8000,DynamicV1Rebalance,8.0000,2796.1552,223.6924,spend50p,225.4972,227.1927,229.0413,230.3090,232.2189,233.7914,235.2414,236.5660,233.9342,229.9746,197.8619,187.2767,174.5177,160.8315,142.7943,124.5458,53.7684,0.0000,0.0000,0.0000,0.0000,0.0000,0.0000,0.0000,0.0000,0.0000,0.0000,0.0000,0.0000,0.0000,0.0000,0.0000,0.0000,0.0000,0.0000,0.0000,0.0000,0.0000,0.0000,0.0000,0.0000,0.0000,0.0000,0.0000,0.0000
71,0.8000,DynamicV1Rebalance,8.0000,2796.1552,223.6924,spend75p,227.0809,231.9612,237.6455,243.5457,249.7490,255.6367,262.0044,266.2294,270.1152,271.6062,240.1896,236.4661,232.1619,225.6072,219.5390,210.2290,202.7699,192.2301,181.9974,172.1864,161.4347,0.0000,0.0000,0.0000,0.0000,0.0000,0.0000,0.0000,0.0000,0.0000,0.0000,0.0000,0.0000,0.0000,0.0000,0.0000,0.0000,0.0000,0.0000,0.0000,0.0000,0.0000,0.0000,0.0000,0.0000
71,0.8000,DynamicV1Rebalance,9.0000,2485.4713,223.6924,survival,1.0000,1.0000,1.0000,1.0000,0.9990,0.9940,0.9750,0.9350,0.8760,0.7850,0.7085,0.6395,0.5755,0.5205,0.4705,0.4215,0.3740,0.3370,0.3040,0.2795,0.2590,0.2565,0.2565,0.2565,0.2565,0.2565,0.2565,0.2565,0.2565,0.2565,0.2565,0.2565,0.2565,0.2565,0.2565,0.2565,0.2565,0.2565,0.2565,0.2565,0.2565,0.2565,0.2565,0.2565,0.2565
71,0.8000,DynamicV1Rebalance,9.0000,2485.4713,223.6924,spend25p,223.9553,222.3952,220.6815,218.3521,216.1452,213.4285,208.5529,200.2454,188.0272,160.0846,0.0000,0.0000,0.0000,0.0000,0.0000,0.0000,0.0000,0.0000,0.0000,0.0000,0.0000,-125.4604,-129.7711,-133.3277,-137.0556,-140.1498,-143.6278,-146.8552,-151.6678,-155.9475,-160.4417,-164.3173,-168.3220,-173.2542,-177.9456,-182.3475,-188.9097,-193.4035,-201.3744,-208.4709,-213.2325,-219.1628,-225.5176,-233.9679,-239.6888
71,0.8000,DynamicV1Rebalance,9.0000,2485.4713,223.6924,spend50p,225.4972,227.1927,229.0413,230.3090,232.1924,233.5903,234.4462,232.7140,228.7694,216.7328,182.6240,167.3895,148.0145,118.0157,0.0000,0.0000,0.0000,0.0000,0.0000,0.0000,0.0000,0.0000,0.0000,0.0000,0.0000,0.0000,0.0000,0.0000,0.0000,0.0000,0.0000,0.0000,0.0000,0.0000,0.0000,0.0000,0.0000,0.0000,0.0000,0.0000,0.0000,0.0000,0.0000,0.0000,0.0000
71,0.8000,DynamicV1Rebalance,9.0000,2485.4713,223.6924,spend75p,227.0809,231.9612,237.6455,243.5457,249.6818,255.5838,261.3206,263.7559,264.8236,260.1381,229.6188,223.2393,216.1540,207.2884,196.0084,184.4781,171.9868,155.8722,135.5055,115.1003,88.0937,0.0000,0.0000,0.0000,0.0000,0.0000,0.0000,0.0000,0.0000,0.0000,0.0000,0.0000,0.0000,0.0000,0.0000,0.0000,0.0000,0.0000,0.0000,0.0000,0.0000,0.0000,0.0000,0.0000,0.0000
71,0.8000,DynamicV1Rebalance,10.0000,2236.9242,223.6924,survival,1.0000,1.0000,1.0000,1.0000,0.9985,0.9845,0.9520,0.8870,0.7850,0.6835,0.6020,0.5295,0.4650,0.4000,0.3495,0.2990,0.2630,0.2340,0.2105,0.1905,0.1765,0.1755,0.1755,0.1755,0.1755,0.1755,0.1755,0.1755,0.1755,0.1755,0.1755,0.1755,0.1755,0.1755,0.1755,0.1755,0.1755,0.1755,0.1755,0.1755,0.1755,0.1755,0.1755,0.1755,0.1755
71,0.8000,DynamicV1Rebalance,10.0000,2236.9242,223.6924,spend25p,223.9553,222.3952,220.6815,218.3521,216.1269,212.5026,205.7767,193.9621,165.5368,0.0000,0.0000,0.0000,0.0000,0.0000,0.0000,0.0000,0.0000,0.0000,0.0000,0.0000,0.0000,0.0000,0.0000,0.0000,0.0000,0.0000,0.0000,0.0000,0.0000,0.0000,0.0000,0.0000,0.0000,0.0000,0.0000,0.0000,0.0000,0.0000,0.0000,0.0000,0.0000,0.0000,0.0000,0.0000,0.0000
71,0.8000,DynamicV1Rebalance,10.0000,2236.9242,223.6924,spend50p,225.4972,227.1927,229.0413,230.3090,232.1549,233.2009,232.8283,228.4365,218.0476,199.0994,160.8355,135.7299,0.0000,0.0000,0.0000,0.0000,0.0000,0.0000,0.0000,0.0000,0.0000,0.0000,0.0000,0.0000,0.0000,0.0000,0.0000,0.0000,0.0000,0.0000,0.0000,0.0000,0.0000,0.0000,0.0000,0.0000,0.0000,0.0000,0.0000,0.0000,0.0000,0.0000,0.0000,0.0000,0.0000
71,0.8000,DynamicV1Rebalance,10.0000,2236.9242,223.6924,spend75p,227.0809,231.9612,237.6455,243.5457,249.6392,255.1721,259.2998,260.8517,256.5462,248.9254,218.7639,209.2062,197.2522,182.1529,166.3352,140.6296,102.5845,0.0000,0.0000,0.0000,0.0000,0.0000,0.0000,0.0000,0.0000,0.0000,0.0000,0.0000,0.0000,0.0000,0.0000,0.0000,0.0000,0.0000,0.0000,0.0000,0.0000,0.0000,0.0000,0.0000,0.0000,0.0000,0.0000,0.0000,0.0000
71,1.0000,DynamicV1Rebalance,2.5000,10969.6210,274.2405,survival,1.0000,1.0000,1.0000,1.0000,1.0000,1.0000,1.0000,1.0000,1.0000,1.0000,1.0000,1.0000,0.9995,0.9995,0.9980,0.9970,0.9955,0.9945,0.9945,0.9940,0.9935,0.9935,0.9935,0.9935,0.9935,0.9935,0.9935,0.9935,0.9935,0.9935,0.9935,0.9935,0.9935,0.9935,0.9935,0.9935,0.9935,0.9935,0.9935,0.9935,0.9935,0.9935,0.9935,0.9935,0.9935
71,1.0000,DynamicV1Rebalance,2.5000,10969.6210,274.2405,spend25p,274.5629,272.6351,270.5151,267.6370,264.9824,262.5584,259.6484,256.5959,253.5372,250.8779,228.8971,228.2934,226.2335,223.5184,221.6230,219.6609,217.1920,215.5030,214.6694,212.9065,212.0273,-112.6388,-122.5947,-133.2651,-143.9360,-155.4323,-167.3492,-180.1618,-193.4252,-207.3433,-222.0425,-237.1337,-254.2187,-270.1820,-288.7626,-309.2014,-329.1732,-350.2203,-369.5506,-389.2469,-410.0014,-432.9899,-453.3850,-476.2223,-502.3149
71,1.0000,DynamicV1Rebalance,2.5000,10969.6210,274.2405,spend50p,276.4531,278.5163,280.7628,282.2927,284.6055,286.6508,289.2353,291.9796,294.3729,296.4845,275.9016,276.7057,280.2573,282.3967,283.1820,284.0546,283.7555,283.5574,283.8965,285.3447,288.6956,-105.5606,-114.2243,-122.9198,-132.0993,-141.7041,-151.0657,-161.1553,-171.1300,-181.6318,-192.6296,-204.2359,-216.6241,-229.8890,-244.3615,-257.9718,-272.3696,-286.1186,-300.7362,-314.1681,-328.1550,-344.4068,-360.4735,-375.5202,-392.5611
71,1.0000,DynamicV1Rebalance,2.5000,10969.6210,274.2405,spend75p,278.3947,284.3620,291.3099,298.5171,306.0903,313.6793,322.5669,329.9105,338.3970,346.6349,325.4110,332.6624,338.7024,344.9730,352.0491,357.9776,364.0871,372.9105,379.6810,387.4741,391.0889,-99.6234,-107.5742,-115.5370,-123.1704,-131.1764,-139.0389,-147.3042,-155.5190,-164.3046,-172.9726,-182.1173,-191.0453,-201.3339,-211.4713,-221.1037,-231.7134,-242.5261,-252.0995,-262.9123,-272.9058,-284.4853,-294.7504,-307.3953,-320.4144
71,1.0000,DynamicV1Rebalance,3.0000,9141.3508,274.2405,survival,1.0000,1.0000,1.0000,1.0000,1.0000,1.0000,1.0000,1.0000,1.0000,1.0000,0.9990,0.9980,0.9965,0.9955,0.9950,0.9935,0.9910,0.9860,0.9835,0.9805,0.9745,0.9745,0.9745,0.9745,0.9745,0.9745,0.9745,0.9745,0.9745,0.9745,0.9745,0.9745,0.9745,0.9745,0.9745,0.9745,0.9745,0.9745,0.9745,0.9745,0.9745,0.9745,0.9745,0.9745,0.9745
71,1.0000,DynamicV1Rebalance,3.0000,9141.3508,274.2405,spend25p,274.5629,272.6351,270.5151,267.6370,264.9824,262.5584,259.6484,256.5959,253.5372,250.8779,228.7899,227.8373,225.7738,223.0100,220.9434,218.3659,215.8642,213.3738,210.7010,208.9067,206.6655,-112.4233,-122.2226,-132.8628,-143.5621,-154.5108,-166.7682,-178.6849,-191.9626,-205.5355,-219.6856,-235.1563,-251.7121,-267.9812,-285.6791,-303.7226,-325.2343,-345.3160,-365.4701,-383.8711,-405.4250,-425.7411,-447.8225,-470.0659,-495.3567
71,1.0000,DynamicV1Rebalance,3.0000,9141.3508,274.2405,spend50p,276.4531,278.5163,280.7628,282.2927,284.6055,286.6508,289.2353,291.9796,294.3729,296.4845,275.3628,276.4043,279.6663,281.9008,282.7231,283.1648,282.7587,280.9181,281.0153,282.1163,282.7289,-105.3291,-114.0200,-122.4594,-131.5307,-140.9243,-150.4045,-160.2232,-170.4470,-180.8350,-191.6210,-202.8863,-215.1494,-228.5120,-241.7760,-256.4894,-269.5399,-283.7090,-297.6101,-310.5680,-325.1564,-341.0688,-356.6521,-372.1846,-387.9291
71,1.0000,DynamicV1Rebalance,3.0000,9141.3508,274.2405,spend75p,278.3947,284.3620,291.3099,298.5171,306.0903,313.6793,322.5669,329.9105,338.3970,346.6349,325.3494,332.5637,337.8576,344.0581,351.5520,357.6258,362.4618,369.5682,376.6904,381.8455,384.8342,-99.3560,-107.0423,-114.8949,-122.6993,-130.5963,-138.1423,-146.2061,-154.2230,-162.8415,-170.7643,-179.8907,-188.9507,-198.6142,-208.9833,-218.7584,-228.8412,-239.5630,-249.3769,-258.8772,-268.6185,-279.3926,-290.9534,-301.7500,-313.5946
71,1.0000,DynamicV1Rebalance,3.5000,7835.4435,274.2405,survival,1.0000,1.0000,1.0000,1.0000,1.0000,1.0000,1.0000,1.0000,1.0000,0.9985,0.9975,0.9955,0.9940,0.9900,0.9840,0.9760,0.9695,0.9635,0.9560,0.9430,0.9330,0.9330,0.9330,0.9330,0.9330,0.9330,0.9330,0.9330,0.9330,0.9330,0.9330,0.9330,0.9330,0.9330,0.9330,0.9330,0.9330,0.9330,0.9330,0.9330,0.9330,0.9330,0.9330,0.9330,0.9330
71,1.0000,DynamicV1Rebalance,3.5000,7835.4435,274.2405,spend25p,274.5629,272.6351,270.5151,267.6370,264.9824,262.5584,259.6484,256.5959,253.5372,250.6040,228.6557,227.4135,225.4065,222.2130,218.9460,214.7738,211.6282,207.9002,203.9847,198.5293,192.9134,-111.8636,-121.6321,-132.0523,-142.5920,-153.5247,-164.9868,-176.7663,-189.3018,-202.3335,-216.0744,-231.3546,-247.4968,-264.6314,-281.8329,-299.2813,-319.0812,-337.9521,-356.9445,-376.2447,-396.5150,-416.3889,-437.6027,-461.0772,-483.2478
71,1.0000,DynamicV1Rebalance,3.5000,7835.4435,274.2405,spend50p,276.4531,278.5163,280.7628,282.2927,284.6055,286.6508,289.2353,291.9796,294.3729,296.4337,274.9145,275.8723,279.4025,280.8340,278.8713,278.5621,277.8635,276.0232,274.2247,269.6967,268.4345,-104.7650,-113.3262,-121.5114,-130.5566,-139.8216,-148.8800,-158.1785,-167.8926,-178.5525,-188.8732,-199.8000,-211.6027,-224.0689,-237.5177,-251.2271,-264.1066,-278.8204,-291.2382,-305.0396,-318.6845,-333.2393,-347.3573,-362.9975,-378.6633
71,1.0000,DynamicV1Rebalance,3.5000,7835.4435,274.2405,spend75p,278.3947,284.3620,291.3099,298.5171,306.0903,313.6793,322.5669,329.9105,338.3970,346.5788,324.7352,332.4543,337.5486,342.2573,349.0841,352.5063,356.5232,363.2100,366.0246,367.2299,371.3404,-98.2819,-106.2706,-113.7684,-121.4877,-128.9396,-136.5201,-143.8203,-151.6222,-159.1663,-167.0319,-175.1636,-183.9632,-193.3703,-202.1429,-211.3565,-221.0031,-229.7867,-240.9092,-249.9268,-259.6291,-269.4305,-279.8019,-290.0744,-301.1332
71,1.0000,DynamicV1Rebalance,4.0000,6856.0131,274.2405,survival,1.0000,1.0000,1.0000,1.0000,1.0000,1.0000,1.0000,1.0000,0.9990,0.9980,0.9945,0.9920,0.9845,0.9740,0.9665,0.9545,0.9415,0.9250,0.9100,0.8930,0.8785,0.8780,0.8780,0.8780,0.8780,0.8780,0.8780,0.8780,0.8780,0.8780,0.8780,0.8780,0.8780,0.8780,0.8780,0.8780,0.8780,0.8780,0.8780,0.8780,0.8780,0.8780,0.8780,0.8780,0.8780
71,1.0000,DynamicV1Rebalance,4.0000,6856.0131,274.2405,spend25p,274.5629,272.6351,270.5151,267.6370,264.9824,262.5584,259.6484,256.5959,253.2799,250.4595,228.2085,226.7518,223.3767,218.3696,214.5303,209.8049,205.0148,197.8557,190.3115,183.3591,175.3182,-111.2174,-120.6136,-130.8399,-140.9958,-151.8910,-162.6494,-174.1899,-186.3932,-198.6002,-211.5618,-226.1778,-241.3521,-257.7138,-275.1511,-292.8540,-310.9405,-330.2217,-350.2859,-367.1859,-384.8974,-403.8086,-425.0451,-446.2839,-469.7339
71,1.0000,DynamicV1Rebalance,4.0000,6856.0131,274.2405,spend50p,276.4531,278.5163,280.7628,282.2927,284.6055,286.6508,289.2353,291.9796,294.2837,296.4207,274.2229,275.3350,277.0881,277.5619,275.7632,274.4174,271.1816,266.9092,261.3026,256.4419,252.5458,-104.0124,-112.1014,-120.3482,-128.9315,-137.6597,-146.7193,-155.9332,-165.1040,-174.5437,-184.6809,-195.3499,-207.5927,-219.2308,-230.4041,-242.8735,-256.5953,-270.2528,-282.2262,-294.3977,-308.7061,-322.4713,-335.4097,-351.0186,-365.5668
71,1.0000,DynamicV1Rebalance,4.0000,6856.0131,274.2405,spend75p,278.3947,284.3620,291.3099,298.5171,306.0903,313.6793,322.5669,329.9105,338.3014,346.5353,324.1653,331.6610,335.4677,339.8207,343.4883,346.0634,350.3824,351.8917,350.1780,351.7416,353.8103,-96.7529,-104.3670,-112.1574,-119.3023,-126.2677,-133.3143,-140.5817,-147.2372,-154.4299,-161.5235,-168.6915,-176.3926,-184.9938,-193.0960,-201.9698,-210.7151,-219.4641,-228.7829,-236.9225,-246.0878,-254.5910,-262.5613,-273.1488,-283.8080
71,1.0000,DynamicV1Rebalance,5.0000,5484.8105,274.2405,survival,1.0000,1.0000,1.0000,1.0000,1.0000,1.0000,1.0000,0.9985,0.9970,0.9920,0.9815,0.9665,0.9505,0.9325,0.9100,0.8770,0.8480,0.8285,0.8035,0.7730,0.7510,0.7485,0.7485,0.7485,0.7485,0.7485,0.7485,0.7485,0.7485,0.7485,0.7485,0.7485,0.7485,0.7485,0.7485,0.7485,0.7485,0.7485,0.7485,0.7485,0.7485,0.7485,0.7485,0.7485,0.7485
71,1.0000,DynamicV1Rebalance,5.0000,5484.8105,274.2405,spend25p,274.5629,272.6351,270.5151,267.6370,264.9824,262.5584,259.6484,256.1864,252.7401,249.5507,225.6013,220.7501,214.4191,207.8223,200.8156,188.7933,174.3203,163.9747,147.0290,123.8213,82.8548,-109.7301,-118.6916,-127.9942,-137.4617,-147.5875,-157.9046,-168.6723,-179.7077,-191.8249,-203.9081,-217.3300,-231.3209,-246.4298,-263.3754,-279.1282,-296.8155,-313.9667,-330.2402,-347.2934,-363.5404,-383.2950,-402.5892,-419.5208,-437.5807
71,1.0000,DynamicV1Rebalance,5.0000,5484.8105,274.2405,spend50p,276.4531,278.5163,280.7628,282.2927,284.6055,286.6508,289.2353,291.6139,294.1031,295.6018,272.2599,272.0579,270.9206,267.8143,264.0783,256.9264,249.2138,244.0397,237.8158,229.0189,222.2856,-101.8954,-109.7217,-117.2644,-125.0964,-132.7831,-140.9330,-149.3306,-158.2094,-167.7881,-176.0648,-185.5518,-195.7018,-205.8502,-216.6198,-227.4446,-238.0514,-249.7939,-260.2764,-271.4746,-282.6048,-295.3240,-307.9381,-320.9999,-333.2184
71,1.0000,DynamicV1Rebalance,5.0000,5484.8105,274.2405,spend75p,278.3947,284.3620,291.3099,298.5171,306.0903,313.6793,322.5669,329.7376,338.1694,345.1414,322.3602,326.9884,330.3499,331.8468,332.6556,332.3391,328.8483,328.3955,328.4490,323.5835,319.7587,0.0000,0.0000,0.0000,0.0000,0.0000,0.0000,0.0000,0.0000,0.0000,0.0000,0.0000,0.0000,0.0000,0.0000,0.0000,0.0000,0.0000,0.0000,0.0000,0.0000,0.0000,0.0000,0.0000,0.0000
71,1.0000,DynamicV1Rebalance,6.0000,4570.6754,274.2405,survival,1.0000,1.0000,1.0000,1.0000,1.0000,1.0000,0.9985,0.9970,0.9870,0.9720,0.9520,0.9245,0.8945,0.8485,0.8155,0.7765,0.7400,0.7055,0.6680,0.6410,0.6145,0.6095,0.6095,0.6095,0.6095,0.6095,0.6095,0.6095,0.6095,0.6095,0.6095,0.6095,0.6095,0.6095,0.6095,0.6095,0.6095,0.6095,0.6095,0.6095,0.6095,0.6095,0.6095,0.6095,0.6095
71,1.0000,DynamicV1Rebalance,6.0000,4570.6754,274.2405,spend25p,274.5629,272.6351,270.5151,267.6370,264.9824,262.5584,258.8575,255.7569,250.7258,245.2441,220.2280,212.0745,201.7206,183.4637,168.7672,141.4834,0.0000,0.0000,0.0000,0.0000,0.0000,-107.7589,-115.7888,-124.7918,-133.4329,-142.8611,-152.4756,-162.0459,-172.3098,-182.6195,-193.7622,-205.3854,-218.6738,-232.6300,-248.1625,-262.9460,-276.4762,-291.8769,-306.0682,-320.4284,-336.0245,-350.5196,-367.4213,-383.8944,-401.9133
71,1.0000,DynamicV1Rebalance,6.0000,4570.6754,274.2405,spend50p,276.4531,278.5163,280.7628,282.2927,284.6055,286.6508,289.1712,291.4871,292.7491,294.0572,268.9185,265.6298,260.3158,250.6078,243.6236,235.0549,225.7917,213.2080,201.2222,189.6247,175.7794,-98.1590,-105.7410,-112.8306,-119.9309,-126.9108,-133.8902,-141.2163,-147.8539,-155.1853,-162.0352,-169.2648,-177.2920,-185.7689,-194.6331,-203.0167,-212.0949,-221.4195,-230.3148,-239.2469,-248.9472,-257.3369,-266.5077,-276.7597,-288.5638
71,1.0000,DynamicV1Rebalance,6.0000,4570.6754,274.2405,spend75p,278.3947,284.3620,291.3099,298.5171,306.0903,313.6793,322.4674,329.5799,336.5925,342.4632,318.1660,321.2178,321.0496,318.9354,318.3531,315.0390,308.0454,303.8617,297.3025,289.2572,285.7728,0.0000,0.0000,0.0000,0.0000,0.0000,0.0000,0.0000,0.0000,0.0000,0.0000,0.0000,0.0000,0.0000,0.0000,0.0000,0.0000,0.0000,0.0000,0.0000,0.0000,0.0000,0.0000,0.0000,0.0000
71,1.0000,DynamicV1Rebalance,7.0000,3917.7218,274.2405,survival,1.0000,1.0000,1.0000,1.0000,1.0000,0.9990,0.9965,0.9850,0.9685,0.9340,0.8965,0.8505,0.7975,0.7520,0.7005,0.6450,0.6110,0.5770,0.5415,0.5095,0.4845,0.4835,0.4835,0.4835,0.4835,0.4835,0.4835,0.4835,0.4835,0.4835,0.4835,0.4835,0.4835,0.4835,0.4835,0.4835,0.4835,0.4835,0.4835,0.4835,0.4835,0.4835,0.4835,0.4835,0.4835
71,1.0000,DynamicV1Rebalance,7.0000,3917.7218,274.2405,spend25p,274.5629,272.6351,270.5151,267.6370,264.9824,262.3845,258.5948,253.6991,247.2386,238.2769,208.1478,192.1529,169.0222,114.2581,0.0000,0.0000,0.0000,0.0000,0.0000,0.0000,0.0000,-105.0063,-113.1667,-120.8234,-129.1564,-137.2250,-146.0011,-155.4250,-164.0544,-173.6225,-183.5486,-194.3482,-205.3688,-216.9090,-228.8664,-240.4861,-255.8806,-268.4896,-280.5874,-293.5161,-306.1952,-321.4020,-335.4565,-351.0007,-365.8524
71,1.0000,DynamicV1Rebalance,7.0000,3917.7218,274.2405,spend50p,276.4531,278.5163,280.7628,282.2927,284.6055,286.5780,289.1376,290.6708,291.2923,289.6093,259.8565,252.6667,241.3255,232.0974,217.0979,200.1240,185.6592,167.9608,144.1555,103.9430,0.0000,0.0000,0.0000,0.0000,0.0000,0.0000,0.0000,0.0000,0.0000,0.0000,0.0000,0.0000,0.0000,0.0000,0.0000,0.0000,0.0000,0.0000,0.0000,0.0000,0.0000,0.0000,0.0000,0.0000,0.0000
71,1.0000,DynamicV1Rebalance,7.0000,3917.7218,274.2405,spend75p,278.3947,284.3620,291.3099,298.5171,306.0903,313.4097,322.4520,328.1745,333.7830,338.3727,312.3154,311.2900,306.8737,304.0469,296.6102,287.0661,281.0060,272.3411,261.9462,250.2873,240.7850,0.0000,0.0000,0.0000,0.0000,0.0000,0.0000,0.0000,0.0000,0.0000,0.0000,0.0000,0.0000,0.0000,0.0000,0.0000,0.0000,0.0000,0.0000,0.0000,0.0000,0.0000,0.0000,0.0000,0.0000
71,1.0000,DynamicV1Rebalance,8.0000,3428.0066,274.2405,survival,1.0000,1.0000,1.0000,1.0000,1.0000,0.9980,0.9870,0.9705,0.9290,0.8805,0.8130,0.7470,0.6850,0.6230,0.5760,0.5370,0.4960,0.4535,0.4210,0.3905,0.3635,0.3605,0.3605,0.3605,0.3605,0.3605,0.3605,0.3605,0.3605,0.3605,0.3605,0.3605,0.3605,0.3605,0.3605,0.3605,0.3605,0.3605,0.3605,0.3605,0.3605,0.3605,0.3605,0.3605,0.3605
71,1.0000,DynamicV1Rebalance,8.0000,3428.0066,274.2405,spend25p,274.5629,272.6351,270.5151,267.6370,264.9824,262.0163,257.0532,251.2575,240.4711,226.9976,185.9529,0.0000,0.0000,0.0000,0.0000,0.0000,0.0000,0.0000,0.0000,0.0000,0.0000,-101.0544,-108.6408,-115.5799,-122.7929,-130.5219,-137.7154,-145.7125,-153.4225,-161.1630,-168.8757,-177.4651,-186.7499,-197.0920,-207.7001,-218.6350,-229.3120,-240.4058,-250.5390,-260.9583,-270.0675,-282.0606,-292.8506,-304.8474,-319.1245
71,1.0000,DynamicV1Rebalance,8.0000,3428.0066,274.2405,spend50p,276.4531,278.5163,280.7628,282.2927,284.6055,286.5007,288.2417,289.8252,286.5586,281.6635,247.1027,233.7500,217.2829,199.6270,177.8923,152.5660,0.0000,0.0000,0.0000,0.0000,0.0000,0.0000,0.0000,0.0000,0.0000,0.0000,0.0000,0.0000,0.0000,0.0000,0.0000,0.0000,0.0000,0.0000,0.0000,0.0000,0.0000,0.0000,0.0000,0.0000,0.0000,0.0000,0.0000,0.0000,0.0000
71,1.0000,DynamicV1Rebalance,8.0000,3428.0066,274.2405,spend75p,278.3947,284.3620,291.3099,298.5171,306.0903,313.2711,321.0345,326.1669,330.8785,332.6522,300.1904,295.5117,289.0111,281.6184,272.6176,262.5720,251.5277,237.1558,223.6965,211.6776,197.7537,0.0000,0.0000,0.0000,0.0000,0.0000,0.0000,0.0000,0.0000,0.0000,0.0000,0.0000,0.0000,0.0000,0.0000,0.0000,0.0000,0.0000,0.0000,0.0000,0.0000,0.0000,0.0000,0.0000,0.0000
71,1.0000,DynamicV1Rebalance,9.0000,3047.1169,274.2405,survival,1.0000,1.0000,1.0000,1.0000,0.9995,0.9940,0.9750,0.9350,0.8760,0.7855,0.7075,0.6365,0.5745,0.5150,0.4665,0.4135,0.3690,0.3295,0.2970,0.2720,0.2530,0.2515,0.2515,0.2515,0.2515,0.2515,0.2515,0.2515,0.2515,0.2515,0.2515,0.2515,0.2515,0.2515,0.2515,0.2515,0.2515,0.2515,0.2515,0.2515,0.2515,0.2515,0.2515,0.2515,0.2515
71,1.0000,DynamicV1Rebalance,9.0000,3047.1169,274.2405,spend25p,274.5629,272.6351,270.5151,267.6370,264.9304,261.5469,255.5402,245.3276,230.3246,196.1691,0.0000,0.0000,0.0000,0.0000,0.0000,0.0000,0.0000,0.0000,0.0000,0.0000,0.0000,-85.7199,-92.8410,-99.6567,-104.5228,-110.7158,-117.5505,-123.3207,-126.9750,-130.6794,-134.7473,-139.5372,-143.4344,-146.3669,-151.1090,-156.9149,-161.6395,-167.9509,-175.4212,-180.1818,-182.1020,-184.2968,-186.9938,-192.5250,-199.7257
71,1.0000,DynamicV1Rebalance,9.0000,3047.1169,274.2405,spend50p,276.4531,278.5163,280.7628,282.2927,284.5905,286.2543,287.2673,285.1059,280.2319,265.4455,228.1583,208.3549,184.7248,141.5636,0.0000,0.0000,0.0000,0.0000,0.0000,0.0000,0.0000,0.0000,0.0000,0.0000,0.0000,0.0000,0.0000,0.0000,0.0000,0.0000,0.0000,0.0000,0.0000,0.0000,0.0000,0.0000,0.0000,0.0000,0.0000,0.0000,0.0000,0.0000,0.0000,0.0000,0.0000
71,1.0000,DynamicV1Rebalance,9.0000,3047.1169,274.2405,spend75p,278.3947,284.3620,291.3099,298.5171,306.0632,313.2063,320.1966,323.1365,324.3966,318.6066,286.7085,277.9321,269.9589,256.1730,243.5798,228.9702,214.1562,188.8452,161.7277,132.0277,88.0840,0.0000,0.0000,0.0000,0.0000,0.0000,0.0000,0.0000,0.0000,0.0000,0.0000,0.0000,0.0000,0.0000,0.0000,0.0000,0.0000,0.0000,0.0000,0.0000,0.0000,0.0000,0.0000,0.0000,0.0000
71,1.0000,DynamicV1Rebalance,10.0000,2742.4052,274.2405,survival,1.0000,1.0000,1.0000,1.0000,0.9985,0.9845,0.9520,0.8880,0.7850,0.6840,0.6015,0.5295,0.4615,0.3940,0.3405,0.2940,0.2585,0.2300,0.2030,0.1885,0.1725,0.1710,0.1710,0.1710,0.1710,0.1710,0.1710,0.1710,0.1710,0.1710,0.1710,0.1710,0.1710,0.1710,0.1710,0.1710,0.1710,0.1710,0.1710,0.1710,0.1710,0.1710,0.1710,0.1710,0.1710
71,1.0000,DynamicV1Rebalance,10.0000,2742.4052,274.2405,spend25p,274.5629,272.6351,270.5151,267.6370,264.8834,260.4122,252.1386,237.7378,202.7749,0.0000,0.0000,0.0000,0.0000,0.0000,0.0000,0.0000,0.0000,0.0000,0.0000,0.0000,0.0000,0.0000,0.0000,0.0000,0.0000,0.0000,0.0000,0.0000,0.0000,0.0000,0.0000,0.0000,0.0000,0.0000,0.0000,0.0000,0.0000,0.0000,0.0000,0.0000,0.0000,0.0000,0.0000,0.0000,0.0000
71,1.0000,DynamicV1Rebalance,10.0000,2742.4052,274.2405,spend50p,276.4531,278.5163,280.7628,282.2927,284.5271,285.7770,285.2850,279.9700,267.0982,244.0647,201.0444,169.6623,0.0000,0.0000,0.0000,0.0000,0.0000,0.0000,0.0000,0.0000,0.0000,0.0000,0.0000,0.0000,0.0000,0.0000,0.0000,0.0000,0.0000,0.0000,0.0000,0.0000,0.0000,0.0000,0.0000,0.0000,0.0000,0.0000,0.0000,0.0000,0.0000,0.0000,0.0000,0.0000,0.0000
71,1.0000,DynamicV1Rebalance,10.0000,2742.4052,274.2405,spend75p,278.3947,284.3620,291.3099,298.5171,305.9558,312.7018,317.7205,319.5784,314.2571,304.9783,273.4549,261.5078,246.0344,225.7704,202.2250,170.3923,121.0963,0.0000,0.0000,0.0000,0.0000,0.0000,0.0000,0.0000,0.0000,0.0000,0.0000,0.0000,0.0000,0.0000,0.0000,0.0000,0.0000,0.0000,0.0000,0.0000,0.0000,0.0000,0.0000,0.0000,0.0000,0.0000,0.0000,0.0000,0.0000
71,1.1000,DynamicV1Rebalance,2.5000,11980.5831,299.5146,survival,1.0000,1.0000,1.0000,1.0000,1.0000,1.0000,1.0000,1.0000,1.0000,1.0000,1.0000,1.0000,0.9995,0.9995,0.9980,0.9970,0.9955,0.9945,0.9945,0.9940,0.9935,0.9935,0.9935,0.9935,0.9935,0.9935,0.9935,0.9935,0.9935,0.9935,0.9935,0.9935,0.9935,0.9935,0.9935,0.9935,0.9935,0.9935,0.9935,0.9935,0.9935,0.9935,0.9935,0.9935,0.9935
71,1.1000,DynamicV1Rebalance,2.5000,11980.5831,299.5146,spend25p,299.8666,297.7550,295.4319,292.2795,289.3697,286.7107,283.5197,280.1724,276.8172,273.8975,251.7868,251.1228,248.8569,245.8702,243.7853,241.6270,238.9111,237.0533,236.1364,234.1972,233.2301,-86.2144,-94.2100,-102.5360,-111.2378,-120.2889,-129.9725,-140.7919,-152.4754,-164.8520,-177.5282,-192.2204,-207.3838,-223.5524,-240.8886,-258.8952,-278.0363,-298.4604,-317.3640,-335.0163,-352.6482,-372.0088,-393.3052,-414.4291,-436.5954
71,1.1000,DynamicV1Rebalance,2.5000,11980.5831,299.5146,spend50p,301.9311,304.1781,306.6235,308.2845,310.7989,313.0193,315.8268,318.8071,321.4025,323.6889,303.4918,304.3763,308.2830,310.6364,311.5002,312.4600,312.1311,311.9131,312.2861,313.8792,317.5652,-76.3884,-85.0551,-93.8171,-102.4266,-111.0837,-120.2152,-129.6587,-139.3769,-149.6596,-160.2571,-171.6874,-184.2942,-197.2567,-210.6565,-223.8639,-237.5443,-252.9093,-265.2776,-278.3105,-292.7282,-307.7170,-322.9945,-337.9882,-354.1850
71,1.1000,DynamicV1Rebalance,2.5000,11980.5831,299.5146,spend75p,304.0516,310.5625,318.1421,326.0028,334.2609,342.5340,352.2229,360.2232,369.4690,378.4410,357.9521,365.9286,372.5727,379.4703,387.2540,393.7753,400.4958,410.2015,417.6491,426.2215,430.1978,-64.1816,-73.9867,-83.5536,-93.2637,-102.7836,-112.2910,-121.4768,-130.0320,-138.8331,-147.6616,-157.3894,-167.6206,-177.6676,-188.1388,-197.8698,-208.5028,-219.2299,-230.1071,-238.8303,-249.0075,-260.1733,-271.2812,-282.7672,-293.9541
71,1.1000,DynamicV1Rebalance,3.0000,9983.8192,299.5146,survival,1.0000,1.0000,1.0000,1.0000,1.0000,1.0000,1.0000,1.0000,1.0000,1.0000,0.9990,0.9980,0.9965,0.9955,0.9950,0.9935,0.9905,0.9860,0.9835,0.9800,0.9745,0.9745,0.9745,0.9745,0.9745,0.9745,0.9745,0.9745,0.9745,0.9745,0.9745,0.9745,0.9745,0.9745,0.9745,0.9745,0.9745,0.9745,0.9745,0.9745,0.9745,0.9745,0.9745,0.9745,0.9745
71,1.1000,DynamicV1Rebalance,3.0000,9983.8192,299.5146,spend25p,299.8666,297.7550,295.4319,292.2795,289.3697,286.7107,283.5197,280.1724,276.8172,273.8975,251.6689,250.6210,248.3511,245.3110,243.0377,240.2024,237.3800,234.7112,231.7711,229.5780,227.3320,-86.1500,-94.0883,-102.4864,-111.1249,-120.0861,-129.6799,-140.3621,-152.0461,-164.1911,-176.9541,-191.2100,-206.0961,-221.9195,-239.2854,-257.4925,-275.7745,-295.6153,-314.9797,-332.1849,-349.2970,-368.5540,-388.7864,-410.7696,-430.8185
71,1.1000,DynamicV1Rebalance,3.0000,9983.8192,299.5146,spend50p,301.9311,304.1781,306.6235,308.2845,310.7989,313.0193,315.8268,318.8071,321.4025,323.6889,302.8990,304.0447,307.6329,310.0909,310.9954,311.4813,310.8697,309.0099,309.1168,310.2952,311.0018,-76.2393,-84.8143,-93.6431,-102.2503,-110.8238,-119.9137,-129.3205,-138.9866,-149.1343,-159.6130,-170.6845,-183.3424,-195.7868,-208.7340,-222.1969,-235.5637,-250.7969,-263.6678,-276.7202,-289.4329,-304.9064,-320.1299,-334.4886,-350.4619
71,1.1000,DynamicV1Rebalance,3.0000,9983.8192,299.5146,spend75p,304.0516,310.5625,318.1421,326.0028,334.2609,342.5340,352.2229,360.2232,369.4690,378.4410,357.8844,365.8201,371.6433,378.4639,386.7072,393.3884,398.4052,406.5250,414.3594,419.6974,423.3176,-63.8714,-73.5186,-83.2324,-92.8476,-102.3634,-111.9264,-120.9958,-129.4967,-138.1673,-146.6948,-156.0999,-165.9256,-176.0007,-185.8093,-195.9444,-206.3206,-216.5540,-226.5029,-236.0782,-246.6003,-256.2107,-266.2330,-278.4204,-290.0731
71,1.1000,DynamicV1Rebalance,3.5000,8557.5593,299.5146,survival,1.0000,1.0000,1.0000,1.0000,1.0000,1.0000,1.0000,1.0000,1.0000,0.9985,0.9975,0.9955,0.9940,0.9900,0.9835,0.9755,0.9690,0.9630,0.9560,0.9420,0.9330,0.9325,0.9325,0.9325,0.9325,0.9325,0.9325,0.9325,0.9325,0.9325,0.9325,0.9325,0.9325,0.9325,0.9325,0.9325,0.9325,0.9325,0.9325,0.9325,0.9325,0.9325,0.9325,0.9325,0.9325
71,1.1000,DynamicV1Rebalance,3.5000,8557.5593,299.5146,spend25p,299.8666,297.7550,295.4319,292.2795,289.3697,286.7107,283.5197,280.1724,276.8172,273.5986,251.5213,250.1548,247.9471,244.4343,240.6930,236.1424,232.5038,228.6450,224.3832,218.2077,212.2047,-86.0684,-94.0221,-102.1595,-110.8833,-119.7666,-129.1455,-139.3435,-150.8885,-162.9626,-175.3361,-188.7564,-204.3416,-219.3984,-236.7112,-253.5823,-272.7173,-291.3910,-310.0034,-327.1055,-344.0156,-362.0397,-383.2101,-402.4828,-424.4634
71,1.1000,DynamicV1Rebalance,3.5000,8557.5593,299.5146,spend50p,301.9311,304.1781,306.6235,308.2845,310.7989,313.0193,315.8268,318.8071,321.4025,323.6335,302.4060,303.4595,307.3427,308.9174,306.6492,306.2153,305.4101,303.4583,301.6471,296.3082,295.2779,-75.7922,-84.3783,-93.0857,-101.7514,-110.4610,-119.2470,-128.4704,-137.9190,-147.8362,-158.0425,-168.9708,-180.6144,-193.0902,-205.6050,-218.8398,-232.0882,-245.9955,-259.0601,-271.6414,-284.5077,-298.0363,-312.6383,-327.7313,-342.9279
71,1.1000,DynamicV1Rebalance,3.5000,8557.5593,299.5146,spend75p,304.0516,310.5625,318.1421,326.0028,334.2609,342.5340,352.2229,360.2232,369.4690,378.3797,357.2087,365.6997,371.3035,376.4831,383.9925,387.7034,391.9455,398.8253,402.6270,403.4682,408.4745,-62.2852,-71.9816,-81.8802,-91.6224,-101.2232,-110.5496,-119.4772,-128.1429,-136.4257,-144.8458,-153.3390,-162.4612,-171.6643,-181.0478,-190.1726,-200.2617,-210.2861,-220.6546,-229.4173,-239.0348,-248.6649,-259.0741,-269.1371,-279.6285
71,1.1000,DynamicV1Rebalance,4.0000,7487.8644,299.5146,survival,1.0000,1.0000,1.0000,1.0000,1.0000,1.0000,1.0000,1.0000,0.9990,0.9980,0.9945,0.9920,0.9845,0.9740,0.9665,0.9545,0.9400,0.9240,0.9080,0.8920,0.8775,0.8775,0.8775,0.8775,0.8775,0.8775,0.8775,0.8775,0.8775,0.8775,0.8775,0.8775,0.8775,0.8775,0.8775,0.8775,0.8775,0.8775,0.8775,0.8775,0.8775,0.8775,0.8775,0.8775,0.8775
71,1.1000,DynamicV1Rebalance,4.0000,7487.8644,299.5146,spend25p,299.8666,297.7550,295.4319,292.2795,289.3697,286.7107,283.5197,280.1724,276.5364,273.4408,251.0294,249.4269,245.7144,240.2066,235.9834,230.7854,225.0013,217.5623,209.1048,201.4419,192.5658,-85.8460,-93.5943,-101.8257,-110.2520,-118.9573,-128.1941,-138.2241,-149.4829,-160.7327,-172.5671,-185.4761,-200.3408,-216.5351,-232.4134,-249.7057,-267.5520,-285.7716,-302.4283,-320.0036,-338.3712,-356.2301,-373.7439,-394.4242,-415.3047
71,1.1000,DynamicV1Rebalance,4.0000,7487.8644,299.5146,spend50p,301.9311,304.1781,306.6235,308.2845,310.7989,313.0193,315.8268,318.8071,321.3051,323.6193,301.6452,302.8685,304.7969,305.3181,303.3395,301.8592,298.2415,293.5862,287.2547,281.8384,277.4820,-75.0345,-83.4398,-92.3263,-100.9507,-109.4484,-118.0663,-127.3210,-136.4559,-145.9777,-155.8341,-166.0887,-177.7651,-189.4589,-201.7718,-213.7480,-226.8649,-239.8464,-252.2136,-264.0690,-276.9227,-289.8649,-303.9956,-317.7087,-332.5421
71,1.1000,DynamicV1Rebalance,4.0000,7487.8644,299.5146,spend75p,304.0516,310.5625,318.1421,326.0028,334.2609,342.5340,352.2229,360.2232,369.3647,378.3321,356.5818,364.8271,369.0145,373.8028,377.8371,380.6698,385.2116,386.9960,384.5517,386.9157,389.0212,-59.5665,-69.5943,-78.6976,-89.2179,-98.7662,-108.3003,-117.0345,-125.5642,-133.7534,-141.6519,-149.2230,-157.9264,-165.9504,-174.6839,-183.7578,-192.3410,-201.7811,-211.2004,-218.9805,-227.2820,-236.7257,-245.2085,-255.3050,-266.2205
71,1.1000,DynamicV1Rebalance,5.0000,5990.2915,299.5146,survival,1.0000,1.0000,1.0000,1.0000,1.0000,1.0000,1.0000,0.9985,0.9970,0.9920,0.9810,0.9665,0.9505,0.9320,0.9095,0.8740,0.8470,0.8265,0.8020,0.7720,0.7480,0.7475,0.7475,0.7475,0.7475,0.7475,0.7475,0.7475,0.7475,0.7475,0.7475,0.7475,0.7475,0.7475,0.7475,0.7475,0.7475,0.7475,0.7475,0.7475,0.7475,0.7475,0.7475,0.7475,0.7475
71,1.1000,DynamicV1Rebalance,5.0000,5990.2915,299.5146,spend25p,299.8666,297.7550,295.4319,292.2795,289.3697,286.7107,283.5197,279.7252,275.9470,272.4486,248.0745,242.8251,235.8610,228.5639,220.8509,206.5253,191.4836,179.3696,161.3487,135.5150,0.0000,-84.8236,-92.7617,-100.6884,-108.8640,-117.4504,-125.7938,-135.4118,-146.4193,-156.7513,-168.0457,-180.0376,-193.5783,-208.1639,-223.4251,-238.8882,-255.0032,-271.8719,-288.1093,-303.5204,-320.1919,-337.1259,-356.1320,-374.6899,-391.4307
71,1.1000,DynamicV1Rebalance,5.0000,5990.2915,299.5146,spend50p,301.9311,304.1781,306.6235,308.2845,310.7989,313.0193,315.8268,318.4079,321.1080,322.7252,299.3400,299.2637,298.0126,294.5694,290.4481,281.5183,273.9172,267.5877,261.0406,251.8693,243.0086,-72.5501,-80.9354,-89.3218,-98.1640,-106.8533,-115.4337,-124.0354,-132.6147,-141.6744,-150.7520,-160.8046,-170.8777,-181.7560,-192.2122,-203.0883,-214.2025,-225.5419,-235.9640,-245.8208,-256.8524,-268.8845,-280.8379,-293.0215,-305.4646
71,1.1000,DynamicV1Rebalance,5.0000,5990.2915,299.5146,spend75p,304.0516,310.5625,318.1421,326.0028,334.2609,342.5340,352.2229,360.0344,369.2205,376.8104,354.5261,359.6872,363.3849,365.0050,365.7688,364.9466,361.3773,360.9088,359.9304,355.9419,351.1017,0.0000,0.0000,0.0000,0.0000,0.0000,0.0000,0.0000,0.0000,0.0000,0.0000,0.0000,0.0000,0.0000,0.0000,0.0000,0.0000,0.0000,0.0000,0.0000,0.0000,0.0000,0.0000,0.0000,0.0000
71,1.1000,DynamicV1Rebalance,6.0000,4991.9096,299.5146,survival,1.0000,1.0000,1.0000,1.0000,1.0000,1.0000,0.9985,0.9970,0.9870,0.9720,0.9515,0.9240,0.8930,0.8480,0.8150,0.7755,0.7385,0.7020,0.6675,0.6385,0.6095,0.6085,0.6085,0.6085,0.6085,0.6085,0.6085,0.6085,0.6085,0.6085,0.6085,0.6085,0.6085,0.6085,0.6085,0.6085,0.6085,0.6085,0.6085,0.6085,0.6085,0.6085,0.6085,0.6085,0.6085
71,1.1000,DynamicV1Rebalance,6.0000,4991.9096,299.5146,spend25p,299.8666,297.7550,295.4319,292.2795,289.3697,286.7107,282.6562,279.2562,273.7477,267.7469,242.1212,233.1637,221.3548,201.7932,185.6166,155.1519,0.0000,0.0000,0.0000,0.0000,0.0000,-83.0050,-91.1647,-98.8335,-106.4778,-114.8860,-123.2849,-132.6103,-142.2223,-152.2339,-162.7859,-174.6414,-187.0474,-199.4033,-213.7784,-227.8343,-242.1062,-256.5358,-270.5038,-284.8031,-298.1362,-313.1900,-327.6086,-345.1821,-362.3592
71,1.1000,DynamicV1Rebalance,6.0000,4991.9096,299.5146,spend50p,301.9311,304.1781,306.6235,308.2845,310.7989,313.0193,315.7569,318.2693,319.6296,321.0389,295.8103,292.0491,286.1217,275.4187,267.7649,258.2777,246.7262,233.4061,221.2452,207.3621,191.2437,-65.0244,-74.3461,-83.4042,-92.7420,-101.8371,-110.4947,-118.9729,-127.0632,-134.9525,-142.5156,-150.1458,-158.4815,-166.5194,-175.6657,-184.9971,-193.5455,-203.1966,-212.4831,-221.3314,-230.0286,-238.7466,-248.0879,-257.7323,-269.2213
71,1.1000,DynamicV1Rebalance,6.0000,4991.9096,299.5146,spend75p,304.0516,310.5625,318.1421,326.0028,334.2609,342.5340,352.1142,359.8622,367.4988,373.8865,349.9826,353.2163,353.0391,350.3567,350.1885,346.2888,338.5941,333.2259,326.7073,317.5815,311.2681,0.0000,0.0000,0.0000,0.0000,0.0000,0.0000,0.0000,0.0000,0.0000,0.0000,0.0000,0.0000,0.0000,0.0000,0.0000,0.0000,0.0000,0.0000,0.0000,0.0000,0.0000,0.0000,0.0000,0.0000
71,1.1000,DynamicV1Rebalance,7.0000,4278.7797,299.5146,survival,1.0000,1.0000,1.0000,1.0000,1.0000,0.9990,0.9965,0.9850,0.9685,0.9340,0.8965,0.8495,0.7965,0.7505,0.6995,0.6420,0.6055,0.5715,0.5405,0.5065,0.4830,0.4810,0.4810,0.4810,0.4810,0.4810,0.4810,0.4810,0.4810,0.4810,0.4810,0.4810,0.4810,0.4810,0.4810,0.4810,0.4810,0.4810,0.4810,0.4810,0.4810,0.4810,0.4810,0.4810,0.4810
71,1.1000,DynamicV1Rebalance,7.0000,4278.7797,299.5146,spend25p,299.8666,297.7550,295.4319,292.2795,289.3697,286.5207,282.3693,277.0093,269.9404,260.1403,228.9626,210.8038,185.7430,100.5852,0.0000,0.0000,0.0000,0.0000,0.0000,0.0000,0.0000,-80.4362,-88.2911,-96.0854,-104.0385,-111.7203,-120.0806,-128.5455,-137.3836,-146.2990,-156.3859,-166.5317,-178.3587,-189.6340,-202.0423,-213.7738,-226.9232,-239.5435,-252.2408,-264.4017,-277.2158,-291.2403,-305.2064,-318.9652,-333.6378
71,1.1000,DynamicV1Rebalance,7.0000,4278.7797,299.5146,spend50p,301.9311,304.1781,306.6235,308.2845,310.7989,312.9397,315.7201,317.3781,318.0391,316.1829,285.8421,277.8097,265.1923,254.7667,238.3673,219.4083,202.2766,181.8704,157.5556,108.4274,0.0000,0.0000,0.0000,0.0000,0.0000,0.0000,0.0000,0.0000,0.0000,0.0000,0.0000,0.0000,0.0000,0.0000,0.0000,0.0000,0.0000,0.0000,0.0000,0.0000,0.0000,0.0000,0.0000,0.0000,0.0000
71,1.1000,DynamicV1Rebalance,7.0000,4278.7797,299.5146,spend75p,304.0516,310.5625,318.1421,326.0028,334.2609,342.2397,352.0973,358.3277,364.4314,369.4206,343.5469,342.3087,337.4120,334.4516,326.2713,315.5330,307.7482,297.6932,287.4118,274.3403,264.7913,0.0000,0.0000,0.0000,0.0000,0.0000,0.0000,0.0000,0.0000,0.0000,0.0000,0.0000,0.0000,0.0000,0.0000,0.0000,0.0000,0.0000,0.0000,0.0000,0.0000,0.0000,0.0000,0.0000,0.0000
71,1.1000,DynamicV1Rebalance,8.0000,3743.9322,299.5146,survival,1.0000,1.0000,1.0000,1.0000,1.0000,0.9980,0.9870,0.9705,0.9290,0.8805,0.8120,0.7465,0.6840,0.6225,0.5750,0.5365,0.4910,0.4525,0.4195,0.3880,0.3605,0.3560,0.3560,0.3560,0.3560,0.3560,0.3560,0.3560,0.3560,0.3560,0.3560,0.3560,0.3560,0.3560,0.3560,0.3560,0.3560,0.3560,0.3560,0.3560,0.3560,0.3560,0.3560,0.3560,0.3560
71,1.1000,DynamicV1Rebalance,8.0000,3743.9322,299.5146,spend25p,299.8666,297.7550,295.4319,292.2795,289.3697,286.1187,280.6860,274.3434,262.5514,247.8262,204.1918,0.0000,0.0000,0.0000,0.0000,0.0000,0.0000,0.0000,0.0000,0.0000,0.0000,-73.6169,-81.9352,-90.1988,-98.4174,-106.5850,-114.7617,-122.8896,-131.1052,-139.6062,-146.7774,-155.4920,-164.6660,-175.2505,-184.8683,-194.3445,-204.8954,-214.7099,-225.7384,-236.8153,-246.8434,-256.3748,-266.5177,-279.0260,-291.3817
71,1.1000,DynamicV1Rebalance,8.0000,3743.9322,299.5146,spend50p,301.9311,304.1781,306.6235,308.2845,310.7989,312.8553,314.7418,316.4548,312.8707,307.5079,271.0551,256.9851,238.7308,219.4114,193.7589,167.7337,0.0000,0.0000,0.0000,0.0000,0.0000,0.0000,0.0000,0.0000,0.0000,0.0000,0.0000,0.0000,0.0000,0.0000,0.0000,0.0000,0.0000,0.0000,0.0000,0.0000,0.0000,0.0000,0.0000,0.0000,0.0000,0.0000,0.0000,0.0000,0.0000
71,1.1000,DynamicV1Rebalance,8.0000,3743.9322,299.5146,spend75p,304.0516,310.5625,318.1421,326.0028,334.2609,342.0883,350.5495,356.1356,361.2602,363.1752,329.9526,325.0272,317.9122,309.7802,299.8448,288.7876,276.0911,260.0026,245.6739,232.0046,216.6925,0.0000,0.0000,0.0000,0.0000,0.0000,0.0000,0.0000,0.0000,0.0000,0.0000,0.0000,0.0000,0.0000,0.0000,0.0000,0.0000,0.0000,0.0000,0.0000,0.0000,0.0000,0.0000,0.0000,0.0000
71,1.1000,DynamicV1Rebalance,9.0000,3327.9397,299.5146,survival,1.0000,1.0000,1.0000,1.0000,0.9995,0.9940,0.9750,0.9350,0.8760,0.7855,0.7075,0.6355,0.5735,0.5135,0.4650,0.4115,0.3675,0.3275,0.2940,0.2715,0.2510,0.2490,0.2490,0.2490,0.2490,0.2490,0.2490,0.2490,0.2490,0.2490,0.2490,0.2490,0.2490,0.2490,0.2490,0.2490,0.2490,0.2490,0.2490,0.2490,0.2490,0.2490,0.2490,0.2490,0.2490
71,1.1000,DynamicV1Rebalance,9.0000,3327.9397,299.5146,spend25p,299.8666,297.7550,295.4319,292.2795,289.3129,285.6061,279.0339,267.8686,251.4733,214.1689,0.0000,0.0000,0.0000,0.0000,0.0000,0.0000,0.0000,0.0000,0.0000,0.0000,0.0000,0.0000,0.0000,0.0000,0.0000,0.0000,0.0000,0.0000,0.0000,0.0000,0.0000,0.0000,0.0000,0.0000,0.0000,0.0000,0.0000,0.0000,0.0000,0.0000,0.0000,0.0000,0.0000,0.0000,0.0000
71,1.1000,DynamicV1Rebalance,9.0000,3327.9397,299.5146,spend50p,301.9311,304.1781,306.6235,308.2845,310.7825,312.5863,313.6779,311.3019,305.9632,289.8018,250.9742,229.1207,202.7269,153.6546,0.0000,0.0000,0.0000,0.0000,0.0000,0.0000,0.0000,0.0000,0.0000,0.0000,0.0000,0.0000,0.0000,0.0000,0.0000,0.0000,0.0000,0.0000,0.0000,0.0000,0.0000,0.0000,0.0000,0.0000,0.0000,0.0000,0.0000,0.0000,0.0000,0.0000,0.0000
71,1.1000,DynamicV1Rebalance,9.0000,3327.9397,299.5146,spend75p,304.0516,310.5625,318.1421,326.0028,334.2314,342.0175,349.6346,352.8268,354.1831,347.8408,315.3794,305.4744,296.8211,281.5325,267.6628,250.7848,235.3815,204.8609,176.0576,144.7423,89.9176,0.0000,0.0000,0.0000,0.0000,0.0000,0.0000,0.0000,0.0000,0.0000,0.0000,0.0000,0.0000,0.0000,0.0000,0.0000,0.0000,0.0000,0.0000,0.0000,0.0000,0.0000,0.0000,0.0000,0.0000
71,1.1000,DynamicV1Rebalance,10.0000,2995.1458,299.5146,survival,1.0000,1.0000,1.0000,1.0000,0.9985,0.9845,0.9520,0.8880,0.7850,0.6840,0.6010,0.5295,0.4610,0.3915,0.3355,0.2920,0.2565,0.2275,0.2020,0.1865,0.1715,0.1705,0.1705,0.1705,0.1705,0.1705,0.1705,0.1705,0.1705,0.1705,0.1705,0.1705,0.1705,0.1705,0.1705,0.1705,0.1705,0.1705,0.1705,0.1705,0.1705,0.1705,0.1705,0.1705,0.1705
71,1.1000,DynamicV1Rebalance,10.0000,2995.1458,299.5146,spend25p,299.8666,297.7550,295.4319,292.2795,289.2616,284.3670,275.3195,259.5815,221.3939,0.0000,0.0000,0.0000,0.0000,0.0000,0.0000,0.0000,0.0000,0.0000,0.0000,0.0000,0.0000,0.0000,0.0000,0.0000,0.0000,0.0000,0.0000,0.0000,0.0000,0.0000,0.0000,0.0000,0.0000,0.0000,0.0000,0.0000,0.0000,0.0000,0.0000,0.0000,0.0000,0.0000,0.0000,0.0000,0.0000
71,1.1000,DynamicV1Rebalance,10.0000,2995.1458,299.5146,spend50p,301.9311,304.1781,306.6235,308.2845,310.7132,312.0651,311.5133,305.6941,291.6235,266.4593,220.8388,186.6286,0.0000,0.0000,0.0000,0.0000,0.0000,0.0000,0.0000,0.0000,0.0000,0.0000,0.0000,0.0000,0.0000,0.0000,0.0000,0.0000,0.0000,0.0000,0.0000,0.0000,0.0000,0.0000,0.0000,0.0000,0.0000,0.0000,0.0000,0.0000,0.0000,0.0000,0.0000,0.0000,0.0000
71,1.1000,DynamicV1Rebalance,10.0000,2995.1458,299.5146,spend75p,304.0516,310.5625,318.1421,326.0028,334.1141,341.4667,346.9309,348.9418,343.1126,332.9620,300.8004,287.6585,270.6378,247.6561,220.9303,186.1963,123.9663,0.0000,0.0000,0.0000,0.0000,0.0000,0.0000,0.0000,0.0000,0.0000,0.0000,0.0000,0.0000,0.0000,0.0000,0.0000,0.0000,0.0000,0.0000,0.0000,0.0000,0.0000,0.0000,0.0000,0.0000,0.0000,0.0000,0.0000,0.0000
71,1.2000,DynamicV1Rebalance,2.5000,12991.5452,324.7886,survival,1.0000,1.0000,1.0000,1.0000,1.0000,1.0000,1.0000,1.0000,1.0000,1.0000,1.0000,1.0000,0.9995,0.9990,0.9980,0.9970,0.9955,0.9945,0.9940,0.9940,0.9935,0.9935,0.9935,0.9935,0.9935,0.9935,0.9935,0.9935,0.9935,0.9935,0.9935,0.9935,0.9935,0.9935,0.9935,0.9935,0.9935,0.9935,0.9935,0.9935,0.9935,0.9935,0.9935,0.9935,0.9935
71,1.2000,DynamicV1Rebalance,2.5000,12991.5452,324.7886,spend25p,325.1704,322.8749,320.3487,316.9219,313.7571,310.8629,307.3911,303.7488,300.0973,296.9172,274.6765,273.9521,271.4802,268.1649,265.9476,263.5930,260.6303,258.6036,257.1423,255.4879,254.4328,-64.7190,-72.0565,-79.7922,-87.7960,-95.8406,-103.5711,-112.0177,-120.8745,-130.0187,-140.3390,-151.7119,-164.1575,-178.3605,-194.0449,-210.5357,-227.7922,-245.8201,-262.5465,-279.8450,-296.1943,-314.5697,-332.2192,-352.1435,-372.5818
71,1.2000,DynamicV1Rebalance,2.5000,12991.5452,324.7886,spend50p,327.4091,329.8399,332.4842,334.2764,336.9922,339.3877,342.4183,345.6346,348.4322,350.8933,331.0820,332.0468,336.3087,338.7954,339.8184,340.8655,340.5066,340.2689,340.0055,342.4137,346.4348,-47.0391,-55.3695,-64.0531,-72.8924,-81.9562,-91.1096,-100.5122,-109.7040,-118.6255,-127.8154,-138.0293,-149.3544,-161.8193,-174.6871,-187.7490,-201.9219,-216.7196,-230.5026,-243.3035,-256.0543,-270.3515,-284.8566,-299.9293,-315.5264
71,1.2000,DynamicV1Rebalance,2.5000,12991.5452,324.7886,spend75p,329.7085,336.7629,344.9743,353.4885,362.4315,371.3888,381.8788,390.5358,400.5411,410.2470,390.4932,399.1948,406.4429,413.8517,422.4589,429.5731,436.9045,447.4926,455.2474,464.9689,469.3067,-25.2459,-34.8277,-44.5014,-54.0052,-64.3655,-75.1347,-85.4410,-95.8046,-105.9804,-116.0704,-126.7862,-137.4001,-148.1654,-159.3496,-170.8244,-182.2918,-193.9160,-204.9690,-215.1440,-225.2845,-235.1075,-245.7912,-257.5472,-269.3209
71,1.2000,DynamicV1Rebalance,3.0000,10826.2876,324.7886,survival,1.0000,1.0000,1.0000,1.0000,1.0000,1.0000,1.0000,1.0000,1.0000,1.0000,0.9990,0.9980,0.9965,0.9955,0.9950,0.9930,0.9905,0.9860,0.9835,0.9800,0.9745,0.9745,0.9745,0.9745,0.9745,0.9745,0.9745,0.9745,0.9745,0.9745,0.9745,0.9745,0.9745,0.9745,0.9745,0.9745,0.9745,0.9745,0.9745,0.9745,0.9745,0.9745,0.9745,0.9745,0.9745
71,1.2000,DynamicV1Rebalance,3.0000,10826.2876,324.7886,spend25p,325.1704,322.8749,320.3487,316.9219,313.7571,310.8629,307.3911,303.7488,300.0973,296.9172,274.5478,273.4047,270.9285,267.6120,265.1321,261.8432,258.9599,256.0486,252.8412,250.4487,247.9986,-64.6518,-72.0030,-79.7074,-87.7271,-95.7147,-103.5289,-111.8638,-120.6820,-129.9025,-140.1544,-151.4192,-163.7716,-177.9525,-193.1194,-209.8837,-226.9358,-244.8812,-261.3591,-277.3216,-294.3839,-312.3661,-330.1468,-349.5197,-369.3908
71,1.2000,DynamicV1Rebalance,3.0000,10826.2876,324.7886,spend50p,327.4091,329.8399,332.4842,334.2764,336.9922,339.3877,342.4183,345.6346,348.4322,350.8933,330.4353,331.6851,335.5995,338.2809,339.2677,339.4879,339.1305,337.1017,337.2183,338.5038,339.2746,-46.6618,-55.0327,-63.7579,-72.4157,-81.6232,-90.8718,-100.2473,-109.5156,-118.3994,-127.4586,-137.6769,-148.9779,-161.2395,-173.9647,-187.0210,-200.7164,-215.0003,-229.1038,-241.5156,-254.2848,-267.8511,-282.2285,-297.6069,-312.4911
71,1.2000,DynamicV1Rebalance,3.0000,10826.2876,324.7886,spend75p,329.7085,336.7629,344.9743,353.4885,362.4315,371.3888,381.8788,390.5358,400.5411,410.2470,390.4193,399.0765,405.4291,412.8697,421.8624,429.0535,434.6239,443.4818,452.0284,457.8517,461.8010,-24.9033,-34.2888,-43.7910,-53.1021,-63.6784,-74.2193,-84.9397,-95.4285,-105.3677,-115.6132,-126.2455,-136.8860,-147.3704,-158.6271,-169.7770,-180.8339,-192.3110,-202.7234,-212.6617,-222.7569,-232.8718,-243.6917,-254.6605,-265.7206
71,1.2000,DynamicV1Rebalance,3.5000,9279.6751,324.7886,survival,1.0000,1.0000,1.0000,1.0000,1.0000,1.0000,1.0000,1.0000,1.0000,0.9985,0.9975,0.9955,0.9940,0.9895,0.9835,0.9755,0.9685,0.9625,0.9555,0.9415,0.9330,0.9325,0.9325,0.9325,0.9325,0.9325,0.9325,0.9325,0.9325,0.9325,0.9325,0.9325,0.9325,0.9325,0.9325,0.9325,0.9325,0.9325,0.9325,0.9325,0.9325,0.9325,0.9325,0.9325,0.9325
71,1.2000,DynamicV1Rebalance,3.5000,9279.6751,324.7886,spend25p,325.1704,322.8749,320.3487,316.9219,313.7571,310.8629,307.3911,303.7488,300.0973,296.5931,274.3869,272.8962,270.4878,266.5858,262.5742,257.6099,253.3749,249.3786,244.6579,237.9547,231.4961,-64.5787,-71.8394,-79.6385,-87.6165,-95.4535,-103.3047,-111.5393,-120.1744,-129.2853,-139.6498,-150.6945,-162.9570,-176.8108,-191.7535,-207.5423,-224.5026,-242.8587,-259.1736,-273.5733,-290.9764,-309.6322,-327.5574,-347.0627,-366.1466
71,1.2000,DynamicV1Rebalance,3.5000,9279.6751,324.7886,spend50p,327.4091,329.8399,332.4842,334.2764,336.9922,339.3877,342.4183,345.6346,348.4322,350.8332,329.8974,331.0467,335.2830,336.8664,334.5264,334.0530,332.8994,331.0454,328.8393,323.2453,322.1214,-45.8939,-54.3176,-63.1610,-71.8185,-80.9590,-90.3213,-99.6564,-108.7434,-117.5630,-126.7727,-136.6852,-147.8342,-159.7614,-172.2684,-184.9801,-198.7097,-211.9684,-224.7898,-237.1505,-250.1319,-263.2408,-276.7239,-291.4832,-306.7860
71,1.2000,DynamicV1Rebalance,3.5000,9279.6751,324.7886,spend75p,329.7085,336.7629,344.9743,353.4885,362.4315,371.3888,381.8788,390.5358,400.5411,410.1806,389.6822,398.9451,405.0583,410.5874,418.9009,422.9492,427.4456,435.0821,439.2295,440.1472,445.6085,-22.8892,-32.2524,-41.4752,-51.0161,-60.5980,-72.0333,-82.0948,-93.4423,-103.8182,-113.6986,-124.3490,-135.0223,-145.8598,-156.5014,-167.2160,-177.5736,-188.4335,-198.8808,-207.3344,-216.9792,-226.3792,-236.0150,-246.4725,-258.0739
71,1.2000,DynamicV1Rebalance,4.0000,8119.7157,324.7886,survival,1.0000,1.0000,1.0000,1.0000,1.0000,1.0000,1.0000,1.0000,0.9990,0.9980,0.9945,0.9920,0.9830,0.9735,0.9665,0.9545,0.9390,0.9240,0.9055,0.8910,0.8765,0.8750,0.8750,0.8750,0.8750,0.8750,0.8750,0.8750,0.8750,0.8750,0.8750,0.8750,0.8750,0.8750,0.8750,0.8750,0.8750,0.8750,0.8750,0.8750,0.8750,0.8750,0.8750,0.8750,0.8750
71,1.2000,DynamicV1Rebalance,4.0000,8119.7157,324.7886,spend25p,325.1704,322.8749,320.3487,316.9219,313.7571,310.8629,307.3911,303.7488,299.7929,296.4220,273.8503,272.1021,267.3767,261.7980,257.4364,251.7659,245.2788,237.3407,227.5833,218.7962,209.8203,-64.1842,-71.6671,-79.2690,-87.1261,-94.9957,-102.8945,-111.0584,-119.6424,-128.7002,-138.5743,-149.5571,-161.2149,-174.9414,-189.2776,-204.8074,-221.1123,-238.9313,-254.9150,-269.1252,-285.4911,-303.8074,-322.5523,-341.2487,-359.4669
71,1.2000,DynamicV1Rebalance,4.0000,8119.7157,324.7886,spend50p,327.4091,329.8399,332.4842,334.2764,336.9922,339.3877,342.4183,345.6346,348.3266,350.8178,329.0674,330.4020,332.1437,332.8620,330.9158,329.3009,325.2870,320.2758,313.0596,307.3385,302.2558,-44.6962,-53.0895,-62.1114,-70.9663,-79.7508,-89.1147,-98.4549,-107.4986,-116.3972,-125.3623,-135.2553,-146.1301,-157.5375,-169.4109,-181.9203,-194.6106,-207.7206,-219.8792,-232.2528,-244.1431,-256.4505,-269.6572,-283.4892,-298.1913
71,1.2000,DynamicV1Rebalance,4.0000,8119.7157,324.7886,spend75p,329.7085,336.7629,344.9743,353.4885,362.4315,371.3888,381.8788,390.5358,400.4279,410.1290,388.9984,397.9932,402.0730,407.5003,412.1860,415.2761,420.1148,422.1774,418.6289,422.0648,424.3868,-17.7152,-26.2622,-36.1409,-46.7214,-56.7205,-66.7971,-78.1100,-88.8149,-99.8212,-110.4486,-121.3449,-132.0603,-142.8659,-152.7787,-162.8981,-172.4466,-182.2567,-190.9345,-199.5143,-208.3414,-216.8107,-225.8882,-235.6689,-244.9770
71,1.2000,DynamicV1Rebalance,5.0000,6495.7726,324.7886,survival,1.0000,1.0000,1.0000,1.0000,1.0000,1.0000,1.0000,0.9985,0.9970,0.9920,0.9805,0.9665,0.9500,0.9315,0.9070,0.8730,0.8435,0.8250,0.8005,0.7700,0.7460,0.7435,0.7435,0.7435,0.7435,0.7435,0.7435,0.7435,0.7435,0.7435,0.7435,0.7435,0.7435,0.7435,0.7435,0.7435,0.7435,0.7435,0.7435,0.7435,0.7435,0.7435,0.7435,0.7435,0.7435
71,1.2000,DynamicV1Rebalance,5.0000,6495.7726,324.7886,spend25p,325.1704,322.8749,320.3487,316.9219,313.7571,310.8629,307.3911,303.2640,299.1539,295.3465,270.5514,264.9001,257.2566,249.2926,240.5229,223.8134,206.8296,195.2996,175.5695,144.9849,0.0000,-62.3419,-70.2469,-78.2585,-85.5563,-93.4883,-101.3166,-109.3552,-117.7954,-127.1197,-136.3598,-147.1749,-158.0933,-170.9412,-184.3861,-199.0917,-214.6820,-230.7728,-246.1808,-259.7865,-274.6147,-289.2688,-307.4343,-324.0304,-342.4211
71,1.2000,DynamicV1Rebalance,5.0000,6495.7726,324.7886,spend50p,327.4091,329.8399,332.4842,334.2764,336.9922,339.3877,342.4183,345.2018,348.1130,349.8485,326.4479,326.4695,324.9590,321.3221,316.5611,306.6912,298.2713,291.0588,284.5602,273.8992,264.8494,-40.0705,-48.7182,-57.3541,-66.5570,-75.9679,-85.4840,-94.7225,-103.9718,-113.3768,-122.1667,-131.7272,-142.0988,-152.7873,-163.8576,-175.0438,-186.7773,-198.6821,-209.6996,-219.5655,-230.1780,-242.0535,-253.5161,-265.3865,-276.9695
71,1.2000,DynamicV1Rebalance,5.0000,6495.7726,324.7886,spend75p,329.7085,336.7629,344.9743,353.4885,362.4315,371.3888,381.8788,390.3312,400.2716,408.4793,386.5109,392.3860,395.7630,398.0769,398.9288,398.1236,393.8312,393.5332,392.2658,387.3117,382.7664,0.0000,0.0000,0.0000,0.0000,0.0000,0.0000,0.0000,0.0000,0.0000,0.0000,0.0000,0.0000,0.0000,0.0000,0.0000,0.0000,0.0000,0.0000,0.0000,0.0000,0.0000,0.0000,0.0000,0.0000
71,1.2000,DynamicV1Rebalance,6.0000,5413.1438,324.7886,survival,1.0000,1.0000,1.0000,1.0000,1.0000,1.0000,0.9985,0.9970,0.9870,0.9720,0.9515,0.9240,0.8930,0.8470,0.8145,0.7750,0.7380,0.6985,0.6640,0.6360,0.6085,0.6060,0.6055,0.6055,0.6055,0.6055,0.6055,0.6055,0.6055,0.6055,0.6055,0.6055,0.6055,0.6055,0.6055,0.6055,0.6055,0.6055,0.6055,0.6055,0.6055,0.6055,0.6055,0.6055,0.6055
71,1.2000,DynamicV1Rebalance,6.0000,5413.1438,324.7886,spend25p,325.1704,322.8749,320.3487,316.9219,313.7571,310.8629,306.4548,302.7556,296.7697,290.2496,264.1323,254.3604,241.4780,219.8487,202.4427,168.4711,0.0000,0.0000,0.0000,0.0000,0.0000,-59.1631,-66.9307,-74.6367,-82.6736,-90.8990,-98.7062,-106.8914,-115.4151,-124.2870,-133.1040,-142.8073,-153.9173,-166.0402,-179.2951,-192.3366,-206.0560,-220.8694,-234.3435,-246.4844,-259.8858,-276.0156,-290.8967,-306.7683,-322.2204
71,1.2000,DynamicV1Rebalance,6.0000,5413.1438,324.7886,spend50p,327.4091,329.8399,332.4842,334.2764,336.9922,339.3877,342.3425,345.0516,346.5102,348.0206,322.7022,318.5990,312.1328,300.1874,292.0195,281.7481,268.8508,253.3817,240.5979,225.7228,208.1159,-27.5667,-37.0798,-46.8806,-56.6020,-66.4903,-75.9269,-86.5902,-95.9852,-105.5937,-114.9954,-124.8007,-134.6992,-144.9269,-154.7809,-164.3140,-173.6621,-183.4932,-192.9630,-201.8743,-210.3957,-218.6820,-228.2859,-238.1418,-248.4738
71,1.2000,DynamicV1Rebalance,6.0000,5413.1438,324.7886,spend75p,329.7085,336.7629,344.9743,353.4885,362.4315,371.3888,381.7610,390.1445,398.4052,405.3097,381.7992,385.3269,385.1336,381.4626,382.0238,377.7696,369.3754,362.2770,353.2372,345.1409,339.5651,0.0000,0.0000,0.0000,0.0000,0.0000,0.0000,0.0000,0.0000,0.0000,0.0000,0.0000,0.0000,0.0000,0.0000,0.0000,0.0000,0.0000,0.0000,0.0000,0.0000,0.0000,0.0000,0.0000,0.0000
71,1.2000,DynamicV1Rebalance,7.0000,4639.8376,324.7886,survival,1.0000,1.0000,1.0000,1.0000,1.0000,0.9990,0.9965,0.9850,0.9685,0.9340,0.8965,0.8495,0.7955,0.7485,0.6985,0.6400,0.6055,0.5710,0.5400,0.5050,0.4810,0.4800,0.4800,0.4800,0.4800,0.4800,0.4800,0.4800,0.4800,0.4800,0.4800,0.4800,0.4800,0.4800,0.4800,0.4800,0.4800,0.4800,0.4800,0.4800,0.4800,0.4800,0.4800,0.4800,0.4800
71,1.2000,DynamicV1Rebalance,7.0000,4639.8376,324.7886,spend25p,325.1704,322.8749,320.3487,316.9219,313.7571,310.6569,306.1438,300.3196,292.6421,282.0038,249.7774,229.9678,202.1805,0.0000,0.0000,0.0000,0.0000,0.0000,0.0000,0.0000,0.0000,-54.8173,-62.3999,-70.4417,-78.8170,-86.8300,-94.7822,-103.3590,-111.7138,-120.0505,-128.6184,-138.1557,-148.6284,-160.4177,-172.2887,-184.5272,-197.6061,-209.9721,-222.2330,-234.3747,-246.8882,-260.1418,-272.9706,-285.9285,-300.8185
71,1.2000,DynamicV1Rebalance,7.0000,4639.8376,324.7886,spend50p,327.4091,329.8399,332.4842,334.2764,336.9922,339.3015,342.3026,344.0853,344.7860,342.7564,311.8278,303.0651,289.1832,277.5997,259.9252,238.6811,220.6654,197.9215,171.2927,116.3717,0.0000,0.0000,0.0000,0.0000,0.0000,0.0000,0.0000,0.0000,0.0000,0.0000,0.0000,0.0000,0.0000,0.0000,0.0000,0.0000,0.0000,0.0000,0.0000,0.0000,0.0000,0.0000,0.0000,0.0000,0.0000
71,1.2000,DynamicV1Rebalance,7.0000,4639.8376,324.7886,spend75p,329.7085,336.7629,344.9743,353.4885,362.4315,371.0696,381.7427,388.4809,395.0798,400.4685,374.7784,373.4277,368.0858,364.3086,355.8646,343.5582,335.7253,324.7562,313.4847,298.8127,288.3804,0.0000,0.0000,0.0000,0.0000,0.0000,0.0000,0.0000,0.0000,0.0000,0.0000,0.0000,0.0000,0.0000,0.0000,0.0000,0.0000,0.0000,0.0000,0.0000,0.0000,0.0000,0.0000,0.0000,0.0000
71,1.2000,DynamicV1Rebalance,8.0000,4059.8579,324.7886,survival,1.0000,1.0000,1.0000,1.0000,1.0000,0.9980,0.9870,0.9705,0.9290,0.8805,0.8120,0.7455,0.6830,0.6220,0.5730,0.5355,0.4875,0.4510,0.4175,0.3865,0.3590,0.3535,0.3535,0.3535,0.3535,0.3535,0.3535,0.3535,0.3535,0.3535,0.3535,0.3535,0.3535,0.3535,0.3535,0.3535,0.3535,0.3535,0.3535,0.3535,0.3535,0.3535,0.3535,0.3535,0.3535
71,1.2000,DynamicV1Rebalance,8.0000,4059.8579,324.7886,spend25p,325.1704,322.8749,320.3487,316.9219,313.7571,310.2211,304.3187,297.4293,284.6318,268.6547,222.7547,0.0000,0.0000,0.0000,0.0000,0.0000,0.0000,0.0000,0.0000,0.0000,0.0000,-42.5161,-51.5411,-59.5023,-67.8355,-77.3781,-86.2111,-95.2366,-104.1164,-113.1577,-121.8103,-131.0075,-140.6697,-150.5296,-159.9333,-171.2816,-181.6700,-192.3052,-202.6376,-212.6509,-223.0487,-233.4054,-243.7752,-254.7157,-267.8154
71,1.2000,DynamicV1Rebalance,8.0000,4059.8579,324.7886,spend50p,327.4091,329.8399,332.4842,334.2764,336.9922,339.2100,341.2420,343.0844,339.1829,333.3524,295.6965,280.2922,259.8613,239.3579,210.5859,182.7720,0.0000,0.0000,0.0000,0.0000,0.0000,0.0000,0.0000,0.0000,0.0000,0.0000,0.0000,0.0000,0.0000,0.0000,0.0000,0.0000,0.0000,0.0000,0.0000,0.0000,0.0000,0.0000,0.0000,0.0000,0.0000,0.0000,0.0000,0.0000,0.0000
71,1.2000,DynamicV1Rebalance,8.0000,4059.8579,324.7886,spend75p,329.7085,336.7629,344.9743,353.4885,362.4315,370.9055,380.0645,386.1043,391.6418,393.6982,359.9483,354.5553,346.6500,337.9421,326.3605,315.0411,298.0097,282.0199,267.4653,252.8988,235.7810,0.0000,0.0000,0.0000,0.0000,0.0000,0.0000,0.0000,0.0000,0.0000,0.0000,0.0000,0.0000,0.0000,0.0000,0.0000,0.0000,0.0000,0.0000,0.0000,0.0000,0.0000,0.0000,0.0000,0.0000
71,1.2000,DynamicV1Rebalance,9.0000,3608.7625,324.7886,survival,1.0000,1.0000,1.0000,1.0000,0.9995,0.9940,0.9750,0.9350,0.8760,0.7855,0.7075,0.6345,0.5715,0.5125,0.4615,0.4095,0.3660,0.3260,0.2920,0.2695,0.2505,0.2475,0.2475,0.2475,0.2475,0.2475,0.2475,0.2475,0.2475,0.2475,0.2475,0.2475,0.2475,0.2475,0.2475,0.2475,0.2475,0.2475,0.2475,0.2475,0.2475,0.2475,0.2475,0.2475,0.2475
71,1.2000,DynamicV1Rebalance,9.0000,3608.7625,324.7886,spend25p,325.1704,322.8749,320.3487,316.9219,313.6955,309.6653,302.5275,290.4097,272.6220,232.1687,0.0000,0.0000,0.0000,0.0000,0.0000,0.0000,0.0000,0.0000,0.0000,0.0000,0.0000,0.0000,0.0000,0.0000,0.0000,0.0000,0.0000,0.0000,0.0000,0.0000,0.0000,0.0000,0.0000,0.0000,0.0000,0.0000,0.0000,0.0000,0.0000,0.0000,0.0000,0.0000,0.0000,0.0000,0.0000
71,1.2000,DynamicV1Rebalance,9.0000,3608.7625,324.7886,spend50p,327.4091,329.8399,332.4842,334.2764,336.9744,338.9182,340.0884,337.4979,331.6944,314.1582,273.7900,249.7461,219.8557,167.4537,0.0000,0.0000,0.0000,0.0000,0.0000,0.0000,0.0000,0.0000,0.0000,0.0000,0.0000,0.0000,0.0000,0.0000,0.0000,0.0000,0.0000,0.0000,0.0000,0.0000,0.0000,0.0000,0.0000,0.0000,0.0000,0.0000,0.0000,0.0000,0.0000,0.0000,0.0000
71,1.2000,DynamicV1Rebalance,9.0000,3608.7625,324.7886,spend75p,329.7085,336.7629,344.9743,353.4885,362.3995,370.8288,379.0726,382.5170,383.9696,377.0751,344.0502,333.1748,323.5684,307.0652,290.8934,273.0477,256.1296,222.7937,189.5847,154.2392,58.2354,0.0000,0.0000,0.0000,0.0000,0.0000,0.0000,0.0000,0.0000,0.0000,0.0000,0.0000,0.0000,0.0000,0.0000,0.0000,0.0000,0.0000,0.0000,0.0000,0.0000,0.0000,0.0000,0.0000,0.0000
71,1.2000,DynamicV1Rebalance,10.0000,3247.8863,324.7886,survival,1.0000,1.0000,1.0000,1.0000,0.9985,0.9845,0.9520,0.8880,0.7850,0.6840,0.6005,0.5295,0.4600,0.3915,0.3330,0.2910,0.2550,0.2260,0.2005,0.1855,0.1710,0.1690,0.1690,0.1690,0.1690,0.1690,0.1690,0.1690,0.1690,0.1690,0.1690,0.1690,0.1690,0.1690,0.1690,0.1690,0.1690,0.1690,0.1690,0.1690,0.1690,0.1690,0.1690,0.1690,0.1690
71,1.2000,DynamicV1Rebalance,10.0000,3247.8863,324.7886,spend25p,325.1704,322.8749,320.3487,316.9219,313.6398,308.3219,298.5004,281.4252,240.0129,0.0000,0.0000,0.0000,0.0000,0.0000,0.0000,0.0000,0.0000,0.0000,0.0000,0.0000,0.0000,0.0000,0.0000,0.0000,0.0000,0.0000,0.0000,0.0000,0.0000,0.0000,0.0000,0.0000,0.0000,0.0000,0.0000,0.0000,0.0000,0.0000,0.0000,0.0000,0.0000,0.0000,0.0000,0.0000,0.0000
71,1.2000,DynamicV1Rebalance,10.0000,3247.8863,324.7886,spend50p,327.4091,329.8399,332.4842,334.2764,336.8993,338.3532,337.7416,331.4181,316.1488,288.8538,240.6720,203.5948,0.0000,0.0000,0.0000,0.0000,0.0000,0.0000,0.0000,0.0000,0.0000,0.0000,0.0000,0.0000,0.0000,0.0000,0.0000,0.0000,0.0000,0.0000,0.0000,0.0000,0.0000,0.0000,0.0000,0.0000,0.0000,0.0000,0.0000,0.0000,0.0000,0.0000,0.0000,0.0000,0.0000
71,1.2000,DynamicV1Rebalance,10.0000,3247.8863,324.7886,spend75p,329.7085,336.7629,344.9743,353.4885,362.2723,370.2315,376.1412,378.3051,371.9681,360.9458,328.0388,313.8093,294.8519,270.1703,239.4931,202.7454,127.1053,0.0000,0.0000,0.0000,0.0000,0.0000,0.0000,0.0000,0.0000,0.0000,0.0000,0.0000,0.0000,0.0000,0.0000,0.0000,0.0000,0.0000,0.0000,0.0000,0.0000,0.0000,0.0000,0.0000,0.0000,0.0000,0.0000,0.0000,0.0000
71,1.5000,DynamicV1Rebalance,2.5000,16024.4314,400.6108,survival,1.0000,1.0000,1.0000,1.0000,1.0000,1.0000,1.0000,1.0000,1.0000,1.0000,1.0000,1.0000,0.9995,0.9990,0.9980,0.9970,0.9955,0.9945,0.9940,0.9940,0.9935,0.9930,0.9925,0.9925,0.9925,0.9920,0.9915,0.9915,0.9915,0.9915,0.9910,0.9910,0.9910,0.9905,0.9905,0.9905,0.9905,0.9905,0.9905,0.9905,0.9905,0.9905,0.9905,0.9905,0.9905
71,1.5000,DynamicV1Rebalance,2.5000,16024.4314,400.6108,spend25p,401.0817,398.2348,395.0992,390.8492,386.9191,383.3197,379.0052,374.4781,369.9376,365.9763,343.3457,342.4401,339.3503,335.2061,332.4346,329.4913,325.7879,323.2545,321.4279,319.3598,318.0410,-0.7969,-8.2665,-15.8217,-24.2837,-31.9225,-40.1030,-48.1279,-55.9980,-64.4070,-72.6534,-81.7910,-90.9708,-100.4296,-109.8613,-120.1144,-130.7796,-141.2332,-151.2762,-160.7939,-170.5066,-182.1120,-193.2730,-205.9758,-220.1747
71,1.5000,DynamicV1Rebalance,2.5000,16024.4314,400.6108,spend50p,403.8430,406.8254,410.0663,412.2519,415.5722,418.4931,422.1928,426.1172,429.5212,432.5065,413.8524,415.0586,420.3859,423.4942,424.7731,426.0818,425.6333,425.3361,425.0069,428.0171,433.0435,39.7482,30.7511,22.6984,14.6739,6.0412,-1.2134,-9.6445,-19.0025,-27.6096,-37.5500,-47.5335,-57.8453,-70.1564,-81.6608,-93.1052,-105.0471,-117.3978,-128.2818,-137.8888,-147.8991,-158.4094,-168.8590,-179.9301,-192.0086
71,1.5000,DynamicV1Rebalance,2.5000,16024.4314,400.6108,spend75p,406.6792,415.3642,425.4709,435.9456,446.9435,457.9530,470.8465,481.4739,493.7571,505.6650,488.1165,498.9935,508.0537,517.3146,528.0736,536.9663,546.1306,559.3657,569.0593,581.2112,586.6334,92.9697,85.0214,76.4517,68.7988,60.0402,50.6286,41.0666,32.1302,21.1235,10.6526,0.0000,-8.8573,-21.5119,-35.7973,-48.4202,-63.3475,-78.6214,-91.6113,-102.4318,-113.9866,-125.9285,-138.9664,-151.7631,-163.6509
71,1.5000,DynamicV1Rebalance,3.0000,13353.6929,400.6108,survival,1.0000,1.0000,1.0000,1.0000,1.0000,1.0000,1.0000,1.0000,1.0000,1.0000,0.9990,0.9980,0.9965,0.9955,0.9950,0.9930,0.9900,0.9860,0.9825,0.9795,0.9745,0.9735,0.9730,0.9720,0.9720,0.9720,0.9715,0.9710,0.9700,0.9700,0.9700,0.9695,0.9695,0.9690,0.9690,0.9690,0.9685,0.9685,0.9685,0.9685,0.9680,0.9680,0.9680,0.9680,0.9680
71,1.5000,DynamicV1Rebalance,3.0000,13353.6929,400.6108,spend25p,401.0817,398.2348,395.0992,390.8492,386.9191,383.3197,379.0052,374.4781,369.9376,365.9763,343.1848,341.7559,338.6606,334.5151,331.4151,327.3039,323.5693,320.0607,315.7744,313.0137,309.9982,-0.7812,-8.1268,-15.6516,-24.1709,-31.8335,-39.8265,-47.8933,-55.6470,-64.0775,-72.4763,-81.7137,-90.7460,-100.1559,-109.4126,-119.8105,-130.5543,-140.9496,-150.9830,-160.4041,-170.3491,-181.7208,-192.8962,-205.7796,-219.3159
71,1.5000,DynamicV1Rebalance,3.0000,13353.6929,400.6108,spend50p,403.8430,406.8254,410.0663,412.2519,415.5722,418.4931,422.1928,426.1172,429.5212,432.5065,413.0442,414.6064,419.4994,422.8512,424.0847,424.3599,423.1959,421.3771,420.8355,423.0955,424.0933,36.7936,27.8131,20.2768,12.4113,3.9879,-0.5970,-9.0032,-18.3519,-26.5951,-36.8258,-46.8794,-57.4734,-69.7102,-80.9378,-92.7918,-104.2778,-116.7877,-127.8687,-137.5887,-147.4367,-157.9972,-168.0128,-178.8776,-191.1282
71,1.5000,DynamicV1Rebalance,3.0000,13353.6929,400.6108,spend75p,406.6792,415.3642,425.4709,435.9456,446.9435,457.9530,470.8465,481.4739,493.7571,505.6650,488.0242,498.8456,506.7864,516.0871,527.3280,536.3169,542.4863,554.3523,564.3644,571.8547,577.2513,89.5174,81.3430,73.2507,65.3283,55.2807,46.8904,37.0315,28.0628,16.2471,6.4319,0.0000,-6.9957,-19.2065,-32.9169,-46.3853,-61.2379,-76.2366,-89.6623,-100.5484,-112.5426,-124.5737,-137.6293,-150.0397,-162.6352
71,1.5000,DynamicV1Rebalance,3.5000,11446.0225,400.6108,survival,1.0000,1.0000,1.0000,1.0000,1.0000,1.0000,1.0000,1.0000,1.0000,0.9985,0.9975,0.9955,0.9940,0.9890,0.9830,0.9750,0.9680,0.9615,0.9540,0.9400,0.9325,0.9305,0.9295,0.9295,0.9265,0.9225,0.9220,0.9205,0.9190,0.9185,0.9175,0.9175,0.9175,0.9170,0.9170,0.9165,0.9165,0.9165,0.9165,0.9165,0.9165,0.9160,0.9160,0.9160,0.9160
71,1.5000,DynamicV1Rebalance,3.5000,11446.0225,400.6108,spend25p,401.0817,398.2348,395.0992,390.8492,386.9191,383.3197,379.0052,374.4781,369.9376,365.5768,342.9836,341.1202,338.1097,333.0854,327.7621,321.6127,316.6574,311.6124,305.2413,297.0903,289.2746,-0.4913,-7.9740,-15.1695,-23.6786,-31.5983,-39.4569,-47.4703,-55.3926,-63.6175,-72.0731,-81.0541,-90.3989,-99.4403,-108.8051,-119.0136,-130.1361,-139.9633,-150.1369,-159.8120,-169.3899,-180.7164,-191.8342,-204.4900,-218.3801
71,1.5000,DynamicV1Rebalance,3.5000,11446.0225,400.6108,spend50p,403.8430,406.8254,410.0663,412.2519,415.5722,418.4931,422.1928,426.1172,429.5212,432.4324,412.3718,413.8084,419.1037,420.8113,418.0049,417.3823,416.1242,413.5977,410.0637,403.6391,401.7954,28.5164,21.1417,13.4865,5.7388,0.0000,0.0000,-7.6924,-17.0477,-25.4678,-35.5174,-44.9824,-56.2513,-67.2145,-78.9453,-90.9217,-102.4125,-114.9838,-126.1686,-135.7550,-145.7437,-156.2309,-166.4475,-177.0312,-189.1071
71,1.5000,DynamicV1Rebalance,3.5000,11446.0225,400.6108,spend75p,406.6792,415.3642,425.4709,435.9456,446.9435,457.9530,470.8465,481.4739,493.7571,505.5832,487.1028,498.6814,506.3229,513.1893,523.1303,528.6864,534.3070,543.4858,548.7949,549.6098,556.6010,82.2030,73.3642,65.2746,56.3484,46.7428,37.0927,27.9184,17.3939,6.9065,0.0000,0.0000,0.0000,-8.9233,-22.8744,-36.1125,-51.1989,-67.7335,-78.6033,-91.3849,-103.2773,-115.7836,-127.5855,-142.1260,-155.4102
71,1.5000,DynamicV1Rebalance,4.0000,10015.2697,400.6108,survival,1.0000,1.0000,1.0000,1.0000,1.0000,1.0000,1.0000,1.0000,0.9990,0.9980,0.9945,0.9920,0.9825,0.9730,0.9650,0.9540,0.9370,0.9215,0.9015,0.8890,0.8725,0.8700,0.8680,0.8650,0.8635,0.8625,0.8615,0.8605,0.8590,0.8590,0.8580,0.8575,0.8575,0.8570,0.8565,0.8565,0.8560,0.8555,0.8555,0.8555,0.8555,0.8555,0.8555,0.8555,0.8555
71,1.5000,DynamicV1Rebalance,4.0000,10015.2697,400.6108,spend25p,401.0817,398.2348,395.0992,390.8492,386.9191,383.3197,379.0052,374.4781,369.5623,365.3659,342.3128,340.1276,334.0783,327.0289,320.7528,314.4210,305.6304,295.8440,282.1031,273.3439,260.6018,0.0000,-7.2105,-14.2737,-22.7931,-30.7749,-38.9782,-46.0540,-54.5874,-62.5933,-71.0855,-79.7469,-89.0184,-98.0576,-107.5348,-117.9151,-128.5596,-139.0346,-148.9948,-158.1160,-167.8488,-178.0988,-190.1031,-202.6230,-216.0043
71,1.5000,DynamicV1Rebalance,4.0000,10015.2697,400.6108,spend50p,403.8430,406.8254,410.0663,412.2519,415.5722,418.4931,422.1928,426.1172,429.3911,432.4134,411.3343,413.0025,415.0157,415.6611,413.5187,411.5400,405.9823,398.9100,389.5675,383.7448,376.2527,20.3554,12.2114,4.1644,0.0000,0.0000,0.0000,-4.5392,-13.1311,-22.4499,-32.2900,-42.1151,-53.0758,-64.1242,-75.1514,-87.0183,-99.4799,-111.5797,-122.4269,-132.7146,-142.4509,-152.6201,-162.9963,-173.7376,-185.7232
71,1.5000,DynamicV1Rebalance,4.0000,10015.2697,400.6108,spend75p,406.6792,415.3642,425.4709,435.9456,446.9435,457.9530,470.8465,481.4739,493.6176,505.5196,486.2480,497.4915,502.5428,508.3955,514.7082,518.8612,524.6459,526.3136,521.6619,527.1687,529.5562,73.1064,64.7173,56.3507,47.3325,39.1260,29.2398,19.2288,9.0378,0.0000,0.0000,0.0000,0.0000,0.0000,0.0000,-14.3347,-29.1798,-43.1443,-57.5008,-70.2914,-82.4272,-94.9243,-109.5497,-122.8862,-139.3159
71,1.5000,DynamicV1Rebalance,5.0000,8012.2157,400.6108,survival,1.0000,1.0000,1.0000,1.0000,1.0000,1.0000,1.0000,0.9985,0.9970,0.9920,0.9805,0.9660,0.9485,0.9305,0.9055,0.8695,0.8405,0.8240,0.7970,0.7670,0.7410,0.7370,0.7355,0.7330,0.7300,0.7270,0.7255,0.7245,0.7225,0.7225,0.7215,0.7210,0.7205,0.7205,0.7200,0.7195,0.7195,0.7195,0.7195,0.7195,0.7195,0.7195,0.7195,0.7195,0.7195
71,1.5000,DynamicV1Rebalance,5.0000,8012.2157,400.6108,spend25p,401.0817,398.2348,395.0992,390.8492,386.9191,383.3197,379.0052,373.8804,368.7746,364.0402,338.1892,330.9868,321.3863,311.2143,300.1412,276.3030,257.0189,243.6546,215.2115,176.8005,0.0000,0.0000,-4.2682,-11.7514,-19.3936,-27.6885,-35.0125,-42.6976,-50.7251,-59.2033,-67.3137,-76.0614,-85.3221,-94.8359,-105.1589,-115.3578,-125.4379,-136.2763,-146.5436,-154.8525,-164.8591,-174.8077,-185.6426,-197.9729,-210.7864
71,1.5000,DynamicV1Rebalance,5.0000,8012.2157,400.6108,spend50p,403.8430,406.8254,410.0663,412.2519,415.5722,418.4931,422.1928,425.5836,429.1277,431.2187,408.0598,408.0461,405.5916,401.3463,395.4177,381.4984,372.0883,363.4946,354.6046,340.7067,329.2871,1.4300,0.0000,0.0000,0.0000,0.0000,0.0000,0.0000,-1.9034,-11.3764,-20.6893,-31.3109,-42.5777,-53.3394,-64.9002,-76.7769,-89.5173,-102.3312,-114.2580,-124.6576,-134.4678,-144.9421,-155.0155,-165.4595,-177.0311
71,1.5000,DynamicV1Rebalance,5.0000,8012.2157,400.6108,spend75p,406.6792,415.3642,425.4709,435.9456,446.9435,457.9530,470.8465,481.2216,493.4250,503.4862,483.1386,490.1209,494.7037,497.5961,498.3000,496.1036,491.6499,491.8352,489.8295,482.6513,477.1064,54.9192,46.3605,37.2578,28.2608,17.6410,8.8833,0.1873,0.0000,0.0000,0.0000,0.0000,0.0000,0.0000,0.0000,0.0000,0.0000,0.0000,0.0000,0.0000,0.0000,0.0000,0.0000,0.0000,0.0000
71,1.5000,DynamicV1Rebalance,6.0000,6676.8464,400.6108,survival,1.0000,1.0000,1.0000,1.0000,1.0000,1.0000,0.9985,0.9970,0.9870,0.9720,0.9505,0.9230,0.8925,0.8445,0.8110,0.7705,0.7350,0.6920,0.6610,0.6325,0.6045,0.5960,0.5935,0.5915,0.5900,0.5895,0.5895,0.5885,0.5865,0.5865,0.5865,0.5865,0.5860,0.5860,0.5860,0.5860,0.5860,0.5860,0.5860,0.5855,0.5855,0.5855,0.5855,0.5855,0.5855
71,1.5000,DynamicV1Rebalance,6.0000,6676.8464,400.6108,spend25p,401.0817,398.2348,395.0992,390.8492,386.9191,383.3197,377.8508,373.2536,365.8355,357.7579,329.8756,317.6986,301.4685,273.6233,250.1177,202.5573,0.0000,0.0000,0.0000,0.0000,0.0000,0.0000,0.0000,-4.7257,-12.8771,-20.0718,-27.5249,-35.8586,-43.2912,-51.2770,-59.8152,-69.4699,-79.2921,-89.8331,-99.6166,-109.1098,-119.2729,-130.8442,-141.1788,-150.2734,-159.9222,-169.4257,-180.0925,-190.8514,-203.2650
71,1.5000,DynamicV1Rebalance,6.0000,6676.8464,400.6108,spend50p,403.8430,406.8254,410.0663,412.2519,415.5722,418.4931,422.0993,425.3985,427.1519,428.9656,403.1557,398.0739,390.1236,374.8626,364.0565,351.8669,335.3138,314.6385,299.3135,279.9657,259.4258,0.0000,0.0000,0.0000,0.0000,0.0000,0.0000,0.0000,0.0000,0.0000,0.0000,0.0000,-3.2475,-17.1660,-28.7497,-43.6128,-57.3854,-72.0154,-86.4410,-96.4191,-108.5639,-121.4624,-133.8710,-146.6234,-159.8404
71,1.5000,DynamicV1Rebalance,6.0000,6676.8464,400.6108,spend75p,406.6792,415.3642,425.4709,435.9456,446.9435,457.9530,470.7013,480.9914,491.1242,499.5794,476.9359,481.6586,481.0691,476.0453,476.3419,470.9151,460.6397,449.7691,440.0866,429.6302,421.2110,36.0141,26.8969,19.0465,10.6203,3.1694,0.0000,0.0000,0.0000,0.0000,0.0000,0.0000,0.0000,0.0000,0.0000,0.0000,0.0000,0.0000,0.0000,0.0000,0.0000,0.0000,0.0000,0.0000,0.0000
71,1.5000,DynamicV1Rebalance,7.0000,5723.0112,400.6108,survival,1.0000,1.0000,1.0000,1.0000,1.0000,0.9990,0.9965,0.9850,0.9685,0.9340,0.8955,0.8470,0.7940,0.7450,0.6955,0.6360,0.6010,0.5660,0.5335,0.4995,0.4790,0.4750,0.4725,0.4705,0.4700,0.4690,0.4675,0.4670,0.4670,0.4670,0.4665,0.4660,0.4660,0.4660,0.4640,0.4640,0.4640,0.4640,0.4640,0.4635,0.4635,0.4635,0.4635,0.4635,0.4635
71,1.5000,DynamicV1Rebalance,7.0000,5723.0112,400.6108,spend25p,401.0817,398.2348,395.0992,390.8492,386.9191,383.0657,377.4673,370.2504,360.7474,347.5942,311.6787,286.6153,250.9753,0.0000,0.0000,0.0000,0.0000,0.0000,0.0000,0.0000,0.0000,0.0000,0.0000,0.0000,-1.4657,-8.6921,-16.8907,-24.7985,-33.1485,-41.2386,-49.2611,-58.2310,-69.2760,-79.0467,-89.5121,-101.6575,-112.9053,-124.0830,-133.4414,-142.6859,-152.5199,-161.6708,-172.5144,-183.3198,-194.5899
71,1.5000,DynamicV1Rebalance,7.0000,5723.0112,400.6108,spend50p,403.8430,406.8254,410.0663,412.2519,415.5722,418.3868,422.0502,424.2072,425.0264,422.4770,389.6920,377.8382,361.3257,345.3471,324.0723,295.3880,270.8033,244.5807,205.7281,0.0000,0.0000,0.0000,0.0000,0.0000,0.0000,0.0000,0.0000,0.0000,0.0000,0.0000,0.0000,0.0000,0.0000,0.0000,0.0000,0.0000,0.0000,0.0000,0.0000,0.0000,0.0000,0.0000,0.0000,0.0000,0.0000
71,1.5000,DynamicV1Rebalance,7.0000,5723.0112,400.6108,spend75p,406.6792,415.3642,425.4709,435.9456,446.9435,457.5595,470.6787,478.9404,487.0249,493.6122,468.4463,466.1540,460.1072,454.3996,443.6214,428.8504,418.4014,403.5600,387.9886,371.7041,359.5587,13.2222,5.8352,0.0000,0.0000,0.0000,0.0000,0.0000,0.0000,0.0000,0.0000,0.0000,0.0000,0.0000,0.0000,0.0000,0.0000,0.0000,0.0000,0.0000,0.0000,0.0000,0.0000,0.0000,0.0000
71,1.5000,DynamicV1Rebalance,8.0000,5007.6348,400.6108,survival,1.0000,1.0000,1.0000,1.0000,1.0000,0.9980,0.9875,0.9705,0.9295,0.8805,0.8115,0.7425,0.6800,0.6190,0.5700,0.5310,0.4840,0.4465,0.4140,0.3815,0.3535,0.3490,0.3450,0.3435,0.3420,0.3400,0.3400,0.3395,0.3380,0.3370,0.3370,0.3370,0.3365,0.3360,0.3360,0.3360,0.3360,0.3360,0.3360,0.3360,0.3360,0.3360,0.3360,0.3360,0.3360
71,1.5000,DynamicV1Rebalance,8.0000,5007.6348,400.6108,spend25p,401.0817,398.2348,395.0992,390.8492,386.9191,382.5282,375.2494,366.6871,350.9916,331.1402,278.2505,0.0000,0.0000,0.0000,0.0000,0.0000,0.0000,0.0000,0.0000,0.0000,0.0000,0.0000,0.0000,0.0000,0.0000,0.0000,0.0000,0.0000,-7.6289,-17.5965,-26.2974,-35.3277,-45.5888,-56.1960,-67.6782,-79.0756,-91.2513,-103.3140,-115.1236,-124.9249,-135.2549,-145.2488,-154.7486,-165.0661,-175.2064
71,1.5000,DynamicV1Rebalance,8.0000,5007.6348,400.6108,spend50p,403.8430,406.8254,410.0663,412.2519,415.5722,418.2739,420.8090,422.9731,418.1549,410.8858,369.1485,349.7128,323.3271,296.5446,261.8336,220.1564,0.0000,0.0000,0.0000,0.0000,0.0000,0.0000,0.0000,0.0000,0.0000,0.0000,0.0000,0.0000,0.0000,0.0000,0.0000,0.0000,0.0000,0.0000,0.0000,0.0000,0.0000,0.0000,0.0000,0.0000,0.0000,0.0000,0.0000,0.0000,0.0000
71,1.5000,DynamicV1Rebalance,8.0000,5007.6348,400.6108,spend75p,406.6792,415.3642,425.4709,435.9456,446.9435,457.3571,468.8594,476.0104,482.7868,485.2672,449.9354,442.7314,432.8666,421.2443,406.9035,391.9355,371.0353,350.3213,333.2268,312.4416,289.3090,0.0000,0.0000,0.0000,0.0000,0.0000,0.0000,0.0000,0.0000,0.0000,0.0000,0.0000,0.0000,0.0000,0.0000,0.0000,0.0000,0.0000,0.0000,0.0000,0.0000,0.0000,0.0000,0.0000,0.0000
71,1.5000,DynamicV1Rebalance,9.0000,4451.2310,400.6108,survival,1.0000,1.0000,1.0000,1.0000,0.9995,0.9940,0.9750,0.9350,0.8760,0.7860,0.7060,0.6330,0.5695,0.5115,0.4570,0.4060,0.3620,0.3230,0.2895,0.2670,0.2470,0.2430,0.2410,0.2405,0.2405,0.2405,0.2395,0.2385,0.2385,0.2385,0.2385,0.2385,0.2380,0.2380,0.2380,0.2380,0.2380,0.2380,0.2380,0.2380,0.2380,0.2380,0.2380,0.2380,0.2380
71,1.5000,DynamicV1Rebalance,9.0000,4451.2310,400.6108,spend25p,401.0817,398.2348,395.0992,390.8492,386.8431,381.8429,373.0085,358.0329,336.0680,286.2063,0.0000,0.0000,0.0000,0.0000,0.0000,0.0000,0.0000,0.0000,0.0000,0.0000,0.0000,0.0000,0.0000,0.0000,0.0000,0.0000,0.0000,0.0000,0.0000,0.0000,0.0000,0.0000,0.0000,0.0000,0.0000,0.0000,0.0000,0.0000,0.0000,0.0000,0.0000,0.0000,0.0000,0.0000,0.0000
71,1.5000,DynamicV1Rebalance,9.0000,4451.2310,400.6108,spend50p,403.8430,406.8254,410.0663,412.2519,415.5503,417.9142,419.3201,416.0858,408.8881,387.5165,341.7169,310.5887,274.1695,207.1611,0.0000,0.0000,0.0000,0.0000,0.0000,0.0000,0.0000,0.0000,0.0000,0.0000,0.0000,0.0000,0.0000,0.0000,0.0000,0.0000,0.0000,0.0000,0.0000,0.0000,0.0000,0.0000,0.0000,0.0000,0.0000,0.0000,0.0000,0.0000,0.0000,0.0000,0.0000
71,1.5000,DynamicV1Rebalance,9.0000,4451.2310,400.6108,spend75p,406.6792,415.3642,425.4709,435.9456,446.9040,457.2625,467.3866,471.5879,473.3291,464.8175,429.4899,415.8999,403.7479,383.5236,361.5200,340.3008,314.5282,277.1455,235.1126,191.2089,0.0000,0.0000,0.0000,0.0000,0.0000,0.0000,0.0000,0.0000,0.0000,0.0000,0.0000,0.0000,0.0000,0.0000,0.0000,0.0000,0.0000,0.0000,0.0000,0.0000,0.0000,0.0000,0.0000,0.0000,0.0000
71,1.5000,DynamicV1Rebalance,10.0000,4006.1079,400.6108,survival,1.0000,1.0000,1.0000,1.0000,0.9985,0.9845,0.9520,0.8880,0.7865,0.6840,0.6000,0.5275,0.4585,0.3890,0.3310,0.2865,0.2520,0.2230,0.1970,0.1830,0.1680,0.1645,0.1635,0.1620,0.1600,0.1600,0.1600,0.1600,0.1600,0.1590,0.1590,0.1590,0.1590,0.1590,0.1590,0.1590,0.1590,0.1590,0.1590,0.1590,0.1590,0.1590,0.1590,0.1590,0.1590
71,1.5000,DynamicV1Rebalance,10.0000,4006.1079,400.6108,spend25p,401.0817,398.2348,395.0992,390.8492,386.7745,380.1863,368.0432,346.9563,296.9592,0.0000,0.0000,0.0000,0.0000,0.0000,0.0000,0.0000,0.0000,0.0000,0.0000,0.0000,0.0000,0.0000,0.0000,0.0000,0.0000,0.0000,0.0000,0.0000,0.0000,0.0000,0.0000,0.0000,0.0000,0.0000,0.0000,0.0000,0.0000,0.0000,0.0000,0.0000,0.0000,0.0000,0.0000,0.0000,0.0000
71,1.5000,DynamicV1Rebalance,10.0000,4006.1079,400.6108,spend50p,403.8430,406.8254,410.0663,412.2519,415.4577,417.2175,416.4265,408.5904,390.2826,356.0374,300.7103,253.5754,0.0000,0.0000,0.0000,0.0000,0.0000,0.0000,0.0000,0.0000,0.0000,0.0000,0.0000,0.0000,0.0000,0.0000,0.0000,0.0000,0.0000,0.0000,0.0000,0.0000,0.0000,0.0000,0.0000,0.0000,0.0000,0.0000,0.0000,0.0000,0.0000,0.0000,0.0000,0.0000,0.0000
71,1.5000,DynamicV1Rebalance,10.0000,4006.1079,400.6108,spend75p,406.6792,415.3642,425.4709,435.9456,446.7471,456.5260,463.7723,466.3952,459.1700,444.8970,409.9614,391.1291,368.3375,337.1436,296.2462,250.6309,147.6253,0.0000,0.0000,0.0000,0.0000,0.0000,0.0000,0.0000,0.0000,0.0000,0.0000,0.0000,0.0000,0.0000,0.0000,0.0000,0.0000,0.0000,0.0000,0.0000,0.0000,0.0000,0.0000,0.0000,0.0000,0.0000,0.0000,0.0000,0.0000
71,1.8000,DynamicV1Rebalance,2.5000,19057.3177,476.4329,survival,1.0000,1.0000,1.0000,1.0000,1.0000,1.0000,1.0000,1.0000,1.0000,1.0000,1.0000,1.0000,0.9995,0.9990,0.9980,0.9965,0.9955,0.9945,0.9940,0.9940,0.9935,0.9930,0.9920,0.9905,0.9895,0.9895,0.9885,0.9885,0.9885,0.9885,0.9880,0.9875,0.9870,0.9870,0.9870,0.9870,0.9860,0.9855,0.9850,0.9850,0.9845,0.9845,0.9845,0.9845,0.9845
71,1.8000,DynamicV1Rebalance,2.5000,19057.3177,476.4329,spend25p,476.9929,473.5946,469.8496,464.7765,460.0811,455.7764,450.6192,445.2074,439.7779,435.0353,412.0148,410.9282,407.2203,402.2473,398.9215,395.1837,390.9455,387.9054,385.7135,383.2318,381.6492,61.5540,53.1693,46.1569,36.9014,29.2857,21.0860,13.1730,4.6573,-0.3561,-8.9206,-17.5606,-26.3331,-35.1173,-44.7671,-55.8169,-65.3964,-76.2050,-86.0587,-95.1924,-104.4301,-114.5591,-123.5044,-133.1291,-142.5290
71,1.8000,DynamicV1Rebalance,2.5000,19057.3177,476.4329,spend50p,480.2769,483.8108,487.6485,490.2274,494.1521,497.5985,501.9673,506.5998,510.6103,514.1197,496.6229,498.0703,504.4631,508.1930,509.7277,511.0166,510.7599,510.4033,510.0083,513.6205,519.6522,126.3193,116.8699,109.2222,101.9807,93.4523,86.1487,78.0895,70.6120,61.7012,52.0013,42.1878,33.0769,23.8605,13.6964,1.7242,-6.5628,-18.5660,-29.2534,-37.8379,-46.6508,-57.3723,-67.9580,-78.9986,-90.6427
71,1.8000,DynamicV1Rebalance,2.5000,19057.3177,476.4329,spend75p,483.6499,493.9655,505.9675,518.4027,531.4554,544.5173,559.8143,572.4120,586.9732,601.0831,585.7398,598.7922,609.6644,620.7775,633.6884,644.3596,655.3568,671.2388,682.8711,697.4534,703.9601,211.9113,206.5458,199.6388,193.6048,185.8138,177.0448,166.8318,159.5378,152.1243,143.1795,133.9777,124.3553,116.9380,104.6505,93.3427,81.0252,67.0236,54.3591,46.5172,38.9195,27.8463,18.0763,8.7152,0.0000
71,1.8000,DynamicV1Rebalance,3.0000,15881.0981,476.4329,survival,1.0000,1.0000,1.0000,1.0000,1.0000,1.0000,1.0000,1.0000,1.0000,1.0000,0.9990,0.9980,0.9965,0.9955,0.9945,0.9930,0.9900,0.9860,0.9825,0.9790,0.9735,0.9710,0.9705,0.9690,0.9680,0.9670,0.9650,0.9635,0.9620,0.9600,0.9590,0.9570,0.9565,0.9565,0.9555,0.9545,0.9535,0.9515,0.9515,0.9515,0.9510,0.9500,0.9495,0.9495,0.9495
71,1.8000,DynamicV1Rebalance,3.0000,15881.0981,476.4329,spend25p,476.9929,473.5946,469.8496,464.7765,460.0811,455.7764,450.6192,445.2074,439.7779,435.0353,411.8218,410.1071,406.3928,401.4181,397.5514,392.7647,388.2832,384.0728,378.9293,375.4332,370.7153,56.1965,48.4289,39.6176,32.7130,24.4759,16.2423,8.0299,0.0000,0.0000,-7.7916,-16.8872,-25.5750,-34.2587,-44.3449,-54.1411,-64.9248,-75.9566,-85.1225,-94.0970,-103.7738,-113.5022,-122.8709,-131.9200,-142.0259
71,1.8000,DynamicV1Rebalance,3.0000,15881.0981,476.4329,spend50p,480.2769,483.8108,487.6485,490.2274,494.1521,497.5985,501.9673,506.5998,510.6103,514.1197,495.6530,497.5277,503.3993,507.4214,508.1869,509.2319,507.8351,505.6526,505.0026,507.6341,508.2851,121.0863,113.5154,105.9148,97.1660,89.7993,81.4678,73.0053,64.0418,54.8383,45.7263,36.7454,26.5641,16.5031,6.0606,0.0000,-4.6316,-16.9296,-26.9771,-36.4081,-44.5988,-55.5692,-66.4371,-77.2085,-88.8840
71,1.8000,DynamicV1Rebalance,3.0000,15881.0981,476.4329,spend75p,483.6499,493.9655,505.9675,518.4027,531.4554,544.5173,559.8143,572.4120,586.9732,601.0831,585.6290,598.6147,608.1436,619.3046,632.2846,643.5802,650.9836,665.2227,677.2372,685.9339,691.3691,206.8375,200.2718,193.4687,186.9796,177.6882,168.1497,160.7480,151.2701,143.8379,133.7794,125.5593,116.5639,103.7994,92.7101,80.9131,69.4385,56.4162,46.3134,34.9249,25.9271,15.8173,6.8125,0.0000,0.0000
71,1.8000,DynamicV1Rebalance,3.5000,13612.3698,476.4329,survival,1.0000,1.0000,1.0000,1.0000,1.0000,1.0000,1.0000,1.0000,1.0000,0.9985,0.9975,0.9955,0.9940,0.9890,0.9825,0.9745,0.9680,0.9610,0.9530,0.9380,0.9315,0.9290,0.9255,0.9195,0.9145,0.9130,0.9125,0.9105,0.9090,0.9070,0.9060,0.9045,0.9030,0.9005,0.8995,0.8985,0.8975,0.8975,0.8975,0.8975,0.8975,0.8965,0.8965,0.8960,0.8960
71,1.8000,DynamicV1Rebalance,3.5000,13612.3698,476.4329,spend25p,476.9929,473.5946,469.8496,464.7765,460.0811,455.7764,450.6192,445.2074,439.7779,434.5604,411.5803,409.3443,405.7317,399.7025,393.2650,385.7804,379.9889,373.5705,365.3940,353.8671,347.0030,46.7877,38.5352,28.6389,18.7958,10.4475,2.3423,0.0000,0.0000,0.0000,-7.3465,-15.7281,-24.7711,-33.5237,-43.3279,-53.0200,-64.2854,-75.0288,-84.3635,-93.4154,-102.6153,-112.2475,-121.6040,-131.1704,-141.3072
71,1.8000,DynamicV1Rebalance,3.5000,13612.3698,476.4329,spend50p,480.2769,483.8108,487.6485,490.2274,494.1521,497.5985,501.9673,506.5998,510.6103,514.0316,494.8461,496.5701,502.9245,504.9736,501.6059,500.4527,499.3491,495.9251,491.6936,483.6995,481.5415,110.0020,102.8675,92.8343,84.8592,78.1826,70.5217,61.2799,51.8355,44.3612,36.1151,24.3511,13.8449,3.6306,0.0000,0.0000,-1.6816,-13.3711,-23.2219,-31.9353,-40.7342,-50.5702,-61.8566,-73.0795,-83.9924
71,1.8000,DynamicV1Rebalance,3.5000,13612.3698,476.4329,spend75p,483.6499,493.9655,505.9675,518.4027,531.4554,544.5173,559.8143,572.4120,586.9732,600.9858,584.5233,598.4177,607.5875,615.8271,627.7564,633.6127,641.1684,652.1829,657.9044,658.1401,667.5841,194.7339,187.6999,178.2365,169.0640,160.7826,153.7648,145.1128,136.3631,128.4710,118.4664,108.8843,97.5890,84.9444,75.8980,66.3126,54.0513,42.7780,32.0027,23.7833,13.0771,2.8014,0.0000,0.0000,0.0000
71,1.8000,DynamicV1Rebalance,4.0000,11910.8236,476.4329,survival,1.0000,1.0000,1.0000,1.0000,1.0000,1.0000,1.0000,1.0000,0.9990,0.9980,0.9945,0.9920,0.9825,0.9730,0.9645,0.9540,0.9360,0.9210,0.9010,0.8880,0.8705,0.8640,0.8600,0.8565,0.8515,0.8505,0.8495,0.8460,0.8435,0.8425,0.8390,0.8350,0.8340,0.8325,0.8325,0.8305,0.8285,0.8265,0.8245,0.8235,0.8235,0.8230,0.8230,0.8230,0.8230
71,1.8000,DynamicV1Rebalance,4.0000,11910.8236,476.4329,spend25p,476.9929,473.5946,469.8496,464.7765,460.0811,455.7764,450.6192,445.2074,439.3317,434.3098,410.7754,408.1532,400.8939,392.4347,384.7726,377.3052,366.0179,354.7658,338.2408,327.4727,311.6119,26.4750,16.8298,6.4870,0.0000,0.0000,0.0000,0.0000,0.0000,0.0000,-4.5873,-14.8903,-22.5568,-32.6428,-41.3568,-51.9185,-62.7820,-73.6892,-83.3894,-90.8799,-100.8311,-110.6046,-120.2725,-129.4642,-140.2048
71,1.8000,DynamicV1Rebalance,4.0000,11910.8236,476.4329,spend50p,480.2769,483.8108,487.6485,490.2274,494.1521,497.5985,501.9673,506.5998,510.4555,514.0090,493.6012,495.6030,498.0189,498.7934,496.0904,493.8480,486.9173,478.3678,467.4810,460.3843,450.8412,93.4248,85.1573,78.2384,69.1218,61.0617,54.8711,47.0613,39.3235,29.3248,20.3629,9.0004,0.0000,0.0000,0.0000,0.0000,0.0000,-8.1462,-18.2902,-26.1900,-35.1218,-44.3668,-53.6864,-65.0374,-76.2633
71,1.8000,DynamicV1Rebalance,4.0000,11910.8236,476.4329,spend75p,483.6499,493.9655,505.9675,518.4027,531.4554,544.5173,559.8143,572.4120,586.8074,600.9102,583.4976,596.9899,603.0513,610.0746,617.1291,622.6334,628.6740,631.1162,625.9942,632.6025,633.4090,178.7433,172.7194,163.3233,152.3856,145.5620,137.8273,127.8471,119.4522,110.1351,101.4490,91.3713,81.1260,70.0506,59.1567,47.6600,35.1515,23.5446,11.7365,3.3069,0.0000,0.0000,0.0000,0.0000,0.0000
71,1.8000,DynamicV1Rebalance,5.0000,9528.6589,476.4329,survival,1.0000,1.0000,1.0000,1.0000,1.0000,1.0000,1.0000,0.9985,0.9970,0.9920,0.9805,0.9660,0.9480,0.9300,0.9040,0.8690,0.8390,0.8225,0.7960,0.7665,0.7405,0.7320,0.7255,0.7195,0.7125,0.7095,0.7065,0.7010,0.6965,0.6955,0.6925,0.6900,0.6880,0.6860,0.6845,0.6835,0.6830,0.6830,0.6830,0.6830,0.6830,0.6830,0.6825,0.6810,0.6810
71,1.8000,DynamicV1Rebalance,5.0000,9528.6589,476.4329,spend25p,476.9929,473.5946,469.8496,464.7765,460.0811,455.7764,450.6192,444.4968,438.3953,432.7340,405.8271,397.1842,385.6136,373.3019,358.4117,330.7922,307.2085,291.2655,257.3600,210.9962,0.0000,0.0000,0.0000,0.0000,0.0000,0.0000,0.0000,0.0000,0.0000,0.0000,0.0000,-4.3928,-13.6754,-23.9398,-34.0979,-44.8735,-54.7058,-65.7642,-75.0212,-84.6314,-94.2464,-102.6719,-111.6207,-122.7545,-133.3211
71,1.8000,DynamicV1Rebalance,5.0000,9528.6589,476.4329,spend50p,480.2769,483.8108,487.6485,490.2274,494.1521,497.5985,501.9673,505.9655,510.1424,512.5889,489.6718,489.6553,486.4342,481.0226,473.7882,457.7981,445.4927,436.1039,424.9809,408.4055,394.9552,66.3723,55.9010,47.2065,37.2378,29.1584,20.8613,11.1466,1.9795,0.0000,0.0000,0.0000,0.0000,0.0000,0.0000,0.0000,0.0000,0.0000,0.0000,0.0000,-5.1993,-15.3921,-27.4978,-36.7073,-47.8358
71,1.8000,DynamicV1Rebalance,5.0000,9528.6589,476.4329,spend75p,483.6499,493.9655,505.9675,518.4027,531.4554,544.5173,559.8143,572.1121,586.5784,598.4932,579.7663,588.1451,593.0305,596.9582,597.5942,595.3243,589.9798,590.2022,587.2710,579.1816,572.5277,150.2414,139.6252,129.3518,121.1471,110.8569,101.8521,93.3884,85.5817,77.7599,67.6290,56.6319,46.6627,36.4659,25.6419,15.0128,2.0166,0.0000,0.0000,0.0000,0.0000,0.0000,0.0000,0.0000,0.0000
71,1.8000,DynamicV1Rebalance,6.0000,7940.5491,476.4329,survival,1.0000,1.0000,1.0000,1.0000,1.0000,1.0000,0.9985,0.9970,0.9870,0.9720,0.9505,0.9225,0.8920,0.8425,0.8090,0.7695,0.7325,0.6910,0.6565,0.6295,0.5995,0.5905,0.5860,0.5840,0.5795,0.5745,0.5700,0.5665,0.5640,0.5610,0.5590,0.5565,0.5560,0.5545,0.5530,0.5520,0.5515,0.5505,0.5490,0.5485,0.5485,0.5485,0.5485,0.5480,0.5480
71,1.8000,DynamicV1Rebalance,6.0000,7940.5491,476.4329,spend25p,476.9929,473.5946,469.8496,464.7765,460.0811,455.7764,449.2468,443.7516,434.9014,425.2661,395.8507,381.0375,361.6485,326.8174,297.9655,241.3537,0.0000,0.0000,0.0000,0.0000,0.0000,0.0000,0.0000,0.0000,0.0000,0.0000,0.0000,0.0000,0.0000,0.0000,0.0000,0.0000,-2.6555,-11.1885,-20.2486,-30.8759,-40.8389,-51.5990,-62.9214,-71.8459,-80.8851,-89.6370,-99.9337,-110.0740,-119.6571
71,1.8000,DynamicV1Rebalance,6.0000,7940.5491,476.4329,spend50p,480.2769,483.8108,487.6485,490.2274,494.1521,497.5985,501.8561,505.7453,507.7937,509.9106,483.7868,477.5355,468.0715,448.6645,436.5716,421.9444,400.1692,377.0839,357.2654,334.5026,305.4088,23.2630,13.1607,3.6888,0.0000,0.0000,0.0000,0.0000,0.0000,0.0000,0.0000,0.0000,0.0000,0.0000,0.0000,0.0000,0.0000,0.0000,0.0000,0.0000,0.0000,0.0000,0.0000,0.0000,0.0000
71,1.8000,DynamicV1Rebalance,6.0000,7940.5491,476.4329,spend75p,483.6499,493.9655,505.9675,518.4027,531.4554,544.5173,559.6416,571.8383,583.8432,593.8491,572.3231,577.9903,576.6915,569.3203,570.5853,563.7297,552.7676,539.7229,526.7198,514.5454,504.1237,117.1804,109.1516,102.0200,92.8518,85.1806,76.7705,67.2974,58.5452,49.2098,40.8369,30.2721,19.6189,10.6275,0.0000,0.0000,0.0000,0.0000,0.0000,0.0000,0.0000,0.0000,0.0000,0.0000,0.0000
71,1.8000,DynamicV1Rebalance,7.0000,6806.1849,476.4329,survival,1.0000,1.0000,1.0000,1.0000,1.0000,0.9990,0.9965,0.9850,0.9685,0.9340,0.8955,0.8465,0.7915,0.7440,0.6940,0.6335,0.5965,0.5645,0.5305,0.4970,0.4760,0.4685,0.4640,0.4595,0.4535,0.4480,0.4440,0.4415,0.4390,0.4370,0.4365,0.4350,0.4340,0.4330,0.4330,0.4325,0.4315,0.4300,0.4290,0.4285,0.4285,0.4285,0.4285,0.4280,0.4280
71,1.8000,DynamicV1Rebalance,7.0000,6806.1849,476.4329,spend25p,476.9929,473.5946,469.8496,464.7765,460.0811,455.4744,448.7908,440.1812,428.8526,413.1846,374.0145,343.6922,298.0068,0.0000,0.0000,0.0000,0.0000,0.0000,0.0000,0.0000,0.0000,0.0000,0.0000,0.0000,0.0000,0.0000,0.0000,0.0000,0.0000,0.0000,0.0000,0.0000,0.0000,0.0000,-1.8368,-13.3697,-24.0698,-35.7314,-46.3146,-53.4484,-62.2168,-71.3313,-81.6129,-91.5864,-102.2998
71,1.8000,DynamicV1Rebalance,7.0000,6806.1849,476.4329,spend50p,480.2769,483.8108,487.6485,490.2274,494.1521,497.4721,501.7978,504.3290,505.2669,502.1977,467.6304,453.4059,433.4869,413.5854,388.7193,352.5555,320.4313,291.6451,241.8683,0.0000,0.0000,0.0000,0.0000,0.0000,0.0000,0.0000,0.0000,0.0000,0.0000,0.0000,0.0000,0.0000,0.0000,0.0000,0.0000,0.0000,0.0000,0.0000,0.0000,0.0000,0.0000,0.0000,0.0000,0.0000,0.0000
71,1.8000,DynamicV1Rebalance,7.0000,6806.1849,476.4329,spend75p,483.6499,493.9655,505.9675,518.4027,531.4554,544.0494,559.6148,569.3999,578.9700,586.7559,562.1355,559.3848,552.0586,545.0687,532.3307,514.4399,497.9247,484.1506,465.0410,443.9206,430.9166,82.9187,73.0508,64.0834,54.6373,45.1047,35.2947,26.2477,16.7584,9.9866,2.9040,0.0000,0.0000,0.0000,0.0000,0.0000,0.0000,0.0000,0.0000,0.0000,0.0000,0.0000,0.0000,0.0000,0.0000
71,1.8000,DynamicV1Rebalance,8.0000,5955.4118,476.4329,survival,1.0000,1.0000,1.0000,1.0000,1.0000,0.9980,0.9875,0.9705,0.9295,0.8805,0.8115,0.7410,0.6785,0.6180,0.5680,0.5265,0.4820,0.4435,0.4110,0.3790,0.3505,0.3400,0.3340,0.3305,0.3255,0.3245,0.3230,0.3210,0.3170,0.3155,0.3145,0.3130,0.3120,0.3100,0.3090,0.3085,0.3075,0.3075,0.3070,0.3070,0.3070,0.3065,0.3060,0.3060,0.3060
71,1.8000,DynamicV1Rebalance,8.0000,5955.4118,476.4329,spend25p,476.9929,473.5946,469.8496,464.7765,460.0811,454.8354,446.1538,435.9449,417.2551,393.6258,333.9006,0.0000,0.0000,0.0000,0.0000,0.0000,0.0000,0.0000,0.0000,0.0000,0.0000,0.0000,0.0000,0.0000,0.0000,0.0000,0.0000,0.0000,0.0000,0.0000,0.0000,0.0000,0.0000,0.0000,0.0000,0.0000,0.0000,0.0000,0.0000,0.0000,0.0000,-3.4831,-13.0950,-25.1742,-35.3039
71,1.8000,DynamicV1Rebalance,8.0000,5955.4118,476.4329,spend50p,480.2769,483.8108,487.6485,490.2274,494.1521,497.3378,500.3221,502.8619,497.0981,488.4192,442.9783,419.5631,387.4715,355.3158,312.7040,256.7209,0.0000,0.0000,0.0000,0.0000,0.0000,0.0000,0.0000,0.0000,0.0000,0.0000,0.0000,0.0000,0.0000,0.0000,0.0000,0.0000,0.0000,0.0000,0.0000,0.0000,0.0000,0.0000,0.0000,0.0000,0.0000,0.0000,0.0000,0.0000,0.0000
71,1.8000,DynamicV1Rebalance,8.0000,5955.4118,476.4329,spend75p,483.6499,493.9655,505.9675,518.4027,531.4554,543.8087,557.4517,565.9166,573.9318,576.8363,539.9225,531.1222,518.7831,505.4932,486.4288,467.7513,444.8830,419.0497,396.8203,373.7106,344.1653,40.5152,29.7878,21.9488,10.4021,2.5105,0.0000,0.0000,0.0000,0.0000,0.0000,0.0000,0.0000,0.0000,0.0000,0.0000,0.0000,0.0000,0.0000,0.0000,0.0000,0.0000,0.0000,0.0000,0.0000
71,1.8000,DynamicV1Rebalance,9.0000,5293.6994,476.4329,survival,1.0000,1.0000,1.0000,1.0000,0.9995,0.9940,0.9750,0.9350,0.8760,0.7865,0.7055,0.6310,0.5675,0.5085,0.4525,0.4030,0.3600,0.3205,0.2870,0.2660,0.2450,0.2355,0.2330,0.2320,0.2285,0.2265,0.2220,0.2200,0.2180,0.2160,0.2155,0.2150,0.2150,0.2140,0.2130,0.2130,0.2130,0.2125,0.2125,0.2120,0.2120,0.2120,0.2120,0.2115,0.2110
71,1.8000,DynamicV1Rebalance,9.0000,5293.6994,476.4329,spend25p,476.9929,473.5946,469.8496,464.7765,459.9908,454.0205,443.4895,425.6562,399.5141,340.2886,0.0000,0.0000,0.0000,0.0000,0.0000,0.0000,0.0000,0.0000,0.0000,0.0000,0.0000,0.0000,0.0000,0.0000,0.0000,0.0000,0.0000,0.0000,0.0000,0.0000,0.0000,0.0000,0.0000,0.0000,0.0000,0.0000,0.0000,0.0000,0.0000,0.0000,0.0000,0.0000,0.0000,0.0000,0.0000
71,1.8000,DynamicV1Rebalance,9.0000,5293.6994,476.4329,spend50p,480.2769,483.8108,487.6485,490.2274,494.1261,496.9101,498.5518,494.6738,486.0818,461.0468,409.7152,372.1589,327.9514,240.0493,0.0000,0.0000,0.0000,0.0000,0.0000,0.0000,0.0000,0.0000,0.0000,0.0000,0.0000,0.0000,0.0000,0.0000,0.0000,0.0000,0.0000,0.0000,0.0000,0.0000,0.0000,0.0000,0.0000,0.0000,0.0000,0.0000,0.0000,0.0000,0.0000,0.0000,0.0000
71,1.8000,DynamicV1Rebalance,9.0000,5293.6994,476.4329,spend75p,483.6499,493.9655,505.9675,518.4027,531.4085,543.6963,555.7006,560.6587,562.6885,552.6210,515.1287,498.8537,484.1701,458.7619,431.0370,406.3902,375.6878,328.9677,279.3433,228.2195,0.0000,0.0000,0.0000,0.0000,0.0000,0.0000,0.0000,0.0000,0.0000,0.0000,0.0000,0.0000,0.0000,0.0000,0.0000,0.0000,0.0000,0.0000,0.0000,0.0000,0.0000,0.0000,0.0000,0.0000,0.0000
71,1.8000,DynamicV1Rebalance,10.0000,4764.3294,476.4329,survival,1.0000,1.0000,1.0000,1.0000,0.9985,0.9845,0.9520,0.8880,0.7865,0.6845,0.6000,0.5220,0.4550,0.3865,0.3300,0.2850,0.2470,0.2220,0.1970,0.1825,0.1655,0.1600,0.1555,0.1540,0.1510,0.1505,0.1495,0.1495,0.1485,0.1465,0.1465,0.1455,0.1445,0.1445,0.1445,0.1445,0.1445,0.1445,0.1445,0.1440,0.1440,0.1440,0.1440,0.1435,0.1435
71,1.8000,DynamicV1Rebalance,10.0000,4764.3294,476.4329,spend25p,476.9929,473.5946,469.8496,464.7765,459.9091,452.0508,437.5860,412.4875,353.0219,0.0000,0.0000,0.0000,0.0000,0.0000,0.0000,0.0000,0.0000,0.0000,0.0000,0.0000,0.0000,0.0000,0.0000,0.0000,0.0000,0.0000,0.0000,0.0000,0.0000,0.0000,0.0000,0.0000,0.0000,0.0000,0.0000,0.0000,0.0000,0.0000,0.0000,0.0000,0.0000,0.0000,0.0000,0.0000,0.0000
71,1.8000,DynamicV1Rebalance,10.0000,4764.3294,476.4329,spend50p,480.2769,483.8108,487.6485,490.2274,494.0160,496.0817,495.1115,485.7626,463.9638,423.4453,360.8523,292.1994,0.0000,0.0000,0.0000,0.0000,0.0000,0.0000,0.0000,0.0000,0.0000,0.0000,0.0000,0.0000,0.0000,0.0000,0.0000,0.0000,0.0000,0.0000,0.0000,0.0000,0.0000,0.0000,0.0000,0.0000,0.0000,0.0000,0.0000,0.0000,0.0000,0.0000,0.0000,0.0000,0.0000
71,1.8000,DynamicV1Rebalance,10.0000,4764.3294,476.4329,spend75p,483.6499,493.9655,505.9675,518.4027,531.2219,542.8206,551.4034,554.4853,545.8564,528.8482,491.9537,468.2850,440.0136,402.4030,355.4954,298.7093,0.0000,0.0000,0.0000,0.0000,0.0000,0.0000,0.0000,0.0000,0.0000,0.0000,0.0000,0.0000,0.0000,0.0000,0.0000,0.0000,0.0000,0.0000,0.0000,0.0000,0.0000,0.0000,0.0000,0.0000,0.0000,0.0000,0.0000,0.0000,0.0000
73,0.6000,DynamicV1Rebalance,2.5000,6925.7726,173.1443,survival,1.0000,1.0000,1.0000,1.0000,1.0000,1.0000,1.0000,1.0000,1.0000,1.0000,1.0000,1.0000,0.9995,0.9995,0.9980,0.9975,0.9960,0.9945,0.9945,0.9940,0.9940,0.9935,0.9910,0.9910,0.9910,0.9910,0.9910,0.9910,0.9910,0.9910,0.9910,0.9910,0.9910,0.9910,0.9910,0.9910,0.9910,0.9910,0.9910,0.9910,0.9910,0.9910,0.9910,0.9910,0.9910
73,0.6000,DynamicV1Rebalance,2.5000,6925.7726,173.1443,spend25p,173.3478,172.1553,170.8478,169.0673,167.4331,165.9494,164.1629,162.2902,160.4168,158.7991,137.3383,136.9761,135.7401,134.1110,132.9738,131.8112,130.3887,129.3018,128.8017,127.7439,127.2911,127.1983,125.7268,-353.2372,-369.6903,-384.1759,-401.2334,-415.0966,-433.8139,-456.0763,-475.6973,-494.8878,-519.8979,-543.9217,-569.5738,-600.1465,-626.8855,-653.6435,-681.6542,-711.2569,-740.3763,-769.9898,-801.0691,-837.0072,-868.5659
73,0.6000,DynamicV1Rebalance,2.5000,6925.7726,173.1443,spend50p,174.5413,175.8690,177.3199,178.3253,179.8322,181.1770,182.8693,184.6694,186.2542,187.6670,165.5410,166.0234,168.1544,169.4380,169.9092,170.5351,170.2533,170.1344,170.3379,171.2068,173.3365,173.5158,172.9445,-285.8054,-297.5470,-308.8475,-321.5775,-332.9859,-346.3324,-359.9749,-373.8872,-388.1994,-402.1583,-419.7717,-437.8484,-455.7632,-472.8774,-490.9336,-509.0855,-524.6214,-542.7692,-564.6358,-583.6363,-606.1268,-626.8318
73,0.6000,DynamicV1Rebalance,2.5000,6925.7726,173.1443,spend75p,175.7671,179.5603,183.9811,188.5743,193.4077,198.2602,203.9433,208.6597,214.1089,219.4109,195.2466,199.5974,203.2215,206.9838,211.2295,215.0342,218.4523,223.7463,227.8086,232.4845,234.7266,239.0647,243.0379,-239.6258,-247.4577,-256.1296,-263.9781,-272.7020,-280.9437,-291.7852,-302.1774,-312.5553,-323.1126,-335.6736,-345.2419,-355.0880,-367.6251,-379.2670,-391.6580,-405.1560,-418.8039,-431.2729,-446.2819,-461.2711,-474.7711
73,0.6000,DynamicV1Rebalance,3.0000,5771.4771,173.1443,survival,1.0000,1.0000,1.0000,1.0000,1.0000,1.0000,1.0000,1.0000,1.0000,1.0000,0.9995,0.9980,0.9970,0.9955,0.9950,0.9940,0.9915,0.9885,0.9850,0.9825,0.9790,0.9740,0.9695,0.9695,0.9695,0.9695,0.9695,0.9695,0.9695,0.9695,0.9695,0.9695,0.9695,0.9695,0.9695,0.9695,0.9695,0.9695,0.9695,0.9695,0.9695,0.9695,0.9695,0.9695,0.9695
73,0.6000,DynamicV1Rebalance,3.0000,5771.4771,173.1443,spend25p,173.3478,172.1553,170.8478,169.0673,167.4331,165.9494,164.1629,162.2902,160.4168,158.7991,137.3096,136.7024,135.5134,133.8060,132.5660,131.0899,129.5547,128.1814,126.6322,125.5759,125.0511,122.6625,121.2428,-348.4891,-362.6029,-379.6053,-394.6772,-410.7061,-427.9306,-447.0997,-469.6376,-489.9276,-510.1972,-533.7996,-559.6562,-586.3240,-617.2403,-642.0828,-666.6089,-692.6239,-723.8080,-754.5420,-789.5753,-821.5409,-855.7166
73,0.6000,DynamicV1Rebalance,3.0000,5771.4771,173.1443,spend50p,174.5413,175.8690,177.3199,178.3253,179.8322,181.1770,182.8693,184.6694,186.2542,187.6670,165.4169,165.8426,167.8130,169.1405,169.6339,169.9695,169.6552,168.7544,168.7607,169.5023,170.0689,170.9620,170.3874,-283.3338,-293.7888,-305.6589,-316.7201,-330.0184,-341.6108,-353.9930,-369.2342,-383.0878,-396.4565,-414.2264,-432.9501,-449.5992,-466.0433,-481.7658,-499.0102,-515.7602,-534.7078,-554.2506,-572.6530,-592.7004,-613.3062
73,0.6000,DynamicV1Rebalance,3.0000,5771.4771,173.1443,spend75p,175.7671,179.5603,183.9811,188.5743,193.4077,198.2602,203.9433,208.6597,214.1089,219.4109,195.2097,199.5382,202.7779,206.4349,210.9312,214.6155,217.4771,221.9601,226.1559,229.5992,231.6537,234.6581,238.5238,-235.3417,-243.7551,-251.6105,-258.9249,-267.3573,-276.2258,-286.2424,-296.5614,-306.6321,-317.3890,-327.3423,-338.3511,-347.4063,-358.2204,-369.6083,-382.7236,-396.5742,-408.5965,-421.3937,-434.4498,-449.8850,-462.5722
73,0.6000,DynamicV1Rebalance,3.5000,4946.9804,173.1443,survival,1.0000,1.0000,1.0000,1.0000,1.0000,1.0000,1.0000,1.0000,1.0000,0.9985,0.9975,0.9965,0.9940,0.9915,0.9860,0.9785,0.9720,0.9665,0.9605,0.9500,0.9395,0.9310,0.9240,0.9235,0.9235,0.9235,0.9235,0.9235,0.9235,0.9235,0.9235,0.9235,0.9235,0.9235,0.9235,0.9235,0.9235,0.9235,0.9235,0.9235,0.9235,0.9235,0.9235,0.9235,0.9235
73,0.6000,DynamicV1Rebalance,3.5000,4946.9804,173.1443,spend25p,173.3478,172.1553,170.8478,169.0673,167.4331,165.9494,164.1629,162.2902,160.4168,158.6258,137.1934,136.5285,135.2439,133.4037,131.6812,129.0325,127.4138,125.1159,122.8747,119.9061,117.0273,114.9414,113.1453,-336.7581,-352.8611,-366.2117,-382.4145,-400.2190,-416.8627,-433.5004,-454.0684,-473.3727,-493.6050,-516.0421,-540.5105,-566.7614,-593.3387,-621.3848,-649.1367,-670.0861,-701.0429,-730.0004,-759.0390,-790.2621,-825.2898
73,0.6000,DynamicV1Rebalance,3.5000,4946.9804,173.1443,spend50p,174.5413,175.8690,177.3199,178.3253,179.8322,181.1770,182.8693,184.6694,186.2542,187.6348,164.9487,165.5631,167.6415,168.6691,168.0078,167.7094,167.1213,165.7613,165.1060,163.2635,162.2798,161.6685,161.6017,-275.4791,-286.1160,-297.1960,-308.5217,-320.3053,-331.8984,-342.5861,-355.4841,-368.5392,-384.4827,-400.4671,-416.4139,-434.1851,-451.4085,-467.2985,-483.9107,-501.6102,-519.3794,-538.5790,-555.9137,-573.2324,-591.1924
73,0.6000,DynamicV1Rebalance,3.5000,4946.9804,173.1443,spend75p,175.7671,179.5603,183.9811,188.5743,193.4077,198.2602,203.9433,208.6597,214.1089,219.3754,194.8411,199.4997,202.5292,205.5047,209.6717,211.8212,214.2456,218.2103,221.1306,222.3014,223.4404,225.5351,226.8453,-228.0995,-234.7530,-242.3110,-250.5125,-257.7884,-265.2920,-273.0667,-281.2147,-289.0716,-297.8504,-309.9202,-320.4074,-329.7669,-339.3373,-349.7511,-363.0225,-372.7290,-384.1434,-398.0220,-408.7603,-420.9280,-437.1826
73,0.6000,DynamicV1Rebalance,4.0000,4328.6079,173.1443,survival,1.0000,1.0000,1.0000,1.0000,1.0000,1.0000,1.0000,1.0000,0.9990,0.9980,0.9945,0.9920,0.9865,0.9755,0.9685,0.9580,0.9475,0.9305,0.9170,0.8980,0.8865,0.8710,0.8575,0.8575,0.8575,0.8575,0.8575,0.8575,0.8575,0.8575,0.8575,0.8575,0.8575,0.8575,0.8575,0.8575,0.8575,0.8575,0.8575,0.8575,0.8575,0.8575,0.8575,0.8575,0.8575
73,0.6000,DynamicV1Rebalance,4.0000,4328.6079,173.1443,spend25p,173.3478,172.1553,170.8478,169.0673,167.4331,165.9494,164.1629,162.2902,160.2540,158.5343,136.9251,136.0511,134.2820,131.1137,129.1879,126.9149,123.8155,120.0741,115.5708,110.6990,107.0748,102.5336,97.4124,-324.1828,-339.6455,-354.9188,-370.9002,-387.3321,-401.7535,-419.7935,-434.8023,-455.2859,-475.8907,-497.4958,-523.5772,-546.3557,-569.3466,-589.2702,-617.7917,-648.0415,-674.9056,-697.4188,-726.5968,-755.0633,-782.3215
73,0.6000,DynamicV1Rebalance,4.0000,4328.6079,173.1443,spend50p,174.5413,175.8690,177.3199,178.3253,179.8322,181.1770,182.8693,184.6694,186.1977,187.6266,164.5337,165.2010,166.7103,166.7283,165.6334,165.0742,163.4843,160.7893,157.6520,154.3128,153.2220,150.1643,148.3572,-263.7302,-274.4029,-284.5556,-295.6718,-306.2353,-317.8116,-329.3791,-339.8485,-351.6311,-366.9056,-381.4768,-395.7544,-411.2253,-427.2850,-443.6653,-460.7915,-477.1474,-491.9000,-506.4695,-525.2383,-543.0847,-561.0029
73,0.6000,DynamicV1Rebalance,4.0000,4328.6079,173.1443,spend75p,175.7671,179.5603,183.9811,188.5743,193.4077,198.2602,203.9433,208.6597,214.0484,219.3478,194.4992,198.9966,201.7878,204.4386,206.5678,208.2228,210.8790,211.7229,211.4778,211.2130,214.1223,214.8350,212.4250,-213.9754,-219.6164,-225.1862,-232.1915,-238.3907,-244.3973,-251.6294,-257.9515,-264.7885,-272.7546,-280.4819,-288.2106,-295.8556,-304.5848,-313.6244,-325.4276,-331.3829,-340.2067,-351.2093,-365.7920,-375.3988,-385.5292
73,0.6000,DynamicV1Rebalance,5.0000,3462.8863,173.1443,survival,1.0000,1.0000,1.0000,1.0000,1.0000,1.0000,1.0000,0.9985,0.9970,0.9920,0.9815,0.9680,0.9525,0.9355,0.9155,0.8855,0.8565,0.8330,0.8160,0.7870,0.7635,0.7420,0.7170,0.7160,0.7160,0.7160,0.7160,0.7160,0.7160,0.7160,0.7160,0.7160,0.7160,0.7160,0.7160,0.7160,0.7160,0.7160,0.7160,0.7160,0.7160,0.7160,0.7160,0.7160,0.7160
73,0.6000,DynamicV1Rebalance,5.0000,3462.8863,173.1443,spend25p,173.3478,172.1553,170.8478,169.0673,167.4331,165.9494,164.1629,162.0312,159.9125,157.9591,135.3608,132.8078,129.0010,125.2803,120.9878,114.3048,106.2459,99.4352,92.8544,79.7149,66.4117,0.0000,0.0000,-299.5501,-312.7007,-326.0596,-339.2486,-355.8375,-370.9335,-386.3988,-402.3466,-418.4272,-436.5106,-454.2622,-473.6791,-492.1565,-514.3603,-537.1024,-559.6033,-576.5763,-598.4136,-619.8960,-648.1148,-681.2297,-707.8826
73,0.6000,DynamicV1Rebalance,5.0000,3462.8863,173.1443,spend50p,174.5413,175.8690,177.3199,178.3253,179.8322,181.1770,182.8693,184.4382,186.0835,187.1082,163.3559,163.2723,163.0020,161.2698,159.4231,155.2084,151.0415,147.0072,144.3775,138.9076,134.9625,130.9557,126.6593,-239.7094,-247.9345,-256.4531,-265.0844,-273.1478,-282.0910,-292.5953,-304.5282,-313.7565,-325.2019,-337.3371,-348.1655,-359.5938,-371.0089,-385.7518,-397.1465,-409.2814,-423.1645,-437.4302,-452.4557,-466.5320,-483.7329
73,0.6000,DynamicV1Rebalance,5.0000,3462.8863,173.1443,spend75p,175.7671,179.5603,183.9811,188.5743,193.4077,198.2602,203.9433,208.5504,213.9649,218.4655,193.4161,196.2406,198.2692,199.2482,200.8111,200.1317,198.0896,198.1243,199.2193,194.9345,193.3976,190.6832,189.1667,0.0000,0.0000,0.0000,0.0000,0.0000,0.0000,0.0000,0.0000,0.0000,0.0000,0.0000,0.0000,0.0000,0.0000,0.0000,0.0000,0.0000,0.0000,0.0000,0.0000,0.0000,0.0000
73,0.6000,DynamicV1Rebalance,6.0000,2885.7386,173.1443,survival,1.0000,1.0000,1.0000,1.0000,1.0000,1.0000,0.9985,0.9970,0.9870,0.9720,0.9525,0.9275,0.9000,0.8560,0.8220,0.7860,0.7540,0.7205,0.6840,0.6565,0.6285,0.6030,0.5810,0.5805,0.5805,0.5805,0.5805,0.5805,0.5805,0.5805,0.5805,0.5805,0.5805,0.5805,0.5805,0.5805,0.5805,0.5805,0.5805,0.5805,0.5805,0.5805,0.5805,0.5805,0.5805
73,0.6000,DynamicV1Rebalance,6.0000,2885.7386,173.1443,spend25p,173.3478,172.1553,170.8478,169.0673,167.4331,165.9494,163.6629,161.7595,158.6380,155.2331,132.1876,127.6033,121.8226,111.5304,103.5485,89.7326,63.1647,0.0000,0.0000,0.0000,0.0000,0.0000,0.0000,-279.7890,-290.6729,-302.8323,-314.3960,-324.7476,-337.6069,-350.8215,-365.1463,-379.8221,-394.8950,-413.9096,-430.9377,-448.8246,-466.0076,-481.3762,-499.2646,-519.4905,-539.2746,-562.3675,-579.4503,-600.7934,-618.6319
73,0.6000,DynamicV1Rebalance,6.0000,2885.7386,173.1443,spend50p,174.5413,175.8690,177.3199,178.3253,179.8322,181.1770,182.8288,184.3579,185.2268,186.1305,161.3911,160.0955,157.1376,151.3722,147.0139,142.1537,137.3047,130.9858,123.2924,116.9750,109.4685,101.7385,94.4208,-209.7433,-216.7886,-223.2647,-229.8701,-236.6358,-242.4227,-249.1239,-255.6249,-261.8643,-269.6601,-278.7827,-284.8394,-293.3678,-301.4055,-311.0878,-318.6357,-328.4819,-338.1419,-346.9699,-357.9659,-374.5780,-385.4767
73,0.6000,DynamicV1Rebalance,6.0000,2885.7386,173.1443,spend75p,175.7671,179.5603,183.9811,188.5743,193.4077,198.2602,203.8803,208.4506,212.9672,216.7703,191.1708,193.1296,193.2929,191.8948,191.5828,189.9988,186.6962,184.7624,181.3690,176.9382,173.0467,170.7975,167.3464,0.0000,0.0000,0.0000,0.0000,0.0000,0.0000,0.0000,0.0000,0.0000,0.0000,0.0000,0.0000,0.0000,0.0000,0.0000,0.0000,0.0000,0.0000,0.0000,0.0000,0.0000,0.0000
73,0.6000,DynamicV1Rebalance,7.0000,2473.4902,173.1443,survival,1.0000,1.0000,1.0000,1.0000,1.0000,0.9990,0.9965,0.9850,0.9680,0.9335,0.8990,0.8555,0.8040,0.7555,0.7155,0.6605,0.6200,0.5885,0.5550,0.5290,0.5000,0.4815,0.4615,0.4605,0.4605,0.4605,0.4605,0.4605,0.4605,0.4605,0.4605,0.4605,0.4605,0.4605,0.4605,0.4605,0.4605,0.4605,0.4605,0.4605,0.4605,0.4605,0.4605,0.4605,0.4605
73,0.6000,DynamicV1Rebalance,7.0000,2473.4902,173.1443,spend25p,173.3478,172.1553,170.8478,169.0673,167.4331,165.8395,163.4968,160.4580,156.3547,150.6472,125.1408,116.3357,103.7428,73.2408,0.0000,0.0000,0.0000,0.0000,0.0000,0.0000,0.0000,0.0000,0.0000,-252.2888,-260.8515,-269.7855,-280.2958,-290.6470,-302.6361,-313.5621,-325.8183,-340.8833,-354.2619,-370.0742,-384.5107,-400.9510,-414.6565,-431.0224,-445.7301,-462.5410,-476.4095,-491.5826,-507.5153,-528.3819,-548.1617
73,0.6000,DynamicV1Rebalance,7.0000,2473.4902,173.1443,spend50p,174.5413,175.8690,177.3199,178.3253,179.8322,181.1309,182.8075,183.8417,184.2706,183.2716,156.1860,152.1847,145.8999,139.7622,132.1139,123.4643,112.9194,103.8481,92.2714,77.9093,11.2930,0.0000,0.0000,0.0000,0.0000,0.0000,0.0000,0.0000,0.0000,0.0000,0.0000,0.0000,0.0000,0.0000,0.0000,0.0000,0.0000,0.0000,0.0000,0.0000,0.0000,0.0000,0.0000,0.0000,0.0000
73,0.6000,DynamicV1Rebalance,7.0000,2473.4902,173.1443,spend75p,175.7671,179.5603,183.9811,188.5743,193.4077,198.0899,203.8706,207.5618,211.1896,214.0864,187.4297,187.2325,185.0383,182.6198,179.2655,173.8586,170.2622,165.1343,159.0527,153.5378,147.9282,142.9776,139.8664,0.0000,0.0000,0.0000,0.0000,0.0000,0.0000,0.0000,0.0000,0.0000,0.0000,0.0000,0.0000,0.0000,0.0000,0.0000,0.0000,0.0000,0.0000,0.0000,0.0000,0.0000,0.0000
73,0.6000,DynamicV1Rebalance,8.0000,2164.3039,173.1443,survival,1.0000,1.0000,1.0000,1.0000,1.0000,0.9980,0.9870,0.9705,0.9285,0.8795,0.8165,0.7520,0.6985,0.6325,0.5860,0.5485,0.5095,0.4710,0.4405,0.4085,0.3815,0.3570,0.3315,0.3310,0.3310,0.3310,0.3310,0.3310,0.3310,0.3310,0.3310,0.3310,0.3310,0.3310,0.3310,0.3310,0.3310,0.3310,0.3310,0.3310,0.3310,0.3310,0.3310,0.3310,0.3310
73,0.6000,DynamicV1Rebalance,8.0000,2164.3039,173.1443,spend25p,173.3478,172.1553,170.8478,169.0673,167.4331,165.6068,162.5221,158.9138,152.0794,143.6369,112.6171,76.5766,0.0000,0.0000,0.0000,0.0000,0.0000,0.0000,0.0000,0.0000,0.0000,0.0000,0.0000,-222.7266,-229.1243,-236.5652,-244.0093,-251.1089,-258.4061,-265.0558,-272.2721,-280.7466,-291.2793,-299.7006,-310.0806,-320.1649,-333.0065,-343.9237,-360.5414,-370.8754,-380.0627,-393.6864,-407.4688,-421.8164,-439.2077
73,0.6000,DynamicV1Rebalance,8.0000,2164.3039,173.1443,spend50p,174.5413,175.8690,177.3199,178.3253,179.8322,181.0821,182.2411,183.3068,181.3099,178.1940,148.9471,140.8463,132.1964,121.2996,108.3319,97.0241,70.2524,0.0000,0.0000,0.0000,0.0000,0.0000,0.0000,0.0000,0.0000,0.0000,0.0000,0.0000,0.0000,0.0000,0.0000,0.0000,0.0000,0.0000,0.0000,0.0000,0.0000,0.0000,0.0000,0.0000,0.0000,0.0000,0.0000,0.0000,0.0000
73,0.6000,DynamicV1Rebalance,8.0000,2164.3039,173.1443,spend75p,175.7671,179.5603,183.9811,188.5743,193.4077,198.0023,202.9744,206.2920,209.3518,209.9732,180.2296,177.4457,175.2806,169.4365,165.4406,159.6732,152.9792,145.8106,138.9441,130.7119,124.1446,116.1071,105.2573,0.0000,0.0000,0.0000,0.0000,0.0000,0.0000,0.0000,0.0000,0.0000,0.0000,0.0000,0.0000,0.0000,0.0000,0.0000,0.0000,0.0000,0.0000,0.0000,0.0000,0.0000,0.0000
73,0.6000,DynamicV1Rebalance,9.0000,1923.8257,173.1443,survival,1.0000,1.0000,1.0000,1.0000,0.9990,0.9940,0.9750,0.9345,0.8760,0.7850,0.7095,0.6420,0.5805,0.5260,0.4775,0.4305,0.3830,0.3470,0.3140,0.2850,0.2675,0.2460,0.2305,0.2300,0.2300,0.2300,0.2300,0.2300,0.2300,0.2300,0.2300,0.2300,0.2300,0.2300,0.2300,0.2300,0.2300,0.2300,0.2300,0.2300,0.2300,0.2300,0.2300,0.2300,0.2300
73,0.6000,DynamicV1Rebalance,9.0000,1923.8257,173.1443,spend25p,173.3478,172.1553,170.8478,169.0673,167.3847,165.3101,161.5655,155.1070,145.7299,124.1041,0.0000,0.0000,0.0000,0.0000,0.0000,0.0000,0.0000,0.0000,0.0000,0.0000,0.0000,0.0000,0.0000,0.0000,0.0000,0.0000,0.0000,0.0000,0.0000,0.0000,0.0000,0.0000,0.0000,0.0000,0.0000,0.0000,0.0000,0.0000,0.0000,0.0000,0.0000,0.0000,0.0000,0.0000,0.0000
73,0.6000,DynamicV1Rebalance,9.0000,1923.8257,173.1443,spend50p,174.5413,175.8690,177.3199,178.3253,179.8117,180.9263,181.6250,180.3042,177.3070,168.0201,137.0790,126.0951,111.7540,91.6043,0.0000,0.0000,0.0000,0.0000,0.0000,0.0000,0.0000,0.0000,0.0000,0.0000,0.0000,0.0000,0.0000,0.0000,0.0000,0.0000,0.0000,0.0000,0.0000,0.0000,0.0000,0.0000,0.0000,0.0000,0.0000,0.0000,0.0000,0.0000,0.0000,0.0000,0.0000
73,0.6000,DynamicV1Rebalance,9.0000,1923.8257,173.1443,spend75p,175.7671,179.5603,183.9811,188.5743,193.3556,197.9613,202.4446,204.3620,205.2506,201.6697,172.2521,167.6787,162.6005,155.6781,148.5049,139.9344,130.3666,120.2978,106.2204,89.2884,74.9639,0.0000,0.0000,0.0000,0.0000,0.0000,0.0000,0.0000,0.0000,0.0000,0.0000,0.0000,0.0000,0.0000,0.0000,0.0000,0.0000,0.0000,0.0000,0.0000,0.0000,0.0000,0.0000,0.0000,0.0000
73,0.6000,DynamicV1Rebalance,10.0000,1731.4431,173.1443,survival,1.0000,1.0000,1.0000,1.0000,0.9985,0.9845,0.9515,0.8870,0.7845,0.6830,0.6025,0.5320,0.4700,0.4050,0.3560,0.3035,0.2710,0.2405,0.2195,0.1960,0.1810,0.1695,0.1555,0.1545,0.1545,0.1545,0.1545,0.1545,0.1545,0.1545,0.1545,0.1545,0.1545,0.1545,0.1545,0.1545,0.1545,0.1545,0.1545,0.1545,0.1545,0.1545,0.1545,0.1545,0.1545
73,0.6000,DynamicV1Rebalance,10.0000,1731.4431,173.1443,spend25p,173.3478,172.1553,170.8478,169.0673,167.3705,164.5929,159.3935,150.2945,128.2521,0.0000,0.0000,0.0000,0.0000,0.0000,0.0000,0.0000,0.0000,0.0000,0.0000,0.0000,0.0000,0.0000,0.0000,0.0000,0.0000,0.0000,0.0000,0.0000,0.0000,0.0000,0.0000,0.0000,0.0000,0.0000,0.0000,0.0000,0.0000,0.0000,0.0000,0.0000,0.0000,0.0000,0.0000,0.0000,0.0000
73,0.6000,DynamicV1Rebalance,10.0000,1731.4431,173.1443,spend50p,174.5413,175.8690,177.3199,178.3253,179.7827,180.6247,180.3526,177.0076,168.9971,154.1846,120.7194,102.6287,0.0000,0.0000,0.0000,0.0000,0.0000,0.0000,0.0000,0.0000,0.0000,0.0000,0.0000,0.0000,0.0000,0.0000,0.0000,0.0000,0.0000,0.0000,0.0000,0.0000,0.0000,0.0000,0.0000,0.0000,0.0000,0.0000,0.0000,0.0000,0.0000,0.0000,0.0000,0.0000,0.0000
73,0.6000,DynamicV1Rebalance,10.0000,1731.4431,173.1443,spend75p,175.7671,179.5603,183.9811,188.5743,193.3227,197.6425,200.8513,202.1250,198.8352,192.8084,164.1567,157.7909,148.7385,137.1250,125.8773,107.5321,87.8718,0.0000,0.0000,0.0000,0.0000,0.0000,0.0000,0.0000,0.0000,0.0000,0.0000,0.0000,0.0000,0.0000,0.0000,0.0000,0.0000,0.0000,0.0000,0.0000,0.0000,0.0000,0.0000,0.0000,0.0000,0.0000,0.0000,0.0000,0.0000
73,0.8000,DynamicV1Rebalance,2.5000,8947.6968,223.6924,survival,1.0000,1.0000,1.0000,1.0000,1.0000,1.0000,1.0000,1.0000,1.0000,1.0000,1.0000,1.0000,0.9995,0.9995,0.9980,0.9975,0.9955,0.9945,0.9945,0.9940,0.9940,0.9925,0.9900,0.9900,0.9900,0.9900,0.9900,0.9900,0.9900,0.9900,0.9900,0.9900,0.9900,0.9900,0.9900,0.9900,0.9900,0.9900,0.9900,0.9900,0.9900,0.9900,0.9900,0.9900,0.9900
73,0.8000,DynamicV1Rebalance,2.5000,8947.6968,223.6924,spend25p,223.9553,222.3952,220.6815,218.3521,216.2077,214.2539,211.9057,209.4431,206.9770,204.8385,183.1177,182.6347,180.9868,178.8147,177.2984,175.7483,173.7536,172.4024,171.7355,170.3252,169.7214,169.4113,166.9954,-270.9656,-285.8977,-301.0363,-315.8980,-331.3497,-347.1104,-365.0997,-384.4267,-404.1733,-424.9507,-447.2129,-471.0140,-497.2863,-525.4653,-551.2772,-574.0832,-603.7001,-627.4674,-657.6555,-683.3070,-715.3459,-746.3841
73,0.8000,DynamicV1Rebalance,2.5000,8947.6968,223.6924,spend50p,225.4972,227.1927,229.0413,230.3090,232.2189,233.9139,236.0523,238.3245,240.3135,242.0758,220.7213,221.3646,224.2058,225.9174,226.5456,227.3801,227.0044,226.8459,227.1172,228.2758,231.1154,231.2726,230.0109,-228.3125,-238.7668,-250.3456,-261.4030,-273.1284,-285.4166,-297.9002,-310.9891,-324.8636,-339.9371,-355.7915,-372.8707,-390.5417,-408.2551,-423.5726,-440.8484,-455.9423,-473.4812,-493.2582,-512.9136,-532.3778,-552.7871
73,0.8000,DynamicV1Rebalance,2.5000,8947.6968,223.6924,spend75p,227.0809,231.9612,237.6455,243.5457,249.7490,255.9698,263.2551,269.2851,276.2530,283.0229,260.3288,266.1299,270.9620,275.9784,281.6393,286.7123,291.2697,298.3284,303.7448,309.9793,312.9688,318.2205,323.8138,-196.7807,-205.6971,-213.6716,-222.0579,-230.0911,-239.1775,-249.6452,-260.0060,-269.6903,-280.9481,-290.9138,-302.6486,-313.2520,-324.7394,-336.8014,-347.6803,-362.2364,-374.0004,-385.6542,-399.4907,-413.9394,-427.8052
73,0.8000,DynamicV1Rebalance,3.0000,7456.4140,223.6924,survival,1.0000,1.0000,1.0000,1.0000,1.0000,1.0000,1.0000,1.0000,1.0000,1.0000,0.9990,0.9980,0.9965,0.9955,0.9950,0.9935,0.9915,0.9875,0.9845,0.9810,0.9765,0.9715,0.9675,0.9675,0.9675,0.9675,0.9675,0.9675,0.9675,0.9675,0.9675,0.9675,0.9675,0.9675,0.9675,0.9675,0.9675,0.9675,0.9675,0.9675,0.9675,0.9675,0.9675,0.9675,0.9675
73,0.8000,DynamicV1Rebalance,3.0000,7456.4140,223.6924,spend25p,223.9553,222.3952,220.6815,218.3521,216.2077,214.2539,211.9057,209.4431,206.9770,204.8385,183.0319,182.2698,180.6190,178.4080,176.7547,174.6927,172.7396,170.8618,168.6380,167.2224,165.7655,163.2342,161.4886,-268.2725,-281.5185,-295.8045,-312.4597,-327.9971,-343.8321,-361.2353,-381.3744,-400.2728,-419.2802,-440.8370,-463.0264,-488.2729,-514.5968,-538.2887,-565.2961,-588.3710,-617.4501,-644.3694,-670.0198,-700.1514,-732.6683
73,0.8000,DynamicV1Rebalance,3.0000,7456.4140,223.6924,spend50p,225.4972,227.1927,229.0413,230.3090,232.2189,233.9139,236.0523,238.3245,240.3135,242.0758,220.2902,221.1234,223.7330,225.5206,226.1785,226.5318,226.2069,224.9135,225.0143,225.7380,226.2708,227.7317,226.7071,-226.1465,-236.3579,-246.9114,-258.8096,-269.9577,-281.6468,-293.6848,-307.0439,-321.4259,-336.0472,-350.6286,-367.9399,-384.2188,-401.3181,-417.4764,-432.9088,-448.3130,-465.5578,-485.7114,-504.4592,-521.2058,-540.4264
73,0.8000,DynamicV1Rebalance,3.0000,7456.4140,223.6924,spend75p,227.0809,231.9612,237.6455,243.5457,249.7490,255.9698,263.2551,269.2851,276.2530,283.0229,260.2795,266.0510,270.2861,275.2465,281.2416,286.1006,289.9695,295.7255,301.5412,305.6756,308.3632,312.4383,317.7307,-194.6279,-202.6383,-210.9633,-219.1648,-226.6943,-235.4873,-245.2712,-254.2686,-264.3699,-275.4520,-285.6963,-295.8420,-306.4524,-317.7761,-328.5763,-340.6515,-353.8732,-363.6942,-376.4963,-390.2315,-405.5773,-418.1319
73,0.8000,DynamicV1Rebalance,3.5000,6391.2120,223.6924,survival,1.0000,1.0000,1.0000,1.0000,1.0000,1.0000,1.0000,1.0000,1.0000,0.9985,0.9975,0.9955,0.9940,0.9910,0.9840,0.9760,0.9705,0.9645,0.9570,0.9475,0.9355,0.9270,0.9150,0.9145,0.9145,0.9145,0.9145,0.9145,0.9145,0.9145,0.9145,0.9145,0.9145,0.9145,0.9145,0.9145,0.9145,0.9145,0.9145,0.9145,0.9145,0.9145,0.9145,0.9145,0.9145
73,0.8000,DynamicV1Rebalance,3.5000,6391.2120,223.6924,spend25p,223.9553,222.3952,220.6815,218.3521,216.2077,214.2539,211.9057,209.4431,206.9770,204.6149,182.9246,181.9308,180.3252,177.8230,175.1568,171.8190,169.4873,166.6215,163.3615,159.5316,154.8055,151.9537,148.4619,-258.9731,-272.4485,-286.8701,-301.9612,-317.4560,-334.8612,-351.7748,-367.0493,-383.4863,-404.6733,-424.3570,-447.7081,-471.6612,-495.6385,-523.0287,-547.0338,-569.0524,-593.3260,-619.0404,-642.4160,-675.7245,-704.9234
73,0.8000,DynamicV1Rebalance,3.5000,6391.2120,223.6924,spend50p,225.4972,227.1927,229.0413,230.3090,232.2189,233.9139,236.0523,238.3245,240.3135,242.0343,219.9316,220.6978,223.5220,224.8219,223.0970,222.8496,222.5806,220.8185,219.5231,217.4393,215.4157,214.6214,213.2171,-219.4327,-230.1164,-240.4330,-251.2128,-262.7865,-273.1246,-284.5460,-296.4295,-308.9786,-323.7780,-338.6488,-354.2345,-370.3897,-385.8003,-401.6213,-418.6001,-435.2031,-451.6492,-466.2826,-484.2538,-504.0064,-521.3086
73,0.8000,DynamicV1Rebalance,3.5000,6391.2120,223.6924,spend75p,227.0809,231.9612,237.6455,243.5457,249.7490,255.9698,263.2551,269.2851,276.2530,282.9771,259.7881,265.9634,270.0389,274.0063,279.2673,282.0050,285.5205,290.5680,293.7764,296.1311,297.7357,299.8095,299.7318,-189.1832,-196.1735,-203.4080,-210.5436,-218.3201,-226.1298,-234.4434,-241.9360,-250.6296,-260.0614,-269.3447,-278.6491,-288.2394,-299.2341,-310.1961,-322.0124,-331.8614,-342.5006,-353.8530,-365.0639,-377.9539,-389.9967
73,0.8000,DynamicV1Rebalance,4.0000,5592.3105,223.6924,survival,1.0000,1.0000,1.0000,1.0000,1.0000,1.0000,1.0000,1.0000,0.9990,0.9980,0.9945,0.9920,0.9860,0.9750,0.9675,0.9550,0.9445,0.9265,0.9130,0.8950,0.8805,0.8640,0.8500,0.8495,0.8495,0.8495,0.8495,0.8495,0.8495,0.8495,0.8495,0.8495,0.8495,0.8495,0.8495,0.8495,0.8495,0.8495,0.8495,0.8495,0.8495,0.8495,0.8495,0.8495,0.8495
73,0.8000,DynamicV1Rebalance,4.0000,5592.3105,223.6924,spend25p,223.9553,222.3952,220.6815,218.3521,216.2077,214.2539,211.9057,209.4431,206.7670,204.4969,182.5668,181.4014,178.9418,174.7699,171.8768,167.9596,164.5516,158.4046,152.8164,147.0034,140.6299,134.4841,127.8400,-251.6887,-265.1033,-280.4622,-295.1720,-309.5708,-324.4893,-339.5798,-355.7260,-373.3132,-390.4744,-411.5123,-434.5262,-457.1896,-477.8881,-498.3619,-524.5477,-551.1995,-575.2196,-596.2718,-622.2330,-645.6719,-670.7194
73,0.8000,DynamicV1Rebalance,4.0000,5592.3105,223.6924,spend50p,225.4972,227.1927,229.0413,230.3090,232.2189,233.9139,236.0523,238.3245,240.2407,242.0236,219.3783,220.2680,222.2000,222.1567,220.8446,219.6154,217.7522,213.6835,209.7449,205.3696,202.4333,198.9983,196.2176,-212.4178,-221.1137,-231.4621,-242.4799,-253.2655,-264.2874,-274.8771,-285.4901,-297.0951,-310.8967,-324.7091,-339.5612,-353.6851,-368.3940,-384.9491,-400.4978,-414.3626,-428.1618,-446.1024,-460.8991,-476.2361,-493.7119
73,0.8000,DynamicV1Rebalance,4.0000,5592.3105,223.6924,spend75p,227.0809,231.9612,237.6455,243.5457,249.7490,255.9698,263.2551,269.2851,276.1749,282.9415,259.3322,265.3288,268.8529,272.2829,275.4238,277.0292,280.8464,281.6394,280.9672,281.4038,284.2328,283.7813,281.6502,-179.3564,-185.8634,-192.0719,-198.2365,-204.3813,-211.7274,-218.7881,-225.9413,-232.9176,-239.7815,-248.0355,-255.8475,-264.0307,-272.1017,-281.5889,-291.1433,-299.0161,-308.5997,-317.4588,-326.5006,-340.0037,-350.3514
73,0.8000,DynamicV1Rebalance,5.0000,4473.8484,223.6924,survival,1.0000,1.0000,1.0000,1.0000,1.0000,1.0000,1.0000,0.9985,0.9970,0.9920,0.9815,0.9670,0.9515,0.9330,0.9130,0.8775,0.8495,0.8315,0.8100,0.7775,0.7555,0.7305,0.7110,0.7100,0.7100,0.7100,0.7100,0.7100,0.7100,0.7100,0.7100,0.7100,0.7100,0.7100,0.7100,0.7100,0.7100,0.7100,0.7100,0.7100,0.7100,0.7100,0.7100,0.7100,0.7100
73,0.8000,DynamicV1Rebalance,5.0000,4473.8484,223.6924,spend25p,223.9553,222.3952,220.6815,218.3521,216.2077,214.2539,211.9057,209.1088,206.3263,203.7549,180.4811,176.8152,171.7361,166.3671,160.9192,151.1861,139.9427,132.1926,121.4252,101.5757,75.0975,0.0000,0.0000,-236.9750,-249.4884,-261.1357,-274.0405,-289.2601,-302.3457,-316.1200,-330.0480,-345.5468,-364.5760,-380.7654,-399.0179,-418.6028,-438.6269,-460.8193,-478.9733,-497.6629,-516.9060,-536.9627,-562.5667,-587.3039,-612.9552
73,0.8000,DynamicV1Rebalance,5.0000,4473.8484,223.6924,spend50p,225.4972,227.1927,229.0413,230.3090,232.2189,233.9139,236.0523,238.0261,240.0933,241.3550,217.8079,217.6703,217.1916,214.3341,211.4675,205.8600,200.2381,195.7542,191.6603,183.4900,178.3836,172.7671,166.2881,-196.5111,-205.3972,-213.4953,-221.6555,-230.0114,-238.9996,-248.8935,-260.0041,-269.5393,-280.9359,-291.8584,-303.6806,-315.1458,-326.5100,-338.8641,-350.5121,-363.5885,-375.9744,-388.7877,-404.6386,-417.0941,-432.2570
73,0.8000,DynamicV1Rebalance,5.0000,4473.8484,223.6924,spend75p,227.0809,231.9612,237.6455,243.5457,249.7490,255.9698,263.2551,269.1440,276.0671,281.8034,257.8882,261.6382,264.3589,265.4774,266.5070,265.9698,263.0940,263.9994,264.3324,259.2129,256.2168,251.8365,250.7725,0.0000,0.0000,0.0000,0.0000,0.0000,0.0000,0.0000,0.0000,0.0000,0.0000,0.0000,0.0000,0.0000,0.0000,0.0000,0.0000,0.0000,0.0000,0.0000,0.0000,0.0000,0.0000
73,0.8000,DynamicV1Rebalance,6.0000,3728.2070,223.6924,survival,1.0000,1.0000,1.0000,1.0000,1.0000,1.0000,0.9985,0.9970,0.9870,0.9720,0.9520,0.9255,0.8975,0.8510,0.8180,0.7815,0.7450,0.7090,0.6745,0.6455,0.6220,0.5915,0.5740,0.5735,0.5735,0.5735,0.5735,0.5735,0.5735,0.5735,0.5735,0.5735,0.5735,0.5735,0.5735,0.5735,0.5735,0.5735,0.5735,0.5735,0.5735,0.5735,0.5735,0.5735,0.5735
73,0.8000,DynamicV1Rebalance,6.0000,3728.2070,223.6924,spend25p,223.9553,222.3952,220.6815,218.3521,216.2077,214.2539,211.2602,208.7582,204.6819,200.2386,176.1824,169.8448,161.6067,147.4014,137.6258,116.8178,0.0000,0.0000,0.0000,0.0000,0.0000,0.0000,0.0000,-223.3112,-234.0868,-244.5426,-255.5414,-266.6620,-279.0533,-290.5522,-303.9698,-318.8995,-333.1169,-349.2229,-366.5271,-382.5799,-401.0356,-417.5478,-433.3980,-450.7025,-469.0334,-488.7006,-508.1446,-525.6248,-547.0403
73,0.8000,DynamicV1Rebalance,6.0000,3728.2070,223.6924,spend50p,225.4972,227.1927,229.0413,230.3090,232.2189,233.9139,236.0000,237.9225,238.9879,240.0939,215.1348,213.0163,208.7804,200.7900,195.7322,189.0670,181.7923,171.1182,162.0215,152.3393,143.5323,131.2720,122.5280,-177.5203,-183.6698,-189.3291,-196.0314,-202.6835,-208.6853,-214.9895,-222.7671,-229.9446,-238.1313,-244.9280,-253.0940,-261.7995,-269.2306,-277.5274,-287.4852,-296.0147,-304.2542,-312.9434,-324.1936,-336.9208,-348.5306
73,0.8000,DynamicV1Rebalance,6.0000,3728.2070,223.6924,spend75p,227.0809,231.9612,237.6455,243.5457,249.7490,255.9698,263.1739,269.0152,274.7798,279.6168,254.5328,257.0938,257.1060,255.5983,254.8797,252.6980,247.1901,243.5435,239.2234,231.9682,229.1621,224.2986,220.4086,0.0000,0.0000,0.0000,0.0000,0.0000,0.0000,0.0000,0.0000,0.0000,0.0000,0.0000,0.0000,0.0000,0.0000,0.0000,0.0000,0.0000,0.0000,0.0000,0.0000,0.0000,0.0000
73,0.8000,DynamicV1Rebalance,7.0000,3195.6060,223.6924,survival,1.0000,1.0000,1.0000,1.0000,1.0000,0.9990,0.9965,0.9850,0.9685,0.9340,0.8975,0.8530,0.8005,0.7525,0.7045,0.6520,0.6160,0.5800,0.5460,0.5150,0.4895,0.4695,0.4485,0.4470,0.4470,0.4470,0.4470,0.4470,0.4470,0.4470,0.4470,0.4470,0.4470,0.4470,0.4470,0.4470,0.4470,0.4470,0.4470,0.4470,0.4470,0.4470,0.4470,0.4470,0.4470
73,0.8000,DynamicV1Rebalance,7.0000,3195.6060,223.6924,spend25p,223.9553,222.3952,220.6815,218.3521,216.2077,214.1120,211.0458,207.0786,201.8351,194.5500,166.7788,154.7253,136.7017,92.9033,0.0000,0.0000,0.0000,0.0000,0.0000,0.0000,0.0000,0.0000,0.0000,-203.4150,-212.2340,-221.9755,-230.6284,-240.6831,-250.5185,-261.4570,-272.9844,-286.9459,-299.3786,-313.4017,-327.7500,-342.4646,-357.6384,-371.7454,-386.4084,-399.4146,-415.6909,-427.5815,-445.2350,-461.0588,-479.6050
73,0.8000,DynamicV1Rebalance,7.0000,3195.6060,223.6924,spend50p,225.4972,227.1927,229.0413,230.3090,232.2189,233.8545,235.9726,237.2562,237.7987,236.4622,207.9738,202.4318,193.1826,185.8146,174.7132,162.0677,149.4644,135.8664,117.4443,93.6807,0.0000,0.0000,0.0000,0.0000,0.0000,0.0000,0.0000,0.0000,0.0000,0.0000,0.0000,0.0000,0.0000,0.0000,0.0000,0.0000,0.0000,0.0000,0.0000,0.0000,0.0000,0.0000,0.0000,0.0000,0.0000
73,0.8000,DynamicV1Rebalance,7.0000,3195.6060,223.6924,spend75p,227.0809,231.9612,237.6455,243.5457,249.7490,255.7498,263.1613,267.8681,272.4863,276.2769,249.8523,249.4877,246.1911,243.3295,237.4981,230.9920,226.0504,218.6158,210.0756,201.2611,193.6305,188.1469,181.8120,0.0000,0.0000,0.0000,0.0000,0.0000,0.0000,0.0000,0.0000,0.0000,0.0000,0.0000,0.0000,0.0000,0.0000,0.0000,0.0000,0.0000,0.0000,0.0000,0.0000,0.0000,0.0000
73,0.8000,DynamicV1Rebalance,8.0000,2796.1552,223.6924,survival,1.0000,1.0000,1.0000,1.0000,1.0000,0.9980,0.9870,0.9705,0.9290,0.8805,0.8145,0.7490,0.6890,0.6275,0.5795,0.5400,0.5005,0.4615,0.4300,0.3970,0.3705,0.3455,0.3170,0.3160,0.3160,0.3160,0.3160,0.3160,0.3160,0.3160,0.3160,0.3160,0.3160,0.3160,0.3160,0.3160,0.3160,0.3160,0.3160,0.3160,0.3160,0.3160,0.3160,0.3160,0.3160
73,0.8000,DynamicV1Rebalance,8.0000,2796.1552,223.6924,spend25p,223.9553,222.3952,220.6815,218.3521,216.2077,213.8116,209.7877,205.0856,196.3104,185.3406,149.4554,0.0000,0.0000,0.0000,0.0000,0.0000,0.0000,0.0000,0.0000,0.0000,0.0000,0.0000,0.0000,-183.5106,-189.7669,-197.4318,-203.3744,-210.9129,-219.4981,-225.5798,-231.8697,-240.0312,-248.6448,-257.5079,-267.3335,-276.3381,-288.2636,-299.6519,-310.2861,-320.2491,-332.4443,-344.5090,-360.2595,-371.4444,-385.9800
73,0.8000,DynamicV1Rebalance,8.0000,2796.1552,223.6924,spend50p,225.4972,227.1927,229.0413,230.3090,232.2189,233.7914,235.2414,236.5660,233.9342,229.9746,197.8619,187.2767,174.5177,160.8315,142.7943,124.5458,53.7684,0.0000,0.0000,0.0000,0.0000,0.0000,0.0000,0.0000,0.0000,0.0000,0.0000,0.0000,0.0000,0.0000,0.0000,0.0000,0.0000,0.0000,0.0000,0.0000,0.0000,0.0000,0.0000,0.0000,0.0000,0.0000,0.0000,0.0000,0.0000
73,0.8000,DynamicV1Rebalance,8.0000,2796.1552,223.6924,spend75p,227.0809,231.9612,237.6455,243.5457,249.7490,255.6367,262.0044,266.2294,270.1152,271.6062,240.1896,236.4661,232.1619,225.6072,219.5390,210.2290,202.7699,192.2301,181.9974,172.1864,161.4347,149.2049,133.0077,0.0000,0.0000,0.0000,0.0000,0.0000,0.0000,0.0000,0.0000,0.0000,0.0000,0.0000,0.0000,0.0000,0.0000,0.0000,0.0000,0.0000,0.0000,0.0000,0.0000,0.0000,0.0000
73,0.8000,DynamicV1Rebalance,9.0000,2485.4713,223.6924,survival,1.0000,1.0000,1.0000,1.0000,0.9990,0.9940,0.9750,0.9350,0.8760,0.7850,0.7085,0.6395,0.5755,0.5205,0.4705,0.4215,0.3740,0.3370,0.3040,0.2795,0.2590,0.2390,0.2245,0.2235,0.2235,0.2235,0.2235,0.2235,0.2235,0.2235,0.2235,0.2235,0.2235,0.2235,0.2235,0.2235,0.2235,0.2235,0.2235,0.2235,0.2235,0.2235,0.2235,0.2235,0.2235
73,0.8000,DynamicV1Rebalance,9.0000,2485.4713,223.6924,spend25p,223.9553,222.3952,220.6815,218.3521,216.1452,213.4285,208.5529,200.2454,188.0272,160.0846,0.0000,0.0000,0.0000,0.0000,0.0000,0.0000,0.0000,0.0000,0.0000,0.0000,0.0000,0.0000,0.0000,0.0000,0.0000,0.0000,0.0000,0.0000,0.0000,0.0000,0.0000,0.0000,0.0000,0.0000,0.0000,0.0000,0.0000,0.0000,0.0000,0.0000,0.0000,0.0000,0.0000,0.0000,0.0000
73,0.8000,DynamicV1Rebalance,9.0000,2485.4713,223.6924,spend50p,225.4972,227.1927,229.0413,230.3090,232.1924,233.5903,234.4462,232.7140,228.7694,216.7328,182.6240,167.3895,148.0145,118.0157,0.0000,0.0000,0.0000,0.0000,0.0000,0.0000,0.0000,0.0000,0.0000,0.0000,0.0000,0.0000,0.0000,0.0000,0.0000,0.0000,0.0000,0.0000,0.0000,0.0000,0.0000,0.0000,0.0000,0.0000,0.0000,0.0000,0.0000,0.0000,0.0000,0.0000,0.0000
73,0.8000,DynamicV1Rebalance,9.0000,2485.4713,223.6924,spend75p,227.0809,231.9612,237.6455,243.5457,249.6818,255.5838,261.3206,263.7559,264.8236,260.1381,229.6188,223.2393,216.1540,207.2884,196.0084,184.4781,171.9868,155.8722,135.5055,115.1003,88.0937,0.0000,0.0000,0.0000,0.0000,0.0000,0.0000,0.0000,0.0000,0.0000,0.0000,0.0000,0.0000,0.0000,0.0000,0.0000,0.0000,0.0000,0.0000,0.0000,0.0000,0.0000,0.0000,0.0000,0.0000
73,0.8000,DynamicV1Rebalance,10.0000,2236.9242,223.6924,survival,1.0000,1.0000,1.0000,1.0000,0.9985,0.9845,0.9520,0.8870,0.7850,0.6835,0.6020,0.5295,0.4650,0.4000,0.3495,0.2990,0.2630,0.2340,0.2105,0.1905,0.1765,0.1630,0.1490,0.1490,0.1490,0.1490,0.1490,0.1490,0.1490,0.1490,0.1490,0.1490,0.1490,0.1490,0.1490,0.1490,0.1490,0.1490,0.1490,0.1490,0.1490,0.1490,0.1490,0.1490,0.1490
73,0.8000,DynamicV1Rebalance,10.0000,2236.9242,223.6924,spend25p,223.9553,222.3952,220.6815,218.3521,216.1269,212.5026,205.7767,193.9621,165.5368,0.0000,0.0000,0.0000,0.0000,0.0000,0.0000,0.0000,0.0000,0.0000,0.0000,0.0000,0.0000,0.0000,0.0000,0.0000,0.0000,0.0000,0.0000,0.0000,0.0000,0.0000,0.0000,0.0000,0.0000,0.0000,0.0000,0.0000,0.0000,0.0000,0.0000,0.0000,0.0000,0.0000,0.0000,0.0000,0.0000
73,0.8000,DynamicV1Rebalance,10.0000,2236.9242,223.6924,spend50p,225.4972,227.1927,229.0413,230.3090,232.1549,233.2009,232.8283,228.4365,218.0476,199.0994,160.8355,135.7299,0.0000,0.0000,0.0000,0.0000,0.0000,0.0000,0.0000,0.0000,0.0000,0.0000,0.0000,0.0000,0.0000,0.0000,0.0000,0.0000,0.0000,0.0000,0.0000,0.0000,0.0000,0.0000,0.0000,0.0000,0.0000,0.0000,0.0000,0.0000,0.0000,0.0000,0.0000,0.0000,0.0000
73,0.8000,DynamicV1Rebalance,10.0000,2236.9242,223.6924,spend75p,227.0809,231.9612,237.6455,243.5457,249.6392,255.1721,259.2998,260.8517,256.5462,248.9254,218.7639,209.2062,197.2522,182.1529,166.3352,140.6296,102.5845,0.0000,0.0000,0.0000,0.0000,0.0000,0.0000,0.0000,0.0000,0.0000,0.0000,0.0000,0.0000,0.0000,0.0000,0.0000,0.0000,0.0000,0.0000,0.0000,0.0000,0.0000,0.0000,0.0000,0.0000,0.0000,0.0000,0.0000,0.0000
73,1.0000,DynamicV1Rebalance,2.5000,10969.6210,274.2405,survival,1.0000,1.0000,1.0000,1.0000,1.0000,1.0000,1.0000,1.0000,1.0000,1.0000,1.0000,1.0000,0.9995,0.9995,0.9980,0.9970,0.9955,0.9945,0.9945,0.9940,0.9935,0.9920,0.9895,0.9895,0.9895,0.9895,0.9895,0.9895,0.9895,0.9895,0.9895,0.9895,0.9895,0.9895,0.9895,0.9895,0.9895,0.9895,0.9895,0.9895,0.9895,0.9895,0.9895,0.9895,0.9895
73,1.0000,DynamicV1Rebalance,2.5000,10969.6210,274.2405,spend25p,274.5629,272.6351,270.5151,267.6370,264.9824,262.5584,259.6484,256.5959,253.5372,250.8779,228.8971,228.2934,226.2335,223.5184,221.6230,219.6609,217.1920,215.5030,214.6694,212.9065,212.0273,211.7048,208.3595,-190.7891,-204.2766,-218.3536,-232.5350,-246.9703,-261.9679,-279.0465,-296.3272,-314.2556,-333.7741,-353.5236,-373.9277,-398.0412,-423.2778,-447.5397,-468.9145,-491.6004,-517.6215,-542.6557,-568.4866,-595.5289,-624.3662
73,1.0000,DynamicV1Rebalance,2.5000,10969.6210,274.2405,spend50p,276.4531,278.5163,280.7628,282.2927,284.6055,286.6508,289.2353,291.9796,294.3729,296.4845,275.9016,276.7057,280.2573,282.3967,283.1820,284.0546,283.7555,283.5574,283.8965,285.3447,288.6956,289.0201,287.3954,-169.3254,-179.9628,-190.5979,-201.3900,-212.9264,-224.6498,-236.3362,-249.0811,-262.5389,-276.5039,-291.9880,-307.7986,-323.8021,-339.5053,-355.1612,-371.6453,-386.5488,-404.3876,-423.5641,-441.6662,-459.0910,-476.4470
73,1.0000,DynamicV1Rebalance,2.5000,10969.6210,274.2405,spend75p,278.3947,284.3620,291.3099,298.5171,306.0903,313.6793,322.5669,329.9105,338.3970,346.6349,325.4110,332.6624,338.7024,344.9730,352.0491,357.9776,364.0871,372.9105,379.6810,387.4741,391.0889,397.4628,404.6381,-154.4085,-162.6144,-171.0874,-179.5785,-188.3822,-197.7743,-206.7150,-216.5501,-226.5223,-237.2530,-247.2684,-259.5388,-270.5302,-281.7903,-293.3183,-305.4958,-316.4475,-328.1243,-340.6837,-353.0543,-368.2773,-380.6243
73,1.0000,DynamicV1Rebalance,3.0000,9141.3508,274.2405,survival,1.0000,1.0000,1.0000,1.0000,1.0000,1.0000,1.0000,1.0000,1.0000,1.0000,0.9990,0.9980,0.9965,0.9955,0.9950,0.9935,0.9910,0.9860,0.9835,0.9805,0.9745,0.9695,0.9665,0.9665,0.9665,0.9665,0.9665,0.9665,0.9665,0.9665,0.9665,0.9665,0.9665,0.9665,0.9665,0.9665,0.9665,0.9665,0.9665,0.9665,0.9665,0.9665,0.9665,0.9665,0.9665
73,1.0000,DynamicV1Rebalance,3.0000,9141.3508,274.2405,spend25p,274.5629,272.6351,270.5151,267.6370,264.9824,262.5584,259.6484,256.5959,253.5372,250.8779,228.7899,227.8373,225.7738,223.0100,220.9434,218.3659,215.8642,213.3738,210.7010,208.9067,206.6655,202.8955,201.4412,-189.4474,-202.7971,-216.6043,-230.4886,-244.9657,-259.9050,-275.2721,-293.3715,-311.2183,-328.4431,-348.6645,-368.8912,-392.8701,-415.3391,-437.7951,-461.3950,-483.7838,-510.6445,-535.3054,-558.3380,-585.7702,-615.2806
73,1.0000,DynamicV1Rebalance,3.0000,9141.3508,274.2405,spend50p,276.4531,278.5163,280.7628,282.2927,284.6055,286.6508,289.2353,291.9796,294.3729,296.4845,275.3628,276.4043,279.6663,281.9008,282.7231,283.1648,282.7587,280.9181,281.0153,282.1163,282.7289,284.1931,282.7385,-168.3093,-178.6308,-189.0395,-199.8118,-211.2507,-223.1390,-234.6108,-246.3254,-259.4378,-272.9787,-287.7862,-303.1274,-319.6226,-335.4607,-350.7822,-366.2485,-381.9412,-399.0847,-416.7821,-434.3688,-451.1502,-469.9270
73,1.0000,DynamicV1Rebalance,3.0000,9141.3508,274.2405,spend75p,278.3947,284.3620,291.3099,298.5171,306.0903,313.6793,322.5669,329.9105,338.3970,346.6349,325.3494,332.5637,337.8576,344.0581,351.5520,357.6258,362.4618,369.5682,376.6904,381.8455,384.8342,390.2155,396.7767,-152.8685,-161.0470,-169.4695,-177.8473,-186.2203,-195.2324,-204.5461,-213.5400,-222.8602,-232.5493,-243.0758,-254.8397,-265.3877,-276.4130,-287.5136,-299.2422,-311.0988,-321.5362,-333.7550,-345.3691,-358.2066,-372.5938
73,1.0000,DynamicV1Rebalance,3.5000,7835.4435,274.2405,survival,1.0000,1.0000,1.0000,1.0000,1.0000,1.0000,1.0000,1.0000,1.0000,0.9985,0.9975,0.9955,0.9940,0.9900,0.9840,0.9760,0.9695,0.9635,0.9560,0.9430,0.9330,0.9265,0.9125,0.9125,0.9125,0.9125,0.9125,0.9125,0.9125,0.9125,0.9125,0.9125,0.9125,0.9125,0.9125,0.9125,0.9125,0.9125,0.9125,0.9125,0.9125,0.9125,0.9125,0.9125,0.9125
73,1.0000,DynamicV1Rebalance,3.5000,7835.4435,274.2405,spend25p,274.5629,272.6351,270.5151,267.6370,264.9824,262.5584,259.6484,256.5959,253.5372,250.6040,228.6557,227.4135,225.4065,222.2130,218.9460,214.7738,211.6282,207.9002,203.9847,198.5293,192.9134,189.9118,185.0374,-185.5013,-198.1290,-211.2046,-224.7282,-238.6264,-252.8717,-268.0337,-283.7481,-299.5539,-317.5226,-337.6812,-359.4667,-379.0217,-400.5315,-424.9397,-448.4734,-468.5384,-490.0465,-511.5519,-536.1364,-563.5712,-594.3051
73,1.0000,DynamicV1Rebalance,3.5000,7835.4435,274.2405,spend50p,276.4531,278.5163,280.7628,282.2927,284.6055,286.6508,289.2353,291.9796,294.3729,296.4337,274.9145,275.8723,279.4025,280.8340,278.8713,278.5621,277.8635,276.0232,274.2247,269.6967,268.4345,268.1638,265.6746,-165.3373,-175.2649,-185.4008,-195.8398,-206.3382,-217.2390,-228.5290,-239.5406,-252.3957,-265.4582,-279.7160,-295.2403,-309.9153,-324.8123,-340.5230,-354.4929,-370.6714,-386.4266,-400.9527,-417.0930,-436.2361,-452.6223
73,1.0000,DynamicV1Rebalance,3.5000,7835.4435,274.2405,spend75p,278.3947,284.3620,291.3099,298.5171,306.0903,313.6793,322.5669,329.9105,338.3970,346.5788,324.7352,332.4543,337.5486,342.2573,349.0841,352.5063,356.5232,363.2100,366.0246,367.2299,371.3404,374.4394,373.4788,-149.9642,-157.6778,-164.9845,-172.8493,-180.2450,-188.7669,-196.6490,-205.0013,-213.7117,-222.9999,-232.4572,-241.6356,-251.4030,-261.7268,-273.0099,-283.2791,-293.9213,-303.9731,-315.4685,-326.4833,-337.1159,-349.9203
73,1.0000,DynamicV1Rebalance,4.0000,6856.0131,274.2405,survival,1.0000,1.0000,1.0000,1.0000,1.0000,1.0000,1.0000,1.0000,0.9990,0.9980,0.9945,0.9920,0.9845,0.9740,0.9665,0.9545,0.9415,0.9250,0.9100,0.8930,0.8785,0.8605,0.8465,0.8455,0.8455,0.8455,0.8455,0.8455,0.8455,0.8455,0.8455,0.8455,0.8455,0.8455,0.8455,0.8455,0.8455,0.8455,0.8455,0.8455,0.8455,0.8455,0.8455,0.8455,0.8455
73,1.0000,DynamicV1Rebalance,4.0000,6856.0131,274.2405,spend25p,274.5629,272.6351,270.5151,267.6370,264.9824,262.5584,259.6484,256.5959,253.2799,250.4595,228.2085,226.7518,223.3767,218.3696,214.5303,209.8049,205.0148,197.8557,190.3115,183.3591,175.3182,166.4218,158.6737,-182.0883,-194.2223,-206.8209,-220.3061,-233.9650,-248.1730,-262.8740,-277.1456,-291.6059,-309.3484,-328.0811,-348.7397,-368.8768,-390.2128,-412.9540,-433.2555,-454.9641,-476.6414,-496.5904,-519.3776,-546.8221,-568.6374
73,1.0000,DynamicV1Rebalance,4.0000,6856.0131,274.2405,spend50p,276.4531,278.5163,280.7628,282.2927,284.6055,286.6508,289.2353,291.9796,294.2837,296.4207,274.2229,275.3350,277.0881,277.5619,275.7632,274.4174,271.1816,266.9092,261.3026,256.4419,252.5458,247.2579,244.7779,-161.7321,-170.9938,-180.8747,-190.9662,-201.1218,-211.5444,-222.0169,-232.8562,-244.6140,-256.7719,-270.4210,-283.3602,-296.7416,-312.3533,-328.0890,-341.9767,-355.1109,-368.5799,-383.5803,-399.2708,-415.3161,-429.9319
73,1.0000,DynamicV1Rebalance,4.0000,6856.0131,274.2405,spend75p,278.3947,284.3620,291.3099,298.5171,306.0903,313.6793,322.5669,329.9105,338.3014,346.5353,324.1653,331.6610,335.4677,339.8207,343.4883,346.0634,350.3824,351.8917,350.1780,351.7416,353.8103,354.0397,351.2178,-145.7929,-152.7752,-159.1590,-165.5606,-172.6824,-179.6699,-186.5378,-193.7826,-201.1003,-209.0980,-216.1071,-224.6441,-232.7830,-241.1514,-250.3787,-259.7356,-269.1173,-277.4451,-287.3810,-296.7901,-308.3734,-317.6293
73,1.0000,DynamicV1Rebalance,5.0000,5484.8105,274.2405,survival,1.0000,1.0000,1.0000,1.0000,1.0000,1.0000,1.0000,0.9985,0.9970,0.9920,0.9815,0.9665,0.9505,0.9325,0.9100,0.8770,0.8480,0.8285,0.8035,0.7730,0.7510,0.7260,0.7040,0.7030,0.7030,0.7030,0.7030,0.7030,0.7030,0.7030,0.7030,0.7030,0.7030,0.7030,0.7030,0.7030,0.7030,0.7030,0.7030,0.7030,0.7030,0.7030,0.7030,0.7030,0.7030
73,1.0000,DynamicV1Rebalance,5.0000,5484.8105,274.2405,spend25p,274.5629,272.6351,270.5151,267.6370,264.9824,262.5584,259.6484,256.1864,252.7401,249.5507,225.6013,220.7501,214.4191,207.8223,200.8156,188.7933,174.3203,163.9747,147.0290,123.8213,82.8548,0.0000,0.0000,-174.2155,-185.7062,-197.0018,-208.4017,-219.9027,-233.3814,-247.4226,-260.8118,-275.4901,-292.9272,-308.9583,-326.2549,-344.4411,-362.7280,-381.8809,-400.1703,-418.0009,-437.4586,-456.7054,-477.4585,-500.7019,-521.6524
73,1.0000,DynamicV1Rebalance,5.0000,5484.8105,274.2405,spend50p,276.4531,278.5163,280.7628,282.2927,284.6055,286.6508,289.2353,291.6139,294.1031,295.6018,272.2599,272.0579,270.9206,267.8143,264.0783,256.9264,249.2138,244.0397,237.8158,229.0189,222.2856,214.3963,205.6033,-154.1464,-162.1044,-170.6317,-179.0896,-187.8101,-197.0978,-206.0672,-215.6693,-225.5895,-235.5217,-246.2494,-258.6634,-269.3454,-281.3892,-293.2138,-304.9100,-316.3266,-328.1682,-340.5132,-353.0170,-368.9322,-381.8773
73,1.0000,DynamicV1Rebalance,5.0000,5484.8105,274.2405,spend75p,278.3947,284.3620,291.3099,298.5171,306.0903,313.6793,322.5669,329.7376,338.1694,345.1414,322.3602,326.9884,330.3499,331.8468,332.6556,332.3391,328.8483,328.3955,328.4490,323.5835,319.7587,314.0420,312.2763,0.0000,0.0000,0.0000,0.0000,0.0000,0.0000,0.0000,0.0000,0.0000,0.0000,0.0000,0.0000,0.0000,0.0000,0.0000,0.0000,0.0000,0.0000,0.0000,0.0000,0.0000,0.0000
73,1.0000,DynamicV1Rebalance,6.0000,4570.6754,274.2405,survival,1.0000,1.0000,1.0000,1.0000,1.0000,1.0000,0.9985,0.9970,0.9870,0.9720,0.9520,0.9245,0.8945,0.8485,0.8155,0.7765,0.7400,0.7055,0.6680,0.6410,0.6145,0.5870,0.5635,0.5615,0.5615,0.5615,0.5615,0.5615,0.5615,0.5615,0.5615,0.5615,0.5615,0.5615,0.5615,0.5615,0.5615,0.5615,0.5615,0.5615,0.5615,0.5615,0.5615,0.5615,0.5615
73,1.0000,DynamicV1Rebalance,6.0000,4570.6754,274.2405,spend25p,274.5629,272.6351,270.5151,267.6370,264.9824,262.5584,258.8575,255.7569,250.7258,245.2441,220.2280,212.0745,201.7206,183.4637,168.7672,141.4834,0.0000,0.0000,0.0000,0.0000,0.0000,0.0000,0.0000,-166.8104,-176.9287,-187.1274,-197.3646,-208.2516,-220.0727,-231.3723,-242.7241,-255.5053,-269.8329,-284.7845,-301.4985,-316.8497,-332.6430,-349.4320,-366.2353,-382.0378,-398.7605,-416.7791,-435.7261,-450.6809,-469.7530
73,1.0000,DynamicV1Rebalance,6.0000,4570.6754,274.2405,spend50p,276.4531,278.5163,280.7628,282.2927,284.6055,286.6508,289.1712,291.4871,292.7491,294.0572,268.9185,265.6298,260.3158,250.6078,243.6236,235.0549,225.7917,213.2080,201.2222,189.6247,175.7794,162.1558,146.8823,-143.9329,-149.9592,-156.8348,-163.3007,-169.7717,-176.2404,-183.1337,-189.4429,-196.3273,-204.0244,-212.2154,-220.0291,-227.9173,-236.9782,-244.8508,-252.1059,-261.1527,-270.0794,-278.4443,-287.4683,-298.3141,-307.4498
73,1.0000,DynamicV1Rebalance,6.0000,4570.6754,274.2405,spend75p,278.3947,284.3620,291.3099,298.5171,306.0903,313.6793,322.4674,329.5799,336.5925,342.4632,318.1660,321.2178,321.0496,318.9354,318.3531,315.0390,308.0454,303.8617,297.3025,289.2572,285.7728,278.1251,270.6480,0.0000,0.0000,0.0000,0.0000,0.0000,0.0000,0.0000,0.0000,0.0000,0.0000,0.0000,0.0000,0.0000,0.0000,0.0000,0.0000,0.0000,0.0000,0.0000,0.0000,0.0000,0.0000
73,1.0000,DynamicV1Rebalance,7.0000,3917.7218,274.2405,survival,1.0000,1.0000,1.0000,1.0000,1.0000,0.9990,0.9965,0.9850,0.9685,0.9340,0.8965,0.8505,0.7975,0.7520,0.7005,0.6450,0.6110,0.5770,0.5415,0.5095,0.4845,0.4610,0.4390,0.4365,0.4365,0.4365,0.4365,0.4365,0.4365,0.4365,0.4365,0.4365,0.4365,0.4365,0.4365,0.4365,0.4365,0.4365,0.4365,0.4365,0.4365,0.4365,0.4365,0.4365,0.4365
73,1.0000,DynamicV1Rebalance,7.0000,3917.7218,274.2405,spend25p,274.5629,272.6351,270.5151,267.6370,264.9824,262.3845,258.5948,253.6991,247.2386,238.2769,208.1478,192.1529,169.0222,114.2581,0.0000,0.0000,0.0000,0.0000,0.0000,0.0000,0.0000,0.0000,0.0000,-157.9207,-167.1241,-176.0487,-184.7976,-194.1438,-203.7255,-214.3174,-226.3592,-238.3021,-251.4842,-262.6712,-275.2663,-287.9855,-302.5493,-317.5529,-330.3958,-344.6287,-355.8697,-370.7856,-383.8254,-400.7274,-417.7931
73,1.0000,DynamicV1Rebalance,7.0000,3917.7218,274.2405,spend50p,276.4531,278.5163,280.7628,282.2927,284.6055,286.5780,289.1376,290.6708,291.2923,289.6093,259.8565,252.6667,241.3255,232.0974,217.0979,200.1240,185.6592,167.9608,144.1555,103.9430,0.0000,0.0000,0.0000,0.0000,0.0000,0.0000,0.0000,0.0000,0.0000,0.0000,0.0000,0.0000,0.0000,0.0000,0.0000,0.0000,0.0000,0.0000,0.0000,0.0000,0.0000,0.0000,0.0000,0.0000,0.0000
73,1.0000,DynamicV1Rebalance,7.0000,3917.7218,274.2405,spend75p,278.3947,284.3620,291.3099,298.5171,306.0903,313.4097,322.4520,328.1745,333.7830,338.3727,312.3154,311.2900,306.8737,304.0469,296.6102,287.0661,281.0060,272.3411,261.9462,250.2873,240.7850,232.8247,223.5947,0.0000,0.0000,0.0000,0.0000,0.0000,0.0000,0.0000,0.0000,0.0000,0.0000,0.0000,0.0000,0.0000,0.0000,0.0000,0.0000,0.0000,0.0000,0.0000,0.0000,0.0000,0.0000
73,1.0000,DynamicV1Rebalance,8.0000,3428.0066,274.2405,survival,1.0000,1.0000,1.0000,1.0000,1.0000,0.9980,0.9870,0.9705,0.9290,0.8805,0.8130,0.7470,0.6850,0.6230,0.5760,0.5370,0.4960,0.4535,0.4210,0.3905,0.3635,0.3365,0.3115,0.3080,0.3080,0.3080,0.3080,0.3080,0.3080,0.3080,0.3080,0.3080,0.3080,0.3080,0.3080,0.3080,0.3080,0.3080,0.3080,0.3080,0.3080,0.3080,0.3080,0.3080,0.3080
73,1.0000,DynamicV1Rebalance,8.0000,3428.0066,274.2405,spend25p,274.5629,272.6351,270.5151,267.6370,264.9824,262.0163,257.0532,251.2575,240.4711,226.9976,185.9529,0.0000,0.0000,0.0000,0.0000,0.0000,0.0000,0.0000,0.0000,0.0000,0.0000,0.0000,0.0000,-146.8449,-153.9996,-161.1971,-168.2659,-175.7387,-182.6732,-190.2354,-197.8216,-204.3059,-214.1385,-221.3894,-230.1451,-239.5611,-251.0593,-259.7517,-269.8276,-279.0937,-291.8100,-303.8935,-313.5048,-327.1690,-341.2422
73,1.0000,DynamicV1Rebalance,8.0000,3428.0066,274.2405,spend50p,276.4531,278.5163,280.7628,282.2927,284.6055,286.5007,288.2417,289.8252,286.5586,281.6635,247.1027,233.7500,217.2829,199.6270,177.8923,152.5660,0.0000,0.0000,0.0000,0.0000,0.0000,0.0000,0.0000,0.0000,0.0000,0.0000,0.0000,0.0000,0.0000,0.0000,0.0000,0.0000,0.0000,0.0000,0.0000,0.0000,0.0000,0.0000,0.0000,0.0000,0.0000,0.0000,0.0000,0.0000,0.0000
73,1.0000,DynamicV1Rebalance,8.0000,3428.0066,274.2405,spend75p,278.3947,284.3620,291.3099,298.5171,306.0903,313.2711,321.0345,326.1669,330.8785,332.6522,300.1904,295.5117,289.0111,281.6184,272.6176,262.5720,251.5277,237.1558,223.6965,211.6776,197.7537,179.9381,164.4004,0.0000,0.0000,0.0000,0.0000,0.0000,0.0000,0.0000,0.0000,0.0000,0.0000,0.0000,0.0000,0.0000,0.0000,0.0000,0.0000,0.0000,0.0000,0.0000,0.0000,0.0000,0.0000
73,1.0000,DynamicV1Rebalance,9.0000,3047.1169,274.2405,survival,1.0000,1.0000,1.0000,1.0000,0.9995,0.9940,0.9750,0.9350,0.8760,0.7855,0.7075,0.6365,0.5745,0.5150,0.4665,0.4135,0.3690,0.3295,0.2970,0.2720,0.2530,0.2335,0.2165,0.2145,0.2145,0.2145,0.2145,0.2145,0.2145,0.2145,0.2145,0.2145,0.2145,0.2145,0.2145,0.2145,0.2145,0.2145,0.2145,0.2145,0.2145,0.2145,0.2145,0.2145,0.2145
73,1.0000,DynamicV1Rebalance,9.0000,3047.1169,274.2405,spend25p,274.5629,272.6351,270.5151,267.6370,264.9304,261.5469,255.5402,245.3276,230.3246,196.1691,0.0000,0.0000,0.0000,0.0000,0.0000,0.0000,0.0000,0.0000,0.0000,0.0000,0.0000,0.0000,0.0000,0.0000,0.0000,0.0000,0.0000,0.0000,0.0000,0.0000,0.0000,0.0000,0.0000,0.0000,0.0000,0.0000,0.0000,0.0000,0.0000,0.0000,0.0000,0.0000,0.0000,0.0000,0.0000
73,1.0000,DynamicV1Rebalance,9.0000,3047.1169,274.2405,spend50p,276.4531,278.5163,280.7628,282.2927,284.5905,286.2543,287.2673,285.1059,280.2319,265.4455,228.1583,208.3549,184.7248,141.5636,0.0000,0.0000,0.0000,0.0000,0.0000,0.0000,0.0000,0.0000,0.0000,0.0000,0.0000,0.0000,0.0000,0.0000,0.0000,0.0000,0.0000,0.0000,0.0000,0.0000,0.0000,0.0000,0.0000,0.0000,0.0000,0.0000,0.0000,0.0000,0.0000,0.0000,0.0000
73,1.0000,DynamicV1Rebalance,9.0000,3047.1169,274.2405,spend75p,278.3947,284.3620,291.3099,298.5171,306.0632,313.2063,320.1966,323.1365,324.3966,318.6066,286.7085,277.9321,269.9589,256.1730,243.5798,228.9702,214.1562,188.8452,161.7277,132.0277,88.0840,0.0000,0.0000,0.0000,0.0000,0.0000,0.0000,0.0000,0.0000,0.0000,0.0000,0.0000,0.0000,0.0000,0.0000,0.0000,0.0000,0.0000,0.0000,0.0000,0.0000,0.0000,0.0000,0.0000,0.0000
73,1.0000,DynamicV1Rebalance,10.0000,2742.4052,274.2405,survival,1.0000,1.0000,1.0000,1.0000,0.9985,0.9845,0.9520,0.8880,0.7850,0.6840,0.6015,0.5295,0.4615,0.3940,0.3405,0.2940,0.2585,0.2300,0.2030,0.1885,0.1725,0.1560,0.1460,0.1450,0.1450,0.1450,0.1450,0.1450,0.1450,0.1450,0.1450,0.1450,0.1450,0.1450,0.1450,0.1450,0.1450,0.1450,0.1450,0.1450,0.1450,0.1450,0.1450,0.1450,0.1450
73,1.0000,DynamicV1Rebalance,10.0000,2742.4052,274.2405,spend25p,274.5629,272.6351,270.5151,267.6370,264.8834,260.4122,252.1386,237.7378,202.7749,0.0000,0.0000,0.0000,0.0000,0.0000,0.0000,0.0000,0.0000,0.0000,0.0000,0.0000,0.0000,0.0000,0.0000,0.0000,0.0000,0.0000,0.0000,0.0000,0.0000,0.0000,0.0000,0.0000,0.0000,0.0000,0.0000,0.0000,0.0000,0.0000,0.0000,0.0000,0.0000,0.0000,0.0000,0.0000,0.0000
73,1.0000,DynamicV1Rebalance,10.0000,2742.4052,274.2405,spend50p,276.4531,278.5163,280.7628,282.2927,284.5271,285.7770,285.2850,279.9700,267.0982,244.0647,201.0444,169.6623,0.0000,0.0000,0.0000,0.0000,0.0000,0.0000,0.0000,0.0000,0.0000,0.0000,0.0000,0.0000,0.0000,0.0000,0.0000,0.0000,0.0000,0.0000,0.0000,0.0000,0.0000,0.0000,0.0000,0.0000,0.0000,0.0000,0.0000,0.0000,0.0000,0.0000,0.0000,0.0000,0.0000
73,1.0000,DynamicV1Rebalance,10.0000,2742.4052,274.2405,spend75p,278.3947,284.3620,291.3099,298.5171,305.9558,312.7018,317.7205,319.5784,314.2571,304.9783,273.4549,261.5078,246.0344,225.7704,202.2250,170.3923,121.0963,0.0000,0.0000,0.0000,0.0000,0.0000,0.0000,0.0000,0.0000,0.0000,0.0000,0.0000,0.0000,0.0000,0.0000,0.0000,0.0000,0.0000,0.0000,0.0000,0.0000,0.0000,0.0000,0.0000,0.0000,0.0000,0.0000,0.0000,0.0000
73,1.1000,DynamicV1Rebalance,2.5000,11980.5831,299.5146,survival,1.0000,1.0000,1.0000,1.0000,1.0000,1.0000,1.0000,1.0000,1.0000,1.0000,1.0000,1.0000,0.9995,0.9995,0.9980,0.9970,0.9955,0.9945,0.9945,0.9940,0.9935,0.9915,0.9895,0.9895,0.9895,0.9895,0.9895,0.9895,0.9895,0.9895,0.9895,0.9895,0.9895,0.9895,0.9895,0.9895,0.9895,0.9895,0.9895,0.9895,0.9895,0.9895,0.9895,0.9895,0.9895
73,1.1000,DynamicV1Rebalance,2.5000,11980.5831,299.5146,spend25p,299.8666,297.7550,295.4319,292.2795,289.3697,286.7107,283.5197,280.1724,276.8172,273.8975,251.7868,251.1228,248.8569,245.8702,243.7853,241.6270,238.9111,237.0533,236.1364,234.1972,233.2301,232.6693,229.1954,-151.9558,-163.9249,-177.1566,-190.5531,-204.7901,-219.5404,-234.7768,-251.4894,-268.6348,-286.7099,-305.4909,-326.2389,-348.2722,-370.8862,-393.3936,-415.9216,-437.7755,-460.9990,-487.2533,-509.4493,-535.5665,-563.2448
73,1.1000,DynamicV1Rebalance,2.5000,11980.5831,299.5146,spend50p,301.9311,304.1781,306.6235,308.2845,310.7989,313.0193,315.8268,318.8071,321.4025,323.6889,303.4918,304.3763,308.2830,310.6364,311.5002,312.4600,312.1311,311.9131,312.2861,313.8792,317.5652,317.8590,316.1350,-140.2271,-150.3597,-160.9230,-171.2602,-182.5443,-193.6375,-205.3188,-217.5022,-230.6269,-244.3160,-259.1520,-274.6800,-290.3057,-305.9723,-321.6217,-337.5195,-352.6616,-368.2157,-386.2431,-404.3149,-421.1622,-439.7745
73,1.1000,DynamicV1Rebalance,2.5000,11980.5831,299.5146,spend75p,304.0516,310.5625,318.1421,326.0028,334.2609,342.5340,352.2229,360.2232,369.4690,378.4410,357.9521,365.9286,372.5727,379.4703,387.2540,393.7753,400.4958,410.2015,417.6491,426.2215,430.1978,436.8713,445.1019,-131.2570,-139.5941,-148.4205,-157.2170,-166.0187,-175.1320,-185.1032,-194.3360,-204.5103,-214.3227,-225.4426,-237.0918,-247.8659,-259.8136,-271.5952,-282.2941,-294.4990,-304.9600,-317.9866,-329.0699,-343.6845,-356.9723
73,1.1000,DynamicV1Rebalance,3.0000,9983.8192,299.5146,survival,1.0000,1.0000,1.0000,1.0000,1.0000,1.0000,1.0000,1.0000,1.0000,1.0000,0.9990,0.9980,0.9965,0.9955,0.9950,0.9935,0.9905,0.9860,0.9835,0.9800,0.9745,0.9695,0.9660,0.9660,0.9660,0.9660,0.9660,0.9660,0.9660,0.9660,0.9660,0.9660,0.9660,0.9660,0.9660,0.9660,0.9660,0.9660,0.9660,0.9660,0.9660,0.9660,0.9660,0.9660,0.9660
73,1.1000,DynamicV1Rebalance,3.0000,9983.8192,299.5146,spend25p,299.8666,297.7550,295.4319,292.2795,289.3697,286.7107,283.5197,280.1724,276.8172,273.8975,251.6689,250.6210,248.3511,245.3110,243.0377,240.2024,237.3800,234.7112,231.7711,229.5780,227.3320,223.1851,221.4327,-151.5490,-163.4310,-176.2928,-189.3140,-203.5705,-217.7269,-232.9801,-248.4831,-265.9597,-284.2633,-302.4183,-321.8407,-342.8284,-365.9414,-388.4207,-409.3183,-431.0706,-455.4890,-477.2253,-502.3450,-526.8002,-554.0897
73,1.1000,DynamicV1Rebalance,3.0000,9983.8192,299.5146,spend50p,301.9311,304.1781,306.6235,308.2845,310.7989,313.0193,315.8268,318.8071,321.4025,323.6889,302.8990,304.0447,307.6329,310.0909,310.9954,311.4813,310.8697,309.0099,309.1168,310.2952,311.0018,312.6124,310.8988,-139.4674,-149.5085,-159.9933,-170.2847,-181.0473,-192.2803,-204.0556,-215.9365,-228.6654,-241.4947,-256.6655,-271.8375,-288.2175,-302.4802,-318.1961,-333.6503,-347.9126,-363.5647,-380.6502,-398.2425,-416.3888,-433.1047
73,1.1000,DynamicV1Rebalance,3.0000,9983.8192,299.5146,spend75p,304.0516,310.5625,318.1421,326.0028,334.2609,342.5340,352.2229,360.2232,369.4690,378.4410,357.8844,365.8201,371.6433,378.4639,386.7072,393.3884,398.4052,406.5250,414.3594,419.6974,423.3176,429.2371,436.3176,-130.6216,-138.9385,-147.5394,-155.9198,-164.5240,-173.7861,-182.8738,-191.5707,-201.4456,-211.1771,-221.9331,-233.1449,-243.7902,-255.7355,-267.4319,-278.3680,-288.2886,-299.2489,-310.3891,-323.3462,-335.7662,-348.0448
73,1.1000,DynamicV1Rebalance,3.5000,8557.5593,299.5146,survival,1.0000,1.0000,1.0000,1.0000,1.0000,1.0000,1.0000,1.0000,1.0000,0.9985,0.9975,0.9955,0.9940,0.9900,0.9835,0.9755,0.9690,0.9630,0.9560,0.9420,0.9330,0.9245,0.9115,0.9115,0.9115,0.9115,0.9115,0.9115,0.9115,0.9115,0.9115,0.9115,0.9115,0.9115,0.9115,0.9115,0.9115,0.9115,0.9115,0.9115,0.9115,0.9115,0.9115,0.9115,0.9115
73,1.1000,DynamicV1Rebalance,3.5000,8557.5593,299.5146,spend25p,299.8666,297.7550,295.4319,292.2795,289.3697,286.7107,283.5197,280.1724,276.8172,273.5986,251.5213,250.1548,247.9471,244.4343,240.6930,236.1424,232.5038,228.6450,224.3832,218.2077,212.2047,208.2432,203.3743,-149.8843,-161.7066,-174.1147,-186.5417,-199.7672,-212.7987,-226.8517,-242.2806,-258.6652,-275.5987,-294.2053,-314.5753,-334.2051,-355.0127,-376.9861,-398.3295,-418.2815,-438.8128,-460.6104,-484.5776,-508.7644,-535.5633
73,1.1000,DynamicV1Rebalance,3.5000,8557.5593,299.5146,spend50p,301.9311,304.1781,306.6235,308.2845,310.7989,313.0193,315.8268,318.8071,321.4025,323.6335,302.4060,303.4595,307.3427,308.9174,306.6492,306.2153,305.4101,303.4583,301.6471,296.3082,295.2779,294.1087,291.7850,-137.7166,-147.7810,-157.6442,-167.8861,-177.9675,-188.7293,-199.6233,-211.2366,-223.6329,-236.3845,-249.7672,-263.9142,-278.3662,-293.9122,-309.4540,-323.6661,-338.0487,-353.6987,-367.7676,-384.7862,-400.7362,-418.7344
73,1.1000,DynamicV1Rebalance,3.5000,8557.5593,299.5146,spend75p,304.0516,310.5625,318.1421,326.0028,334.2609,342.5340,352.2229,360.2232,369.4690,378.3797,357.2087,365.6997,371.3035,376.4831,383.9925,387.7034,391.9455,398.8253,402.6270,403.4682,408.4745,411.2393,410.5978,-128.5603,-136.8082,-144.9631,-152.9236,-161.0049,-169.2624,-177.0070,-184.9227,-193.9709,-203.6472,-213.3962,-223.1372,-232.7100,-242.5784,-254.6751,-264.4690,-273.8075,-285.2749,-295.6394,-306.9237,-318.4020,-330.2070
73,1.1000,DynamicV1Rebalance,4.0000,7487.8644,299.5146,survival,1.0000,1.0000,1.0000,1.0000,1.0000,1.0000,1.0000,1.0000,0.9990,0.9980,0.9945,0.9920,0.9845,0.9740,0.9665,0.9545,0.9400,0.9240,0.9080,0.8920,0.8775,0.8600,0.8445,0.8445,0.8445,0.8445,0.8445,0.8445,0.8445,0.8445,0.8445,0.8445,0.8445,0.8445,0.8445,0.8445,0.8445,0.8445,0.8445,0.8445,0.8445,0.8445,0.8445,0.8445,0.8445
73,1.1000,DynamicV1Rebalance,4.0000,7487.8644,299.5146,spend25p,299.8666,297.7550,295.4319,292.2795,289.3697,286.7107,283.5197,280.1724,276.5364,273.4408,251.0294,249.4269,245.7144,240.2066,235.9834,230.7854,225.0013,217.5623,209.1048,201.4419,192.5658,183.0640,173.9986,-148.8750,-160.2435,-171.6424,-183.5913,-196.2374,-209.8216,-223.1440,-237.2994,-253.4384,-269.5458,-286.9947,-306.0653,-326.8707,-346.0821,-367.5532,-389.0758,-407.1887,-427.0604,-448.7426,-469.8927,-495.4650,-518.8834
73,1.1000,DynamicV1Rebalance,4.0000,7487.8644,299.5146,spend50p,301.9311,304.1781,306.6235,308.2845,310.7989,313.0193,315.8268,318.8071,321.3051,323.6193,301.6452,302.8685,304.7969,305.3181,303.3395,301.8592,298.2415,293.5862,287.2547,281.8384,277.4820,271.9837,267.8957,-135.9371,-145.1859,-154.7091,-164.5036,-174.7766,-185.0607,-195.6367,-206.2161,-218.0800,-230.1703,-242.9496,-255.7536,-269.1236,-283.8242,-297.8346,-312.1245,-325.9340,-338.3069,-352.1924,-368.3092,-384.0892,-398.9936
73,1.1000,DynamicV1Rebalance,4.0000,7487.8644,299.5146,spend75p,304.0516,310.5625,318.1421,326.0028,334.2609,342.5340,352.2229,360.2232,369.3647,378.3321,356.5818,364.8271,369.0145,373.8028,377.8371,380.6698,385.2116,386.9960,384.5517,386.9157,389.0212,389.4437,385.7064,-125.5507,-133.2500,-140.7670,-148.1886,-155.5160,-162.9043,-170.3511,-177.6050,-185.1372,-193.9779,-201.8415,-209.4333,-217.5987,-226.0754,-235.3116,-244.0814,-253.4298,-263.0276,-272.7726,-282.4016,-293.7981,-303.5861
73,1.1000,DynamicV1Rebalance,5.0000,5990.2915,299.5146,survival,1.0000,1.0000,1.0000,1.0000,1.0000,1.0000,1.0000,0.9985,0.9970,0.9920,0.9810,0.9665,0.9505,0.9320,0.9095,0.8740,0.8470,0.8265,0.8020,0.7720,0.7480,0.7235,0.7025,0.7020,0.7020,0.7020,0.7020,0.7020,0.7020,0.7020,0.7020,0.7020,0.7020,0.7020,0.7020,0.7020,0.7020,0.7020,0.7020,0.7020,0.7020,0.7020,0.7020,0.7020,0.7020
73,1.1000,DynamicV1Rebalance,5.0000,5990.2915,299.5146,spend25p,299.8666,297.7550,295.4319,292.2795,289.3697,286.7107,283.5197,279.7252,275.9470,272.4486,248.0745,242.8251,235.8610,228.5639,220.8509,206.5253,191.4836,179.3696,161.3487,135.5150,0.0000,0.0000,0.0000,-144.5530,-154.7508,-165.6304,-177.1552,-188.9463,-200.9076,-213.1865,-225.9276,-240.2571,-256.2580,-272.7849,-288.2997,-308.0389,-324.9897,-344.4817,-360.9785,-379.1219,-398.2368,-417.0304,-436.8215,-456.0351,-476.6324
73,1.1000,DynamicV1Rebalance,5.0000,5990.2915,299.5146,spend50p,301.9311,304.1781,306.6235,308.2845,310.7989,313.0193,315.8268,318.4079,321.1080,322.7252,299.3400,299.2637,298.0126,294.5694,290.4481,281.5183,273.9172,267.5877,261.0406,251.8693,243.0086,234.7156,225.6762,-131.7412,-139.9753,-148.5142,-157.2049,-165.9868,-175.0880,-184.8456,-194.0383,-203.9721,-213.8005,-224.3576,-236.5707,-247.1242,-259.0698,-271.5293,-282.2459,-294.4007,-304.8043,-317.9584,-329.1545,-344.2310,-358.6030
73,1.1000,DynamicV1Rebalance,5.0000,5990.2915,299.5146,spend75p,304.0516,310.5625,318.1421,326.0028,334.2609,342.5340,352.2229,360.0344,369.2205,376.8104,354.5261,359.6872,363.3849,365.0050,365.7688,364.9466,361.3773,360.9088,359.9304,355.9419,351.1017,344.1156,341.9218,0.0000,0.0000,0.0000,0.0000,0.0000,0.0000,0.0000,0.0000,0.0000,0.0000,0.0000,0.0000,0.0000,0.0000,0.0000,0.0000,0.0000,0.0000,0.0000,0.0000,0.0000,0.0000
73,1.1000,DynamicV1Rebalance,6.0000,4991.9096,299.5146,survival,1.0000,1.0000,1.0000,1.0000,1.0000,1.0000,0.9985,0.9970,0.9870,0.9720,0.9515,0.9240,0.8930,0.8480,0.8150,0.7755,0.7385,0.7020,0.6675,0.6385,0.6095,0.5850,0.5600,0.5580,0.5580,0.5580,0.5580,0.5580,0.5580,0.5580,0.5580,0.5580,0.5580,0.5580,0.5580,0.5580,0.5580,0.5580,0.5580,0.5580,0.5580,0.5580,0.5580,0.5580,0.5580
73,1.1000,DynamicV1Rebalance,6.0000,4991.9096,299.5146,spend25p,299.8666,297.7550,295.4319,292.2795,289.3697,286.7107,282.6562,279.2562,273.7477,267.7469,242.1212,233.1637,221.3548,201.7932,185.6166,155.1519,0.0000,0.0000,0.0000,0.0000,0.0000,0.0000,0.0000,-140.1559,-149.6361,-159.7637,-169.8335,-179.9356,-190.7469,-202.3094,-214.1431,-226.8661,-240.2570,-255.0389,-270.1847,-285.7207,-301.0749,-317.5285,-333.3894,-348.2154,-364.2389,-381.4155,-397.9375,-416.8246,-434.4122
73,1.1000,DynamicV1Rebalance,6.0000,4991.9096,299.5146,spend50p,301.9311,304.1781,306.6235,308.2845,310.7989,313.0193,315.7569,318.2693,319.6296,321.0389,295.8103,292.0491,286.1217,275.4187,267.7649,258.2777,246.7262,233.4061,221.2452,207.3621,191.2437,177.7904,159.8800,-124.8439,-132.2521,-139.4433,-146.3712,-153.4749,-160.7921,-167.1786,-174.2113,-182.1863,-189.4278,-196.8768,-204.2186,-212.8266,-221.5540,-229.7367,-237.4257,-245.3370,-254.0533,-262.6079,-272.4685,-281.6603,-291.1966
73,1.1000,DynamicV1Rebalance,6.0000,4991.9096,299.5146,spend75p,304.0516,310.5625,318.1421,326.0028,334.2609,342.5340,352.1142,359.8622,367.4988,373.8865,349.9826,353.2163,353.0391,350.3567,350.1885,346.2888,338.5941,333.2259,326.7073,317.5815,311.2681,305.9377,296.4050,0.0000,0.0000,0.0000,0.0000,0.0000,0.0000,0.0000,0.0000,0.0000,0.0000,0.0000,0.0000,0.0000,0.0000,0.0000,0.0000,0.0000,0.0000,0.0000,0.0000,0.0000,0.0000
73,1.1000,DynamicV1Rebalance,7.0000,4278.7797,299.5146,survival,1.0000,1.0000,1.0000,1.0000,1.0000,0.9990,0.9965,0.9850,0.9685,0.9340,0.8965,0.8495,0.7965,0.7505,0.6995,0.6420,0.6055,0.5715,0.5405,0.5065,0.4830,0.4600,0.4360,0.4335,0.4335,0.4335,0.4335,0.4335,0.4335,0.4335,0.4335,0.4335,0.4335,0.4335,0.4335,0.4335,0.4335,0.4335,0.4335,0.4335,0.4335,0.4335,0.4335,0.4335,0.4335
73,1.1000,DynamicV1Rebalance,7.0000,4278.7797,299.5146,spend25p,299.8666,297.7550,295.4319,292.2795,289.3697,286.5207,282.3693,277.0093,269.9404,260.1403,228.9626,210.8038,185.7430,100.5852,0.0000,0.0000,0.0000,0.0000,0.0000,0.0000,0.0000,0.0000,0.0000,-134.7924,-142.8935,-151.8091,-161.2986,-170.9297,-181.3480,-191.3937,-202.2554,-213.0377,-225.2647,-237.6891,-249.8683,-263.3804,-276.2561,-289.6664,-303.5077,-317.4489,-329.2501,-343.3235,-356.8991,-371.6791,-386.4154
73,1.1000,DynamicV1Rebalance,7.0000,4278.7797,299.5146,spend50p,301.9311,304.1781,306.6235,308.2845,310.7989,312.9397,315.7201,317.3781,318.0391,316.1829,285.8421,277.8097,265.1923,254.7667,238.3673,219.4083,202.2766,181.8704,157.5556,108.4274,0.0000,0.0000,0.0000,0.0000,0.0000,0.0000,0.0000,0.0000,0.0000,0.0000,0.0000,0.0000,0.0000,0.0000,0.0000,0.0000,0.0000,0.0000,0.0000,0.0000,0.0000,0.0000,0.0000,0.0000,0.0000
73,1.1000,DynamicV1Rebalance,7.0000,4278.7797,299.5146,spend75p,304.0516,310.5625,318.1421,326.0028,334.2609,342.2397,352.0973,358.3277,364.4314,369.4206,343.5469,342.3087,337.4120,334.4516,326.2713,315.5330,307.7482,297.6932,287.4118,274.3403,264.7913,256.0924,245.1418,0.0000,0.0000,0.0000,0.0000,0.0000,0.0000,0.0000,0.0000,0.0000,0.0000,0.0000,0.0000,0.0000,0.0000,0.0000,0.0000,0.0000,0.0000,0.0000,0.0000,0.0000,0.0000
73,1.1000,DynamicV1Rebalance,8.0000,3743.9322,299.5146,survival,1.0000,1.0000,1.0000,1.0000,1.0000,0.9980,0.9870,0.9705,0.9290,0.8805,0.8120,0.7465,0.6840,0.6225,0.5750,0.5365,0.4910,0.4525,0.4195,0.3880,0.3605,0.3330,0.3080,0.3055,0.3055,0.3055,0.3055,0.3055,0.3055,0.3055,0.3055,0.3055,0.3055,0.3055,0.3055,0.3055,0.3055,0.3055,0.3055,0.3055,0.3055,0.3055,0.3055,0.3055,0.3055
73,1.1000,DynamicV1Rebalance,8.0000,3743.9322,299.5146,spend25p,299.8666,297.7550,295.4319,292.2795,289.3697,286.1187,280.6860,274.3434,262.5514,247.8262,204.1918,0.0000,0.0000,0.0000,0.0000,0.0000,0.0000,0.0000,0.0000,0.0000,0.0000,0.0000,0.0000,-127.3959,-135.1477,-142.2637,-149.4660,-156.9698,-164.5726,-172.2449,-179.3888,-187.2128,-195.3254,-204.0371,-212.5152,-222.1733,-231.5789,-242.5074,-251.9377,-262.2095,-271.0350,-284.2475,-293.5609,-306.5520,-320.7915
73,1.1000,DynamicV1Rebalance,8.0000,3743.9322,299.5146,spend50p,301.9311,304.1781,306.6235,308.2845,310.7989,312.8553,314.7418,316.4548,312.8707,307.5079,271.0551,256.9851,238.7308,219.4114,193.7589,167.7337,0.0000,0.0000,0.0000,0.0000,0.0000,0.0000,0.0000,0.0000,0.0000,0.0000,0.0000,0.0000,0.0000,0.0000,0.0000,0.0000,0.0000,0.0000,0.0000,0.0000,0.0000,0.0000,0.0000,0.0000,0.0000,0.0000,0.0000,0.0000,0.0000
73,1.1000,DynamicV1Rebalance,8.0000,3743.9322,299.5146,spend75p,304.0516,310.5625,318.1421,326.0028,334.2609,342.0883,350.5495,356.1356,361.2602,363.1752,329.9526,325.0272,317.9122,309.7802,299.8448,288.7876,276.0911,260.0026,245.6739,232.0046,216.6925,195.6026,177.2242,0.0000,0.0000,0.0000,0.0000,0.0000,0.0000,0.0000,0.0000,0.0000,0.0000,0.0000,0.0000,0.0000,0.0000,0.0000,0.0000,0.0000,0.0000,0.0000,0.0000,0.0000,0.0000
73,1.1000,DynamicV1Rebalance,9.0000,3327.9397,299.5146,survival,1.0000,1.0000,1.0000,1.0000,0.9995,0.9940,0.9750,0.9350,0.8760,0.7855,0.7075,0.6355,0.5735,0.5135,0.4650,0.4115,0.3675,0.3275,0.2940,0.2715,0.2510,0.2320,0.2150,0.2125,0.2125,0.2125,0.2125,0.2125,0.2125,0.2125,0.2125,0.2125,0.2125,0.2125,0.2125,0.2125,0.2125,0.2125,0.2125,0.2125,0.2125,0.2125,0.2125,0.2125,0.2125
73,1.1000,DynamicV1Rebalance,9.0000,3327.9397,299.5146,spend25p,299.8666,297.7550,295.4319,292.2795,289.3129,285.6061,279.0339,267.8686,251.4733,214.1689,0.0000,0.0000,0.0000,0.0000,0.0000,0.0000,0.0000,0.0000,0.0000,0.0000,0.0000,0.0000,0.0000,0.0000,0.0000,0.0000,0.0000,0.0000,0.0000,0.0000,0.0000,0.0000,0.0000,0.0000,0.0000,0.0000,0.0000,0.0000,0.0000,0.0000,0.0000,0.0000,0.0000,0.0000,0.0000
73,1.1000,DynamicV1Rebalance,9.0000,3327.9397,299.5146,spend50p,301.9311,304.1781,306.6235,308.2845,310.7825,312.5863,313.6779,311.3019,305.9632,289.8018,250.9742,229.1207,202.7269,153.6546,0.0000,0.0000,0.0000,0.0000,0.0000,0.0000,0.0000,0.0000,0.0000,0.0000,0.0000,0.0000,0.0000,0.0000,0.0000,0.0000,0.0000,0.0000,0.0000,0.0000,0.0000,0.0000,0.0000,0.0000,0.0000,0.0000,0.0000,0.0000,0.0000,0.0000,0.0000
73,1.1000,DynamicV1Rebalance,9.0000,3327.9397,299.5146,spend75p,304.0516,310.5625,318.1421,326.0028,334.2314,342.0175,349.6346,352.8268,354.1831,347.8408,315.3794,305.4744,296.8211,281.5325,267.6628,250.7848,235.3815,204.8609,176.0576,144.7423,89.9176,0.0000,0.0000,0.0000,0.0000,0.0000,0.0000,0.0000,0.0000,0.0000,0.0000,0.0000,0.0000,0.0000,0.0000,0.0000,0.0000,0.0000,0.0000,0.0000,0.0000,0.0000,0.0000,0.0000,0.0000
73,1.1000,DynamicV1Rebalance,10.0000,2995.1458,299.5146,survival,1.0000,1.0000,1.0000,1.0000,0.9985,0.9845,0.9520,0.8880,0.7850,0.6840,0.6010,0.5295,0.4610,0.3915,0.3355,0.2920,0.2565,0.2275,0.2020,0.1865,0.1715,0.1545,0.1445,0.1440,0.1440,0.1440,0.1440,0.1440,0.1440,0.1440,0.1440,0.1440,0.1440,0.1440,0.1440,0.1440,0.1440,0.1440,0.1440,0.1440,0.1440,0.1440,0.1440,0.1440,0.1440
73,1.1000,DynamicV1Rebalance,10.0000,2995.1458,299.5146,spend25p,299.8666,297.7550,295.4319,292.2795,289.2616,284.3670,275.3195,259.5815,221.3939,0.0000,0.0000,0.0000,0.0000,0.0000,0.0000,0.0000,0.0000,0.0000,0.0000,0.0000,0.0000,0.0000,0.0000,0.0000,0.0000,0.0000,0.0000,0.0000,0.0000,0.0000,0.0000,0.0000,0.0000,0.0000,0.0000,0.0000,0.0000,0.0000,0.0000,0.0000,0.0000,0.0000,0.0000,0.0000,0.0000
73,1.1000,DynamicV1Rebalance,10.0000,2995.1458,299.5146,spend50p,301.9311,304.1781,306.6235,308.2845,310.7132,312.0651,311.5133,305.6941,291.6235,266.4593,220.8388,186.6286,0.0000,0.0000,0.0000,0.0000,0.0000,0.0000,0.0000,0.0000,0.0000,0.0000,0.0000,0.0000,0.0000,0.0000,0.0000,0.0000,0.0000,0.0000,0.0000,0.0000,0.0000,0.0000,0.0000,0.0000,0.0000,0.0000,0.0000,0.0000,0.0000,0.0000,0.0000,0.0000,0.0000
73,1.1000,DynamicV1Rebalance,10.0000,2995.1458,299.5146,spend75p,304.0516,310.5625,318.1421,326.0028,334.1141,341.4667,346.9309,348.9418,343.1126,332.9620,300.8004,287.6585,270.6378,247.6561,220.9303,186.1963,123.9663,0.0000,0.0000,0.0000,0.0000,0.0000,0.0000,0.0000,0.0000,0.0000,0.0000,0.0000,0.0000,0.0000,0.0000,0.0000,0.0000,0.0000,0.0000,0.0000,0.0000,0.0000,0.0000,0.0000,0.0000,0.0000,0.0000,0.0000,0.0000
73,1.2000,DynamicV1Rebalance,2.5000,12991.5452,324.7886,survival,1.0000,1.0000,1.0000,1.0000,1.0000,1.0000,1.0000,1.0000,1.0000,1.0000,1.0000,1.0000,0.9995,0.9990,0.9980,0.9970,0.9955,0.9945,0.9940,0.9940,0.9935,0.9910,0.9895,0.9895,0.9895,0.9895,0.9895,0.9895,0.9895,0.9895,0.9895,0.9895,0.9895,0.9895,0.9895,0.9895,0.9895,0.9895,0.9895,0.9895,0.9895,0.9895,0.9895,0.9895,0.9895
73,1.2000,DynamicV1Rebalance,2.5000,12991.5452,324.7886,spend25p,325.1704,322.8749,320.3487,316.9219,313.7571,310.8629,307.3911,303.7488,300.0973,296.9172,274.6765,273.9521,271.4802,268.1649,265.9476,263.5930,260.6303,258.6036,257.1423,255.4879,254.4328,253.7205,250.0314,-119.8547,-130.1027,-140.5059,-152.0619,-164.6860,-178.4395,-192.0693,-207.5022,-222.7859,-240.0762,-258.9774,-278.1910,-298.9936,-320.0965,-343.6184,-364.4554,-384.3960,-404.5522,-427.2879,-450.0707,-474.6698,-498.2196
73,1.2000,DynamicV1Rebalance,2.5000,12991.5452,324.7886,spend50p,327.4091,329.8399,332.4842,334.2764,336.9922,339.3877,342.4183,345.6346,348.4322,350.8933,331.0820,332.0468,336.3087,338.7954,339.8184,340.8655,340.5066,340.2689,340.0055,342.4137,346.4348,346.6163,344.8745,-110.7465,-120.3163,-130.1131,-140.5157,-151.3067,-162.2829,-173.7417,-185.5175,-198.5488,-212.5601,-226.4840,-241.1183,-256.0096,-271.8264,-288.2583,-302.3381,-317.4993,-332.6808,-350.1802,-366.8468,-383.4323,-402.2847
73,1.2000,DynamicV1Rebalance,2.5000,12991.5452,324.7886,spend75p,329.7085,336.7629,344.9743,353.4885,362.4315,371.3888,381.8788,390.5358,400.5411,410.2470,390.4932,399.1948,406.4429,413.8517,422.4589,429.5731,436.9045,447.4926,455.2474,464.9689,469.3067,476.3950,485.5658,-101.3081,-111.8317,-122.0997,-131.9334,-141.4577,-150.7674,-160.5073,-169.9602,-180.7022,-191.7272,-202.8833,-213.9537,-225.0373,-236.4068,-248.9998,-259.8855,-270.0944,-281.9282,-293.1639,-306.6337,-319.2091,-331.7681
73,1.2000,DynamicV1Rebalance,3.0000,10826.2876,324.7886,survival,1.0000,1.0000,1.0000,1.0000,1.0000,1.0000,1.0000,1.0000,1.0000,1.0000,0.9990,0.9980,0.9965,0.9955,0.9950,0.9930,0.9905,0.9860,0.9835,0.9800,0.9745,0.9695,0.9655,0.9650,0.9650,0.9650,0.9650,0.9650,0.9650,0.9650,0.9650,0.9650,0.9650,0.9650,0.9650,0.9650,0.9650,0.9650,0.9650,0.9650,0.9650,0.9650,0.9650,0.9650,0.9650
73,1.2000,DynamicV1Rebalance,3.0000,10826.2876,324.7886,spend25p,325.1704,322.8749,320.3487,316.9219,313.7571,310.8629,307.3911,303.7488,300.0973,296.9172,274.5478,273.4047,270.9285,267.6120,265.1321,261.8432,258.9599,256.0486,252.8412,250.4487,247.9986,243.4746,241.4085,-119.6545,-129.7677,-140.1458,-151.6888,-164.0801,-177.6655,-191.3975,-206.4174,-221.6074,-238.9580,-256.5419,-275.9536,-296.0337,-316.7378,-339.6886,-360.6736,-379.3134,-398.7284,-419.7773,-444.9346,-468.3147,-490.9874
73,1.2000,DynamicV1Rebalance,3.0000,10826.2876,324.7886,spend50p,327.4091,329.8399,332.4842,334.2764,336.9922,339.3877,342.4183,345.6346,348.4322,350.8933,330.4353,331.6851,335.5995,338.2809,339.2677,339.4879,339.1305,337.1017,337.2183,338.5038,339.2746,341.0317,339.1369,-110.4580,-120.0445,-129.8225,-139.9788,-150.6445,-161.2700,-172.9857,-184.6355,-197.2153,-210.8803,-224.1326,-238.9121,-253.9213,-269.3222,-285.5869,-299.4688,-313.8485,-328.6317,-345.6240,-363.0582,-379.8105,-395.9418
73,1.2000,DynamicV1Rebalance,3.0000,10826.2876,324.7886,spend75p,329.7085,336.7629,344.9743,353.4885,362.4315,371.3888,381.8788,390.5358,400.5411,410.2470,390.4193,399.0765,405.4291,412.8697,421.8624,429.0535,434.6239,443.4818,452.0284,457.8517,461.8010,468.2586,475.9500,-100.7382,-111.1795,-121.4746,-131.1891,-140.6060,-149.7124,-159.1187,-168.7353,-178.7134,-189.6521,-200.1408,-210.6587,-221.4140,-232.8968,-243.5654,-255.0673,-266.0885,-277.3932,-288.7329,-299.2430,-312.0888,-324.9311
73,1.2000,DynamicV1Rebalance,3.5000,9279.6751,324.7886,survival,1.0000,1.0000,1.0000,1.0000,1.0000,1.0000,1.0000,1.0000,1.0000,0.9985,0.9975,0.9955,0.9940,0.9895,0.9835,0.9755,0.9685,0.9625,0.9555,0.9415,0.9330,0.9240,0.9115,0.9100,0.9100,0.9100,0.9100,0.9100,0.9100,0.9100,0.9100,0.9100,0.9100,0.9100,0.9100,0.9100,0.9100,0.9100,0.9100,0.9100,0.9100,0.9100,0.9100,0.9100,0.9100
73,1.2000,DynamicV1Rebalance,3.5000,9279.6751,324.7886,spend25p,325.1704,322.8749,320.3487,316.9219,313.7571,310.8629,307.3911,303.7488,300.0973,296.5931,274.3869,272.8962,270.4878,266.5858,262.5742,257.6099,253.3749,249.3786,244.6579,237.9547,231.4961,226.7729,221.8629,-119.2394,-129.1011,-139.0113,-150.3687,-162.4254,-175.5816,-188.6496,-202.7782,-217.3875,-234.2403,-251.9366,-270.6812,-289.9219,-309.4900,-330.1919,-350.4862,-369.3022,-390.8154,-410.1007,-432.3759,-453.3961,-479.1599
73,1.2000,DynamicV1Rebalance,3.5000,9279.6751,324.7886,spend50p,327.4091,329.8399,332.4842,334.2764,336.9922,339.3877,342.4183,345.6346,348.4322,350.8332,329.8974,331.0467,335.2830,336.8664,334.5264,334.0530,332.8994,331.0454,328.8393,323.2453,322.1214,320.1440,318.3109,-109.7907,-119.3153,-128.8011,-138.7077,-148.8878,-159.3132,-170.4810,-181.7314,-193.7162,-206.7000,-219.8160,-233.3675,-247.4155,-262.4039,-277.6009,-291.9953,-305.0343,-320.4247,-334.3176,-350.6970,-367.0775,-383.1027
73,1.2000,DynamicV1Rebalance,3.5000,9279.6751,324.7886,spend75p,329.7085,336.7629,344.9743,353.4885,362.4315,371.3888,381.8788,390.5358,400.5411,410.1806,389.6822,398.9451,405.0583,410.5874,418.9009,422.9492,427.4456,435.0821,439.2295,440.1472,445.6085,448.3530,447.9248,-98.6319,-109.2409,-119.3721,-129.2929,-138.3224,-147.3904,-156.0399,-164.5690,-173.1543,-182.8220,-192.8796,-203.0917,-212.7224,-223.4134,-235.1412,-245.3556,-255.3208,-265.1606,-274.9145,-285.6595,-297.4843,-309.9446
73,1.2000,DynamicV1Rebalance,4.0000,8119.7157,324.7886,survival,1.0000,1.0000,1.0000,1.0000,1.0000,1.0000,1.0000,1.0000,0.9990,0.9980,0.9945,0.9920,0.9830,0.9735,0.9665,0.9545,0.9390,0.9240,0.9055,0.8910,0.8765,0.8575,0.8440,0.8440,0.8440,0.8440,0.8440,0.8440,0.8440,0.8440,0.8440,0.8440,0.8440,0.8440,0.8440,0.8440,0.8440,0.8440,0.8440,0.8440,0.8440,0.8440,0.8440,0.8440,0.8440
73,1.2000,DynamicV1Rebalance,4.0000,8119.7157,324.7886,spend25p,325.1704,322.8749,320.3487,316.9219,313.7571,310.8629,307.3911,303.7488,299.7929,296.4220,273.8503,272.1021,267.3767,261.7980,257.4364,251.7659,245.2788,237.3407,227.5833,218.7962,209.8203,198.3833,189.4820,-118.5410,-128.1962,-138.1263,-148.9295,-160.8991,-173.3757,-185.9025,-198.2532,-213.0831,-230.0842,-247.6488,-264.9126,-283.2953,-304.4502,-323.7346,-342.4515,-361.9331,-379.9595,-400.6851,-420.5826,-443.1212,-467.0163
73,1.2000,DynamicV1Rebalance,4.0000,8119.7157,324.7886,spend50p,327.4091,329.8399,332.4842,334.2764,336.9922,339.3877,342.4183,345.6346,348.3266,350.8178,329.0674,330.4020,332.1437,332.8620,330.9158,329.3009,325.2870,320.2758,313.0596,307.3385,302.2558,295.9975,292.0114,-108.6629,-118.0525,-127.4060,-137.0359,-147.2073,-157.0919,-167.8929,-178.9226,-190.2099,-202.4691,-215.0429,-228.4554,-241.3752,-254.8072,-270.0131,-283.5500,-296.3665,-309.5910,-323.7610,-338.9890,-354.2713,-370.1067
73,1.2000,DynamicV1Rebalance,4.0000,8119.7157,324.7886,spend75p,329.7085,336.7629,344.9743,353.4885,362.4315,371.3888,381.8788,390.5358,400.4279,410.1290,388.9984,397.9932,402.0730,407.5003,412.1860,415.2761,420.1148,422.1774,418.6289,422.0648,424.3868,423.5485,420.7466,-95.1261,-105.8391,-116.2207,-125.6133,-134.8634,-143.2864,-151.4546,-159.3325,-167.7261,-176.4596,-185.1598,-194.2381,-202.0951,-210.7678,-220.3535,-229.4562,-238.5789,-248.0005,-256.6986,-266.1273,-277.1092,-287.4802
73,1.2000,DynamicV1Rebalance,5.0000,6495.7726,324.7886,survival,1.0000,1.0000,1.0000,1.0000,1.0000,1.0000,1.0000,0.9985,0.9970,0.9920,0.9805,0.9665,0.9500,0.9315,0.9070,0.8730,0.8435,0.8250,0.8005,0.7700,0.7460,0.7215,0.7005,0.6990,0.6990,0.6990,0.6990,0.6990,0.6990,0.6990,0.6990,0.6990,0.6990,0.6990,0.6990,0.6990,0.6990,0.6990,0.6990,0.6990,0.6990,0.6990,0.6990,0.6990,0.6990
73,1.2000,DynamicV1Rebalance,5.0000,6495.7726,324.7886,spend25p,325.1704,322.8749,320.3487,316.9219,313.7571,310.8629,307.3911,303.2640,299.1539,295.3465,270.5514,264.9001,257.2566,249.2926,240.5229,223.8134,206.8296,195.2996,175.5695,144.9849,0.0000,0.0000,0.0000,-116.8688,-125.9498,-135.3741,-145.5661,-156.7108,-168.5098,-179.5213,-192.2793,-205.6300,-219.7141,-236.2749,-252.6831,-269.3196,-286.9912,-304.4992,-322.2137,-338.2467,-357.3571,-375.4840,-394.1960,-412.7992,-431.7894
73,1.2000,DynamicV1Rebalance,5.0000,6495.7726,324.7886,spend50p,327.4091,329.8399,332.4842,334.2764,336.9922,339.3877,342.4183,345.2018,348.1130,349.8485,326.4479,326.4695,324.9590,321.3221,316.5611,306.6912,298.2713,291.0588,284.5602,273.8992,264.8494,255.9527,245.7900,-104.8877,-114.8316,-124.2466,-133.2555,-142.4803,-151.6845,-161.2381,-170.4015,-181.5457,-191.5933,-202.7295,-213.7469,-224.8377,-235.8367,-248.8773,-259.7213,-270.0762,-281.7573,-293.0041,-306.7173,-319.0061,-332.0164
73,1.2000,DynamicV1Rebalance,5.0000,6495.7726,324.7886,spend75p,329.7085,336.7629,344.9743,353.4885,362.4315,371.3888,381.8788,390.3312,400.2716,408.4793,386.5109,392.3860,395.7630,398.0769,398.9288,398.1236,393.8312,393.5332,392.2658,387.3117,382.7664,375.2669,372.4240,0.0000,0.0000,0.0000,0.0000,0.0000,0.0000,0.0000,0.0000,0.0000,0.0000,0.0000,0.0000,0.0000,0.0000,0.0000,0.0000,0.0000,0.0000,0.0000,0.0000,0.0000,0.0000
73,1.2000,DynamicV1Rebalance,6.0000,5413.1438,324.7886,survival,1.0000,1.0000,1.0000,1.0000,1.0000,1.0000,0.9985,0.9970,0.9870,0.9720,0.9515,0.9240,0.8930,0.8470,0.8145,0.7750,0.7380,0.6985,0.6640,0.6360,0.6085,0.5820,0.5570,0.5550,0.5550,0.5550,0.5550,0.5550,0.5550,0.5550,0.5550,0.5550,0.5550,0.5550,0.5550,0.5550,0.5550,0.5550,0.5550,0.5550,0.5550,0.5550,0.5550,0.5550,0.5550
73,1.2000,DynamicV1Rebalance,6.0000,5413.1438,324.7886,spend25p,325.1704,322.8749,320.3487,316.9219,313.7571,310.8629,306.4548,302.7556,296.7697,290.2496,264.1323,254.3604,241.4780,219.8487,202.4427,168.4711,0.0000,0.0000,0.0000,0.0000,0.0000,0.0000,0.0000,-114.2454,-123.1326,-132.3433,-141.8199,-151.8227,-162.5378,-173.5007,-184.9329,-197.1483,-210.6970,-224.2966,-238.6997,-253.7126,-269.3771,-286.3320,-300.0178,-314.0010,-329.1974,-346.1057,-363.4468,-381.3719,-397.8148
73,1.2000,DynamicV1Rebalance,6.0000,5413.1438,324.7886,spend50p,327.4091,329.8399,332.4842,334.2764,336.9922,339.3877,342.3425,345.0516,346.5102,348.0206,322.7022,318.5990,312.1328,300.1874,292.0195,281.7481,268.8508,253.3817,240.5979,225.7228,208.1159,192.4814,172.3455,-96.1071,-106.6443,-116.6819,-125.4400,-133.9223,-142.2532,-149.7885,-157.1067,-165.1741,-173.3501,-181.5962,-188.4187,-196.9563,-205.7416,-214.6937,-222.7084,-230.1270,-238.1668,-246.9420,-256.4200,-264.7566,-275.6233
73,1.2000,DynamicV1Rebalance,6.0000,5413.1438,324.7886,spend75p,329.7085,336.7629,344.9743,353.4885,362.4315,371.3888,381.7610,390.1445,398.4052,405.3097,381.7992,385.3269,385.1336,381.4626,382.0238,377.7696,369.3754,362.2770,353.2372,345.1409,339.5651,332.9715,322.7726,0.0000,0.0000,0.0000,0.0000,0.0000,0.0000,0.0000,0.0000,0.0000,0.0000,0.0000,0.0000,0.0000,0.0000,0.0000,0.0000,0.0000,0.0000,0.0000,0.0000,0.0000,0.0000
73,1.2000,DynamicV1Rebalance,7.0000,4639.8376,324.7886,survival,1.0000,1.0000,1.0000,1.0000,1.0000,0.9990,0.9965,0.9850,0.9685,0.9340,0.8965,0.8495,0.7955,0.7485,0.6985,0.6400,0.6055,0.5710,0.5400,0.5050,0.4810,0.4590,0.4340,0.4310,0.4310,0.4310,0.4310,0.4310,0.4310,0.4310,0.4310,0.4310,0.4310,0.4310,0.4310,0.4310,0.4310,0.4310,0.4310,0.4310,0.4310,0.4310,0.4310,0.4310,0.4310
73,1.2000,DynamicV1Rebalance,7.0000,4639.8376,324.7886,spend25p,325.1704,322.8749,320.3487,316.9219,313.7571,310.6569,306.1438,300.3196,292.6421,282.0038,249.7774,229.9678,202.1805,0.0000,0.0000,0.0000,0.0000,0.0000,0.0000,0.0000,0.0000,0.0000,0.0000,-110.8895,-119.5512,-128.3720,-137.2778,-146.5567,-156.0962,-166.2277,-176.8066,-187.9941,-198.8451,-211.1822,-223.6239,-236.9217,-250.1285,-263.2818,-276.1246,-289.8998,-302.5243,-316.0641,-329.2790,-343.2762,-358.5798
73,1.2000,DynamicV1Rebalance,7.0000,4639.8376,324.7886,spend50p,327.4091,329.8399,332.4842,334.2764,336.9922,339.3015,342.3026,344.0853,344.7860,342.7564,311.8278,303.0651,289.1832,277.5997,259.9252,238.6811,220.6654,197.9215,171.2927,116.3717,0.0000,0.0000,0.0000,0.0000,0.0000,0.0000,0.0000,0.0000,0.0000,0.0000,0.0000,0.0000,0.0000,0.0000,0.0000,0.0000,0.0000,0.0000,0.0000,0.0000,0.0000,0.0000,0.0000,0.0000,0.0000
73,1.2000,DynamicV1Rebalance,7.0000,4639.8376,324.7886,spend75p,329.7085,336.7629,344.9743,353.4885,362.4315,371.0696,381.7427,388.4809,395.0798,400.4685,374.7784,373.4277,368.0858,364.3086,355.8646,343.5582,335.7253,324.7562,313.4847,298.8127,288.3804,278.6348,265.5136,0.0000,0.0000,0.0000,0.0000,0.0000,0.0000,0.0000,0.0000,0.0000,0.0000,0.0000,0.0000,0.0000,0.0000,0.0000,0.0000,0.0000,0.0000,0.0000,0.0000,0.0000,0.0000
73,1.2000,DynamicV1Rebalance,8.0000,4059.8579,324.7886,survival,1.0000,1.0000,1.0000,1.0000,1.0000,0.9980,0.9870,0.9705,0.9290,0.8805,0.8120,0.7455,0.6830,0.6220,0.5730,0.5355,0.4875,0.4510,0.4175,0.3865,0.3590,0.3310,0.3060,0.3040,0.3040,0.3040,0.3040,0.3040,0.3040,0.3040,0.3040,0.3040,0.3040,0.3040,0.3040,0.3040,0.3040,0.3040,0.3040,0.3040,0.3040,0.3040,0.3040,0.3040,0.3040
73,1.2000,DynamicV1Rebalance,8.0000,4059.8579,324.7886,spend25p,325.1704,322.8749,320.3487,316.9219,313.7571,310.2211,304.3187,297.4293,284.6318,268.6547,222.7547,0.0000,0.0000,0.0000,0.0000,0.0000,0.0000,0.0000,0.0000,0.0000,0.0000,0.0000,0.0000,-102.2420,-111.0371,-120.1186,-129.4409,-137.6555,-145.7227,-153.5158,-161.0925,-169.5136,-178.4713,-187.1354,-196.1183,-205.7105,-215.1671,-224.7526,-234.6542,-243.2007,-253.2737,-265.2884,-275.0893,-287.2860,-300.4092
73,1.2000,DynamicV1Rebalance,8.0000,4059.8579,324.7886,spend50p,327.4091,329.8399,332.4842,334.2764,336.9922,339.2100,341.2420,343.0844,339.1829,333.3524,295.6965,280.2922,259.8613,239.3579,210.5859,182.7720,0.0000,0.0000,0.0000,0.0000,0.0000,0.0000,0.0000,0.0000,0.0000,0.0000,0.0000,0.0000,0.0000,0.0000,0.0000,0.0000,0.0000,0.0000,0.0000,0.0000,0.0000,0.0000,0.0000,0.0000,0.0000,0.0000,0.0000,0.0000,0.0000
73,1.2000,DynamicV1Rebalance,8.0000,4059.8579,324.7886,spend75p,329.7085,336.7629,344.9743,353.4885,362.4315,370.9055,380.0645,386.1043,391.6418,393.6982,359.9483,354.5553,346.6500,337.9421,326.3605,315.0411,298.0097,282.0199,267.4653,252.8988,235.7810,212.2015,191.9435,0.0000,0.0000,0.0000,0.0000,0.0000,0.0000,0.0000,0.0000,0.0000,0.0000,0.0000,0.0000,0.0000,0.0000,0.0000,0.0000,0.0000,0.0000,0.0000,0.0000,0.0000,0.0000
73,1.2000,DynamicV1Rebalance,9.0000,3608.7625,324.7886,survival,1.0000,1.0000,1.0000,1.0000,0.9995,0.9940,0.9750,0.9350,0.8760,0.7855,0.7075,0.6345,0.5715,0.5125,0.4615,0.4095,0.3660,0.3260,0.2920,0.2695,0.2505,0.2305,0.2120,0.2100,0.2100,0.2100,0.2100,0.2100,0.2100,0.2100,0.2100,0.2100,0.2100,0.2100,0.2100,0.2100,0.2100,0.2100,0.2100,0.2100,0.2100,0.2100,0.2100,0.2100,0.2100
73,1.2000,DynamicV1Rebalance,9.0000,3608.7625,324.7886,spend25p,325.1704,322.8749,320.3487,316.9219,313.6955,309.6653,302.5275,290.4097,272.6220,232.1687,0.0000,0.0000,0.0000,0.0000,0.0000,0.0000,0.0000,0.0000,0.0000,0.0000,0.0000,0.0000,0.0000,0.0000,0.0000,0.0000,0.0000,0.0000,0.0000,0.0000,0.0000,0.0000,0.0000,0.0000,0.0000,0.0000,0.0000,0.0000,0.0000,0.0000,0.0000,0.0000,0.0000,0.0000,0.0000
73,1.2000,DynamicV1Rebalance,9.0000,3608.7625,324.7886,spend50p,327.4091,329.8399,332.4842,334.2764,336.9744,338.9182,340.0884,337.4979,331.6944,314.1582,273.7900,249.7461,219.8557,167.4537,0.0000,0.0000,0.0000,0.0000,0.0000,0.0000,0.0000,0.0000,0.0000,0.0000,0.0000,0.0000,0.0000,0.0000,0.0000,0.0000,0.0000,0.0000,0.0000,0.0000,0.0000,0.0000,0.0000,0.0000,0.0000,0.0000,0.0000,0.0000,0.0000,0.0000,0.0000
73,1.2000,DynamicV1Rebalance,9.0000,3608.7625,324.7886,spend75p,329.7085,336.7629,344.9743,353.4885,362.3995,370.8288,379.0726,382.5170,383.9696,377.0751,344.0502,333.1748,323.5684,307.0652,290.8934,273.0477,256.1296,222.7937,189.5847,154.2392,58.2354,0.0000,0.0000,0.0000,0.0000,0.0000,0.0000,0.0000,0.0000,0.0000,0.0000,0.0000,0.0000,0.0000,0.0000,0.0000,0.0000,0.0000,0.0000,0.0000,0.0000,0.0000,0.0000,0.0000,0.0000
73,1.2000,DynamicV1Rebalance,10.0000,3247.8863,324.7886,survival,1.0000,1.0000,1.0000,1.0000,0.9985,0.9845,0.9520,0.8880,0.7850,0.6840,0.6005,0.5295,0.4600,0.3915,0.3330,0.2910,0.2550,0.2260,0.2005,0.1855,0.1710,0.1535,0.1445,0.1430,0.1430,0.1430,0.1430,0.1430,0.1430,0.1430,0.1430,0.1430,0.1430,0.1430,0.1430,0.1430,0.1430,0.1430,0.1430,0.1430,0.1430,0.1430,0.1430,0.1430,0.1430
73,1.2000,DynamicV1Rebalance,10.0000,3247.8863,324.7886,spend25p,325.1704,322.8749,320.3487,316.9219,313.6398,308.3219,298.5004,281.4252,240.0129,0.0000,0.0000,0.0000,0.0000,0.0000,0.0000,0.0000,0.0000,0.0000,0.0000,0.0000,0.0000,0.0000,0.0000,0.0000,0.0000,0.0000,0.0000,0.0000,0.0000,0.0000,0.0000,0.0000,0.0000,0.0000,0.0000,0.0000,0.0000,0.0000,0.0000,0.0000,0.0000,0.0000,0.0000,0.0000,0.0000
73,1.2000,DynamicV1Rebalance,10.0000,3247.8863,324.7886,spend50p,327.4091,329.8399,332.4842,334.2764,336.8993,338.3532,337.7416,331.4181,316.1488,288.8538,240.6720,203.5948,0.0000,0.0000,0.0000,0.0000,0.0000,0.0000,0.0000,0.0000,0.0000,0.0000,0.0000,0.0000,0.0000,0.0000,0.0000,0.0000,0.0000,0.0000,0.0000,0.0000,0.0000,0.0000,0.0000,0.0000,0.0000,0.0000,0.0000,0.0000,0.0000,0.0000,0.0000,0.0000,0.0000
73,1.2000,DynamicV1Rebalance,10.0000,3247.8863,324.7886,spend75p,329.7085,336.7629,344.9743,353.4885,362.2723,370.2315,376.1412,378.3051,371.9681,360.9458,328.0388,313.8093,294.8519,270.1703,239.4931,202.7454,127.1053,0.0000,0.0000,0.0000,0.0000,0.0000,0.0000,0.0000,0.0000,0.0000,0.0000,0.0000,0.0000,0.0000,0.0000,0.0000,0.0000,0.0000,0.0000,0.0000,0.0000,0.0000,0.0000,0.0000,0.0000,0.0000,0.0000,0.0000,0.0000
73,1.5000,DynamicV1Rebalance,2.5000,16024.4314,400.6108,survival,1.0000,1.0000,1.0000,1.0000,1.0000,1.0000,1.0000,1.0000,1.0000,1.0000,1.0000,1.0000,0.9995,0.9990,0.9980,0.9970,0.9955,0.9945,0.9940,0.9940,0.9935,0.9910,0.9890,0.9890,0.9890,0.9885,0.9885,0.9880,0.9880,0.9880,0.9880,0.9880,0.9880,0.9880,0.9880,0.9880,0.9880,0.9880,0.9880,0.9880,0.9880,0.9880,0.9880,0.9880,0.9880
73,1.5000,DynamicV1Rebalance,2.5000,16024.4314,400.6108,spend25p,401.0817,398.2348,395.0992,390.8492,386.9191,383.3197,379.0052,374.4781,369.9376,365.9763,343.3457,342.4401,339.3503,335.2061,332.4346,329.4913,325.7879,323.2545,321.4279,319.3598,318.0410,317.1506,312.5357,-53.6201,-62.1608,-70.8760,-80.1720,-89.0519,-98.1814,-106.9880,-116.3586,-126.3987,-137.0546,-147.6732,-159.3979,-171.6329,-186.5053,-201.4377,-215.6482,-230.2884,-245.8335,-261.5368,-277.5036,-294.3791,-314.2628
73,1.5000,DynamicV1Rebalance,2.5000,16024.4314,400.6108,spend50p,403.8430,406.8254,410.0663,412.2519,415.5722,418.4931,422.1928,426.1172,429.5212,432.5065,413.8524,415.0586,420.3859,423.4942,424.7731,426.0818,425.6333,425.3361,425.0069,428.0171,433.0435,433.2704,430.9347,-22.6810,-32.1086,-41.9188,-51.4462,-61.4871,-71.8108,-82.5471,-92.9586,-104.6868,-117.1173,-129.2270,-140.6527,-153.1281,-166.3477,-180.7448,-193.6288,-205.3546,-217.5209,-230.7674,-244.8670,-260.0163,-275.6859
73,1.5000,DynamicV1Rebalance,2.5000,16024.4314,400.6108,spend75p,406.6792,415.3642,425.4709,435.9456,446.9435,457.9530,470.8465,481.4739,493.7571,505.6650,488.1165,498.9935,508.0537,517.3146,528.0736,536.9663,546.1306,559.3657,569.0593,581.2112,586.6334,595.4937,606.1665,15.8849,5.8320,-1.8766,-13.0283,-24.5736,-35.7500,-47.1507,-59.0104,-71.9783,-87.4664,-101.3933,-116.9423,-131.2724,-146.3857,-160.6236,-172.9445,-182.9627,-194.4879,-206.4678,-218.7400,-230.9286,-244.4427
73,1.5000,DynamicV1Rebalance,3.0000,13353.6929,400.6108,survival,1.0000,1.0000,1.0000,1.0000,1.0000,1.0000,1.0000,1.0000,1.0000,1.0000,0.9990,0.9980,0.9965,0.9955,0.9950,0.9930,0.9900,0.9860,0.9825,0.9795,0.9745,0.9690,0.9640,0.9630,0.9630,0.9620,0.9620,0.9620,0.9620,0.9615,0.9615,0.9615,0.9615,0.9615,0.9610,0.9610,0.9610,0.9610,0.9610,0.9610,0.9610,0.9610,0.9610,0.9610,0.9610
73,1.5000,DynamicV1Rebalance,3.0000,13353.6929,400.6108,spend25p,401.0817,398.2348,395.0992,390.8492,386.9191,383.3197,379.0052,374.4781,369.9376,365.9763,343.1848,341.7559,338.6606,334.5151,331.4151,327.3039,323.5693,320.0607,315.7744,313.0137,309.9982,304.2208,300.6763,-53.4992,-61.9974,-70.7842,-79.8622,-88.7915,-97.7332,-106.6014,-115.9261,-125.9565,-136.7676,-147.2961,-158.8246,-171.2180,-185.9913,-200.8303,-215.3046,-229.8740,-245.4458,-260.5416,-277.1918,-292.8924,-312.3967
73,1.5000,DynamicV1Rebalance,3.0000,13353.6929,400.6108,spend50p,403.8430,406.8254,410.0663,412.2519,415.5722,418.4931,422.1928,426.1172,429.5212,432.5065,413.0442,414.6064,419.4994,422.8512,424.0847,424.3599,423.1959,421.3771,420.8355,423.0955,424.0933,426.0860,423.6225,-21.4846,-31.3457,-40.8339,-50.6250,-60.7759,-71.2349,-81.5330,-92.6175,-103.9610,-116.2934,-128.3384,-140.0385,-152.5903,-165.4207,-180.1522,-192.6822,-204.5651,-216.5492,-229.4083,-243.3825,-258.2316,-273.7006
73,1.5000,DynamicV1Rebalance,3.0000,13353.6929,400.6108,spend75p,406.6792,415.3642,425.4709,435.9456,446.9435,457.9530,470.8465,481.4739,493.7571,505.6650,488.0242,498.8456,506.7864,516.0871,527.3280,536.3169,542.4863,554.3523,564.3644,571.8547,577.2513,585.2065,594.7602,12.1822,2.6944,0.0000,-10.2707,-22.4438,-33.0919,-44.5005,-56.4533,-70.4357,-84.6475,-99.1057,-115.1122,-129.5811,-144.5456,-159.0942,-171.3391,-181.7992,-193.1781,-204.9490,-216.2651,-229.0335,-242.1623
73,1.5000,DynamicV1Rebalance,3.5000,11446.0225,400.6108,survival,1.0000,1.0000,1.0000,1.0000,1.0000,1.0000,1.0000,1.0000,1.0000,0.9985,0.9975,0.9955,0.9940,0.9890,0.9830,0.9750,0.9680,0.9615,0.9540,0.9400,0.9325,0.9200,0.9090,0.9085,0.9085,0.9080,0.9080,0.9080,0.9075,0.9070,0.9070,0.9070,0.9070,0.9070,0.9070,0.9070,0.9070,0.9070,0.9070,0.9070,0.9070,0.9070,0.9070,0.9070,0.9070
73,1.5000,DynamicV1Rebalance,3.5000,11446.0225,400.6108,spend25p,401.0817,398.2348,395.0992,390.8492,386.9191,383.3197,379.0052,374.4781,369.9376,365.5768,342.9836,341.1202,338.1097,333.0854,327.7621,321.6127,316.6574,311.6124,305.2413,297.0903,289.2746,281.1256,275.9360,-53.0078,-61.6565,-70.5782,-79.6264,-88.3908,-97.2609,-106.1321,-115.1643,-125.0498,-135.7555,-146.7715,-157.6091,-170.3832,-184.4972,-199.1100,-213.5454,-227.5229,-242.7156,-258.1337,-274.0358,-290.4334,-308.7650
73,1.5000,DynamicV1Rebalance,3.5000,11446.0225,400.6108,spend50p,403.8430,406.8254,410.0663,412.2519,415.5722,418.4931,422.1928,426.1172,429.5212,432.4324,412.3718,413.8084,419.1037,420.8113,418.0049,417.3823,416.1242,413.5977,410.0637,403.6391,401.7954,398.9104,396.1558,-19.7506,-30.3212,-39.8803,-49.4160,-59.8572,-70.3162,-80.2766,-91.3116,-102.7019,-114.4140,-126.5020,-138.7524,-151.0827,-164.1303,-178.0523,-190.6311,-202.0247,-214.3351,-226.7648,-240.1601,-254.8215,-269.5785
73,1.5000,DynamicV1Rebalance,3.5000,11446.0225,400.6108,spend75p,406.6792,415.3642,425.4709,435.9456,446.9435,457.9530,470.8465,481.4739,493.7571,505.5832,487.1028,498.6814,506.3229,513.1893,523.1303,528.6864,534.3070,543.4858,548.7949,549.6098,556.6010,559.1597,559.3534,5.7662,0.0000,0.0000,-3.0803,-13.8957,-25.2978,-36.3992,-48.9947,-61.5534,-77.5286,-93.3785,-109.2235,-125.1565,-140.2513,-154.5917,-167.6341,-178.3624,-188.9400,-200.8836,-211.7268,-223.1162,-235.9527
73,1.5000,DynamicV1Rebalance,4.0000,10015.2697,400.6108,survival,1.0000,1.0000,1.0000,1.0000,1.0000,1.0000,1.0000,1.0000,0.9990,0.9980,0.9945,0.9920,0.9825,0.9730,0.9650,0.9540,0.9370,0.9215,0.9015,0.8890,0.8725,0.8535,0.8420,0.8415,0.8415,0.8415,0.8410,0.8410,0.8405,0.8405,0.8405,0.8405,0.8405,0.8405,0.8405,0.8405,0.8405,0.8405,0.8405,0.8405,0.8405,0.8400,0.8400,0.8400,0.8400
73,1.5000,DynamicV1Rebalance,4.0000,10015.2697,400.6108,spend25p,401.0817,398.2348,395.0992,390.8492,386.9191,383.3197,379.0052,374.4781,369.5623,365.3659,342.3128,340.1276,334.0783,327.0289,320.7528,314.4210,305.6304,295.8440,282.1031,273.3439,260.6018,245.2149,235.8070,-51.8058,-60.8793,-69.3849,-78.4550,-86.9664,-95.9390,-105.0954,-113.7133,-123.6659,-134.6850,-145.4795,-156.4202,-168.9127,-182.5591,-196.7953,-210.6715,-224.4357,-239.4442,-254.7019,-269.5198,-287.0037,-305.4327
73,1.5000,DynamicV1Rebalance,4.0000,10015.2697,400.6108,spend50p,403.8430,406.8254,410.0663,412.2519,415.5722,418.4931,422.1928,426.1172,429.3911,432.4134,411.3343,413.0025,415.0157,415.6611,413.5187,411.5400,405.9823,398.9100,389.5675,383.7448,376.2527,368.4010,364.9007,-16.3082,-26.7711,-36.3792,-46.6401,-56.3882,-67.2313,-77.6201,-88.5655,-99.7798,-111.5157,-124.2865,-136.4889,-149.1938,-161.8530,-175.1930,-187.2274,-198.4593,-210.2317,-222.8633,-235.3683,-248.7460,-263.5406
73,1.5000,DynamicV1Rebalance,4.0000,10015.2697,400.6108,spend75p,406.6792,415.3642,425.4709,435.9456,446.9435,457.9530,470.8465,481.4739,493.6176,505.5196,486.2480,497.4915,502.5428,508.3955,514.7082,518.8612,524.6459,526.3136,521.6619,527.1687,529.5562,527.5405,525.9333,0.0000,0.0000,0.0000,0.0000,0.0000,-8.7251,-20.1143,-32.8881,-46.4697,-60.7938,-77.0139,-94.0730,-110.4320,-128.1457,-145.7372,-158.8910,-170.4089,-181.6275,-192.0441,-202.8153,-213.8175,-225.2699
73,1.5000,DynamicV1Rebalance,5.0000,8012.2157,400.6108,survival,1.0000,1.0000,1.0000,1.0000,1.0000,1.0000,1.0000,0.9985,0.9970,0.9920,0.9805,0.9660,0.9485,0.9305,0.9055,0.8695,0.8405,0.8240,0.7970,0.7670,0.7410,0.7160,0.6955,0.6925,0.6920,0.6895,0.6890,0.6885,0.6885,0.6885,0.6885,0.6885,0.6885,0.6885,0.6880,0.6880,0.6880,0.6880,0.6880,0.6880,0.6880,0.6880,0.6880,0.6880,0.6880
73,1.5000,DynamicV1Rebalance,5.0000,8012.2157,400.6108,spend25p,401.0817,398.2348,395.0992,390.8492,386.9191,383.3197,379.0052,373.8804,368.7746,364.0402,338.1892,330.9868,321.3863,311.2143,300.1412,276.3030,257.0189,243.6546,215.2115,176.8005,0.0000,0.0000,0.0000,-48.3716,-57.1660,-66.2125,-74.3594,-83.7189,-92.3447,-101.2620,-110.8989,-120.8988,-131.5782,-142.4325,-153.8645,-165.8321,-177.9946,-191.3840,-205.2523,-218.1871,-231.5620,-246.1150,-261.6601,-277.7061,-294.2135
73,1.5000,DynamicV1Rebalance,5.0000,8012.2157,400.6108,spend50p,403.8430,406.8254,410.0663,412.2519,415.5722,418.4931,422.1928,425.5836,429.1277,431.2187,408.0598,408.0461,405.5916,401.3463,395.4177,381.4984,372.0883,363.4946,354.6046,340.7067,329.2871,317.7047,304.3027,-4.2143,-13.4173,-23.3317,-34.3143,-45.6160,-56.2074,-67.3158,-78.1108,-89.8896,-102.8320,-116.1803,-129.0489,-141.9875,-154.2488,-167.5007,-178.7025,-189.1712,-199.3676,-211.0248,-223.8455,-236.0309,-249.4496
73,1.5000,DynamicV1Rebalance,5.0000,8012.2157,400.6108,spend75p,406.6792,415.3642,425.4709,435.9456,446.9435,457.9530,470.8465,481.2216,493.4250,503.4862,483.1386,490.1209,494.7037,497.5961,498.3000,496.1036,491.6499,491.8352,489.8295,482.6513,477.1064,466.7338,463.2476,0.0000,0.0000,0.0000,0.0000,0.0000,0.0000,0.0000,0.0000,0.0000,0.0000,0.0000,0.0000,0.0000,0.0000,0.0000,0.0000,0.0000,0.0000,0.0000,0.0000,0.0000,0.0000
73,1.5000,DynamicV1Rebalance,6.0000,6676.8464,400.6108,survival,1.0000,1.0000,1.0000,1.0000,1.0000,1.0000,0.9985,0.9970,0.9870,0.9720,0.9505,0.9230,0.8925,0.8445,0.8110,0.7705,0.7350,0.6920,0.6610,0.6325,0.6045,0.5780,0.5540,0.5515,0.5515,0.5515,0.5510,0.5510,0.5505,0.5505,0.5505,0.5505,0.5505,0.5505,0.5505,0.5505,0.5505,0.5505,0.5505,0.5505,0.5505,0.5505,0.5505,0.5505,0.5505
73,1.5000,DynamicV1Rebalance,6.0000,6676.8464,400.6108,spend25p,401.0817,398.2348,395.0992,390.8492,386.9191,383.3197,377.8508,373.2536,365.8355,357.7579,329.8756,317.6986,301.4685,273.6233,250.1177,202.5573,0.0000,0.0000,0.0000,0.0000,0.0000,0.0000,0.0000,-41.9140,-50.6403,-59.6651,-68.1658,-77.0126,-86.6935,-96.0152,-106.1247,-115.7849,-125.6508,-136.7137,-148.5974,-160.8185,-172.7780,-186.2932,-199.4857,-210.7972,-222.6712,-236.3986,-251.0413,-265.7857,-282.1670
73,1.5000,DynamicV1Rebalance,6.0000,6676.8464,400.6108,spend50p,403.8430,406.8254,410.0663,412.2519,415.5722,418.4931,422.0993,425.3985,427.1519,428.9656,403.1557,398.0739,390.1236,374.8626,364.0565,351.8669,335.3138,314.6385,299.3135,279.9657,259.4258,237.1804,208.6971,0.0000,0.0000,0.0000,0.0000,-3.9840,-14.2726,-27.1605,-39.4900,-52.7124,-68.3409,-83.3862,-100.3356,-116.1426,-133.4961,-149.1902,-161.5919,-171.6934,-182.0992,-192.2299,-202.8039,-212.8584,-224.2289
73,1.5000,DynamicV1Rebalance,6.0000,6676.8464,400.6108,spend75p,406.6792,415.3642,425.4709,435.9456,446.9435,457.9530,470.7013,480.9914,491.1242,499.5794,476.9359,481.6586,481.0691,476.0453,476.3419,470.9151,460.6397,449.7691,440.0866,429.6302,421.2110,414.5752,401.3017,0.0000,0.0000,0.0000,0.0000,0.0000,0.0000,0.0000,0.0000,0.0000,0.0000,0.0000,0.0000,0.0000,0.0000,0.0000,0.0000,0.0000,0.0000,0.0000,0.0000,0.0000,0.0000
73,1.5000,DynamicV1Rebalance,7.0000,5723.0112,400.6108,survival,1.0000,1.0000,1.0000,1.0000,1.0000,0.9990,0.9965,0.9850,0.9685,0.9340,0.8955,0.8470,0.7940,0.7450,0.6955,0.6360,0.6010,0.5660,0.5335,0.4995,0.4790,0.4565,0.4300,0.4260,0.4260,0.4260,0.4255,0.4255,0.4255,0.4255,0.4255,0.4255,0.4255,0.4255,0.4255,0.4255,0.4255,0.4255,0.4255,0.4255,0.4255,0.4255,0.4255,0.4255,0.4255
73,1.5000,DynamicV1Rebalance,7.0000,5723.0112,400.6108,spend25p,401.0817,398.2348,395.0992,390.8492,386.9191,383.0657,377.4673,370.2504,360.7474,347.5942,311.6787,286.6153,250.9753,0.0000,0.0000,0.0000,0.0000,0.0000,0.0000,0.0000,0.0000,0.0000,0.0000,-30.5653,-38.3976,-48.2613,-57.9792,-67.0180,-77.1079,-86.4155,-96.8291,-108.3576,-119.5942,-130.4608,-140.8473,-152.3037,-164.4018,-177.4783,-190.3015,-201.2633,-212.1491,-224.9004,-238.0334,-251.1736,-266.0619
73,1.5000,DynamicV1Rebalance,7.0000,5723.0112,400.6108,spend50p,403.8430,406.8254,410.0663,412.2519,415.5722,418.3868,422.0502,424.2072,425.0264,422.4770,389.6920,377.8382,361.3257,345.3471,324.0723,295.3880,270.8033,244.5807,205.7281,0.0000,0.0000,0.0000,0.0000,0.0000,0.0000,0.0000,0.0000,0.0000,0.0000,0.0000,0.0000,0.0000,0.0000,0.0000,0.0000,0.0000,0.0000,0.0000,0.0000,0.0000,0.0000,0.0000,0.0000,0.0000,0.0000
73,1.5000,DynamicV1Rebalance,7.0000,5723.0112,400.6108,spend75p,406.6792,415.3642,425.4709,435.9456,446.9435,457.5595,470.6787,478.9404,487.0249,493.6122,468.4463,466.1540,460.1072,454.3996,443.6214,428.8504,418.4014,403.5600,387.9886,371.7041,359.5587,346.1142,327.2545,0.0000,0.0000,0.0000,0.0000,0.0000,0.0000,0.0000,0.0000,0.0000,0.0000,0.0000,0.0000,0.0000,0.0000,0.0000,0.0000,0.0000,0.0000,0.0000,0.0000,0.0000,0.0000
73,1.5000,DynamicV1Rebalance,8.0000,5007.6348,400.6108,survival,1.0000,1.0000,1.0000,1.0000,1.0000,0.9980,0.9875,0.9705,0.9295,0.8805,0.8115,0.7425,0.6800,0.6190,0.5700,0.5310,0.4840,0.4465,0.4140,0.3815,0.3535,0.3260,0.3010,0.2985,0.2980,0.2980,0.2975,0.2975,0.2975,0.2975,0.2970,0.2970,0.2970,0.2970,0.2970,0.2970,0.2970,0.2970,0.2970,0.2970,0.2970,0.2970,0.2970,0.2970,0.2970
73,1.5000,DynamicV1Rebalance,8.0000,5007.6348,400.6108,spend25p,401.0817,398.2348,395.0992,390.8492,386.9191,382.5282,375.2494,366.6871,350.9916,331.1402,278.2505,0.0000,0.0000,0.0000,0.0000,0.0000,0.0000,0.0000,0.0000,0.0000,0.0000,0.0000,0.0000,0.0000,-4.8163,-14.0318,-25.5803,-36.2419,-46.1622,-58.4092,-71.3029,-82.7012,-96.2827,-107.6289,-121.5275,-135.0528,-148.3266,-160.6334,-171.3554,-180.7826,-190.2003,-202.6407,-211.7930,-222.8878,-233.9826
73,1.5000,DynamicV1Rebalance,8.0000,5007.6348,400.6108,spend50p,403.8430,406.8254,410.0663,412.2519,415.5722,418.2739,420.8090,422.9731,418.1549,410.8858,369.1485,349.7128,323.3271,296.5446,261.8336,220.1564,0.0000,0.0000,0.0000,0.0000,0.0000,0.0000,0.0000,0.0000,0.0000,0.0000,0.0000,0.0000,0.0000,0.0000,0.0000,0.0000,0.0000,0.0000,0.0000,0.0000,0.0000,0.0000,0.0000,0.0000,0.0000,0.0000,0.0000,0.0000,0.0000
73,1.5000,DynamicV1Rebalance,8.0000,5007.6348,400.6108,spend75p,406.6792,415.3642,425.4709,435.9456,446.9435,457.3571,468.8594,476.0104,482.7868,485.2672,449.9354,442.7314,432.8666,421.2443,406.9035,391.9355,371.0353,350.3213,333.2268,312.4416,289.3090,261.4333,236.5236,0.0000,0.0000,0.0000,0.0000,0.0000,0.0000,0.0000,0.0000,0.0000,0.0000,0.0000,0.0000,0.0000,0.0000,0.0000,0.0000,0.0000,0.0000,0.0000,0.0000,0.0000,0.0000
73,1.5000,DynamicV1Rebalance,9.0000,4451.2310,400.6108,survival,1.0000,1.0000,1.0000,1.0000,0.9995,0.9940,0.9750,0.9350,0.8760,0.7860,0.7060,0.6330,0.5695,0.5115,0.4570,0.4060,0.3620,0.3230,0.2895,0.2670,0.2470,0.2280,0.2095,0.2075,0.2070,0.2070,0.2070,0.2065,0.2065,0.2065,0.2065,0.2065,0.2065,0.2065,0.2065,0.2065,0.2065,0.2065,0.2065,0.2065,0.2065,0.2065,0.2065,0.2065,0.2065
73,1.5000,DynamicV1Rebalance,9.0000,4451.2310,400.6108,spend25p,401.0817,398.2348,395.0992,390.8492,386.8431,381.8429,373.0085,358.0329,336.0680,286.2063,0.0000,0.0000,0.0000,0.0000,0.0000,0.0000,0.0000,0.0000,0.0000,0.0000,0.0000,0.0000,0.0000,0.0000,0.0000,0.0000,0.0000,0.0000,0.0000,0.0000,0.0000,0.0000,0.0000,0.0000,0.0000,0.0000,0.0000,0.0000,0.0000,0.0000,0.0000,0.0000,0.0000,0.0000,0.0000
73,1.5000,DynamicV1Rebalance,9.0000,4451.2310,400.6108,spend50p,403.8430,406.8254,410.0663,412.2519,415.5503,417.9142,419.3201,416.0858,408.8881,387.5165,341.7169,310.5887,274.1695,207.1611,0.0000,0.0000,0.0000,0.0000,0.0000,0.0000,0.0000,0.0000,0.0000,0.0000,0.0000,0.0000,0.0000,0.0000,0.0000,0.0000,0.0000,0.0000,0.0000,0.0000,0.0000,0.0000,0.0000,0.0000,0.0000,0.0000,0.0000,0.0000,0.0000,0.0000,0.0000
73,1.5000,DynamicV1Rebalance,9.0000,4451.2310,400.6108,spend75p,406.6792,415.3642,425.4709,435.9456,446.9040,457.2625,467.3866,471.5879,473.3291,464.8175,429.4899,415.8999,403.7479,383.5236,361.5200,340.3008,314.5282,277.1455,235.1126,191.2089,0.0000,0.0000,0.0000,0.0000,0.0000,0.0000,0.0000,0.0000,0.0000,0.0000,0.0000,0.0000,0.0000,0.0000,0.0000,0.0000,0.0000,0.0000,0.0000,0.0000,0.0000,0.0000,0.0000,0.0000,0.0000
73,1.5000,DynamicV1Rebalance,10.0000,4006.1079,400.6108,survival,1.0000,1.0000,1.0000,1.0000,0.9985,0.9845,0.9520,0.8880,0.7865,0.6840,0.6000,0.5275,0.4585,0.3890,0.3310,0.2865,0.2520,0.2230,0.1970,0.1830,0.1680,0.1520,0.1425,0.1420,0.1420,0.1420,0.1420,0.1420,0.1420,0.1420,0.1420,0.1420,0.1420,0.1420,0.1420,0.1420,0.1420,0.1420,0.1420,0.1420,0.1420,0.1420,0.1420,0.1420,0.1420
73,1.5000,DynamicV1Rebalance,10.0000,4006.1079,400.6108,spend25p,401.0817,398.2348,395.0992,390.8492,386.7745,380.1863,368.0432,346.9563,296.9592,0.0000,0.0000,0.0000,0.0000,0.0000,0.0000,0.0000,0.0000,0.0000,0.0000,0.0000,0.0000,0.0000,0.0000,0.0000,0.0000,0.0000,0.0000,0.0000,0.0000,0.0000,0.0000,0.0000,0.0000,0.0000,0.0000,0.0000,0.0000,0.0000,0.0000,0.0000,0.0000,0.0000,0.0000,0.0000,0.0000
73,1.5000,DynamicV1Rebalance,10.0000,4006.1079,400.6108,spend50p,403.8430,406.8254,410.0663,412.2519,415.4577,417.2175,416.4265,408.5904,390.2826,356.0374,300.7103,253.5754,0.0000,0.0000,0.0000,0.0000,0.0000,0.0000,0.0000,0.0000,0.0000,0.0000,0.0000,0.0000,0.0000,0.0000,0.0000,0.0000,0.0000,0.0000,0.0000,0.0000,0.0000,0.0000,0.0000,0.0000,0.0000,0.0000,0.0000,0.0000,0.0000,0.0000,0.0000,0.0000,0.0000
73,1.5000,DynamicV1Rebalance,10.0000,4006.1079,400.6108,spend75p,406.6792,415.3642,425.4709,435.9456,446.7471,456.5260,463.7723,466.3952,459.1700,444.8970,409.9614,391.1291,368.3375,337.1436,296.2462,250.6309,147.6253,0.0000,0.0000,0.0000,0.0000,0.0000,0.0000,0.0000,0.0000,0.0000,0.0000,0.0000,0.0000,0.0000,0.0000,0.0000,0.0000,0.0000,0.0000,0.0000,0.0000,0.0000,0.0000,0.0000,0.0000,0.0000,0.0000,0.0000,0.0000
73,1.8000,DynamicV1Rebalance,2.5000,19057.3177,476.4329,survival,1.0000,1.0000,1.0000,1.0000,1.0000,1.0000,1.0000,1.0000,1.0000,1.0000,1.0000,1.0000,0.9995,0.9990,0.9980,0.9965,0.9955,0.9945,0.9940,0.9940,0.9935,0.9910,0.9890,0.9885,0.9880,0.9880,0.9880,0.9880,0.9880,0.9875,0.9875,0.9870,0.9870,0.9865,0.9860,0.9860,0.9855,0.9855,0.9850,0.9850,0.9850,0.9850,0.9845,0.9845,0.9845
73,1.8000,DynamicV1Rebalance,2.5000,19057.3177,476.4329,spend25p,476.9929,473.5946,469.8496,464.7765,460.0811,455.7764,450.6192,445.2074,439.7779,435.0353,412.0148,410.9282,407.2203,402.2473,398.9215,395.1837,390.9455,387.9054,385.7135,383.2318,381.6492,380.5808,375.0428,7.6875,0.0000,-7.4640,-16.4264,-24.8351,-34.8878,-43.9313,-52.7665,-63.1009,-73.4213,-83.2873,-94.2878,-105.5350,-116.5439,-128.0940,-139.1108,-148.6579,-158.9971,-169.9228,-181.1487,-191.9457,-204.9398
73,1.8000,DynamicV1Rebalance,2.5000,19057.3177,476.4329,spend50p,480.2769,483.8108,487.6485,490.2274,494.1521,497.5985,501.9673,506.5998,510.6103,514.1197,496.6229,498.0703,504.4631,508.1930,509.7277,511.0166,510.7599,510.4033,510.0083,513.6205,519.6522,519.9245,517.1216,62.6439,53.9663,44.4489,36.2994,27.2971,17.6445,7.0368,-0.2693,-11.5359,-23.0104,-34.8889,-46.6687,-60.5523,-73.7670,-87.5623,-100.1141,-109.9698,-121.4896,-134.5349,-146.7417,-158.2566,-171.6712
73,1.8000,DynamicV1Rebalance,2.5000,19057.3177,476.4329,spend75p,483.6499,493.9655,505.9675,518.4027,531.4554,544.5173,559.8143,572.4120,586.9732,601.0831,585.7398,598.7922,609.6644,620.7775,633.6884,644.3596,655.3568,671.2388,682.8711,697.4534,703.9601,714.5925,727.3998,137.9762,131.3947,121.4040,112.3729,100.5304,91.8510,79.0792,68.8830,57.1899,46.7671,34.8412,20.6496,5.4703,-2.2707,-20.9005,-34.0587,-44.4303,-56.3385,-69.3937,-82.8602,-95.3926,-110.8081
73,1.8000,DynamicV1Rebalance,3.0000,15881.0981,476.4329,survival,1.0000,1.0000,1.0000,1.0000,1.0000,1.0000,1.0000,1.0000,1.0000,1.0000,0.9990,0.9980,0.9965,0.9955,0.9945,0.9930,0.9900,0.9860,0.9825,0.9790,0.9735,0.9675,0.9630,0.9615,0.9615,0.9600,0.9590,0.9580,0.9565,0.9550,0.9545,0.9540,0.9540,0.9535,0.9530,0.9520,0.9515,0.9510,0.9505,0.9505,0.9505,0.9500,0.9500,0.9495,0.9495
73,1.8000,DynamicV1Rebalance,3.0000,15881.0981,476.4329,spend25p,476.9929,473.5946,469.8496,464.7765,460.0811,455.7764,450.6192,445.2074,439.7779,435.0353,411.8218,410.1071,406.3928,401.4181,397.5514,392.7647,388.2832,384.0728,378.9293,375.4332,370.7153,364.2315,360.2381,3.1845,0.0000,-7.2479,-16.1963,-24.2331,-34.2906,-43.5378,-52.3705,-62.5505,-72.6979,-82.7994,-93.9056,-105.3002,-116.1006,-127.4070,-138.5160,-147.8812,-158.1316,-169.3362,-180.5476,-191.5045,-204.3292
73,1.8000,DynamicV1Rebalance,3.0000,15881.0981,476.4329,spend50p,480.2769,483.8108,487.6485,490.2274,494.1521,497.5985,501.9673,506.5998,510.6103,514.1197,495.6530,497.5277,503.3993,507.4214,508.1869,509.2319,507.8351,505.6526,505.0026,507.6341,508.2851,510.8474,507.6552,59.0255,49.7198,41.3788,31.6120,21.6237,11.9562,0.7056,0.0000,-10.3865,-20.8985,-33.3187,-45.6896,-59.1711,-72.9236,-86.0861,-99.3350,-109.0176,-120.2153,-133.4402,-144.8855,-156.5019,-170.7786
73,1.8000,DynamicV1Rebalance,3.0000,15881.0981,476.4329,spend75p,483.6499,493.9655,505.9675,518.4027,531.4554,544.5173,559.8143,572.4120,586.9732,601.0831,585.6290,598.6147,608.1436,619.3046,632.2846,643.5802,650.9836,665.2227,677.2372,685.9339,691.3691,701.5870,712.9156,132.3866,123.9002,112.8329,103.3549,92.5608,83.0605,70.7904,59.0664,49.0543,37.1614,23.0946,10.9996,0.0000,0.0000,-13.0807,-27.6470,-38.5976,-50.0387,-61.4787,-76.2677,-89.5359,-103.1070
73,1.8000,DynamicV1Rebalance,3.5000,13612.3698,476.4329,survival,1.0000,1.0000,1.0000,1.0000,1.0000,1.0000,1.0000,1.0000,1.0000,0.9985,0.9975,0.9955,0.9940,0.9890,0.9825,0.9745,0.9680,0.9610,0.9530,0.9380,0.9315,0.9180,0.9085,0.9075,0.9045,0.9025,0.9020,0.9005,0.9000,0.8995,0.8990,0.8975,0.8970,0.8960,0.8945,0.8945,0.8945,0.8940,0.8940,0.8935,0.8935,0.8935,0.8935,0.8935,0.8935
73,1.8000,DynamicV1Rebalance,3.5000,13612.3698,476.4329,spend25p,476.9929,473.5946,469.8496,464.7765,460.0811,455.7764,450.6192,445.2074,439.7779,434.5604,411.5803,409.3443,405.7317,399.7025,393.2650,385.7804,379.9889,373.5705,365.3940,353.8671,347.0030,336.3852,330.7183,0.0000,0.0000,-6.4986,-15.3369,-23.2705,-33.3314,-43.0858,-51.3605,-61.4599,-71.3134,-81.8533,-93.2025,-104.6745,-115.4296,-126.9624,-137.6356,-147.0719,-157.4119,-167.9021,-179.2958,-190.4516,-202.9091
73,1.8000,DynamicV1Rebalance,3.5000,13612.3698,476.4329,spend50p,480.2769,483.8108,487.6485,490.2274,494.1521,497.5985,501.9673,506.5998,510.6103,514.0316,494.8461,496.5701,502.9245,504.9736,501.6059,500.4527,499.3491,495.9251,491.6936,483.6995,481.5415,476.4141,474.8701,46.5148,38.4340,29.5791,19.7472,10.8804,0.1283,0.0000,0.0000,-7.3129,-17.8741,-30.8317,-43.5428,-56.5219,-69.6400,-84.0050,-95.7265,-105.6989,-116.5162,-129.2747,-141.5271,-154.5007,-166.0069
73,1.8000,DynamicV1Rebalance,3.5000,13612.3698,476.4329,spend75p,483.6499,493.9655,505.9675,518.4027,531.4554,544.5173,559.8143,572.4120,586.9732,600.9858,584.5233,598.4177,607.5875,615.8271,627.7564,633.6127,641.1684,652.1829,657.9044,658.1401,667.5841,669.7127,670.0740,119.6496,107.9529,98.9367,89.7949,76.9940,68.5589,57.6751,48.6092,35.5533,22.8027,9.2678,0.0000,0.0000,0.0000,0.0000,-7.5597,-17.7730,-27.5538,-42.4650,-58.1785,-70.5528,-84.8107
73,1.8000,DynamicV1Rebalance,4.0000,11910.8236,476.4329,survival,1.0000,1.0000,1.0000,1.0000,1.0000,1.0000,1.0000,1.0000,0.9990,0.9980,0.9945,0.9920,0.9825,0.9730,0.9645,0.9540,0.9360,0.9210,0.9010,0.8880,0.8705,0.8525,0.8395,0.8365,0.8320,0.8295,0.8275,0.8255,0.8250,0.8230,0.8215,0.8195,0.8190,0.8190,0.8180,0.8170,0.8160,0.8155,0.8155,0.8150,0.8150,0.8140,0.8140,0.8140,0.8140
73,1.8000,DynamicV1Rebalance,4.0000,11910.8236,476.4329,spend25p,476.9929,473.5946,469.8496,464.7765,460.0811,455.7764,450.6192,445.2074,439.3317,434.3098,410.7754,408.1532,400.8939,392.4347,384.7726,377.3052,366.0179,354.7658,338.2408,327.4727,311.6119,293.8875,281.4265,0.0000,0.0000,-4.6627,-13.0795,-22.1159,-30.1844,-40.1109,-49.3165,-58.8394,-68.0507,-79.3917,-90.6827,-101.5775,-113.4270,-124.8968,-135.7825,-145.7246,-155.6194,-165.4658,-176.9764,-188.3712,-200.8265
73,1.8000,DynamicV1Rebalance,4.0000,11910.8236,476.4329,spend50p,480.2769,483.8108,487.6485,490.2274,494.1521,497.5985,501.9673,506.5998,510.4555,514.0090,493.6012,495.6030,498.0189,498.7934,496.0904,493.8480,486.9173,478.3678,467.4810,460.3843,450.8412,441.6710,436.5517,33.4503,23.3765,13.2901,5.2285,0.0000,0.0000,0.0000,0.0000,0.0000,-11.2687,-23.5849,-35.9944,-49.6702,-63.4044,-77.8482,-88.7919,-98.9831,-110.8463,-122.7803,-133.7538,-146.9677,-159.9115
73,1.8000,DynamicV1Rebalance,4.0000,11910.8236,476.4329,spend75p,483.6499,493.9655,505.9675,518.4027,531.4554,544.5173,559.8143,572.4120,586.8074,600.9102,583.4976,596.9899,603.0513,610.0746,617.1291,622.6334,628.6740,631.1162,625.9942,632.6025,633.4090,632.5202,630.0382,104.3098,95.8268,85.0444,74.3522,64.6028,54.4811,43.3271,32.0534,20.6348,7.1839,0.0000,0.0000,0.0000,0.0000,0.0000,0.0000,0.0000,0.0000,0.0000,0.0000,-11.9897,-21.8631
73,1.8000,DynamicV1Rebalance,5.0000,9528.6589,476.4329,survival,1.0000,1.0000,1.0000,1.0000,1.0000,1.0000,1.0000,0.9985,0.9970,0.9920,0.9805,0.9660,0.9480,0.9300,0.9040,0.8690,0.8390,0.8225,0.7960,0.7665,0.7405,0.7140,0.6915,0.6855,0.6835,0.6820,0.6765,0.6760,0.6745,0.6735,0.6725,0.6720,0.6710,0.6705,0.6700,0.6700,0.6700,0.6700,0.6700,0.6700,0.6695,0.6695,0.6695,0.6695,0.6695
73,1.8000,DynamicV1Rebalance,5.0000,9528.6589,476.4329,spend25p,476.9929,473.5946,469.8496,464.7765,460.0811,455.7764,450.6192,444.4968,438.3953,432.7340,405.8271,397.1842,385.6136,373.3019,358.4117,330.7922,307.2085,291.2655,257.3600,210.9962,0.0000,0.0000,0.0000,0.0000,0.0000,0.0000,-7.7660,-16.0924,-24.9937,-33.1596,-41.5200,-51.2075,-62.2986,-72.9766,-84.6002,-95.7281,-107.7586,-119.2254,-130.1605,-140.5324,-150.3078,-161.1376,-172.0302,-183.4191,-195.3371
73,1.8000,DynamicV1Rebalance,5.0000,9528.6589,476.4329,spend50p,480.2769,483.8108,487.6485,490.2274,494.1521,497.5985,501.9673,505.9655,510.1424,512.5889,489.6718,489.6553,486.4342,481.0226,473.7882,457.7981,445.4927,436.1039,424.9809,408.4055,394.9552,380.5686,362.6111,2.5481,0.0000,0.0000,0.0000,0.0000,0.0000,0.0000,0.0000,0.0000,0.0000,-0.3765,-13.5701,-24.4521,-39.0982,-52.0780,-63.9868,-76.5637,-89.2568,-100.3436,-112.8374,-126.9525,-139.2749
73,1.8000,DynamicV1Rebalance,5.0000,9528.6589,476.4329,spend75p,483.6499,493.9655,505.9675,518.4027,531.4554,544.5173,559.8143,572.1121,586.5784,598.4932,579.7663,588.1451,593.0305,596.9582,597.5942,595.3243,589.9798,590.2022,587.2710,579.1816,572.5277,560.0806,552.0643,73.0967,63.4101,55.3836,44.3231,35.9182,26.6729,16.9098,6.6705,0.0000,0.0000,0.0000,0.0000,0.0000,0.0000,0.0000,0.0000,0.0000,0.0000,0.0000,0.0000,0.0000,0.0000
73,1.8000,DynamicV1Rebalance,6.0000,7940.5491,476.4329,survival,1.0000,1.0000,1.0000,1.0000,1.0000,1.0000,0.9985,0.9970,0.9870,0.9720,0.9505,0.9225,0.8920,0.8425,0.8090,0.7695,0.7325,0.6910,0.6565,0.6295,0.5995,0.5735,0.5495,0.5470,0.5450,0.5430,0.5405,0.5395,0.5375,0.5365,0.5365,0.5355,0.5345,0.5335,0.5325,0.5325,0.5320,0.5315,0.5315,0.5310,0.5310,0.5310,0.5310,0.5310,0.5310
73,1.8000,DynamicV1Rebalance,6.0000,7940.5491,476.4329,spend25p,476.9929,473.5946,469.8496,464.7765,460.0811,455.7764,449.2468,443.7516,434.9014,425.2661,395.8507,381.0375,361.6485,326.8174,297.9655,241.3537,0.0000,0.0000,0.0000,0.0000,0.0000,0.0000,0.0000,0.0000,0.0000,0.0000,0.0000,-2.3980,-10.8696,-19.4711,-29.0624,-39.2015,-50.2143,-61.3521,-72.1294,-83.9880,-95.6997,-109.5826,-121.1528,-131.9132,-141.1568,-152.1185,-162.9176,-174.3763,-185.9965
73,1.8000,DynamicV1Rebalance,6.0000,7940.5491,476.4329,spend50p,480.2769,483.8108,487.6485,490.2274,494.1521,497.5985,501.8561,505.7453,507.7937,509.9106,483.7868,477.5355,468.0715,448.6645,436.5716,421.9444,400.1692,377.0839,357.2654,334.5026,305.4088,276.9652,244.1011,0.0000,0.0000,0.0000,0.0000,0.0000,0.0000,0.0000,0.0000,0.0000,0.0000,0.0000,0.0000,0.0000,0.0000,0.0000,0.0000,0.0000,0.0000,0.0000,-10.2815,-26.3143,-38.2687
73,1.8000,DynamicV1Rebalance,6.0000,7940.5491,476.4329,spend75p,483.6499,493.9655,505.9675,518.4027,531.4554,544.5173,559.6416,571.8383,583.8432,593.8491,572.3231,577.9903,576.6915,569.3203,570.5853,563.7297,552.7676,539.7229,526.7198,514.5454,504.1237,492.8090,478.0485,48.4114,39.9579,30.4949,20.4014,12.0499,1.8771,0.0000,0.0000,0.0000,0.0000,0.0000,0.0000,0.0000,0.0000,0.0000,0.0000,0.0000,0.0000,0.0000,0.0000,0.0000,0.0000
73,1.8000,DynamicV1Rebalance,7.0000,6806.1849,476.4329,survival,1.0000,1.0000,1.0000,1.0000,1.0000,0.9990,0.9965,0.9850,0.9685,0.9340,0.8955,0.8465,0.7915,0.7440,0.6940,0.6335,0.5965,0.5645,0.5305,0.4970,0.4760,0.4545,0.4270,0.4225,0.4200,0.4190,0.4185,0.4170,0.4155,0.4145,0.4145,0.4145,0.4140,0.4140,0.4140,0.4140,0.4135,0.4130,0.4130,0.4125,0.4125,0.4125,0.4125,0.4125,0.4125
73,1.8000,DynamicV1Rebalance,7.0000,6806.1849,476.4329,spend25p,476.9929,473.5946,469.8496,464.7765,460.0811,455.4744,448.7908,440.1812,428.8526,413.1846,374.0145,343.6922,298.0068,0.0000,0.0000,0.0000,0.0000,0.0000,0.0000,0.0000,0.0000,0.0000,0.0000,0.0000,0.0000,0.0000,0.0000,0.0000,0.0000,-2.0714,-10.9358,-21.0632,-31.5869,-42.5789,-54.0210,-66.3154,-80.3604,-93.1428,-104.5434,-116.0029,-126.3586,-138.3719,-149.8701,-160.9828,-172.6460
73,1.8000,DynamicV1Rebalance,7.0000,6806.1849,476.4329,spend50p,480.2769,483.8108,487.6485,490.2274,494.1521,497.4721,501.7978,504.3290,505.2669,502.1977,467.6304,453.4059,433.4869,413.5854,388.7193,352.5555,320.4313,291.6451,241.8683,0.0000,0.0000,0.0000,0.0000,0.0000,0.0000,0.0000,0.0000,0.0000,0.0000,0.0000,0.0000,0.0000,0.0000,0.0000,0.0000,0.0000,0.0000,0.0000,0.0000,0.0000,0.0000,0.0000,0.0000,0.0000,0.0000
73,1.8000,DynamicV1Rebalance,7.0000,6806.1849,476.4329,spend75p,483.6499,493.9655,505.9675,518.4027,531.4554,544.0494,559.6148,569.3999,578.9700,586.7559,562.1355,559.3848,552.0586,545.0687,532.3307,514.4399,497.9247,484.1506,465.0410,443.9206,430.9166,414.4435,391.0611,14.0011,4.1277,0.0000,0.0000,0.0000,0.0000,0.0000,0.0000,0.0000,0.0000,0.0000,0.0000,0.0000,0.0000,0.0000,0.0000,0.0000,0.0000,0.0000,0.0000,0.0000,0.0000
73,1.8000,DynamicV1Rebalance,8.0000,5955.4118,476.4329,survival,1.0000,1.0000,1.0000,1.0000,1.0000,0.9980,0.9875,0.9705,0.9295,0.8805,0.8115,0.7410,0.6785,0.6180,0.5680,0.5265,0.4820,0.4435,0.4110,0.3790,0.3505,0.3220,0.2985,0.2965,0.2950,0.2930,0.2895,0.2895,0.2880,0.2870,0.2865,0.2855,0.2855,0.2855,0.2855,0.2855,0.2855,0.2855,0.2850,0.2850,0.2850,0.2850,0.2850,0.2850,0.2850
73,1.8000,DynamicV1Rebalance,8.0000,5955.4118,476.4329,spend25p,476.9929,473.5946,469.8496,464.7765,460.0811,454.8354,446.1538,435.9449,417.2551,393.6258,333.9006,0.0000,0.0000,0.0000,0.0000,0.0000,0.0000,0.0000,0.0000,0.0000,0.0000,0.0000,0.0000,0.0000,0.0000,0.0000,0.0000,0.0000,0.0000,0.0000,0.0000,0.0000,0.0000,0.0000,0.0000,0.0000,-9.5226,-22.6590,-36.8970,-44.5671,-56.7284,-68.6516,-82.8982,-93.3191,-108.9016
73,1.8000,DynamicV1Rebalance,8.0000,5955.4118,476.4329,spend50p,480.2769,483.8108,487.6485,490.2274,494.1521,497.3378,500.3221,502.8619,497.0981,488.4192,442.9783,419.5631,387.4715,355.3158,312.7040,256.7209,0.0000,0.0000,0.0000,0.0000,0.0000,0.0000,0.0000,0.0000,0.0000,0.0000,0.0000,0.0000,0.0000,0.0000,0.0000,0.0000,0.0000,0.0000,0.0000,0.0000,0.0000,0.0000,0.0000,0.0000,0.0000,0.0000,0.0000,0.0000,0.0000
73,1.8000,DynamicV1Rebalance,8.0000,5955.4118,476.4329,spend75p,483.6499,493.9655,505.9675,518.4027,531.4554,543.8087,557.4517,565.9166,573.9318,576.8363,539.9225,531.1222,518.7831,505.4932,486.4288,467.7513,444.8830,419.0497,396.8203,373.7106,344.1653,311.3326,280.5010,0.0000,0.0000,0.0000,0.0000,0.0000,0.0000,0.0000,0.0000,0.0000,0.0000,0.0000,0.0000,0.0000,0.0000,0.0000,0.0000,0.0000,0.0000,0.0000,0.0000,0.0000,0.0000
73,1.8000,DynamicV1Rebalance,9.0000,5293.6994,476.4329,survival,1.0000,1.0000,1.0000,1.0000,0.9995,0.9940,0.9750,0.9350,0.8760,0.7865,0.7055,0.6310,0.5675,0.5085,0.4525,0.4030,0.3600,0.3205,0.2870,0.2660,0.2450,0.2270,0.2080,0.2010,0.2000,0.2000,0.1985,0.1985,0.1985,0.1985,0.1985,0.1985,0.1985,0.1985,0.1985,0.1985,0.1985,0.1980,0.1980,0.1980,0.1980,0.1980,0.1980,0.1980,0.1980
73,1.8000,DynamicV1Rebalance,9.0000,5293.6994,476.4329,spend25p,476.9929,473.5946,469.8496,464.7765,459.9908,454.0205,443.4895,425.6562,399.5141,340.2886,0.0000,0.0000,0.0000,0.0000,0.0000,0.0000,0.0000,0.0000,0.0000,0.0000,0.0000,0.0000,0.0000,0.0000,0.0000,0.0000,0.0000,0.0000,0.0000,0.0000,0.0000,0.0000,0.0000,0.0000,0.0000,0.0000,0.0000,0.0000,0.0000,0.0000,0.0000,0.0000,0.0000,0.0000,0.0000
73,1.8000,DynamicV1Rebalance,9.0000,5293.6994,476.4329,spend50p,480.2769,483.8108,487.6485,490.2274,494.1261,496.9101,498.5518,494.6738,486.0818,461.0468,409.7152,372.1589,327.9514,240.0493,0.0000,0.0000,0.0000,0.0000,0.0000,0.0000,0.0000,0.0000,0.0000,0.0000,0.0000,0.0000,0.0000,0.0000,0.0000,0.0000,0.0000,0.0000,0.0000,0.0000,0.0000,0.0000,0.0000,0.0000,0.0000,0.0000,0.0000,0.0000,0.0000,0.0000,0.0000
73,1.8000,DynamicV1Rebalance,9.0000,5293.6994,476.4329,spend75p,483.6499,493.9655,505.9675,518.4027,531.4085,543.6963,555.7006,560.6587,562.6885,552.6210,515.1287,498.8537,484.1701,458.7619,431.0370,406.3902,375.6878,328.9677,279.3433,228.2195,0.0000,0.0000,0.0000,0.0000,0.0000,0.0000,0.0000,0.0000,0.0000,0.0000,0.0000,0.0000,0.0000,0.0000,0.0000,0.0000,0.0000,0.0000,0.0000,0.0000,0.0000,0.0000,0.0000,0.0000,0.0000
73,1.8000,DynamicV1Rebalance,10.0000,4764.3294,476.4329,survival,1.0000,1.0000,1.0000,1.0000,0.9985,0.9845,0.9520,0.8880,0.7865,0.6845,0.6000,0.5220,0.4550,0.3865,0.3300,0.2850,0.2470,0.2220,0.1970,0.1825,0.1655,0.1505,0.1420,0.1400,0.1390,0.1380,0.1360,0.1350,0.1350,0.1340,0.1340,0.1335,0.1335,0.1335,0.1335,0.1335,0.1335,0.1335,0.1335,0.1335,0.1335,0.1335,0.1335,0.1335,0.1335
73,1.8000,DynamicV1Rebalance,10.0000,4764.3294,476.4329,spend25p,476.9929,473.5946,469.8496,464.7765,459.9091,452.0508,437.5860,412.4875,353.0219,0.0000,0.0000,0.0000,0.0000,0.0000,0.0000,0.0000,0.0000,0.0000,0.0000,0.0000,0.0000,0.0000,0.0000,0.0000,0.0000,0.0000,0.0000,0.0000,0.0000,0.0000,0.0000,0.0000,0.0000,0.0000,0.0000,0.0000,0.0000,0.0000,0.0000,0.0000,0.0000,0.0000,0.0000,0.0000,0.0000
73,1.8000,DynamicV1Rebalance,10.0000,4764.3294,476.4329,spend50p,480.2769,483.8108,487.6485,490.2274,494.0160,496.0817,495.1115,485.7626,463.9638,423.4453,360.8523,292.1994,0.0000,0.0000,0.0000,0.0000,0.0000,0.0000,0.0000,0.0000,0.0000,0.0000,0.0000,0.0000,0.0000,0.0000,0.0000,0.0000,0.0000,0.0000,0.0000,0.0000,0.0000,0.0000,0.0000,0.0000,0.0000,0.0000,0.0000,0.0000,0.0000,0.0000,0.0000,0.0000,0.0000
73,1.8000,DynamicV1Rebalance,10.0000,4764.3294,476.4329,spend75p,483.6499,493.9655,505.9675,518.4027,531.2219,542.8206,551.4034,554.4853,545.8564,528.8482,491.9537,468.2850,440.0136,402.4030,355.4954,298.7093,0.0000,0.0000,0.0000,0.0000,0.0000,0.0000,0.0000,0.0000,0.0000,0.0000,0.0000,0.0000,0.0000,0.0000,0.0000,0.0000,0.0000,0.0000,0.0000,0.0000,0.0000,0.0000,0.0000,0.0000,0.0000,0.0000,0.0000,0.0000,0.0000
75,0.6000,DynamicV1Rebalance,2.5000,6925.7726,173.1443,survival,1.0000,1.0000,1.0000,1.0000,1.0000,1.0000,1.0000,1.0000,1.0000,1.0000,1.0000,1.0000,0.9995,0.9995,0.9980,0.9975,0.9960,0.9945,0.9945,0.9940,0.9940,0.9935,0.9910,0.9895,0.9885,0.9885,0.9885,0.9885,0.9885,0.9885,0.9885,0.9885,0.9885,0.9885,0.9885,0.9885,0.9885,0.9885,0.9885,0.9885,0.9885,0.9885,0.9885,0.9885,0.9885
75,0.6000,DynamicV1Rebalance,2.5000,6925.7726,173.1443,spend25p,173.3478,172.1553,170.8478,169.0673,167.4331,165.9494,164.1629,162.2902,160.4168,158.7991,137.3383,136.9761,135.7401,134.1110,132.9738,131.8112,130.3887,129.3018,128.8017,127.7439,127.2911,127.1983,125.7268,124.0915,123.4211,-447.2303,-465.2827,-481.1488,-502.5584,-527.5004,-549.5895,-570.3975,-598.8679,-626.4863,-654.7264,-690.1838,-719.0193,-748.5607,-778.1467,-812.0224,-846.6107,-879.6130,-914.5513,-953.0881,-991.1008
75,0.6000,DynamicV1Rebalance,2.5000,6925.7726,173.1443,spend50p,174.5413,175.8690,177.3199,178.3253,179.8322,181.1770,182.8693,184.6694,186.2542,187.6670,165.5410,166.0234,168.1544,169.4380,169.9092,170.5351,170.2533,170.1344,170.3379,171.2068,173.3365,173.5158,172.9445,173.9264,174.8191,-357.0942,-371.0434,-384.7747,-399.1855,-413.9900,-429.8833,-444.9747,-460.1113,-480.4126,-500.4635,-520.0742,-539.2861,-557.7643,-578.6872,-595.2146,-615.7378,-641.3392,-662.5472,-687.4213,-707.6393
75,0.6000,DynamicV1Rebalance,2.5000,6925.7726,173.1443,spend75p,175.7671,179.5603,183.9811,188.5743,193.4077,198.2602,203.9433,208.6597,214.1089,219.4109,195.2466,199.5974,203.2215,206.9838,211.2295,215.0342,218.4523,223.7463,227.8086,232.4845,234.7266,239.0647,243.0379,246.2896,248.7251,-293.8594,-302.4803,-311.3043,-321.1135,-333.0662,-344.2959,-355.9631,-368.1891,-380.7553,-391.4120,-402.0718,-416.4204,-429.0958,-443.7127,-456.9980,-472.9184,-486.6622,-502.5839,-520.1058,-535.8279
75,0.6000,DynamicV1Rebalance,3.0000,5771.4771,173.1443,survival,1.0000,1.0000,1.0000,1.0000,1.0000,1.0000,1.0000,1.0000,1.0000,1.0000,0.9995,0.9980,0.9970,0.9955,0.9950,0.9940,0.9915,0.9885,0.9850,0.9825,0.9790,0.9740,0.9695,0.9640,0.9590,0.9590,0.9590,0.9590,0.9590,0.9590,0.9590,0.9590,0.9590,0.9590,0.9590,0.9590,0.9590,0.9590,0.9590,0.9590,0.9590,0.9590,0.9590,0.9590,0.9590
75,0.6000,DynamicV1Rebalance,3.0000,5771.4771,173.1443,spend25p,173.3478,172.1553,170.8478,169.0673,167.4331,165.9494,164.1629,162.2902,160.4168,158.7991,137.3096,136.7024,135.5134,133.8060,132.5660,131.0899,129.5547,128.1814,126.6322,125.5759,125.0511,122.6625,121.2428,119.0995,117.6107,-437.6961,-455.5570,-473.8405,-492.0960,-514.2360,-536.4436,-560.3851,-582.9524,-608.8362,-637.6695,-669.2766,-703.6954,-731.2361,-758.4635,-787.0954,-817.0258,-856.5038,-890.6944,-927.2332,-969.6875
75,0.6000,DynamicV1Rebalance,3.0000,5771.4771,173.1443,spend50p,174.5413,175.8690,177.3199,178.3253,179.8322,181.1770,182.8693,184.6694,186.2542,187.6670,165.4169,165.8426,167.8130,169.1405,169.6339,169.9695,169.6552,168.7544,168.7607,169.5023,170.0689,170.9620,170.3874,169.8803,169.8229,-352.1515,-364.6092,-377.6014,-390.8719,-404.8660,-420.4896,-436.2941,-453.0261,-471.9338,-491.5623,-510.0401,-529.2640,-545.9619,-563.5425,-583.7642,-603.9390,-622.3043,-646.6053,-668.7983,-690.4676
75,0.6000,DynamicV1Rebalance,3.0000,5771.4771,173.1443,spend75p,175.7671,179.5603,183.9811,188.5743,193.4077,198.2602,203.9433,208.6597,214.1089,219.4109,195.2097,199.5382,202.7779,206.4349,210.9312,214.6155,217.4771,221.9601,226.1559,229.5992,231.6537,234.6581,238.5238,240.9833,242.2518,-285.8322,-294.2521,-303.3869,-313.8220,-323.9732,-334.5823,-345.2522,-356.9702,-367.9803,-379.0329,-389.9238,-401.5862,-414.1366,-428.6839,-442.2401,-455.8816,-470.6299,-486.3424,-503.5694,-516.5978
75,0.6000,DynamicV1Rebalance,3.5000,4946.9804,173.1443,survival,1.0000,1.0000,1.0000,1.0000,1.0000,1.0000,1.0000,1.0000,1.0000,0.9985,0.9975,0.9965,0.9940,0.9915,0.9860,0.9785,0.9720,0.9665,0.9605,0.9500,0.9395,0.9310,0.9240,0.9115,0.9015,0.9015,0.9015,0.9015,0.9015,0.9015,0.9015,0.9015,0.9015,0.9015,0.9015,0.9015,0.9015,0.9015,0.9015,0.9015,0.9015,0.9015,0.9015,0.9015,0.9015
75,0.6000,DynamicV1Rebalance,3.5000,4946.9804,173.1443,spend25p,173.3478,172.1553,170.8478,169.0673,167.4331,165.9494,164.1629,162.2902,160.4168,158.6258,137.1934,136.5285,135.2439,133.4037,131.6812,129.0325,127.4138,125.1159,122.8747,119.9061,117.0273,114.9414,113.1453,109.2511,106.6464,-420.0211,-438.7930,-456.6560,-474.6449,-492.4910,-514.0920,-535.4961,-559.0667,-586.3255,-612.7239,-638.8642,-665.8167,-696.0912,-726.4373,-758.4933,-787.4189,-815.0570,-845.1330,-882.6426,-918.9043
75,0.6000,DynamicV1Rebalance,3.5000,4946.9804,173.1443,spend50p,174.5413,175.8690,177.3199,178.3253,179.8322,181.1770,182.8693,184.6694,186.2542,187.6348,164.9487,165.5631,167.6415,168.6691,168.0078,167.7094,167.1213,165.7613,165.1060,163.2635,162.2798,161.6685,161.6017,160.2284,160.2264,-339.0449,-350.5271,-363.4311,-375.9871,-388.1351,-401.1638,-416.8747,-433.4721,-448.1941,-467.2775,-484.8983,-505.2008,-524.2867,-543.5632,-562.0848,-580.8143,-598.6678,-619.8666,-640.0413,-657.6727
75,0.6000,DynamicV1Rebalance,3.5000,4946.9804,173.1443,spend75p,175.7671,179.5603,183.9811,188.5743,193.4077,198.2602,203.9433,208.6597,214.1089,219.3754,194.8411,199.4997,202.5292,205.5047,209.6717,211.8212,214.2456,218.2103,221.1306,222.3014,223.4404,225.5351,226.8453,227.0927,227.3654,-271.6799,-279.1057,-286.2977,-294.7138,-303.9769,-311.1410,-319.7048,-331.0031,-339.2108,-349.0770,-360.2528,-371.1141,-383.4602,-397.4492,-408.7770,-420.7858,-431.3845,-444.5827,-460.0666,-471.0843
75,0.6000,DynamicV1Rebalance,4.0000,4328.6079,173.1443,survival,1.0000,1.0000,1.0000,1.0000,1.0000,1.0000,1.0000,1.0000,0.9990,0.9980,0.9945,0.9920,0.9865,0.9755,0.9685,0.9580,0.9475,0.9305,0.9170,0.8980,0.8865,0.8710,0.8575,0.8425,0.8275,0.8275,0.8275,0.8275,0.8275,0.8275,0.8275,0.8275,0.8275,0.8275,0.8275,0.8275,0.8275,0.8275,0.8275,0.8275,0.8275,0.8275,0.8275,0.8275,0.8275
75,0.6000,DynamicV1Rebalance,4.0000,4328.6079,173.1443,spend25p,173.3478,172.1553,170.8478,169.0673,167.4331,165.9494,164.1629,162.2902,160.2540,158.5343,136.9251,136.0511,134.2820,131.1137,129.1879,126.9149,123.8155,120.0741,115.5708,110.6990,107.0748,102.5336,97.4124,92.9099,86.8108,-405.6725,-423.7388,-439.6812,-459.1601,-476.6235,-494.1155,-515.2954,-539.1852,-560.9326,-588.9038,-616.5461,-638.5898,-665.0976,-693.7362,-722.7662,-751.4855,-783.6437,-818.9404,-841.8301,-874.7045
75,0.6000,DynamicV1Rebalance,4.0000,4328.6079,173.1443,spend50p,174.5413,175.8690,177.3199,178.3253,179.8322,181.1770,182.8693,184.6694,186.1977,187.6266,164.5337,165.2010,166.7103,166.7283,165.6334,165.0742,163.4843,160.7893,157.6520,154.3128,153.2220,150.1643,148.3572,147.7363,146.4851,-320.6822,-331.0515,-344.3831,-356.4888,-369.3619,-382.0714,-394.8825,-409.1215,-427.1007,-443.1709,-460.3732,-475.6123,-492.1973,-508.4958,-526.6339,-543.8027,-560.8441,-579.0153,-597.8643,-619.9567
75,0.6000,DynamicV1Rebalance,4.0000,4328.6079,173.1443,spend75p,175.7671,179.5603,183.9811,188.5743,193.4077,198.2602,203.9433,208.6597,214.0484,219.3478,194.4992,198.9966,201.7878,204.4386,206.5678,208.2228,210.8790,211.7229,211.4778,211.2130,214.1223,214.8350,212.4250,213.2518,212.2731,-246.2989,-252.8306,-259.1699,-266.7170,-273.8680,-280.7161,-287.4567,-294.3511,-301.3403,-308.8937,-315.9636,-324.8851,-333.7348,-344.6756,-353.4574,-362.9633,-372.9722,-384.0981,-397.1358,-410.6037
75,0.6000,DynamicV1Rebalance,5.0000,3462.8863,173.1443,survival,1.0000,1.0000,1.0000,1.0000,1.0000,1.0000,1.0000,0.9985,0.9970,0.9920,0.9815,0.9680,0.9525,0.9355,0.9155,0.8855,0.8565,0.8330,0.8160,0.7870,0.7635,0.7420,0.7170,0.6980,0.6815,0.6815,0.6815,0.6815,0.6815,0.6815,0.6815,0.6815,0.6815,0.6815,0.6815,0.6815,0.6815,0.6815,0.6815,0.6815,0.6815,0.6815,0.6815,0.6815,0.6815
75,0.6000,DynamicV1Rebalance,5.0000,3462.8863,173.1443,spend25p,173.3478,172.1553,170.8478,169.0673,167.4331,165.9494,164.1629,162.0312,159.9125,157.9591,135.3608,132.8078,129.0010,125.2803,120.9878,114.3048,106.2459,99.4352,92.8544,79.7149,66.4117,0.0000,0.0000,0.0000,0.0000,-369.6156,-384.4438,-401.9704,-417.1981,-433.2602,-448.0803,-464.9296,-487.1145,-507.3586,-527.0522,-551.7894,-573.9647,-592.3550,-616.0937,-640.3568,-664.6212,-689.2904,-716.3737,-741.3754,-773.2572
75,0.6000,DynamicV1Rebalance,5.0000,3462.8863,173.1443,spend50p,174.5413,175.8690,177.3199,178.3253,179.8322,181.1770,182.8693,184.4382,186.0835,187.1082,163.3559,163.2723,163.0020,161.2698,159.4231,155.2084,151.0415,147.0072,144.3775,138.9076,134.9625,130.9557,126.6593,121.5575,116.9068,-285.0887,-293.7192,-303.2623,-313.7750,-324.0572,-334.7077,-346.7131,-357.3806,-368.9576,-380.6006,-391.2519,-403.7209,-417.0563,-430.9205,-444.8516,-457.7260,-472.3554,-489.6036,-505.0003,-519.2955
75,0.6000,DynamicV1Rebalance,5.0000,3462.8863,173.1443,spend75p,175.7671,179.5603,183.9811,188.5743,193.4077,198.2602,203.9433,208.5504,213.9649,218.4655,193.4161,196.2406,198.2692,199.2482,200.8111,200.1317,198.0896,198.1243,199.2193,194.9345,193.3976,190.6832,189.1667,187.2049,182.6520,0.0000,0.0000,0.0000,0.0000,0.0000,0.0000,0.0000,0.0000,0.0000,0.0000,0.0000,0.0000,0.0000,0.0000,0.0000,0.0000,0.0000,0.0000,0.0000,0.0000
75,0.6000,DynamicV1Rebalance,6.0000,2885.7386,173.1443,survival,1.0000,1.0000,1.0000,1.0000,1.0000,1.0000,0.9985,0.9970,0.9870,0.9720,0.9525,0.9275,0.9000,0.8560,0.8220,0.7860,0.7540,0.7205,0.6840,0.6565,0.6285,0.6030,0.5810,0.5620,0.5470,0.5470,0.5470,0.5470,0.5470,0.5470,0.5470,0.5470,0.5470,0.5470,0.5470,0.5470,0.5470,0.5470,0.5470,0.5470,0.5470,0.5470,0.5470,0.5470,0.5470
75,0.6000,DynamicV1Rebalance,6.0000,2885.7386,173.1443,spend25p,173.3478,172.1553,170.8478,169.0673,167.4331,165.9494,163.6629,161.7595,158.6380,155.2331,132.1876,127.6033,121.8226,111.5304,103.5485,89.7326,63.1647,0.0000,0.0000,0.0000,0.0000,0.0000,0.0000,0.0000,0.0000,-340.8598,-352.6070,-366.7505,-378.3093,-390.8555,-405.9117,-421.7177,-440.7849,-459.6397,-476.4951,-496.1851,-514.2003,-534.3499,-554.8269,-577.4554,-595.7260,-615.9213,-638.1814,-663.7977,-685.4123
75,0.6000,DynamicV1Rebalance,6.0000,2885.7386,173.1443,spend50p,174.5413,175.8690,177.3199,178.3253,179.8322,181.1770,182.8288,184.3579,185.2268,186.1305,161.3911,160.0955,157.1376,151.3722,147.0139,142.1537,137.3047,130.9858,123.2924,116.9750,109.4685,101.7385,94.4208,85.8011,79.1542,-238.1020,-245.0805,-251.3389,-256.4308,-261.0410,-268.5135,-275.2673,-283.3777,-289.6830,-298.1452,-306.0873,-313.4462,-323.3010,-330.1388,-338.5469,-347.7132,-359.1086,-370.9724,-381.9955,-392.5035
75,0.6000,DynamicV1Rebalance,6.0000,2885.7386,173.1443,spend75p,175.7671,179.5603,183.9811,188.5743,193.4077,198.2602,203.8803,208.4506,212.9672,216.7703,191.1708,193.1296,193.2929,191.8948,191.5828,189.9988,186.6962,184.7624,181.3690,176.9382,173.0467,170.7975,167.3464,163.4242,161.0798,0.0000,0.0000,0.0000,0.0000,0.0000,0.0000,0.0000,0.0000,0.0000,0.0000,0.0000,0.0000,0.0000,0.0000,0.0000,0.0000,0.0000,0.0000,0.0000,0.0000
75,0.6000,DynamicV1Rebalance,7.0000,2473.4902,173.1443,survival,1.0000,1.0000,1.0000,1.0000,1.0000,0.9990,0.9965,0.9850,0.9680,0.9335,0.8990,0.8555,0.8040,0.7555,0.7155,0.6605,0.6200,0.5885,0.5550,0.5290,0.5000,0.4815,0.4615,0.4365,0.4200,0.4190,0.4190,0.4190,0.4190,0.4190,0.4190,0.4190,0.4190,0.4190,0.4190,0.4190,0.4190,0.4190,0.4190,0.4190,0.4190,0.4190,0.4190,0.4190,0.4190
75,0.6000,DynamicV1Rebalance,7.0000,2473.4902,173.1443,spend25p,173.3478,172.1553,170.8478,169.0673,167.4331,165.8395,163.4968,160.4580,156.3547,150.6472,125.1408,116.3357,103.7428,73.2408,0.0000,0.0000,0.0000,0.0000,0.0000,0.0000,0.0000,0.0000,0.0000,0.0000,0.0000,-299.1790,-309.3361,-320.8723,-331.0151,-343.5943,-357.1652,-371.3050,-384.0907,-399.9503,-418.0391,-430.9589,-449.9235,-466.3920,-480.7205,-493.0772,-509.3260,-531.4740,-548.3735,-567.8495,-586.5642
75,0.6000,DynamicV1Rebalance,7.0000,2473.4902,173.1443,spend50p,174.5413,175.8690,177.3199,178.3253,179.8322,181.1309,182.8075,183.8417,184.2706,183.2716,156.1860,152.1847,145.8999,139.7622,132.1139,123.4643,112.9194,103.8481,92.2714,77.9093,11.2930,0.0000,0.0000,0.0000,0.0000,0.0000,0.0000,0.0000,0.0000,0.0000,0.0000,0.0000,0.0000,0.0000,0.0000,0.0000,0.0000,0.0000,0.0000,0.0000,0.0000,0.0000,0.0000,0.0000,0.0000
75,0.6000,DynamicV1Rebalance,7.0000,2473.4902,173.1443,spend75p,175.7671,179.5603,183.9811,188.5743,193.4077,198.0899,203.8706,207.5618,211.1896,214.0864,187.4297,187.2325,185.0383,182.6198,179.2655,173.8586,170.2622,165.1343,159.0527,153.5378,147.9282,142.9776,139.8664,131.9968,128.4424,0.0000,0.0000,0.0000,0.0000,0.0000,0.0000,0.0000,0.0000,0.0000,0.0000,0.0000,0.0000,0.0000,0.0000,0.0000,0.0000,0.0000,0.0000,0.0000,0.0000
75,0.6000,DynamicV1Rebalance,8.0000,2164.3039,173.1443,survival,1.0000,1.0000,1.0000,1.0000,1.0000,0.9980,0.9870,0.9705,0.9285,0.8795,0.8165,0.7520,0.6985,0.6325,0.5860,0.5485,0.5095,0.4710,0.4405,0.4085,0.3815,0.3570,0.3315,0.3060,0.2905,0.2900,0.2900,0.2900,0.2900,0.2900,0.2900,0.2900,0.2900,0.2900,0.2900,0.2900,0.2900,0.2900,0.2900,0.2900,0.2900,0.2900,0.2900,0.2900,0.2900
75,0.6000,DynamicV1Rebalance,8.0000,2164.3039,173.1443,spend25p,173.3478,172.1553,170.8478,169.0673,167.4331,165.6068,162.5221,158.9138,152.0794,143.6369,112.6171,76.5766,0.0000,0.0000,0.0000,0.0000,0.0000,0.0000,0.0000,0.0000,0.0000,0.0000,0.0000,0.0000,0.0000,-244.4284,-250.8892,-256.4593,-264.3357,-271.1962,-279.0418,-286.0087,-292.5098,-300.1973,-307.1431,-316.1839,-327.8132,-337.3457,-347.9143,-357.4877,-366.6049,-379.8761,-389.6862,-405.4796,-419.3460
75,0.6000,DynamicV1Rebalance,8.0000,2164.3039,173.1443,spend50p,174.5413,175.8690,177.3199,178.3253,179.8322,181.0821,182.2411,183.3068,181.3099,178.1940,148.9471,140.8463,132.1964,121.2996,108.3319,97.0241,70.2524,0.0000,0.0000,0.0000,0.0000,0.0000,0.0000,0.0000,0.0000,0.0000,0.0000,0.0000,0.0000,0.0000,0.0000,0.0000,0.0000,0.0000,0.0000,0.0000,0.0000,0.0000,0.0000,0.0000,0.0000,0.0000,0.0000,0.0000,0.0000
75,0.6000,DynamicV1Rebalance,8.0000,2164.3039,173.1443,spend75p,175.7671,179.5603,183.9811,188.5743,193.4077,198.0023,202.9744,206.2920,209.3518,209.9732,180.2296,177.4457,175.2806,169.4365,165.4406,159.6732,152.9792,145.8106,138.9441,130.7119,124.1446,116.1071,105.2573,94.3084,83.3785,0.0000,0.0000,0.0000,0.0000,0.0000,0.0000,0.0000,0.0000,0.0000,0.0000,0.0000,0.0000,0.0000,0.0000,0.0000,0.0000,0.0000,0.0000,0.0000,0.0000
75,0.6000,DynamicV1Rebalance,9.0000,1923.8257,173.1443,survival,1.0000,1.0000,1.0000,1.0000,0.9990,0.9940,0.9750,0.9345,0.8760,0.7850,0.7095,0.6420,0.5805,0.5260,0.4775,0.4305,0.3830,0.3470,0.3140,0.2850,0.2675,0.2460,0.2305,0.2160,0.2025,0.2025,0.2025,0.2025,0.2025,0.2025,0.2025,0.2025,0.2025,0.2025,0.2025,0.2025,0.2025,0.2025,0.2025,0.2025,0.2025,0.2025,0.2025,0.2025,0.2025
75,0.6000,DynamicV1Rebalance,9.0000,1923.8257,173.1443,spend25p,173.3478,172.1553,170.8478,169.0673,167.3847,165.3101,161.5655,155.1070,145.7299,124.1041,0.0000,0.0000,0.0000,0.0000,0.0000,0.0000,0.0000,0.0000,0.0000,0.0000,0.0000,0.0000,0.0000,0.0000,0.0000,0.0000,0.0000,0.0000,0.0000,0.0000,0.0000,0.0000,0.0000,0.0000,0.0000,0.0000,0.0000,0.0000,0.0000,0.0000,0.0000,0.0000,0.0000,0.0000,0.0000
75,0.6000,DynamicV1Rebalance,9.0000,1923.8257,173.1443,spend50p,174.5413,175.8690,177.3199,178.3253,179.8117,180.9263,181.6250,180.3042,177.3070,168.0201,137.0790,126.0951,111.7540,91.6043,0.0000,0.0000,0.0000,0.0000,0.0000,0.0000,0.0000,0.0000,0.0000,0.0000,0.0000,0.0000,0.0000,0.0000,0.0000,0.0000,0.0000,0.0000,0.0000,0.0000,0.0000,0.0000,0.0000,0.0000,0.0000,0.0000,0.0000,0.0000,0.0000,0.0000,0.0000
75,0.6000,DynamicV1Rebalance,9.0000,1923.8257,173.1443,spend75p,175.7671,179.5603,183.9811,188.5743,193.3556,197.9613,202.4446,204.3620,205.2506,201.6697,172.2521,167.6787,162.6005,155.6781,148.5049,139.9344,130.3666,120.2978,106.2204,89.2884,74.9639,0.0000,0.0000,0.0000,0.0000,0.0000,0.0000,0.0000,0.0000,0.0000,0.0000,0.0000,0.0000,0.0000,0.0000,0.0000,0.0000,0.0000,0.0000,0.0000,0.0000,0.0000,0.0000,0.0000,0.0000
75,0.6000,DynamicV1Rebalance,10.0000,1731.4431,173.1443,survival,1.0000,1.0000,1.0000,1.0000,0.9985,0.9845,0.9515,0.8870,0.7845,0.6830,0.6025,0.5320,0.4700,0.4050,0.3560,0.3035,0.2710,0.2405,0.2195,0.1960,0.1810,0.1695,0.1555,0.1465,0.1370,0.1370,0.1370,0.1370,0.1370,0.1370,0.1370,0.1370,0.1370,0.1370,0.1370,0.1370,0.1370,0.1370,0.1370,0.1370,0.1370,0.1370,0.1370,0.1370,0.1370
75,0.6000,DynamicV1Rebalance,10.0000,1731.4431,173.1443,spend25p,173.3478,172.1553,170.8478,169.0673,167.3705,164.5929,159.3935,150.2945,128.2521,0.0000,0.0000,0.0000,0.0000,0.0000,0.0000,0.0000,0.0000,0.0000,0.0000,0.0000,0.0000,0.0000,0.0000,0.0000,0.0000,0.0000,0.0000,0.0000,0.0000,0.0000,0.0000,0.0000,0.0000,0.0000,0.0000,0.0000,0.0000,0.0000,0.0000,0.0000,0.0000,0.0000,0.0000,0.0000,0.0000
75,0.6000,DynamicV1Rebalance,10.0000,1731.4431,173.1443,spend50p,174.5413,175.8690,177.3199,178.3253,179.7827,180.6247,180.3526,177.0076,168.9971,154.1846,120.7194,102.6287,0.0000,0.0000,0.0000,0.0000,0.0000,0.0000,0.0000,0.0000,0.0000,0.0000,0.0000,0.0000,0.0000,0.0000,0.0000,0.0000,0.0000,0.0000,0.0000,0.0000,0.0000,0.0000,0.0000,0.0000,0.0000,0.0000,0.0000,0.0000,0.0000,0.0000,0.0000,0.0000,0.0000
75,0.6000,DynamicV1Rebalance,10.0000,1731.4431,173.1443,spend75p,175.7671,179.5603,183.9811,188.5743,193.3227,197.6425,200.8513,202.1250,198.8352,192.8084,164.1567,157.7909,148.7385,137.1250,125.8773,107.5321,87.8718,0.0000,0.0000,0.0000,0.0000,0.0000,0.0000,0.0000,0.0000,0.0000,0.0000,0.0000,0.0000,0.0000,0.0000,0.0000,0.0000,0.0000,0.0000,0.0000,0.0000,0.0000,0.0000,0.0000,0.0000,0.0000,0.0000,0.0000,0.0000
75,0.8000,DynamicV1Rebalance,2.5000,8947.6968,223.6924,survival,1.0000,1.0000,1.0000,1.0000,1.0000,1.0000,1.0000,1.0000,1.0000,1.0000,1.0000,1.0000,0.9995,0.9995,0.9980,0.9975,0.9955,0.9945,0.9945,0.9940,0.9940,0.9925,0.9900,0.9895,0.9875,0.9875,0.9875,0.9875,0.9875,0.9875,0.9875,0.9875,0.9875,0.9875,0.9875,0.9875,0.9875,0.9875,0.9875,0.9875,0.9875,0.9875,0.9875,0.9875,0.9875
75,0.8000,DynamicV1Rebalance,2.5000,8947.6968,223.6924,spend25p,223.9553,222.3952,220.6815,218.3521,216.2077,214.2539,211.9057,209.4431,206.9770,204.8385,183.1177,182.6347,180.9868,178.8147,177.2984,175.7483,173.7536,172.4024,171.7355,170.3252,169.7214,169.4113,166.9954,165.4554,164.4600,-363.0947,-381.5183,-397.8535,-415.8006,-436.4833,-459.3365,-480.3832,-505.6562,-530.2987,-554.7418,-586.6245,-617.5901,-644.1375,-672.9929,-705.2137,-733.4907,-767.0659,-797.4518,-830.5863,-866.1390
75,0.8000,DynamicV1Rebalance,2.5000,8947.6968,223.6924,spend50p,225.4972,227.1927,229.0413,230.3090,232.2189,233.9139,236.0523,238.3245,240.3135,242.0758,220.7213,221.3646,224.2058,225.9174,226.5456,227.3801,227.0044,226.8459,227.1172,228.2758,231.1154,231.2726,230.0109,231.9018,232.6285,-298.1878,-310.7300,-324.1993,-337.7189,-351.8480,-367.3567,-382.2166,-398.1396,-415.7023,-436.0964,-455.2820,-473.2496,-492.7719,-510.9573,-528.3039,-548.5831,-569.8625,-590.8646,-613.0848,-635.9924
75,0.8000,DynamicV1Rebalance,2.5000,8947.6968,223.6924,spend75p,227.0809,231.9612,237.6455,243.5457,249.7490,255.9698,263.2551,269.2851,276.2530,283.0229,260.3288,266.1299,270.9620,275.9784,281.6393,286.7123,291.2697,298.3284,303.7448,309.9793,312.9688,318.2205,323.8138,328.3862,330.8037,-251.7597,-260.4352,-269.6113,-279.8142,-290.3047,-302.3022,-313.3446,-325.6068,-337.6324,-348.9356,-361.2749,-372.8170,-385.5935,-399.0122,-413.9684,-426.8940,-440.5666,-456.5179,-473.4274,-487.7302
75,0.8000,DynamicV1Rebalance,3.0000,7456.4140,223.6924,survival,1.0000,1.0000,1.0000,1.0000,1.0000,1.0000,1.0000,1.0000,1.0000,1.0000,0.9990,0.9980,0.9965,0.9955,0.9950,0.9935,0.9915,0.9875,0.9845,0.9810,0.9765,0.9715,0.9675,0.9605,0.9560,0.9560,0.9560,0.9560,0.9560,0.9560,0.9560,0.9560,0.9560,0.9560,0.9560,0.9560,0.9560,0.9560,0.9560,0.9560,0.9560,0.9560,0.9560,0.9560,0.9560
75,0.8000,DynamicV1Rebalance,3.0000,7456.4140,223.6924,spend25p,223.9553,222.3952,220.6815,218.3521,216.2077,214.2539,211.9057,209.4431,206.9770,204.8385,183.0319,182.2698,180.6190,178.4080,176.7547,174.6927,172.7396,170.8618,168.6380,167.2224,165.7655,163.2342,161.4886,158.0095,155.9248,-354.6436,-372.9690,-390.6387,-407.6008,-428.3136,-449.9588,-472.3238,-493.2287,-516.4129,-542.0387,-569.2566,-600.1892,-628.3684,-658.0128,-681.9268,-712.5237,-744.2419,-773.3098,-809.1833,-849.1621
75,0.8000,DynamicV1Rebalance,3.0000,7456.4140,223.6924,spend50p,225.4972,227.1927,229.0413,230.3090,232.2189,233.9139,236.0523,238.3245,240.3135,242.0758,220.2902,221.1234,223.7330,225.5206,226.1785,226.5318,226.2069,224.9135,225.0143,225.7380,226.2708,227.7317,226.7071,225.4550,225.8419,-293.2151,-305.7922,-319.0591,-331.7443,-345.1377,-358.9932,-375.7374,-390.4705,-408.8987,-426.3192,-445.2935,-463.9661,-482.1004,-498.0400,-516.3823,-536.0717,-556.3994,-576.0768,-596.6820,-617.5724
75,0.8000,DynamicV1Rebalance,3.0000,7456.4140,223.6924,spend75p,227.0809,231.9612,237.6455,243.5457,249.7490,255.9698,263.2551,269.2851,276.2530,283.0229,260.2795,266.0510,270.2861,275.2465,281.2416,286.1006,289.9695,295.7255,301.5412,305.6756,308.3632,312.4383,317.7307,320.6825,322.3333,-246.3160,-254.9192,-263.6025,-273.1073,-282.2933,-292.9421,-303.8521,-315.0139,-327.2241,-337.3695,-348.8560,-361.9679,-373.5532,-385.5067,-398.5160,-412.3645,-426.7106,-441.7984,-456.1196,-472.0244
75,0.8000,DynamicV1Rebalance,3.5000,6391.2120,223.6924,survival,1.0000,1.0000,1.0000,1.0000,1.0000,1.0000,1.0000,1.0000,1.0000,0.9985,0.9975,0.9955,0.9940,0.9910,0.9840,0.9760,0.9705,0.9645,0.9570,0.9475,0.9355,0.9270,0.9150,0.9075,0.8970,0.8970,0.8970,0.8970,0.8970,0.8970,0.8970,0.8970,0.8970,0.8970,0.8970,0.8970,0.8970,0.8970,0.8970,0.8970,0.8970,0.8970,0.8970,0.8970,0.8970
75,0.8000,DynamicV1Rebalance,3.5000,6391.2120,223.6924,spend25p,223.9553,222.3952,220.6815,218.3521,216.2077,214.2539,211.9057,209.4431,206.9770,204.6149,182.9246,181.9308,180.3252,177.8230,175.1568,171.8190,169.4873,166.6215,163.3615,159.5316,154.8055,151.9537,148.4619,144.2236,140.1340,-343.9214,-359.7934,-377.3140,-396.4584,-415.9319,-432.6623,-452.1735,-474.3852,-496.9300,-523.4930,-548.9629,-576.7302,-605.0946,-628.6058,-658.4739,-685.2671,-708.2029,-741.6107,-776.9917,-807.0912
75,0.8000,DynamicV1Rebalance,3.5000,6391.2120,223.6924,spend50p,225.4972,227.1927,229.0413,230.3090,232.2189,233.9139,236.0523,238.3245,240.3135,242.0343,219.9316,220.6978,223.5220,224.8219,223.0970,222.8496,222.5806,220.8185,219.5231,217.4393,215.4157,214.6214,213.2171,212.4286,212.0736,-284.2075,-295.9052,-308.2494,-320.4331,-332.5440,-345.5787,-359.2085,-375.8719,-391.3653,-406.7287,-424.3797,-442.0718,-460.2691,-479.0282,-497.6925,-515.9790,-532.4680,-551.2547,-571.9200,-590.3980
75,0.8000,DynamicV1Rebalance,3.5000,6391.2120,223.6924,spend75p,227.0809,231.9612,237.6455,243.5457,249.7490,255.9698,263.2551,269.2851,276.2530,282.9771,259.7881,265.9634,270.0389,274.0063,279.2673,282.0050,285.5205,290.5680,293.7764,296.1311,297.7357,299.8095,299.7318,301.2193,302.4842,-235.0875,-242.8364,-250.5959,-258.3871,-268.3850,-275.7877,-283.8177,-294.6251,-303.6014,-312.3663,-324.2443,-335.0077,-346.7682,-360.6009,-371.1898,-381.4138,-394.0334,-407.2076,-419.0335,-431.4250
75,0.8000,DynamicV1Rebalance,4.0000,5592.3105,223.6924,survival,1.0000,1.0000,1.0000,1.0000,1.0000,1.0000,1.0000,1.0000,0.9990,0.9980,0.9945,0.9920,0.9860,0.9750,0.9675,0.9550,0.9445,0.9265,0.9130,0.8950,0.8805,0.8640,0.8500,0.8360,0.8195,0.8195,0.8195,0.8195,0.8195,0.8195,0.8195,0.8195,0.8195,0.8195,0.8195,0.8195,0.8195,0.8195,0.8195,0.8195,0.8195,0.8195,0.8195,0.8195,0.8195
75,0.8000,DynamicV1Rebalance,4.0000,5592.3105,223.6924,spend25p,223.9553,222.3952,220.6815,218.3521,216.2077,214.2539,211.9057,209.4431,206.7670,204.4969,182.5668,181.4014,178.9418,174.7699,171.8768,167.9596,164.5516,158.4046,152.8164,147.0034,140.6299,134.4841,127.8400,122.4456,112.2185,-332.1204,-349.6946,-365.5397,-381.6475,-397.5387,-416.4031,-435.9816,-455.7472,-478.8123,-502.3656,-526.3996,-551.0814,-574.6009,-603.0574,-629.8249,-654.8098,-686.6660,-713.3163,-737.2905,-767.8236
75,0.8000,DynamicV1Rebalance,4.0000,5592.3105,223.6924,spend50p,225.4972,227.1927,229.0413,230.3090,232.2189,233.9139,236.0523,238.3245,240.2407,242.0236,219.3783,220.2680,222.2000,222.1567,220.8446,219.6154,217.7522,213.6835,209.7449,205.3696,202.4333,198.9983,196.2176,195.6807,193.7732,-270.0478,-281.3525,-292.9756,-305.3844,-317.0230,-328.8305,-342.1521,-356.1360,-371.8140,-386.5619,-404.0472,-418.5426,-434.9358,-449.5068,-467.1911,-483.6773,-499.1294,-516.8296,-534.4750,-554.7538
75,0.8000,DynamicV1Rebalance,4.0000,5592.3105,223.6924,spend75p,227.0809,231.9612,237.6455,243.5457,249.7490,255.9698,263.2551,269.2851,276.1749,282.9415,259.3322,265.3288,268.8529,272.2829,275.4238,277.0292,280.8464,281.6394,280.9672,281.4038,284.2328,283.7813,281.6502,283.4138,280.8418,-214.7372,-220.8209,-227.1834,-234.0719,-241.1538,-248.3751,-255.3236,-262.6473,-270.4419,-277.6659,-285.1173,-294.4879,-303.9446,-312.2511,-320.2880,-332.6598,-341.8997,-353.1178,-364.6729,-376.2853
75,0.8000,DynamicV1Rebalance,5.0000,4473.8484,223.6924,survival,1.0000,1.0000,1.0000,1.0000,1.0000,1.0000,1.0000,0.9985,0.9970,0.9920,0.9815,0.9670,0.9515,0.9330,0.9130,0.8775,0.8495,0.8315,0.8100,0.7775,0.7555,0.7305,0.7110,0.6875,0.6675,0.6670,0.6670,0.6670,0.6670,0.6670,0.6670,0.6670,0.6670,0.6670,0.6670,0.6670,0.6670,0.6670,0.6670,0.6670,0.6670,0.6670,0.6670,0.6670,0.6670
75,0.8000,DynamicV1Rebalance,5.0000,4473.8484,223.6924,spend25p,223.9553,222.3952,220.6815,218.3521,216.2077,214.2539,211.9057,209.1088,206.3263,203.7549,180.4811,176.8152,171.7361,166.3671,160.9192,151.1861,139.9427,132.1926,121.4252,101.5757,75.0975,0.0000,0.0000,0.0000,0.0000,-305.0962,-319.0623,-332.6949,-348.6586,-363.1101,-377.1449,-394.9939,-412.8569,-432.9815,-454.0819,-475.8722,-497.6721,-516.3926,-535.3725,-558.3439,-579.2068,-603.7280,-627.6509,-651.8325,-677.5312
75,0.8000,DynamicV1Rebalance,5.0000,4473.8484,223.6924,spend50p,225.4972,227.1927,229.0413,230.3090,232.2189,233.9139,236.0523,238.0261,240.0933,241.3550,217.8079,217.6703,217.1916,214.3341,211.4675,205.8600,200.2381,195.7542,191.6603,183.4900,178.3836,172.7671,166.2881,158.3351,151.9462,-243.3369,-251.9953,-261.2555,-271.2988,-279.2789,-288.5976,-299.7570,-309.6798,-322.2262,-333.7113,-345.4705,-356.6086,-370.5657,-382.8367,-394.5028,-407.6473,-421.0780,-435.2789,-449.9727,-468.3115
75,0.8000,DynamicV1Rebalance,5.0000,4473.8484,223.6924,spend75p,227.0809,231.9612,237.6455,243.5457,249.7490,255.9698,263.2551,269.1440,276.0671,281.8034,257.8882,261.6382,264.3589,265.4774,266.5070,265.9698,263.0940,263.9994,264.3324,259.2129,256.2168,251.8365,250.7725,245.5050,241.0258,0.0000,0.0000,0.0000,0.0000,0.0000,0.0000,0.0000,0.0000,0.0000,0.0000,0.0000,0.0000,0.0000,0.0000,0.0000,0.0000,0.0000,0.0000,0.0000,0.0000
75,0.8000,DynamicV1Rebalance,6.0000,3728.2070,223.6924,survival,1.0000,1.0000,1.0000,1.0000,1.0000,1.0000,0.9985,0.9970,0.9870,0.9720,0.9520,0.9255,0.8975,0.8510,0.8180,0.7815,0.7450,0.7090,0.6745,0.6455,0.6220,0.5915,0.5740,0.5520,0.5360,0.5360,0.5360,0.5360,0.5360,0.5360,0.5360,0.5360,0.5360,0.5360,0.5360,0.5360,0.5360,0.5360,0.5360,0.5360,0.5360,0.5360,0.5360,0.5360,0.5360
75,0.8000,DynamicV1Rebalance,6.0000,3728.2070,223.6924,spend25p,223.9553,222.3952,220.6815,218.3521,216.2077,214.2539,211.2602,208.7582,204.6819,200.2386,176.1824,169.8448,161.6067,147.4014,137.6258,116.8178,0.0000,0.0000,0.0000,0.0000,0.0000,0.0000,0.0000,0.0000,0.0000,-284.5305,-295.9684,-308.7114,-321.4996,-333.3553,-347.0787,-362.6254,-380.7214,-396.7320,-413.9474,-434.3667,-449.5968,-468.0592,-488.2376,-509.2715,-526.4417,-545.1609,-570.2247,-591.1616,-610.5018
75,0.8000,DynamicV1Rebalance,6.0000,3728.2070,223.6924,spend50p,225.4972,227.1927,229.0413,230.3090,232.2189,233.9139,236.0000,237.9225,238.9879,240.0939,215.1348,213.0163,208.7804,200.7900,195.7322,189.0670,181.7923,171.1182,162.0215,152.3393,143.5323,131.2720,122.5280,108.3364,98.6244,-206.8623,-213.1029,-218.9082,-224.6447,-230.3674,-235.7272,-242.0939,-248.5741,-254.9755,-261.5805,-270.9010,-280.2224,-289.0265,-299.2983,-306.9753,-313.9281,-323.4837,-333.8997,-345.4828,-354.6325
75,0.8000,DynamicV1Rebalance,6.0000,3728.2070,223.6924,spend75p,227.0809,231.9612,237.6455,243.5457,249.7490,255.9698,263.1739,269.0152,274.7798,279.6168,254.5328,257.0938,257.1060,255.5983,254.8797,252.6980,247.1901,243.5435,239.2234,231.9682,229.1621,224.2986,220.4086,214.0952,212.2629,0.0000,0.0000,0.0000,0.0000,0.0000,0.0000,0.0000,0.0000,0.0000,0.0000,0.0000,0.0000,0.0000,0.0000,0.0000,0.0000,0.0000,0.0000,0.0000,0.0000
75,0.8000,DynamicV1Rebalance,7.0000,3195.6060,223.6924,survival,1.0000,1.0000,1.0000,1.0000,1.0000,0.9990,0.9965,0.9850,0.9685,0.9340,0.8975,0.8530,0.8005,0.7525,0.7045,0.6520,0.6160,0.5800,0.5460,0.5150,0.4895,0.4695,0.4485,0.4255,0.4070,0.4060,0.4060,0.4060,0.4060,0.4060,0.4060,0.4060,0.4060,0.4060,0.4060,0.4060,0.4060,0.4060,0.4060,0.4060,0.4060,0.4060,0.4060,0.4060,0.4060
75,0.8000,DynamicV1Rebalance,7.0000,3195.6060,223.6924,spend25p,223.9553,222.3952,220.6815,218.3521,216.2077,214.1120,211.0458,207.0786,201.8351,194.5500,166.7788,154.7253,136.7017,92.9033,0.0000,0.0000,0.0000,0.0000,0.0000,0.0000,0.0000,0.0000,0.0000,0.0000,0.0000,-253.8923,-263.5744,-273.8895,-285.1298,-297.4458,-309.3486,-321.6278,-335.1421,-349.2997,-363.5701,-378.8692,-392.2018,-408.4663,-421.4127,-434.1803,-447.9154,-468.1931,-486.3742,-501.6582,-518.8387
75,0.8000,DynamicV1Rebalance,7.0000,3195.6060,223.6924,spend50p,225.4972,227.1927,229.0413,230.3090,232.2189,233.8545,235.9726,237.2562,237.7987,236.4622,207.9738,202.4318,193.1826,185.8146,174.7132,162.0677,149.4644,135.8664,117.4443,93.6807,0.0000,0.0000,0.0000,0.0000,0.0000,0.0000,0.0000,0.0000,0.0000,0.0000,0.0000,0.0000,0.0000,0.0000,0.0000,0.0000,0.0000,0.0000,0.0000,0.0000,0.0000,0.0000,0.0000,0.0000,0.0000
75,0.8000,DynamicV1Rebalance,7.0000,3195.6060,223.6924,spend75p,227.0809,231.9612,237.6455,243.5457,249.7490,255.7498,263.1613,267.8681,272.4863,276.2769,249.8523,249.4877,246.1911,243.3295,237.4981,230.9920,226.0504,218.6158,210.0756,201.2611,193.6305,188.1469,181.8120,172.3303,167.3778,0.0000,0.0000,0.0000,0.0000,0.0000,0.0000,0.0000,0.0000,0.0000,0.0000,0.0000,0.0000,0.0000,0.0000,0.0000,0.0000,0.0000,0.0000,0.0000,0.0000
75,0.8000,DynamicV1Rebalance,8.0000,2796.1552,223.6924,survival,1.0000,1.0000,1.0000,1.0000,1.0000,0.9980,0.9870,0.9705,0.9290,0.8805,0.8145,0.7490,0.6890,0.6275,0.5795,0.5400,0.5005,0.4615,0.4300,0.3970,0.3705,0.3455,0.3170,0.2995,0.2830,0.2820,0.2820,0.2820,0.2820,0.2820,0.2820,0.2820,0.2820,0.2820,0.2820,0.2820,0.2820,0.2820,0.2820,0.2820,0.2820,0.2820,0.2820,0.2820,0.2820
75,0.8000,DynamicV1Rebalance,8.0000,2796.1552,223.6924,spend25p,223.9553,222.3952,220.6815,218.3521,216.2077,213.8116,209.7877,205.0856,196.3104,185.3406,149.4554,0.0000,0.0000,0.0000,0.0000,0.0000,0.0000,0.0000,0.0000,0.0000,0.0000,0.0000,0.0000,0.0000,0.0000,-211.1861,-217.5871,-224.4193,-231.5992,-236.6022,-241.9107,-249.5236,-257.2712,-265.7471,-274.0794,-281.5712,-289.8501,-299.2314,-309.8993,-319.3013,-329.5226,-339.6985,-353.1178,-366.6870,-376.5421
75,0.8000,DynamicV1Rebalance,8.0000,2796.1552,223.6924,spend50p,225.4972,227.1927,229.0413,230.3090,232.2189,233.7914,235.2414,236.5660,233.9342,229.9746,197.8619,187.2767,174.5177,160.8315,142.7943,124.5458,53.7684,0.0000,0.0000,0.0000,0.0000,0.0000,0.0000,0.0000,0.0000,0.0000,0.0000,0.0000,0.0000,0.0000,0.0000,0.0000,0.0000,0.0000,0.0000,0.0000,0.0000,0.0000,0.0000,0.0000,0.0000,0.0000,0.0000,0.0000,0.0000
75,0.8000,DynamicV1Rebalance,8.0000,2796.1552,223.6924,spend75p,227.0809,231.9612,237.6455,243.5457,249.7490,255.6367,262.0044,266.2294,270.1152,271.6062,240.1896,236.4661,232.1619,225.6072,219.5390,210.2290,202.7699,192.2301,181.9974,172.1864,161.4347,149.2049,133.0077,122.5320,105.4104,0.0000,0.0000,0.0000,0.0000,0.0000,0.0000,0.0000,0.0000,0.0000,0.0000,0.0000,0.0000,0.0000,0.0000,0.0000,0.0000,0.0000,0.0000,0.0000,0.0000
75,0.8000,DynamicV1Rebalance,9.0000,2485.4713,223.6924,survival,1.0000,1.0000,1.0000,1.0000,0.9990,0.9940,0.9750,0.9350,0.8760,0.7850,0.7085,0.6395,0.5755,0.5205,0.4705,0.4215,0.3740,0.3370,0.3040,0.2795,0.2590,0.2390,0.2245,0.2055,0.1975,0.1965,0.1965,0.1965,0.1965,0.1965,0.1965,0.1965,0.1965,0.1965,0.1965,0.1965,0.1965,0.1965,0.1965,0.1965,0.1965,0.1965,0.1965,0.1965,0.1965
75,0.8000,DynamicV1Rebalance,9.0000,2485.4713,223.6924,spend25p,223.9553,222.3952,220.6815,218.3521,216.1452,213.4285,208.5529,200.2454,188.0272,160.0846,0.0000,0.0000,0.0000,0.0000,0.0000,0.0000,0.0000,0.0000,0.0000,0.0000,0.0000,0.0000,0.0000,0.0000,0.0000,0.0000,0.0000,0.0000,0.0000,0.0000,0.0000,0.0000,0.0000,0.0000,0.0000,0.0000,0.0000,0.0000,0.0000,0.0000,0.0000,0.0000,0.0000,0.0000,0.0000
75,0.8000,DynamicV1Rebalance,9.0000,2485.4713,223.6924,spend50p,225.4972,227.1927,229.0413,230.3090,232.1924,233.5903,234.4462,232.7140,228.7694,216.7328,182.6240,167.3895,148.0145,118.0157,0.0000,0.0000,0.0000,0.0000,0.0000,0.0000,0.0000,0.0000,0.0000,0.0000,0.0000,0.0000,0.0000,0.0000,0.0000,0.0000,0.0000,0.0000,0.0000,0.0000,0.0000,0.0000,0.0000,0.0000,0.0000,0.0000,0.0000,0.0000,0.0000,0.0000,0.0000
75,0.8000,DynamicV1Rebalance,9.0000,2485.4713,223.6924,spend75p,227.0809,231.9612,237.6455,243.5457,249.6818,255.5838,261.3206,263.7559,264.8236,260.1381,229.6188,223.2393,216.1540,207.2884,196.0084,184.4781,171.9868,155.8722,135.5055,115.1003,88.0937,0.0000,0.0000,0.0000,0.0000,0.0000,0.0000,0.0000,0.0000,0.0000,0.0000,0.0000,0.0000,0.0000,0.0000,0.0000,0.0000,0.0000,0.0000,0.0000,0.0000,0.0000,0.0000,0.0000,0.0000
75,0.8000,DynamicV1Rebalance,10.0000,2236.9242,223.6924,survival,1.0000,1.0000,1.0000,1.0000,0.9985,0.9845,0.9520,0.8870,0.7850,0.6835,0.6020,0.5295,0.4650,0.4000,0.3495,0.2990,0.2630,0.2340,0.2105,0.1905,0.1765,0.1630,0.1490,0.1405,0.1345,0.1330,0.1330,0.1330,0.1330,0.1330,0.1330,0.1330,0.1330,0.1330,0.1330,0.1330,0.1330,0.1330,0.1330,0.1330,0.1330,0.1330,0.1330,0.1330,0.1330
75,0.8000,DynamicV1Rebalance,10.0000,2236.9242,223.6924,spend25p,223.9553,222.3952,220.6815,218.3521,216.1269,212.5026,205.7767,193.9621,165.5368,0.0000,0.0000,0.0000,0.0000,0.0000,0.0000,0.0000,0.0000,0.0000,0.0000,0.0000,0.0000,0.0000,0.0000,0.0000,0.0000,0.0000,0.0000,0.0000,0.0000,0.0000,0.0000,0.0000,0.0000,0.0000,0.0000,0.0000,0.0000,0.0000,0.0000,0.0000,0.0000,0.0000,0.0000,0.0000,0.0000
75,0.8000,DynamicV1Rebalance,10.0000,2236.9242,223.6924,spend50p,225.4972,227.1927,229.0413,230.3090,232.1549,233.2009,232.8283,228.4365,218.0476,199.0994,160.8355,135.7299,0.0000,0.0000,0.0000,0.0000,0.0000,0.0000,0.0000,0.0000,0.0000,0.0000,0.0000,0.0000,0.0000,0.0000,0.0000,0.0000,0.0000,0.0000,0.0000,0.0000,0.0000,0.0000,0.0000,0.0000,0.0000,0.0000,0.0000,0.0000,0.0000,0.0000,0.0000,0.0000,0.0000
75,0.8000,DynamicV1Rebalance,10.0000,2236.9242,223.6924,spend75p,227.0809,231.9612,237.6455,243.5457,249.6392,255.1721,259.2998,260.8517,256.5462,248.9254,218.7639,209.2062,197.2522,182.1529,166.3352,140.6296,102.5845,0.0000,0.0000,0.0000,0.0000,0.0000,0.0000,0.0000,0.0000,0.0000,0.0000,0.0000,0.0000,0.0000,0.0000,0.0000,0.0000,0.0000,0.0000,0.0000,0.0000,0.0000,0.0000,0.0000,0.0000,0.0000,0.0000,0.0000,0.0000
75,1.0000,DynamicV1Rebalance,2.5000,10969.6210,274.2405,survival,1.0000,1.0000,1.0000,1.0000,1.0000,1.0000,1.0000,1.0000,1.0000,1.0000,1.0000,1.0000,0.9995,0.9995,0.9980,0.9970,0.9955,0.9945,0.9945,0.9940,0.9935,0.9920,0.9895,0.9880,0.9875,0.9875,0.9875,0.9875,0.9875,0.9875,0.9875,0.9875,0.9875,0.9875,0.9875,0.9875,0.9875,0.9875,0.9875,0.9875,0.9875,0.9875,0.9875,0.9875,0.9875
75,1.0000,DynamicV1Rebalance,2.5000,10969.6210,274.2405,spend25p,274.5629,272.6351,270.5151,267.6370,264.9824,262.5584,259.6484,256.5959,253.5372,250.8779,228.8971,228.2934,226.2335,223.5184,221.6230,219.6609,217.1920,215.5030,214.6694,212.9065,212.0273,211.7048,208.3595,206.4634,205.5750,-280.7924,-297.1207,-314.0368,-331.2161,-349.6623,-369.0580,-390.6303,-411.4741,-434.4704,-457.3970,-486.8830,-514.9944,-540.2454,-566.0224,-595.6728,-622.0894,-653.1790,-680.7879,-712.3457,-745.2401
75,1.0000,DynamicV1Rebalance,2.5000,10969.6210,274.2405,spend50p,276.4531,278.5163,280.7628,282.2927,284.6055,286.6508,289.2353,291.9796,294.3729,296.4845,275.9016,276.7057,280.2573,282.3967,283.1820,284.0546,283.7555,283.5574,283.8965,285.3447,288.6956,289.0201,287.3954,289.6267,290.7856,-239.3457,-251.7924,-264.1950,-277.7152,-290.8435,-305.0338,-320.5432,-335.6126,-351.9935,-370.3833,-389.6016,-408.5320,-426.1353,-442.3414,-459.4198,-478.4781,-501.1117,-520.2662,-541.2373,-560.8165
75,1.0000,DynamicV1Rebalance,2.5000,10969.6210,274.2405,spend75p,278.3947,284.3620,291.3099,298.5171,306.0903,313.6793,322.5669,329.9105,338.3970,346.6349,325.4110,332.6624,338.7024,344.9730,352.0491,357.9776,364.0871,372.9105,379.6810,387.4741,391.0889,397.4628,404.6381,410.2881,413.5046,-209.6024,-218.6653,-228.5695,-238.8311,-248.7952,-259.0856,-271.0083,-282.3593,-294.9220,-307.0652,-318.5360,-330.3966,-342.7740,-357.7458,-370.1428,-382.8615,-396.1322,-412.9630,-427.7919,-441.1383
75,1.0000,DynamicV1Rebalance,3.0000,9141.3508,274.2405,survival,1.0000,1.0000,1.0000,1.0000,1.0000,1.0000,1.0000,1.0000,1.0000,1.0000,0.9990,0.9980,0.9965,0.9955,0.9950,0.9935,0.9910,0.9860,0.9835,0.9805,0.9745,0.9695,0.9665,0.9600,0.9550,0.9550,0.9550,0.9550,0.9550,0.9550,0.9550,0.9550,0.9550,0.9550,0.9550,0.9550,0.9550,0.9550,0.9550,0.9550,0.9550,0.9550,0.9550,0.9550,0.9550
75,1.0000,DynamicV1Rebalance,3.0000,9141.3508,274.2405,spend25p,274.5629,272.6351,270.5151,267.6370,264.9824,262.5584,259.6484,256.5959,253.5372,250.8779,228.7899,227.8373,225.7738,223.0100,220.9434,218.3659,215.8642,213.3738,210.7010,208.9067,206.6655,202.8955,201.4412,197.1137,194.7567,-276.1991,-292.1893,-309.3799,-325.1906,-344.5912,-363.5376,-383.2901,-403.3559,-425.8139,-449.4840,-476.2993,-500.6922,-529.2166,-555.9693,-579.4633,-608.3067,-636.7490,-663.3333,-691.7355,-727.2951
75,1.0000,DynamicV1Rebalance,3.0000,9141.3508,274.2405,spend50p,276.4531,278.5163,280.7628,282.2927,284.6055,286.6508,289.2353,291.9796,294.3729,296.4845,275.3628,276.4043,279.6663,281.9008,282.7231,283.1648,282.7587,280.9181,281.0153,282.1163,282.7289,284.1931,282.7385,281.6504,282.0754,-235.9244,-247.8198,-260.1738,-273.1536,-286.1395,-299.4420,-313.5254,-329.3339,-345.5620,-363.5732,-381.5369,-398.9362,-415.8589,-432.7747,-450.9187,-468.2992,-489.0952,-509.8431,-527.2097,-547.9068
75,1.0000,DynamicV1Rebalance,3.0000,9141.3508,274.2405,spend75p,278.3947,284.3620,291.3099,298.5171,306.0903,313.6793,322.5669,329.9105,338.3970,346.6349,325.3494,332.5637,337.8576,344.0581,351.5520,357.6258,362.4618,369.5682,376.6904,381.8455,384.8342,390.2155,396.7767,400.5458,402.8141,-206.0518,-215.1383,-223.7875,-232.9990,-243.6504,-253.6514,-263.0232,-274.1100,-285.3707,-297.8528,-308.8115,-321.0384,-333.5794,-346.2273,-358.4709,-370.2402,-384.1784,-398.3699,-412.0106,-427.2442
75,1.0000,DynamicV1Rebalance,3.5000,7835.4435,274.2405,survival,1.0000,1.0000,1.0000,1.0000,1.0000,1.0000,1.0000,1.0000,1.0000,0.9985,0.9975,0.9955,0.9940,0.9900,0.9840,0.9760,0.9695,0.9635,0.9560,0.9430,0.9330,0.9265,0.9125,0.9045,0.8945,0.8940,0.8940,0.8940,0.8940,0.8940,0.8940,0.8940,0.8940,0.8940,0.8940,0.8940,0.8940,0.8940,0.8940,0.8940,0.8940,0.8940,0.8940,0.8940,0.8940
75,1.0000,DynamicV1Rebalance,3.5000,7835.4435,274.2405,spend25p,274.5629,272.6351,270.5151,267.6370,264.9824,262.5584,259.6484,256.5959,253.5372,250.6040,228.6557,227.4135,225.4065,222.2130,218.9460,214.7738,211.6282,207.9002,203.9847,198.5293,192.9134,189.9118,185.0374,179.3607,174.7800,-268.0160,-283.4471,-299.0826,-317.1088,-333.5468,-349.5361,-368.2682,-387.7469,-410.0398,-435.5451,-458.8150,-482.4455,-509.1851,-534.3448,-558.6188,-583.7307,-607.7376,-635.2339,-666.7661,-699.6856
75,1.0000,DynamicV1Rebalance,3.5000,7835.4435,274.2405,spend50p,276.4531,278.5163,280.7628,282.2927,284.6055,286.6508,289.2353,291.9796,294.3729,296.4337,274.9145,275.8723,279.4025,280.8340,278.8713,278.5621,277.8635,276.0232,274.2247,269.6967,268.4345,268.1638,265.6746,264.7658,264.3549,-229.4608,-241.3807,-252.6673,-264.3947,-276.6558,-289.6628,-302.8538,-316.5935,-332.4699,-349.5244,-366.3671,-383.0041,-399.7885,-416.1902,-434.9664,-450.0008,-467.5998,-484.6530,-502.5650,-524.0653
75,1.0000,DynamicV1Rebalance,3.5000,7835.4435,274.2405,spend75p,278.3947,284.3620,291.3099,298.5171,306.0903,313.6793,322.5669,329.9105,338.3970,346.5788,324.7352,332.4543,337.5486,342.2573,349.0841,352.5063,356.5232,363.2100,366.0246,367.2299,371.3404,374.4394,373.4788,375.6724,377.4425,-198.6634,-206.1309,-214.7184,-223.2619,-232.2384,-240.8281,-249.1316,-258.7477,-268.4232,-278.4503,-288.6587,-298.5452,-311.7477,-322.3694,-334.4000,-346.6779,-357.0652,-367.9342,-380.7986,-393.5782
75,1.0000,DynamicV1Rebalance,4.0000,6856.0131,274.2405,survival,1.0000,1.0000,1.0000,1.0000,1.0000,1.0000,1.0000,1.0000,0.9990,0.9980,0.9945,0.9920,0.9845,0.9740,0.9665,0.9545,0.9415,0.9250,0.9100,0.8930,0.8785,0.8605,0.8465,0.8295,0.8145,0.8135,0.8135,0.8135,0.8135,0.8135,0.8135,0.8135,0.8135,0.8135,0.8135,0.8135,0.8135,0.8135,0.8135,0.8135,0.8135,0.8135,0.8135,0.8135,0.8135
75,1.0000,DynamicV1Rebalance,4.0000,6856.0131,274.2405,spend25p,274.5629,272.6351,270.5151,267.6370,264.9824,262.5584,259.6484,256.5959,253.2799,250.4595,228.2085,226.7518,223.3767,218.3696,214.5303,209.8049,205.0148,197.8557,190.3115,183.3591,175.3182,166.4218,158.6737,149.3939,137.1662,-259.6845,-275.4367,-290.9247,-305.9948,-321.2500,-338.7279,-356.4776,-374.7950,-396.4252,-419.3017,-441.8884,-465.2865,-488.1647,-514.3000,-537.2872,-560.6992,-585.2010,-613.0181,-639.1318,-664.7539
75,1.0000,DynamicV1Rebalance,4.0000,6856.0131,274.2405,spend50p,276.4531,278.5163,280.7628,282.2927,284.6055,286.6508,289.2353,291.9796,294.2837,296.4207,274.2229,275.3350,277.0881,277.5619,275.7632,274.4174,271.1816,266.9092,261.3026,256.4419,252.5458,247.2579,244.7779,241.2823,239.9313,-220.4046,-231.5680,-242.9500,-254.8644,-265.3670,-277.8458,-290.3708,-303.9332,-318.4207,-331.4263,-348.9597,-363.0370,-378.9719,-394.8487,-409.5809,-423.8454,-438.7761,-455.8660,-474.1143,-492.2026
75,1.0000,DynamicV1Rebalance,4.0000,6856.0131,274.2405,spend75p,278.3947,284.3620,291.3099,298.5171,306.0903,313.6793,322.5669,329.9105,338.3014,346.5353,324.1653,331.6610,335.4677,339.8207,343.4883,346.0634,350.3824,351.8917,350.1780,351.7416,353.8103,354.0397,351.2178,351.6342,348.6567,-184.9587,-191.0879,-197.8260,-204.8708,-211.8283,-217.7581,-224.9622,-233.6046,-241.4675,-249.3370,-256.8206,-264.5575,-275.3077,-283.7617,-293.1917,-301.7500,-312.5547,-323.3046,-332.8395,-343.5829
75,1.0000,DynamicV1Rebalance,5.0000,5484.8105,274.2405,survival,1.0000,1.0000,1.0000,1.0000,1.0000,1.0000,1.0000,0.9985,0.9970,0.9920,0.9815,0.9665,0.9505,0.9325,0.9100,0.8770,0.8480,0.8285,0.8035,0.7730,0.7510,0.7260,0.7040,0.6825,0.6625,0.6615,0.6615,0.6615,0.6615,0.6615,0.6615,0.6615,0.6615,0.6615,0.6615,0.6615,0.6615,0.6615,0.6615,0.6615,0.6615,0.6615,0.6615,0.6615,0.6615
75,1.0000,DynamicV1Rebalance,5.0000,5484.8105,274.2405,spend25p,274.5629,272.6351,270.5151,267.6370,264.9824,262.5584,259.6484,256.1864,252.7401,249.5507,225.6013,220.7501,214.4191,207.8223,200.8156,188.7933,174.3203,163.9747,147.0290,123.8213,82.8548,0.0000,0.0000,0.0000,0.0000,-243.6214,-256.3835,-269.5383,-283.5363,-297.5015,-312.3257,-329.2222,-346.3389,-365.3226,-383.9277,-404.2265,-424.4811,-443.9559,-464.8280,-484.3447,-503.0188,-523.6675,-547.4121,-569.0960,-596.1641
75,1.0000,DynamicV1Rebalance,5.0000,5484.8105,274.2405,spend50p,276.4531,278.5163,280.7628,282.2927,284.6055,286.6508,289.2353,291.6139,294.1031,295.6018,272.2599,272.0579,270.9206,267.8143,264.0783,256.9264,249.2138,244.0397,237.8158,229.0189,222.2856,214.3963,205.6033,196.3299,188.0162,-203.6646,-212.1461,-221.3399,-230.5294,-240.0035,-249.8210,-258.7675,-269.2458,-281.9370,-293.3215,-304.3849,-316.7676,-329.8019,-341.2560,-351.7163,-365.1782,-378.6395,-392.1195,-406.4338,-421.2577
75,1.0000,DynamicV1Rebalance,5.0000,5484.8105,274.2405,spend75p,278.3947,284.3620,291.3099,298.5171,306.0903,313.6793,322.5669,329.7376,338.1694,345.1414,322.3602,326.9884,330.3499,331.8468,332.6556,332.3391,328.8483,328.3955,328.4490,323.5835,319.7587,314.0420,312.2763,304.3987,299.7140,0.0000,0.0000,0.0000,0.0000,0.0000,0.0000,0.0000,0.0000,0.0000,0.0000,0.0000,0.0000,0.0000,0.0000,0.0000,0.0000,0.0000,0.0000,0.0000,0.0000
75,1.0000,DynamicV1Rebalance,6.0000,4570.6754,274.2405,survival,1.0000,1.0000,1.0000,1.0000,1.0000,1.0000,0.9985,0.9970,0.9870,0.9720,0.9520,0.9245,0.8945,0.8485,0.8155,0.7765,0.7400,0.7055,0.6680,0.6410,0.6145,0.5870,0.5635,0.5440,0.5295,0.5290,0.5290,0.5290,0.5290,0.5290,0.5290,0.5290,0.5290,0.5290,0.5290,0.5290,0.5290,0.5290,0.5290,0.5290,0.5290,0.5290,0.5290,0.5290,0.5290
75,1.0000,DynamicV1Rebalance,6.0000,4570.6754,274.2405,spend25p,274.5629,272.6351,270.5151,267.6370,264.9824,262.5584,258.8575,255.7569,250.7258,245.2441,220.2280,212.0745,201.7206,183.4637,168.7672,141.4834,0.0000,0.0000,0.0000,0.0000,0.0000,0.0000,0.0000,0.0000,0.0000,-229.3953,-241.2816,-252.3857,-264.4431,-276.9535,-290.2805,-303.6168,-319.8184,-337.2215,-354.5685,-370.4988,-386.6072,-404.2455,-422.0968,-441.4159,-461.0165,-475.6773,-497.4415,-520.2660,-537.9394
75,1.0000,DynamicV1Rebalance,6.0000,4570.6754,274.2405,spend50p,276.4531,278.5163,280.7628,282.2927,284.6055,286.6508,289.1712,291.4871,292.7491,294.0572,268.9185,265.6298,260.3158,250.6078,243.6236,235.0549,225.7917,213.2080,201.2222,189.6247,175.7794,162.1558,146.8823,131.5030,117.9795,-177.9725,-184.2227,-190.8013,-196.8391,-202.1728,-207.7877,-214.7157,-221.3231,-227.1717,-234.4819,-241.5802,-250.6481,-261.2160,-269.4723,-275.9367,-282.4721,-292.3345,-303.9463,-313.2643,-321.1804
75,1.0000,DynamicV1Rebalance,6.0000,4570.6754,274.2405,spend75p,278.3947,284.3620,291.3099,298.5171,306.0903,313.6793,322.4674,329.5799,336.5925,342.4632,318.1660,321.2178,321.0496,318.9354,318.3531,315.0390,308.0454,303.8617,297.3025,289.2572,285.7728,278.1251,270.6480,264.8733,263.7607,0.0000,0.0000,0.0000,0.0000,0.0000,0.0000,0.0000,0.0000,0.0000,0.0000,0.0000,0.0000,0.0000,0.0000,0.0000,0.0000,0.0000,0.0000,0.0000,0.0000
75,1.0000,DynamicV1Rebalance,7.0000,3917.7218,274.2405,survival,1.0000,1.0000,1.0000,1.0000,1.0000,0.9990,0.9965,0.9850,0.9685,0.9340,0.8965,0.8505,0.7975,0.7520,0.7005,0.6450,0.6110,0.5770,0.5415,0.5095,0.4845,0.4610,0.4390,0.4185,0.4005,0.3990,0.3990,0.3990,0.3990,0.3990,0.3990,0.3990,0.3990,0.3990,0.3990,0.3990,0.3990,0.3990,0.3990,0.3990,0.3990,0.3990,0.3990,0.3990,0.3990
75,1.0000,DynamicV1Rebalance,7.0000,3917.7218,274.2405,spend25p,274.5629,272.6351,270.5151,267.6370,264.9824,262.3845,258.5948,253.6991,247.2386,238.2769,208.1478,192.1529,169.0222,114.2581,0.0000,0.0000,0.0000,0.0000,0.0000,0.0000,0.0000,0.0000,0.0000,0.0000,0.0000,-210.3527,-219.8584,-229.4222,-239.4055,-250.6648,-261.9478,-275.1434,-287.4743,-299.9523,-314.9831,-328.7308,-343.0400,-356.1720,-368.4092,-381.6394,-397.8664,-416.3932,-431.8197,-446.3807,-464.5814
75,1.0000,DynamicV1Rebalance,7.0000,3917.7218,274.2405,spend50p,276.4531,278.5163,280.7628,282.2927,284.6055,286.5780,289.1376,290.6708,291.2923,289.6093,259.8565,252.6667,241.3255,232.0974,217.0979,200.1240,185.6592,167.9608,144.1555,103.9430,0.0000,0.0000,0.0000,0.0000,0.0000,0.0000,0.0000,0.0000,0.0000,0.0000,0.0000,0.0000,0.0000,0.0000,0.0000,0.0000,0.0000,0.0000,0.0000,0.0000,0.0000,0.0000,0.0000,0.0000,0.0000
75,1.0000,DynamicV1Rebalance,7.0000,3917.7218,274.2405,spend75p,278.3947,284.3620,291.3099,298.5171,306.0903,313.4097,322.4520,328.1745,333.7830,338.3727,312.3154,311.2900,306.8737,304.0469,296.6102,287.0661,281.0060,272.3411,261.9462,250.2873,240.7850,232.8247,223.5947,212.4674,206.5305,0.0000,0.0000,0.0000,0.0000,0.0000,0.0000,0.0000,0.0000,0.0000,0.0000,0.0000,0.0000,0.0000,0.0000,0.0000,0.0000,0.0000,0.0000,0.0000,0.0000
75,1.0000,DynamicV1Rebalance,8.0000,3428.0066,274.2405,survival,1.0000,1.0000,1.0000,1.0000,1.0000,0.9980,0.9870,0.9705,0.9290,0.8805,0.8130,0.7470,0.6850,0.6230,0.5760,0.5370,0.4960,0.4535,0.4210,0.3905,0.3635,0.3365,0.3115,0.2920,0.2750,0.2740,0.2740,0.2740,0.2740,0.2740,0.2740,0.2740,0.2740,0.2740,0.2740,0.2740,0.2740,0.2740,0.2740,0.2740,0.2740,0.2740,0.2740,0.2740,0.2740
75,1.0000,DynamicV1Rebalance,8.0000,3428.0066,274.2405,spend25p,274.5629,272.6351,270.5151,267.6370,264.9824,262.0163,257.0532,251.2575,240.4711,226.9976,185.9529,0.0000,0.0000,0.0000,0.0000,0.0000,0.0000,0.0000,0.0000,0.0000,0.0000,0.0000,0.0000,0.0000,0.0000,-180.3853,-187.3226,-193.8856,-200.3628,-206.8765,-212.0988,-219.0513,-226.4474,-234.0910,-239.5875,-248.2215,-258.5774,-266.3795,-276.0037,-284.0201,-292.9909,-301.9218,-310.7224,-322.6864,-334.6506
75,1.0000,DynamicV1Rebalance,8.0000,3428.0066,274.2405,spend50p,276.4531,278.5163,280.7628,282.2927,284.6055,286.5007,288.2417,289.8252,286.5586,281.6635,247.1027,233.7500,217.2829,199.6270,177.8923,152.5660,0.0000,0.0000,0.0000,0.0000,0.0000,0.0000,0.0000,0.0000,0.0000,0.0000,0.0000,0.0000,0.0000,0.0000,0.0000,0.0000,0.0000,0.0000,0.0000,0.0000,0.0000,0.0000,0.0000,0.0000,0.0000,0.0000,0.0000,0.0000,0.0000
75,1.0000,DynamicV1Rebalance,8.0000,3428.0066,274.2405,spend75p,278.3947,284.3620,291.3099,298.5171,306.0903,313.2711,321.0345,326.1669,330.8785,332.6522,300.1904,295.5117,289.0111,281.6184,272.6176,262.5720,251.5277,237.1558,223.6965,211.6776,197.7537,179.9381,164.4004,143.5459,123.0701,0.0000,0.0000,0.0000,0.0000,0.0000,0.0000,0.0000,0.0000,0.0000,0.0000,0.0000,0.0000,0.0000,0.0000,0.0000,0.0000,0.0000,0.0000,0.0000,0.0000
75,1.0000,DynamicV1Rebalance,9.0000,3047.1169,274.2405,survival,1.0000,1.0000,1.0000,1.0000,0.9995,0.9940,0.9750,0.9350,0.8760,0.7855,0.7075,0.6365,0.5745,0.5150,0.4665,0.4135,0.3690,0.3295,0.2970,0.2720,0.2530,0.2335,0.2165,0.2000,0.1925,0.1910,0.1910,0.1910,0.1910,0.1910,0.1910,0.1910,0.1910,0.1910,0.1910,0.1910,0.1910,0.1910,0.1910,0.1910,0.1910,0.1910,0.1910,0.1910,0.1910
75,1.0000,DynamicV1Rebalance,9.0000,3047.1169,274.2405,spend25p,274.5629,272.6351,270.5151,267.6370,264.9304,261.5469,255.5402,245.3276,230.3246,196.1691,0.0000,0.0000,0.0000,0.0000,0.0000,0.0000,0.0000,0.0000,0.0000,0.0000,0.0000,0.0000,0.0000,0.0000,0.0000,0.0000,0.0000,0.0000,0.0000,0.0000,0.0000,0.0000,0.0000,0.0000,0.0000,0.0000,0.0000,0.0000,0.0000,0.0000,0.0000,0.0000,0.0000,0.0000,0.0000
75,1.0000,DynamicV1Rebalance,9.0000,3047.1169,274.2405,spend50p,276.4531,278.5163,280.7628,282.2927,284.5905,286.2543,287.2673,285.1059,280.2319,265.4455,228.1583,208.3549,184.7248,141.5636,0.0000,0.0000,0.0000,0.0000,0.0000,0.0000,0.0000,0.0000,0.0000,0.0000,0.0000,0.0000,0.0000,0.0000,0.0000,0.0000,0.0000,0.0000,0.0000,0.0000,0.0000,0.0000,0.0000,0.0000,0.0000,0.0000,0.0000,0.0000,0.0000,0.0000,0.0000
75,1.0000,DynamicV1Rebalance,9.0000,3047.1169,274.2405,spend75p,278.3947,284.3620,291.3099,298.5171,306.0632,313.2063,320.1966,323.1365,324.3966,318.6066,286.7085,277.9321,269.9589,256.1730,243.5798,228.9702,214.1562,188.8452,161.7277,132.0277,88.0840,0.0000,0.0000,0.0000,0.0000,0.0000,0.0000,0.0000,0.0000,0.0000,0.0000,0.0000,0.0000,0.0000,0.0000,0.0000,0.0000,0.0000,0.0000,0.0000,0.0000,0.0000,0.0000,0.0000,0.0000
75,1.0000,DynamicV1Rebalance,10.0000,2742.4052,274.2405,survival,1.0000,1.0000,1.0000,1.0000,0.9985,0.9845,0.9520,0.8880,0.7850,0.6840,0.6015,0.5295,0.4615,0.3940,0.3405,0.2940,0.2585,0.2300,0.2030,0.1885,0.1725,0.1560,0.1460,0.1385,0.1310,0.1300,0.1300,0.1300,0.1300,0.1300,0.1300,0.1300,0.1300,0.1300,0.1300,0.1300,0.1300,0.1300,0.1300,0.1300,0.1300,0.1300,0.1300,0.1300,0.1300
75,1.0000,DynamicV1Rebalance,10.0000,2742.4052,274.2405,spend25p,274.5629,272.6351,270.5151,267.6370,264.8834,260.4122,252.1386,237.7378,202.7749,0.0000,0.0000,0.0000,0.0000,0.0000,0.0000,0.0000,0.0000,0.0000,0.0000,0.0000,0.0000,0.0000,0.0000,0.0000,0.0000,0.0000,0.0000,0.0000,0.0000,0.0000,0.0000,0.0000,0.0000,0.0000,0.0000,0.0000,0.0000,0.0000,0.0000,0.0000,0.0000,0.0000,0.0000,0.0000,0.0000
75,1.0000,DynamicV1Rebalance,10.0000,2742.4052,274.2405,spend50p,276.4531,278.5163,280.7628,282.2927,284.5271,285.7770,285.2850,279.9700,267.0982,244.0647,201.0444,169.6623,0.0000,0.0000,0.0000,0.0000,0.0000,0.0000,0.0000,0.0000,0.0000,0.0000,0.0000,0.0000,0.0000,0.0000,0.0000,0.0000,0.0000,0.0000,0.0000,0.0000,0.0000,0.0000,0.0000,0.0000,0.0000,0.0000,0.0000,0.0000,0.0000,0.0000,0.0000,0.0000,0.0000
75,1.0000,DynamicV1Rebalance,10.0000,2742.4052,274.2405,spend75p,278.3947,284.3620,291.3099,298.5171,305.9558,312.7018,317.7205,319.5784,314.2571,304.9783,273.4549,261.5078,246.0344,225.7704,202.2250,170.3923,121.0963,0.0000,0.0000,0.0000,0.0000,0.0000,0.0000,0.0000,0.0000,0.0000,0.0000,0.0000,0.0000,0.0000,0.0000,0.0000,0.0000,0.0000,0.0000,0.0000,0.0000,0.0000,0.0000,0.0000,0.0000,0.0000,0.0000,0.0000,0.0000
75,1.1000,DynamicV1Rebalance,2.5000,11980.5831,299.5146,survival,1.0000,1.0000,1.0000,1.0000,1.0000,1.0000,1.0000,1.0000,1.0000,1.0000,1.0000,1.0000,0.9995,0.9995,0.9980,0.9970,0.9955,0.9945,0.9945,0.9940,0.9935,0.9915,0.9895,0.9880,0.9875,0.9875,0.9875,0.9875,0.9875,0.9875,0.9875,0.9875,0.9875,0.9875,0.9875,0.9875,0.9875,0.9875,0.9875,0.9875,0.9875,0.9875,0.9875,0.9875,0.9875
75,1.1000,DynamicV1Rebalance,2.5000,11980.5831,299.5146,spend25p,299.8666,297.7550,295.4319,292.2795,289.3697,286.7107,283.5197,280.1724,276.8172,273.8975,251.7868,251.1228,248.8569,245.8702,243.7853,241.6270,238.9111,237.0533,236.1364,234.1972,233.2301,232.6693,229.1954,227.1097,226.1325,-240.3751,-255.9116,-271.7707,-288.2411,-306.8729,-325.9182,-345.6547,-366.7849,-388.2472,-409.7743,-437.2934,-464.7135,-490.6445,-514.4790,-539.9745,-568.3539,-596.6339,-623.2040,-653.4226,-686.0301
75,1.1000,DynamicV1Rebalance,2.5000,11980.5831,299.5146,spend50p,301.9311,304.1781,306.6235,308.2845,310.7989,313.0193,315.8268,318.8071,321.4025,323.6889,303.4918,304.3763,308.2830,310.6364,311.5002,312.4600,312.1311,311.9131,312.2861,313.8792,317.5652,317.8590,316.1350,318.5893,319.8641,-209.5484,-221.6381,-234.3271,-247.2086,-259.9016,-274.0432,-288.7105,-303.7095,-320.8947,-338.1080,-356.2904,-373.4997,-390.1315,-407.4963,-424.7851,-444.5789,-465.8631,-485.6311,-504.1178,-523.7670
75,1.1000,DynamicV1Rebalance,2.5000,11980.5831,299.5146,spend75p,304.0516,310.5625,318.1421,326.0028,334.2609,342.5340,352.2229,360.2232,369.4690,378.4410,357.9521,365.9286,372.5727,379.4703,387.2540,393.7753,400.4958,410.2015,417.6491,426.2215,430.1978,436.8713,445.1019,451.3169,454.8550,-188.2084,-197.5897,-207.2604,-217.4714,-227.2953,-238.0435,-249.1777,-260.6659,-271.7501,-285.4787,-297.0133,-309.8308,-321.8774,-335.1285,-347.9541,-360.4808,-374.3345,-388.0670,-403.5635,-418.1086
75,1.1000,DynamicV1Rebalance,3.0000,9983.8192,299.5146,survival,1.0000,1.0000,1.0000,1.0000,1.0000,1.0000,1.0000,1.0000,1.0000,1.0000,0.9990,0.9980,0.9965,0.9955,0.9950,0.9935,0.9905,0.9860,0.9835,0.9800,0.9745,0.9695,0.9660,0.9595,0.9550,0.9540,0.9540,0.9540,0.9540,0.9540,0.9540,0.9540,0.9540,0.9540,0.9540,0.9540,0.9540,0.9540,0.9540,0.9540,0.9540,0.9540,0.9540,0.9540,0.9540
75,1.1000,DynamicV1Rebalance,3.0000,9983.8192,299.5146,spend25p,299.8666,297.7550,295.4319,292.2795,289.3697,286.7107,283.5197,280.1724,276.8172,273.8975,251.6689,250.6210,248.3511,245.3110,243.0377,240.2024,237.3800,234.7112,231.7711,229.5780,227.3320,223.1851,221.4327,216.5958,214.2323,-237.0823,-252.1720,-267.8677,-284.9393,-301.3091,-319.5253,-339.4887,-358.9000,-380.4880,-403.7877,-427.6592,-453.1497,-477.1582,-502.5504,-527.9809,-555.6187,-582.7616,-608.3444,-637.0257,-668.6459
75,1.1000,DynamicV1Rebalance,3.0000,9983.8192,299.5146,spend50p,301.9311,304.1781,306.6235,308.2845,310.7989,313.0193,315.8268,318.8071,321.4025,323.6889,302.8990,304.0447,307.6329,310.0909,310.9954,311.4813,310.8697,309.0099,309.1168,310.2952,311.0018,312.6124,310.8988,309.5757,310.2830,-207.2876,-218.9651,-231.6690,-244.7811,-256.7465,-269.6283,-283.1425,-298.8017,-314.4413,-331.4566,-348.6203,-366.1517,-384.2626,-400.0871,-416.9261,-434.2254,-453.7083,-473.4892,-493.3465,-512.7179
75,1.1000,DynamicV1Rebalance,3.0000,9983.8192,299.5146,spend75p,304.0516,310.5625,318.1421,326.0028,334.2609,342.5340,352.2229,360.2232,369.4690,378.4410,357.8844,365.8201,371.6433,378.4639,386.7072,393.3884,398.4052,406.5250,414.3594,419.6974,423.3176,429.2371,436.3176,440.1215,443.0955,-185.0450,-194.7211,-203.7378,-213.4345,-223.0808,-232.8899,-242.6427,-253.4088,-265.8790,-277.0507,-289.1304,-301.3246,-313.3947,-325.7425,-337.1020,-349.6792,-362.2315,-376.3457,-390.0888,-403.1083
75,1.1000,DynamicV1Rebalance,3.5000,8557.5593,299.5146,survival,1.0000,1.0000,1.0000,1.0000,1.0000,1.0000,1.0000,1.0000,1.0000,0.9985,0.9975,0.9955,0.9940,0.9900,0.9835,0.9755,0.9690,0.9630,0.9560,0.9420,0.9330,0.9245,0.9115,0.9035,0.8930,0.8930,0.8930,0.8930,0.8930,0.8930,0.8930,0.8930,0.8930,0.8930,0.8930,0.8930,0.8930,0.8930,0.8930,0.8930,0.8930,0.8930,0.8930,0.8930,0.8930
75,1.1000,DynamicV1Rebalance,3.5000,8557.5593,299.5146,spend25p,299.8666,297.7550,295.4319,292.2795,289.3697,286.7107,283.5197,280.1724,276.8172,273.5986,251.5213,250.1548,247.9471,244.4343,240.6930,236.1424,232.5038,228.6450,224.3832,218.2077,212.2047,208.2432,203.3743,197.1061,191.4022,-230.7526,-245.7377,-261.2494,-276.7165,-292.9818,-309.6968,-326.2793,-345.9291,-366.6020,-390.7896,-413.0350,-436.0256,-460.7614,-486.3491,-510.7133,-533.5393,-555.7548,-582.4510,-611.2951,-645.2291
75,1.1000,DynamicV1Rebalance,3.5000,8557.5593,299.5146,spend50p,301.9311,304.1781,306.6235,308.2845,310.7989,313.0193,315.8268,318.8071,321.4025,323.6335,302.4060,303.4595,307.3427,308.9174,306.6492,306.2153,305.4101,303.4583,301.6471,296.3082,295.2779,294.1087,291.7850,290.8164,290.2299,-202.1408,-213.8133,-225.6366,-237.1083,-249.1277,-261.7646,-274.5003,-288.5387,-304.2590,-320.1742,-336.6739,-352.5085,-369.6381,-385.4763,-403.0601,-418.9531,-435.2891,-452.9272,-470.1124,-491.1205
75,1.1000,DynamicV1Rebalance,3.5000,8557.5593,299.5146,spend75p,304.0516,310.5625,318.1421,326.0028,334.2609,342.5340,352.2229,360.2232,369.4690,378.3797,357.2087,365.6997,371.3035,376.4831,383.9925,387.7034,391.9455,398.8253,402.6270,403.4682,408.4745,411.2393,410.5978,413.0927,414.1327,-180.2533,-188.0651,-196.1011,-204.7502,-213.6537,-222.2173,-231.3477,-240.9296,-251.0322,-261.6485,-271.2465,-281.3925,-293.2708,-305.0566,-315.8622,-328.0940,-338.3031,-349.5986,-363.3357,-376.0691
75,1.1000,DynamicV1Rebalance,4.0000,7487.8644,299.5146,survival,1.0000,1.0000,1.0000,1.0000,1.0000,1.0000,1.0000,1.0000,0.9990,0.9980,0.9945,0.9920,0.9845,0.9740,0.9665,0.9545,0.9400,0.9240,0.9080,0.8920,0.8775,0.8600,0.8445,0.8275,0.8125,0.8110,0.8110,0.8110,0.8110,0.8110,0.8110,0.8110,0.8110,0.8110,0.8110,0.8110,0.8110,0.8110,0.8110,0.8110,0.8110,0.8110,0.8110,0.8110,0.8110
75,1.1000,DynamicV1Rebalance,4.0000,7487.8644,299.5146,spend25p,299.8666,297.7550,295.4319,292.2795,289.3697,286.7107,283.5197,280.1724,276.5364,273.4408,251.0294,249.4269,245.7144,240.2066,235.9834,230.7854,225.0013,217.5623,209.1048,201.4419,192.5658,183.0640,173.9986,163.0134,150.2839,-225.2049,-238.9726,-253.4878,-268.6179,-285.1227,-299.8236,-317.0666,-336.3121,-356.4751,-377.2783,-399.7743,-423.8705,-446.0971,-468.9519,-490.7220,-513.4649,-537.5853,-563.1946,-586.3082,-613.7422
75,1.1000,DynamicV1Rebalance,4.0000,7487.8644,299.5146,spend50p,301.9311,304.1781,306.6235,308.2845,310.7989,313.0193,315.8268,318.8071,321.3051,323.6193,301.6452,302.8685,304.7969,305.3181,303.3395,301.8592,298.2415,293.5862,287.2547,281.8384,277.4820,271.9837,267.8957,265.2211,263.5641,-196.5213,-207.2468,-217.7490,-228.8034,-240.6388,-251.7688,-264.6896,-278.8888,-291.7698,-305.7797,-321.5658,-336.2090,-351.9472,-366.2370,-380.7232,-394.9514,-411.8262,-425.4712,-442.7551,-461.5679
75,1.1000,DynamicV1Rebalance,4.0000,7487.8644,299.5146,spend75p,304.0516,310.5625,318.1421,326.0028,334.2609,342.5340,352.2229,360.2232,369.3647,378.3321,356.5818,364.8271,369.0145,373.8028,377.8371,380.6698,385.2116,386.9960,384.5517,386.9157,389.0212,389.4437,385.7064,386.6694,382.7066,-169.9333,-176.4172,-183.4542,-190.0958,-196.5779,-203.4414,-211.4362,-218.5008,-226.5565,-234.4528,-242.8548,-251.0819,-261.4508,-270.9835,-278.2732,-286.7565,-297.3698,-308.5022,-317.6810,-327.5328
75,1.1000,DynamicV1Rebalance,5.0000,5990.2915,299.5146,survival,1.0000,1.0000,1.0000,1.0000,1.0000,1.0000,1.0000,0.9985,0.9970,0.9920,0.9810,0.9665,0.9505,0.9320,0.9095,0.8740,0.8470,0.8265,0.8020,0.7720,0.7480,0.7235,0.7025,0.6785,0.6605,0.6605,0.6605,0.6605,0.6605,0.6605,0.6605,0.6605,0.6605,0.6605,0.6605,0.6605,0.6605,0.6605,0.6605,0.6605,0.6605,0.6605,0.6605,0.6605,0.6605
75,1.1000,DynamicV1Rebalance,5.0000,5990.2915,299.5146,spend25p,299.8666,297.7550,295.4319,292.2795,289.3697,286.7107,283.5197,279.7252,275.9470,272.4486,248.0745,242.8251,235.8610,228.5639,220.8509,206.5253,191.4836,179.3696,161.3487,135.5150,0.0000,0.0000,0.0000,0.0000,0.0000,-212.9547,-225.2637,-238.1738,-251.1186,-264.8571,-280.5254,-296.9085,-314.2697,-332.1062,-348.9446,-369.4676,-387.9031,-409.6093,-428.0924,-445.1324,-466.7198,-485.5416,-507.6423,-531.8247,-554.1552
75,1.1000,DynamicV1Rebalance,5.0000,5990.2915,299.5146,spend50p,301.9311,304.1781,306.6235,308.2845,310.7989,313.0193,315.8268,318.4079,321.1080,322.7252,299.3400,299.2637,298.0126,294.5694,290.4481,281.5183,273.9172,267.5877,261.0406,251.8693,243.0086,234.7156,225.6762,213.8225,206.4144,-183.5643,-192.2148,-201.2574,-210.7371,-220.7976,-230.3538,-240.0358,-250.4696,-262.5519,-272.9813,-284.6645,-296.8188,-310.4733,-321.0049,-331.2723,-344.7534,-357.6275,-370.6587,-385.3342,-398.4320
75,1.1000,DynamicV1Rebalance,5.0000,5990.2915,299.5146,spend75p,304.0516,310.5625,318.1421,326.0028,334.2609,342.5340,352.2229,360.0344,369.2205,376.8104,354.5261,359.6872,363.3849,365.0050,365.7688,364.9466,361.3773,360.9088,359.9304,355.9419,351.1017,344.1156,341.9218,332.8861,329.2867,0.0000,0.0000,0.0000,0.0000,0.0000,0.0000,0.0000,0.0000,0.0000,0.0000,0.0000,0.0000,0.0000,0.0000,0.0000,0.0000,0.0000,0.0000,0.0000,0.0000
75,1.1000,DynamicV1Rebalance,6.0000,4991.9096,299.5146,survival,1.0000,1.0000,1.0000,1.0000,1.0000,1.0000,0.9985,0.9970,0.9870,0.9720,0.9515,0.9240,0.8930,0.8480,0.8150,0.7755,0.7385,0.7020,0.6675,0.6385,0.6095,0.5850,0.5600,0.5420,0.5285,0.5260,0.5260,0.5260,0.5260,0.5260,0.5260,0.5260,0.5260,0.5260,0.5260,0.5260,0.5260,0.5260,0.5260,0.5260,0.5260,0.5260,0.5260,0.5260,0.5260
75,1.1000,DynamicV1Rebalance,6.0000,4991.9096,299.5146,spend25p,299.8666,297.7550,295.4319,292.2795,289.3697,286.7107,282.6562,279.2562,273.7477,267.7469,242.1212,233.1637,221.3548,201.7932,185.6166,155.1519,0.0000,0.0000,0.0000,0.0000,0.0000,0.0000,0.0000,0.0000,0.0000,-202.7687,-213.8684,-226.0620,-237.4276,-249.5338,-262.2289,-275.2287,-290.8721,-306.8554,-323.3533,-340.1510,-356.2153,-373.3159,-391.1028,-408.1328,-427.1233,-442.0728,-462.4612,-483.0042,-504.8522
75,1.1000,DynamicV1Rebalance,6.0000,4991.9096,299.5146,spend50p,301.9311,304.1781,306.6235,308.2845,310.7989,313.0193,315.7569,318.2693,319.6296,321.0389,295.8103,292.0491,286.1217,275.4187,267.7649,258.2777,246.7262,233.4061,221.2452,207.3621,191.2437,177.7904,159.8800,143.4169,129.1613,-164.1195,-170.2262,-175.8881,-182.0078,-188.4911,-195.2437,-202.2040,-209.0313,-215.6720,-221.3425,-228.7510,-236.0481,-247.1164,-255.4395,-263.3942,-270.1960,-280.4124,-288.0340,-297.1480,-307.1809
75,1.1000,DynamicV1Rebalance,6.0000,4991.9096,299.5146,spend75p,304.0516,310.5625,318.1421,326.0028,334.2609,342.5340,352.1142,359.8622,367.4988,373.8865,349.9826,353.2163,353.0391,350.3567,350.1885,346.2888,338.5941,333.2259,326.7073,317.5815,311.2681,305.9377,296.4050,291.1870,289.4515,0.0000,0.0000,0.0000,0.0000,0.0000,0.0000,0.0000,0.0000,0.0000,0.0000,0.0000,0.0000,0.0000,0.0000,0.0000,0.0000,0.0000,0.0000,0.0000,0.0000
75,1.1000,DynamicV1Rebalance,7.0000,4278.7797,299.5146,survival,1.0000,1.0000,1.0000,1.0000,1.0000,0.9990,0.9965,0.9850,0.9685,0.9340,0.8965,0.8495,0.7965,0.7505,0.6995,0.6420,0.6055,0.5715,0.5405,0.5065,0.4830,0.4600,0.4360,0.4160,0.3970,0.3950,0.3950,0.3950,0.3950,0.3950,0.3950,0.3950,0.3950,0.3950,0.3950,0.3950,0.3950,0.3950,0.3950,0.3950,0.3950,0.3950,0.3950,0.3950,0.3950
75,1.1000,DynamicV1Rebalance,7.0000,4278.7797,299.5146,spend25p,299.8666,297.7550,295.4319,292.2795,289.3697,286.5207,282.3693,277.0093,269.9404,260.1403,228.9626,210.8038,185.7430,100.5852,0.0000,0.0000,0.0000,0.0000,0.0000,0.0000,0.0000,0.0000,0.0000,0.0000,0.0000,-188.4253,-197.9391,-207.4325,-218.0575,-228.2372,-238.7531,-250.5033,-263.1238,-277.3259,-290.7068,-304.0567,-318.4911,-331.4633,-345.1072,-357.2016,-371.8364,-388.4762,-404.9074,-420.8522,-434.7142
75,1.1000,DynamicV1Rebalance,7.0000,4278.7797,299.5146,spend50p,301.9311,304.1781,306.6235,308.2845,310.7989,312.9397,315.7201,317.3781,318.0391,316.1829,285.8421,277.8097,265.1923,254.7667,238.3673,219.4083,202.2766,181.8704,157.5556,108.4274,0.0000,0.0000,0.0000,0.0000,0.0000,0.0000,0.0000,0.0000,0.0000,0.0000,0.0000,0.0000,0.0000,0.0000,0.0000,0.0000,0.0000,0.0000,0.0000,0.0000,0.0000,0.0000,0.0000,0.0000,0.0000
75,1.1000,DynamicV1Rebalance,7.0000,4278.7797,299.5146,spend75p,304.0516,310.5625,318.1421,326.0028,334.2609,342.2397,352.0973,358.3277,364.4314,369.4206,343.5469,342.3087,337.4120,334.4516,326.2713,315.5330,307.7482,297.6932,287.4118,274.3403,264.7913,256.0924,245.1418,233.2098,226.4679,0.0000,0.0000,0.0000,0.0000,0.0000,0.0000,0.0000,0.0000,0.0000,0.0000,0.0000,0.0000,0.0000,0.0000,0.0000,0.0000,0.0000,0.0000,0.0000,0.0000
75,1.1000,DynamicV1Rebalance,8.0000,3743.9322,299.5146,survival,1.0000,1.0000,1.0000,1.0000,1.0000,0.9980,0.9870,0.9705,0.9290,0.8805,0.8120,0.7465,0.6840,0.6225,0.5750,0.5365,0.4910,0.4525,0.4195,0.3880,0.3605,0.3330,0.3080,0.2895,0.2740,0.2715,0.2715,0.2715,0.2715,0.2715,0.2715,0.2715,0.2715,0.2715,0.2715,0.2715,0.2715,0.2715,0.2715,0.2715,0.2715,0.2715,0.2715,0.2715,0.2715
75,1.1000,DynamicV1Rebalance,8.0000,3743.9322,299.5146,spend25p,299.8666,297.7550,295.4319,292.2795,289.3697,286.1187,280.6860,274.3434,262.5514,247.8262,204.1918,0.0000,0.0000,0.0000,0.0000,0.0000,0.0000,0.0000,0.0000,0.0000,0.0000,0.0000,0.0000,0.0000,0.0000,-166.6429,-173.2532,-178.9479,-185.4773,-192.1720,-198.4655,-205.2396,-211.3865,-218.7312,-225.7350,-234.8405,-243.2246,-253.1547,-261.6127,-270.6350,-278.0318,-286.8654,-297.5427,-308.7595,-319.2567
75,1.1000,DynamicV1Rebalance,8.0000,3743.9322,299.5146,spend50p,301.9311,304.1781,306.6235,308.2845,310.7989,312.8553,314.7418,316.4548,312.8707,307.5079,271.0551,256.9851,238.7308,219.4114,193.7589,167.7337,0.0000,0.0000,0.0000,0.0000,0.0000,0.0000,0.0000,0.0000,0.0000,0.0000,0.0000,0.0000,0.0000,0.0000,0.0000,0.0000,0.0000,0.0000,0.0000,0.0000,0.0000,0.0000,0.0000,0.0000,0.0000,0.0000,0.0000,0.0000,0.0000
75,1.1000,DynamicV1Rebalance,8.0000,3743.9322,299.5146,spend75p,304.0516,310.5625,318.1421,326.0028,334.2609,342.0883,350.5495,356.1356,361.2602,363.1752,329.9526,325.0272,317.9122,309.7802,299.8448,288.7876,276.0911,260.0026,245.6739,232.0046,216.6925,195.6026,177.2242,154.2990,135.0604,0.0000,0.0000,0.0000,0.0000,0.0000,0.0000,0.0000,0.0000,0.0000,0.0000,0.0000,0.0000,0.0000,0.0000,0.0000,0.0000,0.0000,0.0000,0.0000,0.0000
75,1.1000,DynamicV1Rebalance,9.0000,3327.9397,299.5146,survival,1.0000,1.0000,1.0000,1.0000,0.9995,0.9940,0.9750,0.9350,0.8760,0.7855,0.7075,0.6355,0.5735,0.5135,0.4650,0.4115,0.3675,0.3275,0.2940,0.2715,0.2510,0.2320,0.2150,0.1990,0.1900,0.1885,0.1885,0.1885,0.1885,0.1885,0.1885,0.1885,0.1885,0.1885,0.1885,0.1885,0.1885,0.1885,0.1885,0.1885,0.1885,0.1885,0.1885,0.1885,0.1885
75,1.1000,DynamicV1Rebalance,9.0000,3327.9397,299.5146,spend25p,299.8666,297.7550,295.4319,292.2795,289.3129,285.6061,279.0339,267.8686,251.4733,214.1689,0.0000,0.0000,0.0000,0.0000,0.0000,0.0000,0.0000,0.0000,0.0000,0.0000,0.0000,0.0000,0.0000,0.0000,0.0000,0.0000,0.0000,0.0000,0.0000,0.0000,0.0000,0.0000,0.0000,0.0000,0.0000,0.0000,0.0000,0.0000,0.0000,0.0000,0.0000,0.0000,0.0000,0.0000,0.0000
75,1.1000,DynamicV1Rebalance,9.0000,3327.9397,299.5146,spend50p,301.9311,304.1781,306.6235,308.2845,310.7825,312.5863,313.6779,311.3019,305.9632,289.8018,250.9742,229.1207,202.7269,153.6546,0.0000,0.0000,0.0000,0.0000,0.0000,0.0000,0.0000,0.0000,0.0000,0.0000,0.0000,0.0000,0.0000,0.0000,0.0000,0.0000,0.0000,0.0000,0.0000,0.0000,0.0000,0.0000,0.0000,0.0000,0.0000,0.0000,0.0000,0.0000,0.0000,0.0000,0.0000
75,1.1000,DynamicV1Rebalance,9.0000,3327.9397,299.5146,spend75p,304.0516,310.5625,318.1421,326.0028,334.2314,342.0175,349.6346,352.8268,354.1831,347.8408,315.3794,305.4744,296.8211,281.5325,267.6628,250.7848,235.3815,204.8609,176.0576,144.7423,89.9176,0.0000,0.0000,0.0000,0.0000,0.0000,0.0000,0.0000,0.0000,0.0000,0.0000,0.0000,0.0000,0.0000,0.0000,0.0000,0.0000,0.0000,0.0000,0.0000,0.0000,0.0000,0.0000,0.0000,0.0000
75,1.1000,DynamicV1Rebalance,10.0000,2995.1458,299.5146,survival,1.0000,1.0000,1.0000,1.0000,0.9985,0.9845,0.9520,0.8880,0.7850,0.6840,0.6010,0.5295,0.4610,0.3915,0.3355,0.2920,0.2565,0.2275,0.2020,0.1865,0.1715,0.1545,0.1445,0.1375,0.1290,0.1280,0.1280,0.1280,0.1280,0.1280,0.1280,0.1280,0.1280,0.1280,0.1280,0.1280,0.1280,0.1280,0.1280,0.1280,0.1280,0.1280,0.1280,0.1280,0.1280
75,1.1000,DynamicV1Rebalance,10.0000,2995.1458,299.5146,spend25p,299.8666,297.7550,295.4319,292.2795,289.2616,284.3670,275.3195,259.5815,221.3939,0.0000,0.0000,0.0000,0.0000,0.0000,0.0000,0.0000,0.0000,0.0000,0.0000,0.0000,0.0000,0.0000,0.0000,0.0000,0.0000,0.0000,0.0000,0.0000,0.0000,0.0000,0.0000,0.0000,0.0000,0.0000,0.0000,0.0000,0.0000,0.0000,0.0000,0.0000,0.0000,0.0000,0.0000,0.0000,0.0000
75,1.1000,DynamicV1Rebalance,10.0000,2995.1458,299.5146,spend50p,301.9311,304.1781,306.6235,308.2845,310.7132,312.0651,311.5133,305.6941,291.6235,266.4593,220.8388,186.6286,0.0000,0.0000,0.0000,0.0000,0.0000,0.0000,0.0000,0.0000,0.0000,0.0000,0.0000,0.0000,0.0000,0.0000,0.0000,0.0000,0.0000,0.0000,0.0000,0.0000,0.0000,0.0000,0.0000,0.0000,0.0000,0.0000,0.0000,0.0000,0.0000,0.0000,0.0000,0.0000,0.0000
75,1.1000,DynamicV1Rebalance,10.0000,2995.1458,299.5146,spend75p,304.0516,310.5625,318.1421,326.0028,334.1141,341.4667,346.9309,348.9418,343.1126,332.9620,300.8004,287.6585,270.6378,247.6561,220.9303,186.1963,123.9663,0.0000,0.0000,0.0000,0.0000,0.0000,0.0000,0.0000,0.0000,0.0000,0.0000,0.0000,0.0000,0.0000,0.0000,0.0000,0.0000,0.0000,0.0000,0.0000,0.0000,0.0000,0.0000,0.0000,0.0000,0.0000,0.0000,0.0000,0.0000
75,1.2000,DynamicV1Rebalance,2.5000,12991.5452,324.7886,survival,1.0000,1.0000,1.0000,1.0000,1.0000,1.0000,1.0000,1.0000,1.0000,1.0000,1.0000,1.0000,0.9995,0.9990,0.9980,0.9970,0.9955,0.9945,0.9940,0.9940,0.9935,0.9910,0.9895,0.9880,0.9875,0.9875,0.9875,0.9875,0.9875,0.9875,0.9875,0.9875,0.9875,0.9875,0.9875,0.9875,0.9875,0.9875,0.9875,0.9875,0.9875,0.9875,0.9875,0.9875,0.9875
75,1.2000,DynamicV1Rebalance,2.5000,12991.5452,324.7886,spend25p,325.1704,322.8749,320.3487,316.9219,313.7571,310.8629,307.3911,303.7488,300.0973,296.9172,274.6765,273.9521,271.4802,268.1649,265.9476,263.5930,260.6303,258.6036,257.1423,255.4879,254.4328,253.7205,250.0314,247.7560,246.6901,-198.9901,-213.9951,-229.5556,-245.7215,-262.9279,-280.4330,-299.8388,-319.6151,-340.4099,-363.4462,-387.5003,-412.7838,-437.6225,-461.7922,-486.6973,-512.8533,-540.4766,-565.1336,-594.1875,-626.0739
75,1.2000,DynamicV1Rebalance,2.5000,12991.5452,324.7886,spend50p,327.4091,329.8399,332.4842,334.2764,336.9922,339.3877,342.4183,345.6346,348.4322,350.8933,331.0820,332.0468,336.3087,338.7954,339.8184,340.8655,340.5066,340.2689,340.0055,342.4137,346.4348,346.6163,344.8745,347.5520,348.9427,-180.3327,-191.5672,-203.9491,-216.2050,-229.0587,-242.6153,-256.8144,-271.9767,-288.1552,-305.5702,-322.4390,-339.5444,-357.3325,-374.3082,-391.0942,-408.3929,-429.0050,-448.2724,-466.2861,-487.3545
75,1.2000,DynamicV1Rebalance,2.5000,12991.5452,324.7886,spend75p,329.7085,336.7629,344.9743,353.4885,362.4315,371.3888,381.8788,390.5358,400.5411,410.2470,390.4932,399.1948,406.4429,413.8517,422.4589,429.5731,436.9045,447.4926,455.2474,464.9689,469.3067,476.3950,485.5658,492.3457,496.2055,-165.7193,-175.3730,-185.1065,-195.1516,-205.9361,-216.1607,-227.2386,-237.7769,-249.9445,-262.7473,-274.9892,-287.3688,-300.8837,-312.2942,-325.7266,-337.3065,-352.0549,-364.2307,-379.3986,-393.9693
75,1.2000,DynamicV1Rebalance,3.0000,10826.2876,324.7886,survival,1.0000,1.0000,1.0000,1.0000,1.0000,1.0000,1.0000,1.0000,1.0000,1.0000,0.9990,0.9980,0.9965,0.9955,0.9950,0.9930,0.9905,0.9860,0.9835,0.9800,0.9745,0.9695,0.9655,0.9590,0.9535,0.9535,0.9535,0.9535,0.9535,0.9535,0.9535,0.9535,0.9535,0.9535,0.9535,0.9535,0.9535,0.9535,0.9535,0.9535,0.9535,0.9535,0.9535,0.9535,0.9535
75,1.2000,DynamicV1Rebalance,3.0000,10826.2876,324.7886,spend25p,325.1704,322.8749,320.3487,316.9219,313.7571,310.8629,307.3911,303.7488,300.0973,296.9172,274.5478,273.4047,270.9285,267.6120,265.1321,261.8432,258.9599,256.0486,252.8412,250.4487,247.9986,243.4746,241.4085,236.2388,232.6771,-197.3378,-211.7686,-227.4400,-242.7468,-259.1436,-276.5950,-294.7839,-315.5918,-335.8106,-357.0437,-378.8890,-403.0681,-428.3916,-452.6629,-477.1855,-501.5810,-525.5348,-553.3300,-582.9067,-611.1070
75,1.2000,DynamicV1Rebalance,3.0000,10826.2876,324.7886,spend50p,327.4091,329.8399,332.4842,334.2764,336.9922,339.3877,342.4183,345.6346,348.4322,350.8933,330.4353,331.6851,335.5995,338.2809,339.2677,339.4879,339.1305,337.1017,337.2183,338.5038,339.2746,341.0317,339.1369,337.6288,337.4717,-178.5940,-189.7944,-201.4405,-213.6071,-226.8330,-239.5302,-253.2703,-267.9710,-283.6125,-300.2449,-317.7749,-334.2815,-351.3366,-367.5734,-383.4421,-401.0183,-420.3485,-438.5617,-458.1698,-476.7991
75,1.2000,DynamicV1Rebalance,3.0000,10826.2876,324.7886,spend75p,329.7085,336.7629,344.9743,353.4885,362.4315,371.3888,381.8788,390.5358,400.5411,410.2470,390.4193,399.0765,405.4291,412.8697,421.8624,429.0535,434.6239,443.4818,452.0284,457.8517,461.8010,468.2586,475.9500,480.1326,481.1499,-164.1351,-173.1882,-182.4140,-192.4567,-201.8887,-211.5250,-221.8225,-232.5535,-244.4058,-256.1614,-267.8741,-281.2641,-292.8744,-304.7766,-316.3400,-328.5587,-340.7034,-353.9183,-367.9876,-381.5167
75,1.2000,DynamicV1Rebalance,3.5000,9279.6751,324.7886,survival,1.0000,1.0000,1.0000,1.0000,1.0000,1.0000,1.0000,1.0000,1.0000,0.9985,0.9975,0.9955,0.9940,0.9895,0.9835,0.9755,0.9685,0.9625,0.9555,0.9415,0.9330,0.9240,0.9115,0.9025,0.8915,0.8915,0.8915,0.8915,0.8915,0.8915,0.8915,0.8915,0.8915,0.8915,0.8915,0.8915,0.8915,0.8915,0.8915,0.8915,0.8915,0.8915,0.8915,0.8915,0.8915
75,1.2000,DynamicV1Rebalance,3.5000,9279.6751,324.7886,spend25p,325.1704,322.8749,320.3487,316.9219,313.7571,310.8629,307.3911,303.7488,300.0973,296.5931,274.3869,272.8962,270.4878,266.5858,262.5742,257.6099,253.3749,249.3786,244.6579,237.9547,231.4961,226.7729,221.8629,214.7453,208.0497,-194.2689,-207.9762,-222.4105,-236.9265,-252.3817,-268.9008,-287.0520,-305.7145,-325.2064,-346.5065,-368.1520,-390.9105,-414.7643,-438.2083,-459.6555,-482.2373,-505.2461,-530.5118,-557.9424,-587.7015
75,1.2000,DynamicV1Rebalance,3.5000,9279.6751,324.7886,spend50p,327.4091,329.8399,332.4842,334.2764,336.9922,339.3877,342.4183,345.6346,348.4322,350.8332,329.8974,331.0467,335.2830,336.8664,334.5264,334.0530,332.8994,331.0454,328.8393,323.2453,322.1214,320.1440,318.3109,316.7658,316.5469,-175.3858,-186.5671,-197.9145,-209.4075,-221.0343,-233.8992,-247.3013,-261.4430,-275.7908,-290.6881,-305.4510,-322.4592,-339.1600,-354.1733,-369.8270,-387.4607,-403.3003,-420.0143,-438.1805,-456.6580
75,1.2000,DynamicV1Rebalance,3.5000,9279.6751,324.7886,spend75p,329.7085,336.7629,344.9743,353.4885,362.4315,371.3888,381.8788,390.5358,400.5411,410.1806,389.6822,398.9451,405.0583,410.5874,418.9009,422.9492,427.4456,435.0821,439.2295,440.1472,445.6085,448.3530,447.9248,450.3721,451.7811,-160.0767,-168.7215,-177.3285,-186.0593,-194.2454,-203.2072,-212.8031,-222.8003,-232.7480,-243.1877,-253.8080,-264.7169,-276.3746,-286.5539,-298.2117,-309.2018,-319.8244,-330.8608,-342.8449,-357.7235
75,1.2000,DynamicV1Rebalance,4.0000,8119.7157,324.7886,survival,1.0000,1.0000,1.0000,1.0000,1.0000,1.0000,1.0000,1.0000,0.9990,0.9980,0.9945,0.9920,0.9830,0.9735,0.9665,0.9545,0.9390,0.9240,0.9055,0.8910,0.8765,0.8575,0.8440,0.8265,0.8105,0.8095,0.8095,0.8095,0.8095,0.8095,0.8095,0.8095,0.8095,0.8095,0.8095,0.8095,0.8095,0.8095,0.8095,0.8095,0.8095,0.8095,0.8095,0.8095,0.8095
75,1.2000,DynamicV1Rebalance,4.0000,8119.7157,324.7886,spend25p,325.1704,322.8749,320.3487,316.9219,313.7571,310.8629,307.3911,303.7488,299.7929,296.4220,273.8503,272.1021,267.3767,261.7980,257.4364,251.7659,245.2788,237.3407,227.5833,218.7962,209.8203,198.3833,189.4820,177.3029,163.0479,-190.9315,-203.4581,-217.3276,-231.8680,-247.4397,-262.3490,-277.9068,-297.2265,-315.7234,-336.7312,-358.8497,-380.9098,-402.7286,-424.1321,-444.8327,-466.1051,-490.4605,-514.2975,-537.8270,-562.8504
75,1.2000,DynamicV1Rebalance,4.0000,8119.7157,324.7886,spend50p,327.4091,329.8399,332.4842,334.2764,336.9922,339.3877,342.4183,345.6346,348.3266,350.8178,329.0674,330.4020,332.1437,332.8620,330.9158,329.3009,325.2870,320.2758,313.0596,307.3385,302.2558,295.9975,292.0114,289.2132,285.5162,-170.9179,-181.7820,-193.0302,-203.5758,-214.6908,-226.7539,-239.0532,-252.3799,-265.5104,-279.0182,-294.5142,-309.1137,-324.0456,-339.3617,-353.3091,-367.2125,-382.1904,-397.4151,-413.9421,-431.8709
75,1.2000,DynamicV1Rebalance,4.0000,8119.7157,324.7886,spend75p,329.7085,336.7629,344.9743,353.4885,362.4315,371.3888,381.8788,390.5358,400.4279,410.1290,388.9984,397.9932,402.0730,407.5003,412.1860,415.2761,420.1148,422.1774,418.6289,422.0648,424.3868,423.5485,420.7466,421.8211,416.1639,-154.1491,-161.6075,-168.7892,-175.9772,-182.2518,-189.2352,-197.2142,-204.4654,-212.5953,-220.6217,-228.5304,-238.3271,-247.7778,-257.0700,-264.1931,-272.1936,-282.8073,-293.5761,-303.3233,-314.3118
75,1.2000,DynamicV1Rebalance,5.0000,6495.7726,324.7886,survival,1.0000,1.0000,1.0000,1.0000,1.0000,1.0000,1.0000,0.9985,0.9970,0.9920,0.9805,0.9665,0.9500,0.9315,0.9070,0.8730,0.8435,0.8250,0.8005,0.7700,0.7460,0.7215,0.7005,0.6775,0.6595,0.6570,0.6570,0.6570,0.6570,0.6570,0.6570,0.6570,0.6570,0.6570,0.6570,0.6570,0.6570,0.6570,0.6570,0.6570,0.6570,0.6570,0.6570,0.6570,0.6570
75,1.2000,DynamicV1Rebalance,5.0000,6495.7726,324.7886,spend25p,325.1704,322.8749,320.3487,316.9219,313.7571,310.8629,307.3911,303.2640,299.1539,295.3465,270.5514,264.9001,257.2566,249.2926,240.5229,223.8134,206.8296,195.2996,175.5695,144.9849,0.0000,0.0000,0.0000,0.0000,0.0000,-183.0888,-194.9216,-207.8463,-220.8643,-233.0991,-247.5896,-262.8516,-280.0691,-298.0850,-315.5076,-334.0129,-352.3070,-371.2474,-391.0364,-408.3164,-426.9920,-447.1250,-466.6303,-488.8572,-513.4721
75,1.2000,DynamicV1Rebalance,5.0000,6495.7726,324.7886,spend50p,327.4091,329.8399,332.4842,334.2764,336.9922,339.3877,342.4183,345.2018,348.1130,349.8485,326.4479,326.4695,324.9590,321.3221,316.5611,306.6912,298.2713,291.0588,284.5602,273.8992,264.8494,255.9527,245.7900,232.7337,224.3094,-163.6393,-172.3857,-181.2755,-190.2043,-199.7867,-209.4040,-219.2785,-230.0153,-241.1732,-252.4521,-263.8365,-275.3930,-286.3314,-300.2379,-310.4110,-323.1071,-335.3930,-348.8443,-361.0256,-375.4547
75,1.2000,DynamicV1Rebalance,5.0000,6495.7726,324.7886,spend75p,329.7085,336.7629,344.9743,353.4885,362.4315,371.3888,381.8788,390.3312,400.2716,408.4793,386.5109,392.3860,395.7630,398.0769,398.9288,398.1236,393.8312,393.5332,392.2658,387.3117,382.7664,375.2669,372.4240,361.9866,359.2218,0.0000,0.0000,0.0000,0.0000,0.0000,0.0000,0.0000,0.0000,0.0000,0.0000,0.0000,0.0000,0.0000,0.0000,0.0000,0.0000,0.0000,0.0000,0.0000,0.0000
75,1.2000,DynamicV1Rebalance,6.0000,5413.1438,324.7886,survival,1.0000,1.0000,1.0000,1.0000,1.0000,1.0000,0.9985,0.9970,0.9870,0.9720,0.9515,0.9240,0.8930,0.8470,0.8145,0.7750,0.7380,0.6985,0.6640,0.6360,0.6085,0.5820,0.5570,0.5400,0.5260,0.5240,0.5240,0.5240,0.5240,0.5240,0.5240,0.5240,0.5240,0.5240,0.5240,0.5240,0.5240,0.5240,0.5240,0.5240,0.5240,0.5240,0.5240,0.5240,0.5240
75,1.2000,DynamicV1Rebalance,6.0000,5413.1438,324.7886,spend25p,325.1704,322.8749,320.3487,316.9219,313.7571,310.8629,306.4548,302.7556,296.7697,290.2496,264.1323,254.3604,241.4780,219.8487,202.4427,168.4711,0.0000,0.0000,0.0000,0.0000,0.0000,0.0000,0.0000,0.0000,0.0000,-176.8088,-187.6101,-198.5483,-210.1555,-222.1561,-234.9612,-248.5602,-261.9687,-277.4941,-292.6598,-309.1198,-326.1673,-343.2018,-360.0003,-377.2270,-394.7470,-410.1468,-429.5654,-448.2554,-469.3800
75,1.2000,DynamicV1Rebalance,6.0000,5413.1438,324.7886,spend50p,327.4091,329.8399,332.4842,334.2764,336.9922,339.3877,342.3425,345.0516,346.5102,348.0206,322.7022,318.5990,312.1328,300.1874,292.0195,281.7481,268.8508,253.3817,240.5979,225.7228,208.1159,192.4814,172.3455,154.3323,139.6975,-149.6658,-156.1907,-162.6485,-169.4728,-175.2135,-181.3073,-188.2475,-195.7985,-203.0701,-209.4012,-216.6854,-224.1144,-234.1370,-242.8924,-252.1123,-258.8630,-268.7924,-276.4145,-285.0012,-292.7201
75,1.2000,DynamicV1Rebalance,6.0000,5413.1438,324.7886,spend75p,329.7085,336.7629,344.9743,353.4885,362.4315,371.3888,381.7610,390.1445,398.4052,405.3097,381.7992,385.3269,385.1336,381.4626,382.0238,377.7696,369.3754,362.2770,353.2372,345.1409,339.5651,332.9715,322.7726,316.8049,314.1577,0.0000,0.0000,0.0000,0.0000,0.0000,0.0000,0.0000,0.0000,0.0000,0.0000,0.0000,0.0000,0.0000,0.0000,0.0000,0.0000,0.0000,0.0000,0.0000,0.0000
75,1.2000,DynamicV1Rebalance,7.0000,4639.8376,324.7886,survival,1.0000,1.0000,1.0000,1.0000,1.0000,0.9990,0.9965,0.9850,0.9685,0.9340,0.8965,0.8495,0.7955,0.7485,0.6985,0.6400,0.6055,0.5710,0.5400,0.5050,0.4810,0.4590,0.4340,0.4145,0.3960,0.3925,0.3925,0.3925,0.3925,0.3925,0.3925,0.3925,0.3925,0.3925,0.3925,0.3925,0.3925,0.3925,0.3925,0.3925,0.3925,0.3925,0.3925,0.3925,0.3925
75,1.2000,DynamicV1Rebalance,7.0000,4639.8376,324.7886,spend25p,325.1704,322.8749,320.3487,316.9219,313.7571,310.6569,306.1438,300.3196,292.6421,282.0038,249.7774,229.9678,202.1805,0.0000,0.0000,0.0000,0.0000,0.0000,0.0000,0.0000,0.0000,0.0000,0.0000,0.0000,0.0000,-166.7622,-176.2919,-186.0505,-196.4641,-207.5282,-217.4987,-228.7661,-239.3464,-253.1252,-266.1452,-279.9537,-293.3779,-306.5396,-320.1414,-332.1303,-345.7195,-361.6949,-377.6386,-391.5303,-408.0063
75,1.2000,DynamicV1Rebalance,7.0000,4639.8376,324.7886,spend50p,327.4091,329.8399,332.4842,334.2764,336.9922,339.3015,342.3026,344.0853,344.7860,342.7564,311.8278,303.0651,289.1832,277.5997,259.9252,238.6811,220.6654,197.9215,171.2927,116.3717,0.0000,0.0000,0.0000,0.0000,0.0000,0.0000,0.0000,0.0000,0.0000,0.0000,0.0000,0.0000,0.0000,0.0000,0.0000,0.0000,0.0000,0.0000,0.0000,0.0000,0.0000,0.0000,0.0000,0.0000,0.0000
75,1.2000,DynamicV1Rebalance,7.0000,4639.8376,324.7886,spend75p,329.7085,336.7629,344.9743,353.4885,362.4315,371.0696,381.7427,388.4809,395.0798,400.4685,374.7784,373.4277,368.0858,364.3086,355.8646,343.5582,335.7253,324.7562,313.4847,298.8127,288.3804,278.6348,265.5136,254.2337,246.7625,0.0000,0.0000,0.0000,0.0000,0.0000,0.0000,0.0000,0.0000,0.0000,0.0000,0.0000,0.0000,0.0000,0.0000,0.0000,0.0000,0.0000,0.0000,0.0000,0.0000
75,1.2000,DynamicV1Rebalance,8.0000,4059.8579,324.7886,survival,1.0000,1.0000,1.0000,1.0000,1.0000,0.9980,0.9870,0.9705,0.9290,0.8805,0.8120,0.7455,0.6830,0.6220,0.5730,0.5355,0.4875,0.4510,0.4175,0.3865,0.3590,0.3310,0.3060,0.2875,0.2715,0.2700,0.2700,0.2700,0.2700,0.2700,0.2700,0.2700,0.2700,0.2700,0.2700,0.2700,0.2700,0.2700,0.2700,0.2700,0.2700,0.2700,0.2700,0.2700,0.2700
75,1.2000,DynamicV1Rebalance,8.0000,4059.8579,324.7886,spend25p,325.1704,322.8749,320.3487,316.9219,313.7571,310.2211,304.3187,297.4293,284.6318,268.6547,222.7547,0.0000,0.0000,0.0000,0.0000,0.0000,0.0000,0.0000,0.0000,0.0000,0.0000,0.0000,0.0000,0.0000,0.0000,-151.2760,-158.4347,-164.7667,-171.0290,-178.6845,-185.3104,-192.7971,-199.7216,-206.9765,-214.3981,-220.4815,-229.9679,-239.7408,-247.9908,-256.6295,-264.9493,-273.7057,-283.6645,-293.2218,-303.7398
75,1.2000,DynamicV1Rebalance,8.0000,4059.8579,324.7886,spend50p,327.4091,329.8399,332.4842,334.2764,336.9922,339.2100,341.2420,343.0844,339.1829,333.3524,295.6965,280.2922,259.8613,239.3579,210.5859,182.7720,0.0000,0.0000,0.0000,0.0000,0.0000,0.0000,0.0000,0.0000,0.0000,0.0000,0.0000,0.0000,0.0000,0.0000,0.0000,0.0000,0.0000,0.0000,0.0000,0.0000,0.0000,0.0000,0.0000,0.0000,0.0000,0.0000,0.0000,0.0000,0.0000
75,1.2000,DynamicV1Rebalance,8.0000,4059.8579,324.7886,spend75p,329.7085,336.7629,344.9743,353.4885,362.4315,370.9055,380.0645,386.1043,391.6418,393.6982,359.9483,354.5553,346.6500,337.9421,326.3605,315.0411,298.0097,282.0199,267.4653,252.8988,235.7810,212.2015,191.9435,164.5320,143.0046,0.0000,0.0000,0.0000,0.0000,0.0000,0.0000,0.0000,0.0000,0.0000,0.0000,0.0000,0.0000,0.0000,0.0000,0.0000,0.0000,0.0000,0.0000,0.0000,0.0000
75,1.2000,DynamicV1Rebalance,9.0000,3608.7625,324.7886,survival,1.0000,1.0000,1.0000,1.0000,0.9995,0.9940,0.9750,0.9350,0.8760,0.7855,0.7075,0.6345,0.5715,0.5125,0.4615,0.4095,0.3660,0.3260,0.2920,0.2695,0.2505,0.2305,0.2120,0.1985,0.1885,0.1865,0.1865,0.1865,0.1865,0.1865,0.1865,0.1865,0.1865,0.1865,0.1865,0.1865,0.1865,0.1865,0.1865,0.1865,0.1865,0.1865,0.1865,0.1865,0.1865
75,1.2000,DynamicV1Rebalance,9.0000,3608.7625,324.7886,spend25p,325.1704,322.8749,320.3487,316.9219,313.6955,309.6653,302.5275,290.4097,272.6220,232.1687,0.0000,0.0000,0.0000,0.0000,0.0000,0.0000,0.0000,0.0000,0.0000,0.0000,0.0000,0.0000,0.0000,0.0000,0.0000,0.0000,0.0000,0.0000,0.0000,0.0000,0.0000,0.0000,0.0000,0.0000,0.0000,0.0000,0.0000,0.0000,0.0000,0.0000,0.0000,0.0000,0.0000,0.0000,0.0000
75,1.2000,DynamicV1Rebalance,9.0000,3608.7625,324.7886,spend50p,327.4091,329.8399,332.4842,334.2764,336.9744,338.9182,340.0884,337.4979,331.6944,314.1582,273.7900,249.7461,219.8557,167.4537,0.0000,0.0000,0.0000,0.0000,0.0000,0.0000,0.0000,0.0000,0.0000,0.0000,0.0000,0.0000,0.0000,0.0000,0.0000,0.0000,0.0000,0.0000,0.0000,0.0000,0.0000,0.0000,0.0000,0.0000,0.0000,0.0000,0.0000,0.0000,0.0000,0.0000,0.0000
75,1.2000,DynamicV1Rebalance,9.0000,3608.7625,324.7886,spend75p,329.7085,336.7629,344.9743,353.4885,362.3995,370.8288,379.0726,382.5170,383.9696,377.0751,344.0502,333.1748,323.5684,307.0652,290.8934,273.0477,256.1296,222.7937,189.5847,154.2392,58.2354,0.0000,0.0000,0.0000,0.0000,0.0000,0.0000,0.0000,0.0000,0.0000,0.0000,0.0000,0.0000,0.0000,0.0000,0.0000,0.0000,0.0000,0.0000,0.0000,0.0000,0.0000,0.0000,0.0000,0.0000
75,1.2000,DynamicV1Rebalance,10.0000,3247.8863,324.7886,survival,1.0000,1.0000,1.0000,1.0000,0.9985,0.9845,0.9520,0.8880,0.7850,0.6840,0.6005,0.5295,0.4600,0.3915,0.3330,0.2910,0.2550,0.2260,0.2005,0.1855,0.1710,0.1535,0.1445,0.1365,0.1280,0.1275,0.1275,0.1275,0.1275,0.1275,0.1275,0.1275,0.1275,0.1275,0.1275,0.1275,0.1275,0.1275,0.1275,0.1275,0.1275,0.1275,0.1275,0.1275,0.1275
75,1.2000,DynamicV1Rebalance,10.0000,3247.8863,324.7886,spend25p,325.1704,322.8749,320.3487,316.9219,313.6398,308.3219,298.5004,281.4252,240.0129,0.0000,0.0000,0.0000,0.0000,0.0000,0.0000,0.0000,0.0000,0.0000,0.0000,0.0000,0.0000,0.0000,0.0000,0.0000,0.0000,0.0000,0.0000,0.0000,0.0000,0.0000,0.0000,0.0000,0.0000,0.0000,0.0000,0.0000,0.0000,0.0000,0.0000,0.0000,0.0000,0.0000,0.0000,0.0000,0.0000
75,1.2000,DynamicV1Rebalance,10.0000,3247.8863,324.7886,spend50p,327.4091,329.8399,332.4842,334.2764,336.8993,338.3532,337.7416,331.4181,316.1488,288.8538,240.6720,203.5948,0.0000,0.0000,0.0000,0.0000,0.0000,0.0000,0.0000,0.0000,0.0000,0.0000,0.0000,0.0000,0.0000,0.0000,0.0000,0.0000,0.0000,0.0000,0.0000,0.0000,0.0000,0.0000,0.0000,0.0000,0.0000,0.0000,0.0000,0.0000,0.0000,0.0000,0.0000,0.0000,0.0000
75,1.2000,DynamicV1Rebalance,10.0000,3247.8863,324.7886,spend75p,329.7085,336.7629,344.9743,353.4885,362.2723,370.2315,376.1412,378.3051,371.9681,360.9458,328.0388,313.8093,294.8519,270.1703,239.4931,202.7454,127.1053,0.0000,0.0000,0.0000,0.0000,0.0000,0.0000,0.0000,0.0000,0.0000,0.0000,0.0000,0.0000,0.0000,0.0000,0.0000,0.0000,0.0000,0.0000,0.0000,0.0000,0.0000,0.0000,0.0000,0.0000,0.0000,0.0000,0.0000,0.0000
75,1.5000,DynamicV1Rebalance,2.5000,16024.4314,400.6108,survival,1.0000,1.0000,1.0000,1.0000,1.0000,1.0000,1.0000,1.0000,1.0000,1.0000,1.0000,1.0000,0.9995,0.9990,0.9980,0.9970,0.9955,0.9945,0.9940,0.9940,0.9935,0.9910,0.9890,0.9880,0.9875,0.9875,0.9870,0.9870,0.9870,0.9870,0.9870,0.9870,0.9870,0.9870,0.9870,0.9870,0.9870,0.9870,0.9870,0.9870,0.9870,0.9870,0.9870,0.9870,0.9870
75,1.5000,DynamicV1Rebalance,2.5000,16024.4314,400.6108,spend25p,401.0817,398.2348,395.0992,390.8492,386.9191,383.3197,379.0052,374.4781,369.9376,365.9763,343.3457,342.4401,339.3503,335.2061,332.4346,329.4913,325.7879,323.2545,321.4279,319.3598,318.0410,317.1506,312.5357,309.6950,308.3626,-110.4188,-119.9838,-129.7377,-140.0588,-151.2038,-162.2788,-175.4733,-189.7604,-205.9655,-222.6660,-242.0352,-262.7337,-283.3535,-303.4836,-321.3604,-342.8560,-365.2150,-386.3953,-410.8340,-434.1159
75,1.5000,DynamicV1Rebalance,2.5000,16024.4314,400.6108,spend50p,403.8430,406.8254,410.0663,412.2519,415.5722,418.4931,422.1928,426.1172,429.5212,432.5065,413.8524,415.0586,420.3859,423.4942,424.7731,426.0818,425.6333,425.3361,425.0069,428.0171,433.0435,433.2704,430.9347,434.4400,436.1783,-90.5152,-101.7097,-112.9859,-124.4358,-136.2301,-147.2328,-159.0799,-172.1333,-186.3892,-201.9005,-217.6733,-234.5146,-251.8474,-268.5882,-284.2039,-299.8378,-316.4046,-334.6776,-353.2360,-372.0565
75,1.5000,DynamicV1Rebalance,2.5000,16024.4314,400.6108,spend75p,406.6792,415.3642,425.4709,435.9456,446.9435,457.9530,470.8465,481.4739,493.7571,505.6650,488.1165,498.9935,508.0537,517.3146,528.0736,536.9663,546.1306,559.3657,569.0593,581.2112,586.6334,595.4937,606.1665,615.4322,620.2569,-65.7204,-78.0669,-91.7604,-104.7346,-117.3121,-130.2096,-143.3560,-157.2027,-170.8953,-184.4440,-198.1602,-212.6625,-227.1784,-240.8987,-252.6577,-265.6056,-278.2509,-291.4568,-305.6906,-319.3453
75,1.5000,DynamicV1Rebalance,3.0000,13353.6929,400.6108,survival,1.0000,1.0000,1.0000,1.0000,1.0000,1.0000,1.0000,1.0000,1.0000,1.0000,0.9990,0.9980,0.9965,0.9955,0.9950,0.9930,0.9900,0.9860,0.9825,0.9795,0.9745,0.9690,0.9640,0.9570,0.9525,0.9525,0.9525,0.9525,0.9525,0.9525,0.9525,0.9525,0.9525,0.9525,0.9525,0.9525,0.9525,0.9525,0.9525,0.9525,0.9525,0.9525,0.9525,0.9525,0.9525
75,1.5000,DynamicV1Rebalance,3.0000,13353.6929,400.6108,spend25p,401.0817,398.2348,395.0992,390.8492,386.9191,383.3197,379.0052,374.4781,369.9376,365.9763,343.1848,341.7559,338.6606,334.5151,331.4151,327.3039,323.5693,320.0607,315.7744,313.0137,309.9982,304.2208,300.6763,294.5384,290.6519,-110.1421,-119.7160,-129.3547,-139.9102,-150.7442,-161.9479,-175.1685,-189.1528,-204.8291,-221.4938,-240.9601,-261.0231,-281.2583,-301.1466,-318.9508,-340.0894,-361.6095,-383.9414,-407.8800,-430.5375
75,1.5000,DynamicV1Rebalance,3.0000,13353.6929,400.6108,spend50p,403.8430,406.8254,410.0663,412.2519,415.5722,418.4931,422.1928,426.1172,429.5212,432.5065,413.0442,414.6064,419.4994,422.8512,424.0847,424.3599,423.1959,421.3771,420.8355,423.0955,424.0933,426.0860,423.6225,421.3054,421.5866,-89.9150,-101.2417,-112.3861,-123.7344,-135.3989,-146.4372,-158.0826,-171.1275,-185.2558,-200.4029,-216.0403,-232.2655,-249.5271,-265.5202,-280.4548,-296.4712,-312.3179,-329.5887,-347.0039,-366.3670
75,1.5000,DynamicV1Rebalance,3.0000,13353.6929,400.6108,spend75p,406.6792,415.3642,425.4709,435.9456,446.9435,457.9530,470.8465,481.4739,493.7571,505.6650,488.0242,498.8456,506.7864,516.0871,527.3280,536.3169,542.4863,554.3523,564.3644,571.8547,577.2513,585.2065,594.7602,599.3301,600.2647,-62.7261,-75.8964,-88.7140,-102.2761,-115.8154,-128.4550,-141.6976,-155.4893,-169.0282,-182.7007,-195.8891,-209.8324,-224.0560,-237.4635,-249.0719,-260.9297,-273.2249,-285.2574,-298.6698,-312.4197
75,1.5000,DynamicV1Rebalance,3.5000,11446.0225,400.6108,survival,1.0000,1.0000,1.0000,1.0000,1.0000,1.0000,1.0000,1.0000,1.0000,0.9985,0.9975,0.9955,0.9940,0.9890,0.9830,0.9750,0.9680,0.9615,0.9540,0.9400,0.9325,0.9200,0.9090,0.9000,0.8890,0.8885,0.8885,0.8885,0.8885,0.8885,0.8885,0.8885,0.8885,0.8885,0.8885,0.8885,0.8885,0.8885,0.8885,0.8885,0.8885,0.8885,0.8885,0.8885,0.8885
75,1.5000,DynamicV1Rebalance,3.5000,11446.0225,400.6108,spend25p,401.0817,398.2348,395.0992,390.8492,386.9191,383.3197,379.0052,374.4781,369.9376,365.5768,342.9836,341.1202,338.1097,333.0854,327.7621,321.6127,316.6574,311.6124,305.2413,297.0903,289.2746,281.1256,275.9360,267.0866,257.5927,-109.5852,-119.4943,-128.9337,-139.1803,-149.7911,-160.9053,-173.4421,-187.4700,-202.9044,-219.1456,-237.0200,-256.8436,-276.9076,-297.1121,-314.6341,-333.7716,-355.4874,-378.0363,-399.3616,-421.9692
75,1.5000,DynamicV1Rebalance,3.5000,11446.0225,400.6108,spend50p,403.8430,406.8254,410.0663,412.2519,415.5722,418.4931,422.1928,426.1172,429.5212,432.4324,412.3718,413.8084,419.1037,420.8113,418.0049,417.3823,416.1242,413.5977,410.0637,403.6391,401.7954,398.9104,396.1558,395.5770,394.3280,-88.6567,-99.6738,-111.5220,-122.6767,-133.8915,-144.7986,-156.2322,-169.2939,-182.7195,-197.0030,-212.1670,-227.5241,-244.6259,-259.2826,-273.8699,-288.5223,-303.8750,-320.3684,-337.2441,-354.2244
75,1.5000,DynamicV1Rebalance,3.5000,11446.0225,400.6108,spend75p,406.6792,415.3642,425.4709,435.9456,446.9435,457.9530,470.8465,481.4739,493.7571,505.5832,487.1028,498.6814,506.3229,513.1893,523.1303,528.6864,534.3070,543.4858,548.7949,549.6098,556.6010,559.1597,559.3534,561.4956,563.3558,-57.4255,-69.5125,-83.2500,-96.4466,-110.4299,-123.7343,-137.0703,-151.7498,-164.6458,-178.5549,-191.3462,-204.5279,-216.9545,-229.2031,-239.3953,-250.3634,-260.8342,-272.4906,-284.2328,-296.8957
75,1.5000,DynamicV1Rebalance,4.0000,10015.2697,400.6108,survival,1.0000,1.0000,1.0000,1.0000,1.0000,1.0000,1.0000,1.0000,0.9990,0.9980,0.9945,0.9920,0.9825,0.9730,0.9650,0.9540,0.9370,0.9215,0.9015,0.8890,0.8725,0.8535,0.8420,0.8235,0.8080,0.8080,0.8080,0.8080,0.8080,0.8080,0.8080,0.8080,0.8080,0.8080,0.8080,0.8080,0.8080,0.8080,0.8080,0.8080,0.8080,0.8080,0.8080,0.8080,0.8080
75,1.5000,DynamicV1Rebalance,4.0000,10015.2697,400.6108,spend25p,401.0817,398.2348,395.0992,390.8492,386.9191,383.3197,379.0052,374.4781,369.5623,365.3659,342.3128,340.1276,334.0783,327.0289,320.7528,314.4210,305.6304,295.8440,282.1031,273.3439,260.6018,245.2149,235.8070,217.0960,202.0621,-108.5376,-118.3684,-127.6900,-138.3946,-148.5667,-159.7889,-171.9264,-186.1604,-200.7632,-216.9927,-233.8352,-252.4579,-272.3662,-291.4232,-309.5783,-326.7064,-345.9360,-368.0150,-389.1601,-412.7578
75,1.5000,DynamicV1Rebalance,4.0000,10015.2697,400.6108,spend50p,403.8430,406.8254,410.0663,412.2519,415.5722,418.4931,422.1928,426.1172,429.3911,432.4134,411.3343,413.0025,415.0157,415.6611,413.5187,411.5400,405.9823,398.9100,389.5675,383.7448,376.2527,368.4010,364.9007,360.2323,354.8142,-85.6119,-97.1464,-108.8617,-120.3107,-131.8969,-142.8326,-154.5330,-166.8506,-179.9704,-194.0629,-208.0762,-222.7032,-238.3430,-253.2234,-266.2923,-280.0152,-294.7592,-310.3194,-325.5124,-342.1182
75,1.5000,DynamicV1Rebalance,4.0000,10015.2697,400.6108,spend75p,406.6792,415.3642,425.4709,435.9456,446.9435,457.9530,470.8465,481.4739,493.6176,505.5196,486.2480,497.4915,502.5428,508.3955,514.7082,518.8612,524.6459,526.3136,521.6619,527.1687,529.5562,527.5405,525.9333,525.5801,518.2038,-37.3693,-52.4841,-65.9998,-80.3292,-94.0536,-109.2668,-125.1635,-142.2945,-156.8363,-169.8310,-181.9957,-193.8949,-204.8721,-215.3803,-223.8652,-232.8323,-241.8425,-251.7783,-261.3606,-271.5770
75,1.5000,DynamicV1Rebalance,5.0000,8012.2157,400.6108,survival,1.0000,1.0000,1.0000,1.0000,1.0000,1.0000,1.0000,0.9985,0.9970,0.9920,0.9805,0.9660,0.9485,0.9305,0.9055,0.8695,0.8405,0.8240,0.7970,0.7670,0.7410,0.7160,0.6955,0.6735,0.6530,0.6515,0.6515,0.6515,0.6515,0.6515,0.6515,0.6515,0.6515,0.6515,0.6515,0.6515,0.6515,0.6515,0.6515,0.6515,0.6515,0.6515,0.6515,0.6515,0.6515
75,1.5000,DynamicV1Rebalance,5.0000,8012.2157,400.6108,spend25p,401.0817,398.2348,395.0992,390.8492,386.9191,383.3197,379.0052,373.8804,368.7746,364.0402,338.1892,330.9868,321.3863,311.2143,300.1412,276.3030,257.0189,243.6546,215.2115,176.8005,0.0000,0.0000,0.0000,0.0000,0.0000,-105.6377,-114.9494,-124.8887,-134.6701,-145.3390,-156.1640,-168.2906,-181.6359,-195.2122,-210.3907,-226.6066,-243.8607,-262.1261,-278.0457,-294.8531,-310.9776,-329.6814,-347.5621,-366.2477,-386.2526
75,1.5000,DynamicV1Rebalance,5.0000,8012.2157,400.6108,spend50p,403.8430,406.8254,410.0663,412.2519,415.5722,418.4931,422.1928,425.5836,429.1277,431.2187,408.0598,408.0461,405.5916,401.3463,395.4177,381.4984,372.0883,363.4946,354.6046,340.7067,329.2871,317.7047,304.3027,289.4300,277.3791,-77.1356,-88.3998,-99.5988,-111.1458,-123.0802,-135.4098,-147.2148,-159.3377,-172.5576,-184.7735,-197.1462,-210.6850,-223.8575,-236.6404,-247.5838,-258.1639,-270.3171,-282.4146,-295.6613,-309.5377
75,1.5000,DynamicV1Rebalance,5.0000,8012.2157,400.6108,spend75p,406.6792,415.3642,425.4709,435.9456,446.9435,457.9530,470.8465,481.2216,493.4250,503.4862,483.1386,490.1209,494.7037,497.5961,498.3000,496.1036,491.6499,491.8352,489.8295,482.6513,477.1064,466.7338,463.2476,450.8778,446.2473,0.0000,0.0000,0.0000,0.0000,0.0000,0.0000,0.0000,0.0000,0.0000,0.0000,0.0000,0.0000,0.0000,0.0000,0.0000,0.0000,0.0000,0.0000,0.0000,0.0000
75,1.5000,DynamicV1Rebalance,6.0000,6676.8464,400.6108,survival,1.0000,1.0000,1.0000,1.0000,1.0000,1.0000,0.9985,0.9970,0.9870,0.9720,0.9505,0.9230,0.8925,0.8445,0.8110,0.7705,0.7350,0.6920,0.6610,0.6325,0.6045,0.5780,0.5540,0.5365,0.5220,0.5185,0.5185,0.5185,0.5185,0.5185,0.5185,0.5185,0.5185,0.5185,0.5185,0.5185,0.5185,0.5185,0.5185,0.5185,0.5185,0.5185,0.5185,0.5185,0.5185
75,1.5000,DynamicV1Rebalance,6.0000,6676.8464,400.6108,spend25p,401.0817,398.2348,395.0992,390.8492,386.9191,383.3197,377.8508,373.2536,365.8355,357.7579,329.8756,317.6986,301.4685,273.6233,250.1177,202.5573,0.0000,0.0000,0.0000,0.0000,0.0000,0.0000,0.0000,0.0000,0.0000,-100.2546,-110.2713,-120.2450,-130.9696,-141.3519,-151.1711,-163.1869,-175.3585,-189.1960,-203.0249,-218.4333,-233.9877,-250.3940,-265.8271,-280.2225,-295.8747,-311.1190,-328.2122,-346.2305,-365.7609
75,1.5000,DynamicV1Rebalance,6.0000,6676.8464,400.6108,spend50p,403.8430,406.8254,410.0663,412.2519,415.5722,418.4931,422.0993,425.3985,427.1519,428.9656,403.1557,398.0739,390.1236,374.8626,364.0565,351.8669,335.3138,314.6385,299.3135,279.9657,259.4258,237.1804,208.6971,188.7009,169.3102,-36.3739,-48.7816,-62.9001,-76.7034,-89.9224,-105.5099,-121.2452,-136.6281,-153.1453,-165.7181,-175.9762,-185.2409,-194.6348,-204.3036,-212.8725,-220.5131,-229.2057,-238.1795,-246.3056,-252.9788
75,1.5000,DynamicV1Rebalance,6.0000,6676.8464,400.6108,spend75p,406.6792,415.3642,425.4709,435.9456,446.9435,457.9530,470.7013,480.9914,491.1242,499.5794,476.9359,481.6586,481.0691,476.0453,476.3419,470.9151,460.6397,449.7691,440.0866,429.6302,421.2110,414.5752,401.3017,395.6086,391.3913,0.0000,0.0000,0.0000,0.0000,0.0000,0.0000,0.0000,0.0000,0.0000,0.0000,0.0000,0.0000,0.0000,0.0000,0.0000,0.0000,0.0000,0.0000,0.0000,0.0000
75,1.5000,DynamicV1Rebalance,7.0000,5723.0112,400.6108,survival,1.0000,1.0000,1.0000,1.0000,1.0000,0.9990,0.9965,0.9850,0.9685,0.9340,0.8955,0.8470,0.7940,0.7450,0.6955,0.6360,0.6010,0.5660,0.5335,0.4995,0.4790,0.4565,0.4300,0.4125,0.3880,0.3870,0.3870,0.3870,0.3870,0.3870,0.3870,0.3870,0.3870,0.3870,0.3870,0.3870,0.3870,0.3870,0.3870,0.3870,0.3870,0.3870,0.3870,0.3870,0.3870
75,1.5000,DynamicV1Rebalance,7.0000,5723.0112,400.6108,spend25p,401.0817,398.2348,395.0992,390.8492,386.9191,383.0657,377.4673,370.2504,360.7474,347.5942,311.6787,286.6153,250.9753,0.0000,0.0000,0.0000,0.0000,0.0000,0.0000,0.0000,0.0000,0.0000,0.0000,0.0000,0.0000,-90.2634,-100.6924,-111.7946,-122.6645,-133.4370,-144.0352,-154.8745,-166.5789,-178.8408,-191.6036,-204.9746,-218.2374,-233.0871,-247.3215,-259.2923,-272.6000,-286.8194,-300.2325,-313.8582,-327.3950
75,1.5000,DynamicV1Rebalance,7.0000,5723.0112,400.6108,spend50p,403.8430,406.8254,410.0663,412.2519,415.5722,418.3868,422.0502,424.2072,425.0264,422.4770,389.6920,377.8382,361.3257,345.3471,324.0723,295.3880,270.8033,244.5807,205.7281,0.0000,0.0000,0.0000,0.0000,0.0000,0.0000,0.0000,0.0000,0.0000,0.0000,0.0000,0.0000,0.0000,0.0000,0.0000,0.0000,0.0000,0.0000,0.0000,0.0000,0.0000,0.0000,0.0000,0.0000,0.0000,0.0000
75,1.5000,DynamicV1Rebalance,7.0000,5723.0112,400.6108,spend75p,406.6792,415.3642,425.4709,435.9456,446.9435,457.5595,470.6787,478.9404,487.0249,493.6122,468.4463,466.1540,460.1072,454.3996,443.6214,428.8504,418.4014,403.5600,387.9886,371.7041,359.5587,346.1142,327.2545,317.1586,304.9000,0.0000,0.0000,0.0000,0.0000,0.0000,0.0000,0.0000,0.0000,0.0000,0.0000,0.0000,0.0000,0.0000,0.0000,0.0000,0.0000,0.0000,0.0000,0.0000,0.0000
75,1.5000,DynamicV1Rebalance,8.0000,5007.6348,400.6108,survival,1.0000,1.0000,1.0000,1.0000,1.0000,0.9980,0.9875,0.9705,0.9295,0.8805,0.8115,0.7425,0.6800,0.6190,0.5700,0.5310,0.4840,0.4465,0.4140,0.3815,0.3535,0.3260,0.3010,0.2825,0.2685,0.2660,0.2660,0.2660,0.2660,0.2660,0.2660,0.2660,0.2660,0.2660,0.2660,0.2660,0.2660,0.2660,0.2660,0.2660,0.2660,0.2660,0.2660,0.2660,0.2660
75,1.5000,DynamicV1Rebalance,8.0000,5007.6348,400.6108,spend25p,401.0817,398.2348,395.0992,390.8492,386.9191,382.5282,375.2494,366.6871,350.9916,331.1402,278.2505,0.0000,0.0000,0.0000,0.0000,0.0000,0.0000,0.0000,0.0000,0.0000,0.0000,0.0000,0.0000,0.0000,0.0000,-50.4103,-64.3934,-78.8560,-90.4433,-104.2426,-118.3025,-132.0087,-146.4933,-157.1128,-168.4534,-178.9772,-188.3833,-199.6335,-207.4801,-215.8779,-223.9686,-232.2540,-241.2520,-250.7876,-260.5800
75,1.5000,DynamicV1Rebalance,8.0000,5007.6348,400.6108,spend50p,403.8430,406.8254,410.0663,412.2519,415.5722,418.2739,420.8090,422.9731,418.1549,410.8858,369.1485,349.7128,323.3271,296.5446,261.8336,220.1564,0.0000,0.0000,0.0000,0.0000,0.0000,0.0000,0.0000,0.0000,0.0000,0.0000,0.0000,0.0000,0.0000,0.0000,0.0000,0.0000,0.0000,0.0000,0.0000,0.0000,0.0000,0.0000,0.0000,0.0000,0.0000,0.0000,0.0000,0.0000,0.0000
75,1.5000,DynamicV1Rebalance,8.0000,5007.6348,400.6108,spend75p,406.6792,415.3642,425.4709,435.9456,446.9435,457.3571,468.8594,476.0104,482.7868,485.2672,449.9354,442.7314,432.8666,421.2443,406.9035,391.9355,371.0353,350.3213,333.2268,312.4416,289.3090,261.4333,236.5236,199.3582,175.6467,0.0000,0.0000,0.0000,0.0000,0.0000,0.0000,0.0000,0.0000,0.0000,0.0000,0.0000,0.0000,0.0000,0.0000,0.0000,0.0000,0.0000,0.0000,0.0000,0.0000
75,1.5000,DynamicV1Rebalance,9.0000,4451.2310,400.6108,survival,1.0000,1.0000,1.0000,1.0000,0.9995,0.9940,0.9750,0.9350,0.8760,0.7860,0.7060,0.6330,0.5695,0.5115,0.4570,0.4060,0.3620,0.3230,0.2895,0.2670,0.2470,0.2280,0.2095,0.1960,0.1840,0.1815,0.1815,0.1815,0.1815,0.1815,0.1815,0.1815,0.1815,0.1815,0.1815,0.1815,0.1815,0.1815,0.1815,0.1815,0.1815,0.1815,0.1815,0.1815,0.1815
75,1.5000,DynamicV1Rebalance,9.0000,4451.2310,400.6108,spend25p,401.0817,398.2348,395.0992,390.8492,386.8431,381.8429,373.0085,358.0329,336.0680,286.2063,0.0000,0.0000,0.0000,0.0000,0.0000,0.0000,0.0000,0.0000,0.0000,0.0000,0.0000,0.0000,0.0000,0.0000,0.0000,0.0000,0.0000,0.0000,0.0000,0.0000,0.0000,0.0000,0.0000,0.0000,0.0000,0.0000,0.0000,0.0000,0.0000,0.0000,0.0000,0.0000,0.0000,0.0000,0.0000
75,1.5000,DynamicV1Rebalance,9.0000,4451.2310,400.6108,spend50p,403.8430,406.8254,410.0663,412.2519,415.5503,417.9142,419.3201,416.0858,408.8881,387.5165,341.7169,310.5887,274.1695,207.1611,0.0000,0.0000,0.0000,0.0000,0.0000,0.0000,0.0000,0.0000,0.0000,0.0000,0.0000,0.0000,0.0000,0.0000,0.0000,0.0000,0.0000,0.0000,0.0000,0.0000,0.0000,0.0000,0.0000,0.0000,0.0000,0.0000,0.0000,0.0000,0.0000,0.0000,0.0000
75,1.5000,DynamicV1Rebalance,9.0000,4451.2310,400.6108,spend75p,406.6792,415.3642,425.4709,435.9456,446.9040,457.2625,467.3866,471.5879,473.3291,464.8175,429.4899,415.8999,403.7479,383.5236,361.5200,340.3008,314.5282,277.1455,235.1126,191.2089,0.0000,0.0000,0.0000,0.0000,0.0000,0.0000,0.0000,0.0000,0.0000,0.0000,0.0000,0.0000,0.0000,0.0000,0.0000,0.0000,0.0000,0.0000,0.0000,0.0000,0.0000,0.0000,0.0000,0.0000,0.0000
75,1.5000,DynamicV1Rebalance,10.0000,4006.1079,400.6108,survival,1.0000,1.0000,1.0000,1.0000,0.9985,0.9845,0.9520,0.8880,0.7865,0.6840,0.6000,0.5275,0.4585,0.3890,0.3310,0.2865,0.2520,0.2230,0.1970,0.1830,0.1680,0.1520,0.1425,0.1330,0.1275,0.1250,0.1250,0.1250,0.1250,0.1250,0.1250,0.1250,0.1250,0.1250,0.1250,0.1250,0.1250,0.1250,0.1250,0.1250,0.1250,0.1250,0.1250,0.1250,0.1250
75,1.5000,DynamicV1Rebalance,10.0000,4006.1079,400.6108,spend25p,401.0817,398.2348,395.0992,390.8492,386.7745,380.1863,368.0432,346.9563,296.9592,0.0000,0.0000,0.0000,0.0000,0.0000,0.0000,0.0000,0.0000,0.0000,0.0000,0.0000,0.0000,0.0000,0.0000,0.0000,0.0000,0.0000,0.0000,0.0000,0.0000,0.0000,0.0000,0.0000,0.0000,0.0000,0.0000,0.0000,0.0000,0.0000,0.0000,0.0000,0.0000,0.0000,0.0000,0.0000,0.0000
75,1.5000,DynamicV1Rebalance,10.0000,4006.1079,400.6108,spend50p,403.8430,406.8254,410.0663,412.2519,415.4577,417.2175,416.4265,408.5904,390.2826,356.0374,300.7103,253.5754,0.0000,0.0000,0.0000,0.0000,0.0000,0.0000,0.0000,0.0000,0.0000,0.0000,0.0000,0.0000,0.0000,0.0000,0.0000,0.0000,0.0000,0.0000,0.0000,0.0000,0.0000,0.0000,0.0000,0.0000,0.0000,0.0000,0.0000,0.0000,0.0000,0.0000,0.0000,0.0000,0.0000
75,1.5000,DynamicV1Rebalance,10.0000,4006.1079,400.6108,spend75p,406.6792,415.3642,425.4709,435.9456,446.7471,456.5260,463.7723,466.3952,459.1700,444.8970,409.9614,391.1291,368.3375,337.1436,296.2462,250.6309,147.6253,0.0000,0.0000,0.0000,0.0000,0.0000,0.0000,0.0000,0.0000,0.0000,0.0000,0.0000,0.0000,0.0000,0.0000,0.0000,0.0000,0.0000,0.0000,0.0000,0.0000,0.0000,0.0000,0.0000,0.0000,0.0000,0.0000,0.0000,0.0000
75,1.8000,DynamicV1Rebalance,2.5000,19057.3177,476.4329,survival,1.0000,1.0000,1.0000,1.0000,1.0000,1.0000,1.0000,1.0000,1.0000,1.0000,1.0000,1.0000,0.9995,0.9990,0.9980,0.9965,0.9955,0.9945,0.9940,0.9940,0.9935,0.9910,0.9890,0.9880,0.9865,0.9865,0.9865,0.9865,0.9865,0.9855,0.9855,0.9855,0.9855,0.9855,0.9850,0.9850,0.9850,0.9850,0.9850,0.9850,0.9850,0.9850,0.9850,0.9850,0.9850
75,1.8000,DynamicV1Rebalance,2.5000,19057.3177,476.4329,spend25p,476.9929,473.5946,469.8496,464.7765,460.0811,455.7764,450.6192,445.2074,439.7779,435.0353,412.0148,410.9282,407.2203,402.2473,398.9215,395.1837,390.9455,387.9054,385.7135,383.2318,381.6492,380.5808,375.0428,371.6340,369.3890,-46.3601,-56.6752,-66.8592,-76.1034,-86.3184,-96.2323,-107.6048,-118.8563,-130.2769,-142.0395,-154.5382,-167.1732,-180.2651,-193.3154,-205.4582,-218.9113,-232.6058,-247.4137,-264.3164,-281.4237
75,1.8000,DynamicV1Rebalance,2.5000,19057.3177,476.4329,spend50p,480.2769,483.8108,487.6485,490.2274,494.1521,497.5985,501.9673,506.5998,510.6103,514.1197,496.6229,498.0703,504.4631,508.1930,509.7277,511.0166,510.7599,510.4033,510.0083,513.6205,519.6522,519.9245,517.1216,521.3280,522.3618,-1.7911,-12.1430,-22.4826,-33.9232,-44.4904,-56.8181,-68.8948,-81.9712,-96.1565,-110.7001,-124.5372,-139.2441,-154.4857,-166.9864,-179.1171,-191.4447,-203.8544,-217.1879,-231.3909,-246.5532
75,1.8000,DynamicV1Rebalance,2.5000,19057.3177,476.4329,spend75p,483.6499,493.9655,505.9675,518.4027,531.4554,544.5173,559.8143,572.4120,586.9732,601.0831,585.7398,598.7922,609.6644,620.7775,633.6884,644.3596,655.3568,671.2388,682.8711,697.4534,703.9601,714.5925,727.3998,738.5186,743.4438,56.3800,45.7620,34.0726,22.5089,8.8373,0.0000,-12.0539,-27.9918,-42.2354,-59.2244,-76.4180,-95.5254,-112.8624,-129.6142,-142.1795,-155.8623,-170.8087,-185.5474,-199.5603,-213.7772
75,1.8000,DynamicV1Rebalance,3.0000,15881.0981,476.4329,survival,1.0000,1.0000,1.0000,1.0000,1.0000,1.0000,1.0000,1.0000,1.0000,1.0000,0.9990,0.9980,0.9965,0.9955,0.9945,0.9930,0.9900,0.9860,0.9825,0.9790,0.9735,0.9675,0.9630,0.9575,0.9515,0.9500,0.9485,0.9475,0.9470,0.9465,0.9465,0.9465,0.9460,0.9455,0.9450,0.9450,0.9450,0.9450,0.9445,0.9445,0.9445,0.9445,0.9445,0.9440,0.9440
75,1.8000,DynamicV1Rebalance,3.0000,15881.0981,476.4329,spend25p,476.9929,473.5946,469.8496,464.7765,460.0811,455.7764,450.6192,445.2074,439.7779,435.0353,411.8218,410.1071,406.3928,401.4181,397.5514,392.7647,388.2832,384.0728,378.9293,375.4332,370.7153,364.2315,360.2381,353.6842,348.3394,-46.0945,-56.2881,-66.1569,-75.5693,-85.8168,-96.0091,-106.9441,-118.5545,-129.8275,-141.1711,-153.9339,-166.5573,-179.6834,-192.6721,-204.3576,-217.7863,-231.7632,-246.5694,-262.8599,-280.2177
75,1.8000,DynamicV1Rebalance,3.0000,15881.0981,476.4329,spend50p,480.2769,483.8108,487.6485,490.2274,494.1521,497.5985,501.9673,506.5998,510.6103,514.1197,495.6530,497.5277,503.3993,507.4214,508.1869,509.2319,507.8351,505.6526,505.0026,507.6341,508.2851,510.8474,507.6552,506.3223,505.8400,-0.3000,-10.4354,-21.0898,-32.9688,-43.5137,-55.4691,-67.6659,-80.7432,-94.5531,-109.6470,-123.1944,-138.0417,-153.2300,-165.8461,-178.1133,-190.3072,-202.7415,-215.7710,-229.7761,-245.0880
75,1.8000,DynamicV1Rebalance,3.0000,15881.0981,476.4329,spend75p,483.6499,493.9655,505.9675,518.4027,531.4554,544.5173,559.8143,572.4120,586.9732,601.0831,585.6290,598.6147,608.1436,619.3046,632.2846,643.5802,650.9836,665.2227,677.2372,685.9339,691.3691,701.5870,712.9156,719.3124,719.9603,48.9357,36.6081,24.8284,12.3706,0.0000,0.0000,-5.5387,-20.9607,-37.1564,-53.1816,-70.4170,-87.8723,-107.6265,-123.8009,-137.1848,-151.1750,-165.2670,-179.9188,-196.2621,-210.4623
75,1.8000,DynamicV1Rebalance,3.5000,13612.3698,476.4329,survival,1.0000,1.0000,1.0000,1.0000,1.0000,1.0000,1.0000,1.0000,1.0000,0.9985,0.9975,0.9955,0.9940,0.9890,0.9825,0.9745,0.9680,0.9610,0.9530,0.9380,0.9315,0.9180,0.9085,0.8990,0.8870,0.8860,0.8860,0.8855,0.8845,0.8840,0.8835,0.8835,0.8835,0.8830,0.8830,0.8825,0.8825,0.8825,0.8825,0.8820,0.8820,0.8820,0.8820,0.8820,0.8820
75,1.8000,DynamicV1Rebalance,3.5000,13612.3698,476.4329,spend25p,476.9929,473.5946,469.8496,464.7765,460.0811,455.7764,450.6192,445.2074,439.7779,434.5604,411.5803,409.3443,405.7317,399.7025,393.2650,385.7804,379.9889,373.5705,365.3940,353.8671,347.0030,336.3852,330.7183,319.5024,307.5959,-45.6968,-55.8009,-65.3226,-75.1604,-85.0316,-95.2681,-105.9140,-117.5381,-128.5612,-140.3693,-153.1061,-165.6852,-179.0696,-191.3385,-202.7590,-215.4979,-229.8941,-244.2050,-259.3679,-276.9670
75,1.8000,DynamicV1Rebalance,3.5000,13612.3698,476.4329,spend50p,480.2769,483.8108,487.6485,490.2274,494.1521,497.5985,501.9673,506.5998,510.6103,514.0316,494.8461,496.5701,502.9245,504.9736,501.6059,500.4527,499.3491,495.9251,491.6936,483.6995,481.5415,476.4141,474.8701,474.5577,472.2801,0.0000,-7.4296,-18.5596,-29.0218,-40.4203,-52.5423,-65.0474,-77.8450,-91.8800,-105.4592,-119.6458,-134.6914,-149.3560,-163.0813,-175.1251,-187.3114,-199.2578,-211.9138,-225.8323,-241.1228
75,1.8000,DynamicV1Rebalance,3.5000,13612.3698,476.4329,spend75p,483.6499,493.9655,505.9675,518.4027,531.4554,544.5173,559.8143,572.4120,586.9732,600.9858,584.5233,598.4177,607.5875,615.8271,627.7564,633.6127,641.1684,652.1829,657.9044,658.1401,667.5841,669.7127,670.0740,672.7228,672.4628,37.3509,25.6699,13.3791,0.6800,0.0000,0.0000,0.0000,-1.6544,-17.1343,-32.7814,-52.0154,-72.4170,-91.3987,-106.4929,-120.7136,-137.0195,-151.6761,-168.0776,-183.1975,-198.7852
75,1.8000,DynamicV1Rebalance,4.0000,11910.8236,476.4329,survival,1.0000,1.0000,1.0000,1.0000,1.0000,1.0000,1.0000,1.0000,0.9990,0.9980,0.9945,0.9920,0.9825,0.9730,0.9645,0.9540,0.9360,0.9210,0.9010,0.8880,0.8705,0.8525,0.8395,0.8200,0.8065,0.8050,0.8025,0.8015,0.8010,0.7995,0.7990,0.7985,0.7980,0.7975,0.7970,0.7970,0.7970,0.7970,0.7970,0.7970,0.7970,0.7965,0.7965,0.7965,0.7965
75,1.8000,DynamicV1Rebalance,4.0000,11910.8236,476.4329,spend25p,476.9929,473.5946,469.8496,464.7765,460.0811,455.7764,450.6192,445.2074,439.3317,434.3098,410.7754,408.1532,400.8939,392.4347,384.7726,377.3052,366.0179,354.7658,338.2408,327.4727,311.6119,293.8875,281.4265,256.7563,240.3256,-43.6257,-53.0734,-62.3526,-72.0192,-82.7688,-93.0474,-103.5747,-115.0421,-126.0008,-138.8563,-151.6202,-163.4510,-177.4635,-189.2360,-200.8432,-213.0431,-227.2841,-241.2401,-256.9483,-273.4146
75,1.8000,DynamicV1Rebalance,4.0000,11910.8236,476.4329,spend50p,480.2769,483.8108,487.6485,490.2274,494.1521,497.5985,501.9673,506.5998,510.4555,514.0090,493.6012,495.6030,498.0189,498.7934,496.0904,493.8480,486.9173,478.3678,467.4810,460.3843,450.8412,441.6710,436.5517,430.0221,424.4572,0.0000,-2.0800,-12.9967,-22.8309,-33.5979,-46.3160,-59.6362,-73.3207,-86.3883,-99.6003,-113.7004,-129.1895,-144.1452,-158.3548,-170.4302,-182.0644,-194.8365,-206.8988,-220.7291,-234.0053
75,1.8000,DynamicV1Rebalance,4.0000,11910.8236,476.4329,spend75p,483.6499,493.9655,505.9675,518.4027,531.4554,544.5173,559.8143,572.4120,586.8074,600.9102,583.4976,596.9899,603.0513,610.0746,617.1291,622.6334,628.6740,631.1162,625.9942,632.6025,633.4090,632.5202,630.0382,628.8509,621.8446,24.0918,12.1894,0.8110,0.0000,0.0000,0.0000,0.0000,0.0000,0.0000,0.0000,0.0000,-15.8799,-37.3875,-56.8460,-72.4212,-87.8547,-103.0257,-116.9256,-134.4702,-149.2522
75,1.8000,DynamicV1Rebalance,5.0000,9528.6589,476.4329,survival,1.0000,1.0000,1.0000,1.0000,1.0000,1.0000,1.0000,0.9985,0.9970,0.9920,0.9805,0.9660,0.9480,0.9300,0.9040,0.8690,0.8390,0.8225,0.7960,0.7665,0.7405,0.7140,0.6915,0.6710,0.6510,0.6490,0.6480,0.6480,0.6475,0.6475,0.6470,0.6470,0.6470,0.6470,0.6470,0.6470,0.6470,0.6470,0.6470,0.6470,0.6470,0.6470,0.6470,0.6470,0.6470
75,1.8000,DynamicV1Rebalance,5.0000,9528.6589,476.4329,spend25p,476.9929,473.5946,469.8496,464.7765,460.0811,455.7764,450.6192,444.4968,438.3953,432.7340,405.8271,397.1842,385.6136,373.3019,358.4117,330.7922,307.2085,291.2655,257.3600,210.9962,0.0000,0.0000,0.0000,0.0000,0.0000,-38.9708,-48.0606,-57.5363,-67.4235,-77.3040,-87.9209,-98.8912,-110.5927,-122.1342,-134.1831,-146.2492,-159.0499,-172.4491,-184.1657,-195.4837,-207.4136,-220.5204,-234.3629,-248.9356,-264.6925
75,1.8000,DynamicV1Rebalance,5.0000,9528.6589,476.4329,spend50p,480.2769,483.8108,487.6485,490.2274,494.1521,497.5985,501.9673,505.9655,510.1424,512.5889,489.6718,489.6553,486.4342,481.0226,473.7882,457.7981,445.4927,436.1039,424.9809,408.4055,394.9552,380.5686,362.6111,346.6219,331.1613,0.0000,0.0000,0.0000,-0.4699,-11.5165,-23.5212,-36.4904,-50.0942,-63.6468,-77.7738,-94.9460,-109.5305,-126.8747,-141.3113,-154.3064,-168.0937,-180.3204,-192.7122,-206.4538,-219.6180
75,1.8000,DynamicV1Rebalance,5.0000,9528.6589,476.4329,spend75p,483.6499,493.9655,505.9675,518.4027,531.4554,544.5173,559.8143,572.1121,586.5784,598.4932,579.7663,588.1451,593.0305,596.9582,597.5942,595.3243,589.9798,590.2022,587.2710,579.1816,572.5277,560.0806,552.0643,539.5813,535.1367,0.4099,0.0000,0.0000,0.0000,0.0000,0.0000,0.0000,0.0000,0.0000,0.0000,0.0000,0.0000,0.0000,0.0000,0.0000,0.0000,0.0000,0.0000,0.0000,0.0000
75,1.8000,DynamicV1Rebalance,6.0000,7940.5491,476.4329,survival,1.0000,1.0000,1.0000,1.0000,1.0000,1.0000,0.9985,0.9970,0.9870,0.9720,0.9505,0.9225,0.8920,0.8425,0.8090,0.7695,0.7325,0.6910,0.6565,0.6295,0.5995,0.5735,0.5495,0.5350,0.5175,0.5145,0.5125,0.5125,0.5110,0.5105,0.5100,0.5100,0.5095,0.5095,0.5095,0.5095,0.5095,0.5095,0.5095,0.5095,0.5095,0.5095,0.5095,0.5095,0.5095
75,1.8000,DynamicV1Rebalance,6.0000,7940.5491,476.4329,spend25p,476.9929,473.5946,469.8496,464.7765,460.0811,455.7764,449.2468,443.7516,434.9014,425.2661,395.8507,381.0375,361.6485,326.8174,297.9655,241.3537,0.0000,0.0000,0.0000,0.0000,0.0000,0.0000,0.0000,0.0000,0.0000,-25.7194,-35.4008,-44.8217,-54.6721,-65.2313,-75.9179,-86.6655,-99.9255,-112.3114,-124.7304,-137.8621,-150.3102,-164.2244,-176.2073,-187.6620,-198.7209,-211.6927,-224.9495,-238.2733,-253.6515
75,1.8000,DynamicV1Rebalance,6.0000,7940.5491,476.4329,spend50p,480.2769,483.8108,487.6485,490.2274,494.1521,497.5985,501.8561,505.7453,507.7937,509.9106,483.7868,477.5355,468.0715,448.6645,436.5716,421.9444,400.1692,377.0839,357.2654,334.5026,305.4088,276.9652,244.1011,222.7915,187.2125,0.0000,0.0000,0.0000,0.0000,0.0000,0.0000,0.0000,0.0000,0.0000,0.0000,0.0000,0.0000,0.0000,-8.9818,-18.3269,-34.9924,-53.6671,-69.0107,-92.4513,-111.3502
75,1.8000,DynamicV1Rebalance,6.0000,7940.5491,476.4329,spend75p,483.6499,493.9655,505.9675,518.4027,531.4554,544.5173,559.6416,571.8383,583.8432,593.8491,572.3231,577.9903,576.6915,569.3203,570.5853,563.7297,552.7676,539.7229,526.7198,514.5454,504.1237,492.8090,478.0485,474.6890,467.8182,0.0000,0.0000,0.0000,0.0000,0.0000,0.0000,0.0000,0.0000,0.0000,0.0000,0.0000,0.0000,0.0000,0.0000,0.0000,0.0000,0.0000,0.0000,0.0000,0.0000
75,1.8000,DynamicV1Rebalance,7.0000,6806.1849,476.4329,survival,1.0000,1.0000,1.0000,1.0000,1.0000,0.9990,0.9965,0.9850,0.9685,0.9340,0.8955,0.8465,0.7915,0.7440,0.6940,0.6335,0.5965,0.5645,0.5305,0.4970,0.4760,0.4545,0.4270,0.4085,0.3870,0.3855,0.3855,0.3855,0.3850,0.3850,0.3850,0.3850,0.3845,0.3845,0.3845,0.3845,0.3845,0.3845,0.3845,0.3845,0.3845,0.3845,0.3845,0.3845,0.3845
75,1.8000,DynamicV1Rebalance,7.0000,6806.1849,476.4329,spend25p,476.9929,473.5946,469.8496,464.7765,460.0811,455.4744,448.7908,440.1812,428.8526,413.1846,374.0145,343.6922,298.0068,0.0000,0.0000,0.0000,0.0000,0.0000,0.0000,0.0000,0.0000,0.0000,0.0000,0.0000,0.0000,-4.1025,-13.5931,-23.7713,-35.2651,-45.9809,-57.4347,-68.7882,-80.7522,-94.1381,-109.4960,-122.6325,-136.1333,-151.3341,-163.4945,-173.8533,-186.2716,-197.9602,-210.2171,-222.7916,-235.5385
75,1.8000,DynamicV1Rebalance,7.0000,6806.1849,476.4329,spend50p,480.2769,483.8108,487.6485,490.2274,494.1521,497.4721,501.7978,504.3290,505.2669,502.1977,467.6304,453.4059,433.4869,413.5854,388.7193,352.5555,320.4313,291.6451,241.8683,0.0000,0.0000,0.0000,0.0000,0.0000,0.0000,0.0000,0.0000,0.0000,0.0000,0.0000,0.0000,0.0000,0.0000,0.0000,0.0000,0.0000,0.0000,0.0000,0.0000,0.0000,0.0000,0.0000,0.0000,0.0000,0.0000
75,1.8000,DynamicV1Rebalance,7.0000,6806.1849,476.4329,spend75p,483.6499,493.9655,505.9675,518.4027,531.4554,544.0494,559.6148,569.3999,578.9700,586.7559,562.1355,559.3848,552.0586,545.0687,532.3307,514.4399,497.9247,484.1506,465.0410,443.9206,430.9166,414.4435,391.0611,377.7348,365.6215,0.0000,0.0000,0.0000,0.0000,0.0000,0.0000,0.0000,0.0000,0.0000,0.0000,0.0000,0.0000,0.0000,0.0000,0.0000,0.0000,0.0000,0.0000,0.0000,0.0000
75,1.8000,DynamicV1Rebalance,8.0000,5955.4118,476.4329,survival,1.0000,1.0000,1.0000,1.0000,1.0000,0.9980,0.9875,0.9705,0.9295,0.8805,0.8115,0.7410,0.6785,0.6180,0.5680,0.5265,0.4820,0.4435,0.4110,0.3790,0.3505,0.3220,0.2985,0.2815,0.2650,0.2640,0.2640,0.2640,0.2635,0.2630,0.2630,0.2620,0.2620,0.2620,0.2620,0.2620,0.2620,0.2620,0.2620,0.2620,0.2620,0.2620,0.2620,0.2620,0.2620
75,1.8000,DynamicV1Rebalance,8.0000,5955.4118,476.4329,spend25p,476.9929,473.5946,469.8496,464.7765,460.0811,454.8354,446.1538,435.9449,417.2551,393.6258,333.9006,0.0000,0.0000,0.0000,0.0000,0.0000,0.0000,0.0000,0.0000,0.0000,0.0000,0.0000,0.0000,0.0000,0.0000,0.0000,0.0000,0.0000,0.0000,0.0000,0.0000,0.0000,0.0000,-0.2310,-10.8927,-26.7989,-42.9394,-65.8934,-87.1242,-98.4935,-118.8114,-132.8173,-148.3297,-162.9615,-177.7326
75,1.8000,DynamicV1Rebalance,8.0000,5955.4118,476.4329,spend50p,480.2769,483.8108,487.6485,490.2274,494.1521,497.3378,500.3221,502.8619,497.0981,488.4192,442.9783,419.5631,387.4715,355.3158,312.7040,256.7209,0.0000,0.0000,0.0000,0.0000,0.0000,0.0000,0.0000,0.0000,0.0000,0.0000,0.0000,0.0000,0.0000,0.0000,0.0000,0.0000,0.0000,0.0000,0.0000,0.0000,0.0000,0.0000,0.0000,0.0000,0.0000,0.0000,0.0000,0.0000,0.0000
75,1.8000,DynamicV1Rebalance,8.0000,5955.4118,476.4329,spend75p,483.6499,493.9655,505.9675,518.4027,531.4554,543.8087,557.4517,565.9166,573.9318,576.8363,539.9225,531.1222,518.7831,505.4932,486.4288,467.7513,444.8830,419.0497,396.8203,373.7106,344.1653,311.3326,280.5010,237.9867,206.3656,0.0000,0.0000,0.0000,0.0000,0.0000,0.0000,0.0000,0.0000,0.0000,0.0000,0.0000,0.0000,0.0000,0.0000,0.0000,0.0000,0.0000,0.0000,0.0000,0.0000
75,1.8000,DynamicV1Rebalance,9.0000,5293.6994,476.4329,survival,1.0000,1.0000,1.0000,1.0000,0.9995,0.9940,0.9750,0.9350,0.8760,0.7865,0.7055,0.6310,0.5675,0.5085,0.4525,0.4030,0.3600,0.3205,0.2870,0.2660,0.2450,0.2270,0.2080,0.1950,0.1815,0.1795,0.1795,0.1795,0.1790,0.1790,0.1790,0.1785,0.1785,0.1785,0.1785,0.1785,0.1785,0.1785,0.1785,0.1785,0.1785,0.1785,0.1785,0.1785,0.1785
75,1.8000,DynamicV1Rebalance,9.0000,5293.6994,476.4329,spend25p,476.9929,473.5946,469.8496,464.7765,459.9908,454.0205,443.4895,425.6562,399.5141,340.2886,0.0000,0.0000,0.0000,0.0000,0.0000,0.0000,0.0000,0.0000,0.0000,0.0000,0.0000,0.0000,0.0000,0.0000,0.0000,0.0000,0.0000,0.0000,0.0000,0.0000,0.0000,0.0000,0.0000,0.0000,0.0000,0.0000,0.0000,0.0000,0.0000,0.0000,0.0000,0.0000,0.0000,0.0000,0.0000
75,1.8000,DynamicV1Rebalance,9.0000,5293.6994,476.4329,spend50p,480.2769,483.8108,487.6485,490.2274,494.1261,496.9101,498.5518,494.6738,486.0818,461.0468,409.7152,372.1589,327.9514,240.0493,0.0000,0.0000,0.0000,0.0000,0.0000,0.0000,0.0000,0.0000,0.0000,0.0000,0.0000,0.0000,0.0000,0.0000,0.0000,0.0000,0.0000,0.0000,0.0000,0.0000,0.0000,0.0000,0.0000,0.0000,0.0000,0.0000,0.0000,0.0000,0.0000,0.0000,0.0000
75,1.8000,DynamicV1Rebalance,9.0000,5293.6994,476.4329,spend75p,483.6499,493.9655,505.9675,518.4027,531.4085,543.6963,555.7006,560.6587,562.6885,552.6210,515.1287,498.8537,484.1701,458.7619,431.0370,406.3902,375.6878,328.9677,279.3433,228.2195,0.0000,0.0000,0.0000,0.0000,0.0000,0.0000,0.0000,0.0000,0.0000,0.0000,0.0000,0.0000,0.0000,0.0000,0.0000,0.0000,0.0000,0.0000,0.0000,0.0000,0.0000,0.0000,0.0000,0.0000,0.0000
75,1.8000,DynamicV1Rebalance,10.0000,4764.3294,476.4329,survival,1.0000,1.0000,1.0000,1.0000,0.9985,0.9845,0.9520,0.8880,0.7865,0.6845,0.6000,0.5220,0.4550,0.3865,0.3300,0.2850,0.2470,0.2220,0.1970,0.1825,0.1655,0.1505,0.1420,0.1325,0.1250,0.1230,0.1220,0.1220,0.1220,0.1215,0.1210,0.1210,0.1210,0.1210,0.1210,0.1210,0.1210,0.1210,0.1210,0.1210,0.1210,0.1210,0.1210,0.1210,0.1210
75,1.8000,DynamicV1Rebalance,10.0000,4764.3294,476.4329,spend25p,476.9929,473.5946,469.8496,464.7765,459.9091,452.0508,437.5860,412.4875,353.0219,0.0000,0.0000,0.0000,0.0000,0.0000,0.0000,0.0000,0.0000,0.0000,0.0000,0.0000,0.0000,0.0000,0.0000,0.0000,0.0000,0.0000,0.0000,0.0000,0.0000,0.0000,0.0000,0.0000,0.0000,0.0000,0.0000,0.0000,0.0000,0.0000,0.0000,0.0000,0.0000,0.0000,0.0000,0.0000,0.0000
75,1.8000,DynamicV1Rebalance,10.0000,4764.3294,476.4329,spend50p,480.2769,483.8108,487.6485,490.2274,494.0160,496.0817,495.1115,485.7626,463.9638,423.4453,360.8523,292.1994,0.0000,0.0000,0.0000,0.0000,0.0000,0.0000,0.0000,0.0000,0.0000,0.0000,0.0000,0.0000,0.0000,0.0000,0.0000,0.0000,0.0000,0.0000,0.0000,0.0000,0.0000,0.0000,0.0000,0.0000,0.0000,0.0000,0.0000,0.0000,0.0000,0.0000,0.0000,0.0000,0.0000
75,1.8000,DynamicV1Rebalance,10.0000,4764.3294,476.4329,spend75p,483.6499,493.9655,505.9675,518.4027,531.2219,542.8206,551.4034,554.4853,545.8564,528.8482,491.9537,468.2850,440.0136,402.4030,355.4954,298.7093,0.0000,0.0000,0.0000,0.0000,0.0000,0.0000,0.0000,0.0000,0.0000,0.0000,0.0000,0.0000,0.0000,0.0000,0.0000,0.0000,0.0000,0.0000,0.0000,0.0000,0.0000,0.0000,0.0000,0.0000,0.0000,0.0000,0.0000,0.0000,0.0000
