pension_start_age,spend_multiplier,strategy,spending_rule,initial_money,initial_annual_cost,value_type,1,2,3,4,5,6,7,8,9,10,11,12,13,14,15,16,17,18,19,20,21,22,23,24,25,26,27,28,29,30,31,32,33,34,35,36
60,0.5000,DynamicV1Rebalance,2.5000,9954.8140,248.8703,survival,1.0000,1.0000,1.0000,1.0000,1.0000,1.0000,1.0000,1.0000,1.0000,1.0000,1.0000,1.0000,1.0000,1.0000,1.0000,1.0000,1.0000,1.0000,1.0000,1.0000,1.0000,1.0000,1.0000,1.0000,1.0000,1.0000,1.0000,1.0000,1.0000,1.0000,1.0000,1.0000,1.0000,1.0000,1.0000,1.0000
60,0.5000,DynamicV1Rebalance,2.5000,9954.8140,248.8703,spend25p,107.4802,100.4422,93.4623,87.2622,80.5572,74.1640,67.9676,60.5478,53.2017,45.2870,37.6776,30.0226,23.1758,16.7964,10.7394,6.0446,1.2764,-2.6170,-5.7143,-8.9609,-11.8745,-14.6947,-17.4377,-20.2505,-23.5463,-27.0696,-30.8061,-34.9271,-39.1580,-43.8229,-48.7224,-53.8417,-59.2050,-65.2440,-71.4797,-78.2530
60,0.5000,DynamicV1Rebalance,2.5000,9954.8140,248.8703,spend50p,108.4047,103.0901,98.0378,93.3330,88.6227,83.6845,78.3715,72.9682,66.5720,59.8341,52.5493,45.0735,38.3317,31.6079,25.3978,20.2069,15.8349,11.5527,8.0881,5.1143,2.3328,-0.2735,-2.7323,-5.4095,-8.5315,-12.4191,-16.0788,-20.5128,-25.6423,-31.0651,-36.5421,-42.5393,-49.0992,-56.0965,-63.0443,-70.0001
60,0.5000,DynamicV1Rebalance,2.5000,9954.8140,248.8703,spend75p,109.3103,105.8115,102.6458,99.7748,97.1240,94.3681,90.6223,86.4383,81.0266,74.6210,67.9326,60.8222,53.4381,47.1141,41.6302,36.7377,32.5264,29.2038,26.2663,23.8083,21.5779,19.4934,17.4847,14.6744,12.2868,8.6837,4.3534,-0.2811,-6.2109,-11.7838,-18.4080,-25.5082,-33.8681,-42.7632,-51.7614,-60.8878
60,0.5000,DynamicV1Rebalance,3.0000,8295.6783,248.8703,survival,1.0000,1.0000,1.0000,1.0000,1.0000,1.0000,1.0000,1.0000,1.0000,1.0000,1.0000,1.0000,1.0000,1.0000,1.0000,1.0000,1.0000,1.0000,1.0000,1.0000,1.0000,1.0000,1.0000,1.0000,1.0000,1.0000,1.0000,1.0000,1.0000,1.0000,1.0000,1.0000,1.0000,1.0000,1.0000,1.0000
60,0.5000,DynamicV1Rebalance,3.0000,8295.6783,248.8703,spend25p,107.4802,100.4422,93.4623,87.2622,80.5572,74.1640,67.9676,60.5478,53.2017,45.2870,37.6776,30.0226,23.1758,16.7964,10.7394,6.0446,1.2764,-2.6170,-5.7143,-8.9609,-11.8745,-14.6947,-17.4377,-20.2505,-23.5463,-27.0696,-30.8061,-34.9271,-39.1580,-43.8229,-48.7224,-53.8417,-59.2050,-65.2440,-71.4797,-78.2530
60,0.5000,DynamicV1Rebalance,3.0000,8295.6783,248.8703,spend50p,108.4047,103.0901,98.0378,93.3330,88.6227,83.6845,78.3715,72.9682,66.5720,59.8341,52.5493,45.0735,38.3317,31.6079,25.3978,20.2069,15.8349,11.5527,8.0881,5.1143,2.3328,-0.2735,-2.7323,-5.4095,-8.5315,-12.4191,-16.0788,-20.5128,-25.6423,-31.0651,-36.5421,-42.5393,-49.0992,-56.0965,-63.0443,-70.0001
60,0.5000,DynamicV1Rebalance,3.0000,8295.6783,248.8703,spend75p,109.3103,105.8115,102.6458,99.7748,97.1240,94.3681,90.6223,86.4383,81.0266,74.6210,67.9326,60.8222,53.4381,47.1141,41.6302,36.7377,32.5264,29.2038,26.2663,23.8083,21.5779,19.4934,17.4847,14.6744,12.2868,8.6837,4.3534,-0.2811,-6.2109,-11.7838,-18.4080,-25.5082,-33.8681,-42.7632,-51.7614,-60.8878
60,0.5000,DynamicV1Rebalance,4.0000,6221.7587,248.8703,survival,1.0000,1.0000,1.0000,1.0000,1.0000,1.0000,1.0000,1.0000,1.0000,1.0000,1.0000,1.0000,1.0000,1.0000,1.0000,1.0000,1.0000,1.0000,1.0000,1.0000,1.0000,1.0000,1.0000,1.0000,1.0000,1.0000,1.0000,1.0000,1.0000,1.0000,1.0000,1.0000,1.0000,1.0000,1.0000,1.0000
60,0.5000,DynamicV1Rebalance,4.0000,6221.7587,248.8703,spend25p,107.4802,100.4422,93.4623,87.2622,80.5572,74.1640,67.9676,60.5478,53.2017,45.2870,37.6776,30.0226,23.1758,16.7964,10.7394,6.0446,1.2764,-2.6170,-5.7143,-8.9609,-11.8745,-14.6947,-17.4377,-20.2505,-23.5463,-27.0696,-30.8061,-34.9271,-39.1580,-43.8229,-48.7224,-53.8417,-59.2050,-65.2440,-71.4797,-78.2530
60,0.5000,DynamicV1Rebalance,4.0000,6221.7587,248.8703,spend50p,108.4047,103.0901,98.0378,93.3330,88.6227,83.6845,78.3715,72.9682,66.5720,59.8341,52.5493,45.0735,38.3317,31.6079,25.3978,20.2069,15.8349,11.5527,8.0881,5.1143,2.3328,-0.2735,-2.7323,-5.4095,-8.5315,-12.4191,-16.0788,-20.5128,-25.6423,-31.0651,-36.5421,-42.5393,-49.0992,-56.0965,-63.0443,-70.0001
60,0.5000,DynamicV1Rebalance,4.0000,6221.7587,248.8703,spend75p,109.3103,105.8115,102.6458,99.7748,97.1240,94.3681,90.6223,86.4383,81.0266,74.6210,67.9326,60.8222,53.4381,47.1141,41.6302,36.7377,32.5264,29.2038,26.2663,23.8083,21.5779,19.4934,17.4847,14.6744,12.2868,8.6837,4.3534,-0.2811,-6.2109,-11.7838,-18.4080,-25.5082,-33.8681,-42.7632,-51.7614,-60.8878
60,0.5000,DynamicV1Rebalance,5.0000,4977.4070,248.8703,survival,1.0000,1.0000,1.0000,1.0000,1.0000,1.0000,1.0000,1.0000,1.0000,1.0000,1.0000,1.0000,1.0000,1.0000,1.0000,1.0000,1.0000,1.0000,1.0000,1.0000,1.0000,1.0000,1.0000,1.0000,1.0000,1.0000,1.0000,1.0000,1.0000,1.0000,1.0000,1.0000,1.0000,1.0000,1.0000,1.0000
60,0.5000,DynamicV1Rebalance,5.0000,4977.4070,248.8703,spend25p,107.4802,100.4422,93.4623,87.2622,80.5572,74.1640,67.9676,60.5478,53.2017,45.2870,37.6776,30.0226,23.1758,16.7964,10.7394,6.0446,1.2764,-2.6170,-5.7143,-8.9609,-11.8745,-14.6947,-17.4377,-20.2505,-23.5463,-27.0696,-30.8061,-34.9271,-39.1580,-43.8229,-48.7224,-53.8417,-59.2050,-65.2440,-71.4797,-78.2530
60,0.5000,DynamicV1Rebalance,5.0000,4977.4070,248.8703,spend50p,108.4047,103.0901,98.0378,93.3330,88.6227,83.6845,78.3715,72.9682,66.5720,59.8341,52.5493,45.0735,38.3317,31.6079,25.3978,20.2069,15.8349,11.5527,8.0881,5.1143,2.3328,-0.2735,-2.7323,-5.4095,-8.5315,-12.4191,-16.0788,-20.5128,-25.6423,-31.0651,-36.5421,-42.5393,-49.0992,-56.0965,-63.0443,-70.0001
60,0.5000,DynamicV1Rebalance,5.0000,4977.4070,248.8703,spend75p,109.3103,105.8115,102.6458,99.7748,97.1240,94.3681,90.6223,86.4383,81.0266,74.6210,67.9326,60.8222,53.4381,47.1141,41.6302,36.7377,32.5264,29.2038,26.2663,23.8083,21.5779,19.4934,17.4847,14.6744,12.2868,8.6837,4.3534,-0.2811,-6.2109,-11.7838,-18.4080,-25.5082,-33.8681,-42.7632,-51.7614,-60.8878
60,0.5000,DynamicV1Rebalance,6.0000,4147.8391,248.8703,survival,1.0000,1.0000,1.0000,1.0000,1.0000,1.0000,1.0000,1.0000,1.0000,1.0000,1.0000,1.0000,1.0000,1.0000,1.0000,1.0000,1.0000,1.0000,1.0000,1.0000,1.0000,1.0000,1.0000,1.0000,1.0000,1.0000,1.0000,1.0000,1.0000,1.0000,1.0000,1.0000,1.0000,1.0000,1.0000,1.0000
60,0.5000,DynamicV1Rebalance,6.0000,4147.8391,248.8703,spend25p,107.4802,100.4422,93.4623,87.2622,80.5572,74.1640,67.9676,60.5478,53.2017,45.2870,37.6776,30.0226,23.1758,16.7964,10.7394,6.0446,1.2764,-2.6170,-5.7143,-8.9609,-11.8745,-14.6947,-17.4377,-20.2505,-23.5463,-27.0696,-30.8061,-34.9271,-39.1580,-43.8229,-48.7224,-53.8417,-59.2050,-65.2440,-71.4797,-78.2530
60,0.5000,DynamicV1Rebalance,6.0000,4147.8391,248.8703,spend50p,108.4047,103.0901,98.0378,93.3330,88.6227,83.6845,78.3715,72.9682,66.5720,59.8341,52.5493,45.0735,38.3317,31.6079,25.3978,20.2069,15.8349,11.5527,8.0881,5.1143,2.3328,-0.2735,-2.7323,-5.4095,-8.5315,-12.4191,-16.0788,-20.5128,-25.6423,-31.0651,-36.5421,-42.5393,-49.0992,-56.0965,-63.0443,-70.0001
60,0.5000,DynamicV1Rebalance,6.0000,4147.8391,248.8703,spend75p,109.3103,105.8115,102.6458,99.7748,97.1240,94.3681,90.6223,86.4383,81.0266,74.6210,67.9326,60.8222,53.4381,47.1141,41.6302,36.7377,32.5264,29.2038,26.2663,23.8083,21.5779,19.4934,17.4847,14.6744,12.2868,8.6837,4.3534,-0.2811,-6.2109,-11.7838,-18.4080,-25.5082,-33.8681,-42.7632,-51.7614,-60.8878
60,0.5000,DynamicV1Rebalance,7.0000,3555.2907,248.8703,survival,1.0000,1.0000,1.0000,1.0000,1.0000,1.0000,1.0000,1.0000,1.0000,1.0000,1.0000,1.0000,1.0000,1.0000,1.0000,1.0000,1.0000,1.0000,1.0000,1.0000,1.0000,0.9995,0.9995,0.9995,0.9995,0.9995,0.9995,0.9995,0.9995,0.9995,0.9990,0.9990,0.9990,0.9990,0.9990,0.9990
60,0.5000,DynamicV1Rebalance,7.0000,3555.2907,248.8703,spend25p,107.4802,100.4422,93.4623,87.2622,80.5572,74.1640,67.9676,60.5478,53.2017,45.2870,37.6776,30.0226,23.1758,16.7964,10.7394,6.0446,1.2764,-2.6170,-5.7143,-8.9609,-11.8745,-14.6947,-17.4377,-20.2505,-23.5463,-27.0696,-30.8061,-34.9271,-39.1580,-43.8229,-48.7224,-53.8099,-59.1869,-65.2412,-71.4671,-78.2359
60,0.5000,DynamicV1Rebalance,7.0000,3555.2907,248.8703,spend50p,108.4047,103.0901,98.0378,93.3330,88.6227,83.6845,78.3715,72.9682,66.5720,59.8341,52.5493,45.0735,38.3317,31.6079,25.3978,20.2069,15.8349,11.5527,8.0881,5.1143,2.3328,-0.2735,-2.7323,-5.4095,-8.5315,-12.4191,-16.0788,-20.5128,-25.6423,-31.0463,-36.5277,-42.5115,-49.0874,-56.0865,-62.9962,-69.9703
60,0.5000,DynamicV1Rebalance,7.0000,3555.2907,248.8703,spend75p,109.3103,105.8115,102.6458,99.7748,97.1240,94.3681,90.6223,86.4383,81.0266,74.6210,67.9326,60.8222,53.4381,47.1141,41.6302,36.7377,32.5264,29.2038,26.2663,23.8083,21.5779,19.4613,17.3527,14.6252,12.2210,8.5889,4.3246,-0.2811,-6.1832,-11.6755,-18.3879,-25.4846,-33.8492,-42.7255,-51.7307,-60.8742
60,0.5000,DynamicV1Rebalance,8.0000,3110.8794,248.8703,survival,1.0000,1.0000,1.0000,1.0000,1.0000,1.0000,1.0000,1.0000,1.0000,1.0000,1.0000,1.0000,1.0000,0.9995,0.9995,0.9995,0.9990,0.9990,0.9990,0.9990,0.9990,0.9980,0.9975,0.9975,0.9975,0.9975,0.9975,0.9975,0.9975,0.9975,0.9975,0.9975,0.9975,0.9970,0.9970,0.9970
60,0.5000,DynamicV1Rebalance,8.0000,3110.8794,248.8703,spend25p,107.4802,100.4422,93.4623,87.2622,80.5572,74.1640,67.9676,60.5478,53.2017,45.2870,37.6776,30.0226,23.1758,16.7167,10.7202,6.0265,1.2282,-2.6170,-5.7143,-8.9609,-11.8745,-14.6947,-17.4377,-20.2505,-23.5463,-27.0696,-30.8061,-34.9271,-39.1580,-43.8229,-48.7224,-53.8099,-59.1869,-65.2412,-71.4671,-78.2359
60,0.5000,DynamicV1Rebalance,8.0000,3110.8794,248.8703,spend50p,108.4047,103.0901,98.0378,93.3330,88.6227,83.6845,78.3715,72.9682,66.5720,59.8341,52.5493,45.0735,38.3317,31.5985,25.3508,20.1657,15.7932,11.5216,8.0724,5.0813,2.2464,-0.2735,-2.7323,-5.4095,-8.5315,-12.4191,-16.0788,-20.5128,-25.6423,-31.0463,-36.5277,-42.5115,-49.0874,-56.0865,-62.9962,-69.9492
60,0.5000,DynamicV1Rebalance,8.0000,3110.8794,248.8703,spend75p,109.3103,105.8115,102.6458,99.7748,97.1240,94.3681,90.6223,86.4383,81.0266,74.6210,67.9326,60.8222,53.4381,47.0564,41.5885,36.7080,32.4094,29.1831,26.1417,23.7165,21.5069,19.2369,16.7804,14.5629,11.8304,8.4672,4.2260,-0.1433,-6.1191,-11.4864,-18.3379,-25.4622,-33.8252,-42.6758,-51.6932,-60.8578
60,0.7500,DynamicV1Rebalance,2.5000,14932.2209,373.3055,survival,1.0000,1.0000,1.0000,1.0000,1.0000,1.0000,1.0000,1.0000,1.0000,1.0000,1.0000,1.0000,1.0000,1.0000,1.0000,1.0000,1.0000,1.0000,1.0000,1.0000,1.0000,1.0000,1.0000,1.0000,1.0000,1.0000,1.0000,1.0000,1.0000,1.0000,1.0000,1.0000,1.0000,1.0000,1.0000,1.0000
60,0.7500,DynamicV1Rebalance,2.5000,14932.2209,373.3055,spend25p,232.0725,222.0731,212.1297,203.2052,193.9104,184.7971,176.2948,165.9568,155.2948,144.2742,133.7464,123.7398,114.6796,105.6455,98.5379,92.5345,86.6784,82.9190,78.9274,76.2299,73.5898,71.8083,68.9651,66.7182,63.1653,60.1050,57.0366,53.4111,48.0895,43.4813,37.6316,32.5370,27.1332,20.6568,14.0458,7.2634
60,0.7500,DynamicV1Rebalance,2.5000,14932.2209,373.3055,spend50p,233.8328,227.1271,220.8838,215.3277,209.7141,203.4680,197.9163,191.6681,184.0467,175.5450,167.4998,158.9717,151.2648,143.2276,136.3053,130.7750,126.2199,122.6910,120.1270,117.8105,117.2118,115.6410,113.9681,112.9406,110.5834,109.9324,107.3051,105.0953,100.9464,96.7951,91.9618,85.8620,78.8444,73.1796,66.7286,60.3979
60,0.7500,DynamicV1Rebalance,2.5000,14932.2209,373.3055,spend75p,235.6333,232.4574,230.0322,228.0806,226.9438,225.8796,223.5452,219.8594,215.2857,209.1199,203.0354,196.0972,188.8527,183.9999,180.4335,176.2884,175.3425,173.4215,173.5724,176.1422,177.6437,178.4720,180.4278,182.2429,182.6818,180.7749,180.4685,179.5586,175.6342,173.0820,170.8373,166.0226,161.6013,153.8382,146.7046,138.9392
60,0.7500,DynamicV1Rebalance,3.0000,12443.5174,373.3055,survival,1.0000,1.0000,1.0000,1.0000,1.0000,1.0000,1.0000,1.0000,1.0000,1.0000,1.0000,1.0000,1.0000,1.0000,1.0000,1.0000,1.0000,1.0000,1.0000,1.0000,1.0000,1.0000,1.0000,1.0000,1.0000,1.0000,1.0000,1.0000,1.0000,1.0000,1.0000,1.0000,1.0000,1.0000,1.0000,1.0000
60,0.7500,DynamicV1Rebalance,3.0000,12443.5174,373.3055,spend25p,232.0725,222.0731,212.1297,203.2052,193.9104,184.7971,176.2948,165.9568,155.2948,144.2742,133.7464,123.7398,114.6796,105.6455,98.5379,92.5345,86.6784,82.9190,78.9274,76.2299,73.5898,71.8083,68.9651,66.7182,63.1653,60.1050,57.0366,53.4111,48.0895,43.4813,37.6316,32.5370,27.1332,20.6568,14.0458,7.2634
60,0.7500,DynamicV1Rebalance,3.0000,12443.5174,373.3055,spend50p,233.8328,227.1271,220.8838,215.3277,209.7141,203.4680,197.9163,191.6681,184.0467,175.5450,167.4998,158.9717,151.2648,143.2276,136.3053,130.7750,126.2199,122.6910,120.1270,117.8105,117.2118,115.6410,113.9681,112.9406,110.5834,109.9324,107.3051,105.0953,100.9464,96.7951,91.9618,85.8620,78.8444,73.1796,66.7286,60.3979
60,0.7500,DynamicV1Rebalance,3.0000,12443.5174,373.3055,spend75p,235.6333,232.4574,230.0322,228.0806,226.9438,225.8796,223.5452,219.8594,215.2857,209.1199,203.0354,196.0972,188.8527,183.9999,180.4335,176.2884,175.3425,173.4215,173.5724,176.1422,177.6437,178.4720,180.4278,182.2429,182.6818,180.7749,180.4685,179.5586,175.6342,173.0820,170.8373,166.0226,161.6013,153.8382,146.7046,138.9392
60,0.7500,DynamicV1Rebalance,4.0000,9332.6381,373.3055,survival,1.0000,1.0000,1.0000,1.0000,1.0000,1.0000,1.0000,1.0000,1.0000,1.0000,1.0000,1.0000,1.0000,1.0000,1.0000,1.0000,1.0000,1.0000,1.0000,1.0000,1.0000,1.0000,1.0000,1.0000,1.0000,1.0000,1.0000,1.0000,0.9995,0.9995,0.9995,0.9975,0.9975,0.9965,0.9965,0.9965
60,0.7500,DynamicV1Rebalance,4.0000,9332.6381,373.3055,spend25p,232.0725,222.0731,212.1297,203.2052,193.9104,184.7971,176.2948,165.9568,155.2948,144.2742,133.7464,123.7398,114.6796,105.6455,98.5379,92.5345,86.6784,82.9190,78.9274,76.2299,73.5898,71.8083,68.9651,66.7182,63.1653,60.1050,57.0366,53.4111,47.9269,43.4004,37.4341,32.0111,26.7418,19.6587,12.7714,6.5116
60,0.7500,DynamicV1Rebalance,4.0000,9332.6381,373.3055,spend50p,233.8328,227.1271,220.8838,215.3277,209.7141,203.4680,197.9163,191.6681,184.0467,175.5450,167.4998,158.9717,151.2648,143.2276,136.3053,130.7750,126.2199,122.6910,120.1270,117.8105,117.2118,115.6410,113.9681,112.9406,110.5834,109.9324,107.3051,105.0953,100.8716,96.5103,91.7365,85.3070,77.6466,72.3793,66.2247,59.7323
60,0.7500,DynamicV1Rebalance,4.0000,9332.6381,373.3055,spend75p,235.6333,232.4574,230.0322,228.0806,226.9438,225.8796,223.5452,219.8594,215.2857,209.1199,203.0354,196.0972,188.8527,183.9999,180.4335,176.2884,175.3425,173.4215,173.5724,176.1422,177.6437,178.4720,180.4278,182.2429,182.6818,180.7749,180.4685,179.5586,175.6342,173.0820,170.8373,165.7703,160.6293,152.0805,145.8294,138.0160
60,0.7500,DynamicV1Rebalance,5.0000,7466.1105,373.3055,survival,1.0000,1.0000,1.0000,1.0000,1.0000,1.0000,1.0000,1.0000,1.0000,1.0000,1.0000,1.0000,1.0000,1.0000,1.0000,0.9990,0.9970,0.9965,0.9965,0.9960,0.9960,0.9960,0.9955,0.9955,0.9945,0.9935,0.9925,0.9920,0.9920,0.9920,0.9905,0.9890,0.9885,0.9870,0.9860,0.9855
60,0.7500,DynamicV1Rebalance,5.0000,7466.1105,373.3055,spend25p,232.0725,222.0731,212.1297,203.2052,193.9104,184.7971,176.2948,165.9568,155.2948,144.2742,133.7464,123.7398,114.6796,105.6455,98.5379,92.4856,86.1623,82.1771,78.4011,75.2869,72.9304,70.9807,68.2558,66.1980,62.6006,59.0901,55.6818,51.5616,46.8897,41.9569,35.7477,30.9092,25.1476,18.0031,10.6627,4.0826
60,0.7500,DynamicV1Rebalance,5.0000,7466.1105,373.3055,spend50p,233.8328,227.1271,220.8838,215.3277,209.7141,203.4680,197.9163,191.6681,184.0467,175.5450,167.4998,158.9717,151.2648,143.2276,136.3053,130.6996,126.0496,122.2496,119.2926,116.9944,116.4727,114.5521,113.2835,112.0323,110.2006,108.5222,106.3445,102.9249,98.4562,94.6676,89.3937,82.8732,76.0518,70.6521,64.0376,56.4380
60,0.7500,DynamicV1Rebalance,5.0000,7466.1105,373.3055,spend75p,235.6333,232.4574,230.0322,228.0806,226.9438,225.8796,223.5452,219.8594,215.2857,209.1199,203.0354,196.0972,188.8527,183.9999,180.4335,176.0768,174.8405,172.9597,173.1524,175.1845,176.6290,178.1052,179.1089,181.2664,179.9518,179.1327,178.3028,174.8583,172.8205,170.5977,167.8705,162.8932,157.1986,149.8452,142.3387,134.2613
60,0.7500,DynamicV1Rebalance,6.0000,6221.7587,373.3055,survival,1.0000,1.0000,1.0000,1.0000,1.0000,1.0000,1.0000,1.0000,1.0000,1.0000,0.9995,0.9995,0.9985,0.9970,0.9965,0.9960,0.9945,0.9925,0.9915,0.9905,0.9885,0.9855,0.9830,0.9820,0.9795,0.9750,0.9725,0.9705,0.9680,0.9665,0.9655,0.9630,0.9615,0.9580,0.9570,0.9560
60,0.7500,DynamicV1Rebalance,6.0000,6221.7587,373.3055,spend25p,232.0725,222.0731,212.1297,203.2052,193.9104,184.7971,176.2948,165.9568,155.2948,144.2742,133.6269,123.6016,114.3687,105.3642,98.0472,92.1593,85.9380,81.2671,77.4013,74.1887,71.5194,68.2322,65.7172,61.9978,59.2331,55.3053,50.8748,46.4895,41.3694,35.9444,31.9561,26.1507,19.4967,13.2223,6.4244,0.0000
60,0.7500,DynamicV1Rebalance,6.0000,6221.7587,373.3055,spend50p,233.8328,227.1271,220.8838,215.3277,209.7141,203.4680,197.9163,191.6681,184.0467,175.5450,167.3985,158.8762,150.7878,143.0113,135.7666,129.9611,125.6856,121.7196,118.2538,116.3284,115.2470,113.1656,111.3800,109.8303,108.5467,105.0492,101.7243,98.8782,93.6586,87.9028,84.3253,77.8173,71.7299,64.0808,58.1777,50.1036
60,0.7500,DynamicV1Rebalance,6.0000,6221.7587,373.3055,spend75p,235.6333,232.4574,230.0322,228.0806,226.9438,225.8796,223.5452,219.8594,215.2857,209.1199,202.9771,196.0647,188.6623,183.2629,179.9832,175.6811,174.7346,171.6582,172.2629,174.4452,174.5272,175.6769,176.5355,177.7805,176.8521,174.0042,172.4355,169.8938,166.5374,163.0791,158.6186,152.9042,148.2280,141.4069,134.0216,125.8099
60,0.7500,DynamicV1Rebalance,7.0000,5332.9360,373.3055,survival,1.0000,1.0000,1.0000,1.0000,1.0000,1.0000,1.0000,1.0000,1.0000,0.9995,0.9990,0.9970,0.9960,0.9935,0.9905,0.9885,0.9845,0.9820,0.9730,0.9690,0.9660,0.9600,0.9525,0.9480,0.9450,0.9405,0.9395,0.9370,0.9350,0.9320,0.9270,0.9220,0.9175,0.9165,0.9130,0.9115
60,0.7500,DynamicV1Rebalance,7.0000,5332.9360,373.3055,spend25p,232.0725,222.0731,212.1297,203.2052,193.9104,184.7971,176.2948,165.9568,155.2948,144.2073,133.5574,123.1654,113.9796,105.1058,97.0311,90.7621,84.7323,79.2240,73.9895,70.6823,68.1212,63.3831,59.3368,55.2493,51.7550,48.4172,44.8842,39.4110,34.4369,30.1310,23.1367,17.2082,11.0690,5.8225,0.0000,0.0000
60,0.7500,DynamicV1Rebalance,7.0000,5332.9360,373.3055,spend50p,233.8328,227.1271,220.8838,215.3277,209.7141,203.4680,197.9163,191.6681,184.0467,175.4549,167.3190,158.5029,150.4525,142.5005,134.8950,129.0446,124.0013,120.0584,115.9747,113.4509,112.0344,109.3238,106.8654,104.9377,103.1835,98.7154,96.1110,91.9660,87.9495,82.9377,77.3082,69.9230,62.1635,55.0121,48.1399,41.5214
60,0.7500,DynamicV1Rebalance,7.0000,5332.9360,373.3055,spend75p,235.6333,232.4574,230.0322,228.0806,226.9438,225.8796,223.5452,219.8594,215.2857,209.0777,202.9232,195.6829,188.5629,182.7832,178.6071,174.8669,172.5844,170.4173,168.4661,169.4945,169.4371,168.5808,168.7398,169.7710,168.3476,167.0112,165.8426,162.9755,159.6082,155.1548,149.7022,144.4708,137.2518,131.6465,122.5037,113.1481
60,0.7500,DynamicV1Rebalance,8.0000,4666.3190,373.3055,survival,1.0000,1.0000,1.0000,1.0000,1.0000,1.0000,1.0000,1.0000,0.9990,0.9990,0.9960,0.9935,0.9890,0.9845,0.9795,0.9725,0.9640,0.9580,0.9455,0.9370,0.9305,0.9175,0.9090,0.8940,0.8865,0.8785,0.8720,0.8665,0.8650,0.8615,0.8585,0.8555,0.8505,0.8490,0.8450,0.8435
60,0.7500,DynamicV1Rebalance,8.0000,4666.3190,373.3055,spend25p,232.0725,222.0731,212.1297,203.2052,193.9104,184.7971,176.2948,165.9568,155.2471,144.1068,133.3167,122.5320,112.9572,103.9606,96.0167,88.5308,81.1398,75.4160,70.0414,66.0485,61.7236,56.7746,50.6200,45.3012,39.0616,34.8102,29.5829,24.1324,19.7585,15.0118,9.7397,4.5849,0.0000,0.0000,0.0000,0.0000
60,0.7500,DynamicV1Rebalance,8.0000,4666.3190,373.3055,spend50p,233.8328,227.1271,220.8838,215.3277,209.7141,203.4680,197.9163,191.6681,183.9530,175.4332,166.6651,158.1105,149.1157,141.7600,133.2095,127.1399,121.2343,115.8132,111.9111,109.2174,106.1096,103.0100,100.3557,95.7544,92.6686,88.1512,83.6777,79.7860,75.7108,69.9648,64.4313,58.0917,50.6549,43.1553,35.6267,28.3606
60,0.7500,DynamicV1Rebalance,8.0000,4666.3190,373.3055,spend75p,235.6333,232.4574,230.0322,228.0806,226.9438,225.8796,223.5452,219.8594,215.1298,209.0366,202.6310,195.3919,187.8741,181.5381,176.9973,172.0481,168.2199,167.4284,165.1661,164.2955,161.8637,161.4071,159.8350,158.0803,157.0443,154.2889,151.0556,147.3558,144.4410,139.2129,134.7964,129.3977,121.2158,114.3178,105.4936,96.3001
60,1.0000,DynamicV1Rebalance,2.5000,19909.6279,497.7407,survival,1.0000,1.0000,1.0000,1.0000,1.0000,1.0000,1.0000,1.0000,1.0000,1.0000,1.0000,1.0000,1.0000,1.0000,1.0000,1.0000,1.0000,1.0000,1.0000,1.0000,1.0000,1.0000,1.0000,1.0000,1.0000,1.0000,1.0000,1.0000,1.0000,1.0000,1.0000,1.0000,1.0000,1.0000,1.0000,1.0000
60,1.0000,DynamicV1Rebalance,2.5000,19909.6279,497.7407,spend25p,356.6571,343.6014,330.7619,319.3671,307.3802,295.2678,284.5948,270.9984,257.2178,243.4093,230.0139,216.8430,205.8552,194.9148,186.2724,178.7897,172.3584,167.4305,163.3072,161.3561,159.0358,157.7261,155.8725,153.6206,150.7719,147.0144,143.6793,140.2449,135.2039,129.3663,123.8365,120.2422,113.1005,106.8796,98.9175,92.1744
60,1.0000,DynamicV1Rebalance,2.5000,19909.6279,497.7407,spend50p,359.2616,351.1312,343.8391,337.0954,330.7560,323.4069,317.2954,310.6313,301.1917,291.4627,282.2877,272.6498,263.8899,255.5907,247.6156,241.4372,236.1958,233.5928,231.0992,230.4653,231.3784,231.6803,231.0970,230.4978,231.2819,231.8743,231.5021,230.4338,226.6524,224.2849,219.4079,215.1893,208.2389,203.5553,200.6665,193.8680
60,1.0000,DynamicV1Rebalance,2.5000,19909.6279,497.7407,spend75p,361.9799,359.1408,357.4765,356.5537,356.8544,357.3835,356.4240,353.4484,349.5144,344.0773,338.3432,331.4410,324.3812,320.3646,318.8344,316.2264,318.0229,318.0824,321.4629,328.6363,331.9798,336.0289,343.1306,348.7116,351.7955,354.1534,355.7321,362.9097,360.2233,360.5552,360.8725,356.9408,355.0612,352.6484,347.1727,342.5095
60,1.0000,DynamicV1Rebalance,3.0000,16591.3566,497.7407,survival,1.0000,1.0000,1.0000,1.0000,1.0000,1.0000,1.0000,1.0000,1.0000,1.0000,1.0000,1.0000,1.0000,1.0000,1.0000,1.0000,1.0000,1.0000,1.0000,1.0000,1.0000,1.0000,1.0000,1.0000,1.0000,1.0000,1.0000,1.0000,1.0000,1.0000,0.9995,0.9995,0.9995,0.9975,0.9970,0.9970
60,1.0000,DynamicV1Rebalance,3.0000,16591.3566,497.7407,spend25p,356.6571,343.6014,330.7619,319.3671,307.3802,295.2678,284.5948,270.9984,257.2178,243.4093,230.0139,216.8430,205.8552,194.9148,186.2724,178.7897,172.3584,167.4305,163.3072,161.3561,159.0358,157.7261,155.8725,153.6206,150.7719,147.0144,143.6793,140.2449,135.2039,129.3663,123.7696,120.1553,112.9362,106.0087,98.2775,91.4007
60,1.0000,DynamicV1Rebalance,3.0000,16591.3566,497.7407,spend50p,359.2616,351.1312,343.8391,337.0954,330.7560,323.4069,317.2954,310.6313,301.1917,291.4627,282.2877,272.6498,263.8899,255.5907,247.6156,241.4372,236.1958,233.5928,231.0992,230.4653,231.3784,231.6803,231.0970,230.4978,231.2819,231.8743,231.5021,230.4338,226.6524,224.2849,219.3754,214.9820,208.0369,203.3013,198.7563,193.2001
60,1.0000,DynamicV1Rebalance,3.0000,16591.3566,497.7407,spend75p,361.9799,359.1408,357.4765,356.5537,356.8544,357.3835,356.4240,353.4484,349.5144,344.0773,338.3432,331.4410,324.3812,320.3646,318.8344,316.2264,318.0229,318.0824,321.4629,328.6363,331.9798,336.0289,343.1306,348.7116,351.7955,354.1534,355.7321,362.9097,360.2233,360.5552,360.6792,355.8484,355.0007,350.2001,345.1588,339.9698
60,1.0000,DynamicV1Rebalance,4.0000,12443.5174,497.7407,survival,1.0000,1.0000,1.0000,1.0000,1.0000,1.0000,1.0000,1.0000,1.0000,1.0000,1.0000,1.0000,1.0000,1.0000,1.0000,1.0000,0.9990,0.9985,0.9980,0.9975,0.9975,0.9975,0.9975,0.9965,0.9965,0.9950,0.9950,0.9940,0.9930,0.9925,0.9915,0.9905,0.9885,0.9875,0.9860,0.9855
60,1.0000,DynamicV1Rebalance,4.0000,12443.5174,497.7407,spend25p,356.6571,343.6014,330.7619,319.3671,307.3802,295.2678,284.5948,270.9984,257.2178,243.4093,230.0139,216.8430,205.8552,194.9148,186.2724,178.7897,172.1034,166.4238,162.7645,160.7211,158.1593,156.1590,155.1621,151.9090,149.5821,145.6906,141.4957,138.0869,132.4436,126.0790,120.9345,116.7206,109.0281,101.3420,94.6329,87.9126
60,1.0000,DynamicV1Rebalance,4.0000,12443.5174,497.7407,spend50p,359.2616,351.1312,343.8391,337.0954,330.7560,323.4069,317.2954,310.6313,301.1917,291.4627,282.2877,272.6498,263.8899,255.5907,247.6156,241.4372,236.0687,233.3867,230.5469,229.8238,230.9117,230.9820,230.1209,229.5820,229.6346,230.3735,229.4888,227.7694,223.1228,220.3422,215.7919,210.8792,203.3161,199.7312,193.9237,186.1419
60,1.0000,DynamicV1Rebalance,4.0000,12443.5174,497.7407,spend75p,361.9799,359.1408,357.4765,356.5537,356.8544,357.3835,356.4240,353.4484,349.5144,344.0773,338.3432,331.4410,324.3812,320.3646,318.8344,316.2264,317.6414,318.0111,321.0146,328.1024,331.3389,335.7359,342.3178,347.6037,349.9570,350.1538,352.8420,356.8879,354.6875,355.4004,354.8417,352.0020,350.0354,341.8274,336.6532,332.9640
60,1.0000,DynamicV1Rebalance,5.0000,9954.8140,497.7407,survival,1.0000,1.0000,1.0000,1.0000,1.0000,1.0000,1.0000,1.0000,1.0000,1.0000,0.9995,0.9995,0.9985,0.9965,0.9965,0.9960,0.9940,0.9920,0.9905,0.9900,0.9880,0.9860,0.9830,0.9810,0.9785,0.9770,0.9715,0.9675,0.9660,0.9635,0.9600,0.9575,0.9560,0.9545,0.9505,0.9500
60,1.0000,DynamicV1Rebalance,5.0000,9954.8140,497.7407,spend25p,356.6571,343.6014,330.7619,319.3671,307.3802,295.2678,284.5948,270.9984,257.2178,243.4093,229.9959,216.7521,205.3514,194.3950,185.1505,177.9709,170.7311,165.0823,160.9860,157.9380,155.4720,151.9111,149.5777,144.9642,141.8371,139.5799,132.6109,127.6410,122.3148,116.5624,111.0368,104.5278,98.4837,91.8091,82.6690,77.2400
60,1.0000,DynamicV1Rebalance,5.0000,9954.8140,497.7407,spend50p,359.2616,351.1312,343.8391,337.0954,330.7560,323.4069,317.2954,310.6313,301.1917,291.4627,282.0060,272.5976,263.4390,254.5634,246.3472,240.0488,235.1483,231.3830,228.6862,228.4980,228.1468,227.4092,225.8678,226.2014,224.8169,224.4705,221.3806,217.8116,213.7696,208.8016,204.5023,198.4395,193.1745,186.2259,179.6982,174.9317
60,1.0000,DynamicV1Rebalance,5.0000,9954.8140,497.7407,spend75p,361.9799,359.1408,357.4765,356.5537,356.8544,357.3835,356.4240,353.4484,349.5144,344.0773,338.0587,331.3275,324.1501,319.8918,317.8784,314.7108,315.7827,315.0668,319.4594,325.6417,328.4835,331.2616,337.2332,338.5690,342.0548,344.3721,342.2099,341.4432,342.2701,339.4827,335.8851,335.3004,330.0900,325.7385,317.8980,310.7210
60,1.0000,DynamicV1Rebalance,6.0000,8295.6783,497.7407,survival,1.0000,1.0000,1.0000,1.0000,1.0000,1.0000,1.0000,1.0000,0.9995,0.9990,0.9990,0.9965,0.9945,0.9910,0.9885,0.9845,0.9800,0.9705,0.9660,0.9590,0.9520,0.9450,0.9395,0.9350,0.9260,0.9225,0.9170,0.9085,0.9035,0.8970,0.8925,0.8875,0.8845,0.8790,0.8765,0.8745
60,1.0000,DynamicV1Rebalance,6.0000,8295.6783,497.7407,spend25p,356.6571,343.6014,330.7619,319.3671,307.3802,295.2678,284.5948,270.9984,257.1711,243.2528,229.9794,216.3504,204.4437,193.4910,183.9584,174.5957,167.3212,158.5342,154.2835,149.4190,145.0463,139.2906,134.1288,130.0958,124.7956,119.1609,113.6147,107.8791,101.7112,94.1316,87.1994,79.6241,72.0448,63.8874,56.7024,50.4253
60,1.0000,DynamicV1Rebalance,6.0000,8295.6783,497.7407,spend50p,359.2616,351.1312,343.8391,337.0954,330.7560,323.4069,317.2954,310.6313,301.0335,291.2064,281.9131,271.8956,262.1807,253.4807,244.7400,237.8537,232.4969,226.5783,224.5278,222.3918,220.1443,217.3815,216.3829,215.2749,211.2588,209.6735,205.2727,200.9031,196.3370,189.2574,183.3576,176.1330,167.2751,158.4891,151.4107,144.4587
60,1.0000,DynamicV1Rebalance,6.0000,8295.6783,497.7407,spend75p,361.9799,359.1408,357.4765,356.5537,356.8544,357.3835,356.4240,353.4484,349.3621,343.8369,337.8279,331.1053,323.6304,318.2455,316.3217,312.2915,312.0240,311.8867,312.7011,313.6613,315.8284,318.2803,320.4856,324.6283,324.0983,325.4488,326.9619,322.2232,321.7066,316.3004,310.6704,304.6325,300.9580,292.0902,285.9080,276.8216
60,1.0000,DynamicV1Rebalance,7.0000,7110.5814,497.7407,survival,1.0000,1.0000,1.0000,1.0000,1.0000,1.0000,1.0000,1.0000,0.9990,0.9965,0.9955,0.9905,0.9865,0.9805,0.9700,0.9590,0.9480,0.9325,0.9205,0.9030,0.8895,0.8730,0.8645,0.8535,0.8415,0.8330,0.8245,0.8145,0.8080,0.8010,0.7970,0.7940,0.7910,0.7875,0.7845,0.7785
60,1.0000,DynamicV1Rebalance,7.0000,7110.5814,497.7407,spend25p,356.6571,343.6014,330.7619,319.3671,307.3802,295.2678,284.5948,270.9984,257.0699,242.2904,229.0738,215.0734,203.0797,191.5884,180.3930,168.7697,159.7456,151.6078,144.8581,134.3459,126.0507,116.4822,109.5680,102.3326,93.5581,85.3600,77.2228,66.9843,58.6504,50.3980,41.8718,36.3463,29.1616,21.9404,13.9140,4.9703
60,1.0000,DynamicV1Rebalance,7.0000,7110.5814,497.7407,spend50p,359.2616,351.1312,343.8391,337.0954,330.7560,323.4069,317.2954,310.6313,300.8835,290.6191,281.4620,270.8085,260.8661,250.3813,239.7834,232.3134,225.4581,218.8115,214.7361,207.1959,202.8404,198.8181,197.4288,192.3166,189.1527,184.8793,180.0477,172.8986,166.3167,159.4366,151.2052,144.7897,137.2496,129.0307,121.2815,112.1646
60,1.0000,DynamicV1Rebalance,7.0000,7110.5814,497.7407,spend75p,361.9799,359.1408,357.4765,356.5537,356.8544,357.3835,356.4240,353.4484,349.3026,343.6151,337.2666,330.1346,322.3075,315.7885,311.5084,307.5031,303.1539,302.7987,302.5559,295.3511,296.6168,292.6617,294.5095,295.7575,295.2525,294.7456,292.0703,287.5711,283.1699,278.3067,272.8833,266.6980,263.0564,255.7254,247.7918,236.4827
60,1.0000,DynamicV1Rebalance,8.0000,6221.7587,497.7407,survival,1.0000,1.0000,1.0000,1.0000,1.0000,1.0000,1.0000,0.9990,0.9965,0.9940,0.9895,0.9830,0.9675,0.9555,0.9320,0.9130,0.8955,0.8725,0.8555,0.8365,0.8200,0.8020,0.7880,0.7760,0.7625,0.7460,0.7340,0.7245,0.7170,0.7125,0.7050,0.6980,0.6950,0.6880,0.6830,0.6780
60,1.0000,DynamicV1Rebalance,8.0000,6221.7587,497.7407,spend25p,356.6571,343.6014,330.7619,319.3671,307.3802,295.2678,284.5948,270.9291,256.6904,241.7233,227.2557,213.8617,199.6207,186.0897,168.9542,157.0355,145.6656,131.8537,119.8361,107.9115,96.2343,84.3054,69.3661,58.5848,38.7691,0.0000,0.0000,0.0000,0.0000,0.0000,0.0000,0.0000,0.0000,0.0000,0.0000,0.0000
60,1.0000,DynamicV1Rebalance,8.0000,6221.7587,497.7407,spend50p,359.2616,351.1312,343.8391,337.0954,330.7560,323.4069,317.2954,310.5380,300.6060,290.2203,280.3826,269.5040,256.7519,244.9901,232.3062,221.3334,213.8255,206.8173,198.5639,190.6491,185.7734,179.0235,175.1168,171.0256,165.6559,155.5807,149.0933,142.2272,134.2502,126.7087,118.9990,112.3814,104.4174,95.5259,86.5563,78.2651
60,1.0000,DynamicV1Rebalance,8.0000,6221.7587,497.7407,spend75p,361.9799,359.1408,357.4765,356.5537,356.8544,357.3835,356.4240,353.2144,348.9989,343.3464,336.9415,328.7908,319.3689,310.1445,304.3895,299.0311,292.7851,290.2353,283.2615,278.2917,273.8472,272.3597,272.2405,271.9206,271.2607,268.1669,263.0949,259.3348,255.5834,251.5133,246.9355,238.9977,231.2618,225.1237,216.5999,208.9813
60,1.5000,DynamicV1Rebalance,2.5000,29864.4419,746.6110,survival,1.0000,1.0000,1.0000,1.0000,1.0000,1.0000,1.0000,1.0000,1.0000,1.0000,1.0000,1.0000,1.0000,1.0000,1.0000,1.0000,1.0000,1.0000,1.0000,1.0000,1.0000,1.0000,1.0000,1.0000,1.0000,1.0000,1.0000,1.0000,1.0000,1.0000,1.0000,0.9990,0.9980,0.9965,0.9965,0.9955
60,1.5000,DynamicV1Rebalance,2.5000,29864.4419,746.6110,spend25p,605.8327,586.6301,568.1132,551.6403,533.9684,516.2099,501.0821,482.0819,461.5499,441.4352,422.3142,403.7445,388.1039,373.3303,362.5023,350.9426,343.2858,336.8855,333.8447,330.9986,328.8680,328.5183,329.2890,326.7278,323.7546,321.5583,317.0751,314.2933,308.5031,302.3692,296.8535,291.7164,284.0089,277.0578,268.3675,260.1031
60,1.5000,DynamicV1Rebalance,2.5000,29864.4419,746.6110,spend50p,610.1517,599.1274,589.7332,581.2780,573.1506,563.6099,555.8564,548.5691,535.5956,523.4774,511.9744,499.9841,489.1745,479.1490,468.9271,461.5223,456.7375,454.7996,454.3494,456.2805,459.3289,462.7367,465.0914,466.5906,469.5243,475.6677,476.7795,480.3620,479.3125,480.1726,474.7226,470.8855,465.4251,465.5773,463.6899,457.5664
60,1.5000,DynamicV1Rebalance,2.5000,29864.4419,746.6110,spend75p,614.6416,612.2907,612.3576,613.5834,616.7443,620.3837,621.4545,620.8036,618.2135,613.5879,608.3616,602.2038,596.0655,593.4848,595.8019,596.0526,602.2071,606.3987,618.2554,633.6796,641.0561,654.4085,670.1836,682.5698,693.1583,700.6216,712.4197,724.5622,728.8226,734.5741,741.6210,741.5164,740.5711,740.2465,742.5632,741.5519
60,1.5000,DynamicV1Rebalance,3.0000,24887.0349,746.6110,survival,1.0000,1.0000,1.0000,1.0000,1.0000,1.0000,1.0000,1.0000,1.0000,1.0000,1.0000,1.0000,1.0000,1.0000,1.0000,1.0000,1.0000,1.0000,1.0000,1.0000,1.0000,1.0000,0.9995,0.9995,0.9995,0.9990,0.9990,0.9985,0.9985,0.9980,0.9970,0.9970,0.9950,0.9935,0.9935,0.9920
60,1.5000,DynamicV1Rebalance,3.0000,24887.0349,746.6110,spend25p,605.8327,586.6301,568.1132,551.6403,533.9684,516.2099,501.0821,482.0819,461.5499,441.4352,422.3142,403.7445,388.1039,373.3303,362.5023,350.9426,343.2858,336.8855,333.8447,330.9986,328.8680,328.5183,329.1811,325.9549,323.2265,320.6376,316.4377,313.1970,308.2687,300.6016,295.5631,290.5991,282.2795,275.1679,267.1618,257.5973
60,1.5000,DynamicV1Rebalance,3.0000,24887.0349,746.6110,spend50p,610.1517,599.1274,589.7332,581.2780,573.1506,563.6099,555.8564,548.5691,535.5956,523.4774,511.9744,499.9841,489.1745,479.1490,468.9271,461.5223,456.7375,454.7996,454.3494,456.2805,459.3289,462.7367,464.3929,466.5175,469.2374,475.4987,476.3983,479.3550,478.8675,478.5224,472.4878,469.6502,463.1554,463.3870,460.5474,455.6857
60,1.5000,DynamicV1Rebalance,3.0000,24887.0349,746.6110,spend75p,614.6416,612.2907,612.3576,613.5834,616.7443,620.3837,621.4545,620.8036,618.2135,613.5879,608.3616,602.2038,596.0655,593.4848,595.8019,596.0526,602.2071,606.3987,618.2554,633.6796,641.0561,654.4085,668.2009,682.4575,692.7261,699.6872,711.7362,723.7425,726.7359,733.0003,736.9525,738.8016,737.2971,737.5040,736.7091,735.9866
60,1.5000,DynamicV1Rebalance,4.0000,18665.2762,746.6110,survival,1.0000,1.0000,1.0000,1.0000,1.0000,1.0000,1.0000,1.0000,1.0000,1.0000,1.0000,0.9995,0.9995,0.9980,0.9965,0.9965,0.9960,0.9960,0.9940,0.9930,0.9930,0.9915,0.9895,0.9890,0.9855,0.9840,0.9820,0.9795,0.9780,0.9745,0.9710,0.9690,0.9655,0.9615,0.9580,0.9565
60,1.5000,DynamicV1Rebalance,4.0000,18665.2762,746.6110,spend25p,605.8327,586.6301,568.1132,551.6403,533.9684,516.2099,501.0821,482.0819,461.5499,441.4352,422.3142,403.5020,387.4913,372.8888,359.9192,349.7441,341.1947,335.1012,329.5259,327.8144,324.5262,321.5017,320.4431,317.4407,315.2775,313.0715,306.0970,297.8759,294.6197,286.6966,277.9905,274.3312,264.7756,255.3413,244.2825,235.6960
60,1.5000,DynamicV1Rebalance,4.0000,18665.2762,746.6110,spend50p,610.1517,599.1274,589.7332,581.2780,573.1506,563.6099,555.8564,548.5691,535.5956,523.4774,511.9744,499.7182,489.1571,478.7540,467.7300,459.5579,455.8853,452.9970,451.5672,453.5139,456.9345,457.1172,459.0520,462.2441,462.0363,465.2601,465.6972,467.5243,463.0231,457.4095,454.8151,449.0399,443.5147,439.8396,429.8383,424.3059
60,1.5000,DynamicV1Rebalance,4.0000,18665.2762,746.6110,spend75p,614.6416,612.2907,612.3576,613.5834,616.7443,620.3837,621.4545,620.8036,618.2135,613.5879,608.3616,602.0875,595.8437,592.7811,594.6010,594.4945,600.0607,604.9272,614.7984,627.6219,636.8720,646.1120,660.6041,672.1851,676.2494,686.0347,693.5016,699.8830,701.6665,707.0267,705.8652,708.3651,706.9036,701.9765,691.9777,685.7546
60,1.5000,DynamicV1Rebalance,5.0000,14932.2209,746.6110,survival,1.0000,1.0000,1.0000,1.0000,1.0000,1.0000,1.0000,1.0000,1.0000,0.9995,0.9990,0.9970,0.9955,0.9925,0.9900,0.9870,0.9835,0.9775,0.9695,0.9640,0.9575,0.9535,0.9440,0.9380,0.9310,0.9285,0.9240,0.9175,0.9115,0.9035,0.8990,0.8945,0.8885,0.8835,0.8790,0.8745
60,1.5000,DynamicV1Rebalance,5.0000,14932.2209,746.6110,spend25p,605.8327,586.6301,568.1132,551.6403,533.9684,516.2099,501.0821,482.0819,461.5499,441.3259,422.0737,402.8742,386.7765,372.2163,358.2001,346.1501,334.9360,325.8869,318.1668,311.8764,308.4046,303.0542,291.6325,285.8174,278.7108,272.5598,266.3103,259.7147,251.2745,239.0639,230.9681,222.6036,208.2553,199.2092,187.0952,177.0103
60,1.5000,DynamicV1Rebalance,5.0000,14932.2209,746.6110,spend50p,610.1517,599.1274,589.7332,581.2780,573.1506,563.6099,555.8564,548.5691,535.5956,523.3071,511.8015,498.8351,487.9236,476.4314,464.6553,456.6909,452.0590,443.7511,443.9863,443.3128,442.8662,441.2070,440.4457,441.8491,437.3382,438.1183,434.7446,431.1127,426.0160,417.6824,411.7602,404.5128,388.6692,379.6413,371.2394,362.8034
60,1.5000,DynamicV1Rebalance,5.0000,14932.2209,746.6110,spend75p,614.6416,612.2907,612.3576,613.5834,616.7443,620.3837,621.4545,620.8036,618.2135,613.4883,607.6671,601.8582,595.2921,591.3413,590.7597,590.1581,594.3773,599.6433,603.4004,608.4392,614.9950,625.3642,633.7585,640.5236,642.7086,651.9868,657.4303,655.0488,659.9281,653.4617,650.1432,645.3781,643.8137,633.6417,634.6529,629.1353
60,1.5000,DynamicV1Rebalance,6.0000,12443.5174,746.6110,survival,1.0000,1.0000,1.0000,1.0000,1.0000,1.0000,1.0000,1.0000,0.9990,0.9970,0.9955,0.9910,0.9865,0.9790,0.9680,0.9560,0.9440,0.9300,0.9135,0.8925,0.8785,0.8645,0.8500,0.8385,0.8260,0.8160,0.8075,0.8010,0.7945,0.7840,0.7795,0.7725,0.7675,0.7625,0.7550,0.7480
60,1.5000,DynamicV1Rebalance,6.0000,12443.5174,746.6110,spend25p,605.8327,586.6301,568.1132,551.6403,533.9684,516.2099,501.0821,482.0819,461.4361,440.0285,420.9115,400.4112,384.2608,365.9900,349.4686,333.7423,319.5875,308.4797,295.2500,277.0208,261.3682,249.4206,233.0586,224.0568,210.0295,193.7270,176.7638,163.1461,153.4873,134.1492,122.0233,104.3412,85.8196,71.7625,36.1228,0.0000
60,1.5000,DynamicV1Rebalance,6.0000,12443.5174,746.6110,spend50p,610.1517,599.1274,589.7332,581.2780,573.1506,563.6099,555.8564,548.5691,535.1656,522.4083,510.2001,497.4479,483.9877,469.8451,455.5004,445.5235,436.5895,427.7124,423.1537,409.9347,404.8202,400.1139,398.9595,393.8461,388.8402,382.2230,373.1263,366.4593,358.1371,347.0770,338.6668,328.1548,314.5443,303.7331,290.9024,279.2696
60,1.5000,DynamicV1Rebalance,6.0000,12443.5174,746.6110,spend75p,614.6416,612.2907,612.3576,613.5834,616.7443,620.3837,621.4545,620.8036,617.9859,613.1680,607.2889,600.2568,591.8411,585.7284,582.7167,579.7998,577.5526,580.8307,581.3489,570.0303,570.9700,568.1130,575.0805,582.6407,585.5282,581.1570,578.7705,579.7377,574.6323,569.6180,565.6983,559.4565,552.7940,542.8178,534.3115,528.3715
60,1.5000,DynamicV1Rebalance,7.0000,10665.8721,746.6110,survival,1.0000,1.0000,1.0000,1.0000,1.0000,1.0000,1.0000,0.9990,0.9965,0.9935,0.9890,0.9785,0.9625,0.9435,0.9220,0.9015,0.8740,0.8560,0.8325,0.8060,0.7895,0.7750,0.7580,0.7390,0.7225,0.7050,0.6905,0.6790,0.6685,0.6595,0.6525,0.6450,0.6390,0.6365,0.6280,0.6215
60,1.5000,DynamicV1Rebalance,7.0000,10665.8721,746.6110,spend25p,605.8327,586.6301,568.1132,551.6403,533.9684,516.2099,501.0821,481.8860,460.1923,438.9288,417.3861,397.5764,376.5316,352.1976,326.8438,308.2116,284.5857,263.8414,237.7832,209.9376,187.8451,164.5144,117.1685,0.0000,0.0000,0.0000,0.0000,0.0000,0.0000,0.0000,0.0000,0.0000,0.0000,0.0000,0.0000,0.0000
60,1.5000,DynamicV1Rebalance,7.0000,10665.8721,746.6110,spend50p,610.1517,599.1274,589.7332,581.2780,573.1506,563.6099,555.8564,547.8780,534.7591,521.0859,508.9701,494.0648,475.5262,455.4349,440.4163,425.3220,410.5433,401.8156,384.0687,373.6394,366.0126,360.4525,351.2818,340.2790,327.1181,316.2800,301.2396,284.1489,275.8682,261.0861,250.1952,237.9602,225.8246,214.5561,199.9589,188.5791
60,1.5000,DynamicV1Rebalance,7.0000,10665.8721,746.6110,spend75p,614.6416,612.2907,612.3576,613.5834,616.7443,620.3837,621.4545,620.2852,617.4858,612.2719,606.0035,597.1071,584.8415,574.6173,567.6826,562.0779,552.8841,548.5855,537.2335,531.5899,530.2585,530.3256,533.0901,528.9756,529.2534,525.4666,523.5220,518.3471,511.5932,506.8041,501.0724,485.9234,478.4208,475.0291,467.3044,455.4402
60,1.5000,DynamicV1Rebalance,8.0000,9332.6381,746.6110,survival,1.0000,1.0000,1.0000,1.0000,1.0000,1.0000,0.9990,0.9980,0.9930,0.9860,0.9675,0.9490,0.9190,0.8905,0.8540,0.8280,0.7935,0.7675,0.7435,0.7115,0.6850,0.6610,0.6390,0.6205,0.6065,0.5915,0.5765,0.5655,0.5565,0.5425,0.5320,0.5255,0.5230,0.5170,0.5120,0.5060
60,1.5000,DynamicV1Rebalance,8.0000,9332.6381,746.6110,spend25p,605.8327,586.6301,568.1132,551.6403,533.9684,516.2099,500.8632,481.6769,459.2797,436.6143,411.4399,388.8609,357.4740,327.9018,294.1648,260.4187,217.7684,177.3965,0.0000,0.0000,0.0000,0.0000,0.0000,0.0000,0.0000,0.0000,0.0000,0.0000,0.0000,0.0000,0.0000,0.0000,0.0000,0.0000,0.0000,0.0000
60,1.5000,DynamicV1Rebalance,8.0000,9332.6381,746.6110,spend50p,610.1517,599.1274,589.7332,581.2780,573.1506,563.6099,555.8106,547.6713,533.6806,520.1117,503.4591,484.9171,460.6793,438.3074,415.2202,400.3712,379.9401,364.2702,348.4712,330.1846,314.3504,293.0229,276.8624,260.5965,244.3476,229.3760,209.5901,194.8477,173.5439,152.0747,132.3400,116.6673,106.2084,86.3196,66.7761,33.7085
60,1.5000,DynamicV1Rebalance,8.0000,9332.6381,746.6110,spend75p,614.6416,612.2907,612.3576,613.5834,616.7443,620.3837,621.3174,619.8036,616.4016,610.0498,600.8470,586.9685,570.7488,559.5226,547.6189,535.2997,526.1155,514.4473,503.9546,494.0198,488.8575,481.3348,478.4345,469.7016,464.5204,457.6766,451.8855,448.0365,439.5633,422.4608,412.3218,403.8762,391.1219,379.4192,369.4149,358.6168
60,2.0000,DynamicV1Rebalance,2.5000,39819.2558,995.4814,survival,1.0000,1.0000,1.0000,1.0000,1.0000,1.0000,1.0000,1.0000,1.0000,1.0000,1.0000,1.0000,1.0000,1.0000,1.0000,1.0000,1.0000,1.0000,1.0000,1.0000,1.0000,1.0000,1.0000,1.0000,1.0000,1.0000,1.0000,0.9995,0.9995,0.9995,0.9985,0.9965,0.9955,0.9935,0.9930,0.9925
60,2.0000,DynamicV1Rebalance,2.5000,39819.2558,995.4814,spend25p,855.0270,829.7768,805.4183,783.6769,760.6618,737.3477,717.4506,692.8558,666.0468,639.0915,614.2920,590.5546,570.8908,551.9342,537.6488,524.0362,513.7542,506.6160,503.1900,501.7782,498.4952,498.1433,501.8254,499.7128,496.2291,495.9388,492.8072,487.8505,480.8642,475.3951,466.6865,461.2627,453.3969,443.6825,434.8453,426.4112
60,2.0000,DynamicV1Rebalance,2.5000,39819.2558,995.4814,spend50p,860.9882,847.1614,835.4662,825.3588,815.3334,803.5864,794.3446,785.7189,770.0654,755.8044,741.5485,726.9818,714.3538,702.8206,690.8251,681.2324,677.8883,676.4676,678.7754,682.2605,688.4917,694.2330,699.4815,702.1978,709.3772,719.3968,726.0281,730.2953,731.3503,733.5479,727.7579,725.6816,723.4777,725.7054,723.3946,720.3567
60,2.0000,DynamicV1Rebalance,2.5000,39819.2558,995.4814,spend75p,867.3280,865.4287,867.2828,870.6071,876.6620,883.6065,886.8928,888.3386,886.7006,882.6187,878.9015,872.9663,867.5581,866.8645,872.4568,875.5247,885.9192,895.7423,913.8190,937.2296,950.0722,972.4009,997.7532,1017.8316,1032.9839,1045.9890,1065.7859,1085.1983,1094.7272,1109.5988,1119.5876,1116.4122,1123.9049,1122.8795,1128.8816,1134.3985
60,2.0000,DynamicV1Rebalance,3.0000,33182.7132,995.4814,survival,1.0000,1.0000,1.0000,1.0000,1.0000,1.0000,1.0000,1.0000,1.0000,1.0000,1.0000,1.0000,1.0000,1.0000,1.0000,1.0000,1.0000,1.0000,0.9990,0.9990,0.9985,0.9985,0.9985,0.9985,0.9980,0.9975,0.9965,0.9945,0.9940,0.9935,0.9915,0.9895,0.9890,0.9875,0.9865,0.9840
60,2.0000,DynamicV1Rebalance,3.0000,33182.7132,995.4814,spend25p,855.0270,829.7768,805.4183,783.6769,760.6618,737.3477,717.4506,692.8558,666.0468,639.0915,614.2920,590.5546,570.8908,551.9342,537.6488,524.0362,513.7542,506.6160,502.5048,500.6355,498.2392,497.1883,501.4730,497.7854,495.8346,492.4217,488.1782,481.0166,476.5673,470.3014,463.4653,454.6779,447.0368,439.8156,428.4204,418.7302
60,2.0000,DynamicV1Rebalance,3.0000,33182.7132,995.4814,spend50p,860.9882,847.1614,835.4662,825.3588,815.3334,803.5864,794.3446,785.7189,770.0654,755.8044,741.5485,726.9818,714.3538,702.8206,690.8251,681.2324,677.8883,676.4676,677.2005,681.2467,687.3822,693.1981,697.7213,701.5093,707.9292,717.1780,720.5612,726.6053,724.2495,727.3288,719.7812,719.7895,714.7617,716.0939,714.3445,709.1020
60,2.0000,DynamicV1Rebalance,3.0000,33182.7132,995.4814,spend75p,867.3280,865.4287,867.2828,870.6071,876.6620,883.6065,886.8928,888.3386,886.7006,882.6187,878.9015,872.9663,867.5581,866.8645,872.4568,875.5247,885.9192,895.7423,913.4062,935.8678,948.5161,966.3256,990.5198,1016.3587,1031.7397,1044.4213,1058.7046,1075.5657,1083.6501,1099.5019,1102.7624,1105.3024,1115.8077,1114.7149,1115.1793,1114.3777
60,2.0000,DynamicV1Rebalance,4.0000,24887.0349,995.4814,survival,1.0000,1.0000,1.0000,1.0000,1.0000,1.0000,1.0000,1.0000,1.0000,1.0000,0.9995,0.9995,0.9985,0.9965,0.9965,0.9955,0.9935,0.9925,0.9905,0.9890,0.9875,0.9845,0.9810,0.9800,0.9745,0.9710,0.9660,0.9645,0.9615,0.9560,0.9530,0.9510,0.9460,0.9440,0.9385,0.9340
60,2.0000,DynamicV1Rebalance,4.0000,24887.0349,995.4814,spend25p,855.0270,829.7768,805.4183,783.6769,760.6618,737.3477,717.4506,692.8558,666.0468,639.0915,614.1620,590.5005,570.2137,551.0238,535.5519,520.9703,509.8179,500.4129,495.6824,493.0978,489.1664,486.2272,482.2046,479.2121,471.1426,467.4522,458.1693,448.4704,441.5685,433.4879,422.4509,415.9554,402.3786,394.2468,378.8355,368.9536
60,2.0000,DynamicV1Rebalance,4.0000,24887.0349,995.4814,spend50p,860.9882,847.1614,835.4662,825.3588,815.3334,803.5864,794.3446,785.7189,770.0654,755.8044,741.4498,726.8045,714.0322,702.2279,688.9801,677.6501,675.0743,670.5449,672.1314,676.2987,681.2216,681.2599,683.5343,686.7787,690.9252,692.6131,694.8153,697.3324,691.2228,685.8642,682.4142,676.7204,670.5702,665.1313,655.5633,649.2033
60,2.0000,DynamicV1Rebalance,4.0000,24887.0349,995.4814,spend75p,867.3280,865.4287,867.2828,870.6071,876.6620,883.6065,886.8928,888.3386,886.7006,882.6187,878.0798,872.8704,866.8924,866.2736,871.3154,873.8555,881.7513,890.8675,909.1275,926.9645,939.2944,954.6301,976.7831,987.7188,998.6650,1005.0061,1020.1979,1025.6133,1038.1547,1034.3408,1038.9178,1050.7779,1052.1988,1054.9855,1039.9867,1031.4971
60,2.0000,DynamicV1Rebalance,5.0000,19909.6279,995.4814,survival,1.0000,1.0000,1.0000,1.0000,1.0000,1.0000,1.0000,1.0000,0.9995,0.9990,0.9975,0.9960,0.9930,0.9900,0.9845,0.9780,0.9670,0.9605,0.9530,0.9455,0.9365,0.9255,0.9130,0.9045,0.8980,0.8875,0.8815,0.8750,0.8620,0.8540,0.8505,0.8415,0.8350,0.8310,0.8255,0.8185
60,2.0000,DynamicV1Rebalance,5.0000,19909.6279,995.4814,spend25p,855.0270,829.7768,805.4183,783.6769,760.6618,737.3477,717.4506,692.8558,665.9085,639.0113,613.6275,588.7234,567.9696,548.9589,529.3028,508.4676,491.1315,479.1117,468.9515,462.4750,451.8073,438.7816,425.3137,414.4031,403.0869,391.2708,381.5665,369.3539,343.1926,326.8564,316.2279,297.7740,282.5377,265.6824,246.5023,229.8820
60,2.0000,DynamicV1Rebalance,5.0000,19909.6279,995.4814,spend50p,860.9882,847.1614,835.4662,825.3588,815.3334,803.5864,794.3446,785.7189,769.7929,755.3525,740.5544,725.8392,711.1493,697.0971,683.0653,670.6062,658.7569,654.9753,652.1386,652.6488,647.5682,647.4202,647.3599,645.3608,643.8345,636.9367,632.5371,627.8346,612.2776,603.2407,593.3651,575.2835,567.7979,558.1070,543.9289,527.2428
60,2.0000,DynamicV1Rebalance,5.0000,19909.6279,995.4814,spend75p,867.3280,865.4287,867.2828,870.6071,876.6620,883.6065,886.8928,888.3386,886.6850,882.3205,877.4854,871.9579,864.9805,863.7107,864.0716,862.4896,868.9271,873.4005,879.9328,886.3009,896.0189,912.9888,914.6791,926.9575,939.7273,943.9702,951.1233,953.0469,944.1875,935.2254,941.1319,931.2172,920.5681,929.1763,915.8870,897.4690
60,2.0000,DynamicV1Rebalance,6.0000,16591.3566,995.4814,survival,1.0000,1.0000,1.0000,1.0000,1.0000,1.0000,1.0000,0.9995,0.9990,0.9960,0.9925,0.9865,0.9795,0.9655,0.9520,0.9315,0.9135,0.8930,0.8735,0.8485,0.8375,0.8185,0.8030,0.7910,0.7785,0.7660,0.7510,0.7410,0.7315,0.7185,0.7145,0.7070,0.6995,0.6935,0.6870,0.6790
60,2.0000,DynamicV1Rebalance,6.0000,16591.3566,995.4814,spend25p,855.0270,829.7768,805.4183,783.6769,760.6618,737.3477,717.4506,692.6283,665.8082,637.6254,609.3791,584.2805,561.2530,535.1328,509.4624,482.4665,461.4233,437.8416,410.4904,376.4114,356.6831,331.4246,303.5440,276.0086,251.0314,213.2240,98.2654,0.0000,0.0000,0.0000,0.0000,0.0000,0.0000,0.0000,0.0000,0.0000
60,2.0000,DynamicV1Rebalance,6.0000,16591.3566,995.4814,spend50p,860.9882,847.1614,835.4662,825.3588,815.3334,803.5864,794.3446,785.5761,769.5408,754.1726,738.3701,721.6168,703.9452,684.1119,665.3336,644.9176,630.1984,620.9249,606.0758,589.5576,583.7695,572.9160,564.6969,558.2297,552.6932,543.9230,529.1494,513.1290,497.1848,476.5613,467.0981,457.6899,444.8257,427.6374,416.2604,396.4262
60,2.0000,DynamicV1Rebalance,6.0000,16591.3566,995.4814,spend75p,867.3280,865.4287,867.2828,870.6071,876.6620,883.6065,886.8928,887.7692,886.6731,882.2248,875.9632,868.0092,858.4313,849.1361,847.5769,839.8570,835.8756,834.2860,830.5965,815.3274,819.0873,818.3174,824.8854,827.9035,834.1592,839.3986,831.5870,829.2921,827.7078,821.2945,812.1348,806.1440,800.6921,790.6367,782.1478,766.7560
60,2.0000,DynamicV1Rebalance,7.0000,14221.1628,995.4814,survival,1.0000,1.0000,1.0000,1.0000,1.0000,1.0000,1.0000,0.9990,0.9955,0.9900,0.9825,0.9625,0.9420,0.9185,0.8900,0.8620,0.8365,0.8070,0.7815,0.7590,0.7345,0.7085,0.6830,0.6650,0.6495,0.6325,0.6220,0.6120,0.5985,0.5885,0.5810,0.5730,0.5655,0.5585,0.5540,0.5440
60,2.0000,DynamicV1Rebalance,7.0000,14221.1628,995.4814,spend25p,855.0270,829.7768,805.4183,783.6769,760.6618,737.3477,717.4506,692.4573,663.1181,634.3823,606.2643,576.4607,542.4278,502.4671,467.0554,433.0386,388.7485,346.0075,296.2141,223.2785,0.0000,0.0000,0.0000,0.0000,0.0000,0.0000,0.0000,0.0000,0.0000,0.0000,0.0000,0.0000,0.0000,0.0000,0.0000,0.0000
60,2.0000,DynamicV1Rebalance,7.0000,14221.1628,995.4814,spend50p,860.9882,847.1614,835.4662,825.3588,815.3334,803.5864,794.3446,785.4443,768.3086,751.2664,735.7062,713.5794,683.3103,658.5174,631.5523,608.3143,592.7259,566.5910,550.2572,536.1524,516.3671,493.9182,471.5375,445.4397,429.1682,407.1871,392.2147,376.7405,346.9427,327.1751,312.3418,293.7829,267.1523,246.3056,232.1699,204.7862
60,2.0000,DynamicV1Rebalance,7.0000,14221.1628,995.4814,spend75p,867.3280,865.4287,867.2828,870.6071,876.6620,883.6065,886.8928,887.5640,884.9330,880.3123,873.3002,857.9106,844.9887,827.7271,816.4250,803.8668,799.4205,783.7559,769.4391,766.7256,757.1421,752.0299,748.3164,749.5090,741.9172,733.8557,731.1255,726.5916,702.6012,696.7353,694.0243,686.5288,670.8619,651.0384,645.9547,621.7359
60,2.0000,DynamicV1Rebalance,8.0000,12443.5174,995.4814,survival,1.0000,1.0000,1.0000,1.0000,1.0000,1.0000,0.9990,0.9945,0.9900,0.9760,0.9520,0.9195,0.8830,0.8420,0.8105,0.7740,0.7380,0.7080,0.6735,0.6425,0.6190,0.5895,0.5735,0.5520,0.5320,0.5180,0.5055,0.4920,0.4790,0.4690,0.4625,0.4560,0.4505,0.4450,0.4350,0.4290
60,2.0000,DynamicV1Rebalance,8.0000,12443.5174,995.4814,spend25p,855.0270,829.7768,805.4183,783.6769,760.6618,737.3477,717.0401,690.6783,660.8924,627.5209,592.1523,548.5495,502.8982,447.1185,385.0168,317.9104,0.0000,0.0000,0.0000,0.0000,0.0000,0.0000,0.0000,0.0000,0.0000,0.0000,0.0000,0.0000,0.0000,0.0000,0.0000,0.0000,0.0000,0.0000,0.0000,0.0000
60,2.0000,DynamicV1Rebalance,8.0000,12443.5174,995.4814,spend50p,860.9882,847.1614,835.4662,825.3588,815.3334,803.5864,794.1038,782.1585,767.3819,747.5864,725.0807,692.4526,659.0839,619.7897,592.7582,563.9233,533.5586,505.2400,472.3409,449.8171,419.9237,376.6384,348.7814,309.7155,267.1825,226.9217,157.3564,0.0000,0.0000,0.0000,0.0000,0.0000,0.0000,0.0000,0.0000,0.0000
60,2.0000,DynamicV1Rebalance,8.0000,12443.5174,995.4814,spend75p,867.3280,865.4287,867.2828,870.6071,876.6620,883.6065,886.4849,885.5485,884.3561,875.8321,863.4864,843.1469,821.9514,801.9084,781.4417,765.1337,747.9063,723.8807,705.5105,703.4033,693.8195,679.1339,676.6048,662.1201,648.4502,633.5317,614.9683,600.7567,589.1262,571.2079,554.1288,540.5082,528.7310,508.0457,482.1328,466.2445
60,3.0000,DynamicV1Rebalance,2.5000,59728.8837,1493.2221,survival,1.0000,1.0000,1.0000,1.0000,1.0000,1.0000,1.0000,1.0000,1.0000,1.0000,1.0000,1.0000,1.0000,1.0000,1.0000,1.0000,1.0000,1.0000,1.0000,1.0000,1.0000,0.9995,0.9995,0.9995,0.9995,0.9990,0.9990,0.9990,0.9990,0.9980,0.9960,0.9955,0.9935,0.9925,0.9920,0.9900
60,3.0000,DynamicV1Rebalance,2.5000,59728.8837,1493.2221,spend25p,1353.3879,1315.8539,1280.0152,1247.6946,1213.4456,1179.5730,1150.0701,1114.5550,1074.1632,1035.3661,998.3362,964.6025,937.2057,910.0681,888.8725,869.5754,855.6827,846.7129,840.9491,843.7177,838.1991,840.1137,846.7964,845.1872,839.8870,842.4317,838.6099,833.8527,826.8988,818.5209,807.6241,802.4603,790.4994,784.5955,769.9758,757.9635
60,3.0000,DynamicV1Rebalance,2.5000,59728.8837,1493.2221,spend50p,1362.6693,1343.2044,1326.9214,1313.5953,1299.5910,1283.2996,1271.6537,1260.1074,1239.3179,1220.9817,1200.7134,1182.3893,1165.5213,1150.7080,1133.8139,1121.7263,1119.0423,1119.6006,1125.6119,1133.1756,1145.0961,1155.3643,1166.1858,1174.8160,1187.8135,1204.9511,1216.7550,1231.9135,1236.6310,1244.3029,1228.8031,1237.6883,1237.2711,1244.9155,1248.4261,1246.8485
60,3.0000,DynamicV1Rebalance,2.5000,59728.8837,1493.2221,spend75p,1372.5877,1371.8343,1376.5847,1384.6220,1396.5244,1409.9886,1418.1623,1423.3443,1424.1263,1421.5251,1419.8927,1414.9479,1410.3028,1414.2884,1427.2438,1436.7177,1456.5838,1473.9530,1505.7447,1543.1366,1568.7511,1604.6607,1645.9244,1685.4494,1713.1183,1737.0076,1768.0665,1803.8780,1831.5676,1859.6734,1866.9604,1875.8314,1889.4711,1898.8628,1908.7661,1922.7289
60,3.0000,DynamicV1Rebalance,3.0000,49774.0698,1493.2221,survival,1.0000,1.0000,1.0000,1.0000,1.0000,1.0000,1.0000,1.0000,1.0000,1.0000,1.0000,1.0000,1.0000,1.0000,1.0000,1.0000,0.9990,0.9985,0.9985,0.9985,0.9985,0.9980,0.9970,0.9955,0.9940,0.9930,0.9925,0.9910,0.9910,0.9895,0.9865,0.9850,0.9830,0.9800,0.9760,0.9725
60,3.0000,DynamicV1Rebalance,3.0000,49774.0698,1493.2221,spend25p,1353.3879,1315.8539,1280.0152,1247.6946,1213.4456,1179.5730,1150.0701,1114.5550,1074.1632,1035.3661,998.3362,964.6025,937.2057,910.0681,888.8725,869.5754,854.3393,843.8365,838.8021,841.8021,837.1100,836.4458,843.7089,838.2483,835.8249,834.1156,826.6543,819.4906,815.0902,806.6767,795.6281,790.4306,776.9270,763.4429,749.6117,731.7563
60,3.0000,DynamicV1Rebalance,3.0000,49774.0698,1493.2221,spend50p,1362.6693,1343.2044,1326.9214,1313.5953,1299.5910,1283.2996,1271.6537,1260.1074,1239.3179,1220.9817,1200.7134,1182.3893,1165.5213,1150.7080,1133.8139,1121.7263,1118.2189,1118.3081,1124.6946,1131.2652,1143.3315,1153.9830,1161.9198,1169.4931,1177.5899,1196.6082,1206.7795,1222.0261,1216.3823,1220.9555,1217.0910,1217.3720,1216.5371,1220.0153,1217.3771,1194.4083
60,3.0000,DynamicV1Rebalance,3.0000,49774.0698,1493.2221,spend75p,1372.5877,1371.8343,1376.5847,1384.6220,1396.5244,1409.9886,1418.1623,1423.3443,1424.1263,1421.5251,1419.8927,1414.9479,1410.3028,1414.2884,1427.2438,1436.7177,1456.5531,1472.4501,1504.2529,1539.2255,1565.7263,1596.8918,1636.4291,1669.7470,1692.4100,1721.0682,1751.5502,1785.2798,1808.2272,1826.2553,1837.0760,1851.2838,1857.0947,1859.3858,1860.9780,1853.1943
60,3.0000,DynamicV1Rebalance,4.0000,37330.5523,1493.2221,survival,1.0000,1.0000,1.0000,1.0000,1.0000,1.0000,1.0000,1.0000,1.0000,0.9995,0.9995,0.9990,0.9970,0.9965,0.9950,0.9910,0.9910,0.9885,0.9865,0.9815,0.9760,0.9715,0.9670,0.9605,0.9580,0.9555,0.9525,0.9480,0.9425,0.9360,0.9300,0.9260,0.9205,0.9155,0.9115,0.9055
60,3.0000,DynamicV1Rebalance,4.0000,37330.5523,1493.2221,spend25p,1353.3879,1315.8539,1280.0152,1247.6946,1213.4456,1179.5730,1150.0701,1114.5550,1074.1632,1034.7073,998.3105,963.2645,934.1216,908.0773,884.9592,859.1878,843.5244,830.1224,824.7508,818.3869,811.8969,804.1201,792.7265,776.4064,772.1164,768.0515,764.2259,748.4983,737.1239,719.3086,702.1627,688.1851,669.6699,653.8764,636.0645,605.9307
60,3.0000,DynamicV1Rebalance,4.0000,37330.5523,1493.2221,spend50p,1362.6693,1343.2044,1326.9214,1313.5953,1299.5910,1283.2996,1271.6537,1260.1074,1239.3179,1220.6415,1200.4007,1181.8907,1163.0319,1147.7483,1130.4486,1114.2789,1111.2531,1106.4495,1111.6138,1116.3294,1123.4547,1126.2338,1131.7828,1131.4495,1137.1666,1146.5436,1151.7299,1160.7524,1152.5229,1136.6025,1128.2869,1117.5574,1110.1718,1093.3780,1080.6248,1068.4159
60,3.0000,DynamicV1Rebalance,4.0000,37330.5523,1493.2221,spend75p,1372.5877,1371.8343,1376.5847,1384.6220,1396.5244,1409.9886,1418.1623,1423.3443,1424.1263,1421.2212,1419.1296,1414.3403,1409.2919,1413.4654,1421.9815,1427.7113,1447.0882,1466.2699,1494.7877,1513.9206,1534.5333,1566.7914,1593.9994,1608.0377,1632.7244,1659.2738,1687.6224,1693.5863,1705.8960,1694.5029,1699.8965,1715.0225,1723.8350,1717.3315,1722.0842,1709.3092
60,3.0000,DynamicV1Rebalance,5.0000,29864.4419,1493.2221,survival,1.0000,1.0000,1.0000,1.0000,1.0000,1.0000,1.0000,1.0000,0.9995,0.9990,0.9965,0.9940,0.9895,0.9840,0.9755,0.9655,0.9560,0.9430,0.9315,0.9185,0.9010,0.8845,0.8745,0.8635,0.8520,0.8415,0.8345,0.8260,0.8155,0.8050,0.7970,0.7875,0.7785,0.7715,0.7665,0.7595
60,3.0000,DynamicV1Rebalance,5.0000,29864.4419,1493.2221,spend25p,1353.3879,1315.8539,1280.0152,1247.6946,1213.4456,1179.5730,1150.0701,1114.5550,1074.1549,1034.4193,997.4060,960.3567,929.2261,895.6485,865.5430,835.8596,809.9773,787.4280,768.8504,752.6335,721.4122,691.2704,675.9701,645.2470,621.7113,599.3757,569.5269,546.3938,505.2502,468.6793,435.9027,406.0289,364.0973,321.4253,284.2626,231.0815
60,3.0000,DynamicV1Rebalance,5.0000,29864.4419,1493.2221,spend50p,1362.6693,1343.2044,1326.9214,1313.5953,1299.5910,1283.2996,1271.6537,1260.1074,1239.0475,1220.2027,1198.2211,1179.5099,1156.3948,1131.9964,1111.9756,1093.6933,1081.7269,1070.1205,1064.1817,1055.7504,1041.2408,1040.5390,1038.3479,1033.3060,1033.9193,1022.8358,1010.4276,996.7564,979.4491,964.9680,939.0864,916.2208,888.5965,865.5661,846.1056,829.7693
60,3.0000,DynamicV1Rebalance,5.0000,29864.4419,1493.2221,spend75p,1372.5877,1371.8343,1376.5847,1384.6220,1396.5244,1409.9886,1418.1623,1423.3443,1423.7438,1420.9462,1417.3676,1411.6125,1404.5180,1401.8151,1403.4043,1408.4456,1411.5334,1424.8142,1434.6743,1443.8740,1435.0823,1433.1776,1463.0068,1478.3260,1492.3336,1508.3845,1508.8206,1515.9724,1496.3690,1491.1641,1484.9062,1474.4351,1458.8865,1457.0222,1446.2254,1434.9428
60,3.0000,DynamicV1Rebalance,6.0000,24887.0349,1493.2221,survival,1.0000,1.0000,1.0000,1.0000,1.0000,1.0000,1.0000,0.9990,0.9990,0.9950,0.9895,0.9820,0.9655,0.9505,0.9260,0.9030,0.8770,0.8570,0.8365,0.8105,0.7915,0.7740,0.7570,0.7370,0.7185,0.7035,0.6865,0.6735,0.6660,0.6575,0.6430,0.6355,0.6285,0.6200,0.6145,0.6075
60,3.0000,DynamicV1Rebalance,6.0000,24887.0349,1493.2221,spend25p,1353.3879,1315.8539,1280.0152,1247.6946,1213.4456,1179.5730,1150.0701,1113.9751,1074.0535,1031.6782,989.0068,952.2561,910.9798,867.5056,811.5886,774.6847,726.8437,678.5119,625.8319,571.9054,513.0380,458.6496,337.0503,0.0000,0.0000,0.0000,0.0000,0.0000,0.0000,0.0000,0.0000,0.0000,0.0000,0.0000,0.0000,0.0000
60,3.0000,DynamicV1Rebalance,6.0000,24887.0349,1493.2221,spend50p,1362.6693,1343.2044,1326.9214,1313.5953,1299.5910,1283.2996,1271.6537,1259.8642,1238.8489,1216.8020,1195.2316,1171.2202,1137.1147,1104.0247,1071.8092,1043.2403,1015.0485,996.2843,968.6541,943.0911,930.2323,917.4056,898.5580,877.6424,851.0609,832.1622,790.7435,757.8014,743.4855,717.2360,686.6737,661.2985,634.3016,612.9873,583.0306,559.4145
60,3.0000,DynamicV1Rebalance,6.0000,24887.0349,1493.2221,spend75p,1372.5877,1371.8343,1376.5847,1384.6220,1396.5244,1409.9886,1418.1623,1421.7594,1423.6004,1419.6654,1413.5016,1405.3505,1386.1915,1370.1994,1364.5195,1358.8662,1344.4556,1339.6142,1321.4277,1317.8248,1313.8152,1320.4003,1323.9824,1320.7934,1328.0826,1330.3889,1322.8719,1309.4525,1312.4109,1305.7219,1292.5022,1266.1680,1257.7848,1251.4895,1232.3564,1205.5032
60,3.0000,DynamicV1Rebalance,7.0000,21331.7442,1493.2221,survival,1.0000,1.0000,1.0000,1.0000,1.0000,1.0000,0.9990,0.9980,0.9935,0.9870,0.9675,0.9485,0.9180,0.8860,0.8475,0.8185,0.7880,0.7575,0.7260,0.6980,0.6665,0.6425,0.6225,0.6035,0.5880,0.5695,0.5565,0.5430,0.5310,0.5205,0.5130,0.5055,0.4980,0.4895,0.4830,0.4790
60,3.0000,DynamicV1Rebalance,7.0000,21331.7442,1493.2221,spend25p,1353.3879,1315.8539,1280.0152,1247.6946,1213.4456,1179.5730,1149.2700,1113.6046,1069.4259,1025.8863,975.5791,930.4523,866.2405,800.5383,726.3564,643.6250,549.1854,410.7108,0.0000,0.0000,0.0000,0.0000,0.0000,0.0000,0.0000,0.0000,0.0000,0.0000,0.0000,0.0000,0.0000,0.0000,0.0000,0.0000,0.0000,0.0000
60,3.0000,DynamicV1Rebalance,7.0000,21331.7442,1493.2221,spend50p,1362.6693,1343.2044,1326.9214,1313.5953,1299.5910,1283.2996,1271.1782,1259.4897,1235.7554,1211.7273,1181.8037,1147.4790,1100.3700,1055.8903,1004.2283,975.4838,936.8168,902.2210,862.5540,820.9081,782.6321,736.6592,698.8862,655.3381,624.7061,578.6785,530.9810,475.2095,427.8767,381.9984,322.9068,243.5868,0.0000,0.0000,0.0000,0.0000
60,3.0000,DynamicV1Rebalance,7.0000,21331.7442,1493.2221,spend75p,1372.5877,1371.8343,1376.5847,1384.6220,1396.5244,1409.9886,1416.5458,1420.2449,1421.1444,1414.5762,1399.9225,1379.5694,1352.3932,1334.5139,1310.6635,1293.0614,1277.6042,1251.4900,1231.6758,1213.7214,1199.0217,1189.5012,1182.6865,1163.5781,1159.9115,1141.2194,1132.1595,1108.3105,1097.8821,1083.2097,1061.9041,1044.4581,1010.0069,984.4139,965.6722,949.7963
60,3.0000,DynamicV1Rebalance,8.0000,18665.2762,1493.2221,survival,1.0000,1.0000,1.0000,1.0000,1.0000,1.0000,0.9985,0.9940,0.9830,0.9590,0.9305,0.8900,0.8425,0.8000,0.7620,0.7195,0.6770,0.6415,0.6105,0.5770,0.5490,0.5260,0.5065,0.4865,0.4670,0.4530,0.4390,0.4285,0.4210,0.4125,0.4030,0.3955,0.3900,0.3825,0.3740,0.3670
60,3.0000,DynamicV1Rebalance,8.0000,18665.2762,1493.2221,spend25p,1353.3879,1315.8539,1280.0152,1247.6946,1213.4456,1179.5730,1148.5791,1110.2749,1062.4452,1007.1780,947.3504,873.0705,775.8019,658.8698,505.5620,0.0000,0.0000,0.0000,0.0000,0.0000,0.0000,0.0000,0.0000,0.0000,0.0000,0.0000,0.0000,0.0000,0.0000,0.0000,0.0000,0.0000,0.0000,0.0000,0.0000,0.0000
60,3.0000,DynamicV1Rebalance,8.0000,18665.2762,1493.2221,spend50p,1362.6693,1343.2044,1326.9214,1313.5953,1299.5910,1283.2996,1271.0905,1254.9996,1232.3074,1196.1229,1162.7969,1110.2743,1041.7192,986.2439,939.8897,881.6365,818.4577,771.9484,713.6163,623.4119,558.3008,470.2428,331.0277,0.0000,0.0000,0.0000,0.0000,0.0000,0.0000,0.0000,0.0000,0.0000,0.0000,0.0000,0.0000,0.0000
60,3.0000,DynamicV1Rebalance,8.0000,18665.2762,1493.2221,spend75p,1372.5877,1371.8343,1376.5847,1384.6220,1396.5244,1409.9886,1416.4900,1419.3008,1417.1956,1400.7426,1381.6720,1354.8798,1312.0558,1279.2979,1246.6358,1215.6566,1167.7251,1144.4429,1129.3698,1107.0449,1075.2936,1059.2287,1037.3174,1002.0271,974.7398,954.8578,926.5654,912.8849,881.1497,855.6905,818.0619,803.8416,788.3142,755.3022,729.8180,692.6468
65,0.5000,DynamicV1Rebalance,2.5000,9954.8140,248.8703,survival,1.0000,1.0000,1.0000,1.0000,1.0000,1.0000,1.0000,1.0000,1.0000,1.0000,1.0000,1.0000,1.0000,1.0000,1.0000,1.0000,1.0000,1.0000,1.0000,1.0000,1.0000,1.0000,1.0000,1.0000,1.0000,1.0000,1.0000,1.0000,1.0000,1.0000,1.0000,1.0000,1.0000,1.0000,1.0000,1.0000
65,0.5000,DynamicV1Rebalance,2.5000,9954.8140,248.8703,spend25p,249.1910,243.0605,237.2777,232.1098,226.4748,27.7149,20.9807,13.1513,5.2692,-2.8597,-11.4377,-19.7640,-27.7518,-34.9810,-41.8270,-48.0191,-53.7690,-59.1311,-64.1492,-69.0632,-73.8693,-78.6250,-83.5201,-89.1971,-95.1360,-101.7046,-109.5145,-118.0018,-127.0800,-136.6610,-147.2295,-159.1353,-172.2226,-186.7933,-201.5784,-218.0113
65,0.5000,DynamicV1Rebalance,2.5000,9954.8140,248.8703,spend50p,250.8465,248.0272,245.7903,244.0041,242.2103,34.2245,27.8483,21.1639,13.4073,5.1820,-3.7236,-12.5571,-21.2876,-29.5935,-37.0006,-43.7750,-49.9472,-55.4685,-60.5323,-65.0098,-69.1911,-73.5187,-77.8654,-82.4569,-87.3241,-92.9188,-98.9087,-105.8188,-113.1330,-120.5747,-128.4859,-137.1736,-147.0424,-157.5768,-168.9405,-180.2090
65,0.5000,DynamicV1Rebalance,2.5000,9954.8140,248.8703,spend75p,252.6289,253.2232,254.7654,257.0348,259.8700,41.1028,35.5291,29.0804,21.6264,13.1986,4.0013,-5.4132,-15.1020,-24.1003,-32.3869,-39.6919,-46.2652,-52.0446,-56.9511,-61.4571,-65.4997,-69.4975,-73.5145,-77.5193,-81.6303,-86.3584,-91.3975,-96.5134,-101.9966,-108.0813,-114.1820,-120.7616,-127.8056,-135.6415,-142.8503,-150.9389
65,0.5000,DynamicV1Rebalance,3.0000,8295.6783,248.8703,survival,1.0000,1.0000,1.0000,1.0000,1.0000,1.0000,1.0000,1.0000,1.0000,1.0000,1.0000,1.0000,1.0000,1.0000,1.0000,1.0000,1.0000,1.0000,1.0000,1.0000,1.0000,1.0000,1.0000,1.0000,1.0000,1.0000,1.0000,1.0000,1.0000,1.0000,1.0000,1.0000,1.0000,1.0000,1.0000,1.0000
65,0.5000,DynamicV1Rebalance,3.0000,8295.6783,248.8703,spend25p,249.1910,243.0605,237.2777,232.1098,226.4748,27.7149,20.9807,13.1513,5.2692,-2.8597,-11.4377,-19.7640,-27.7518,-34.9810,-41.8270,-48.0191,-53.7690,-59.1311,-64.1492,-69.0632,-73.8693,-78.6250,-83.5201,-89.1971,-95.1360,-101.7046,-109.5145,-118.0018,-127.0800,-136.6610,-147.2295,-159.1353,-172.2226,-186.7933,-201.5784,-218.0113
65,0.5000,DynamicV1Rebalance,3.0000,8295.6783,248.8703,spend50p,250.8465,248.0272,245.7903,244.0041,242.2103,34.2245,27.8483,21.1639,13.4073,5.1820,-3.7236,-12.5571,-21.2876,-29.5935,-37.0006,-43.7750,-49.9472,-55.4685,-60.5323,-65.0098,-69.1911,-73.5187,-77.8654,-82.4569,-87.3241,-92.9188,-98.9087,-105.8188,-113.1330,-120.5747,-128.4859,-137.1736,-147.0424,-157.5768,-168.9405,-180.2090
65,0.5000,DynamicV1Rebalance,3.0000,8295.6783,248.8703,spend75p,252.6289,253.2232,254.7654,257.0348,259.8700,41.1028,35.5291,29.0804,21.6264,13.1986,4.0013,-5.4132,-15.1020,-24.1003,-32.3869,-39.6919,-46.2652,-52.0446,-56.9511,-61.4571,-65.4997,-69.4975,-73.5145,-77.5193,-81.6303,-86.3584,-91.3975,-96.5134,-101.9966,-108.0813,-114.1820,-120.7616,-127.8056,-135.6415,-142.8503,-150.9389
65,0.5000,DynamicV1Rebalance,4.0000,6221.7587,248.8703,survival,1.0000,1.0000,1.0000,1.0000,1.0000,1.0000,1.0000,1.0000,1.0000,1.0000,1.0000,1.0000,1.0000,1.0000,1.0000,1.0000,1.0000,1.0000,1.0000,1.0000,1.0000,1.0000,1.0000,1.0000,1.0000,1.0000,1.0000,1.0000,1.0000,1.0000,1.0000,1.0000,1.0000,1.0000,1.0000,1.0000
65,0.5000,DynamicV1Rebalance,4.0000,6221.7587,248.8703,spend25p,249.1910,243.0605,237.2777,232.1098,226.4748,27.7149,20.9807,13.1513,5.2692,-2.8597,-11.4377,-19.7640,-27.7518,-34.9810,-41.8270,-48.0191,-53.7690,-59.1311,-64.1492,-69.0632,-73.8693,-78.6250,-83.5201,-89.1971,-95.1360,-101.7046,-109.5145,-118.0018,-127.0800,-136.6610,-147.2295,-159.1353,-172.2226,-186.7933,-201.5784,-218.0113
65,0.5000,DynamicV1Rebalance,4.0000,6221.7587,248.8703,spend50p,250.8465,248.0272,245.7903,244.0041,242.2103,34.2245,27.8483,21.1639,13.4073,5.1820,-3.7236,-12.5571,-21.2876,-29.5935,-37.0006,-43.7750,-49.9472,-55.4685,-60.5323,-65.0098,-69.1911,-73.5187,-77.8654,-82.4569,-87.3241,-92.9188,-98.9087,-105.8188,-113.1330,-120.5747,-128.4859,-137.1736,-147.0424,-157.5768,-168.9405,-180.2090
65,0.5000,DynamicV1Rebalance,4.0000,6221.7587,248.8703,spend75p,252.6289,253.2232,254.7654,257.0348,259.8700,41.1028,35.5291,29.0804,21.6264,13.1986,4.0013,-5.4132,-15.1020,-24.1003,-32.3869,-39.6919,-46.2652,-52.0446,-56.9511,-61.4571,-65.4997,-69.4975,-73.5145,-77.5193,-81.6303,-86.3584,-91.3975,-96.5134,-101.9966,-108.0813,-114.1820,-120.7616,-127.8056,-135.6415,-142.8503,-150.9389
65,0.5000,DynamicV1Rebalance,5.0000,4977.4070,248.8703,survival,1.0000,1.0000,1.0000,1.0000,1.0000,1.0000,1.0000,1.0000,1.0000,1.0000,1.0000,1.0000,1.0000,1.0000,1.0000,1.0000,1.0000,1.0000,1.0000,1.0000,1.0000,1.0000,1.0000,1.0000,1.0000,1.0000,1.0000,1.0000,1.0000,1.0000,1.0000,1.0000,1.0000,1.0000,1.0000,1.0000
65,0.5000,DynamicV1Rebalance,5.0000,4977.4070,248.8703,spend25p,249.1910,243.0605,237.2777,232.1098,226.4748,27.7149,20.9807,13.1513,5.2692,-2.8597,-11.4377,-19.7640,-27.7518,-34.9810,-41.8270,-48.0191,-53.7690,-59.1311,-64.1492,-69.0632,-73.8693,-78.6250,-83.5201,-89.1971,-95.1360,-101.7046,-109.5145,-118.0018,-127.0800,-136.6610,-147.2295,-159.1353,-172.2226,-186.7933,-201.5784,-218.0113
65,0.5000,DynamicV1Rebalance,5.0000,4977.4070,248.8703,spend50p,250.8465,248.0272,245.7903,244.0041,242.2103,34.2245,27.8483,21.1639,13.4073,5.1820,-3.7236,-12.5571,-21.2876,-29.5935,-37.0006,-43.7750,-49.9472,-55.4685,-60.5323,-65.0098,-69.1911,-73.5187,-77.8654,-82.4569,-87.3241,-92.9188,-98.9087,-105.8188,-113.1330,-120.5747,-128.4859,-137.1736,-147.0424,-157.5768,-168.9405,-180.2090
65,0.5000,DynamicV1Rebalance,5.0000,4977.4070,248.8703,spend75p,252.6289,253.2232,254.7654,257.0348,259.8700,41.1028,35.5291,29.0804,21.6264,13.1986,4.0013,-5.4132,-15.1020,-24.1003,-32.3869,-39.6919,-46.2652,-52.0446,-56.9511,-61.4571,-65.4997,-69.4975,-73.5145,-77.5193,-81.6303,-86.3584,-91.3975,-96.5134,-101.9966,-108.0813,-114.1820,-120.7616,-127.8056,-135.6415,-142.8503,-150.9389
65,0.5000,DynamicV1Rebalance,6.0000,4147.8391,248.8703,survival,1.0000,1.0000,1.0000,1.0000,1.0000,1.0000,1.0000,1.0000,1.0000,1.0000,1.0000,1.0000,1.0000,1.0000,1.0000,1.0000,1.0000,1.0000,1.0000,1.0000,1.0000,1.0000,1.0000,1.0000,1.0000,1.0000,1.0000,1.0000,1.0000,1.0000,1.0000,1.0000,1.0000,1.0000,1.0000,1.0000
65,0.5000,DynamicV1Rebalance,6.0000,4147.8391,248.8703,spend25p,249.1910,243.0605,237.2777,232.1098,226.4748,27.7149,20.9807,13.1513,5.2692,-2.8597,-11.4377,-19.7640,-27.7518,-34.9810,-41.8270,-48.0191,-53.7690,-59.1311,-64.1492,-69.0632,-73.8693,-78.6250,-83.5201,-89.1971,-95.1360,-101.7046,-109.5145,-118.0018,-127.0800,-136.6610,-147.2295,-159.1353,-172.2226,-186.7933,-201.5784,-218.0113
65,0.5000,DynamicV1Rebalance,6.0000,4147.8391,248.8703,spend50p,250.8465,248.0272,245.7903,244.0041,242.2103,34.2245,27.8483,21.1639,13.4073,5.1820,-3.7236,-12.5571,-21.2876,-29.5935,-37.0006,-43.7750,-49.9472,-55.4685,-60.5323,-65.0098,-69.1911,-73.5187,-77.8654,-82.4569,-87.3241,-92.9188,-98.9087,-105.8188,-113.1330,-120.5747,-128.4859,-137.1736,-147.0424,-157.5768,-168.9405,-180.2090
65,0.5000,DynamicV1Rebalance,6.0000,4147.8391,248.8703,spend75p,252.6289,253.2232,254.7654,257.0348,259.8700,41.1028,35.5291,29.0804,21.6264,13.1986,4.0013,-5.4132,-15.1020,-24.1003,-32.3869,-39.6919,-46.2652,-52.0446,-56.9511,-61.4571,-65.4997,-69.4975,-73.5145,-77.5193,-81.6303,-86.3584,-91.3975,-96.5134,-101.9966,-108.0813,-114.1820,-120.7616,-127.8056,-135.6415,-142.8503,-150.9389
65,0.5000,DynamicV1Rebalance,7.0000,3555.2907,248.8703,survival,1.0000,1.0000,1.0000,1.0000,1.0000,1.0000,1.0000,1.0000,1.0000,1.0000,1.0000,1.0000,1.0000,1.0000,1.0000,1.0000,1.0000,1.0000,1.0000,1.0000,1.0000,1.0000,1.0000,1.0000,1.0000,1.0000,1.0000,1.0000,1.0000,1.0000,1.0000,1.0000,1.0000,1.0000,1.0000,1.0000
65,0.5000,DynamicV1Rebalance,7.0000,3555.2907,248.8703,spend25p,249.1910,243.0605,237.2777,232.1098,226.4748,27.7149,20.9807,13.1513,5.2692,-2.8597,-11.4377,-19.7640,-27.7518,-34.9810,-41.8270,-48.0191,-53.7690,-59.1311,-64.1492,-69.0632,-73.8693,-78.6250,-83.5201,-89.1971,-95.1360,-101.7046,-109.5145,-118.0018,-127.0800,-136.6610,-147.2295,-159.1353,-172.2226,-186.7933,-201.5784,-218.0113
65,0.5000,DynamicV1Rebalance,7.0000,3555.2907,248.8703,spend50p,250.8465,248.0272,245.7903,244.0041,242.2103,34.2245,27.8483,21.1639,13.4073,5.1820,-3.7236,-12.5571,-21.2876,-29.5935,-37.0006,-43.7750,-49.9472,-55.4685,-60.5323,-65.0098,-69.1911,-73.5187,-77.8654,-82.4569,-87.3241,-92.9188,-98.9087,-105.8188,-113.1330,-120.5747,-128.4859,-137.1736,-147.0424,-157.5768,-168.9405,-180.2090
65,0.5000,DynamicV1Rebalance,7.0000,3555.2907,248.8703,spend75p,252.6289,253.2232,254.7654,257.0348,259.8700,41.1028,35.5291,29.0804,21.6264,13.1986,4.0013,-5.4132,-15.1020,-24.1003,-32.3869,-39.6919,-46.2652,-52.0446,-56.9511,-61.4571,-65.4997,-69.4975,-73.5145,-77.5193,-81.6303,-86.3584,-91.3975,-96.5134,-101.9966,-108.0813,-114.1820,-120.7616,-127.8056,-135.6415,-142.8503,-150.9389
65,0.5000,DynamicV1Rebalance,8.0000,3110.8794,248.8703,survival,1.0000,1.0000,1.0000,1.0000,1.0000,1.0000,1.0000,1.0000,1.0000,1.0000,0.9995,0.9995,0.9995,0.9995,0.9995,0.9995,0.9995,0.9995,0.9995,0.9995,0.9995,0.9995,0.9995,0.9995,0.9995,0.9995,0.9995,0.9995,0.9995,0.9995,0.9995,0.9995,0.9995,0.9995,0.9995,0.9995
65,0.5000,DynamicV1Rebalance,8.0000,3110.8794,248.8703,spend25p,249.1910,243.0605,237.2777,232.1098,226.4748,27.7149,20.9807,13.1513,5.2692,-2.8597,-11.4377,-19.7640,-27.7518,-34.9810,-41.8270,-48.0191,-53.7690,-59.1311,-64.1492,-69.0632,-73.8693,-78.6250,-83.5201,-89.1971,-95.1360,-101.7038,-109.4997,-117.9692,-127.0771,-136.6510,-147.1949,-159.0669,-172.1349,-186.7772,-201.5784,-218.0113
65,0.5000,DynamicV1Rebalance,8.0000,3110.8794,248.8703,spend50p,250.8465,248.0272,245.7903,244.0041,242.2103,34.2245,27.8483,21.1639,13.4073,5.1820,-3.7236,-12.5571,-21.2876,-29.5935,-37.0006,-43.7750,-49.9472,-55.4685,-60.5323,-65.0098,-69.1861,-73.4987,-77.8576,-82.4453,-87.3139,-92.9085,-98.8881,-105.7909,-113.1203,-120.5117,-128.4665,-137.1294,-146.9982,-157.5388,-168.7327,-180.1355
65,0.5000,DynamicV1Rebalance,8.0000,3110.8794,248.8703,spend75p,252.6289,253.2232,254.7654,257.0348,259.8700,41.1028,35.5291,29.0804,21.6264,13.1986,3.9849,-5.4132,-15.1020,-24.1003,-32.3869,-39.6919,-46.2652,-52.0419,-56.9431,-61.4454,-65.4903,-69.4743,-73.5038,-77.5123,-81.5989,-86.3581,-91.3928,-96.5070,-101.9871,-108.0670,-114.1479,-120.7277,-127.7868,-135.5879,-142.7953,-150.9133
65,0.7500,DynamicV1Rebalance,2.5000,14932.2209,373.3055,survival,1.0000,1.0000,1.0000,1.0000,1.0000,1.0000,1.0000,1.0000,1.0000,1.0000,1.0000,1.0000,1.0000,1.0000,1.0000,1.0000,1.0000,1.0000,1.0000,1.0000,1.0000,1.0000,1.0000,1.0000,1.0000,1.0000,1.0000,1.0000,1.0000,1.0000,1.0000,1.0000,1.0000,1.0000,1.0000,1.0000
65,0.7500,DynamicV1Rebalance,2.5000,14932.2209,373.3055,spend25p,373.7866,364.5907,355.9166,348.1647,339.7123,138.5658,129.2161,118.3592,107.6336,95.8731,84.8794,73.9717,64.1761,55.0055,46.3690,40.0269,33.3922,27.7924,23.7165,19.3014,16.1488,12.1256,9.1064,5.7548,1.0611,-3.1466,-8.1298,-13.0108,-18.8595,-25.0521,-31.0697,-38.6292,-46.3191,-53.9747,-62.1417,-70.3585
65,0.7500,DynamicV1Rebalance,2.5000,14932.2209,373.3055,spend50p,376.2697,372.0407,368.6855,366.0062,363.3155,154.2411,147.0888,139.6230,130.7206,121.4952,111.5879,101.4364,91.7460,82.9894,74.2457,66.7754,61.6216,56.2027,51.8965,48.2985,45.0164,42.2379,39.0830,36.5820,33.2433,29.2543,24.4411,19.1306,12.6697,5.5345,-2.0803,-10.7486,-19.1858,-27.4564,-36.6825,-46.7902
65,0.7500,DynamicV1Rebalance,2.5000,14932.2209,373.3055,spend75p,378.9434,379.8348,382.1481,385.5522,389.8050,172.5748,168.2161,162.9447,156.2595,147.8628,138.7700,130.0379,120.3855,112.4757,105.1858,99.9477,95.5710,91.4236,88.9948,88.0851,85.1979,84.9142,83.2820,80.9597,77.9148,74.7466,70.4181,65.1503,58.4967,51.8123,44.2603,35.7216,25.3100,14.7874,3.1042,-9.3130
65,0.7500,DynamicV1Rebalance,3.0000,12443.5174,373.3055,survival,1.0000,1.0000,1.0000,1.0000,1.0000,1.0000,1.0000,1.0000,1.0000,1.0000,1.0000,1.0000,1.0000,1.0000,1.0000,1.0000,1.0000,1.0000,1.0000,1.0000,1.0000,1.0000,1.0000,1.0000,1.0000,1.0000,1.0000,1.0000,1.0000,1.0000,1.0000,1.0000,1.0000,1.0000,1.0000,1.0000
65,0.7500,DynamicV1Rebalance,3.0000,12443.5174,373.3055,spend25p,373.7866,364.5907,355.9166,348.1647,339.7123,138.5658,129.2161,118.3592,107.6336,95.8731,84.8794,73.9717,64.1761,55.0055,46.3690,40.0269,33.3922,27.7924,23.7165,19.3014,16.1488,12.1256,9.1064,5.7548,1.0611,-3.1466,-8.1298,-13.0108,-18.8595,-25.0521,-31.0697,-38.6292,-46.3191,-53.9747,-62.1417,-70.3585
65,0.7500,DynamicV1Rebalance,3.0000,12443.5174,373.3055,spend50p,376.2697,372.0407,368.6855,366.0062,363.3155,154.2411,147.0888,139.6230,130.7206,121.4952,111.5879,101.4364,91.7460,82.9894,74.2457,66.7754,61.6216,56.2027,51.8965,48.2985,45.0164,42.2379,39.0830,36.5820,33.2433,29.2543,24.4411,19.1306,12.6697,5.5345,-2.0803,-10.7486,-19.1858,-27.4564,-36.6825,-46.7902
65,0.7500,DynamicV1Rebalance,3.0000,12443.5174,373.3055,spend75p,378.9434,379.8348,382.1481,385.5522,389.8050,172.5748,168.2161,162.9447,156.2595,147.8628,138.7700,130.0379,120.3855,112.4757,105.1858,99.9477,95.5710,91.4236,88.9948,88.0851,85.1979,84.9142,83.2820,80.9597,77.9148,74.7466,70.4181,65.1503,58.4967,51.8123,44.2603,35.7216,25.3100,14.7874,3.1042,-9.3130
65,0.7500,DynamicV1Rebalance,4.0000,9332.6381,373.3055,survival,1.0000,1.0000,1.0000,1.0000,1.0000,1.0000,1.0000,1.0000,1.0000,1.0000,1.0000,1.0000,1.0000,1.0000,1.0000,1.0000,1.0000,1.0000,0.9995,0.9995,0.9995,0.9990,0.9990,0.9985,0.9980,0.9980,0.9980,0.9980,0.9980,0.9980,0.9980,0.9980,0.9980,0.9980,0.9980,0.9980
65,0.7500,DynamicV1Rebalance,4.0000,9332.6381,373.3055,spend25p,373.7866,364.5907,355.9166,348.1647,339.7123,138.5658,129.2161,118.3592,107.6336,95.8731,84.8794,73.9717,64.1761,55.0055,46.3690,40.0269,33.3922,27.7924,23.6716,19.2888,16.1363,12.0487,8.7083,5.5931,0.8063,-3.1466,-8.1298,-13.0108,-18.8595,-25.0521,-31.0697,-38.6292,-46.3191,-53.9351,-62.1328,-70.3407
65,0.7500,DynamicV1Rebalance,4.0000,9332.6381,373.3055,spend50p,376.2697,372.0407,368.6855,366.0062,363.3155,154.2411,147.0888,139.6230,130.7206,121.4952,111.5879,101.4364,91.7460,82.9894,74.2457,66.7754,61.6216,56.2027,51.7583,48.2473,44.9380,42.1032,38.9811,36.5236,32.8637,28.9780,24.2429,18.7233,12.4211,5.0827,-2.0803,-10.7412,-19.1380,-27.4173,-36.6397,-46.7774
65,0.7500,DynamicV1Rebalance,4.0000,9332.6381,373.3055,spend75p,378.9434,379.8348,382.1481,385.5522,389.8050,172.5748,168.2161,162.9447,156.2595,147.8628,138.7700,130.0379,120.3855,112.4757,105.1858,99.9477,95.5710,91.4236,88.9717,88.0586,85.0954,84.8397,83.0809,80.7250,77.6154,74.3556,70.1302,64.8676,57.8102,51.5699,44.0938,35.5713,24.8767,14.5232,2.7235,-9.3050
65,0.7500,DynamicV1Rebalance,5.0000,7466.1105,373.3055,survival,1.0000,1.0000,1.0000,1.0000,1.0000,1.0000,1.0000,1.0000,1.0000,1.0000,1.0000,0.9995,0.9995,0.9995,0.9995,0.9985,0.9985,0.9980,0.9975,0.9965,0.9965,0.9960,0.9955,0.9945,0.9945,0.9940,0.9940,0.9940,0.9940,0.9940,0.9940,0.9940,0.9935,0.9935,0.9935,0.9935
65,0.7500,DynamicV1Rebalance,5.0000,7466.1105,373.3055,spend25p,373.7866,364.5907,355.9166,348.1647,339.7123,138.5658,129.2161,118.3592,107.6336,95.8731,84.8794,73.9544,64.0508,54.9971,46.3242,39.8003,33.1327,27.6364,23.4747,18.9664,15.4179,11.8895,8.0663,5.2132,0.6196,-3.1466,-8.1298,-13.0108,-18.4874,-24.7781,-30.9613,-38.4119,-46.2273,-53.8671,-62.0647,-70.2788
65,0.7500,DynamicV1Rebalance,5.0000,7466.1105,373.3055,spend50p,376.2697,372.0407,368.6855,366.0062,363.3155,154.2411,147.0888,139.6230,130.7206,121.4952,111.5879,101.3688,91.7105,82.9413,74.2140,66.6761,61.4473,55.9339,51.4685,47.8928,44.7177,41.7448,38.6303,36.2529,32.6552,28.4958,23.8611,18.2619,11.9291,4.7218,-1.9261,-10.4695,-18.9596,-27.3756,-36.5102,-46.6833
65,0.7500,DynamicV1Rebalance,5.0000,7466.1105,373.3055,spend75p,378.9434,379.8348,382.1481,385.5522,389.8050,172.5748,168.2161,162.9447,156.2595,147.8628,138.7700,129.9858,120.3032,112.4610,105.0491,99.4654,95.3281,90.9319,88.7649,87.2888,84.5821,84.5033,82.5980,80.3914,77.3649,73.8689,69.9054,64.0265,57.3981,51.3613,43.6295,35.0795,24.4580,14.4211,2.6063,-8.6400
65,0.7500,DynamicV1Rebalance,6.0000,6221.7587,373.3055,survival,1.0000,1.0000,1.0000,1.0000,1.0000,1.0000,1.0000,1.0000,1.0000,0.9995,0.9990,0.9990,0.9985,0.9970,0.9955,0.9950,0.9935,0.9925,0.9925,0.9925,0.9925,0.9915,0.9895,0.9880,0.9870,0.9850,0.9830,0.9815,0.9815,0.9810,0.9800,0.9800,0.9795,0.9785,0.9775,0.9775
65,0.7500,DynamicV1Rebalance,6.0000,6221.7587,373.3055,spend25p,373.7866,364.5907,355.9166,348.1647,339.7123,138.5658,129.2161,118.3592,107.6336,95.8118,84.7844,73.9114,63.9171,54.8714,45.8879,39.4384,32.6354,26.8844,22.9262,18.5436,14.7538,11.3250,7.2984,4.0433,0.0000,-3.0586,-8.0630,-12.9233,-18.4291,-24.7025,-30.9338,-38.3074,-46.1329,-53.8210,-61.9072,-70.2426
65,0.7500,DynamicV1Rebalance,6.0000,6221.7587,373.3055,spend50p,376.2697,372.0407,368.6855,366.0062,363.3155,154.2411,147.0888,139.6230,130.7206,121.4749,111.5310,101.3182,91.6299,82.7021,73.4546,66.3922,60.8821,55.1713,51.0970,47.3925,44.4136,41.4094,38.2339,35.4794,31.9387,26.9016,22.3855,16.2247,10.3478,3.1617,-1.6133,-10.0342,-18.8718,-27.1809,-36.2300,-46.4351
65,0.7500,DynamicV1Rebalance,6.0000,6221.7587,373.3055,spend75p,378.9434,379.8348,382.1481,385.5522,389.8050,172.5748,168.2161,162.9447,156.2595,147.7814,138.6052,129.9083,120.1439,112.3585,104.7749,98.9573,94.7536,90.3299,88.1426,86.6760,84.2743,83.7043,81.3561,79.2718,76.3693,72.2188,67.8842,61.5945,55.7908,49.4669,41.1176,32.2332,22.8515,12.3704,0.0000,-7.1006
65,0.7500,DynamicV1Rebalance,7.0000,5332.9360,373.3055,survival,1.0000,1.0000,1.0000,1.0000,1.0000,1.0000,1.0000,0.9995,0.9990,0.9990,0.9970,0.9955,0.9945,0.9935,0.9910,0.9870,0.9860,0.9850,0.9815,0.9800,0.9770,0.9740,0.9700,0.9690,0.9660,0.9630,0.9610,0.9590,0.9585,0.9585,0.9575,0.9575,0.9565,0.9565,0.9565,0.9560
65,0.7500,DynamicV1Rebalance,7.0000,5332.9360,373.3055,spend25p,373.7866,364.5907,355.9166,348.1647,339.7123,138.5658,129.2161,118.2926,107.4720,95.7658,84.6494,73.6425,63.5321,54.4495,45.7149,38.4514,31.7508,26.0482,21.2629,17.1431,13.0085,9.1183,5.1271,1.4020,0.0000,-3.0586,-8.0630,-12.9233,-18.3092,-24.6255,-30.8356,-38.0724,-46.0489,-53.5804,-61.7790,-70.0310
65,0.7500,DynamicV1Rebalance,7.0000,5332.9360,373.3055,spend50p,376.2697,372.0407,368.6855,366.0062,363.3155,154.2411,147.0888,139.5887,130.5984,121.4528,111.3905,101.0018,91.4215,82.2502,73.0278,65.9183,60.2856,54.4015,49.8587,46.3777,42.8352,39.3513,36.2077,33.1588,29.0084,23.9687,18.8909,13.5393,7.2671,0.6093,-1.2147,-9.3287,-18.1791,-26.7304,-35.8828,-45.7704
65,0.7500,DynamicV1Rebalance,7.0000,5332.9360,373.3055,spend75p,378.9434,379.8348,382.1481,385.5522,389.8050,172.5748,168.2161,162.9361,155.9987,147.7250,138.4822,129.6860,119.6458,111.9199,104.3596,98.1769,93.8863,89.3588,86.0653,84.2515,82.7146,79.2569,77.5387,76.1332,73.2122,68.8217,63.4876,58.8555,51.8246,44.6618,36.4685,28.0211,17.8823,8.2075,0.0000,-5.1283
65,0.7500,DynamicV1Rebalance,8.0000,4666.3190,373.3055,survival,1.0000,1.0000,1.0000,1.0000,1.0000,1.0000,0.9995,0.9990,0.9970,0.9950,0.9935,0.9905,0.9870,0.9840,0.9805,0.9750,0.9690,0.9640,0.9610,0.9560,0.9520,0.9465,0.9410,0.9355,0.9320,0.9285,0.9270,0.9245,0.9210,0.9210,0.9190,0.9175,0.9165,0.9155,0.9135,0.9135
65,0.7500,DynamicV1Rebalance,8.0000,4666.3190,373.3055,spend25p,373.7866,364.5907,355.9166,348.1647,339.7123,138.5658,129.1679,118.2433,107.0345,95.1647,84.3166,73.1835,62.9502,53.1090,45.1196,37.2688,30.0166,23.8147,19.0098,15.1724,10.8171,5.5388,1.1604,0.0000,0.0000,-2.7090,-7.7498,-12.7295,-17.9954,-23.8661,-30.4621,-37.4664,-45.7672,-53.2717,-61.4352,-69.3713
65,0.7500,DynamicV1Rebalance,8.0000,4666.3190,373.3055,spend50p,376.2697,372.0407,368.6855,366.0062,363.3155,154.2411,147.0593,139.5767,130.4292,121.1186,110.8876,100.5227,90.6783,81.2407,72.0851,64.9226,58.0932,51.7693,47.6220,43.4951,40.2640,36.5834,33.0069,29.2254,25.1414,19.9621,14.6573,9.5379,3.1542,0.0000,0.0000,-7.9706,-16.6920,-25.6089,-34.9462,-44.9363
65,0.7500,DynamicV1Rebalance,8.0000,4666.3190,373.3055,spend75p,378.9434,379.8348,382.1481,385.5522,389.8050,172.5748,168.1759,162.9080,155.6312,147.3283,138.4073,129.0734,119.0991,110.6408,103.5045,97.2808,91.5708,86.6581,84.2148,82.0687,78.8414,75.3215,72.7045,72.1979,68.7015,63.9548,59.8590,54.3172,45.9193,39.2672,31.6326,23.2894,13.1131,1.8554,0.0000,0.0000
65,1.0000,DynamicV1Rebalance,2.5000,19909.6279,497.7407,survival,1.0000,1.0000,1.0000,1.0000,1.0000,1.0000,1.0000,1.0000,1.0000,1.0000,1.0000,1.0000,1.0000,1.0000,1.0000,1.0000,1.0000,1.0000,1.0000,1.0000,1.0000,1.0000,1.0000,1.0000,1.0000,1.0000,1.0000,1.0000,1.0000,1.0000,1.0000,1.0000,1.0000,1.0000,1.0000,1.0000
65,1.0000,DynamicV1Rebalance,2.5000,19909.6279,497.7407,spend25p,498.3821,486.1210,474.5555,464.2196,452.9497,248.9694,237.6656,223.9137,209.7291,195.0683,181.0309,167.6988,155.6589,143.7043,134.2277,126.3533,118.5909,113.4418,108.2513,104.6705,101.3551,98.9116,95.4260,92.3790,87.7252,83.6342,79.5173,74.8780,67.8044,61.6588,53.8570,47.1981,40.1230,32.0104,22.8390,13.9604
65,1.0000,DynamicV1Rebalance,2.5000,19909.6279,497.7407,spend50p,501.6930,496.0543,491.5806,488.0083,484.4207,274.0185,266.6944,258.4734,248.3160,237.0598,226.4908,215.1592,204.9887,194.3154,185.2183,177.9735,171.8671,167.2632,163.8967,160.9432,160.3846,158.2475,156.2524,154.7816,152.0016,151.1287,147.5226,144.8831,139.0893,134.3889,127.7306,120.1693,110.4310,103.3017,94.7101,86.4796
65,1.0000,DynamicV1Rebalance,2.5000,19909.6279,497.7407,spend75p,505.2578,506.4465,509.5308,514.0696,519.7400,304.1031,301.1036,296.3460,290.3796,282.2439,274.3225,265.1880,255.6381,249.2565,244.5977,239.4898,238.1572,235.8502,236.1349,239.6432,242.1418,242.9813,245.9421,248.5191,249.4122,247.1081,246.4413,245.6162,240.9076,237.7106,234.4028,228.5314,222.7570,213.3438,203.8891,193.6990
65,1.0000,DynamicV1Rebalance,3.0000,16591.3566,497.7407,survival,1.0000,1.0000,1.0000,1.0000,1.0000,1.0000,1.0000,1.0000,1.0000,1.0000,1.0000,1.0000,1.0000,1.0000,1.0000,1.0000,1.0000,1.0000,1.0000,1.0000,1.0000,1.0000,0.9995,0.9995,0.9995,0.9995,0.9990,0.9990,0.9985,0.9985,0.9985,0.9985,0.9980,0.9980,0.9975,0.9970
65,1.0000,DynamicV1Rebalance,3.0000,16591.3566,497.7407,spend25p,498.3821,486.1210,474.5555,464.2196,452.9497,248.9694,237.6656,223.9137,209.7291,195.0683,181.0309,167.6988,155.6589,143.7043,134.2277,126.3533,118.5909,113.4418,108.2513,104.6705,101.3551,98.9116,95.3087,92.2953,87.6912,83.6260,79.2561,74.8004,67.2236,61.2107,53.5940,47.0629,39.7530,31.5565,21.6496,13.4962
65,1.0000,DynamicV1Rebalance,3.0000,16591.3566,497.7407,spend50p,501.6930,496.0543,491.5806,488.0083,484.4207,274.0185,266.6944,258.4734,248.3160,237.0598,226.4908,215.1592,204.9887,194.3154,185.2183,177.9735,171.8671,167.2632,163.8967,160.9432,160.3846,158.2475,156.0572,154.7415,151.8418,150.8690,147.4424,144.1412,138.7445,133.7897,127.2927,119.6160,108.7112,102.5047,94.2058,85.7474
65,1.0000,DynamicV1Rebalance,3.0000,16591.3566,497.7407,spend75p,505.2578,506.4465,509.5308,514.0696,519.7400,304.1031,301.1036,296.3460,290.3796,282.2439,274.3225,265.1880,255.6381,249.2565,244.5977,239.4898,238.1572,235.8502,236.1349,239.6432,242.1418,242.9813,245.8092,248.0086,249.2348,246.8358,245.7312,244.8952,239.8994,237.1280,233.7498,228.2950,221.7859,211.5315,202.9234,192.9687
65,1.0000,DynamicV1Rebalance,4.0000,12443.5174,497.7407,survival,1.0000,1.0000,1.0000,1.0000,1.0000,1.0000,1.0000,1.0000,1.0000,1.0000,1.0000,1.0000,0.9995,0.9995,0.9995,0.9990,0.9975,0.9965,0.9960,0.9955,0.9955,0.9955,0.9955,0.9955,0.9950,0.9950,0.9945,0.9935,0.9935,0.9930,0.9925,0.9925,0.9910,0.9895,0.9880,0.9870
65,1.0000,DynamicV1Rebalance,4.0000,12443.5174,497.7407,spend25p,498.3821,486.1210,474.5555,464.2196,452.9497,248.9694,237.6656,223.9137,209.7291,195.0683,181.0309,167.6988,155.4880,143.6682,134.2161,126.2595,117.9624,112.6289,107.4906,103.4660,100.3488,97.6218,94.3613,91.6330,87.0265,82.5098,78.1760,72.9930,66.6471,59.8800,51.9432,45.8312,38.5899,28.5981,19.2690,10.3056
65,1.0000,DynamicV1Rebalance,4.0000,12443.5174,497.7407,spend50p,501.6930,496.0543,491.5806,488.0083,484.4207,274.0185,266.6944,258.4734,248.3160,237.0598,226.4908,215.1592,204.6578,194.2145,185.1022,177.7003,171.6325,166.7488,162.6553,159.7964,158.9144,156.6704,155.3292,153.7023,151.3302,149.6218,147.0098,142.3153,137.0493,132.1517,125.0311,116.9669,107.7900,100.6655,92.1340,82.1605
65,1.0000,DynamicV1Rebalance,4.0000,12443.5174,497.7407,spend75p,505.2578,506.4465,509.5308,514.0696,519.7400,304.1031,301.1036,296.3460,290.3796,282.2439,274.3225,265.1880,255.5824,249.2125,244.4763,238.9358,237.6095,235.2135,235.6668,238.4205,240.6064,242.6350,244.3412,247.2706,246.0499,245.2093,244.4142,241.1422,237.8794,234.9810,231.5068,225.8881,219.2945,208.8493,200.5910,190.1715
65,1.0000,DynamicV1Rebalance,5.0000,9954.8140,497.7407,survival,1.0000,1.0000,1.0000,1.0000,1.0000,1.0000,1.0000,1.0000,1.0000,0.9995,0.9995,0.9990,0.9980,0.9960,0.9955,0.9940,0.9925,0.9900,0.9890,0.9865,0.9845,0.9815,0.9790,0.9765,0.9740,0.9700,0.9680,0.9645,0.9625,0.9615,0.9595,0.9575,0.9560,0.9545,0.9530,0.9510
65,1.0000,DynamicV1Rebalance,5.0000,9954.8140,497.7407,spend25p,498.3821,486.1210,474.5555,464.2196,452.9497,248.9694,237.6656,223.9137,209.7291,195.0053,180.8645,167.3677,155.2147,143.2202,133.4364,125.0173,117.0545,110.4537,105.7240,101.1609,97.3415,93.3548,89.4919,84.6768,80.4857,75.9032,70.1830,64.3954,56.6661,51.0419,45.2808,37.0948,28.8581,20.4886,12.0553,2.9870
65,1.0000,DynamicV1Rebalance,5.0000,9954.8140,497.7407,spend50p,501.6930,496.0543,491.5806,488.0083,484.4207,274.0185,266.6944,258.4734,248.3160,236.9952,226.3363,215.0063,204.3341,193.7829,184.2458,176.5989,170.5951,165.0508,160.8995,157.9116,156.8900,154.2096,152.2503,149.3901,148.1430,143.6966,139.4025,134.9689,129.1763,121.7115,116.4657,108.0725,100.1254,90.9276,82.6481,72.0833
65,1.0000,DynamicV1Rebalance,5.0000,9954.8140,497.7407,spend75p,505.2578,506.4465,509.5308,514.0696,519.7400,304.1031,301.1036,296.3460,290.3796,282.1899,274.1788,264.7606,255.3680,248.1604,243.9446,238.3089,236.4741,232.8719,234.1409,237.0201,236.8906,237.8267,240.0365,240.9656,241.2410,237.5215,235.8810,232.3989,227.2936,223.9030,217.7724,209.7714,204.6325,196.7006,186.7167,175.3869
65,1.0000,DynamicV1Rebalance,6.0000,8295.6783,497.7407,survival,1.0000,1.0000,1.0000,1.0000,1.0000,1.0000,1.0000,1.0000,0.9990,0.9990,0.9970,0.9955,0.9940,0.9905,0.9870,0.9845,0.9815,0.9735,0.9670,0.9625,0.9565,0.9510,0.9430,0.9360,0.9305,0.9270,0.9220,0.9175,0.9120,0.9085,0.9035,0.8995,0.8955,0.8915,0.8880,0.8860
65,1.0000,DynamicV1Rebalance,6.0000,8295.6783,497.7407,spend25p,498.3821,486.1210,474.5555,464.2196,452.9497,248.9694,237.6656,223.9137,209.6453,194.8512,180.5254,166.4237,153.9907,142.5612,131.8953,123.0074,115.3251,106.3120,100.2474,95.9419,91.0729,84.9837,79.9928,73.1823,68.7550,63.8337,57.0311,51.1384,44.1996,36.6704,28.7266,20.6432,13.0462,4.7270,0.0000,0.0000
65,1.0000,DynamicV1Rebalance,6.0000,8295.6783,497.7407,spend50p,501.6930,496.0543,491.5806,488.0083,484.4207,274.0185,266.6944,258.4734,248.2496,236.9547,225.5999,214.3627,203.3554,192.9123,182.6957,174.7436,168.5997,162.3387,157.3449,154.0537,151.5917,148.0992,145.1221,142.8392,136.7871,133.1803,129.0746,123.1556,116.9273,109.6760,101.3839,92.8214,83.4699,73.7942,64.1154,54.8129
65,1.0000,DynamicV1Rebalance,6.0000,8295.6783,497.7407,spend75p,505.2578,506.4465,509.5308,514.0696,519.7400,304.1031,301.1036,296.3460,290.1863,282.0969,273.9702,264.4347,254.6453,247.2003,241.2397,235.9797,233.0630,230.6117,228.3000,228.2210,228.3742,227.0539,228.6068,229.9183,228.6720,225.8041,222.7667,218.7059,215.2065,207.1321,200.1822,192.6228,184.1172,173.0886,161.7222,149.1168
65,1.0000,DynamicV1Rebalance,7.0000,7110.5814,497.7407,survival,1.0000,1.0000,1.0000,1.0000,1.0000,1.0000,1.0000,0.9990,0.9985,0.9950,0.9925,0.9895,0.9840,0.9780,0.9685,0.9585,0.9505,0.9385,0.9250,0.9135,0.9010,0.8885,0.8775,0.8665,0.8610,0.8530,0.8475,0.8415,0.8360,0.8310,0.8230,0.8170,0.8135,0.8105,0.8090,0.8080
65,1.0000,DynamicV1Rebalance,7.0000,7110.5814,497.7407,spend25p,498.3821,486.1210,474.5555,464.2196,452.9497,248.9694,237.6656,223.7122,209.5660,193.7752,179.6917,165.7909,152.5193,140.3640,129.2941,117.7842,108.9208,100.6403,93.6081,86.9417,78.0171,69.4116,63.6132,54.5698,49.3300,41.7639,34.0578,27.5755,20.7503,12.9889,3.9222,0.0000,0.0000,0.0000,0.0000,0.0000
65,1.0000,DynamicV1Rebalance,7.0000,7110.5814,497.7407,spend50p,501.6930,496.0543,491.5806,488.0083,484.4207,274.0185,266.6944,258.3885,248.0715,236.3019,225.0032,213.2067,201.2400,190.8030,179.2363,170.3065,162.6330,155.3575,149.6716,144.7871,139.5170,136.5258,132.1134,126.1301,122.8692,116.2530,111.9195,105.7252,98.2780,90.7630,81.8038,72.3999,64.1633,53.5778,44.6748,35.7666
65,1.0000,DynamicV1Rebalance,7.0000,7110.5814,497.7407,spend75p,505.2578,506.4465,509.5308,514.0696,519.7400,304.1031,301.1036,296.2774,290.0493,281.7965,273.1231,263.9611,253.2171,244.5004,238.3044,231.8298,226.5411,223.8218,222.1953,218.9605,214.4392,213.3098,211.0400,208.9681,209.6322,206.1032,201.3294,194.4934,188.2679,184.9112,176.5089,166.5643,157.1106,148.4143,138.4837,126.8681
65,1.0000,DynamicV1Rebalance,8.0000,6221.7587,497.7407,survival,1.0000,1.0000,1.0000,1.0000,1.0000,1.0000,0.9990,0.9970,0.9935,0.9895,0.9825,0.9700,0.9580,0.9445,0.9270,0.9115,0.8925,0.8735,0.8580,0.8400,0.8280,0.8165,0.8020,0.7900,0.7825,0.7740,0.7635,0.7510,0.7460,0.7395,0.7325,0.7295,0.7265,0.7245,0.7235,0.7210
65,1.0000,DynamicV1Rebalance,8.0000,6221.7587,497.7407,spend25p,498.3821,486.1210,474.5555,464.2196,452.9497,248.9694,237.6071,223.1715,208.6767,193.0537,177.7370,163.0911,148.6668,134.7497,118.9593,107.0675,95.8344,83.8071,73.9755,63.0737,53.7105,45.1386,35.9372,25.1122,16.5538,7.5317,0.0000,0.0000,0.0000,0.0000,0.0000,0.0000,0.0000,0.0000,0.0000,0.0000
65,1.0000,DynamicV1Rebalance,8.0000,6221.7587,497.7407,spend50p,501.6930,496.0543,491.5806,488.0083,484.4207,274.0185,266.6377,258.2579,247.2281,236.0381,223.9053,210.6090,196.8986,183.5892,172.3959,161.0166,152.5873,145.2174,137.3869,130.0699,124.9923,119.6773,114.1727,108.4588,104.4478,98.2178,90.1106,82.0997,75.1666,67.2975,58.1565,49.7696,42.1576,32.9529,23.5818,14.6955
65,1.0000,DynamicV1Rebalance,8.0000,6221.7587,497.7407,spend75p,505.2578,506.4465,509.5308,514.0696,519.7400,304.1031,300.6470,296.0950,289.7642,281.5164,272.0752,260.8105,248.8276,238.6902,231.1540,225.2010,217.0520,213.0244,206.7210,200.2803,195.8502,194.1106,192.0090,189.2063,187.6132,185.5004,180.1535,172.9472,167.7293,159.8607,152.1943,142.8163,134.8608,126.8937,118.2411,107.9730
65,1.5000,DynamicV1Rebalance,2.5000,29864.4419,746.6110,survival,1.0000,1.0000,1.0000,1.0000,1.0000,1.0000,1.0000,1.0000,1.0000,1.0000,1.0000,1.0000,1.0000,1.0000,1.0000,1.0000,1.0000,1.0000,1.0000,1.0000,1.0000,1.0000,1.0000,1.0000,1.0000,1.0000,1.0000,1.0000,1.0000,1.0000,1.0000,1.0000,0.9990,0.9980,0.9970,0.9970
65,1.5000,DynamicV1Rebalance,2.5000,29864.4419,746.6110,spend25p,747.5731,729.1815,711.8332,696.3294,679.4245,469.8339,454.1907,434.5153,413.7068,393.4720,373.6408,354.3758,338.1302,322.5200,309.4143,298.8942,290.0990,282.3463,277.3435,274.7258,272.2007,271.0091,269.7899,265.4772,262.0231,257.2056,252.7831,249.3151,241.8862,233.5698,226.2829,221.5676,212.0527,202.7331,192.3125,183.4716
65,1.5000,DynamicV1Rebalance,2.5000,29864.4419,746.6110,spend50p,752.5395,744.0815,737.3710,732.0124,726.6310,513.8505,505.4273,496.3866,482.5515,468.9677,456.1503,442.7421,430.1396,418.6619,407.2481,399.1872,392.0427,388.8281,387.0396,386.3724,388.3034,390.5662,389.4544,390.7514,392.3492,394.8394,395.2525,395.4280,391.0294,390.4495,383.1420,377.3171,368.7505,363.6076,360.5645,351.8147
65,1.5000,DynamicV1Rebalance,2.5000,29864.4419,746.6110,spend75p,757.8867,759.6697,764.2962,771.1044,779.6100,567.1201,566.6218,563.5405,558.7833,552.2498,544.2755,535.9314,526.4731,522.0046,521.7495,518.8500,522.7186,524.4647,531.9284,544.4796,550.6074,560.4354,572.1353,581.7539,588.5404,594.1593,597.9654,611.2264,608.4815,613.5150,614.4620,613.7295,609.7658,607.8409,600.0497,595.9320
65,1.5000,DynamicV1Rebalance,3.0000,24887.0349,746.6110,survival,1.0000,1.0000,1.0000,1.0000,1.0000,1.0000,1.0000,1.0000,1.0000,1.0000,1.0000,1.0000,1.0000,1.0000,1.0000,1.0000,1.0000,0.9995,0.9990,0.9985,0.9975,0.9970,0.9970,0.9970,0.9965,0.9965,0.9965,0.9960,0.9955,0.9955,0.9955,0.9950,0.9940,0.9925,0.9915,0.9910
65,1.5000,DynamicV1Rebalance,3.0000,24887.0349,746.6110,spend25p,747.5731,729.1815,711.8332,696.3294,679.4245,469.8339,454.1907,434.5153,413.7068,393.4720,373.6408,354.3758,338.1302,322.5200,309.4143,298.8942,290.0990,282.1590,276.6132,273.9990,271.5069,267.1781,267.8088,262.8641,260.0381,256.1374,250.5065,247.3089,239.3284,231.2975,224.4216,218.8092,209.1923,199.1520,189.9406,179.9452
65,1.5000,DynamicV1Rebalance,3.0000,24887.0349,746.6110,spend50p,752.5395,744.0815,737.3710,732.0124,726.6310,513.8505,505.4273,496.3866,482.5515,468.9677,456.1503,442.7421,430.1396,418.6619,407.2481,399.1872,392.0427,388.5704,385.9494,386.1734,387.6517,388.0876,388.6390,389.1137,389.5776,393.1844,393.4313,393.3312,387.0852,387.6346,380.5500,374.4653,365.1545,360.5523,356.1908,346.2830
65,1.5000,DynamicV1Rebalance,3.0000,24887.0349,746.6110,spend75p,757.8867,759.6697,764.2962,771.1044,779.6100,567.1201,566.6218,563.5405,558.7833,552.2498,544.2755,535.9314,526.4731,522.0046,521.7495,518.8500,522.7186,524.4647,531.7476,543.6317,549.5554,557.3947,570.3042,581.0535,586.2324,590.6402,594.5586,605.1821,605.5203,608.9515,609.6348,609.0071,606.1062,596.0397,594.4151,592.9010
65,1.5000,DynamicV1Rebalance,4.0000,18665.2762,746.6110,survival,1.0000,1.0000,1.0000,1.0000,1.0000,1.0000,1.0000,1.0000,1.0000,1.0000,0.9995,0.9995,0.9990,0.9980,0.9965,0.9955,0.9950,0.9930,0.9905,0.9890,0.9880,0.9855,0.9830,0.9825,0.9790,0.9775,0.9750,0.9735,0.9715,0.9705,0.9670,0.9650,0.9635,0.9625,0.9590,0.9575
65,1.5000,DynamicV1Rebalance,4.0000,18665.2762,746.6110,spend25p,747.5731,729.1815,711.8332,696.3294,679.4245,469.8339,454.1907,434.5153,413.7068,393.4720,373.4794,354.3294,337.2892,321.8488,308.2823,296.6978,287.6381,279.8212,273.2082,269.1383,266.1192,261.5394,258.1737,254.9199,249.6363,246.5227,239.6015,230.7447,222.7752,219.2212,210.0993,202.9106,193.1604,184.0907,172.6447,162.5098
65,1.5000,DynamicV1Rebalance,4.0000,18665.2762,746.6110,spend50p,752.5395,744.0815,737.3710,732.0124,726.6310,513.8505,505.4273,496.3866,482.5515,468.9677,455.9406,442.3877,429.8382,417.8041,405.9549,396.5535,390.8049,385.7031,382.6553,383.7418,383.4139,382.8761,382.5365,383.7478,382.6834,383.0452,381.3642,380.5232,375.1864,369.5559,365.8908,356.3384,350.5731,345.8902,336.8544,327.0147
65,1.5000,DynamicV1Rebalance,4.0000,18665.2762,746.6110,spend75p,757.8867,759.6697,764.2962,771.1044,779.6100,567.1201,566.6218,563.5405,558.7833,552.2498,544.2532,535.8021,526.3864,521.4033,519.8878,517.4177,521.5391,521.4159,529.7886,540.1221,545.1989,552.0948,563.0406,572.4654,573.2197,578.8540,581.5290,587.6759,584.7497,591.9558,586.4892,587.2060,583.7064,576.5223,565.5610,557.6742
65,1.5000,DynamicV1Rebalance,5.0000,14932.2209,746.6110,survival,1.0000,1.0000,1.0000,1.0000,1.0000,1.0000,1.0000,1.0000,0.9995,0.9990,0.9990,0.9960,0.9945,0.9910,0.9885,0.9850,0.9785,0.9725,0.9650,0.9580,0.9515,0.9430,0.9380,0.9295,0.9220,0.9145,0.9065,0.9000,0.8920,0.8885,0.8825,0.8790,0.8725,0.8680,0.8665,0.8660
65,1.5000,DynamicV1Rebalance,5.0000,14932.2209,746.6110,spend25p,747.5731,729.1815,711.8332,696.3294,679.4245,469.8339,454.1907,434.5153,413.5074,393.0451,373.3292,353.2165,336.3281,320.0107,306.0991,292.6030,281.1859,270.0186,261.7260,253.7644,249.5119,240.2552,232.8091,224.8690,217.1673,207.5850,198.6565,190.8133,180.3321,171.2678,157.0766,149.6675,136.5790,126.4554,118.2839,106.6238
65,1.5000,DynamicV1Rebalance,5.0000,14932.2209,746.6110,spend50p,752.5395,744.0815,737.3710,732.0124,726.6310,513.8505,505.4273,496.3866,482.4005,468.2936,455.5586,441.1823,427.8902,415.6911,402.3066,393.3929,385.7305,378.8710,374.6795,373.3194,371.1660,367.4698,365.4228,363.8488,358.6615,354.8097,347.6746,342.4452,335.9074,328.8358,318.4972,309.7130,295.4330,283.8023,276.0371,267.0184
65,1.5000,DynamicV1Rebalance,5.0000,14932.2209,746.6110,spend75p,757.8867,759.6697,764.2962,771.1044,779.6100,567.1201,566.6218,563.5405,558.6212,551.8951,544.2157,535.4285,526.0857,519.4321,516.9559,512.3144,514.3994,515.8238,516.9087,519.1927,526.2327,530.3437,536.4151,542.1739,542.2628,544.7572,545.6217,542.7267,541.3947,535.4718,526.1831,522.8272,509.6647,501.3603,495.9877,491.0801
65,1.5000,DynamicV1Rebalance,6.0000,12443.5174,746.6110,survival,1.0000,1.0000,1.0000,1.0000,1.0000,1.0000,1.0000,0.9990,0.9990,0.9960,0.9950,0.9900,0.9850,0.9775,0.9670,0.9550,0.9385,0.9265,0.9110,0.8925,0.8805,0.8640,0.8540,0.8450,0.8315,0.8225,0.8105,0.8020,0.7935,0.7890,0.7820,0.7790,0.7730,0.7665,0.7615,0.7570
65,1.5000,DynamicV1Rebalance,6.0000,12443.5174,746.6110,spend25p,747.5731,729.1815,711.8332,696.3294,679.4245,469.8339,454.1907,434.2459,413.3369,391.4793,371.9199,351.1427,333.5438,315.5733,299.2132,281.6061,266.6542,255.0391,243.5745,225.4513,213.2725,197.9156,187.4449,178.3550,164.4757,151.2607,135.3008,117.2887,105.4162,92.0519,77.6709,66.6762,51.0469,32.7827,18.5618,0.8411
65,1.5000,DynamicV1Rebalance,6.0000,12443.5174,746.6110,spend50p,752.5395,744.0815,737.3710,732.0124,726.6310,513.8505,505.4273,496.1340,482.2641,467.4753,454.6784,439.3454,425.0261,409.7899,394.7860,382.8328,370.6824,362.2916,358.2668,346.2486,340.2530,333.9444,333.0590,326.4704,321.2959,314.3565,304.7530,294.2207,284.8101,275.3064,265.4530,254.5310,241.6779,227.5290,216.3968,203.4287
65,1.5000,DynamicV1Rebalance,6.0000,12443.5174,746.6110,spend75p,757.8867,759.6697,764.2962,771.1044,779.6100,567.1201,566.6218,563.3765,558.5481,551.5258,543.2641,533.5589,522.6709,514.3599,509.5311,505.2371,497.6538,499.3571,499.8484,489.1420,489.0180,486.2987,489.5562,495.5082,493.3426,492.9066,488.1334,485.2833,473.6828,470.6383,461.7748,458.8527,449.2746,443.6305,430.2795,417.1324
65,1.5000,DynamicV1Rebalance,7.0000,10665.8721,746.6110,survival,1.0000,1.0000,1.0000,1.0000,1.0000,1.0000,0.9990,0.9985,0.9950,0.9900,0.9865,0.9710,0.9565,0.9345,0.9175,0.8955,0.8730,0.8505,0.8300,0.8120,0.7925,0.7750,0.7625,0.7430,0.7240,0.7125,0.7025,0.6905,0.6785,0.6695,0.6605,0.6520,0.6460,0.6415,0.6360,0.6310
65,1.5000,DynamicV1Rebalance,7.0000,10665.8721,746.6110,spend25p,747.5731,729.1815,711.8332,696.3294,679.4245,469.8339,453.9735,434.1246,412.4315,389.6372,368.2277,346.7270,325.5123,299.4997,276.6415,257.5532,235.6526,212.7775,190.2215,172.1205,147.9917,123.2187,92.5962,0.0000,0.0000,0.0000,0.0000,0.0000,0.0000,0.0000,0.0000,0.0000,0.0000,0.0000,0.0000,0.0000
65,1.5000,DynamicV1Rebalance,7.0000,10665.8721,746.6110,spend50p,752.5395,744.0815,737.3710,732.0124,726.6310,513.8505,505.2746,495.8822,481.7261,466.5134,452.2590,435.3865,416.1157,393.9474,379.7100,364.0617,350.3697,339.1062,323.3937,314.9619,305.6201,297.6013,289.5670,279.5895,264.4662,256.1655,245.6541,230.0290,216.2237,204.2699,191.1910,178.2026,167.4250,154.6071,139.4925,127.1801
65,1.5000,DynamicV1Rebalance,7.0000,10665.8721,746.6110,spend75p,757.8867,759.6697,764.2962,771.1044,779.6100,567.1201,566.5358,563.3049,557.4666,550.1985,541.2621,528.9406,515.1073,501.3665,494.9132,488.3037,477.9264,470.7531,460.2848,455.7810,452.1902,449.4932,450.4217,445.8947,443.1438,439.0930,436.9094,432.1011,425.1107,419.6914,407.3693,395.5204,387.5180,373.0767,369.0820,356.1422
65,1.5000,DynamicV1Rebalance,8.0000,9332.6381,746.6110,survival,1.0000,1.0000,1.0000,1.0000,1.0000,0.9995,0.9985,0.9940,0.9895,0.9770,0.9570,0.9330,0.9060,0.8720,0.8415,0.8165,0.7855,0.7570,0.7305,0.7080,0.6840,0.6625,0.6390,0.6215,0.6075,0.5945,0.5790,0.5705,0.5630,0.5555,0.5460,0.5380,0.5310,0.5250,0.5200,0.5160
65,1.5000,DynamicV1Rebalance,8.0000,9332.6381,746.6110,spend25p,747.5731,729.1815,711.8332,696.3294,679.4245,469.7268,453.8522,432.9210,411.0897,385.5859,360.8429,334.1963,303.8830,273.4380,239.8007,207.6310,166.3673,112.5452,0.0000,0.0000,0.0000,0.0000,0.0000,0.0000,0.0000,0.0000,0.0000,0.0000,0.0000,0.0000,0.0000,0.0000,0.0000,0.0000,0.0000,0.0000
65,1.5000,DynamicV1Rebalance,8.0000,9332.6381,746.6110,spend50p,752.5395,744.0815,737.3710,732.0124,726.6310,513.7646,505.1921,494.6151,480.5328,464.4961,445.7321,424.2348,401.4644,376.9753,354.5598,338.7642,320.5467,303.2936,287.0225,271.1007,257.3488,239.9449,221.6090,207.2065,192.2386,177.6940,160.1873,146.4305,135.7799,115.2185,98.5798,83.0725,68.7964,53.2676,38.4867,23.0798
65,1.5000,DynamicV1Rebalance,8.0000,9332.6381,746.6110,spend75p,757.8867,759.6697,764.2962,771.1044,779.6100,566.9247,566.1840,562.4678,557.1672,547.0012,535.1966,518.8799,503.4582,488.1356,472.6776,463.0013,453.1728,438.8303,427.8747,418.8116,413.8401,407.0224,401.3511,393.7998,387.2736,383.0689,372.6602,367.4024,359.4907,349.0881,337.9415,323.8237,318.0722,298.2690,283.5404,272.9236
65,2.0000,DynamicV1Rebalance,2.5000,39819.2558,995.4814,survival,1.0000,1.0000,1.0000,1.0000,1.0000,1.0000,1.0000,1.0000,1.0000,1.0000,1.0000,1.0000,1.0000,1.0000,1.0000,1.0000,1.0000,1.0000,1.0000,1.0000,1.0000,1.0000,1.0000,1.0000,1.0000,1.0000,1.0000,1.0000,0.9995,0.9985,0.9980,0.9970,0.9960,0.9950,0.9945,0.9940
65,2.0000,DynamicV1Rebalance,2.5000,39819.2558,995.4814,spend25p,996.7642,972.2420,949.1110,928.4392,905.8994,690.8712,670.7396,645.4082,618.0712,591.2141,565.7840,541.1182,520.2457,500.5412,486.2151,470.8566,460.6779,452.1743,448.2409,444.3806,441.6481,441.2049,442.3526,438.9855,435.1460,432.2880,426.4651,422.6314,414.9064,405.2833,398.7474,391.5330,381.1031,372.8447,361.1957,348.3828
65,2.0000,DynamicV1Rebalance,2.5000,39819.2558,995.4814,spend50p,1003.3860,992.1087,983.1613,976.0166,968.8414,754.2593,743.9607,734.3035,717.0539,700.9768,685.7282,669.8641,655.4838,642.2690,628.6904,618.8298,612.5388,610.0579,609.5918,612.2010,616.3335,620.9701,624.4467,626.3321,630.2801,638.8080,640.3932,645.2722,643.6667,643.5681,635.8793,631.4838,624.1553,624.1246,620.8911,615.3190
65,2.0000,DynamicV1Rebalance,2.5000,39819.2558,995.4814,spend75p,1010.5156,1012.8929,1019.0616,1028.1392,1039.4800,830.1452,831.6522,830.9280,827.6017,821.4935,814.7140,806.6173,798.5527,795.3110,798.4537,799.0094,807.3390,812.9962,829.0108,849.9010,859.8053,878.0174,899.1003,915.7687,929.9683,940.0139,956.2952,972.8092,978.2233,984.9451,992.1731,991.9816,993.0969,993.8056,994.8586,995.2391
65,2.0000,DynamicV1Rebalance,3.0000,33182.7132,995.4814,survival,1.0000,1.0000,1.0000,1.0000,1.0000,1.0000,1.0000,1.0000,1.0000,1.0000,1.0000,1.0000,1.0000,1.0000,1.0000,1.0000,0.9995,0.9980,0.9970,0.9970,0.9965,0.9965,0.9960,0.9960,0.9955,0.9950,0.9945,0.9935,0.9930,0.9930,0.9910,0.9900,0.9880,0.9865,0.9865,0.9850
65,2.0000,DynamicV1Rebalance,3.0000,33182.7132,995.4814,spend25p,996.7642,972.2420,949.1110,928.4392,905.8994,690.8712,670.7396,645.4082,618.0712,591.2141,565.7840,541.1182,520.2457,500.5412,486.2151,470.8566,459.2773,450.6874,444.3607,443.1220,440.1376,436.7766,439.9497,433.6629,431.7312,427.3698,422.8798,417.0561,409.2330,401.4814,392.6077,384.3434,374.9569,362.6112,353.2767,343.3897
65,2.0000,DynamicV1Rebalance,3.0000,33182.7132,995.4814,spend50p,1003.3860,992.1087,983.1613,976.0166,968.8414,754.2593,743.9607,734.3035,717.0539,700.9768,685.7282,669.8641,655.4838,642.2690,628.6904,618.8298,612.4080,608.7282,607.5473,610.0013,614.6283,619.3784,620.7984,622.5018,626.6493,634.3693,638.1031,641.2999,635.6388,636.5216,628.9319,626.8000,619.8480,615.9792,613.8697,606.5525
65,2.0000,DynamicV1Rebalance,3.0000,33182.7132,995.4814,spend75p,1010.5156,1012.8929,1019.0616,1028.1392,1039.4800,830.1452,831.6522,830.9280,827.6017,821.4935,814.7140,806.6173,798.5527,795.3110,798.4537,799.0094,807.3390,812.6432,827.4144,844.9712,857.9240,872.7992,891.4767,910.8943,921.2490,933.6036,943.7556,961.0443,967.9016,979.9579,981.1981,979.6703,978.6951,978.2476,977.7856,974.3095
65,2.0000,DynamicV1Rebalance,4.0000,24887.0349,995.4814,survival,1.0000,1.0000,1.0000,1.0000,1.0000,1.0000,1.0000,1.0000,1.0000,1.0000,0.9995,0.9990,0.9980,0.9965,0.9960,0.9935,0.9905,0.9890,0.9875,0.9855,0.9820,0.9760,0.9720,0.9685,0.9660,0.9630,0.9605,0.9590,0.9585,0.9565,0.9535,0.9490,0.9460,0.9415,0.9375,0.9330
65,2.0000,DynamicV1Rebalance,4.0000,24887.0349,995.4814,spend25p,996.7642,972.2420,949.1110,928.4392,905.8994,690.8712,670.7396,645.4082,618.0712,591.2141,565.5895,540.6024,519.2331,499.9046,482.7079,467.4596,454.2372,443.3350,438.6147,433.8202,430.3130,423.3729,417.6969,407.7572,400.8124,397.6522,392.6318,382.1373,376.1903,369.7979,357.0663,347.3511,335.9930,323.5230,308.0350,299.4911
65,2.0000,DynamicV1Rebalance,4.0000,24887.0349,995.4814,spend50p,1003.3860,992.1087,983.1613,976.0166,968.8414,754.2593,743.9607,734.3035,717.0539,700.9768,685.6706,668.9682,655.0715,641.1959,626.8888,614.0967,608.3452,603.6998,602.7640,605.6223,608.7019,605.3054,606.0352,605.2555,611.1778,609.5642,613.5789,612.5470,606.9222,601.8880,599.1532,587.4455,580.3252,570.5607,562.8498,549.6411
65,2.0000,DynamicV1Rebalance,4.0000,24887.0349,995.4814,spend75p,1010.5156,1012.8929,1019.0616,1028.1392,1039.4800,830.1452,831.6522,830.9280,827.6017,821.4935,814.3787,806.3698,797.5720,794.1642,797.0837,795.9577,801.7890,807.8063,822.5453,837.4970,847.3312,856.6986,874.6391,881.6095,895.1049,899.4790,914.4659,915.5248,926.4608,929.9287,935.8746,933.9378,932.6285,928.7189,919.2896,904.7252
65,2.0000,DynamicV1Rebalance,5.0000,19909.6279,995.4814,survival,1.0000,1.0000,1.0000,1.0000,1.0000,1.0000,1.0000,1.0000,0.9995,0.9990,0.9965,0.9955,0.9915,0.9880,0.9835,0.9735,0.9665,0.9565,0.9465,0.9360,0.9260,0.9120,0.8970,0.8885,0.8815,0.8710,0.8655,0.8580,0.8535,0.8470,0.8400,0.8345,0.8280,0.8225,0.8170,0.8140
65,2.0000,DynamicV1Rebalance,5.0000,19909.6279,995.4814,spend25p,996.7642,972.2420,949.1110,928.4392,905.8994,690.8712,670.7396,645.4082,617.9464,590.8684,564.3680,539.2885,517.4549,496.7038,477.6008,455.0752,438.7513,424.4797,412.6228,404.5888,391.9400,376.3220,359.3963,346.6420,334.3303,317.4333,310.4932,291.2124,278.2354,264.1861,248.8755,234.6752,216.0910,196.9054,177.9217,166.8508
65,2.0000,DynamicV1Rebalance,5.0000,19909.6279,995.4814,spend50p,1003.3860,992.1087,983.1613,976.0166,968.8414,754.2593,743.9607,734.3035,716.7621,700.6632,683.9317,667.7624,651.1603,635.0133,619.8925,604.8789,595.0078,587.5104,582.1555,578.8075,571.0241,567.9718,563.5383,562.8133,556.4758,551.4182,544.6292,535.2081,528.8621,521.9809,503.6794,492.1109,482.3028,468.4138,450.4749,438.1082
65,2.0000,DynamicV1Rebalance,5.0000,19909.6279,995.4814,spend75p,1010.5156,1012.8929,1019.0616,1028.1392,1039.4800,830.1452,831.6522,830.9280,827.3542,821.1253,813.4435,805.4541,795.4159,790.5452,790.8763,785.6759,787.6527,791.4114,796.0263,798.8078,804.4365,807.9921,810.0423,819.0722,828.0093,832.9062,834.5728,836.8831,831.5887,823.3277,826.1194,818.3028,807.2277,809.2948,791.4103,782.0627
65,2.0000,DynamicV1Rebalance,6.0000,16591.3566,995.4814,survival,1.0000,1.0000,1.0000,1.0000,1.0000,1.0000,1.0000,0.9990,0.9990,0.9955,0.9905,0.9860,0.9775,0.9640,0.9495,0.9275,0.9105,0.8890,0.8720,0.8510,0.8370,0.8185,0.8045,0.7880,0.7780,0.7645,0.7560,0.7430,0.7335,0.7240,0.7180,0.7130,0.7040,0.6965,0.6885,0.6830
65,2.0000,DynamicV1Rebalance,6.0000,16591.3566,995.4814,spend25p,996.7642,972.2420,949.1110,928.4392,905.8994,690.8712,670.7396,645.1162,617.9002,589.0839,560.1805,534.7695,509.9462,483.9329,456.8601,429.6061,409.7169,385.4928,358.0772,329.3244,309.6457,285.5117,262.7781,229.6873,208.8146,164.8698,122.1071,0.0000,0.0000,0.0000,0.0000,0.0000,0.0000,0.0000,0.0000,0.0000
65,2.0000,DynamicV1Rebalance,6.0000,16591.3566,995.4814,spend50p,1003.3860,992.1087,983.1613,976.0166,968.8414,754.2593,743.9607,733.4128,716.4937,698.8229,682.3134,663.8046,643.7212,621.8779,604.1278,582.4106,567.3864,556.3222,543.1724,527.6766,519.9845,508.2161,497.9389,490.2684,487.0338,475.0321,464.3526,446.6839,430.1150,411.5480,399.6942,391.3357,374.6602,355.1592,343.4044,325.4950
65,2.0000,DynamicV1Rebalance,6.0000,16591.3566,995.4814,spend75p,1010.5156,1012.8929,1019.0616,1028.1392,1039.4800,830.1452,831.6522,830.1964,827.2755,820.3035,812.3664,801.6151,789.6342,777.1020,772.4133,764.2133,759.6525,756.0557,751.9799,737.1716,738.4722,735.3882,737.3652,737.9022,745.1658,747.1961,750.2902,736.5430,733.1861,727.3512,717.6135,710.1389,698.9954,685.7887,673.7634,660.0337
65,2.0000,DynamicV1Rebalance,7.0000,14221.1628,995.4814,survival,1.0000,1.0000,1.0000,1.0000,1.0000,1.0000,0.9990,0.9980,0.9930,0.9885,0.9765,0.9575,0.9345,0.9125,0.8835,0.8530,0.8310,0.8035,0.7810,0.7555,0.7330,0.7040,0.6840,0.6645,0.6500,0.6350,0.6200,0.6130,0.6010,0.5925,0.5855,0.5775,0.5680,0.5650,0.5570,0.5485
65,2.0000,DynamicV1Rebalance,7.0000,14221.1628,995.4814,spend25p,996.7642,972.2420,949.1110,928.4392,905.8994,690.8712,670.4052,644.8735,615.0279,586.0913,555.6804,525.3352,486.6061,451.7663,415.8263,377.4924,339.8926,298.8339,254.4843,168.3633,0.0000,0.0000,0.0000,0.0000,0.0000,0.0000,0.0000,0.0000,0.0000,0.0000,0.0000,0.0000,0.0000,0.0000,0.0000,0.0000
65,2.0000,DynamicV1Rebalance,7.0000,14221.1628,995.4814,spend50p,1003.3860,992.1087,983.1613,976.0166,968.8414,754.2593,743.8621,733.1099,714.4978,696.9764,677.7483,652.1565,622.7242,598.6285,572.8829,546.0024,530.4480,505.3468,491.2362,475.7934,457.9295,431.3214,412.1283,388.6336,372.3488,353.8050,331.3136,320.5590,296.3949,275.7107,260.7430,243.0013,218.5047,204.6651,179.9047,158.1267
65,2.0000,DynamicV1Rebalance,7.0000,14221.1628,995.4814,spend75p,1010.5156,1012.8929,1019.0616,1028.1392,1039.4800,830.1452,831.4712,829.5594,825.1771,818.2983,808.7803,789.3552,774.2613,758.1352,744.8515,726.6170,722.0741,706.3243,693.3153,689.8566,678.6837,672.3713,665.8706,668.5208,661.3010,652.2757,645.0171,639.8936,618.7312,608.1223,602.9425,595.5798,580.6467,572.2830,553.8230,526.9771
65,2.0000,DynamicV1Rebalance,8.0000,12443.5174,995.4814,survival,1.0000,1.0000,1.0000,1.0000,1.0000,0.9995,0.9975,0.9940,0.9835,0.9650,0.9380,0.9085,0.8665,0.8305,0.7960,0.7645,0.7265,0.6980,0.6635,0.6360,0.6130,0.5875,0.5710,0.5505,0.5305,0.5165,0.5060,0.4955,0.4835,0.4730,0.4665,0.4560,0.4510,0.4455,0.4410,0.4380
65,2.0000,DynamicV1Rebalance,8.0000,12443.5174,995.4814,spend25p,996.7642,972.2420,949.1110,928.4392,905.8994,690.8236,669.7786,642.6537,610.8943,576.0486,537.6747,495.9726,444.6176,386.4395,328.9545,249.9688,0.0000,0.0000,0.0000,0.0000,0.0000,0.0000,0.0000,0.0000,0.0000,0.0000,0.0000,0.0000,0.0000,0.0000,0.0000,0.0000,0.0000,0.0000,0.0000,0.0000
65,2.0000,DynamicV1Rebalance,8.0000,12443.5174,995.4814,spend50p,1003.3860,992.1087,983.1613,976.0166,968.8414,754.2306,743.6404,730.5948,713.4597,689.6973,665.2157,635.1130,595.7797,559.7281,528.4380,505.0683,472.4433,443.2654,414.0014,392.9973,362.6552,324.6984,296.2377,262.6401,222.8378,184.7039,123.0148,0.0000,0.0000,0.0000,0.0000,0.0000,0.0000,0.0000,0.0000,0.0000
65,2.0000,DynamicV1Rebalance,8.0000,12443.5174,995.4814,spend75p,1010.5156,1012.8929,1019.0616,1028.1392,1039.4800,829.9367,831.2901,828.7765,823.8500,810.6205,795.6597,777.6962,750.8880,731.8009,708.8603,691.6701,669.4764,649.8721,633.6302,626.7117,618.6395,606.8828,599.5296,585.4370,571.4702,555.2042,542.6225,531.1637,518.3077,499.0824,478.9655,458.8316,445.3597,426.1639,410.1868,397.2234
65,3.0000,DynamicV1Rebalance,2.5000,59728.8837,1493.2221,survival,1.0000,1.0000,1.0000,1.0000,1.0000,1.0000,1.0000,1.0000,1.0000,1.0000,1.0000,1.0000,1.0000,1.0000,1.0000,1.0000,1.0000,1.0000,1.0000,1.0000,1.0000,1.0000,0.9995,0.9995,0.9990,0.9990,0.9990,0.9990,0.9990,0.9985,0.9970,0.9955,0.9940,0.9925,0.9925,0.9910
65,3.0000,DynamicV1Rebalance,2.5000,59728.8837,1493.2221,spend25p,1495.1462,1458.3630,1423.6664,1392.6588,1358.8491,1132.9946,1103.4480,1067.0152,1026.8366,986.8752,949.7229,914.8014,886.6651,858.1493,836.5678,817.4077,801.9596,792.1930,787.4337,786.4246,781.3173,781.1861,786.8334,783.4501,779.3866,779.7377,773.9958,769.5510,759.5046,750.5530,739.0794,731.4384,719.9558,709.1852,695.1203,682.2136
65,3.0000,DynamicV1Rebalance,2.5000,59728.8837,1493.2221,spend50p,1505.0790,1488.1630,1474.7419,1464.0249,1453.2620,1234.0587,1220.9385,1208.5481,1186.1289,1165.8580,1145.0248,1123.9787,1106.2203,1089.7696,1071.8046,1058.8756,1054.6324,1053.7004,1058.7973,1063.7927,1074.8321,1083.5998,1091.9717,1098.1385,1109.2940,1124.9494,1135.7875,1144.7634,1148.0150,1153.4827,1138.8953,1142.8284,1141.3663,1145.0205,1145.3880,1142.2735
65,3.0000,DynamicV1Rebalance,2.5000,59728.8837,1493.2221,spend75p,1515.7734,1519.3394,1528.5924,1542.2088,1559.2200,1356.5652,1362.7298,1365.7673,1364.7340,1359.7086,1355.5990,1348.2973,1341.6937,1342.2759,1351.9311,1357.8078,1377.0234,1391.4238,1420.2985,1456.4582,1477.8718,1514.1126,1548.0751,1584.2402,1608.7351,1630.3014,1658.2082,1691.4081,1712.2193,1735.8185,1747.0057,1746.2045,1756.7844,1761.8336,1771.1309,1781.1493
65,3.0000,DynamicV1Rebalance,3.0000,49774.0698,1493.2221,survival,1.0000,1.0000,1.0000,1.0000,1.0000,1.0000,1.0000,1.0000,1.0000,1.0000,1.0000,1.0000,1.0000,1.0000,1.0000,0.9995,0.9975,0.9965,0.9965,0.9960,0.9960,0.9960,0.9950,0.9935,0.9930,0.9915,0.9910,0.9905,0.9895,0.9885,0.9870,0.9850,0.9850,0.9830,0.9790,0.9770
65,3.0000,DynamicV1Rebalance,3.0000,49774.0698,1493.2221,spend25p,1495.1462,1458.3630,1423.6664,1392.6588,1358.8491,1132.9946,1103.4480,1067.0152,1026.8366,986.8752,949.7229,914.8014,886.6651,858.1493,836.5678,816.5490,798.1107,787.6441,780.9145,781.2784,776.1931,776.0719,779.5471,773.7830,771.3408,768.8831,761.1209,754.2460,745.8492,735.9753,726.1315,718.6752,708.0873,695.7978,679.7204,663.1080
65,3.0000,DynamicV1Rebalance,3.0000,49774.0698,1493.2221,spend50p,1505.0790,1488.1630,1474.7419,1464.0249,1453.2620,1234.0587,1220.9385,1208.5481,1186.1289,1165.8580,1145.0248,1123.9787,1106.2203,1089.7696,1071.8046,1058.2500,1052.1884,1050.3432,1052.9924,1059.9491,1070.1599,1077.2459,1085.0885,1091.2374,1099.9967,1114.5060,1124.3299,1136.8117,1129.3935,1130.7926,1127.2756,1126.6808,1124.9187,1126.6291,1120.0422,1101.5539
65,3.0000,DynamicV1Rebalance,3.0000,49774.0698,1493.2221,spend75p,1515.7734,1519.3394,1528.5924,1542.2088,1559.2200,1356.5652,1362.7298,1365.7673,1364.7340,1359.7086,1355.5990,1348.2973,1341.6937,1342.2759,1351.9311,1357.8078,1373.1804,1387.5763,1418.4712,1447.3187,1473.3393,1502.3622,1536.5986,1565.8369,1586.7741,1609.7576,1633.4657,1672.6465,1685.7039,1707.5688,1714.8251,1723.7118,1733.3161,1738.3461,1739.9098,1731.0059
65,3.0000,DynamicV1Rebalance,4.0000,37330.5523,1493.2221,survival,1.0000,1.0000,1.0000,1.0000,1.0000,1.0000,1.0000,1.0000,1.0000,0.9995,0.9995,0.9990,0.9970,0.9960,0.9935,0.9900,0.9880,0.9860,0.9820,0.9750,0.9700,0.9670,0.9620,0.9575,0.9540,0.9520,0.9480,0.9425,0.9370,0.9340,0.9280,0.9220,0.9170,0.9135,0.9080,0.9040
65,3.0000,DynamicV1Rebalance,4.0000,37330.5523,1493.2221,spend25p,1495.1462,1458.3630,1423.6664,1392.6588,1358.8491,1132.9946,1103.4480,1067.0152,1026.8366,986.5910,949.5307,914.0305,883.8982,856.3479,830.6212,807.1202,786.4225,773.7544,766.2788,755.2294,750.1025,742.4226,731.0099,717.7168,711.6103,704.3652,695.0229,679.2180,665.7637,654.3108,635.8048,617.1843,595.3168,583.8738,563.8240,535.6832
65,3.0000,DynamicV1Rebalance,4.0000,37330.5523,1493.2221,spend50p,1505.0790,1488.1630,1474.7419,1464.0249,1453.2620,1234.0587,1220.9385,1208.5481,1186.1289,1165.2716,1144.6791,1123.7331,1104.4893,1087.5991,1067.7204,1050.9783,1045.7235,1039.7529,1041.5880,1045.6016,1047.2592,1051.5071,1054.2775,1056.7255,1057.4543,1064.2974,1069.5563,1071.1404,1063.4750,1052.0098,1037.3357,1024.4385,1018.5885,999.6436,982.8414,974.9012
65,3.0000,DynamicV1Rebalance,4.0000,37330.5523,1493.2221,spend75p,1515.7734,1519.3394,1528.5924,1542.2088,1559.2200,1356.5652,1362.7298,1365.7673,1364.7340,1359.6211,1354.8729,1347.8409,1340.1993,1341.3566,1347.1974,1349.4874,1366.3227,1382.9962,1401.1384,1416.4193,1435.7236,1469.8468,1496.7674,1512.5313,1530.8254,1554.6523,1572.8997,1572.0689,1581.7342,1587.0850,1580.8928,1587.9684,1602.7514,1596.3023,1593.8569,1580.7640
65,3.0000,DynamicV1Rebalance,5.0000,29864.4419,1493.2221,survival,1.0000,1.0000,1.0000,1.0000,1.0000,1.0000,1.0000,1.0000,0.9990,0.9990,0.9960,0.9930,0.9885,0.9835,0.9735,0.9630,0.9530,0.9395,0.9250,0.9080,0.8895,0.8760,0.8650,0.8545,0.8440,0.8345,0.8265,0.8155,0.8035,0.7935,0.7865,0.7780,0.7740,0.7690,0.7650,0.7605
65,3.0000,DynamicV1Rebalance,5.0000,29864.4419,1493.2221,spend25p,1495.1462,1458.3630,1423.6664,1392.6588,1358.8491,1132.9946,1103.4480,1067.0152,1026.4844,986.3631,948.4335,910.2315,879.0228,844.7138,812.7786,783.4013,756.6301,734.3004,711.7669,684.9815,654.1015,628.4330,609.6731,579.8044,559.2281,532.4143,501.2329,465.0624,425.2572,387.7602,362.7002,327.1133,293.1992,266.5170,234.8301,200.6255
65,3.0000,DynamicV1Rebalance,5.0000,29864.4419,1493.2221,spend50p,1505.0790,1488.1630,1474.7419,1464.0249,1453.2620,1234.0587,1220.9385,1208.5481,1185.4052,1165.2338,1142.5136,1121.7593,1095.7526,1071.4248,1049.4506,1029.5536,1018.0535,1003.6199,994.2195,977.4289,964.2696,959.3950,962.9141,953.8234,951.8007,940.9481,926.8268,907.6615,888.9055,864.6180,849.7987,831.2025,806.3932,787.7576,768.1770,750.0949
65,3.0000,DynamicV1Rebalance,5.0000,29864.4419,1493.2221,spend75p,1515.7734,1519.3394,1528.5924,1542.2088,1559.2200,1356.5652,1362.7298,1365.7673,1364.4498,1359.4195,1353.0109,1344.9085,1333.8536,1330.1215,1328.3610,1332.0557,1332.2182,1342.4099,1346.2261,1336.6412,1337.0003,1336.8482,1364.1971,1375.6093,1391.6455,1404.3328,1404.9076,1403.1311,1385.0632,1374.7085,1365.5036,1362.5339,1363.2656,1354.1707,1345.8344,1335.9892
65,3.0000,DynamicV1Rebalance,6.0000,24887.0349,1493.2221,survival,1.0000,1.0000,1.0000,1.0000,1.0000,1.0000,1.0000,0.9990,0.9965,0.9940,0.9895,0.9805,0.9645,0.9465,0.9235,0.9020,0.8745,0.8565,0.8355,0.8105,0.7920,0.7730,0.7570,0.7355,0.7185,0.6995,0.6850,0.6745,0.6650,0.6560,0.6460,0.6395,0.6325,0.6270,0.6205,0.6145
65,3.0000,DynamicV1Rebalance,6.0000,24887.0349,1493.2221,spend25p,1495.1462,1458.3630,1423.6664,1392.6588,1358.8491,1132.9946,1103.4480,1066.3668,1023.5886,982.5921,940.6677,902.1586,860.1280,814.5862,760.5442,723.8903,676.3061,630.3615,577.4869,527.3821,470.2211,413.3644,301.4079,0.0000,0.0000,0.0000,0.0000,0.0000,0.0000,0.0000,0.0000,0.0000,0.0000,0.0000,0.0000,0.0000
65,3.0000,DynamicV1Rebalance,6.0000,24887.0349,1493.2221,spend50p,1505.0790,1488.1630,1474.7419,1464.0249,1453.2620,1234.0587,1220.9385,1208.2285,1183.7872,1160.8644,1139.3557,1113.2043,1078.5323,1041.1468,1010.3218,981.8836,952.7475,935.9721,905.3131,882.2023,868.1701,854.6034,836.6583,814.4918,786.7362,763.0808,726.0714,699.2487,679.7317,651.1702,629.9122,606.4658,583.9385,553.9961,530.1711,507.5291
65,3.0000,DynamicV1Rebalance,6.0000,24887.0349,1493.2221,spend75p,1515.7734,1519.3394,1528.5924,1542.2088,1559.2200,1356.5652,1362.7298,1364.7920,1362.6637,1358.0806,1350.6067,1338.1627,1317.6964,1299.6409,1291.8992,1284.1604,1269.4827,1262.0346,1243.5904,1239.5969,1235.0237,1236.5778,1241.1399,1236.2644,1239.1869,1237.9321,1232.0546,1227.6065,1221.6506,1211.2612,1197.4213,1178.4002,1165.0966,1162.4325,1156.0998,1132.7538
65,3.0000,DynamicV1Rebalance,7.0000,21331.7442,1493.2221,survival,1.0000,1.0000,1.0000,1.0000,1.0000,1.0000,0.9990,0.9960,0.9925,0.9835,0.9610,0.9420,0.9110,0.8790,0.8435,0.8150,0.7840,0.7515,0.7190,0.6950,0.6640,0.6435,0.6195,0.6010,0.5855,0.5700,0.5555,0.5440,0.5320,0.5215,0.5125,0.5040,0.4985,0.4915,0.4850,0.4790
65,3.0000,DynamicV1Rebalance,7.0000,21331.7442,1493.2221,spend25p,1495.1462,1458.3630,1423.6664,1392.6588,1358.8491,1132.9946,1102.7007,1064.2284,1021.4567,976.1931,923.6058,875.3285,812.7934,748.9709,674.1967,595.8100,499.7707,292.0403,0.0000,0.0000,0.0000,0.0000,0.0000,0.0000,0.0000,0.0000,0.0000,0.0000,0.0000,0.0000,0.0000,0.0000,0.0000,0.0000,0.0000,0.0000
65,3.0000,DynamicV1Rebalance,7.0000,21331.7442,1493.2221,spend50p,1505.0790,1488.1630,1474.7419,1464.0249,1453.2620,1234.0587,1220.6933,1205.1263,1182.7411,1155.8376,1123.0590,1088.1718,1040.5351,996.4119,944.5534,914.9832,877.6130,840.1141,794.1316,761.5593,722.3288,685.1451,644.6811,596.2107,566.7922,528.5960,479.6785,429.3057,385.5030,345.7006,279.3957,172.1362,0.0000,0.0000,0.0000,0.0000
65,3.0000,DynamicV1Rebalance,7.0000,21331.7442,1493.2221,spend75p,1515.7734,1519.3394,1528.5924,1542.2088,1559.2200,1356.5652,1361.7131,1362.3952,1361.7149,1351.6915,1334.7309,1312.5166,1283.4839,1265.5340,1238.0226,1222.4520,1204.2041,1173.3970,1152.1252,1135.8071,1122.4020,1116.6313,1106.3440,1084.7154,1079.3293,1061.3264,1050.5765,1029.7732,1016.0955,997.3042,980.0576,957.3153,928.2229,909.4218,884.4411,866.6057
65,3.0000,DynamicV1Rebalance,8.0000,18665.2762,1493.2221,survival,1.0000,1.0000,1.0000,1.0000,1.0000,0.9995,0.9970,0.9915,0.9785,0.9510,0.9185,0.8715,0.8285,0.7895,0.7520,0.7110,0.6675,0.6365,0.6040,0.5725,0.5455,0.5215,0.5015,0.4820,0.4645,0.4515,0.4385,0.4285,0.4205,0.4140,0.4055,0.3980,0.3900,0.3805,0.3725,0.3660
65,3.0000,DynamicV1Rebalance,8.0000,18665.2762,1493.2221,spend25p,1495.1462,1458.3630,1423.6664,1392.6588,1358.8491,1132.8295,1100.9447,1062.0768,1012.7709,951.5882,892.3691,802.4108,707.3960,602.3943,382.7859,0.0000,0.0000,0.0000,0.0000,0.0000,0.0000,0.0000,0.0000,0.0000,0.0000,0.0000,0.0000,0.0000,0.0000,0.0000,0.0000,0.0000,0.0000,0.0000,0.0000,0.0000
65,3.0000,DynamicV1Rebalance,8.0000,18665.2762,1493.2221,spend50p,1505.0790,1488.1630,1474.7419,1464.0249,1453.2620,1233.9593,1220.4642,1202.5664,1175.1767,1139.6343,1099.5065,1040.6855,979.2924,924.2666,877.4807,823.0402,758.8494,716.5193,651.6629,570.4217,507.9615,418.8043,219.4363,0.0000,0.0000,0.0000,0.0000,0.0000,0.0000,0.0000,0.0000,0.0000,0.0000,0.0000,0.0000,0.0000
65,3.0000,DynamicV1Rebalance,8.0000,18665.2762,1493.2221,spend75p,1515.7734,1519.3394,1528.5924,1542.2088,1559.2200,1356.4154,1360.9064,1361.6234,1356.8339,1338.9418,1315.1424,1278.5814,1240.0836,1209.4962,1176.5810,1142.4318,1097.2012,1075.3304,1053.7140,1034.1043,1005.3568,982.4244,960.5676,929.0418,903.5246,886.1478,859.2002,842.7532,811.6587,789.1018,759.8938,741.0094,718.8510,683.6792,664.9043,624.1760
70,0.5000,DynamicV1Rebalance,2.5000,9954.8140,248.8703,survival,1.0000,1.0000,1.0000,1.0000,1.0000,1.0000,1.0000,1.0000,1.0000,1.0000,1.0000,1.0000,1.0000,1.0000,1.0000,1.0000,1.0000,1.0000,1.0000,1.0000,1.0000,1.0000,1.0000,1.0000,1.0000,1.0000,1.0000,1.0000,1.0000,1.0000,1.0000,1.0000,1.0000,1.0000,1.0000,1.0000
70,0.5000,DynamicV1Rebalance,2.5000,9954.8140,248.8703,spend25p,249.1910,243.0605,237.2777,232.1098,226.4748,221.1848,216.2570,210.8812,204.1167,197.8830,-108.6026,-122.6540,-136.6192,-150.3448,-163.5567,-175.4399,-187.1873,-198.5844,-209.7586,-219.5566,-230.6732,-241.7750,-252.5202,-264.7592,-275.2401,-288.4925,-301.7716,-315.0630,-331.1462,-349.3587,-366.9811,-386.2040,-406.5343,-428.3504,-451.0583,-477.0550
70,0.5000,DynamicV1Rebalance,2.5000,9954.8140,248.8703,spend50p,250.8465,248.0272,245.7903,244.0041,242.2103,239.9792,238.6023,237.2918,234.6530,232.2454,-101.6821,-113.0942,-124.1681,-135.0790,-144.9778,-154.3028,-162.9467,-171.4682,-179.2644,-186.7107,-194.2406,-201.4917,-209.0310,-217.1870,-225.3925,-234.5199,-244.9996,-255.5369,-265.7214,-277.6286,-289.7627,-302.9482,-317.8981,-333.4894,-349.7968,-367.0142
70,0.5000,DynamicV1Rebalance,2.5000,9954.8140,248.8703,spend75p,252.6289,253.2232,254.7654,257.0348,259.8700,263.1587,265.4307,267.5884,268.5543,269.2819,-96.9238,-106.2670,-115.1793,-123.5043,-131.4050,-138.2415,-144.7256,-151.3099,-157.2974,-163.0790,-168.7524,-174.0942,-179.8803,-185.7720,-192.1057,-199.0490,-206.7182,-213.8512,-221.3629,-228.5547,-237.6813,-247.5602,-257.0398,-266.0029,-277.0979,-287.5784
70,0.5000,DynamicV1Rebalance,3.0000,8295.6783,248.8703,survival,1.0000,1.0000,1.0000,1.0000,1.0000,1.0000,1.0000,1.0000,1.0000,1.0000,1.0000,1.0000,1.0000,1.0000,1.0000,1.0000,1.0000,1.0000,1.0000,1.0000,1.0000,1.0000,1.0000,1.0000,1.0000,1.0000,1.0000,1.0000,1.0000,1.0000,1.0000,1.0000,1.0000,1.0000,1.0000,1.0000
70,0.5000,DynamicV1Rebalance,3.0000,8295.6783,248.8703,spend25p,249.1910,243.0605,237.2777,232.1098,226.4748,221.1848,216.2570,210.8812,204.1167,197.8830,-108.6026,-122.6540,-136.6192,-150.3448,-163.5567,-175.4399,-187.1873,-198.5844,-209.7586,-219.5566,-230.6732,-241.7750,-252.5202,-264.7592,-275.2401,-288.4925,-301.7716,-315.0630,-331.1462,-349.3587,-366.9811,-386.2040,-406.5343,-428.3504,-451.0583,-477.0550
70,0.5000,DynamicV1Rebalance,3.0000,8295.6783,248.8703,spend50p,250.8465,248.0272,245.7903,244.0041,242.2103,239.9792,238.6023,237.2918,234.6530,232.2454,-101.6821,-113.0942,-124.1681,-135.0790,-144.9778,-154.3028,-162.9467,-171.4682,-179.2644,-186.7107,-194.2406,-201.4917,-209.0310,-217.1870,-225.3925,-234.5199,-244.9996,-255.5369,-265.7214,-277.6286,-289.7627,-302.9482,-317.8981,-333.4894,-349.7968,-367.0142
70,0.5000,DynamicV1Rebalance,3.0000,8295.6783,248.8703,spend75p,252.6289,253.2232,254.7654,257.0348,259.8700,263.1587,265.4307,267.5884,268.5543,269.2819,-96.9238,-106.2670,-115.1793,-123.5043,-131.4050,-138.2415,-144.7256,-151.3099,-157.2974,-163.0790,-168.7524,-174.0942,-179.8803,-185.7720,-192.1057,-199.0490,-206.7182,-213.8512,-221.3629,-228.5547,-237.6813,-247.5602,-257.0398,-266.0029,-277.0979,-287.5784
70,0.5000,DynamicV1Rebalance,4.0000,6221.7587,248.8703,survival,1.0000,1.0000,1.0000,1.0000,1.0000,1.0000,1.0000,1.0000,1.0000,0.9995,0.9995,0.9995,0.9995,0.9995,0.9995,0.9995,0.9995,0.9995,0.9995,0.9995,0.9995,0.9995,0.9995,0.9995,0.9995,0.9995,0.9995,0.9995,0.9995,0.9995,0.9995,0.9995,0.9995,0.9995,0.9995,0.9995
70,0.5000,DynamicV1Rebalance,4.0000,6221.7587,248.8703,spend25p,249.1910,243.0605,237.2777,232.1098,226.4748,221.1848,216.2570,210.8812,204.1167,197.8485,-108.5710,-122.6356,-136.6042,-150.2554,-163.5118,-175.3713,-186.9885,-198.5008,-209.6587,-219.4764,-230.2604,-241.6809,-252.3427,-264.5683,-275.1810,-288.4353,-301.6531,-314.9465,-330.6856,-349.2990,-366.8040,-385.9667,-406.4636,-428.3036,-450.4104,-476.9832
70,0.5000,DynamicV1Rebalance,4.0000,6221.7587,248.8703,spend50p,250.8465,248.0272,245.7903,244.0041,242.2103,239.9792,238.6023,237.2918,234.6530,232.1703,-101.6742,-113.0761,-124.1591,-135.0573,-144.9389,-154.2464,-162.9159,-171.4262,-179.1676,-186.6425,-194.2092,-201.4071,-208.8684,-217.0873,-225.3488,-234.4680,-244.9657,-255.5050,-265.7076,-277.5789,-289.6723,-302.8619,-317.7725,-333.2447,-349.4607,-366.8348
70,0.5000,DynamicV1Rebalance,4.0000,6221.7587,248.8703,spend75p,252.6289,253.2232,254.7654,257.0348,259.8700,263.1587,265.4307,267.5884,268.5543,269.1821,-96.8968,-106.2558,-115.1639,-123.4778,-131.3762,-138.2261,-144.5989,-151.2556,-157.2854,-163.0431,-168.6624,-174.0581,-179.6830,-185.7384,-192.0781,-198.9303,-206.6809,-213.7424,-221.2512,-228.5422,-237.6042,-247.4353,-256.8910,-265.9366,-276.9120,-287.5476
70,0.5000,DynamicV1Rebalance,5.0000,4977.4070,248.8703,survival,1.0000,1.0000,1.0000,1.0000,1.0000,1.0000,1.0000,0.9995,0.9990,0.9960,0.9960,0.9960,0.9960,0.9960,0.9960,0.9960,0.9960,0.9960,0.9960,0.9960,0.9960,0.9960,0.9960,0.9960,0.9960,0.9960,0.9960,0.9960,0.9960,0.9960,0.9960,0.9960,0.9960,0.9960,0.9960,0.9960
70,0.5000,DynamicV1Rebalance,5.0000,4977.4070,248.8703,spend25p,249.1910,243.0605,237.2777,232.1098,226.4748,221.1848,216.2570,210.8272,204.0785,197.5344,-108.4922,-122.4853,-136.5398,-150.1731,-163.2008,-175.2099,-186.5251,-198.0760,-209.1531,-219.1597,-230.0001,-241.4698,-251.9159,-263.8989,-274.4963,-287.6110,-301.3050,-314.3827,-329.8620,-348.2790,-364.6814,-385.0946,-405.9279,-427.3831,-449.5470,-475.2932
70,0.5000,DynamicV1Rebalance,5.0000,4977.4070,248.8703,spend50p,250.8465,248.0272,245.7903,244.0041,242.2103,239.9792,238.6023,237.2442,234.5940,231.8274,-101.6252,-113.0203,-124.0163,-134.7643,-144.7349,-154.1068,-162.7265,-171.2806,-178.7496,-186.3545,-193.9346,-200.9989,-208.4705,-216.7154,-224.7348,-234.2058,-244.5365,-254.8118,-264.8660,-277.0454,-288.6330,-302.3305,-316.5702,-331.9719,-348.7521,-365.9875
70,0.5000,DynamicV1Rebalance,5.0000,4977.4070,248.8703,spend75p,252.6289,253.2232,254.7654,257.0348,259.8700,263.1587,265.4307,267.4925,268.4481,269.0300,-96.8201,-106.1638,-115.0193,-123.3389,-131.1776,-137.9070,-144.3797,-151.0545,-156.8625,-162.7687,-168.2451,-173.6946,-179.1690,-185.1976,-191.4005,-198.3993,-205.9392,-213.3055,-220.5272,-228.1022,-236.9325,-246.5873,-256.3136,-265.3510,-276.0545,-286.8649
70,0.5000,DynamicV1Rebalance,6.0000,4147.8391,248.8703,survival,1.0000,1.0000,1.0000,1.0000,1.0000,1.0000,0.9995,0.9990,0.9945,0.9890,0.9890,0.9890,0.9890,0.9890,0.9890,0.9890,0.9890,0.9890,0.9890,0.9890,0.9890,0.9890,0.9890,0.9890,0.9890,0.9890,0.9890,0.9890,0.9890,0.9890,0.9890,0.9890,0.9890,0.9890,0.9890,0.9890
70,0.5000,DynamicV1Rebalance,6.0000,4147.8391,248.8703,spend25p,249.1910,243.0605,237.2777,232.1098,226.4748,221.1848,216.2136,210.8174,203.4056,196.7297,-108.3959,-122.3138,-136.1454,-150.0036,-162.6501,-174.8973,-186.0566,-197.4488,-208.4246,-218.7739,-228.9177,-240.5208,-251.0461,-263.3336,-274.0866,-286.5625,-300.3515,-314.0216,-328.8662,-347.4989,-363.3094,-384.0373,-405.0302,-425.4666,-448.5907,-472.7636
70,0.5000,DynamicV1Rebalance,6.0000,4147.8391,248.8703,spend50p,250.8465,248.0272,245.7903,244.0041,242.2103,239.9792,238.5766,237.1662,233.9168,230.7298,-101.5696,-112.8096,-123.8511,-134.5299,-144.3490,-153.6398,-162.4307,-170.7218,-178.1276,-185.7979,-193.4686,-200.2898,-207.7799,-215.7762,-224.0629,-233.2135,-243.4647,-253.7126,-263.9374,-275.4673,-287.2923,-301.1910,-314.9739,-331.0822,-347.9960,-365.3795
70,0.5000,DynamicV1Rebalance,6.0000,4147.8391,248.8703,spend75p,252.6289,253.2232,254.7654,257.0348,259.8700,263.1587,265.3127,267.4505,268.3165,268.2594,-96.7248,-105.9250,-114.8071,-123.1611,-130.8440,-137.6968,-143.8844,-150.5541,-156.2100,-161.9935,-167.6305,-172.7403,-178.1360,-183.8072,-190.3720,-197.5097,-204.7101,-211.9829,-219.3893,-227.0761,-235.6108,-244.9442,-254.5967,-264.2441,-273.8888,-285.2912
70,0.5000,DynamicV1Rebalance,7.0000,3555.2907,248.8703,survival,1.0000,1.0000,1.0000,1.0000,1.0000,1.0000,0.9990,0.9940,0.9865,0.9650,0.9650,0.9650,0.9650,0.9650,0.9650,0.9650,0.9650,0.9650,0.9650,0.9650,0.9650,0.9650,0.9650,0.9650,0.9650,0.9650,0.9650,0.9650,0.9650,0.9650,0.9650,0.9650,0.9650,0.9650,0.9650,0.9650
70,0.5000,DynamicV1Rebalance,7.0000,3555.2907,248.8703,spend25p,249.1910,243.0605,237.2777,232.1098,226.4748,221.1848,216.2096,210.0111,202.5119,193.4189,-108.0742,-121.7707,-135.4374,-149.0434,-161.7738,-173.5840,-185.0621,-196.2220,-205.8688,-216.5603,-226.6171,-236.7343,-248.6029,-259.4721,-271.9523,-283.5402,-296.0916,-311.5062,-325.7403,-343.2114,-359.0272,-378.9136,-401.3082,-420.9437,-445.4592,-467.3139
70,0.5000,DynamicV1Rebalance,7.0000,3555.2907,248.8703,spend50p,250.8465,248.0272,245.7903,244.0041,242.2103,239.9792,238.5634,236.4677,233.5026,228.2228,-101.1666,-112.1757,-122.9963,-133.6497,-143.2634,-152.5377,-160.9303,-169.4687,-176.9961,-184.4028,-191.4865,-198.6332,-205.8843,-214.0735,-222.2729,-230.6576,-240.4308,-250.9685,-261.7211,-272.6220,-283.1109,-297.4022,-311.5575,-327.3395,-342.8148,-360.9778
70,0.5000,DynamicV1Rebalance,7.0000,3555.2907,248.8703,spend75p,252.6289,253.2232,254.7654,257.0348,259.8700,263.1587,265.2512,266.6975,267.8776,266.1744,-96.3817,-105.4467,-114.0968,-122.2993,-129.4864,-136.2645,-142.7107,-148.5308,-154.3695,-159.9186,-165.4399,-170.4767,-175.3507,-181.3236,-187.3153,-193.9714,-201.0622,-207.9442,-215.3476,-222.8151,-231.1683,-240.1875,-249.8063,-259.0131,-268.8846,-279.3221
70,0.5000,DynamicV1Rebalance,8.0000,3110.8794,248.8703,survival,1.0000,1.0000,1.0000,1.0000,1.0000,0.9990,0.9950,0.9850,0.9595,0.9225,0.9225,0.9225,0.9225,0.9225,0.9225,0.9225,0.9225,0.9225,0.9225,0.9225,0.9225,0.9225,0.9225,0.9225,0.9225,0.9225,0.9225,0.9225,0.9225,0.9225,0.9225,0.9225,0.9225,0.9225,0.9225,0.9225
70,0.5000,DynamicV1Rebalance,8.0000,3110.8794,248.8703,spend25p,249.1910,243.0605,237.2777,232.1098,226.4748,221.0202,215.9048,208.9721,198.5489,187.2883,-107.5220,-120.8176,-134.6631,-147.5247,-160.6267,-172.0903,-183.0663,-193.5482,-203.7601,-213.0504,-223.2481,-233.5024,-244.1617,-254.7545,-267.6950,-278.8536,-291.6357,-306.2571,-320.3754,-335.8817,-354.9159,-371.4720,-393.4553,-413.6792,-435.3381,-460.1349
70,0.5000,DynamicV1Rebalance,8.0000,3110.8794,248.8703,spend50p,250.8465,248.0272,245.7903,244.0041,242.2103,239.9534,238.4144,235.7383,231.2795,224.0250,-100.4132,-111.3413,-122.0087,-132.2692,-141.6616,-150.7812,-159.3107,-167.4206,-174.7803,-181.6741,-188.4427,-195.2259,-203.0847,-210.9603,-219.3647,-227.1379,-236.5252,-246.5274,-257.1898,-267.4531,-278.0133,-291.2350,-305.5156,-320.5827,-335.4670,-351.0473
70,0.5000,DynamicV1Rebalance,8.0000,3110.8794,248.8703,spend75p,252.6289,253.2232,254.7654,257.0348,259.8700,263.0537,264.9209,266.2356,265.6165,263.7454,-95.6559,-104.5252,-112.9003,-120.5338,-127.7500,-134.1490,-139.9965,-145.3582,-150.5120,-156.1116,-161.1402,-166.5972,-171.7974,-176.9677,-182.8459,-188.5951,-194.6960,-200.5898,-207.7342,-215.3580,-222.8259,-231.0610,-239.7995,-249.3438,-258.7343,-268.4442
70,0.7500,DynamicV1Rebalance,2.5000,14932.2209,373.3055,survival,1.0000,1.0000,1.0000,1.0000,1.0000,1.0000,1.0000,1.0000,1.0000,1.0000,1.0000,1.0000,1.0000,1.0000,1.0000,1.0000,1.0000,1.0000,1.0000,1.0000,1.0000,1.0000,1.0000,1.0000,1.0000,1.0000,1.0000,1.0000,1.0000,1.0000,1.0000,1.0000,1.0000,1.0000,1.0000,1.0000
70,0.7500,DynamicV1Rebalance,2.5000,14932.2209,373.3055,spend25p,373.7866,364.5907,355.9166,348.1647,339.7123,331.7772,324.3854,316.3218,306.1750,296.8245,-0.9472,-12.9957,-24.4373,-34.9508,-44.5982,-53.4455,-61.1522,-68.4842,-74.8748,-81.1867,-86.8901,-92.8932,-98.7662,-105.2123,-112.2281,-120.9394,-130.0059,-140.3621,-152.1206,-165.2362,-179.3688,-195.9000,-214.4116,-234.7912,-254.3176,-276.1629
70,0.7500,DynamicV1Rebalance,2.5000,14932.2209,373.3055,spend50p,376.2697,372.0407,368.6855,366.0062,363.3155,359.9689,357.9034,355.9377,351.9794,348.3682,13.1823,0.5389,-11.8870,-24.1490,-34.7199,-44.3702,-52.9055,-60.4179,-67.1307,-73.6412,-79.8985,-85.6710,-91.6676,-97.8047,-104.3965,-111.9116,-120.1170,-128.9969,-139.0262,-149.6546,-161.0019,-173.8185,-187.3615,-202.0362,-217.3269,-233.4513
70,0.7500,DynamicV1Rebalance,2.5000,14932.2209,373.3055,spend75p,378.9434,379.8348,382.1481,385.5522,389.8050,394.7380,398.1461,401.3826,402.8315,403.9228,27.2377,13.8720,0.4007,-12.4652,-23.8791,-34.1064,-43.7862,-52.2192,-59.9198,-66.3838,-72.5700,-78.8101,-84.9997,-91.2177,-97.8025,-104.8932,-112.2977,-120.1815,-128.5427,-137.2483,-146.5474,-156.5499,-166.9224,-177.7424,-188.6668,-199.8073
70,0.7500,DynamicV1Rebalance,3.0000,12443.5174,373.3055,survival,1.0000,1.0000,1.0000,1.0000,1.0000,1.0000,1.0000,1.0000,1.0000,1.0000,1.0000,1.0000,1.0000,1.0000,1.0000,1.0000,1.0000,1.0000,1.0000,1.0000,1.0000,1.0000,1.0000,1.0000,1.0000,1.0000,1.0000,1.0000,1.0000,1.0000,1.0000,1.0000,1.0000,1.0000,1.0000,1.0000
70,0.7500,DynamicV1Rebalance,3.0000,12443.5174,373.3055,spend25p,373.7866,364.5907,355.9166,348.1647,339.7123,331.7772,324.3854,316.3218,306.1750,296.8245,-0.9472,-12.9957,-24.4373,-34.9508,-44.5982,-53.4455,-61.1522,-68.4842,-74.8748,-81.1867,-86.8901,-92.8932,-98.7662,-105.2123,-112.2281,-120.9394,-130.0059,-140.3621,-152.1206,-165.2362,-179.3688,-195.9000,-214.4116,-234.7912,-254.3176,-276.1629
70,0.7500,DynamicV1Rebalance,3.0000,12443.5174,373.3055,spend50p,376.2697,372.0407,368.6855,366.0062,363.3155,359.9689,357.9034,355.9377,351.9794,348.3682,13.1823,0.5389,-11.8870,-24.1490,-34.7199,-44.3702,-52.9055,-60.4179,-67.1307,-73.6412,-79.8985,-85.6710,-91.6676,-97.8047,-104.3965,-111.9116,-120.1170,-128.9969,-139.0262,-149.6546,-161.0019,-173.8185,-187.3615,-202.0362,-217.3269,-233.4513
70,0.7500,DynamicV1Rebalance,3.0000,12443.5174,373.3055,spend75p,378.9434,379.8348,382.1481,385.5522,389.8050,394.7380,398.1461,401.3826,402.8315,403.9228,27.2377,13.8720,0.4007,-12.4652,-23.8791,-34.1064,-43.7862,-52.2192,-59.9198,-66.3838,-72.5700,-78.8101,-84.9997,-91.2177,-97.8025,-104.8932,-112.2977,-120.1815,-128.5427,-137.2483,-146.5474,-156.5499,-166.9224,-177.7424,-188.6668,-199.8073
70,0.7500,DynamicV1Rebalance,4.0000,9332.6381,373.3055,survival,1.0000,1.0000,1.0000,1.0000,1.0000,1.0000,1.0000,1.0000,1.0000,0.9995,0.9995,0.9995,0.9995,0.9995,0.9995,0.9995,0.9995,0.9995,0.9995,0.9995,0.9995,0.9995,0.9995,0.9995,0.9995,0.9995,0.9995,0.9995,0.9995,0.9995,0.9995,0.9995,0.9995,0.9995,0.9995,0.9995
70,0.7500,DynamicV1Rebalance,4.0000,9332.6381,373.3055,spend25p,373.7866,364.5907,355.9166,348.1647,339.7123,331.7772,324.3854,316.3218,306.1750,296.7727,-0.9472,-12.9957,-24.4373,-34.9508,-44.5982,-53.4455,-61.1522,-68.4842,-74.8748,-81.1867,-86.8901,-92.8932,-98.7662,-105.2123,-112.2281,-120.9394,-130.0059,-140.3621,-152.1206,-165.2362,-179.3688,-195.9000,-214.2682,-234.7437,-254.1050,-276.0306
70,0.7500,DynamicV1Rebalance,4.0000,9332.6381,373.3055,spend50p,376.2697,372.0407,368.6855,366.0062,363.3155,359.9689,357.9034,355.9377,351.9794,348.2554,13.1709,0.5305,-11.8870,-24.1490,-34.7199,-44.3702,-52.9055,-60.4179,-67.1307,-73.6412,-79.8985,-85.6710,-91.6676,-97.8047,-104.3965,-111.8839,-120.0998,-128.9872,-139.0058,-149.6327,-160.9461,-173.7802,-187.3317,-201.9880,-217.2254,-233.3670
70,0.7500,DynamicV1Rebalance,4.0000,9332.6381,373.3055,spend75p,378.9434,379.8348,382.1481,385.5522,389.8050,394.7380,398.1461,401.3826,402.8315,403.7731,27.2234,13.8469,0.3693,-12.4652,-23.8791,-34.1064,-43.7862,-52.2155,-59.8693,-66.3697,-72.5635,-78.8032,-84.9743,-91.2084,-97.7903,-104.8471,-112.2713,-120.1383,-128.5257,-137.2397,-146.5166,-156.5214,-166.8531,-177.7236,-188.6300,-199.7674
70,0.7500,DynamicV1Rebalance,5.0000,7466.1105,373.3055,survival,1.0000,1.0000,1.0000,1.0000,1.0000,1.0000,1.0000,0.9995,0.9990,0.9960,0.9960,0.9960,0.9960,0.9960,0.9960,0.9960,0.9960,0.9960,0.9960,0.9960,0.9960,0.9960,0.9960,0.9960,0.9960,0.9960,0.9960,0.9960,0.9960,0.9960,0.9960,0.9960,0.9960,0.9960,0.9960,0.9960
70,0.7500,DynamicV1Rebalance,5.0000,7466.1105,373.3055,spend25p,373.7866,364.5907,355.9166,348.1647,339.7123,331.7772,324.3854,316.2408,306.1178,296.3016,-0.9472,-12.9957,-24.4373,-34.9508,-44.5982,-53.4455,-61.1522,-68.4842,-74.8748,-81.1757,-86.8818,-92.8834,-98.7268,-105.1979,-112.1915,-120.8863,-129.9457,-140.2442,-151.9704,-165.0317,-179.1818,-195.6008,-213.8605,-233.8829,-253.7548,-275.8228
70,0.7500,DynamicV1Rebalance,5.0000,7466.1105,373.3055,spend50p,376.2697,372.0407,368.6855,366.0062,363.3155,359.9689,357.9034,355.8664,351.8910,347.7411,13.0516,0.4005,-11.8870,-24.1490,-34.7171,-44.3467,-52.8978,-60.4111,-67.1268,-73.6320,-79.8708,-85.6259,-91.6394,-97.7648,-104.3695,-111.8130,-120.0470,-128.8906,-138.8894,-149.4345,-160.8859,-173.5767,-186.8897,-201.5514,-217.0834,-233.0183
70,0.7500,DynamicV1Rebalance,5.0000,7466.1105,373.3055,spend75p,378.9434,379.8348,382.1481,385.5522,389.8050,394.7380,398.1461,401.2388,402.6722,403.5450,27.1709,13.7621,0.2984,-12.3432,-23.8504,-34.0493,-43.7296,-52.1592,-59.8308,-66.3016,-72.5123,-78.7381,-84.9106,-91.1749,-97.7291,-104.7382,-112.2329,-120.0808,-128.3074,-137.1264,-146.2978,-156.3613,-166.4205,-176.9977,-188.0778,-199.4076
70,0.7500,DynamicV1Rebalance,6.0000,6221.7587,373.3055,survival,1.0000,1.0000,1.0000,1.0000,1.0000,1.0000,0.9995,0.9990,0.9945,0.9890,0.9885,0.9885,0.9885,0.9885,0.9885,0.9885,0.9885,0.9885,0.9885,0.9885,0.9885,0.9885,0.9885,0.9885,0.9885,0.9885,0.9885,0.9885,0.9885,0.9885,0.9885,0.9885,0.9885,0.9885,0.9885,0.9885
70,0.7500,DynamicV1Rebalance,6.0000,6221.7587,373.3055,spend25p,373.7866,364.5907,355.9166,348.1647,339.7123,331.7772,324.3204,316.2262,305.1084,295.0945,-0.9348,-12.9703,-24.3706,-34.9385,-44.5399,-53.4073,-61.1344,-68.4676,-74.8555,-81.1246,-86.8630,-92.8510,-98.6416,-105.1619,-112.1036,-120.7979,-129.8468,-140.0049,-151.7254,-164.6007,-179.0168,-195.2631,-213.4034,-233.3253,-253.0146,-275.3968
70,0.7500,DynamicV1Rebalance,6.0000,6221.7587,373.3055,spend50p,376.2697,372.0407,368.6855,366.0062,363.3155,359.9689,357.8649,355.7493,350.8753,346.0947,12.6640,0.1790,-11.8455,-23.9428,-34.6306,-44.2016,-52.7485,-60.3447,-67.0511,-73.5473,-79.7252,-85.5394,-91.5382,-97.6675,-104.2292,-111.4486,-119.8554,-128.5011,-138.6834,-149.1997,-160.6077,-173.2813,-186.5498,-201.0666,-216.8024,-232.4085
70,0.7500,DynamicV1Rebalance,6.0000,6221.7587,373.3055,spend75p,378.9434,379.8348,382.1481,385.5522,389.8050,394.7380,397.9691,401.1757,402.4747,402.3891,27.0282,13.3426,0.0373,-12.1104,-23.7205,-33.9138,-43.4908,-51.9255,-59.5412,-66.2194,-72.2727,-78.4162,-84.7574,-90.9918,-97.4906,-104.5187,-112.1089,-119.7944,-128.0176,-136.9420,-145.8840,-155.7102,-165.7341,-176.0926,-187.1614,-198.5400
70,0.7500,DynamicV1Rebalance,7.0000,5332.9360,373.3055,survival,1.0000,1.0000,1.0000,1.0000,1.0000,1.0000,0.9990,0.9940,0.9865,0.9650,0.9630,0.9625,0.9625,0.9625,0.9625,0.9625,0.9625,0.9625,0.9625,0.9625,0.9625,0.9625,0.9625,0.9625,0.9625,0.9625,0.9625,0.9625,0.9625,0.9625,0.9625,0.9625,0.9625,0.9625,0.9625,0.9625
70,0.7500,DynamicV1Rebalance,7.0000,5332.9360,373.3055,spend25p,373.7866,364.5907,355.9166,348.1647,339.7123,331.7772,324.3143,315.0167,303.7679,290.1283,-0.6378,-12.8439,-24.1968,-34.8445,-44.4670,-53.3230,-61.0626,-68.3885,-74.8283,-80.9728,-86.7587,-92.6258,-98.5318,-104.9780,-111.8487,-120.3515,-129.5583,-139.6152,-151.2738,-163.9806,-177.8968,-193.9631,-212.2331,-230.9912,-250.8336,-273.1974
70,0.7500,DynamicV1Rebalance,7.0000,5332.9360,373.3055,spend50p,376.2697,372.0407,368.6855,366.0062,363.3155,359.9689,357.8451,354.7016,350.2539,342.3343,11.6590,0.0000,-11.5712,-23.7394,-34.3223,-43.9765,-52.4325,-60.0277,-66.9243,-73.4110,-79.4692,-85.3068,-91.3158,-97.4854,-104.0244,-111.0994,-119.4944,-127.8865,-138.0174,-148.2054,-159.4481,-171.9501,-185.4282,-199.8427,-214.3190,-230.4437
70,0.7500,DynamicV1Rebalance,7.0000,5332.9360,373.3055,spend75p,378.9434,379.8348,382.1481,385.5522,389.8050,394.7380,397.8768,400.0462,401.8164,399.2615,25.6879,12.5901,0.0000,-11.4721,-23.0618,-33.4273,-42.8642,-51.4844,-59.0096,-65.6446,-71.7881,-77.7943,-84.0435,-90.3859,-96.9906,-104.0729,-111.2547,-118.7880,-126.9662,-135.9077,-144.4355,-153.8750,-163.8421,-173.9952,-184.5169,-195.7777
70,0.7500,DynamicV1Rebalance,8.0000,4666.3190,373.3055,survival,1.0000,1.0000,1.0000,1.0000,1.0000,0.9990,0.9950,0.9850,0.9595,0.9225,0.9190,0.9185,0.9180,0.9180,0.9180,0.9180,0.9180,0.9180,0.9180,0.9180,0.9180,0.9180,0.9180,0.9180,0.9180,0.9180,0.9180,0.9180,0.9180,0.9180,0.9180,0.9180,0.9180,0.9180,0.9180,0.9180
70,0.7500,DynamicV1Rebalance,8.0000,4666.3190,373.3055,spend25p,373.7866,364.5907,355.9166,348.1647,339.7123,331.5302,323.8573,313.4582,297.8234,280.9325,-0.1322,-12.4144,-23.8359,-34.2590,-44.1094,-52.8432,-60.7203,-67.9849,-74.5273,-80.6923,-86.6256,-92.4579,-98.3032,-104.5332,-111.5960,-119.8991,-128.9406,-139.1599,-150.3618,-163.0517,-176.7237,-192.3749,-210.2870,-228.2031,-247.9173,-269.5629
70,0.7500,DynamicV1Rebalance,8.0000,4666.3190,373.3055,spend50p,376.2697,372.0407,368.6855,366.0062,363.3155,359.9301,357.6217,353.6075,346.9192,336.0375,10.0679,0.0000,-10.9167,-22.9629,-33.6614,-43.3637,-51.7835,-59.4199,-66.3119,-72.9658,-78.9014,-84.7640,-90.7644,-97.0447,-103.5575,-110.5445,-118.6087,-126.8457,-136.2819,-146.7456,-157.7664,-169.9160,-183.4644,-196.9779,-211.6934,-226.9150
70,0.7500,DynamicV1Rebalance,8.0000,4666.3190,373.3055,spend75p,378.9434,379.8348,382.1481,385.5522,389.8050,394.5806,397.3814,399.3534,398.4248,395.6181,24.6586,11.4749,0.0000,-9.5300,-21.2405,-32.1152,-41.3055,-49.9745,-57.5824,-64.2829,-70.5683,-76.7852,-82.8233,-88.7963,-95.3444,-102.6088,-110.0924,-117.4440,-125.5118,-133.6187,-142.1528,-150.7193,-160.6039,-170.5402,-180.2995,-190.9038
70,1.0000,DynamicV1Rebalance,2.5000,19909.6279,497.7407,survival,1.0000,1.0000,1.0000,1.0000,1.0000,1.0000,1.0000,1.0000,1.0000,1.0000,1.0000,1.0000,1.0000,1.0000,1.0000,1.0000,1.0000,1.0000,1.0000,1.0000,1.0000,1.0000,1.0000,1.0000,1.0000,1.0000,1.0000,1.0000,1.0000,1.0000,1.0000,1.0000,1.0000,1.0000,1.0000,1.0000
70,1.0000,DynamicV1Rebalance,2.5000,19909.6279,497.7407,spend25p,498.3821,486.1210,474.5555,464.2196,452.9497,442.3695,432.5139,421.7624,408.2333,395.7660,95.6070,80.6319,67.4256,54.9933,43.1934,34.2922,25.2950,17.6256,11.6092,5.4872,0.4330,-4.7036,-10.0987,-14.6408,-21.3961,-27.7374,-33.9494,-41.4153,-49.3247,-58.1089,-67.8739,-77.6999,-88.3094,-99.3738,-110.1828,-121.7888
70,1.0000,DynamicV1Rebalance,2.5000,19909.6279,497.7407,spend50p,501.6930,496.0543,491.5806,488.0083,484.4207,479.9585,477.2045,474.5835,469.3059,464.4909,128.5755,114.2678,101.0563,88.5508,76.5913,66.3753,58.4963,50.9762,44.3617,39.3728,34.7167,30.0702,25.4941,21.5046,15.9497,8.9300,2.5955,-5.9413,-15.1462,-25.3059,-35.5375,-47.4467,-59.8144,-72.1701,-85.4552,-99.6012
70,1.0000,DynamicV1Rebalance,2.5000,19909.6279,497.7407,spend75p,505.2578,506.4465,509.5308,514.0696,519.7400,526.3174,530.8615,535.1768,537.1086,538.5637,162.2032,149.2959,135.4687,124.5534,113.9061,104.9744,98.1489,93.1134,87.9823,85.0876,81.0037,78.4441,76.1607,71.5995,67.0020,60.8752,55.4950,46.2764,36.1081,26.1397,14.3668,0.1745,-13.3456,-30.4306,-47.7580,-65.9897
70,1.0000,DynamicV1Rebalance,3.0000,16591.3566,497.7407,survival,1.0000,1.0000,1.0000,1.0000,1.0000,1.0000,1.0000,1.0000,1.0000,1.0000,1.0000,1.0000,1.0000,1.0000,1.0000,1.0000,1.0000,1.0000,1.0000,1.0000,1.0000,1.0000,1.0000,1.0000,1.0000,1.0000,1.0000,1.0000,1.0000,1.0000,1.0000,1.0000,1.0000,1.0000,1.0000,1.0000
70,1.0000,DynamicV1Rebalance,3.0000,16591.3566,497.7407,spend25p,498.3821,486.1210,474.5555,464.2196,452.9497,442.3695,432.5139,421.7624,408.2333,395.7660,95.6070,80.6319,67.4256,54.9933,43.1934,34.2922,25.2950,17.6256,11.6092,5.4872,0.4330,-4.7036,-10.0987,-14.6408,-21.3961,-27.7374,-33.9494,-41.4153,-49.3247,-58.1089,-67.8739,-77.6999,-88.3094,-99.3738,-110.1828,-121.7888
70,1.0000,DynamicV1Rebalance,3.0000,16591.3566,497.7407,spend50p,501.6930,496.0543,491.5806,488.0083,484.4207,479.9585,477.2045,474.5835,469.3059,464.4909,128.5755,114.2678,101.0563,88.5508,76.5913,66.3753,58.4963,50.9762,44.3617,39.3728,34.7167,30.0702,25.4941,21.5046,15.9497,8.9300,2.5955,-5.9413,-15.1462,-25.3059,-35.5375,-47.4467,-59.8144,-72.1701,-85.4552,-99.6012
70,1.0000,DynamicV1Rebalance,3.0000,16591.3566,497.7407,spend75p,505.2578,506.4465,509.5308,514.0696,519.7400,526.3174,530.8615,535.1768,537.1086,538.5637,162.2032,149.2959,135.4687,124.5534,113.9061,104.9744,98.1489,93.1134,87.9823,85.0876,81.0037,78.4441,76.1607,71.5995,67.0020,60.8752,55.4950,46.2764,36.1081,26.1397,14.3668,0.1745,-13.3456,-30.4306,-47.7580,-65.9897
70,1.0000,DynamicV1Rebalance,4.0000,12443.5174,497.7407,survival,1.0000,1.0000,1.0000,1.0000,1.0000,1.0000,1.0000,1.0000,1.0000,0.9995,0.9990,0.9990,0.9990,0.9990,0.9980,0.9970,0.9970,0.9970,0.9970,0.9965,0.9965,0.9965,0.9965,0.9965,0.9965,0.9960,0.9960,0.9960,0.9955,0.9955,0.9955,0.9955,0.9955,0.9955,0.9955,0.9955
70,1.0000,DynamicV1Rebalance,4.0000,12443.5174,497.7407,spend25p,498.3821,486.1210,474.5555,464.2196,452.9497,442.3695,432.5139,421.7624,408.2333,395.6969,95.3023,80.5811,67.4077,54.8625,42.9128,33.7932,24.9258,17.3594,11.1703,4.9775,0.0000,-4.7036,-10.0987,-14.6408,-21.3961,-27.7374,-33.9494,-41.4153,-49.3247,-58.1089,-67.8739,-77.6999,-88.2973,-99.3623,-110.1471,-121.7502
70,1.0000,DynamicV1Rebalance,4.0000,12443.5174,497.7407,spend50p,501.6930,496.0543,491.5806,488.0083,484.4207,479.9585,477.2045,474.5835,469.3059,464.3405,128.4415,114.0005,100.9819,88.4460,76.3747,65.7998,58.2397,50.4938,43.9742,38.8972,34.2310,29.7197,25.0839,21.0475,15.5287,8.5783,2.1609,-5.9355,-15.0174,-25.1904,-35.4852,-47.3548,-59.6965,-72.0081,-85.3957,-99.4755
70,1.0000,DynamicV1Rebalance,4.0000,12443.5174,497.7407,spend75p,505.2578,506.4465,509.5308,514.0696,519.7400,526.3174,530.8615,535.1768,537.1086,538.3641,162.0042,149.1888,135.3210,124.1197,113.4769,104.7389,97.7375,92.1340,87.5544,83.9746,80.1956,78.1726,75.4602,70.5086,66.0399,60.0855,54.5536,45.6842,35.3319,25.3997,13.1448,0.0000,-12.8613,-29.7194,-46.9247,-65.4746
70,1.0000,DynamicV1Rebalance,5.0000,9954.8140,497.7407,survival,1.0000,1.0000,1.0000,1.0000,1.0000,1.0000,1.0000,0.9995,0.9990,0.9960,0.9960,0.9950,0.9935,0.9920,0.9910,0.9905,0.9895,0.9885,0.9875,0.9865,0.9855,0.9850,0.9850,0.9845,0.9840,0.9835,0.9820,0.9810,0.9805,0.9795,0.9795,0.9785,0.9770,0.9765,0.9765,0.9765
70,1.0000,DynamicV1Rebalance,5.0000,9954.8140,497.7407,spend25p,498.3821,486.1210,474.5555,464.2196,452.9497,442.3695,432.5139,421.6544,408.1571,395.0688,94.9000,80.2002,66.5510,53.9000,42.1497,33.1272,23.7265,15.8714,9.5002,3.9479,0.0000,-4.6656,-10.0723,-14.6325,-21.2972,-27.7116,-33.9115,-41.2147,-49.0054,-57.9847,-67.7069,-77.5202,-88.2085,-99.2438,-110.0591,-121.6406
70,1.0000,DynamicV1Rebalance,5.0000,9954.8140,497.7407,spend50p,501.6930,496.0543,491.5806,488.0083,484.4207,479.9585,477.2045,474.4885,469.1879,463.6547,128.0516,113.6879,100.4872,87.5656,75.2257,65.0443,57.4543,48.8909,42.5448,37.6957,32.5314,28.2649,23.5942,19.4746,13.7019,6.8801,0.0000,-5.5779,-14.6486,-24.7724,-35.3229,-47.0522,-59.4335,-71.6667,-85.0552,-99.0259
70,1.0000,DynamicV1Rebalance,5.0000,9954.8140,497.7407,spend75p,505.2578,506.4465,509.5308,514.0696,519.7400,526.3174,530.8615,534.9851,536.8962,538.0601,161.8751,148.8466,134.9144,123.0528,112.6673,104.2868,97.0781,91.1274,85.5690,82.3644,78.7546,75.0205,73.1088,68.7763,64.5456,58.7467,52.0480,42.7482,32.7685,23.1707,10.9448,0.0000,-11.4504,-27.5791,-44.2087,-62.9915
70,1.0000,DynamicV1Rebalance,6.0000,8295.6783,497.7407,survival,1.0000,1.0000,1.0000,1.0000,1.0000,1.0000,0.9995,0.9990,0.9945,0.9890,0.9875,0.9850,0.9820,0.9790,0.9745,0.9730,0.9700,0.9675,0.9640,0.9625,0.9610,0.9575,0.9550,0.9535,0.9530,0.9505,0.9490,0.9485,0.9470,0.9455,0.9450,0.9450,0.9445,0.9440,0.9440,0.9440
70,1.0000,DynamicV1Rebalance,6.0000,8295.6783,497.7407,spend25p,498.3821,486.1210,474.5555,464.2196,452.9497,442.3695,432.4273,421.6349,406.8112,393.4593,93.9055,79.2842,65.3783,52.3109,40.7648,30.7566,20.9623,13.2119,6.9286,1.7490,0.0000,-4.4749,-9.7066,-14.0740,-20.8024,-27.5088,-33.8291,-40.8869,-48.5438,-57.4086,-67.1294,-77.1212,-87.7956,-98.9937,-109.8614,-121.3938
70,1.0000,DynamicV1Rebalance,6.0000,8295.6783,497.7407,spend50p,501.6930,496.0543,491.5806,488.0083,484.4207,479.9585,477.1533,474.3324,467.8337,461.4596,126.8836,112.6617,99.0258,85.9878,73.2865,63.9154,54.9336,46.2473,39.8410,35.0649,29.9728,24.9613,20.1753,15.0834,9.1536,2.7012,0.0000,-4.8551,-13.7352,-23.8661,-34.4905,-46.0095,-58.3631,-70.4534,-83.8942,-98.5155
70,1.0000,DynamicV1Rebalance,6.0000,8295.6783,497.7407,spend75p,505.2578,506.4465,509.5308,514.0696,519.7400,526.3174,530.6254,534.9010,536.6329,536.5188,161.2489,147.4873,133.5592,121.4044,110.6648,102.3072,95.0259,87.5072,83.3871,79.4134,75.3518,70.8927,66.6011,64.4704,59.9561,53.6617,45.7721,37.6882,27.6108,15.8493,4.4375,0.0000,-6.9765,-22.9800,-40.4273,-58.8895
70,1.0000,DynamicV1Rebalance,7.0000,7110.5814,497.7407,survival,1.0000,1.0000,1.0000,1.0000,1.0000,1.0000,0.9990,0.9940,0.9865,0.9650,0.9565,0.9510,0.9445,0.9375,0.9300,0.9260,0.9230,0.9185,0.9145,0.9105,0.9050,0.9005,0.8950,0.8935,0.8895,0.8870,0.8850,0.8830,0.8810,0.8795,0.8785,0.8780,0.8780,0.8780,0.8760,0.8760
70,1.0000,DynamicV1Rebalance,7.0000,7110.5814,497.7407,spend25p,498.3821,486.1210,474.5555,464.2196,452.9497,442.3695,432.4191,420.0222,405.0239,386.8378,90.0065,75.3504,60.2658,46.7602,34.2585,23.7579,15.5173,7.9846,1.0210,0.0000,0.0000,-3.5176,-8.3838,-13.3404,-19.6209,-26.5493,-32.7560,-39.8312,-47.4974,-56.2409,-65.9083,-75.8608,-86.8648,-97.6390,-108.6736,-120.0400
70,1.0000,DynamicV1Rebalance,7.0000,7110.5814,497.7407,spend50p,501.6930,496.0543,491.5806,488.0083,484.4207,479.9585,477.1268,472.9354,467.0052,456.4457,124.2454,109.9158,94.1780,81.0636,68.7076,58.2649,49.1051,42.1082,35.3234,29.1974,23.9612,19.3407,13.5339,8.1216,2.4293,0.0000,0.0000,-0.0293,-9.2153,-20.0875,-30.3808,-42.6102,-54.8307,-67.6936,-80.6458,-95.8621
70,1.0000,DynamicV1Rebalance,7.0000,7110.5814,497.7407,spend75p,505.2578,506.4465,509.5308,514.0696,519.7400,526.3174,530.5024,533.3950,535.7552,532.3487,158.9465,144.4667,130.7663,116.9204,106.6210,97.8009,88.7679,83.3392,78.3229,73.3835,68.0442,62.6150,58.8605,56.6671,50.9352,44.3939,37.7672,28.3063,18.9167,7.9807,0.0000,0.0000,0.0000,-7.4228,-24.7241,-44.5208
70,1.0000,DynamicV1Rebalance,8.0000,6221.7587,497.7407,survival,1.0000,1.0000,1.0000,1.0000,1.0000,0.9990,0.9950,0.9850,0.9595,0.9225,0.9040,0.8880,0.8750,0.8610,0.8530,0.8480,0.8405,0.8350,0.8300,0.8250,0.8200,0.8145,0.8105,0.8075,0.8050,0.8025,0.8005,0.7965,0.7955,0.7935,0.7930,0.7925,0.7915,0.7905,0.7900,0.7900
70,1.0000,DynamicV1Rebalance,8.0000,6221.7587,497.7407,spend25p,498.3821,486.1210,474.5555,464.2196,452.9497,442.0403,431.8097,417.9443,397.0979,374.5767,82.4261,65.1072,48.3084,33.8423,20.9060,9.9169,0.1399,0.0000,0.0000,0.0000,0.0000,-1.0262,-6.1067,-12.0276,-17.5263,-23.2431,-30.2079,-37.4759,-45.6011,-54.2511,-63.6089,-74.3007,-85.0809,-95.5031,-107.3712,-118.6390
70,1.0000,DynamicV1Rebalance,8.0000,6221.7587,497.7407,spend50p,501.6930,496.0543,491.5806,488.0083,484.4207,479.9068,476.8289,471.4766,462.5589,448.0500,119.7822,103.3807,87.6126,72.4506,60.4312,50.0205,40.9911,32.8511,26.4010,19.9225,14.2667,8.4564,2.7692,0.0000,0.0000,0.0000,0.0000,0.0000,-2.8773,-12.1577,-22.6413,-34.4672,-47.0413,-61.4158,-76.4822,-90.9422
70,1.0000,DynamicV1Rebalance,8.0000,6221.7587,497.7407,spend75p,505.2578,506.4465,509.5308,514.0696,519.7400,526.1074,529.8419,532.4713,531.2330,527.4909,155.4608,139.8405,124.7965,111.1213,99.8214,91.3577,81.8013,74.6591,67.5466,61.7633,56.2197,52.3047,48.5352,43.8543,39.6548,33.1314,25.3202,17.0206,7.8447,0.0000,0.0000,0.0000,0.0000,0.0000,0.0000,-5.3412
70,1.5000,DynamicV1Rebalance,2.5000,29864.4419,746.6110,survival,1.0000,1.0000,1.0000,1.0000,1.0000,1.0000,1.0000,1.0000,1.0000,1.0000,1.0000,1.0000,1.0000,1.0000,1.0000,1.0000,1.0000,1.0000,1.0000,1.0000,1.0000,1.0000,1.0000,1.0000,1.0000,1.0000,1.0000,1.0000,1.0000,1.0000,0.9995,0.9995,0.9995,0.9995,0.9995,0.9995
70,1.5000,DynamicV1Rebalance,2.5000,29864.4419,746.6110,spend25p,747.5731,729.1815,711.8332,696.3294,679.4245,663.5543,648.7709,632.6436,612.3500,593.6489,287.7597,267.8970,250.0015,232.7339,218.9084,207.1444,195.6547,188.3598,180.5479,175.7581,171.3539,167.8330,163.0779,159.0503,153.2175,146.3404,140.4888,134.3515,124.1180,114.7967,102.9626,95.1204,84.1169,71.9726,58.7781,46.7992
70,1.5000,DynamicV1Rebalance,2.5000,29864.4419,746.6110,spend50p,752.5395,744.0815,737.3710,732.0124,726.6310,719.9377,715.8068,711.8753,703.9589,696.7363,358.5593,341.8590,327.1645,311.5643,298.4879,288.0847,279.1916,272.9248,268.1993,264.3322,264.3325,261.2372,259.1279,257.2132,254.4380,254.2602,249.1866,245.5958,237.6327,231.0274,221.7959,210.9276,198.0342,188.3629,177.4845,163.9974
70,1.5000,DynamicV1Rebalance,2.5000,29864.4419,746.6110,spend75p,757.8867,759.6697,764.2962,771.1044,779.6100,789.4761,796.2922,802.7651,805.6629,807.8456,432.6938,419.7476,406.4758,397.7485,391.1657,385.0535,383.6780,380.9847,382.8626,388.7066,393.0027,395.6957,400.6804,405.8670,407.6947,406.1334,405.2135,407.7498,400.9220,396.5671,392.6586,385.8785,377.8063,366.2289,351.7527,340.4069
70,1.5000,DynamicV1Rebalance,3.0000,24887.0349,746.6110,survival,1.0000,1.0000,1.0000,1.0000,1.0000,1.0000,1.0000,1.0000,1.0000,1.0000,1.0000,1.0000,1.0000,1.0000,1.0000,1.0000,1.0000,0.9995,0.9990,0.9980,0.9970,0.9970,0.9965,0.9965,0.9965,0.9965,0.9965,0.9965,0.9965,0.9960,0.9960,0.9955,0.9950,0.9950,0.9950,0.9945
70,1.5000,DynamicV1Rebalance,3.0000,24887.0349,746.6110,spend25p,747.5731,729.1815,711.8332,696.3294,679.4245,663.5543,648.7709,632.6436,612.3500,593.6489,287.7597,267.8970,250.0015,232.7339,218.9084,207.1444,195.6547,187.8885,180.4550,174.8232,170.4512,167.1730,162.0062,157.1157,151.8291,145.4101,139.3811,132.2859,122.9393,113.3084,102.2352,93.6153,82.1458,70.2457,57.2948,44.7944
70,1.5000,DynamicV1Rebalance,3.0000,24887.0349,746.6110,spend50p,752.5395,744.0815,737.3710,732.0124,726.6310,719.9377,715.8068,711.8753,703.9589,696.7363,358.5593,341.8590,327.1645,311.5643,298.4879,288.0847,279.1916,272.8616,267.7746,263.9050,262.6195,260.2998,258.1764,256.4389,253.7989,251.8303,247.9506,243.2335,236.0255,229.4546,220.6261,209.4458,194.5699,187.0429,175.5862,162.0932
70,1.5000,DynamicV1Rebalance,3.0000,24887.0349,746.6110,spend75p,757.8867,759.6697,764.2962,771.1044,779.6100,789.4761,796.2922,802.7651,805.6629,807.8456,432.6938,419.7476,406.4758,397.7485,391.1657,385.0535,383.6780,380.9847,382.6307,387.8037,391.2933,394.4332,398.6163,404.5836,404.3071,404.6013,403.5134,404.0308,399.3140,393.9050,391.1467,383.0156,373.7996,359.2970,349.9049,337.9755
70,1.5000,DynamicV1Rebalance,4.0000,18665.2762,746.6110,survival,1.0000,1.0000,1.0000,1.0000,1.0000,1.0000,1.0000,1.0000,1.0000,0.9995,0.9990,0.9990,0.9970,0.9970,0.9960,0.9950,0.9940,0.9920,0.9905,0.9890,0.9870,0.9865,0.9855,0.9835,0.9800,0.9795,0.9755,0.9745,0.9725,0.9720,0.9710,0.9695,0.9675,0.9645,0.9635,0.9625
70,1.5000,DynamicV1Rebalance,4.0000,18665.2762,746.6110,spend25p,747.5731,729.1815,711.8332,696.3294,679.4245,663.5543,648.7709,632.6436,612.3500,593.5454,287.6116,267.4640,249.3868,231.8251,217.7490,205.4347,194.0474,184.6631,177.5858,171.0859,165.9832,160.9356,157.9275,150.1688,143.6477,138.6872,129.2014,121.1246,112.1557,102.6593,93.9116,84.7426,71.8468,57.3130,45.3608,33.5528
70,1.5000,DynamicV1Rebalance,4.0000,18665.2762,746.6110,spend50p,752.5395,744.0815,737.3710,732.0124,726.6310,719.9377,715.8068,711.8753,703.9589,696.5108,358.0714,341.5233,325.7221,311.0794,297.1614,286.1972,277.6477,270.5874,264.5085,260.5618,259.2791,256.3411,254.6690,251.8305,249.8114,245.7205,238.9473,234.4245,225.5332,216.3378,209.2305,197.7444,186.7825,172.2137,161.4538,149.4650
70,1.5000,DynamicV1Rebalance,4.0000,18665.2762,746.6110,spend75p,757.8867,759.6697,764.2962,771.1044,779.6100,789.4761,796.2922,802.7651,805.6629,807.5462,432.4631,419.3689,406.1184,396.9668,390.4056,383.4447,382.4576,378.6281,379.7065,385.1505,386.5693,390.4636,394.8082,399.4268,397.3147,396.1352,391.0109,391.0896,382.9241,381.6884,375.2930,367.1097,355.9462,344.5377,331.4221,316.3625
70,1.5000,DynamicV1Rebalance,5.0000,14932.2209,746.6110,survival,1.0000,1.0000,1.0000,1.0000,1.0000,1.0000,1.0000,0.9995,0.9990,0.9960,0.9950,0.9925,0.9905,0.9865,0.9845,0.9815,0.9745,0.9700,0.9645,0.9565,0.9510,0.9465,0.9395,0.9320,0.9255,0.9205,0.9130,0.9110,0.9065,0.9020,0.8965,0.8925,0.8890,0.8860,0.8820,0.8810
70,1.5000,DynamicV1Rebalance,5.0000,14932.2209,746.6110,spend25p,747.5731,729.1815,711.8332,696.3294,679.4245,663.5543,648.7709,632.4815,612.2356,592.6032,286.6420,265.3992,247.2636,229.5266,214.7299,200.7788,188.9327,176.4428,168.1872,160.7688,153.2146,144.3989,136.8485,127.7271,120.8085,112.3718,100.0955,93.7940,85.1517,72.8973,61.2736,49.7791,37.6004,26.1866,14.1600,3.5441
70,1.5000,DynamicV1Rebalance,5.0000,14932.2209,746.6110,spend50p,752.5395,744.0815,737.3710,732.0124,726.6310,719.9377,715.8068,711.7327,703.7819,695.4821,356.3271,339.8195,323.4172,308.6771,293.6713,281.9722,272.7683,264.1947,258.3604,253.2411,249.3442,244.8117,241.1869,238.0970,228.8510,223.8728,216.3679,209.8741,200.8856,189.8788,178.0891,166.3203,153.0263,139.3612,123.9289,112.5079
70,1.5000,DynamicV1Rebalance,5.0000,14932.2209,746.6110,spend75p,757.8867,759.6697,764.2962,771.1044,779.6100,789.4761,796.2922,802.4776,805.3443,807.0901,431.3637,418.1562,404.2345,392.5252,385.7978,378.9931,374.9448,373.1855,370.7222,369.8690,370.8650,370.7720,372.5927,374.5368,373.3604,368.7449,366.5339,359.9260,357.0727,346.1668,336.4448,325.2249,316.1820,297.8448,281.9300,265.1993
70,1.5000,DynamicV1Rebalance,6.0000,12443.5174,746.6110,survival,1.0000,1.0000,1.0000,1.0000,1.0000,1.0000,0.9995,0.9990,0.9945,0.9890,0.9865,0.9780,0.9675,0.9580,0.9475,0.9355,0.9255,0.9145,0.9025,0.8895,0.8780,0.8665,0.8560,0.8480,0.8375,0.8300,0.8245,0.8175,0.8145,0.8095,0.8060,0.8020,0.7985,0.7955,0.7925,0.7880
70,1.5000,DynamicV1Rebalance,6.0000,12443.5174,746.6110,spend25p,747.5731,729.1815,711.8332,696.3294,679.4245,663.5543,648.6409,632.4523,610.2167,590.1890,284.1605,262.9786,241.5166,222.6476,204.1376,187.1143,173.3323,161.4751,149.5049,134.6213,122.4825,110.9724,100.8061,93.4660,80.0927,68.1928,57.5389,45.9341,36.3912,24.3356,14.0997,3.3440,0.0000,0.0000,0.0000,0.0000
70,1.5000,DynamicV1Rebalance,6.0000,12443.5174,746.6110,spend50p,752.5395,744.0815,737.3710,732.0124,726.6310,719.9377,715.7299,711.4986,701.7505,692.1894,355.2891,337.4076,317.5676,300.1741,283.6749,270.3568,258.2732,248.5951,241.7149,231.7799,225.1880,218.2863,213.8556,206.9369,198.7926,192.4947,185.4615,174.3410,165.9103,155.1734,144.3871,132.0216,117.9699,105.4338,92.6772,76.8958
70,1.5000,DynamicV1Rebalance,6.0000,12443.5174,746.6110,spend75p,757.8867,759.6697,764.2962,771.1044,779.6100,789.4761,795.9381,802.3515,804.9494,804.7782,429.7916,415.6601,399.9347,385.2270,377.7669,367.9350,360.2578,357.8626,353.5790,344.7760,341.5881,338.8046,339.3295,337.8199,335.7098,332.0410,328.2733,319.8430,311.5409,306.3901,295.1554,280.9987,271.1624,258.9025,242.4661,227.3845
70,1.5000,DynamicV1Rebalance,7.0000,10665.8721,746.6110,survival,1.0000,1.0000,1.0000,1.0000,1.0000,1.0000,0.9990,0.9940,0.9865,0.9650,0.9515,0.9365,0.9205,0.8995,0.8800,0.8605,0.8415,0.8265,0.8105,0.7980,0.7870,0.7735,0.7615,0.7510,0.7355,0.7235,0.7150,0.7080,0.6980,0.6920,0.6875,0.6835,0.6815,0.6775,0.6725,0.6695
70,1.5000,DynamicV1Rebalance,7.0000,10665.8721,746.6110,spend25p,747.5731,729.1815,711.8332,696.3294,679.4245,663.5543,648.6287,630.0334,607.5358,580.2566,274.7137,251.4274,226.7183,201.0655,179.1494,157.8800,134.6827,117.5277,98.7807,83.2368,69.2309,50.0918,23.1343,0.0000,0.0000,0.0000,0.0000,0.0000,0.0000,0.0000,0.0000,0.0000,0.0000,0.0000,0.0000,0.0000
70,1.5000,DynamicV1Rebalance,7.0000,10665.8721,746.6110,spend50p,752.5395,744.0815,737.3710,732.0124,726.6310,719.9377,715.6902,709.4031,700.5079,684.6685,348.7852,328.0595,305.9805,285.0649,267.0269,250.3705,236.0076,225.4058,212.8199,204.1966,197.3039,189.6338,180.3389,172.0900,162.3616,149.2500,140.2248,129.2693,117.3883,101.3549,92.0563,80.8696,67.3647,54.2561,41.3053,27.6333
70,1.5000,DynamicV1Rebalance,7.0000,10665.8721,746.6110,spend75p,757.8867,759.6697,764.2962,771.1044,779.6100,789.4761,795.7536,800.0925,803.6328,798.5231,424.3519,406.9558,390.2219,374.4555,362.0290,350.4459,340.5261,331.6819,320.2503,316.7447,311.3873,308.7375,305.7985,302.9331,298.0066,291.7501,287.3789,281.0890,270.2221,257.4369,248.6761,237.3735,224.8361,213.3395,197.7418,184.8251
70,1.5000,DynamicV1Rebalance,8.0000,9332.6381,746.6110,survival,1.0000,1.0000,1.0000,1.0000,1.0000,0.9990,0.9950,0.9850,0.9595,0.9225,0.8890,0.8555,0.8380,0.8130,0.7885,0.7685,0.7480,0.7245,0.7055,0.6890,0.6720,0.6555,0.6410,0.6250,0.6130,0.6015,0.5910,0.5825,0.5760,0.5695,0.5670,0.5655,0.5635,0.5575,0.5545,0.5535
70,1.5000,DynamicV1Rebalance,8.0000,9332.6381,746.6110,spend25p,747.5731,729.1815,711.8332,696.3294,679.4245,663.0605,647.7145,626.9164,595.6468,561.8650,255.1424,220.1253,192.3852,157.0700,124.8994,92.2788,0.0000,0.0000,0.0000,0.0000,0.0000,0.0000,0.0000,0.0000,0.0000,0.0000,0.0000,0.0000,0.0000,0.0000,0.0000,0.0000,0.0000,0.0000,0.0000,0.0000
70,1.5000,DynamicV1Rebalance,8.0000,9332.6381,746.6110,spend50p,752.5395,744.0815,737.3710,732.0124,726.6310,719.8601,715.2433,707.2149,693.8384,672.0750,336.0219,308.6545,285.5662,261.8792,241.7416,225.7869,209.9944,193.6754,179.1094,167.9895,156.2489,141.6682,127.8577,115.3985,100.3391,88.6042,75.5330,62.9850,52.1589,37.1968,27.4785,17.2418,6.7366,0.0000,0.0000,0.0000
70,1.5000,DynamicV1Rebalance,8.0000,9332.6381,746.6110,spend75p,757.8867,759.6697,764.2962,771.1044,779.6100,789.1612,794.7628,798.7069,796.8495,791.2363,413.1085,392.2651,373.8429,358.0695,342.8171,329.3419,317.3492,303.9745,296.4521,286.2663,280.8621,273.5685,270.3267,261.5967,255.3679,249.3729,238.8082,226.7303,216.1957,204.6484,195.2047,185.3176,174.0958,159.3199,140.1952,128.3434
70,2.0000,DynamicV1Rebalance,2.5000,39819.2558,995.4814,survival,1.0000,1.0000,1.0000,1.0000,1.0000,1.0000,1.0000,1.0000,1.0000,1.0000,1.0000,1.0000,1.0000,1.0000,1.0000,1.0000,1.0000,1.0000,1.0000,1.0000,1.0000,1.0000,1.0000,0.9995,0.9995,0.9995,0.9995,0.9995,0.9995,0.9990,0.9990,0.9990,0.9990,0.9980,0.9970,0.9970
70,2.0000,DynamicV1Rebalance,2.5000,39819.2558,995.4814,spend25p,996.7642,972.2420,949.1110,928.4392,905.8994,884.7391,865.0278,843.5248,816.4666,791.5319,480.5326,454.6705,432.8628,411.4576,393.7973,379.2878,367.2002,357.0428,349.4975,345.4860,341.9899,340.1110,337.3378,331.5938,326.6620,319.7682,313.5945,307.6407,297.9025,285.9874,275.6025,269.3985,256.6971,243.6631,228.4393,214.9108
70,2.0000,DynamicV1Rebalance,2.5000,39819.2558,995.4814,spend50p,1003.3860,992.1087,983.1613,976.0166,968.8414,959.9169,954.4091,949.1671,938.6118,928.9818,587.8329,569.4821,552.2589,536.7448,520.8004,509.2947,499.2886,494.7337,490.8739,489.9296,492.0486,494.2521,492.6697,492.9733,494.9839,497.3926,496.8596,496.2919,488.8542,487.0661,477.5640,468.1476,455.5960,447.8292,442.7872,429.6822
70,2.0000,DynamicV1Rebalance,2.5000,39819.2558,995.4814,spend75p,1010.5156,1012.8929,1019.0616,1028.1392,1039.4800,1052.6347,1061.7229,1070.3535,1074.2172,1077.1274,702.9406,690.6266,677.1312,670.5003,669.0426,664.3121,668.9038,670.0251,678.5429,694.0708,701.6438,712.7409,727.2308,739.1273,745.8388,751.6299,756.4135,772.1817,767.1368,771.7263,773.8664,767.6327,765.2843,759.9442,748.9809,743.6599
70,2.0000,DynamicV1Rebalance,3.0000,33182.7132,995.4814,survival,1.0000,1.0000,1.0000,1.0000,1.0000,1.0000,1.0000,1.0000,1.0000,1.0000,1.0000,1.0000,1.0000,1.0000,1.0000,1.0000,0.9995,0.9980,0.9970,0.9965,0.9965,0.9960,0.9960,0.9960,0.9960,0.9955,0.9955,0.9950,0.9950,0.9945,0.9940,0.9930,0.9925,0.9915,0.9905,0.9885
70,2.0000,DynamicV1Rebalance,3.0000,33182.7132,995.4814,spend25p,996.7642,972.2420,949.1110,928.4392,905.8994,884.7391,865.0278,843.5248,816.4666,791.5319,480.5326,454.6705,432.8628,411.4576,393.7973,379.2878,366.8455,355.2545,347.6012,344.4195,339.6514,334.9147,335.0608,327.6479,324.2502,318.0281,310.0320,306.3228,293.9216,282.4897,273.5354,264.0806,252.0118,237.9901,225.7947,209.4760
70,2.0000,DynamicV1Rebalance,3.0000,33182.7132,995.4814,spend50p,1003.3860,992.1087,983.1613,976.0166,968.8414,959.9169,954.4091,949.1671,938.6118,928.9818,587.8329,569.4821,552.2589,536.7448,520.8004,509.2947,499.1574,493.4865,488.9799,488.7488,490.5931,490.4826,490.5187,491.1481,491.1171,493.6980,493.9313,493.0661,484.6586,482.4229,473.1588,463.4863,450.3030,445.0695,435.6740,419.6648
70,2.0000,DynamicV1Rebalance,3.0000,33182.7132,995.4814,spend75p,1010.5156,1012.8929,1019.0616,1028.1392,1039.4800,1052.6347,1061.7229,1070.3535,1074.2172,1077.1274,702.9406,690.6266,677.1312,670.5003,669.0426,664.3121,668.9038,668.7019,676.9943,692.6291,698.7412,708.9419,724.5977,737.5512,742.3973,746.4985,752.6583,763.1155,761.9165,766.4781,767.5341,761.5877,760.8744,743.9465,740.3842,734.3733
70,2.0000,DynamicV1Rebalance,4.0000,24887.0349,995.4814,survival,1.0000,1.0000,1.0000,1.0000,1.0000,1.0000,1.0000,1.0000,1.0000,0.9995,0.9990,0.9980,0.9970,0.9960,0.9945,0.9925,0.9900,0.9880,0.9870,0.9860,0.9825,0.9755,0.9725,0.9680,0.9655,0.9620,0.9600,0.9590,0.9560,0.9535,0.9500,0.9490,0.9460,0.9450,0.9435,0.9395
70,2.0000,DynamicV1Rebalance,4.0000,24887.0349,995.4814,spend25p,996.7642,972.2420,949.1110,928.4392,905.8994,884.7391,865.0278,843.5248,816.4666,791.3938,480.1713,453.7474,430.8564,410.0857,391.5243,374.9116,361.0225,350.0095,342.1387,336.3476,330.9929,322.1829,315.4440,305.8217,298.4220,291.3605,285.2499,274.9000,263.5635,255.5350,240.4346,229.4188,219.0674,204.3053,190.6452,177.6663
70,2.0000,DynamicV1Rebalance,4.0000,24887.0349,995.4814,spend50p,1003.3860,992.1087,983.1613,976.0166,968.8414,959.9169,954.4091,949.1671,938.6118,928.6811,587.1014,567.9700,550.4688,534.3025,517.8935,504.0943,494.9240,488.5481,484.9257,485.0362,484.2690,477.1774,478.7519,474.9751,476.8562,471.6583,470.9762,468.8641,459.2407,450.0371,440.4910,432.1486,418.9718,407.3463,398.3798,382.2121
70,2.0000,DynamicV1Rebalance,4.0000,24887.0349,995.4814,spend75p,1010.5156,1012.8929,1019.0616,1028.1392,1039.4800,1052.6347,1061.7229,1070.3535,1074.2172,1076.7283,702.4249,689.9476,676.4572,669.3115,666.3828,660.5180,662.5586,663.8219,673.3442,686.3252,690.2019,695.0512,706.7144,710.5752,719.0173,715.6770,724.1463,725.8625,726.8220,724.5128,720.5223,723.7459,712.5883,708.6524,698.3571,677.5957
70,2.0000,DynamicV1Rebalance,5.0000,19909.6279,995.4814,survival,1.0000,1.0000,1.0000,1.0000,1.0000,1.0000,1.0000,0.9995,0.9990,0.9960,0.9950,0.9910,0.9870,0.9840,0.9785,0.9695,0.9620,0.9540,0.9440,0.9325,0.9255,0.9140,0.9005,0.8860,0.8800,0.8715,0.8640,0.8575,0.8545,0.8490,0.8430,0.8380,0.8360,0.8300,0.8250,0.8220
70,2.0000,DynamicV1Rebalance,5.0000,19909.6279,995.4814,spend25p,996.7642,972.2420,949.1110,928.4392,905.8994,884.7391,865.0278,843.3087,816.3142,790.1375,478.2537,450.5729,427.3519,405.1566,385.9157,364.9045,346.2316,331.6805,319.1623,309.4125,298.2219,285.2600,267.6354,252.0622,236.5976,223.7409,212.0520,196.8220,183.4900,169.8590,155.6159,142.0206,129.5135,110.7800,92.5312,74.6431
70,2.0000,DynamicV1Rebalance,5.0000,19909.6279,995.4814,spend50p,1003.3860,992.1087,983.1613,976.0166,968.8414,959.9169,954.4091,948.9770,938.3759,927.3095,586.2316,565.6129,546.4548,527.6146,510.3501,494.3205,484.6135,473.5774,464.9244,460.6534,452.8899,448.7634,442.4211,437.6535,428.8585,419.4500,411.4663,399.6814,391.3053,383.2638,367.5370,352.3068,339.2964,322.9458,306.2946,289.2949
70,2.0000,DynamicV1Rebalance,5.0000,19909.6279,995.4814,spend75p,1010.5156,1012.8929,1019.0616,1028.1392,1039.4800,1052.6347,1061.7229,1069.9702,1073.7925,1076.1201,701.1156,687.8273,673.7419,662.7636,658.6603,652.2825,650.3664,650.1144,650.0575,651.4173,653.6470,652.1031,653.1078,654.8446,663.0418,661.2577,658.6837,658.0748,646.7289,640.1882,635.7254,622.3202,609.9240,597.8472,580.7875,566.1507
70,2.0000,DynamicV1Rebalance,6.0000,16591.3566,995.4814,survival,1.0000,1.0000,1.0000,1.0000,1.0000,1.0000,0.9995,0.9990,0.9945,0.9890,0.9840,0.9715,0.9585,0.9475,0.9300,0.9155,0.9005,0.8795,0.8645,0.8455,0.8310,0.8155,0.8045,0.7905,0.7810,0.7710,0.7575,0.7500,0.7415,0.7335,0.7290,0.7240,0.7200,0.7155,0.7110,0.7065
70,2.0000,DynamicV1Rebalance,6.0000,16591.3566,995.4814,spend25p,996.7642,972.2420,949.1110,928.4392,905.8994,884.7391,864.8545,843.2698,813.6223,786.9187,473.3680,444.7829,417.3182,390.0730,357.6116,335.9434,318.1814,290.4220,268.9756,243.7324,223.4684,202.3512,185.5119,157.5050,135.9576,113.5247,59.7625,0.0000,0.0000,0.0000,0.0000,0.0000,0.0000,0.0000,0.0000,0.0000
70,2.0000,DynamicV1Rebalance,6.0000,16591.3566,995.4814,spend50p,1003.3860,992.1087,983.1613,976.0166,968.8414,959.9169,954.3065,948.6648,935.6674,922.9191,582.2455,560.0780,534.5245,510.6816,489.1928,470.1805,455.7151,443.1568,429.6996,416.1124,406.4278,396.0133,388.5128,377.1509,372.2573,361.9979,346.0705,330.1955,315.8949,298.7380,287.6496,273.2238,259.4348,244.9793,228.1728,210.8514
70,2.0000,DynamicV1Rebalance,6.0000,16591.3566,995.4814,spend75p,1010.5156,1012.8929,1019.0616,1028.1392,1039.4800,1052.6347,1061.2508,1069.8019,1073.2658,1073.0376,698.5765,681.3884,663.3189,649.1946,637.8431,630.8225,620.8540,616.2737,608.2869,597.5487,590.0899,589.3835,596.3680,591.2664,593.2621,592.6968,591.6391,579.1193,571.4596,559.3879,552.4752,539.9557,530.0824,513.7881,502.4474,489.8415
70,2.0000,DynamicV1Rebalance,7.0000,14221.1628,995.4814,survival,1.0000,1.0000,1.0000,1.0000,1.0000,1.0000,0.9990,0.9940,0.9865,0.9650,0.9495,0.9250,0.9035,0.8765,0.8490,0.8270,0.8080,0.7840,0.7635,0.7405,0.7220,0.7035,0.6855,0.6670,0.6490,0.6355,0.6240,0.6155,0.6070,0.5990,0.5920,0.5870,0.5810,0.5770,0.5720,0.5705
70,2.0000,DynamicV1Rebalance,7.0000,14221.1628,995.4814,spend25p,996.7642,972.2420,949.1110,928.4392,905.8994,884.7391,864.8382,840.0445,810.0477,773.6755,459.4262,423.8922,388.3048,349.6940,311.9031,271.5700,238.2756,195.5551,141.3938,0.0000,0.0000,0.0000,0.0000,0.0000,0.0000,0.0000,0.0000,0.0000,0.0000,0.0000,0.0000,0.0000,0.0000,0.0000,0.0000,0.0000
70,2.0000,DynamicV1Rebalance,7.0000,14221.1628,995.4814,spend50p,1003.3860,992.1087,983.1613,976.0166,968.8414,959.9169,954.2536,945.8708,934.0105,912.8913,573.0272,544.7072,514.4023,484.1275,455.8159,436.5643,417.9042,395.3329,379.9468,363.9058,347.2649,329.9786,311.2386,290.7718,276.4786,257.4361,238.5817,222.7159,206.2778,188.7387,170.6467,154.1265,135.5591,114.9450,96.9515,85.4118
70,2.0000,DynamicV1Rebalance,7.0000,14221.1628,995.4814,spend75p,1010.5156,1012.8929,1019.0616,1028.1392,1039.4800,1052.6347,1061.0049,1066.7900,1071.5104,1064.6974,689.5958,667.1691,647.3003,628.1503,611.3656,595.6175,588.2932,570.4208,558.8652,550.8795,543.6765,538.5811,530.3575,527.8324,524.3849,515.8758,505.4384,493.5140,474.8800,461.6325,452.5463,439.4501,427.0931,413.2483,397.3459,380.5307
70,2.0000,DynamicV1Rebalance,8.0000,12443.5174,995.4814,survival,1.0000,1.0000,1.0000,1.0000,1.0000,0.9990,0.9950,0.9850,0.9595,0.9225,0.8825,0.8485,0.8175,0.7860,0.7585,0.7260,0.6965,0.6710,0.6460,0.6205,0.5995,0.5820,0.5650,0.5475,0.5335,0.5165,0.5060,0.4960,0.4860,0.4770,0.4730,0.4695,0.4660,0.4600,0.4560,0.4515
70,2.0000,DynamicV1Rebalance,8.0000,12443.5174,995.4814,spend25p,996.7642,972.2420,949.1110,928.4392,905.8994,884.0806,863.6194,835.8886,794.1957,749.1534,427.5198,378.6442,323.8504,269.4259,186.7166,0.0000,0.0000,0.0000,0.0000,0.0000,0.0000,0.0000,0.0000,0.0000,0.0000,0.0000,0.0000,0.0000,0.0000,0.0000,0.0000,0.0000,0.0000,0.0000,0.0000,0.0000
70,2.0000,DynamicV1Rebalance,8.0000,12443.5174,995.4814,spend50p,1003.3860,992.1087,983.1613,976.0166,968.8414,959.8135,953.6578,942.9532,925.1179,896.1000,550.9497,514.6244,478.2359,445.2497,420.5477,390.3941,360.9253,334.8023,314.6940,289.1658,254.9660,233.0587,206.2077,179.4270,151.9427,112.7280,56.6103,0.0000,0.0000,0.0000,0.0000,0.0000,0.0000,0.0000,0.0000,0.0000
70,2.0000,DynamicV1Rebalance,8.0000,12443.5174,995.4814,spend75p,1010.5156,1012.8929,1019.0616,1028.1392,1039.4800,1052.2149,1059.6838,1064.9425,1062.4660,1054.9817,672.6278,645.6406,620.0659,598.1966,578.5153,559.2533,532.4573,515.8727,502.8199,497.1414,486.7372,476.3885,468.3739,456.9101,444.2271,422.0565,412.3654,399.1783,388.5451,372.9539,357.9666,341.0968,327.9300,306.7033,287.8696,270.7059
70,3.0000,DynamicV1Rebalance,2.5000,59728.8837,1493.2221,survival,1.0000,1.0000,1.0000,1.0000,1.0000,1.0000,1.0000,1.0000,1.0000,1.0000,1.0000,1.0000,1.0000,1.0000,1.0000,1.0000,1.0000,1.0000,1.0000,1.0000,1.0000,0.9995,0.9995,0.9995,0.9990,0.9985,0.9985,0.9985,0.9985,0.9985,0.9975,0.9970,0.9965,0.9945,0.9940,0.9935
70,3.0000,DynamicV1Rebalance,2.5000,59728.8837,1493.2221,spend25p,1495.1462,1458.3630,1423.6664,1392.6588,1358.8491,1327.1086,1297.5417,1265.2872,1224.6999,1187.2979,864.8657,828.2295,797.0557,767.5622,746.4462,723.7926,708.7981,696.2165,690.8770,685.5707,681.4934,680.2086,683.3997,678.5689,672.6202,666.5256,659.6868,654.0689,643.7485,630.9707,619.8674,610.4595,595.7257,582.2213,566.5497,547.9399
70,3.0000,DynamicV1Rebalance,2.5000,59728.8837,1493.2221,spend50p,1505.0790,1488.1630,1474.7419,1464.0249,1453.2620,1439.8754,1431.6136,1423.7506,1407.9178,1393.4726,1047.1662,1023.9384,1002.8368,983.7542,963.8099,948.9292,940.7497,937.0610,937.1398,941.4307,948.3749,955.2639,961.1703,964.3980,971.3042,982.9489,986.9508,994.3313,993.6499,995.0765,982.2096,978.3046,969.9797,969.6833,965.3250,959.1896
70,3.0000,DynamicV1Rebalance,2.5000,59728.8837,1493.2221,spend75p,1515.7734,1519.3394,1528.5924,1542.2088,1559.2200,1578.9521,1592.5844,1605.5303,1611.3258,1615.6911,1243.4622,1232.0516,1220.6216,1216.8627,1221.9878,1224.1495,1237.3856,1247.8362,1271.5380,1304.4733,1320.0912,1345.7843,1376.8674,1407.2112,1426.8563,1442.5759,1464.7408,1495.1550,1504.4088,1517.2391,1528.3006,1525.7294,1531.6019,1532.6325,1529.7771,1535.0762
70,3.0000,DynamicV1Rebalance,3.0000,49774.0698,1493.2221,survival,1.0000,1.0000,1.0000,1.0000,1.0000,1.0000,1.0000,1.0000,1.0000,1.0000,1.0000,1.0000,1.0000,1.0000,1.0000,0.9985,0.9970,0.9965,0.9965,0.9960,0.9960,0.9960,0.9950,0.9940,0.9935,0.9925,0.9920,0.9915,0.9905,0.9895,0.9890,0.9885,0.9855,0.9845,0.9845,0.9820
70,3.0000,DynamicV1Rebalance,3.0000,49774.0698,1493.2221,spend25p,1495.1462,1458.3630,1423.6664,1392.6588,1358.8491,1327.1086,1297.5417,1265.2872,1224.6999,1187.2979,864.8657,828.2295,797.0557,767.5622,746.4462,722.7701,704.7938,693.1217,684.1424,682.7155,679.2529,673.8832,677.1309,668.6157,665.3933,660.1207,649.5951,643.4652,629.3990,619.3206,609.0837,597.8163,583.8466,567.0778,554.3192,537.7855
70,3.0000,DynamicV1Rebalance,3.0000,49774.0698,1493.2221,spend50p,1505.0790,1488.1630,1474.7419,1464.0249,1453.2620,1439.8754,1431.6136,1423.7506,1407.9178,1393.4726,1047.1662,1023.9384,1002.8368,983.7542,963.8099,947.4065,939.2910,933.7993,933.6970,937.0154,945.2906,952.3297,954.8700,958.6303,964.3200,975.5516,981.1671,988.7724,978.7768,979.3761,970.6580,968.9270,957.9732,953.3627,952.5893,939.1661
70,3.0000,DynamicV1Rebalance,3.0000,49774.0698,1493.2221,spend75p,1515.7734,1519.3394,1528.5924,1542.2088,1559.2200,1578.9521,1592.5844,1605.5303,1611.3258,1615.6911,1243.4622,1232.0516,1220.6216,1216.8627,1221.9878,1222.6688,1234.2130,1244.4275,1268.8570,1294.8612,1316.3810,1340.2717,1366.5215,1397.1867,1409.4135,1425.8573,1447.6113,1477.7048,1482.9567,1502.4416,1507.1270,1508.0286,1511.5125,1509.4873,1510.7923,1504.8312
70,3.0000,DynamicV1Rebalance,4.0000,37330.5523,1493.2221,survival,1.0000,1.0000,1.0000,1.0000,1.0000,1.0000,1.0000,1.0000,1.0000,0.9995,0.9990,0.9970,0.9965,0.9950,0.9915,0.9895,0.9870,0.9855,0.9820,0.9740,0.9685,0.9655,0.9605,0.9570,0.9515,0.9475,0.9425,0.9375,0.9345,0.9305,0.9285,0.9230,0.9170,0.9140,0.9115,0.9090
70,3.0000,DynamicV1Rebalance,4.0000,37330.5523,1493.2221,spend25p,1495.1462,1458.3630,1423.6664,1392.6588,1358.8491,1327.1086,1297.5417,1265.2872,1224.6999,1187.0907,864.2897,826.2522,794.9612,766.5325,738.7962,715.2737,694.7587,680.1992,670.8239,655.8714,649.0513,642.3148,629.1454,615.2176,607.2626,594.6921,582.2655,566.4474,552.0516,538.1944,526.7211,506.4848,483.6002,471.1262,453.2711,425.3277
70,3.0000,DynamicV1Rebalance,4.0000,37330.5523,1493.2221,spend50p,1505.0790,1488.1630,1474.7419,1464.0249,1453.2620,1439.8754,1431.6136,1423.7506,1407.9178,1393.0216,1046.8405,1021.5124,1000.9719,980.5285,957.0329,939.8109,933.3482,925.9959,923.5479,922.7175,923.7028,924.1673,925.9912,925.4636,922.8235,922.7736,926.2269,919.9526,917.1801,902.5822,891.2174,877.0077,864.3477,844.5110,831.1426,816.6015
70,3.0000,DynamicV1Rebalance,4.0000,37330.5523,1493.2221,spend75p,1515.7734,1519.3394,1528.5924,1542.2088,1559.2200,1578.9521,1592.5844,1605.5303,1611.3258,1615.0924,1241.9758,1231.7535,1219.4532,1214.6937,1215.6078,1213.7434,1228.8567,1238.1255,1254.6012,1266.2070,1281.4419,1307.4578,1333.0170,1341.7489,1356.1261,1366.9767,1382.2646,1379.7070,1384.8289,1381.5067,1390.0089,1389.2772,1392.7513,1389.5188,1385.2115,1363.1295
70,3.0000,DynamicV1Rebalance,5.0000,29864.4419,1493.2221,survival,1.0000,1.0000,1.0000,1.0000,1.0000,1.0000,1.0000,0.9995,0.9990,0.9960,0.9935,0.9905,0.9855,0.9790,0.9680,0.9590,0.9475,0.9340,0.9220,0.9040,0.8885,0.8740,0.8635,0.8510,0.8395,0.8300,0.8225,0.8155,0.8060,0.7995,0.7945,0.7900,0.7845,0.7800,0.7775,0.7715
70,3.0000,DynamicV1Rebalance,5.0000,29864.4419,1493.2221,spend25p,1495.1462,1458.3630,1423.6664,1392.6588,1358.8491,1327.1086,1297.5417,1264.9631,1224.4713,1185.2063,859.2129,821.3194,788.3050,752.8124,720.0934,690.1630,662.7689,640.2804,619.4909,592.4131,564.6350,537.7201,513.6388,484.7264,460.7665,430.3662,404.9222,378.5121,346.2050,325.2736,297.0744,279.8173,248.0936,219.3871,203.9975,165.3938
70,3.0000,DynamicV1Rebalance,5.0000,29864.4419,1493.2221,spend50p,1505.0790,1488.1630,1474.7419,1464.0249,1453.2620,1439.8754,1431.6136,1423.4655,1407.5638,1390.9642,1042.8826,1018.6532,991.5915,965.0250,936.3542,918.5073,902.3299,886.7927,878.6578,861.1466,847.3750,842.5568,838.5558,824.4704,824.4679,809.4995,797.6500,780.1911,761.7598,746.6203,728.7597,708.1487,691.1060,668.0530,653.3612,626.0234
70,3.0000,DynamicV1Rebalance,5.0000,29864.4419,1493.2221,spend75p,1515.7734,1519.3394,1528.5924,1542.2088,1559.2200,1578.9521,1592.5844,1604.9553,1610.6887,1614.1802,1240.8047,1228.2086,1211.4478,1201.8092,1196.7358,1196.0221,1193.0327,1196.4879,1202.5780,1187.4881,1191.0686,1188.8365,1207.5309,1214.4301,1221.9559,1232.2267,1230.1635,1230.1233,1215.3093,1212.0563,1198.1592,1201.5245,1199.1946,1184.6774,1182.1362,1150.2803
70,3.0000,DynamicV1Rebalance,6.0000,24887.0349,1493.2221,survival,1.0000,1.0000,1.0000,1.0000,1.0000,1.0000,0.9995,0.9990,0.9945,0.9890,0.9810,0.9675,0.9520,0.9315,0.9130,0.8885,0.8675,0.8460,0.8250,0.8065,0.7900,0.7710,0.7530,0.7350,0.7120,0.6965,0.6850,0.6760,0.6675,0.6540,0.6460,0.6390,0.6335,0.6295,0.6235,0.6165
70,3.0000,DynamicV1Rebalance,6.0000,24887.0349,1493.2221,spend25p,1495.1462,1458.3630,1423.6664,1392.6588,1358.8491,1327.1086,1297.2818,1264.9047,1220.4335,1180.3780,851.2647,810.5461,765.6303,715.2227,669.6654,625.6589,581.2476,527.8372,482.4785,438.2889,394.5340,335.8689,199.0933,0.0000,0.0000,0.0000,0.0000,0.0000,0.0000,0.0000,0.0000,0.0000,0.0000,0.0000,0.0000,0.0000
70,3.0000,DynamicV1Rebalance,6.0000,24887.0349,1493.2221,spend50p,1505.0790,1488.1630,1474.7419,1464.0249,1453.2620,1439.8754,1431.4598,1422.9973,1403.5011,1384.3787,1038.2421,1007.6949,966.4863,928.6239,902.1385,868.3060,841.8558,822.1511,791.1672,773.1963,759.1053,745.8531,726.8025,706.4629,671.3220,648.2984,617.4836,589.8427,575.5302,537.8535,519.6626,490.5036,470.8418,444.3375,420.3956,395.1300
70,3.0000,DynamicV1Rebalance,6.0000,24887.0349,1493.2221,spend75p,1515.7734,1519.3394,1528.5924,1542.2088,1559.2200,1578.9521,1591.8762,1604.7029,1609.8987,1609.5564,1235.1806,1214.4566,1193.4765,1170.8057,1159.8396,1148.6258,1132.3513,1124.3797,1105.6366,1096.7966,1097.3120,1093.6587,1098.1553,1094.1975,1086.7296,1079.0974,1080.7854,1074.5407,1066.0939,1049.9979,1032.1630,1009.6223,995.9358,994.0823,979.6639,951.2064
70,3.0000,DynamicV1Rebalance,7.0000,21331.7442,1493.2221,survival,1.0000,1.0000,1.0000,1.0000,1.0000,1.0000,0.9990,0.9940,0.9865,0.9650,0.9445,0.9155,0.8845,0.8540,0.8220,0.7940,0.7695,0.7370,0.7110,0.6835,0.6580,0.6380,0.6140,0.5970,0.5815,0.5700,0.5540,0.5405,0.5290,0.5205,0.5125,0.5080,0.5035,0.4980,0.4945,0.4910
70,3.0000,DynamicV1Rebalance,7.0000,21331.7442,1493.2221,spend25p,1495.1462,1458.3630,1423.6664,1392.6588,1358.8491,1327.1086,1297.2573,1260.0667,1215.0716,1160.5133,826.5455,765.6105,701.3772,641.2220,549.3830,479.4377,393.5188,0.0000,0.0000,0.0000,0.0000,0.0000,0.0000,0.0000,0.0000,0.0000,0.0000,0.0000,0.0000,0.0000,0.0000,0.0000,0.0000,0.0000,0.0000,0.0000
70,3.0000,DynamicV1Rebalance,7.0000,21331.7442,1493.2221,spend50p,1505.0790,1488.1630,1474.7419,1464.0249,1453.2620,1439.8754,1431.3803,1418.8063,1401.0157,1369.3370,1020.0170,973.9899,924.2253,874.7531,834.2890,794.6630,766.6132,726.6247,691.3721,652.5487,620.2513,584.4205,545.4877,502.9519,471.2042,439.7314,393.9616,343.7365,297.2021,257.9965,207.6690,164.3140,97.4697,0.0000,0.0000,0.0000
70,3.0000,DynamicV1Rebalance,7.0000,21331.7442,1493.2221,spend75p,1515.7734,1519.3394,1528.5924,1542.2088,1559.2200,1578.9521,1591.5073,1600.1849,1607.2657,1597.0461,1217.1647,1189.0317,1158.2143,1133.7140,1103.8474,1089.7585,1068.8626,1029.7032,1019.0140,1002.5225,993.6399,983.2799,964.1595,950.9982,937.8313,920.2996,905.3691,892.1062,870.6846,855.1888,836.8596,814.8003,788.5309,772.8252,755.3944,733.3898
70,3.0000,DynamicV1Rebalance,8.0000,18665.2762,1493.2221,survival,1.0000,1.0000,1.0000,1.0000,1.0000,0.9990,0.9950,0.9850,0.9595,0.9225,0.8765,0.8365,0.7980,0.7590,0.7225,0.6855,0.6495,0.6170,0.5870,0.5590,0.5385,0.5145,0.4965,0.4805,0.4635,0.4510,0.4400,0.4300,0.4235,0.4155,0.4070,0.3985,0.3910,0.3855,0.3795,0.3735
70,3.0000,DynamicV1Rebalance,8.0000,18665.2762,1493.2221,spend25p,1495.1462,1458.3630,1423.6664,1392.6588,1358.8491,1326.1210,1295.4290,1253.8328,1191.2936,1123.7301,767.1024,687.3379,580.7102,423.8787,0.0000,0.0000,0.0000,0.0000,0.0000,0.0000,0.0000,0.0000,0.0000,0.0000,0.0000,0.0000,0.0000,0.0000,0.0000,0.0000,0.0000,0.0000,0.0000,0.0000,0.0000,0.0000
70,3.0000,DynamicV1Rebalance,8.0000,18665.2762,1493.2221,spend50p,1505.0790,1488.1630,1474.7419,1464.0249,1453.2620,1439.7203,1430.4867,1414.4298,1387.6768,1344.1501,981.9931,923.9557,864.9405,809.0003,755.5886,700.7123,659.6148,602.5942,527.1256,465.4803,409.4397,312.8043,0.0000,0.0000,0.0000,0.0000,0.0000,0.0000,0.0000,0.0000,0.0000,0.0000,0.0000,0.0000,0.0000,0.0000
70,3.0000,DynamicV1Rebalance,8.0000,18665.2762,1493.2221,spend75p,1515.7734,1519.3394,1528.5924,1542.2088,1559.2200,1578.3223,1589.5257,1597.4138,1593.6991,1582.4726,1186.5624,1148.7151,1114.2119,1074.2647,1044.4041,1007.0941,966.9763,949.0304,923.5876,905.2345,883.6516,857.6878,832.0258,809.8576,785.0660,765.3585,746.1805,724.3787,699.9029,675.5497,645.0329,620.9946,595.5621,572.3830,548.9679,515.1082
75,0.5000,DynamicV1Rebalance,2.5000,9954.8140,248.8703,survival,1.0000,1.0000,1.0000,1.0000,1.0000,1.0000,1.0000,1.0000,1.0000,1.0000,1.0000,1.0000,1.0000,1.0000,1.0000,1.0000,1.0000,1.0000,1.0000,1.0000,1.0000,1.0000,1.0000,1.0000,1.0000,1.0000,1.0000,1.0000,1.0000,1.0000,1.0000,1.0000,1.0000,1.0000,1.0000,1.0000
75,0.5000,DynamicV1Rebalance,2.5000,9954.8140,248.8703,spend25p,249.1910,243.0605,237.2777,232.1098,226.4748,221.1848,216.2570,210.8812,204.1167,197.8830,192.2097,186.9744,182.9263,178.9073,175.6083,-311.4414,-326.5914,-343.2880,-357.7564,-373.3322,-389.1277,-407.1571,-423.9957,-440.1157,-457.4927,-474.7053,-493.6402,-514.8681,-538.6730,-563.6574,-588.1106,-616.0064,-641.7282,-669.2206,-702.9984,-738.8716
75,0.5000,DynamicV1Rebalance,2.5000,9954.8140,248.8703,spend50p,250.8465,248.0272,245.7903,244.0041,242.2103,239.9792,238.6023,237.2918,234.6530,232.2454,229.5385,227.6858,225.6609,223.8473,221.7179,-264.9266,-276.6661,-287.5602,-298.7563,-309.0219,-319.2704,-328.5403,-339.3758,-351.1763,-362.4884,-377.2032,-390.3708,-405.7211,-419.1245,-434.1451,-450.2418,-469.0425,-487.4699,-508.2967,-532.8719,-554.9520
75,0.5000,DynamicV1Rebalance,2.5000,9954.8140,248.8703,spend75p,252.6289,253.2232,254.7654,257.0348,259.8700,263.1587,265.4307,267.5884,268.5543,269.2819,270.4590,270.7749,271.3183,273.6049,277.6106,-230.1129,-238.2658,-246.5821,-254.2427,-262.1756,-270.2014,-276.5537,-283.9434,-291.1670,-299.2347,-308.9769,-318.8446,-329.2720,-337.8468,-347.4839,-359.0407,-372.1606,-383.9174,-395.7975,-409.9770,-424.5888
75,0.5000,DynamicV1Rebalance,3.0000,8295.6783,248.8703,survival,1.0000,1.0000,1.0000,1.0000,1.0000,1.0000,1.0000,1.0000,1.0000,1.0000,1.0000,1.0000,1.0000,0.9995,0.9980,0.9980,0.9980,0.9980,0.9980,0.9980,0.9980,0.9980,0.9980,0.9980,0.9980,0.9980,0.9980,0.9980,0.9980,0.9980,0.9980,0.9980,0.9980,0.9980,0.9980,0.9980
75,0.5000,DynamicV1Rebalance,3.0000,8295.6783,248.8703,spend25p,249.1910,243.0605,237.2777,232.1098,226.4748,221.1848,216.2570,210.8812,204.1167,197.8830,192.2097,186.9744,182.9263,178.7829,175.3748,-311.3751,-326.2033,-342.8859,-357.2018,-373.0412,-387.4999,-405.9294,-422.0863,-439.1947,-456.1406,-473.7824,-493.0717,-513.5281,-536.0542,-561.6622,-587.1099,-612.8748,-640.1685,-668.0749,-702.7257,-737.5599
75,0.5000,DynamicV1Rebalance,3.0000,8295.6783,248.8703,spend50p,250.8465,248.0272,245.7903,244.0041,242.2103,239.9792,238.6023,237.2918,234.6530,232.2454,229.5385,227.6858,225.6609,223.7994,221.2687,-264.5903,-276.4726,-286.9975,-298.4490,-308.8525,-318.9169,-328.2451,-339.0983,-350.7721,-362.1635,-376.7343,-389.6196,-404.5848,-418.6564,-433.3594,-449.5061,-468.6718,-486.9483,-507.6107,-530.9344,-553.6796
75,0.5000,DynamicV1Rebalance,3.0000,8295.6783,248.8703,spend75p,252.6289,253.2232,254.7654,257.0348,259.8700,263.1587,265.4307,267.5884,268.5543,269.2819,270.4590,270.7749,271.3183,273.5187,277.1375,-229.7142,-237.9944,-246.2145,-253.8457,-262.0520,-269.2843,-276.1866,-283.5420,-290.4555,-298.6207,-308.6912,-318.5861,-329.0624,-337.5969,-347.0953,-358.1180,-371.3834,-383.6276,-394.8325,-409.3851,-423.6146
75,0.5000,DynamicV1Rebalance,4.0000,6221.7587,248.8703,survival,1.0000,1.0000,1.0000,1.0000,1.0000,1.0000,1.0000,1.0000,1.0000,0.9995,0.9990,0.9970,0.9945,0.9910,0.9885,0.9885,0.9885,0.9885,0.9885,0.9885,0.9885,0.9885,0.9885,0.9885,0.9885,0.9885,0.9885,0.9885,0.9885,0.9885,0.9885,0.9885,0.9885,0.9885,0.9885,0.9885
75,0.5000,DynamicV1Rebalance,4.0000,6221.7587,248.8703,spend25p,249.1910,243.0605,237.2777,232.1098,226.4748,221.1848,216.2570,210.8812,204.1167,197.8485,192.1617,186.6936,181.9582,177.4788,173.6019,-309.2591,-324.6998,-341.4347,-356.5033,-371.6641,-386.1824,-404.1747,-421.4370,-436.8715,-454.2294,-471.5725,-490.8251,-511.9939,-534.4724,-559.3166,-585.1309,-610.5422,-637.6304,-665.3807,-699.6757,-734.7999
75,0.5000,DynamicV1Rebalance,4.0000,6221.7587,248.8703,spend50p,250.8465,248.0272,245.7903,244.0041,242.2103,239.9792,238.6023,237.2918,234.6530,232.1703,229.4904,227.1382,224.6658,221.5816,219.8684,-263.5564,-274.5127,-286.0919,-296.6049,-306.8651,-317.0773,-327.0295,-337.2459,-348.1905,-360.8083,-374.5021,-387.6427,-402.4024,-416.3153,-431.3578,-447.0170,-465.8930,-484.9070,-504.4554,-529.0154,-551.3477
75,0.5000,DynamicV1Rebalance,4.0000,6221.7587,248.8703,spend75p,252.6289,253.2232,254.7654,257.0348,259.8700,263.1587,265.4307,267.5884,268.5543,269.1821,270.1215,270.6020,271.1283,272.2907,275.3636,-228.1419,-236.2233,-244.0775,-251.7868,-260.6939,-266.6364,-274.4488,-281.4576,-288.6247,-296.6662,-305.9520,-315.9568,-325.5119,-334.8127,-344.4195,-355.9778,-367.7294,-380.7243,-392.3368,-405.1600,-420.4912
75,0.5000,DynamicV1Rebalance,5.0000,4977.4070,248.8703,survival,1.0000,1.0000,1.0000,1.0000,1.0000,1.0000,1.0000,0.9995,0.9990,0.9960,0.9930,0.9865,0.9790,0.9650,0.9485,0.9480,0.9480,0.9480,0.9480,0.9480,0.9480,0.9480,0.9480,0.9480,0.9480,0.9480,0.9480,0.9480,0.9480,0.9480,0.9480,0.9480,0.9480,0.9480,0.9480,0.9480
75,0.5000,DynamicV1Rebalance,5.0000,4977.4070,248.8703,spend25p,249.1910,243.0605,237.2777,232.1098,226.4748,221.1848,216.2570,210.8272,204.0785,197.5344,191.0487,185.1383,180.0201,172.8913,166.1833,-303.4537,-319.7612,-336.2250,-350.3948,-363.0538,-376.8591,-394.1329,-410.1702,-426.4511,-443.1970,-461.7505,-480.5558,-498.7967,-519.4329,-543.4688,-566.8810,-591.8856,-623.0268,-647.9340,-682.8966,-716.4379
75,0.5000,DynamicV1Rebalance,5.0000,4977.4070,248.8703,spend50p,250.8465,248.0272,245.7903,244.0041,242.2103,239.9792,238.6023,237.2442,234.5940,231.8274,229.0453,225.9541,222.4330,217.9345,213.3575,-259.7027,-270.3301,-281.4060,-291.7683,-301.9049,-310.8953,-320.6628,-331.2498,-342.2011,-353.5277,-365.7199,-378.7870,-392.5404,-406.1760,-421.1092,-437.4429,-453.7089,-473.5853,-495.2249,-514.2571,-536.6852
75,0.5000,DynamicV1Rebalance,5.0000,4977.4070,248.8703,spend75p,252.6289,253.2232,254.7654,257.0348,259.8700,263.1587,265.4307,267.4925,268.4481,269.0300,269.3910,269.3232,269.0642,267.8442,268.9603,-223.2813,-231.1683,-238.2805,-246.1039,-252.1679,-259.9994,-266.3898,-272.7142,-280.6183,-287.7247,-296.4611,-304.2611,-313.6287,-322.9188,-332.9410,-341.7947,-352.4629,-363.9151,-376.4185,-388.1092,-401.1434
75,0.5000,DynamicV1Rebalance,6.0000,4147.8391,248.8703,survival,1.0000,1.0000,1.0000,1.0000,1.0000,1.0000,0.9995,0.9990,0.9945,0.9890,0.9770,0.9570,0.9300,0.9010,0.8725,0.8725,0.8725,0.8725,0.8725,0.8725,0.8725,0.8725,0.8725,0.8725,0.8725,0.8725,0.8725,0.8725,0.8725,0.8725,0.8725,0.8725,0.8725,0.8725,0.8725,0.8725
75,0.5000,DynamicV1Rebalance,6.0000,4147.8391,248.8703,spend25p,249.1910,243.0605,237.2777,232.1098,226.4748,221.1848,216.2136,210.8174,203.4056,196.7297,189.3769,181.8055,171.1080,161.1147,151.1958,-294.9186,-309.7091,-323.7417,-337.7469,-351.7527,-365.7451,-380.7721,-394.8517,-411.2239,-426.7740,-444.3807,-463.8598,-485.3794,-503.1576,-520.6972,-543.4118,-568.1112,-597.3138,-626.8687,-653.8363,-682.7413
75,0.5000,DynamicV1Rebalance,6.0000,4147.8391,248.8703,spend50p,250.8465,248.0272,245.7903,244.0041,242.2103,239.9792,238.5766,237.1662,233.9168,230.7298,227.5463,221.8206,214.9112,208.3275,201.8881,-250.7230,-262.0972,-271.6780,-281.2629,-289.3464,-298.5763,-308.8538,-318.9248,-329.7908,-341.0299,-353.0054,-364.1396,-377.1874,-389.1161,-401.2300,-416.8656,-430.9576,-447.0532,-463.5293,-483.7441,-501.0676
75,0.5000,DynamicV1Rebalance,6.0000,4147.8391,248.8703,spend75p,252.6289,253.2232,254.7654,257.0348,259.8700,263.1587,265.3127,267.4505,268.3165,268.2594,268.4344,265.2892,262.3498,260.0275,258.5229,-214.5235,-220.3398,-225.9023,-231.2092,-238.0441,-243.8875,-249.8968,-255.5604,-262.3888,-268.1176,-274.4023,-281.5607,-288.3197,-295.8071,-304.5713,-313.8237,-322.4404,-333.7787,-344.8720,-356.2764,-365.1079
75,0.5000,DynamicV1Rebalance,7.0000,3555.2907,248.8703,survival,1.0000,1.0000,1.0000,1.0000,1.0000,1.0000,0.9990,0.9940,0.9865,0.9650,0.9365,0.8990,0.8495,0.8090,0.7675,0.7675,0.7675,0.7675,0.7675,0.7675,0.7675,0.7675,0.7675,0.7675,0.7675,0.7675,0.7675,0.7675,0.7675,0.7675,0.7675,0.7675,0.7675,0.7675,0.7675,0.7675
75,0.5000,DynamicV1Rebalance,7.0000,3555.2907,248.8703,spend25p,249.1910,243.0605,237.2777,232.1098,226.4748,221.1848,216.2096,210.0111,202.5119,193.4189,183.5973,171.3401,155.4259,135.7165,110.2546,-283.1776,-295.4467,-309.8361,-321.1535,-334.4994,-346.5147,-360.8694,-376.0685,-389.3485,-404.1956,-422.3472,-439.9916,-458.1385,-475.8776,-495.8167,-516.3346,-538.2169,-563.0240,-586.0647,-616.8860,-644.4938
75,0.5000,DynamicV1Rebalance,7.0000,3555.2907,248.8703,spend50p,250.8465,248.0272,245.7903,244.0041,242.2103,239.9792,238.5634,236.4677,233.5026,228.2228,222.9479,215.0842,203.4780,194.3697,186.0247,-239.4420,-248.0878,-256.3580,-264.3120,-273.1494,-280.9574,-290.1484,-298.4991,-307.3689,-317.0411,-326.2450,-338.8105,-348.5593,-360.3003,-370.3222,-380.8328,-393.3599,-409.3533,-423.8217,-437.9458,-453.0500
75,0.5000,DynamicV1Rebalance,7.0000,3555.2907,248.8703,spend75p,252.6289,253.2232,254.7654,257.0348,259.8700,263.1587,265.2512,266.6975,267.8776,266.1744,264.1420,260.6949,254.3310,249.8939,244.1046,-187.3531,-191.1445,-195.0244,-198.8829,-201.2979,-204.4661,-206.7043,-211.0977,-215.2493,-219.6366,-223.4577,-228.3423,-231.9963,-237.2469,-242.5026,-246.0945,-252.5849,-258.4678,-262.8149,-268.3360,-273.6717
75,0.5000,DynamicV1Rebalance,8.0000,3110.8794,248.8703,survival,1.0000,1.0000,1.0000,1.0000,1.0000,0.9990,0.9950,0.9850,0.9595,0.9225,0.8590,0.8095,0.7560,0.7040,0.6500,0.6485,0.6485,0.6485,0.6485,0.6485,0.6485,0.6485,0.6485,0.6485,0.6485,0.6485,0.6485,0.6485,0.6485,0.6485,0.6485,0.6485,0.6485,0.6485,0.6485,0.6485
75,0.5000,DynamicV1Rebalance,8.0000,3110.8794,248.8703,spend25p,249.1910,243.0605,237.2777,232.1098,226.4748,221.0202,215.9048,208.9721,198.5489,187.2883,169.3235,150.5249,106.2483,0.0000,0.0000,-269.6716,-281.0203,-292.8483,-304.0447,-317.3052,-328.5880,-340.5173,-351.4470,-363.9865,-376.4803,-390.3820,-407.0479,-421.0459,-440.1897,-456.3582,-475.0614,-493.8541,-518.5537,-539.4074,-565.3491,-589.4656
75,0.5000,DynamicV1Rebalance,8.0000,3110.8794,248.8703,spend50p,250.8465,248.0272,245.7903,244.0041,242.2103,239.9534,238.4144,235.7383,231.2795,224.0250,213.9866,202.1571,190.0953,178.2198,163.6890,-222.0063,-229.7243,-236.6119,-243.3857,-249.4971,-258.2107,-263.8579,-268.7118,-275.6926,-284.4023,-292.2930,-300.9717,-309.2395,-319.4104,-329.1522,-337.9144,-347.2732,-358.9716,-371.3020,-383.8968,-396.0369
75,0.5000,DynamicV1Rebalance,8.0000,3110.8794,248.8703,spend75p,252.6289,253.2232,254.7654,257.0348,259.8700,263.0537,264.9209,266.2356,265.6165,263.7454,257.3856,250.8907,243.4832,236.1628,227.2791,0.0000,0.0000,0.0000,0.0000,0.0000,0.0000,0.0000,0.0000,0.0000,0.0000,0.0000,0.0000,0.0000,0.0000,0.0000,0.0000,0.0000,0.0000,0.0000,0.0000,0.0000
75,0.7500,DynamicV1Rebalance,2.5000,14932.2209,373.3055,survival,1.0000,1.0000,1.0000,1.0000,1.0000,1.0000,1.0000,1.0000,1.0000,1.0000,1.0000,1.0000,1.0000,1.0000,1.0000,1.0000,1.0000,1.0000,1.0000,1.0000,1.0000,1.0000,1.0000,1.0000,1.0000,1.0000,1.0000,1.0000,1.0000,1.0000,1.0000,1.0000,1.0000,1.0000,1.0000,1.0000
75,0.7500,DynamicV1Rebalance,2.5000,14932.2209,373.3055,spend25p,373.7866,364.5907,355.9166,348.1647,339.7123,331.7772,324.3854,316.3218,306.1750,296.8245,288.3145,280.4616,274.3894,268.3609,263.4125,-170.5237,-185.0831,-198.2600,-210.5444,-223.7671,-236.3790,-247.8130,-260.8996,-274.3169,-288.4479,-303.3642,-320.2789,-337.5814,-356.3166,-376.3767,-397.6184,-423.1216,-449.1492,-477.0149,-505.2949,-535.5936
75,0.7500,DynamicV1Rebalance,2.5000,14932.2209,373.3055,spend50p,376.2697,372.0407,368.6855,366.0062,363.3155,359.9689,357.9034,355.9377,351.9794,348.3682,344.3078,341.5287,338.4913,335.7709,332.5768,-155.0972,-166.1821,-177.3416,-186.8124,-195.8771,-204.6676,-213.6601,-223.4057,-233.0583,-243.6427,-254.7183,-266.9490,-279.3796,-293.5425,-308.3476,-324.3007,-339.3967,-359.2454,-378.8235,-400.0197,-422.4757
75,0.7500,DynamicV1Rebalance,2.5000,14932.2209,373.3055,spend75p,378.9434,379.8348,382.1481,385.5522,389.8050,394.7380,398.1461,401.3826,402.8315,403.9228,405.6885,406.1624,406.9774,410.4073,416.4159,-144.0490,-152.6526,-160.6348,-168.2512,-175.5979,-183.0784,-190.0314,-197.6188,-205.2287,-213.1663,-222.1192,-231.5685,-240.2857,-250.2282,-261.1780,-271.7290,-283.8756,-297.1563,-309.8488,-322.4640,-337.6198
75,0.7500,DynamicV1Rebalance,3.0000,12443.5174,373.3055,survival,1.0000,1.0000,1.0000,1.0000,1.0000,1.0000,1.0000,1.0000,1.0000,1.0000,1.0000,1.0000,1.0000,0.9995,0.9980,0.9980,0.9980,0.9980,0.9980,0.9980,0.9980,0.9980,0.9980,0.9980,0.9980,0.9980,0.9980,0.9980,0.9980,0.9980,0.9980,0.9980,0.9980,0.9980,0.9980,0.9980
75,0.7500,DynamicV1Rebalance,3.0000,12443.5174,373.3055,spend25p,373.7866,364.5907,355.9166,348.1647,339.7123,331.7772,324.3854,316.3218,306.1750,296.8245,288.3145,280.4616,274.3894,268.1744,263.0622,-170.3923,-184.8844,-198.1368,-210.4678,-223.5220,-235.9529,-247.4045,-260.4078,-273.8618,-287.8223,-302.6804,-319.7878,-336.8675,-355.0223,-375.7616,-397.3251,-421.8131,-447.8121,-475.5688,-503.8028,-534.9114
75,0.7500,DynamicV1Rebalance,3.0000,12443.5174,373.3055,spend50p,376.2697,372.0407,368.6855,366.0062,363.3155,359.9689,357.9034,355.9377,351.9794,348.3682,344.3078,341.5287,338.4913,335.6992,331.9031,-155.0804,-166.0637,-177.1256,-186.6594,-195.7326,-204.4063,-213.5222,-223.2557,-232.8161,-243.4457,-254.5836,-266.5629,-279.0099,-293.0849,-308.0709,-323.6324,-338.7314,-358.7162,-377.9965,-399.2134,-421.0638
75,0.7500,DynamicV1Rebalance,3.0000,12443.5174,373.3055,spend75p,378.9434,379.8348,382.1481,385.5522,389.8050,394.7380,398.1461,401.3826,402.8315,403.9228,405.6885,406.1624,406.9774,410.2780,415.7063,-143.9584,-152.4934,-160.5515,-168.1761,-175.5236,-182.7298,-189.8176,-197.3682,-204.8512,-213.0798,-221.9528,-231.4141,-239.7291,-249.9799,-260.8580,-271.6414,-283.0635,-296.2653,-309.3887,-321.9568,-337.1967
75,0.7500,DynamicV1Rebalance,4.0000,9332.6381,373.3055,survival,1.0000,1.0000,1.0000,1.0000,1.0000,1.0000,1.0000,1.0000,1.0000,0.9995,0.9990,0.9970,0.9945,0.9910,0.9885,0.9885,0.9885,0.9885,0.9885,0.9885,0.9885,0.9885,0.9885,0.9885,0.9885,0.9885,0.9885,0.9885,0.9885,0.9885,0.9885,0.9885,0.9885,0.9885,0.9885,0.9885
75,0.7500,DynamicV1Rebalance,4.0000,9332.6381,373.3055,spend25p,373.7866,364.5907,355.9166,348.1647,339.7123,331.7772,324.3854,316.3218,306.1750,296.7727,288.2426,280.0403,272.9373,266.2182,260.4028,-170.0980,-184.0967,-197.5752,-209.5561,-222.5772,-234.9118,-246.6170,-259.4114,-273.0232,-286.9077,-301.7577,-319.2185,-335.8813,-354.0184,-374.2002,-395.2250,-420.1902,-446.3528,-473.4143,-501.2053,-533.2492
75,0.7500,DynamicV1Rebalance,4.0000,9332.6381,373.3055,spend50p,376.2697,372.0407,368.6855,366.0062,363.3155,359.9689,357.9034,355.9377,351.9794,348.2554,344.2355,340.7073,336.9986,332.3723,329.8026,-154.6584,-165.7580,-176.3932,-185.9436,-195.4545,-203.9017,-212.6252,-222.2232,-231.9356,-242.4913,-253.3742,-264.9155,-277.7575,-291.7766,-306.0907,-321.2636,-337.7999,-356.6283,-376.2003,-397.2138,-417.8952
75,0.7500,DynamicV1Rebalance,4.0000,9332.6381,373.3055,spend75p,378.9434,379.8348,382.1481,385.5522,389.8050,394.7380,398.1461,401.3826,402.8315,403.7731,405.1823,405.9030,406.6925,408.4360,413.0454,-143.5329,-152.1238,-160.1543,-167.7756,-174.6737,-181.7016,-188.8559,-196.2405,-203.8259,-212.0064,-220.3775,-229.6362,-238.5831,-248.5139,-258.6057,-269.4333,-281.5774,-294.0364,-306.8141,-320.3435,-333.7891
75,0.7500,DynamicV1Rebalance,5.0000,7466.1105,373.3055,survival,1.0000,1.0000,1.0000,1.0000,1.0000,1.0000,1.0000,0.9995,0.9990,0.9960,0.9930,0.9865,0.9790,0.9650,0.9485,0.9475,0.9475,0.9475,0.9475,0.9475,0.9475,0.9475,0.9475,0.9475,0.9475,0.9475,0.9475,0.9475,0.9475,0.9475,0.9475,0.9475,0.9475,0.9475,0.9475,0.9475
75,0.7500,DynamicV1Rebalance,5.0000,7466.1105,373.3055,spend25p,373.7866,364.5907,355.9166,348.1647,339.7123,331.7772,324.3854,316.2408,306.1178,296.3016,286.5731,277.7074,270.0301,259.3369,249.2750,-168.4302,-182.1642,-194.8540,-207.1720,-219.2270,-231.3253,-243.5096,-256.2640,-267.9984,-281.7867,-296.1433,-311.9931,-329.8667,-348.0877,-367.8831,-387.7563,-412.2369,-437.5576,-462.8354,-491.2302,-522.1262
75,0.7500,DynamicV1Rebalance,5.0000,7466.1105,373.3055,spend50p,376.2697,372.0407,368.6855,366.0062,363.3155,359.9689,357.9034,355.8664,351.8910,347.7411,343.5679,338.9312,333.6494,326.9017,320.0363,-153.1206,-164.1791,-174.4401,-183.8684,-192.8402,-201.3025,-209.6832,-218.8186,-228.7028,-239.0342,-249.5135,-260.9834,-273.3987,-286.6224,-300.1405,-314.7286,-332.0074,-348.5404,-368.5844,-388.4997,-409.7527
75,0.7500,DynamicV1Rebalance,5.0000,7466.1105,373.3055,spend75p,378.9434,379.8348,382.1481,385.5522,389.8050,394.7380,398.1461,401.2388,402.6722,403.5450,404.0866,403.9848,403.5963,401.7663,403.4405,-141.9732,-150.2159,-157.6979,-164.7748,-171.6888,-178.8261,-185.4386,-192.3308,-199.3157,-207.1880,-215.4280,-223.8363,-232.0679,-240.8574,-251.2065,-261.5895,-273.1599,-284.7559,-296.2782,-309.7224,-322.2116
75,0.7500,DynamicV1Rebalance,6.0000,6221.7587,373.3055,survival,1.0000,1.0000,1.0000,1.0000,1.0000,1.0000,0.9995,0.9990,0.9945,0.9890,0.9770,0.9570,0.9300,0.9010,0.8725,0.8720,0.8720,0.8720,0.8720,0.8720,0.8720,0.8720,0.8720,0.8720,0.8720,0.8720,0.8720,0.8720,0.8720,0.8720,0.8720,0.8720,0.8720,0.8720,0.8720,0.8720
75,0.7500,DynamicV1Rebalance,6.0000,6221.7587,373.3055,spend25p,373.7866,364.5907,355.9166,348.1647,339.7123,331.7772,324.3204,316.2262,305.1084,295.0945,284.0654,272.7082,256.6620,241.6720,226.7937,-165.4818,-178.7258,-190.5770,-202.7094,-213.7852,-224.7932,-236.5724,-248.9244,-260.7012,-273.3114,-286.5636,-302.4538,-319.5247,-337.4392,-355.0705,-376.1828,-396.5827,-421.9049,-449.1435,-473.8232,-501.8672
75,0.7500,DynamicV1Rebalance,6.0000,6221.7587,373.3055,spend50p,376.2697,372.0407,368.6855,366.0062,363.3155,359.9689,357.8649,355.7493,350.8753,346.0947,341.3195,332.7309,322.3668,312.4913,302.8321,-150.4896,-161.0500,-170.7929,-179.4813,-187.6421,-195.9999,-204.1963,-213.0607,-221.8635,-230.8558,-241.6074,-253.0362,-264.3708,-277.0313,-289.6497,-303.9687,-318.6812,-334.9468,-351.9546,-369.4776,-387.2473
75,0.7500,DynamicV1Rebalance,6.0000,6221.7587,373.3055,spend75p,378.9434,379.8348,382.1481,385.5522,389.8050,394.7380,397.9691,401.1757,402.4747,402.3891,402.6516,397.9339,393.5246,390.0413,387.7844,-138.7997,-146.5863,-153.5511,-159.9298,-166.1308,-172.4401,-178.4555,-184.7081,-190.8607,-197.4629,-204.5032,-211.7293,-219.0974,-226.9888,-236.6240,-245.3211,-254.8230,-266.0744,-276.9810,-288.4852,-299.2254
75,0.7500,DynamicV1Rebalance,7.0000,5332.9360,373.3055,survival,1.0000,1.0000,1.0000,1.0000,1.0000,1.0000,0.9990,0.9940,0.9865,0.9650,0.9365,0.8990,0.8495,0.8090,0.7675,0.7655,0.7655,0.7655,0.7655,0.7655,0.7655,0.7655,0.7655,0.7655,0.7655,0.7655,0.7655,0.7655,0.7655,0.7655,0.7655,0.7655,0.7655,0.7655,0.7655,0.7655
75,0.7500,DynamicV1Rebalance,7.0000,5332.9360,373.3055,spend25p,373.7866,364.5907,355.9166,348.1647,339.7123,331.7772,324.3143,315.0167,303.7679,290.1283,275.3959,257.0102,233.1389,203.5747,165.3819,-160.8972,-173.1547,-184.5652,-195.4814,-205.8237,-216.1405,-227.0434,-238.1492,-249.4778,-262.0338,-276.2542,-291.0864,-306.1280,-322.1574,-338.3011,-358.6219,-378.6807,-400.1523,-423.3099,-448.4112,-477.1167
75,0.7500,DynamicV1Rebalance,7.0000,5332.9360,373.3055,spend50p,376.2697,372.0407,368.6855,366.0062,363.3155,359.9689,357.8451,354.7016,350.2539,342.3343,334.4218,322.6263,305.2170,291.5545,279.0371,-146.6333,-155.5738,-164.1999,-172.2661,-180.8311,-188.3664,-196.5486,-203.9051,-211.3109,-221.1774,-230.5233,-240.4248,-250.8819,-261.5477,-272.6963,-283.9472,-296.7350,-311.5558,-326.0898,-340.6067,-356.3084
75,0.7500,DynamicV1Rebalance,7.0000,5332.9360,373.3055,spend75p,378.9434,379.8348,382.1481,385.5522,389.8050,394.7380,397.8768,400.0462,401.8164,399.2615,396.2131,391.0424,381.4965,374.8409,366.1570,-131.6900,-137.4743,-143.2562,-147.4133,-151.8045,-156.6871,-159.9100,-163.8480,-168.1745,-173.3542,-178.3631,-182.1431,-186.4201,-191.7153,-196.8795,-203.6575,-210.4850,-216.5258,-222.5603,-227.3457,-234.9918
75,0.7500,DynamicV1Rebalance,8.0000,4666.3190,373.3055,survival,1.0000,1.0000,1.0000,1.0000,1.0000,0.9990,0.9950,0.9850,0.9595,0.9225,0.8590,0.8095,0.7560,0.7040,0.6500,0.6475,0.6475,0.6475,0.6475,0.6475,0.6475,0.6475,0.6475,0.6475,0.6475,0.6475,0.6475,0.6475,0.6475,0.6475,0.6475,0.6475,0.6475,0.6475,0.6475,0.6475
75,0.7500,DynamicV1Rebalance,8.0000,4666.3190,373.3055,spend25p,373.7866,364.5907,355.9166,348.1647,339.7123,331.5302,323.8573,313.4582,297.8234,280.9325,253.9853,225.7874,159.3724,0.0000,0.0000,-156.5540,-168.1322,-179.2909,-189.6216,-199.3967,-208.5496,-217.6896,-227.3252,-238.3149,-248.8291,-261.7522,-274.6446,-288.8961,-305.2977,-319.9733,-337.1964,-356.1736,-376.8384,-399.4545,-420.7655,-443.4122
75,0.7500,DynamicV1Rebalance,8.0000,4666.3190,373.3055,spend50p,376.2697,372.0407,368.6855,366.0062,363.3155,359.9301,357.6217,353.6075,346.9192,336.0375,320.9800,303.2356,285.1430,267.3297,245.5335,-141.4321,-149.3288,-156.9438,-163.6580,-170.5837,-177.6139,-184.0400,-191.0718,-197.4494,-205.3696,-213.6086,-221.6363,-230.0850,-238.5225,-248.2932,-260.1606,-270.0894,-281.7172,-294.6512,-307.5486,-320.7732
75,0.7500,DynamicV1Rebalance,8.0000,4666.3190,373.3055,spend75p,378.9434,379.8348,382.1481,385.5522,389.8050,394.5806,397.3814,399.3534,398.4248,395.6181,386.0783,376.3361,365.2248,354.2443,340.9186,0.0000,0.0000,0.0000,0.0000,0.0000,0.0000,0.0000,0.0000,0.0000,0.0000,0.0000,0.0000,0.0000,0.0000,0.0000,0.0000,0.0000,0.0000,0.0000,0.0000,0.0000
75,1.0000,DynamicV1Rebalance,2.5000,19909.6279,497.7407,survival,1.0000,1.0000,1.0000,1.0000,1.0000,1.0000,1.0000,1.0000,1.0000,1.0000,1.0000,1.0000,1.0000,1.0000,1.0000,1.0000,1.0000,1.0000,1.0000,1.0000,1.0000,1.0000,1.0000,1.0000,1.0000,1.0000,1.0000,1.0000,1.0000,1.0000,1.0000,1.0000,1.0000,1.0000,1.0000,1.0000
75,1.0000,DynamicV1Rebalance,2.5000,19909.6279,497.7407,spend25p,498.3821,486.1210,474.5555,464.2196,452.9497,442.3695,432.5139,421.7624,408.2333,395.7660,384.4194,373.9488,365.8526,357.8146,351.2167,-59.2714,-69.3012,-78.5226,-86.8679,-94.7641,-102.0688,-109.2595,-116.5539,-124.4712,-132.9013,-142.3530,-152.9839,-165.0767,-179.1546,-195.1492,-212.7294,-232.8707,-255.8998,-280.6548,-306.9574,-333.9248
75,1.0000,DynamicV1Rebalance,2.5000,19909.6279,497.7407,spend50p,501.6930,496.0543,491.5806,488.0083,484.4207,479.9585,477.2045,474.5835,469.3059,464.4909,459.0771,455.3716,451.3217,447.6945,443.4358,-44.9414,-55.9265,-65.7658,-74.3950,-82.3523,-90.5076,-98.0729,-105.4402,-113.4103,-121.9003,-131.3616,-141.2475,-152.4306,-164.7104,-178.6638,-193.4937,-209.9838,-227.9275,-246.6743,-266.3533,-287.1242
75,1.0000,DynamicV1Rebalance,2.5000,19909.6279,497.7407,spend75p,505.2578,506.4465,509.5308,514.0696,519.7400,526.3174,530.8615,535.1768,537.1086,538.5637,540.9180,541.5499,542.6365,547.2097,555.2212,-28.6936,-40.8599,-51.5173,-61.0371,-69.6990,-77.8206,-85.0882,-93.2465,-101.5463,-110.8225,-120.5987,-131.1373,-142.3171,-153.5164,-165.6123,-177.3261,-190.9159,-205.4978,-219.9699,-234.3854,-249.2526
75,1.0000,DynamicV1Rebalance,3.0000,16591.3566,497.7407,survival,1.0000,1.0000,1.0000,1.0000,1.0000,1.0000,1.0000,1.0000,1.0000,1.0000,1.0000,1.0000,1.0000,0.9995,0.9980,0.9980,0.9980,0.9980,0.9980,0.9980,0.9980,0.9980,0.9980,0.9980,0.9980,0.9980,0.9980,0.9980,0.9980,0.9980,0.9980,0.9980,0.9980,0.9980,0.9980,0.9980
75,1.0000,DynamicV1Rebalance,3.0000,16591.3566,497.7407,spend25p,498.3821,486.1210,474.5555,464.2196,452.9497,442.3695,432.5139,421.7624,408.2333,395.7660,384.4194,373.9488,365.8526,357.5658,350.7496,-59.2714,-69.3012,-78.5226,-86.8679,-94.7641,-102.0688,-109.2595,-116.5539,-124.4712,-132.9013,-142.3530,-152.9839,-165.0475,-179.1514,-195.0299,-212.7174,-232.8009,-255.8148,-280.5346,-306.6389,-333.5083
75,1.0000,DynamicV1Rebalance,3.0000,16591.3566,497.7407,spend50p,501.6930,496.0543,491.5806,488.0083,484.4207,479.9585,477.2045,474.5835,469.3059,464.4909,459.0771,455.3716,451.3217,447.5989,442.5375,-44.9414,-55.9265,-65.7658,-74.3950,-82.3523,-90.5076,-98.0729,-105.4402,-113.4103,-121.9003,-131.3616,-141.2086,-152.4011,-164.7025,-178.6005,-193.3412,-209.8674,-227.8114,-246.4598,-266.1978,-286.8287
75,1.0000,DynamicV1Rebalance,3.0000,16591.3566,497.7407,spend75p,505.2578,506.4465,509.5308,514.0696,519.7400,526.3174,530.8615,535.1768,537.1086,538.5637,540.9180,541.5499,542.6365,547.0373,554.2750,-28.6859,-40.8195,-51.5070,-60.9833,-69.6671,-77.7536,-85.0476,-93.2144,-101.4603,-110.7908,-120.5374,-131.0234,-142.2672,-153.3981,-165.4823,-177.2367,-190.8105,-205.2379,-219.8665,-233.8657,-248.8995
75,1.0000,DynamicV1Rebalance,4.0000,12443.5174,497.7407,survival,1.0000,1.0000,1.0000,1.0000,1.0000,1.0000,1.0000,1.0000,1.0000,0.9995,0.9990,0.9970,0.9945,0.9910,0.9885,0.9885,0.9885,0.9885,0.9885,0.9885,0.9885,0.9885,0.9885,0.9885,0.9885,0.9885,0.9885,0.9885,0.9885,0.9885,0.9885,0.9885,0.9885,0.9885,0.9885,0.9885
75,1.0000,DynamicV1Rebalance,4.0000,12443.5174,497.7407,spend25p,498.3821,486.1210,474.5555,464.2196,452.9497,442.3695,432.5139,421.7624,408.2333,395.6969,384.3234,373.3871,363.9164,354.9576,347.2037,-59.2714,-69.3012,-78.5226,-86.8679,-94.7641,-102.0175,-109.1877,-116.4671,-124.3324,-132.8148,-142.3094,-152.6848,-164.7875,-178.8119,-194.6293,-212.4479,-232.3908,-255.1350,-280.0456,-305.8824,-333.0350
75,1.0000,DynamicV1Rebalance,4.0000,12443.5174,497.7407,spend50p,501.6930,496.0543,491.5806,488.0083,484.4207,479.9585,477.2045,474.5835,469.3059,464.3405,458.9807,454.2764,449.3315,443.1631,439.7369,-44.7649,-55.6949,-65.5647,-74.2284,-82.2601,-90.3874,-97.9168,-105.3293,-113.1296,-121.7659,-131.1349,-141.0016,-152.1162,-164.4187,-178.2705,-192.8573,-209.2877,-226.6383,-245.3760,-265.5195,-285.7712
75,1.0000,DynamicV1Rebalance,4.0000,12443.5174,497.7407,spend75p,505.2578,506.4465,509.5308,514.0696,519.7400,526.3174,530.8615,535.1768,537.1086,538.3641,540.2430,541.2040,542.2567,544.5814,550.7272,-28.2721,-40.4322,-50.9683,-60.6152,-69.2331,-77.2649,-84.6457,-92.9330,-101.0937,-110.3697,-120.3054,-130.6390,-142.0234,-153.0609,-164.9406,-176.7168,-190.3668,-204.4338,-218.2315,-232.4228,-247.8018
75,1.0000,DynamicV1Rebalance,5.0000,9954.8140,497.7407,survival,1.0000,1.0000,1.0000,1.0000,1.0000,1.0000,1.0000,0.9995,0.9990,0.9960,0.9930,0.9865,0.9790,0.9650,0.9485,0.9475,0.9475,0.9475,0.9475,0.9475,0.9475,0.9475,0.9475,0.9475,0.9475,0.9475,0.9475,0.9475,0.9475,0.9475,0.9475,0.9475,0.9475,0.9475,0.9475,0.9475
75,1.0000,DynamicV1Rebalance,5.0000,9954.8140,497.7407,spend25p,498.3821,486.1210,474.5555,464.2196,452.9497,442.3695,432.5139,421.6544,408.1571,395.0688,382.0975,370.2766,360.0401,345.7826,332.3666,-58.7552,-69.0445,-78.2060,-86.6280,-94.3155,-101.7570,-108.9042,-116.2522,-124.0761,-132.4295,-141.7397,-152.1540,-164.3931,-178.0943,-193.2026,-210.8357,-230.5595,-252.8484,-277.3504,-301.6551,-329.6506
75,1.0000,DynamicV1Rebalance,5.0000,9954.8140,497.7407,spend50p,501.6930,496.0543,491.5806,488.0083,484.4207,479.9585,477.2045,474.4885,469.1879,463.6547,458.0905,451.9083,444.8659,435.8690,426.7150,-44.0209,-55.0333,-64.8288,-73.6844,-81.7571,-89.7082,-97.3063,-104.5796,-112.4234,-121.2227,-130.3881,-140.4619,-151.5580,-163.7900,-176.5222,-191.1441,-206.8371,-224.3599,-242.2553,-261.2131,-281.3613
75,1.0000,DynamicV1Rebalance,5.0000,9954.8140,497.7407,spend75p,505.2578,506.4465,509.5308,514.0696,519.7400,526.3174,530.8615,534.9851,536.8962,538.0601,538.7821,538.6464,538.1284,535.6884,537.9206,-26.7705,-38.9433,-49.4469,-59.6737,-67.8337,-75.6971,-83.5241,-91.3944,-99.5727,-108.8221,-119.1070,-129.4789,-140.5523,-151.7950,-162.6568,-174.9462,-187.5421,-200.7402,-214.1555,-227.8872,-241.9399
75,1.0000,DynamicV1Rebalance,6.0000,8295.6783,497.7407,survival,1.0000,1.0000,1.0000,1.0000,1.0000,1.0000,0.9995,0.9990,0.9945,0.9890,0.9770,0.9570,0.9300,0.9010,0.8725,0.8720,0.8720,0.8720,0.8720,0.8720,0.8720,0.8720,0.8720,0.8720,0.8720,0.8720,0.8720,0.8720,0.8720,0.8720,0.8720,0.8720,0.8720,0.8720,0.8720,0.8720
75,1.0000,DynamicV1Rebalance,6.0000,8295.6783,497.7407,spend25p,498.3821,486.1210,474.5555,464.2196,452.9497,442.3695,432.4273,421.6349,406.8112,393.4593,378.7538,363.6109,342.2160,322.2294,302.3917,-57.9180,-68.2819,-77.4052,-85.9487,-93.8398,-101.2278,-108.4105,-115.5825,-123.2922,-131.4446,-140.6919,-150.9393,-163.1220,-176.0697,-191.4924,-208.0766,-227.1366,-249.2887,-272.0721,-295.9203,-320.7083
75,1.0000,DynamicV1Rebalance,6.0000,8295.6783,497.7407,spend50p,501.6930,496.0543,491.5806,488.0083,484.4207,479.9585,477.1533,474.3324,467.8337,461.4596,455.0927,443.6413,429.8224,416.6551,403.7761,-42.3033,-53.4564,-63.5873,-72.2026,-80.4500,-88.3143,-95.6551,-103.0558,-110.9638,-119.4970,-129.1580,-138.9766,-149.6998,-161.7496,-174.0757,-187.5746,-202.0195,-218.8356,-236.6391,-254.6111,-273.5334
75,1.0000,DynamicV1Rebalance,6.0000,8295.6783,497.7407,spend75p,505.2578,506.4465,509.5308,514.0696,519.7400,526.3174,530.6254,534.9010,536.6329,536.5188,536.8688,530.5785,524.6995,520.0550,517.0459,-22.0583,-34.0722,-44.9612,-54.9306,-63.5186,-71.3455,-79.1627,-87.1642,-94.9235,-103.8490,-113.7555,-125.1965,-136.7385,-148.1569,-158.6953,-169.9635,-181.5419,-193.3712,-205.3401,-218.3821,-230.9372
75,1.0000,DynamicV1Rebalance,7.0000,7110.5814,497.7407,survival,1.0000,1.0000,1.0000,1.0000,1.0000,1.0000,0.9990,0.9940,0.9865,0.9650,0.9365,0.8990,0.8495,0.8090,0.7675,0.7655,0.7655,0.7655,0.7655,0.7655,0.7655,0.7655,0.7655,0.7655,0.7655,0.7655,0.7655,0.7655,0.7655,0.7655,0.7655,0.7655,0.7655,0.7655,0.7655,0.7655
75,1.0000,DynamicV1Rebalance,7.0000,7110.5814,497.7407,spend25p,498.3821,486.1210,474.5555,464.2196,452.9497,442.3695,432.4191,420.0222,405.0239,386.8378,367.1946,342.6803,310.8518,271.4330,220.5092,-56.5066,-66.2625,-75.9361,-84.6842,-92.5472,-99.5358,-106.7311,-113.7094,-121.3461,-129.5388,-138.9276,-148.7568,-160.0253,-173.1447,-187.7156,-204.0565,-221.5662,-242.2033,-263.3292,-287.1304,-310.9974
75,1.0000,DynamicV1Rebalance,7.0000,7110.5814,497.7407,spend50p,501.6930,496.0543,491.5806,488.0083,484.4207,479.9585,477.1268,472.9354,467.0052,456.4457,445.8957,430.1684,406.9560,388.7393,372.0495,-39.0637,-50.1583,-60.0211,-69.2956,-77.7434,-85.2750,-92.0414,-99.7382,-107.9769,-116.5972,-125.9487,-135.8607,-146.1398,-157.4502,-169.0433,-181.5371,-195.4732,-210.4299,-226.2002,-241.4712,-258.8792
75,1.0000,DynamicV1Rebalance,7.0000,7110.5814,497.7407,spend75p,505.2578,506.4465,509.5308,514.0696,519.7400,526.3174,530.5024,533.3950,535.7552,532.3487,528.2841,521.3898,508.6620,499.7878,488.2093,0.0000,-12.4713,-24.5255,-34.8744,-43.2993,-51.5709,-59.5435,-66.5904,-75.7798,-83.8452,-94.5215,-106.4651,-119.0731,-133.9809,-146.7911,-156.0302,-166.1876,-174.4539,-182.1588,-189.8840,-197.9278
75,1.0000,DynamicV1Rebalance,8.0000,6221.7587,497.7407,survival,1.0000,1.0000,1.0000,1.0000,1.0000,0.9990,0.9950,0.9850,0.9595,0.9225,0.8590,0.8095,0.7560,0.7040,0.6500,0.6470,0.6470,0.6470,0.6470,0.6470,0.6470,0.6470,0.6470,0.6470,0.6470,0.6470,0.6470,0.6470,0.6470,0.6470,0.6470,0.6470,0.6470,0.6470,0.6470,0.6470
75,1.0000,DynamicV1Rebalance,8.0000,6221.7587,497.7407,spend25p,498.3821,486.1210,474.5555,464.2196,452.9497,442.0403,431.8097,417.9443,397.0979,374.5767,338.6470,301.0498,212.4965,0.0000,0.0000,-54.4839,-64.4429,-73.6222,-81.8828,-89.8827,-97.1182,-104.5547,-111.5057,-118.9481,-126.7557,-136.0125,-146.3420,-156.9129,-169.2299,-183.3518,-198.2906,-215.3169,-234.1557,-253.7781,-273.8288,-296.1863
75,1.0000,DynamicV1Rebalance,8.0000,6221.7587,497.7407,spend50p,501.6930,496.0543,491.5806,488.0083,484.4207,479.9068,476.8289,471.4766,462.5589,448.0500,427.9733,404.3142,380.1906,356.4396,327.3780,-32.8820,-43.7515,-54.0458,-62.8350,-71.3457,-78.9640,-86.4058,-94.1407,-102.5280,-111.0921,-120.7661,-130.7594,-141.1574,-152.0062,-162.8646,-174.6056,-186.4045,-199.2275,-212.8412,-226.0379,-239.0026
75,1.0000,DynamicV1Rebalance,8.0000,6221.7587,497.7407,spend75p,505.2578,506.4465,509.5308,514.0696,519.7400,526.1074,529.8419,532.4713,531.2330,527.4909,514.7711,501.7815,486.9663,472.3257,454.5581,0.0000,0.0000,0.0000,0.0000,0.0000,0.0000,0.0000,0.0000,0.0000,0.0000,0.0000,0.0000,0.0000,0.0000,0.0000,0.0000,0.0000,0.0000,0.0000,0.0000,0.0000
75,1.5000,DynamicV1Rebalance,2.5000,29864.4419,746.6110,survival,1.0000,1.0000,1.0000,1.0000,1.0000,1.0000,1.0000,1.0000,1.0000,1.0000,1.0000,1.0000,1.0000,1.0000,1.0000,1.0000,1.0000,1.0000,1.0000,1.0000,1.0000,1.0000,1.0000,1.0000,1.0000,1.0000,1.0000,0.9995,0.9995,0.9995,0.9995,0.9995,0.9995,0.9995,0.9995,0.9995
75,1.5000,DynamicV1Rebalance,2.5000,29864.4419,746.6110,spend25p,747.5731,729.1815,711.8332,696.3294,679.4245,663.5543,648.7709,632.6436,612.3500,593.6489,576.6290,560.9232,548.7789,536.7218,526.8250,114.6224,101.4658,93.2504,84.5660,77.2125,70.1292,64.5512,57.6360,51.4195,43.7735,35.2496,27.1766,18.7092,8.5603,-3.2830,-15.7302,-28.9761,-42.7531,-58.8591,-74.9042,-90.0418
75,1.5000,DynamicV1Rebalance,2.5000,29864.4419,746.6110,spend50p,752.5395,744.0815,737.3710,732.0124,726.6310,719.9377,715.8068,711.8753,703.9589,696.7363,688.6156,683.0574,676.9826,671.5418,665.1537,176.7048,166.4644,156.5736,149.0519,142.6647,138.5669,133.4793,128.5155,123.8802,118.5670,111.4246,104.3682,95.5300,83.5580,72.9145,58.3563,43.1179,26.5677,11.7061,-4.3402,-23.0115
75,1.5000,DynamicV1Rebalance,2.5000,29864.4419,746.6110,spend75p,757.8867,759.6697,764.2962,771.1044,779.6100,789.4761,796.2922,802.7651,805.6629,807.8456,811.3770,812.3248,813.9548,820.8146,832.8318,251.0997,245.1075,236.9928,234.1812,235.6272,232.9028,232.9614,231.5466,230.8432,226.7738,219.7191,212.8637,204.6314,194.1439,182.7579,173.7176,160.8896,139.3211,120.8021,101.2397,78.9285
75,1.5000,DynamicV1Rebalance,3.0000,24887.0349,746.6110,survival,1.0000,1.0000,1.0000,1.0000,1.0000,1.0000,1.0000,1.0000,1.0000,1.0000,1.0000,1.0000,1.0000,0.9995,0.9980,0.9970,0.9965,0.9965,0.9965,0.9965,0.9965,0.9965,0.9965,0.9965,0.9965,0.9965,0.9965,0.9960,0.9955,0.9955,0.9955,0.9955,0.9950,0.9945,0.9945,0.9945
75,1.5000,DynamicV1Rebalance,3.0000,24887.0349,746.6110,spend25p,747.5731,729.1815,711.8332,696.3294,679.4245,663.5543,648.7709,632.6436,612.3500,593.6489,576.6290,560.9232,548.7789,536.3487,526.1243,114.4529,101.0163,91.8197,83.4691,76.0891,69.1998,63.3290,57.1991,50.5962,42.9667,34.0281,25.9072,16.2556,6.7260,-3.2830,-15.7302,-28.9761,-42.7531,-58.8591,-74.9042,-89.9744
75,1.5000,DynamicV1Rebalance,3.0000,24887.0349,746.6110,spend50p,752.5395,744.0815,737.3710,732.0124,726.6310,719.9377,715.8068,711.8753,703.9589,696.7363,688.6156,683.0574,676.9826,671.3983,663.8062,175.9507,165.6754,155.7377,148.3029,141.5805,137.4815,132.3889,128.0275,123.3107,117.5363,110.9001,103.8736,94.4171,82.9855,71.3900,57.3837,41.8130,25.5482,10.6130,-3.4664,-22.6130
75,1.5000,DynamicV1Rebalance,3.0000,24887.0349,746.6110,spend75p,757.8867,759.6697,764.2962,771.1044,779.6100,789.4761,796.2922,802.7651,805.6629,807.8456,811.3770,812.3248,813.9548,820.5560,831.4125,250.6529,244.2967,235.8022,233.6009,235.2732,232.1850,232.0789,229.4860,229.7691,225.3202,218.3408,210.6291,201.9874,191.3660,181.6790,172.9433,159.6739,138.3444,119.1685,98.5029,77.4570
75,1.5000,DynamicV1Rebalance,4.0000,18665.2762,746.6110,survival,1.0000,1.0000,1.0000,1.0000,1.0000,1.0000,1.0000,1.0000,1.0000,0.9995,0.9990,0.9970,0.9945,0.9910,0.9885,0.9875,0.9870,0.9855,0.9830,0.9820,0.9815,0.9800,0.9765,0.9745,0.9715,0.9705,0.9695,0.9670,0.9660,0.9655,0.9640,0.9640,0.9630,0.9620,0.9615,0.9615
75,1.5000,DynamicV1Rebalance,4.0000,18665.2762,746.6110,spend25p,747.5731,729.1815,711.8332,696.3294,679.4245,663.5543,648.7709,632.6436,612.3500,593.5454,576.4851,560.0807,545.8746,532.4365,520.8056,112.1495,99.1659,87.8247,78.9519,71.4868,65.1554,57.7726,50.4574,43.2082,35.9487,27.0126,17.3127,7.1877,0.0000,-2.6993,-15.4261,-28.5395,-42.4795,-58.4646,-74.3553,-89.0411
75,1.5000,DynamicV1Rebalance,4.0000,18665.2762,746.6110,spend50p,752.5395,744.0815,737.3710,732.0124,726.6310,719.9377,715.8068,711.8753,703.9589,696.5108,688.4711,681.4147,673.9973,664.7447,659.6053,173.7685,163.5946,153.8070,145.1716,138.9064,134.6957,128.1552,122.7590,117.3575,112.0824,103.2804,95.9542,84.6495,72.7770,60.0541,48.0406,33.0171,17.8051,1.5690,-1.4718,-20.2844
75,1.5000,DynamicV1Rebalance,4.0000,18665.2762,746.6110,spend75p,757.8867,759.6697,764.2962,771.1044,779.6100,789.4761,796.2922,802.7651,805.6629,807.5462,810.3645,811.8059,813.3850,816.8721,826.0907,246.9644,241.0937,233.4477,228.9508,229.0020,227.0127,226.0223,222.4410,219.7702,216.0764,210.6929,202.6847,193.5144,182.2745,170.9162,156.5455,141.7494,127.9245,109.1634,87.8249,64.8978
75,1.5000,DynamicV1Rebalance,5.0000,14932.2209,746.6110,survival,1.0000,1.0000,1.0000,1.0000,1.0000,1.0000,1.0000,0.9995,0.9990,0.9960,0.9930,0.9865,0.9790,0.9650,0.9485,0.9440,0.9390,0.9315,0.9275,0.9255,0.9205,0.9150,0.9080,0.9020,0.8960,0.8950,0.8920,0.8875,0.8860,0.8840,0.8815,0.8805,0.8785,0.8785,0.8770,0.8765
75,1.5000,DynamicV1Rebalance,5.0000,14932.2209,746.6110,spend25p,747.5731,729.1815,711.8332,696.3294,679.4245,663.5543,648.7709,632.4815,612.2356,592.6032,573.1462,555.4149,540.0602,518.6738,498.5499,100.7413,88.5943,76.5950,67.7314,58.7199,49.8365,41.1939,29.5179,21.7178,11.1290,3.3344,0.0000,0.0000,0.0000,0.0000,-11.8946,-25.4516,-39.8732,-54.7048,-70.6288,-87.0947
75,1.5000,DynamicV1Rebalance,5.0000,14932.2209,746.6110,spend50p,752.5395,744.0815,737.3710,732.0124,726.6310,719.9377,715.8068,711.7327,703.7819,695.4821,687.1358,677.8624,667.2989,653.8035,640.0726,165.5142,153.3101,141.8722,133.8054,126.2408,119.7832,114.6795,109.4161,101.8829,92.2118,84.1044,74.0763,64.7246,54.3446,42.9722,29.2289,15.0285,0.0000,0.0000,0.0000,-12.3909
75,1.5000,DynamicV1Rebalance,5.0000,14932.2209,746.6110,spend75p,757.8867,759.6697,764.2962,771.1044,779.6100,789.4761,796.2922,802.4776,805.3443,807.0901,808.1731,807.9696,807.1925,803.5326,806.8809,238.6456,229.2299,222.6721,219.3437,216.9245,209.4319,205.2606,202.1581,199.7813,194.9261,188.1138,180.8225,169.3662,159.0086,146.5868,132.1176,118.5141,98.1084,78.4201,59.5523,37.9593
75,1.5000,DynamicV1Rebalance,6.0000,12443.5174,746.6110,survival,1.0000,1.0000,1.0000,1.0000,1.0000,1.0000,0.9995,0.9990,0.9945,0.9890,0.9770,0.9570,0.9300,0.9010,0.8725,0.8595,0.8485,0.8410,0.8365,0.8290,0.8215,0.8185,0.8115,0.8045,0.8015,0.7980,0.7935,0.7900,0.7865,0.7835,0.7820,0.7810,0.7785,0.7760,0.7755,0.7750
75,1.5000,DynamicV1Rebalance,6.0000,12443.5174,746.6110,spend25p,747.5731,729.1815,711.8332,696.3294,679.4245,663.5543,648.6409,632.4523,610.2167,590.1890,568.1307,545.4164,513.3240,483.3440,453.5875,75.5710,59.3921,45.4415,35.3141,23.9592,12.9920,4.6399,0.0000,0.0000,0.0000,0.0000,0.0000,0.0000,0.0000,0.0000,-6.3342,-19.4148,-33.3813,-48.8213,-64.5538,-81.2096
75,1.5000,DynamicV1Rebalance,6.0000,12443.5174,746.6110,spend50p,752.5395,744.0815,737.3710,732.0124,726.6310,719.9377,715.7299,711.4986,701.7505,692.1894,682.6390,665.4619,644.7335,624.9826,605.6642,147.2960,134.7239,123.9357,115.0278,106.6102,98.1210,91.9400,84.4024,75.3215,68.9362,61.5435,51.6544,40.5190,28.0508,14.9913,3.8379,0.0000,0.0000,0.0000,0.0000,0.0000
75,1.5000,DynamicV1Rebalance,6.0000,12443.5174,746.6110,spend75p,757.8867,759.6697,764.2962,771.1044,779.6100,789.4761,795.9381,802.3515,804.9494,804.7782,805.3032,795.8677,787.0493,780.0825,775.5688,224.8187,214.0329,205.4392,196.4554,187.0620,183.2412,179.1966,175.6941,169.6069,165.6699,161.4242,151.0482,140.0277,128.7873,118.3821,105.6037,91.5238,71.9515,51.3456,32.1394,12.6692
75,1.5000,DynamicV1Rebalance,7.0000,10665.8721,746.6110,survival,1.0000,1.0000,1.0000,1.0000,1.0000,1.0000,0.9990,0.9940,0.9865,0.9650,0.9365,0.8990,0.8495,0.8090,0.7675,0.7575,0.7460,0.7355,0.7280,0.7200,0.7125,0.7035,0.6950,0.6890,0.6855,0.6800,0.6760,0.6720,0.6685,0.6660,0.6620,0.6615,0.6595,0.6580,0.6570,0.6550
75,1.5000,DynamicV1Rebalance,7.0000,10665.8721,746.6110,spend25p,747.5731,729.1815,711.8332,696.3294,679.4245,663.5543,648.6287,630.0334,607.5358,580.2566,550.7919,514.0204,466.2778,407.1494,330.7638,6.0985,0.0000,0.0000,0.0000,0.0000,0.0000,0.0000,0.0000,0.0000,0.0000,0.0000,0.0000,0.0000,0.0000,0.0000,0.0000,-10.3895,-24.3436,-40.2443,-55.9634,-72.1611
75,1.5000,DynamicV1Rebalance,7.0000,10665.8721,746.6110,spend50p,752.5395,744.0815,737.3710,732.0124,726.6310,719.9377,715.6902,709.4031,700.5079,684.6685,668.8436,645.2526,610.4340,583.1090,558.0742,125.6083,112.8017,100.1817,89.2365,80.6067,71.3776,62.6038,53.5306,43.8709,36.3508,24.7569,14.7794,3.7025,0.0000,0.0000,0.0000,0.0000,0.0000,0.0000,0.0000,0.0000
75,1.5000,DynamicV1Rebalance,7.0000,10665.8721,746.6110,spend75p,757.8867,759.6697,764.2962,771.1044,779.6100,789.4761,795.7536,800.0925,803.6328,798.5231,792.4261,782.0848,762.9929,749.6817,732.3139,205.4343,194.2180,182.6175,174.0086,167.1221,160.6968,155.0302,147.7646,143.5185,139.4463,132.2730,122.7118,110.9271,98.0821,85.9018,71.6041,57.5181,42.7803,24.6408,6.8983,0.0000
75,1.5000,DynamicV1Rebalance,8.0000,9332.6381,746.6110,survival,1.0000,1.0000,1.0000,1.0000,1.0000,0.9990,0.9950,0.9850,0.9595,0.9225,0.8590,0.8095,0.7560,0.7040,0.6500,0.6345,0.6235,0.6095,0.5995,0.5910,0.5845,0.5790,0.5680,0.5625,0.5550,0.5505,0.5425,0.5405,0.5365,0.5345,0.5325,0.5310,0.5285,0.5275,0.5275,0.5260
75,1.5000,DynamicV1Rebalance,8.0000,9332.6381,746.6110,spend25p,747.5731,729.1815,711.8332,696.3294,679.4245,663.0605,647.7145,626.9164,595.6468,561.8650,507.9705,451.5747,318.7448,0.0000,0.0000,0.0000,0.0000,0.0000,0.0000,0.0000,0.0000,0.0000,0.0000,0.0000,0.0000,0.0000,0.0000,0.0000,0.0000,0.0000,0.0000,0.0000,-9.9277,-25.1294,-40.0478,-57.6812
75,1.5000,DynamicV1Rebalance,8.0000,9332.6381,746.6110,spend50p,752.5395,744.0815,737.3710,732.0124,726.6310,719.8601,715.2433,707.2149,693.8384,672.0750,641.9599,606.4712,570.2859,534.6594,491.0670,95.2799,80.1331,62.6812,47.4029,34.8490,25.5990,16.8226,4.1523,0.0000,0.0000,0.0000,0.0000,0.0000,0.0000,0.0000,0.0000,0.0000,0.0000,0.0000,0.0000,0.0000
75,1.5000,DynamicV1Rebalance,8.0000,9332.6381,746.6110,spend75p,757.8867,759.6697,764.2962,771.1044,779.6100,789.1612,794.7628,798.7069,796.8495,791.2363,772.1567,752.6722,730.4495,708.4885,681.8372,181.4584,168.9152,157.0661,148.1106,139.5558,134.7821,127.3679,120.0006,113.8520,102.5130,93.4580,81.8623,72.5878,59.4933,47.7547,35.1037,20.0405,3.0409,0.0000,0.0000,0.0000
75,2.0000,DynamicV1Rebalance,2.5000,39819.2558,995.4814,survival,1.0000,1.0000,1.0000,1.0000,1.0000,1.0000,1.0000,1.0000,1.0000,1.0000,1.0000,1.0000,1.0000,1.0000,1.0000,1.0000,1.0000,1.0000,1.0000,1.0000,1.0000,1.0000,1.0000,0.9995,0.9990,0.9990,0.9990,0.9990,0.9990,0.9990,0.9990,0.9990,0.9985,0.9985,0.9980,0.9980
75,2.0000,DynamicV1Rebalance,2.5000,39819.2558,995.4814,spend25p,996.7642,972.2420,949.1110,928.4392,905.8994,884.7391,865.0278,843.5248,816.4666,791.5319,768.8387,747.8976,731.7052,715.6291,702.4333,287.7208,272.7009,262.8011,253.4222,246.9216,241.4643,236.8867,230.6471,225.2685,217.8611,208.7736,201.1409,193.4287,179.9453,167.3275,152.9838,143.0874,127.7935,111.8986,94.7222,79.2148
75,2.0000,DynamicV1Rebalance,2.5000,39819.2558,995.4814,spend50p,1003.3860,992.1087,983.1613,976.0166,968.8414,959.9169,954.4091,949.1671,938.6118,928.9818,918.1542,910.7432,902.6434,895.3890,886.8716,398.1423,386.7630,378.5013,372.3725,367.5667,368.5727,365.2488,362.0498,359.3659,357.1673,356.4183,349.6238,345.8943,335.2940,327.4887,315.8918,303.1723,283.9923,273.8729,259.0838,242.5099
75,2.0000,DynamicV1Rebalance,2.5000,39819.2558,995.4814,spend75p,1010.5156,1012.8929,1019.0616,1028.1392,1039.4800,1052.6347,1061.7229,1070.3535,1074.2172,1077.1274,1081.8360,1083.0997,1085.2731,1094.4194,1110.4424,530.3307,529.0652,526.0719,529.2236,538.6595,544.1897,547.9226,554.8854,563.2632,564.2652,564.3504,563.0028,567.6970,561.0698,555.9619,551.2475,542.3576,533.1905,517.3768,499.5561,485.2013
75,2.0000,DynamicV1Rebalance,3.0000,33182.7132,995.4814,survival,1.0000,1.0000,1.0000,1.0000,1.0000,1.0000,1.0000,1.0000,1.0000,1.0000,1.0000,1.0000,1.0000,0.9995,0.9980,0.9970,0.9965,0.9965,0.9965,0.9965,0.9960,0.9960,0.9960,0.9950,0.9945,0.9940,0.9935,0.9935,0.9935,0.9935,0.9930,0.9920,0.9910,0.9905,0.9905,0.9900
75,2.0000,DynamicV1Rebalance,3.0000,33182.7132,995.4814,spend25p,996.7642,972.2420,949.1110,928.4392,905.8994,884.7391,865.0278,843.5248,816.4666,791.5319,768.8387,747.8976,731.7052,715.1316,701.4991,286.1435,271.5982,260.8670,252.2112,244.8793,239.0267,235.4010,229.3084,221.9345,214.4976,206.7486,198.1117,188.4108,177.3617,164.5591,150.4605,138.8429,123.6579,106.6402,91.4896,74.7092
75,2.0000,DynamicV1Rebalance,3.0000,33182.7132,995.4814,spend50p,1003.3860,992.1087,983.1613,976.0166,968.8414,959.9169,954.4091,949.1671,938.6118,928.9818,918.1542,910.7432,902.6434,895.1978,885.0749,396.4264,385.2389,377.4657,370.2395,366.5745,365.5627,362.9649,360.6110,357.8890,354.2030,351.1424,347.0062,342.5215,330.9547,322.9436,312.7249,296.2108,278.0116,268.4996,253.6259,236.8916
75,2.0000,DynamicV1Rebalance,3.0000,33182.7132,995.4814,spend75p,1010.5156,1012.8929,1019.0616,1028.1392,1039.4800,1052.6347,1061.7229,1070.3535,1074.2172,1077.1274,1081.8360,1083.0997,1085.2731,1094.0747,1108.5500,528.9355,527.9457,524.1255,528.4667,536.4438,541.2679,545.8444,553.2762,560.6237,560.5638,560.2296,559.4030,559.6980,554.1429,550.9088,547.5104,534.5110,525.8659,507.5483,493.2543,476.1614
75,2.0000,DynamicV1Rebalance,4.0000,24887.0349,995.4814,survival,1.0000,1.0000,1.0000,1.0000,1.0000,1.0000,1.0000,1.0000,1.0000,0.9995,0.9990,0.9970,0.9945,0.9910,0.9885,0.9875,0.9840,0.9815,0.9805,0.9740,0.9695,0.9660,0.9645,0.9615,0.9560,0.9550,0.9525,0.9500,0.9475,0.9460,0.9445,0.9430,0.9420,0.9410,0.9400,0.9385
75,2.0000,DynamicV1Rebalance,4.0000,24887.0349,995.4814,spend25p,996.7642,972.2420,949.1110,928.4392,905.8994,884.7391,865.0278,843.5248,816.4666,791.3938,768.6469,746.7742,727.8328,709.9153,694.4075,281.5954,266.5135,251.7212,243.5969,232.9571,227.0436,216.8205,208.7059,200.2228,190.2937,182.2783,174.5361,157.9795,147.6335,137.0691,125.2022,111.7688,96.4485,82.2677,66.3371,50.9631
75,2.0000,DynamicV1Rebalance,4.0000,24887.0349,995.4814,spend50p,1003.3860,992.1087,983.1613,976.0166,968.8414,959.9169,954.4091,949.1671,938.6118,928.6811,917.9614,908.5529,898.6630,886.3262,879.4737,392.8783,381.4120,371.5721,363.7558,358.7890,354.7653,349.4139,348.3942,342.9026,339.3684,332.7433,326.7157,315.8741,305.8994,294.1810,282.1560,269.3358,254.3349,238.4945,224.6294,206.8441
75,2.0000,DynamicV1Rebalance,4.0000,24887.0349,995.4814,spend75p,1010.5156,1012.8929,1019.0616,1028.1392,1039.4800,1052.6347,1061.7229,1070.3535,1074.2172,1076.7283,1080.4860,1082.4079,1084.5133,1089.1628,1101.4543,524.6042,521.6784,518.3023,519.9435,523.7394,524.8574,528.4451,538.4787,535.4539,537.8726,536.7429,534.2019,527.8394,520.2575,514.5181,504.5513,494.7124,486.6136,474.6616,455.5731,440.5604
75,2.0000,DynamicV1Rebalance,5.0000,19909.6279,995.4814,survival,1.0000,1.0000,1.0000,1.0000,1.0000,1.0000,1.0000,0.9995,0.9990,0.9960,0.9930,0.9865,0.9790,0.9650,0.9485,0.9410,0.9310,0.9240,0.9115,0.9020,0.8915,0.8820,0.8735,0.8635,0.8590,0.8540,0.8465,0.8415,0.8365,0.8320,0.8305,0.8275,0.8255,0.8195,0.8170,0.8150
75,2.0000,DynamicV1Rebalance,5.0000,19909.6279,995.4814,spend25p,996.7642,972.2420,949.1110,928.4392,905.8994,884.7391,865.0278,843.3087,816.3142,790.1375,764.1950,740.5531,720.0803,691.5651,664.7332,263.1418,244.3341,230.6887,217.3011,200.8924,185.2521,170.5549,159.2003,141.9775,133.0738,119.9578,103.3740,91.3782,76.9229,60.8265,49.8179,35.3437,21.7281,4.4795,0.0000,0.0000
75,2.0000,DynamicV1Rebalance,5.0000,19909.6279,995.4814,spend50p,1003.3860,992.1087,983.1613,976.0166,968.8414,959.9169,954.4091,948.9770,938.3759,927.3095,916.1810,903.8165,889.7318,871.7380,853.4301,376.2163,360.7935,349.3587,339.4861,328.7767,319.1889,316.8867,310.8307,298.4623,292.9396,282.3059,273.7768,262.9448,250.8983,239.2878,224.2784,207.2142,191.4093,169.5910,151.6394,133.9767
75,2.0000,DynamicV1Rebalance,5.0000,19909.6279,995.4814,spend75p,1010.5156,1012.8929,1019.0616,1028.1392,1039.4800,1052.6347,1061.7229,1069.9702,1073.7925,1076.1201,1077.5642,1077.2929,1076.2567,1071.3769,1075.8412,509.9045,499.8978,499.2266,493.6963,483.4636,483.1827,481.0474,486.3551,482.2747,485.0573,484.0254,472.6720,462.7485,453.7850,446.3611,438.0860,420.7676,401.9999,386.1518,366.0949,343.5805
75,2.0000,DynamicV1Rebalance,6.0000,16591.3566,995.4814,survival,1.0000,1.0000,1.0000,1.0000,1.0000,1.0000,0.9995,0.9990,0.9945,0.9890,0.9770,0.9570,0.9300,0.9010,0.8725,0.8515,0.8385,0.8270,0.8150,0.8010,0.7910,0.7820,0.7705,0.7605,0.7485,0.7385,0.7260,0.7180,0.7110,0.7065,0.7035,0.6965,0.6945,0.6900,0.6875,0.6860
75,2.0000,DynamicV1Rebalance,6.0000,16591.3566,995.4814,spend25p,996.7642,972.2420,949.1110,928.4392,905.8994,884.7391,864.8545,843.2698,813.6223,786.9187,757.5076,727.2218,684.4320,644.4587,604.7833,215.7970,188.7315,167.3166,148.2352,125.1287,107.3559,86.8230,62.5401,26.7062,0.0000,0.0000,0.0000,0.0000,0.0000,0.0000,0.0000,0.0000,0.0000,0.0000,0.0000,0.0000
75,2.0000,DynamicV1Rebalance,6.0000,16591.3566,995.4814,spend50p,1003.3860,992.1087,983.1613,976.0166,968.8414,959.9169,954.3065,948.6648,935.6674,922.9191,910.1854,887.2825,859.6447,833.3101,807.5523,343.4093,327.0679,313.8731,299.2008,287.6554,278.4431,270.2348,260.4965,250.3084,239.5298,223.8162,209.3609,194.9053,178.7514,162.4645,146.9300,133.0387,117.7530,97.9033,80.2127,63.5893
75,2.0000,DynamicV1Rebalance,6.0000,16591.3566,995.4814,spend75p,1010.5156,1012.8929,1019.0616,1028.1392,1039.4800,1052.6347,1061.2508,1069.8019,1073.2658,1073.0376,1073.7376,1061.1570,1049.3990,1040.1100,1034.0917,479.8864,470.4985,460.8474,448.9821,441.7127,434.9464,434.4922,430.8796,429.8828,423.8545,419.2725,409.3517,399.5602,388.3107,376.9177,366.0725,346.2662,331.2809,314.7207,298.2038,281.7941
75,2.0000,DynamicV1Rebalance,7.0000,14221.1628,995.4814,survival,1.0000,1.0000,1.0000,1.0000,1.0000,1.0000,0.9990,0.9940,0.9865,0.9650,0.9365,0.8990,0.8495,0.8090,0.7675,0.7510,0.7305,0.7140,0.6960,0.6825,0.6660,0.6495,0.6370,0.6250,0.6130,0.6050,0.5935,0.5855,0.5780,0.5720,0.5660,0.5635,0.5635,0.5595,0.5565,0.5550
75,2.0000,DynamicV1Rebalance,7.0000,14221.1628,995.4814,spend25p,996.7642,972.2420,949.1110,928.4392,905.8994,884.7391,864.8382,840.0445,810.0477,773.6755,734.3892,685.3606,621.7037,542.8659,441.0184,49.8268,0.0000,0.0000,0.0000,0.0000,0.0000,0.0000,0.0000,0.0000,0.0000,0.0000,0.0000,0.0000,0.0000,0.0000,0.0000,0.0000,0.0000,0.0000,0.0000,0.0000
75,2.0000,DynamicV1Rebalance,7.0000,14221.1628,995.4814,spend50p,1003.3860,992.1087,983.1613,976.0166,968.8414,959.9169,954.2536,945.8708,934.0105,912.8913,891.7914,860.3369,813.9119,777.4787,744.0990,306.2709,284.9657,265.9311,246.3996,232.3312,217.4705,198.7888,180.4428,166.5230,147.2540,134.8649,116.9744,98.2810,83.0004,66.5729,48.8534,33.9379,21.7235,6.2884,0.0000,0.0000
75,2.0000,DynamicV1Rebalance,7.0000,14221.1628,995.4814,spend75p,1010.5156,1012.8929,1019.0616,1028.1392,1039.4800,1052.6347,1061.0049,1066.7900,1071.5104,1064.6974,1056.5682,1042.7797,1017.3239,999.5757,976.4186,448.3677,432.7837,417.8914,405.7806,396.7643,390.3570,383.0829,380.1612,369.6616,359.4639,352.6590,342.9984,324.5809,313.6173,297.2285,282.7750,270.5628,259.4696,236.7766,219.4939,199.1979
75,2.0000,DynamicV1Rebalance,8.0000,12443.5174,995.4814,survival,1.0000,1.0000,1.0000,1.0000,1.0000,0.9990,0.9950,0.9850,0.9595,0.9225,0.8590,0.8095,0.7560,0.7040,0.6500,0.6280,0.6040,0.5870,0.5710,0.5510,0.5395,0.5255,0.5155,0.5025,0.4945,0.4820,0.4735,0.4645,0.4595,0.4545,0.4515,0.4470,0.4450,0.4405,0.4370,0.4325
75,2.0000,DynamicV1Rebalance,8.0000,12443.5174,995.4814,spend25p,996.7642,972.2420,949.1110,928.4392,905.8994,884.0806,863.6194,835.8886,794.1957,749.1534,677.2941,602.0997,424.9931,0.0000,0.0000,0.0000,0.0000,0.0000,0.0000,0.0000,0.0000,0.0000,0.0000,0.0000,0.0000,0.0000,0.0000,0.0000,0.0000,0.0000,0.0000,0.0000,0.0000,0.0000,0.0000,0.0000
75,2.0000,DynamicV1Rebalance,8.0000,12443.5174,995.4814,spend50p,1003.3860,992.1087,983.1613,976.0166,968.8414,959.8135,953.6578,942.9532,925.1179,896.1000,855.9465,808.6283,760.3812,712.8792,654.7560,248.9883,217.6535,188.3864,164.8643,133.2862,112.1925,83.2906,58.2141,0.0000,0.0000,0.0000,0.0000,0.0000,0.0000,0.0000,0.0000,0.0000,0.0000,0.0000,0.0000,0.0000
75,2.0000,DynamicV1Rebalance,8.0000,12443.5174,995.4814,spend75p,1010.5156,1012.8929,1019.0616,1028.1392,1039.4800,1052.2149,1059.6838,1064.9425,1062.4660,1054.9817,1029.5422,1003.5630,973.9327,944.6514,909.1163,404.1275,383.8816,370.0374,357.1808,346.7609,336.1057,325.1926,313.0268,296.7838,289.1507,274.9970,264.2199,247.1873,234.9472,219.7174,204.4569,184.8706,165.2950,148.6577,130.1856,111.5701
75,3.0000,DynamicV1Rebalance,2.5000,59728.8837,1493.2221,survival,1.0000,1.0000,1.0000,1.0000,1.0000,1.0000,1.0000,1.0000,1.0000,1.0000,1.0000,1.0000,1.0000,1.0000,1.0000,1.0000,1.0000,1.0000,1.0000,1.0000,1.0000,0.9990,0.9990,0.9990,0.9985,0.9985,0.9985,0.9985,0.9980,0.9980,0.9980,0.9970,0.9965,0.9955,0.9945,0.9940
75,3.0000,DynamicV1Rebalance,2.5000,59728.8837,1493.2221,spend25p,1495.1462,1458.3630,1423.6664,1392.6588,1358.8491,1327.1086,1297.5417,1265.2872,1224.6999,1187.2979,1153.2581,1121.8464,1097.5578,1073.4437,1053.6500,631.7839,615.7295,600.1886,592.1812,587.2054,582.4487,579.8901,578.1993,569.0784,563.0975,554.6302,547.2272,540.8328,527.2199,509.5380,497.7096,487.4520,468.5339,452.4618,433.7695,414.5841
75,3.0000,DynamicV1Rebalance,2.5000,59728.8837,1493.2221,spend50p,1505.0790,1488.1630,1474.7419,1464.0249,1453.2620,1439.8754,1431.6136,1423.7506,1407.9178,1393.4726,1377.2313,1366.1148,1353.9651,1343.0835,1330.3074,839.6866,827.4796,821.2285,818.6878,819.0608,823.6443,829.1001,827.6750,831.4513,832.8299,843.1102,842.7768,845.9037,839.3811,837.0776,825.6832,813.4521,798.9343,793.5006,787.9362,769.6495
75,3.0000,DynamicV1Rebalance,2.5000,59728.8837,1493.2221,spend75p,1515.7734,1519.3394,1528.5924,1542.2088,1559.2200,1578.9521,1592.5844,1605.5303,1611.3258,1615.6911,1622.7540,1624.6496,1627.9096,1641.6292,1665.6636,1089.0209,1098.3743,1103.0962,1122.1484,1148.4757,1160.9228,1178.3899,1207.1087,1229.9910,1244.7609,1256.0095,1268.2128,1291.6999,1293.8332,1305.4605,1307.3831,1308.0632,1302.1149,1292.0081,1292.9263,1284.3488
75,3.0000,DynamicV1Rebalance,3.0000,49774.0698,1493.2221,survival,1.0000,1.0000,1.0000,1.0000,1.0000,1.0000,1.0000,1.0000,1.0000,1.0000,1.0000,1.0000,1.0000,0.9995,0.9980,0.9965,0.9965,0.9965,0.9960,0.9960,0.9960,0.9945,0.9940,0.9940,0.9925,0.9910,0.9905,0.9905,0.9900,0.9885,0.9880,0.9870,0.9860,0.9835,0.9835,0.9830
75,3.0000,DynamicV1Rebalance,3.0000,49774.0698,1493.2221,spend25p,1495.1462,1458.3630,1423.6664,1392.6588,1358.8491,1327.1086,1297.5417,1265.2872,1224.6999,1187.2979,1153.2581,1121.8464,1097.5578,1072.6974,1052.2487,629.1026,611.4665,598.0257,587.3391,583.4439,578.9994,569.3046,568.2078,560.7182,557.5970,549.9307,535.8497,528.0356,515.6771,497.2705,487.2727,475.8391,459.0158,434.4097,421.4302,404.7679
75,3.0000,DynamicV1Rebalance,3.0000,49774.0698,1493.2221,spend50p,1505.0790,1488.1630,1474.7419,1464.0249,1453.2620,1439.8754,1431.6136,1423.7506,1407.9178,1393.4726,1377.2313,1366.1148,1353.9651,1342.7967,1327.6124,834.9358,825.6552,817.9868,813.6736,815.9944,820.1183,820.7164,823.4651,825.6083,826.8143,833.9776,833.6787,836.3431,825.4217,817.1866,809.7893,800.4436,788.5662,779.1200,767.3209,754.9218
75,3.0000,DynamicV1Rebalance,3.0000,49774.0698,1493.2221,spend75p,1515.7734,1519.3394,1528.5924,1542.2088,1559.2200,1578.9521,1592.5844,1605.5303,1611.3258,1615.6911,1622.7540,1624.6496,1627.9096,1641.1120,1662.8251,1087.2450,1095.6107,1100.4990,1118.3139,1143.2815,1157.3702,1173.2302,1196.7486,1223.2358,1229.5896,1238.4334,1252.1412,1273.7097,1276.5494,1289.5077,1294.1492,1283.6959,1280.9206,1269.3805,1259.9170,1251.9793
75,3.0000,DynamicV1Rebalance,4.0000,37330.5523,1493.2221,survival,1.0000,1.0000,1.0000,1.0000,1.0000,1.0000,1.0000,1.0000,1.0000,0.9995,0.9990,0.9970,0.9945,0.9910,0.9885,0.9870,0.9815,0.9790,0.9705,0.9655,0.9630,0.9570,0.9540,0.9495,0.9440,0.9420,0.9360,0.9340,0.9300,0.9275,0.9235,0.9180,0.9160,0.9150,0.9110,0.9080
75,3.0000,DynamicV1Rebalance,4.0000,37330.5523,1493.2221,spend25p,1495.1462,1458.3630,1423.6664,1392.6588,1358.8491,1327.1086,1297.5417,1265.2872,1224.6999,1187.0907,1152.9703,1120.1613,1091.7493,1064.8729,1041.6112,621.7108,598.9130,582.3777,565.3460,552.8063,548.0029,534.9467,515.7521,506.2701,497.9215,487.7524,469.0978,454.5220,440.8948,425.6984,410.9335,388.1999,370.5528,356.3662,334.5928,307.2350
75,3.0000,DynamicV1Rebalance,4.0000,37330.5523,1493.2221,spend50p,1505.0790,1488.1630,1474.7419,1464.0249,1453.2620,1439.8754,1431.6136,1423.7506,1407.9178,1393.0216,1376.9421,1362.8293,1347.9946,1329.4894,1319.2106,829.8196,816.9223,804.1132,800.1703,795.8779,797.0297,791.0513,794.3816,790.0457,785.2819,781.9546,784.7180,775.1559,763.1912,750.2962,738.0740,716.7023,704.7067,687.3755,664.3774,647.5910
75,3.0000,DynamicV1Rebalance,4.0000,37330.5523,1493.2221,spend75p,1515.7734,1519.3394,1528.5924,1542.2088,1559.2200,1578.9521,1592.5844,1605.5303,1611.3258,1615.0924,1620.7291,1623.6119,1626.7700,1633.7442,1652.1815,1077.1682,1082.5267,1090.8233,1096.0184,1106.3942,1120.4064,1135.0053,1155.4688,1162.0674,1165.4336,1186.3613,1191.1297,1185.9342,1190.3314,1185.9577,1175.2137,1172.8403,1179.7092,1174.1485,1155.3518,1127.6062
75,3.0000,DynamicV1Rebalance,5.0000,29864.4419,1493.2221,survival,1.0000,1.0000,1.0000,1.0000,1.0000,1.0000,1.0000,0.9995,0.9990,0.9960,0.9930,0.9865,0.9790,0.9650,0.9485,0.9370,0.9245,0.9095,0.8955,0.8800,0.8705,0.8530,0.8435,0.8380,0.8260,0.8145,0.8075,0.8005,0.7935,0.7895,0.7810,0.7750,0.7705,0.7695,0.7680,0.7645
75,3.0000,DynamicV1Rebalance,5.0000,29864.4419,1493.2221,spend25p,1495.1462,1458.3630,1423.6664,1392.6588,1358.8491,1327.1086,1297.5417,1264.9631,1224.4713,1185.2063,1146.2924,1110.8297,1080.1204,1037.3477,997.0999,584.6837,554.2628,527.9433,504.4537,472.4387,446.5958,415.4006,390.4486,381.0002,353.8906,322.4678,292.3884,265.8663,242.7568,215.7911,186.4864,152.9211,128.6424,107.4104,89.9726,66.2754
75,3.0000,DynamicV1Rebalance,5.0000,29864.4419,1493.2221,spend50p,1505.0790,1488.1630,1474.7419,1464.0249,1453.2620,1439.8754,1431.6136,1423.4655,1407.5638,1390.9642,1374.2715,1355.7248,1334.5978,1307.6070,1280.1451,795.5798,776.0993,758.3405,744.4630,726.7748,717.4776,704.5462,704.6285,695.8389,686.7847,670.7817,656.0108,638.9310,620.1495,604.7245,585.6778,561.5293,535.6660,516.2007,500.2974,475.7897
75,3.0000,DynamicV1Rebalance,5.0000,29864.4419,1493.2221,spend75p,1515.7734,1519.3394,1528.5924,1542.2088,1559.2200,1578.9521,1592.5844,1604.9553,1610.6887,1614.1802,1616.3463,1615.9393,1614.3851,1607.0653,1613.7619,1047.5858,1039.6380,1040.6283,1040.1329,1024.0959,1028.8338,1020.0788,1033.3624,1049.6090,1046.5121,1041.8390,1036.3340,1036.4614,1027.8516,1023.6218,1008.0438,993.8226,982.5660,975.4079,960.6231,940.1474
75,3.0000,DynamicV1Rebalance,6.0000,24887.0349,1493.2221,survival,1.0000,1.0000,1.0000,1.0000,1.0000,1.0000,0.9995,0.9990,0.9945,0.9890,0.9770,0.9570,0.9300,0.9010,0.8725,0.8465,0.8290,0.8095,0.7925,0.7750,0.7590,0.7410,0.7230,0.7055,0.6895,0.6785,0.6660,0.6545,0.6470,0.6385,0.6325,0.6270,0.6235,0.6170,0.6125,0.6095
75,3.0000,DynamicV1Rebalance,6.0000,24887.0349,1493.2221,spend25p,1495.1462,1458.3630,1423.6664,1392.6588,1358.8491,1327.1086,1297.2818,1264.9047,1220.4335,1180.3780,1136.2614,1090.8327,1026.6480,966.6881,907.1750,494.0454,444.0593,397.0130,346.2064,295.3888,216.2300,0.0000,0.0000,0.0000,0.0000,0.0000,0.0000,0.0000,0.0000,0.0000,0.0000,0.0000,0.0000,0.0000,0.0000,0.0000
75,3.0000,DynamicV1Rebalance,6.0000,24887.0349,1493.2221,spend50p,1505.0790,1488.1630,1474.7419,1464.0249,1453.2620,1439.8754,1431.4598,1422.9973,1403.5011,1384.3787,1365.2781,1330.9238,1289.4671,1249.9652,1211.3284,735.2459,712.4171,684.2669,664.2633,646.2533,634.0665,609.1322,588.6102,560.2449,533.1854,510.2902,486.7636,456.6037,434.4791,411.6611,391.4761,364.2863,343.0217,318.7260,294.5137,277.9383
75,3.0000,DynamicV1Rebalance,6.0000,24887.0349,1493.2221,spend75p,1515.7734,1519.3394,1528.5924,1542.2088,1559.2200,1578.9521,1591.8762,1604.7029,1609.8987,1609.5564,1610.6065,1591.7355,1574.0985,1560.1650,1551.1376,988.5597,981.7717,966.6611,944.1816,945.1465,939.1139,935.4250,923.9218,926.0324,926.7994,913.8461,904.8581,892.5831,887.9417,864.2160,853.2860,830.2864,812.6363,801.0672,788.1922,760.5195
75,3.0000,DynamicV1Rebalance,7.0000,21331.7442,1493.2221,survival,1.0000,1.0000,1.0000,1.0000,1.0000,1.0000,0.9990,0.9940,0.9865,0.9650,0.9365,0.8990,0.8495,0.8090,0.7675,0.7420,0.7160,0.6910,0.6640,0.6440,0.6260,0.6065,0.5870,0.5715,0.5550,0.5430,0.5340,0.5240,0.5165,0.5070,0.4995,0.4935,0.4910,0.4860,0.4815,0.4750
75,3.0000,DynamicV1Rebalance,7.0000,21331.7442,1493.2221,spend25p,1495.1462,1458.3630,1423.6664,1392.6588,1358.8491,1327.1086,1297.2573,1260.0667,1215.0716,1160.5133,1101.5838,1028.0409,932.5555,814.2989,661.5276,0.0000,0.0000,0.0000,0.0000,0.0000,0.0000,0.0000,0.0000,0.0000,0.0000,0.0000,0.0000,0.0000,0.0000,0.0000,0.0000,0.0000,0.0000,0.0000,0.0000,0.0000
75,3.0000,DynamicV1Rebalance,7.0000,21331.7442,1493.2221,spend50p,1505.0790,1488.1630,1474.7419,1464.0249,1453.2620,1439.8754,1431.3803,1418.8063,1401.0157,1369.3370,1337.6871,1290.5053,1220.8679,1166.2180,1116.1484,660.7920,627.2557,584.1842,547.7738,525.5373,494.0165,451.5650,410.1248,378.3581,336.5191,298.1375,263.1108,218.1074,175.1180,116.7949,0.0000,0.0000,0.0000,0.0000,0.0000,0.0000
75,3.0000,DynamicV1Rebalance,7.0000,21331.7442,1493.2221,spend75p,1515.7734,1519.3394,1528.5924,1542.2088,1559.2200,1578.9521,1591.5073,1600.1849,1607.2657,1597.0461,1584.8523,1564.1695,1525.9859,1499.3635,1464.6279,929.6723,904.6029,873.0703,855.0021,852.0635,841.7170,832.6150,812.8069,797.6461,777.1878,762.0812,747.4052,735.1288,718.5510,705.2717,675.3208,650.8543,622.4371,609.6109,587.0186,562.8791
75,3.0000,DynamicV1Rebalance,8.0000,18665.2762,1493.2221,survival,1.0000,1.0000,1.0000,1.0000,1.0000,0.9990,0.9950,0.9850,0.9595,0.9225,0.8590,0.8095,0.7560,0.7040,0.6500,0.6195,0.5885,0.5630,0.5415,0.5195,0.5020,0.4835,0.4720,0.4560,0.4420,0.4340,0.4230,0.4110,0.4045,0.3940,0.3850,0.3805,0.3765,0.3715,0.3675,0.3610
75,3.0000,DynamicV1Rebalance,8.0000,18665.2762,1493.2221,spend25p,1495.1462,1458.3630,1423.6664,1392.6588,1358.8491,1326.1210,1295.4290,1253.8328,1191.2936,1123.7301,1015.9411,903.1495,637.4896,0.0000,0.0000,0.0000,0.0000,0.0000,0.0000,0.0000,0.0000,0.0000,0.0000,0.0000,0.0000,0.0000,0.0000,0.0000,0.0000,0.0000,0.0000,0.0000,0.0000,0.0000,0.0000,0.0000
75,3.0000,DynamicV1Rebalance,8.0000,18665.2762,1493.2221,spend50p,1505.0790,1488.1630,1474.7419,1464.0249,1453.2620,1439.7203,1430.4867,1414.4298,1387.6768,1344.1501,1283.9198,1212.9425,1140.5719,1069.3187,982.1340,551.7417,484.7993,420.9533,360.6223,288.8756,137.5396,0.0000,0.0000,0.0000,0.0000,0.0000,0.0000,0.0000,0.0000,0.0000,0.0000,0.0000,0.0000,0.0000,0.0000,0.0000
75,3.0000,DynamicV1Rebalance,8.0000,18665.2762,1493.2221,spend75p,1515.7734,1519.3394,1528.5924,1542.2088,1559.2200,1578.3223,1589.5257,1597.4138,1593.6991,1582.4726,1544.3134,1505.3444,1460.8990,1416.9770,1363.6744,844.0763,810.9639,781.3956,768.1465,736.3901,710.8011,687.8493,675.4158,649.4898,631.3648,622.9054,594.3116,564.7937,544.7040,508.5831,485.5020,464.9943,441.0789,418.6953,390.7566,360.7476
