pension_start_age,spend_multiplier,strategy,spending_rule,initial_money,initial_annual_cost,value_type,1,2,3,4,5,6,7,8,9,10,11,12,13,14,15,16,17,18,19,20,21,22,23,24,25,26,27,28,29,30,31,32,33,34,35,36
60,0.5000,No dynamic rebalance,2.5000,9954.8140,248.8703,survival,1.0000,1.0000,1.0000,1.0000,1.0000,1.0000,1.0000,1.0000,1.0000,1.0000,1.0000,1.0000,1.0000,1.0000,1.0000,1.0000,1.0000,1.0000,1.0000,1.0000,1.0000,1.0000,1.0000,1.0000,1.0000,1.0000,1.0000,1.0000,1.0000,1.0000,1.0000,1.0000,1.0000,1.0000,1.0000,1.0000
60,0.5000,No dynamic rebalance,2.5000,9954.8140,248.8703,spend25p,107.4802,100.4422,93.4623,87.2622,80.5572,74.1640,67.9676,60.5478,53.2017,45.2870,37.6776,30.0226,23.1758,16.7964,10.7394,6.0446,1.2764,-2.6170,-5.7143,-8.9609,-11.8745,-14.6947,-17.4377,-20.2505,-23.5463,-27.0696,-30.8061,-34.9271,-39.1580,-43.8229,-48.7224,-53.8417,-59.2050,-65.2440,-71.4797,-78.2530
60,0.5000,No dynamic rebalance,2.5000,9954.8140,248.8703,spend50p,108.4047,103.0901,98.0378,93.3330,88.6227,83.6845,78.3715,72.9682,66.5720,59.8341,52.5493,45.0735,38.3317,31.6079,25.3978,20.2069,15.8349,11.5527,8.0881,5.1143,2.3328,-0.2735,-2.7323,-5.4095,-8.5315,-12.4191,-16.0788,-20.5128,-25.6423,-31.0651,-36.5421,-42.5393,-49.0992,-56.0965,-63.0443,-70.0001
60,0.5000,No dynamic rebalance,2.5000,9954.8140,248.8703,spend75p,109.3103,105.8115,102.6458,99.7748,97.1240,94.3681,90.6223,86.4383,81.0266,74.6210,67.9326,60.8222,53.4381,47.1141,41.6302,36.7377,32.5264,29.2038,26.2663,23.8083,21.5779,19.4934,17.4847,14.6744,12.2868,8.6837,4.3534,-0.2811,-6.2109,-11.7838,-18.4080,-25.5082,-33.8681,-42.7632,-51.7614,-60.8878
60,0.5000,固定最適比率,2.5000,9954.8140,248.8703,survival,1.0000,1.0000,1.0000,1.0000,1.0000,1.0000,1.0000,1.0000,1.0000,1.0000,1.0000,1.0000,1.0000,1.0000,1.0000,1.0000,1.0000,1.0000,1.0000,1.0000,1.0000,1.0000,1.0000,1.0000,1.0000,1.0000,1.0000,1.0000,1.0000,1.0000,1.0000,1.0000,1.0000,1.0000,1.0000,1.0000
60,0.5000,固定最適比率,2.5000,9954.8140,248.8703,spend25p,107.4802,100.4422,93.4623,87.2622,80.5572,74.1640,67.9676,60.5478,53.2017,45.2870,37.6776,30.0226,23.1758,16.7964,10.7394,6.0446,1.2764,-2.6170,-5.7143,-8.9609,-11.8745,-14.6947,-17.4377,-20.2505,-23.5463,-27.0696,-30.8061,-34.9271,-39.1580,-43.8229,-48.7224,-53.8417,-59.2050,-65.2440,-71.4797,-78.2530
60,0.5000,固定最適比率,2.5000,9954.8140,248.8703,spend50p,108.4047,103.0901,98.0378,93.3330,88.6227,83.6845,78.3715,72.9682,66.5720,59.8341,52.5493,45.0735,38.3317,31.6079,25.3978,20.2069,15.8349,11.5527,8.0881,5.1143,2.3328,-0.2735,-2.7323,-5.4095,-8.5315,-12.4191,-16.0788,-20.5128,-25.6423,-31.0651,-36.5421,-42.5393,-49.0992,-56.0965,-63.0443,-70.0001
60,0.5000,固定最適比率,2.5000,9954.8140,248.8703,spend75p,109.3103,105.8115,102.6458,99.7748,97.1240,94.3681,90.6223,86.4383,81.0266,74.6210,67.9326,60.8222,53.4381,47.1141,41.6302,36.7377,32.5264,29.2038,26.2663,23.8083,21.5779,19.4934,17.4847,14.6744,12.2868,8.6837,4.3534,-0.2811,-6.2109,-11.7838,-18.4080,-25.5082,-33.8681,-42.7632,-51.7614,-60.8878
60,0.5000,DynamicV1Rebalance,2.5000,9954.8140,248.8703,survival,1.0000,1.0000,1.0000,1.0000,1.0000,1.0000,1.0000,1.0000,1.0000,1.0000,1.0000,1.0000,1.0000,1.0000,1.0000,1.0000,1.0000,1.0000,1.0000,1.0000,1.0000,1.0000,1.0000,1.0000,1.0000,1.0000,1.0000,1.0000,1.0000,1.0000,1.0000,1.0000,1.0000,1.0000,1.0000,1.0000
60,0.5000,DynamicV1Rebalance,2.5000,9954.8140,248.8703,spend25p,107.4802,100.4422,93.4623,87.2622,80.5572,74.1640,67.9676,60.5478,53.2017,45.2870,37.6776,30.0226,23.1758,16.7964,10.7394,6.0446,1.2764,-2.6170,-5.7143,-8.9609,-11.8745,-14.6947,-17.4377,-20.2505,-23.5463,-27.0696,-30.8061,-34.9271,-39.1580,-43.8229,-48.7224,-53.8417,-59.2050,-65.2440,-71.4797,-78.2530
60,0.5000,DynamicV1Rebalance,2.5000,9954.8140,248.8703,spend50p,108.4047,103.0901,98.0378,93.3330,88.6227,83.6845,78.3715,72.9682,66.5720,59.8341,52.5493,45.0735,38.3317,31.6079,25.3978,20.2069,15.8349,11.5527,8.0881,5.1143,2.3328,-0.2735,-2.7323,-5.4095,-8.5315,-12.4191,-16.0788,-20.5128,-25.6423,-31.0651,-36.5421,-42.5393,-49.0992,-56.0965,-63.0443,-70.0001
60,0.5000,DynamicV1Rebalance,2.5000,9954.8140,248.8703,spend75p,109.3103,105.8115,102.6458,99.7748,97.1240,94.3681,90.6223,86.4383,81.0266,74.6210,67.9326,60.8222,53.4381,47.1141,41.6302,36.7377,32.5264,29.2038,26.2663,23.8083,21.5779,19.4934,17.4847,14.6744,12.2868,8.6837,4.3534,-0.2811,-6.2109,-11.7838,-18.4080,-25.5082,-33.8681,-42.7632,-51.7614,-60.8878
60,0.5000,SpendAwareDPRebalance (re60),2.5000,9954.8140,248.8703,survival,1.0000,1.0000,1.0000,1.0000,1.0000,1.0000,1.0000,1.0000,1.0000,1.0000,1.0000,1.0000,1.0000,1.0000,1.0000,1.0000,1.0000,1.0000,1.0000,1.0000,1.0000,1.0000,1.0000,1.0000,1.0000,1.0000,1.0000,1.0000,1.0000,1.0000,1.0000,1.0000,1.0000,1.0000,1.0000,1.0000
60,0.5000,SpendAwareDPRebalance (re60),2.5000,9954.8140,248.8703,spend25p,107.4802,100.4422,93.4623,87.2622,80.5572,74.1640,67.9676,60.5478,53.2017,45.2870,37.6776,30.0226,23.1758,16.7964,10.7394,6.0446,1.2764,-2.6170,-5.7143,-8.9609,-11.8745,-14.6947,-17.4377,-20.2505,-23.5463,-27.0696,-30.8061,-34.9271,-39.1580,-43.8229,-48.7224,-53.8417,-59.2050,-65.2440,-71.4797,-78.2530
60,0.5000,SpendAwareDPRebalance (re60),2.5000,9954.8140,248.8703,spend50p,108.4047,103.0901,98.0378,93.3330,88.6227,83.6845,78.3715,72.9682,66.5720,59.8341,52.5493,45.0735,38.3317,31.6079,25.3978,20.2069,15.8349,11.5527,8.0881,5.1143,2.3328,-0.2735,-2.7323,-5.4095,-8.5315,-12.4191,-16.0788,-20.5128,-25.6423,-31.0651,-36.5421,-42.5393,-49.0992,-56.0965,-63.0443,-70.0001
60,0.5000,SpendAwareDPRebalance (re60),2.5000,9954.8140,248.8703,spend75p,109.3103,105.8115,102.6458,99.7748,97.1240,94.3681,90.6223,86.4383,81.0266,74.6210,67.9326,60.8222,53.4381,47.1141,41.6302,36.7377,32.5264,29.2038,26.2663,23.8083,21.5779,19.4934,17.4847,14.6744,12.2868,8.6837,4.3534,-0.2811,-6.2109,-11.7838,-18.4080,-25.5082,-33.8681,-42.7632,-51.7614,-60.8878
60,0.5000,SpendAwareDPRebalance (re40),2.5000,9954.8140,248.8703,survival,1.0000,1.0000,1.0000,1.0000,1.0000,1.0000,1.0000,1.0000,1.0000,1.0000,1.0000,1.0000,1.0000,1.0000,1.0000,1.0000,1.0000,1.0000,1.0000,1.0000,1.0000,1.0000,1.0000,1.0000,1.0000,1.0000,1.0000,1.0000,1.0000,1.0000,1.0000,1.0000,1.0000,1.0000,1.0000,1.0000
60,0.5000,SpendAwareDPRebalance (re40),2.5000,9954.8140,248.8703,spend25p,107.4802,100.4422,93.4623,87.2622,80.5572,74.1640,67.9676,60.5478,53.2017,45.2870,37.6776,30.0226,23.1758,16.7964,10.7394,6.0446,1.2764,-2.6170,-5.7143,-8.9609,-11.8745,-14.6947,-17.4377,-20.2505,-23.5463,-27.0696,-30.8061,-34.9271,-39.1580,-43.8229,-48.7224,-53.8417,-59.2050,-65.2440,-71.4797,-78.2530
60,0.5000,SpendAwareDPRebalance (re40),2.5000,9954.8140,248.8703,spend50p,108.4047,103.0901,98.0378,93.3330,88.6227,83.6845,78.3715,72.9682,66.5720,59.8341,52.5493,45.0735,38.3317,31.6079,25.3978,20.2069,15.8349,11.5527,8.0881,5.1143,2.3328,-0.2735,-2.7323,-5.4095,-8.5315,-12.4191,-16.0788,-20.5128,-25.6423,-31.0651,-36.5421,-42.5393,-49.0992,-56.0965,-63.0443,-70.0001
60,0.5000,SpendAwareDPRebalance (re40),2.5000,9954.8140,248.8703,spend75p,109.3103,105.8115,102.6458,99.7748,97.1240,94.3681,90.6223,86.4383,81.0266,74.6210,67.9326,60.8222,53.4381,47.1141,41.6302,36.7377,32.5264,29.2038,26.2663,23.8083,21.5779,19.4934,17.4847,14.6744,12.2868,8.6837,4.3534,-0.2811,-6.2109,-11.7838,-18.4080,-25.5082,-33.8681,-42.7632,-51.7614,-60.8878
60,0.5000,No dynamic rebalance,3.0000,8295.6783,248.8703,survival,1.0000,1.0000,1.0000,1.0000,1.0000,1.0000,1.0000,1.0000,1.0000,1.0000,1.0000,1.0000,1.0000,1.0000,1.0000,1.0000,1.0000,1.0000,1.0000,1.0000,1.0000,1.0000,1.0000,1.0000,1.0000,1.0000,1.0000,1.0000,1.0000,1.0000,1.0000,1.0000,1.0000,1.0000,1.0000,1.0000
60,0.5000,No dynamic rebalance,3.0000,8295.6783,248.8703,spend25p,107.4802,100.4422,93.4623,87.2622,80.5572,74.1640,67.9676,60.5478,53.2017,45.2870,37.6776,30.0226,23.1758,16.7964,10.7394,6.0446,1.2764,-2.6170,-5.7143,-8.9609,-11.8745,-14.6947,-17.4377,-20.2505,-23.5463,-27.0696,-30.8061,-34.9271,-39.1580,-43.8229,-48.7224,-53.8417,-59.2050,-65.2440,-71.4797,-78.2530
60,0.5000,No dynamic rebalance,3.0000,8295.6783,248.8703,spend50p,108.4047,103.0901,98.0378,93.3330,88.6227,83.6845,78.3715,72.9682,66.5720,59.8341,52.5493,45.0735,38.3317,31.6079,25.3978,20.2069,15.8349,11.5527,8.0881,5.1143,2.3328,-0.2735,-2.7323,-5.4095,-8.5315,-12.4191,-16.0788,-20.5128,-25.6423,-31.0651,-36.5421,-42.5393,-49.0992,-56.0965,-63.0443,-70.0001
60,0.5000,No dynamic rebalance,3.0000,8295.6783,248.8703,spend75p,109.3103,105.8115,102.6458,99.7748,97.1240,94.3681,90.6223,86.4383,81.0266,74.6210,67.9326,60.8222,53.4381,47.1141,41.6302,36.7377,32.5264,29.2038,26.2663,23.8083,21.5779,19.4934,17.4847,14.6744,12.2868,8.6837,4.3534,-0.2811,-6.2109,-11.7838,-18.4080,-25.5082,-33.8681,-42.7632,-51.7614,-60.8878
60,0.5000,固定最適比率,3.0000,8295.6783,248.8703,survival,1.0000,1.0000,1.0000,1.0000,1.0000,1.0000,1.0000,1.0000,1.0000,1.0000,1.0000,1.0000,1.0000,1.0000,1.0000,1.0000,1.0000,1.0000,1.0000,1.0000,1.0000,1.0000,1.0000,1.0000,1.0000,1.0000,1.0000,1.0000,1.0000,1.0000,1.0000,1.0000,1.0000,1.0000,1.0000,1.0000
60,0.5000,固定最適比率,3.0000,8295.6783,248.8703,spend25p,107.4802,100.4422,93.4623,87.2622,80.5572,74.1640,67.9676,60.5478,53.2017,45.2870,37.6776,30.0226,23.1758,16.7964,10.7394,6.0446,1.2764,-2.6170,-5.7143,-8.9609,-11.8745,-14.6947,-17.4377,-20.2505,-23.5463,-27.0696,-30.8061,-34.9271,-39.1580,-43.8229,-48.7224,-53.8417,-59.2050,-65.2440,-71.4797,-78.2530
60,0.5000,固定最適比率,3.0000,8295.6783,248.8703,spend50p,108.4047,103.0901,98.0378,93.3330,88.6227,83.6845,78.3715,72.9682,66.5720,59.8341,52.5493,45.0735,38.3317,31.6079,25.3978,20.2069,15.8349,11.5527,8.0881,5.1143,2.3328,-0.2735,-2.7323,-5.4095,-8.5315,-12.4191,-16.0788,-20.5128,-25.6423,-31.0651,-36.5421,-42.5393,-49.0992,-56.0965,-63.0443,-70.0001
60,0.5000,固定最適比率,3.0000,8295.6783,248.8703,spend75p,109.3103,105.8115,102.6458,99.7748,97.1240,94.3681,90.6223,86.4383,81.0266,74.6210,67.9326,60.8222,53.4381,47.1141,41.6302,36.7377,32.5264,29.2038,26.2663,23.8083,21.5779,19.4934,17.4847,14.6744,12.2868,8.6837,4.3534,-0.2811,-6.2109,-11.7838,-18.4080,-25.5082,-33.8681,-42.7632,-51.7614,-60.8878
60,0.5000,DynamicV1Rebalance,3.0000,8295.6783,248.8703,survival,1.0000,1.0000,1.0000,1.0000,1.0000,1.0000,1.0000,1.0000,1.0000,1.0000,1.0000,1.0000,1.0000,1.0000,1.0000,1.0000,1.0000,1.0000,1.0000,1.0000,1.0000,1.0000,1.0000,1.0000,1.0000,1.0000,1.0000,1.0000,1.0000,1.0000,1.0000,1.0000,1.0000,1.0000,1.0000,1.0000
60,0.5000,DynamicV1Rebalance,3.0000,8295.6783,248.8703,spend25p,107.4802,100.4422,93.4623,87.2622,80.5572,74.1640,67.9676,60.5478,53.2017,45.2870,37.6776,30.0226,23.1758,16.7964,10.7394,6.0446,1.2764,-2.6170,-5.7143,-8.9609,-11.8745,-14.6947,-17.4377,-20.2505,-23.5463,-27.0696,-30.8061,-34.9271,-39.1580,-43.8229,-48.7224,-53.8417,-59.2050,-65.2440,-71.4797,-78.2530
60,0.5000,DynamicV1Rebalance,3.0000,8295.6783,248.8703,spend50p,108.4047,103.0901,98.0378,93.3330,88.6227,83.6845,78.3715,72.9682,66.5720,59.8341,52.5493,45.0735,38.3317,31.6079,25.3978,20.2069,15.8349,11.5527,8.0881,5.1143,2.3328,-0.2735,-2.7323,-5.4095,-8.5315,-12.4191,-16.0788,-20.5128,-25.6423,-31.0651,-36.5421,-42.5393,-49.0992,-56.0965,-63.0443,-70.0001
60,0.5000,DynamicV1Rebalance,3.0000,8295.6783,248.8703,spend75p,109.3103,105.8115,102.6458,99.7748,97.1240,94.3681,90.6223,86.4383,81.0266,74.6210,67.9326,60.8222,53.4381,47.1141,41.6302,36.7377,32.5264,29.2038,26.2663,23.8083,21.5779,19.4934,17.4847,14.6744,12.2868,8.6837,4.3534,-0.2811,-6.2109,-11.7838,-18.4080,-25.5082,-33.8681,-42.7632,-51.7614,-60.8878
60,0.5000,SpendAwareDPRebalance (re60),3.0000,8295.6783,248.8703,survival,1.0000,1.0000,1.0000,1.0000,1.0000,1.0000,1.0000,1.0000,1.0000,1.0000,1.0000,1.0000,1.0000,1.0000,1.0000,1.0000,1.0000,1.0000,1.0000,1.0000,1.0000,1.0000,1.0000,1.0000,1.0000,1.0000,1.0000,1.0000,1.0000,1.0000,1.0000,1.0000,1.0000,1.0000,1.0000,1.0000
60,0.5000,SpendAwareDPRebalance (re60),3.0000,8295.6783,248.8703,spend25p,107.4802,100.4422,93.4623,87.2622,80.5572,74.1640,67.9676,60.5478,53.2017,45.2870,37.6776,30.0226,23.1758,16.7964,10.7394,6.0446,1.2764,-2.6170,-5.7143,-8.9609,-11.8745,-14.6947,-17.4377,-20.2505,-23.5463,-27.0696,-30.8061,-34.9271,-39.1580,-43.8229,-48.7224,-53.8417,-59.2050,-65.2440,-71.4797,-78.2530
60,0.5000,SpendAwareDPRebalance (re60),3.0000,8295.6783,248.8703,spend50p,108.4047,103.0901,98.0378,93.3330,88.6227,83.6845,78.3715,72.9682,66.5720,59.8341,52.5493,45.0735,38.3317,31.6079,25.3978,20.2069,15.8349,11.5527,8.0881,5.1143,2.3328,-0.2735,-2.7323,-5.4095,-8.5315,-12.4191,-16.0788,-20.5128,-25.6423,-31.0651,-36.5421,-42.5393,-49.0992,-56.0965,-63.0443,-70.0001
60,0.5000,SpendAwareDPRebalance (re60),3.0000,8295.6783,248.8703,spend75p,109.3103,105.8115,102.6458,99.7748,97.1240,94.3681,90.6223,86.4383,81.0266,74.6210,67.9326,60.8222,53.4381,47.1141,41.6302,36.7377,32.5264,29.2038,26.2663,23.8083,21.5779,19.4934,17.4847,14.6744,12.2868,8.6837,4.3534,-0.2811,-6.2109,-11.7838,-18.4080,-25.5082,-33.8681,-42.7632,-51.7614,-60.8878
60,0.5000,SpendAwareDPRebalance (re40),3.0000,8295.6783,248.8703,survival,1.0000,1.0000,1.0000,1.0000,1.0000,1.0000,1.0000,1.0000,1.0000,1.0000,1.0000,1.0000,1.0000,1.0000,1.0000,1.0000,1.0000,1.0000,1.0000,1.0000,1.0000,1.0000,1.0000,1.0000,1.0000,1.0000,1.0000,1.0000,1.0000,1.0000,1.0000,1.0000,1.0000,1.0000,1.0000,1.0000
60,0.5000,SpendAwareDPRebalance (re40),3.0000,8295.6783,248.8703,spend25p,107.4802,100.4422,93.4623,87.2622,80.5572,74.1640,67.9676,60.5478,53.2017,45.2870,37.6776,30.0226,23.1758,16.7964,10.7394,6.0446,1.2764,-2.6170,-5.7143,-8.9609,-11.8745,-14.6947,-17.4377,-20.2505,-23.5463,-27.0696,-30.8061,-34.9271,-39.1580,-43.8229,-48.7224,-53.8417,-59.2050,-65.2440,-71.4797,-78.2530
60,0.5000,SpendAwareDPRebalance (re40),3.0000,8295.6783,248.8703,spend50p,108.4047,103.0901,98.0378,93.3330,88.6227,83.6845,78.3715,72.9682,66.5720,59.8341,52.5493,45.0735,38.3317,31.6079,25.3978,20.2069,15.8349,11.5527,8.0881,5.1143,2.3328,-0.2735,-2.7323,-5.4095,-8.5315,-12.4191,-16.0788,-20.5128,-25.6423,-31.0651,-36.5421,-42.5393,-49.0992,-56.0965,-63.0443,-70.0001
60,0.5000,SpendAwareDPRebalance (re40),3.0000,8295.6783,248.8703,spend75p,109.3103,105.8115,102.6458,99.7748,97.1240,94.3681,90.6223,86.4383,81.0266,74.6210,67.9326,60.8222,53.4381,47.1141,41.6302,36.7377,32.5264,29.2038,26.2663,23.8083,21.5779,19.4934,17.4847,14.6744,12.2868,8.6837,4.3534,-0.2811,-6.2109,-11.7838,-18.4080,-25.5082,-33.8681,-42.7632,-51.7614,-60.8878
60,0.5000,No dynamic rebalance,4.0000,6221.7587,248.8703,survival,1.0000,1.0000,1.0000,1.0000,1.0000,1.0000,1.0000,1.0000,1.0000,1.0000,1.0000,1.0000,1.0000,1.0000,1.0000,1.0000,1.0000,1.0000,1.0000,1.0000,1.0000,1.0000,1.0000,1.0000,1.0000,1.0000,1.0000,1.0000,1.0000,1.0000,1.0000,1.0000,1.0000,1.0000,1.0000,1.0000
60,0.5000,No dynamic rebalance,4.0000,6221.7587,248.8703,spend25p,107.4802,100.4422,93.4623,87.2622,80.5572,74.1640,67.9676,60.5478,53.2017,45.2870,37.6776,30.0226,23.1758,16.7964,10.7394,6.0446,1.2764,-2.6170,-5.7143,-8.9609,-11.8745,-14.6947,-17.4377,-20.2505,-23.5463,-27.0696,-30.8061,-34.9271,-39.1580,-43.8229,-48.7224,-53.8417,-59.2050,-65.2440,-71.4797,-78.2530
60,0.5000,No dynamic rebalance,4.0000,6221.7587,248.8703,spend50p,108.4047,103.0901,98.0378,93.3330,88.6227,83.6845,78.3715,72.9682,66.5720,59.8341,52.5493,45.0735,38.3317,31.6079,25.3978,20.2069,15.8349,11.5527,8.0881,5.1143,2.3328,-0.2735,-2.7323,-5.4095,-8.5315,-12.4191,-16.0788,-20.5128,-25.6423,-31.0651,-36.5421,-42.5393,-49.0992,-56.0965,-63.0443,-70.0001
60,0.5000,No dynamic rebalance,4.0000,6221.7587,248.8703,spend75p,109.3103,105.8115,102.6458,99.7748,97.1240,94.3681,90.6223,86.4383,81.0266,74.6210,67.9326,60.8222,53.4381,47.1141,41.6302,36.7377,32.5264,29.2038,26.2663,23.8083,21.5779,19.4934,17.4847,14.6744,12.2868,8.6837,4.3534,-0.2811,-6.2109,-11.7838,-18.4080,-25.5082,-33.8681,-42.7632,-51.7614,-60.8878
60,0.5000,固定最適比率,4.0000,6221.7587,248.8703,survival,1.0000,1.0000,1.0000,1.0000,1.0000,1.0000,1.0000,1.0000,1.0000,1.0000,1.0000,1.0000,1.0000,1.0000,1.0000,1.0000,1.0000,1.0000,1.0000,1.0000,1.0000,1.0000,1.0000,1.0000,1.0000,1.0000,1.0000,1.0000,1.0000,1.0000,1.0000,1.0000,1.0000,1.0000,1.0000,1.0000
60,0.5000,固定最適比率,4.0000,6221.7587,248.8703,spend25p,107.4802,100.4422,93.4623,87.2622,80.5572,74.1640,67.9676,60.5478,53.2017,45.2870,37.6776,30.0226,23.1758,16.7964,10.7394,6.0446,1.2764,-2.6170,-5.7143,-8.9609,-11.8745,-14.6947,-17.4377,-20.2505,-23.5463,-27.0696,-30.8061,-34.9271,-39.1580,-43.8229,-48.7224,-53.8417,-59.2050,-65.2440,-71.4797,-78.2530
60,0.5000,固定最適比率,4.0000,6221.7587,248.8703,spend50p,108.4047,103.0901,98.0378,93.3330,88.6227,83.6845,78.3715,72.9682,66.5720,59.8341,52.5493,45.0735,38.3317,31.6079,25.3978,20.2069,15.8349,11.5527,8.0881,5.1143,2.3328,-0.2735,-2.7323,-5.4095,-8.5315,-12.4191,-16.0788,-20.5128,-25.6423,-31.0651,-36.5421,-42.5393,-49.0992,-56.0965,-63.0443,-70.0001
60,0.5000,固定最適比率,4.0000,6221.7587,248.8703,spend75p,109.3103,105.8115,102.6458,99.7748,97.1240,94.3681,90.6223,86.4383,81.0266,74.6210,67.9326,60.8222,53.4381,47.1141,41.6302,36.7377,32.5264,29.2038,26.2663,23.8083,21.5779,19.4934,17.4847,14.6744,12.2868,8.6837,4.3534,-0.2811,-6.2109,-11.7838,-18.4080,-25.5082,-33.8681,-42.7632,-51.7614,-60.8878
60,0.5000,DynamicV1Rebalance,4.0000,6221.7587,248.8703,survival,1.0000,1.0000,1.0000,1.0000,1.0000,1.0000,1.0000,1.0000,1.0000,1.0000,1.0000,1.0000,1.0000,1.0000,1.0000,1.0000,1.0000,1.0000,1.0000,1.0000,1.0000,1.0000,1.0000,1.0000,1.0000,1.0000,1.0000,1.0000,1.0000,1.0000,1.0000,1.0000,1.0000,1.0000,1.0000,1.0000
60,0.5000,DynamicV1Rebalance,4.0000,6221.7587,248.8703,spend25p,107.4802,100.4422,93.4623,87.2622,80.5572,74.1640,67.9676,60.5478,53.2017,45.2870,37.6776,30.0226,23.1758,16.7964,10.7394,6.0446,1.2764,-2.6170,-5.7143,-8.9609,-11.8745,-14.6947,-17.4377,-20.2505,-23.5463,-27.0696,-30.8061,-34.9271,-39.1580,-43.8229,-48.7224,-53.8417,-59.2050,-65.2440,-71.4797,-78.2530
60,0.5000,DynamicV1Rebalance,4.0000,6221.7587,248.8703,spend50p,108.4047,103.0901,98.0378,93.3330,88.6227,83.6845,78.3715,72.9682,66.5720,59.8341,52.5493,45.0735,38.3317,31.6079,25.3978,20.2069,15.8349,11.5527,8.0881,5.1143,2.3328,-0.2735,-2.7323,-5.4095,-8.5315,-12.4191,-16.0788,-20.5128,-25.6423,-31.0651,-36.5421,-42.5393,-49.0992,-56.0965,-63.0443,-70.0001
60,0.5000,DynamicV1Rebalance,4.0000,6221.7587,248.8703,spend75p,109.3103,105.8115,102.6458,99.7748,97.1240,94.3681,90.6223,86.4383,81.0266,74.6210,67.9326,60.8222,53.4381,47.1141,41.6302,36.7377,32.5264,29.2038,26.2663,23.8083,21.5779,19.4934,17.4847,14.6744,12.2868,8.6837,4.3534,-0.2811,-6.2109,-11.7838,-18.4080,-25.5082,-33.8681,-42.7632,-51.7614,-60.8878
60,0.5000,SpendAwareDPRebalance (re60),4.0000,6221.7587,248.8703,survival,1.0000,1.0000,1.0000,1.0000,1.0000,1.0000,1.0000,1.0000,1.0000,1.0000,1.0000,1.0000,1.0000,1.0000,1.0000,1.0000,1.0000,1.0000,1.0000,1.0000,1.0000,1.0000,1.0000,1.0000,1.0000,1.0000,1.0000,1.0000,1.0000,1.0000,1.0000,1.0000,1.0000,1.0000,1.0000,1.0000
60,0.5000,SpendAwareDPRebalance (re60),4.0000,6221.7587,248.8703,spend25p,107.4802,100.4422,93.4623,87.2622,80.5572,74.1640,67.9676,60.5478,53.2017,45.2870,37.6776,30.0226,23.1758,16.7964,10.7394,6.0446,1.2764,-2.6170,-5.7143,-8.9609,-11.8745,-14.6947,-17.4377,-20.2505,-23.5463,-27.0696,-30.8061,-34.9271,-39.1580,-43.8229,-48.7224,-53.8417,-59.2050,-65.2440,-71.4797,-78.2530
60,0.5000,SpendAwareDPRebalance (re60),4.0000,6221.7587,248.8703,spend50p,108.4047,103.0901,98.0378,93.3330,88.6227,83.6845,78.3715,72.9682,66.5720,59.8341,52.5493,45.0735,38.3317,31.6079,25.3978,20.2069,15.8349,11.5527,8.0881,5.1143,2.3328,-0.2735,-2.7323,-5.4095,-8.5315,-12.4191,-16.0788,-20.5128,-25.6423,-31.0651,-36.5421,-42.5393,-49.0992,-56.0965,-63.0443,-70.0001
60,0.5000,SpendAwareDPRebalance (re60),4.0000,6221.7587,248.8703,spend75p,109.3103,105.8115,102.6458,99.7748,97.1240,94.3681,90.6223,86.4383,81.0266,74.6210,67.9326,60.8222,53.4381,47.1141,41.6302,36.7377,32.5264,29.2038,26.2663,23.8083,21.5779,19.4934,17.4847,14.6744,12.2868,8.6837,4.3534,-0.2811,-6.2109,-11.7838,-18.4080,-25.5082,-33.8681,-42.7632,-51.7614,-60.8878
60,0.5000,SpendAwareDPRebalance (re40),4.0000,6221.7587,248.8703,survival,1.0000,1.0000,1.0000,1.0000,1.0000,1.0000,1.0000,1.0000,1.0000,1.0000,1.0000,1.0000,1.0000,1.0000,1.0000,1.0000,1.0000,1.0000,1.0000,1.0000,1.0000,1.0000,1.0000,1.0000,1.0000,1.0000,1.0000,1.0000,1.0000,1.0000,1.0000,1.0000,1.0000,1.0000,1.0000,1.0000
60,0.5000,SpendAwareDPRebalance (re40),4.0000,6221.7587,248.8703,spend25p,107.4802,100.4422,93.4623,87.2622,80.5572,74.1640,67.9676,60.5478,53.2017,45.2870,37.6776,30.0226,23.1758,16.7964,10.7394,6.0446,1.2764,-2.6170,-5.7143,-8.9609,-11.8745,-14.6947,-17.4377,-20.2505,-23.5463,-27.0696,-30.8061,-34.9271,-39.1580,-43.8229,-48.7224,-53.8417,-59.2050,-65.2440,-71.4797,-78.2530
60,0.5000,SpendAwareDPRebalance (re40),4.0000,6221.7587,248.8703,spend50p,108.4047,103.0901,98.0378,93.3330,88.6227,83.6845,78.3715,72.9682,66.5720,59.8341,52.5493,45.0735,38.3317,31.6079,25.3978,20.2069,15.8349,11.5527,8.0881,5.1143,2.3328,-0.2735,-2.7323,-5.4095,-8.5315,-12.4191,-16.0788,-20.5128,-25.6423,-31.0651,-36.5421,-42.5393,-49.0992,-56.0965,-63.0443,-70.0001
60,0.5000,SpendAwareDPRebalance (re40),4.0000,6221.7587,248.8703,spend75p,109.3103,105.8115,102.6458,99.7748,97.1240,94.3681,90.6223,86.4383,81.0266,74.6210,67.9326,60.8222,53.4381,47.1141,41.6302,36.7377,32.5264,29.2038,26.2663,23.8083,21.5779,19.4934,17.4847,14.6744,12.2868,8.6837,4.3534,-0.2811,-6.2109,-11.7838,-18.4080,-25.5082,-33.8681,-42.7632,-51.7614,-60.8878
60,0.5000,No dynamic rebalance,5.0000,4977.4070,248.8703,survival,1.0000,1.0000,1.0000,1.0000,1.0000,1.0000,1.0000,1.0000,1.0000,1.0000,1.0000,1.0000,1.0000,1.0000,1.0000,1.0000,1.0000,1.0000,1.0000,1.0000,1.0000,1.0000,1.0000,1.0000,1.0000,1.0000,1.0000,1.0000,1.0000,1.0000,1.0000,1.0000,1.0000,1.0000,1.0000,1.0000
60,0.5000,No dynamic rebalance,5.0000,4977.4070,248.8703,spend25p,107.4802,100.4422,93.4623,87.2622,80.5572,74.1640,67.9676,60.5478,53.2017,45.2870,37.6776,30.0226,23.1758,16.7964,10.7394,6.0446,1.2764,-2.6170,-5.7143,-8.9609,-11.8745,-14.6947,-17.4377,-20.2505,-23.5463,-27.0696,-30.8061,-34.9271,-39.1580,-43.8229,-48.7224,-53.8417,-59.2050,-65.2440,-71.4797,-78.2530
60,0.5000,No dynamic rebalance,5.0000,4977.4070,248.8703,spend50p,108.4047,103.0901,98.0378,93.3330,88.6227,83.6845,78.3715,72.9682,66.5720,59.8341,52.5493,45.0735,38.3317,31.6079,25.3978,20.2069,15.8349,11.5527,8.0881,5.1143,2.3328,-0.2735,-2.7323,-5.4095,-8.5315,-12.4191,-16.0788,-20.5128,-25.6423,-31.0651,-36.5421,-42.5393,-49.0992,-56.0965,-63.0443,-70.0001
60,0.5000,No dynamic rebalance,5.0000,4977.4070,248.8703,spend75p,109.3103,105.8115,102.6458,99.7748,97.1240,94.3681,90.6223,86.4383,81.0266,74.6210,67.9326,60.8222,53.4381,47.1141,41.6302,36.7377,32.5264,29.2038,26.2663,23.8083,21.5779,19.4934,17.4847,14.6744,12.2868,8.6837,4.3534,-0.2811,-6.2109,-11.7838,-18.4080,-25.5082,-33.8681,-42.7632,-51.7614,-60.8878
60,0.5000,固定最適比率,5.0000,4977.4070,248.8703,survival,1.0000,1.0000,1.0000,1.0000,1.0000,1.0000,1.0000,1.0000,1.0000,1.0000,1.0000,1.0000,1.0000,1.0000,1.0000,1.0000,1.0000,1.0000,1.0000,1.0000,1.0000,1.0000,1.0000,1.0000,1.0000,1.0000,1.0000,1.0000,1.0000,1.0000,1.0000,1.0000,1.0000,1.0000,1.0000,1.0000
60,0.5000,固定最適比率,5.0000,4977.4070,248.8703,spend25p,107.4802,100.4422,93.4623,87.2622,80.5572,74.1640,67.9676,60.5478,53.2017,45.2870,37.6776,30.0226,23.1758,16.7964,10.7394,6.0446,1.2764,-2.6170,-5.7143,-8.9609,-11.8745,-14.6947,-17.4377,-20.2505,-23.5463,-27.0696,-30.8061,-34.9271,-39.1580,-43.8229,-48.7224,-53.8417,-59.2050,-65.2440,-71.4797,-78.2530
60,0.5000,固定最適比率,5.0000,4977.4070,248.8703,spend50p,108.4047,103.0901,98.0378,93.3330,88.6227,83.6845,78.3715,72.9682,66.5720,59.8341,52.5493,45.0735,38.3317,31.6079,25.3978,20.2069,15.8349,11.5527,8.0881,5.1143,2.3328,-0.2735,-2.7323,-5.4095,-8.5315,-12.4191,-16.0788,-20.5128,-25.6423,-31.0651,-36.5421,-42.5393,-49.0992,-56.0965,-63.0443,-70.0001
60,0.5000,固定最適比率,5.0000,4977.4070,248.8703,spend75p,109.3103,105.8115,102.6458,99.7748,97.1240,94.3681,90.6223,86.4383,81.0266,74.6210,67.9326,60.8222,53.4381,47.1141,41.6302,36.7377,32.5264,29.2038,26.2663,23.8083,21.5779,19.4934,17.4847,14.6744,12.2868,8.6837,4.3534,-0.2811,-6.2109,-11.7838,-18.4080,-25.5082,-33.8681,-42.7632,-51.7614,-60.8878
60,0.5000,DynamicV1Rebalance,5.0000,4977.4070,248.8703,survival,1.0000,1.0000,1.0000,1.0000,1.0000,1.0000,1.0000,1.0000,1.0000,1.0000,1.0000,1.0000,1.0000,1.0000,1.0000,1.0000,1.0000,1.0000,1.0000,1.0000,1.0000,1.0000,1.0000,1.0000,1.0000,1.0000,1.0000,1.0000,1.0000,1.0000,1.0000,1.0000,1.0000,1.0000,1.0000,1.0000
60,0.5000,DynamicV1Rebalance,5.0000,4977.4070,248.8703,spend25p,107.4802,100.4422,93.4623,87.2622,80.5572,74.1640,67.9676,60.5478,53.2017,45.2870,37.6776,30.0226,23.1758,16.7964,10.7394,6.0446,1.2764,-2.6170,-5.7143,-8.9609,-11.8745,-14.6947,-17.4377,-20.2505,-23.5463,-27.0696,-30.8061,-34.9271,-39.1580,-43.8229,-48.7224,-53.8417,-59.2050,-65.2440,-71.4797,-78.2530
60,0.5000,DynamicV1Rebalance,5.0000,4977.4070,248.8703,spend50p,108.4047,103.0901,98.0378,93.3330,88.6227,83.6845,78.3715,72.9682,66.5720,59.8341,52.5493,45.0735,38.3317,31.6079,25.3978,20.2069,15.8349,11.5527,8.0881,5.1143,2.3328,-0.2735,-2.7323,-5.4095,-8.5315,-12.4191,-16.0788,-20.5128,-25.6423,-31.0651,-36.5421,-42.5393,-49.0992,-56.0965,-63.0443,-70.0001
60,0.5000,DynamicV1Rebalance,5.0000,4977.4070,248.8703,spend75p,109.3103,105.8115,102.6458,99.7748,97.1240,94.3681,90.6223,86.4383,81.0266,74.6210,67.9326,60.8222,53.4381,47.1141,41.6302,36.7377,32.5264,29.2038,26.2663,23.8083,21.5779,19.4934,17.4847,14.6744,12.2868,8.6837,4.3534,-0.2811,-6.2109,-11.7838,-18.4080,-25.5082,-33.8681,-42.7632,-51.7614,-60.8878
60,0.5000,SpendAwareDPRebalance (re60),5.0000,4977.4070,248.8703,survival,1.0000,1.0000,1.0000,1.0000,1.0000,1.0000,1.0000,1.0000,1.0000,1.0000,1.0000,1.0000,1.0000,1.0000,1.0000,1.0000,1.0000,1.0000,1.0000,1.0000,1.0000,1.0000,1.0000,1.0000,1.0000,1.0000,1.0000,1.0000,1.0000,1.0000,1.0000,1.0000,1.0000,1.0000,1.0000,1.0000
60,0.5000,SpendAwareDPRebalance (re60),5.0000,4977.4070,248.8703,spend25p,107.4802,100.4422,93.4623,87.2622,80.5572,74.1640,67.9676,60.5478,53.2017,45.2870,37.6776,30.0226,23.1758,16.7964,10.7394,6.0446,1.2764,-2.6170,-5.7143,-8.9609,-11.8745,-14.6947,-17.4377,-20.2505,-23.5463,-27.0696,-30.8061,-34.9271,-39.1580,-43.8229,-48.7224,-53.8417,-59.2050,-65.2440,-71.4797,-78.2530
60,0.5000,SpendAwareDPRebalance (re60),5.0000,4977.4070,248.8703,spend50p,108.4047,103.0901,98.0378,93.3330,88.6227,83.6845,78.3715,72.9682,66.5720,59.8341,52.5493,45.0735,38.3317,31.6079,25.3978,20.2069,15.8349,11.5527,8.0881,5.1143,2.3328,-0.2735,-2.7323,-5.4095,-8.5315,-12.4191,-16.0788,-20.5128,-25.6423,-31.0651,-36.5421,-42.5393,-49.0992,-56.0965,-63.0443,-70.0001
60,0.5000,SpendAwareDPRebalance (re60),5.0000,4977.4070,248.8703,spend75p,109.3103,105.8115,102.6458,99.7748,97.1240,94.3681,90.6223,86.4383,81.0266,74.6210,67.9326,60.8222,53.4381,47.1141,41.6302,36.7377,32.5264,29.2038,26.2663,23.8083,21.5779,19.4934,17.4847,14.6744,12.2868,8.6837,4.3534,-0.2811,-6.2109,-11.7838,-18.4080,-25.5082,-33.8681,-42.7632,-51.7614,-60.8878
60,0.5000,SpendAwareDPRebalance (re40),5.0000,4977.4070,248.8703,survival,1.0000,1.0000,1.0000,1.0000,1.0000,1.0000,1.0000,1.0000,1.0000,1.0000,1.0000,1.0000,1.0000,1.0000,1.0000,1.0000,1.0000,1.0000,1.0000,1.0000,1.0000,1.0000,1.0000,1.0000,1.0000,1.0000,1.0000,1.0000,1.0000,1.0000,1.0000,1.0000,1.0000,1.0000,1.0000,1.0000
60,0.5000,SpendAwareDPRebalance (re40),5.0000,4977.4070,248.8703,spend25p,107.4802,100.4422,93.4623,87.2622,80.5572,74.1640,67.9676,60.5478,53.2017,45.2870,37.6776,30.0226,23.1758,16.7964,10.7394,6.0446,1.2764,-2.6170,-5.7143,-8.9609,-11.8745,-14.6947,-17.4377,-20.2505,-23.5463,-27.0696,-30.8061,-34.9271,-39.1580,-43.8229,-48.7224,-53.8417,-59.2050,-65.2440,-71.4797,-78.2530
60,0.5000,SpendAwareDPRebalance (re40),5.0000,4977.4070,248.8703,spend50p,108.4047,103.0901,98.0378,93.3330,88.6227,83.6845,78.3715,72.9682,66.5720,59.8341,52.5493,45.0735,38.3317,31.6079,25.3978,20.2069,15.8349,11.5527,8.0881,5.1143,2.3328,-0.2735,-2.7323,-5.4095,-8.5315,-12.4191,-16.0788,-20.5128,-25.6423,-31.0651,-36.5421,-42.5393,-49.0992,-56.0965,-63.0443,-70.0001
60,0.5000,SpendAwareDPRebalance (re40),5.0000,4977.4070,248.8703,spend75p,109.3103,105.8115,102.6458,99.7748,97.1240,94.3681,90.6223,86.4383,81.0266,74.6210,67.9326,60.8222,53.4381,47.1141,41.6302,36.7377,32.5264,29.2038,26.2663,23.8083,21.5779,19.4934,17.4847,14.6744,12.2868,8.6837,4.3534,-0.2811,-6.2109,-11.7838,-18.4080,-25.5082,-33.8681,-42.7632,-51.7614,-60.8878
60,0.5000,No dynamic rebalance,6.0000,4147.8391,248.8703,survival,1.0000,1.0000,1.0000,1.0000,1.0000,1.0000,1.0000,1.0000,1.0000,1.0000,1.0000,1.0000,1.0000,1.0000,1.0000,1.0000,1.0000,1.0000,1.0000,0.9995,0.9995,0.9995,0.9995,0.9995,0.9995,0.9995,0.9995,0.9995,0.9990,0.9990,0.9990,0.9990,0.9990,0.9990,0.9985,0.9985
60,0.5000,No dynamic rebalance,6.0000,4147.8391,248.8703,spend25p,107.4802,100.4422,93.4623,87.2622,80.5572,74.1640,67.9676,60.5478,53.2017,45.2870,37.6776,30.0226,23.1758,16.7964,10.7394,6.0446,1.2764,-2.6170,-5.7143,-8.9609,-11.8745,-14.6947,-17.4377,-20.2505,-23.5463,-27.0696,-30.8061,-34.9271,-39.1580,-43.8229,-48.7224,-53.8099,-59.1869,-65.2412,-71.4671,-78.2359
60,0.5000,No dynamic rebalance,6.0000,4147.8391,248.8703,spend50p,108.4047,103.0901,98.0378,93.3330,88.6227,83.6845,78.3715,72.9682,66.5720,59.8341,52.5493,45.0735,38.3317,31.6079,25.3978,20.2069,15.8349,11.5527,8.0881,5.0965,2.3017,-0.2735,-2.7323,-5.4095,-8.5315,-12.4191,-16.0788,-20.5128,-25.6423,-31.0463,-36.5277,-42.5115,-49.0874,-56.0865,-62.9962,-69.9703
60,0.5000,No dynamic rebalance,6.0000,4147.8391,248.8703,spend75p,109.3103,105.8115,102.6458,99.7748,97.1240,94.3681,90.6223,86.4383,81.0266,74.6210,67.9326,60.8222,53.4381,47.1141,41.6302,36.7377,32.5264,29.2038,26.2663,23.7839,21.5417,19.4613,17.3527,14.6252,12.2210,8.5889,4.3246,-0.2811,-6.1832,-11.6755,-18.3879,-25.4846,-33.8492,-42.7255,-51.7307,-60.8742
60,0.5000,固定最適比率,6.0000,4147.8391,248.8703,survival,1.0000,1.0000,1.0000,1.0000,1.0000,1.0000,1.0000,1.0000,1.0000,1.0000,1.0000,1.0000,1.0000,1.0000,1.0000,1.0000,1.0000,1.0000,1.0000,0.9995,0.9995,0.9995,0.9995,0.9995,0.9995,0.9995,0.9995,0.9995,0.9990,0.9990,0.9990,0.9990,0.9990,0.9990,0.9985,0.9985
60,0.5000,固定最適比率,6.0000,4147.8391,248.8703,spend25p,107.4802,100.4422,93.4623,87.2622,80.5572,74.1640,67.9676,60.5478,53.2017,45.2870,37.6776,30.0226,23.1758,16.7964,10.7394,6.0446,1.2764,-2.6170,-5.7143,-8.9609,-11.8745,-14.6947,-17.4377,-20.2505,-23.5463,-27.0696,-30.8061,-34.9271,-39.1580,-43.8229,-48.7224,-53.8099,-59.1869,-65.2412,-71.4671,-78.2359
60,0.5000,固定最適比率,6.0000,4147.8391,248.8703,spend50p,108.4047,103.0901,98.0378,93.3330,88.6227,83.6845,78.3715,72.9682,66.5720,59.8341,52.5493,45.0735,38.3317,31.6079,25.3978,20.2069,15.8349,11.5527,8.0881,5.0965,2.3017,-0.2735,-2.7323,-5.4095,-8.5315,-12.4191,-16.0788,-20.5128,-25.6423,-31.0463,-36.5277,-42.5115,-49.0874,-56.0865,-62.9962,-69.9703
60,0.5000,固定最適比率,6.0000,4147.8391,248.8703,spend75p,109.3103,105.8115,102.6458,99.7748,97.1240,94.3681,90.6223,86.4383,81.0266,74.6210,67.9326,60.8222,53.4381,47.1141,41.6302,36.7377,32.5264,29.2038,26.2663,23.7839,21.5417,19.4613,17.3527,14.6252,12.2210,8.5889,4.3246,-0.2811,-6.1832,-11.6755,-18.3879,-25.4846,-33.8492,-42.7255,-51.7307,-60.8742
60,0.5000,DynamicV1Rebalance,6.0000,4147.8391,248.8703,survival,1.0000,1.0000,1.0000,1.0000,1.0000,1.0000,1.0000,1.0000,1.0000,1.0000,1.0000,1.0000,1.0000,1.0000,1.0000,1.0000,1.0000,1.0000,1.0000,1.0000,1.0000,1.0000,1.0000,1.0000,1.0000,1.0000,1.0000,1.0000,1.0000,1.0000,1.0000,1.0000,1.0000,1.0000,1.0000,1.0000
60,0.5000,DynamicV1Rebalance,6.0000,4147.8391,248.8703,spend25p,107.4802,100.4422,93.4623,87.2622,80.5572,74.1640,67.9676,60.5478,53.2017,45.2870,37.6776,30.0226,23.1758,16.7964,10.7394,6.0446,1.2764,-2.6170,-5.7143,-8.9609,-11.8745,-14.6947,-17.4377,-20.2505,-23.5463,-27.0696,-30.8061,-34.9271,-39.1580,-43.8229,-48.7224,-53.8417,-59.2050,-65.2440,-71.4797,-78.2530
60,0.5000,DynamicV1Rebalance,6.0000,4147.8391,248.8703,spend50p,108.4047,103.0901,98.0378,93.3330,88.6227,83.6845,78.3715,72.9682,66.5720,59.8341,52.5493,45.0735,38.3317,31.6079,25.3978,20.2069,15.8349,11.5527,8.0881,5.1143,2.3328,-0.2735,-2.7323,-5.4095,-8.5315,-12.4191,-16.0788,-20.5128,-25.6423,-31.0651,-36.5421,-42.5393,-49.0992,-56.0965,-63.0443,-70.0001
60,0.5000,DynamicV1Rebalance,6.0000,4147.8391,248.8703,spend75p,109.3103,105.8115,102.6458,99.7748,97.1240,94.3681,90.6223,86.4383,81.0266,74.6210,67.9326,60.8222,53.4381,47.1141,41.6302,36.7377,32.5264,29.2038,26.2663,23.8083,21.5779,19.4934,17.4847,14.6744,12.2868,8.6837,4.3534,-0.2811,-6.2109,-11.7838,-18.4080,-25.5082,-33.8681,-42.7632,-51.7614,-60.8878
60,0.5000,SpendAwareDPRebalance (re60),6.0000,4147.8391,248.8703,survival,1.0000,1.0000,1.0000,1.0000,1.0000,1.0000,1.0000,1.0000,1.0000,1.0000,1.0000,1.0000,1.0000,1.0000,1.0000,1.0000,1.0000,1.0000,1.0000,1.0000,1.0000,1.0000,1.0000,1.0000,1.0000,1.0000,1.0000,1.0000,1.0000,1.0000,1.0000,1.0000,1.0000,1.0000,1.0000,1.0000
60,0.5000,SpendAwareDPRebalance (re60),6.0000,4147.8391,248.8703,spend25p,107.4802,100.4422,93.4623,87.2622,80.5572,74.1640,67.9676,60.5478,53.2017,45.2870,37.6776,30.0226,23.1758,16.7964,10.7394,6.0446,1.2764,-2.6170,-5.7143,-8.9609,-11.8745,-14.6947,-17.4377,-20.2505,-23.5463,-27.0696,-30.8061,-34.9271,-39.1580,-43.8229,-48.7224,-53.8417,-59.2050,-65.2440,-71.4797,-78.2530
60,0.5000,SpendAwareDPRebalance (re60),6.0000,4147.8391,248.8703,spend50p,108.4047,103.0901,98.0378,93.3330,88.6227,83.6845,78.3715,72.9682,66.5720,59.8341,52.5493,45.0735,38.3317,31.6079,25.3978,20.2069,15.8349,11.5527,8.0881,5.1143,2.3328,-0.2735,-2.7323,-5.4095,-8.5315,-12.4191,-16.0788,-20.5128,-25.6423,-31.0651,-36.5421,-42.5393,-49.0992,-56.0965,-63.0443,-70.0001
60,0.5000,SpendAwareDPRebalance (re60),6.0000,4147.8391,248.8703,spend75p,109.3103,105.8115,102.6458,99.7748,97.1240,94.3681,90.6223,86.4383,81.0266,74.6210,67.9326,60.8222,53.4381,47.1141,41.6302,36.7377,32.5264,29.2038,26.2663,23.8083,21.5779,19.4934,17.4847,14.6744,12.2868,8.6837,4.3534,-0.2811,-6.2109,-11.7838,-18.4080,-25.5082,-33.8681,-42.7632,-51.7614,-60.8878
60,0.5000,SpendAwareDPRebalance (re40),6.0000,4147.8391,248.8703,survival,1.0000,1.0000,1.0000,1.0000,1.0000,1.0000,1.0000,1.0000,1.0000,1.0000,1.0000,1.0000,1.0000,1.0000,1.0000,1.0000,1.0000,1.0000,1.0000,1.0000,1.0000,1.0000,1.0000,1.0000,1.0000,1.0000,1.0000,1.0000,1.0000,1.0000,1.0000,1.0000,1.0000,1.0000,1.0000,1.0000
60,0.5000,SpendAwareDPRebalance (re40),6.0000,4147.8391,248.8703,spend25p,107.4802,100.4422,93.4623,87.2622,80.5572,74.1640,67.9676,60.5478,53.2017,45.2870,37.6776,30.0226,23.1758,16.7964,10.7394,6.0446,1.2764,-2.6170,-5.7143,-8.9609,-11.8745,-14.6947,-17.4377,-20.2505,-23.5463,-27.0696,-30.8061,-34.9271,-39.1580,-43.8229,-48.7224,-53.8417,-59.2050,-65.2440,-71.4797,-78.2530
60,0.5000,SpendAwareDPRebalance (re40),6.0000,4147.8391,248.8703,spend50p,108.4047,103.0901,98.0378,93.3330,88.6227,83.6845,78.3715,72.9682,66.5720,59.8341,52.5493,45.0735,38.3317,31.6079,25.3978,20.2069,15.8349,11.5527,8.0881,5.1143,2.3328,-0.2735,-2.7323,-5.4095,-8.5315,-12.4191,-16.0788,-20.5128,-25.6423,-31.0651,-36.5421,-42.5393,-49.0992,-56.0965,-63.0443,-70.0001
60,0.5000,SpendAwareDPRebalance (re40),6.0000,4147.8391,248.8703,spend75p,109.3103,105.8115,102.6458,99.7748,97.1240,94.3681,90.6223,86.4383,81.0266,74.6210,67.9326,60.8222,53.4381,47.1141,41.6302,36.7377,32.5264,29.2038,26.2663,23.8083,21.5779,19.4934,17.4847,14.6744,12.2868,8.6837,4.3534,-0.2811,-6.2109,-11.7838,-18.4080,-25.5082,-33.8681,-42.7632,-51.7614,-60.8878
60,0.5000,No dynamic rebalance,7.0000,3555.2907,248.8703,survival,1.0000,1.0000,1.0000,1.0000,1.0000,1.0000,1.0000,1.0000,1.0000,1.0000,1.0000,1.0000,1.0000,1.0000,1.0000,1.0000,1.0000,0.9990,0.9990,0.9990,0.9990,0.9990,0.9990,0.9990,0.9990,0.9990,0.9985,0.9985,0.9970,0.9970,0.9970,0.9970,0.9970,0.9970,0.9970,0.9970
60,0.5000,No dynamic rebalance,7.0000,3555.2907,248.8703,spend25p,107.4802,100.4422,93.4623,87.2622,80.5572,74.1640,67.9676,60.5478,53.2017,45.2870,37.6776,30.0226,23.1758,16.7964,10.7394,6.0446,1.2764,-2.6170,-5.7143,-8.9609,-11.8745,-14.6947,-17.4377,-20.2505,-23.5463,-27.0696,-30.8061,-34.9271,-39.1580,-43.8229,-48.7224,-53.8099,-59.1869,-65.2412,-71.4671,-78.2359
60,0.5000,No dynamic rebalance,7.0000,3555.2907,248.8703,spend50p,108.4047,103.0901,98.0378,93.3330,88.6227,83.6845,78.3715,72.9682,66.5720,59.8341,52.5493,45.0735,38.3317,31.6079,25.3978,20.2069,15.8349,11.5216,8.0724,5.0813,2.2464,-0.2735,-2.7323,-5.4095,-8.5315,-12.4191,-16.0788,-20.5128,-25.6423,-31.0463,-36.5277,-42.5115,-49.0874,-56.0865,-62.9962,-69.9703
60,0.5000,No dynamic rebalance,7.0000,3555.2907,248.8703,spend75p,109.3103,105.8115,102.6458,99.7748,97.1240,94.3681,90.6223,86.4383,81.0266,74.6210,67.9326,60.8222,53.4381,47.1141,41.6302,36.7377,32.5264,29.1831,26.1417,23.7165,21.5069,19.4413,17.2726,14.6022,12.0420,8.5323,4.2670,-0.2811,-6.1832,-11.6755,-18.3879,-25.4846,-33.8492,-42.7255,-51.7307,-60.8742
60,0.5000,固定最適比率,7.0000,3555.2907,248.8703,survival,1.0000,1.0000,1.0000,1.0000,1.0000,1.0000,1.0000,1.0000,1.0000,1.0000,1.0000,1.0000,1.0000,1.0000,1.0000,1.0000,1.0000,0.9990,0.9990,0.9990,0.9990,0.9990,0.9990,0.9990,0.9990,0.9990,0.9985,0.9985,0.9970,0.9970,0.9970,0.9970,0.9970,0.9970,0.9970,0.9970
60,0.5000,固定最適比率,7.0000,3555.2907,248.8703,spend25p,107.4802,100.4422,93.4623,87.2622,80.5572,74.1640,67.9676,60.5478,53.2017,45.2870,37.6776,30.0226,23.1758,16.7964,10.7394,6.0446,1.2764,-2.6170,-5.7143,-8.9609,-11.8745,-14.6947,-17.4377,-20.2505,-23.5463,-27.0696,-30.8061,-34.9271,-39.1580,-43.8229,-48.7224,-53.8099,-59.1869,-65.2412,-71.4671,-78.2359
60,0.5000,固定最適比率,7.0000,3555.2907,248.8703,spend50p,108.4047,103.0901,98.0378,93.3330,88.6227,83.6845,78.3715,72.9682,66.5720,59.8341,52.5493,45.0735,38.3317,31.6079,25.3978,20.2069,15.8349,11.5216,8.0724,5.0813,2.2464,-0.2735,-2.7323,-5.4095,-8.5315,-12.4191,-16.0788,-20.5128,-25.6423,-31.0463,-36.5277,-42.5115,-49.0874,-56.0865,-62.9962,-69.9703
60,0.5000,固定最適比率,7.0000,3555.2907,248.8703,spend75p,109.3103,105.8115,102.6458,99.7748,97.1240,94.3681,90.6223,86.4383,81.0266,74.6210,67.9326,60.8222,53.4381,47.1141,41.6302,36.7377,32.5264,29.1831,26.1417,23.7165,21.5069,19.4413,17.2726,14.6022,12.0420,8.5323,4.2670,-0.2811,-6.1832,-11.6755,-18.3879,-25.4846,-33.8492,-42.7255,-51.7307,-60.8742
60,0.5000,DynamicV1Rebalance,7.0000,3555.2907,248.8703,survival,1.0000,1.0000,1.0000,1.0000,1.0000,1.0000,1.0000,1.0000,1.0000,1.0000,1.0000,1.0000,1.0000,1.0000,1.0000,1.0000,1.0000,1.0000,1.0000,1.0000,1.0000,0.9995,0.9995,0.9995,0.9995,0.9995,0.9995,0.9995,0.9995,0.9995,0.9990,0.9990,0.9990,0.9990,0.9990,0.9990
60,0.5000,DynamicV1Rebalance,7.0000,3555.2907,248.8703,spend25p,107.4802,100.4422,93.4623,87.2622,80.5572,74.1640,67.9676,60.5478,53.2017,45.2870,37.6776,30.0226,23.1758,16.7964,10.7394,6.0446,1.2764,-2.6170,-5.7143,-8.9609,-11.8745,-14.6947,-17.4377,-20.2505,-23.5463,-27.0696,-30.8061,-34.9271,-39.1580,-43.8229,-48.7224,-53.8099,-59.1869,-65.2412,-71.4671,-78.2359
60,0.5000,DynamicV1Rebalance,7.0000,3555.2907,248.8703,spend50p,108.4047,103.0901,98.0378,93.3330,88.6227,83.6845,78.3715,72.9682,66.5720,59.8341,52.5493,45.0735,38.3317,31.6079,25.3978,20.2069,15.8349,11.5527,8.0881,5.1143,2.3328,-0.2735,-2.7323,-5.4095,-8.5315,-12.4191,-16.0788,-20.5128,-25.6423,-31.0463,-36.5277,-42.5115,-49.0874,-56.0865,-62.9962,-69.9703
60,0.5000,DynamicV1Rebalance,7.0000,3555.2907,248.8703,spend75p,109.3103,105.8115,102.6458,99.7748,97.1240,94.3681,90.6223,86.4383,81.0266,74.6210,67.9326,60.8222,53.4381,47.1141,41.6302,36.7377,32.5264,29.2038,26.2663,23.8083,21.5779,19.4613,17.3527,14.6252,12.2210,8.5889,4.3246,-0.2811,-6.1832,-11.6755,-18.3879,-25.4846,-33.8492,-42.7255,-51.7307,-60.8742
60,0.5000,SpendAwareDPRebalance (re60),7.0000,3555.2907,248.8703,survival,1.0000,1.0000,1.0000,1.0000,1.0000,1.0000,1.0000,1.0000,1.0000,1.0000,1.0000,1.0000,1.0000,1.0000,1.0000,1.0000,1.0000,1.0000,1.0000,1.0000,1.0000,1.0000,1.0000,1.0000,1.0000,1.0000,1.0000,1.0000,1.0000,1.0000,1.0000,1.0000,1.0000,1.0000,1.0000,1.0000
60,0.5000,SpendAwareDPRebalance (re60),7.0000,3555.2907,248.8703,spend25p,107.4802,100.4422,93.4623,87.2622,80.5572,74.1640,67.9676,60.5478,53.2017,45.2870,37.6776,30.0226,23.1758,16.7964,10.7394,6.0446,1.2764,-2.6170,-5.7143,-8.9609,-11.8745,-14.6947,-17.4377,-20.2505,-23.5463,-27.0696,-30.8061,-34.9271,-39.1580,-43.8229,-48.7224,-53.8417,-59.2050,-65.2440,-71.4797,-78.2530
60,0.5000,SpendAwareDPRebalance (re60),7.0000,3555.2907,248.8703,spend50p,108.4047,103.0901,98.0378,93.3330,88.6227,83.6845,78.3715,72.9682,66.5720,59.8341,52.5493,45.0735,38.3317,31.6079,25.3978,20.2069,15.8349,11.5527,8.0881,5.1143,2.3328,-0.2735,-2.7323,-5.4095,-8.5315,-12.4191,-16.0788,-20.5128,-25.6423,-31.0651,-36.5421,-42.5393,-49.0992,-56.0965,-63.0443,-70.0001
60,0.5000,SpendAwareDPRebalance (re60),7.0000,3555.2907,248.8703,spend75p,109.3103,105.8115,102.6458,99.7748,97.1240,94.3681,90.6223,86.4383,81.0266,74.6210,67.9326,60.8222,53.4381,47.1141,41.6302,36.7377,32.5264,29.2038,26.2663,23.8083,21.5779,19.4934,17.4847,14.6744,12.2868,8.6837,4.3534,-0.2811,-6.2109,-11.7838,-18.4080,-25.5082,-33.8681,-42.7632,-51.7614,-60.8878
60,0.5000,SpendAwareDPRebalance (re40),7.0000,3555.2907,248.8703,survival,1.0000,1.0000,1.0000,1.0000,1.0000,1.0000,1.0000,1.0000,1.0000,1.0000,1.0000,1.0000,1.0000,1.0000,1.0000,1.0000,1.0000,1.0000,1.0000,1.0000,1.0000,1.0000,1.0000,1.0000,1.0000,1.0000,1.0000,1.0000,1.0000,1.0000,1.0000,1.0000,1.0000,1.0000,1.0000,1.0000
60,0.5000,SpendAwareDPRebalance (re40),7.0000,3555.2907,248.8703,spend25p,107.4802,100.4422,93.4623,87.2622,80.5572,74.1640,67.9676,60.5478,53.2017,45.2870,37.6776,30.0226,23.1758,16.7964,10.7394,6.0446,1.2764,-2.6170,-5.7143,-8.9609,-11.8745,-14.6947,-17.4377,-20.2505,-23.5463,-27.0696,-30.8061,-34.9271,-39.1580,-43.8229,-48.7224,-53.8417,-59.2050,-65.2440,-71.4797,-78.2530
60,0.5000,SpendAwareDPRebalance (re40),7.0000,3555.2907,248.8703,spend50p,108.4047,103.0901,98.0378,93.3330,88.6227,83.6845,78.3715,72.9682,66.5720,59.8341,52.5493,45.0735,38.3317,31.6079,25.3978,20.2069,15.8349,11.5527,8.0881,5.1143,2.3328,-0.2735,-2.7323,-5.4095,-8.5315,-12.4191,-16.0788,-20.5128,-25.6423,-31.0651,-36.5421,-42.5393,-49.0992,-56.0965,-63.0443,-70.0001
60,0.5000,SpendAwareDPRebalance (re40),7.0000,3555.2907,248.8703,spend75p,109.3103,105.8115,102.6458,99.7748,97.1240,94.3681,90.6223,86.4383,81.0266,74.6210,67.9326,60.8222,53.4381,47.1141,41.6302,36.7377,32.5264,29.2038,26.2663,23.8083,21.5779,19.4934,17.4847,14.6744,12.2868,8.6837,4.3534,-0.2811,-6.2109,-11.7838,-18.4080,-25.5082,-33.8681,-42.7632,-51.7614,-60.8878
60,0.5000,No dynamic rebalance,8.0000,3110.8794,248.8703,survival,1.0000,1.0000,1.0000,1.0000,1.0000,1.0000,1.0000,1.0000,1.0000,1.0000,1.0000,1.0000,0.9995,0.9995,0.9995,0.9990,0.9990,0.9990,0.9990,0.9990,0.9990,0.9975,0.9970,0.9965,0.9960,0.9955,0.9955,0.9955,0.9955,0.9955,0.9955,0.9945,0.9945,0.9945,0.9945,0.9945
60,0.5000,No dynamic rebalance,8.0000,3110.8794,248.8703,spend25p,107.4802,100.4422,93.4623,87.2622,80.5572,74.1640,67.9676,60.5478,53.2017,45.2870,37.6776,30.0226,23.1613,16.7167,10.7202,5.9867,1.2282,-2.6170,-5.7143,-8.9609,-11.8745,-14.6947,-17.4377,-20.2505,-23.5463,-27.0696,-30.8061,-34.9271,-39.1580,-43.8229,-48.7224,-53.8099,-59.1869,-65.2412,-71.4553,-78.2149
60,0.5000,No dynamic rebalance,8.0000,3110.8794,248.8703,spend50p,108.4047,103.0901,98.0378,93.3330,88.6227,83.6845,78.3715,72.9682,66.5720,59.8341,52.5493,45.0735,38.3284,31.5985,25.3508,20.1240,15.7932,11.5216,8.0724,5.0813,2.2464,-0.2735,-2.7323,-5.4095,-8.5315,-12.4191,-16.0788,-20.5128,-25.6423,-31.0463,-36.5277,-42.5115,-49.0614,-56.0768,-62.9661,-69.9484
60,0.5000,No dynamic rebalance,8.0000,3110.8794,248.8703,spend75p,109.3103,105.8115,102.6458,99.7748,97.1240,94.3681,90.6223,86.4383,81.0266,74.6210,67.9326,60.8222,53.4214,47.0564,41.5885,36.6938,32.4094,29.1831,26.1417,23.7165,21.5069,19.2222,16.7174,14.3785,11.6728,8.3345,4.1156,-0.0176,-6.0795,-11.4296,-18.1958,-25.3919,-33.8045,-42.5944,-51.6859,-60.8259
60,0.5000,固定最適比率,8.0000,3110.8794,248.8703,survival,1.0000,1.0000,1.0000,1.0000,1.0000,1.0000,1.0000,1.0000,1.0000,1.0000,1.0000,1.0000,0.9995,0.9995,0.9995,0.9990,0.9990,0.9990,0.9990,0.9990,0.9990,0.9975,0.9970,0.9965,0.9960,0.9955,0.9955,0.9955,0.9955,0.9955,0.9955,0.9945,0.9945,0.9945,0.9945,0.9945
60,0.5000,固定最適比率,8.0000,3110.8794,248.8703,spend25p,107.4802,100.4422,93.4623,87.2622,80.5572,74.1640,67.9676,60.5478,53.2017,45.2870,37.6776,30.0226,23.1613,16.7167,10.7202,5.9867,1.2282,-2.6170,-5.7143,-8.9609,-11.8745,-14.6947,-17.4377,-20.2505,-23.5463,-27.0696,-30.8061,-34.9271,-39.1580,-43.8229,-48.7224,-53.8099,-59.1869,-65.2412,-71.4553,-78.2149
60,0.5000,固定最適比率,8.0000,3110.8794,248.8703,spend50p,108.4047,103.0901,98.0378,93.3330,88.6227,83.6845,78.3715,72.9682,66.5720,59.8341,52.5493,45.0735,38.3284,31.5985,25.3508,20.1240,15.7932,11.5216,8.0724,5.0813,2.2464,-0.2735,-2.7323,-5.4095,-8.5315,-12.4191,-16.0788,-20.5128,-25.6423,-31.0463,-36.5277,-42.5115,-49.0614,-56.0768,-62.9661,-69.9484
60,0.5000,固定最適比率,8.0000,3110.8794,248.8703,spend75p,109.3103,105.8115,102.6458,99.7748,97.1240,94.3681,90.6223,86.4383,81.0266,74.6210,67.9326,60.8222,53.4214,47.0564,41.5885,36.6938,32.4094,29.1831,26.1417,23.7165,21.5069,19.2222,16.7174,14.3785,11.6728,8.3345,4.1156,-0.0176,-6.0795,-11.4296,-18.1958,-25.3919,-33.8045,-42.5944,-51.6859,-60.8259
60,0.5000,DynamicV1Rebalance,8.0000,3110.8794,248.8703,survival,1.0000,1.0000,1.0000,1.0000,1.0000,1.0000,1.0000,1.0000,1.0000,1.0000,1.0000,1.0000,1.0000,0.9995,0.9995,0.9995,0.9990,0.9990,0.9990,0.9990,0.9990,0.9980,0.9975,0.9975,0.9975,0.9975,0.9975,0.9975,0.9975,0.9975,0.9975,0.9975,0.9975,0.9970,0.9970,0.9970
60,0.5000,DynamicV1Rebalance,8.0000,3110.8794,248.8703,spend25p,107.4802,100.4422,93.4623,87.2622,80.5572,74.1640,67.9676,60.5478,53.2017,45.2870,37.6776,30.0226,23.1758,16.7167,10.7202,6.0265,1.2282,-2.6170,-5.7143,-8.9609,-11.8745,-14.6947,-17.4377,-20.2505,-23.5463,-27.0696,-30.8061,-34.9271,-39.1580,-43.8229,-48.7224,-53.8099,-59.1869,-65.2412,-71.4671,-78.2359
60,0.5000,DynamicV1Rebalance,8.0000,3110.8794,248.8703,spend50p,108.4047,103.0901,98.0378,93.3330,88.6227,83.6845,78.3715,72.9682,66.5720,59.8341,52.5493,45.0735,38.3317,31.5985,25.3508,20.1657,15.7932,11.5216,8.0724,5.0813,2.2464,-0.2735,-2.7323,-5.4095,-8.5315,-12.4191,-16.0788,-20.5128,-25.6423,-31.0463,-36.5277,-42.5115,-49.0874,-56.0865,-62.9962,-69.9492
60,0.5000,DynamicV1Rebalance,8.0000,3110.8794,248.8703,spend75p,109.3103,105.8115,102.6458,99.7748,97.1240,94.3681,90.6223,86.4383,81.0266,74.6210,67.9326,60.8222,53.4381,47.0564,41.5885,36.7080,32.4094,29.1831,26.1417,23.7165,21.5069,19.2369,16.7804,14.5629,11.8304,8.4672,4.2260,-0.1433,-6.1191,-11.4864,-18.3379,-25.4622,-33.8252,-42.6758,-51.6932,-60.8578
60,0.5000,SpendAwareDPRebalance (re60),8.0000,3110.8794,248.8703,survival,1.0000,1.0000,1.0000,1.0000,1.0000,1.0000,1.0000,1.0000,1.0000,1.0000,1.0000,1.0000,1.0000,1.0000,1.0000,1.0000,1.0000,1.0000,1.0000,1.0000,1.0000,1.0000,1.0000,1.0000,1.0000,1.0000,1.0000,1.0000,1.0000,1.0000,1.0000,1.0000,1.0000,1.0000,1.0000,1.0000
60,0.5000,SpendAwareDPRebalance (re60),8.0000,3110.8794,248.8703,spend25p,107.4802,100.4422,93.4623,87.2622,80.5572,74.1640,67.9676,60.5478,53.2017,45.2870,37.6776,30.0226,23.1758,16.7964,10.7394,6.0446,1.2764,-2.6170,-5.7143,-8.9609,-11.8745,-14.6947,-17.4377,-20.2505,-23.5463,-27.0696,-30.8061,-34.9271,-39.1580,-43.8229,-48.7224,-53.8417,-59.2050,-65.2440,-71.4797,-78.2530
60,0.5000,SpendAwareDPRebalance (re60),8.0000,3110.8794,248.8703,spend50p,108.4047,103.0901,98.0378,93.3330,88.6227,83.6845,78.3715,72.9682,66.5720,59.8341,52.5493,45.0735,38.3317,31.6079,25.3978,20.2069,15.8349,11.5527,8.0881,5.1143,2.3328,-0.2735,-2.7323,-5.4095,-8.5315,-12.4191,-16.0788,-20.5128,-25.6423,-31.0651,-36.5421,-42.5393,-49.0992,-56.0965,-63.0443,-70.0001
60,0.5000,SpendAwareDPRebalance (re60),8.0000,3110.8794,248.8703,spend75p,109.3103,105.8115,102.6458,99.7748,97.1240,94.3681,90.6223,86.4383,81.0266,74.6210,67.9326,60.8222,53.4381,47.1141,41.6302,36.7377,32.5264,29.2038,26.2663,23.8083,21.5779,19.4934,17.4847,14.6744,12.2868,8.6837,4.3534,-0.2811,-6.2109,-11.7838,-18.4080,-25.5082,-33.8681,-42.7632,-51.7614,-60.8878
60,0.5000,SpendAwareDPRebalance (re40),8.0000,3110.8794,248.8703,survival,1.0000,1.0000,1.0000,1.0000,1.0000,1.0000,1.0000,1.0000,1.0000,1.0000,1.0000,1.0000,1.0000,1.0000,1.0000,1.0000,1.0000,1.0000,1.0000,1.0000,1.0000,1.0000,1.0000,1.0000,1.0000,1.0000,1.0000,1.0000,1.0000,1.0000,1.0000,1.0000,1.0000,1.0000,1.0000,1.0000
60,0.5000,SpendAwareDPRebalance (re40),8.0000,3110.8794,248.8703,spend25p,107.4802,100.4422,93.4623,87.2622,80.5572,74.1640,67.9676,60.5478,53.2017,45.2870,37.6776,30.0226,23.1758,16.7964,10.7394,6.0446,1.2764,-2.6170,-5.7143,-8.9609,-11.8745,-14.6947,-17.4377,-20.2505,-23.5463,-27.0696,-30.8061,-34.9271,-39.1580,-43.8229,-48.7224,-53.8417,-59.2050,-65.2440,-71.4797,-78.2530
60,0.5000,SpendAwareDPRebalance (re40),8.0000,3110.8794,248.8703,spend50p,108.4047,103.0901,98.0378,93.3330,88.6227,83.6845,78.3715,72.9682,66.5720,59.8341,52.5493,45.0735,38.3317,31.6079,25.3978,20.2069,15.8349,11.5527,8.0881,5.1143,2.3328,-0.2735,-2.7323,-5.4095,-8.5315,-12.4191,-16.0788,-20.5128,-25.6423,-31.0651,-36.5421,-42.5393,-49.0992,-56.0965,-63.0443,-70.0001
60,0.5000,SpendAwareDPRebalance (re40),8.0000,3110.8794,248.8703,spend75p,109.3103,105.8115,102.6458,99.7748,97.1240,94.3681,90.6223,86.4383,81.0266,74.6210,67.9326,60.8222,53.4381,47.1141,41.6302,36.7377,32.5264,29.2038,26.2663,23.8083,21.5779,19.4934,17.4847,14.6744,12.2868,8.6837,4.3534,-0.2811,-6.2109,-11.7838,-18.4080,-25.5082,-33.8681,-42.7632,-51.7614,-60.8878
60,0.7500,No dynamic rebalance,2.5000,14932.2209,373.3055,survival,1.0000,1.0000,1.0000,1.0000,1.0000,1.0000,1.0000,1.0000,1.0000,1.0000,1.0000,1.0000,1.0000,1.0000,1.0000,1.0000,1.0000,1.0000,1.0000,1.0000,1.0000,1.0000,1.0000,0.9995,0.9995,0.9995,0.9980,0.9980,0.9975,0.9975,0.9970,0.9965,0.9965,0.9965,0.9965,0.9960
60,0.7500,No dynamic rebalance,2.5000,14932.2209,373.3055,spend25p,232.0725,222.0731,212.1297,203.2052,193.9104,184.7971,176.2948,165.9568,155.2948,144.2742,133.7464,123.7398,114.6796,105.6455,98.5379,92.5345,86.6784,82.9190,78.9274,76.2299,73.5898,71.8083,68.9651,66.6612,63.0784,60.0442,56.5051,53.2108,47.5896,42.8392,36.9202,31.9820,26.5821,19.6587,12.7714,6.4568
60,0.7500,No dynamic rebalance,2.5000,14932.2209,373.3055,spend50p,233.8328,227.1271,220.8838,215.3277,209.7141,203.4680,197.9163,191.6681,184.0467,175.5450,167.4998,158.9717,151.2648,143.2276,136.3053,130.7750,126.2199,122.6910,120.1270,117.8105,117.2118,115.6410,113.9681,112.9097,110.5564,109.7797,107.1821,104.2192,100.5736,96.2720,91.2137,85.1432,77.5646,72.4048,66.2875,59.7323
60,0.7500,No dynamic rebalance,2.5000,14932.2209,373.3055,spend75p,235.6333,232.4574,230.0322,228.0806,226.9438,225.8796,223.5452,219.8594,215.2857,209.1199,203.0354,196.0972,188.8527,183.9999,180.4335,176.2884,175.3425,173.4215,173.5724,176.1422,177.6437,178.4720,180.4278,181.8252,182.5845,180.4349,179.4157,178.6075,174.1550,171.6888,169.9432,165.4182,160.5220,152.1437,145.9066,138.0160
60,0.7500,固定最適比率,2.5000,14932.2209,373.3055,survival,1.0000,1.0000,1.0000,1.0000,1.0000,1.0000,1.0000,1.0000,1.0000,1.0000,1.0000,1.0000,1.0000,1.0000,1.0000,1.0000,1.0000,1.0000,1.0000,1.0000,1.0000,1.0000,1.0000,1.0000,1.0000,1.0000,1.0000,1.0000,1.0000,1.0000,1.0000,1.0000,1.0000,1.0000,1.0000,1.0000
60,0.7500,固定最適比率,2.5000,14932.2209,373.3055,spend25p,232.0725,222.0731,212.1297,203.2052,193.9104,184.7971,176.2948,165.9568,155.2948,144.2742,133.7464,123.7398,114.6796,105.6455,98.5379,92.5345,86.6784,82.9190,78.9274,76.2299,73.5898,71.8083,68.9651,66.7182,63.1653,60.1050,57.0366,53.4111,48.0895,43.4813,37.6316,32.5370,27.1332,20.6568,14.0458,7.2634
60,0.7500,固定最適比率,2.5000,14932.2209,373.3055,spend50p,233.8328,227.1271,220.8838,215.3277,209.7141,203.4680,197.9163,191.6681,184.0467,175.5450,167.4998,158.9717,151.2648,143.2276,136.3053,130.7750,126.2199,122.6910,120.1270,117.8105,117.2118,115.6410,113.9681,112.9406,110.5834,109.9324,107.3051,105.0953,100.9464,96.7951,91.9618,85.8620,78.8444,73.1796,66.7286,60.3979
60,0.7500,固定最適比率,2.5000,14932.2209,373.3055,spend75p,235.6333,232.4574,230.0322,228.0806,226.9438,225.8796,223.5452,219.8594,215.2857,209.1199,203.0354,196.0972,188.8527,183.9999,180.4335,176.2884,175.3425,173.4215,173.5724,176.1422,177.6437,178.4720,180.4278,182.2429,182.6818,180.7749,180.4685,179.5586,175.6342,173.0820,170.8373,166.0226,161.6013,153.8382,146.7046,138.9392
60,0.7500,DynamicV1Rebalance,2.5000,14932.2209,373.3055,survival,1.0000,1.0000,1.0000,1.0000,1.0000,1.0000,1.0000,1.0000,1.0000,1.0000,1.0000,1.0000,1.0000,1.0000,1.0000,1.0000,1.0000,1.0000,1.0000,1.0000,1.0000,1.0000,1.0000,1.0000,1.0000,1.0000,1.0000,1.0000,1.0000,1.0000,1.0000,1.0000,1.0000,1.0000,1.0000,1.0000
60,0.7500,DynamicV1Rebalance,2.5000,14932.2209,373.3055,spend25p,232.0725,222.0731,212.1297,203.2052,193.9104,184.7971,176.2948,165.9568,155.2948,144.2742,133.7464,123.7398,114.6796,105.6455,98.5379,92.5345,86.6784,82.9190,78.9274,76.2299,73.5898,71.8083,68.9651,66.7182,63.1653,60.1050,57.0366,53.4111,48.0895,43.4813,37.6316,32.5370,27.1332,20.6568,14.0458,7.2634
60,0.7500,DynamicV1Rebalance,2.5000,14932.2209,373.3055,spend50p,233.8328,227.1271,220.8838,215.3277,209.7141,203.4680,197.9163,191.6681,184.0467,175.5450,167.4998,158.9717,151.2648,143.2276,136.3053,130.7750,126.2199,122.6910,120.1270,117.8105,117.2118,115.6410,113.9681,112.9406,110.5834,109.9324,107.3051,105.0953,100.9464,96.7951,91.9618,85.8620,78.8444,73.1796,66.7286,60.3979
60,0.7500,DynamicV1Rebalance,2.5000,14932.2209,373.3055,spend75p,235.6333,232.4574,230.0322,228.0806,226.9438,225.8796,223.5452,219.8594,215.2857,209.1199,203.0354,196.0972,188.8527,183.9999,180.4335,176.2884,175.3425,173.4215,173.5724,176.1422,177.6437,178.4720,180.4278,182.2429,182.6818,180.7749,180.4685,179.5586,175.6342,173.0820,170.8373,166.0226,161.6013,153.8382,146.7046,138.9392
60,0.7500,SpendAwareDPRebalance (re60),2.5000,14932.2209,373.3055,survival,1.0000,1.0000,1.0000,1.0000,1.0000,1.0000,1.0000,1.0000,1.0000,1.0000,1.0000,1.0000,1.0000,1.0000,1.0000,1.0000,1.0000,1.0000,1.0000,1.0000,1.0000,1.0000,1.0000,1.0000,1.0000,1.0000,1.0000,1.0000,1.0000,1.0000,1.0000,1.0000,1.0000,1.0000,1.0000,1.0000
60,0.7500,SpendAwareDPRebalance (re60),2.5000,14932.2209,373.3055,spend25p,232.0725,222.0731,212.1297,203.2052,193.9104,184.7971,176.2948,165.9568,155.2948,144.2742,133.7464,123.7398,114.6796,105.6455,98.5379,92.5345,86.6784,82.9190,78.9274,76.2299,73.5898,71.8083,68.9651,66.7182,63.1653,60.1050,57.0366,53.4111,48.0895,43.4813,37.6316,32.5370,27.1332,20.6568,14.0458,7.2634
60,0.7500,SpendAwareDPRebalance (re60),2.5000,14932.2209,373.3055,spend50p,233.8328,227.1271,220.8838,215.3277,209.7141,203.4680,197.9163,191.6681,184.0467,175.5450,167.4998,158.9717,151.2648,143.2276,136.3053,130.7750,126.2199,122.6910,120.1270,117.8105,117.2118,115.6410,113.9681,112.9406,110.5834,109.9324,107.3051,105.0953,100.9464,96.7951,91.9618,85.8620,78.8444,73.1796,66.7286,60.3979
60,0.7500,SpendAwareDPRebalance (re60),2.5000,14932.2209,373.3055,spend75p,235.6333,232.4574,230.0322,228.0806,226.9438,225.8796,223.5452,219.8594,215.2857,209.1199,203.0354,196.0972,188.8527,183.9999,180.4335,176.2884,175.3425,173.4215,173.5724,176.1422,177.6437,178.4720,180.4278,182.2429,182.6818,180.7749,180.4685,179.5586,175.6342,173.0820,170.8373,166.0226,161.6013,153.8382,146.7046,138.9392
60,0.7500,SpendAwareDPRebalance (re40),2.5000,14932.2209,373.3055,survival,1.0000,1.0000,1.0000,1.0000,1.0000,1.0000,1.0000,1.0000,1.0000,1.0000,1.0000,1.0000,1.0000,1.0000,1.0000,1.0000,1.0000,1.0000,1.0000,1.0000,1.0000,1.0000,1.0000,1.0000,1.0000,1.0000,1.0000,1.0000,1.0000,1.0000,1.0000,1.0000,1.0000,1.0000,1.0000,1.0000
60,0.7500,SpendAwareDPRebalance (re40),2.5000,14932.2209,373.3055,spend25p,232.0725,222.0731,212.1297,203.2052,193.9104,184.7971,176.2948,165.9568,155.2948,144.2742,133.7464,123.7398,114.6796,105.6455,98.5379,92.5345,86.6784,82.9190,78.9274,76.2299,73.5898,71.8083,68.9651,66.7182,63.1653,60.1050,57.0366,53.4111,48.0895,43.4813,37.6316,32.5370,27.1332,20.6568,14.0458,7.2634
60,0.7500,SpendAwareDPRebalance (re40),2.5000,14932.2209,373.3055,spend50p,233.8328,227.1271,220.8838,215.3277,209.7141,203.4680,197.9163,191.6681,184.0467,175.5450,167.4998,158.9717,151.2648,143.2276,136.3053,130.7750,126.2199,122.6910,120.1270,117.8105,117.2118,115.6410,113.9681,112.9406,110.5834,109.9324,107.3051,105.0953,100.9464,96.7951,91.9618,85.8620,78.8444,73.1796,66.7286,60.3979
60,0.7500,SpendAwareDPRebalance (re40),2.5000,14932.2209,373.3055,spend75p,235.6333,232.4574,230.0322,228.0806,226.9438,225.8796,223.5452,219.8594,215.2857,209.1199,203.0354,196.0972,188.8527,183.9999,180.4335,176.2884,175.3425,173.4215,173.5724,176.1422,177.6437,178.4720,180.4278,182.2429,182.6818,180.7749,180.4685,179.5586,175.6342,173.0820,170.8373,166.0226,161.6013,153.8382,146.7046,138.9392
60,0.7500,No dynamic rebalance,3.0000,12443.5174,373.3055,survival,1.0000,1.0000,1.0000,1.0000,1.0000,1.0000,1.0000,1.0000,1.0000,1.0000,1.0000,1.0000,1.0000,1.0000,1.0000,1.0000,1.0000,1.0000,1.0000,1.0000,0.9995,0.9995,0.9995,0.9980,0.9975,0.9965,0.9965,0.9950,0.9945,0.9940,0.9940,0.9935,0.9935,0.9935,0.9915,0.9910
60,0.7500,No dynamic rebalance,3.0000,12443.5174,373.3055,spend25p,232.0725,222.0731,212.1297,203.2052,193.9104,184.7971,176.2948,165.9568,155.2948,144.2742,133.7464,123.7398,114.6796,105.6455,98.5379,92.5345,86.6784,82.9190,78.9274,76.2299,73.5443,71.7674,68.9505,66.4415,62.8971,59.5676,56.3050,52.2907,47.3740,42.2972,36.2970,31.6824,26.3137,19.0695,11.9490,5.5904
60,0.7500,No dynamic rebalance,3.0000,12443.5174,373.3055,spend50p,233.8328,227.1271,220.8838,215.3277,209.7141,203.4680,197.9163,191.6681,184.0467,175.5450,167.4998,158.9717,151.2648,143.2276,136.3053,130.7750,126.2199,122.6910,120.1270,117.8105,117.1528,115.5786,113.9439,112.8558,110.3712,109.2330,106.9898,103.3800,99.6105,95.5608,90.3675,84.2451,77.2962,72.0997,65.4748,57.7995
60,0.7500,No dynamic rebalance,3.0000,12443.5174,373.3055,spend75p,235.6333,232.4574,230.0322,228.0806,226.9438,225.8796,223.5452,219.8594,215.2857,209.1199,203.0354,196.0972,188.8527,183.9999,180.4335,176.2884,175.3425,173.4215,173.5724,176.1422,177.5392,178.4135,180.2826,181.6527,180.9079,179.9509,179.0271,176.4231,173.4897,171.2485,168.8996,164.1705,159.4300,151.7896,144.9869,137.3364
60,0.7500,固定最適比率,3.0000,12443.5174,373.3055,survival,1.0000,1.0000,1.0000,1.0000,1.0000,1.0000,1.0000,1.0000,1.0000,1.0000,1.0000,1.0000,1.0000,1.0000,1.0000,1.0000,1.0000,1.0000,1.0000,1.0000,1.0000,1.0000,1.0000,1.0000,1.0000,1.0000,1.0000,1.0000,1.0000,1.0000,1.0000,1.0000,1.0000,1.0000,1.0000,1.0000
60,0.7500,固定最適比率,3.0000,12443.5174,373.3055,spend25p,232.0725,222.0731,212.1297,203.2052,193.9104,184.7971,176.2948,165.9568,155.2948,144.2742,133.7464,123.7398,114.6796,105.6455,98.5379,92.5345,86.6784,82.9190,78.9274,76.2299,73.5898,71.8083,68.9651,66.7182,63.1653,60.1050,57.0366,53.4111,48.0895,43.4813,37.6316,32.5370,27.1332,20.6568,14.0458,7.2634
60,0.7500,固定最適比率,3.0000,12443.5174,373.3055,spend50p,233.8328,227.1271,220.8838,215.3277,209.7141,203.4680,197.9163,191.6681,184.0467,175.5450,167.4998,158.9717,151.2648,143.2276,136.3053,130.7750,126.2199,122.6910,120.1270,117.8105,117.2118,115.6410,113.9681,112.9406,110.5834,109.9324,107.3051,105.0953,100.9464,96.7951,91.9618,85.8620,78.8444,73.1796,66.7286,60.3979
60,0.7500,固定最適比率,3.0000,12443.5174,373.3055,spend75p,235.6333,232.4574,230.0322,228.0806,226.9438,225.8796,223.5452,219.8594,215.2857,209.1199,203.0354,196.0972,188.8527,183.9999,180.4335,176.2884,175.3425,173.4215,173.5724,176.1422,177.6437,178.4720,180.4278,182.2429,182.6818,180.7749,180.4685,179.5586,175.6342,173.0820,170.8373,166.0226,161.6013,153.8382,146.7046,138.9392
60,0.7500,DynamicV1Rebalance,3.0000,12443.5174,373.3055,survival,1.0000,1.0000,1.0000,1.0000,1.0000,1.0000,1.0000,1.0000,1.0000,1.0000,1.0000,1.0000,1.0000,1.0000,1.0000,1.0000,1.0000,1.0000,1.0000,1.0000,1.0000,1.0000,1.0000,1.0000,1.0000,1.0000,1.0000,1.0000,1.0000,1.0000,1.0000,1.0000,1.0000,1.0000,1.0000,1.0000
60,0.7500,DynamicV1Rebalance,3.0000,12443.5174,373.3055,spend25p,232.0725,222.0731,212.1297,203.2052,193.9104,184.7971,176.2948,165.9568,155.2948,144.2742,133.7464,123.7398,114.6796,105.6455,98.5379,92.5345,86.6784,82.9190,78.9274,76.2299,73.5898,71.8083,68.9651,66.7182,63.1653,60.1050,57.0366,53.4111,48.0895,43.4813,37.6316,32.5370,27.1332,20.6568,14.0458,7.2634
60,0.7500,DynamicV1Rebalance,3.0000,12443.5174,373.3055,spend50p,233.8328,227.1271,220.8838,215.3277,209.7141,203.4680,197.9163,191.6681,184.0467,175.5450,167.4998,158.9717,151.2648,143.2276,136.3053,130.7750,126.2199,122.6910,120.1270,117.8105,117.2118,115.6410,113.9681,112.9406,110.5834,109.9324,107.3051,105.0953,100.9464,96.7951,91.9618,85.8620,78.8444,73.1796,66.7286,60.3979
60,0.7500,DynamicV1Rebalance,3.0000,12443.5174,373.3055,spend75p,235.6333,232.4574,230.0322,228.0806,226.9438,225.8796,223.5452,219.8594,215.2857,209.1199,203.0354,196.0972,188.8527,183.9999,180.4335,176.2884,175.3425,173.4215,173.5724,176.1422,177.6437,178.4720,180.4278,182.2429,182.6818,180.7749,180.4685,179.5586,175.6342,173.0820,170.8373,166.0226,161.6013,153.8382,146.7046,138.9392
60,0.7500,SpendAwareDPRebalance (re60),3.0000,12443.5174,373.3055,survival,1.0000,1.0000,1.0000,1.0000,1.0000,1.0000,1.0000,1.0000,1.0000,1.0000,1.0000,1.0000,1.0000,1.0000,1.0000,1.0000,1.0000,1.0000,1.0000,1.0000,1.0000,1.0000,1.0000,1.0000,1.0000,1.0000,1.0000,1.0000,1.0000,1.0000,1.0000,1.0000,1.0000,1.0000,1.0000,0.9995
60,0.7500,SpendAwareDPRebalance (re60),3.0000,12443.5174,373.3055,spend25p,232.0725,222.0731,212.1297,203.2052,193.9104,184.7971,176.2948,165.9568,155.2948,144.2742,133.7464,123.7398,114.6796,105.6455,98.5379,92.5345,86.6784,82.9190,78.9274,76.2299,73.5898,71.8083,68.9651,66.7182,63.1653,60.1050,57.0366,53.4111,48.0895,43.4813,37.6316,32.5370,27.1332,20.6568,14.0458,7.0430
60,0.7500,SpendAwareDPRebalance (re60),3.0000,12443.5174,373.3055,spend50p,233.8328,227.1271,220.8838,215.3277,209.7141,203.4680,197.9163,191.6681,184.0467,175.5450,167.4998,158.9717,151.2648,143.2276,136.3053,130.7750,126.2199,122.6910,120.1270,117.8105,117.2118,115.6410,113.9681,112.9406,110.5834,109.9324,107.3051,105.0953,100.9464,96.7951,91.9618,85.8620,78.8444,73.1796,66.7286,60.2700
60,0.7500,SpendAwareDPRebalance (re60),3.0000,12443.5174,373.3055,spend75p,235.6333,232.4574,230.0322,228.0806,226.9438,225.8796,223.5452,219.8594,215.2857,209.1199,203.0354,196.0972,188.8527,183.9999,180.4335,176.2884,175.3425,173.4215,173.5724,176.1422,177.6437,178.4720,180.4278,182.2429,182.6818,180.7749,180.4685,179.5586,175.6342,173.0820,170.8373,166.0226,161.6013,153.8382,146.7046,138.7834
60,0.7500,SpendAwareDPRebalance (re40),3.0000,12443.5174,373.3055,survival,1.0000,1.0000,1.0000,1.0000,1.0000,1.0000,1.0000,1.0000,1.0000,1.0000,1.0000,1.0000,1.0000,1.0000,1.0000,1.0000,1.0000,1.0000,1.0000,1.0000,1.0000,1.0000,1.0000,1.0000,1.0000,1.0000,1.0000,1.0000,1.0000,1.0000,1.0000,1.0000,1.0000,1.0000,1.0000,0.9995
60,0.7500,SpendAwareDPRebalance (re40),3.0000,12443.5174,373.3055,spend25p,232.0725,222.0731,212.1297,203.2052,193.9104,184.7971,176.2948,165.9568,155.2948,144.2742,133.7464,123.7398,114.6796,105.6455,98.5379,92.5345,86.6784,82.9190,78.9274,76.2299,73.5898,71.8083,68.9651,66.7182,63.1653,60.1050,57.0366,53.4111,48.0895,43.4813,37.6316,32.5370,27.1332,20.6568,14.0458,7.0430
60,0.7500,SpendAwareDPRebalance (re40),3.0000,12443.5174,373.3055,spend50p,233.8328,227.1271,220.8838,215.3277,209.7141,203.4680,197.9163,191.6681,184.0467,175.5450,167.4998,158.9717,151.2648,143.2276,136.3053,130.7750,126.2199,122.6910,120.1270,117.8105,117.2118,115.6410,113.9681,112.9406,110.5834,109.9324,107.3051,105.0953,100.9464,96.7951,91.9618,85.8620,78.8444,73.1796,66.7286,60.2700
60,0.7500,SpendAwareDPRebalance (re40),3.0000,12443.5174,373.3055,spend75p,235.6333,232.4574,230.0322,228.0806,226.9438,225.8796,223.5452,219.8594,215.2857,209.1199,203.0354,196.0972,188.8527,183.9999,180.4335,176.2884,175.3425,173.4215,173.5724,176.1422,177.6437,178.4720,180.4278,182.2429,182.6818,180.7749,180.4685,179.5586,175.6342,173.0820,170.8373,166.0226,161.6013,153.8382,146.7046,138.7834
60,0.7500,No dynamic rebalance,4.0000,9332.6381,373.3055,survival,1.0000,1.0000,1.0000,1.0000,1.0000,1.0000,1.0000,1.0000,1.0000,1.0000,1.0000,1.0000,1.0000,1.0000,1.0000,1.0000,0.9990,0.9990,0.9985,0.9980,0.9955,0.9945,0.9935,0.9930,0.9930,0.9905,0.9900,0.9890,0.9875,0.9830,0.9805,0.9790,0.9760,0.9755,0.9750,0.9725
60,0.7500,No dynamic rebalance,4.0000,9332.6381,373.3055,spend25p,232.0725,222.0731,212.1297,203.2052,193.9104,184.7971,176.2948,165.9568,155.2948,144.2742,133.7464,123.7398,114.6796,105.6455,98.5379,92.5345,86.5403,82.7172,78.7864,75.7791,72.8984,70.6752,68.0359,65.6861,62.3717,58.6241,55.2666,50.7629,46.4093,39.4217,34.2953,29.5033,22.7302,15.6431,8.9860,2.4245
60,0.7500,No dynamic rebalance,4.0000,9332.6381,373.3055,spend50p,233.8328,227.1271,220.8838,215.3277,209.7141,203.4680,197.9163,191.6681,184.0467,175.5450,167.4998,158.9717,151.2648,143.2276,136.3053,130.7750,126.1745,122.4763,119.8742,117.4495,116.2874,114.2840,113.0191,111.7556,110.0965,108.3057,106.0263,102.4607,97.5747,92.6853,87.9878,81.4132,74.3534,67.6658,61.2054,54.4359
60,0.7500,No dynamic rebalance,4.0000,9332.6381,373.3055,spend75p,235.6333,232.4574,230.0322,228.0806,226.9438,225.8796,223.5452,219.8594,215.2857,209.1199,203.0354,196.0972,188.8527,183.9999,180.4335,176.2884,174.9801,173.2970,173.3860,175.4888,176.6290,178.0730,178.6015,180.9542,179.8169,178.6306,176.6798,174.4103,172.4938,168.4346,165.0013,161.3069,153.2488,146.7374,139.3076,130.8703
60,0.7500,固定最適比率,4.0000,9332.6381,373.3055,survival,1.0000,1.0000,1.0000,1.0000,1.0000,1.0000,1.0000,1.0000,1.0000,1.0000,1.0000,1.0000,1.0000,1.0000,1.0000,1.0000,1.0000,1.0000,1.0000,1.0000,1.0000,1.0000,1.0000,0.9995,0.9995,0.9995,0.9995,0.9995,0.9990,0.9980,0.9980,0.9980,0.9975,0.9970,0.9970,0.9970
60,0.7500,固定最適比率,4.0000,9332.6381,373.3055,spend25p,232.0725,222.0731,212.1297,203.2052,193.9104,184.7971,176.2948,165.9568,155.2948,144.2742,133.7464,123.7398,114.6796,105.6455,98.5379,92.5345,86.6784,82.9190,78.9274,76.2299,73.5898,71.8083,68.9651,66.6612,63.0784,60.0442,56.8865,53.3769,47.8034,42.9064,37.1940,32.0428,26.7418,19.7100,12.9928,6.5709
60,0.7500,固定最適比率,4.0000,9332.6381,373.3055,spend50p,233.8328,227.1271,220.8838,215.3277,209.7141,203.4680,197.9163,191.6681,184.0467,175.5450,167.4998,158.9717,151.2648,143.2276,136.3053,130.7750,126.2199,122.6910,120.1270,117.8105,117.2118,115.6410,113.9681,112.9097,110.5564,109.7797,107.2779,105.0039,100.7718,96.2720,91.2461,85.3707,77.6466,72.4048,66.2875,59.8729
60,0.7500,固定最適比率,4.0000,9332.6381,373.3055,spend75p,235.6333,232.4574,230.0322,228.0806,226.9438,225.8796,223.5452,219.8594,215.2857,209.1199,203.0354,196.0972,188.8527,183.9999,180.4335,176.2884,175.3425,173.4215,173.5724,176.1422,177.6437,178.4720,180.4278,181.8252,182.5845,180.4349,180.2164,178.9036,174.5158,171.6888,170.0686,165.7703,160.5220,152.0805,145.8294,138.0160
60,0.7500,DynamicV1Rebalance,4.0000,9332.6381,373.3055,survival,1.0000,1.0000,1.0000,1.0000,1.0000,1.0000,1.0000,1.0000,1.0000,1.0000,1.0000,1.0000,1.0000,1.0000,1.0000,1.0000,1.0000,1.0000,1.0000,1.0000,1.0000,1.0000,1.0000,1.0000,1.0000,1.0000,1.0000,1.0000,0.9995,0.9995,0.9995,0.9975,0.9975,0.9965,0.9965,0.9965
60,0.7500,DynamicV1Rebalance,4.0000,9332.6381,373.3055,spend25p,232.0725,222.0731,212.1297,203.2052,193.9104,184.7971,176.2948,165.9568,155.2948,144.2742,133.7464,123.7398,114.6796,105.6455,98.5379,92.5345,86.6784,82.9190,78.9274,76.2299,73.5898,71.8083,68.9651,66.7182,63.1653,60.1050,57.0366,53.4111,47.9269,43.4004,37.4341,32.0111,26.7418,19.6587,12.7714,6.5116
60,0.7500,DynamicV1Rebalance,4.0000,9332.6381,373.3055,spend50p,233.8328,227.1271,220.8838,215.3277,209.7141,203.4680,197.9163,191.6681,184.0467,175.5450,167.4998,158.9717,151.2648,143.2276,136.3053,130.7750,126.2199,122.6910,120.1270,117.8105,117.2118,115.6410,113.9681,112.9406,110.5834,109.9324,107.3051,105.0953,100.8716,96.5103,91.7365,85.3070,77.6466,72.3793,66.2247,59.7323
60,0.7500,DynamicV1Rebalance,4.0000,9332.6381,373.3055,spend75p,235.6333,232.4574,230.0322,228.0806,226.9438,225.8796,223.5452,219.8594,215.2857,209.1199,203.0354,196.0972,188.8527,183.9999,180.4335,176.2884,175.3425,173.4215,173.5724,176.1422,177.6437,178.4720,180.4278,182.2429,182.6818,180.7749,180.4685,179.5586,175.6342,173.0820,170.8373,165.7703,160.6293,152.0805,145.8294,138.0160
60,0.7500,SpendAwareDPRebalance (re60),4.0000,9332.6381,373.3055,survival,1.0000,1.0000,1.0000,1.0000,1.0000,1.0000,1.0000,1.0000,1.0000,1.0000,1.0000,1.0000,1.0000,1.0000,1.0000,1.0000,1.0000,1.0000,1.0000,1.0000,1.0000,1.0000,0.9995,0.9995,0.9995,0.9995,0.9995,0.9995,0.9995,0.9990,0.9990,0.9990,0.9980,0.9970,0.9965,0.9955
60,0.7500,SpendAwareDPRebalance (re60),4.0000,9332.6381,373.3055,spend25p,232.0725,222.0731,212.1297,203.2052,193.9104,184.7971,176.2948,165.9568,155.2948,144.2742,133.7464,123.7398,114.6796,105.6455,98.5379,92.5345,86.6784,82.9190,78.9274,76.2299,73.5898,71.8083,68.9505,66.6612,63.0784,60.0442,56.8865,53.3769,47.9269,43.2081,37.3469,32.3519,26.8165,19.7100,12.7714,6.3495
60,0.7500,SpendAwareDPRebalance (re60),4.0000,9332.6381,373.3055,spend50p,233.8328,227.1271,220.8838,215.3277,209.7141,203.4680,197.9163,191.6681,184.0467,175.5450,167.4998,158.9717,151.2648,143.2276,136.3053,130.7750,126.2199,122.6910,120.1270,117.8105,117.2118,115.6410,113.9439,112.9097,110.5564,109.7797,107.2779,105.0039,100.8716,96.3320,91.4488,85.6974,77.6702,72.4048,66.2247,59.3440
60,0.7500,SpendAwareDPRebalance (re60),4.0000,9332.6381,373.3055,spend75p,235.6333,232.4574,230.0322,228.0806,226.9438,225.8796,223.5452,219.8594,215.2857,209.1199,203.0354,196.0972,188.8527,183.9999,180.4335,176.2884,175.3425,173.4215,173.5724,176.1422,177.6437,178.4720,180.2826,181.8252,182.5845,180.4349,180.2164,178.9036,174.9050,172.5909,170.6382,165.9244,160.6293,152.0805,145.7382,137.5097
60,0.7500,SpendAwareDPRebalance (re40),4.0000,9332.6381,373.3055,survival,1.0000,1.0000,1.0000,1.0000,1.0000,1.0000,1.0000,1.0000,1.0000,1.0000,1.0000,1.0000,1.0000,1.0000,1.0000,1.0000,1.0000,1.0000,1.0000,1.0000,1.0000,1.0000,1.0000,1.0000,0.9995,0.9995,0.9995,0.9995,0.9995,0.9995,0.9990,0.9990,0.9975,0.9975,0.9965,0.9960
60,0.7500,SpendAwareDPRebalance (re40),4.0000,9332.6381,373.3055,spend25p,232.0725,222.0731,212.1297,203.2052,193.9104,184.7971,176.2948,165.9568,155.2948,144.2742,133.7464,123.7398,114.6796,105.6455,98.5379,92.5345,86.6784,82.9190,78.9274,76.2299,73.5898,71.8083,68.9651,66.7182,63.0784,60.0442,56.8865,53.3769,47.9269,43.4004,37.3469,32.3519,26.7418,19.8484,12.7714,6.4568
60,0.7500,SpendAwareDPRebalance (re40),4.0000,9332.6381,373.3055,spend50p,233.8328,227.1271,220.8838,215.3277,209.7141,203.4680,197.9163,191.6681,184.0467,175.5450,167.4998,158.9717,151.2648,143.2276,136.3053,130.7750,126.2199,122.6910,120.1270,117.8105,117.2118,115.6410,113.9681,112.9406,110.5564,109.7797,107.2779,105.0039,100.8716,96.5103,91.4488,85.6974,77.6466,72.4539,66.2247,59.6171
60,0.7500,SpendAwareDPRebalance (re40),4.0000,9332.6381,373.3055,spend75p,235.6333,232.4574,230.0322,228.0806,226.9438,225.8796,223.5452,219.8594,215.2857,209.1199,203.0354,196.0972,188.8527,183.9999,180.4335,176.2884,175.3425,173.4215,173.5724,176.1422,177.6437,178.4720,180.4278,182.2429,182.5845,180.4349,180.2164,178.9036,174.9050,172.7176,170.6382,165.9244,160.5220,152.1437,145.7382,137.7562
60,0.7500,No dynamic rebalance,5.0000,7466.1105,373.3055,survival,1.0000,1.0000,1.0000,1.0000,1.0000,1.0000,1.0000,1.0000,1.0000,1.0000,1.0000,0.9995,0.9995,0.9995,0.9990,0.9965,0.9955,0.9945,0.9925,0.9925,0.9915,0.9885,0.9870,0.9845,0.9790,0.9740,0.9710,0.9690,0.9645,0.9615,0.9570,0.9505,0.9455,0.9435,0.9410,0.9375
60,0.7500,No dynamic rebalance,5.0000,7466.1105,373.3055,spend25p,232.0725,222.0731,212.1297,203.2052,193.9104,184.7971,176.2948,165.9568,155.2948,144.2742,133.7464,123.6016,114.5428,105.6232,98.4196,92.2874,86.0490,81.8099,77.6140,74.3961,72.4301,69.1718,67.2046,63.1356,58.7612,55.1124,50.5435,46.1677,40.4758,35.4736,30.4650,23.4847,16.8934,10.2296,3.6579,0.0000
60,0.7500,No dynamic rebalance,5.0000,7466.1105,373.3055,spend50p,233.8328,227.1271,220.8838,215.3277,209.7141,203.4680,197.9163,191.6681,184.0467,175.5450,167.4998,158.8762,151.0678,143.1583,136.0886,130.0829,125.8318,122.0943,118.5356,116.6100,115.7730,113.5793,112.2132,110.3281,108.4986,104.9062,101.3579,98.4617,92.9144,86.8541,81.9710,75.0247,67.4488,61.0193,53.2995,46.0133
60,0.7500,No dynamic rebalance,5.0000,7466.1105,373.3055,spend75p,235.6333,232.4574,230.0322,228.0806,226.9438,225.8796,223.5452,219.8594,215.2857,209.1199,203.0354,196.0647,188.8170,183.9068,180.0858,175.8790,174.8213,172.6159,172.7121,174.8526,176.1921,176.3752,176.9509,178.4608,176.8374,173.7678,172.3337,169.6525,165.2078,161.5407,154.4859,149.0792,143.2373,136.6350,129.0043,119.9148
60,0.7500,固定最適比率,5.0000,7466.1105,373.3055,survival,1.0000,1.0000,1.0000,1.0000,1.0000,1.0000,1.0000,1.0000,1.0000,1.0000,1.0000,0.9995,0.9995,0.9995,0.9990,0.9965,0.9955,0.9945,0.9925,0.9925,0.9915,0.9885,0.9870,0.9845,0.9790,0.9740,0.9710,0.9690,0.9645,0.9615,0.9570,0.9505,0.9455,0.9435,0.9410,0.9375
60,0.7500,固定最適比率,5.0000,7466.1105,373.3055,spend25p,232.0725,222.0731,212.1297,203.2052,193.9104,184.7971,176.2948,165.9568,155.2948,144.2742,133.7464,123.6016,114.5428,105.6232,98.4196,92.2874,86.0490,81.8099,77.6140,74.3961,72.4301,69.1718,67.2046,63.1356,58.7612,55.1124,50.5435,46.1677,40.4758,35.4736,30.4650,23.4847,16.8934,10.2296,3.6579,0.0000
60,0.7500,固定最適比率,5.0000,7466.1105,373.3055,spend50p,233.8328,227.1271,220.8838,215.3277,209.7141,203.4680,197.9163,191.6681,184.0467,175.5450,167.4998,158.8762,151.0678,143.1583,136.0886,130.0829,125.8318,122.0943,118.5356,116.6100,115.7730,113.5793,112.2132,110.3281,108.4986,104.9062,101.3579,98.4617,92.9144,86.8541,81.9710,75.0247,67.4488,61.0193,53.2995,46.0133
60,0.7500,固定最適比率,5.0000,7466.1105,373.3055,spend75p,235.6333,232.4574,230.0322,228.0806,226.9438,225.8796,223.5452,219.8594,215.2857,209.1199,203.0354,196.0647,188.8170,183.9068,180.0858,175.8790,174.8213,172.6159,172.7121,174.8526,176.1921,176.3752,176.9509,178.4608,176.8374,173.7678,172.3337,169.6525,165.2078,161.5407,154.4859,149.0792,143.2373,136.6350,129.0043,119.9148
60,0.7500,DynamicV1Rebalance,5.0000,7466.1105,373.3055,survival,1.0000,1.0000,1.0000,1.0000,1.0000,1.0000,1.0000,1.0000,1.0000,1.0000,1.0000,1.0000,1.0000,1.0000,1.0000,0.9990,0.9970,0.9965,0.9965,0.9960,0.9960,0.9960,0.9955,0.9955,0.9945,0.9935,0.9925,0.9920,0.9920,0.9920,0.9905,0.9890,0.9885,0.9870,0.9860,0.9855
60,0.7500,DynamicV1Rebalance,5.0000,7466.1105,373.3055,spend25p,232.0725,222.0731,212.1297,203.2052,193.9104,184.7971,176.2948,165.9568,155.2948,144.2742,133.7464,123.7398,114.6796,105.6455,98.5379,92.4856,86.1623,82.1771,78.4011,75.2869,72.9304,70.9807,68.2558,66.1980,62.6006,59.0901,55.6818,51.5616,46.8897,41.9569,35.7477,30.9092,25.1476,18.0031,10.6627,4.0826
60,0.7500,DynamicV1Rebalance,5.0000,7466.1105,373.3055,spend50p,233.8328,227.1271,220.8838,215.3277,209.7141,203.4680,197.9163,191.6681,184.0467,175.5450,167.4998,158.9717,151.2648,143.2276,136.3053,130.6996,126.0496,122.2496,119.2926,116.9944,116.4727,114.5521,113.2835,112.0323,110.2006,108.5222,106.3445,102.9249,98.4562,94.6676,89.3937,82.8732,76.0518,70.6521,64.0376,56.4380
60,0.7500,DynamicV1Rebalance,5.0000,7466.1105,373.3055,spend75p,235.6333,232.4574,230.0322,228.0806,226.9438,225.8796,223.5452,219.8594,215.2857,209.1199,203.0354,196.0972,188.8527,183.9999,180.4335,176.0768,174.8405,172.9597,173.1524,175.1845,176.6290,178.1052,179.1089,181.2664,179.9518,179.1327,178.3028,174.8583,172.8205,170.5977,167.8705,162.8932,157.1986,149.8452,142.3387,134.2613
60,0.7500,SpendAwareDPRebalance (re60),5.0000,7466.1105,373.3055,survival,1.0000,1.0000,1.0000,1.0000,1.0000,1.0000,1.0000,1.0000,1.0000,1.0000,1.0000,1.0000,1.0000,1.0000,1.0000,1.0000,1.0000,1.0000,1.0000,1.0000,0.9995,0.9995,0.9995,0.9990,0.9990,0.9990,0.9990,0.9985,0.9970,0.9940,0.9930,0.9920,0.9895,0.9890,0.9880,0.9875
60,0.7500,SpendAwareDPRebalance (re60),5.0000,7466.1105,373.3055,spend25p,232.0725,222.0731,212.1297,203.2052,193.9104,184.7971,176.2948,165.9568,155.2948,144.2742,133.7464,123.7398,114.6796,105.6455,98.5379,92.5345,86.6784,82.9190,78.9274,76.2299,73.5443,71.7674,68.9505,66.5379,63.0621,60.0103,56.7130,53.3096,47.4668,42.2732,36.1183,31.2771,25.4403,18.2754,11.1768,4.4795
60,0.7500,SpendAwareDPRebalance (re60),5.0000,7466.1105,373.3055,spend50p,233.8328,227.1271,220.8838,215.3277,209.7141,203.4680,197.9163,191.6681,184.0467,175.5450,167.4998,158.9717,151.2648,143.2276,136.3053,130.7750,126.2199,122.6910,120.1270,117.8105,117.1528,115.5786,113.9439,112.8787,110.5136,109.6218,107.2341,104.2192,100.2677,95.3885,89.6920,83.6353,76.0518,70.8458,64.3385,56.8261
60,0.7500,SpendAwareDPRebalance (re60),5.0000,7466.1105,373.3055,spend75p,235.6333,232.4574,230.0322,228.0806,226.9438,225.8796,223.5452,219.8594,215.2857,209.1199,203.0354,196.0972,188.8527,183.9999,180.4335,176.2884,175.3425,173.4215,173.5724,176.1422,177.5392,178.4135,180.2826,181.6687,181.8400,180.2452,179.6903,178.6075,173.9983,170.5977,167.9905,163.6756,156.1252,149.8452,142.3387,134.2613
60,0.7500,SpendAwareDPRebalance (re40),5.0000,7466.1105,373.3055,survival,1.0000,1.0000,1.0000,1.0000,1.0000,1.0000,1.0000,1.0000,1.0000,1.0000,1.0000,1.0000,1.0000,1.0000,1.0000,1.0000,1.0000,1.0000,1.0000,1.0000,1.0000,0.9995,0.9995,0.9990,0.9990,0.9990,0.9990,0.9985,0.9975,0.9960,0.9945,0.9925,0.9915,0.9900,0.9885,0.9870
60,0.7500,SpendAwareDPRebalance (re40),5.0000,7466.1105,373.3055,spend25p,232.0725,222.0731,212.1297,203.2052,193.9104,184.7971,176.2948,165.9568,155.2948,144.2742,133.7464,123.7398,114.6796,105.6455,98.5379,92.5345,86.6784,82.9190,78.9274,76.2299,73.5898,71.7674,68.9505,66.5379,63.0621,60.0103,56.7130,53.3096,47.5896,42.5675,36.2970,31.3083,26.0154,18.3510,11.2595,4.4502
60,0.7500,SpendAwareDPRebalance (re40),5.0000,7466.1105,373.3055,spend50p,233.8328,227.1271,220.8838,215.3277,209.7141,203.4680,197.9163,191.6681,184.0467,175.5450,167.4998,158.9717,151.2648,143.2276,136.3053,130.7750,126.2199,122.6910,120.1270,117.8105,117.2118,115.5786,113.9439,112.8787,110.5136,109.6218,107.2341,104.2192,100.3656,96.0984,90.1413,83.7145,76.7619,71.1039,64.3874,56.6646
60,0.7500,SpendAwareDPRebalance (re40),5.0000,7466.1105,373.3055,spend75p,235.6333,232.4574,230.0322,228.0806,226.9438,225.8796,223.5452,219.8594,215.2857,209.1199,203.0354,196.0972,188.8527,183.9999,180.4335,176.2884,175.3425,173.4215,173.5724,176.1422,177.6437,178.4135,180.2826,181.6687,181.8400,180.2452,179.6903,178.6075,174.1550,171.3792,168.3895,163.7067,157.9518,150.0834,142.3387,133.9869
60,0.7500,No dynamic rebalance,6.0000,6221.7587,373.3055,survival,1.0000,1.0000,1.0000,1.0000,1.0000,1.0000,1.0000,1.0000,1.0000,1.0000,0.9995,0.9995,0.9980,0.9960,0.9950,0.9940,0.9910,0.9870,0.9855,0.9815,0.9775,0.9730,0.9670,0.9590,0.9530,0.9475,0.9415,0.9355,0.9325,0.9280,0.9200,0.9130,0.9105,0.9065,0.9045,0.9010
60,0.7500,No dynamic rebalance,6.0000,6221.7587,373.3055,spend25p,232.0725,222.0731,212.1297,203.2052,193.9104,184.7971,176.2948,165.9568,155.2948,144.2742,133.6269,123.6016,114.3272,105.2961,97.7952,91.5544,85.3588,79.9744,76.4798,72.9252,69.6831,65.7762,61.7453,57.5633,53.1459,49.1817,44.9671,38.7752,34.0978,28.5681,22.0351,15.4573,9.9937,3.2488,0.0000,0.0000
60,0.7500,No dynamic rebalance,6.0000,6221.7587,373.3055,spend50p,233.8328,227.1271,220.8838,215.3277,209.7141,203.4680,197.9163,191.6681,184.0467,175.5450,167.3985,158.8762,150.6792,142.8453,135.4572,129.8487,125.1173,120.8292,117.4127,114.8716,113.6228,110.7869,109.2003,106.4701,104.3151,100.0693,95.9938,91.2446,86.6204,82.1887,74.5571,67.4116,60.5217,52.6992,45.9804,38.5550
60,0.7500,No dynamic rebalance,6.0000,6221.7587,373.3055,spend75p,235.6333,232.4574,230.0322,228.0806,226.9438,225.8796,223.5452,219.8594,215.2857,209.1199,202.9771,196.0647,188.5629,183.1236,179.8372,175.5946,173.8707,171.0654,171.1883,172.9346,172.5287,172.0837,174.0175,171.9477,170.3749,168.0201,165.8426,161.8877,158.8314,153.7658,146.1818,140.4971,133.8209,126.5145,116.7984,108.5801
60,0.7500,固定最適比率,6.0000,6221.7587,373.3055,survival,1.0000,1.0000,1.0000,1.0000,1.0000,1.0000,1.0000,1.0000,1.0000,1.0000,0.9995,0.9995,0.9980,0.9960,0.9950,0.9940,0.9910,0.9870,0.9855,0.9815,0.9775,0.9730,0.9670,0.9590,0.9530,0.9475,0.9415,0.9355,0.9325,0.9280,0.9200,0.9130,0.9105,0.9065,0.9045,0.9010
60,0.7500,固定最適比率,6.0000,6221.7587,373.3055,spend25p,232.0725,222.0731,212.1297,203.2052,193.9104,184.7971,176.2948,165.9568,155.2948,144.2742,133.6269,123.6016,114.3272,105.2961,97.7952,91.5544,85.3588,79.9744,76.4798,72.9252,69.6831,65.7762,61.7453,57.5633,53.1459,49.1817,44.9671,38.7752,34.0978,28.5681,22.0351,15.4573,9.9937,3.2488,0.0000,0.0000
60,0.7500,固定最適比率,6.0000,6221.7587,373.3055,spend50p,233.8328,227.1271,220.8838,215.3277,209.7141,203.4680,197.9163,191.6681,184.0467,175.5450,167.3985,158.8762,150.6792,142.8453,135.4572,129.8487,125.1173,120.8292,117.4127,114.8716,113.6228,110.7869,109.2003,106.4701,104.3151,100.0693,95.9938,91.2446,86.6204,82.1887,74.5571,67.4116,60.5217,52.6992,45.9804,38.5550
60,0.7500,固定最適比率,6.0000,6221.7587,373.3055,spend75p,235.6333,232.4574,230.0322,228.0806,226.9438,225.8796,223.5452,219.8594,215.2857,209.1199,202.9771,196.0647,188.5629,183.1236,179.8372,175.5946,173.8707,171.0654,171.1883,172.9346,172.5287,172.0837,174.0175,171.9477,170.3749,168.0201,165.8426,161.8877,158.8314,153.7658,146.1818,140.4971,133.8209,126.5145,116.7984,108.5801
60,0.7500,DynamicV1Rebalance,6.0000,6221.7587,373.3055,survival,1.0000,1.0000,1.0000,1.0000,1.0000,1.0000,1.0000,1.0000,1.0000,1.0000,0.9995,0.9995,0.9985,0.9970,0.9965,0.9960,0.9945,0.9925,0.9915,0.9905,0.9885,0.9855,0.9830,0.9820,0.9795,0.9750,0.9725,0.9705,0.9680,0.9665,0.9655,0.9630,0.9615,0.9580,0.9570,0.9560
60,0.7500,DynamicV1Rebalance,6.0000,6221.7587,373.3055,spend25p,232.0725,222.0731,212.1297,203.2052,193.9104,184.7971,176.2948,165.9568,155.2948,144.2742,133.6269,123.6016,114.3687,105.3642,98.0472,92.1593,85.9380,81.2671,77.4013,74.1887,71.5194,68.2322,65.7172,61.9978,59.2331,55.3053,50.8748,46.4895,41.3694,35.9444,31.9561,26.1507,19.4967,13.2223,6.4244,0.0000
60,0.7500,DynamicV1Rebalance,6.0000,6221.7587,373.3055,spend50p,233.8328,227.1271,220.8838,215.3277,209.7141,203.4680,197.9163,191.6681,184.0467,175.5450,167.3985,158.8762,150.7878,143.0113,135.7666,129.9611,125.6856,121.7196,118.2538,116.3284,115.2470,113.1656,111.3800,109.8303,108.5467,105.0492,101.7243,98.8782,93.6586,87.9028,84.3253,77.8173,71.7299,64.0808,58.1777,50.1036
60,0.7500,DynamicV1Rebalance,6.0000,6221.7587,373.3055,spend75p,235.6333,232.4574,230.0322,228.0806,226.9438,225.8796,223.5452,219.8594,215.2857,209.1199,202.9771,196.0647,188.6623,183.2629,179.9832,175.6811,174.7346,171.6582,172.2629,174.4452,174.5272,175.6769,176.5355,177.7805,176.8521,174.0042,172.4355,169.8938,166.5374,163.0791,158.6186,152.9042,148.2280,141.4069,134.0216,125.8099
60,0.7500,SpendAwareDPRebalance (re60),6.0000,6221.7587,373.3055,survival,1.0000,1.0000,1.0000,1.0000,1.0000,1.0000,1.0000,1.0000,1.0000,1.0000,1.0000,1.0000,0.9995,0.9995,0.9995,0.9995,0.9990,0.9985,0.9985,0.9980,0.9975,0.9950,0.9930,0.9910,0.9880,0.9875,0.9860,0.9845,0.9825,0.9790,0.9765,0.9740,0.9705,0.9670,0.9640,0.9615
60,0.7500,SpendAwareDPRebalance (re60),6.0000,6221.7587,373.3055,spend25p,232.0725,222.0731,212.1297,203.2052,193.9104,184.7971,176.2948,165.9568,155.2948,144.2742,133.7464,123.7398,114.5428,105.6232,98.4714,92.5195,86.5403,82.6377,78.7864,75.7791,73.1988,70.8379,67.9846,64.9916,61.0519,57.6731,54.0727,49.1505,45.3506,38.6322,33.7013,28.3724,21.2370,14.2783,7.0917,0.4706
60,0.7500,SpendAwareDPRebalance (re60),6.0000,6221.7587,373.3055,spend50p,233.8328,227.1271,220.8838,215.3277,209.7141,203.4680,197.9163,191.6681,184.0467,175.5450,167.4998,158.9717,151.0678,143.1583,136.1892,130.7295,126.1745,122.3675,119.8742,117.4495,116.9569,114.3547,112.9029,111.2298,109.2753,107.2116,104.8984,101.3583,95.5179,90.8664,86.1501,79.3817,72.7374,64.7903,58.2666,50.0230
60,0.7500,SpendAwareDPRebalance (re60),6.0000,6221.7587,373.3055,spend75p,235.6333,232.4574,230.0322,228.0806,226.9438,225.8796,223.5452,219.8594,215.2857,209.1199,203.0354,196.0972,188.8170,183.9068,180.3514,176.0768,174.9801,173.2268,173.2638,175.4179,176.9410,177.3850,177.4073,179.5610,178.4192,177.1848,174.6077,172.5002,169.2181,165.5816,160.0291,153.6033,148.2280,141.4069,132.3303,122.6817
60,0.7500,SpendAwareDPRebalance (re40),6.0000,6221.7587,373.3055,survival,1.0000,1.0000,1.0000,1.0000,1.0000,1.0000,1.0000,1.0000,1.0000,1.0000,1.0000,0.9995,0.9995,0.9995,0.9995,0.9995,0.9990,0.9985,0.9985,0.9980,0.9970,0.9965,0.9935,0.9925,0.9900,0.9895,0.9880,0.9860,0.9840,0.9820,0.9805,0.9760,0.9725,0.9710,0.9680,0.9655
60,0.7500,SpendAwareDPRebalance (re40),6.0000,6221.7587,373.3055,spend25p,232.0725,222.0731,212.1297,203.2052,193.9104,184.7971,176.2948,165.9568,155.2948,144.2742,133.7464,123.6016,114.5428,105.6232,98.4714,92.5195,86.5403,82.6377,78.7864,75.7791,73.0096,71.1862,68.0359,65.5589,61.5686,58.4282,54.7744,49.9958,45.4903,39.1194,34.2272,29.0512,21.6980,14.9770,7.8398,1.1074
60,0.7500,SpendAwareDPRebalance (re40),6.0000,6221.7587,373.3055,spend50p,233.8328,227.1271,220.8838,215.3277,209.7141,203.4680,197.9163,191.6681,184.0467,175.5450,167.4998,158.8762,151.0678,143.1583,136.1892,130.7295,126.1745,122.3675,119.8742,117.4495,116.8402,114.7032,112.9645,111.4989,109.4938,107.4786,105.3605,101.4840,95.9850,91.9103,87.5733,80.1033,72.9740,65.5995,59.5054,52.1586
60,0.7500,SpendAwareDPRebalance (re40),6.0000,6221.7587,373.3055,spend75p,235.6333,232.4574,230.0322,228.0806,226.9438,225.8796,223.5452,219.8594,215.2857,209.1199,203.0354,196.0647,188.8170,183.9068,180.3514,176.0768,174.9801,173.2268,173.2638,175.4179,176.6290,178.0730,177.2710,179.7559,178.6904,177.6938,175.5358,172.7768,169.4809,166.2871,163.1713,154.1998,148.3942,142.1838,134.3584,125.2153
60,0.7500,No dynamic rebalance,7.0000,5332.9360,373.3055,survival,1.0000,1.0000,1.0000,1.0000,1.0000,1.0000,1.0000,1.0000,1.0000,0.9995,0.9990,0.9960,0.9960,0.9925,0.9885,0.9875,0.9815,0.9770,0.9675,0.9615,0.9535,0.9460,0.9395,0.9325,0.9235,0.9135,0.9065,0.8965,0.8880,0.8795,0.8730,0.8690,0.8650,0.8600,0.8565,0.8530
60,0.7500,No dynamic rebalance,7.0000,5332.9360,373.3055,spend25p,232.0725,222.0731,212.1297,203.2052,193.9104,184.7971,176.2948,165.9568,155.2948,144.2073,133.5574,122.9997,113.9796,104.9914,96.8452,90.5544,84.3394,78.2899,73.0470,69.4593,65.6020,60.5689,56.3147,52.0015,47.7448,41.5047,36.7777,31.0981,24.8257,18.7256,12.2380,6.8127,1.2140,0.0000,0.0000,0.0000
60,0.7500,No dynamic rebalance,7.0000,5332.9360,373.3055,spend50p,233.8328,227.1271,220.8838,215.3277,209.7141,203.4680,197.9163,191.6681,184.0467,175.4549,167.3190,158.4250,150.4525,142.3475,134.6744,128.9929,123.7634,119.6452,115.2920,112.4508,110.2588,107.1086,105.0535,102.6292,98.1776,94.1953,88.7187,84.4126,79.3702,73.1092,66.0624,60.3892,52.7053,44.7696,37.1721,29.2952
60,0.7500,No dynamic rebalance,7.0000,5332.9360,373.3055,spend75p,235.6333,232.4574,230.0322,228.0806,226.9438,225.8796,223.5452,219.8594,215.2857,209.0777,202.9232,195.5896,188.5629,182.5995,178.1719,174.1750,171.5138,169.9065,167.8349,167.2447,167.2254,165.1663,165.0780,165.7183,163.8935,161.1680,159.5699,154.4283,150.0952,142.3107,137.2234,130.4473,123.2332,114.2534,105.7782,96.0985
60,0.7500,固定最適比率,7.0000,5332.9360,373.3055,survival,1.0000,1.0000,1.0000,1.0000,1.0000,1.0000,1.0000,1.0000,1.0000,0.9995,0.9990,0.9960,0.9960,0.9925,0.9885,0.9875,0.9815,0.9770,0.9675,0.9615,0.9535,0.9460,0.9395,0.9325,0.9235,0.9135,0.9065,0.8965,0.8880,0.8795,0.8730,0.8690,0.8650,0.8600,0.8565,0.8530
60,0.7500,固定最適比率,7.0000,5332.9360,373.3055,spend25p,232.0725,222.0731,212.1297,203.2052,193.9104,184.7971,176.2948,165.9568,155.2948,144.2073,133.5574,122.9997,113.9796,104.9914,96.8452,90.5544,84.3394,78.2899,73.0470,69.4593,65.6020,60.5689,56.3147,52.0015,47.7448,41.5047,36.7777,31.0981,24.8257,18.7256,12.2380,6.8127,1.2140,0.0000,0.0000,0.0000
60,0.7500,固定最適比率,7.0000,5332.9360,373.3055,spend50p,233.8328,227.1271,220.8838,215.3277,209.7141,203.4680,197.9163,191.6681,184.0467,175.4549,167.3190,158.4250,150.4525,142.3475,134.6744,128.9929,123.7634,119.6452,115.2920,112.4508,110.2588,107.1086,105.0535,102.6292,98.1776,94.1953,88.7187,84.4126,79.3702,73.1092,66.0624,60.3892,52.7053,44.7696,37.1721,29.2952
60,0.7500,固定最適比率,7.0000,5332.9360,373.3055,spend75p,235.6333,232.4574,230.0322,228.0806,226.9438,225.8796,223.5452,219.8594,215.2857,209.0777,202.9232,195.5896,188.5629,182.5995,178.1719,174.1750,171.5138,169.9065,167.8349,167.2447,167.2254,165.1663,165.0780,165.7183,163.8935,161.1680,159.5699,154.4283,150.0952,142.3107,137.2234,130.4473,123.2332,114.2534,105.7782,96.0985
60,0.7500,DynamicV1Rebalance,7.0000,5332.9360,373.3055,survival,1.0000,1.0000,1.0000,1.0000,1.0000,1.0000,1.0000,1.0000,1.0000,0.9995,0.9990,0.9970,0.9960,0.9935,0.9905,0.9885,0.9845,0.9820,0.9730,0.9690,0.9660,0.9600,0.9525,0.9480,0.9450,0.9405,0.9395,0.9370,0.9350,0.9320,0.9270,0.9220,0.9175,0.9165,0.9130,0.9115
60,0.7500,DynamicV1Rebalance,7.0000,5332.9360,373.3055,spend25p,232.0725,222.0731,212.1297,203.2052,193.9104,184.7971,176.2948,165.9568,155.2948,144.2073,133.5574,123.1654,113.9796,105.1058,97.0311,90.7621,84.7323,79.2240,73.9895,70.6823,68.1212,63.3831,59.3368,55.2493,51.7550,48.4172,44.8842,39.4110,34.4369,30.1310,23.1367,17.2082,11.0690,5.8225,0.0000,0.0000
60,0.7500,DynamicV1Rebalance,7.0000,5332.9360,373.3055,spend50p,233.8328,227.1271,220.8838,215.3277,209.7141,203.4680,197.9163,191.6681,184.0467,175.4549,167.3190,158.5029,150.4525,142.5005,134.8950,129.0446,124.0013,120.0584,115.9747,113.4509,112.0344,109.3238,106.8654,104.9377,103.1835,98.7154,96.1110,91.9660,87.9495,82.9377,77.3082,69.9230,62.1635,55.0121,48.1399,41.5214
60,0.7500,DynamicV1Rebalance,7.0000,5332.9360,373.3055,spend75p,235.6333,232.4574,230.0322,228.0806,226.9438,225.8796,223.5452,219.8594,215.2857,209.0777,202.9232,195.6829,188.5629,182.7832,178.6071,174.8669,172.5844,170.4173,168.4661,169.4945,169.4371,168.5808,168.7398,169.7710,168.3476,167.0112,165.8426,162.9755,159.6082,155.1548,149.7022,144.4708,137.2518,131.6465,122.5037,113.1481
60,0.7500,SpendAwareDPRebalance (re60),7.0000,5332.9360,373.3055,survival,1.0000,1.0000,1.0000,1.0000,1.0000,1.0000,1.0000,1.0000,1.0000,1.0000,0.9995,0.9985,0.9985,0.9975,0.9960,0.9955,0.9955,0.9940,0.9920,0.9895,0.9870,0.9845,0.9845,0.9810,0.9760,0.9745,0.9725,0.9660,0.9620,0.9575,0.9515,0.9450,0.9420,0.9385,0.9370,0.9340
60,0.7500,SpendAwareDPRebalance (re60),7.0000,5332.9360,373.3055,spend25p,232.0725,222.0731,212.1297,203.2052,193.9104,184.7971,176.2948,165.9568,155.2948,144.2742,133.6269,123.3189,114.3687,105.3963,98.0242,92.0259,86.0490,81.6609,77.4565,74.1380,71.1082,68.1264,65.9081,61.6033,57.9178,55.1124,50.7708,45.7454,39.4248,34.4925,29.1256,22.1665,15.8339,9.6390,2.9075,0.0000
60,0.7500,SpendAwareDPRebalance (re60),7.0000,5332.9360,373.3055,spend50p,233.8328,227.1271,220.8838,215.3277,209.7141,203.4680,197.9163,191.6681,184.0467,175.5450,167.3985,158.7966,150.9413,143.0279,135.7253,129.9299,125.8318,122.0387,118.2797,116.2045,114.7975,112.8791,111.3800,109.5773,107.4779,104.5758,101.2608,96.8063,91.8626,85.9085,79.5012,72.7654,65.1102,59.1486,50.8933,43.1388
60,0.7500,SpendAwareDPRebalance (re60),7.0000,5332.9360,373.3055,spend75p,235.6333,232.4574,230.0322,228.0806,226.9438,225.8796,223.5452,219.8594,215.2857,209.1199,202.9771,196.0647,188.8170,183.6641,179.4598,175.5687,174.7346,171.7582,171.9446,173.5112,173.0549,173.8855,175.8327,175.3809,174.4753,172.0455,170.4477,166.8527,161.8757,156.3298,149.9641,143.8789,137.5612,130.3904,121.8966,112.4772
60,0.7500,SpendAwareDPRebalance (re40),7.0000,5332.9360,373.3055,survival,1.0000,1.0000,1.0000,1.0000,1.0000,1.0000,1.0000,1.0000,1.0000,1.0000,0.9995,0.9985,0.9980,0.9975,0.9960,0.9955,0.9945,0.9930,0.9920,0.9900,0.9870,0.9850,0.9835,0.9815,0.9795,0.9765,0.9730,0.9675,0.9630,0.9585,0.9520,0.9480,0.9470,0.9420,0.9390,0.9345
60,0.7500,SpendAwareDPRebalance (re40),7.0000,5332.9360,373.3055,spend25p,232.0725,222.0731,212.1297,203.2052,193.9104,184.7971,176.2948,165.9568,155.2948,144.2742,133.6269,123.3189,114.3272,105.3963,98.0242,92.0259,85.9380,81.4255,77.4565,74.1605,71.1082,68.1837,65.7172,61.7688,58.7612,55.3691,50.8446,45.8594,39.5303,35.0309,29.3541,22.7724,17.1220,9.9797,3.1603,0.0000
60,0.7500,SpendAwareDPRebalance (re40),7.0000,5332.9360,373.3055,spend50p,233.8328,227.1271,220.8838,215.3277,209.7141,203.4680,197.9163,191.6681,184.0467,175.5450,167.3985,158.7966,150.7878,143.0279,135.7253,129.9299,125.6856,121.7967,118.2797,116.2490,114.7975,113.0103,111.3241,109.6480,108.3365,104.9614,101.3137,97.1400,91.9947,86.0175,79.5168,73.5193,66.3766,59.7034,51.4442,43.1594
60,0.7500,SpendAwareDPRebalance (re40),7.0000,5332.9360,373.3055,spend75p,235.6333,232.4574,230.0322,228.0806,226.9438,225.8796,223.5452,219.8594,215.2857,209.1199,202.9771,196.0647,188.7379,183.6641,179.4598,175.5687,174.6236,171.5635,171.9446,173.9710,173.0549,174.0993,175.6824,175.5760,175.3844,172.4312,170.4477,166.9209,161.9855,156.6464,150.0775,145.5550,138.9854,131.6465,122.1526,112.4772
60,0.7500,No dynamic rebalance,8.0000,4666.3190,373.3055,survival,1.0000,1.0000,1.0000,1.0000,1.0000,1.0000,1.0000,1.0000,0.9990,0.9990,0.9960,0.9935,0.9890,0.9840,0.9790,0.9710,0.9620,0.9535,0.9410,0.9325,0.9195,0.9035,0.8945,0.8780,0.8695,0.8600,0.8510,0.8450,0.8395,0.8330,0.8260,0.8160,0.8065,0.8010,0.7970,0.7945
60,0.7500,No dynamic rebalance,8.0000,4666.3190,373.3055,spend25p,232.0725,222.0731,212.1297,203.2052,193.9104,184.7971,176.2948,165.9568,155.2471,144.1068,133.3167,122.5320,112.9572,103.9021,96.0059,88.1671,80.7843,74.8359,69.5623,65.4406,60.0136,53.6266,48.3236,41.1463,35.8586,30.0518,24.0454,18.9003,13.6974,7.5680,0.7660,0.0000,0.0000,0.0000,0.0000,0.0000
60,0.7500,No dynamic rebalance,8.0000,4666.3190,373.3055,spend50p,233.8328,227.1271,220.8838,215.3277,209.7141,203.4680,197.9163,191.6681,183.9530,175.4332,166.6651,158.1105,149.1157,141.7279,133.1947,126.8574,120.8488,115.4596,111.4543,108.3111,104.3269,101.2872,97.5754,92.7390,89.7601,85.1894,80.8812,75.8346,70.1125,64.2740,57.3414,50.1438,41.0962,34.1536,26.7872,19.8996
60,0.7500,No dynamic rebalance,8.0000,4666.3190,373.3055,spend75p,235.6333,232.4574,230.0322,228.0806,226.9438,225.8796,223.5452,219.8594,215.1298,209.0366,202.6310,195.3919,187.8741,181.3781,176.8854,171.8290,168.0198,166.7402,164.7561,164.0450,159.8375,157.2874,157.5350,154.7501,154.5583,150.5724,146.2997,141.4358,136.1809,132.6627,125.9499,118.8331,109.1975,101.0245,92.9038,84.7359
60,0.7500,固定最適比率,8.0000,4666.3190,373.3055,survival,1.0000,1.0000,1.0000,1.0000,1.0000,1.0000,1.0000,1.0000,0.9990,0.9990,0.9960,0.9935,0.9890,0.9840,0.9790,0.9710,0.9620,0.9535,0.9410,0.9325,0.9195,0.9035,0.8945,0.8780,0.8695,0.8600,0.8510,0.8450,0.8395,0.8330,0.8260,0.8160,0.8065,0.8010,0.7970,0.7945
60,0.7500,固定最適比率,8.0000,4666.3190,373.3055,spend25p,232.0725,222.0731,212.1297,203.2052,193.9104,184.7971,176.2948,165.9568,155.2471,144.1068,133.3167,122.5320,112.9572,103.9021,96.0059,88.1671,80.7843,74.8359,69.5623,65.4406,60.0136,53.6266,48.3236,41.1463,35.8586,30.0518,24.0454,18.9003,13.6974,7.5680,0.7660,0.0000,0.0000,0.0000,0.0000,0.0000
60,0.7500,固定最適比率,8.0000,4666.3190,373.3055,spend50p,233.8328,227.1271,220.8838,215.3277,209.7141,203.4680,197.9163,191.6681,183.9530,175.4332,166.6651,158.1105,149.1157,141.7279,133.1947,126.8574,120.8488,115.4596,111.4543,108.3111,104.3269,101.2872,97.5754,92.7390,89.7601,85.1894,80.8812,75.8346,70.1125,64.2740,57.3414,50.1438,41.0962,34.1536,26.7872,19.8996
60,0.7500,固定最適比率,8.0000,4666.3190,373.3055,spend75p,235.6333,232.4574,230.0322,228.0806,226.9438,225.8796,223.5452,219.8594,215.1298,209.0366,202.6310,195.3919,187.8741,181.3781,176.8854,171.8290,168.0198,166.7402,164.7561,164.0450,159.8375,157.2874,157.5350,154.7501,154.5583,150.5724,146.2997,141.4358,136.1809,132.6627,125.9499,118.8331,109.1975,101.0245,92.9038,84.7359
60,0.7500,DynamicV1Rebalance,8.0000,4666.3190,373.3055,survival,1.0000,1.0000,1.0000,1.0000,1.0000,1.0000,1.0000,1.0000,0.9990,0.9990,0.9960,0.9935,0.9890,0.9845,0.9795,0.9725,0.9640,0.9580,0.9455,0.9370,0.9305,0.9175,0.9090,0.8940,0.8865,0.8785,0.8720,0.8665,0.8650,0.8615,0.8585,0.8555,0.8505,0.8490,0.8450,0.8435
60,0.7500,DynamicV1Rebalance,8.0000,4666.3190,373.3055,spend25p,232.0725,222.0731,212.1297,203.2052,193.9104,184.7971,176.2948,165.9568,155.2471,144.1068,133.3167,122.5320,112.9572,103.9606,96.0167,88.5308,81.1398,75.4160,70.0414,66.0485,61.7236,56.7746,50.6200,45.3012,39.0616,34.8102,29.5829,24.1324,19.7585,15.0118,9.7397,4.5849,0.0000,0.0000,0.0000,0.0000
60,0.7500,DynamicV1Rebalance,8.0000,4666.3190,373.3055,spend50p,233.8328,227.1271,220.8838,215.3277,209.7141,203.4680,197.9163,191.6681,183.9530,175.4332,166.6651,158.1105,149.1157,141.7600,133.2095,127.1399,121.2343,115.8132,111.9111,109.2174,106.1096,103.0100,100.3557,95.7544,92.6686,88.1512,83.6777,79.7860,75.7108,69.9648,64.4313,58.0917,50.6549,43.1553,35.6267,28.3606
60,0.7500,DynamicV1Rebalance,8.0000,4666.3190,373.3055,spend75p,235.6333,232.4574,230.0322,228.0806,226.9438,225.8796,223.5452,219.8594,215.1298,209.0366,202.6310,195.3919,187.8741,181.5381,176.9973,172.0481,168.2199,167.4284,165.1661,164.2955,161.8637,161.4071,159.8350,158.0803,157.0443,154.2889,151.0556,147.3558,144.4410,139.2129,134.7964,129.3977,121.2158,114.3178,105.4936,96.3001
60,0.7500,SpendAwareDPRebalance (re60),8.0000,4666.3190,373.3055,survival,1.0000,1.0000,1.0000,1.0000,1.0000,1.0000,1.0000,1.0000,0.9990,0.9990,0.9965,0.9950,0.9940,0.9915,0.9905,0.9885,0.9855,0.9805,0.9785,0.9750,0.9685,0.9635,0.9580,0.9490,0.9430,0.9375,0.9320,0.9240,0.9170,0.9125,0.9085,0.9040,0.8975,0.8920,0.8870,0.8815
60,0.7500,SpendAwareDPRebalance (re60),8.0000,4666.3190,373.3055,spend25p,232.0725,222.0731,212.1297,203.2052,193.9104,184.7971,176.2948,165.9568,155.2471,144.1068,133.3244,122.7562,113.4033,104.9108,97.0311,90.7621,84.7879,78.5876,74.9472,71.4222,68.3727,63.7346,60.0702,54.9861,51.2342,47.2994,42.1906,36.4807,31.1558,25.4053,19.5329,13.2841,6.8149,0.2525,0.0000,0.0000
60,0.7500,SpendAwareDPRebalance (re60),8.0000,4666.3190,373.3055,spend50p,233.8328,227.1271,220.8838,215.3277,209.7141,203.4680,197.9163,191.6681,183.9530,175.4332,166.7506,158.3927,150.0873,142.2123,134.8950,129.0446,124.0596,119.9546,116.3098,114.4816,112.1356,109.3399,107.4236,104.8885,101.7436,97.8688,94.7215,89.0390,83.6616,78.3557,71.9720,65.3786,57.1650,50.0661,42.0009,34.0018
60,0.7500,SpendAwareDPRebalance (re60),8.0000,4666.3190,373.3055,spend75p,235.6333,232.4574,230.0322,228.0806,226.9438,225.8796,223.5452,219.8594,215.1298,209.0366,202.6310,195.4565,188.0979,182.4190,178.2966,174.1750,171.7887,169.9963,168.8037,169.5984,168.5128,167.6708,168.3585,167.9893,166.6288,163.6875,162.1131,157.7789,153.5986,147.5734,141.9366,136.2009,127.8783,117.9884,108.2468,98.4750
60,0.7500,SpendAwareDPRebalance (re40),8.0000,4666.3190,373.3055,survival,1.0000,1.0000,1.0000,1.0000,1.0000,1.0000,1.0000,1.0000,0.9990,0.9990,0.9965,0.9950,0.9940,0.9915,0.9910,0.9890,0.9855,0.9805,0.9790,0.9735,0.9685,0.9620,0.9570,0.9490,0.9460,0.9410,0.9340,0.9280,0.9225,0.9150,0.9085,0.9040,0.8985,0.8935,0.8885,0.8820
60,0.7500,SpendAwareDPRebalance (re40),8.0000,4666.3190,373.3055,spend25p,232.0725,222.0731,212.1297,203.2052,193.9104,184.7971,176.2948,165.9568,155.2471,144.1068,133.3244,122.7562,113.4033,104.9108,97.1749,90.7764,84.7879,78.5876,74.9730,71.1693,68.3727,63.3831,59.9664,54.9861,51.6241,48.0797,42.7020,37.1655,32.5109,26.0493,19.5329,13.2841,6.9023,0.5273,0.0000,0.0000
60,0.7500,SpendAwareDPRebalance (re40),8.0000,4666.3190,373.3055,spend50p,233.8328,227.1271,220.8838,215.3277,209.7141,203.4680,197.9163,191.6681,183.9530,175.4332,166.7506,158.3381,150.0873,142.2617,135.0082,129.1629,124.0596,119.9546,116.4364,114.0930,112.1356,109.1471,107.3445,104.9249,102.6437,98.4837,94.8720,89.7869,84.9838,78.7320,72.4310,65.5921,57.4891,50.1828,42.5738,34.1065
60,0.7500,SpendAwareDPRebalance (re40),8.0000,4666.3190,373.3055,spend75p,235.6333,232.4574,230.0322,228.0806,226.9438,225.8796,223.5452,219.8594,215.1298,209.0366,202.6310,195.4019,188.0979,182.4190,178.6071,174.5930,171.7887,169.9963,169.6947,169.3397,168.5128,167.4319,167.8065,168.2914,167.2582,164.6132,162.2488,158.6302,155.5414,148.1131,142.2498,136.2009,127.8783,118.3333,108.8318,98.4750
60,1.0000,No dynamic rebalance,2.5000,19909.6279,497.7407,survival,1.0000,1.0000,1.0000,1.0000,1.0000,1.0000,1.0000,1.0000,1.0000,1.0000,1.0000,1.0000,1.0000,1.0000,1.0000,1.0000,1.0000,1.0000,1.0000,0.9995,0.9995,0.9990,0.9980,0.9970,0.9965,0.9950,0.9940,0.9940,0.9940,0.9930,0.9920,0.9905,0.9895,0.9875,0.9845,0.9835
60,1.0000,No dynamic rebalance,2.5000,19909.6279,497.7407,spend25p,356.6571,343.6014,330.7619,319.3671,307.3802,295.2678,284.5948,270.9984,257.2178,243.4093,230.0139,216.8430,205.8552,194.9148,186.2724,178.7897,172.3584,167.4305,163.3072,161.1500,158.4124,156.7873,155.3074,152.1482,149.5821,145.6906,141.2646,138.0869,132.9485,126.7137,121.1893,117.2383,110.5439,101.4834,94.4985,87.7531
60,1.0000,No dynamic rebalance,2.5000,19909.6279,497.7407,spend50p,359.2616,351.1312,343.8391,337.0954,330.7560,323.4069,317.2954,310.6313,301.1917,291.4627,282.2877,272.6498,263.8899,255.5907,247.6156,241.4372,236.1958,233.5928,231.0992,230.4186,231.3322,231.4527,230.5001,229.8591,229.9330,230.5999,229.4888,228.1818,224.1835,221.8383,217.2053,211.4519,203.7690,200.3326,193.9237,185.5293
60,1.0000,No dynamic rebalance,2.5000,19909.6279,497.7407,spend75p,361.9799,359.1408,357.4765,356.5537,356.8544,357.3835,356.4240,353.4484,349.5144,344.0773,338.3432,331.4410,324.3812,320.3646,318.8344,316.2264,318.0229,318.0824,321.4629,328.5337,331.9250,335.9252,342.4695,348.0724,349.9570,350.5644,352.2198,357.0031,355.5520,356.8851,356.7153,354.4420,352.9761,343.5008,338.8378,335.5525
60,1.0000,固定最適比率,2.5000,19909.6279,497.7407,survival,1.0000,1.0000,1.0000,1.0000,1.0000,1.0000,1.0000,1.0000,1.0000,1.0000,1.0000,1.0000,1.0000,1.0000,1.0000,1.0000,1.0000,1.0000,1.0000,1.0000,1.0000,1.0000,1.0000,1.0000,1.0000,1.0000,1.0000,1.0000,1.0000,1.0000,1.0000,1.0000,1.0000,1.0000,1.0000,1.0000
60,1.0000,固定最適比率,2.5000,19909.6279,497.7407,spend25p,356.6571,343.6014,330.7619,319.3671,307.3802,295.2678,284.5948,270.9984,257.2178,243.4093,230.0139,216.8430,205.8552,194.9148,186.2724,178.7897,172.3584,167.4305,163.3072,161.3561,159.0358,157.7261,155.8725,153.6206,150.7719,147.0144,143.6793,140.2449,135.2039,129.3663,123.8365,120.2422,113.1005,106.8796,98.9175,92.1744
60,1.0000,固定最適比率,2.5000,19909.6279,497.7407,spend50p,359.2616,351.1312,343.8391,337.0954,330.7560,323.4069,317.2954,310.6313,301.1917,291.4627,282.2877,272.6498,263.8899,255.5907,247.6156,241.4372,236.1958,233.5928,231.0992,230.4653,231.3784,231.6803,231.0970,230.4978,231.2819,231.8743,231.5021,230.4338,226.6524,224.2849,219.4079,215.1893,208.2389,203.5553,200.6665,193.8680
60,1.0000,固定最適比率,2.5000,19909.6279,497.7407,spend75p,361.9799,359.1408,357.4765,356.5537,356.8544,357.3835,356.4240,353.4484,349.5144,344.0773,338.3432,331.4410,324.3812,320.3646,318.8344,316.2264,318.0229,318.0824,321.4629,328.6363,331.9798,336.0289,343.1306,348.7116,351.7955,354.1534,355.7321,362.9097,360.2233,360.5552,360.8725,356.9408,355.0612,352.6484,347.1727,342.5095
60,1.0000,DynamicV1Rebalance,2.5000,19909.6279,497.7407,survival,1.0000,1.0000,1.0000,1.0000,1.0000,1.0000,1.0000,1.0000,1.0000,1.0000,1.0000,1.0000,1.0000,1.0000,1.0000,1.0000,1.0000,1.0000,1.0000,1.0000,1.0000,1.0000,1.0000,1.0000,1.0000,1.0000,1.0000,1.0000,1.0000,1.0000,1.0000,1.0000,1.0000,1.0000,1.0000,1.0000
60,1.0000,DynamicV1Rebalance,2.5000,19909.6279,497.7407,spend25p,356.6571,343.6014,330.7619,319.3671,307.3802,295.2678,284.5948,270.9984,257.2178,243.4093,230.0139,216.8430,205.8552,194.9148,186.2724,178.7897,172.3584,167.4305,163.3072,161.3561,159.0358,157.7261,155.8725,153.6206,150.7719,147.0144,143.6793,140.2449,135.2039,129.3663,123.8365,120.2422,113.1005,106.8796,98.9175,92.1744
60,1.0000,DynamicV1Rebalance,2.5000,19909.6279,497.7407,spend50p,359.2616,351.1312,343.8391,337.0954,330.7560,323.4069,317.2954,310.6313,301.1917,291.4627,282.2877,272.6498,263.8899,255.5907,247.6156,241.4372,236.1958,233.5928,231.0992,230.4653,231.3784,231.6803,231.0970,230.4978,231.2819,231.8743,231.5021,230.4338,226.6524,224.2849,219.4079,215.1893,208.2389,203.5553,200.6665,193.8680
60,1.0000,DynamicV1Rebalance,2.5000,19909.6279,497.7407,spend75p,361.9799,359.1408,357.4765,356.5537,356.8544,357.3835,356.4240,353.4484,349.5144,344.0773,338.3432,331.4410,324.3812,320.3646,318.8344,316.2264,318.0229,318.0824,321.4629,328.6363,331.9798,336.0289,343.1306,348.7116,351.7955,354.1534,355.7321,362.9097,360.2233,360.5552,360.8725,356.9408,355.0612,352.6484,347.1727,342.5095
60,1.0000,SpendAwareDPRebalance (re60),2.5000,19909.6279,497.7407,survival,1.0000,1.0000,1.0000,1.0000,1.0000,1.0000,1.0000,1.0000,1.0000,1.0000,1.0000,1.0000,1.0000,1.0000,1.0000,1.0000,1.0000,1.0000,1.0000,1.0000,1.0000,1.0000,1.0000,1.0000,1.0000,1.0000,1.0000,1.0000,1.0000,1.0000,1.0000,1.0000,1.0000,1.0000,1.0000,0.9990
60,1.0000,SpendAwareDPRebalance (re60),2.5000,19909.6279,497.7407,spend25p,356.6571,343.6014,330.7619,319.3671,307.3802,295.2678,284.5948,270.9984,257.2178,243.4093,230.0139,216.8430,205.8552,194.9148,186.2724,178.7897,172.3584,167.4305,163.3072,161.3561,159.0358,157.7261,155.8725,153.6206,150.7719,147.0144,143.6793,140.2449,135.2039,129.3663,123.8365,120.2422,113.1005,106.8796,98.9175,92.0917
60,1.0000,SpendAwareDPRebalance (re60),2.5000,19909.6279,497.7407,spend50p,359.2616,351.1312,343.8391,337.0954,330.7560,323.4069,317.2954,310.6313,301.1917,291.4627,282.2877,272.6498,263.8899,255.5907,247.6156,241.4372,236.1958,233.5928,231.0992,230.4653,231.3784,231.6803,231.0970,230.4978,231.2819,231.8743,231.5021,230.4338,226.6524,224.2849,219.4079,215.1893,208.2389,203.5553,200.6665,193.4787
60,1.0000,SpendAwareDPRebalance (re60),2.5000,19909.6279,497.7407,spend75p,361.9799,359.1408,357.4765,356.5537,356.8544,357.3835,356.4240,353.4484,349.5144,344.0773,338.3432,331.4410,324.3812,320.3646,318.8344,316.2264,318.0229,318.0824,321.4629,328.6363,331.9798,336.0289,343.1306,348.7116,351.7955,354.1534,355.7321,362.9097,360.2233,360.5552,360.8725,356.9408,355.0612,352.6484,347.1727,341.7237
60,1.0000,SpendAwareDPRebalance (re40),2.5000,19909.6279,497.7407,survival,1.0000,1.0000,1.0000,1.0000,1.0000,1.0000,1.0000,1.0000,1.0000,1.0000,1.0000,1.0000,1.0000,1.0000,1.0000,1.0000,1.0000,1.0000,1.0000,1.0000,1.0000,1.0000,1.0000,1.0000,1.0000,1.0000,1.0000,1.0000,1.0000,1.0000,1.0000,1.0000,1.0000,1.0000,1.0000,0.9990
60,1.0000,SpendAwareDPRebalance (re40),2.5000,19909.6279,497.7407,spend25p,356.6571,343.6014,330.7619,319.3671,307.3802,295.2678,284.5948,270.9984,257.2178,243.4093,230.0139,216.8430,205.8552,194.9148,186.2724,178.7897,172.3584,167.4305,163.3072,161.3561,159.0358,157.7261,155.8725,153.6206,150.7719,147.0144,143.6793,140.2449,135.2039,129.3663,123.8365,120.2422,113.1005,106.8796,98.9175,92.0917
60,1.0000,SpendAwareDPRebalance (re40),2.5000,19909.6279,497.7407,spend50p,359.2616,351.1312,343.8391,337.0954,330.7560,323.4069,317.2954,310.6313,301.1917,291.4627,282.2877,272.6498,263.8899,255.5907,247.6156,241.4372,236.1958,233.5928,231.0992,230.4653,231.3784,231.6803,231.0970,230.4978,231.2819,231.8743,231.5021,230.4338,226.6524,224.2849,219.4079,215.1893,208.2389,203.5553,200.6665,193.4787
60,1.0000,SpendAwareDPRebalance (re40),2.5000,19909.6279,497.7407,spend75p,361.9799,359.1408,357.4765,356.5537,356.8544,357.3835,356.4240,353.4484,349.5144,344.0773,338.3432,331.4410,324.3812,320.3646,318.8344,316.2264,318.0229,318.0824,321.4629,328.6363,331.9798,336.0289,343.1306,348.7116,351.7955,354.1534,355.7321,362.9097,360.2233,360.5552,360.8725,356.9408,355.0612,352.6484,347.1727,341.7237
60,1.0000,No dynamic rebalance,3.0000,16591.3566,497.7407,survival,1.0000,1.0000,1.0000,1.0000,1.0000,1.0000,1.0000,1.0000,1.0000,1.0000,1.0000,1.0000,1.0000,1.0000,1.0000,1.0000,1.0000,0.9995,0.9990,0.9980,0.9970,0.9955,0.9940,0.9935,0.9925,0.9920,0.9900,0.9900,0.9870,0.9835,0.9815,0.9795,0.9755,0.9740,0.9720,0.9685
60,1.0000,No dynamic rebalance,3.0000,16591.3566,497.7407,spend25p,356.6571,343.6014,330.7619,319.3671,307.3802,295.2678,284.5948,270.9984,257.2178,243.4093,230.0139,216.8430,205.8552,194.9148,186.2724,178.7897,172.3584,166.8958,162.8763,160.7942,157.9878,155.5381,153.6662,149.6353,147.7227,145.0348,140.0613,135.9034,130.5336,123.1114,118.3580,113.0289,104.9802,97.8415,91.3261,82.4659
60,1.0000,No dynamic rebalance,3.0000,16591.3566,497.7407,spend50p,359.2616,351.1312,343.8391,337.0954,330.7560,323.4069,317.2954,310.6313,301.1917,291.4627,282.2877,272.6498,263.8899,255.5907,247.6156,241.4372,236.1958,233.5655,230.8968,229.9738,230.7283,229.7487,229.1900,228.8561,228.4586,228.9320,227.8953,227.0816,221.5498,217.3800,212.9427,206.4830,200.6786,195.0151,188.6984,180.6513
60,1.0000,No dynamic rebalance,3.0000,16591.3566,497.7407,spend75p,361.9799,359.1408,357.4765,356.5537,356.8544,357.3835,356.4240,353.4484,349.5144,344.0773,338.3432,331.4410,324.3812,320.3646,318.8344,316.2264,318.0229,318.0387,321.2994,328.3248,331.0844,335.2097,341.0796,347.1621,349.1540,349.6081,351.0882,354.9727,352.9654,352.9519,351.4257,348.8409,344.4975,337.9269,331.7068,326.1135
60,1.0000,固定最適比率,3.0000,16591.3566,497.7407,survival,1.0000,1.0000,1.0000,1.0000,1.0000,1.0000,1.0000,1.0000,1.0000,1.0000,1.0000,1.0000,1.0000,1.0000,1.0000,1.0000,1.0000,1.0000,1.0000,1.0000,1.0000,1.0000,1.0000,1.0000,1.0000,1.0000,1.0000,1.0000,1.0000,1.0000,1.0000,1.0000,1.0000,1.0000,1.0000,0.9995
60,1.0000,固定最適比率,3.0000,16591.3566,497.7407,spend25p,356.6571,343.6014,330.7619,319.3671,307.3802,295.2678,284.5948,270.9984,257.2178,243.4093,230.0139,216.8430,205.8552,194.9148,186.2724,178.7897,172.3584,167.4305,163.3072,161.3561,159.0358,157.7261,155.8725,153.6206,150.7719,147.0144,143.6793,140.2449,135.2039,129.3663,123.8365,120.2422,113.1005,106.8796,98.9175,92.1566
60,1.0000,固定最適比率,3.0000,16591.3566,497.7407,spend50p,359.2616,351.1312,343.8391,337.0954,330.7560,323.4069,317.2954,310.6313,301.1917,291.4627,282.2877,272.6498,263.8899,255.5907,247.6156,241.4372,236.1958,233.5928,231.0992,230.4653,231.3784,231.6803,231.0970,230.4978,231.2819,231.8743,231.5021,230.4338,226.6524,224.2849,219.4079,215.1893,208.2389,203.5553,200.6665,193.7151
60,1.0000,固定最適比率,3.0000,16591.3566,497.7407,spend75p,361.9799,359.1408,357.4765,356.5537,356.8544,357.3835,356.4240,353.4484,349.5144,344.0773,338.3432,331.4410,324.3812,320.3646,318.8344,316.2264,318.0229,318.0824,321.4629,328.6363,331.9798,336.0289,343.1306,348.7116,351.7955,354.1534,355.7321,362.9097,360.2233,360.5552,360.8725,356.9408,355.0612,352.6484,347.1727,342.0433
60,1.0000,DynamicV1Rebalance,3.0000,16591.3566,497.7407,survival,1.0000,1.0000,1.0000,1.0000,1.0000,1.0000,1.0000,1.0000,1.0000,1.0000,1.0000,1.0000,1.0000,1.0000,1.0000,1.0000,1.0000,1.0000,1.0000,1.0000,1.0000,1.0000,1.0000,1.0000,1.0000,1.0000,1.0000,1.0000,1.0000,1.0000,0.9995,0.9995,0.9995,0.9975,0.9970,0.9970
60,1.0000,DynamicV1Rebalance,3.0000,16591.3566,497.7407,spend25p,356.6571,343.6014,330.7619,319.3671,307.3802,295.2678,284.5948,270.9984,257.2178,243.4093,230.0139,216.8430,205.8552,194.9148,186.2724,178.7897,172.3584,167.4305,163.3072,161.3561,159.0358,157.7261,155.8725,153.6206,150.7719,147.0144,143.6793,140.2449,135.2039,129.3663,123.7696,120.1553,112.9362,106.0087,98.2775,91.4007
60,1.0000,DynamicV1Rebalance,3.0000,16591.3566,497.7407,spend50p,359.2616,351.1312,343.8391,337.0954,330.7560,323.4069,317.2954,310.6313,301.1917,291.4627,282.2877,272.6498,263.8899,255.5907,247.6156,241.4372,236.1958,233.5928,231.0992,230.4653,231.3784,231.6803,231.0970,230.4978,231.2819,231.8743,231.5021,230.4338,226.6524,224.2849,219.3754,214.9820,208.0369,203.3013,198.7563,193.2001
60,1.0000,DynamicV1Rebalance,3.0000,16591.3566,497.7407,spend75p,361.9799,359.1408,357.4765,356.5537,356.8544,357.3835,356.4240,353.4484,349.5144,344.0773,338.3432,331.4410,324.3812,320.3646,318.8344,316.2264,318.0229,318.0824,321.4629,328.6363,331.9798,336.0289,343.1306,348.7116,351.7955,354.1534,355.7321,362.9097,360.2233,360.5552,360.6792,355.8484,355.0007,350.2001,345.1588,339.9698
60,1.0000,SpendAwareDPRebalance (re60),3.0000,16591.3566,497.7407,survival,1.0000,1.0000,1.0000,1.0000,1.0000,1.0000,1.0000,1.0000,1.0000,1.0000,1.0000,1.0000,1.0000,1.0000,1.0000,1.0000,1.0000,1.0000,1.0000,1.0000,1.0000,1.0000,1.0000,0.9995,0.9995,0.9995,0.9995,0.9995,0.9995,0.9990,0.9990,0.9990,0.9980,0.9965,0.9960,0.9955
60,1.0000,SpendAwareDPRebalance (re60),3.0000,16591.3566,497.7407,spend25p,356.6571,343.6014,330.7619,319.3671,307.3802,295.2678,284.5948,270.9984,257.2178,243.4093,230.0139,216.8430,205.8552,194.9148,186.2724,178.7897,172.3584,167.4305,163.3072,161.3561,159.0358,157.7261,155.8725,153.6008,150.6640,146.9309,143.4467,140.2230,134.5166,128.1488,123.7338,120.0246,112.5773,105.5617,98.2176,90.5025
60,1.0000,SpendAwareDPRebalance (re60),3.0000,16591.3566,497.7407,spend50p,359.2616,351.1312,343.8391,337.0954,330.7560,323.4069,317.2954,310.6313,301.1917,291.4627,282.2877,272.6498,263.8899,255.5907,247.6156,241.4372,236.1958,233.5928,231.0992,230.4653,231.3784,231.6803,231.0970,230.2713,230.8830,231.7774,231.0931,230.1562,226.3350,224.2199,219.3552,214.7129,206.3397,203.0541,198.6527,192.5292
60,1.0000,SpendAwareDPRebalance (re60),3.0000,16591.3566,497.7407,spend75p,361.9799,359.1408,357.4765,356.5537,356.8544,357.3835,356.4240,353.4484,349.5144,344.0773,338.3432,331.4410,324.3812,320.3646,318.8344,316.2264,318.0229,318.0824,321.4629,328.6363,331.9798,336.0289,343.1306,348.5098,351.6445,353.7481,355.4631,361.7590,359.5351,359.9811,360.5853,355.8484,354.4800,349.6027,344.4022,339.8460
60,1.0000,SpendAwareDPRebalance (re40),3.0000,16591.3566,497.7407,survival,1.0000,1.0000,1.0000,1.0000,1.0000,1.0000,1.0000,1.0000,1.0000,1.0000,1.0000,1.0000,1.0000,1.0000,1.0000,1.0000,1.0000,1.0000,1.0000,1.0000,1.0000,1.0000,1.0000,1.0000,1.0000,0.9995,0.9995,0.9995,0.9995,0.9990,0.9985,0.9985,0.9970,0.9970,0.9965,0.9955
60,1.0000,SpendAwareDPRebalance (re40),3.0000,16591.3566,497.7407,spend25p,356.6571,343.6014,330.7619,319.3671,307.3802,295.2678,284.5948,270.9984,257.2178,243.4093,230.0139,216.8430,205.8552,194.9148,186.2724,178.7897,172.3584,167.4305,163.3072,161.3561,159.0358,157.7261,155.8725,153.6206,150.7719,146.9309,143.4467,140.2230,134.5166,128.1488,123.5959,119.8205,112.4349,105.6930,98.2574,90.5025
60,1.0000,SpendAwareDPRebalance (re40),3.0000,16591.3566,497.7407,spend50p,359.2616,351.1312,343.8391,337.0954,330.7560,323.4069,317.2954,310.6313,301.1917,291.4627,282.2877,272.6498,263.8899,255.5907,247.6156,241.4372,236.1958,233.5928,231.0992,230.4653,231.3784,231.6803,231.0970,230.4978,231.2819,231.7774,231.0931,230.1562,226.3350,224.2199,219.2678,214.5136,205.9078,203.1985,198.7250,192.5292
60,1.0000,SpendAwareDPRebalance (re40),3.0000,16591.3566,497.7407,spend75p,361.9799,359.1408,357.4765,356.5537,356.8544,357.3835,356.4240,353.4484,349.5144,344.0773,338.3432,331.4410,324.3812,320.3646,318.8344,316.2264,318.0229,318.0824,321.4629,328.6363,331.9798,336.0289,343.1306,348.7116,351.7955,353.7481,355.4631,361.7590,359.5351,359.9811,360.3953,355.5111,353.9633,350.2001,345.1588,339.8460
60,1.0000,No dynamic rebalance,4.0000,12443.5174,497.7407,survival,1.0000,1.0000,1.0000,1.0000,1.0000,1.0000,1.0000,1.0000,1.0000,1.0000,1.0000,1.0000,0.9995,0.9995,0.9990,0.9970,0.9950,0.9945,0.9925,0.9920,0.9915,0.9875,0.9865,0.9825,0.9775,0.9705,0.9680,0.9620,0.9560,0.9510,0.9455,0.9400,0.9365,0.9300,0.9250,0.9215
60,1.0000,No dynamic rebalance,4.0000,12443.5174,497.7407,spend25p,356.6571,343.6014,330.7619,319.3671,307.3802,295.2678,284.5948,270.9984,257.2178,243.4093,230.0139,216.8430,205.6736,194.6287,185.8522,178.0494,171.0263,165.7807,161.1946,158.4742,156.2846,152.5338,150.8752,146.3947,141.3391,136.3274,132.2317,125.9213,118.7054,112.9522,105.4039,98.1659,91.1688,83.2638,75.4555,66.4132
60,1.0000,No dynamic rebalance,4.0000,12443.5174,497.7407,spend50p,359.2616,351.1312,343.8391,337.0954,330.7560,323.4069,317.2954,310.6313,301.1917,291.4627,282.2877,272.6498,263.6797,255.2394,247.2034,240.2888,235.3258,231.9938,229.5126,229.1351,228.7617,227.7988,227.1191,226.6668,224.6683,221.8095,220.9499,217.1239,212.1687,205.4409,198.1586,191.9240,185.8957,177.0829,169.2720,159.3515
60,1.0000,No dynamic rebalance,4.0000,12443.5174,497.7407,spend75p,361.9799,359.1408,357.4765,356.5537,356.8544,357.3835,356.4240,353.4484,349.5144,344.0773,338.3432,331.4410,324.2921,320.2736,318.5342,314.9860,316.9142,316.6393,319.9940,326.3696,329.3602,332.6505,338.9760,341.9615,342.0912,339.8109,342.3259,340.9821,339.9793,337.5847,331.5475,327.5108,322.6775,314.5568,308.0268,295.6671
60,1.0000,固定最適比率,4.0000,12443.5174,497.7407,survival,1.0000,1.0000,1.0000,1.0000,1.0000,1.0000,1.0000,1.0000,1.0000,1.0000,1.0000,1.0000,1.0000,1.0000,1.0000,1.0000,1.0000,1.0000,0.9995,0.9995,0.9995,0.9995,0.9995,0.9990,0.9980,0.9960,0.9945,0.9925,0.9905,0.9890,0.9880,0.9850,0.9815,0.9780,0.9740,0.9705
60,1.0000,固定最適比率,4.0000,12443.5174,497.7407,spend25p,356.6571,343.6014,330.7619,319.3671,307.3802,295.2678,284.5948,270.9984,257.2178,243.4093,230.0139,216.8430,205.8552,194.9148,186.2724,178.7897,172.3584,167.4305,163.1544,161.1500,158.4124,157.2991,155.6107,153.3150,150.1681,145.9496,141.4145,136.9981,131.4732,125.5704,119.8307,114.8416,107.2506,99.3312,91.8497,83.8302
60,1.0000,固定最適比率,4.0000,12443.5174,497.7407,spend50p,359.2616,351.1312,343.8391,337.0954,330.7560,323.4069,317.2954,310.6313,301.1917,291.4627,282.2877,272.6498,263.8899,255.5907,247.6156,241.4372,236.1958,233.5928,231.0565,230.4186,231.3322,231.5703,231.0514,230.2278,230.1449,230.9353,229.4888,227.5736,222.8098,218.9087,214.9257,208.2462,201.5048,195.4370,188.0348,180.6311
60,1.0000,固定最適比率,4.0000,12443.5174,497.7407,spend75p,361.9799,359.1408,357.4765,356.5537,356.8544,357.3835,356.4240,353.4484,349.5144,344.0773,338.3432,331.4410,324.3812,320.3646,318.8344,316.2264,318.0229,318.0824,321.3849,328.5337,331.9250,335.9252,343.1067,348.3971,350.6486,350.5644,352.0038,354.9727,352.9654,354.3663,352.4356,348.8409,344.4975,336.9253,329.1377,322.8374
60,1.0000,DynamicV1Rebalance,4.0000,12443.5174,497.7407,survival,1.0000,1.0000,1.0000,1.0000,1.0000,1.0000,1.0000,1.0000,1.0000,1.0000,1.0000,1.0000,1.0000,1.0000,1.0000,1.0000,0.9990,0.9985,0.9980,0.9975,0.9975,0.9975,0.9975,0.9965,0.9965,0.9950,0.9950,0.9940,0.9930,0.9925,0.9915,0.9905,0.9885,0.9875,0.9860,0.9855
60,1.0000,DynamicV1Rebalance,4.0000,12443.5174,497.7407,spend25p,356.6571,343.6014,330.7619,319.3671,307.3802,295.2678,284.5948,270.9984,257.2178,243.4093,230.0139,216.8430,205.8552,194.9148,186.2724,178.7897,172.1034,166.4238,162.7645,160.7211,158.1593,156.1590,155.1621,151.9090,149.5821,145.6906,141.4957,138.0869,132.4436,126.0790,120.9345,116.7206,109.0281,101.3420,94.6329,87.9126
60,1.0000,DynamicV1Rebalance,4.0000,12443.5174,497.7407,spend50p,359.2616,351.1312,343.8391,337.0954,330.7560,323.4069,317.2954,310.6313,301.1917,291.4627,282.2877,272.6498,263.8899,255.5907,247.6156,241.4372,236.0687,233.3867,230.5469,229.8238,230.9117,230.9820,230.1209,229.5820,229.6346,230.3735,229.4888,227.7694,223.1228,220.3422,215.7919,210.8792,203.3161,199.7312,193.9237,186.1419
60,1.0000,DynamicV1Rebalance,4.0000,12443.5174,497.7407,spend75p,361.9799,359.1408,357.4765,356.5537,356.8544,357.3835,356.4240,353.4484,349.5144,344.0773,338.3432,331.4410,324.3812,320.3646,318.8344,316.2264,317.6414,318.0111,321.0146,328.1024,331.3389,335.7359,342.3178,347.6037,349.9570,350.1538,352.8420,356.8879,354.6875,355.4004,354.8417,352.0020,350.0354,341.8274,336.6532,332.9640
60,1.0000,SpendAwareDPRebalance (re60),4.0000,12443.5174,497.7407,survival,1.0000,1.0000,1.0000,1.0000,1.0000,1.0000,1.0000,1.0000,1.0000,1.0000,1.0000,1.0000,1.0000,1.0000,1.0000,1.0000,1.0000,1.0000,1.0000,1.0000,0.9995,0.9995,0.9995,0.9995,0.9995,0.9995,0.9980,0.9965,0.9950,0.9940,0.9925,0.9915,0.9890,0.9870,0.9855,0.9835
60,1.0000,SpendAwareDPRebalance (re60),4.0000,12443.5174,497.7407,spend25p,356.6571,343.6014,330.7619,319.3671,307.3802,295.2678,284.5948,270.9984,257.2178,243.4093,230.0139,216.8430,205.8552,194.9148,186.2724,178.7897,172.3584,167.4305,163.3072,161.3561,158.4124,157.2991,155.6107,153.6008,150.6640,146.9309,142.7358,139.8021,133.2994,126.7742,121.1893,117.3450,109.5008,101.0749,94.5753,87.6848
60,1.0000,SpendAwareDPRebalance (re60),4.0000,12443.5174,497.7407,spend50p,359.2616,351.1312,343.8391,337.0954,330.7560,323.4069,317.2954,310.6313,301.1917,291.4627,282.2877,272.6498,263.8899,255.5907,247.6156,241.4372,236.1958,233.5928,231.0992,230.4653,231.3322,231.5703,231.0514,230.2713,230.8830,231.7774,230.0417,228.9788,224.1835,221.4415,216.9261,210.9901,203.3161,199.5698,193.7315,184.3259
60,1.0000,SpendAwareDPRebalance (re60),4.0000,12443.5174,497.7407,spend75p,361.9799,359.1408,357.4765,356.5537,356.8544,357.3835,356.4240,353.4484,349.5144,344.0773,338.3432,331.4410,324.3812,320.3646,318.8344,316.2264,318.0229,318.0824,321.4629,328.6363,331.9250,335.9252,343.1067,348.5098,351.6445,353.7481,354.8083,357.2889,354.9033,355.4004,354.6616,350.9873,347.5669,340.7514,334.5855,328.3410
60,1.0000,SpendAwareDPRebalance (re40),4.0000,12443.5174,497.7407,survival,1.0000,1.0000,1.0000,1.0000,1.0000,1.0000,1.0000,1.0000,1.0000,1.0000,1.0000,1.0000,1.0000,1.0000,1.0000,1.0000,1.0000,1.0000,1.0000,1.0000,1.0000,0.9995,0.9995,0.9995,0.9995,0.9995,0.9985,0.9955,0.9945,0.9925,0.9920,0.9905,0.9885,0.9870,0.9855,0.9830
60,1.0000,SpendAwareDPRebalance (re40),4.0000,12443.5174,497.7407,spend25p,356.6571,343.6014,330.7619,319.3671,307.3802,295.2678,284.5948,270.9984,257.2178,243.4093,230.0139,216.8430,205.8552,194.9148,186.2724,178.7897,172.3584,167.4305,163.3072,161.3561,159.0358,157.2991,155.6107,153.6008,150.6640,146.9309,142.8431,139.2029,133.2276,126.0790,121.1216,116.7206,109.0281,101.0749,94.5753,87.5633
60,1.0000,SpendAwareDPRebalance (re40),4.0000,12443.5174,497.7407,spend50p,359.2616,351.1312,343.8391,337.0954,330.7560,323.4069,317.2954,310.6313,301.1917,291.4627,282.2877,272.6498,263.8899,255.5907,247.6156,241.4372,236.1958,233.5928,231.0992,230.4653,231.3784,231.5703,231.0514,230.2713,230.8830,231.7774,230.3297,228.3136,224.1106,220.3422,216.3821,210.5516,203.2923,199.5698,193.7315,184.2848
60,1.0000,SpendAwareDPRebalance (re40),4.0000,12443.5174,497.7407,spend75p,361.9799,359.1408,357.4765,356.5537,356.8544,357.3835,356.4240,353.4484,349.5144,344.0773,338.3432,331.4410,324.3812,320.3646,318.8344,316.2264,318.0229,318.0824,321.4629,328.6363,331.9798,335.9252,343.1067,348.5098,351.6445,353.7481,355.1605,357.0467,354.9033,354.9453,354.6616,350.3070,346.7581,340.7514,334.5855,328.0453
60,1.0000,No dynamic rebalance,5.0000,9954.8140,497.7407,survival,1.0000,1.0000,1.0000,1.0000,1.0000,1.0000,1.0000,1.0000,1.0000,1.0000,0.9995,0.9995,0.9975,0.9955,0.9945,0.9930,0.9895,0.9865,0.9825,0.9770,0.9710,0.9645,0.9570,0.9480,0.9450,0.9360,0.9290,0.9205,0.9120,0.9025,0.8970,0.8915,0.8870,0.8845,0.8755,0.8680
60,1.0000,No dynamic rebalance,5.0000,9954.8140,497.7407,spend25p,356.6571,343.6014,330.7619,319.3671,307.3802,295.2678,284.5948,270.9984,257.2178,243.4093,229.9959,216.7521,205.2051,194.2531,184.9433,176.8733,169.3657,163.1343,158.3418,154.0757,151.0433,145.4944,139.0488,133.3042,130.6684,123.3769,116.8744,111.2636,103.6434,95.0799,88.3630,80.4625,72.0448,64.8953,55.7842,46.7207
60,1.0000,No dynamic rebalance,5.0000,9954.8140,497.7407,spend50p,359.2616,351.1312,343.8391,337.0954,330.7560,323.4069,317.2954,310.6313,301.1917,291.4627,282.0060,272.5976,263.1692,254.3733,246.0268,239.2819,233.8818,229.4833,227.5078,225.7627,224.7335,221.6326,220.3047,217.6830,215.7050,210.7417,207.5006,202.4009,196.7440,189.7327,183.3576,177.0515,166.9461,159.3573,150.5288,142.2597
60,1.0000,No dynamic rebalance,5.0000,9954.8140,497.7407,spend75p,361.9799,359.1408,357.4765,356.5537,356.8544,357.3835,356.4240,353.4484,349.5144,344.0773,338.0587,331.3275,323.9307,319.5830,317.6124,314.0978,314.8331,313.9789,316.2047,320.9108,322.1599,324.8165,328.7832,328.3023,329.5222,327.5797,327.8599,324.3028,322.7745,316.3004,311.3848,304.8313,298.1548,292.6923,282.4954,272.5372
60,1.0000,固定最適比率,5.0000,9954.8140,497.7407,survival,1.0000,1.0000,1.0000,1.0000,1.0000,1.0000,1.0000,1.0000,1.0000,1.0000,0.9995,0.9995,0.9975,0.9955,0.9945,0.9930,0.9895,0.9865,0.9825,0.9770,0.9710,0.9645,0.9570,0.9480,0.9450,0.9360,0.9290,0.9205,0.9120,0.9025,0.8970,0.8915,0.8870,0.8845,0.8755,0.8680
60,1.0000,固定最適比率,5.0000,9954.8140,497.7407,spend25p,356.6571,343.6014,330.7619,319.3671,307.3802,295.2678,284.5948,270.9984,257.2178,243.4093,229.9959,216.7521,205.2051,194.2531,184.9433,176.8733,169.3657,163.1343,158.3418,154.0757,151.0433,145.4944,139.0488,133.3042,130.6684,123.3769,116.8744,111.2636,103.6434,95.0799,88.3630,80.4625,72.0448,64.8953,55.7842,46.7207
60,1.0000,固定最適比率,5.0000,9954.8140,497.7407,spend50p,359.2616,351.1312,343.8391,337.0954,330.7560,323.4069,317.2954,310.6313,301.1917,291.4627,282.0060,272.5976,263.1692,254.3733,246.0268,239.2819,233.8818,229.4833,227.5078,225.7627,224.7335,221.6326,220.3047,217.6830,215.7050,210.7417,207.5006,202.4009,196.7440,189.7327,183.3576,177.0515,166.9461,159.3573,150.5288,142.2597
60,1.0000,固定最適比率,5.0000,9954.8140,497.7407,spend75p,361.9799,359.1408,357.4765,356.5537,356.8544,357.3835,356.4240,353.4484,349.5144,344.0773,338.0587,331.3275,323.9307,319.5830,317.6124,314.0978,314.8331,313.9789,316.2047,320.9108,322.1599,324.8165,328.7832,328.3023,329.5222,327.5797,327.8599,324.3028,322.7745,316.3004,311.3848,304.8313,298.1548,292.6923,282.4954,272.5372
60,1.0000,DynamicV1Rebalance,5.0000,9954.8140,497.7407,survival,1.0000,1.0000,1.0000,1.0000,1.0000,1.0000,1.0000,1.0000,1.0000,1.0000,0.9995,0.9995,0.9985,0.9965,0.9965,0.9960,0.9940,0.9920,0.9905,0.9900,0.9880,0.9860,0.9830,0.9810,0.9785,0.9770,0.9715,0.9675,0.9660,0.9635,0.9600,0.9575,0.9560,0.9545,0.9505,0.9500
60,1.0000,DynamicV1Rebalance,5.0000,9954.8140,497.7407,spend25p,356.6571,343.6014,330.7619,319.3671,307.3802,295.2678,284.5948,270.9984,257.2178,243.4093,229.9959,216.7521,205.3514,194.3950,185.1505,177.9709,170.7311,165.0823,160.9860,157.9380,155.4720,151.9111,149.5777,144.9642,141.8371,139.5799,132.6109,127.6410,122.3148,116.5624,111.0368,104.5278,98.4837,91.8091,82.6690,77.2400
60,1.0000,DynamicV1Rebalance,5.0000,9954.8140,497.7407,spend50p,359.2616,351.1312,343.8391,337.0954,330.7560,323.4069,317.2954,310.6313,301.1917,291.4627,282.0060,272.5976,263.4390,254.5634,246.3472,240.0488,235.1483,231.3830,228.6862,228.4980,228.1468,227.4092,225.8678,226.2014,224.8169,224.4705,221.3806,217.8116,213.7696,208.8016,204.5023,198.4395,193.1745,186.2259,179.6982,174.9317
60,1.0000,DynamicV1Rebalance,5.0000,9954.8140,497.7407,spend75p,361.9799,359.1408,357.4765,356.5537,356.8544,357.3835,356.4240,353.4484,349.5144,344.0773,338.0587,331.3275,324.1501,319.8918,317.8784,314.7108,315.7827,315.0668,319.4594,325.6417,328.4835,331.2616,337.2332,338.5690,342.0548,344.3721,342.2099,341.4432,342.2701,339.4827,335.8851,335.3004,330.0900,325.7385,317.8980,310.7210
60,1.0000,SpendAwareDPRebalance (re60),5.0000,9954.8140,497.7407,survival,1.0000,1.0000,1.0000,1.0000,1.0000,1.0000,1.0000,1.0000,1.0000,1.0000,1.0000,1.0000,0.9995,0.9995,0.9995,0.9995,0.9995,0.9985,0.9975,0.9970,0.9955,0.9940,0.9900,0.9885,0.9865,0.9840,0.9810,0.9790,0.9745,0.9700,0.9650,0.9625,0.9575,0.9525,0.9480,0.9410
60,1.0000,SpendAwareDPRebalance (re60),5.0000,9954.8140,497.7407,spend25p,356.6571,343.6014,330.7619,319.3671,307.3802,295.2678,284.5948,270.9984,257.2178,243.4093,230.0139,216.8430,205.6736,194.6287,186.1446,178.7019,172.2680,166.4238,162.5766,160.6668,157.4514,154.9362,152.0219,148.5178,144.9056,142.8154,137.4455,130.8202,125.0941,119.9681,113.5336,106.6130,98.5792,90.7097,82.0248,74.1136
60,1.0000,SpendAwareDPRebalance (re60),5.0000,9954.8140,497.7407,spend50p,359.2616,351.1312,343.8391,337.0954,330.7560,323.4069,317.2954,310.6313,301.1917,291.4627,282.2877,272.6498,263.6797,255.2394,247.5024,241.1764,236.1612,233.3867,230.4571,229.8031,230.1517,228.8647,227.5969,227.3776,226.8454,226.0331,223.8299,221.9483,216.2924,209.9363,204.9531,198.5733,191.2599,183.4955,175.0784,165.3856
60,1.0000,SpendAwareDPRebalance (re60),5.0000,9954.8140,497.7407,spend75p,361.9799,359.1408,357.4765,356.5537,356.8544,357.3835,356.4240,353.4484,349.5144,344.0773,338.3432,331.4410,324.2921,320.2736,318.7656,315.5704,317.6414,317.5257,320.7923,327.8822,329.6224,333.1630,338.1901,342.8594,343.1203,345.0570,345.1252,344.6793,342.4940,338.6184,334.6193,332.1863,324.6228,320.5734,310.1265,296.5427
60,1.0000,SpendAwareDPRebalance (re40),5.0000,9954.8140,497.7407,survival,1.0000,1.0000,1.0000,1.0000,1.0000,1.0000,1.0000,1.0000,1.0000,1.0000,1.0000,1.0000,0.9995,0.9995,0.9995,0.9995,0.9995,0.9980,0.9975,0.9970,0.9960,0.9950,0.9910,0.9895,0.9885,0.9860,0.9835,0.9805,0.9760,0.9715,0.9655,0.9605,0.9565,0.9520,0.9490,0.9410
60,1.0000,SpendAwareDPRebalance (re40),5.0000,9954.8140,497.7407,spend25p,356.6571,343.6014,330.7619,319.3671,307.3802,295.2678,284.5948,270.9984,257.2178,243.4093,230.0139,216.8430,205.6736,194.6287,186.1446,178.7019,172.2680,166.3851,162.5766,160.6668,157.5272,155.2307,152.1408,148.7353,145.1914,143.4776,138.1773,132.0722,125.8700,120.6051,113.6154,105.4268,98.2070,90.1916,82.1133,74.1136
60,1.0000,SpendAwareDPRebalance (re40),5.0000,9954.8140,497.7407,spend50p,359.2616,351.1312,343.8391,337.0954,330.7560,323.4069,317.2954,310.6313,301.1917,291.4627,282.2877,272.6498,263.6797,255.2394,247.5024,241.1764,236.1612,233.2285,230.4571,229.8031,230.4318,229.2890,227.8780,227.6850,227.6743,226.8778,224.6074,222.1741,216.5318,210.6368,205.0840,198.0882,190.4797,183.3370,175.4922,165.3078
60,1.0000,SpendAwareDPRebalance (re40),5.0000,9954.8140,497.7407,spend75p,361.9799,359.1408,357.4765,356.5537,356.8544,357.3835,356.4240,353.4484,349.5144,344.0773,338.3432,331.4410,324.2921,320.2736,318.7656,315.5704,317.6414,317.2046,320.7923,327.8822,330.0140,333.8295,338.4726,343.8187,343.9120,345.4936,345.9061,345.6440,342.8955,338.9239,333.9691,329.5584,323.0138,318.0999,309.9466,295.8436
60,1.0000,No dynamic rebalance,6.0000,8295.6783,497.7407,survival,1.0000,1.0000,1.0000,1.0000,1.0000,1.0000,1.0000,1.0000,0.9995,0.9990,0.9990,0.9960,0.9940,0.9900,0.9870,0.9830,0.9740,0.9650,0.9575,0.9475,0.9365,0.9270,0.9140,0.9020,0.8860,0.8745,0.8660,0.8565,0.8525,0.8395,0.8320,0.8265,0.8140,0.8030,0.7985,0.7935
60,1.0000,No dynamic rebalance,6.0000,8295.6783,497.7407,spend25p,356.6571,343.6014,330.7619,319.3671,307.3802,295.2678,284.5948,270.9984,257.1711,243.2528,229.9794,216.2062,204.3671,193.3523,183.5631,174.2946,166.0637,156.8076,151.5814,145.8570,140.6102,133.8593,126.1691,118.9636,109.4966,101.0329,94.3451,85.8882,78.9688,68.2856,60.5827,52.9525,41.6531,29.1417,21.8204,13.3988
60,1.0000,No dynamic rebalance,6.0000,8295.6783,497.7407,spend50p,359.2616,351.1312,343.8391,337.0954,330.7560,323.4069,317.2954,310.6313,301.0335,291.2064,281.9131,271.8128,262.0524,253.3772,244.0043,236.8501,231.3406,224.8025,221.1917,219.5680,214.7466,213.0396,210.2863,205.7185,199.5989,194.1812,190.0903,182.2891,179.0609,170.7575,161.4123,154.1098,143.0328,132.8796,123.8676,116.4012
60,1.0000,No dynamic rebalance,6.0000,8295.6783,497.7407,spend75p,361.9799,359.1408,357.4765,356.5537,356.8544,357.3835,356.4240,353.4484,349.3621,343.8369,337.8279,331.0387,323.6304,318.0483,315.2669,311.9148,310.5782,310.0251,309.7459,310.5455,309.6480,311.7607,311.9014,310.3884,312.1323,308.8658,306.9339,303.8457,298.1367,290.2719,287.7875,279.2559,269.2943,260.8044,256.2180,243.7436
60,1.0000,固定最適比率,6.0000,8295.6783,497.7407,survival,1.0000,1.0000,1.0000,1.0000,1.0000,1.0000,1.0000,1.0000,0.9995,0.9990,0.9990,0.9960,0.9940,0.9900,0.9870,0.9830,0.9740,0.9650,0.9575,0.9475,0.9365,0.9270,0.9140,0.9020,0.8860,0.8745,0.8660,0.8565,0.8525,0.8395,0.8320,0.8265,0.8140,0.8030,0.7985,0.7935
60,1.0000,固定最適比率,6.0000,8295.6783,497.7407,spend25p,356.6571,343.6014,330.7619,319.3671,307.3802,295.2678,284.5948,270.9984,257.1711,243.2528,229.9794,216.2062,204.3671,193.3523,183.5631,174.2946,166.0637,156.8076,151.5814,145.8570,140.6102,133.8593,126.1691,118.9636,109.4966,101.0329,94.3451,85.8882,78.9688,68.2856,60.5827,52.9525,41.6531,29.1417,21.8204,13.3988
60,1.0000,固定最適比率,6.0000,8295.6783,497.7407,spend50p,359.2616,351.1312,343.8391,337.0954,330.7560,323.4069,317.2954,310.6313,301.0335,291.2064,281.9131,271.8128,262.0524,253.3772,244.0043,236.8501,231.3406,224.8025,221.1917,219.5680,214.7466,213.0396,210.2863,205.7185,199.5989,194.1812,190.0903,182.2891,179.0609,170.7575,161.4123,154.1098,143.0328,132.8796,123.8676,116.4012
60,1.0000,固定最適比率,6.0000,8295.6783,497.7407,spend75p,361.9799,359.1408,357.4765,356.5537,356.8544,357.3835,356.4240,353.4484,349.3621,343.8369,337.8279,331.0387,323.6304,318.0483,315.2669,311.9148,310.5782,310.0251,309.7459,310.5455,309.6480,311.7607,311.9014,310.3884,312.1323,308.8658,306.9339,303.8457,298.1367,290.2719,287.7875,279.2559,269.2943,260.8044,256.2180,243.7436
60,1.0000,DynamicV1Rebalance,6.0000,8295.6783,497.7407,survival,1.0000,1.0000,1.0000,1.0000,1.0000,1.0000,1.0000,1.0000,0.9995,0.9990,0.9990,0.9965,0.9945,0.9910,0.9885,0.9845,0.9800,0.9705,0.9660,0.9590,0.9520,0.9450,0.9395,0.9350,0.9260,0.9225,0.9170,0.9085,0.9035,0.8970,0.8925,0.8875,0.8845,0.8790,0.8765,0.8745
60,1.0000,DynamicV1Rebalance,6.0000,8295.6783,497.7407,spend25p,356.6571,343.6014,330.7619,319.3671,307.3802,295.2678,284.5948,270.9984,257.1711,243.2528,229.9794,216.3504,204.4437,193.4910,183.9584,174.5957,167.3212,158.5342,154.2835,149.4190,145.0463,139.2906,134.1288,130.0958,124.7956,119.1609,113.6147,107.8791,101.7112,94.1316,87.1994,79.6241,72.0448,63.8874,56.7024,50.4253
60,1.0000,DynamicV1Rebalance,6.0000,8295.6783,497.7407,spend50p,359.2616,351.1312,343.8391,337.0954,330.7560,323.4069,317.2954,310.6313,301.0335,291.2064,281.9131,271.8956,262.1807,253.4807,244.7400,237.8537,232.4969,226.5783,224.5278,222.3918,220.1443,217.3815,216.3829,215.2749,211.2588,209.6735,205.2727,200.9031,196.3370,189.2574,183.3576,176.1330,167.2751,158.4891,151.4107,144.4587
60,1.0000,DynamicV1Rebalance,6.0000,8295.6783,497.7407,spend75p,361.9799,359.1408,357.4765,356.5537,356.8544,357.3835,356.4240,353.4484,349.3621,343.8369,337.8279,331.1053,323.6304,318.2455,316.3217,312.2915,312.0240,311.8867,312.7011,313.6613,315.8284,318.2803,320.4856,324.6283,324.0983,325.4488,326.9619,322.2232,321.7066,316.3004,310.6704,304.6325,300.9580,292.0902,285.9080,276.8216
60,1.0000,SpendAwareDPRebalance (re60),6.0000,8295.6783,497.7407,survival,1.0000,1.0000,1.0000,1.0000,1.0000,1.0000,1.0000,1.0000,1.0000,0.9995,0.9995,0.9985,0.9980,0.9960,0.9955,0.9955,0.9935,0.9910,0.9890,0.9860,0.9840,0.9795,0.9735,0.9685,0.9605,0.9575,0.9485,0.9435,0.9340,0.9260,0.9210,0.9155,0.9075,0.8990,0.8935,0.8885
60,1.0000,SpendAwareDPRebalance (re60),6.0000,8295.6783,497.7407,spend25p,356.6571,343.6014,330.7619,319.3671,307.3802,295.2678,284.5948,270.9984,257.2178,243.3376,229.9959,216.6882,205.3116,194.3249,185.0366,177.8714,170.6004,165.0073,160.6174,156.7172,154.3480,150.7175,145.7506,140.7292,134.6267,131.1901,125.2454,116.7187,109.9013,103.1501,95.4075,87.3854,79.7637,69.8724,62.3760,53.6249
60,1.0000,SpendAwareDPRebalance (re60),6.0000,8295.6783,497.7407,spend50p,359.2616,351.1312,343.8391,337.0954,330.7560,323.4069,317.2954,310.6313,301.1917,291.3066,282.0060,272.3117,263.2063,254.4369,246.1888,239.8804,235.0715,231.2700,228.3722,227.0535,227.2062,224.2332,223.4626,221.4605,219.2945,215.6225,213.1489,208.3821,200.8656,193.8194,189.3538,180.5696,170.1516,159.9658,151.8192,144.1789
60,1.0000,SpendAwareDPRebalance (re60),6.0000,8295.6783,497.7407,spend75p,361.9799,359.1408,357.4765,356.5537,356.8544,357.3835,356.4240,353.4484,349.5144,344.0097,338.0587,331.3275,324.1501,319.5134,317.5523,314.3058,315.2762,314.4920,317.8360,321.6390,323.5001,327.6687,329.9903,330.0806,328.2247,329.3526,328.1312,325.6555,322.1371,315.3613,309.4308,303.3570,293.4351,283.6954,275.2150,264.6039
60,1.0000,SpendAwareDPRebalance (re40),6.0000,8295.6783,497.7407,survival,1.0000,1.0000,1.0000,1.0000,1.0000,1.0000,1.0000,1.0000,1.0000,0.9995,0.9995,0.9980,0.9980,0.9960,0.9955,0.9955,0.9930,0.9910,0.9890,0.9860,0.9825,0.9795,0.9760,0.9720,0.9655,0.9590,0.9530,0.9465,0.9360,0.9315,0.9240,0.9180,0.9105,0.9000,0.8945,0.8865
60,1.0000,SpendAwareDPRebalance (re40),6.0000,8295.6783,497.7407,spend25p,356.6571,343.6014,330.7619,319.3671,307.3802,295.2678,284.5948,270.9984,257.2178,243.3376,229.9959,216.6490,205.3116,194.3249,185.0366,177.8714,170.3674,165.0073,160.6174,156.7172,153.9443,150.7175,147.0363,141.9804,136.5983,131.4848,127.1033,117.3853,110.5112,105.3863,95.8933,88.6781,80.8250,70.0847,62.5522,52.8497
60,1.0000,SpendAwareDPRebalance (re40),6.0000,8295.6783,497.7407,spend50p,359.2616,351.1312,343.8391,337.0954,330.7560,323.4069,317.2954,310.6313,301.1917,291.3066,282.0060,272.0154,263.2063,254.4369,246.1888,239.8804,235.0060,231.2700,228.3722,227.0535,227.0923,224.2332,224.3179,222.1771,221.4670,215.9597,214.8357,209.4776,202.0151,196.1873,189.9959,181.6472,172.1319,160.1870,152.2383,144.1338
60,1.0000,SpendAwareDPRebalance (re40),6.0000,8295.6783,497.7407,spend75p,361.9799,359.1408,357.4765,356.5537,356.8544,357.3835,356.4240,353.4484,349.5144,344.0097,338.0587,331.2717,324.1501,319.5134,317.5523,314.3058,314.9851,314.4920,317.8360,321.6390,322.4969,326.4039,330.4896,331.8462,332.8241,330.9146,330.6092,326.5194,322.7745,317.3285,311.3848,304.4225,295.1183,283.6954,275.0913,262.5157
60,1.0000,No dynamic rebalance,7.0000,7110.5814,497.7407,survival,1.0000,1.0000,1.0000,1.0000,1.0000,1.0000,1.0000,1.0000,0.9990,0.9965,0.9955,0.9905,0.9860,0.9800,0.9695,0.9580,0.9435,0.9265,0.9130,0.8960,0.8815,0.8620,0.8530,0.8400,0.8225,0.8090,0.7945,0.7835,0.7685,0.7560,0.7470,0.7385,0.7300,0.7220,0.7165,0.7080
60,1.0000,No dynamic rebalance,7.0000,7110.5814,497.7407,spend25p,356.6571,343.6014,330.7619,319.3671,307.3802,295.2678,284.5948,270.9984,257.0699,242.2904,229.0738,215.0734,202.9928,191.4187,180.3340,168.6290,158.7759,150.0902,143.1048,131.1497,122.4290,110.7578,104.5329,97.1461,85.5147,75.1214,59.8732,48.6759,32.9805,10.2684,0.0000,0.0000,0.0000,0.0000,0.0000,0.0000
60,1.0000,No dynamic rebalance,7.0000,7110.5814,497.7407,spend50p,359.2616,351.1312,343.8391,337.0954,330.7560,323.4069,317.2954,310.6313,300.8835,290.6191,281.4620,270.8085,260.8123,250.2494,239.7365,232.0290,224.3229,216.6393,213.1476,206.1639,201.2003,195.4527,193.9567,189.4056,182.1361,177.6617,168.6321,161.4904,150.1362,141.1656,132.6746,123.7304,115.2434,105.9134,97.6801,87.2589
60,1.0000,No dynamic rebalance,7.0000,7110.5814,497.7407,spend75p,361.9799,359.1408,357.4765,356.5537,356.8544,357.3835,356.4240,353.4484,349.3026,343.6151,337.2666,330.1346,322.2107,315.7347,311.4456,307.3961,301.8362,302.3039,301.1311,294.3841,293.6310,288.8851,292.3745,292.4294,287.7066,283.6913,280.3225,276.3750,267.7757,261.1458,255.5030,248.5801,238.2396,229.9581,222.5521,214.8444
60,1.0000,固定最適比率,7.0000,7110.5814,497.7407,survival,1.0000,1.0000,1.0000,1.0000,1.0000,1.0000,1.0000,1.0000,0.9990,0.9965,0.9955,0.9905,0.9860,0.9800,0.9695,0.9580,0.9435,0.9265,0.9130,0.8960,0.8815,0.8620,0.8530,0.8400,0.8225,0.8090,0.7945,0.7835,0.7685,0.7560,0.7470,0.7385,0.7300,0.7220,0.7165,0.7080
60,1.0000,固定最適比率,7.0000,7110.5814,497.7407,spend25p,356.6571,343.6014,330.7619,319.3671,307.3802,295.2678,284.5948,270.9984,257.0699,242.2904,229.0738,215.0734,202.9928,191.4187,180.3340,168.6290,158.7759,150.0902,143.1048,131.1497,122.4290,110.7578,104.5329,97.1461,85.5147,75.1214,59.8732,48.6759,32.9805,10.2684,0.0000,0.0000,0.0000,0.0000,0.0000,0.0000
60,1.0000,固定最適比率,7.0000,7110.5814,497.7407,spend50p,359.2616,351.1312,343.8391,337.0954,330.7560,323.4069,317.2954,310.6313,300.8835,290.6191,281.4620,270.8085,260.8123,250.2494,239.7365,232.0290,224.3229,216.6393,213.1476,206.1639,201.2003,195.4527,193.9567,189.4056,182.1361,177.6617,168.6321,161.4904,150.1362,141.1656,132.6746,123.7304,115.2434,105.9134,97.6801,87.2589
60,1.0000,固定最適比率,7.0000,7110.5814,497.7407,spend75p,361.9799,359.1408,357.4765,356.5537,356.8544,357.3835,356.4240,353.4484,349.3026,343.6151,337.2666,330.1346,322.2107,315.7347,311.4456,307.3961,301.8362,302.3039,301.1311,294.3841,293.6310,288.8851,292.3745,292.4294,287.7066,283.6913,280.3225,276.3750,267.7757,261.1458,255.5030,248.5801,238.2396,229.9581,222.5521,214.8444
60,1.0000,DynamicV1Rebalance,7.0000,7110.5814,497.7407,survival,1.0000,1.0000,1.0000,1.0000,1.0000,1.0000,1.0000,1.0000,0.9990,0.9965,0.9955,0.9905,0.9865,0.9805,0.9700,0.9590,0.9480,0.9325,0.9205,0.9030,0.8895,0.8730,0.8645,0.8535,0.8415,0.8330,0.8245,0.8145,0.8080,0.8010,0.7970,0.7940,0.7910,0.7875,0.7845,0.7785
60,1.0000,DynamicV1Rebalance,7.0000,7110.5814,497.7407,spend25p,356.6571,343.6014,330.7619,319.3671,307.3802,295.2678,284.5948,270.9984,257.0699,242.2904,229.0738,215.0734,203.0797,191.5884,180.3930,168.7697,159.7456,151.6078,144.8581,134.3459,126.0507,116.4822,109.5680,102.3326,93.5581,85.3600,77.2228,66.9843,58.6504,50.3980,41.8718,36.3463,29.1616,21.9404,13.9140,4.9703
60,1.0000,DynamicV1Rebalance,7.0000,7110.5814,497.7407,spend50p,359.2616,351.1312,343.8391,337.0954,330.7560,323.4069,317.2954,310.6313,300.8835,290.6191,281.4620,270.8085,260.8661,250.3813,239.7834,232.3134,225.4581,218.8115,214.7361,207.1959,202.8404,198.8181,197.4288,192.3166,189.1527,184.8793,180.0477,172.8986,166.3167,159.4366,151.2052,144.7897,137.2496,129.0307,121.2815,112.1646
60,1.0000,DynamicV1Rebalance,7.0000,7110.5814,497.7407,spend75p,361.9799,359.1408,357.4765,356.5537,356.8544,357.3835,356.4240,353.4484,349.3026,343.6151,337.2666,330.1346,322.3075,315.7885,311.5084,307.5031,303.1539,302.7987,302.5559,295.3511,296.6168,292.6617,294.5095,295.7575,295.2525,294.7456,292.0703,287.5711,283.1699,278.3067,272.8833,266.6980,263.0564,255.7254,247.7918,236.4827
60,1.0000,SpendAwareDPRebalance (re60),7.0000,7110.5814,497.7407,survival,1.0000,1.0000,1.0000,1.0000,1.0000,1.0000,1.0000,1.0000,0.9990,0.9975,0.9965,0.9940,0.9925,0.9905,0.9880,0.9810,0.9760,0.9665,0.9605,0.9525,0.9450,0.9380,0.9255,0.9185,0.9095,0.8945,0.8850,0.8765,0.8680,0.8595,0.8520,0.8380,0.8305,0.8215,0.8110,0.8025
60,1.0000,SpendAwareDPRebalance (re60),7.0000,7110.5814,497.7407,spend25p,356.6571,343.6014,330.7619,319.3671,307.3802,295.2678,284.5948,270.9984,257.0699,242.7804,229.2041,215.5396,204.2214,193.4538,183.7126,174.0908,166.9373,157.8903,152.5129,147.1352,142.7943,136.3781,128.5398,123.7673,117.8463,110.3018,102.6215,94.6711,86.8729,79.0781,69.8971,57.5869,48.1684,38.3877,25.8297,16.9822
60,1.0000,SpendAwareDPRebalance (re60),7.0000,7110.5814,497.7407,spend50p,359.2616,351.1312,343.8391,337.0954,330.7560,323.4069,317.2954,310.6313,300.8835,290.7561,281.6679,271.5327,261.6828,253.4226,244.2443,236.6376,231.3748,225.2554,221.9226,220.1123,216.7169,215.0498,212.7724,210.6261,206.1808,199.2938,193.5480,187.7088,181.6437,174.8705,165.5660,154.1098,145.6228,136.4094,124.4583,114.2817
60,1.0000,SpendAwareDPRebalance (re60),7.0000,7110.5814,497.7407,spend75p,361.9799,359.1408,357.4765,356.5537,356.8544,357.3835,356.4240,353.4484,349.3026,343.8369,337.3555,330.6015,323.3372,317.4362,315.2669,311.1702,310.3554,310.1419,310.6325,309.9626,310.0649,312.8916,311.8376,314.3627,313.3610,310.0949,307.1752,301.1010,293.9473,288.6706,284.5266,270.7172,263.9640,252.7879,239.9335,229.2243
60,1.0000,SpendAwareDPRebalance (re40),7.0000,7110.5814,497.7407,survival,1.0000,1.0000,1.0000,1.0000,1.0000,1.0000,1.0000,1.0000,0.9990,0.9975,0.9965,0.9940,0.9920,0.9905,0.9875,0.9800,0.9755,0.9665,0.9605,0.9515,0.9440,0.9365,0.9280,0.9175,0.9085,0.8980,0.8890,0.8765,0.8655,0.8605,0.8475,0.8405,0.8315,0.8210,0.8120,0.8000
60,1.0000,SpendAwareDPRebalance (re40),7.0000,7110.5814,497.7407,spend25p,356.6571,343.6014,330.7619,319.3671,307.3802,295.2678,284.5948,270.9984,257.0699,242.7804,229.2041,215.5396,204.1786,193.4538,183.7126,173.6986,166.7323,157.8903,152.5129,146.9222,142.3980,136.1057,129.3827,123.3109,117.5474,111.5798,103.7562,94.6711,85.9379,79.3292,68.0903,58.5522,48.7530,38.3539,26.8081,15.2946
60,1.0000,SpendAwareDPRebalance (re40),7.0000,7110.5814,497.7407,spend50p,359.2616,351.1312,343.8391,337.0954,330.7560,323.4069,317.2954,310.6313,300.8835,290.7561,281.6679,271.5327,261.6828,253.4226,244.2443,236.2965,231.4063,225.2554,222.4306,219.9583,216.3520,214.5289,213.1695,210.2152,206.1808,201.1263,194.5592,187.7088,180.3283,174.9135,163.7931,154.4876,145.9841,135.7381,124.5622,112.5728
60,1.0000,SpendAwareDPRebalance (re40),7.0000,7110.5814,497.7407,spend75p,361.9799,359.1408,357.4765,356.5537,356.8544,357.3835,356.4240,353.4484,349.3026,343.8369,337.3555,330.6015,323.3372,317.4362,315.7068,310.9592,310.5782,310.4419,310.6991,310.3792,309.8620,312.8916,313.2589,314.5063,314.6064,312.8867,309.3989,305.5357,293.5743,289.5794,279.0051,273.2940,263.9396,252.3389,239.9539,227.4451
60,1.0000,No dynamic rebalance,8.0000,6221.7587,497.7407,survival,1.0000,1.0000,1.0000,1.0000,1.0000,1.0000,1.0000,0.9990,0.9965,0.9940,0.9895,0.9825,0.9675,0.9550,0.9320,0.9130,0.8945,0.8715,0.8520,0.8340,0.8165,0.7955,0.7810,0.7655,0.7455,0.7270,0.7095,0.6985,0.6840,0.6740,0.6595,0.6500,0.6390,0.6310,0.6195,0.6135
60,1.0000,No dynamic rebalance,8.0000,6221.7587,497.7407,spend25p,356.6571,343.6014,330.7619,319.3671,307.3802,295.2678,284.5948,270.9291,256.6904,241.7233,227.2557,213.7634,199.6207,186.0638,168.9542,157.0355,145.3080,131.2914,118.8668,107.1635,94.0689,79.3075,65.6386,48.9542,0.0000,0.0000,0.0000,0.0000,0.0000,0.0000,0.0000,0.0000,0.0000,0.0000,0.0000,0.0000
60,1.0000,No dynamic rebalance,8.0000,6221.7587,497.7407,spend50p,359.2616,351.1312,343.8391,337.0954,330.7560,323.4069,317.2954,310.5380,300.6060,290.2203,280.3826,269.4066,256.7519,244.7837,232.3062,221.3334,213.7318,206.7431,197.4267,190.2823,184.3016,177.4857,172.7554,167.8995,159.1418,148.2064,139.6097,130.6335,119.4133,112.8694,101.3419,91.9588,80.9344,71.4797,59.5628,51.5149
60,1.0000,No dynamic rebalance,8.0000,6221.7587,497.7407,spend75p,361.9799,359.1408,357.4765,356.5537,356.8544,357.3835,356.4240,353.2144,348.9989,343.3464,336.9415,328.5961,319.3689,310.0929,304.3895,299.0311,292.7851,289.9280,281.3260,277.4727,273.0489,270.0013,270.3660,267.3776,266.7781,261.7166,255.9811,251.0054,245.2613,238.6233,227.4247,217.8838,206.5098,199.9137,188.2298,179.3678
60,1.0000,固定最適比率,8.0000,6221.7587,497.7407,survival,1.0000,1.0000,1.0000,1.0000,1.0000,1.0000,1.0000,0.9990,0.9965,0.9940,0.9895,0.9825,0.9675,0.9550,0.9320,0.9130,0.8945,0.8715,0.8520,0.8340,0.8165,0.7955,0.7810,0.7655,0.7455,0.7270,0.7095,0.6985,0.6840,0.6740,0.6595,0.6500,0.6390,0.6310,0.6195,0.6135
60,1.0000,固定最適比率,8.0000,6221.7587,497.7407,spend25p,356.6571,343.6014,330.7619,319.3671,307.3802,295.2678,284.5948,270.9291,256.6904,241.7233,227.2557,213.7634,199.6207,186.0638,168.9542,157.0355,145.3080,131.2914,118.8668,107.1635,94.0689,79.3075,65.6386,48.9542,0.0000,0.0000,0.0000,0.0000,0.0000,0.0000,0.0000,0.0000,0.0000,0.0000,0.0000,0.0000
60,1.0000,固定最適比率,8.0000,6221.7587,497.7407,spend50p,359.2616,351.1312,343.8391,337.0954,330.7560,323.4069,317.2954,310.5380,300.6060,290.2203,280.3826,269.4066,256.7519,244.7837,232.3062,221.3334,213.7318,206.7431,197.4267,190.2823,184.3016,177.4857,172.7554,167.8995,159.1418,148.2064,139.6097,130.6335,119.4133,112.8694,101.3419,91.9588,80.9344,71.4797,59.5628,51.5149
60,1.0000,固定最適比率,8.0000,6221.7587,497.7407,spend75p,361.9799,359.1408,357.4765,356.5537,356.8544,357.3835,356.4240,353.2144,348.9989,343.3464,336.9415,328.5961,319.3689,310.0929,304.3895,299.0311,292.7851,289.9280,281.3260,277.4727,273.0489,270.0013,270.3660,267.3776,266.7781,261.7166,255.9811,251.0054,245.2613,238.6233,227.4247,217.8838,206.5098,199.9137,188.2298,179.3678
60,1.0000,DynamicV1Rebalance,8.0000,6221.7587,497.7407,survival,1.0000,1.0000,1.0000,1.0000,1.0000,1.0000,1.0000,0.9990,0.9965,0.9940,0.9895,0.9830,0.9675,0.9555,0.9320,0.9130,0.8955,0.8725,0.8555,0.8365,0.8200,0.8020,0.7880,0.7760,0.7625,0.7460,0.7340,0.7245,0.7170,0.7125,0.7050,0.6980,0.6950,0.6880,0.6830,0.6780
60,1.0000,DynamicV1Rebalance,8.0000,6221.7587,497.7407,spend25p,356.6571,343.6014,330.7619,319.3671,307.3802,295.2678,284.5948,270.9291,256.6904,241.7233,227.2557,213.8617,199.6207,186.0897,168.9542,157.0355,145.6656,131.8537,119.8361,107.9115,96.2343,84.3054,69.3661,58.5848,38.7691,0.0000,0.0000,0.0000,0.0000,0.0000,0.0000,0.0000,0.0000,0.0000,0.0000,0.0000
60,1.0000,DynamicV1Rebalance,8.0000,6221.7587,497.7407,spend50p,359.2616,351.1312,343.8391,337.0954,330.7560,323.4069,317.2954,310.5380,300.6060,290.2203,280.3826,269.5040,256.7519,244.9901,232.3062,221.3334,213.8255,206.8173,198.5639,190.6491,185.7734,179.0235,175.1168,171.0256,165.6559,155.5807,149.0933,142.2272,134.2502,126.7087,118.9990,112.3814,104.4174,95.5259,86.5563,78.2651
60,1.0000,DynamicV1Rebalance,8.0000,6221.7587,497.7407,spend75p,361.9799,359.1408,357.4765,356.5537,356.8544,357.3835,356.4240,353.2144,348.9989,343.3464,336.9415,328.7908,319.3689,310.1445,304.3895,299.0311,292.7851,290.2353,283.2615,278.2917,273.8472,272.3597,272.2405,271.9206,271.2607,268.1669,263.0949,259.3348,255.5834,251.5133,246.9355,238.9977,231.2618,225.1237,216.5999,208.9813
60,1.0000,SpendAwareDPRebalance (re60),8.0000,6221.7587,497.7407,survival,1.0000,1.0000,1.0000,1.0000,1.0000,1.0000,1.0000,0.9990,0.9965,0.9950,0.9915,0.9860,0.9760,0.9655,0.9540,0.9420,0.9325,0.9190,0.9070,0.8930,0.8805,0.8690,0.8545,0.8450,0.8290,0.8110,0.8055,0.7970,0.7835,0.7655,0.7575,0.7450,0.7370,0.7230,0.7145,0.7045
60,1.0000,SpendAwareDPRebalance (re60),8.0000,6221.7587,497.7407,spend25p,356.6571,343.6014,330.7619,319.3671,307.3802,295.2678,284.5948,270.9291,256.6904,241.9142,227.9628,214.4392,201.0045,188.4155,176.0178,165.6031,155.7130,148.8752,142.3088,130.9664,122.8101,115.7631,106.6139,100.7138,90.1382,76.4972,67.9004,58.8601,43.5278,24.9208,10.1282,0.0000,0.0000,0.0000,0.0000,0.0000
60,1.0000,SpendAwareDPRebalance (re60),8.0000,6221.7587,497.7407,spend50p,359.2616,351.1312,343.8391,337.0954,330.7560,323.4069,317.2954,310.5380,300.6060,290.3077,280.5441,270.3857,258.3946,246.9699,237.2037,228.8015,221.8670,215.6075,212.4946,205.3228,201.2003,197.6706,194.6165,189.8497,183.4797,177.6617,171.8114,163.9679,154.0762,142.1325,134.0418,123.6867,115.4432,103.0409,94.0814,84.1918
60,1.0000,SpendAwareDPRebalance (re60),8.0000,6221.7587,497.7407,spend75p,361.9799,359.1408,357.4765,356.5537,356.8544,357.3835,356.4240,353.2144,348.9989,343.4585,337.0242,329.3304,320.5782,311.8757,307.7524,302.9815,300.0554,299.8440,298.4711,291.6062,288.5945,288.2030,286.5598,289.4523,284.3192,279.5424,279.2267,272.7946,266.8849,255.9115,249.9503,239.8779,230.3664,220.1947,211.2248,201.8516
60,1.0000,SpendAwareDPRebalance (re40),8.0000,6221.7587,497.7407,survival,1.0000,1.0000,1.0000,1.0000,1.0000,1.0000,1.0000,0.9990,0.9965,0.9950,0.9920,0.9865,0.9750,0.9660,0.9530,0.9415,0.9320,0.9155,0.9065,0.8900,0.8785,0.8670,0.8525,0.8425,0.8275,0.8125,0.8045,0.7925,0.7820,0.7700,0.7550,0.7455,0.7340,0.7215,0.7105,0.7015
60,1.0000,SpendAwareDPRebalance (re40),8.0000,6221.7587,497.7407,spend25p,356.6571,343.6014,330.7619,319.3671,307.3802,295.2678,284.5948,270.9291,256.6904,241.9142,228.0428,214.5821,200.8769,188.8452,175.9985,165.5786,155.6639,147.5327,142.2494,130.1458,121.6691,114.6707,105.9240,99.7004,89.4582,77.3930,67.3366,54.9156,43.0339,31.2279,3.3504,0.0000,0.0000,0.0000,0.0000,0.0000
60,1.0000,SpendAwareDPRebalance (re40),8.0000,6221.7587,497.7407,spend50p,359.2616,351.1312,343.8391,337.0954,330.7560,323.4069,317.2954,310.5380,300.6060,290.3077,280.6704,270.4288,258.1526,247.4339,237.2509,228.8015,221.8102,214.9753,212.4946,204.3638,200.5156,197.0742,193.9567,189.6753,183.2307,177.9628,171.5435,162.4514,153.1113,144.4410,133.4135,123.9388,114.8701,103.0409,93.1460,82.5052
60,1.0000,SpendAwareDPRebalance (re40),8.0000,6221.7587,497.7407,spend75p,361.9799,359.1408,357.4765,356.5537,356.8544,357.3835,356.4240,353.2144,348.9989,343.4585,337.0242,329.3304,320.1737,312.1844,307.7524,302.9815,300.1536,298.2272,298.5181,290.5812,288.0809,287.0220,286.3513,288.9261,284.3192,281.7640,279.8449,271.8491,266.3063,257.6828,249.6663,240.4699,229.9121,220.1947,209.8099,200.2876
60,1.5000,No dynamic rebalance,2.5000,29864.4419,746.6110,survival,1.0000,1.0000,1.0000,1.0000,1.0000,1.0000,1.0000,1.0000,1.0000,1.0000,1.0000,1.0000,1.0000,1.0000,1.0000,1.0000,1.0000,0.9995,0.9990,0.9980,0.9970,0.9950,0.9940,0.9925,0.9925,0.9905,0.9895,0.9875,0.9840,0.9815,0.9785,0.9755,0.9725,0.9695,0.9675,0.9665
60,1.5000,No dynamic rebalance,2.5000,29864.4419,746.6110,spend25p,605.8327,586.6301,568.1132,551.6403,533.9684,516.2099,501.0821,482.0819,461.5499,441.4352,422.3142,403.7445,388.1039,373.3303,362.5023,350.9426,343.2858,336.5661,332.3937,330.2152,327.9399,323.7996,325.0129,321.0240,319.2691,316.3105,309.4821,302.9687,297.3958,289.6855,282.4900,276.9966,269.8936,259.0214,252.0521,242.2957
60,1.5000,No dynamic rebalance,2.5000,29864.4419,746.6110,spend50p,610.1517,599.1274,589.7332,581.2780,573.1506,563.6099,555.8564,548.5691,535.5956,523.4774,511.9744,499.9841,489.1745,479.1490,468.9271,461.5223,456.7375,454.5755,453.7904,455.3318,458.1619,459.8963,461.2659,463.2459,465.4660,469.6354,473.2324,473.9690,468.6816,464.7424,462.0477,456.8141,452.3669,448.3256,441.3248,432.3922
60,1.5000,No dynamic rebalance,2.5000,29864.4419,746.6110,spend75p,614.6416,612.2907,612.3576,613.5834,616.7443,620.3837,621.4545,620.8036,618.2135,613.5879,608.3616,602.2038,596.0655,593.4848,595.8019,596.0526,602.2071,606.1267,617.8432,631.8845,639.6646,649.5157,663.2581,678.1957,683.1681,690.6501,699.6910,714.6510,713.1880,720.9242,721.5763,721.4136,720.2623,716.7303,713.2932,711.2818
60,1.5000,固定最適比率,2.5000,29864.4419,746.6110,survival,1.0000,1.0000,1.0000,1.0000,1.0000,1.0000,1.0000,1.0000,1.0000,1.0000,1.0000,1.0000,1.0000,1.0000,1.0000,1.0000,1.0000,1.0000,1.0000,1.0000,1.0000,1.0000,1.0000,1.0000,1.0000,1.0000,1.0000,1.0000,1.0000,1.0000,1.0000,1.0000,1.0000,1.0000,1.0000,1.0000
60,1.5000,固定最適比率,2.5000,29864.4419,746.6110,spend25p,605.8327,586.6301,568.1132,551.6403,533.9684,516.2099,501.0821,482.0819,461.5499,441.4352,422.3142,403.7445,388.1039,373.3303,362.5023,350.9426,343.2858,336.8855,333.8447,330.9986,328.8680,328.5183,329.2890,326.7278,323.7546,321.5583,317.0751,314.2933,308.5031,302.3692,296.8535,292.3643,284.8446,278.5031,270.3515,261.7317
60,1.5000,固定最適比率,2.5000,29864.4419,746.6110,spend50p,610.1517,599.1274,589.7332,581.2780,573.1506,563.6099,555.8564,548.5691,535.5956,523.4774,511.9744,499.9841,489.1745,479.1490,468.9271,461.5223,456.7375,454.7996,454.3494,456.2805,459.3289,462.7367,465.0914,466.5906,469.5243,475.6677,476.7795,480.3620,479.3125,480.1726,474.7226,471.7903,467.0285,467.1451,466.6824,460.3988
60,1.5000,固定最適比率,2.5000,29864.4419,746.6110,spend75p,614.6416,612.2907,612.3576,613.5834,616.7443,620.3837,621.4545,620.8036,618.2135,613.5879,608.3616,602.2038,596.0655,593.4848,595.8019,596.0526,602.2071,606.3987,618.2554,633.6796,641.0561,654.4085,670.1836,682.5698,693.1583,700.6216,712.4197,724.5622,728.8226,734.5741,741.6210,742.1194,742.6718,745.0566,745.1876,747.5125
60,1.5000,DynamicV1Rebalance,2.5000,29864.4419,746.6110,survival,1.0000,1.0000,1.0000,1.0000,1.0000,1.0000,1.0000,1.0000,1.0000,1.0000,1.0000,1.0000,1.0000,1.0000,1.0000,1.0000,1.0000,1.0000,1.0000,1.0000,1.0000,1.0000,1.0000,1.0000,1.0000,1.0000,1.0000,1.0000,1.0000,1.0000,1.0000,0.9990,0.9980,0.9965,0.9965,0.9955
60,1.5000,DynamicV1Rebalance,2.5000,29864.4419,746.6110,spend25p,605.8327,586.6301,568.1132,551.6403,533.9684,516.2099,501.0821,482.0819,461.5499,441.4352,422.3142,403.7445,388.1039,373.3303,362.5023,350.9426,343.2858,336.8855,333.8447,330.9986,328.8680,328.5183,329.2890,326.7278,323.7546,321.5583,317.0751,314.2933,308.5031,302.3692,296.8535,291.7164,284.0089,277.0578,268.3675,260.1031
60,1.5000,DynamicV1Rebalance,2.5000,29864.4419,746.6110,spend50p,610.1517,599.1274,589.7332,581.2780,573.1506,563.6099,555.8564,548.5691,535.5956,523.4774,511.9744,499.9841,489.1745,479.1490,468.9271,461.5223,456.7375,454.7996,454.3494,456.2805,459.3289,462.7367,465.0914,466.5906,469.5243,475.6677,476.7795,480.3620,479.3125,480.1726,474.7226,470.8855,465.4251,465.5773,463.6899,457.5664
60,1.5000,DynamicV1Rebalance,2.5000,29864.4419,746.6110,spend75p,614.6416,612.2907,612.3576,613.5834,616.7443,620.3837,621.4545,620.8036,618.2135,613.5879,608.3616,602.2038,596.0655,593.4848,595.8019,596.0526,602.2071,606.3987,618.2554,633.6796,641.0561,654.4085,670.1836,682.5698,693.1583,700.6216,712.4197,724.5622,728.8226,734.5741,741.6210,741.5164,740.5711,740.2465,742.5632,741.5519
60,1.5000,SpendAwareDPRebalance (re60),2.5000,29864.4419,746.6110,survival,1.0000,1.0000,1.0000,1.0000,1.0000,1.0000,1.0000,1.0000,1.0000,1.0000,1.0000,1.0000,1.0000,1.0000,1.0000,1.0000,1.0000,1.0000,1.0000,1.0000,1.0000,1.0000,1.0000,0.9995,0.9995,0.9995,0.9995,0.9995,0.9995,0.9985,0.9985,0.9980,0.9960,0.9955,0.9950,0.9950
60,1.5000,SpendAwareDPRebalance (re60),2.5000,29864.4419,746.6110,spend25p,605.8327,586.6301,568.1132,551.6403,533.9684,516.2099,501.0821,482.0819,461.5499,441.4352,422.3142,403.7445,388.1039,373.3303,362.5023,350.9426,343.2858,336.8855,333.8447,330.9986,328.8680,328.5183,329.2890,325.9549,323.2265,321.0517,316.5475,314.1219,308.4761,301.2519,296.4731,291.0088,282.6897,276.8796,268.0025,259.7924
60,1.5000,SpendAwareDPRebalance (re60),2.5000,29864.4419,746.6110,spend50p,610.1517,599.1274,589.7332,581.2780,573.1506,563.6099,555.8564,548.5691,535.5956,523.4774,511.9744,499.9841,489.1745,479.1490,468.9271,461.5223,456.7375,454.7996,454.3494,456.2805,459.3289,462.7367,465.0914,466.5175,469.2374,475.5815,476.5874,479.6455,479.1032,479.0207,473.5364,470.4605,464.0311,464.1070,461.7705,457.3334
60,1.5000,SpendAwareDPRebalance (re60),2.5000,29864.4419,746.6110,spend75p,614.6416,612.2907,612.3576,613.5834,616.7443,620.3837,621.4545,620.8036,618.2135,613.5879,608.3616,602.2038,596.0655,593.4848,595.8019,596.0526,602.2071,606.3987,618.2554,633.6796,641.0561,654.4085,670.1836,682.4575,692.7261,700.1767,712.3150,724.2337,727.6643,733.0003,738.7701,739.9122,739.1007,739.7065,740.2548,740.7602
60,1.5000,SpendAwareDPRebalance (re40),2.5000,29864.4419,746.6110,survival,1.0000,1.0000,1.0000,1.0000,1.0000,1.0000,1.0000,1.0000,1.0000,1.0000,1.0000,1.0000,1.0000,1.0000,1.0000,1.0000,1.0000,1.0000,1.0000,1.0000,1.0000,1.0000,1.0000,1.0000,0.9995,0.9995,0.9995,0.9995,0.9990,0.9990,0.9985,0.9985,0.9970,0.9965,0.9950,0.9950
60,1.5000,SpendAwareDPRebalance (re40),2.5000,29864.4419,746.6110,spend25p,605.8327,586.6301,568.1132,551.6403,533.9684,516.2099,501.0821,482.0819,461.5499,441.4352,422.3142,403.7445,388.1039,373.3303,362.5023,350.9426,343.2858,336.8855,333.8447,330.9986,328.8680,328.5183,329.2890,326.7278,323.2265,321.0517,316.5475,314.1219,308.3943,301.8871,296.4731,291.1384,283.3327,277.0578,268.0025,259.7924
60,1.5000,SpendAwareDPRebalance (re40),2.5000,29864.4419,746.6110,spend50p,610.1517,599.1274,589.7332,581.2780,573.1506,563.6099,555.8564,548.5691,535.5956,523.4774,511.9744,499.9841,489.1745,479.1490,468.9271,461.5223,456.7375,454.7996,454.3494,456.2805,459.3289,462.7367,465.0914,466.5906,469.2374,475.5815,476.5874,479.6455,479.0110,479.5409,473.5364,470.6809,464.6263,465.5773,461.7705,457.3334
60,1.5000,SpendAwareDPRebalance (re40),2.5000,29864.4419,746.6110,spend75p,614.6416,612.2907,612.3576,613.5834,616.7443,620.3837,621.4545,620.8036,618.2135,613.5879,608.3616,602.2038,596.0655,593.4848,595.8019,596.0526,602.2071,606.3987,618.2554,633.6796,641.0561,654.4085,670.1836,682.5698,692.7261,700.1767,712.3150,724.2337,726.7359,733.7104,738.7701,741.5164,739.6688,740.2465,740.2548,740.7602
60,1.5000,No dynamic rebalance,3.0000,24887.0349,746.6110,survival,1.0000,1.0000,1.0000,1.0000,1.0000,1.0000,1.0000,1.0000,1.0000,1.0000,1.0000,1.0000,1.0000,1.0000,0.9995,0.9990,0.9980,0.9975,0.9950,0.9940,0.9925,0.9905,0.9890,0.9880,0.9855,0.9820,0.9770,0.9735,0.9670,0.9630,0.9595,0.9550,0.9485,0.9430,0.9380,0.9315
60,1.5000,No dynamic rebalance,3.0000,24887.0349,746.6110,spend25p,605.8327,586.6301,568.1132,551.6403,533.9684,516.2099,501.0821,482.0819,461.5499,441.4352,422.3142,403.7445,388.1039,373.3303,361.7486,350.5028,341.8955,335.5074,329.6088,328.3976,324.3368,321.3253,319.6799,317.2535,315.2775,311.6207,302.3868,293.1901,284.2997,279.4826,270.6316,262.6716,250.8509,240.6758,228.5107,220.0927
60,1.5000,No dynamic rebalance,3.0000,24887.0349,746.6110,spend50p,610.1517,599.1274,589.7332,581.2780,573.1506,563.6099,555.8564,548.5691,535.5956,523.4774,511.9744,499.9841,489.1745,479.1490,468.7862,460.9129,456.4476,453.6074,452.3097,453.8622,456.9345,457.1172,459.3383,462.0584,462.1124,464.4440,463.5262,466.3002,458.3268,451.6565,448.4288,442.2694,431.7747,425.6001,417.6286,405.7182
60,1.5000,No dynamic rebalance,3.0000,24887.0349,746.6110,spend75p,614.6416,612.2907,612.3576,613.5834,616.7443,620.3837,621.4545,620.8036,618.2135,613.5879,608.3616,602.2038,596.0655,593.4848,595.3610,595.2353,600.7825,605.7190,615.8971,628.9831,638.1101,648.4593,661.1056,674.6366,679.6703,686.4195,687.6130,697.8996,697.3453,701.0001,705.0853,703.6789,696.4545,698.1302,688.2648,673.3387
60,1.5000,固定最適比率,3.0000,24887.0349,746.6110,survival,1.0000,1.0000,1.0000,1.0000,1.0000,1.0000,1.0000,1.0000,1.0000,1.0000,1.0000,1.0000,1.0000,1.0000,1.0000,1.0000,1.0000,1.0000,1.0000,1.0000,1.0000,1.0000,1.0000,1.0000,1.0000,1.0000,1.0000,1.0000,1.0000,1.0000,0.9995,0.9990,0.9985,0.9970,0.9970,0.9950
60,1.5000,固定最適比率,3.0000,24887.0349,746.6110,spend25p,605.8327,586.6301,568.1132,551.6403,533.9684,516.2099,501.0821,482.0819,461.5499,441.4352,422.3142,403.7445,388.1039,373.3303,362.5023,350.9426,343.2858,336.8855,333.8447,330.9986,328.8680,328.5183,329.2890,326.7278,323.7546,321.5583,317.0751,314.2933,308.5031,302.3692,296.7087,291.7164,284.2016,277.2082,268.4990,259.7924
60,1.5000,固定最適比率,3.0000,24887.0349,746.6110,spend50p,610.1517,599.1274,589.7332,581.2780,573.1506,563.6099,555.8564,548.5691,535.5956,523.4774,511.9744,499.9841,489.1745,479.1490,468.9271,461.5223,456.7375,454.7996,454.3494,456.2805,459.3289,462.7367,465.0914,466.5906,469.5243,475.6677,476.7795,480.3620,479.3125,480.1726,474.4407,470.8855,466.0830,465.9343,464.1648,457.3334
60,1.5000,固定最適比率,3.0000,24887.0349,746.6110,spend75p,614.6416,612.2907,612.3576,613.5834,616.7443,620.3837,621.4545,620.8036,618.2135,613.5879,608.3616,602.2038,596.0655,593.4848,595.8019,596.0526,602.2071,606.3987,618.2554,633.6796,641.0561,654.4085,670.1836,682.5698,693.1583,700.6216,712.4197,724.5622,728.8226,734.5741,741.2898,741.5164,740.5711,740.2465,742.5632,740.3745
60,1.5000,DynamicV1Rebalance,3.0000,24887.0349,746.6110,survival,1.0000,1.0000,1.0000,1.0000,1.0000,1.0000,1.0000,1.0000,1.0000,1.0000,1.0000,1.0000,1.0000,1.0000,1.0000,1.0000,1.0000,1.0000,1.0000,1.0000,1.0000,1.0000,0.9995,0.9995,0.9995,0.9990,0.9990,0.9985,0.9985,0.9980,0.9970,0.9970,0.9950,0.9935,0.9935,0.9920
60,1.5000,DynamicV1Rebalance,3.0000,24887.0349,746.6110,spend25p,605.8327,586.6301,568.1132,551.6403,533.9684,516.2099,501.0821,482.0819,461.5499,441.4352,422.3142,403.7445,388.1039,373.3303,362.5023,350.9426,343.2858,336.8855,333.8447,330.9986,328.8680,328.5183,329.1811,325.9549,323.2265,320.6376,316.4377,313.1970,308.2687,300.6016,295.5631,290.5991,282.2795,275.1679,267.1618,257.5973
60,1.5000,DynamicV1Rebalance,3.0000,24887.0349,746.6110,spend50p,610.1517,599.1274,589.7332,581.2780,573.1506,563.6099,555.8564,548.5691,535.5956,523.4774,511.9744,499.9841,489.1745,479.1490,468.9271,461.5223,456.7375,454.7996,454.3494,456.2805,459.3289,462.7367,464.3929,466.5175,469.2374,475.4987,476.3983,479.3550,478.8675,478.5224,472.4878,469.6502,463.1554,463.3870,460.5474,455.6857
60,1.5000,DynamicV1Rebalance,3.0000,24887.0349,746.6110,spend75p,614.6416,612.2907,612.3576,613.5834,616.7443,620.3837,621.4545,620.8036,618.2135,613.5879,608.3616,602.2038,596.0655,593.4848,595.8019,596.0526,602.2071,606.3987,618.2554,633.6796,641.0561,654.4085,668.2009,682.4575,692.7261,699.6872,711.7362,723.7425,726.7359,733.0003,736.9525,738.8016,737.2971,737.5040,736.7091,735.9866
60,1.5000,SpendAwareDPRebalance (re60),3.0000,24887.0349,746.6110,survival,1.0000,1.0000,1.0000,1.0000,1.0000,1.0000,1.0000,1.0000,1.0000,1.0000,1.0000,1.0000,1.0000,1.0000,1.0000,1.0000,1.0000,1.0000,1.0000,1.0000,1.0000,1.0000,0.9995,0.9995,0.9995,0.9990,0.9990,0.9980,0.9980,0.9965,0.9950,0.9945,0.9925,0.9910,0.9910,0.9875
60,1.5000,SpendAwareDPRebalance (re60),3.0000,24887.0349,746.6110,spend25p,605.8327,586.6301,568.1132,551.6403,533.9684,516.2099,501.0821,482.0819,461.5499,441.4352,422.3142,403.7445,388.1039,373.3303,362.5023,350.9426,343.2858,336.8855,333.8447,330.9986,328.8680,328.5183,329.1811,325.9549,323.2265,320.6376,316.4377,313.0071,307.9653,299.7258,293.8285,288.8906,280.5619,272.0989,264.7822,255.8992
60,1.5000,SpendAwareDPRebalance (re60),3.0000,24887.0349,746.6110,spend50p,610.1517,599.1274,589.7332,581.2780,573.1506,563.6099,555.8564,548.5691,535.5956,523.4774,511.9744,499.9841,489.1745,479.1490,468.9271,461.5223,456.7375,454.7996,454.3494,456.2805,459.3289,462.7367,464.3929,466.5175,469.2374,475.4987,476.3983,478.9196,478.3941,476.3905,471.0174,467.9290,462.5210,461.0658,458.6456,451.1452
60,1.5000,SpendAwareDPRebalance (re60),3.0000,24887.0349,746.6110,spend75p,614.6416,612.2907,612.3576,613.5834,616.7443,620.3837,621.4545,620.8036,618.2135,613.5879,608.3616,602.2038,596.0655,593.4848,595.8019,596.0526,602.2071,606.3987,618.2554,633.6796,641.0561,654.4085,668.2009,682.4575,692.7261,699.6872,711.7362,722.8924,724.8743,732.0827,733.0690,730.4672,734.9616,730.7099,729.7731,724.7056
60,1.5000,SpendAwareDPRebalance (re40),3.0000,24887.0349,746.6110,survival,1.0000,1.0000,1.0000,1.0000,1.0000,1.0000,1.0000,1.0000,1.0000,1.0000,1.0000,1.0000,1.0000,1.0000,1.0000,1.0000,1.0000,1.0000,1.0000,1.0000,1.0000,1.0000,0.9995,0.9995,0.9995,0.9995,0.9990,0.9985,0.9980,0.9950,0.9950,0.9925,0.9920,0.9905,0.9900,0.9870
60,1.5000,SpendAwareDPRebalance (re40),3.0000,24887.0349,746.6110,spend25p,605.8327,586.6301,568.1132,551.6403,533.9684,516.2099,501.0821,482.0819,461.5499,441.4352,422.3142,403.7445,388.1039,373.3303,362.5023,350.9426,343.2858,336.8855,333.8447,330.9986,328.8680,328.5183,329.1811,325.9549,323.2265,321.0517,316.4377,313.1970,307.9653,299.0224,293.8285,288.0522,280.2094,271.4383,264.4271,255.3721
60,1.5000,SpendAwareDPRebalance (re40),3.0000,24887.0349,746.6110,spend50p,610.1517,599.1274,589.7332,581.2780,573.1506,563.6099,555.8564,548.5691,535.5956,523.4774,511.9744,499.9841,489.1745,479.1490,468.9271,461.5223,456.7375,454.7996,454.3494,456.2805,459.3289,462.7367,464.3929,466.5175,469.2374,475.5815,476.3983,479.3550,478.3941,475.1725,471.0174,466.8258,462.2247,460.0704,457.4830,450.8059
60,1.5000,SpendAwareDPRebalance (re40),3.0000,24887.0349,746.6110,spend75p,614.6416,612.2907,612.3576,613.5834,616.7443,620.3837,621.4545,620.8036,618.2135,613.5879,608.3616,602.2038,596.0655,593.4848,595.8019,596.0526,602.2071,606.3987,618.2554,633.6796,641.0561,654.4085,668.2009,682.4575,692.7261,700.1767,711.7362,723.7425,724.8743,730.0473,733.0690,730.0655,734.2867,729.5239,728.2277,723.6156
60,1.5000,No dynamic rebalance,4.0000,18665.2762,746.6110,survival,1.0000,1.0000,1.0000,1.0000,1.0000,1.0000,1.0000,1.0000,1.0000,1.0000,0.9995,0.9995,0.9995,0.9965,0.9950,0.9940,0.9925,0.9895,0.9855,0.9800,0.9735,0.9690,0.9605,0.9530,0.9485,0.9390,0.9320,0.9210,0.9150,0.9025,0.8970,0.8935,0.8870,0.8815,0.8750,0.8680
60,1.5000,No dynamic rebalance,4.0000,18665.2762,746.6110,spend25p,605.8327,586.6301,568.1132,551.6403,533.9684,516.2099,501.0821,482.0819,461.5499,441.4352,422.1647,403.5020,387.4913,372.7850,359.4035,348.6649,339.7981,330.4107,326.3888,320.6211,316.7771,311.4125,301.8138,293.4310,288.7171,278.4394,269.9371,260.2918,251.4717,236.9283,228.7142,219.1978,205.3192,196.9046,183.5910,168.9825
60,1.5000,No dynamic rebalance,4.0000,18665.2762,746.6110,spend50p,610.1517,599.1274,589.7332,581.2780,573.1506,563.6099,555.8564,548.5691,535.5956,523.4774,511.9098,499.7182,489.1571,478.3246,467.1598,458.0980,454.4067,450.1475,448.4567,449.4906,449.0563,447.8024,446.6340,444.9552,443.1252,439.6768,435.5516,431.2245,424.8848,415.9337,409.9639,403.1360,388.2325,379.6413,370.2632,359.4961
60,1.5000,No dynamic rebalance,4.0000,18665.2762,746.6110,spend75p,614.6416,612.2907,612.3576,613.5834,616.7443,620.3837,621.4545,620.8036,618.2135,613.5879,608.0747,602.0875,595.8437,592.1757,594.3910,594.0109,598.5442,602.6103,611.1019,620.5483,626.0889,635.5713,647.0376,648.5296,655.7037,657.6165,658.3985,655.4488,660.2741,651.9870,649.7447,644.7750,644.5799,634.1075,633.7447,626.6551
60,1.5000,固定最適比率,4.0000,18665.2762,746.6110,survival,1.0000,1.0000,1.0000,1.0000,1.0000,1.0000,1.0000,1.0000,1.0000,1.0000,1.0000,1.0000,1.0000,1.0000,1.0000,1.0000,0.9995,0.9995,0.9995,0.9990,0.9975,0.9955,0.9935,0.9895,0.9875,0.9855,0.9820,0.9740,0.9685,0.9635,0.9565,0.9505,0.9445,0.9350,0.9295,0.9260
60,1.5000,固定最適比率,4.0000,18665.2762,746.6110,spend25p,605.8327,586.6301,568.1132,551.6403,533.9684,516.2099,501.0821,482.0819,461.5499,441.4352,422.3142,403.7445,388.1039,373.3303,362.5023,350.9426,342.2415,336.5661,333.3129,330.5136,328.3116,323.9245,323.6353,317.6884,316.2099,313.9363,305.7090,293.1067,284.8928,279.1239,267.4309,258.4467,247.8466,233.0158,224.4253,214.3801
60,1.5000,固定最適比率,4.0000,18665.2762,746.6110,spend50p,610.1517,599.1274,589.7332,581.2780,573.1506,563.6099,555.8564,548.5691,535.5956,523.4774,511.9744,499.9841,489.1745,479.1490,468.9271,461.5223,456.6354,454.5755,454.2331,455.6422,458.1823,460.7394,460.8455,462.4018,463.0760,466.2227,465.7989,464.4934,456.5041,449.9299,444.1600,435.7273,426.9020,413.0973,404.9903,396.8125
60,1.5000,固定最適比率,4.0000,18665.2762,746.6110,spend75p,614.6416,612.2907,612.3576,613.5834,616.7443,620.3837,621.4545,620.8036,618.2135,613.5879,608.3616,602.2038,596.0655,593.4848,595.8019,596.0526,601.1909,606.1267,617.8432,632.4185,639.9727,649.5157,662.7965,671.3613,677.5540,686.0347,687.6130,686.1091,689.9044,691.1786,682.6743,687.1929,680.8467,675.1234,666.4124,654.4093
60,1.5000,DynamicV1Rebalance,4.0000,18665.2762,746.6110,survival,1.0000,1.0000,1.0000,1.0000,1.0000,1.0000,1.0000,1.0000,1.0000,1.0000,1.0000,0.9995,0.9995,0.9980,0.9965,0.9965,0.9960,0.9960,0.9940,0.9930,0.9930,0.9915,0.9895,0.9890,0.9855,0.9840,0.9820,0.9795,0.9780,0.9745,0.9710,0.9690,0.9655,0.9615,0.9580,0.9565
60,1.5000,DynamicV1Rebalance,4.0000,18665.2762,746.6110,spend25p,605.8327,586.6301,568.1132,551.6403,533.9684,516.2099,501.0821,482.0819,461.5499,441.4352,422.3142,403.5020,387.4913,372.8888,359.9192,349.7441,341.1947,335.1012,329.5259,327.8144,324.5262,321.5017,320.4431,317.4407,315.2775,313.0715,306.0970,297.8759,294.6197,286.6966,277.9905,274.3312,264.7756,255.3413,244.2825,235.6960
60,1.5000,DynamicV1Rebalance,4.0000,18665.2762,746.6110,spend50p,610.1517,599.1274,589.7332,581.2780,573.1506,563.6099,555.8564,548.5691,535.5956,523.4774,511.9744,499.7182,489.1571,478.7540,467.7300,459.5579,455.8853,452.9970,451.5672,453.5139,456.9345,457.1172,459.0520,462.2441,462.0363,465.2601,465.6972,467.5243,463.0231,457.4095,454.8151,449.0399,443.5147,439.8396,429.8383,424.3059
60,1.5000,DynamicV1Rebalance,4.0000,18665.2762,746.6110,spend75p,614.6416,612.2907,612.3576,613.5834,616.7443,620.3837,621.4545,620.8036,618.2135,613.5879,608.3616,602.0875,595.8437,592.7811,594.6010,594.4945,600.0607,604.9272,614.7984,627.6219,636.8720,646.1120,660.6041,672.1851,676.2494,686.0347,693.5016,699.8830,701.6665,707.0267,705.8652,708.3651,706.9036,701.9765,691.9777,685.7546
60,1.5000,SpendAwareDPRebalance (re60),4.0000,18665.2762,746.6110,survival,1.0000,1.0000,1.0000,1.0000,1.0000,1.0000,1.0000,1.0000,1.0000,1.0000,1.0000,1.0000,1.0000,1.0000,1.0000,1.0000,0.9990,0.9985,0.9985,0.9980,0.9975,0.9970,0.9955,0.9925,0.9905,0.9880,0.9860,0.9815,0.9790,0.9750,0.9695,0.9645,0.9585,0.9535,0.9495,0.9430
60,1.5000,SpendAwareDPRebalance (re60),4.0000,18665.2762,746.6110,spend25p,605.8327,586.6301,568.1132,551.6403,533.9684,516.2099,501.0821,482.0819,461.5499,441.4352,422.3142,403.7445,388.1039,373.3303,362.5023,350.9426,342.0350,335.8016,331.8126,330.2152,328.3116,325.1621,327.2710,321.0240,318.6611,314.5900,307.7943,299.7131,294.6878,286.6966,276.8170,269.1216,258.1733,248.4146,236.1077,226.4646
60,1.5000,SpendAwareDPRebalance (re60),4.0000,18665.2762,746.6110,spend50p,610.1517,599.1274,589.7332,581.2780,573.1506,563.6099,555.8564,548.5691,535.5956,523.4774,511.9744,499.9841,489.1745,479.1490,468.9271,461.5223,456.6280,453.9160,453.1576,455.3318,458.1823,461.6242,462.1632,463.1280,464.5850,467.0337,467.0030,468.6129,463.0231,457.0790,451.1863,445.6698,434.2116,426.4812,420.7494,408.2426
60,1.5000,SpendAwareDPRebalance (re60),4.0000,18665.2762,746.6110,spend75p,614.6416,612.2907,612.3576,613.5834,616.7443,620.3837,621.4545,620.8036,618.2135,613.5879,608.3616,602.2038,596.0655,593.4848,595.8019,596.0526,600.7825,605.7190,617.1789,631.8845,639.9727,650.7153,663.2581,674.6366,679.6703,686.4195,693.5016,697.8996,697.4856,700.2534,699.7269,696.7705,691.3256,685.4075,674.9157,659.8315
60,1.5000,SpendAwareDPRebalance (re40),4.0000,18665.2762,746.6110,survival,1.0000,1.0000,1.0000,1.0000,1.0000,1.0000,1.0000,1.0000,1.0000,1.0000,1.0000,1.0000,1.0000,1.0000,1.0000,1.0000,0.9990,0.9990,0.9985,0.9980,0.9980,0.9975,0.9955,0.9935,0.9920,0.9900,0.9870,0.9835,0.9795,0.9755,0.9700,0.9625,0.9575,0.9515,0.9465,0.9410
60,1.5000,SpendAwareDPRebalance (re40),4.0000,18665.2762,746.6110,spend25p,605.8327,586.6301,568.1132,551.6403,533.9684,516.2099,501.0821,482.0819,461.5499,441.4352,422.3142,403.7445,388.1039,373.3303,362.5023,350.9426,342.0350,336.1683,331.8126,330.2152,328.4811,325.9599,327.2710,321.6793,319.0496,316.0440,308.1024,300.3730,294.7850,287.1233,277.1585,267.3683,257.2143,246.7629,233.0877,224.9492
60,1.5000,SpendAwareDPRebalance (re40),4.0000,18665.2762,746.6110,spend50p,610.1517,599.1274,589.7332,581.2780,573.1506,563.6099,555.8564,548.5691,535.5956,523.4774,511.9744,499.9841,489.1745,479.1490,468.9271,461.5223,456.6280,454.2652,453.1576,455.3318,458.4900,461.6545,462.1632,463.2929,465.1946,468.0475,468.8569,469.5513,463.1593,457.1970,451.6200,442.8090,433.2132,425.2330,417.6286,405.7182
60,1.5000,SpendAwareDPRebalance (re40),4.0000,18665.2762,746.6110,spend75p,614.6416,612.2907,612.3576,613.5834,616.7443,620.3837,621.4545,620.8036,618.2135,613.5879,608.3616,602.2038,596.0655,593.4848,595.8019,596.0526,600.7825,605.9992,617.1789,631.8845,640.3844,651.1037,663.2581,675.1997,681.4204,688.8840,694.6907,699.8830,697.6634,701.0001,701.1035,694.9149,689.5439,683.4857,670.2375,656.5131
60,1.5000,No dynamic rebalance,5.0000,14932.2209,746.6110,survival,1.0000,1.0000,1.0000,1.0000,1.0000,1.0000,1.0000,1.0000,1.0000,0.9995,0.9990,0.9960,0.9945,0.9915,0.9870,0.9835,0.9745,0.9675,0.9570,0.9450,0.9360,0.9240,0.9100,0.8940,0.8820,0.8705,0.8605,0.8510,0.8385,0.8295,0.8190,0.8070,0.7960,0.7885,0.7790,0.7680
60,1.5000,No dynamic rebalance,5.0000,14932.2209,746.6110,spend25p,605.8327,586.6301,568.1132,551.6403,533.9684,516.2099,501.0821,482.0819,461.5499,441.3259,422.0737,402.4500,386.4709,371.9066,357.0485,342.9424,330.8465,320.3761,310.9141,303.4152,296.2832,284.9512,273.0730,259.7831,247.4303,234.3163,225.2704,211.7794,193.8018,178.8477,161.8888,144.5427,128.1232,112.8847,93.9149,69.2118
60,1.5000,No dynamic rebalance,5.0000,14932.2209,746.6110,spend50p,610.1517,599.1274,589.7332,581.2780,573.1506,563.6099,555.8564,548.5691,535.5956,523.3071,511.8015,498.5768,487.3088,476.0101,463.9021,455.2979,447.7037,441.5398,437.0745,435.8033,430.9724,428.3402,424.0921,420.0687,414.2169,408.3767,401.7067,392.5570,383.3412,371.7808,357.5248,343.6847,330.1437,316.2208,303.9953,286.6618
60,1.5000,No dynamic rebalance,5.0000,14932.2209,746.6110,spend75p,614.6416,612.2907,612.3576,613.5834,616.7443,620.3837,621.4545,620.8036,618.2135,613.4883,607.6671,601.5420,595.1947,591.1167,590.4411,588.8163,592.6851,593.6625,596.4017,598.7900,602.5900,607.4451,611.1903,613.3073,616.9470,615.4794,617.1098,616.6182,603.9842,598.3541,597.4134,586.5003,578.1623,568.9786,563.6838,544.1435
60,1.5000,固定最適比率,5.0000,14932.2209,746.6110,survival,1.0000,1.0000,1.0000,1.0000,1.0000,1.0000,1.0000,1.0000,1.0000,0.9995,0.9990,0.9960,0.9945,0.9915,0.9870,0.9835,0.9745,0.9675,0.9570,0.9450,0.9360,0.9240,0.9100,0.8940,0.8820,0.8705,0.8605,0.8510,0.8385,0.8295,0.8190,0.8070,0.7960,0.7885,0.7790,0.7680
60,1.5000,固定最適比率,5.0000,14932.2209,746.6110,spend25p,605.8327,586.6301,568.1132,551.6403,533.9684,516.2099,501.0821,482.0819,461.5499,441.3259,422.0737,402.4500,386.4709,371.9066,357.0485,342.9424,330.8465,320.3761,310.9141,303.4152,296.2832,284.9512,273.0730,259.7831,247.4303,234.3163,225.2704,211.7794,193.8018,178.8477,161.8888,144.5427,128.1232,112.8847,93.9149,69.2118
60,1.5000,固定最適比率,5.0000,14932.2209,746.6110,spend50p,610.1517,599.1274,589.7332,581.2780,573.1506,563.6099,555.8564,548.5691,535.5956,523.3071,511.8015,498.5768,487.3088,476.0101,463.9021,455.2979,447.7037,441.5398,437.0745,435.8033,430.9724,428.3402,424.0921,420.0687,414.2169,408.3767,401.7067,392.5570,383.3412,371.7808,357.5248,343.6847,330.1437,316.2208,303.9953,286.6618
60,1.5000,固定最適比率,5.0000,14932.2209,746.6110,spend75p,614.6416,612.2907,612.3576,613.5834,616.7443,620.3837,621.4545,620.8036,618.2135,613.4883,607.6671,601.5420,595.1947,591.1167,590.4411,588.8163,592.6851,593.6625,596.4017,598.7900,602.5900,607.4451,611.1903,613.3073,616.9470,615.4794,617.1098,616.6182,603.9842,598.3541,597.4134,586.5003,578.1623,568.9786,563.6838,544.1435
60,1.5000,DynamicV1Rebalance,5.0000,14932.2209,746.6110,survival,1.0000,1.0000,1.0000,1.0000,1.0000,1.0000,1.0000,1.0000,1.0000,0.9995,0.9990,0.9970,0.9955,0.9925,0.9900,0.9870,0.9835,0.9775,0.9695,0.9640,0.9575,0.9535,0.9440,0.9380,0.9310,0.9285,0.9240,0.9175,0.9115,0.9035,0.8990,0.8945,0.8885,0.8835,0.8790,0.8745
60,1.5000,DynamicV1Rebalance,5.0000,14932.2209,746.6110,spend25p,605.8327,586.6301,568.1132,551.6403,533.9684,516.2099,501.0821,482.0819,461.5499,441.3259,422.0737,402.8742,386.7765,372.2163,358.2001,346.1501,334.9360,325.8869,318.1668,311.8764,308.4046,303.0542,291.6325,285.8174,278.7108,272.5598,266.3103,259.7147,251.2745,239.0639,230.9681,222.6036,208.2553,199.2092,187.0952,177.0103
60,1.5000,DynamicV1Rebalance,5.0000,14932.2209,746.6110,spend50p,610.1517,599.1274,589.7332,581.2780,573.1506,563.6099,555.8564,548.5691,535.5956,523.3071,511.8015,498.8351,487.9236,476.4314,464.6553,456.6909,452.0590,443.7511,443.9863,443.3128,442.8662,441.2070,440.4457,441.8491,437.3382,438.1183,434.7446,431.1127,426.0160,417.6824,411.7602,404.5128,388.6692,379.6413,371.2394,362.8034
60,1.5000,DynamicV1Rebalance,5.0000,14932.2209,746.6110,spend75p,614.6416,612.2907,612.3576,613.5834,616.7443,620.3837,621.4545,620.8036,618.2135,613.4883,607.6671,601.8582,595.2921,591.3413,590.7597,590.1581,594.3773,599.6433,603.4004,608.4392,614.9950,625.3642,633.7585,640.5236,642.7086,651.9868,657.4303,655.0488,659.9281,653.4617,650.1432,645.3781,643.8137,633.6417,634.6529,629.1353
60,1.5000,SpendAwareDPRebalance (re60),5.0000,14932.2209,746.6110,survival,1.0000,1.0000,1.0000,1.0000,1.0000,1.0000,1.0000,1.0000,1.0000,1.0000,0.9995,0.9990,0.9985,0.9975,0.9970,0.9960,0.9940,0.9915,0.9895,0.9870,0.9835,0.9765,0.9725,0.9655,0.9600,0.9515,0.9455,0.9360,0.9290,0.9175,0.9100,0.9015,0.8935,0.8865,0.8800,0.8695
60,1.5000,SpendAwareDPRebalance (re60),5.0000,14932.2209,746.6110,spend25p,605.8327,586.6301,568.1132,551.6403,533.9684,516.2099,501.0821,482.0819,461.5499,441.4352,422.1647,403.3855,387.3632,372.8572,360.1775,349.6853,340.1605,331.7057,327.2440,324.0671,320.7082,315.1836,310.8765,300.4630,294.8990,286.4007,279.9336,267.2722,258.5293,247.6553,235.9849,224.3898,209.6483,199.2092,184.7201,168.6062
60,1.5000,SpendAwareDPRebalance (re60),5.0000,14932.2209,746.6110,spend50p,610.1517,599.1274,589.7332,581.2780,573.1506,563.6099,555.8564,548.5691,535.5956,523.4774,511.9098,499.3473,489.0398,478.4870,468.0086,459.1152,455.4053,450.6741,449.8701,451.1019,452.6445,448.5598,450.2508,447.8863,446.4452,443.7080,443.1642,433.7159,428.3193,417.4645,410.2802,400.1802,383.6247,372.1095,364.6037,349.3911
60,1.5000,SpendAwareDPRebalance (re60),5.0000,14932.2209,746.6110,spend75p,614.6416,612.2907,612.3576,613.5834,616.7443,620.3837,621.4545,620.8036,618.2135,613.5879,608.0747,602.0875,595.8437,592.6822,594.3910,593.7033,598.1465,602.3073,611.0067,620.5483,626.9619,634.2589,646.5530,647.3866,648.3858,651.9868,655.0879,652.9989,649.9369,637.1591,629.4067,623.1393,613.9397,607.7603,597.4652,578.2370
60,1.5000,SpendAwareDPRebalance (re40),5.0000,14932.2209,746.6110,survival,1.0000,1.0000,1.0000,1.0000,1.0000,1.0000,1.0000,1.0000,1.0000,1.0000,0.9995,0.9990,0.9980,0.9980,0.9970,0.9960,0.9950,0.9920,0.9895,0.9865,0.9820,0.9800,0.9755,0.9685,0.9625,0.9550,0.9485,0.9385,0.9315,0.9230,0.9145,0.9040,0.8970,0.8880,0.8815,0.8665
60,1.5000,SpendAwareDPRebalance (re40),5.0000,14932.2209,746.6110,spend25p,605.8327,586.6301,568.1132,551.6403,533.9684,516.2099,501.0821,482.0819,461.5499,441.4352,422.1647,403.3855,387.3234,372.8888,360.1775,349.6853,340.9090,332.6458,327.2440,323.5285,320.2323,316.7940,312.7312,303.1263,295.9158,288.5695,281.5954,269.8939,260.8737,250.5141,239.6714,224.6412,213.7216,200.1712,186.4938,167.0167
60,1.5000,SpendAwareDPRebalance (re40),5.0000,14932.2209,746.6110,spend50p,610.1517,599.1274,589.7332,581.2780,573.1506,563.6099,555.8564,548.5691,535.5956,523.4774,511.9098,499.3473,488.8557,478.7540,468.0086,459.1152,455.6371,450.9581,449.8701,451.0281,451.6033,451.2741,451.6794,449.6128,448.8234,445.7535,445.5093,434.9822,430.0554,419.6846,412.7628,401.0562,386.3089,372.4669,364.7304,346.9115
60,1.5000,SpendAwareDPRebalance (re40),5.0000,14932.2209,746.6110,spend75p,614.6416,612.2907,612.3576,613.5834,616.7443,620.3837,621.4545,620.8036,618.2135,613.5879,608.0747,602.0875,595.4754,592.7811,594.3910,593.7033,598.5442,602.3073,611.0067,620.5206,625.6608,636.8496,647.6665,648.1480,652.5337,652.9958,656.6741,653.5092,650.3287,643.0624,633.3839,623.5674,616.1779,608.4585,597.4652,570.9632
60,1.5000,No dynamic rebalance,6.0000,12443.5174,746.6110,survival,1.0000,1.0000,1.0000,1.0000,1.0000,1.0000,1.0000,1.0000,0.9990,0.9970,0.9955,0.9905,0.9860,0.9780,0.9665,0.9540,0.9355,0.9225,0.9025,0.8830,0.8680,0.8515,0.8355,0.8165,0.7985,0.7835,0.7710,0.7510,0.7415,0.7235,0.7160,0.7040,0.6905,0.6805,0.6690,0.6615
60,1.5000,No dynamic rebalance,6.0000,12443.5174,746.6110,spend25p,605.8327,586.6301,568.1132,551.6403,533.9684,516.2099,501.0821,482.0819,461.4361,440.0285,420.9115,400.3195,384.0922,365.5423,348.9882,332.2590,315.3709,304.5471,289.7813,272.0313,253.0930,238.3624,222.0064,204.2809,176.1425,154.5810,131.9121,47.2018,0.0000,0.0000,0.0000,0.0000,0.0000,0.0000,0.0000,0.0000
60,1.5000,No dynamic rebalance,6.0000,12443.5174,746.6110,spend50p,610.1517,599.1274,589.7332,581.2780,573.1506,563.6099,555.8564,548.5691,535.1656,522.4083,510.2001,497.2776,483.9179,469.2664,455.3232,444.4544,432.5853,424.9666,416.1679,406.1951,398.4680,394.9074,386.3910,380.6137,372.4804,362.7982,350.5825,334.5369,321.3419,301.7273,293.3570,279.7582,264.9549,250.7176,232.5573,222.1470
60,1.5000,No dynamic rebalance,6.0000,12443.5174,746.6110,spend75p,614.6416,612.2907,612.3576,613.5834,616.7443,620.3837,621.4545,620.8036,617.9859,613.1680,607.2889,600.1267,591.8229,585.0175,582.3458,579.3494,573.5652,578.6179,578.3437,566.2180,563.9629,559.8263,564.6269,566.7608,566.1717,563.0973,561.3408,548.4853,545.7310,536.1846,527.1909,513.5891,501.8937,490.9998,486.3842,478.4625
60,1.5000,固定最適比率,6.0000,12443.5174,746.6110,survival,1.0000,1.0000,1.0000,1.0000,1.0000,1.0000,1.0000,1.0000,0.9990,0.9970,0.9955,0.9905,0.9860,0.9780,0.9665,0.9540,0.9355,0.9225,0.9025,0.8830,0.8680,0.8515,0.8355,0.8165,0.7985,0.7835,0.7710,0.7510,0.7415,0.7235,0.7160,0.7040,0.6905,0.6805,0.6690,0.6615
60,1.5000,固定最適比率,6.0000,12443.5174,746.6110,spend25p,605.8327,586.6301,568.1132,551.6403,533.9684,516.2099,501.0821,482.0819,461.4361,440.0285,420.9115,400.3195,384.0922,365.5423,348.9882,332.2590,315.3709,304.5471,289.7813,272.0313,253.0930,238.3624,222.0064,204.2809,176.1425,154.5810,131.9121,47.2018,0.0000,0.0000,0.0000,0.0000,0.0000,0.0000,0.0000,0.0000
60,1.5000,固定最適比率,6.0000,12443.5174,746.6110,spend50p,610.1517,599.1274,589.7332,581.2780,573.1506,563.6099,555.8564,548.5691,535.1656,522.4083,510.2001,497.2776,483.9179,469.2664,455.3232,444.4544,432.5853,424.9666,416.1679,406.1951,398.4680,394.9074,386.3910,380.6137,372.4804,362.7982,350.5825,334.5369,321.3419,301.7273,293.3570,279.7582,264.9549,250.7176,232.5573,222.1470
60,1.5000,固定最適比率,6.0000,12443.5174,746.6110,spend75p,614.6416,612.2907,612.3576,613.5834,616.7443,620.3837,621.4545,620.8036,617.9859,613.1680,607.2889,600.1267,591.8229,585.0175,582.3458,579.3494,573.5652,578.6179,578.3437,566.2180,563.9629,559.8263,564.6269,566.7608,566.1717,563.0973,561.3408,548.4853,545.7310,536.1846,527.1909,513.5891,501.8937,490.9998,486.3842,478.4625
60,1.5000,DynamicV1Rebalance,6.0000,12443.5174,746.6110,survival,1.0000,1.0000,1.0000,1.0000,1.0000,1.0000,1.0000,1.0000,0.9990,0.9970,0.9955,0.9910,0.9865,0.9790,0.9680,0.9560,0.9440,0.9300,0.9135,0.8925,0.8785,0.8645,0.8500,0.8385,0.8260,0.8160,0.8075,0.8010,0.7945,0.7840,0.7795,0.7725,0.7675,0.7625,0.7550,0.7480
60,1.5000,DynamicV1Rebalance,6.0000,12443.5174,746.6110,spend25p,605.8327,586.6301,568.1132,551.6403,533.9684,516.2099,501.0821,482.0819,461.4361,440.0285,420.9115,400.4112,384.2608,365.9900,349.4686,333.7423,319.5875,308.4797,295.2500,277.0208,261.3682,249.4206,233.0586,224.0568,210.0295,193.7270,176.7638,163.1461,153.4873,134.1492,122.0233,104.3412,85.8196,71.7625,36.1228,0.0000
60,1.5000,DynamicV1Rebalance,6.0000,12443.5174,746.6110,spend50p,610.1517,599.1274,589.7332,581.2780,573.1506,563.6099,555.8564,548.5691,535.1656,522.4083,510.2001,497.4479,483.9877,469.8451,455.5004,445.5235,436.5895,427.7124,423.1537,409.9347,404.8202,400.1139,398.9595,393.8461,388.8402,382.2230,373.1263,366.4593,358.1371,347.0770,338.6668,328.1548,314.5443,303.7331,290.9024,279.2696
60,1.5000,DynamicV1Rebalance,6.0000,12443.5174,746.6110,spend75p,614.6416,612.2907,612.3576,613.5834,616.7443,620.3837,621.4545,620.8036,617.9859,613.1680,607.2889,600.2568,591.8411,585.7284,582.7167,579.7998,577.5526,580.8307,581.3489,570.0303,570.9700,568.1130,575.0805,582.6407,585.5282,581.1570,578.7705,579.7377,574.6323,569.6180,565.6983,559.4565,552.7940,542.8178,534.3115,528.3715
60,1.5000,SpendAwareDPRebalance (re60),6.0000,12443.5174,746.6110,survival,1.0000,1.0000,1.0000,1.0000,1.0000,1.0000,1.0000,1.0000,0.9990,0.9975,0.9970,0.9945,0.9925,0.9905,0.9870,0.9810,0.9745,0.9670,0.9605,0.9490,0.9400,0.9295,0.9190,0.9050,0.8910,0.8825,0.8675,0.8555,0.8445,0.8270,0.8160,0.8065,0.7960,0.7855,0.7705,0.7525
60,1.5000,SpendAwareDPRebalance (re60),6.0000,12443.5174,746.6110,spend25p,605.8327,586.6301,568.1132,551.6403,533.9684,516.2099,501.0821,482.0819,461.4361,440.5904,421.4147,401.7863,386.1612,371.4405,356.8985,342.1924,331.4514,320.5127,312.8486,305.1768,298.1219,286.5937,277.1056,265.4643,253.7852,243.2018,230.0342,213.9947,198.2464,176.4797,159.7315,143.0270,127.3891,109.5965,77.4962,21.9821
60,1.5000,SpendAwareDPRebalance (re60),6.0000,12443.5174,746.6110,spend50p,610.1517,599.1274,589.7332,581.2780,573.1506,563.6099,555.8564,548.5691,535.1656,522.7714,510.9866,498.2576,486.0196,475.4889,463.9021,454.5483,447.2370,440.6409,437.9861,436.3629,431.2515,429.0683,429.0314,423.4788,414.2799,411.5700,402.1808,390.5317,380.0595,364.5263,348.4084,335.5901,320.0637,305.3104,288.1594,269.8931
60,1.5000,SpendAwareDPRebalance (re60),6.0000,12443.5174,746.6110,spend75p,614.6416,612.2907,612.3576,613.5834,616.7443,620.3837,621.4545,620.8036,617.9859,613.2808,607.4614,600.7192,593.7147,590.0561,590.2135,586.4880,590.6473,592.0047,595.5715,597.0985,599.6294,603.4557,605.3894,608.9855,608.0308,609.3466,602.0262,594.2998,582.8741,569.6180,561.6200,552.3150,540.2543,523.5080,508.8462,490.3970
60,1.5000,SpendAwareDPRebalance (re40),6.0000,12443.5174,746.6110,survival,1.0000,1.0000,1.0000,1.0000,1.0000,1.0000,1.0000,1.0000,0.9990,0.9975,0.9965,0.9945,0.9925,0.9905,0.9880,0.9800,0.9740,0.9660,0.9600,0.9500,0.9395,0.9300,0.9175,0.9065,0.8910,0.8825,0.8700,0.8565,0.8455,0.8325,0.8210,0.8120,0.8015,0.7890,0.7755,0.7550
60,1.5000,SpendAwareDPRebalance (re40),6.0000,12443.5174,746.6110,spend25p,605.8327,586.6301,568.1132,551.6403,533.9684,516.2099,501.0821,482.0819,461.4361,440.5904,421.2273,401.7863,386.1612,371.4405,357.1539,341.8405,330.8465,320.0586,312.7576,305.7268,297.5133,286.9332,276.8636,266.0899,254.4028,243.8050,231.1072,214.5734,199.1576,180.8651,164.8221,148.8994,131.1055,111.7680,86.9244,30.5735
60,1.5000,SpendAwareDPRebalance (re40),6.0000,12443.5174,746.6110,spend50p,610.1517,599.1274,589.7332,581.2780,573.1506,563.6099,555.8564,548.5691,535.1656,522.7714,510.6159,498.2576,486.0196,475.4889,464.1232,454.1768,446.9278,439.8152,437.9861,436.3629,430.9724,429.7709,427.8117,425.6553,415.0499,411.5700,403.1045,391.6449,380.0769,367.7253,351.3161,337.0906,324.9822,306.9096,290.4194,270.4738
60,1.5000,SpendAwareDPRebalance (re40),6.0000,12443.5174,746.6110,spend75p,614.6416,612.2907,612.3576,613.5834,616.7443,620.3837,621.4545,620.8036,617.9859,613.2808,607.3524,600.7192,593.7147,590.0561,590.6286,586.2335,590.2386,591.7428,595.5715,596.9180,599.9322,605.7519,604.3411,610.9561,610.5606,610.4296,604.7013,594.5328,584.4093,577.1089,565.7487,556.4052,542.6780,526.9449,510.7541,490.7585
60,1.5000,No dynamic rebalance,7.0000,10665.8721,746.6110,survival,1.0000,1.0000,1.0000,1.0000,1.0000,1.0000,1.0000,0.9990,0.9965,0.9935,0.9890,0.9785,0.9625,0.9430,0.9210,0.9010,0.8735,0.8525,0.8300,0.8030,0.7840,0.7675,0.7425,0.7200,0.7020,0.6790,0.6605,0.6430,0.6275,0.6175,0.6015,0.5905,0.5800,0.5730,0.5640,0.5510
60,1.5000,No dynamic rebalance,7.0000,10665.8721,746.6110,spend25p,605.8327,586.6301,568.1132,551.6403,533.9684,516.2099,501.0821,481.8860,460.1923,438.9288,417.3861,397.5764,376.5316,352.0224,326.7391,308.0493,284.2800,261.2925,235.2623,207.5309,182.0894,151.0363,0.0000,0.0000,0.0000,0.0000,0.0000,0.0000,0.0000,0.0000,0.0000,0.0000,0.0000,0.0000,0.0000,0.0000
60,1.5000,No dynamic rebalance,7.0000,10665.8721,746.6110,spend50p,610.1517,599.1274,589.7332,581.2780,573.1506,563.6099,555.8564,547.8780,534.7591,521.0859,508.9701,494.0648,475.5262,455.1396,439.9471,424.6865,410.3430,400.5873,383.2197,372.1372,364.1422,356.8121,342.0028,328.5165,315.8517,294.2549,276.1241,259.1560,242.2411,228.5393,206.6535,189.9952,173.1096,154.4322,137.6996,115.9754
60,1.5000,No dynamic rebalance,7.0000,10665.8721,746.6110,spend75p,614.6416,612.2907,612.3576,613.5834,616.7443,620.3837,621.4545,620.2852,617.4858,612.2719,606.0035,597.1071,584.8415,574.2281,567.0023,562.0779,552.7767,546.4999,535.6577,529.4291,525.9728,526.5573,521.7066,518.5260,520.2324,510.4746,500.9123,488.2461,471.5646,467.0596,453.6229,441.8553,429.2698,415.6909,400.4410,381.8108
60,1.5000,固定最適比率,7.0000,10665.8721,746.6110,survival,1.0000,1.0000,1.0000,1.0000,1.0000,1.0000,1.0000,0.9990,0.9965,0.9935,0.9890,0.9785,0.9625,0.9430,0.9210,0.9010,0.8735,0.8525,0.8300,0.8030,0.7840,0.7675,0.7425,0.7200,0.7020,0.6790,0.6605,0.6430,0.6275,0.6175,0.6015,0.5905,0.5800,0.5730,0.5640,0.5510
60,1.5000,固定最適比率,7.0000,10665.8721,746.6110,spend25p,605.8327,586.6301,568.1132,551.6403,533.9684,516.2099,501.0821,481.8860,460.1923,438.9288,417.3861,397.5764,376.5316,352.0224,326.7391,308.0493,284.2800,261.2925,235.2623,207.5309,182.0894,151.0363,0.0000,0.0000,0.0000,0.0000,0.0000,0.0000,0.0000,0.0000,0.0000,0.0000,0.0000,0.0000,0.0000,0.0000
60,1.5000,固定最適比率,7.0000,10665.8721,746.6110,spend50p,610.1517,599.1274,589.7332,581.2780,573.1506,563.6099,555.8564,547.8780,534.7591,521.0859,508.9701,494.0648,475.5262,455.1396,439.9471,424.6865,410.3430,400.5873,383.2197,372.1372,364.1422,356.8121,342.0028,328.5165,315.8517,294.2549,276.1241,259.1560,242.2411,228.5393,206.6535,189.9952,173.1096,154.4322,137.6996,115.9754
60,1.5000,固定最適比率,7.0000,10665.8721,746.6110,spend75p,614.6416,612.2907,612.3576,613.5834,616.7443,620.3837,621.4545,620.2852,617.4858,612.2719,606.0035,597.1071,584.8415,574.2281,567.0023,562.0779,552.7767,546.4999,535.6577,529.4291,525.9728,526.5573,521.7066,518.5260,520.2324,510.4746,500.9123,488.2461,471.5646,467.0596,453.6229,441.8553,429.2698,415.6909,400.4410,381.8108
60,1.5000,DynamicV1Rebalance,7.0000,10665.8721,746.6110,survival,1.0000,1.0000,1.0000,1.0000,1.0000,1.0000,1.0000,0.9990,0.9965,0.9935,0.9890,0.9785,0.9625,0.9435,0.9220,0.9015,0.8740,0.8560,0.8325,0.8060,0.7895,0.7750,0.7580,0.7390,0.7225,0.7050,0.6905,0.6790,0.6685,0.6595,0.6525,0.6450,0.6390,0.6365,0.6280,0.6215
60,1.5000,DynamicV1Rebalance,7.0000,10665.8721,746.6110,spend25p,605.8327,586.6301,568.1132,551.6403,533.9684,516.2099,501.0821,481.8860,460.1923,438.9288,417.3861,397.5764,376.5316,352.1976,326.8438,308.2116,284.5857,263.8414,237.7832,209.9376,187.8451,164.5144,117.1685,0.0000,0.0000,0.0000,0.0000,0.0000,0.0000,0.0000,0.0000,0.0000,0.0000,0.0000,0.0000,0.0000
60,1.5000,DynamicV1Rebalance,7.0000,10665.8721,746.6110,spend50p,610.1517,599.1274,589.7332,581.2780,573.1506,563.6099,555.8564,547.8780,534.7591,521.0859,508.9701,494.0648,475.5262,455.4349,440.4163,425.3220,410.5433,401.8156,384.0687,373.6394,366.0126,360.4525,351.2818,340.2790,327.1181,316.2800,301.2396,284.1489,275.8682,261.0861,250.1952,237.9602,225.8246,214.5561,199.9589,188.5791
60,1.5000,DynamicV1Rebalance,7.0000,10665.8721,746.6110,spend75p,614.6416,612.2907,612.3576,613.5834,616.7443,620.3837,621.4545,620.2852,617.4858,612.2719,606.0035,597.1071,584.8415,574.6173,567.6826,562.0779,552.8841,548.5855,537.2335,531.5899,530.2585,530.3256,533.0901,528.9756,529.2534,525.4666,523.5220,518.3471,511.5932,506.8041,501.0724,485.9234,478.4208,475.0291,467.3044,455.4402
60,1.5000,SpendAwareDPRebalance (re60),7.0000,10665.8721,746.6110,survival,1.0000,1.0000,1.0000,1.0000,1.0000,1.0000,1.0000,0.9990,0.9965,0.9950,0.9910,0.9830,0.9710,0.9615,0.9475,0.9355,0.9175,0.9060,0.8905,0.8715,0.8565,0.8440,0.8270,0.8070,0.7880,0.7730,0.7575,0.7405,0.7225,0.7045,0.6880,0.6775,0.6695,0.6535,0.6385,0.6220
60,1.5000,SpendAwareDPRebalance (re60),7.0000,10665.8721,746.6110,spend25p,605.8327,586.6301,568.1132,551.6403,533.9684,516.2099,501.0821,481.8860,460.1923,439.7947,418.2694,398.7632,379.0232,360.1985,340.1323,324.9640,308.4567,296.9943,283.0374,261.8867,245.6381,232.5044,215.3327,193.9439,166.7683,139.4655,94.1687,0.0000,0.0000,0.0000,0.0000,0.0000,0.0000,0.0000,0.0000,0.0000
60,1.5000,SpendAwareDPRebalance (re60),7.0000,10665.8721,746.6110,spend50p,610.1517,599.1274,589.7332,581.2780,573.1506,563.6099,555.8564,547.8780,534.7591,521.6131,509.4383,495.3646,478.8603,462.9443,448.3761,437.5414,426.1014,420.8746,413.2656,401.4094,393.9393,389.8643,380.6606,368.9822,361.5497,350.2847,337.9605,323.0282,305.6895,286.6478,268.1205,252.6497,242.1117,223.3771,200.8798,182.7396
60,1.5000,SpendAwareDPRebalance (re60),7.0000,10665.8721,746.6110,spend75p,614.6416,612.2907,612.3576,613.5834,616.7443,620.3837,621.4545,620.2852,617.4858,612.5500,606.4458,598.4234,586.5780,577.5660,575.3938,571.2447,566.5857,566.2752,564.0021,554.4428,552.6969,550.5414,555.0462,547.4945,543.8242,543.5232,532.4958,524.8095,515.8360,501.7202,481.7753,472.4271,462.4795,448.8343,424.0617,398.6158
60,1.5000,SpendAwareDPRebalance (re40),7.0000,10665.8721,746.6110,survival,1.0000,1.0000,1.0000,1.0000,1.0000,1.0000,1.0000,0.9990,0.9965,0.9950,0.9915,0.9845,0.9715,0.9605,0.9480,0.9310,0.9165,0.9040,0.8895,0.8725,0.8575,0.8420,0.8245,0.8085,0.7905,0.7780,0.7620,0.7435,0.7260,0.7115,0.6980,0.6860,0.6690,0.6545,0.6355,0.6175
60,1.5000,SpendAwareDPRebalance (re40),7.0000,10665.8721,746.6110,spend25p,605.8327,586.6301,568.1132,551.6403,533.9684,516.2099,501.0821,481.8860,460.1923,439.7947,418.3253,399.0064,379.0232,359.8417,340.5888,322.6656,308.3618,296.5187,282.7650,262.6620,247.6500,229.0514,212.5045,194.4974,169.4079,150.2378,112.5878,0.0000,0.0000,0.0000,0.0000,0.0000,0.0000,0.0000,0.0000,0.0000
60,1.5000,SpendAwareDPRebalance (re40),7.0000,10665.8721,746.6110,spend50p,610.1517,599.1274,589.7332,581.2780,573.1506,563.6099,555.8564,547.8780,534.7591,521.6131,509.5331,495.6977,479.1412,462.7444,448.9370,435.3988,426.0283,420.2110,413.0789,401.4992,394.0955,389.3554,380.2751,370.7797,365.2907,357.5386,342.7547,326.5870,308.5021,292.1176,277.0743,262.3360,241.5080,223.5590,199.6815,178.7616
60,1.5000,SpendAwareDPRebalance (re40),7.0000,10665.8721,746.6110,spend75p,614.6416,612.2907,612.3576,613.5834,616.7443,620.3837,621.4545,620.2852,617.4858,612.5500,606.6603,598.4234,586.7821,577.5503,575.3938,568.4338,566.5857,566.0796,562.9736,556.4072,552.6969,550.1733,553.7742,549.8255,546.0552,549.8167,539.3363,528.8191,516.4600,510.1441,493.8612,476.9010,462.1180,449.5682,421.1209,392.4796
60,1.5000,No dynamic rebalance,8.0000,9332.6381,746.6110,survival,1.0000,1.0000,1.0000,1.0000,1.0000,1.0000,0.9990,0.9980,0.9930,0.9860,0.9675,0.9490,0.9190,0.8905,0.8540,0.8280,0.7925,0.7670,0.7420,0.7105,0.6815,0.6565,0.6310,0.6100,0.5945,0.5770,0.5570,0.5420,0.5285,0.5140,0.4990,0.4910,0.4845,0.4785,0.4655,0.4605
60,1.5000,No dynamic rebalance,8.0000,9332.6381,746.6110,spend25p,605.8327,586.6301,568.1132,551.6403,533.9684,516.2099,500.8632,481.6769,459.2797,436.6143,411.4399,388.8609,357.4740,327.9018,294.1648,260.4187,216.6248,176.5464,0.0000,0.0000,0.0000,0.0000,0.0000,0.0000,0.0000,0.0000,0.0000,0.0000,0.0000,0.0000,0.0000,0.0000,0.0000,0.0000,0.0000,0.0000
60,1.5000,No dynamic rebalance,8.0000,9332.6381,746.6110,spend50p,610.1517,599.1274,589.7332,581.2780,573.1506,563.6099,555.8106,547.6713,533.6806,520.1117,503.4591,484.9171,460.6793,438.3074,415.2202,400.3712,379.4650,364.0850,347.6472,329.5317,312.1559,290.1295,271.1025,250.0886,234.2311,215.0778,186.9282,162.1508,136.6774,103.5975,0.0000,0.0000,0.0000,0.0000,0.0000,0.0000
60,1.5000,No dynamic rebalance,8.0000,9332.6381,746.6110,spend75p,614.6416,612.2907,612.3576,613.5834,616.7443,620.3837,621.3174,619.8036,616.4016,610.0498,600.8470,586.9685,570.7488,559.5226,547.6189,535.2997,524.8877,514.1349,503.4220,493.2321,487.5002,479.5591,475.7185,463.2358,457.9209,445.6747,433.3689,427.1716,417.0432,407.0895,385.5420,370.5684,359.3589,346.8991,322.9253,308.1681
60,1.5000,固定最適比率,8.0000,9332.6381,746.6110,survival,1.0000,1.0000,1.0000,1.0000,1.0000,1.0000,0.9990,0.9980,0.9930,0.9860,0.9675,0.9490,0.9190,0.8905,0.8540,0.8280,0.7925,0.7670,0.7420,0.7105,0.6815,0.6565,0.6310,0.6100,0.5945,0.5770,0.5570,0.5420,0.5285,0.5140,0.4990,0.4910,0.4845,0.4785,0.4655,0.4605
60,1.5000,固定最適比率,8.0000,9332.6381,746.6110,spend25p,605.8327,586.6301,568.1132,551.6403,533.9684,516.2099,500.8632,481.6769,459.2797,436.6143,411.4399,388.8609,357.4740,327.9018,294.1648,260.4187,216.6248,176.5464,0.0000,0.0000,0.0000,0.0000,0.0000,0.0000,0.0000,0.0000,0.0000,0.0000,0.0000,0.0000,0.0000,0.0000,0.0000,0.0000,0.0000,0.0000
60,1.5000,固定最適比率,8.0000,9332.6381,746.6110,spend50p,610.1517,599.1274,589.7332,581.2780,573.1506,563.6099,555.8106,547.6713,533.6806,520.1117,503.4591,484.9171,460.6793,438.3074,415.2202,400.3712,379.4650,364.0850,347.6472,329.5317,312.1559,290.1295,271.1025,250.0886,234.2311,215.0778,186.9282,162.1508,136.6774,103.5975,0.0000,0.0000,0.0000,0.0000,0.0000,0.0000
60,1.5000,固定最適比率,8.0000,9332.6381,746.6110,spend75p,614.6416,612.2907,612.3576,613.5834,616.7443,620.3837,621.3174,619.8036,616.4016,610.0498,600.8470,586.9685,570.7488,559.5226,547.6189,535.2997,524.8877,514.1349,503.4220,493.2321,487.5002,479.5591,475.7185,463.2358,457.9209,445.6747,433.3689,427.1716,417.0432,407.0895,385.5420,370.5684,359.3589,346.8991,322.9253,308.1681
60,1.5000,DynamicV1Rebalance,8.0000,9332.6381,746.6110,survival,1.0000,1.0000,1.0000,1.0000,1.0000,1.0000,0.9990,0.9980,0.9930,0.9860,0.9675,0.9490,0.9190,0.8905,0.8540,0.8280,0.7935,0.7675,0.7435,0.7115,0.6850,0.6610,0.6390,0.6205,0.6065,0.5915,0.5765,0.5655,0.5565,0.5425,0.5320,0.5255,0.5230,0.5170,0.5120,0.5060
60,1.5000,DynamicV1Rebalance,8.0000,9332.6381,746.6110,spend25p,605.8327,586.6301,568.1132,551.6403,533.9684,516.2099,500.8632,481.6769,459.2797,436.6143,411.4399,388.8609,357.4740,327.9018,294.1648,260.4187,217.7684,177.3965,0.0000,0.0000,0.0000,0.0000,0.0000,0.0000,0.0000,0.0000,0.0000,0.0000,0.0000,0.0000,0.0000,0.0000,0.0000,0.0000,0.0000,0.0000
60,1.5000,DynamicV1Rebalance,8.0000,9332.6381,746.6110,spend50p,610.1517,599.1274,589.7332,581.2780,573.1506,563.6099,555.8106,547.6713,533.6806,520.1117,503.4591,484.9171,460.6793,438.3074,415.2202,400.3712,379.9401,364.2702,348.4712,330.1846,314.3504,293.0229,276.8624,260.5965,244.3476,229.3760,209.5901,194.8477,173.5439,152.0747,132.3400,116.6673,106.2084,86.3196,66.7761,33.7085
60,1.5000,DynamicV1Rebalance,8.0000,9332.6381,746.6110,spend75p,614.6416,612.2907,612.3576,613.5834,616.7443,620.3837,621.3174,619.8036,616.4016,610.0498,600.8470,586.9685,570.7488,559.5226,547.6189,535.2997,526.1155,514.4473,503.9546,494.0198,488.8575,481.3348,478.4345,469.7016,464.5204,457.6766,451.8855,448.0365,439.5633,422.4608,412.3218,403.8762,391.1219,379.4192,369.4149,358.6168
60,1.5000,SpendAwareDPRebalance (re60),8.0000,9332.6381,746.6110,survival,1.0000,1.0000,1.0000,1.0000,1.0000,1.0000,0.9990,0.9980,0.9935,0.9865,0.9700,0.9540,0.9270,0.9030,0.8730,0.8485,0.8240,0.7995,0.7795,0.7560,0.7330,0.7115,0.6895,0.6700,0.6545,0.6400,0.6230,0.6085,0.5960,0.5830,0.5675,0.5550,0.5440,0.5295,0.5185,0.4990
60,1.5000,SpendAwareDPRebalance (re60),8.0000,9332.6381,746.6110,spend25p,605.8327,586.6301,568.1132,551.6403,533.9684,516.2099,500.8632,481.6769,459.3358,436.6776,412.5301,391.6559,360.5423,332.8846,306.1890,278.4496,247.1517,218.1488,188.4265,126.7820,0.0000,0.0000,0.0000,0.0000,0.0000,0.0000,0.0000,0.0000,0.0000,0.0000,0.0000,0.0000,0.0000,0.0000,0.0000,0.0000
60,1.5000,SpendAwareDPRebalance (re60),8.0000,9332.6381,746.6110,spend50p,610.1517,599.1274,589.7332,581.2780,573.1506,563.6099,555.8106,547.6713,533.8695,520.2297,504.1927,486.5524,463.3492,444.4652,422.3379,406.1829,393.2002,375.4707,365.5722,354.2387,341.0018,328.2987,313.2859,294.5331,283.1962,266.3534,247.8117,229.6364,211.8998,193.8632,172.3923,148.8540,130.3284,104.2004,77.0202,0.0000
60,1.5000,SpendAwareDPRebalance (re60),8.0000,9332.6381,746.6110,spend75p,614.6416,612.2907,612.3576,613.5834,616.7443,620.3837,621.3174,619.8036,616.4016,610.0498,601.6788,588.8254,572.6893,562.4834,552.5448,540.7180,535.1424,524.9868,516.8828,514.1376,505.3430,500.5600,495.5610,493.8083,485.4508,478.3144,465.9551,459.9478,448.2873,432.7191,418.8548,404.3811,380.8548,362.7857,347.2907,315.7038
60,1.5000,SpendAwareDPRebalance (re40),8.0000,9332.6381,746.6110,survival,1.0000,1.0000,1.0000,1.0000,1.0000,1.0000,0.9990,0.9980,0.9935,0.9870,0.9715,0.9515,0.9260,0.9020,0.8745,0.8480,0.8260,0.7965,0.7785,0.7515,0.7315,0.7080,0.6895,0.6705,0.6545,0.6425,0.6270,0.6125,0.5960,0.5815,0.5710,0.5595,0.5465,0.5290,0.5165,0.4945
60,1.5000,SpendAwareDPRebalance (re40),8.0000,9332.6381,746.6110,spend25p,605.8327,586.6301,568.1132,551.6403,533.9684,516.2099,500.8632,481.6769,459.3358,436.7148,413.1811,389.5783,359.5268,332.7067,307.0353,278.2814,248.5251,214.2462,188.1466,92.0952,0.0000,0.0000,0.0000,0.0000,0.0000,0.0000,0.0000,0.0000,0.0000,0.0000,0.0000,0.0000,0.0000,0.0000,0.0000,0.0000
60,1.5000,SpendAwareDPRebalance (re40),8.0000,9332.6381,746.6110,spend50p,610.1517,599.1274,589.7332,581.2780,573.1506,563.6099,555.8106,547.6713,533.8695,520.2805,504.5657,485.4958,463.3492,444.0191,423.4370,406.0010,394.1254,374.4191,365.3323,349.8896,340.6206,323.9073,314.9067,295.1036,283.5502,269.0135,251.0358,235.2381,211.8998,192.4404,177.7483,156.0530,133.5887,106.5930,74.6947,0.0000
60,1.5000,SpendAwareDPRebalance (re40),8.0000,9332.6381,746.6110,spend75p,614.6416,612.2907,612.3576,613.5834,616.7443,620.3837,621.3174,619.8036,616.4016,610.1787,602.5381,586.9488,572.6893,562.1997,553.5705,540.3064,536.2602,524.4381,517.2335,511.9487,505.6593,498.8124,496.1817,495.1340,486.1549,479.8039,473.4402,462.2577,446.7606,430.7250,422.4492,406.0368,384.7007,361.1854,343.7066,308.1681
60,2.0000,No dynamic rebalance,2.5000,39819.2558,995.4814,survival,1.0000,1.0000,1.0000,1.0000,1.0000,1.0000,1.0000,1.0000,1.0000,1.0000,1.0000,1.0000,1.0000,1.0000,1.0000,1.0000,0.9990,0.9985,0.9980,0.9955,0.9945,0.9935,0.9925,0.9910,0.9895,0.9860,0.9850,0.9805,0.9770,0.9745,0.9705,0.9665,0.9635,0.9595,0.9535,0.9485
60,2.0000,No dynamic rebalance,2.5000,39819.2558,995.4814,spend25p,855.0270,829.7768,805.4183,783.6769,760.6618,737.3477,717.4506,692.8558,666.0468,639.0915,614.2920,590.5546,570.8908,551.9342,537.6488,524.0362,513.1526,505.9002,499.5474,498.6474,494.6952,491.4998,493.5176,490.2007,488.9775,484.5083,477.0824,466.0575,460.0616,452.6107,441.5864,435.5535,426.2256,413.4027,398.1527,383.4123
60,2.0000,No dynamic rebalance,2.5000,39819.2558,995.4814,spend50p,860.9882,847.1614,835.4662,825.3588,815.3334,803.5864,794.3446,785.7189,770.0654,755.8044,741.5485,726.9818,714.3538,702.8206,690.8251,681.2324,676.8952,675.0191,676.5615,678.4247,684.5158,688.5276,693.5946,696.7028,700.3809,705.1515,712.8244,717.1583,710.3698,704.6162,703.2076,698.2638,692.6099,693.0803,681.5277,669.4865
60,2.0000,No dynamic rebalance,2.5000,39819.2558,995.4814,spend75p,867.3280,865.4287,867.2828,870.6071,876.6620,883.6065,886.8928,888.3386,886.7006,882.6187,878.9015,872.9663,867.5581,866.8645,872.4568,875.5247,885.1152,893.9836,913.0811,932.3245,946.9806,964.6365,985.8456,1006.5718,1016.2925,1030.8275,1043.3237,1059.0176,1060.8615,1075.7827,1081.0215,1089.2530,1091.2436,1089.3835,1081.8371,1079.8034
60,2.0000,固定最適比率,2.5000,39819.2558,995.4814,survival,1.0000,1.0000,1.0000,1.0000,1.0000,1.0000,1.0000,1.0000,1.0000,1.0000,1.0000,1.0000,1.0000,1.0000,1.0000,1.0000,1.0000,1.0000,1.0000,1.0000,1.0000,1.0000,1.0000,1.0000,1.0000,1.0000,1.0000,1.0000,1.0000,1.0000,1.0000,1.0000,1.0000,0.9995,0.9985,0.9980
60,2.0000,固定最適比率,2.5000,39819.2558,995.4814,spend25p,855.0270,829.7768,805.4183,783.6769,760.6618,737.3477,717.4506,692.8558,666.0468,639.0915,614.2920,590.5546,570.8908,551.9342,537.6488,524.0362,513.7542,506.6160,503.1900,501.7782,498.4952,498.1433,501.8254,499.7128,496.2291,495.9388,492.8072,488.5822,481.3603,475.6128,469.7774,464.8221,456.2620,449.3045,439.5254,428.7084
60,2.0000,固定最適比率,2.5000,39819.2558,995.4814,spend50p,860.9882,847.1614,835.4662,825.3588,815.3334,803.5864,794.3446,785.7189,770.0654,755.8044,741.5485,726.9818,714.3538,702.8206,690.8251,681.2324,677.8883,676.4676,678.7754,682.2605,688.4917,694.2330,699.4815,702.1978,709.3772,719.3968,726.0281,730.3282,731.7120,734.3519,728.8329,730.1674,728.9940,730.9242,730.5255,729.0964
60,2.0000,固定最適比率,2.5000,39819.2558,995.4814,spend75p,867.3280,865.4287,867.2828,870.6071,876.6620,883.6065,886.8928,888.3386,886.7006,882.6187,878.9015,872.9663,867.5581,866.8645,872.4568,875.5247,885.9192,895.7423,913.8190,937.2296,950.0722,972.4009,997.7532,1017.8316,1032.9839,1045.9890,1065.7859,1085.6928,1096.6114,1109.8702,1122.1694,1125.0917,1130.9887,1138.7940,1140.3786,1143.4955
60,2.0000,DynamicV1Rebalance,2.5000,39819.2558,995.4814,survival,1.0000,1.0000,1.0000,1.0000,1.0000,1.0000,1.0000,1.0000,1.0000,1.0000,1.0000,1.0000,1.0000,1.0000,1.0000,1.0000,1.0000,1.0000,1.0000,1.0000,1.0000,1.0000,1.0000,1.0000,1.0000,1.0000,1.0000,0.9995,0.9995,0.9995,0.9985,0.9965,0.9955,0.9935,0.9930,0.9925
60,2.0000,DynamicV1Rebalance,2.5000,39819.2558,995.4814,spend25p,855.0270,829.7768,805.4183,783.6769,760.6618,737.3477,717.4506,692.8558,666.0468,639.0915,614.2920,590.5546,570.8908,551.9342,537.6488,524.0362,513.7542,506.6160,503.1900,501.7782,498.4952,498.1433,501.8254,499.7128,496.2291,495.9388,492.8072,487.8505,480.8642,475.3951,466.6865,461.2627,453.3969,443.6825,434.8453,426.4112
60,2.0000,DynamicV1Rebalance,2.5000,39819.2558,995.4814,spend50p,860.9882,847.1614,835.4662,825.3588,815.3334,803.5864,794.3446,785.7189,770.0654,755.8044,741.5485,726.9818,714.3538,702.8206,690.8251,681.2324,677.8883,676.4676,678.7754,682.2605,688.4917,694.2330,699.4815,702.1978,709.3772,719.3968,726.0281,730.2953,731.3503,733.5479,727.7579,725.6816,723.4777,725.7054,723.3946,720.3567
60,2.0000,DynamicV1Rebalance,2.5000,39819.2558,995.4814,spend75p,867.3280,865.4287,867.2828,870.6071,876.6620,883.6065,886.8928,888.3386,886.7006,882.6187,878.9015,872.9663,867.5581,866.8645,872.4568,875.5247,885.9192,895.7423,913.8190,937.2296,950.0722,972.4009,997.7532,1017.8316,1032.9839,1045.9890,1065.7859,1085.1983,1094.7272,1109.5988,1119.5876,1116.4122,1123.9049,1122.8795,1128.8816,1134.3985
60,2.0000,SpendAwareDPRebalance (re60),2.5000,39819.2558,995.4814,survival,1.0000,1.0000,1.0000,1.0000,1.0000,1.0000,1.0000,1.0000,1.0000,1.0000,1.0000,1.0000,1.0000,1.0000,1.0000,1.0000,1.0000,1.0000,1.0000,1.0000,1.0000,0.9995,0.9995,0.9995,0.9995,0.9995,0.9995,0.9990,0.9990,0.9985,0.9975,0.9965,0.9950,0.9945,0.9945,0.9915
60,2.0000,SpendAwareDPRebalance (re60),2.5000,39819.2558,995.4814,spend25p,855.0270,829.7768,805.4183,783.6769,760.6618,737.3477,717.4506,692.8558,666.0468,639.0915,614.2920,590.5546,570.8908,551.9342,537.6488,524.0362,513.7542,506.6160,503.1900,501.7782,498.4952,498.0594,501.7461,499.0395,496.2030,495.3543,492.1463,487.5967,479.6001,474.0959,465.7566,461.2627,453.2576,444.5170,435.5947,425.5016
60,2.0000,SpendAwareDPRebalance (re60),2.5000,39819.2558,995.4814,spend50p,860.9882,847.1614,835.4662,825.3588,815.3334,803.5864,794.3446,785.7189,770.0654,755.8044,741.5485,726.9818,714.3538,702.8206,690.8251,681.2324,677.8883,676.4676,678.7754,682.2605,688.4917,694.0469,698.6195,701.8790,709.2345,718.9254,725.5077,730.2283,730.8606,732.8132,725.5817,725.6816,723.3078,726.3606,725.3155,719.5014
60,2.0000,SpendAwareDPRebalance (re60),2.5000,39819.2558,995.4814,spend75p,867.3280,865.4287,867.2828,870.6071,876.6620,883.6065,886.8928,888.3386,886.7006,882.6187,878.9015,872.9663,867.5581,866.8645,872.4568,875.5247,885.9192,895.7423,913.8190,937.2296,950.0722,971.1682,993.9209,1016.7940,1032.5468,1045.7788,1064.1528,1084.0542,1093.9589,1108.2976,1115.8583,1114.6215,1120.2721,1124.7599,1130.9852,1130.0359
60,2.0000,SpendAwareDPRebalance (re40),2.5000,39819.2558,995.4814,survival,1.0000,1.0000,1.0000,1.0000,1.0000,1.0000,1.0000,1.0000,1.0000,1.0000,1.0000,1.0000,1.0000,1.0000,1.0000,1.0000,1.0000,1.0000,1.0000,1.0000,1.0000,1.0000,0.9995,0.9995,0.9995,0.9995,0.9995,0.9990,0.9990,0.9985,0.9975,0.9960,0.9955,0.9945,0.9940,0.9920
60,2.0000,SpendAwareDPRebalance (re40),2.5000,39819.2558,995.4814,spend25p,855.0270,829.7768,805.4183,783.6769,760.6618,737.3477,717.4506,692.8558,666.0468,639.0915,614.2920,590.5546,570.8908,551.9342,537.6488,524.0362,513.7542,506.6160,503.1900,501.7782,498.4952,498.1433,501.7461,499.0395,496.2030,495.3543,492.1463,487.5967,479.6001,474.0959,465.7566,460.9793,453.3969,444.5170,435.3758,425.7764
60,2.0000,SpendAwareDPRebalance (re40),2.5000,39819.2558,995.4814,spend50p,860.9882,847.1614,835.4662,825.3588,815.3334,803.5864,794.3446,785.7189,770.0654,755.8044,741.5485,726.9818,714.3538,702.8206,690.8251,681.2324,677.8883,676.4676,678.7754,682.2605,688.4917,694.2330,698.6195,701.8790,709.2345,718.9254,725.5077,730.2283,730.8606,732.8132,725.5817,725.5635,723.4777,726.3606,724.6294,719.7238
60,2.0000,SpendAwareDPRebalance (re40),2.5000,39819.2558,995.4814,spend75p,867.3280,865.4287,867.2828,870.6071,876.6620,883.6065,886.8928,888.3386,886.7006,882.6187,878.9015,872.9663,867.5581,866.8645,872.4568,875.5247,885.9192,895.7423,913.8190,937.2296,950.0722,972.4009,993.9209,1016.7940,1032.5468,1045.7788,1064.1528,1084.0542,1093.9589,1108.2976,1115.8583,1112.9568,1121.1464,1124.7599,1129.1831,1130.5728
60,2.0000,No dynamic rebalance,3.0000,33182.7132,995.4814,survival,1.0000,1.0000,1.0000,1.0000,1.0000,1.0000,1.0000,1.0000,1.0000,1.0000,1.0000,1.0000,1.0000,0.9995,0.9995,0.9985,0.9965,0.9950,0.9930,0.9920,0.9915,0.9885,0.9865,0.9820,0.9760,0.9705,0.9630,0.9585,0.9535,0.9495,0.9430,0.9370,0.9295,0.9235,0.9180,0.9130
60,2.0000,No dynamic rebalance,3.0000,33182.7132,995.4814,spend25p,855.0270,829.7768,805.4183,783.6769,760.6618,737.3477,717.4506,692.8558,666.0468,639.0915,614.2920,590.5546,570.8908,551.8226,537.3840,522.5127,510.8417,503.2530,496.9624,495.2811,491.3230,487.7990,485.0596,481.8447,474.5260,468.4927,455.9199,444.1427,437.1921,426.0527,414.3714,400.6380,385.1587,373.1506,361.6571,342.0389
60,2.0000,No dynamic rebalance,3.0000,33182.7132,995.4814,spend50p,860.9882,847.1614,835.4662,825.3588,815.3334,803.5864,794.3446,785.7189,770.0654,755.8044,741.5485,726.9818,714.3538,702.7292,690.5609,680.3608,676.0362,673.9093,674.4449,677.0838,683.5726,684.5413,689.5042,689.5648,692.8255,693.2080,694.8153,695.6238,687.5504,681.6399,677.8142,665.5887,654.9425,640.5185,632.1447,620.9957
60,2.0000,No dynamic rebalance,3.0000,33182.7132,995.4814,spend75p,867.3280,865.4287,867.2828,870.6071,876.6620,883.6065,886.8928,888.3386,886.7006,882.6187,878.9015,872.9663,867.5581,866.7186,872.2028,874.5288,884.7408,892.9233,910.7744,929.4120,946.2662,959.9064,983.9678,997.3130,1004.8071,1010.3122,1026.7895,1029.5958,1038.6873,1041.5770,1038.3879,1044.1508,1036.2569,1040.3000,1028.3528,1011.4921
60,2.0000,固定最適比率,3.0000,33182.7132,995.4814,survival,1.0000,1.0000,1.0000,1.0000,1.0000,1.0000,1.0000,1.0000,1.0000,1.0000,1.0000,1.0000,1.0000,1.0000,1.0000,1.0000,1.0000,1.0000,1.0000,1.0000,1.0000,1.0000,1.0000,1.0000,1.0000,1.0000,1.0000,1.0000,0.9995,0.9990,0.9985,0.9965,0.9945,0.9940,0.9915,0.9895
60,2.0000,固定最適比率,3.0000,33182.7132,995.4814,spend25p,855.0270,829.7768,805.4183,783.6769,760.6618,737.3477,717.4506,692.8558,666.0468,639.0915,614.2920,590.5546,570.8908,551.9342,537.6488,524.0362,513.7542,506.6160,503.1900,501.7782,498.4952,498.1433,501.8254,499.7128,496.2291,495.9388,492.8072,488.5822,480.8642,474.9876,466.6865,461.2627,453.1972,444.1339,433.3185,423.5136
60,2.0000,固定最適比率,3.0000,33182.7132,995.4814,spend50p,860.9882,847.1614,835.4662,825.3588,815.3334,803.5864,794.3446,785.7189,770.0654,755.8044,741.5485,726.9818,714.3538,702.8206,690.8251,681.2324,677.8883,676.4676,678.7754,682.2605,688.4917,694.2330,699.4815,702.1978,709.3772,719.3968,726.0281,730.3282,731.3503,733.0232,727.7579,725.6816,722.7372,726.1054,721.9824,717.9843
60,2.0000,固定最適比率,3.0000,33182.7132,995.4814,spend75p,867.3280,865.4287,867.2828,870.6071,876.6620,883.6065,886.8928,888.3386,886.7006,882.6187,878.9015,872.9663,867.5581,866.8645,872.4568,875.5247,885.9192,895.7423,913.8190,937.2296,950.0722,972.4009,997.7532,1017.8316,1032.9839,1045.9890,1065.7859,1085.6928,1094.7272,1109.2214,1119.5876,1112.9568,1118.7141,1122.5017,1123.4391,1121.4249
60,2.0000,DynamicV1Rebalance,3.0000,33182.7132,995.4814,survival,1.0000,1.0000,1.0000,1.0000,1.0000,1.0000,1.0000,1.0000,1.0000,1.0000,1.0000,1.0000,1.0000,1.0000,1.0000,1.0000,1.0000,1.0000,0.9990,0.9990,0.9985,0.9985,0.9985,0.9985,0.9980,0.9975,0.9965,0.9945,0.9940,0.9935,0.9915,0.9895,0.9890,0.9875,0.9865,0.9840
60,2.0000,DynamicV1Rebalance,3.0000,33182.7132,995.4814,spend25p,855.0270,829.7768,805.4183,783.6769,760.6618,737.3477,717.4506,692.8558,666.0468,639.0915,614.2920,590.5546,570.8908,551.9342,537.6488,524.0362,513.7542,506.6160,502.5048,500.6355,498.2392,497.1883,501.4730,497.7854,495.8346,492.4217,488.1782,481.0166,476.5673,470.3014,463.4653,454.6779,447.0368,439.8156,428.4204,418.7302
60,2.0000,DynamicV1Rebalance,3.0000,33182.7132,995.4814,spend50p,860.9882,847.1614,835.4662,825.3588,815.3334,803.5864,794.3446,785.7189,770.0654,755.8044,741.5485,726.9818,714.3538,702.8206,690.8251,681.2324,677.8883,676.4676,677.2005,681.2467,687.3822,693.1981,697.7213,701.5093,707.9292,717.1780,720.5612,726.6053,724.2495,727.3288,719.7812,719.7895,714.7617,716.0939,714.3445,709.1020
60,2.0000,DynamicV1Rebalance,3.0000,33182.7132,995.4814,spend75p,867.3280,865.4287,867.2828,870.6071,876.6620,883.6065,886.8928,888.3386,886.7006,882.6187,878.9015,872.9663,867.5581,866.8645,872.4568,875.5247,885.9192,895.7423,913.4062,935.8678,948.5161,966.3256,990.5198,1016.3587,1031.7397,1044.4213,1058.7046,1075.5657,1083.6501,1099.5019,1102.7624,1105.3024,1115.8077,1114.7149,1115.1793,1114.3777
60,2.0000,SpendAwareDPRebalance (re60),3.0000,33182.7132,995.4814,survival,1.0000,1.0000,1.0000,1.0000,1.0000,1.0000,1.0000,1.0000,1.0000,1.0000,1.0000,1.0000,1.0000,1.0000,1.0000,1.0000,1.0000,1.0000,1.0000,1.0000,0.9995,0.9995,0.9995,0.9995,0.9990,0.9985,0.9970,0.9960,0.9940,0.9935,0.9925,0.9905,0.9875,0.9855,0.9840,0.9775
60,2.0000,SpendAwareDPRebalance (re60),3.0000,33182.7132,995.4814,spend25p,855.0270,829.7768,805.4183,783.6769,760.6618,737.3477,717.4506,692.8558,666.0468,639.0915,614.2920,590.5546,570.8908,551.9342,537.6488,524.0362,513.7542,506.6160,503.1900,501.7782,498.4308,498.0594,501.7461,499.0395,496.1524,494.4940,488.6268,482.3793,476.5673,470.3014,464.0880,455.3747,445.5986,438.4276,427.0075,413.5172
60,2.0000,SpendAwareDPRebalance (re60),3.0000,33182.7132,995.4814,spend50p,860.9882,847.1614,835.4662,825.3588,815.3334,803.5864,794.3446,785.7189,770.0654,755.8044,741.5485,726.9818,714.3538,702.8206,690.8251,681.2324,677.8883,676.4676,678.7754,682.2605,688.3583,694.0469,698.6195,701.8790,709.0125,717.9977,721.7475,728.8952,724.2495,727.3288,720.5950,719.9476,713.2533,713.4716,712.2359,691.1900
60,2.0000,SpendAwareDPRebalance (re60),3.0000,33182.7132,995.4814,spend75p,867.3280,865.4287,867.2828,870.6071,876.6620,883.6065,886.8928,888.3386,886.7006,882.6187,878.9015,872.9663,867.5581,866.8645,872.4568,875.5247,885.9192,895.7423,913.8190,937.2296,949.6377,971.1682,993.9209,1016.7940,1032.1770,1045.5369,1059.1183,1077.5308,1083.3749,1097.9284,1102.7624,1105.3024,1106.5133,1104.7339,1109.3460,1093.6351
60,2.0000,SpendAwareDPRebalance (re40),3.0000,33182.7132,995.4814,survival,1.0000,1.0000,1.0000,1.0000,1.0000,1.0000,1.0000,1.0000,1.0000,1.0000,1.0000,1.0000,1.0000,1.0000,1.0000,1.0000,1.0000,1.0000,1.0000,1.0000,0.9995,0.9995,0.9995,0.9995,0.9995,0.9990,0.9985,0.9960,0.9950,0.9925,0.9920,0.9900,0.9875,0.9860,0.9845,0.9795
60,2.0000,SpendAwareDPRebalance (re40),3.0000,33182.7132,995.4814,spend25p,855.0270,829.7768,805.4183,783.6769,760.6618,737.3477,717.4506,692.8558,666.0468,639.0915,614.2920,590.5546,570.8908,551.9342,537.6488,524.0362,513.7542,506.6160,503.1900,501.7782,498.4308,498.0594,501.7461,499.0395,496.2030,494.9045,490.3947,482.3793,477.3976,470.0638,463.7559,455.1650,445.5986,438.6758,427.3871,415.1872
60,2.0000,SpendAwareDPRebalance (re40),3.0000,33182.7132,995.4814,spend50p,860.9882,847.1614,835.4662,825.3588,815.3334,803.5864,794.3446,785.7189,770.0654,755.8044,741.5485,726.9818,714.3538,702.8206,690.8251,681.2324,677.8883,676.4676,678.7754,682.2605,688.3583,694.0469,698.6195,701.8790,709.2345,718.4574,724.5504,728.8952,727.3122,726.4956,720.2695,719.7895,713.2533,713.7618,712.5407,699.7068
60,2.0000,SpendAwareDPRebalance (re40),3.0000,33182.7132,995.4814,spend75p,867.3280,865.4287,867.2828,870.6071,876.6620,883.6065,886.8928,888.3386,886.7006,882.6187,878.9015,872.9663,867.5581,866.8645,872.4568,875.5247,885.9192,895.7423,913.8190,937.2296,949.6377,971.1682,993.9209,1016.7940,1032.5468,1045.7198,1061.5409,1077.5308,1084.2212,1097.1466,1102.6649,1103.9766,1106.5133,1106.3219,1110.5459,1099.3252
60,2.0000,No dynamic rebalance,4.0000,24887.0349,995.4814,survival,1.0000,1.0000,1.0000,1.0000,1.0000,1.0000,1.0000,1.0000,1.0000,1.0000,0.9995,0.9995,0.9970,0.9950,0.9945,0.9905,0.9870,0.9840,0.9765,0.9725,0.9645,0.9560,0.9465,0.9395,0.9275,0.9150,0.9055,0.8970,0.8885,0.8775,0.8720,0.8650,0.8555,0.8455,0.8370,0.8270
60,2.0000,No dynamic rebalance,4.0000,24887.0349,995.4814,spend25p,855.0270,829.7768,805.4183,783.6769,760.6618,737.3477,717.4506,692.8558,666.0468,639.0915,614.1620,590.5005,569.5758,550.6717,533.9886,517.7752,503.2143,494.3761,485.4295,479.1943,473.6491,463.6204,448.2558,440.5777,428.9100,414.4745,398.3295,390.2409,376.4039,353.7981,339.3358,321.9650,308.6117,287.1945,258.2450,237.4293
60,2.0000,No dynamic rebalance,4.0000,24887.0349,995.4814,spend50p,860.9882,847.1614,835.4662,825.3588,815.3334,803.5864,794.3446,785.7189,770.0654,755.8044,741.4498,726.8045,713.4154,700.2287,688.3957,676.2439,671.6723,665.0903,666.9869,669.4655,667.1436,663.6717,662.0634,664.6289,659.2553,652.5821,648.2393,639.1816,635.4949,621.8472,611.7661,601.4669,579.0714,564.7141,549.7833,530.8054
60,2.0000,No dynamic rebalance,4.0000,24887.0349,995.4814,spend75p,867.3280,865.4287,867.2828,870.6071,876.6620,883.6065,886.8928,888.3386,886.7006,882.6187,878.0798,872.8704,866.5020,865.9911,871.2138,869.6516,878.2618,888.9744,898.4500,911.0410,921.4880,932.7757,946.9137,956.8241,958.8127,963.8201,970.1504,969.0274,976.2509,961.2633,956.6022,956.5175,943.6720,939.3519,925.5402,913.5929
60,2.0000,固定最適比率,4.0000,24887.0349,995.4814,survival,1.0000,1.0000,1.0000,1.0000,1.0000,1.0000,1.0000,1.0000,1.0000,1.0000,1.0000,1.0000,1.0000,1.0000,1.0000,1.0000,0.9995,0.9990,0.9985,0.9965,0.9940,0.9910,0.9865,0.9860,0.9800,0.9720,0.9650,0.9575,0.9490,0.9420,0.9340,0.9245,0.9195,0.9145,0.9090,0.9035
60,2.0000,固定最適比率,4.0000,24887.0349,995.4814,spend25p,855.0270,829.7768,805.4183,783.6769,760.6618,737.3477,717.4506,692.8558,666.0468,639.0915,614.2920,590.5546,570.8908,551.9342,537.6488,524.0362,513.5719,506.2923,501.3991,499.5007,494.0307,490.7414,485.0596,485.2735,478.4641,468.0491,455.9199,441.8560,433.6889,418.4525,404.2004,386.8149,372.2566,361.9109,349.8786,329.9523
60,2.0000,固定最適比率,4.0000,24887.0349,995.4814,spend50p,860.9882,847.1614,835.4662,825.3588,815.3334,803.5864,794.3446,785.7189,770.0654,755.8044,741.5485,726.9818,714.3538,702.8206,690.8251,681.2324,677.4108,675.2291,676.8246,679.5393,684.4101,685.4845,688.7450,693.5178,694.2396,692.8448,693.7783,690.9122,683.2366,670.8711,658.2792,644.8988,640.1626,624.2550,614.2095,605.0771
60,2.0000,固定最適比率,4.0000,24887.0349,995.4814,spend75p,867.3280,865.4287,867.2828,870.6071,876.6620,883.6065,886.8928,888.3386,886.7006,882.6187,878.9015,872.9663,867.5581,866.8645,872.4568,875.5247,885.4177,893.9836,912.8501,932.3245,946.2662,959.9064,979.8611,995.9731,1002.6403,1003.2458,1017.2000,1015.3732,1018.1735,1007.7764,1005.3380,999.9302,1004.2193,1003.5332,1000.6531,992.1167
60,2.0000,DynamicV1Rebalance,4.0000,24887.0349,995.4814,survival,1.0000,1.0000,1.0000,1.0000,1.0000,1.0000,1.0000,1.0000,1.0000,1.0000,0.9995,0.9995,0.9985,0.9965,0.9965,0.9955,0.9935,0.9925,0.9905,0.9890,0.9875,0.9845,0.9810,0.9800,0.9745,0.9710,0.9660,0.9645,0.9615,0.9560,0.9530,0.9510,0.9460,0.9440,0.9385,0.9340
60,2.0000,DynamicV1Rebalance,4.0000,24887.0349,995.4814,spend25p,855.0270,829.7768,805.4183,783.6769,760.6618,737.3477,717.4506,692.8558,666.0468,639.0915,614.1620,590.5005,570.2137,551.0238,535.5519,520.9703,509.8179,500.4129,495.6824,493.0978,489.1664,486.2272,482.2046,479.2121,471.1426,467.4522,458.1693,448.4704,441.5685,433.4879,422.4509,415.9554,402.3786,394.2468,378.8355,368.9536
60,2.0000,DynamicV1Rebalance,4.0000,24887.0349,995.4814,spend50p,860.9882,847.1614,835.4662,825.3588,815.3334,803.5864,794.3446,785.7189,770.0654,755.8044,741.4498,726.8045,714.0322,702.2279,688.9801,677.6501,675.0743,670.5449,672.1314,676.2987,681.2216,681.2599,683.5343,686.7787,690.9252,692.6131,694.8153,697.3324,691.2228,685.8642,682.4142,676.7204,670.5702,665.1313,655.5633,649.2033
60,2.0000,DynamicV1Rebalance,4.0000,24887.0349,995.4814,spend75p,867.3280,865.4287,867.2828,870.6071,876.6620,883.6065,886.8928,888.3386,886.7006,882.6187,878.0798,872.8704,866.8924,866.2736,871.3154,873.8555,881.7513,890.8675,909.1275,926.9645,939.2944,954.6301,976.7831,987.7188,998.6650,1005.0061,1020.1979,1025.6133,1038.1547,1034.3408,1038.9178,1050.7779,1052.1988,1054.9855,1039.9867,1031.4971
60,2.0000,SpendAwareDPRebalance (re60),4.0000,24887.0349,995.4814,survival,1.0000,1.0000,1.0000,1.0000,1.0000,1.0000,1.0000,1.0000,1.0000,1.0000,1.0000,1.0000,1.0000,0.9995,0.9995,0.9990,0.9990,0.9985,0.9980,0.9970,0.9955,0.9915,0.9890,0.9850,0.9815,0.9795,0.9740,0.9685,0.9595,0.9535,0.9485,0.9420,0.9375,0.9310,0.9265,0.9180
60,2.0000,SpendAwareDPRebalance (re60),4.0000,24887.0349,995.4814,spend25p,855.0270,829.7768,805.4183,783.6769,760.6618,737.3477,717.4506,692.8558,666.0468,639.0915,614.2920,590.5546,570.8908,551.8226,537.3840,523.0349,513.1526,505.9002,499.5474,499.6637,495.4263,490.9420,489.1594,484.8222,479.6711,476.3927,464.4152,452.5418,438.6340,428.1463,416.6343,403.6297,393.0932,376.4147,368.0422,350.8711
60,2.0000,SpendAwareDPRebalance (re60),4.0000,24887.0349,995.4814,spend50p,860.9882,847.1614,835.4662,825.3588,815.3334,803.5864,794.3446,785.7189,770.0654,755.8044,741.5485,726.9818,714.3538,702.7292,690.5609,680.7192,676.8952,675.0191,676.5615,679.9335,685.4436,685.6127,690.5084,691.1137,694.2396,696.6099,699.0286,700.7101,687.5504,680.1940,671.1124,661.1705,654.6778,637.7238,630.1559,614.8215
60,2.0000,SpendAwareDPRebalance (re60),4.0000,24887.0349,995.4814,spend75p,867.3280,865.4287,867.2828,870.6071,876.6620,883.6065,886.8928,888.3386,886.7006,882.6187,878.9015,872.9663,867.5581,866.7186,872.2028,874.5288,885.1152,893.4064,912.8501,932.3245,946.6307,958.4353,980.7834,989.9642,1002.3796,1009.5539,1024.2346,1022.8846,1022.0549,1015.9943,1013.3076,1015.6694,1020.2820,1007.1998,1004.1813,991.4412
60,2.0000,SpendAwareDPRebalance (re40),4.0000,24887.0349,995.4814,survival,1.0000,1.0000,1.0000,1.0000,1.0000,1.0000,1.0000,1.0000,1.0000,1.0000,1.0000,1.0000,1.0000,0.9995,0.9995,0.9995,0.9990,0.9990,0.9985,0.9970,0.9955,0.9930,0.9880,0.9845,0.9820,0.9785,0.9750,0.9715,0.9640,0.9555,0.9475,0.9430,0.9400,0.9325,0.9265,0.9185
60,2.0000,SpendAwareDPRebalance (re40),4.0000,24887.0349,995.4814,spend25p,855.0270,829.7768,805.4183,783.6769,760.6618,737.3477,717.4506,692.8558,666.0468,639.0915,614.2920,590.5546,570.8908,551.8226,537.3840,523.8149,513.1526,506.2923,501.3991,499.6637,495.4263,491.4206,488.3040,483.7941,480.4606,475.4612,466.2890,455.6181,442.9616,431.7765,416.1751,404.4573,396.5777,378.2230,368.0422,351.2873
60,2.0000,SpendAwareDPRebalance (re40),4.0000,24887.0349,995.4814,spend50p,860.9882,847.1614,835.4662,825.3588,815.3334,803.5864,794.3446,785.7189,770.0654,755.8044,741.5485,726.9818,714.3538,702.7292,690.5609,680.8622,676.8952,675.2291,676.8246,679.9335,685.4436,687.7179,690.2490,690.3987,694.2947,695.8426,700.0343,703.1151,691.2228,681.4805,669.3615,662.5352,656.1125,637.9096,629.4668,614.8215
60,2.0000,SpendAwareDPRebalance (re40),4.0000,24887.0349,995.4814,spend75p,867.3280,865.4287,867.2828,870.6071,876.6620,883.6065,886.8928,888.3386,886.7006,882.6187,878.9015,872.9663,867.5581,866.7186,872.2028,874.8362,885.1152,893.9836,913.0811,932.3245,946.6307,961.4001,979.3592,987.1176,1002.3796,1007.1937,1024.3433,1026.3625,1030.7752,1017.2821,1010.6212,1015.6694,1023.3493,1007.8668,1001.4105,991.2925
60,2.0000,No dynamic rebalance,5.0000,19909.6279,995.4814,survival,1.0000,1.0000,1.0000,1.0000,1.0000,1.0000,1.0000,1.0000,0.9995,0.9990,0.9970,0.9960,0.9920,0.9885,0.9830,0.9730,0.9620,0.9505,0.9380,0.9215,0.9100,0.8925,0.8760,0.8645,0.8525,0.8385,0.8230,0.8080,0.7935,0.7805,0.7675,0.7530,0.7435,0.7325,0.7235,0.7130
60,2.0000,No dynamic rebalance,5.0000,19909.6279,995.4814,spend25p,855.0270,829.7768,805.4183,783.6769,760.6618,737.3477,717.4506,692.8558,665.9085,639.0113,613.6133,588.7234,567.3454,548.1725,528.7653,506.2828,488.6418,472.1180,461.1272,447.1836,434.2413,414.3385,394.8404,375.2242,359.2893,341.0170,308.3058,278.6556,251.4689,221.9649,177.7971,95.5658,0.0000,0.0000,0.0000,0.0000
60,2.0000,No dynamic rebalance,5.0000,19909.6279,995.4814,spend50p,860.9882,847.1614,835.4662,825.3588,815.3334,803.5864,794.3446,785.7189,769.7929,755.3525,740.3685,725.8392,710.5896,694.9970,681.3874,665.7509,657.2237,648.0847,643.1401,634.5906,627.4319,624.6324,618.7034,612.3492,607.0738,596.5161,581.3956,567.6211,551.2162,532.2165,514.0163,489.4394,474.9991,457.5409,441.7227,424.7339
60,2.0000,No dynamic rebalance,5.0000,19909.6279,995.4814,spend75p,867.3280,865.4287,867.2828,870.6071,876.6620,883.6065,886.8928,888.3386,886.6850,882.3205,877.4854,871.9579,864.7799,860.5205,862.4975,861.2802,863.9947,869.5272,872.0666,871.1431,874.1153,874.5871,880.1532,891.4154,894.9525,900.3866,891.4462,887.9253,873.5956,865.2482,849.7931,842.1295,830.3862,814.5291,802.4477,799.2788
60,2.0000,固定最適比率,5.0000,19909.6279,995.4814,survival,1.0000,1.0000,1.0000,1.0000,1.0000,1.0000,1.0000,1.0000,0.9995,0.9990,0.9970,0.9960,0.9920,0.9885,0.9830,0.9730,0.9620,0.9505,0.9380,0.9215,0.9100,0.8925,0.8760,0.8645,0.8525,0.8385,0.8230,0.8080,0.7935,0.7805,0.7675,0.7530,0.7435,0.7325,0.7235,0.7130
60,2.0000,固定最適比率,5.0000,19909.6279,995.4814,spend25p,855.0270,829.7768,805.4183,783.6769,760.6618,737.3477,717.4506,692.8558,665.9085,639.0113,613.6133,588.7234,567.3454,548.1725,528.7653,506.2828,488.6418,472.1180,461.1272,447.1836,434.2413,414.3385,394.8404,375.2242,359.2893,341.0170,308.3058,278.6556,251.4689,221.9649,177.7971,95.5658,0.0000,0.0000,0.0000,0.0000
60,2.0000,固定最適比率,5.0000,19909.6279,995.4814,spend50p,860.9882,847.1614,835.4662,825.3588,815.3334,803.5864,794.3446,785.7189,769.7929,755.3525,740.3685,725.8392,710.5896,694.9970,681.3874,665.7509,657.2237,648.0847,643.1401,634.5906,627.4319,624.6324,618.7034,612.3492,607.0738,596.5161,581.3956,567.6211,551.2162,532.2165,514.0163,489.4394,474.9991,457.5409,441.7227,424.7339
60,2.0000,固定最適比率,5.0000,19909.6279,995.4814,spend75p,867.3280,865.4287,867.2828,870.6071,876.6620,883.6065,886.8928,888.3386,886.6850,882.3205,877.4854,871.9579,864.7799,860.5205,862.4975,861.2802,863.9947,869.5272,872.0666,871.1431,874.1153,874.5871,880.1532,891.4154,894.9525,900.3866,891.4462,887.9253,873.5956,865.2482,849.7931,842.1295,830.3862,814.5291,802.4477,799.2788
60,2.0000,DynamicV1Rebalance,5.0000,19909.6279,995.4814,survival,1.0000,1.0000,1.0000,1.0000,1.0000,1.0000,1.0000,1.0000,0.9995,0.9990,0.9975,0.9960,0.9930,0.9900,0.9845,0.9780,0.9670,0.9605,0.9530,0.9455,0.9365,0.9255,0.9130,0.9045,0.8980,0.8875,0.8815,0.8750,0.8620,0.8540,0.8505,0.8415,0.8350,0.8310,0.8255,0.8185
60,2.0000,DynamicV1Rebalance,5.0000,19909.6279,995.4814,spend25p,855.0270,829.7768,805.4183,783.6769,760.6618,737.3477,717.4506,692.8558,665.9085,639.0113,613.6275,588.7234,567.9696,548.9589,529.3028,508.4676,491.1315,479.1117,468.9515,462.4750,451.8073,438.7816,425.3137,414.4031,403.0869,391.2708,381.5665,369.3539,343.1926,326.8564,316.2279,297.7740,282.5377,265.6824,246.5023,229.8820
60,2.0000,DynamicV1Rebalance,5.0000,19909.6279,995.4814,spend50p,860.9882,847.1614,835.4662,825.3588,815.3334,803.5864,794.3446,785.7189,769.7929,755.3525,740.5544,725.8392,711.1493,697.0971,683.0653,670.6062,658.7569,654.9753,652.1386,652.6488,647.5682,647.4202,647.3599,645.3608,643.8345,636.9367,632.5371,627.8346,612.2776,603.2407,593.3651,575.2835,567.7979,558.1070,543.9289,527.2428
60,2.0000,DynamicV1Rebalance,5.0000,19909.6279,995.4814,spend75p,867.3280,865.4287,867.2828,870.6071,876.6620,883.6065,886.8928,888.3386,886.6850,882.3205,877.4854,871.9579,864.9805,863.7107,864.0716,862.4896,868.9271,873.4005,879.9328,886.3009,896.0189,912.9888,914.6791,926.9575,939.7273,943.9702,951.1233,953.0469,944.1875,935.2254,941.1319,931.2172,920.5681,929.1763,915.8870,897.4690
60,2.0000,SpendAwareDPRebalance (re60),5.0000,19909.6279,995.4814,survival,1.0000,1.0000,1.0000,1.0000,1.0000,1.0000,1.0000,1.0000,1.0000,0.9995,0.9990,0.9985,0.9970,0.9955,0.9950,0.9925,0.9910,0.9865,0.9830,0.9765,0.9710,0.9665,0.9600,0.9480,0.9360,0.9265,0.9150,0.9025,0.8915,0.8810,0.8650,0.8540,0.8445,0.8320,0.8230,0.8065
60,2.0000,SpendAwareDPRebalance (re60),5.0000,19909.6279,995.4814,spend25p,855.0270,829.7768,805.4183,783.6769,760.6618,737.3477,717.4506,692.8558,666.0468,639.0562,613.9862,590.0547,569.5758,550.7074,534.1030,519.1416,508.1177,495.0295,490.1425,482.6021,478.5604,471.8632,458.7552,445.8977,432.8318,420.4570,408.0864,393.8946,377.7939,358.7409,331.3310,312.0015,293.6409,260.7407,237.3448,205.5429
60,2.0000,SpendAwareDPRebalance (re60),5.0000,19909.6279,995.4814,spend50p,860.9882,847.1614,835.4662,825.3588,815.3334,803.5864,794.3446,785.7189,770.0654,755.4684,741.0553,726.3553,713.4154,701.0825,688.3957,677.0281,673.1501,667.4121,667.4037,668.7913,668.2876,668.2003,670.2508,666.3276,660.0398,654.2671,646.9687,636.0504,624.1078,610.6635,589.2079,572.4503,558.5272,536.2540,519.0197,486.8015
60,2.0000,SpendAwareDPRebalance (re60),5.0000,19909.6279,995.4814,spend75p,867.3280,865.4287,867.2828,870.6071,876.6620,883.6065,886.8928,888.3386,886.7006,882.3961,878.0798,872.8704,866.7670,864.8450,868.5271,869.1745,880.6032,886.9302,896.6170,904.3450,913.6958,930.7459,948.2281,947.4167,948.4860,951.1313,950.7277,943.8459,935.2989,921.1745,911.3493,898.2252,885.6068,863.2007,849.4173,825.6998
60,2.0000,SpendAwareDPRebalance (re40),5.0000,19909.6279,995.4814,survival,1.0000,1.0000,1.0000,1.0000,1.0000,1.0000,1.0000,1.0000,1.0000,0.9995,0.9995,0.9980,0.9965,0.9955,0.9950,0.9925,0.9895,0.9875,0.9840,0.9775,0.9715,0.9675,0.9580,0.9485,0.9390,0.9275,0.9190,0.9055,0.8955,0.8830,0.8700,0.8620,0.8515,0.8380,0.8265,0.8065
60,2.0000,SpendAwareDPRebalance (re40),5.0000,19909.6279,995.4814,spend25p,855.0270,829.7768,805.4183,783.6769,760.6618,737.3477,717.4506,692.8558,666.0468,639.0562,614.1620,589.2916,569.4309,550.7074,534.1030,519.1416,505.3069,495.5041,490.9067,484.0262,478.7275,472.7670,457.2344,446.3833,438.3025,420.8301,411.5462,397.7579,382.1686,360.2910,335.7332,319.7404,300.4559,269.3703,243.5486,205.5429
60,2.0000,SpendAwareDPRebalance (re40),5.0000,19909.6279,995.4814,spend50p,860.9882,847.1614,835.4662,825.3588,815.3334,803.5864,794.3446,785.7189,770.0654,755.4684,741.4498,726.2630,713.3215,701.0825,688.3957,677.0281,672.2618,667.9615,667.9944,670.2326,668.7865,670.2260,669.3791,666.8100,661.3406,654.7768,650.0123,636.6781,627.3678,611.5338,593.9621,577.8418,564.0176,541.4358,522.0918,485.8123
60,2.0000,SpendAwareDPRebalance (re40),5.0000,19909.6279,995.4814,spend75p,867.3280,865.4287,867.2828,870.6071,876.6620,883.6065,886.8928,888.3386,886.7006,882.3961,878.0798,872.8380,866.5020,864.8450,868.5271,869.1745,877.6149,887.3842,898.4500,906.2371,914.2710,931.3340,946.0904,946.3662,949.4204,952.4743,955.4353,946.0182,935.7072,920.5082,913.8264,905.9148,889.3336,867.6451,849.8863,822.0452
60,2.0000,No dynamic rebalance,6.0000,16591.3566,995.4814,survival,1.0000,1.0000,1.0000,1.0000,1.0000,1.0000,1.0000,0.9995,0.9990,0.9960,0.9925,0.9865,0.9790,0.9640,0.9500,0.9270,0.9100,0.8895,0.8690,0.8420,0.8305,0.8075,0.7880,0.7685,0.7480,0.7325,0.7105,0.6925,0.6795,0.6640,0.6500,0.6380,0.6285,0.6140,0.6055,0.5960
60,2.0000,No dynamic rebalance,6.0000,16591.3566,995.4814,spend25p,855.0270,829.7768,805.4183,783.6769,760.6618,737.3477,717.4506,692.6283,665.8082,637.6254,609.3791,584.2805,561.0777,533.9562,507.7750,476.9006,458.7993,435.3178,404.3318,368.1789,351.5886,317.7602,276.5509,231.5959,0.0000,0.0000,0.0000,0.0000,0.0000,0.0000,0.0000,0.0000,0.0000,0.0000,0.0000,0.0000
60,2.0000,No dynamic rebalance,6.0000,16591.3566,995.4814,spend50p,860.9882,847.1614,835.4662,825.3588,815.3334,803.5864,794.3446,785.5761,769.5408,754.1726,738.3701,721.6168,702.8133,682.0554,663.7890,642.7962,628.7195,618.4804,603.0466,583.9829,579.1594,560.7601,553.2162,542.3831,524.8373,506.9879,485.7511,456.4257,440.8979,419.2937,398.7092,373.9827,354.5325,330.5923,309.0770,284.7232
60,2.0000,No dynamic rebalance,6.0000,16591.3566,995.4814,spend75p,867.3280,865.4287,867.2828,870.6071,876.6620,883.6065,886.8928,887.7692,886.6731,882.2248,875.9632,868.0092,858.2947,848.3235,846.6805,837.6029,834.9295,833.6309,826.0103,812.8817,815.0341,811.1165,809.3458,813.1830,809.7531,810.5276,795.2377,786.2642,780.4407,770.0863,755.0179,735.2674,724.1175,709.0405,690.7091,670.0285
60,2.0000,固定最適比率,6.0000,16591.3566,995.4814,survival,1.0000,1.0000,1.0000,1.0000,1.0000,1.0000,1.0000,0.9995,0.9990,0.9960,0.9925,0.9865,0.9790,0.9640,0.9500,0.9270,0.9100,0.8895,0.8690,0.8420,0.8305,0.8075,0.7880,0.7685,0.7480,0.7325,0.7105,0.6925,0.6795,0.6640,0.6500,0.6380,0.6285,0.6140,0.6055,0.5960
60,2.0000,固定最適比率,6.0000,16591.3566,995.4814,spend25p,855.0270,829.7768,805.4183,783.6769,760.6618,737.3477,717.4506,692.6283,665.8082,637.6254,609.3791,584.2805,561.0777,533.9562,507.7750,476.9006,458.7993,435.3178,404.3318,368.1789,351.5886,317.7602,276.5509,231.5959,0.0000,0.0000,0.0000,0.0000,0.0000,0.0000,0.0000,0.0000,0.0000,0.0000,0.0000,0.0000
60,2.0000,固定最適比率,6.0000,16591.3566,995.4814,spend50p,860.9882,847.1614,835.4662,825.3588,815.3334,803.5864,794.3446,785.5761,769.5408,754.1726,738.3701,721.6168,702.8133,682.0554,663.7890,642.7962,628.7195,618.4804,603.0466,583.9829,579.1594,560.7601,553.2162,542.3831,524.8373,506.9879,485.7511,456.4257,440.8979,419.2937,398.7092,373.9827,354.5325,330.5923,309.0770,284.7232
60,2.0000,固定最適比率,6.0000,16591.3566,995.4814,spend75p,867.3280,865.4287,867.2828,870.6071,876.6620,883.6065,886.8928,887.7692,886.6731,882.2248,875.9632,868.0092,858.2947,848.3235,846.6805,837.6029,834.9295,833.6309,826.0103,812.8817,815.0341,811.1165,809.3458,813.1830,809.7531,810.5276,795.2377,786.2642,780.4407,770.0863,755.0179,735.2674,724.1175,709.0405,690.7091,670.0285
60,2.0000,DynamicV1Rebalance,6.0000,16591.3566,995.4814,survival,1.0000,1.0000,1.0000,1.0000,1.0000,1.0000,1.0000,0.9995,0.9990,0.9960,0.9925,0.9865,0.9795,0.9655,0.9520,0.9315,0.9135,0.8930,0.8735,0.8485,0.8375,0.8185,0.8030,0.7910,0.7785,0.7660,0.7510,0.7410,0.7315,0.7185,0.7145,0.7070,0.6995,0.6935,0.6870,0.6790
60,2.0000,DynamicV1Rebalance,6.0000,16591.3566,995.4814,spend25p,855.0270,829.7768,805.4183,783.6769,760.6618,737.3477,717.4506,692.6283,665.8082,637.6254,609.3791,584.2805,561.2530,535.1328,509.4624,482.4665,461.4233,437.8416,410.4904,376.4114,356.6831,331.4246,303.5440,276.0086,251.0314,213.2240,98.2654,0.0000,0.0000,0.0000,0.0000,0.0000,0.0000,0.0000,0.0000,0.0000
60,2.0000,DynamicV1Rebalance,6.0000,16591.3566,995.4814,spend50p,860.9882,847.1614,835.4662,825.3588,815.3334,803.5864,794.3446,785.5761,769.5408,754.1726,738.3701,721.6168,703.9452,684.1119,665.3336,644.9176,630.1984,620.9249,606.0758,589.5576,583.7695,572.9160,564.6969,558.2297,552.6932,543.9230,529.1494,513.1290,497.1848,476.5613,467.0981,457.6899,444.8257,427.6374,416.2604,396.4262
60,2.0000,DynamicV1Rebalance,6.0000,16591.3566,995.4814,spend75p,867.3280,865.4287,867.2828,870.6071,876.6620,883.6065,886.8928,887.7692,886.6731,882.2248,875.9632,868.0092,858.4313,849.1361,847.5769,839.8570,835.8756,834.2860,830.5965,815.3274,819.0873,818.3174,824.8854,827.9035,834.1592,839.3986,831.5870,829.2921,827.7078,821.2945,812.1348,806.1440,800.6921,790.6367,782.1478,766.7560
60,2.0000,SpendAwareDPRebalance (re60),6.0000,16591.3566,995.4814,survival,1.0000,1.0000,1.0000,1.0000,1.0000,1.0000,1.0000,0.9995,0.9990,0.9965,0.9945,0.9920,0.9895,0.9815,0.9715,0.9615,0.9535,0.9445,0.9320,0.9170,0.9045,0.8895,0.8790,0.8610,0.8460,0.8290,0.8160,0.8020,0.7850,0.7665,0.7520,0.7385,0.7245,0.7120,0.7000,0.6770
60,2.0000,SpendAwareDPRebalance (re60),6.0000,16591.3566,995.4814,spend25p,855.0270,829.7768,805.4183,783.6769,760.6618,737.3477,717.4506,692.6283,665.8082,637.8130,611.1687,586.6150,566.9650,543.6102,520.8315,501.4070,484.0605,470.4348,457.2329,444.1447,427.7884,410.8200,397.5327,371.5485,352.1918,323.1285,301.7870,268.2767,234.4849,184.7197,94.3978,0.0000,0.0000,0.0000,0.0000,0.0000
60,2.0000,SpendAwareDPRebalance (re60),6.0000,16591.3566,995.4814,spend50p,860.9882,847.1614,835.4662,825.3588,815.3334,803.5864,794.3446,785.5761,769.5408,754.2886,739.4279,724.4718,708.2844,690.6416,672.2782,660.3727,651.9576,644.4948,640.6618,631.9680,622.9801,623.1916,618.5576,604.7311,598.6996,584.2624,569.8440,552.8948,527.6307,501.6393,485.0203,467.8942,449.0121,429.1207,410.2708,375.1720
60,2.0000,SpendAwareDPRebalance (re60),6.0000,16591.3566,995.4814,spend75p,867.3280,865.4287,867.2828,870.6071,876.6620,883.6065,886.8928,887.7692,886.6731,882.2655,876.1578,870.0808,863.4840,857.0788,853.8563,853.7494,855.9020,862.3303,866.5653,859.6230,860.0898,859.0326,873.0747,866.6026,863.2225,856.8323,853.1207,837.0113,828.2619,812.1467,795.0801,779.7723,763.2174,744.7047,731.6567,686.2667
60,2.0000,SpendAwareDPRebalance (re40),6.0000,16591.3566,995.4814,survival,1.0000,1.0000,1.0000,1.0000,1.0000,1.0000,1.0000,0.9995,0.9990,0.9965,0.9945,0.9920,0.9890,0.9820,0.9705,0.9620,0.9545,0.9445,0.9320,0.9165,0.9025,0.8925,0.8775,0.8625,0.8450,0.8335,0.8215,0.8055,0.7925,0.7755,0.7610,0.7480,0.7320,0.7165,0.7005,0.6760
60,2.0000,SpendAwareDPRebalance (re40),6.0000,16591.3566,995.4814,spend25p,855.0270,829.7768,805.4183,783.6769,760.6618,737.3477,717.4506,692.6283,665.8082,637.8130,611.1687,586.6150,566.8915,543.7280,520.0181,501.7421,485.0090,470.4348,457.4096,442.9979,426.5574,415.2200,396.4386,373.7746,351.8137,332.9382,307.9032,273.8568,249.8995,215.0235,158.8222,0.0000,0.0000,0.0000,0.0000,0.0000
60,2.0000,SpendAwareDPRebalance (re40),6.0000,16591.3566,995.4814,spend50p,860.9882,847.1614,835.4662,825.3588,815.3334,803.5864,794.3446,785.5761,769.5408,754.2886,739.4279,724.4718,707.6794,690.8336,671.6273,660.9818,652.7568,644.6913,640.5908,631.5938,622.7234,624.5686,618.4160,606.6475,597.2298,587.9345,575.3321,556.8110,539.4411,510.0966,492.5621,475.2843,455.6526,435.2823,409.9733,374.1674
60,2.0000,SpendAwareDPRebalance (re40),6.0000,16591.3566,995.4814,spend75p,867.3280,865.4287,867.2828,870.6071,876.6620,883.6065,886.8928,887.7692,886.6731,882.2655,876.1578,870.5476,862.4394,857.8530,852.7541,854.6428,856.6173,862.6587,865.0754,858.0848,860.0898,866.2839,870.0462,866.6026,857.6434,859.1382,858.7642,839.4461,835.2131,823.1007,805.3850,788.1369,769.5878,749.1778,730.3581,681.3282
60,2.0000,No dynamic rebalance,7.0000,14221.1628,995.4814,survival,1.0000,1.0000,1.0000,1.0000,1.0000,1.0000,1.0000,0.9990,0.9955,0.9900,0.9825,0.9625,0.9415,0.9185,0.8900,0.8620,0.8350,0.8055,0.7785,0.7545,0.7280,0.7010,0.6725,0.6520,0.6340,0.6135,0.5960,0.5820,0.5615,0.5510,0.5395,0.5265,0.5120,0.5025,0.4960,0.4890
60,2.0000,No dynamic rebalance,7.0000,14221.1628,995.4814,spend25p,855.0270,829.7768,805.4183,783.6769,760.6618,737.3477,717.4506,692.4573,663.1181,634.3823,606.2643,576.4607,542.3828,502.4671,467.0554,433.0386,388.2486,343.6380,292.4383,197.3646,0.0000,0.0000,0.0000,0.0000,0.0000,0.0000,0.0000,0.0000,0.0000,0.0000,0.0000,0.0000,0.0000,0.0000,0.0000,0.0000
60,2.0000,No dynamic rebalance,7.0000,14221.1628,995.4814,spend50p,860.9882,847.1614,835.4662,825.3588,815.3334,803.5864,794.3446,785.4443,768.3086,751.2664,735.7062,713.5794,682.9893,658.5174,631.5523,608.3143,590.0965,565.1006,548.9579,533.3486,512.3375,487.9085,454.9167,434.9802,413.7084,389.0497,363.8478,334.4492,293.1739,262.8937,235.4384,205.8793,150.9605,78.2788,0.0000,0.0000
60,2.0000,No dynamic rebalance,7.0000,14221.1628,995.4814,spend75p,867.3280,865.4287,867.2828,870.6071,876.6620,883.6065,886.8928,887.5640,884.9330,880.3123,873.3002,857.9106,844.6007,827.7271,816.4250,803.8668,798.8476,780.7829,768.6209,763.2410,755.1373,748.7815,743.4549,739.1830,724.3418,711.7793,697.4210,691.6531,671.1219,655.8270,645.3735,626.9247,596.6940,581.6934,565.4261,551.8323
60,2.0000,固定最適比率,7.0000,14221.1628,995.4814,survival,1.0000,1.0000,1.0000,1.0000,1.0000,1.0000,1.0000,0.9990,0.9955,0.9900,0.9825,0.9625,0.9415,0.9185,0.8900,0.8620,0.8350,0.8055,0.7785,0.7545,0.7280,0.7010,0.6725,0.6520,0.6340,0.6135,0.5960,0.5820,0.5615,0.5510,0.5395,0.5265,0.5120,0.5025,0.4960,0.4890
60,2.0000,固定最適比率,7.0000,14221.1628,995.4814,spend25p,855.0270,829.7768,805.4183,783.6769,760.6618,737.3477,717.4506,692.4573,663.1181,634.3823,606.2643,576.4607,542.3828,502.4671,467.0554,433.0386,388.2486,343.6380,292.4383,197.3646,0.0000,0.0000,0.0000,0.0000,0.0000,0.0000,0.0000,0.0000,0.0000,0.0000,0.0000,0.0000,0.0000,0.0000,0.0000,0.0000
60,2.0000,固定最適比率,7.0000,14221.1628,995.4814,spend50p,860.9882,847.1614,835.4662,825.3588,815.3334,803.5864,794.3446,785.4443,768.3086,751.2664,735.7062,713.5794,682.9893,658.5174,631.5523,608.3143,590.0965,565.1006,548.9579,533.3486,512.3375,487.9085,454.9167,434.9802,413.7084,389.0497,363.8478,334.4492,293.1739,262.8937,235.4384,205.8793,150.9605,78.2788,0.0000,0.0000
60,2.0000,固定最適比率,7.0000,14221.1628,995.4814,spend75p,867.3280,865.4287,867.2828,870.6071,876.6620,883.6065,886.8928,887.5640,884.9330,880.3123,873.3002,857.9106,844.6007,827.7271,816.4250,803.8668,798.8476,780.7829,768.6209,763.2410,755.1373,748.7815,743.4549,739.1830,724.3418,711.7793,697.4210,691.6531,671.1219,655.8270,645.3735,626.9247,596.6940,581.6934,565.4261,551.8323
60,2.0000,DynamicV1Rebalance,7.0000,14221.1628,995.4814,survival,1.0000,1.0000,1.0000,1.0000,1.0000,1.0000,1.0000,0.9990,0.9955,0.9900,0.9825,0.9625,0.9420,0.9185,0.8900,0.8620,0.8365,0.8070,0.7815,0.7590,0.7345,0.7085,0.6830,0.6650,0.6495,0.6325,0.6220,0.6120,0.5985,0.5885,0.5810,0.5730,0.5655,0.5585,0.5540,0.5440
60,2.0000,DynamicV1Rebalance,7.0000,14221.1628,995.4814,spend25p,855.0270,829.7768,805.4183,783.6769,760.6618,737.3477,717.4506,692.4573,663.1181,634.3823,606.2643,576.4607,542.4278,502.4671,467.0554,433.0386,388.7485,346.0075,296.2141,223.2785,0.0000,0.0000,0.0000,0.0000,0.0000,0.0000,0.0000,0.0000,0.0000,0.0000,0.0000,0.0000,0.0000,0.0000,0.0000,0.0000
60,2.0000,DynamicV1Rebalance,7.0000,14221.1628,995.4814,spend50p,860.9882,847.1614,835.4662,825.3588,815.3334,803.5864,794.3446,785.4443,768.3086,751.2664,735.7062,713.5794,683.3103,658.5174,631.5523,608.3143,592.7259,566.5910,550.2572,536.1524,516.3671,493.9182,471.5375,445.4397,429.1682,407.1871,392.2147,376.7405,346.9427,327.1751,312.3418,293.7829,267.1523,246.3056,232.1699,204.7862
60,2.0000,DynamicV1Rebalance,7.0000,14221.1628,995.4814,spend75p,867.3280,865.4287,867.2828,870.6071,876.6620,883.6065,886.8928,887.5640,884.9330,880.3123,873.3002,857.9106,844.9887,827.7271,816.4250,803.8668,799.4205,783.7559,769.4391,766.7256,757.1421,752.0299,748.3164,749.5090,741.9172,733.8557,731.1255,726.5916,702.6012,696.7353,694.0243,686.5288,670.8619,651.0384,645.9547,621.7359
60,2.0000,SpendAwareDPRebalance (re60),7.0000,14221.1628,995.4814,survival,1.0000,1.0000,1.0000,1.0000,1.0000,1.0000,1.0000,0.9990,0.9960,0.9910,0.9845,0.9675,0.9565,0.9370,0.9180,0.8985,0.8775,0.8575,0.8325,0.8120,0.7920,0.7740,0.7515,0.7305,0.7080,0.6850,0.6685,0.6555,0.6400,0.6255,0.6105,0.6025,0.5880,0.5740,0.5555,0.5265
60,2.0000,SpendAwareDPRebalance (re60),7.0000,14221.1628,995.4814,spend25p,855.0270,829.7768,805.4183,783.6769,760.6618,737.3477,717.4506,692.4573,663.6037,634.9330,606.7744,578.2805,551.7897,517.6940,486.1429,461.4156,434.3372,401.8254,366.1597,338.7727,299.5030,263.8397,136.1833,0.0000,0.0000,0.0000,0.0000,0.0000,0.0000,0.0000,0.0000,0.0000,0.0000,0.0000,0.0000,0.0000
60,2.0000,SpendAwareDPRebalance (re60),7.0000,14221.1628,995.4814,spend50p,860.9882,847.1614,835.4662,825.3588,815.3334,803.5864,794.3446,785.4443,768.4830,751.9188,736.9098,716.2546,694.0705,667.4595,648.8421,630.2344,613.0603,601.4986,578.6728,565.9302,555.5261,546.1097,529.6207,510.9126,488.1079,461.1165,436.6250,415.9019,395.4619,373.9775,341.1378,321.7505,300.2049,266.1780,224.1421,166.3517
60,2.0000,SpendAwareDPRebalance (re60),7.0000,14221.1628,995.4814,spend75p,867.3280,865.4287,867.2828,870.6071,876.6620,883.6065,886.8928,887.5640,884.9985,880.3690,873.8277,861.7563,849.6228,833.9385,828.2467,823.2255,814.8037,810.7937,795.7446,795.6639,793.3201,791.0313,783.3159,774.2986,771.7523,758.2008,745.8049,730.4655,713.4194,691.4518,677.3078,663.0778,642.3521,606.5963,577.9074,527.9849
60,2.0000,SpendAwareDPRebalance (re40),7.0000,14221.1628,995.4814,survival,1.0000,1.0000,1.0000,1.0000,1.0000,1.0000,1.0000,0.9990,0.9960,0.9910,0.9850,0.9670,0.9555,0.9365,0.9165,0.8925,0.8745,0.8505,0.8320,0.8090,0.7890,0.7715,0.7515,0.7290,0.7090,0.6940,0.6745,0.6595,0.6460,0.6290,0.6150,0.6020,0.5825,0.5650,0.5485,0.5180
60,2.0000,SpendAwareDPRebalance (re40),7.0000,14221.1628,995.4814,spend25p,855.0270,829.7768,805.4183,783.6769,760.6618,737.3477,717.4506,692.4573,663.6037,634.9330,606.9863,578.0924,550.8744,517.2756,485.2928,458.1351,432.4635,395.8802,365.9058,335.9279,295.8698,257.9443,136.1833,0.0000,0.0000,0.0000,0.0000,0.0000,0.0000,0.0000,0.0000,0.0000,0.0000,0.0000,0.0000,0.0000
60,2.0000,SpendAwareDPRebalance (re40),7.0000,14221.1628,995.4814,spend50p,860.9882,847.1614,835.4662,825.3588,815.3334,803.5864,794.3446,785.4443,768.4830,751.9188,736.9098,716.0827,693.3786,667.0487,648.3264,625.5435,612.5094,598.2834,578.8811,565.6228,554.6734,545.0907,529.9635,510.9126,490.2587,472.8691,445.1890,421.8002,399.8095,377.0283,345.9743,321.2729,293.0152,249.4934,213.5994,141.9673
60,2.0000,SpendAwareDPRebalance (re40),7.0000,14221.1628,995.4814,spend75p,867.3280,865.4287,867.2828,870.6071,876.6620,883.6065,886.8928,887.5640,884.9985,880.3690,873.8277,860.8614,849.5346,833.5333,828.3458,821.3601,814.8037,807.9548,796.3157,793.3230,791.4256,790.4902,783.0026,773.8097,777.2315,764.9725,750.3987,737.4801,720.5520,698.2397,684.6810,663.0778,636.1638,595.7110,570.3881,513.2878
60,2.0000,No dynamic rebalance,8.0000,12443.5174,995.4814,survival,1.0000,1.0000,1.0000,1.0000,1.0000,1.0000,0.9990,0.9945,0.9900,0.9760,0.9520,0.9195,0.8830,0.8420,0.8105,0.7735,0.7375,0.7080,0.6720,0.6405,0.6155,0.5850,0.5670,0.5445,0.5225,0.5065,0.4895,0.4745,0.4585,0.4445,0.4355,0.4235,0.4155,0.4060,0.3970,0.3840
60,2.0000,No dynamic rebalance,8.0000,12443.5174,995.4814,spend25p,855.0270,829.7768,805.4183,783.6769,760.6618,737.3477,717.0401,690.6783,660.8924,627.5209,592.1523,548.5495,502.8982,447.1185,385.0168,316.8470,0.0000,0.0000,0.0000,0.0000,0.0000,0.0000,0.0000,0.0000,0.0000,0.0000,0.0000,0.0000,0.0000,0.0000,0.0000,0.0000,0.0000,0.0000,0.0000,0.0000
60,2.0000,No dynamic rebalance,8.0000,12443.5174,995.4814,spend50p,860.9882,847.1614,835.4662,825.3588,815.3334,803.5864,794.1038,782.1585,767.3819,747.5864,725.0807,692.4526,659.0839,619.7897,592.7582,563.5725,532.0445,505.2400,470.8293,447.4921,415.6154,366.7686,337.4323,297.0155,248.1228,165.2987,0.0000,0.0000,0.0000,0.0000,0.0000,0.0000,0.0000,0.0000,0.0000,0.0000
60,2.0000,No dynamic rebalance,8.0000,12443.5174,995.4814,spend75p,867.3280,865.4287,867.2828,870.6071,876.6620,883.6065,886.4849,885.5485,884.3561,875.8321,863.4864,843.1469,821.9514,801.9084,781.4417,764.7058,747.5310,723.8807,704.7637,701.1426,693.4572,676.7632,672.0111,655.2781,633.6779,618.0613,598.1097,581.3360,562.4384,534.8966,518.3588,487.3579,477.2660,460.5138,437.5196,414.3123
60,2.0000,固定最適比率,8.0000,12443.5174,995.4814,survival,1.0000,1.0000,1.0000,1.0000,1.0000,1.0000,0.9990,0.9945,0.9900,0.9760,0.9520,0.9195,0.8830,0.8420,0.8105,0.7735,0.7375,0.7080,0.6720,0.6405,0.6155,0.5850,0.5670,0.5445,0.5225,0.5065,0.4895,0.4745,0.4585,0.4445,0.4355,0.4235,0.4155,0.4060,0.3970,0.3840
60,2.0000,固定最適比率,8.0000,12443.5174,995.4814,spend25p,855.0270,829.7768,805.4183,783.6769,760.6618,737.3477,717.0401,690.6783,660.8924,627.5209,592.1523,548.5495,502.8982,447.1185,385.0168,316.8470,0.0000,0.0000,0.0000,0.0000,0.0000,0.0000,0.0000,0.0000,0.0000,0.0000,0.0000,0.0000,0.0000,0.0000,0.0000,0.0000,0.0000,0.0000,0.0000,0.0000
60,2.0000,固定最適比率,8.0000,12443.5174,995.4814,spend50p,860.9882,847.1614,835.4662,825.3588,815.3334,803.5864,794.1038,782.1585,767.3819,747.5864,725.0807,692.4526,659.0839,619.7897,592.7582,563.5725,532.0445,505.2400,470.8293,447.4921,415.6154,366.7686,337.4323,297.0155,248.1228,165.2987,0.0000,0.0000,0.0000,0.0000,0.0000,0.0000,0.0000,0.0000,0.0000,0.0000
60,2.0000,固定最適比率,8.0000,12443.5174,995.4814,spend75p,867.3280,865.4287,867.2828,870.6071,876.6620,883.6065,886.4849,885.5485,884.3561,875.8321,863.4864,843.1469,821.9514,801.9084,781.4417,764.7058,747.5310,723.8807,704.7637,701.1426,693.4572,676.7632,672.0111,655.2781,633.6779,618.0613,598.1097,581.3360,562.4384,534.8966,518.3588,487.3579,477.2660,460.5138,437.5196,414.3123
60,2.0000,DynamicV1Rebalance,8.0000,12443.5174,995.4814,survival,1.0000,1.0000,1.0000,1.0000,1.0000,1.0000,0.9990,0.9945,0.9900,0.9760,0.9520,0.9195,0.8830,0.8420,0.8105,0.7740,0.7380,0.7080,0.6735,0.6425,0.6190,0.5895,0.5735,0.5520,0.5320,0.5180,0.5055,0.4920,0.4790,0.4690,0.4625,0.4560,0.4505,0.4450,0.4350,0.4290
60,2.0000,DynamicV1Rebalance,8.0000,12443.5174,995.4814,spend25p,855.0270,829.7768,805.4183,783.6769,760.6618,737.3477,717.0401,690.6783,660.8924,627.5209,592.1523,548.5495,502.8982,447.1185,385.0168,317.9104,0.0000,0.0000,0.0000,0.0000,0.0000,0.0000,0.0000,0.0000,0.0000,0.0000,0.0000,0.0000,0.0000,0.0000,0.0000,0.0000,0.0000,0.0000,0.0000,0.0000
60,2.0000,DynamicV1Rebalance,8.0000,12443.5174,995.4814,spend50p,860.9882,847.1614,835.4662,825.3588,815.3334,803.5864,794.1038,782.1585,767.3819,747.5864,725.0807,692.4526,659.0839,619.7897,592.7582,563.9233,533.5586,505.2400,472.3409,449.8171,419.9237,376.6384,348.7814,309.7155,267.1825,226.9217,157.3564,0.0000,0.0000,0.0000,0.0000,0.0000,0.0000,0.0000,0.0000,0.0000
60,2.0000,DynamicV1Rebalance,8.0000,12443.5174,995.4814,spend75p,867.3280,865.4287,867.2828,870.6071,876.6620,883.6065,886.4849,885.5485,884.3561,875.8321,863.4864,843.1469,821.9514,801.9084,781.4417,765.1337,747.9063,723.8807,705.5105,703.4033,693.8195,679.1339,676.6048,662.1201,648.4502,633.5317,614.9683,600.7567,589.1262,571.2079,554.1288,540.5082,528.7310,508.0457,482.1328,466.2445
60,2.0000,SpendAwareDPRebalance (re60),8.0000,12443.5174,995.4814,survival,1.0000,1.0000,1.0000,1.0000,1.0000,1.0000,0.9990,0.9945,0.9900,0.9765,0.9535,0.9220,0.8905,0.8540,0.8245,0.7895,0.7590,0.7335,0.7065,0.6785,0.6565,0.6335,0.6145,0.5935,0.5730,0.5580,0.5410,0.5290,0.5125,0.4990,0.4860,0.4755,0.4640,0.4520,0.4415,0.4215
60,2.0000,SpendAwareDPRebalance (re60),8.0000,12443.5174,995.4814,spend25p,855.0270,829.7768,805.4183,783.6769,760.6618,737.3477,717.0401,690.6783,660.8924,627.7554,592.6340,550.6954,509.5766,463.2852,403.4643,344.2935,250.7222,0.0000,0.0000,0.0000,0.0000,0.0000,0.0000,0.0000,0.0000,0.0000,0.0000,0.0000,0.0000,0.0000,0.0000,0.0000,0.0000,0.0000,0.0000,0.0000
60,2.0000,SpendAwareDPRebalance (re60),8.0000,12443.5174,995.4814,spend50p,860.9882,847.1614,835.4662,825.3588,815.3334,803.5864,794.1038,782.1585,767.3819,747.6782,725.3126,694.4836,664.4006,626.0149,601.1642,570.1952,545.6854,524.9893,499.3106,476.1204,455.0659,428.1656,406.1524,373.9736,345.3041,315.2384,277.1690,244.2753,181.7640,0.0000,0.0000,0.0000,0.0000,0.0000,0.0000,0.0000
60,2.0000,SpendAwareDPRebalance (re60),8.0000,12443.5174,995.4814,spend75p,867.3280,865.4287,867.2828,870.6071,876.6620,883.6065,886.4849,885.5485,884.3561,876.0840,863.7972,843.8354,825.2954,807.5950,791.5832,775.8267,761.1877,737.3934,726.8192,723.0654,713.9749,705.0266,694.7080,681.2558,667.9645,655.8719,639.3130,628.1303,603.7625,582.1259,559.9789,535.4387,513.2601,485.5691,464.1207,429.7441
60,2.0000,SpendAwareDPRebalance (re40),8.0000,12443.5174,995.4814,survival,1.0000,1.0000,1.0000,1.0000,1.0000,1.0000,0.9990,0.9945,0.9900,0.9765,0.9550,0.9190,0.8885,0.8535,0.8215,0.7850,0.7540,0.7275,0.7015,0.6740,0.6510,0.6315,0.6120,0.5955,0.5745,0.5590,0.5405,0.5305,0.5145,0.5010,0.4900,0.4765,0.4640,0.4510,0.4395,0.4145
60,2.0000,SpendAwareDPRebalance (re40),8.0000,12443.5174,995.4814,spend25p,855.0270,829.7768,805.4183,783.6769,760.6618,737.3477,717.0401,690.6783,660.8924,627.7554,593.3181,548.5495,506.6248,462.4284,399.3397,336.1487,223.6928,0.0000,0.0000,0.0000,0.0000,0.0000,0.0000,0.0000,0.0000,0.0000,0.0000,0.0000,0.0000,0.0000,0.0000,0.0000,0.0000,0.0000,0.0000,0.0000
60,2.0000,SpendAwareDPRebalance (re40),8.0000,12443.5174,995.4814,spend50p,860.9882,847.1614,835.4662,825.3588,815.3334,803.5864,794.1038,782.1585,767.3819,747.6782,725.3957,692.4526,661.9242,625.8575,599.4808,568.6628,543.5067,521.1535,496.8085,470.8300,451.2157,426.9102,404.1208,375.6833,347.2047,316.5825,276.1571,247.0270,191.9213,74.5112,0.0000,0.0000,0.0000,0.0000,0.0000,0.0000
60,2.0000,SpendAwareDPRebalance (re40),8.0000,12443.5174,995.4814,spend75p,867.3280,865.4287,867.2828,870.6071,876.6620,883.6065,886.4849,885.5485,884.3561,876.0840,863.4864,843.5252,824.5813,807.5950,784.9564,772.7009,757.4111,736.1670,725.5333,722.8054,710.8540,705.0266,694.7080,685.5397,670.5870,656.6711,639.9833,631.5079,607.2139,583.8485,563.5945,534.2376,507.4715,481.3051,460.1421,420.4514
60,3.0000,No dynamic rebalance,2.5000,59728.8837,1493.2221,survival,1.0000,1.0000,1.0000,1.0000,1.0000,1.0000,1.0000,1.0000,1.0000,1.0000,1.0000,1.0000,1.0000,1.0000,1.0000,0.9995,0.9990,0.9980,0.9955,0.9940,0.9930,0.9920,0.9890,0.9880,0.9855,0.9840,0.9770,0.9740,0.9680,0.9630,0.9595,0.9550,0.9480,0.9430,0.9385,0.9335
60,3.0000,No dynamic rebalance,2.5000,59728.8837,1493.2221,spend25p,1353.3879,1315.8539,1280.0152,1247.6946,1213.4456,1179.5730,1150.0701,1114.5550,1074.1632,1035.3661,998.3362,964.6025,937.2057,910.0681,888.8725,869.2677,854.3393,843.5078,836.1202,833.6509,828.8288,828.5403,828.6840,827.4342,825.5005,821.9399,800.0976,787.3267,779.7331,765.5562,747.7715,739.2745,717.2064,701.4526,680.1734,667.3199
60,3.0000,No dynamic rebalance,2.5000,59728.8837,1493.2221,spend50p,1362.6693,1343.2044,1326.9214,1313.5953,1299.5910,1283.2996,1271.6537,1260.1074,1239.3179,1220.9817,1200.7134,1182.3893,1165.5213,1150.7080,1133.8139,1120.6525,1118.2189,1118.1146,1119.8907,1127.5199,1138.3434,1145.1248,1154.2817,1162.5568,1167.9918,1180.7438,1185.9206,1200.5506,1187.3541,1176.9550,1181.1085,1176.3199,1165.1255,1155.8394,1142.0856,1133.0957
60,3.0000,No dynamic rebalance,2.5000,59728.8837,1493.2221,spend75p,1372.5877,1371.8343,1376.5847,1384.6220,1396.5244,1409.9886,1418.1623,1423.3443,1424.1263,1421.5251,1419.8927,1414.9479,1410.3028,1414.2884,1427.2438,1435.7948,1453.4336,1472.4501,1502.6884,1533.1595,1562.8342,1592.8563,1628.5606,1660.4116,1682.4471,1705.3864,1728.3391,1755.1688,1763.1379,1780.9958,1803.4146,1812.0050,1806.3436,1818.0826,1808.1281,1791.2612
60,3.0000,固定最適比率,2.5000,59728.8837,1493.2221,survival,1.0000,1.0000,1.0000,1.0000,1.0000,1.0000,1.0000,1.0000,1.0000,1.0000,1.0000,1.0000,1.0000,1.0000,1.0000,1.0000,1.0000,1.0000,1.0000,1.0000,1.0000,1.0000,1.0000,1.0000,1.0000,1.0000,1.0000,1.0000,1.0000,1.0000,1.0000,0.9995,0.9985,0.9980,0.9960,0.9950
60,3.0000,固定最適比率,2.5000,59728.8837,1493.2221,spend25p,1353.3879,1315.8539,1280.0152,1247.6946,1213.4456,1179.5730,1150.0701,1114.5550,1074.1632,1035.3661,998.3362,964.6025,937.2057,910.0681,888.8725,869.5754,855.6827,846.7129,840.9491,843.7177,838.1991,841.0941,847.0769,846.2480,841.0235,842.9729,841.1989,835.4965,828.1333,819.3247,811.3591,807.5189,799.0757,790.7666,776.1220,763.0622
60,3.0000,固定最適比率,2.5000,59728.8837,1493.2221,spend50p,1362.6693,1343.2044,1326.9214,1313.5953,1299.5910,1283.2996,1271.6537,1260.1074,1239.3179,1220.9817,1200.7134,1182.3893,1165.5213,1150.7080,1133.8139,1121.7263,1119.0423,1119.6006,1125.6119,1133.1756,1145.0961,1155.6464,1167.5785,1176.5874,1188.0297,1206.1212,1220.7302,1232.7711,1239.1210,1245.9392,1241.5991,1245.8838,1248.6773,1254.7509,1256.0291,1257.0710
60,3.0000,固定最適比率,2.5000,59728.8837,1493.2221,spend75p,1372.5877,1371.8343,1376.5847,1384.6220,1396.5244,1409.9886,1418.1623,1423.3443,1424.1263,1421.5251,1419.8927,1414.9479,1410.3028,1414.2884,1427.2438,1436.7177,1456.5838,1473.9530,1505.7447,1543.1366,1568.7511,1606.9150,1647.7304,1688.0855,1714.9927,1740.2005,1769.9878,1806.3299,1832.5761,1862.7512,1882.8296,1886.4149,1905.0390,1920.6001,1919.0675,1937.7238
60,3.0000,DynamicV1Rebalance,2.5000,59728.8837,1493.2221,survival,1.0000,1.0000,1.0000,1.0000,1.0000,1.0000,1.0000,1.0000,1.0000,1.0000,1.0000,1.0000,1.0000,1.0000,1.0000,1.0000,1.0000,1.0000,1.0000,1.0000,1.0000,0.9995,0.9995,0.9995,0.9995,0.9990,0.9990,0.9990,0.9990,0.9980,0.9960,0.9955,0.9935,0.9925,0.9920,0.9900
60,3.0000,DynamicV1Rebalance,2.5000,59728.8837,1493.2221,spend25p,1353.3879,1315.8539,1280.0152,1247.6946,1213.4456,1179.5730,1150.0701,1114.5550,1074.1632,1035.3661,998.3362,964.6025,937.2057,910.0681,888.8725,869.5754,855.6827,846.7129,840.9491,843.7177,838.1991,840.1137,846.7964,845.1872,839.8870,842.4317,838.6099,833.8527,826.8988,818.5209,807.6241,802.4603,790.4994,784.5955,769.9758,757.9635
60,3.0000,DynamicV1Rebalance,2.5000,59728.8837,1493.2221,spend50p,1362.6693,1343.2044,1326.9214,1313.5953,1299.5910,1283.2996,1271.6537,1260.1074,1239.3179,1220.9817,1200.7134,1182.3893,1165.5213,1150.7080,1133.8139,1121.7263,1119.0423,1119.6006,1125.6119,1133.1756,1145.0961,1155.3643,1166.1858,1174.8160,1187.8135,1204.9511,1216.7550,1231.9135,1236.6310,1244.3029,1228.8031,1237.6883,1237.2711,1244.9155,1248.4261,1246.8485
60,3.0000,DynamicV1Rebalance,2.5000,59728.8837,1493.2221,spend75p,1372.5877,1371.8343,1376.5847,1384.6220,1396.5244,1409.9886,1418.1623,1423.3443,1424.1263,1421.5251,1419.8927,1414.9479,1410.3028,1414.2884,1427.2438,1436.7177,1456.5838,1473.9530,1505.7447,1543.1366,1568.7511,1604.6607,1645.9244,1685.4494,1713.1183,1737.0076,1768.0665,1803.8780,1831.5676,1859.6734,1866.9604,1875.8314,1889.4711,1898.8628,1908.7661,1922.7289
60,3.0000,SpendAwareDPRebalance (re60),2.5000,59728.8837,1493.2221,survival,1.0000,1.0000,1.0000,1.0000,1.0000,1.0000,1.0000,1.0000,1.0000,1.0000,1.0000,1.0000,1.0000,1.0000,1.0000,1.0000,1.0000,1.0000,1.0000,1.0000,1.0000,0.9995,0.9995,0.9995,0.9995,0.9995,0.9995,0.9985,0.9985,0.9970,0.9950,0.9930,0.9920,0.9900,0.9900,0.9860
60,3.0000,SpendAwareDPRebalance (re60),2.5000,59728.8837,1493.2221,spend25p,1353.3879,1315.8539,1280.0152,1247.6946,1213.4456,1179.5730,1150.0701,1114.5550,1074.1632,1035.3661,998.3362,964.6025,937.2057,910.0681,888.8725,869.5754,855.6827,846.7129,840.9491,843.7177,838.1991,840.1137,846.7964,845.1872,839.8870,842.6943,840.5582,832.1922,825.3878,818.3041,805.8475,801.5429,789.2668,781.7185,767.9529,746.9627
60,3.0000,SpendAwareDPRebalance (re60),2.5000,59728.8837,1493.2221,spend50p,1362.6693,1343.2044,1326.9214,1313.5953,1299.5910,1283.2996,1271.6537,1260.1074,1239.3179,1220.9817,1200.7134,1182.3893,1165.5213,1150.7080,1133.8139,1121.7263,1119.0423,1119.6006,1125.6119,1133.1756,1145.0961,1155.3643,1166.1858,1174.8160,1187.8135,1205.5006,1217.9719,1230.9594,1236.1593,1243.6608,1228.2351,1232.8214,1235.1233,1237.4193,1244.2160,1234.6202
60,3.0000,SpendAwareDPRebalance (re60),2.5000,59728.8837,1493.2221,spend75p,1372.5877,1371.8343,1376.5847,1384.6220,1396.5244,1409.9886,1418.1623,1423.3443,1424.1263,1421.5251,1419.8927,1414.9479,1410.3028,1414.2884,1427.2438,1436.7177,1456.5838,1473.9530,1505.7447,1543.1366,1568.7511,1604.6607,1645.9244,1685.4494,1713.1183,1738.6504,1768.4045,1803.4803,1826.7539,1857.9849,1861.7198,1867.3359,1883.8442,1888.4380,1901.1296,1900.4452
60,3.0000,SpendAwareDPRebalance (re40),2.5000,59728.8837,1493.2221,survival,1.0000,1.0000,1.0000,1.0000,1.0000,1.0000,1.0000,1.0000,1.0000,1.0000,1.0000,1.0000,1.0000,1.0000,1.0000,1.0000,1.0000,1.0000,1.0000,1.0000,1.0000,1.0000,0.9995,0.9995,0.9995,0.9995,0.9995,0.9985,0.9985,0.9970,0.9945,0.9930,0.9925,0.9915,0.9910,0.9870
60,3.0000,SpendAwareDPRebalance (re40),2.5000,59728.8837,1493.2221,spend25p,1353.3879,1315.8539,1280.0152,1247.6946,1213.4456,1179.5730,1150.0701,1114.5550,1074.1632,1035.3661,998.3362,964.6025,937.2057,910.0681,888.8725,869.5754,855.6827,846.7129,840.9491,843.7177,838.1991,841.0941,846.7964,845.1872,839.8870,842.6943,840.5582,832.1922,825.3878,818.3041,805.4947,801.5429,789.9623,782.5107,768.8507,747.5938
60,3.0000,SpendAwareDPRebalance (re40),2.5000,59728.8837,1493.2221,spend50p,1362.6693,1343.2044,1326.9214,1313.5953,1299.5910,1283.2996,1271.6537,1260.1074,1239.3179,1220.9817,1200.7134,1182.3893,1165.5213,1150.7080,1133.8139,1121.7263,1119.0423,1119.6006,1125.6119,1133.1756,1145.0961,1155.6464,1166.1858,1174.8160,1187.8135,1205.5006,1217.9719,1230.9594,1236.1593,1243.6608,1227.1788,1232.8214,1235.6999,1243.9915,1246.1856,1237.6634
60,3.0000,SpendAwareDPRebalance (re40),2.5000,59728.8837,1493.2221,spend75p,1372.5877,1371.8343,1376.5847,1384.6220,1396.5244,1409.9886,1418.1623,1423.3443,1424.1263,1421.5251,1419.8927,1414.9479,1410.3028,1414.2884,1427.2438,1436.7177,1456.5838,1473.9530,1505.7447,1543.1366,1568.7511,1606.9150,1645.9244,1685.4494,1713.1183,1738.6504,1768.4045,1803.4803,1826.7539,1857.9849,1858.5770,1867.3359,1885.0532,1892.3491,1902.5923,1902.7786
60,3.0000,No dynamic rebalance,3.0000,49774.0698,1493.2221,survival,1.0000,1.0000,1.0000,1.0000,1.0000,1.0000,1.0000,1.0000,1.0000,1.0000,1.0000,1.0000,0.9995,0.9995,0.9990,0.9965,0.9950,0.9935,0.9920,0.9905,0.9870,0.9840,0.9775,0.9710,0.9655,0.9595,0.9530,0.9475,0.9385,0.9350,0.9260,0.9185,0.9095,0.9055,0.9005,0.8970
60,3.0000,No dynamic rebalance,3.0000,49774.0698,1493.2221,spend25p,1353.3879,1315.8539,1280.0152,1247.6946,1213.4456,1179.5730,1150.0701,1114.5550,1074.1632,1035.3661,998.3362,964.6025,937.1079,909.6077,888.2836,866.1470,849.2684,838.3651,831.8349,829.9242,824.7603,820.4327,812.0347,795.7548,784.2238,775.1715,765.3268,748.4983,728.0185,717.5754,696.1820,674.2967,651.9441,629.0736,608.7990,591.9682
60,3.0000,No dynamic rebalance,3.0000,49774.0698,1493.2221,spend50p,1362.6693,1343.2044,1326.9214,1313.5953,1299.5910,1283.2996,1271.6537,1260.1074,1239.3179,1220.9817,1200.7134,1182.3893,1165.3118,1150.4482,1133.2854,1117.4069,1115.6292,1112.3258,1116.8223,1124.4972,1135.5511,1136.6884,1141.4367,1140.8434,1145.1469,1147.2339,1151.5010,1160.8218,1146.7086,1135.4777,1123.4128,1110.0176,1093.9680,1075.4969,1064.2987,1060.8222
60,3.0000,No dynamic rebalance,3.0000,49774.0698,1493.2221,spend75p,1372.5877,1371.8343,1376.5847,1384.6220,1396.5244,1409.9886,1418.1623,1423.3443,1424.1263,1421.5251,1419.8927,1414.9479,1409.9483,1413.8587,1425.0090,1433.7518,1450.8098,1468.6246,1499.8835,1532.3896,1556.3549,1585.2825,1617.2206,1633.0068,1649.4313,1670.3779,1696.6645,1701.1539,1703.1921,1709.8609,1702.3235,1713.0818,1719.7582,1709.2694,1718.8866,1712.4979
60,3.0000,固定最適比率,3.0000,49774.0698,1493.2221,survival,1.0000,1.0000,1.0000,1.0000,1.0000,1.0000,1.0000,1.0000,1.0000,1.0000,1.0000,1.0000,1.0000,1.0000,1.0000,1.0000,1.0000,1.0000,1.0000,1.0000,1.0000,1.0000,1.0000,1.0000,1.0000,1.0000,1.0000,0.9990,0.9980,0.9960,0.9945,0.9930,0.9900,0.9890,0.9865,0.9825
60,3.0000,固定最適比率,3.0000,49774.0698,1493.2221,spend25p,1353.3879,1315.8539,1280.0152,1247.6946,1213.4456,1179.5730,1150.0701,1114.5550,1074.1632,1035.3661,998.3362,964.6025,937.2057,910.0681,888.8725,869.5754,855.6827,846.7129,840.9491,843.7177,838.1991,841.0941,847.0769,846.2480,841.0235,842.9729,841.1989,833.8527,824.9766,817.9168,805.4947,801.5429,786.7168,780.1543,763.2783,743.8226
60,3.0000,固定最適比率,3.0000,49774.0698,1493.2221,spend50p,1362.6693,1343.2044,1326.9214,1313.5953,1299.5910,1283.2996,1271.6537,1260.1074,1239.3179,1220.9817,1200.7134,1182.3893,1165.5213,1150.7080,1133.8139,1121.7263,1119.0423,1119.6006,1125.6119,1133.1756,1145.0961,1155.6464,1167.5785,1176.5874,1188.0297,1206.1212,1220.7302,1231.9135,1235.3508,1238.7995,1227.1788,1232.8214,1231.3956,1233.9551,1235.1435,1225.7278
60,3.0000,固定最適比率,3.0000,49774.0698,1493.2221,spend75p,1372.5877,1371.8343,1376.5847,1384.6220,1396.5244,1409.9886,1418.1623,1423.3443,1424.1263,1421.5251,1419.8927,1414.9479,1410.3028,1414.2884,1427.2438,1436.7177,1456.5838,1473.9530,1505.7447,1543.1366,1568.7511,1606.9150,1647.7304,1688.0855,1714.9927,1740.2005,1769.9878,1803.8780,1825.8571,1855.9233,1858.5770,1867.3359,1877.3503,1884.9297,1896.8493,1884.0438
60,3.0000,DynamicV1Rebalance,3.0000,49774.0698,1493.2221,survival,1.0000,1.0000,1.0000,1.0000,1.0000,1.0000,1.0000,1.0000,1.0000,1.0000,1.0000,1.0000,1.0000,1.0000,1.0000,1.0000,0.9990,0.9985,0.9985,0.9985,0.9985,0.9980,0.9970,0.9955,0.9940,0.9930,0.9925,0.9910,0.9910,0.9895,0.9865,0.9850,0.9830,0.9800,0.9760,0.9725
60,3.0000,DynamicV1Rebalance,3.0000,49774.0698,1493.2221,spend25p,1353.3879,1315.8539,1280.0152,1247.6946,1213.4456,1179.5730,1150.0701,1114.5550,1074.1632,1035.3661,998.3362,964.6025,937.2057,910.0681,888.8725,869.5754,854.3393,843.8365,838.8021,841.8021,837.1100,836.4458,843.7089,838.2483,835.8249,834.1156,826.6543,819.4906,815.0902,806.6767,795.6281,790.4306,776.9270,763.4429,749.6117,731.7563
60,3.0000,DynamicV1Rebalance,3.0000,49774.0698,1493.2221,spend50p,1362.6693,1343.2044,1326.9214,1313.5953,1299.5910,1283.2996,1271.6537,1260.1074,1239.3179,1220.9817,1200.7134,1182.3893,1165.5213,1150.7080,1133.8139,1121.7263,1118.2189,1118.3081,1124.6946,1131.2652,1143.3315,1153.9830,1161.9198,1169.4931,1177.5899,1196.6082,1206.7795,1222.0261,1216.3823,1220.9555,1217.0910,1217.3720,1216.5371,1220.0153,1217.3771,1194.4083
60,3.0000,DynamicV1Rebalance,3.0000,49774.0698,1493.2221,spend75p,1372.5877,1371.8343,1376.5847,1384.6220,1396.5244,1409.9886,1418.1623,1423.3443,1424.1263,1421.5251,1419.8927,1414.9479,1410.3028,1414.2884,1427.2438,1436.7177,1456.5531,1472.4501,1504.2529,1539.2255,1565.7263,1596.8918,1636.4291,1669.7470,1692.4100,1721.0682,1751.5502,1785.2798,1808.2272,1826.2553,1837.0760,1851.2838,1857.0947,1859.3858,1860.9780,1853.1943
60,3.0000,SpendAwareDPRebalance (re60),3.0000,49774.0698,1493.2221,survival,1.0000,1.0000,1.0000,1.0000,1.0000,1.0000,1.0000,1.0000,1.0000,1.0000,1.0000,1.0000,1.0000,1.0000,1.0000,1.0000,1.0000,1.0000,1.0000,0.9995,0.9995,0.9995,0.9995,0.9985,0.9975,0.9970,0.9945,0.9920,0.9905,0.9880,0.9865,0.9840,0.9825,0.9775,0.9715,0.9650
60,3.0000,SpendAwareDPRebalance (re60),3.0000,49774.0698,1493.2221,spend25p,1353.3879,1315.8539,1280.0152,1247.6946,1213.4456,1179.5730,1150.0701,1114.5550,1074.1632,1035.3661,998.3362,964.6025,937.2057,910.0681,888.8725,869.5754,855.6827,846.7129,840.9491,843.1724,837.5078,840.1137,846.7964,843.0632,838.3702,841.3936,828.7009,820.3290,813.7953,802.7987,795.6281,789.4377,776.8892,755.6724,741.7171,722.0139
60,3.0000,SpendAwareDPRebalance (re60),3.0000,49774.0698,1493.2221,spend50p,1362.6693,1343.2044,1326.9214,1313.5953,1299.5910,1283.2996,1271.6537,1260.1074,1239.3179,1220.9817,1200.7134,1182.3893,1165.5213,1150.7080,1133.8139,1121.7263,1119.0423,1119.6006,1125.6119,1132.2520,1144.4409,1155.3643,1166.1858,1173.2045,1182.3127,1202.1082,1209.1578,1224.0651,1215.8967,1218.1205,1217.0910,1214.0826,1215.8468,1214.7672,1207.4088,1181.9911
60,3.0000,SpendAwareDPRebalance (re60),3.0000,49774.0698,1493.2221,spend75p,1372.5877,1371.8343,1376.5847,1384.6220,1396.5244,1409.9886,1418.1623,1423.3443,1424.1263,1421.5251,1419.8927,1414.9479,1410.3028,1414.2884,1427.2438,1436.7177,1456.5838,1473.9530,1505.7447,1542.8319,1567.8424,1604.6607,1645.9244,1677.5484,1707.7497,1730.8888,1758.9605,1787.3078,1804.2127,1822.6862,1831.1028,1843.0815,1851.7054,1846.9300,1840.8469,1827.4013
60,3.0000,SpendAwareDPRebalance (re40),3.0000,49774.0698,1493.2221,survival,1.0000,1.0000,1.0000,1.0000,1.0000,1.0000,1.0000,1.0000,1.0000,1.0000,1.0000,1.0000,1.0000,1.0000,1.0000,1.0000,1.0000,1.0000,1.0000,0.9995,0.9995,0.9995,0.9995,0.9990,0.9975,0.9965,0.9950,0.9925,0.9900,0.9890,0.9855,0.9835,0.9810,0.9765,0.9730,0.9635
60,3.0000,SpendAwareDPRebalance (re40),3.0000,49774.0698,1493.2221,spend25p,1353.3879,1315.8539,1280.0152,1247.6946,1213.4456,1179.5730,1150.0701,1114.5550,1074.1632,1035.3661,998.3362,964.6025,937.2057,910.0681,888.8725,869.5754,855.6827,846.7129,840.9491,843.1724,837.5078,840.1137,846.7964,843.7424,838.3702,840.8415,831.0074,820.6829,812.5229,804.8200,795.2532,788.4865,776.2913,754.4144,744.2558,718.0341
60,3.0000,SpendAwareDPRebalance (re40),3.0000,49774.0698,1493.2221,spend50p,1362.6693,1343.2044,1326.9214,1313.5953,1299.5910,1283.2996,1271.6537,1260.1074,1239.3179,1220.9817,1200.7134,1182.3893,1165.5213,1150.7080,1133.8139,1121.7263,1119.0423,1119.6006,1125.6119,1132.2520,1144.4409,1155.3643,1166.1858,1173.4263,1182.3127,1201.5156,1209.8324,1224.9682,1215.4564,1219.0830,1213.4580,1213.6066,1214.2865,1212.9805,1212.1334,1180.1227
60,3.0000,SpendAwareDPRebalance (re40),3.0000,49774.0698,1493.2221,spend75p,1372.5877,1371.8343,1376.5847,1384.6220,1396.5244,1409.9886,1418.1623,1423.3443,1424.1263,1421.5251,1419.8927,1414.9479,1410.3028,1414.2884,1427.2438,1436.7177,1456.5838,1473.9530,1505.7447,1542.8319,1567.8424,1604.6607,1645.9244,1684.4809,1707.7497,1730.8888,1760.3499,1787.6621,1797.2882,1824.4276,1830.8949,1840.5922,1848.7575,1844.7970,1844.5075,1824.3595
60,3.0000,No dynamic rebalance,4.0000,37330.5523,1493.2221,survival,1.0000,1.0000,1.0000,1.0000,1.0000,1.0000,1.0000,1.0000,1.0000,0.9995,0.9995,0.9990,0.9960,0.9940,0.9915,0.9875,0.9835,0.9770,0.9690,0.9580,0.9500,0.9395,0.9285,0.9150,0.9030,0.8935,0.8810,0.8725,0.8570,0.8510,0.8420,0.8315,0.8170,0.8070,0.8010,0.7905
60,3.0000,No dynamic rebalance,4.0000,37330.5523,1493.2221,spend25p,1353.3879,1315.8539,1280.0152,1247.6946,1213.4456,1179.5730,1150.0701,1114.5550,1074.1632,1034.7073,998.3105,963.2645,933.6558,906.5249,880.5693,855.7979,833.6072,820.3356,805.4098,789.3969,782.4645,760.2414,737.0732,718.4012,697.6691,679.2520,657.3143,630.1968,587.9237,566.5685,542.0856,514.4219,457.8815,427.5932,400.0468,367.8550
60,3.0000,No dynamic rebalance,4.0000,37330.5523,1493.2221,spend50p,1362.6693,1343.2044,1326.9214,1313.5953,1299.5910,1283.2996,1271.6537,1260.1074,1239.3179,1220.6415,1200.4007,1181.8907,1162.4727,1144.7198,1126.1359,1111.3495,1106.7747,1094.6254,1097.6806,1095.8995,1101.2333,1092.0102,1093.3315,1086.5885,1087.7910,1076.3847,1066.9629,1056.5039,1032.9574,1022.0480,999.2419,980.0189,955.1243,922.9363,902.0754,868.0642
60,3.0000,No dynamic rebalance,4.0000,37330.5523,1493.2221,spend75p,1372.5877,1371.8343,1376.5847,1384.6220,1396.5244,1409.9886,1418.1623,1423.3443,1424.1263,1421.2212,1419.1296,1414.3403,1408.8157,1412.8291,1420.7210,1423.1489,1442.7181,1457.2629,1473.5392,1478.4765,1501.8909,1525.2523,1545.9345,1547.9305,1566.5865,1581.6795,1583.8530,1583.5490,1572.3751,1569.0808,1580.2167,1568.2417,1536.3482,1525.0428,1519.5944,1507.7442
60,3.0000,固定最適比率,4.0000,37330.5523,1493.2221,survival,1.0000,1.0000,1.0000,1.0000,1.0000,1.0000,1.0000,1.0000,1.0000,1.0000,1.0000,1.0000,1.0000,1.0000,1.0000,0.9995,0.9990,0.9980,0.9960,0.9920,0.9890,0.9860,0.9825,0.9730,0.9630,0.9550,0.9465,0.9360,0.9285,0.9170,0.9100,0.9020,0.8955,0.8850,0.8705,0.8620
60,3.0000,固定最適比率,4.0000,37330.5523,1493.2221,spend25p,1353.3879,1315.8539,1280.0152,1247.6946,1213.4456,1179.5730,1150.0701,1114.5550,1074.1632,1035.3661,998.3362,964.6025,937.2057,910.0681,888.8725,869.2677,854.3393,843.5078,836.3138,831.0287,825.6625,821.1093,816.6192,797.5603,776.2049,767.1455,750.4798,731.1547,708.9011,688.6549,671.5715,645.3007,627.3834,598.0119,557.8690,524.2028
60,3.0000,固定最適比率,4.0000,37330.5523,1493.2221,spend50p,1362.6693,1343.2044,1326.9214,1313.5953,1299.5910,1283.2996,1271.6537,1260.1074,1239.3179,1220.9817,1200.7134,1182.3893,1165.5213,1150.7080,1133.8139,1120.6525,1118.2189,1118.1146,1120.0437,1126.0914,1135.9056,1136.6884,1144.8431,1140.1289,1138.7212,1139.6924,1141.3046,1126.2791,1117.7486,1103.2009,1094.3425,1081.1827,1048.6914,1031.3699,998.6301,981.3668
60,3.0000,固定最適比率,4.0000,37330.5523,1493.2221,spend75p,1372.5877,1371.8343,1376.5847,1384.6220,1396.5244,1409.9886,1418.1623,1423.3443,1424.1263,1421.5251,1419.8927,1414.9479,1410.3028,1414.2884,1427.2438,1435.7948,1453.4336,1470.6625,1502.0886,1530.6832,1551.7878,1577.4153,1617.2206,1619.9613,1629.8421,1644.4065,1657.8495,1654.1547,1659.8784,1645.9197,1651.9817,1648.7388,1644.6869,1634.0328,1598.8809,1576.2628
60,3.0000,DynamicV1Rebalance,4.0000,37330.5523,1493.2221,survival,1.0000,1.0000,1.0000,1.0000,1.0000,1.0000,1.0000,1.0000,1.0000,0.9995,0.9995,0.9990,0.9970,0.9965,0.9950,0.9910,0.9910,0.9885,0.9865,0.9815,0.9760,0.9715,0.9670,0.9605,0.9580,0.9555,0.9525,0.9480,0.9425,0.9360,0.9300,0.9260,0.9205,0.9155,0.9115,0.9055
60,3.0000,DynamicV1Rebalance,4.0000,37330.5523,1493.2221,spend25p,1353.3879,1315.8539,1280.0152,1247.6946,1213.4456,1179.5730,1150.0701,1114.5550,1074.1632,1034.7073,998.3105,963.2645,934.1216,908.0773,884.9592,859.1878,843.5244,830.1224,824.7508,818.3869,811.8969,804.1201,792.7265,776.4064,772.1164,768.0515,764.2259,748.4983,737.1239,719.3086,702.1627,688.1851,669.6699,653.8764,636.0645,605.9307
60,3.0000,DynamicV1Rebalance,4.0000,37330.5523,1493.2221,spend50p,1362.6693,1343.2044,1326.9214,1313.5953,1299.5910,1283.2996,1271.6537,1260.1074,1239.3179,1220.6415,1200.4007,1181.8907,1163.0319,1147.7483,1130.4486,1114.2789,1111.2531,1106.4495,1111.6138,1116.3294,1123.4547,1126.2338,1131.7828,1131.4495,1137.1666,1146.5436,1151.7299,1160.7524,1152.5229,1136.6025,1128.2869,1117.5574,1110.1718,1093.3780,1080.6248,1068.4159
60,3.0000,DynamicV1Rebalance,4.0000,37330.5523,1493.2221,spend75p,1372.5877,1371.8343,1376.5847,1384.6220,1396.5244,1409.9886,1418.1623,1423.3443,1424.1263,1421.2212,1419.1296,1414.3403,1409.2919,1413.4654,1421.9815,1427.7113,1447.0882,1466.2699,1494.7877,1513.9206,1534.5333,1566.7914,1593.9994,1608.0377,1632.7244,1659.2738,1687.6224,1693.5863,1705.8960,1694.5029,1699.8965,1715.0225,1723.8350,1717.3315,1722.0842,1709.3092
60,3.0000,SpendAwareDPRebalance (re60),4.0000,37330.5523,1493.2221,survival,1.0000,1.0000,1.0000,1.0000,1.0000,1.0000,1.0000,1.0000,1.0000,1.0000,1.0000,0.9995,0.9995,0.9995,0.9995,0.9980,0.9970,0.9950,0.9945,0.9915,0.9865,0.9845,0.9810,0.9765,0.9705,0.9660,0.9605,0.9555,0.9455,0.9370,0.9280,0.9195,0.9115,0.9055,0.8980,0.8890
60,3.0000,SpendAwareDPRebalance (re60),4.0000,37330.5523,1493.2221,spend25p,1353.3879,1315.8539,1280.0152,1247.6946,1213.4456,1179.5730,1150.0701,1114.5550,1074.1632,1035.3661,998.3362,963.8558,937.1079,909.6077,888.6697,867.5517,851.5277,839.3324,834.9430,830.7195,823.7167,820.0720,814.6610,805.7932,791.7226,785.2333,773.3727,758.2668,738.8298,718.9128,696.4397,673.8456,652.1677,625.5538,601.3329,575.0146
60,3.0000,SpendAwareDPRebalance (re60),4.0000,37330.5523,1493.2221,spend50p,1362.6693,1343.2044,1326.9214,1313.5953,1299.5910,1283.2996,1271.6537,1260.1074,1239.3179,1220.9817,1200.7134,1182.1221,1165.3118,1150.4482,1133.6191,1119.3186,1116.1989,1114.9213,1118.8860,1125.0088,1132.5503,1134.8918,1142.5743,1145.3311,1149.4198,1151.5593,1154.0014,1161.2924,1142.9350,1125.9701,1115.9067,1093.1342,1079.0541,1060.5284,1036.7649,1021.4865
60,3.0000,SpendAwareDPRebalance (re60),4.0000,37330.5523,1493.2221,spend75p,1372.5877,1371.8343,1376.5847,1384.6220,1396.5244,1409.9886,1418.1623,1423.3443,1424.1263,1421.5251,1419.8927,1414.8453,1409.9483,1413.8587,1425.8992,1433.5263,1450.1917,1467.3655,1499.8835,1525.8647,1544.6725,1571.5702,1605.7414,1619.9613,1634.8891,1650.9815,1668.8139,1673.6801,1676.2326,1662.9306,1663.5055,1658.5278,1653.7946,1645.6402,1632.6006,1616.3296
60,3.0000,SpendAwareDPRebalance (re40),4.0000,37330.5523,1493.2221,survival,1.0000,1.0000,1.0000,1.0000,1.0000,1.0000,1.0000,1.0000,1.0000,1.0000,1.0000,0.9995,0.9995,0.9995,0.9995,0.9985,0.9980,0.9960,0.9940,0.9915,0.9870,0.9850,0.9830,0.9785,0.9720,0.9675,0.9630,0.9530,0.9450,0.9360,0.9270,0.9210,0.9105,0.9010,0.8955,0.8825
60,3.0000,SpendAwareDPRebalance (re40),4.0000,37330.5523,1493.2221,spend25p,1353.3879,1315.8539,1280.0152,1247.6946,1213.4456,1179.5730,1150.0701,1114.5550,1074.1632,1035.3661,998.3362,963.8558,937.1079,909.6077,888.6697,867.9431,852.5915,841.5859,834.3987,830.7195,824.7603,820.4327,816.9198,807.6783,794.0696,789.4418,777.4992,754.0796,738.6169,716.4260,695.3189,674.9045,651.6156,617.3579,596.9936,561.1663
60,3.0000,SpendAwareDPRebalance (re40),4.0000,37330.5523,1493.2221,spend50p,1362.6693,1343.2044,1326.9214,1313.5953,1299.5910,1283.2996,1271.6537,1260.1074,1239.3179,1220.9817,1200.7134,1182.1221,1165.3118,1150.4482,1133.6191,1119.3972,1116.9301,1115.9061,1118.5943,1125.0088,1133.2886,1135.3241,1144.2738,1147.8476,1152.1411,1152.9624,1159.8958,1158.4235,1142.4565,1123.4638,1114.4957,1093.6581,1074.5936,1049.6406,1034.0316,1003.1407
60,3.0000,SpendAwareDPRebalance (re40),4.0000,37330.5523,1493.2221,spend75p,1372.5877,1371.8343,1376.5847,1384.6220,1396.5244,1409.9886,1418.1623,1423.3443,1424.1263,1421.5251,1419.8927,1414.8453,1409.9483,1413.8587,1425.8992,1433.7518,1452.0457,1468.6246,1499.6460,1525.8647,1544.7750,1572.8684,1615.0168,1624.3630,1636.4644,1654.7877,1670.0627,1666.0038,1673.8030,1658.8332,1654.2761,1658.5278,1644.6869,1620.3624,1617.6936,1576.2628
60,3.0000,No dynamic rebalance,5.0000,29864.4419,1493.2221,survival,1.0000,1.0000,1.0000,1.0000,1.0000,1.0000,1.0000,1.0000,0.9995,0.9990,0.9965,0.9935,0.9885,0.9830,0.9730,0.9605,0.9470,0.9315,0.9150,0.8970,0.8800,0.8595,0.8450,0.8300,0.8115,0.7930,0.7775,0.7595,0.7450,0.7300,0.7210,0.7080,0.6970,0.6805,0.6720,0.6660
60,3.0000,No dynamic rebalance,5.0000,29864.4419,1493.2221,spend25p,1353.3879,1315.8539,1280.0152,1247.6946,1213.4456,1179.5730,1150.0701,1114.5550,1074.1549,1034.4193,997.4060,959.5694,928.6700,894.6096,862.0161,830.8721,803.4543,779.5827,753.4410,723.6819,684.9934,648.6763,609.8700,584.7629,542.2124,477.9508,416.0586,310.4578,0.0000,0.0000,0.0000,0.0000,0.0000,0.0000,0.0000,0.0000
60,3.0000,No dynamic rebalance,5.0000,29864.4419,1493.2221,spend50p,1362.6693,1343.2044,1326.9214,1313.5953,1299.5910,1283.2996,1271.6537,1260.1074,1239.0475,1220.2027,1198.2211,1179.3638,1154.9938,1131.8791,1108.1993,1089.7870,1074.2866,1060.6218,1051.8686,1029.5888,1017.3067,1005.7260,1007.6866,992.2907,973.7545,953.9772,928.7204,902.7471,863.7140,830.5231,811.0884,793.9581,768.1190,725.8794,693.2507,680.9347
60,3.0000,No dynamic rebalance,5.0000,29864.4419,1493.2221,spend75p,1372.5877,1371.8343,1376.5847,1384.6220,1396.5244,1409.9886,1418.1623,1423.3443,1423.7438,1420.9462,1417.3676,1411.6125,1403.0533,1401.4961,1400.2340,1404.1931,1404.7970,1416.4566,1422.5787,1408.5405,1408.8783,1402.0438,1424.1744,1431.7499,1441.8024,1433.2896,1426.8764,1402.2298,1397.0017,1390.0680,1374.7866,1365.1977,1350.7151,1318.0612,1315.6836,1309.9856
60,3.0000,固定最適比率,5.0000,29864.4419,1493.2221,survival,1.0000,1.0000,1.0000,1.0000,1.0000,1.0000,1.0000,1.0000,0.9995,0.9990,0.9965,0.9935,0.9885,0.9830,0.9730,0.9605,0.9470,0.9315,0.9150,0.8970,0.8800,0.8595,0.8450,0.8300,0.8115,0.7930,0.7775,0.7595,0.7450,0.7300,0.7210,0.7080,0.6970,0.6805,0.6720,0.6660
60,3.0000,固定最適比率,5.0000,29864.4419,1493.2221,spend25p,1353.3879,1315.8539,1280.0152,1247.6946,1213.4456,1179.5730,1150.0701,1114.5550,1074.1549,1034.4193,997.4060,959.5694,928.6700,894.6096,862.0161,830.8721,803.4543,779.5827,753.4410,723.6819,684.9934,648.6763,609.8700,584.7629,542.2124,477.9508,416.0586,310.4578,0.0000,0.0000,0.0000,0.0000,0.0000,0.0000,0.0000,0.0000
60,3.0000,固定最適比率,5.0000,29864.4419,1493.2221,spend50p,1362.6693,1343.2044,1326.9214,1313.5953,1299.5910,1283.2996,1271.6537,1260.1074,1239.0475,1220.2027,1198.2211,1179.3638,1154.9938,1131.8791,1108.1993,1089.7870,1074.2866,1060.6218,1051.8686,1029.5888,1017.3067,1005.7260,1007.6866,992.2907,973.7545,953.9772,928.7204,902.7471,863.7140,830.5231,811.0884,793.9581,768.1190,725.8794,693.2507,680.9347
60,3.0000,固定最適比率,5.0000,29864.4419,1493.2221,spend75p,1372.5877,1371.8343,1376.5847,1384.6220,1396.5244,1409.9886,1418.1623,1423.3443,1423.7438,1420.9462,1417.3676,1411.6125,1403.0533,1401.4961,1400.2340,1404.1931,1404.7970,1416.4566,1422.5787,1408.5405,1408.8783,1402.0438,1424.1744,1431.7499,1441.8024,1433.2896,1426.8764,1402.2298,1397.0017,1390.0680,1374.7866,1365.1977,1350.7151,1318.0612,1315.6836,1309.9856
60,3.0000,DynamicV1Rebalance,5.0000,29864.4419,1493.2221,survival,1.0000,1.0000,1.0000,1.0000,1.0000,1.0000,1.0000,1.0000,0.9995,0.9990,0.9965,0.9940,0.9895,0.9840,0.9755,0.9655,0.9560,0.9430,0.9315,0.9185,0.9010,0.8845,0.8745,0.8635,0.8520,0.8415,0.8345,0.8260,0.8155,0.8050,0.7970,0.7875,0.7785,0.7715,0.7665,0.7595
60,3.0000,DynamicV1Rebalance,5.0000,29864.4419,1493.2221,spend25p,1353.3879,1315.8539,1280.0152,1247.6946,1213.4456,1179.5730,1150.0701,1114.5550,1074.1549,1034.4193,997.4060,960.3567,929.2261,895.6485,865.5430,835.8596,809.9773,787.4280,768.8504,752.6335,721.4122,691.2704,675.9701,645.2470,621.7113,599.3757,569.5269,546.3938,505.2502,468.6793,435.9027,406.0289,364.0973,321.4253,284.2626,231.0815
60,3.0000,DynamicV1Rebalance,5.0000,29864.4419,1493.2221,spend50p,1362.6693,1343.2044,1326.9214,1313.5953,1299.5910,1283.2996,1271.6537,1260.1074,1239.0475,1220.2027,1198.2211,1179.5099,1156.3948,1131.9964,1111.9756,1093.6933,1081.7269,1070.1205,1064.1817,1055.7504,1041.2408,1040.5390,1038.3479,1033.3060,1033.9193,1022.8358,1010.4276,996.7564,979.4491,964.9680,939.0864,916.2208,888.5965,865.5661,846.1056,829.7693
60,3.0000,DynamicV1Rebalance,5.0000,29864.4419,1493.2221,spend75p,1372.5877,1371.8343,1376.5847,1384.6220,1396.5244,1409.9886,1418.1623,1423.3443,1423.7438,1420.9462,1417.3676,1411.6125,1404.5180,1401.8151,1403.4043,1408.4456,1411.5334,1424.8142,1434.6743,1443.8740,1435.0823,1433.1776,1463.0068,1478.3260,1492.3336,1508.3845,1508.8206,1515.9724,1496.3690,1491.1641,1484.9062,1474.4351,1458.8865,1457.0222,1446.2254,1434.9428
60,3.0000,SpendAwareDPRebalance (re60),5.0000,29864.4419,1493.2221,survival,1.0000,1.0000,1.0000,1.0000,1.0000,1.0000,1.0000,1.0000,1.0000,0.9995,0.9975,0.9965,0.9945,0.9930,0.9910,0.9875,0.9835,0.9770,0.9715,0.9610,0.9540,0.9425,0.9320,0.9135,0.8995,0.8905,0.8780,0.8635,0.8465,0.8300,0.8205,0.8095,0.7975,0.7840,0.7710,0.7475
60,3.0000,SpendAwareDPRebalance (re60),5.0000,29864.4419,1493.2221,spend25p,1353.3879,1315.8539,1280.0152,1247.6946,1213.4456,1179.5730,1150.0701,1114.5550,1074.1632,1034.7073,997.6463,962.2138,932.1802,905.3563,880.1892,855.7979,833.4526,819.6980,807.8923,790.3295,783.7299,761.7559,740.6481,714.2427,689.8359,673.5394,649.2652,604.5562,564.9661,521.0099,491.0928,450.4707,412.0466,362.3876,301.6797,0.0000
60,3.0000,SpendAwareDPRebalance (re60),5.0000,29864.4419,1493.2221,spend50p,1362.6693,1343.2044,1326.9214,1313.5953,1299.5910,1283.2996,1271.6537,1260.1074,1239.3179,1220.6415,1199.2029,1180.6249,1161.8596,1143.0867,1125.3400,1110.5955,1102.6348,1093.0290,1097.6806,1094.0730,1096.6891,1086.4943,1089.9573,1077.2200,1067.3406,1064.9688,1048.1553,1023.9294,995.0461,966.0117,937.6709,911.4022,875.3375,846.3026,820.1929,776.2689
60,3.0000,SpendAwareDPRebalance (re60),5.0000,29864.4419,1493.2221,spend75p,1372.5877,1371.8343,1376.5847,1384.6220,1396.5244,1409.9886,1418.1623,1423.3443,1424.1263,1421.2212,1417.9316,1413.5674,1407.5798,1408.3170,1418.5817,1419.4205,1435.1592,1445.5096,1465.1985,1467.5640,1486.5937,1500.3870,1511.9069,1512.6090,1522.8030,1535.7107,1529.6878,1506.6751,1479.6126,1460.4249,1453.4300,1431.5596,1410.6904,1387.0193,1358.1378,1316.1502
60,3.0000,SpendAwareDPRebalance (re40),5.0000,29864.4419,1493.2221,survival,1.0000,1.0000,1.0000,1.0000,1.0000,1.0000,1.0000,1.0000,1.0000,0.9995,0.9980,0.9960,0.9950,0.9930,0.9895,0.9870,0.9825,0.9755,0.9705,0.9605,0.9490,0.9410,0.9310,0.9180,0.9035,0.8910,0.8755,0.8660,0.8510,0.8345,0.8225,0.8120,0.7985,0.7835,0.7635,0.7410
60,3.0000,SpendAwareDPRebalance (re40),5.0000,29864.4419,1493.2221,spend25p,1353.3879,1315.8539,1280.0152,1247.6946,1213.4456,1179.5730,1150.0701,1114.5550,1074.1632,1034.7073,997.8242,961.8774,933.0960,905.3563,878.0369,854.9615,832.6524,819.3192,807.4650,790.2748,777.1263,757.4838,739.4214,719.4720,696.8135,675.2944,646.1037,613.3762,573.0533,533.9009,493.4954,453.8161,413.6317,359.5104,272.6174,0.0000
60,3.0000,SpendAwareDPRebalance (re40),5.0000,29864.4419,1493.2221,spend50p,1362.6693,1343.2044,1326.9214,1313.5953,1299.5910,1283.2996,1271.6537,1260.1074,1239.3179,1220.6415,1199.8607,1180.4344,1162.1232,1143.0867,1124.4641,1110.3091,1102.1398,1091.8002,1096.6266,1093.5922,1087.6871,1084.3250,1089.7268,1081.6693,1076.1581,1066.4552,1047.0021,1030.2924,1005.8964,974.5732,940.8491,916.2208,879.5484,846.5135,808.1715,766.1783
60,3.0000,SpendAwareDPRebalance (re40),5.0000,29864.4419,1493.2221,spend75p,1372.5877,1371.8343,1376.5847,1384.6220,1396.5244,1409.9886,1418.1623,1423.3443,1424.1263,1421.2212,1417.9316,1412.3589,1407.9676,1408.3170,1414.9730,1419.4205,1435.1592,1445.5096,1465.1985,1472.4477,1483.9449,1506.2589,1512.8684,1521.6629,1533.9502,1541.4733,1525.3725,1516.5176,1490.1787,1469.2255,1457.2597,1438.3480,1408.9452,1378.3886,1338.8031,1303.7651
60,3.0000,No dynamic rebalance,6.0000,24887.0349,1493.2221,survival,1.0000,1.0000,1.0000,1.0000,1.0000,1.0000,1.0000,0.9990,0.9990,0.9950,0.9895,0.9815,0.9655,0.9490,0.9255,0.9020,0.8760,0.8525,0.8335,0.8050,0.7845,0.7645,0.7380,0.7170,0.6910,0.6700,0.6530,0.6370,0.6190,0.6070,0.5910,0.5775,0.5700,0.5560,0.5450,0.5330
60,3.0000,No dynamic rebalance,6.0000,24887.0349,1493.2221,spend25p,1353.3879,1315.8539,1280.0152,1247.6946,1213.4456,1179.5730,1150.0701,1113.9751,1074.0535,1031.6782,989.0068,952.0371,910.9798,864.8537,810.7974,773.4409,725.1359,669.8966,621.4549,553.7367,499.6280,414.5265,0.0000,0.0000,0.0000,0.0000,0.0000,0.0000,0.0000,0.0000,0.0000,0.0000,0.0000,0.0000,0.0000,0.0000
60,3.0000,No dynamic rebalance,6.0000,24887.0349,1493.2221,spend50p,1362.6693,1343.2044,1326.9214,1313.5953,1299.5910,1283.2996,1271.6537,1259.8642,1238.8489,1216.8020,1195.2316,1170.7535,1137.1147,1101.0365,1071.2728,1041.0914,1014.0983,991.0218,966.5426,938.3177,922.6808,906.1988,872.7885,848.6297,809.2556,766.8370,728.0703,695.7967,653.5333,619.9533,570.9543,528.2031,494.7121,445.3185,399.8357,356.2396
60,3.0000,No dynamic rebalance,6.0000,24887.0349,1493.2221,spend75p,1372.5877,1371.8343,1376.5847,1384.6220,1396.5244,1409.9886,1418.1623,1421.7594,1423.6004,1419.6654,1413.5016,1405.1502,1386.1915,1369.9646,1363.9882,1358.3538,1343.7532,1332.7690,1319.8467,1310.7722,1303.7842,1307.3498,1298.0880,1297.3410,1301.1654,1282.5979,1270.9782,1239.1933,1212.6830,1198.0356,1180.8668,1149.9655,1139.2974,1100.0385,1067.4971,1041.1893
60,3.0000,固定最適比率,6.0000,24887.0349,1493.2221,survival,1.0000,1.0000,1.0000,1.0000,1.0000,1.0000,1.0000,0.9990,0.9990,0.9950,0.9895,0.9815,0.9655,0.9490,0.9255,0.9020,0.8760,0.8525,0.8335,0.8050,0.7845,0.7645,0.7380,0.7170,0.6910,0.6700,0.6530,0.6370,0.6190,0.6070,0.5910,0.5775,0.5700,0.5560,0.5450,0.5330
60,3.0000,固定最適比率,6.0000,24887.0349,1493.2221,spend25p,1353.3879,1315.8539,1280.0152,1247.6946,1213.4456,1179.5730,1150.0701,1113.9751,1074.0535,1031.6782,989.0068,952.0371,910.9798,864.8537,810.7974,773.4409,725.1359,669.8966,621.4549,553.7367,499.6280,414.5265,0.0000,0.0000,0.0000,0.0000,0.0000,0.0000,0.0000,0.0000,0.0000,0.0000,0.0000,0.0000,0.0000,0.0000
60,3.0000,固定最適比率,6.0000,24887.0349,1493.2221,spend50p,1362.6693,1343.2044,1326.9214,1313.5953,1299.5910,1283.2996,1271.6537,1259.8642,1238.8489,1216.8020,1195.2316,1170.7535,1137.1147,1101.0365,1071.2728,1041.0914,1014.0983,991.0218,966.5426,938.3177,922.6808,906.1988,872.7885,848.6297,809.2556,766.8370,728.0703,695.7967,653.5333,619.9533,570.9543,528.2031,494.7121,445.3185,399.8357,356.2396
60,3.0000,固定最適比率,6.0000,24887.0349,1493.2221,spend75p,1372.5877,1371.8343,1376.5847,1384.6220,1396.5244,1409.9886,1418.1623,1421.7594,1423.6004,1419.6654,1413.5016,1405.1502,1386.1915,1369.9646,1363.9882,1358.3538,1343.7532,1332.7690,1319.8467,1310.7722,1303.7842,1307.3498,1298.0880,1297.3410,1301.1654,1282.5979,1270.9782,1239.1933,1212.6830,1198.0356,1180.8668,1149.9655,1139.2974,1100.0385,1067.4971,1041.1893
60,3.0000,DynamicV1Rebalance,6.0000,24887.0349,1493.2221,survival,1.0000,1.0000,1.0000,1.0000,1.0000,1.0000,1.0000,0.9990,0.9990,0.9950,0.9895,0.9820,0.9655,0.9505,0.9260,0.9030,0.8770,0.8570,0.8365,0.8105,0.7915,0.7740,0.7570,0.7370,0.7185,0.7035,0.6865,0.6735,0.6660,0.6575,0.6430,0.6355,0.6285,0.6200,0.6145,0.6075
60,3.0000,DynamicV1Rebalance,6.0000,24887.0349,1493.2221,spend25p,1353.3879,1315.8539,1280.0152,1247.6946,1213.4456,1179.5730,1150.0701,1113.9751,1074.0535,1031.6782,989.0068,952.2561,910.9798,867.5056,811.5886,774.6847,726.8437,678.5119,625.8319,571.9054,513.0380,458.6496,337.0503,0.0000,0.0000,0.0000,0.0000,0.0000,0.0000,0.0000,0.0000,0.0000,0.0000,0.0000,0.0000,0.0000
60,3.0000,DynamicV1Rebalance,6.0000,24887.0349,1493.2221,spend50p,1362.6693,1343.2044,1326.9214,1313.5953,1299.5910,1283.2996,1271.6537,1259.8642,1238.8489,1216.8020,1195.2316,1171.2202,1137.1147,1104.0247,1071.8092,1043.2403,1015.0485,996.2843,968.6541,943.0911,930.2323,917.4056,898.5580,877.6424,851.0609,832.1622,790.7435,757.8014,743.4855,717.2360,686.6737,661.2985,634.3016,612.9873,583.0306,559.4145
60,3.0000,DynamicV1Rebalance,6.0000,24887.0349,1493.2221,spend75p,1372.5877,1371.8343,1376.5847,1384.6220,1396.5244,1409.9886,1418.1623,1421.7594,1423.6004,1419.6654,1413.5016,1405.3505,1386.1915,1370.1994,1364.5195,1358.8662,1344.4556,1339.6142,1321.4277,1317.8248,1313.8152,1320.4003,1323.9824,1320.7934,1328.0826,1330.3889,1322.8719,1309.4525,1312.4109,1305.7219,1292.5022,1266.1680,1257.7848,1251.4895,1232.3564,1205.5032
60,3.0000,SpendAwareDPRebalance (re60),6.0000,24887.0349,1493.2221,survival,1.0000,1.0000,1.0000,1.0000,1.0000,1.0000,1.0000,0.9990,0.9990,0.9960,0.9920,0.9875,0.9775,0.9660,0.9540,0.9405,0.9235,0.9130,0.8980,0.8820,0.8650,0.8525,0.8310,0.8115,0.7940,0.7745,0.7525,0.7360,0.7165,0.6985,0.6855,0.6730,0.6550,0.6395,0.6230,0.5940
60,3.0000,SpendAwareDPRebalance (re60),6.0000,24887.0349,1493.2221,spend25p,1353.3879,1315.8539,1280.0152,1247.6946,1213.4456,1179.5730,1150.0701,1113.9751,1074.0535,1032.6925,991.6462,956.1808,922.0909,881.4480,846.8126,813.0003,782.2696,760.2546,736.5964,703.9247,663.0754,636.9972,586.8451,544.2946,482.3554,427.1318,241.8590,0.0000,0.0000,0.0000,0.0000,0.0000,0.0000,0.0000,0.0000,0.0000
60,3.0000,SpendAwareDPRebalance (re60),6.0000,24887.0349,1493.2221,spend50p,1362.6693,1343.2044,1326.9214,1313.5953,1299.5910,1283.2996,1271.6537,1259.8642,1238.8489,1217.7011,1196.8177,1175.0209,1149.2999,1117.7964,1093.0634,1070.4345,1054.9187,1047.0776,1035.4111,1013.2716,1000.0747,997.1582,972.5129,952.3279,941.3655,908.8474,874.7602,844.5426,806.7955,767.8938,733.1549,702.1367,660.5533,617.1312,579.7265,507.4795
60,3.0000,SpendAwareDPRebalance (re60),6.0000,24887.0349,1493.2221,spend75p,1372.5877,1371.8343,1376.5847,1384.6220,1396.5244,1409.9886,1418.1623,1421.7594,1423.6004,1419.9446,1414.4145,1408.0482,1394.0674,1382.5465,1386.0866,1379.2586,1377.0381,1390.0723,1398.4963,1381.7774,1370.9522,1370.7482,1375.7437,1366.5540,1363.7347,1355.5947,1336.8796,1323.6785,1311.0129,1279.7473,1258.6731,1232.2286,1199.8184,1158.9621,1116.3052,1033.4067
60,3.0000,SpendAwareDPRebalance (re40),6.0000,24887.0349,1493.2221,survival,1.0000,1.0000,1.0000,1.0000,1.0000,1.0000,1.0000,0.9990,0.9990,0.9960,0.9930,0.9870,0.9775,0.9655,0.9545,0.9385,0.9260,0.9125,0.8980,0.8800,0.8620,0.8510,0.8305,0.8125,0.7960,0.7770,0.7585,0.7390,0.7215,0.6970,0.6825,0.6685,0.6515,0.6325,0.6130,0.5795
60,3.0000,SpendAwareDPRebalance (re40),6.0000,24887.0349,1493.2221,spend25p,1353.3879,1315.8539,1280.0152,1247.6946,1213.4456,1179.5730,1150.0701,1113.9751,1074.0535,1032.6925,992.3066,955.2566,921.5149,881.4480,848.9717,808.3890,782.7823,760.2546,737.2618,701.6528,654.4751,630.4842,585.8136,546.5045,485.9412,435.6056,312.1671,0.0000,0.0000,0.0000,0.0000,0.0000,0.0000,0.0000,0.0000,0.0000
60,3.0000,SpendAwareDPRebalance (re40),6.0000,24887.0349,1493.2221,spend50p,1362.6693,1343.2044,1326.9214,1313.5953,1299.5910,1283.2996,1271.6537,1259.8642,1238.8489,1217.7011,1197.5403,1175.2388,1148.8923,1117.7964,1093.1110,1068.2842,1056.0404,1047.6026,1034.5036,1010.8361,996.1607,994.3463,972.5129,955.6938,943.8201,917.2435,890.6719,853.2308,815.8312,768.6269,730.7123,697.8430,656.8369,614.4308,561.5646,462.6860
60,3.0000,SpendAwareDPRebalance (re40),6.0000,24887.0349,1493.2221,spend75p,1372.5877,1371.8343,1376.5847,1384.6220,1396.5244,1409.9886,1418.1623,1421.7594,1423.6004,1419.9446,1414.4145,1408.4254,1393.4786,1382.5465,1385.0237,1377.0366,1379.6112,1390.0723,1390.4524,1372.6513,1364.0587,1367.7056,1376.5742,1369.9817,1366.8143,1371.8552,1348.3275,1332.1577,1315.6171,1279.7473,1248.2949,1227.0023,1194.8514,1129.8568,1076.5010,998.6091
60,3.0000,No dynamic rebalance,7.0000,21331.7442,1493.2221,survival,1.0000,1.0000,1.0000,1.0000,1.0000,1.0000,0.9990,0.9980,0.9935,0.9870,0.9675,0.9485,0.9180,0.8860,0.8475,0.8180,0.7875,0.7555,0.7240,0.6955,0.6625,0.6370,0.6115,0.5910,0.5730,0.5505,0.5335,0.5185,0.5025,0.4880,0.4775,0.4680,0.4590,0.4485,0.4375,0.4275
60,3.0000,No dynamic rebalance,7.0000,21331.7442,1493.2221,spend25p,1353.3879,1315.8539,1280.0152,1247.6946,1213.4456,1179.5730,1149.2700,1113.6046,1069.4259,1025.8863,975.5791,930.4523,866.2405,800.5383,726.3564,641.3797,547.4907,393.8823,0.0000,0.0000,0.0000,0.0000,0.0000,0.0000,0.0000,0.0000,0.0000,0.0000,0.0000,0.0000,0.0000,0.0000,0.0000,0.0000,0.0000,0.0000
60,3.0000,No dynamic rebalance,7.0000,21331.7442,1493.2221,spend50p,1362.6693,1343.2044,1326.9214,1313.5953,1299.5910,1283.2996,1271.1782,1259.4897,1235.7554,1211.7273,1181.8037,1147.4790,1100.3700,1055.8903,1004.2283,974.8297,936.7313,900.3850,859.9966,818.0726,776.8513,725.4241,684.3396,630.3498,594.6157,524.8669,460.0388,387.5206,217.1169,0.0000,0.0000,0.0000,0.0000,0.0000,0.0000,0.0000
60,3.0000,No dynamic rebalance,7.0000,21331.7442,1493.2221,spend75p,1372.5877,1371.8343,1376.5847,1384.6220,1396.5244,1409.9886,1416.5458,1420.2449,1421.1444,1414.5762,1399.9225,1379.5694,1352.3932,1334.5139,1310.6635,1292.4364,1276.5335,1249.0714,1227.3038,1210.1605,1195.4486,1187.3683,1164.2086,1147.6789,1131.2153,1106.2595,1092.6729,1077.4162,1040.2572,1009.9760,977.8735,946.5696,928.9105,881.9749,855.3295,830.3604
60,3.0000,固定最適比率,7.0000,21331.7442,1493.2221,survival,1.0000,1.0000,1.0000,1.0000,1.0000,1.0000,0.9990,0.9980,0.9935,0.9870,0.9675,0.9485,0.9180,0.8860,0.8475,0.8180,0.7875,0.7555,0.7240,0.6955,0.6625,0.6370,0.6115,0.5910,0.5730,0.5505,0.5335,0.5185,0.5025,0.4880,0.4775,0.4680,0.4590,0.4485,0.4375,0.4275
60,3.0000,固定最適比率,7.0000,21331.7442,1493.2221,spend25p,1353.3879,1315.8539,1280.0152,1247.6946,1213.4456,1179.5730,1149.2700,1113.6046,1069.4259,1025.8863,975.5791,930.4523,866.2405,800.5383,726.3564,641.3797,547.4907,393.8823,0.0000,0.0000,0.0000,0.0000,0.0000,0.0000,0.0000,0.0000,0.0000,0.0000,0.0000,0.0000,0.0000,0.0000,0.0000,0.0000,0.0000,0.0000
60,3.0000,固定最適比率,7.0000,21331.7442,1493.2221,spend50p,1362.6693,1343.2044,1326.9214,1313.5953,1299.5910,1283.2996,1271.1782,1259.4897,1235.7554,1211.7273,1181.8037,1147.4790,1100.3700,1055.8903,1004.2283,974.8297,936.7313,900.3850,859.9966,818.0726,776.8513,725.4241,684.3396,630.3498,594.6157,524.8669,460.0388,387.5206,217.1169,0.0000,0.0000,0.0000,0.0000,0.0000,0.0000,0.0000
60,3.0000,固定最適比率,7.0000,21331.7442,1493.2221,spend75p,1372.5877,1371.8343,1376.5847,1384.6220,1396.5244,1409.9886,1416.5458,1420.2449,1421.1444,1414.5762,1399.9225,1379.5694,1352.3932,1334.5139,1310.6635,1292.4364,1276.5335,1249.0714,1227.3038,1210.1605,1195.4486,1187.3683,1164.2086,1147.6789,1131.2153,1106.2595,1092.6729,1077.4162,1040.2572,1009.9760,977.8735,946.5696,928.9105,881.9749,855.3295,830.3604
60,3.0000,DynamicV1Rebalance,7.0000,21331.7442,1493.2221,survival,1.0000,1.0000,1.0000,1.0000,1.0000,1.0000,0.9990,0.9980,0.9935,0.9870,0.9675,0.9485,0.9180,0.8860,0.8475,0.8185,0.7880,0.7575,0.7260,0.6980,0.6665,0.6425,0.6225,0.6035,0.5880,0.5695,0.5565,0.5430,0.5310,0.5205,0.5130,0.5055,0.4980,0.4895,0.4830,0.4790
60,3.0000,DynamicV1Rebalance,7.0000,21331.7442,1493.2221,spend25p,1353.3879,1315.8539,1280.0152,1247.6946,1213.4456,1179.5730,1149.2700,1113.6046,1069.4259,1025.8863,975.5791,930.4523,866.2405,800.5383,726.3564,643.6250,549.1854,410.7108,0.0000,0.0000,0.0000,0.0000,0.0000,0.0000,0.0000,0.0000,0.0000,0.0000,0.0000,0.0000,0.0000,0.0000,0.0000,0.0000,0.0000,0.0000
60,3.0000,DynamicV1Rebalance,7.0000,21331.7442,1493.2221,spend50p,1362.6693,1343.2044,1326.9214,1313.5953,1299.5910,1283.2996,1271.1782,1259.4897,1235.7554,1211.7273,1181.8037,1147.4790,1100.3700,1055.8903,1004.2283,975.4838,936.8168,902.2210,862.5540,820.9081,782.6321,736.6592,698.8862,655.3381,624.7061,578.6785,530.9810,475.2095,427.8767,381.9984,322.9068,243.5868,0.0000,0.0000,0.0000,0.0000
60,3.0000,DynamicV1Rebalance,7.0000,21331.7442,1493.2221,spend75p,1372.5877,1371.8343,1376.5847,1384.6220,1396.5244,1409.9886,1416.5458,1420.2449,1421.1444,1414.5762,1399.9225,1379.5694,1352.3932,1334.5139,1310.6635,1293.0614,1277.6042,1251.4900,1231.6758,1213.7214,1199.0217,1189.5012,1182.6865,1163.5781,1159.9115,1141.2194,1132.1595,1108.3105,1097.8821,1083.2097,1061.9041,1044.4581,1010.0069,984.4139,965.6722,949.7963
60,3.0000,SpendAwareDPRebalance (re60),7.0000,21331.7442,1493.2221,survival,1.0000,1.0000,1.0000,1.0000,1.0000,1.0000,0.9990,0.9980,0.9940,0.9875,0.9720,0.9555,0.9275,0.9020,0.8750,0.8460,0.8215,0.7950,0.7685,0.7455,0.7175,0.6935,0.6745,0.6580,0.6325,0.6200,0.6045,0.5870,0.5650,0.5520,0.5365,0.5205,0.5045,0.4860,0.4700,0.4485
60,3.0000,SpendAwareDPRebalance (re60),7.0000,21331.7442,1493.2221,spend25p,1353.3879,1315.8539,1280.0152,1247.6946,1213.4456,1179.5730,1149.2700,1113.6046,1070.2260,1026.4154,979.6729,937.6318,872.3237,815.5778,763.1008,696.4222,630.8075,561.7395,459.4726,0.0000,0.0000,0.0000,0.0000,0.0000,0.0000,0.0000,0.0000,0.0000,0.0000,0.0000,0.0000,0.0000,0.0000,0.0000,0.0000,0.0000
60,3.0000,SpendAwareDPRebalance (re60),7.0000,21331.7442,1493.2221,spend50p,1362.6693,1343.2044,1326.9214,1313.5953,1299.5910,1283.2996,1271.1782,1259.4897,1235.8963,1212.1740,1186.0176,1152.3375,1107.7593,1071.4598,1031.1807,994.8085,971.8786,934.2469,905.3461,879.6712,848.7652,818.7585,785.6339,750.2668,705.4474,677.6027,644.2657,592.3111,527.5514,473.1292,419.2270,348.8814,215.2048,0.0000,0.0000,0.0000
60,3.0000,SpendAwareDPRebalance (re60),7.0000,21331.7442,1493.2221,spend75p,1372.5877,1371.8343,1376.5847,1384.6220,1396.5244,1409.9886,1416.5458,1420.2449,1421.1444,1414.5762,1404.4979,1385.5650,1355.2602,1342.9888,1329.5929,1306.6253,1302.2889,1282.9541,1265.3062,1253.6261,1235.4160,1227.2277,1223.9115,1215.3565,1177.3648,1168.3504,1166.9417,1141.8217,1098.8619,1076.6260,1044.3287,998.6623,960.4556,895.5411,848.6047,796.5222
60,3.0000,SpendAwareDPRebalance (re40),7.0000,21331.7442,1493.2221,survival,1.0000,1.0000,1.0000,1.0000,1.0000,1.0000,0.9990,0.9980,0.9940,0.9875,0.9730,0.9550,0.9250,0.9025,0.8740,0.8450,0.8205,0.7920,0.7700,0.7425,0.7145,0.6940,0.6745,0.6535,0.6360,0.6225,0.6025,0.5895,0.5710,0.5550,0.5395,0.5225,0.5015,0.4810,0.4685,0.4475
60,3.0000,SpendAwareDPRebalance (re40),7.0000,21331.7442,1493.2221,spend25p,1353.3879,1315.8539,1280.0152,1247.6946,1213.4456,1179.5730,1149.2700,1113.6046,1070.2260,1026.4154,980.5397,937.1579,870.6797,816.3274,761.7011,694.6711,629.6184,553.9091,465.0678,0.0000,0.0000,0.0000,0.0000,0.0000,0.0000,0.0000,0.0000,0.0000,0.0000,0.0000,0.0000,0.0000,0.0000,0.0000,0.0000,0.0000
60,3.0000,SpendAwareDPRebalance (re40),7.0000,21331.7442,1493.2221,spend50p,1362.6693,1343.2044,1326.9214,1313.5953,1299.5910,1283.2996,1271.1782,1259.4897,1235.8963,1212.1740,1187.5173,1152.1954,1106.4161,1071.1273,1030.7536,993.4054,971.2172,931.2492,910.3023,872.1472,848.1311,818.3740,785.6339,744.6783,709.2129,680.3800,642.4177,597.9719,544.4581,479.8962,430.5745,358.2889,140.9872,0.0000,0.0000,0.0000
60,3.0000,SpendAwareDPRebalance (re40),7.0000,21331.7442,1493.2221,spend75p,1372.5877,1371.8343,1376.5847,1384.6220,1396.5244,1409.9886,1416.5458,1420.2449,1421.1444,1414.5762,1407.3748,1385.5650,1354.8290,1342.2372,1328.4929,1303.7068,1302.9946,1282.6868,1272.6509,1251.9480,1235.4160,1226.8404,1222.5772,1213.0847,1189.1409,1183.4089,1164.1120,1157.3225,1118.1583,1086.7778,1057.4017,1009.2524,960.3082,892.3993,851.1437,801.2483
60,3.0000,No dynamic rebalance,8.0000,18665.2762,1493.2221,survival,1.0000,1.0000,1.0000,1.0000,1.0000,1.0000,0.9985,0.9940,0.9830,0.9590,0.9305,0.8900,0.8425,0.8000,0.7620,0.7195,0.6770,0.6405,0.6090,0.5755,0.5475,0.5225,0.5015,0.4800,0.4570,0.4425,0.4265,0.4135,0.3985,0.3840,0.3700,0.3610,0.3480,0.3360,0.3275,0.3170
60,3.0000,No dynamic rebalance,8.0000,18665.2762,1493.2221,spend25p,1353.3879,1315.8539,1280.0152,1247.6946,1213.4456,1179.5730,1148.5791,1110.2749,1062.4452,1007.1780,947.3504,873.0705,775.8019,658.8698,505.5620,0.0000,0.0000,0.0000,0.0000,0.0000,0.0000,0.0000,0.0000,0.0000,0.0000,0.0000,0.0000,0.0000,0.0000,0.0000,0.0000,0.0000,0.0000,0.0000,0.0000,0.0000
60,3.0000,No dynamic rebalance,8.0000,18665.2762,1493.2221,spend50p,1362.6693,1343.2044,1326.9214,1313.5953,1299.5910,1283.2996,1271.0905,1254.9996,1232.3074,1196.1229,1162.7969,1110.2743,1041.7192,986.2439,939.8897,881.6365,818.4577,771.5723,710.8818,621.3706,553.6161,465.0592,253.4711,0.0000,0.0000,0.0000,0.0000,0.0000,0.0000,0.0000,0.0000,0.0000,0.0000,0.0000,0.0000,0.0000
60,3.0000,No dynamic rebalance,8.0000,18665.2762,1493.2221,spend75p,1372.5877,1371.8343,1376.5847,1384.6220,1396.5244,1409.9886,1416.4900,1419.3008,1417.1956,1400.7426,1381.6720,1354.8798,1312.0558,1279.2979,1246.6358,1215.6566,1167.7251,1144.2050,1127.6631,1106.2283,1074.6255,1051.4533,1030.5354,993.3421,959.5133,933.6952,899.3051,871.0204,828.5490,790.9715,746.6904,716.8152,669.9020,615.8010,569.8911,540.9770
60,3.0000,固定最適比率,8.0000,18665.2762,1493.2221,survival,1.0000,1.0000,1.0000,1.0000,1.0000,1.0000,0.9985,0.9940,0.9830,0.9590,0.9305,0.8900,0.8425,0.8000,0.7620,0.7195,0.6770,0.6405,0.6090,0.5755,0.5475,0.5225,0.5015,0.4800,0.4570,0.4425,0.4265,0.4135,0.3985,0.3840,0.3700,0.3610,0.3480,0.3360,0.3275,0.3170
60,3.0000,固定最適比率,8.0000,18665.2762,1493.2221,spend25p,1353.3879,1315.8539,1280.0152,1247.6946,1213.4456,1179.5730,1148.5791,1110.2749,1062.4452,1007.1780,947.3504,873.0705,775.8019,658.8698,505.5620,0.0000,0.0000,0.0000,0.0000,0.0000,0.0000,0.0000,0.0000,0.0000,0.0000,0.0000,0.0000,0.0000,0.0000,0.0000,0.0000,0.0000,0.0000,0.0000,0.0000,0.0000
60,3.0000,固定最適比率,8.0000,18665.2762,1493.2221,spend50p,1362.6693,1343.2044,1326.9214,1313.5953,1299.5910,1283.2996,1271.0905,1254.9996,1232.3074,1196.1229,1162.7969,1110.2743,1041.7192,986.2439,939.8897,881.6365,818.4577,771.5723,710.8818,621.3706,553.6161,465.0592,253.4711,0.0000,0.0000,0.0000,0.0000,0.0000,0.0000,0.0000,0.0000,0.0000,0.0000,0.0000,0.0000,0.0000
60,3.0000,固定最適比率,8.0000,18665.2762,1493.2221,spend75p,1372.5877,1371.8343,1376.5847,1384.6220,1396.5244,1409.9886,1416.4900,1419.3008,1417.1956,1400.7426,1381.6720,1354.8798,1312.0558,1279.2979,1246.6358,1215.6566,1167.7251,1144.2050,1127.6631,1106.2283,1074.6255,1051.4533,1030.5354,993.3421,959.5133,933.6952,899.3051,871.0204,828.5490,790.9715,746.6904,716.8152,669.9020,615.8010,569.8911,540.9770
60,3.0000,DynamicV1Rebalance,8.0000,18665.2762,1493.2221,survival,1.0000,1.0000,1.0000,1.0000,1.0000,1.0000,0.9985,0.9940,0.9830,0.9590,0.9305,0.8900,0.8425,0.8000,0.7620,0.7195,0.6770,0.6415,0.6105,0.5770,0.5490,0.5260,0.5065,0.4865,0.4670,0.4530,0.4390,0.4285,0.4210,0.4125,0.4030,0.3955,0.3900,0.3825,0.3740,0.3670
60,3.0000,DynamicV1Rebalance,8.0000,18665.2762,1493.2221,spend25p,1353.3879,1315.8539,1280.0152,1247.6946,1213.4456,1179.5730,1148.5791,1110.2749,1062.4452,1007.1780,947.3504,873.0705,775.8019,658.8698,505.5620,0.0000,0.0000,0.0000,0.0000,0.0000,0.0000,0.0000,0.0000,0.0000,0.0000,0.0000,0.0000,0.0000,0.0000,0.0000,0.0000,0.0000,0.0000,0.0000,0.0000,0.0000
60,3.0000,DynamicV1Rebalance,8.0000,18665.2762,1493.2221,spend50p,1362.6693,1343.2044,1326.9214,1313.5953,1299.5910,1283.2996,1271.0905,1254.9996,1232.3074,1196.1229,1162.7969,1110.2743,1041.7192,986.2439,939.8897,881.6365,818.4577,771.9484,713.6163,623.4119,558.3008,470.2428,331.0277,0.0000,0.0000,0.0000,0.0000,0.0000,0.0000,0.0000,0.0000,0.0000,0.0000,0.0000,0.0000,0.0000
60,3.0000,DynamicV1Rebalance,8.0000,18665.2762,1493.2221,spend75p,1372.5877,1371.8343,1376.5847,1384.6220,1396.5244,1409.9886,1416.4900,1419.3008,1417.1956,1400.7426,1381.6720,1354.8798,1312.0558,1279.2979,1246.6358,1215.6566,1167.7251,1144.4429,1129.3698,1107.0449,1075.2936,1059.2287,1037.3174,1002.0271,974.7398,954.8578,926.5654,912.8849,881.1497,855.6905,818.0619,803.8416,788.3142,755.3022,729.8180,692.6468
60,3.0000,SpendAwareDPRebalance (re60),8.0000,18665.2762,1493.2221,survival,1.0000,1.0000,1.0000,1.0000,1.0000,1.0000,0.9985,0.9940,0.9830,0.9590,0.9325,0.8910,0.8480,0.8040,0.7670,0.7300,0.6945,0.6610,0.6355,0.6075,0.5830,0.5610,0.5400,0.5220,0.5015,0.4860,0.4655,0.4535,0.4380,0.4260,0.4120,0.4045,0.3915,0.3790,0.3700,0.3505
60,3.0000,SpendAwareDPRebalance (re60),8.0000,18665.2762,1493.2221,spend25p,1353.3879,1315.8539,1280.0152,1247.6946,1213.4456,1179.5730,1148.5791,1110.2749,1062.4452,1007.1780,949.3763,874.5392,782.3107,667.3304,528.3603,0.0000,0.0000,0.0000,0.0000,0.0000,0.0000,0.0000,0.0000,0.0000,0.0000,0.0000,0.0000,0.0000,0.0000,0.0000,0.0000,0.0000,0.0000,0.0000,0.0000,0.0000
60,3.0000,SpendAwareDPRebalance (re60),8.0000,18665.2762,1493.2221,spend50p,1362.6693,1343.2044,1326.9214,1313.5953,1299.5910,1283.2996,1271.0905,1254.9996,1232.3074,1196.1229,1163.3706,1110.7200,1047.1676,989.1248,944.0147,893.6838,837.5728,789.9389,756.8675,699.5820,633.4875,577.0263,508.2737,445.1211,228.7916,0.0000,0.0000,0.0000,0.0000,0.0000,0.0000,0.0000,0.0000,0.0000,0.0000,0.0000
60,3.0000,SpendAwareDPRebalance (re60),8.0000,18665.2762,1493.2221,spend75p,1372.5877,1371.8343,1376.5847,1384.6220,1396.5244,1409.9886,1416.4900,1419.3008,1417.1956,1400.7426,1383.7762,1355.4507,1317.5977,1282.0791,1252.2668,1226.2706,1182.1444,1155.0034,1147.2666,1126.7861,1115.7380,1087.6555,1072.8344,1054.6889,1018.1607,989.3659,955.4320,937.4297,891.5320,852.3248,810.5768,794.6882,759.4112,718.8243,674.2878,602.3188
60,3.0000,SpendAwareDPRebalance (re40),8.0000,18665.2762,1493.2221,survival,1.0000,1.0000,1.0000,1.0000,1.0000,1.0000,0.9985,0.9940,0.9830,0.9615,0.9330,0.8885,0.8435,0.8040,0.7640,0.7265,0.6895,0.6590,0.6335,0.6025,0.5800,0.5610,0.5405,0.5195,0.5010,0.4860,0.4705,0.4575,0.4470,0.4290,0.4170,0.4065,0.3900,0.3750,0.3635,0.3420
60,3.0000,SpendAwareDPRebalance (re40),8.0000,18665.2762,1493.2221,spend25p,1353.3879,1315.8539,1280.0152,1247.6946,1213.4456,1179.5730,1148.5791,1110.2749,1062.4452,1008.2434,949.3763,871.2877,776.6799,667.3304,514.6152,0.0000,0.0000,0.0000,0.0000,0.0000,0.0000,0.0000,0.0000,0.0000,0.0000,0.0000,0.0000,0.0000,0.0000,0.0000,0.0000,0.0000,0.0000,0.0000,0.0000,0.0000
60,3.0000,SpendAwareDPRebalance (re40),8.0000,18665.2762,1493.2221,spend50p,1362.6693,1343.2044,1326.9214,1313.5953,1299.5910,1283.2996,1271.0905,1254.9996,1232.3074,1196.6859,1163.6439,1107.6837,1044.4346,992.1889,941.5662,889.3205,829.5045,789.2402,753.4096,685.9689,629.5845,577.0263,510.3382,431.3189,200.2709,0.0000,0.0000,0.0000,0.0000,0.0000,0.0000,0.0000,0.0000,0.0000,0.0000,0.0000
60,3.0000,SpendAwareDPRebalance (re40),8.0000,18665.2762,1493.2221,spend75p,1372.5877,1371.8343,1376.5847,1384.6220,1396.5244,1409.9886,1416.4900,1419.3008,1417.1956,1402.0020,1383.8112,1349.6931,1315.3517,1283.0045,1251.4209,1224.7414,1172.0506,1153.1079,1142.4908,1123.3925,1112.8471,1087.6555,1078.1892,1054.1248,1021.2024,993.1800,968.1073,945.9194,918.4284,859.9096,818.7250,801.8299,759.4112,713.8778,660.5088,586.6583
