pension_start_age,spend_multiplier,strategy,spending_rule,initial_money,initial_annual_cost,value_type,1,2,3,4,5,6,7,8,9,10,11,12,13,14,15,16,17,18,19,20,21,22,23,24,25,26,27,28,29,30,31,32,33,34,35
70,0.7500,No dynamic rebalance,2.5000,14932.2209,373.3055,survival,1.0000,1.0000,1.0000,1.0000,1.0000,1.0000,1.0000,1.0000,1.0000,1.0000,1.0000,1.0000,1.0000,1.0000,1.0000,1.0000,1.0000,1.0000,1.0000,1.0000,1.0000,1.0000,1.0000,1.0000,1.0000,1.0000,1.0000,1.0000,1.0000,1.0000,1.0000,1.0000,1.0000,1.0000,1.0000
70,0.7500,No dynamic rebalance,2.5000,14932.2209,373.3055,spend25p,373.7128,364.1934,355.6448,346.3677,337.8628,329.3322,320.9544,311.5580,303.0975,294.3246,-2.3037,-14.2931,-26.2258,-36.6676,-46.0220,-54.5883,-61.9095,-68.7798,-75.2070,-81.1390,-87.1158,-93.0242,-98.7666,-105.1105,-112.4609,-120.5343,-130.4492,-140.5607,-152.1578,-165.4524,-180.1699,-196.5997,-215.2145,-235.1507,-256.2297
70,0.7500,No dynamic rebalance,2.5000,14932.2209,373.3055,spend50p,376.2463,371.4735,367.6011,364.2788,362.3187,360.1409,356.4873,353.2813,348.3951,343.5171,12.6377,-0.2583,-12.5450,-24.3638,-34.7047,-44.0918,-52.7111,-60.3684,-67.4195,-73.9466,-80.0945,-85.8788,-91.8512,-97.9305,-104.3593,-111.6812,-119.9068,-128.8689,-138.7162,-149.4649,-160.7476,-173.1774,-186.7861,-201.1975,-216.4234
70,0.7500,No dynamic rebalance,2.5000,14932.2209,373.3055,spend75p,378.7920,379.2366,381.2593,383.5840,386.7655,390.8211,395.5651,399.6126,400.5010,402.3291,26.6642,13.3949,0.1763,-12.3708,-23.7847,-34.4025,-43.7884,-52.0660,-59.5515,-66.4664,-72.7876,-78.7817,-84.8203,-90.8732,-97.5052,-104.5990,-112.0282,-119.8661,-127.9403,-137.2939,-146.6229,-156.1575,-167.0968,-177.6203,-189.0831
70,0.7500,固定最適比率,2.5000,14932.2209,373.3055,survival,1.0000,1.0000,1.0000,1.0000,1.0000,1.0000,1.0000,1.0000,1.0000,1.0000,1.0000,1.0000,1.0000,1.0000,1.0000,1.0000,1.0000,1.0000,1.0000,1.0000,1.0000,1.0000,1.0000,1.0000,1.0000,1.0000,1.0000,1.0000,1.0000,1.0000,1.0000,1.0000,1.0000,1.0000,1.0000
70,0.7500,固定最適比率,2.5000,14932.2209,373.3055,spend25p,373.7128,364.1934,355.6448,346.3677,337.8628,329.3322,320.9544,311.5580,303.0975,294.3246,-2.3037,-14.2931,-26.2258,-36.6676,-46.0220,-54.5883,-61.9095,-68.7798,-75.2070,-81.1390,-87.1158,-93.0242,-98.7666,-105.1105,-112.4609,-120.5343,-130.4492,-140.5607,-152.1578,-165.4524,-180.1699,-196.5997,-215.2145,-235.1507,-256.2297
70,0.7500,固定最適比率,2.5000,14932.2209,373.3055,spend50p,376.2463,371.4735,367.6011,364.2788,362.3187,360.1409,356.4873,353.2813,348.3951,343.5171,12.6377,-0.2583,-12.5450,-24.3638,-34.7047,-44.0918,-52.7111,-60.3684,-67.4195,-73.9466,-80.0945,-85.8788,-91.8512,-97.9305,-104.3593,-111.6812,-119.9068,-128.8689,-138.7162,-149.4649,-160.7476,-173.1774,-186.7861,-201.1975,-216.4234
70,0.7500,固定最適比率,2.5000,14932.2209,373.3055,spend75p,378.7920,379.2366,381.2593,383.5840,386.7655,390.8211,395.5651,399.6126,400.5010,402.3291,26.6642,13.3949,0.1763,-12.3708,-23.7847,-34.4025,-43.7884,-52.0660,-59.5515,-66.4664,-72.7876,-78.7817,-84.8203,-90.8732,-97.5052,-104.5990,-112.0282,-119.8661,-127.9403,-137.2939,-146.6229,-156.1575,-167.0968,-177.6203,-189.0831
70,0.7500,DynamicV1Rebalance,2.5000,14932.2209,373.3055,survival,1.0000,1.0000,1.0000,1.0000,1.0000,1.0000,1.0000,1.0000,1.0000,1.0000,1.0000,1.0000,1.0000,1.0000,1.0000,1.0000,1.0000,1.0000,1.0000,1.0000,1.0000,1.0000,1.0000,1.0000,1.0000,1.0000,1.0000,1.0000,1.0000,1.0000,1.0000,1.0000,1.0000,1.0000,1.0000
70,0.7500,DynamicV1Rebalance,2.5000,14932.2209,373.3055,spend25p,373.7128,364.1934,355.6448,346.3677,337.8628,329.3322,320.9544,311.5580,303.0975,294.3246,-2.3037,-14.2931,-26.2258,-36.6676,-46.0220,-54.5883,-61.9095,-68.7798,-75.2070,-81.1390,-87.1158,-93.0242,-98.7666,-105.1105,-112.4609,-120.5343,-130.4492,-140.5607,-152.1578,-165.4524,-180.1699,-196.5997,-215.2145,-235.1507,-256.2297
70,0.7500,DynamicV1Rebalance,2.5000,14932.2209,373.3055,spend50p,376.2463,371.4735,367.6011,364.2788,362.3187,360.1409,356.4873,353.2813,348.3951,343.5171,12.6377,-0.2583,-12.5450,-24.3638,-34.7047,-44.0918,-52.7111,-60.3684,-67.4195,-73.9466,-80.0945,-85.8788,-91.8512,-97.9305,-104.3593,-111.6812,-119.9068,-128.8689,-138.7162,-149.4649,-160.7476,-173.1774,-186.7861,-201.1975,-216.4234
70,0.7500,DynamicV1Rebalance,2.5000,14932.2209,373.3055,spend75p,378.7920,379.2366,381.2593,383.5840,386.7655,390.8211,395.5651,399.6126,400.5010,402.3291,26.6642,13.3949,0.1763,-12.3708,-23.7847,-34.4025,-43.7884,-52.0660,-59.5515,-66.4664,-72.7876,-78.7817,-84.8203,-90.8732,-97.5052,-104.5990,-112.0282,-119.8661,-127.9403,-137.2939,-146.6229,-156.1575,-167.0968,-177.6203,-189.0831
70,0.7500,SpendAwareDPRebalance (R70-aware),2.5000,14932.2209,373.3055,survival,1.0000,1.0000,1.0000,1.0000,1.0000,1.0000,1.0000,1.0000,1.0000,1.0000,1.0000,1.0000,1.0000,1.0000,1.0000,1.0000,1.0000,1.0000,1.0000,1.0000,1.0000,1.0000,1.0000,1.0000,1.0000,1.0000,1.0000,1.0000,1.0000,1.0000,1.0000,1.0000,1.0000,1.0000,1.0000
70,0.7500,SpendAwareDPRebalance (R70-aware),2.5000,14932.2209,373.3055,spend25p,373.7128,364.1934,355.6448,346.3677,337.8628,329.3322,320.9544,311.5580,303.0975,294.3246,-2.3037,-14.2931,-26.2258,-36.6676,-46.0220,-54.5883,-61.9095,-68.7798,-75.2070,-81.1390,-87.1158,-93.0242,-98.7666,-105.1105,-112.4609,-120.5343,-130.4492,-140.5607,-152.1578,-165.4524,-180.1699,-196.5997,-215.2145,-235.1507,-256.2297
70,0.7500,SpendAwareDPRebalance (R70-aware),2.5000,14932.2209,373.3055,spend50p,376.2463,371.4735,367.6011,364.2788,362.3187,360.1409,356.4873,353.2813,348.3951,343.5171,12.6377,-0.2583,-12.5450,-24.3638,-34.7047,-44.0918,-52.7111,-60.3684,-67.4195,-73.9466,-80.0945,-85.8788,-91.8512,-97.9305,-104.3593,-111.6812,-119.9068,-128.8689,-138.7162,-149.4649,-160.7476,-173.1774,-186.7861,-201.1975,-216.4234
70,0.7500,SpendAwareDPRebalance (R70-aware),2.5000,14932.2209,373.3055,spend75p,378.7920,379.2366,381.2593,383.5840,386.7655,390.8211,395.5651,399.6126,400.5010,402.3291,26.6642,13.3949,0.1763,-12.3708,-23.7847,-34.4025,-43.7884,-52.0660,-59.5515,-66.4664,-72.7876,-78.7817,-84.8203,-90.8732,-97.5052,-104.5990,-112.0282,-119.8661,-127.9403,-137.2939,-146.6229,-156.1575,-167.0968,-177.6203,-189.0831
70,0.7500,No dynamic rebalance,3.0000,12443.5174,373.3055,survival,1.0000,1.0000,1.0000,1.0000,1.0000,1.0000,1.0000,1.0000,1.0000,1.0000,1.0000,1.0000,1.0000,1.0000,1.0000,1.0000,1.0000,1.0000,1.0000,1.0000,1.0000,1.0000,1.0000,1.0000,1.0000,1.0000,1.0000,1.0000,1.0000,1.0000,1.0000,1.0000,1.0000,1.0000,1.0000
70,0.7500,No dynamic rebalance,3.0000,12443.5174,373.3055,spend25p,373.7128,364.1934,355.6448,346.3677,337.8628,329.3322,320.9544,311.5580,303.0975,294.3246,-2.3037,-14.2931,-26.2258,-36.6676,-46.0220,-54.5883,-61.9095,-68.7798,-75.2070,-81.1390,-87.1158,-93.0242,-98.7666,-105.1105,-112.4609,-120.5343,-130.4492,-140.5607,-152.1578,-165.4524,-180.1699,-196.5997,-215.2145,-235.1507,-256.2297
70,0.7500,No dynamic rebalance,3.0000,12443.5174,373.3055,spend50p,376.2463,371.4735,367.6011,364.2788,362.3187,360.1409,356.4873,353.2813,348.3951,343.5171,12.6377,-0.2583,-12.5450,-24.3638,-34.7047,-44.0918,-52.7111,-60.3684,-67.4195,-73.9466,-80.0945,-85.8788,-91.8512,-97.9305,-104.3593,-111.6812,-119.9068,-128.8689,-138.7162,-149.4649,-160.7476,-173.1774,-186.7861,-201.1975,-216.4234
70,0.7500,No dynamic rebalance,3.0000,12443.5174,373.3055,spend75p,378.7920,379.2366,381.2593,383.5840,386.7655,390.8211,395.5651,399.6126,400.5010,402.3291,26.6642,13.3949,0.1763,-12.3708,-23.7847,-34.4025,-43.7884,-52.0660,-59.5515,-66.4664,-72.7876,-78.7817,-84.8203,-90.8732,-97.5052,-104.5990,-112.0282,-119.8661,-127.9403,-137.2939,-146.6229,-156.1575,-167.0968,-177.6203,-189.0831
70,0.7500,固定最適比率,3.0000,12443.5174,373.3055,survival,1.0000,1.0000,1.0000,1.0000,1.0000,1.0000,1.0000,1.0000,1.0000,1.0000,1.0000,1.0000,1.0000,1.0000,1.0000,1.0000,1.0000,1.0000,1.0000,1.0000,1.0000,1.0000,1.0000,1.0000,1.0000,1.0000,1.0000,1.0000,1.0000,1.0000,1.0000,1.0000,1.0000,1.0000,1.0000
70,0.7500,固定最適比率,3.0000,12443.5174,373.3055,spend25p,373.7128,364.1934,355.6448,346.3677,337.8628,329.3322,320.9544,311.5580,303.0975,294.3246,-2.3037,-14.2931,-26.2258,-36.6676,-46.0220,-54.5883,-61.9095,-68.7798,-75.2070,-81.1390,-87.1158,-93.0242,-98.7666,-105.1105,-112.4609,-120.5343,-130.4492,-140.5607,-152.1578,-165.4524,-180.1699,-196.5997,-215.2145,-235.1507,-256.2297
70,0.7500,固定最適比率,3.0000,12443.5174,373.3055,spend50p,376.2463,371.4735,367.6011,364.2788,362.3187,360.1409,356.4873,353.2813,348.3951,343.5171,12.6377,-0.2583,-12.5450,-24.3638,-34.7047,-44.0918,-52.7111,-60.3684,-67.4195,-73.9466,-80.0945,-85.8788,-91.8512,-97.9305,-104.3593,-111.6812,-119.9068,-128.8689,-138.7162,-149.4649,-160.7476,-173.1774,-186.7861,-201.1975,-216.4234
70,0.7500,固定最適比率,3.0000,12443.5174,373.3055,spend75p,378.7920,379.2366,381.2593,383.5840,386.7655,390.8211,395.5651,399.6126,400.5010,402.3291,26.6642,13.3949,0.1763,-12.3708,-23.7847,-34.4025,-43.7884,-52.0660,-59.5515,-66.4664,-72.7876,-78.7817,-84.8203,-90.8732,-97.5052,-104.5990,-112.0282,-119.8661,-127.9403,-137.2939,-146.6229,-156.1575,-167.0968,-177.6203,-189.0831
70,0.7500,DynamicV1Rebalance,3.0000,12443.5174,373.3055,survival,1.0000,1.0000,1.0000,1.0000,1.0000,1.0000,1.0000,1.0000,1.0000,1.0000,1.0000,1.0000,1.0000,1.0000,1.0000,1.0000,1.0000,1.0000,1.0000,1.0000,1.0000,1.0000,1.0000,1.0000,1.0000,1.0000,1.0000,1.0000,1.0000,1.0000,1.0000,1.0000,1.0000,1.0000,1.0000
70,0.7500,DynamicV1Rebalance,3.0000,12443.5174,373.3055,spend25p,373.7128,364.1934,355.6448,346.3677,337.8628,329.3322,320.9544,311.5580,303.0975,294.3246,-2.3037,-14.2931,-26.2258,-36.6676,-46.0220,-54.5883,-61.9095,-68.7798,-75.2070,-81.1390,-87.1158,-93.0242,-98.7666,-105.1105,-112.4609,-120.5343,-130.4492,-140.5607,-152.1578,-165.4524,-180.1699,-196.5997,-215.2145,-235.1507,-256.2297
70,0.7500,DynamicV1Rebalance,3.0000,12443.5174,373.3055,spend50p,376.2463,371.4735,367.6011,364.2788,362.3187,360.1409,356.4873,353.2813,348.3951,343.5171,12.6377,-0.2583,-12.5450,-24.3638,-34.7047,-44.0918,-52.7111,-60.3684,-67.4195,-73.9466,-80.0945,-85.8788,-91.8512,-97.9305,-104.3593,-111.6812,-119.9068,-128.8689,-138.7162,-149.4649,-160.7476,-173.1774,-186.7861,-201.1975,-216.4234
70,0.7500,DynamicV1Rebalance,3.0000,12443.5174,373.3055,spend75p,378.7920,379.2366,381.2593,383.5840,386.7655,390.8211,395.5651,399.6126,400.5010,402.3291,26.6642,13.3949,0.1763,-12.3708,-23.7847,-34.4025,-43.7884,-52.0660,-59.5515,-66.4664,-72.7876,-78.7817,-84.8203,-90.8732,-97.5052,-104.5990,-112.0282,-119.8661,-127.9403,-137.2939,-146.6229,-156.1575,-167.0968,-177.6203,-189.0831
70,0.7500,SpendAwareDPRebalance (R70-aware),3.0000,12443.5174,373.3055,survival,1.0000,1.0000,1.0000,1.0000,1.0000,1.0000,1.0000,1.0000,1.0000,1.0000,1.0000,1.0000,1.0000,1.0000,1.0000,1.0000,1.0000,1.0000,1.0000,1.0000,1.0000,1.0000,1.0000,1.0000,1.0000,1.0000,1.0000,1.0000,1.0000,1.0000,1.0000,1.0000,1.0000,1.0000,1.0000
70,0.7500,SpendAwareDPRebalance (R70-aware),3.0000,12443.5174,373.3055,spend25p,373.7128,364.1934,355.6448,346.3677,337.8628,329.3322,320.9544,311.5580,303.0975,294.3246,-2.3037,-14.2931,-26.2258,-36.6676,-46.0220,-54.5883,-61.9095,-68.7798,-75.2070,-81.1390,-87.1158,-93.0242,-98.7666,-105.1105,-112.4609,-120.5343,-130.4492,-140.5607,-152.1578,-165.4524,-180.1699,-196.5997,-215.2145,-235.1507,-256.2297
70,0.7500,SpendAwareDPRebalance (R70-aware),3.0000,12443.5174,373.3055,spend50p,376.2463,371.4735,367.6011,364.2788,362.3187,360.1409,356.4873,353.2813,348.3951,343.5171,12.6377,-0.2583,-12.5450,-24.3638,-34.7047,-44.0918,-52.7111,-60.3684,-67.4195,-73.9466,-80.0945,-85.8788,-91.8512,-97.9305,-104.3593,-111.6812,-119.9068,-128.8689,-138.7162,-149.4649,-160.7476,-173.1774,-186.7861,-201.1975,-216.4234
70,0.7500,SpendAwareDPRebalance (R70-aware),3.0000,12443.5174,373.3055,spend75p,378.7920,379.2366,381.2593,383.5840,386.7655,390.8211,395.5651,399.6126,400.5010,402.3291,26.6642,13.3949,0.1763,-12.3708,-23.7847,-34.4025,-43.7884,-52.0660,-59.5515,-66.4664,-72.7876,-78.7817,-84.8203,-90.8732,-97.5052,-104.5990,-112.0282,-119.8661,-127.9403,-137.2939,-146.6229,-156.1575,-167.0968,-177.6203,-189.0831
70,0.7500,No dynamic rebalance,4.0000,9332.6381,373.3055,survival,1.0000,1.0000,1.0000,1.0000,1.0000,1.0000,1.0000,1.0000,1.0000,0.9995,0.9995,0.9995,0.9995,0.9995,0.9995,0.9995,0.9995,0.9995,0.9995,0.9995,0.9995,0.9995,0.9995,0.9995,0.9995,0.9995,0.9995,0.9995,0.9995,0.9995,0.9995,0.9995,0.9995,0.9995,0.9995
70,0.7500,No dynamic rebalance,4.0000,9332.6381,373.3055,spend25p,373.7128,364.1934,355.6448,346.3677,337.8628,329.3322,320.9544,311.5580,303.0975,294.3246,-2.2722,-14.2628,-26.1517,-36.6554,-45.9988,-54.5425,-61.9019,-68.7576,-75.1608,-81.1390,-87.1158,-93.0242,-98.7666,-105.1105,-112.4609,-120.4710,-130.4259,-140.5448,-152.1410,-165.4524,-180.1699,-196.5997,-215.2145,-235.1507,-256.2297
70,0.7500,No dynamic rebalance,4.0000,9332.6381,373.3055,spend50p,376.2463,371.4735,367.6011,364.2788,362.3187,360.1409,356.4873,353.2813,348.3951,343.5171,12.6377,-0.2488,-12.5365,-24.3443,-34.6598,-44.0856,-52.6877,-60.3223,-67.3862,-73.9385,-80.0657,-85.8604,-91.8433,-97.9204,-104.3514,-111.6782,-119.8876,-128.8581,-138.6990,-149.4569,-160.6972,-173.1256,-186.7423,-201.1859,-216.4234
70,0.7500,No dynamic rebalance,4.0000,9332.6381,373.3055,spend75p,378.7920,379.2366,381.2593,383.5840,386.7655,390.8211,395.5651,399.6126,400.5010,402.3291,26.6642,13.3949,0.1763,-12.3524,-23.7683,-34.3486,-43.7451,-52.0507,-59.5477,-66.4552,-72.7831,-78.7534,-84.8044,-90.8615,-97.4888,-104.5905,-112.0122,-119.8577,-127.9142,-137.2854,-146.5969,-156.1209,-167.0939,-177.5707,-189.0565
70,0.7500,固定最適比率,4.0000,9332.6381,373.3055,survival,1.0000,1.0000,1.0000,1.0000,1.0000,1.0000,1.0000,1.0000,1.0000,1.0000,1.0000,1.0000,1.0000,1.0000,1.0000,1.0000,1.0000,1.0000,1.0000,1.0000,1.0000,1.0000,1.0000,1.0000,1.0000,1.0000,1.0000,1.0000,1.0000,1.0000,1.0000,1.0000,1.0000,1.0000,1.0000
70,0.7500,固定最適比率,4.0000,9332.6381,373.3055,spend25p,373.7128,364.1934,355.6448,346.3677,337.8628,329.3322,320.9544,311.5580,303.0975,294.3246,-2.3037,-14.2931,-26.2258,-36.6676,-46.0220,-54.5883,-61.9095,-68.7798,-75.2070,-81.1390,-87.1158,-93.0242,-98.7666,-105.1105,-112.4609,-120.5343,-130.4492,-140.5607,-152.1578,-165.4524,-180.1699,-196.5997,-215.2145,-235.1507,-256.2297
70,0.7500,固定最適比率,4.0000,9332.6381,373.3055,spend50p,376.2463,371.4735,367.6011,364.2788,362.3187,360.1409,356.4873,353.2813,348.3951,343.5171,12.6377,-0.2583,-12.5450,-24.3638,-34.7047,-44.0918,-52.7111,-60.3684,-67.4195,-73.9466,-80.0945,-85.8788,-91.8512,-97.9305,-104.3593,-111.6812,-119.9068,-128.8689,-138.7162,-149.4649,-160.7476,-173.1774,-186.7861,-201.1975,-216.4234
70,0.7500,固定最適比率,4.0000,9332.6381,373.3055,spend75p,378.7920,379.2366,381.2593,383.5840,386.7655,390.8211,395.5651,399.6126,400.5010,402.3291,26.6642,13.3949,0.1763,-12.3708,-23.7847,-34.4025,-43.7884,-52.0660,-59.5515,-66.4664,-72.7876,-78.7817,-84.8203,-90.8732,-97.5052,-104.5990,-112.0282,-119.8661,-127.9403,-137.2939,-146.6229,-156.1575,-167.0968,-177.6203,-189.0831
70,0.7500,DynamicV1Rebalance,4.0000,9332.6381,373.3055,survival,1.0000,1.0000,1.0000,1.0000,1.0000,1.0000,1.0000,1.0000,1.0000,1.0000,1.0000,1.0000,1.0000,1.0000,1.0000,1.0000,1.0000,1.0000,1.0000,1.0000,1.0000,1.0000,1.0000,1.0000,1.0000,1.0000,1.0000,1.0000,1.0000,1.0000,1.0000,1.0000,1.0000,1.0000,1.0000
70,0.7500,DynamicV1Rebalance,4.0000,9332.6381,373.3055,spend25p,373.7128,364.1934,355.6448,346.3677,337.8628,329.3322,320.9544,311.5580,303.0975,294.3246,-2.3037,-14.2931,-26.2258,-36.6676,-46.0220,-54.5883,-61.9095,-68.7798,-75.2070,-81.1390,-87.1158,-93.0242,-98.7666,-105.1105,-112.4609,-120.5343,-130.4492,-140.5607,-152.1578,-165.4524,-180.1699,-196.5997,-215.2145,-235.1507,-256.2297
70,0.7500,DynamicV1Rebalance,4.0000,9332.6381,373.3055,spend50p,376.2463,371.4735,367.6011,364.2788,362.3187,360.1409,356.4873,353.2813,348.3951,343.5171,12.6377,-0.2583,-12.5450,-24.3638,-34.7047,-44.0918,-52.7111,-60.3684,-67.4195,-73.9466,-80.0945,-85.8788,-91.8512,-97.9305,-104.3593,-111.6812,-119.9068,-128.8689,-138.7162,-149.4649,-160.7476,-173.1774,-186.7861,-201.1975,-216.4234
70,0.7500,DynamicV1Rebalance,4.0000,9332.6381,373.3055,spend75p,378.7920,379.2366,381.2593,383.5840,386.7655,390.8211,395.5651,399.6126,400.5010,402.3291,26.6642,13.3949,0.1763,-12.3708,-23.7847,-34.4025,-43.7884,-52.0660,-59.5515,-66.4664,-72.7876,-78.7817,-84.8203,-90.8732,-97.5052,-104.5990,-112.0282,-119.8661,-127.9403,-137.2939,-146.6229,-156.1575,-167.0968,-177.6203,-189.0831
70,0.7500,SpendAwareDPRebalance (R70-aware),4.0000,9332.6381,373.3055,survival,1.0000,1.0000,1.0000,1.0000,1.0000,1.0000,1.0000,1.0000,1.0000,1.0000,1.0000,1.0000,1.0000,1.0000,1.0000,1.0000,1.0000,1.0000,1.0000,1.0000,1.0000,1.0000,1.0000,1.0000,1.0000,1.0000,1.0000,1.0000,1.0000,1.0000,1.0000,1.0000,1.0000,1.0000,1.0000
70,0.7500,SpendAwareDPRebalance (R70-aware),4.0000,9332.6381,373.3055,spend25p,373.7128,364.1934,355.6448,346.3677,337.8628,329.3322,320.9544,311.5580,303.0975,294.3246,-2.3037,-14.2931,-26.2258,-36.6676,-46.0220,-54.5883,-61.9095,-68.7798,-75.2070,-81.1390,-87.1158,-93.0242,-98.7666,-105.1105,-112.4609,-120.5343,-130.4492,-140.5607,-152.1578,-165.4524,-180.1699,-196.5997,-215.2145,-235.1507,-256.2297
70,0.7500,SpendAwareDPRebalance (R70-aware),4.0000,9332.6381,373.3055,spend50p,376.2463,371.4735,367.6011,364.2788,362.3187,360.1409,356.4873,353.2813,348.3951,343.5171,12.6377,-0.2583,-12.5450,-24.3638,-34.7047,-44.0918,-52.7111,-60.3684,-67.4195,-73.9466,-80.0945,-85.8788,-91.8512,-97.9305,-104.3593,-111.6812,-119.9068,-128.8689,-138.7162,-149.4649,-160.7476,-173.1774,-186.7861,-201.1975,-216.4234
70,0.7500,SpendAwareDPRebalance (R70-aware),4.0000,9332.6381,373.3055,spend75p,378.7920,379.2366,381.2593,383.5840,386.7655,390.8211,395.5651,399.6126,400.5010,402.3291,26.6642,13.3949,0.1763,-12.3708,-23.7847,-34.4025,-43.7884,-52.0660,-59.5515,-66.4664,-72.7876,-78.7817,-84.8203,-90.8732,-97.5052,-104.5990,-112.0282,-119.8661,-127.9403,-137.2939,-146.6229,-156.1575,-167.0968,-177.6203,-189.0831
70,0.7500,No dynamic rebalance,5.0000,7466.1105,373.3055,survival,1.0000,1.0000,1.0000,1.0000,1.0000,1.0000,1.0000,0.9995,0.9985,0.9955,0.9955,0.9955,0.9955,0.9955,0.9955,0.9955,0.9955,0.9955,0.9955,0.9955,0.9955,0.9955,0.9955,0.9955,0.9955,0.9955,0.9955,0.9955,0.9955,0.9955,0.9955,0.9955,0.9955,0.9955,0.9955
70,0.7500,No dynamic rebalance,5.0000,7466.1105,373.3055,spend25p,373.7128,364.1934,355.6448,346.3677,337.8628,329.3322,320.9544,311.5580,302.8043,293.3659,-2.2722,-14.2628,-26.1517,-36.6554,-45.9988,-54.5425,-61.9019,-68.7576,-75.1608,-81.1390,-87.1158,-93.0242,-98.7666,-105.1105,-112.4609,-120.4710,-130.4259,-140.5251,-152.0886,-165.3605,-180.0177,-196.1971,-214.9683,-234.9522,-255.7937
70,0.7500,No dynamic rebalance,5.0000,7466.1105,373.3055,spend50p,376.2463,371.4735,367.6011,364.2788,362.3187,360.1409,356.4873,353.2813,348.3218,342.7612,12.2818,-0.2488,-12.5365,-24.3072,-34.6323,-44.0567,-52.6329,-60.3143,-67.3468,-73.9160,-80.0426,-85.8435,-91.8261,-97.9145,-104.3371,-111.6359,-119.8491,-128.8412,-138.6488,-149.3199,-160.4879,-172.9648,-186.5512,-201.0236,-216.1254
70,0.7500,No dynamic rebalance,5.0000,7466.1105,373.3055,spend75p,378.7920,379.2366,381.2593,383.5840,386.7655,390.8211,395.5651,399.6126,400.1153,401.0180,26.4607,13.0807,0.0773,-12.3399,-23.7396,-34.2518,-43.5926,-52.0046,-59.4887,-66.4154,-72.7441,-78.6842,-84.7733,-90.7606,-97.4072,-104.5174,-111.8980,-119.6470,-127.7526,-137.1008,-146.2868,-155.9694,-166.6596,-177.1709,-188.8098
70,0.7500,固定最適比率,5.0000,7466.1105,373.3055,survival,1.0000,1.0000,1.0000,1.0000,1.0000,1.0000,1.0000,0.9995,0.9985,0.9955,0.9955,0.9955,0.9955,0.9955,0.9955,0.9955,0.9955,0.9955,0.9955,0.9955,0.9955,0.9955,0.9955,0.9955,0.9955,0.9955,0.9955,0.9955,0.9955,0.9955,0.9955,0.9955,0.9955,0.9955,0.9955
70,0.7500,固定最適比率,5.0000,7466.1105,373.3055,spend25p,373.7128,364.1934,355.6448,346.3677,337.8628,329.3322,320.9544,311.5580,302.8043,293.3659,-2.2722,-14.2628,-26.1517,-36.6554,-45.9988,-54.5425,-61.9019,-68.7576,-75.1608,-81.1390,-87.1158,-93.0242,-98.7666,-105.1105,-112.4609,-120.4710,-130.4259,-140.5251,-152.0886,-165.3605,-180.0177,-196.1971,-214.9683,-234.9522,-255.7937
70,0.7500,固定最適比率,5.0000,7466.1105,373.3055,spend50p,376.2463,371.4735,367.6011,364.2788,362.3187,360.1409,356.4873,353.2813,348.3218,342.7612,12.2818,-0.2488,-12.5365,-24.3072,-34.6323,-44.0567,-52.6329,-60.3143,-67.3468,-73.9160,-80.0426,-85.8435,-91.8261,-97.9145,-104.3371,-111.6359,-119.8491,-128.8412,-138.6488,-149.3199,-160.4879,-172.9648,-186.5512,-201.0236,-216.1254
70,0.7500,固定最適比率,5.0000,7466.1105,373.3055,spend75p,378.7920,379.2366,381.2593,383.5840,386.7655,390.8211,395.5651,399.6126,400.1153,401.0180,26.4607,13.0807,0.0773,-12.3399,-23.7396,-34.2518,-43.5926,-52.0046,-59.4887,-66.4154,-72.7441,-78.6842,-84.7733,-90.7606,-97.4072,-104.5174,-111.8980,-119.6470,-127.7526,-137.1008,-146.2868,-155.9694,-166.6596,-177.1709,-188.8098
70,0.7500,DynamicV1Rebalance,5.0000,7466.1105,373.3055,survival,1.0000,1.0000,1.0000,1.0000,1.0000,1.0000,1.0000,0.9995,0.9985,0.9955,0.9955,0.9955,0.9955,0.9955,0.9955,0.9955,0.9955,0.9955,0.9955,0.9955,0.9955,0.9955,0.9955,0.9955,0.9955,0.9955,0.9955,0.9955,0.9955,0.9955,0.9955,0.9955,0.9955,0.9955,0.9955
70,0.7500,DynamicV1Rebalance,5.0000,7466.1105,373.3055,spend25p,373.7128,364.1934,355.6448,346.3677,337.8628,329.3322,320.9544,311.5580,302.8043,293.3659,-2.2722,-14.2628,-26.1517,-36.6554,-45.9988,-54.5425,-61.9019,-68.7576,-75.1608,-81.1390,-87.1158,-93.0242,-98.7666,-105.1105,-112.4609,-120.4710,-130.4259,-140.5251,-152.0886,-165.3605,-180.0177,-196.1971,-214.9683,-234.9522,-255.7937
70,0.7500,DynamicV1Rebalance,5.0000,7466.1105,373.3055,spend50p,376.2463,371.4735,367.6011,364.2788,362.3187,360.1409,356.4873,353.2813,348.3218,342.7612,12.2818,-0.2488,-12.5365,-24.3072,-34.6323,-44.0567,-52.6329,-60.3143,-67.3468,-73.9160,-80.0426,-85.8435,-91.8261,-97.9145,-104.3371,-111.6359,-119.8491,-128.8412,-138.6488,-149.3199,-160.4879,-172.9648,-186.5512,-201.0236,-216.1254
70,0.7500,DynamicV1Rebalance,5.0000,7466.1105,373.3055,spend75p,378.7920,379.2366,381.2593,383.5840,386.7655,390.8211,395.5651,399.6126,400.1153,401.0180,26.4607,13.0807,0.0773,-12.3399,-23.7396,-34.2518,-43.5926,-52.0046,-59.4887,-66.4154,-72.7441,-78.6842,-84.7733,-90.7606,-97.4072,-104.5174,-111.8980,-119.6470,-127.7526,-137.1008,-146.2868,-155.9694,-166.6596,-177.1709,-188.8098
70,0.7500,SpendAwareDPRebalance (R70-aware),5.0000,7466.1105,373.3055,survival,1.0000,1.0000,1.0000,1.0000,1.0000,1.0000,1.0000,1.0000,1.0000,1.0000,1.0000,1.0000,1.0000,1.0000,1.0000,1.0000,1.0000,1.0000,1.0000,1.0000,1.0000,1.0000,1.0000,1.0000,1.0000,1.0000,1.0000,1.0000,1.0000,1.0000,1.0000,1.0000,1.0000,1.0000,1.0000
70,0.7500,SpendAwareDPRebalance (R70-aware),5.0000,7466.1105,373.3055,spend25p,373.7128,364.1934,355.6448,346.3677,337.8628,329.3322,320.9544,311.5580,303.0975,294.3246,-2.3037,-14.2931,-26.2258,-36.6676,-46.0220,-54.5883,-61.9095,-68.7798,-75.2070,-81.1390,-87.1158,-93.0242,-98.7666,-105.1105,-112.4609,-120.5343,-130.4492,-140.5607,-152.1578,-165.4524,-180.1699,-196.5997,-215.2145,-235.1507,-256.2297
70,0.7500,SpendAwareDPRebalance (R70-aware),5.0000,7466.1105,373.3055,spend50p,376.2463,371.4735,367.6011,364.2788,362.3187,360.1409,356.4873,353.2813,348.3951,343.5171,12.6377,-0.2583,-12.5450,-24.3638,-34.7047,-44.0918,-52.7111,-60.3684,-67.4195,-73.9466,-80.0945,-85.8788,-91.8512,-97.9305,-104.3593,-111.6812,-119.9068,-128.8689,-138.7162,-149.4649,-160.7476,-173.1774,-186.7861,-201.1975,-216.4234
70,0.7500,SpendAwareDPRebalance (R70-aware),5.0000,7466.1105,373.3055,spend75p,378.7920,379.2366,381.2593,383.5840,386.7655,390.8211,395.5651,399.6126,400.5010,402.3291,26.6642,13.3949,0.1763,-12.3708,-23.7847,-34.4025,-43.7884,-52.0660,-59.5515,-66.4664,-72.7876,-78.7817,-84.8203,-90.8732,-97.5052,-104.5990,-112.0282,-119.8661,-127.9403,-137.2939,-146.6229,-156.1575,-167.0968,-177.6203,-189.0831
70,0.7500,No dynamic rebalance,6.0000,6221.7587,373.3055,survival,1.0000,1.0000,1.0000,1.0000,1.0000,1.0000,0.9990,0.9980,0.9940,0.9830,0.9810,0.9805,0.9805,0.9805,0.9805,0.9805,0.9805,0.9805,0.9805,0.9805,0.9805,0.9805,0.9805,0.9805,0.9805,0.9805,0.9805,0.9805,0.9805,0.9805,0.9805,0.9805,0.9805,0.9805,0.9805
70,0.7500,No dynamic rebalance,6.0000,6221.7587,373.3055,spend25p,373.7128,364.1934,355.6448,346.3677,337.8628,329.3322,320.8995,311.2549,301.8474,290.6394,-2.2626,-14.2071,-26.1259,-36.6470,-45.9688,-54.5209,-61.8992,-68.7392,-75.1386,-81.0690,-87.0580,-92.9800,-98.6924,-104.9890,-112.2040,-120.3081,-130.0381,-140.1936,-151.5406,-164.7180,-179.4486,-195.4606,-214.1506,-233.8635,-253.9656
70,0.7500,No dynamic rebalance,6.0000,6221.7587,373.3055,spend50p,376.2463,371.4735,367.6011,364.2788,362.3187,360.1409,356.4416,353.0538,347.7154,341.4097,11.6727,-0.2259,-12.4549,-24.1922,-34.4671,-43.9391,-52.5407,-60.2559,-67.2891,-73.7965,-79.9348,-85.7375,-91.6894,-97.7869,-104.1799,-111.4293,-119.6418,-128.3733,-138.1330,-148.7292,-159.6268,-171.9526,-185.4812,-199.9493,-214.7852
70,0.7500,No dynamic rebalance,6.0000,6221.7587,373.3055,spend75p,378.7920,379.2366,381.2593,383.5840,386.7655,390.8211,395.5651,399.3848,399.1846,398.3496,25.8963,12.3880,0.0000,-11.8263,-23.4100,-33.8924,-43.0925,-51.7806,-59.2746,-65.9851,-72.4287,-78.3483,-84.4601,-90.5509,-96.9359,-104.1999,-111.5208,-119.3605,-127.2252,-136.4165,-145.5753,-155.0725,-165.3866,-176.2470,-187.2991
70,0.7500,固定最適比率,6.0000,6221.7587,373.3055,survival,1.0000,1.0000,1.0000,1.0000,1.0000,1.0000,0.9990,0.9980,0.9940,0.9830,0.9810,0.9805,0.9805,0.9805,0.9805,0.9805,0.9805,0.9805,0.9805,0.9805,0.9805,0.9805,0.9805,0.9805,0.9805,0.9805,0.9805,0.9805,0.9805,0.9805,0.9805,0.9805,0.9805,0.9805,0.9805
70,0.7500,固定最適比率,6.0000,6221.7587,373.3055,spend25p,373.7128,364.1934,355.6448,346.3677,337.8628,329.3322,320.8995,311.2549,301.8474,290.6394,-2.2626,-14.2071,-26.1259,-36.6470,-45.9688,-54.5209,-61.8992,-68.7392,-75.1386,-81.0690,-87.0580,-92.9800,-98.6924,-104.9890,-112.2040,-120.3081,-130.0381,-140.1936,-151.5406,-164.7180,-179.4486,-195.4606,-214.1506,-233.8635,-253.9656
70,0.7500,固定最適比率,6.0000,6221.7587,373.3055,spend50p,376.2463,371.4735,367.6011,364.2788,362.3187,360.1409,356.4416,353.0538,347.7154,341.4097,11.6727,-0.2259,-12.4549,-24.1922,-34.4671,-43.9391,-52.5407,-60.2559,-67.2891,-73.7965,-79.9348,-85.7375,-91.6894,-97.7869,-104.1799,-111.4293,-119.6418,-128.3733,-138.1330,-148.7292,-159.6268,-171.9526,-185.4812,-199.9493,-214.7852
70,0.7500,固定最適比率,6.0000,6221.7587,373.3055,spend75p,378.7920,379.2366,381.2593,383.5840,386.7655,390.8211,395.5651,399.3848,399.1846,398.3496,25.8963,12.3880,0.0000,-11.8263,-23.4100,-33.8924,-43.0925,-51.7806,-59.2746,-65.9851,-72.4287,-78.3483,-84.4601,-90.5509,-96.9359,-104.1999,-111.5208,-119.3605,-127.2252,-136.4165,-145.5753,-155.0725,-165.3866,-176.2470,-187.2991
70,0.7500,DynamicV1Rebalance,6.0000,6221.7587,373.3055,survival,1.0000,1.0000,1.0000,1.0000,1.0000,1.0000,0.9990,0.9980,0.9940,0.9830,0.9810,0.9805,0.9805,0.9805,0.9805,0.9805,0.9805,0.9805,0.9805,0.9805,0.9805,0.9805,0.9805,0.9805,0.9805,0.9805,0.9805,0.9805,0.9805,0.9805,0.9805,0.9805,0.9805,0.9805,0.9805
70,0.7500,DynamicV1Rebalance,6.0000,6221.7587,373.3055,spend25p,373.7128,364.1934,355.6448,346.3677,337.8628,329.3322,320.8995,311.2549,301.8474,290.6394,-2.2626,-14.2071,-26.1259,-36.6470,-45.9688,-54.5209,-61.8992,-68.7392,-75.1386,-81.0690,-87.0580,-92.9800,-98.6924,-104.9890,-112.2040,-120.3081,-130.0381,-140.1936,-151.5406,-164.7180,-179.4486,-195.4606,-214.1506,-233.8635,-253.9656
70,0.7500,DynamicV1Rebalance,6.0000,6221.7587,373.3055,spend50p,376.2463,371.4735,367.6011,364.2788,362.3187,360.1409,356.4416,353.0538,347.7154,341.4097,11.6727,-0.2259,-12.4549,-24.1922,-34.4671,-43.9391,-52.5407,-60.2559,-67.2891,-73.7965,-79.9348,-85.7375,-91.6894,-97.7869,-104.1799,-111.4293,-119.6418,-128.3733,-138.1330,-148.7292,-159.6268,-171.9526,-185.4812,-199.9493,-214.7852
70,0.7500,DynamicV1Rebalance,6.0000,6221.7587,373.3055,spend75p,378.7920,379.2366,381.2593,383.5840,386.7655,390.8211,395.5651,399.3848,399.1846,398.3496,25.8963,12.3880,0.0000,-11.8263,-23.4100,-33.8924,-43.0925,-51.7806,-59.2746,-65.9851,-72.4287,-78.3483,-84.4601,-90.5509,-96.9359,-104.1999,-111.5208,-119.3605,-127.2252,-136.4165,-145.5753,-155.0725,-165.3866,-176.2470,-187.2991
70,0.7500,SpendAwareDPRebalance (R70-aware),6.0000,6221.7587,373.3055,survival,1.0000,1.0000,1.0000,1.0000,1.0000,1.0000,1.0000,1.0000,1.0000,0.9995,0.9995,0.9995,0.9995,0.9995,0.9995,0.9995,0.9995,0.9995,0.9995,0.9995,0.9995,0.9995,0.9995,0.9995,0.9995,0.9995,0.9995,0.9995,0.9995,0.9995,0.9995,0.9995,0.9995,0.9995,0.9995
70,0.7500,SpendAwareDPRebalance (R70-aware),6.0000,6221.7587,373.3055,spend25p,373.7128,364.1934,355.6448,346.3677,337.8628,329.3322,320.9544,311.5580,303.0975,294.2158,-2.3037,-14.2931,-26.2258,-36.6676,-46.0220,-54.5883,-61.9095,-68.7576,-75.1608,-81.1025,-87.1146,-93.0022,-98.7575,-105.0923,-112.4488,-120.4710,-130.4259,-140.5448,-152.1578,-165.4524,-180.1699,-196.5997,-215.2145,-235.1507,-256.2297
70,0.7500,SpendAwareDPRebalance (R70-aware),6.0000,6221.7587,373.3055,spend50p,376.2463,371.4735,367.6011,364.2788,362.3187,360.1409,356.4873,353.2813,348.3951,343.4653,12.6238,-0.2583,-12.5450,-24.3638,-34.7047,-44.0918,-52.6877,-60.3223,-67.3862,-73.9385,-80.0657,-85.8604,-91.8433,-97.9204,-104.3514,-111.6782,-119.8876,-128.8581,-138.6990,-149.4569,-160.6972,-173.1256,-186.7423,-201.1859,-216.3881
70,0.7500,SpendAwareDPRebalance (R70-aware),6.0000,6221.7587,373.3055,spend75p,378.7920,379.2366,381.2593,383.5840,386.7655,390.8211,395.5651,399.6126,400.5010,402.2302,26.6078,13.3843,0.1720,-12.3708,-23.7683,-34.3486,-43.7451,-52.0507,-59.5477,-66.4552,-72.7831,-78.7534,-84.8044,-90.8615,-97.4888,-104.5905,-112.0122,-119.8577,-127.9142,-137.2854,-146.5969,-156.1209,-167.0939,-177.5707,-189.0565
70,0.7500,No dynamic rebalance,7.0000,5332.9360,373.3055,survival,1.0000,1.0000,1.0000,1.0000,1.0000,0.9995,0.9980,0.9920,0.9740,0.9525,0.9520,0.9505,0.9500,0.9495,0.9495,0.9495,0.9495,0.9495,0.9495,0.9495,0.9495,0.9495,0.9495,0.9495,0.9495,0.9495,0.9495,0.9495,0.9495,0.9495,0.9495,0.9495,0.9495,0.9495,0.9495
70,0.7500,No dynamic rebalance,7.0000,5332.9360,373.3055,spend25p,373.7128,364.1934,355.6448,346.3677,337.8628,329.1980,320.7096,310.4868,298.1922,283.7388,-2.1669,-14.0829,-26.0308,-36.6061,-45.9045,-54.4104,-61.8269,-68.6600,-75.0396,-80.8667,-86.8775,-92.8072,-98.5133,-104.6846,-111.8692,-119.8798,-129.4328,-139.4614,-150.9639,-164.0424,-178.0669,-194.1417,-211.8269,-230.6314,-250.1881
70,0.7500,No dynamic rebalance,7.0000,5332.9360,373.3055,spend50p,376.2463,371.4735,367.6011,364.2788,362.3187,360.1053,356.3996,351.4595,345.2608,336.5070,10.6625,0.0000,-12.1471,-23.7689,-34.2283,-43.6581,-52.2095,-59.8360,-66.9662,-73.5310,-79.6714,-85.3436,-91.3358,-97.4376,-103.8754,-111.0281,-119.1368,-127.6916,-137.0847,-147.5157,-158.4026,-170.3628,-183.9637,-197.8484,-213.0495
70,0.7500,No dynamic rebalance,7.0000,5332.9360,373.3055,spend75p,378.7920,379.2366,381.2593,383.5840,386.7655,390.8211,395.2198,398.0617,395.9961,392.8789,24.6206,11.1850,0.0000,-10.9582,-22.4492,-32.8625,-42.3448,-50.9873,-58.6498,-65.1673,-71.6660,-77.6754,-83.7725,-89.8618,-96.1888,-103.3278,-110.6004,-118.3589,-126.2699,-135.0721,-143.9523,-153.3938,-163.1047,-173.5862,-184.4216
70,0.7500,固定最適比率,7.0000,5332.9360,373.3055,survival,1.0000,1.0000,1.0000,1.0000,1.0000,0.9995,0.9980,0.9920,0.9740,0.9525,0.9520,0.9505,0.9500,0.9495,0.9495,0.9495,0.9495,0.9495,0.9495,0.9495,0.9495,0.9495,0.9495,0.9495,0.9495,0.9495,0.9495,0.9495,0.9495,0.9495,0.9495,0.9495,0.9495,0.9495,0.9495
70,0.7500,固定最適比率,7.0000,5332.9360,373.3055,spend25p,373.7128,364.1934,355.6448,346.3677,337.8628,329.1980,320.7096,310.4868,298.1922,283.7388,-2.1669,-14.0829,-26.0308,-36.6061,-45.9045,-54.4104,-61.8269,-68.6600,-75.0396,-80.8667,-86.8775,-92.8072,-98.5133,-104.6846,-111.8692,-119.8798,-129.4328,-139.4614,-150.9639,-164.0424,-178.0669,-194.1417,-211.8269,-230.6314,-250.1881
70,0.7500,固定最適比率,7.0000,5332.9360,373.3055,spend50p,376.2463,371.4735,367.6011,364.2788,362.3187,360.1053,356.3996,351.4595,345.2608,336.5070,10.6625,0.0000,-12.1471,-23.7689,-34.2283,-43.6581,-52.2095,-59.8360,-66.9662,-73.5310,-79.6714,-85.3436,-91.3358,-97.4376,-103.8754,-111.0281,-119.1368,-127.6916,-137.0847,-147.5157,-158.4026,-170.3628,-183.9637,-197.8484,-213.0495
70,0.7500,固定最適比率,7.0000,5332.9360,373.3055,spend75p,378.7920,379.2366,381.2593,383.5840,386.7655,390.8211,395.2198,398.0617,395.9961,392.8789,24.6206,11.1850,0.0000,-10.9582,-22.4492,-32.8625,-42.3448,-50.9873,-58.6498,-65.1673,-71.6660,-77.6754,-83.7725,-89.8618,-96.1888,-103.3278,-110.6004,-118.3589,-126.2699,-135.0721,-143.9523,-153.3938,-163.1047,-173.5862,-184.4216
70,0.7500,DynamicV1Rebalance,7.0000,5332.9360,373.3055,survival,1.0000,1.0000,1.0000,1.0000,1.0000,0.9995,0.9980,0.9920,0.9740,0.9525,0.9515,0.9505,0.9500,0.9495,0.9495,0.9495,0.9495,0.9495,0.9495,0.9495,0.9495,0.9495,0.9495,0.9495,0.9495,0.9495,0.9495,0.9495,0.9495,0.9495,0.9495,0.9495,0.9495,0.9495,0.9495
70,0.7500,DynamicV1Rebalance,7.0000,5332.9360,373.3055,spend25p,373.7128,364.1934,355.6448,346.3677,337.8628,329.1980,320.7096,310.4868,298.1922,283.7388,-2.1669,-14.0829,-26.0308,-36.6061,-45.9045,-54.4104,-61.8269,-68.6600,-75.0396,-80.8667,-86.8775,-92.8072,-98.5133,-104.6846,-111.8692,-119.8798,-129.4328,-139.4614,-150.9639,-164.0424,-178.0669,-194.1417,-211.8269,-230.6314,-250.1881
70,0.7500,DynamicV1Rebalance,7.0000,5332.9360,373.3055,spend50p,376.2463,371.4735,367.6011,364.2788,362.3187,360.1053,356.3996,351.4595,345.2608,336.5070,10.6558,0.0000,-12.1471,-23.7689,-34.2283,-43.6581,-52.2095,-59.8360,-66.9662,-73.5310,-79.6714,-85.3436,-91.3358,-97.4376,-103.8754,-111.0281,-119.1368,-127.6916,-137.0847,-147.5157,-158.4026,-170.3628,-183.9637,-197.8484,-213.0495
70,0.7500,DynamicV1Rebalance,7.0000,5332.9360,373.3055,spend75p,378.7920,379.2366,381.2593,383.5840,386.7655,390.8211,395.2198,398.0617,395.9961,392.8789,24.5441,11.1850,0.0000,-10.9582,-22.4492,-32.8625,-42.3448,-50.9873,-58.6498,-65.1673,-71.6660,-77.6754,-83.7725,-89.8618,-96.1888,-103.3278,-110.6004,-118.3589,-126.2699,-135.0721,-143.9523,-153.3938,-163.1047,-173.5862,-184.4216
70,0.7500,SpendAwareDPRebalance (R70-aware),7.0000,5332.9360,373.3055,survival,1.0000,1.0000,1.0000,1.0000,1.0000,1.0000,1.0000,1.0000,1.0000,0.9990,0.9975,0.9975,0.9975,0.9975,0.9975,0.9975,0.9975,0.9975,0.9975,0.9975,0.9975,0.9975,0.9975,0.9975,0.9975,0.9975,0.9975,0.9975,0.9975,0.9975,0.9975,0.9975,0.9975,0.9975,0.9975
70,0.7500,SpendAwareDPRebalance (R70-aware),7.0000,5332.9360,373.3055,spend25p,373.7128,364.1934,355.6448,346.3677,337.8628,329.3322,320.9544,311.5580,303.0975,294.0989,-2.3037,-14.2931,-26.2258,-36.6676,-46.0220,-54.5883,-61.9095,-68.7576,-75.1608,-81.1025,-87.1146,-93.0022,-98.7575,-105.0858,-112.4392,-120.4383,-130.4172,-140.5098,-152.1115,-165.3851,-180.1175,-196.3482,-215.1310,-235.0863,-256.0938
70,0.7500,SpendAwareDPRebalance (R70-aware),7.0000,5332.9360,373.3055,spend50p,376.2463,371.4735,367.6011,364.2788,362.3187,360.1409,356.4873,353.2813,348.3951,343.3951,12.3711,-0.2583,-12.5450,-24.3638,-34.7047,-44.0918,-52.6877,-60.3223,-67.3862,-73.9385,-80.0657,-85.8604,-91.8333,-97.9145,-104.3371,-111.6359,-119.8491,-128.8487,-138.6628,-149.3848,-160.6133,-173.0522,-186.5951,-201.1383,-216.2633
70,0.7500,SpendAwareDPRebalance (R70-aware),7.0000,5332.9360,373.3055,spend75p,378.7920,379.2366,381.2593,383.5840,386.7655,390.8211,395.5651,399.6126,400.5010,402.2302,26.4886,13.1908,0.1093,-12.3524,-23.7629,-34.2827,-43.7451,-52.0507,-59.5477,-66.4552,-72.7785,-78.7407,-84.7899,-90.8237,-97.4190,-104.5586,-111.9772,-119.7380,-127.8484,-137.1920,-146.4955,-156.0205,-166.8444,-177.4668,-188.9647
70,0.7500,No dynamic rebalance,8.0000,4666.3190,373.3055,survival,1.0000,1.0000,1.0000,1.0000,1.0000,0.9985,0.9940,0.9760,0.9430,0.9080,0.9040,0.9025,0.9010,0.9010,0.9010,0.9010,0.9010,0.9010,0.9010,0.9010,0.9010,0.9010,0.9010,0.9010,0.9010,0.9010,0.9010,0.9010,0.9010,0.9010,0.9010,0.9010,0.9010,0.9010,0.9010
70,0.7500,No dynamic rebalance,8.0000,4666.3190,373.3055,spend25p,373.7128,364.1934,355.6448,346.3677,337.8628,329.1640,319.9348,307.4314,292.7026,273.3770,-1.7755,-13.7818,-25.4257,-36.0533,-45.6603,-54.1055,-61.5151,-68.3601,-74.7375,-80.6569,-86.6526,-92.3733,-98.2330,-104.4261,-111.2208,-119.3854,-128.5616,-138.7408,-150.4042,-162.6251,-176.8159,-191.6473,-209.4465,-227.2690,-246.4150
70,0.7500,No dynamic rebalance,8.0000,4666.3190,373.3055,spend50p,376.2463,371.4735,367.6011,364.2788,362.3187,360.0204,356.0981,349.3775,340.0953,330.2102,8.3444,0.0000,-11.3531,-23.1503,-33.5344,-42.9979,-51.5086,-59.3627,-66.3775,-72.9446,-79.1836,-84.8794,-90.8865,-96.6915,-103.1666,-110.1696,-117.9122,-126.5408,-135.5311,-145.3312,-155.9311,-168.2657,-181.3291,-194.3945,-208.3846
70,0.7500,No dynamic rebalance,8.0000,4666.3190,373.3055,spend75p,378.7920,379.2366,381.2593,383.5840,386.7655,390.7921,394.7035,395.3459,391.5506,388.4286,22.9881,10.2342,0.0000,-8.7297,-20.3816,-30.9613,-40.7591,-49.2899,-56.9985,-63.7814,-70.1116,-76.1536,-82.4541,-88.5653,-94.7885,-101.6297,-109.1062,-116.5251,-124.3651,-132.6647,-141.1505,-150.0115,-159.5276,-169.3801,-179.4373
70,0.7500,固定最適比率,8.0000,4666.3190,373.3055,survival,1.0000,1.0000,1.0000,1.0000,1.0000,0.9985,0.9940,0.9760,0.9430,0.9080,0.9040,0.9025,0.9010,0.9010,0.9010,0.9010,0.9010,0.9010,0.9010,0.9010,0.9010,0.9010,0.9010,0.9010,0.9010,0.9010,0.9010,0.9010,0.9010,0.9010,0.9010,0.9010,0.9010,0.9010,0.9010
70,0.7500,固定最適比率,8.0000,4666.3190,373.3055,spend25p,373.7128,364.1934,355.6448,346.3677,337.8628,329.1640,319.9348,307.4314,292.7026,273.3770,-1.7755,-13.7818,-25.4257,-36.0533,-45.6603,-54.1055,-61.5151,-68.3601,-74.7375,-80.6569,-86.6526,-92.3733,-98.2330,-104.4261,-111.2208,-119.3854,-128.5616,-138.7408,-150.4042,-162.6251,-176.8159,-191.6473,-209.4465,-227.2690,-246.4150
70,0.7500,固定最適比率,8.0000,4666.3190,373.3055,spend50p,376.2463,371.4735,367.6011,364.2788,362.3187,360.0204,356.0981,349.3775,340.0953,330.2102,8.3444,0.0000,-11.3531,-23.1503,-33.5344,-42.9979,-51.5086,-59.3627,-66.3775,-72.9446,-79.1836,-84.8794,-90.8865,-96.6915,-103.1666,-110.1696,-117.9122,-126.5408,-135.5311,-145.3312,-155.9311,-168.2657,-181.3291,-194.3945,-208.3846
70,0.7500,固定最適比率,8.0000,4666.3190,373.3055,spend75p,378.7920,379.2366,381.2593,383.5840,386.7655,390.7921,394.7035,395.3459,391.5506,388.4286,22.9881,10.2342,0.0000,-8.7297,-20.3816,-30.9613,-40.7591,-49.2899,-56.9985,-63.7814,-70.1116,-76.1536,-82.4541,-88.5653,-94.7885,-101.6297,-109.1062,-116.5251,-124.3651,-132.6647,-141.1505,-150.0115,-159.5276,-169.3801,-179.4373
70,0.7500,DynamicV1Rebalance,8.0000,4666.3190,373.3055,survival,1.0000,1.0000,1.0000,1.0000,1.0000,0.9985,0.9940,0.9760,0.9430,0.9080,0.9040,0.9020,0.9015,0.9015,0.9015,0.9015,0.9015,0.9015,0.9015,0.9015,0.9015,0.9015,0.9015,0.9015,0.9015,0.9015,0.9015,0.9015,0.9015,0.9015,0.9015,0.9015,0.9015,0.9015,0.9015
70,0.7500,DynamicV1Rebalance,8.0000,4666.3190,373.3055,spend25p,373.7128,364.1934,355.6448,346.3677,337.8628,329.1640,319.9348,307.4314,292.7026,273.3770,-1.7755,-13.7818,-25.4257,-36.0533,-45.6603,-54.1055,-61.5151,-68.3601,-74.7375,-80.6569,-86.6526,-92.3733,-98.2330,-104.4261,-111.2208,-119.3854,-128.5616,-138.7408,-150.4042,-162.6251,-176.8159,-191.6473,-209.4465,-227.2821,-246.4782
70,0.7500,DynamicV1Rebalance,8.0000,4666.3190,373.3055,spend50p,376.2463,371.4735,367.6011,364.2788,362.3187,360.0204,356.0981,349.3775,340.0953,330.2102,8.3444,0.0000,-11.3531,-23.1503,-33.5344,-42.9979,-51.5086,-59.3627,-66.3775,-72.9446,-79.1836,-84.8794,-90.8865,-96.6915,-103.1666,-110.1696,-117.9122,-126.5408,-135.5311,-145.3572,-156.0017,-168.2968,-181.3805,-194.4064,-208.4447
70,0.7500,DynamicV1Rebalance,8.0000,4666.3190,373.3055,spend75p,378.7920,379.2366,381.2593,383.5840,386.7655,390.7921,394.7035,395.3459,391.5506,388.4286,22.9881,10.1000,0.0000,-8.7297,-20.3816,-30.9613,-40.7591,-49.2899,-56.9985,-63.7814,-70.1116,-76.1536,-82.4541,-88.5653,-94.7885,-101.6297,-109.1062,-116.5407,-124.4065,-132.7164,-141.2181,-150.1024,-159.5339,-169.4482,-179.5585
70,0.7500,SpendAwareDPRebalance (R70-aware),8.0000,4666.3190,373.3055,survival,1.0000,1.0000,1.0000,1.0000,1.0000,0.9995,0.9990,0.9985,0.9950,0.9900,0.9875,0.9860,0.9855,0.9845,0.9845,0.9845,0.9845,0.9845,0.9845,0.9845,0.9845,0.9845,0.9845,0.9845,0.9845,0.9845,0.9845,0.9845,0.9845,0.9845,0.9845,0.9845,0.9845,0.9845,0.9845
70,0.7500,SpendAwareDPRebalance (R70-aware),8.0000,4666.3190,373.3055,spend25p,373.7128,364.1934,355.6448,346.3677,337.8628,329.1980,320.7793,311.2549,301.8817,291.9161,-2.2722,-14.2628,-26.1517,-36.6554,-45.9988,-54.5425,-61.9019,-68.7448,-75.1473,-81.0865,-87.0482,-92.9677,-98.7015,-105.0045,-112.2040,-120.2983,-129.9563,-139.8449,-151.4576,-164.6767,-179.4697,-195.6067,-214.2406,-234.1664,-254.1502
70,0.7500,SpendAwareDPRebalance (R70-aware),8.0000,4666.3190,373.3055,spend50p,376.2463,371.4735,367.6011,364.2788,362.3187,360.1053,356.4221,353.1545,347.8879,342.1454,11.9150,-0.2423,-12.5112,-24.2785,-34.6323,-44.0567,-52.5912,-60.2949,-67.3402,-73.8526,-79.9714,-85.7391,-91.6806,-97.7566,-104.1799,-111.4455,-119.7157,-128.4298,-138.2031,-148.8543,-159.7705,-172.3239,-185.7673,-200.3315,-215.1982
70,0.7500,SpendAwareDPRebalance (R70-aware),8.0000,4666.3190,373.3055,spend75p,378.7920,379.2366,381.2593,383.5840,386.7655,390.8211,395.4597,399.4722,399.2695,399.6528,26.0450,12.5223,0.0000,-12.2426,-23.6474,-34.1656,-43.5140,-51.9857,-59.3767,-66.3007,-72.5901,-78.5072,-84.6032,-90.5848,-97.0698,-104.2947,-111.6119,-119.4483,-127.3833,-136.6939,-145.8387,-155.2879,-165.5744,-176.5705,-187.6845
70,1.0000,No dynamic rebalance,2.5000,19909.6279,497.7407,survival,1.0000,1.0000,1.0000,1.0000,1.0000,1.0000,1.0000,1.0000,1.0000,1.0000,1.0000,1.0000,1.0000,1.0000,1.0000,1.0000,1.0000,1.0000,1.0000,1.0000,1.0000,1.0000,1.0000,1.0000,1.0000,1.0000,1.0000,1.0000,1.0000,1.0000,1.0000,1.0000,1.0000,1.0000,1.0000
70,1.0000,No dynamic rebalance,2.5000,19909.6279,497.7407,spend25p,498.2837,485.5912,474.1931,461.8236,450.4837,439.1096,427.9392,415.4106,404.1300,392.4328,92.5861,77.5162,63.5757,50.7470,39.9345,29.8578,21.3964,14.7236,8.3052,2.9386,-2.3196,-7.5284,-12.4936,-17.8107,-22.3611,-28.6593,-34.7830,-41.6669,-49.1370,-57.6569,-66.3036,-76.4680,-87.7056,-98.4375,-110.0526
70,1.0000,No dynamic rebalance,2.5000,19909.6279,497.7407,spend50p,501.6617,495.2981,490.1348,485.7050,483.0915,480.1879,475.3164,471.0418,464.5268,458.0228,125.6102,111.2463,98.4551,85.8087,74.5872,64.5129,56.7043,49.9550,43.5878,38.8390,34.4519,29.4030,25.0200,19.3582,13.4726,6.9286,0.1024,-8.6575,-16.3862,-25.7836,-36.5913,-47.8783,-59.5000,-72.8915,-86.8963
70,1.0000,No dynamic rebalance,2.5000,19909.6279,497.7407,spend75p,505.0560,505.6488,508.3457,511.4454,515.6873,521.0948,527.4202,532.8168,534.0013,536.4388,160.3366,148.1952,135.3947,123.8766,113.1527,105.0811,96.4894,90.1528,84.8543,80.4794,77.9494,74.5314,72.2333,69.4785,66.6253,61.9933,55.9967,48.0809,38.1962,28.1911,16.4907,2.9568,-12.1632,-29.8111,-47.5573
70,1.0000,固定最適比率,2.5000,19909.6279,497.7407,survival,1.0000,1.0000,1.0000,1.0000,1.0000,1.0000,1.0000,1.0000,1.0000,1.0000,1.0000,1.0000,1.0000,1.0000,1.0000,1.0000,1.0000,1.0000,1.0000,1.0000,1.0000,1.0000,1.0000,1.0000,1.0000,1.0000,1.0000,1.0000,1.0000,1.0000,1.0000,1.0000,1.0000,1.0000,1.0000
70,1.0000,固定最適比率,2.5000,19909.6279,497.7407,spend25p,498.2837,485.5912,474.1931,461.8236,450.4837,439.1096,427.9392,415.4106,404.1300,392.4328,92.5861,77.5162,63.5757,50.7470,39.9345,29.8578,21.3964,14.7236,8.3052,2.9386,-2.3196,-7.5284,-12.4936,-17.8107,-22.3611,-28.6593,-34.7830,-41.6669,-49.1370,-57.6569,-66.3036,-76.4680,-87.7056,-98.4375,-110.0526
70,1.0000,固定最適比率,2.5000,19909.6279,497.7407,spend50p,501.6617,495.2981,490.1348,485.7050,483.0915,480.1879,475.3164,471.0418,464.5268,458.0228,125.6102,111.2463,98.4551,85.8087,74.5872,64.5129,56.7043,49.9550,43.5878,38.8390,34.4519,29.4030,25.0200,19.3582,13.4726,6.9286,0.1024,-8.6575,-16.3862,-25.7836,-36.5913,-47.8783,-59.5000,-72.8915,-86.8963
70,1.0000,固定最適比率,2.5000,19909.6279,497.7407,spend75p,505.0560,505.6488,508.3457,511.4454,515.6873,521.0948,527.4202,532.8168,534.0013,536.4388,160.3366,148.1952,135.3947,123.8766,113.1527,105.0811,96.4894,90.1528,84.8543,80.4794,77.9494,74.5314,72.2333,69.4785,66.6253,61.9933,55.9967,48.0809,38.1962,28.1911,16.4907,2.9568,-12.1632,-29.8111,-47.5573
70,1.0000,DynamicV1Rebalance,2.5000,19909.6279,497.7407,survival,1.0000,1.0000,1.0000,1.0000,1.0000,1.0000,1.0000,1.0000,1.0000,1.0000,1.0000,1.0000,1.0000,1.0000,1.0000,1.0000,1.0000,1.0000,1.0000,1.0000,1.0000,1.0000,1.0000,1.0000,1.0000,1.0000,1.0000,1.0000,1.0000,1.0000,1.0000,1.0000,1.0000,1.0000,1.0000
70,1.0000,DynamicV1Rebalance,2.5000,19909.6279,497.7407,spend25p,498.2837,485.5912,474.1931,461.8236,450.4837,439.1096,427.9392,415.4106,404.1300,392.4328,92.5861,77.5162,63.5757,50.7470,39.9345,29.8578,21.3964,14.7236,8.3052,2.9386,-2.3196,-7.5284,-12.4936,-17.8107,-22.3611,-28.6593,-34.7830,-41.6669,-49.1370,-57.6569,-66.3036,-76.4680,-87.7056,-98.4375,-110.0526
70,1.0000,DynamicV1Rebalance,2.5000,19909.6279,497.7407,spend50p,501.6617,495.2981,490.1348,485.7050,483.0915,480.1879,475.3164,471.0418,464.5268,458.0228,125.6102,111.2463,98.4551,85.8087,74.5872,64.5129,56.7043,49.9550,43.5878,38.8390,34.4519,29.4030,25.0200,19.3582,13.4726,6.9286,0.1024,-8.6575,-16.3862,-25.7836,-36.5913,-47.8783,-59.5000,-72.8915,-86.8963
70,1.0000,DynamicV1Rebalance,2.5000,19909.6279,497.7407,spend75p,505.0560,505.6488,508.3457,511.4454,515.6873,521.0948,527.4202,532.8168,534.0013,536.4388,160.3366,148.1952,135.3947,123.8766,113.1527,105.0811,96.4894,90.1528,84.8543,80.4794,77.9494,74.5314,72.2333,69.4785,66.6253,61.9933,55.9967,48.0809,38.1962,28.1911,16.4907,2.9568,-12.1632,-29.8111,-47.5573
70,1.0000,SpendAwareDPRebalance (R70-aware),2.5000,19909.6279,497.7407,survival,1.0000,1.0000,1.0000,1.0000,1.0000,1.0000,1.0000,1.0000,1.0000,1.0000,1.0000,1.0000,1.0000,1.0000,1.0000,1.0000,1.0000,1.0000,1.0000,1.0000,1.0000,1.0000,1.0000,1.0000,1.0000,1.0000,1.0000,1.0000,1.0000,1.0000,1.0000,1.0000,1.0000,1.0000,1.0000
70,1.0000,SpendAwareDPRebalance (R70-aware),2.5000,19909.6279,497.7407,spend25p,498.2837,485.5912,474.1931,461.8236,450.4837,439.1096,427.9392,415.4106,404.1300,392.4328,92.5861,77.5162,63.5757,50.7470,39.9345,29.8578,21.3964,14.7236,8.3052,2.9386,-2.3196,-7.5284,-12.4936,-17.8107,-22.3611,-28.6593,-34.7830,-41.6669,-49.1370,-57.6569,-66.3036,-76.4680,-87.7056,-98.4375,-110.0526
70,1.0000,SpendAwareDPRebalance (R70-aware),2.5000,19909.6279,497.7407,spend50p,501.6617,495.2981,490.1348,485.7050,483.0915,480.1879,475.3164,471.0418,464.5268,458.0228,125.6102,111.2463,98.4551,85.8087,74.5872,64.5129,56.7043,49.9550,43.5878,38.8390,34.4519,29.4030,25.0200,19.3582,13.4726,6.9286,0.1024,-8.6575,-16.3862,-25.7836,-36.5913,-47.8783,-59.5000,-72.8915,-86.8963
70,1.0000,SpendAwareDPRebalance (R70-aware),2.5000,19909.6279,497.7407,spend75p,505.0560,505.6488,508.3457,511.4454,515.6873,521.0948,527.4202,532.8168,534.0013,536.4388,160.3366,148.1952,135.3947,123.8766,113.1527,105.0811,96.4894,90.1528,84.8543,80.4794,77.9494,74.5314,72.2333,69.4785,66.6253,61.9933,55.9967,48.0809,38.1962,28.1911,16.4907,2.9568,-12.1632,-29.8111,-47.5573
70,1.0000,No dynamic rebalance,3.0000,16591.3566,497.7407,survival,1.0000,1.0000,1.0000,1.0000,1.0000,1.0000,1.0000,1.0000,1.0000,1.0000,1.0000,1.0000,1.0000,1.0000,1.0000,1.0000,1.0000,1.0000,1.0000,1.0000,1.0000,1.0000,1.0000,1.0000,1.0000,1.0000,1.0000,1.0000,1.0000,1.0000,1.0000,1.0000,0.9995,0.9995,0.9995
70,1.0000,No dynamic rebalance,3.0000,16591.3566,497.7407,spend25p,498.2837,485.5912,474.1931,461.8236,450.4837,439.1096,427.9392,415.4106,404.1300,392.4328,92.5861,77.5162,63.5757,50.7470,39.9345,29.8578,21.3964,14.7236,8.3052,2.9386,-2.3196,-7.5284,-12.4936,-17.8107,-22.3611,-28.6593,-34.7830,-41.6669,-49.1370,-57.6569,-66.3036,-76.4680,-87.7056,-98.4375,-110.0526
70,1.0000,No dynamic rebalance,3.0000,16591.3566,497.7407,spend50p,501.6617,495.2981,490.1348,485.7050,483.0915,480.1879,475.3164,471.0418,464.5268,458.0228,125.6102,111.2463,98.4551,85.8087,74.5872,64.5129,56.7043,49.9550,43.5878,38.8390,34.4519,29.4030,25.0200,19.3582,13.4726,6.9286,0.1024,-8.6575,-16.3862,-25.7836,-36.5913,-47.8783,-59.5000,-72.8915,-86.8963
70,1.0000,No dynamic rebalance,3.0000,16591.3566,497.7407,spend75p,505.0560,505.6488,508.3457,511.4454,515.6873,521.0948,527.4202,532.8168,534.0013,536.4388,160.3366,148.1952,135.3947,123.8766,113.1527,105.0811,96.4894,90.1528,84.8543,80.4794,77.9494,74.5314,72.2333,69.4785,66.6253,61.9933,55.9967,48.0809,38.1962,28.1911,16.4907,2.9568,-12.1632,-29.8111,-47.5573
70,1.0000,固定最適比率,3.0000,16591.3566,497.7407,survival,1.0000,1.0000,1.0000,1.0000,1.0000,1.0000,1.0000,1.0000,1.0000,1.0000,1.0000,1.0000,1.0000,1.0000,1.0000,1.0000,1.0000,1.0000,1.0000,1.0000,1.0000,1.0000,1.0000,1.0000,1.0000,1.0000,1.0000,1.0000,1.0000,1.0000,1.0000,1.0000,1.0000,1.0000,1.0000
70,1.0000,固定最適比率,3.0000,16591.3566,497.7407,spend25p,498.2837,485.5912,474.1931,461.8236,450.4837,439.1096,427.9392,415.4106,404.1300,392.4328,92.5861,77.5162,63.5757,50.7470,39.9345,29.8578,21.3964,14.7236,8.3052,2.9386,-2.3196,-7.5284,-12.4936,-17.8107,-22.3611,-28.6593,-34.7830,-41.6669,-49.1370,-57.6569,-66.3036,-76.4680,-87.7056,-98.4375,-110.0526
70,1.0000,固定最適比率,3.0000,16591.3566,497.7407,spend50p,501.6617,495.2981,490.1348,485.7050,483.0915,480.1879,475.3164,471.0418,464.5268,458.0228,125.6102,111.2463,98.4551,85.8087,74.5872,64.5129,56.7043,49.9550,43.5878,38.8390,34.4519,29.4030,25.0200,19.3582,13.4726,6.9286,0.1024,-8.6575,-16.3862,-25.7836,-36.5913,-47.8783,-59.5000,-72.8915,-86.8963
70,1.0000,固定最適比率,3.0000,16591.3566,497.7407,spend75p,505.0560,505.6488,508.3457,511.4454,515.6873,521.0948,527.4202,532.8168,534.0013,536.4388,160.3366,148.1952,135.3947,123.8766,113.1527,105.0811,96.4894,90.1528,84.8543,80.4794,77.9494,74.5314,72.2333,69.4785,66.6253,61.9933,55.9967,48.0809,38.1962,28.1911,16.4907,2.9568,-12.1632,-29.8111,-47.5573
70,1.0000,DynamicV1Rebalance,3.0000,16591.3566,497.7407,survival,1.0000,1.0000,1.0000,1.0000,1.0000,1.0000,1.0000,1.0000,1.0000,1.0000,1.0000,1.0000,1.0000,1.0000,1.0000,1.0000,1.0000,1.0000,1.0000,1.0000,1.0000,1.0000,1.0000,1.0000,1.0000,1.0000,1.0000,1.0000,1.0000,1.0000,1.0000,1.0000,1.0000,1.0000,1.0000
70,1.0000,DynamicV1Rebalance,3.0000,16591.3566,497.7407,spend25p,498.2837,485.5912,474.1931,461.8236,450.4837,439.1096,427.9392,415.4106,404.1300,392.4328,92.5861,77.5162,63.5757,50.7470,39.9345,29.8578,21.3964,14.7236,8.3052,2.9386,-2.3196,-7.5284,-12.4936,-17.8107,-22.3611,-28.6593,-34.7830,-41.6669,-49.1370,-57.6569,-66.3036,-76.4680,-87.7056,-98.4375,-110.0526
70,1.0000,DynamicV1Rebalance,3.0000,16591.3566,497.7407,spend50p,501.6617,495.2981,490.1348,485.7050,483.0915,480.1879,475.3164,471.0418,464.5268,458.0228,125.6102,111.2463,98.4551,85.8087,74.5872,64.5129,56.7043,49.9550,43.5878,38.8390,34.4519,29.4030,25.0200,19.3582,13.4726,6.9286,0.1024,-8.6575,-16.3862,-25.7836,-36.5913,-47.8783,-59.5000,-72.8915,-86.8963
70,1.0000,DynamicV1Rebalance,3.0000,16591.3566,497.7407,spend75p,505.0560,505.6488,508.3457,511.4454,515.6873,521.0948,527.4202,532.8168,534.0013,536.4388,160.3366,148.1952,135.3947,123.8766,113.1527,105.0811,96.4894,90.1528,84.8543,80.4794,77.9494,74.5314,72.2333,69.4785,66.6253,61.9933,55.9967,48.0809,38.1962,28.1911,16.4907,2.9568,-12.1632,-29.8111,-47.5573
70,1.0000,SpendAwareDPRebalance (R70-aware),3.0000,16591.3566,497.7407,survival,1.0000,1.0000,1.0000,1.0000,1.0000,1.0000,1.0000,1.0000,1.0000,1.0000,1.0000,1.0000,1.0000,1.0000,1.0000,1.0000,1.0000,1.0000,1.0000,1.0000,1.0000,1.0000,1.0000,1.0000,1.0000,1.0000,1.0000,1.0000,1.0000,1.0000,1.0000,1.0000,1.0000,1.0000,1.0000
70,1.0000,SpendAwareDPRebalance (R70-aware),3.0000,16591.3566,497.7407,spend25p,498.2837,485.5912,474.1931,461.8236,450.4837,439.1096,427.9392,415.4106,404.1300,392.4328,92.5861,77.5162,63.5757,50.7470,39.9345,29.8578,21.3964,14.7236,8.3052,2.9386,-2.3196,-7.5284,-12.4936,-17.8107,-22.3611,-28.6593,-34.7830,-41.6669,-49.1370,-57.6569,-66.3036,-76.4680,-87.7056,-98.4375,-110.0526
70,1.0000,SpendAwareDPRebalance (R70-aware),3.0000,16591.3566,497.7407,spend50p,501.6617,495.2981,490.1348,485.7050,483.0915,480.1879,475.3164,471.0418,464.5268,458.0228,125.6102,111.2463,98.4551,85.8087,74.5872,64.5129,56.7043,49.9550,43.5878,38.8390,34.4519,29.4030,25.0200,19.3582,13.4726,6.9286,0.1024,-8.6575,-16.3862,-25.7836,-36.5913,-47.8783,-59.5000,-72.8915,-86.8963
70,1.0000,SpendAwareDPRebalance (R70-aware),3.0000,16591.3566,497.7407,spend75p,505.0560,505.6488,508.3457,511.4454,515.6873,521.0948,527.4202,532.8168,534.0013,536.4388,160.3366,148.1952,135.3947,123.8766,113.1527,105.0811,96.4894,90.1528,84.8543,80.4794,77.9494,74.5314,72.2333,69.4785,66.6253,61.9933,55.9967,48.0809,38.1962,28.1911,16.4907,2.9568,-12.1632,-29.8111,-47.5573
70,1.0000,No dynamic rebalance,4.0000,12443.5174,497.7407,survival,1.0000,1.0000,1.0000,1.0000,1.0000,1.0000,1.0000,1.0000,1.0000,0.9995,0.9995,0.9990,0.9980,0.9980,0.9975,0.9970,0.9965,0.9960,0.9955,0.9955,0.9955,0.9945,0.9945,0.9945,0.9945,0.9930,0.9920,0.9915,0.9915,0.9910,0.9900,0.9900,0.9890,0.9885,0.9885
70,1.0000,No dynamic rebalance,4.0000,12443.5174,497.7407,spend25p,498.2837,485.5912,474.1931,461.8236,450.4837,439.1096,427.9392,415.4106,404.1300,392.4328,92.5861,77.4324,63.2314,50.3112,39.6289,29.4683,21.1503,14.3589,7.6623,2.4821,-2.1959,-7.4959,-12.4909,-17.7457,-22.3477,-28.4815,-34.6501,-41.5673,-49.1174,-57.5479,-66.1777,-76.4634,-87.6058,-98.3803,-110.0090
70,1.0000,No dynamic rebalance,4.0000,12443.5174,497.7407,spend50p,501.6617,495.2981,490.1348,485.7050,483.0915,480.1879,475.3164,471.0418,464.5268,458.0228,125.6102,111.1759,98.1705,85.6925,74.1314,63.8148,55.8892,49.2897,43.1723,38.0145,33.9689,28.8042,24.2488,18.5637,12.6291,6.0955,0.0000,-8.4792,-16.3631,-25.7124,-36.4988,-47.7959,-59.3111,-72.7927,-86.6594
70,1.0000,No dynamic rebalance,4.0000,12443.5174,497.7407,spend75p,505.0560,505.6488,508.3457,511.4454,515.6873,521.0948,527.4202,532.8168,534.0013,536.4388,160.3366,148.1952,135.3644,123.7814,112.6996,104.8256,95.8828,89.3885,83.7521,79.0478,76.7462,73.5935,71.5867,68.5567,65.4339,61.2660,54.1829,46.3891,36.6425,26.1313,14.6071,1.2860,-11.7045,-29.5883,-46.9025
70,1.0000,固定最適比率,4.0000,12443.5174,497.7407,survival,1.0000,1.0000,1.0000,1.0000,1.0000,1.0000,1.0000,1.0000,1.0000,1.0000,1.0000,1.0000,1.0000,1.0000,1.0000,1.0000,1.0000,1.0000,1.0000,1.0000,1.0000,1.0000,1.0000,1.0000,1.0000,1.0000,1.0000,1.0000,1.0000,1.0000,1.0000,1.0000,1.0000,1.0000,1.0000
70,1.0000,固定最適比率,4.0000,12443.5174,497.7407,spend25p,498.2837,485.5912,474.1931,461.8236,450.4837,439.1096,427.9392,415.4106,404.1300,392.4328,92.5861,77.5162,63.5757,50.7470,39.9345,29.8578,21.3964,14.7236,8.3052,2.9386,-2.3196,-7.5284,-12.4936,-17.8107,-22.3611,-28.6593,-34.7830,-41.6669,-49.1370,-57.6569,-66.3036,-76.4680,-87.7056,-98.4375,-110.0526
70,1.0000,固定最適比率,4.0000,12443.5174,497.7407,spend50p,501.6617,495.2981,490.1348,485.7050,483.0915,480.1879,475.3164,471.0418,464.5268,458.0228,125.6102,111.2463,98.4551,85.8087,74.5872,64.5129,56.7043,49.9550,43.5878,38.8390,34.4519,29.4030,25.0200,19.3582,13.4726,6.9286,0.1024,-8.6575,-16.3862,-25.7836,-36.5913,-47.8783,-59.5000,-72.8915,-86.8963
70,1.0000,固定最適比率,4.0000,12443.5174,497.7407,spend75p,505.0560,505.6488,508.3457,511.4454,515.6873,521.0948,527.4202,532.8168,534.0013,536.4388,160.3366,148.1952,135.3947,123.8766,113.1527,105.0811,96.4894,90.1528,84.8543,80.4794,77.9494,74.5314,72.2333,69.4785,66.6253,61.9933,55.9967,48.0809,38.1962,28.1911,16.4907,2.9568,-12.1632,-29.8111,-47.5573
70,1.0000,DynamicV1Rebalance,4.0000,12443.5174,497.7407,survival,1.0000,1.0000,1.0000,1.0000,1.0000,1.0000,1.0000,1.0000,1.0000,1.0000,1.0000,0.9990,0.9980,0.9980,0.9980,0.9975,0.9970,0.9970,0.9965,0.9965,0.9965,0.9960,0.9960,0.9960,0.9960,0.9955,0.9950,0.9945,0.9935,0.9935,0.9935,0.9935,0.9935,0.9935,0.9935
70,1.0000,DynamicV1Rebalance,4.0000,12443.5174,497.7407,spend25p,498.2837,485.5912,474.1931,461.8236,450.4837,439.1096,427.9392,415.4106,404.1300,392.4328,92.5861,77.4324,63.2314,50.3112,39.7045,29.5757,21.2018,14.4473,7.7535,2.5081,-2.1959,-7.4959,-12.4909,-17.7457,-22.3477,-28.4815,-34.6501,-41.5673,-49.1174,-57.5479,-66.1777,-76.4634,-87.6058,-98.4128,-110.0347
70,1.0000,DynamicV1Rebalance,4.0000,12443.5174,497.7407,spend50p,501.6617,495.2981,490.1348,485.7050,483.0915,480.1879,475.3164,471.0418,464.5268,458.0228,125.6102,111.1759,98.1705,85.6925,74.2521,63.8667,55.9321,49.4700,43.3634,38.0562,34.1921,29.1557,24.5680,18.7621,12.8032,6.3723,0.0000,-8.4792,-16.3631,-25.7124,-36.4988,-47.8162,-59.4002,-72.8586,-86.7789
70,1.0000,DynamicV1Rebalance,4.0000,12443.5174,497.7407,spend75p,505.0560,505.6488,508.3457,511.4454,515.6873,521.0948,527.4202,532.8168,534.0013,536.4388,160.3366,148.1952,135.3644,123.7814,113.0980,104.8847,95.9556,89.7197,84.0394,79.2530,77.3915,73.6452,71.6857,69.0461,65.5025,61.5392,54.9918,46.9969,36.9055,26.7224,15.3306,1.9245,-11.8930,-29.6358,-47.1486
70,1.0000,SpendAwareDPRebalance (R70-aware),4.0000,12443.5174,497.7407,survival,1.0000,1.0000,1.0000,1.0000,1.0000,1.0000,1.0000,1.0000,1.0000,1.0000,1.0000,1.0000,1.0000,1.0000,1.0000,1.0000,1.0000,1.0000,1.0000,1.0000,1.0000,1.0000,1.0000,1.0000,1.0000,1.0000,1.0000,1.0000,1.0000,1.0000,1.0000,1.0000,1.0000,1.0000,1.0000
70,1.0000,SpendAwareDPRebalance (R70-aware),4.0000,12443.5174,497.7407,spend25p,498.2837,485.5912,474.1931,461.8236,450.4837,439.1096,427.9392,415.4106,404.1300,392.4328,92.5861,77.5162,63.5757,50.7470,39.9345,29.8578,21.3964,14.7236,8.3052,2.9386,-2.3196,-7.5284,-12.4936,-17.8107,-22.3611,-28.6593,-34.7830,-41.6669,-49.1370,-57.6569,-66.3036,-76.4680,-87.7056,-98.4375,-110.0526
70,1.0000,SpendAwareDPRebalance (R70-aware),4.0000,12443.5174,497.7407,spend50p,501.6617,495.2981,490.1348,485.7050,483.0915,480.1879,475.3164,471.0418,464.5268,458.0228,125.6102,111.2463,98.4551,85.8087,74.5872,64.5129,56.7043,49.9550,43.5878,38.8390,34.4519,29.4030,25.0200,19.3582,13.4726,6.9286,0.1024,-8.6575,-16.3862,-25.7836,-36.5913,-47.8783,-59.5000,-72.8915,-86.8963
70,1.0000,SpendAwareDPRebalance (R70-aware),4.0000,12443.5174,497.7407,spend75p,505.0560,505.6488,508.3457,511.4454,515.6873,521.0948,527.4202,532.8168,534.0013,536.4388,160.3366,148.1952,135.3947,123.8766,113.1527,105.0811,96.4894,90.1528,84.8543,80.4794,77.9494,74.5314,72.2333,69.4785,66.6253,61.9933,55.9967,48.0809,38.1962,28.1911,16.4907,2.9568,-12.1632,-29.8111,-47.5573
70,1.0000,No dynamic rebalance,5.0000,9954.8140,497.7407,survival,1.0000,1.0000,1.0000,1.0000,1.0000,1.0000,1.0000,0.9995,0.9985,0.9955,0.9955,0.9940,0.9925,0.9915,0.9890,0.9865,0.9845,0.9830,0.9820,0.9780,0.9745,0.9735,0.9710,0.9700,0.9695,0.9670,0.9665,0.9660,0.9655,0.9640,0.9635,0.9630,0.9630,0.9625,0.9625
70,1.0000,No dynamic rebalance,5.0000,9954.8140,497.7407,spend25p,498.2837,485.5912,474.1931,461.8236,450.4837,439.1096,427.9392,415.4106,403.7390,391.1545,92.3041,77.0517,62.3551,49.6255,38.4550,27.9103,20.1959,12.5234,5.7708,0.0000,-2.0936,-7.4755,-12.1145,-17.5942,-22.3063,-28.2372,-34.4732,-41.4216,-48.8562,-57.3082,-65.9694,-76.3123,-87.4529,-97.9909,-109.8332
70,1.0000,No dynamic rebalance,5.0000,9954.8140,497.7407,spend50p,501.6617,495.2981,490.1348,485.7050,483.0915,480.1879,475.3164,471.0418,464.4291,457.0149,125.1010,110.7570,97.2561,84.8519,73.0848,62.8909,54.5813,47.6761,41.3536,36.3718,30.9936,26.3904,20.9757,15.6703,9.0939,2.7932,0.0000,-7.0866,-15.5793,-24.6683,-34.8728,-46.5824,-58.5824,-72.0625,-85.8345
70,1.0000,No dynamic rebalance,5.0000,9954.8140,497.7407,spend75p,505.0560,505.6488,508.3457,511.4454,515.6873,521.0948,527.4202,532.8168,533.4871,534.6906,159.8811,147.6541,134.4014,122.7026,111.2875,102.7830,94.8817,87.8094,82.0541,77.0989,73.8417,70.9756,68.6274,65.3535,62.2038,56.6635,50.2953,42.5439,33.2797,22.2661,9.6198,0.0000,-9.1227,-25.9229,-42.8523
70,1.0000,固定最適比率,5.0000,9954.8140,497.7407,survival,1.0000,1.0000,1.0000,1.0000,1.0000,1.0000,1.0000,0.9995,0.9985,0.9955,0.9955,0.9940,0.9925,0.9915,0.9890,0.9865,0.9845,0.9830,0.9820,0.9780,0.9745,0.9735,0.9710,0.9700,0.9695,0.9670,0.9665,0.9660,0.9655,0.9640,0.9635,0.9630,0.9630,0.9625,0.9625
70,1.0000,固定最適比率,5.0000,9954.8140,497.7407,spend25p,498.2837,485.5912,474.1931,461.8236,450.4837,439.1096,427.9392,415.4106,403.7390,391.1545,92.3041,77.0517,62.3551,49.6255,38.4550,27.9103,20.1959,12.5234,5.7708,0.0000,-2.0936,-7.4755,-12.1145,-17.5942,-22.3063,-28.2372,-34.4732,-41.4216,-48.8562,-57.3082,-65.9694,-76.3123,-87.4529,-97.9909,-109.8332
70,1.0000,固定最適比率,5.0000,9954.8140,497.7407,spend50p,501.6617,495.2981,490.1348,485.7050,483.0915,480.1879,475.3164,471.0418,464.4291,457.0149,125.1010,110.7570,97.2561,84.8519,73.0848,62.8909,54.5813,47.6761,41.3536,36.3718,30.9936,26.3904,20.9757,15.6703,9.0939,2.7932,0.0000,-7.0866,-15.5793,-24.6683,-34.8728,-46.5824,-58.5824,-72.0625,-85.8345
70,1.0000,固定最適比率,5.0000,9954.8140,497.7407,spend75p,505.0560,505.6488,508.3457,511.4454,515.6873,521.0948,527.4202,532.8168,533.4871,534.6906,159.8811,147.6541,134.4014,122.7026,111.2875,102.7830,94.8817,87.8094,82.0541,77.0989,73.8417,70.9756,68.6274,65.3535,62.2038,56.6635,50.2953,42.5439,33.2797,22.2661,9.6198,0.0000,-9.1227,-25.9229,-42.8523
70,1.0000,DynamicV1Rebalance,5.0000,9954.8140,497.7407,survival,1.0000,1.0000,1.0000,1.0000,1.0000,1.0000,1.0000,0.9995,0.9985,0.9955,0.9955,0.9950,0.9940,0.9915,0.9890,0.9865,0.9845,0.9830,0.9820,0.9800,0.9765,0.9750,0.9725,0.9715,0.9705,0.9685,0.9685,0.9685,0.9680,0.9675,0.9670,0.9660,0.9655,0.9650,0.9650
70,1.0000,DynamicV1Rebalance,5.0000,9954.8140,497.7407,spend25p,498.2837,485.5912,474.1931,461.8236,450.4837,439.1096,427.9392,415.4106,403.7390,391.1545,92.3041,77.1087,62.4069,49.6255,38.4550,27.9103,20.1959,12.5234,5.7708,0.0320,-2.0936,-7.4755,-12.1145,-17.5942,-22.3063,-28.2372,-34.4732,-41.4216,-48.8562,-57.3082,-65.9694,-76.3123,-87.4529,-97.9909,-109.8332
70,1.0000,DynamicV1Rebalance,5.0000,9954.8140,497.7407,spend50p,501.6617,495.2981,490.1348,485.7050,483.0915,480.1879,475.3164,471.0418,464.4291,457.0149,125.1010,110.8448,97.5405,84.8519,73.0848,62.8909,54.5813,47.6761,41.3536,36.4470,31.3270,26.5279,21.2059,15.8286,9.1367,3.1029,0.0000,-7.0866,-15.5793,-24.6953,-34.9835,-46.7191,-58.6240,-72.0736,-85.9003
70,1.0000,DynamicV1Rebalance,5.0000,9954.8140,497.7407,spend75p,505.0560,505.6488,508.3457,511.4454,515.6873,521.0948,527.4202,532.8168,533.4871,534.6906,159.8811,147.7412,134.8163,122.7026,111.2875,102.7830,94.8817,87.8094,82.0541,77.3596,74.3083,71.1949,68.7752,65.4935,62.6965,57.2666,50.9507,42.9435,33.7434,22.8864,10.5460,0.0000,-9.1633,-26.2126,-42.9546
70,1.0000,SpendAwareDPRebalance (R70-aware),5.0000,9954.8140,497.7407,survival,1.0000,1.0000,1.0000,1.0000,1.0000,1.0000,1.0000,1.0000,1.0000,1.0000,1.0000,1.0000,1.0000,1.0000,1.0000,1.0000,1.0000,1.0000,0.9995,0.9995,0.9995,0.9995,0.9995,0.9995,0.9985,0.9985,0.9980,0.9980,0.9975,0.9970,0.9965,0.9965,0.9960,0.9945,0.9940
70,1.0000,SpendAwareDPRebalance (R70-aware),5.0000,9954.8140,497.7407,spend25p,498.2837,485.5912,474.1931,461.8236,450.4837,439.1096,427.9392,415.4106,404.1300,392.4328,92.5861,77.5162,63.5757,50.7470,39.9345,29.8578,21.3964,14.7236,8.1931,2.8880,-2.3196,-7.5284,-12.4936,-17.8107,-22.3611,-28.6593,-34.7830,-41.6669,-49.1370,-57.6569,-66.3036,-76.4680,-87.7056,-98.4375,-110.0526
70,1.0000,SpendAwareDPRebalance (R70-aware),5.0000,9954.8140,497.7407,spend50p,501.6617,495.2981,490.1348,485.7050,483.0915,480.1879,475.3164,471.0418,464.5268,458.0228,125.6102,111.2463,98.4551,85.8087,74.5872,64.5129,56.7043,49.9550,43.5646,38.7184,34.3777,29.3281,24.9797,19.3473,13.0564,6.6925,0.0000,-8.6575,-16.3862,-25.7836,-36.5913,-47.8783,-59.5000,-72.8915,-86.8963
70,1.0000,SpendAwareDPRebalance (R70-aware),5.0000,9954.8140,497.7407,spend75p,505.0560,505.6488,508.3457,511.4454,515.6873,521.0948,527.4202,532.8168,534.0013,536.4388,160.3366,148.1952,135.3947,123.8766,113.1527,105.0811,96.4894,90.1528,84.6989,80.0106,77.8951,74.3909,72.0466,69.3945,65.9242,61.7787,55.4327,47.5816,37.7735,27.7678,15.8292,2.3625,-12.1632,-29.8111,-47.5573
70,1.0000,No dynamic rebalance,6.0000,8295.6783,497.7407,survival,1.0000,1.0000,1.0000,1.0000,1.0000,1.0000,0.9990,0.9980,0.9940,0.9830,0.9755,0.9695,0.9650,0.9600,0.9565,0.9545,0.9520,0.9510,0.9470,0.9435,0.9390,0.9370,0.9355,0.9350,0.9335,0.9320,0.9310,0.9295,0.9265,0.9255,0.9245,0.9245,0.9240,0.9235,0.9230
70,1.0000,No dynamic rebalance,6.0000,8295.6783,497.7407,spend25p,498.2837,485.5912,474.1931,461.8236,450.4837,439.1096,427.8660,415.0065,402.4631,387.5193,89.2415,73.6665,58.7391,45.7737,34.0198,23.8306,15.3644,7.4158,1.3746,0.0000,-1.9518,-7.1567,-11.6338,-16.7491,-21.9228,-27.2466,-33.6878,-41.1234,-48.4847,-56.9159,-65.4015,-75.9458,-87.0142,-97.6157,-109.2916
70,1.0000,No dynamic rebalance,6.0000,8295.6783,497.7407,spend50p,501.6617,495.2981,490.1348,485.7050,483.0915,480.1879,475.2555,470.7385,463.6205,455.2129,123.3639,108.3465,94.2602,81.5532,69.7162,59.5762,51.6886,44.5367,38.7212,33.0298,27.1350,21.9887,16.6714,11.4203,4.7782,0.0000,0.0000,-5.2669,-13.8147,-22.0749,-32.5092,-43.7971,-57.1409,-70.4702,-84.2167
70,1.0000,No dynamic rebalance,6.0000,8295.6783,497.7407,spend75p,505.0560,505.6488,508.3457,511.4454,515.6873,521.0948,527.4202,532.5131,532.2461,531.1328,157.8348,144.4948,131.3495,118.4851,109.1766,98.9908,90.8758,84.5098,78.2294,72.6285,69.4412,65.6458,64.0537,61.7861,57.6840,52.7542,46.8704,39.0420,29.7514,16.9665,5.0110,0.0000,-0.6000,-18.1877,-35.7035
70,1.0000,固定最適比率,6.0000,8295.6783,497.7407,survival,1.0000,1.0000,1.0000,1.0000,1.0000,1.0000,0.9990,0.9980,0.9940,0.9830,0.9755,0.9695,0.9650,0.9600,0.9565,0.9545,0.9520,0.9510,0.9470,0.9435,0.9390,0.9370,0.9355,0.9350,0.9335,0.9320,0.9310,0.9295,0.9265,0.9255,0.9245,0.9245,0.9240,0.9235,0.9230
70,1.0000,固定最適比率,6.0000,8295.6783,497.7407,spend25p,498.2837,485.5912,474.1931,461.8236,450.4837,439.1096,427.8660,415.0065,402.4631,387.5193,89.2415,73.6665,58.7391,45.7737,34.0198,23.8306,15.3644,7.4158,1.3746,0.0000,-1.9518,-7.1567,-11.6338,-16.7491,-21.9228,-27.2466,-33.6878,-41.1234,-48.4847,-56.9159,-65.4015,-75.9458,-87.0142,-97.6157,-109.2916
70,1.0000,固定最適比率,6.0000,8295.6783,497.7407,spend50p,501.6617,495.2981,490.1348,485.7050,483.0915,480.1879,475.2555,470.7385,463.6205,455.2129,123.3639,108.3465,94.2602,81.5532,69.7162,59.5762,51.6886,44.5367,38.7212,33.0298,27.1350,21.9887,16.6714,11.4203,4.7782,0.0000,0.0000,-5.2669,-13.8147,-22.0749,-32.5092,-43.7971,-57.1409,-70.4702,-84.2167
70,1.0000,固定最適比率,6.0000,8295.6783,497.7407,spend75p,505.0560,505.6488,508.3457,511.4454,515.6873,521.0948,527.4202,532.5131,532.2461,531.1328,157.8348,144.4948,131.3495,118.4851,109.1766,98.9908,90.8758,84.5098,78.2294,72.6285,69.4412,65.6458,64.0537,61.7861,57.6840,52.7542,46.8704,39.0420,29.7514,16.9665,5.0110,0.0000,-0.6000,-18.1877,-35.7035
70,1.0000,DynamicV1Rebalance,6.0000,8295.6783,497.7407,survival,1.0000,1.0000,1.0000,1.0000,1.0000,1.0000,0.9990,0.9980,0.9940,0.9830,0.9760,0.9695,0.9650,0.9605,0.9565,0.9545,0.9520,0.9510,0.9470,0.9435,0.9400,0.9380,0.9370,0.9355,0.9340,0.9330,0.9320,0.9305,0.9280,0.9275,0.9265,0.9265,0.9265,0.9265,0.9265
70,1.0000,DynamicV1Rebalance,6.0000,8295.6783,497.7407,spend25p,498.2837,485.5912,474.1931,461.8236,450.4837,439.1096,427.8660,415.0065,402.4631,387.5193,89.2551,73.6665,58.7391,45.7870,34.0198,23.8306,15.3644,7.4158,1.3746,0.0000,-1.9518,-7.1567,-11.6338,-16.7491,-21.9228,-27.2466,-33.6878,-41.1234,-48.4847,-56.9159,-65.4015,-75.9458,-87.0142,-97.6157,-109.2916
70,1.0000,DynamicV1Rebalance,6.0000,8295.6783,497.7407,spend50p,501.6617,495.2981,490.1348,485.7050,483.0915,480.1879,475.2555,470.7385,463.6205,455.2129,123.3639,108.3465,94.2602,81.6438,69.7162,59.5762,51.6886,44.5367,38.7212,33.0298,27.3820,22.0511,16.9820,11.5059,4.8015,0.0000,0.0000,-5.3685,-13.8359,-22.1948,-32.7376,-43.9062,-57.2423,-70.5430,-84.2694
70,1.0000,DynamicV1Rebalance,6.0000,8295.6783,497.7407,spend75p,505.0560,505.6488,508.3457,511.4454,515.6873,521.0948,527.4202,532.5131,532.2461,531.1328,157.8348,144.4948,131.3495,118.8718,109.1766,98.9908,90.8758,84.5098,78.2294,72.6285,69.4412,65.8408,64.2104,61.7861,57.6840,52.9046,46.8840,39.0981,30.0461,17.3791,5.5591,0.0000,-1.0708,-18.4360,-35.8884
70,1.0000,SpendAwareDPRebalance (R70-aware),6.0000,8295.6783,497.7407,survival,1.0000,1.0000,1.0000,1.0000,1.0000,1.0000,1.0000,1.0000,1.0000,1.0000,1.0000,1.0000,0.9995,0.9990,0.9990,0.9980,0.9970,0.9960,0.9960,0.9955,0.9940,0.9915,0.9910,0.9895,0.9890,0.9880,0.9875,0.9860,0.9840,0.9840,0.9840,0.9835,0.9825,0.9815,0.9805
70,1.0000,SpendAwareDPRebalance (R70-aware),6.0000,8295.6783,497.7407,spend25p,498.2837,485.5912,474.1931,461.8236,450.4837,439.1096,427.9392,415.4106,404.1300,392.4328,92.5861,77.5162,63.4294,50.5648,39.7573,29.5757,21.1503,14.2255,7.6623,2.4821,-2.1959,-7.4959,-12.4909,-17.7457,-22.3477,-28.4815,-34.5866,-41.5288,-49.0051,-57.4970,-66.1150,-76.4238,-87.5242,-98.3803,-110.0090
70,1.0000,SpendAwareDPRebalance (R70-aware),6.0000,8295.6783,497.7407,spend50p,501.6617,495.2981,490.1348,485.7050,483.0915,480.1879,475.3164,471.0418,464.5268,458.0228,125.6102,111.2463,98.3749,85.7274,74.3802,63.8667,55.9321,49.2897,43.2494,38.0145,33.5135,28.3786,23.5400,18.1690,12.1018,5.7589,0.0000,-8.1532,-16.3296,-25.6575,-36.3841,-47.7959,-59.2644,-72.6729,-86.6256
70,1.0000,SpendAwareDPRebalance (R70-aware),6.0000,8295.6783,497.7407,spend75p,505.0560,505.6488,508.3457,511.4454,515.6873,521.0948,527.4202,532.8168,534.0013,536.4388,160.3366,148.1952,135.3644,123.7304,112.6996,104.8256,95.8828,89.2129,83.7521,79.0478,76.2679,72.6342,70.4852,67.1434,64.3516,60.1429,53.5610,44.8394,35.3520,24.6888,13.0091,0.1198,-11.3999,-29.4296,-46.8376
70,1.0000,No dynamic rebalance,7.0000,7110.5814,497.7407,survival,1.0000,1.0000,1.0000,1.0000,1.0000,0.9995,0.9980,0.9920,0.9740,0.9525,0.9445,0.9340,0.9265,0.9195,0.9140,0.9080,0.9055,0.9030,0.8990,0.8945,0.8930,0.8890,0.8855,0.8820,0.8810,0.8775,0.8770,0.8725,0.8695,0.8690,0.8685,0.8675,0.8675,0.8675,0.8675
70,1.0000,No dynamic rebalance,7.0000,7110.5814,497.7407,spend25p,498.2837,485.5912,474.1931,461.8236,450.4837,438.9307,427.6128,413.9825,397.5895,378.3185,85.0498,67.6739,52.4831,38.2991,26.2651,15.9804,8.0087,0.5426,0.0000,0.0000,-1.7549,-6.6543,-11.0704,-16.5051,-21.4235,-26.7036,-32.9153,-40.7167,-48.0031,-56.4464,-64.9570,-75.5687,-86.4505,-96.9771,-108.6071
70,1.0000,No dynamic rebalance,7.0000,7110.5814,497.7407,spend50p,501.6617,495.2981,490.1348,485.7050,483.0915,480.1404,475.1995,468.6126,460.3478,448.6760,120.6592,105.5813,90.7697,76.3584,64.5915,54.4114,45.6257,38.4337,32.6052,26.6889,21.8400,15.3285,9.7089,4.4577,0.0000,0.0000,0.0000,-2.9234,-10.9685,-19.8608,-29.8626,-41.2722,-54.6816,-68.4349,-81.7526
70,1.0000,No dynamic rebalance,7.0000,7110.5814,497.7407,spend75p,505.0560,505.6488,508.3457,511.4454,515.6873,521.0948,526.9597,530.7489,527.9949,523.8385,155.0010,140.7531,127.7570,115.3657,104.6017,94.0339,85.3118,78.5327,73.4779,68.4900,63.9783,59.8246,57.6033,54.1106,49.6178,43.3630,37.3201,28.2572,19.7191,10.0356,0.0000,0.0000,0.0000,-5.1749,-23.7256
70,1.0000,固定最適比率,7.0000,7110.5814,497.7407,survival,1.0000,1.0000,1.0000,1.0000,1.0000,0.9995,0.9980,0.9920,0.9740,0.9525,0.9445,0.9340,0.9265,0.9195,0.9140,0.9080,0.9055,0.9030,0.8990,0.8945,0.8930,0.8890,0.8855,0.8820,0.8810,0.8775,0.8770,0.8725,0.8695,0.8690,0.8685,0.8675,0.8675,0.8675,0.8675
70,1.0000,固定最適比率,7.0000,7110.5814,497.7407,spend25p,498.2837,485.5912,474.1931,461.8236,450.4837,438.9307,427.6128,413.9825,397.5895,378.3185,85.0498,67.6739,52.4831,38.2991,26.2651,15.9804,8.0087,0.5426,0.0000,0.0000,-1.7549,-6.6543,-11.0704,-16.5051,-21.4235,-26.7036,-32.9153,-40.7167,-48.0031,-56.4464,-64.9570,-75.5687,-86.4505,-96.9771,-108.6071
70,1.0000,固定最適比率,7.0000,7110.5814,497.7407,spend50p,501.6617,495.2981,490.1348,485.7050,483.0915,480.1404,475.1995,468.6126,460.3478,448.6760,120.6592,105.5813,90.7697,76.3584,64.5915,54.4114,45.6257,38.4337,32.6052,26.6889,21.8400,15.3285,9.7089,4.4577,0.0000,0.0000,0.0000,-2.9234,-10.9685,-19.8608,-29.8626,-41.2722,-54.6816,-68.4349,-81.7526
70,1.0000,固定最適比率,7.0000,7110.5814,497.7407,spend75p,505.0560,505.6488,508.3457,511.4454,515.6873,521.0948,526.9597,530.7489,527.9949,523.8385,155.0010,140.7531,127.7570,115.3657,104.6017,94.0339,85.3118,78.5327,73.4779,68.4900,63.9783,59.8246,57.6033,54.1106,49.6178,43.3630,37.3201,28.2572,19.7191,10.0356,0.0000,0.0000,0.0000,-5.1749,-23.7256
70,1.0000,DynamicV1Rebalance,7.0000,7110.5814,497.7407,survival,1.0000,1.0000,1.0000,1.0000,1.0000,0.9995,0.9980,0.9920,0.9740,0.9525,0.9435,0.9340,0.9265,0.9195,0.9140,0.9080,0.9055,0.9030,0.8990,0.8945,0.8930,0.8890,0.8860,0.8830,0.8815,0.8780,0.8775,0.8760,0.8750,0.8740,0.8740,0.8740,0.8740,0.8740,0.8740
70,1.0000,DynamicV1Rebalance,7.0000,7110.5814,497.7407,spend25p,498.2837,485.5912,474.1931,461.8236,450.4837,438.9307,427.6128,413.9825,397.5895,378.3185,84.9764,67.6739,52.4831,38.2991,26.2651,15.9804,8.0087,0.5426,0.0000,0.0000,-1.7549,-6.6543,-11.0704,-16.5051,-21.4235,-26.7036,-32.9153,-40.7167,-48.0031,-56.4464,-64.9570,-75.5687,-86.4505,-96.9771,-108.6071
70,1.0000,DynamicV1Rebalance,7.0000,7110.5814,497.7407,spend50p,501.6617,495.2981,490.1348,485.7050,483.0915,480.1404,475.1995,468.6126,460.3478,448.6760,120.4970,105.5813,90.7697,76.3584,64.5915,54.4114,45.6257,38.4337,32.6052,26.6889,21.8400,15.3285,9.8556,4.6283,0.0000,0.0000,0.0000,-2.9234,-10.9685,-19.9499,-29.8662,-41.3214,-54.8223,-68.4697,-81.8599
70,1.0000,DynamicV1Rebalance,7.0000,7110.5814,497.7407,spend75p,505.0560,505.6488,508.3457,511.4454,515.6873,521.0948,526.9597,530.7489,527.9949,523.8385,154.9241,140.7531,127.7570,115.3657,104.6017,94.0339,85.3118,78.5327,73.4779,68.4900,63.9783,59.8246,57.8700,54.5546,49.6380,43.5234,37.4012,29.4198,20.7382,11.2280,0.0000,0.0000,0.0000,-5.3191,-23.8258
70,1.0000,SpendAwareDPRebalance (R70-aware),7.0000,7110.5814,497.7407,survival,1.0000,1.0000,1.0000,1.0000,1.0000,0.9995,0.9990,0.9985,0.9980,0.9960,0.9960,0.9955,0.9950,0.9925,0.9895,0.9870,0.9835,0.9800,0.9755,0.9730,0.9720,0.9700,0.9640,0.9590,0.9575,0.9520,0.9515,0.9490,0.9480,0.9455,0.9430,0.9430,0.9425,0.9425,0.9420
70,1.0000,SpendAwareDPRebalance (R70-aware),7.0000,7110.5814,497.7407,spend25p,498.2837,485.5912,474.1931,461.8236,450.4837,438.9307,427.7057,415.0065,403.2298,391.1545,92.3041,77.1087,62.5837,49.6548,38.4550,27.9103,19.9857,11.6741,4.4302,0.0000,-2.1959,-7.4959,-12.4909,-17.7457,-22.3477,-28.4815,-34.5866,-41.5288,-49.0051,-57.4860,-66.0913,-76.4053,-87.5061,-98.0232,-109.8332
70,1.0000,SpendAwareDPRebalance (R70-aware),7.0000,7110.5814,497.7407,spend50p,501.6617,495.2981,490.1348,485.7050,483.0915,480.1404,475.2295,470.8727,464.3812,457.1105,125.1010,110.8448,97.6514,84.8974,73.0848,62.8280,54.2284,47.0900,40.6487,35.3199,30.2803,25.4973,19.4554,13.2587,6.8413,0.0000,0.0000,-7.8573,-16.1985,-25.4445,-35.9222,-47.2380,-58.8061,-72.3005,-86.0157
70,1.0000,SpendAwareDPRebalance (R70-aware),7.0000,7110.5814,497.7407,spend75p,505.0560,505.6488,508.3457,511.4454,515.6873,521.0948,527.2796,532.6297,533.2509,534.7639,159.8811,147.8308,134.9551,123.1223,111.2875,102.4854,93.5621,85.8406,79.3540,74.7649,71.1921,68.8698,65.1833,61.4561,57.6840,51.4253,45.4044,37.9611,28.9695,16.1796,3.7784,0.0000,-8.9981,-25.4141,-42.3515
70,1.0000,No dynamic rebalance,8.0000,6221.7587,497.7407,survival,1.0000,1.0000,1.0000,1.0000,1.0000,0.9985,0.9940,0.9760,0.9430,0.9080,0.8930,0.8840,0.8715,0.8585,0.8520,0.8475,0.8405,0.8360,0.8305,0.8245,0.8185,0.8125,0.8090,0.8045,0.8025,0.8020,0.7980,0.7970,0.7955,0.7955,0.7940,0.7930,0.7930,0.7920,0.7920
70,1.0000,No dynamic rebalance,8.0000,6221.7587,497.7407,spend25p,498.2837,485.5912,474.1931,461.8236,450.4837,438.8854,426.5797,409.9085,390.2701,364.5026,77.1045,60.2412,42.9681,28.7224,16.5708,5.9195,0.0000,0.0000,0.0000,0.0000,-0.5771,-5.0268,-9.3212,-14.4797,-20.4088,-25.7700,-31.8133,-39.7076,-46.8434,-55.3910,-63.9019,-74.2268,-85.1587,-95.9942,-107.4728
70,1.0000,No dynamic rebalance,8.0000,6221.7587,497.7407,spend50p,501.6617,495.2981,490.1348,485.7050,483.0915,480.0272,474.7974,465.8366,453.4604,440.2803,115.5433,99.8979,84.2312,69.7553,59.0547,48.4885,39.3164,31.0737,24.1157,17.8987,11.3548,5.3473,0.0031,0.0000,0.0000,0.0000,0.0000,0.0000,-4.5596,-14.1995,-24.8385,-36.3706,-49.0115,-62.9834,-77.8490
70,1.0000,No dynamic rebalance,8.0000,6221.7587,497.7407,spend75p,505.0560,505.6488,508.3457,511.4454,515.6873,521.0562,526.2713,527.1278,522.0675,517.9048,151.3323,136.7631,123.0775,109.5824,98.0589,88.6352,79.7887,73.1127,67.2871,61.4884,57.3151,52.7396,48.8878,44.0321,38.4528,32.6449,25.6734,18.2847,9.3236,0.0000,0.0000,0.0000,0.0000,0.0000,0.0000
70,1.0000,固定最適比率,8.0000,6221.7587,497.7407,survival,1.0000,1.0000,1.0000,1.0000,1.0000,0.9985,0.9940,0.9760,0.9430,0.9080,0.8930,0.8840,0.8715,0.8585,0.8520,0.8475,0.8405,0.8360,0.8305,0.8245,0.8185,0.8125,0.8090,0.8045,0.8025,0.8020,0.7980,0.7970,0.7955,0.7955,0.7940,0.7930,0.7930,0.7920,0.7920
70,1.0000,固定最適比率,8.0000,6221.7587,497.7407,spend25p,498.2837,485.5912,474.1931,461.8236,450.4837,438.8854,426.5797,409.9085,390.2701,364.5026,77.1045,60.2412,42.9681,28.7224,16.5708,5.9195,0.0000,0.0000,0.0000,0.0000,-0.5771,-5.0268,-9.3212,-14.4797,-20.4088,-25.7700,-31.8133,-39.7076,-46.8434,-55.3910,-63.9019,-74.2268,-85.1587,-95.9942,-107.4728
70,1.0000,固定最適比率,8.0000,6221.7587,497.7407,spend50p,501.6617,495.2981,490.1348,485.7050,483.0915,480.0272,474.7974,465.8366,453.4604,440.2803,115.5433,99.8979,84.2312,69.7553,59.0547,48.4885,39.3164,31.0737,24.1157,17.8987,11.3548,5.3473,0.0031,0.0000,0.0000,0.0000,0.0000,0.0000,-4.5596,-14.1995,-24.8385,-36.3706,-49.0115,-62.9834,-77.8490
70,1.0000,固定最適比率,8.0000,6221.7587,497.7407,spend75p,505.0560,505.6488,508.3457,511.4454,515.6873,521.0562,526.2713,527.1278,522.0675,517.9048,151.3323,136.7631,123.0775,109.5824,98.0589,88.6352,79.7887,73.1127,67.2871,61.4884,57.3151,52.7396,48.8878,44.0321,38.4528,32.6449,25.6734,18.2847,9.3236,0.0000,0.0000,0.0000,0.0000,0.0000,0.0000
70,1.0000,DynamicV1Rebalance,8.0000,6221.7587,497.7407,survival,1.0000,1.0000,1.0000,1.0000,1.0000,0.9985,0.9940,0.9760,0.9430,0.9080,0.8930,0.8840,0.8715,0.8585,0.8520,0.8475,0.8405,0.8360,0.8305,0.8245,0.8185,0.8125,0.8095,0.8045,0.8025,0.8020,0.7985,0.7970,0.7960,0.7960,0.7950,0.7950,0.7950,0.7950,0.7950
70,1.0000,DynamicV1Rebalance,8.0000,6221.7587,497.7407,spend25p,498.2837,485.5912,474.1931,461.8236,450.4837,438.8854,426.5797,409.9085,390.2701,364.5026,77.1045,60.2412,42.9681,28.7224,16.5708,5.9195,0.0000,0.0000,0.0000,0.0000,-0.5771,-5.0268,-9.3212,-14.4797,-20.4088,-25.7700,-31.8133,-39.7076,-46.8434,-55.3910,-63.9019,-74.2268,-85.1587,-95.9942,-107.4728
70,1.0000,DynamicV1Rebalance,8.0000,6221.7587,497.7407,spend50p,501.6617,495.2981,490.1348,485.7050,483.0915,480.0272,474.7974,465.8366,453.4604,440.2803,115.5433,99.8979,84.2312,69.7553,59.0547,48.4885,39.3164,31.0737,24.1157,17.8987,11.3548,5.3473,0.0260,0.0000,0.0000,0.0000,0.0000,0.0000,-4.5596,-14.1995,-24.8385,-36.3706,-49.0115,-62.9834,-77.8490
70,1.0000,DynamicV1Rebalance,8.0000,6221.7587,497.7407,spend75p,505.0560,505.6488,508.3457,511.4454,515.6873,521.0562,526.2713,527.1278,522.0675,517.9048,151.3323,136.7631,123.0775,109.5824,98.0589,88.6352,79.7887,73.1127,67.2871,61.4884,57.3151,52.7396,49.2869,44.0321,38.4528,32.6449,25.8369,18.2847,9.5250,0.0000,0.0000,0.0000,0.0000,0.0000,0.0000
70,1.0000,SpendAwareDPRebalance (R70-aware),8.0000,6221.7587,497.7407,survival,1.0000,1.0000,1.0000,1.0000,1.0000,0.9995,0.9970,0.9950,0.9870,0.9770,0.9745,0.9705,0.9660,0.9620,0.9565,0.9465,0.9430,0.9340,0.9250,0.9170,0.9090,0.9045,0.9015,0.8950,0.8895,0.8845,0.8805,0.8790,0.8775,0.8760,0.8745,0.8725,0.8715,0.8705,0.8700
70,1.0000,SpendAwareDPRebalance (R70-aware),8.0000,6221.7587,497.7407,spend25p,498.2837,485.5912,474.1931,461.8236,450.4837,438.9307,427.1306,414.5729,400.8598,386.3546,89.1947,73.8693,58.7701,45.8152,33.7382,22.7723,13.6221,5.4609,0.0000,0.0000,-2.0410,-7.4441,-11.8683,-17.1853,-22.2098,-27.9779,-34.3890,-41.4216,-48.8562,-57.3082,-65.8248,-76.0089,-87.1414,-97.5954,-109.2182
70,1.0000,SpendAwareDPRebalance (R70-aware),8.0000,6221.7587,497.7407,spend50p,501.6617,495.2981,490.1348,485.7050,483.0915,480.1404,475.0395,469.7135,462.3296,454.4424,123.3639,108.3509,94.1960,81.4941,69.1097,57.7053,50.4209,41.5246,35.3294,28.5861,22.4635,16.0704,10.2712,4.7671,0.0000,0.0000,0.0000,-6.0384,-14.7795,-23.2155,-33.5896,-44.2252,-57.3791,-70.4010,-83.8963
70,1.0000,SpendAwareDPRebalance (R70-aware),8.0000,6221.7587,497.7407,spend75p,505.0560,505.6488,508.3457,511.4454,515.6873,521.0948,526.5230,531.0881,530.8587,529.4628,157.7494,144.5482,131.1547,117.8984,107.0624,95.8802,87.5440,79.4796,72.3390,66.9047,61.2152,58.1331,55.4588,51.0095,45.0000,38.9063,31.9276,24.1407,15.5530,4.9330,0.0000,0.0000,0.0000,-11.4445,-30.0500
70,1.5000,No dynamic rebalance,2.5000,29864.4419,746.6110,survival,1.0000,1.0000,1.0000,1.0000,1.0000,1.0000,1.0000,1.0000,1.0000,1.0000,1.0000,1.0000,1.0000,1.0000,1.0000,1.0000,1.0000,1.0000,1.0000,1.0000,1.0000,0.9995,0.9990,0.9985,0.9985,0.9970,0.9950,0.9935,0.9920,0.9905,0.9885,0.9875,0.9870,0.9855,0.9850
70,1.5000,No dynamic rebalance,2.5000,29864.4419,746.6110,spend25p,747.4256,728.3868,711.2896,692.7354,675.7256,658.6644,641.9087,623.1159,606.1949,588.6492,282.4287,262.3009,242.2280,227.0533,211.4361,199.2026,189.0714,179.4720,172.5837,165.8365,161.7805,158.2755,155.6829,149.6755,146.0304,142.7675,135.4881,127.1860,119.9741,111.1180,100.8617,91.9925,81.7903,69.2317,55.6804
70,1.5000,No dynamic rebalance,2.5000,29864.4419,746.6110,spend50p,752.4925,742.9471,735.2022,728.5576,724.6373,720.2819,712.9745,706.5626,696.7902,687.0341,352.5674,333.9464,319.0171,306.3143,291.9004,282.2957,274.4791,268.4668,266.1544,265.3852,263.0480,261.0351,256.5540,252.5405,251.5786,244.5592,239.2020,232.9651,226.5735,219.6873,212.9088,204.2084,195.4894,183.7168,171.4288
70,1.5000,No dynamic rebalance,2.5000,29864.4419,746.6110,spend75p,757.5840,758.4733,762.5186,767.1680,773.5309,781.6422,791.1302,799.2251,801.0019,804.6582,428.7952,418.5164,407.5956,394.8450,388.3227,382.2951,376.8420,374.5643,376.5244,377.3831,380.6095,387.0634,392.2292,398.1648,407.9849,411.8253,408.6168,405.5129,401.9888,398.2103,387.1895,377.2139,373.8341,359.9681,345.6851
70,1.5000,固定最適比率,2.5000,29864.4419,746.6110,survival,1.0000,1.0000,1.0000,1.0000,1.0000,1.0000,1.0000,1.0000,1.0000,1.0000,1.0000,1.0000,1.0000,1.0000,1.0000,1.0000,1.0000,1.0000,1.0000,1.0000,1.0000,1.0000,1.0000,1.0000,1.0000,1.0000,1.0000,1.0000,1.0000,1.0000,1.0000,1.0000,1.0000,1.0000,1.0000
70,1.5000,固定最適比率,2.5000,29864.4419,746.6110,spend25p,747.4256,728.3868,711.2896,692.7354,675.7256,658.6644,641.9087,623.1159,606.1949,588.6492,282.4287,262.3009,242.2280,227.0533,211.4361,199.2026,189.0714,179.4720,172.5837,165.8365,161.7805,158.3693,156.4581,150.4633,146.6450,143.8747,137.4660,130.5376,122.8138,115.8311,106.6966,97.1185,87.6286,76.1715,62.6407
70,1.5000,固定最適比率,2.5000,29864.4419,746.6110,spend50p,752.4925,742.9471,735.2022,728.5576,724.6373,720.2819,712.9745,706.5626,696.7902,687.0341,352.5674,333.9464,319.0171,306.3143,291.9004,282.2957,274.4791,268.4668,266.1544,265.3852,263.0480,261.0351,256.7683,253.1630,251.9549,245.9696,241.9007,235.7221,231.0330,222.4406,217.3540,209.5492,201.5458,190.8015,178.5686
70,1.5000,固定最適比率,2.5000,29864.4419,746.6110,spend75p,757.5840,758.4733,762.5186,767.1680,773.5309,781.6422,791.1302,799.2251,801.0019,804.6582,428.7952,418.5164,407.5956,394.8450,388.3227,382.2951,376.8420,374.5643,376.5244,377.3831,380.6095,387.0634,392.3785,399.2304,408.3722,413.0101,412.1493,409.8377,408.3553,406.5301,394.2639,388.1932,382.1722,369.9018,359.3628
70,1.5000,DynamicV1Rebalance,2.5000,29864.4419,746.6110,survival,1.0000,1.0000,1.0000,1.0000,1.0000,1.0000,1.0000,1.0000,1.0000,1.0000,1.0000,1.0000,1.0000,1.0000,1.0000,1.0000,1.0000,1.0000,1.0000,1.0000,1.0000,1.0000,1.0000,1.0000,1.0000,1.0000,1.0000,1.0000,1.0000,1.0000,1.0000,1.0000,1.0000,1.0000,0.9995
70,1.5000,DynamicV1Rebalance,2.5000,29864.4419,746.6110,spend25p,747.4256,728.3868,711.2896,692.7354,675.7256,658.6644,641.9087,623.1159,606.1949,588.6492,282.4287,262.3009,242.2280,227.0533,211.4361,199.2026,189.0714,179.4720,172.5837,165.8365,161.7805,158.3693,156.4581,150.4633,146.6450,143.8747,137.4660,130.5376,122.8138,115.8311,106.6966,97.1185,87.6286,76.1715,62.4604
70,1.5000,DynamicV1Rebalance,2.5000,29864.4419,746.6110,spend50p,752.4925,742.9471,735.2022,728.5576,724.6373,720.2819,712.9745,706.5626,696.7902,687.0341,352.5674,333.9464,319.0171,306.3143,291.9004,282.2957,274.4791,268.4668,266.1544,265.3852,263.0480,261.0351,256.7683,253.1630,251.9549,245.9696,241.9007,235.7221,231.0330,222.4406,217.3540,209.5492,201.5458,190.8015,178.2396
70,1.5000,DynamicV1Rebalance,2.5000,29864.4419,746.6110,spend75p,757.5840,758.4733,762.5186,767.1680,773.5309,781.6422,791.1302,799.2251,801.0019,804.6582,428.7952,418.5164,407.5956,394.8450,388.3227,382.2951,376.8420,374.5643,376.5244,377.3831,380.6095,387.0634,392.3785,399.2304,408.3722,413.0101,412.1493,409.8377,408.3553,406.5301,394.2639,388.1932,382.1722,369.9018,358.8920
70,1.5000,SpendAwareDPRebalance (R70-aware),2.5000,29864.4419,746.6110,survival,1.0000,1.0000,1.0000,1.0000,1.0000,1.0000,1.0000,1.0000,1.0000,1.0000,1.0000,1.0000,1.0000,1.0000,1.0000,1.0000,1.0000,1.0000,1.0000,1.0000,1.0000,1.0000,1.0000,1.0000,1.0000,1.0000,1.0000,1.0000,1.0000,1.0000,1.0000,1.0000,1.0000,1.0000,1.0000
70,1.5000,SpendAwareDPRebalance (R70-aware),2.5000,29864.4419,746.6110,spend25p,747.4256,728.3868,711.2896,692.7354,675.7256,658.6644,641.9087,623.1159,606.1949,588.6492,282.4287,262.3009,242.2280,227.0533,211.4361,199.2026,189.0714,179.4720,172.5837,165.8365,161.7805,158.3693,156.4581,150.4633,146.6450,143.8747,137.4660,130.5376,122.8138,115.8311,106.6966,97.1185,87.6286,76.1715,62.6407
70,1.5000,SpendAwareDPRebalance (R70-aware),2.5000,29864.4419,746.6110,spend50p,752.4925,742.9471,735.2022,728.5576,724.6373,720.2819,712.9745,706.5626,696.7902,687.0341,352.5674,333.9464,319.0171,306.3143,291.9004,282.2957,274.4791,268.4668,266.1544,265.3852,263.0480,261.0351,256.7683,253.1630,251.9549,245.9696,241.9007,235.7221,231.0330,222.4406,217.3540,209.5492,201.5458,190.8015,178.5686
70,1.5000,SpendAwareDPRebalance (R70-aware),2.5000,29864.4419,746.6110,spend75p,757.5840,758.4733,762.5186,767.1680,773.5309,781.6422,791.1302,799.2251,801.0019,804.6582,428.7952,418.5164,407.5956,394.8450,388.3227,382.2951,376.8420,374.5643,376.5244,377.3831,380.6095,387.0634,392.3785,399.2304,408.3722,413.0101,412.1493,409.8377,408.3553,406.5301,394.2639,388.1932,382.1722,369.9018,359.3628
70,1.5000,No dynamic rebalance,3.0000,24887.0349,746.6110,survival,1.0000,1.0000,1.0000,1.0000,1.0000,1.0000,1.0000,1.0000,1.0000,1.0000,1.0000,1.0000,1.0000,1.0000,1.0000,1.0000,1.0000,1.0000,0.9985,0.9965,0.9955,0.9945,0.9940,0.9925,0.9895,0.9845,0.9835,0.9820,0.9795,0.9790,0.9760,0.9745,0.9725,0.9720,0.9700
70,1.5000,No dynamic rebalance,3.0000,24887.0349,746.6110,spend25p,747.4256,728.3868,711.2896,692.7354,675.7256,658.6644,641.9087,623.1159,606.1949,588.6492,282.4287,262.3009,242.2280,227.0533,211.4361,199.2026,189.0714,179.4720,171.9713,165.3843,160.3731,155.6957,152.4235,147.6476,142.9313,135.3425,129.9600,124.3346,115.9707,108.1307,96.6032,86.7631,73.6786,60.9483,49.9161
70,1.5000,No dynamic rebalance,3.0000,24887.0349,746.6110,spend50p,752.4925,742.9471,735.2022,728.5576,724.6373,720.2819,712.9745,706.5626,696.7902,687.0341,352.5674,333.9464,319.0171,306.3143,291.9004,282.2957,274.4791,268.4668,265.6948,263.6522,260.7489,259.0466,254.4767,250.0866,245.8573,241.7532,235.8166,229.6396,220.5769,214.9534,206.0993,199.4008,189.5597,176.7611,161.5360
70,1.5000,No dynamic rebalance,3.0000,24887.0349,746.6110,spend75p,757.5840,758.4733,762.5186,767.1680,773.5309,781.6422,791.1302,799.2251,801.0019,804.6582,428.7952,418.5164,407.5956,394.8450,388.3227,382.2951,376.8420,374.5643,375.1134,375.0292,378.0744,385.3137,390.9576,395.4861,398.6663,402.0025,402.1030,401.3653,396.8620,390.8142,382.5087,372.7546,365.2933,354.3067,338.7064
70,1.5000,固定最適比率,3.0000,24887.0349,746.6110,survival,1.0000,1.0000,1.0000,1.0000,1.0000,1.0000,1.0000,1.0000,1.0000,1.0000,1.0000,1.0000,1.0000,1.0000,1.0000,1.0000,1.0000,1.0000,1.0000,1.0000,1.0000,1.0000,1.0000,1.0000,1.0000,1.0000,1.0000,1.0000,1.0000,1.0000,1.0000,1.0000,1.0000,1.0000,1.0000
70,1.5000,固定最適比率,3.0000,24887.0349,746.6110,spend25p,747.4256,728.3868,711.2896,692.7354,675.7256,658.6644,641.9087,623.1159,606.1949,588.6492,282.4287,262.3009,242.2280,227.0533,211.4361,199.2026,189.0714,179.4720,172.5837,165.8365,161.7805,158.3693,156.4581,150.4633,146.6450,143.8747,137.4660,130.5376,122.8138,115.8311,106.6966,97.1185,87.6286,76.1715,62.6407
70,1.5000,固定最適比率,3.0000,24887.0349,746.6110,spend50p,752.4925,742.9471,735.2022,728.5576,724.6373,720.2819,712.9745,706.5626,696.7902,687.0341,352.5674,333.9464,319.0171,306.3143,291.9004,282.2957,274.4791,268.4668,266.1544,265.3852,263.0480,261.0351,256.7683,253.1630,251.9549,245.9696,241.9007,235.7221,231.0330,222.4406,217.3540,209.5492,201.5458,190.8015,178.5686
70,1.5000,固定最適比率,3.0000,24887.0349,746.6110,spend75p,757.5840,758.4733,762.5186,767.1680,773.5309,781.6422,791.1302,799.2251,801.0019,804.6582,428.7952,418.5164,407.5956,394.8450,388.3227,382.2951,376.8420,374.5643,376.5244,377.3831,380.6095,387.0634,392.3785,399.2304,408.3722,413.0101,412.1493,409.8377,408.3553,406.5301,394.2639,388.1932,382.1722,369.9018,359.3628
70,1.5000,DynamicV1Rebalance,3.0000,24887.0349,746.6110,survival,1.0000,1.0000,1.0000,1.0000,1.0000,1.0000,1.0000,1.0000,1.0000,1.0000,1.0000,1.0000,1.0000,1.0000,1.0000,1.0000,1.0000,1.0000,1.0000,0.9990,0.9990,0.9985,0.9985,0.9975,0.9965,0.9965,0.9965,0.9960,0.9955,0.9950,0.9945,0.9945,0.9945,0.9940,0.9940
70,1.5000,DynamicV1Rebalance,3.0000,24887.0349,746.6110,spend25p,747.4256,728.3868,711.2896,692.7354,675.7256,658.6644,641.9087,623.1159,606.1949,588.6492,282.4287,262.3009,242.2280,227.0533,211.4361,199.2026,189.0714,179.4720,172.5837,165.7068,161.3404,157.4865,155.3872,149.5686,145.4730,142.4539,135.8200,128.0920,120.7123,113.8318,104.7913,94.9857,84.0498,72.9763,59.5781
70,1.5000,DynamicV1Rebalance,3.0000,24887.0349,746.6110,spend50p,752.4925,742.9471,735.2022,728.5576,724.6373,720.2819,712.9745,706.5626,696.7902,687.0341,352.5674,333.9464,319.0171,306.3143,291.9004,282.2957,274.4791,268.4668,266.1544,265.0034,262.7190,260.5272,256.3584,251.8018,250.5855,244.1453,239.7038,233.7125,227.6579,220.1346,214.6873,207.9016,198.7488,187.5036,175.3534
70,1.5000,DynamicV1Rebalance,3.0000,24887.0349,746.6110,spend75p,757.5840,758.4733,762.5186,767.1680,773.5309,781.6422,791.1302,799.2251,801.0019,804.6582,428.7952,418.5164,407.5956,394.8450,388.3227,382.2951,376.8420,374.5643,376.5244,376.0127,380.4721,386.7894,391.5804,397.0748,404.5316,411.1443,409.0242,406.0678,404.3976,401.9542,392.0659,385.5521,378.9946,367.3302,353.2120
70,1.5000,SpendAwareDPRebalance (R70-aware),3.0000,24887.0349,746.6110,survival,1.0000,1.0000,1.0000,1.0000,1.0000,1.0000,1.0000,1.0000,1.0000,1.0000,1.0000,1.0000,1.0000,1.0000,1.0000,1.0000,1.0000,1.0000,1.0000,1.0000,1.0000,1.0000,1.0000,1.0000,1.0000,1.0000,1.0000,1.0000,1.0000,0.9995,0.9995,0.9990,0.9975,0.9975,0.9965
70,1.5000,SpendAwareDPRebalance (R70-aware),3.0000,24887.0349,746.6110,spend25p,747.4256,728.3868,711.2896,692.7354,675.7256,658.6644,641.9087,623.1159,606.1949,588.6492,282.4287,262.3009,242.2280,227.0533,211.4361,199.2026,189.0714,179.4720,172.5837,165.8365,161.7805,158.3693,156.4581,150.4633,146.6450,143.8747,137.4660,130.5376,122.8138,115.7374,106.3047,96.9646,85.9721,75.2287,61.0811
70,1.5000,SpendAwareDPRebalance (R70-aware),3.0000,24887.0349,746.6110,spend50p,752.4925,742.9471,735.2022,728.5576,724.6373,720.2819,712.9745,706.5626,696.7902,687.0341,352.5674,333.9464,319.0171,306.3143,291.9004,282.2957,274.4791,268.4668,266.1544,265.3852,263.0480,261.0351,256.7683,253.1630,251.9549,245.9696,241.9007,235.7221,231.0330,222.2839,217.2291,209.0416,200.5236,189.0433,176.3801
70,1.5000,SpendAwareDPRebalance (R70-aware),3.0000,24887.0349,746.6110,spend75p,757.5840,758.4733,762.5186,767.1680,773.5309,781.6422,791.1302,799.2251,801.0019,804.6582,428.7952,418.5164,407.5956,394.8450,388.3227,382.2951,376.8420,374.5643,376.5244,377.3831,380.6095,387.0634,392.3785,399.2304,408.3722,413.0101,412.1493,409.8377,408.3553,406.3552,393.7834,387.7971,380.5890,368.6893,355.7157
70,1.5000,No dynamic rebalance,4.0000,18665.2762,746.6110,survival,1.0000,1.0000,1.0000,1.0000,1.0000,1.0000,1.0000,1.0000,1.0000,0.9995,0.9990,0.9980,0.9970,0.9965,0.9930,0.9925,0.9910,0.9875,0.9820,0.9770,0.9725,0.9705,0.9675,0.9650,0.9610,0.9565,0.9510,0.9485,0.9435,0.9400,0.9345,0.9305,0.9280,0.9260,0.9225
70,1.5000,No dynamic rebalance,4.0000,18665.2762,746.6110,spend25p,747.4256,728.3868,711.2896,692.7354,675.7256,658.6644,641.9087,623.1159,606.1949,588.6492,282.4098,262.0770,241.8296,226.0468,209.6611,196.1789,185.7560,176.0664,165.0030,158.0191,151.7121,145.8519,141.0172,136.7436,130.3157,122.9690,116.4005,107.3955,97.6020,88.5798,76.8792,64.4895,54.1204,43.9774,29.9353
70,1.5000,No dynamic rebalance,4.0000,18665.2762,746.6110,spend50p,752.4925,742.9471,735.2022,728.5576,724.6373,720.2819,712.9745,706.5626,696.7902,687.0341,352.4651,333.6444,318.6317,305.6550,289.7863,279.8920,271.4610,265.0717,259.8395,256.7610,252.3441,249.2065,245.1715,239.6505,233.7335,231.9458,224.6165,216.4712,206.4686,197.8021,188.0587,175.9821,164.1112,153.2275,139.2212
70,1.5000,No dynamic rebalance,4.0000,18665.2762,746.6110,spend75p,757.5840,758.4733,762.5186,767.1680,773.5309,781.6422,791.1302,799.2251,801.0019,804.6582,428.7211,418.4170,406.8375,393.9038,385.8411,380.4663,374.4644,372.7037,369.4967,367.3513,368.8705,375.3268,381.2025,385.7024,385.8030,387.8934,387.3927,386.4501,380.9833,375.3277,365.4547,353.5152,337.2342,326.9110,312.1564
70,1.5000,固定最適比率,4.0000,18665.2762,746.6110,survival,1.0000,1.0000,1.0000,1.0000,1.0000,1.0000,1.0000,1.0000,1.0000,1.0000,1.0000,1.0000,1.0000,1.0000,1.0000,1.0000,1.0000,1.0000,1.0000,1.0000,0.9995,0.9995,0.9985,0.9970,0.9950,0.9915,0.9905,0.9890,0.9890,0.9855,0.9830,0.9820,0.9795,0.9780,0.9770
70,1.5000,固定最適比率,4.0000,18665.2762,746.6110,spend25p,747.4256,728.3868,711.2896,692.7354,675.7256,658.6644,641.9087,623.1159,606.1949,588.6492,282.4287,262.3009,242.2280,227.0533,211.4361,199.2026,189.0714,179.4720,172.5837,165.8365,161.6082,158.2755,155.3872,149.5271,145.2711,139.2523,133.4683,126.0450,118.9372,109.5145,99.2137,89.2087,77.7898,62.9480,51.6568
70,1.5000,固定最適比率,4.0000,18665.2762,746.6110,spend50p,752.4925,742.9471,735.2022,728.5576,724.6373,720.2819,712.9745,706.5626,696.7902,687.0341,352.5674,333.9464,319.0171,306.3143,291.9004,282.2957,274.4791,268.4668,266.1544,265.3852,262.9274,260.9218,256.3584,251.4291,249.9491,242.6205,237.4097,231.1498,223.8056,216.4719,209.3234,200.1734,191.1743,177.3719,163.5591
70,1.5000,固定最適比率,4.0000,18665.2762,746.6110,spend75p,757.5840,758.4733,762.5186,767.1680,773.5309,781.6422,791.1302,799.2251,801.0019,804.6582,428.7952,418.5164,407.5956,394.8450,388.3227,382.2951,376.8420,374.5643,376.5244,377.3831,380.5213,387.0045,391.5804,397.0349,401.7791,403.1486,402.8510,401.6544,398.5110,390.8142,382.5087,372.7546,364.2343,352.5628,338.6328
70,1.5000,DynamicV1Rebalance,4.0000,18665.2762,746.6110,survival,1.0000,1.0000,1.0000,1.0000,1.0000,1.0000,1.0000,1.0000,1.0000,1.0000,0.9990,0.9980,0.9975,0.9970,0.9955,0.9945,0.9920,0.9905,0.9900,0.9865,0.9835,0.9800,0.9775,0.9765,0.9745,0.9720,0.9695,0.9680,0.9660,0.9640,0.9635,0.9635,0.9615,0.9600,0.9585
70,1.5000,DynamicV1Rebalance,4.0000,18665.2762,746.6110,spend25p,747.4256,728.3868,711.2896,692.7354,675.7256,658.6644,641.9087,623.1159,606.1949,588.6492,282.4098,262.0770,241.9131,226.1232,210.4794,196.3514,186.1230,177.0003,168.4671,161.3467,156.6345,149.9211,145.0352,141.1635,136.2648,129.6855,123.4812,116.3458,109.7108,99.9834,91.4469,83.5004,69.8731,57.9019,46.7610
70,1.5000,DynamicV1Rebalance,4.0000,18665.2762,746.6110,spend50p,752.4925,742.9471,735.2022,728.5576,724.6373,720.2819,712.9745,706.5626,696.7902,687.0341,352.4651,333.6444,318.7177,305.7202,290.6225,280.8620,271.6705,265.5007,261.9332,260.4513,256.3812,252.9774,248.2855,245.2933,240.9727,237.1281,231.7235,223.9667,214.9141,208.7661,201.5770,195.2917,184.5808,171.7412,156.3735
70,1.5000,DynamicV1Rebalance,4.0000,18665.2762,746.6110,spend75p,757.5840,758.4733,762.5186,767.1680,773.5309,781.6422,791.1302,799.2251,801.0019,804.6582,428.7211,418.4170,406.9009,394.2650,386.3980,381.1067,374.6681,373.0465,372.1396,370.7458,372.8042,378.7384,384.7756,391.0957,392.0841,396.9765,396.0372,394.9245,391.1600,386.7170,377.0836,369.4171,362.9480,349.7096,335.2455
70,1.5000,SpendAwareDPRebalance (R70-aware),4.0000,18665.2762,746.6110,survival,1.0000,1.0000,1.0000,1.0000,1.0000,1.0000,1.0000,1.0000,1.0000,1.0000,1.0000,1.0000,1.0000,1.0000,1.0000,1.0000,1.0000,1.0000,1.0000,1.0000,1.0000,1.0000,0.9985,0.9980,0.9975,0.9970,0.9965,0.9955,0.9930,0.9925,0.9910,0.9885,0.9870,0.9865,0.9835
70,1.5000,SpendAwareDPRebalance (R70-aware),4.0000,18665.2762,746.6110,spend25p,747.4256,728.3868,711.2896,692.7354,675.7256,658.6644,641.9087,623.1159,606.1949,588.6492,282.4287,262.3009,242.2280,227.0533,211.4361,199.2026,189.0714,179.4720,172.5837,165.8365,161.7805,158.3693,155.3872,149.6318,145.6882,142.7675,135.8200,127.7361,120.0919,111.6823,102.7169,92.7563,81.4973,69.3757,54.9620
70,1.5000,SpendAwareDPRebalance (R70-aware),4.0000,18665.2762,746.6110,spend50p,752.4925,742.9471,735.2022,728.5576,724.6373,720.2819,712.9745,706.5626,696.7902,687.0341,352.5674,333.9464,319.0171,306.3143,291.9004,282.2957,274.4791,268.4668,266.1544,265.3852,263.0480,261.0351,256.3584,252.1020,251.0283,244.3440,239.7038,233.6337,226.5735,219.7365,213.4724,203.9762,194.7043,183.6301,170.1058
70,1.5000,SpendAwareDPRebalance (R70-aware),4.0000,18665.2762,746.6110,spend75p,757.5840,758.4733,762.5186,767.1680,773.5309,781.6422,791.1302,799.2251,801.0019,804.6582,428.7952,418.5164,407.5956,394.8450,388.3227,382.2951,376.8420,374.5643,376.5244,377.3831,380.6095,387.0634,391.5804,397.2747,404.7627,411.1443,408.8408,405.6646,401.1865,398.2103,387.1895,376.0960,370.6307,357.3098,341.6698
70,1.5000,No dynamic rebalance,5.0000,14932.2209,746.6110,survival,1.0000,1.0000,1.0000,1.0000,1.0000,1.0000,1.0000,0.9995,0.9985,0.9955,0.9940,0.9910,0.9845,0.9770,0.9705,0.9620,0.9580,0.9495,0.9435,0.9370,0.9315,0.9250,0.9185,0.9130,0.9060,0.8990,0.8950,0.8890,0.8845,0.8785,0.8730,0.8680,0.8650,0.8615,0.8570
70,1.5000,No dynamic rebalance,5.0000,14932.2209,746.6110,spend25p,747.4256,728.3868,711.2896,692.7354,675.7256,658.6644,641.9087,623.1159,605.6086,586.7317,280.4027,259.5846,238.3337,218.8926,200.6298,186.4410,173.1747,162.9788,153.2885,142.4595,134.6822,129.0842,122.8471,114.3171,104.9091,97.1445,88.6111,77.7680,69.4778,58.5853,47.4793,37.1095,27.0262,16.4019,4.0875
70,1.5000,No dynamic rebalance,5.0000,14932.2209,746.6110,spend50p,752.4925,742.9471,735.2022,728.5576,724.6373,720.2819,712.9745,706.5626,696.6437,685.5223,351.2938,332.6404,314.8575,299.9360,283.5144,270.9110,265.1700,254.9695,249.0002,244.1082,239.9083,232.2189,227.6887,221.9138,214.9199,208.3568,201.2146,194.7438,186.6878,176.2911,165.6804,152.8661,142.4188,125.4960,111.4518
70,1.5000,No dynamic rebalance,5.0000,14932.2209,746.6110,spend75p,757.5840,758.4733,762.5186,767.1680,773.5309,781.6422,791.1302,799.2251,800.2306,802.0359,427.1270,415.7647,401.7365,388.6160,379.3874,371.4707,364.7097,361.3935,357.4517,358.2290,357.9504,359.5055,367.7658,371.2183,369.3060,365.0279,365.4766,358.7507,354.0094,343.5342,330.0986,316.5316,298.7538,283.7110,265.8986
70,1.5000,固定最適比率,5.0000,14932.2209,746.6110,survival,1.0000,1.0000,1.0000,1.0000,1.0000,1.0000,1.0000,0.9995,0.9985,0.9955,0.9940,0.9910,0.9845,0.9770,0.9705,0.9620,0.9580,0.9495,0.9435,0.9370,0.9315,0.9250,0.9185,0.9130,0.9060,0.8990,0.8950,0.8890,0.8845,0.8785,0.8730,0.8680,0.8650,0.8615,0.8570
70,1.5000,固定最適比率,5.0000,14932.2209,746.6110,spend25p,747.4256,728.3868,711.2896,692.7354,675.7256,658.6644,641.9087,623.1159,605.6086,586.7317,280.4027,259.5846,238.3337,218.8926,200.6298,186.4410,173.1747,162.9788,153.2885,142.4595,134.6822,129.0842,122.8471,114.3171,104.9091,97.1445,88.6111,77.7680,69.4778,58.5853,47.4793,37.1095,27.0262,16.4019,4.0875
70,1.5000,固定最適比率,5.0000,14932.2209,746.6110,spend50p,752.4925,742.9471,735.2022,728.5576,724.6373,720.2819,712.9745,706.5626,696.6437,685.5223,351.2938,332.6404,314.8575,299.9360,283.5144,270.9110,265.1700,254.9695,249.0002,244.1082,239.9083,232.2189,227.6887,221.9138,214.9199,208.3568,201.2146,194.7438,186.6878,176.2911,165.6804,152.8661,142.4188,125.4960,111.4518
70,1.5000,固定最適比率,5.0000,14932.2209,746.6110,spend75p,757.5840,758.4733,762.5186,767.1680,773.5309,781.6422,791.1302,799.2251,800.2306,802.0359,427.1270,415.7647,401.7365,388.6160,379.3874,371.4707,364.7097,361.3935,357.4517,358.2290,357.9504,359.5055,367.7658,371.2183,369.3060,365.0279,365.4766,358.7507,354.0094,343.5342,330.0986,316.5316,298.7538,283.7110,265.8986
70,1.5000,DynamicV1Rebalance,5.0000,14932.2209,746.6110,survival,1.0000,1.0000,1.0000,1.0000,1.0000,1.0000,1.0000,0.9995,0.9985,0.9955,0.9950,0.9910,0.9845,0.9780,0.9710,0.9640,0.9585,0.9505,0.9440,0.9385,0.9340,0.9290,0.9225,0.9170,0.9130,0.9100,0.9070,0.9030,0.9015,0.8970,0.8955,0.8910,0.8870,0.8870,0.8860
70,1.5000,DynamicV1Rebalance,5.0000,14932.2209,746.6110,spend25p,747.4256,728.3868,711.2896,692.7354,675.7256,658.6644,641.9087,623.1159,605.6086,586.7317,280.5141,259.5846,238.3337,219.3346,200.9748,187.0462,173.5111,163.1727,153.3611,143.6733,135.3228,130.5493,124.4551,116.8673,107.5087,102.1767,94.3361,84.4343,76.9413,67.9211,59.5325,47.3970,36.2394,26.6177,17.2541
70,1.5000,DynamicV1Rebalance,5.0000,14932.2209,746.6110,spend50p,752.4925,742.9471,735.2022,728.5576,724.6373,720.2819,712.9745,706.5626,696.6437,685.5223,351.4776,332.6404,314.8575,299.9774,283.8527,271.7613,265.3677,255.1454,249.0582,244.3549,241.2551,234.0766,228.9369,223.8056,217.2473,212.0800,206.0205,201.1838,193.2839,183.5069,173.7756,162.1764,149.3017,138.1244,123.4848
70,1.5000,DynamicV1Rebalance,5.0000,14932.2209,746.6110,spend75p,757.5840,758.4733,762.5186,767.1680,773.5309,781.6422,791.1302,799.2251,800.2306,802.0359,427.2461,415.7647,401.7365,388.9306,379.6133,372.5429,364.9552,361.4120,357.4517,358.2290,358.7088,361.5453,368.3790,372.6872,373.9330,372.0991,373.2364,367.5489,366.2996,358.1110,350.8438,336.0957,314.4649,303.7704,289.7156
70,1.5000,SpendAwareDPRebalance (R70-aware),5.0000,14932.2209,746.6110,survival,1.0000,1.0000,1.0000,1.0000,1.0000,1.0000,1.0000,1.0000,1.0000,0.9995,0.9995,0.9990,0.9985,0.9985,0.9985,0.9980,0.9975,0.9965,0.9935,0.9920,0.9910,0.9895,0.9875,0.9850,0.9825,0.9780,0.9750,0.9720,0.9695,0.9655,0.9625,0.9580,0.9535,0.9490,0.9435
70,1.5000,SpendAwareDPRebalance (R70-aware),5.0000,14932.2209,746.6110,spend25p,747.4256,728.3868,711.2896,692.7354,675.7256,658.6644,641.9087,623.1159,606.1949,588.4316,282.4098,262.1710,241.9868,226.2429,210.9659,197.6124,188.0865,178.6054,170.5029,163.9459,158.7986,154.1381,148.6979,143.5816,139.4735,132.5111,126.0086,117.8960,110.6447,99.8109,90.4753,77.9522,65.0964,51.8348,39.1879
70,1.5000,SpendAwareDPRebalance (R70-aware),5.0000,14932.2209,746.6110,spend50p,752.4925,742.9471,735.2022,728.5576,724.6373,720.2819,712.9745,706.5626,696.7902,686.9305,352.4651,333.7236,318.7603,305.8305,291.2918,281.7180,273.2459,267.5415,262.4030,261.4098,258.9811,256.0652,251.3963,246.2496,242.2473,237.5923,231.3354,223.1973,214.3466,206.6202,197.2218,188.3203,172.1364,158.9792,144.8231
70,1.5000,SpendAwareDPRebalance (R70-aware),5.0000,14932.2209,746.6110,spend75p,757.5840,758.4733,762.5186,767.1680,773.5309,781.6422,791.1302,799.2251,801.0019,804.6582,428.7952,418.4170,406.9009,394.3800,387.6881,382.0079,376.1972,373.5409,372.1396,370.7458,375.0616,381.8385,385.3797,391.2321,391.8630,394.9094,393.1787,390.6758,388.1429,379.8691,370.6618,357.3034,343.9545,327.4863,307.3666
70,1.5000,No dynamic rebalance,6.0000,12443.5174,746.6110,survival,1.0000,1.0000,1.0000,1.0000,1.0000,1.0000,0.9990,0.9980,0.9940,0.9830,0.9695,0.9585,0.9540,0.9440,0.9320,0.9215,0.9100,0.9015,0.8920,0.8810,0.8735,0.8640,0.8555,0.8450,0.8340,0.8260,0.8145,0.8105,0.8030,0.7960,0.7910,0.7835,0.7770,0.7710,0.7645
70,1.5000,No dynamic rebalance,6.0000,12443.5174,746.6110,spend25p,747.4256,728.3868,711.2896,692.7354,675.7256,658.6644,641.7990,622.5098,603.6947,581.2789,274.2372,249.6094,228.2551,208.5836,188.1805,170.0184,154.4458,143.2952,130.5945,119.4145,108.4107,99.4134,88.7696,78.2279,70.2836,58.7869,43.8417,33.2329,19.6975,5.1689,0.0000,0.0000,0.0000,0.0000,0.0000
70,1.5000,No dynamic rebalance,6.0000,12443.5174,746.6110,spend50p,752.4925,742.9471,735.2022,728.5576,724.6373,720.2819,712.8832,706.1077,695.4308,682.8194,346.3985,325.8072,307.7749,289.1981,274.5224,260.2787,250.1865,241.5621,233.3184,223.7625,217.9663,211.4119,204.1885,198.9059,190.2315,184.0438,174.0935,165.9203,153.9160,142.0255,131.7695,117.1530,104.8225,88.7727,73.6337
70,1.5000,No dynamic rebalance,6.0000,12443.5174,746.6110,spend75p,757.5840,758.4733,762.5186,767.1680,773.5309,781.6422,791.1302,798.7697,798.3692,796.6993,421.7623,405.6078,392.6896,382.1256,370.7513,360.9180,351.9883,347.7333,342.3022,338.3298,336.5642,335.8086,340.6014,339.4674,338.2939,334.4613,326.2488,319.9017,307.8416,296.2385,286.2153,270.5297,255.9115,240.7021,222.9427
70,1.5000,固定最適比率,6.0000,12443.5174,746.6110,survival,1.0000,1.0000,1.0000,1.0000,1.0000,1.0000,0.9990,0.9980,0.9940,0.9830,0.9695,0.9585,0.9540,0.9440,0.9320,0.9215,0.9100,0.9015,0.8920,0.8810,0.8735,0.8640,0.8555,0.8450,0.8340,0.8260,0.8145,0.8105,0.8030,0.7960,0.7910,0.7835,0.7770,0.7710,0.7645
70,1.5000,固定最適比率,6.0000,12443.5174,746.6110,spend25p,747.4256,728.3868,711.2896,692.7354,675.7256,658.6644,641.7990,622.5098,603.6947,581.2789,274.2372,249.6094,228.2551,208.5836,188.1805,170.0184,154.4458,143.2952,130.5945,119.4145,108.4107,99.4134,88.7696,78.2279,70.2836,58.7869,43.8417,33.2329,19.6975,5.1689,0.0000,0.0000,0.0000,0.0000,0.0000
70,1.5000,固定最適比率,6.0000,12443.5174,746.6110,spend50p,752.4925,742.9471,735.2022,728.5576,724.6373,720.2819,712.8832,706.1077,695.4308,682.8194,346.3985,325.8072,307.7749,289.1981,274.5224,260.2787,250.1865,241.5621,233.3184,223.7625,217.9663,211.4119,204.1885,198.9059,190.2315,184.0438,174.0935,165.9203,153.9160,142.0255,131.7695,117.1530,104.8225,88.7727,73.6337
70,1.5000,固定最適比率,6.0000,12443.5174,746.6110,spend75p,757.5840,758.4733,762.5186,767.1680,773.5309,781.6422,791.1302,798.7697,798.3692,796.6993,421.7623,405.6078,392.6896,382.1256,370.7513,360.9180,351.9883,347.7333,342.3022,338.3298,336.5642,335.8086,340.6014,339.4674,338.2939,334.4613,326.2488,319.9017,307.8416,296.2385,286.2153,270.5297,255.9115,240.7021,222.9427
70,1.5000,DynamicV1Rebalance,6.0000,12443.5174,746.6110,survival,1.0000,1.0000,1.0000,1.0000,1.0000,1.0000,0.9990,0.9980,0.9940,0.9830,0.9695,0.9590,0.9540,0.9440,0.9330,0.9215,0.9105,0.9020,0.8935,0.8815,0.8745,0.8645,0.8575,0.8490,0.8375,0.8310,0.8215,0.8165,0.8140,0.8100,0.8060,0.8040,0.8010,0.7975,0.7945
70,1.5000,DynamicV1Rebalance,6.0000,12443.5174,746.6110,spend25p,747.4256,728.3868,711.2896,692.7354,675.7256,658.6644,641.7990,622.5098,603.6947,581.2789,274.2372,249.6727,228.2551,208.5836,188.2720,170.0184,154.8607,143.4256,130.7134,119.6807,108.4699,99.6966,89.3004,80.6264,71.4517,61.9854,49.8652,38.7208,29.8509,18.5566,8.2297,0.0000,0.0000,0.0000,0.0000
70,1.5000,DynamicV1Rebalance,6.0000,12443.5174,746.6110,spend50p,752.4925,742.9471,735.2022,728.5576,724.6373,720.2819,712.8832,706.1077,695.4308,682.8194,346.3985,326.0662,307.7749,289.1981,274.9095,260.2787,250.7246,241.7855,233.9253,223.8436,218.1274,211.8157,205.1433,200.5790,191.5521,185.6120,177.6530,167.8988,160.2226,150.0398,138.1508,127.0798,112.6980,100.2135,86.7594
70,1.5000,DynamicV1Rebalance,6.0000,12443.5174,746.6110,spend75p,757.5840,758.4733,762.5186,767.1680,773.5309,781.6422,791.1302,798.7697,798.3692,796.6993,421.7623,405.8127,392.6896,382.1256,371.1375,360.9180,352.4087,348.4924,342.9109,338.6418,336.6189,336.0614,341.8022,342.0436,339.7985,338.0880,332.0804,326.4284,320.3342,312.0676,298.3776,287.4079,274.6121,257.9195,242.5319
70,1.5000,SpendAwareDPRebalance (R70-aware),6.0000,12443.5174,746.6110,survival,1.0000,1.0000,1.0000,1.0000,1.0000,1.0000,0.9995,0.9985,0.9970,0.9955,0.9925,0.9905,0.9895,0.9865,0.9810,0.9740,0.9705,0.9650,0.9605,0.9560,0.9525,0.9460,0.9400,0.9325,0.9305,0.9255,0.9190,0.9130,0.9045,0.8955,0.8845,0.8785,0.8715,0.8600,0.8535
70,1.5000,SpendAwareDPRebalance (R70-aware),6.0000,12443.5174,746.6110,spend25p,747.4256,728.3868,711.2896,692.7354,675.7256,658.6644,641.7990,622.5098,604.3608,586.6128,280.2438,259.4053,239.6635,222.0019,206.1574,189.6830,178.1070,167.0244,158.0966,151.4293,143.4349,136.2265,132.1057,123.4332,117.2422,109.7472,100.9459,90.7507,77.6357,66.5714,53.0151,41.3505,29.1841,16.0104,1.0745
70,1.5000,SpendAwareDPRebalance (R70-aware),6.0000,12443.5174,746.6110,spend50p,752.4925,742.9471,735.2022,728.5576,724.6373,720.2819,712.8832,706.1077,696.3175,685.5223,350.9137,332.6404,316.5675,302.9213,286.6347,273.4508,267.3455,259.3656,253.8260,249.1360,246.0963,240.2896,235.2450,227.9676,223.0988,216.1374,209.6100,201.5813,190.6494,179.0488,165.9875,152.0999,139.1423,121.2388,106.9893
70,1.5000,SpendAwareDPRebalance (R70-aware),6.0000,12443.5174,746.6110,spend75p,757.5840,758.4733,762.5186,767.1680,773.5309,781.6422,791.1302,798.7697,799.0630,802.0359,426.9222,415.7647,403.8406,391.2803,381.7352,375.1741,369.4097,364.3058,360.6641,359.5074,360.2125,363.1789,368.3790,370.1400,371.5110,369.1744,366.9107,361.2237,353.0413,339.4009,319.3912,305.4570,288.5147,266.9339,250.5655
70,1.5000,No dynamic rebalance,7.0000,10665.8721,746.6110,survival,1.0000,1.0000,1.0000,1.0000,1.0000,0.9995,0.9980,0.9920,0.9740,0.9525,0.9365,0.9180,0.9045,0.8890,0.8780,0.8565,0.8385,0.8225,0.8100,0.7975,0.7865,0.7760,0.7670,0.7510,0.7375,0.7240,0.7140,0.7040,0.6930,0.6860,0.6785,0.6730,0.6685,0.6645,0.6585
70,1.5000,No dynamic rebalance,7.0000,10665.8721,746.6110,spend25p,747.4256,728.3868,711.2896,692.7354,675.7256,658.3960,641.4192,620.9737,596.3843,567.4777,264.2196,234.4678,210.5754,185.5062,166.7647,145.5624,124.0495,109.0229,93.8506,77.9940,62.7679,47.1955,28.4113,0.0000,0.0000,0.0000,0.0000,0.0000,0.0000,0.0000,0.0000,0.0000,0.0000,0.0000,0.0000
70,1.5000,No dynamic rebalance,7.0000,10665.8721,746.6110,spend50p,752.4925,742.9471,735.2022,728.5576,724.6373,720.2106,712.7993,702.9190,690.5216,673.0141,340.0124,317.4579,296.5574,276.0724,260.8999,245.2804,230.1296,214.9818,206.5717,196.3375,188.2194,181.3043,172.8569,163.0035,151.0900,141.0241,130.0927,118.3257,107.1769,95.4726,82.9434,69.8588,57.1625,46.4917,32.9779
70,1.5000,No dynamic rebalance,7.0000,10665.8721,746.6110,spend75p,757.5840,758.4733,762.5186,767.1680,773.5309,781.6422,790.4396,796.1233,791.9923,785.7577,414.7127,397.5397,383.3109,367.0505,356.3048,343.9379,331.8618,324.6669,318.7628,315.7441,314.3277,311.6740,309.8183,304.4043,297.7213,288.0779,277.2602,264.0378,255.5787,245.4457,233.2832,224.2703,210.9024,197.6089,180.9134
70,1.5000,固定最適比率,7.0000,10665.8721,746.6110,survival,1.0000,1.0000,1.0000,1.0000,1.0000,0.9995,0.9980,0.9920,0.9740,0.9525,0.9365,0.9180,0.9045,0.8890,0.8780,0.8565,0.8385,0.8225,0.8100,0.7975,0.7865,0.7760,0.7670,0.7510,0.7375,0.7240,0.7140,0.7040,0.6930,0.6860,0.6785,0.6730,0.6685,0.6645,0.6585
70,1.5000,固定最適比率,7.0000,10665.8721,746.6110,spend25p,747.4256,728.3868,711.2896,692.7354,675.7256,658.3960,641.4192,620.9737,596.3843,567.4777,264.2196,234.4678,210.5754,185.5062,166.7647,145.5624,124.0495,109.0229,93.8506,77.9940,62.7679,47.1955,28.4113,0.0000,0.0000,0.0000,0.0000,0.0000,0.0000,0.0000,0.0000,0.0000,0.0000,0.0000,0.0000
70,1.5000,固定最適比率,7.0000,10665.8721,746.6110,spend50p,752.4925,742.9471,735.2022,728.5576,724.6373,720.2106,712.7993,702.9190,690.5216,673.0141,340.0124,317.4579,296.5574,276.0724,260.8999,245.2804,230.1296,214.9818,206.5717,196.3375,188.2194,181.3043,172.8569,163.0035,151.0900,141.0241,130.0927,118.3257,107.1769,95.4726,82.9434,69.8588,57.1625,46.4917,32.9779
70,1.5000,固定最適比率,7.0000,10665.8721,746.6110,spend75p,757.5840,758.4733,762.5186,767.1680,773.5309,781.6422,790.4396,796.1233,791.9923,785.7577,414.7127,397.5397,383.3109,367.0505,356.3048,343.9379,331.8618,324.6669,318.7628,315.7441,314.3277,311.6740,309.8183,304.4043,297.7213,288.0779,277.2602,264.0378,255.5787,245.4457,233.2832,224.2703,210.9024,197.6089,180.9134
70,1.5000,DynamicV1Rebalance,7.0000,10665.8721,746.6110,survival,1.0000,1.0000,1.0000,1.0000,1.0000,0.9995,0.9980,0.9920,0.9740,0.9525,0.9365,0.9180,0.9045,0.8890,0.8785,0.8565,0.8385,0.8225,0.8105,0.7980,0.7870,0.7765,0.7685,0.7535,0.7410,0.7275,0.7200,0.7130,0.7065,0.7005,0.6950,0.6915,0.6880,0.6830,0.6815
70,1.5000,DynamicV1Rebalance,7.0000,10665.8721,746.6110,spend25p,747.4256,728.3868,711.2896,692.7354,675.7256,658.3960,641.4192,620.9737,596.3843,567.4777,264.2196,234.4678,210.5754,185.5062,166.8580,145.5624,124.0495,109.0229,93.9047,78.0744,62.8523,47.3338,31.8740,0.0000,0.0000,0.0000,0.0000,0.0000,0.0000,0.0000,0.0000,0.0000,0.0000,0.0000,0.0000
70,1.5000,DynamicV1Rebalance,7.0000,10665.8721,746.6110,spend50p,752.4925,742.9471,735.2022,728.5576,724.6373,720.2106,712.7993,702.9190,690.5216,673.0141,340.0124,317.4579,296.5574,276.0724,260.9389,245.2804,230.1296,214.9818,207.0270,196.5135,188.5933,181.4784,173.1342,164.1200,153.5694,143.7112,133.9334,124.4465,114.4692,102.7711,91.6339,80.9853,68.3655,55.2509,43.6404
70,1.5000,DynamicV1Rebalance,7.0000,10665.8721,746.6110,spend75p,757.5840,758.4733,762.5186,767.1680,773.5309,781.6422,790.4396,796.1233,791.9923,785.7577,414.7127,397.5397,383.3109,367.0505,356.3994,343.9379,331.8618,324.6669,319.0247,316.1147,314.9646,311.8407,310.7064,307.3571,299.2228,290.8962,280.3735,274.1793,265.1321,258.0406,246.4741,235.3334,222.9961,210.3827,197.5777
70,1.5000,SpendAwareDPRebalance (R70-aware),7.0000,10665.8721,746.6110,survival,1.0000,1.0000,1.0000,1.0000,1.0000,0.9995,0.9985,0.9950,0.9845,0.9685,0.9600,0.9525,0.9425,0.9340,0.9285,0.9180,0.9095,0.9020,0.8970,0.8875,0.8785,0.8705,0.8590,0.8530,0.8400,0.8285,0.8220,0.8130,0.7985,0.7885,0.7835,0.7665,0.7575,0.7450,0.7370
70,1.5000,SpendAwareDPRebalance (R70-aware),7.0000,10665.8721,746.6110,spend25p,747.4256,728.3868,711.2896,692.7354,675.7256,658.3960,641.4192,621.8594,600.5061,575.1805,272.3334,247.3247,223.2756,204.4030,186.4645,167.2034,154.8607,143.5297,132.0612,124.0453,110.7577,101.8603,90.3458,82.9393,72.9957,61.4583,50.5687,35.8742,15.9757,0.7031,0.0000,0.0000,0.0000,0.0000,0.0000
70,1.5000,SpendAwareDPRebalance (R70-aware),7.0000,10665.8721,746.6110,spend50p,752.4925,742.9471,735.2022,728.5576,724.6373,720.2106,712.7993,704.7889,692.8464,678.2483,344.9946,324.3942,305.6924,287.1394,273.3755,259.9072,251.2166,241.4841,234.1393,225.8796,219.5933,214.4249,206.0576,201.6316,191.7006,184.0438,176.8690,164.9279,150.8340,137.6653,126.9933,108.1660,93.7174,78.1554,62.5863
70,1.5000,SpendAwareDPRebalance (R70-aware),7.0000,10665.8721,746.6110,spend75p,757.5840,758.4733,762.5186,767.1680,773.5309,781.6422,790.4396,797.0910,795.2873,792.4370,419.9971,405.5254,388.9884,377.1575,368.3324,357.3823,349.8023,344.1409,340.7897,337.5484,336.0877,335.2481,334.3150,335.1258,328.9289,321.0017,315.1777,303.2583,290.5654,278.6547,264.7306,243.9080,228.2411,210.2478,193.6036
70,1.5000,No dynamic rebalance,8.0000,9332.6381,746.6110,survival,1.0000,1.0000,1.0000,1.0000,1.0000,0.9985,0.9940,0.9760,0.9430,0.9080,0.8830,0.8550,0.8325,0.8110,0.7940,0.7735,0.7560,0.7370,0.7205,0.7005,0.6875,0.6685,0.6550,0.6415,0.6315,0.6220,0.6125,0.6045,0.5935,0.5830,0.5755,0.5685,0.5610,0.5595,0.5545
70,1.5000,No dynamic rebalance,8.0000,9332.6381,746.6110,spend25p,747.4256,728.3868,711.2896,692.7354,675.7256,658.3281,639.8696,614.8628,585.4052,546.7539,244.7950,210.8923,180.6593,148.9262,126.3785,93.0776,48.9369,0.0000,0.0000,0.0000,0.0000,0.0000,0.0000,0.0000,0.0000,0.0000,0.0000,0.0000,0.0000,0.0000,0.0000,0.0000,0.0000,0.0000,0.0000
70,1.5000,No dynamic rebalance,8.0000,9332.6381,746.6110,spend50p,752.4925,742.9471,735.2022,728.5576,724.6373,720.0407,712.1961,698.7550,680.1907,660.4204,327.8197,302.2265,277.0212,254.9716,238.8131,220.8146,203.1344,185.9925,172.8808,158.1877,147.8432,135.3999,124.9390,112.8055,101.4244,88.9735,78.3719,69.6676,57.1482,40.7498,28.9205,16.8663,1.1294,0.0000,0.0000
70,1.5000,No dynamic rebalance,8.0000,9332.6381,746.6110,spend75p,757.5840,758.4733,762.5186,767.1680,773.5309,781.5843,789.4070,790.6917,783.1013,776.8571,405.6366,385.8902,366.5932,351.7017,336.8123,322.9493,309.5641,302.1231,299.2101,289.8751,282.3593,271.1040,263.1851,254.3217,248.6213,241.8447,233.1644,220.0934,208.3203,195.3221,184.9153,171.8186,159.0865,146.1378,129.9704
70,1.5000,固定最適比率,8.0000,9332.6381,746.6110,survival,1.0000,1.0000,1.0000,1.0000,1.0000,0.9985,0.9940,0.9760,0.9430,0.9080,0.8830,0.8550,0.8325,0.8110,0.7940,0.7735,0.7560,0.7370,0.7205,0.7005,0.6875,0.6685,0.6550,0.6415,0.6315,0.6220,0.6125,0.6045,0.5935,0.5830,0.5755,0.5685,0.5610,0.5595,0.5545
70,1.5000,固定最適比率,8.0000,9332.6381,746.6110,spend25p,747.4256,728.3868,711.2896,692.7354,675.7256,658.3281,639.8696,614.8628,585.4052,546.7539,244.7950,210.8923,180.6593,148.9262,126.3785,93.0776,48.9369,0.0000,0.0000,0.0000,0.0000,0.0000,0.0000,0.0000,0.0000,0.0000,0.0000,0.0000,0.0000,0.0000,0.0000,0.0000,0.0000,0.0000,0.0000
70,1.5000,固定最適比率,8.0000,9332.6381,746.6110,spend50p,752.4925,742.9471,735.2022,728.5576,724.6373,720.0407,712.1961,698.7550,680.1907,660.4204,327.8197,302.2265,277.0212,254.9716,238.8131,220.8146,203.1344,185.9925,172.8808,158.1877,147.8432,135.3999,124.9390,112.8055,101.4244,88.9735,78.3719,69.6676,57.1482,40.7498,28.9205,16.8663,1.1294,0.0000,0.0000
70,1.5000,固定最適比率,8.0000,9332.6381,746.6110,spend75p,757.5840,758.4733,762.5186,767.1680,773.5309,781.5843,789.4070,790.6917,783.1013,776.8571,405.6366,385.8902,366.5932,351.7017,336.8123,322.9493,309.5641,302.1231,299.2101,289.8751,282.3593,271.1040,263.1851,254.3217,248.6213,241.8447,233.1644,220.0934,208.3203,195.3221,184.9153,171.8186,159.0865,146.1378,129.9704
70,1.5000,DynamicV1Rebalance,8.0000,9332.6381,746.6110,survival,1.0000,1.0000,1.0000,1.0000,1.0000,0.9985,0.9940,0.9760,0.9430,0.9080,0.8830,0.8550,0.8325,0.8110,0.7940,0.7740,0.7560,0.7370,0.7205,0.7005,0.6875,0.6685,0.6550,0.6430,0.6335,0.6255,0.6170,0.6115,0.6040,0.5970,0.5905,0.5850,0.5795,0.5770,0.5750
70,1.5000,DynamicV1Rebalance,8.0000,9332.6381,746.6110,spend25p,747.4256,728.3868,711.2896,692.7354,675.7256,658.3281,639.8696,614.8628,585.4052,546.7539,244.7950,210.8923,180.6593,148.9262,126.3785,94.0755,48.9369,0.0000,0.0000,0.0000,0.0000,0.0000,0.0000,0.0000,0.0000,0.0000,0.0000,0.0000,0.0000,0.0000,0.0000,0.0000,0.0000,0.0000,0.0000
70,1.5000,DynamicV1Rebalance,8.0000,9332.6381,746.6110,spend50p,752.4925,742.9471,735.2022,728.5576,724.6373,720.0407,712.1961,698.7550,680.1907,660.4204,327.8197,302.2265,277.0212,254.9716,238.8131,221.2059,203.1344,185.9925,172.8808,158.1877,147.8432,135.3999,124.9390,113.4986,103.7919,91.4077,80.6075,72.8865,63.3998,52.1629,41.9667,26.8854,15.7239,4.6403,0.0000
70,1.5000,DynamicV1Rebalance,8.0000,9332.6381,746.6110,spend75p,757.5840,758.4733,762.5186,767.1680,773.5309,781.5843,789.4070,790.6917,783.1013,776.8571,405.6366,385.8902,366.5932,351.7017,336.8123,323.0315,309.5641,302.1231,299.2101,289.8751,282.3593,271.1040,263.1851,257.5140,250.4548,242.9454,235.7261,225.0659,214.2440,207.0534,195.3099,187.1957,171.6257,158.1284,145.9628
70,1.5000,SpendAwareDPRebalance (R70-aware),8.0000,9332.6381,746.6110,survival,1.0000,1.0000,1.0000,1.0000,1.0000,0.9985,0.9945,0.9800,0.9505,0.9255,0.9100,0.8875,0.8660,0.8515,0.8410,0.8240,0.8140,0.7975,0.7860,0.7720,0.7600,0.7460,0.7340,0.7215,0.7100,0.7025,0.6915,0.6805,0.6680,0.6580,0.6500,0.6390,0.6285,0.6210,0.6150
70,1.5000,SpendAwareDPRebalance (R70-aware),8.0000,9332.6381,746.6110,spend25p,747.4256,728.3868,711.2896,692.7354,675.7256,658.3281,639.9500,616.7929,587.7391,553.8083,254.3777,225.7690,196.0673,172.0076,151.3706,128.7299,114.0262,91.8629,74.1051,55.0254,23.0229,0.0000,0.0000,0.0000,0.0000,0.0000,0.0000,0.0000,0.0000,0.0000,0.0000,0.0000,0.0000,0.0000,0.0000
70,1.5000,SpendAwareDPRebalance (R70-aware),8.0000,9332.6381,746.6110,spend50p,752.4925,742.9471,735.2022,728.5576,724.6373,720.0407,712.2879,699.6411,682.4010,664.6641,333.1937,310.8168,286.0964,266.4252,252.8616,237.2586,224.1900,209.5551,197.0721,187.5524,179.1367,168.4034,161.2372,149.6122,140.0314,132.1448,119.2723,108.4688,95.1526,79.6955,67.2673,55.1704,38.6550,25.6504,15.0656
70,1.5000,SpendAwareDPRebalance (R70-aware),8.0000,9332.6381,746.6110,spend75p,757.5840,758.4733,762.5186,767.1680,773.5309,781.5843,789.5051,793.1248,784.2751,779.1162,410.1055,390.9724,372.2817,360.3832,347.6363,334.2098,324.5845,316.8480,311.9769,308.8676,303.9460,299.1774,292.6971,286.9299,277.7140,269.4331,255.4748,244.2401,230.5217,217.7379,206.3823,193.8079,172.6485,157.2714,140.7077
70,2.0000,No dynamic rebalance,2.5000,39819.2558,995.4814,survival,1.0000,1.0000,1.0000,1.0000,1.0000,1.0000,1.0000,1.0000,1.0000,1.0000,1.0000,1.0000,1.0000,1.0000,1.0000,1.0000,1.0000,1.0000,1.0000,0.9990,0.9985,0.9975,0.9960,0.9945,0.9920,0.9890,0.9850,0.9830,0.9815,0.9805,0.9775,0.9755,0.9730,0.9715,0.9690
70,2.0000,No dynamic rebalance,2.5000,39819.2558,995.4814,spend25p,996.5674,971.1824,948.3861,923.6472,900.9675,878.2192,855.8783,830.8213,808.2599,784.8656,471.7431,445.7740,421.7002,402.5073,382.9576,367.5898,355.2286,343.8367,336.7460,330.1255,325.7231,323.4175,321.4124,313.6187,310.4799,304.7619,297.8844,290.4314,283.9107,275.0409,261.3911,251.9579,237.6331,224.6784,209.2442
70,2.0000,No dynamic rebalance,2.5000,39819.2558,995.4814,spend50p,1003.3234,990.5961,980.2696,971.4101,966.1831,960.3759,950.6327,942.0835,929.0536,916.0455,579.5874,556.9614,539.4377,526.1329,510.4347,500.1229,492.6835,487.0897,487.3435,490.1834,490.4912,490.2507,486.6831,484.5682,484.5601,482.6274,476.7360,468.0562,461.8984,455.6391,454.5773,448.1975,439.7674,430.5219,417.3621
70,2.0000,No dynamic rebalance,2.5000,39819.2558,995.4814,spend75p,1010.1120,1011.2977,1016.6915,1022.8907,1031.3745,1042.1896,1054.8403,1065.6335,1068.0026,1072.8776,698.5649,689.2336,679.0981,666.4265,663.1602,660.3338,656.4485,663.3977,667.7153,674.1311,685.2876,697.9454,710.6803,725.7727,737.3899,752.7590,753.1126,753.9397,757.5701,768.2868,752.8738,747.5578,749.6331,740.4745,728.8583
70,2.0000,固定最適比率,2.5000,39819.2558,995.4814,survival,1.0000,1.0000,1.0000,1.0000,1.0000,1.0000,1.0000,1.0000,1.0000,1.0000,1.0000,1.0000,1.0000,1.0000,1.0000,1.0000,1.0000,1.0000,1.0000,1.0000,1.0000,1.0000,1.0000,1.0000,1.0000,1.0000,1.0000,1.0000,1.0000,1.0000,1.0000,1.0000,1.0000,1.0000,1.0000
70,2.0000,固定最適比率,2.5000,39819.2558,995.4814,spend25p,996.5674,971.1824,948.3861,923.6472,900.9675,878.2192,855.8783,830.8213,808.2599,784.8656,471.7431,445.7740,421.7002,402.5073,382.9576,367.5898,355.2286,343.8367,336.7460,330.4628,326.2981,324.9201,324.1656,318.8988,315.8021,313.4805,307.9602,299.4825,295.6354,287.6245,277.8473,271.1352,260.7229,245.4713,232.6861
70,2.0000,固定最適比率,2.5000,39819.2558,995.4814,spend50p,1003.3234,990.5961,980.2696,971.4101,966.1831,960.3759,950.6327,942.0835,929.0536,916.0455,579.5874,556.9614,539.4377,526.1329,510.4347,500.1229,492.6835,487.0897,487.3435,490.4783,491.3864,491.5375,489.6882,487.2691,488.3563,488.0796,485.4286,482.2776,476.4050,473.1703,467.6861,466.4833,463.3464,454.2598,441.0004
70,2.0000,固定最適比率,2.5000,39819.2558,995.4814,spend75p,1010.1120,1011.2977,1016.6915,1022.8907,1031.3745,1042.1896,1054.8403,1065.6335,1068.0026,1072.8776,698.5649,689.2336,679.0981,666.4265,663.1602,660.3338,656.4485,663.3977,667.7153,675.4214,686.6972,700.0234,715.5641,730.9685,748.0020,763.3461,767.7413,772.2538,777.3215,782.5904,778.1193,773.9994,773.0994,768.4158,763.9057
70,2.0000,DynamicV1Rebalance,2.5000,39819.2558,995.4814,survival,1.0000,1.0000,1.0000,1.0000,1.0000,1.0000,1.0000,1.0000,1.0000,1.0000,1.0000,1.0000,1.0000,1.0000,1.0000,1.0000,1.0000,1.0000,1.0000,1.0000,1.0000,1.0000,1.0000,1.0000,1.0000,1.0000,1.0000,0.9995,0.9995,0.9990,0.9990,0.9990,0.9990,0.9985,0.9985
70,2.0000,DynamicV1Rebalance,2.5000,39819.2558,995.4814,spend25p,996.5674,971.1824,948.3861,923.6472,900.9675,878.2192,855.8783,830.8213,808.2599,784.8656,471.7431,445.7740,421.7002,402.5073,382.9576,367.5898,355.2286,343.8367,336.7460,330.4628,326.2981,324.9201,324.1656,318.8988,315.8021,313.4805,307.9602,299.4307,295.5395,285.6195,277.7147,269.9649,259.8859,244.7666,232.3041
70,2.0000,DynamicV1Rebalance,2.5000,39819.2558,995.4814,spend50p,1003.3234,990.5961,980.2696,971.4101,966.1831,960.3759,950.6327,942.0835,929.0536,916.0455,579.5874,556.9614,539.4377,526.1329,510.4347,500.1229,492.6835,487.0897,487.3435,490.4783,491.3864,491.5375,489.6882,487.2691,488.3563,488.0796,485.4286,482.1060,476.0344,472.6930,467.0153,466.2951,462.7554,451.5904,439.5379
70,2.0000,DynamicV1Rebalance,2.5000,39819.2558,995.4814,spend75p,1010.1120,1011.2977,1016.6915,1022.8907,1031.3745,1042.1896,1054.8403,1065.6335,1068.0026,1072.8776,698.5649,689.2336,679.0981,666.4265,663.1602,660.3338,656.4485,663.3977,667.7153,675.4214,686.6972,700.0234,715.5641,730.9685,748.0020,763.3461,767.7413,770.8560,775.8541,780.6806,777.3554,773.4184,771.7637,766.4825,762.2490
70,2.0000,SpendAwareDPRebalance (R70-aware),2.5000,39819.2558,995.4814,survival,1.0000,1.0000,1.0000,1.0000,1.0000,1.0000,1.0000,1.0000,1.0000,1.0000,1.0000,1.0000,1.0000,1.0000,1.0000,1.0000,1.0000,1.0000,1.0000,1.0000,1.0000,1.0000,1.0000,1.0000,1.0000,1.0000,1.0000,1.0000,1.0000,0.9995,0.9995,0.9995,0.9995,0.9985,0.9980
70,2.0000,SpendAwareDPRebalance (R70-aware),2.5000,39819.2558,995.4814,spend25p,996.5674,971.1824,948.3861,923.6472,900.9675,878.2192,855.8783,830.8213,808.2599,784.8656,471.7431,445.7740,421.7002,402.5073,382.9576,367.5898,355.2286,343.8367,336.7460,330.4628,326.2981,324.9201,324.1656,318.8988,315.8021,313.4805,307.9602,299.4825,295.6354,286.7750,277.8087,270.6176,260.5581,244.7666,232.2769
70,2.0000,SpendAwareDPRebalance (R70-aware),2.5000,39819.2558,995.4814,spend50p,1003.3234,990.5961,980.2696,971.4101,966.1831,960.3759,950.6327,942.0835,929.0536,916.0455,579.5874,556.9614,539.4377,526.1329,510.4347,500.1229,492.6835,487.0897,487.3435,490.4783,491.3864,491.5375,489.6882,487.2691,488.3563,488.0796,485.4286,482.2776,476.4050,472.9575,467.2171,466.3514,462.9067,451.5904,438.9936
70,2.0000,SpendAwareDPRebalance (R70-aware),2.5000,39819.2558,995.4814,spend75p,1010.1120,1011.2977,1016.6915,1022.8907,1031.3745,1042.1896,1054.8403,1065.6335,1068.0026,1072.8776,698.5649,689.2336,679.0981,666.4265,663.1602,660.3338,656.4485,663.3977,667.7153,675.4214,686.6972,700.0234,715.5641,730.9685,748.0020,763.3461,767.7413,772.2538,777.3215,781.4338,777.5833,773.6589,772.8048,766.4825,762.1359
70,2.0000,No dynamic rebalance,3.0000,33182.7132,995.4814,survival,1.0000,1.0000,1.0000,1.0000,1.0000,1.0000,1.0000,1.0000,1.0000,1.0000,1.0000,1.0000,1.0000,1.0000,1.0000,1.0000,0.9980,0.9955,0.9945,0.9940,0.9920,0.9890,0.9845,0.9785,0.9765,0.9735,0.9715,0.9685,0.9660,0.9620,0.9600,0.9560,0.9535,0.9505,0.9455
70,2.0000,No dynamic rebalance,3.0000,33182.7132,995.4814,spend25p,996.5674,971.1824,948.3861,923.6472,900.9675,878.2192,855.8783,830.8213,808.2599,784.8656,471.7431,445.7740,421.7002,402.5073,382.9576,367.5898,354.2540,341.8170,331.6941,326.7073,322.6319,316.2657,309.2880,302.2609,297.8287,291.4229,287.4557,280.5111,271.2326,259.5087,250.1391,234.9181,222.4574,207.5977,192.5829
70,2.0000,No dynamic rebalance,3.0000,33182.7132,995.4814,spend50p,1003.3234,990.5961,980.2696,971.4101,966.1831,960.3759,950.6327,942.0835,929.0536,916.0455,579.5874,556.9614,539.4377,526.1329,510.4347,500.1229,491.9444,485.1683,483.8843,487.4196,486.4072,484.7951,477.8930,474.7571,471.6221,470.2765,469.5512,460.2595,451.6618,444.4204,441.6085,435.6188,420.3418,411.1461,395.6839
70,2.0000,No dynamic rebalance,3.0000,33182.7132,995.4814,spend75p,1010.1120,1011.2977,1016.6915,1022.8907,1031.3745,1042.1896,1054.8403,1065.6335,1068.0026,1072.8776,698.5649,689.2336,679.0981,666.4265,663.1602,660.3338,655.7394,659.3474,664.6654,668.8146,677.0590,694.4540,704.5142,716.2437,723.0753,736.4497,743.6568,745.4291,746.0115,742.9392,743.4089,733.5884,731.6070,718.4740,702.5562
70,2.0000,固定最適比率,3.0000,33182.7132,995.4814,survival,1.0000,1.0000,1.0000,1.0000,1.0000,1.0000,1.0000,1.0000,1.0000,1.0000,1.0000,1.0000,1.0000,1.0000,1.0000,1.0000,1.0000,1.0000,1.0000,1.0000,1.0000,1.0000,1.0000,1.0000,1.0000,1.0000,1.0000,1.0000,1.0000,0.9995,0.9995,0.9990,0.9985,0.9985,0.9975
70,2.0000,固定最適比率,3.0000,33182.7132,995.4814,spend25p,996.5674,971.1824,948.3861,923.6472,900.9675,878.2192,855.8783,830.8213,808.2599,784.8656,471.7431,445.7740,421.7002,402.5073,382.9576,367.5898,355.2286,343.8367,336.7460,330.4628,326.2981,324.9201,324.1656,318.8988,315.8021,313.4805,307.9602,299.4825,295.6354,286.7750,277.8087,269.9649,259.0294,244.7666,232.1319
70,2.0000,固定最適比率,3.0000,33182.7132,995.4814,spend50p,1003.3234,990.5961,980.2696,971.4101,966.1831,960.3759,950.6327,942.0835,929.0536,916.0455,579.5874,556.9614,539.4377,526.1329,510.4347,500.1229,492.6835,487.0897,487.3435,490.4783,491.3864,491.5375,489.6882,487.2691,488.3563,488.0796,485.4286,482.2776,476.4050,472.9575,467.2171,466.2951,461.8853,451.5904,438.7253
70,2.0000,固定最適比率,3.0000,33182.7132,995.4814,spend75p,1010.1120,1011.2977,1016.6915,1022.8907,1031.3745,1042.1896,1054.8403,1065.6335,1068.0026,1072.8776,698.5649,689.2336,679.0981,666.4265,663.1602,660.3338,656.4485,663.3977,667.7153,675.4214,686.6972,700.0234,715.5641,730.9685,748.0020,763.3461,767.7413,772.2538,777.3215,781.4338,777.5833,773.4184,771.0358,766.4825,761.1652
70,2.0000,DynamicV1Rebalance,3.0000,33182.7132,995.4814,survival,1.0000,1.0000,1.0000,1.0000,1.0000,1.0000,1.0000,1.0000,1.0000,1.0000,1.0000,1.0000,1.0000,1.0000,1.0000,1.0000,1.0000,0.9990,0.9990,0.9985,0.9980,0.9960,0.9955,0.9955,0.9950,0.9945,0.9940,0.9940,0.9930,0.9925,0.9920,0.9915,0.9910,0.9910,0.9905
70,2.0000,DynamicV1Rebalance,3.0000,33182.7132,995.4814,spend25p,996.5674,971.1824,948.3861,923.6472,900.9675,878.2192,855.8783,830.8213,808.2599,784.8656,471.7431,445.7740,421.7002,402.5073,382.9576,367.5898,355.2286,343.3159,336.0685,329.9135,325.4054,321.8934,321.2355,314.1832,312.5472,309.2550,303.9133,296.6568,290.5421,281.3674,273.4326,264.5261,252.6308,239.1894,227.2372
70,2.0000,DynamicV1Rebalance,3.0000,33182.7132,995.4814,spend50p,1003.3234,990.5961,980.2696,971.4101,966.1831,960.3759,950.6327,942.0835,929.0536,916.0455,579.5874,556.9614,539.4377,526.1329,510.4347,500.1229,492.6835,486.7718,485.9985,490.0387,489.7512,488.9324,485.6368,484.6301,485.6065,484.2006,481.4157,476.2831,470.1909,465.7523,459.7063,461.0468,455.1424,445.0114,430.2708
70,2.0000,DynamicV1Rebalance,3.0000,33182.7132,995.4814,spend75p,1010.1120,1011.2977,1016.6915,1022.8907,1031.3745,1042.1896,1054.8403,1065.6335,1068.0026,1072.8776,698.5649,689.2336,679.0981,666.4265,663.1602,660.3338,656.4485,662.6865,666.9263,672.9398,684.8369,696.0194,710.5003,724.9555,741.0215,756.9510,758.3819,762.9503,768.9728,775.6999,768.2908,763.8577,760.5085,761.7530,754.2937
70,2.0000,SpendAwareDPRebalance (R70-aware),3.0000,33182.7132,995.4814,survival,1.0000,1.0000,1.0000,1.0000,1.0000,1.0000,1.0000,1.0000,1.0000,1.0000,1.0000,1.0000,1.0000,1.0000,1.0000,1.0000,1.0000,1.0000,1.0000,1.0000,1.0000,1.0000,1.0000,1.0000,1.0000,1.0000,0.9995,0.9985,0.9985,0.9980,0.9970,0.9965,0.9960,0.9935,0.9935
70,2.0000,SpendAwareDPRebalance (R70-aware),3.0000,33182.7132,995.4814,spend25p,996.5674,971.1824,948.3861,923.6472,900.9675,878.2192,855.8783,830.8213,808.2599,784.8656,471.7431,445.7740,421.7002,402.5073,382.9576,367.5898,355.2286,343.8367,336.7460,330.4628,326.2981,324.9201,324.1656,318.8988,315.8021,313.4805,307.6633,299.0578,295.2739,284.6062,276.5127,267.4267,257.6798,242.0887,229.6447
70,2.0000,SpendAwareDPRebalance (R70-aware),3.0000,33182.7132,995.4814,spend50p,1003.3234,990.5961,980.2696,971.4101,966.1831,960.3759,950.6327,942.0835,929.0536,916.0455,579.5874,556.9614,539.4377,526.1329,510.4347,500.1229,492.6835,487.0897,487.3435,490.4783,491.3864,491.5375,489.6882,487.2691,488.3563,488.0796,484.9713,481.5952,475.2446,471.6855,464.1000,463.4678,459.8689,448.3552,433.6941
70,2.0000,SpendAwareDPRebalance (R70-aware),3.0000,33182.7132,995.4814,spend75p,1010.1120,1011.2977,1016.6915,1022.8907,1031.3745,1042.1896,1054.8403,1065.6335,1068.0026,1072.8776,698.5649,689.2336,679.0981,666.4265,663.1602,660.3338,656.4485,663.3977,667.7153,675.4214,686.6972,700.0234,715.5641,730.9685,748.0020,763.3461,767.2723,768.8357,774.0239,780.2329,772.6387,769.4063,765.0452,762.8356,754.8459
70,2.0000,No dynamic rebalance,4.0000,24887.0349,995.4814,survival,1.0000,1.0000,1.0000,1.0000,1.0000,1.0000,1.0000,1.0000,1.0000,0.9995,0.9990,0.9975,0.9965,0.9935,0.9920,0.9875,0.9815,0.9760,0.9715,0.9640,0.9590,0.9535,0.9470,0.9410,0.9350,0.9275,0.9215,0.9180,0.9110,0.9035,0.8960,0.8955,0.8920,0.8890,0.8840
70,2.0000,No dynamic rebalance,4.0000,24887.0349,995.4814,spend25p,996.5674,971.1824,948.3861,923.6472,900.9675,878.2192,855.8783,830.8213,808.2599,784.8656,471.4070,445.2780,420.5442,398.4549,379.8859,360.4867,344.8720,331.6516,318.6593,309.7183,300.4184,292.4350,287.6001,277.9900,269.3428,258.7803,250.8835,238.8723,223.9739,210.0992,197.0234,188.6410,175.9682,163.3777,149.4500
70,2.0000,No dynamic rebalance,4.0000,24887.0349,995.4814,spend50p,1003.3234,990.5961,980.2696,971.4101,966.1831,960.3759,950.6327,942.0835,929.0536,916.0455,579.4047,556.4802,537.8697,523.4538,506.1051,492.5637,484.9203,478.4496,472.5073,468.3162,466.8442,461.5091,457.2287,449.6961,447.3626,439.4731,433.0216,428.8686,419.4794,409.8515,395.4428,387.9153,375.9037,362.2219,342.3088
70,2.0000,No dynamic rebalance,4.0000,24887.0349,995.4814,spend75p,1010.1120,1011.2977,1016.6915,1022.8907,1031.3745,1042.1896,1054.8403,1065.6335,1068.0026,1072.8776,698.0817,687.2647,678.1014,662.9214,658.4330,654.5860,649.1833,648.6292,651.6518,650.4009,657.4587,674.4714,682.5521,694.7930,702.6480,706.3985,712.4926,712.3628,710.3310,699.9921,690.6834,685.6174,664.8093,654.3683,639.8888
70,2.0000,固定最適比率,4.0000,24887.0349,995.4814,survival,1.0000,1.0000,1.0000,1.0000,1.0000,1.0000,1.0000,1.0000,1.0000,1.0000,1.0000,1.0000,1.0000,1.0000,1.0000,1.0000,1.0000,1.0000,0.9995,0.9985,0.9975,0.9930,0.9905,0.9890,0.9870,0.9825,0.9775,0.9755,0.9725,0.9695,0.9640,0.9605,0.9550,0.9510,0.9475
70,2.0000,固定最適比率,4.0000,24887.0349,995.4814,spend25p,996.5674,971.1824,948.3861,923.6472,900.9675,878.2192,855.8783,830.8213,808.2599,784.8656,471.7431,445.7740,421.7002,402.5073,382.9576,367.5898,355.2286,343.8367,336.4938,329.9135,325.3869,320.3301,314.6359,310.0498,306.1616,298.8856,291.4824,285.8470,276.2194,265.6923,252.0731,238.9498,222.9123,207.5977,194.5975
70,2.0000,固定最適比率,4.0000,24887.0349,995.4814,spend50p,1003.3234,990.5961,980.2696,971.4101,966.1831,960.3759,950.6327,942.0835,929.0536,916.0455,579.5874,556.9614,539.4377,526.1329,510.4347,500.1229,492.6835,487.0897,486.6563,490.0387,489.2007,486.6650,481.5286,481.5603,480.2113,475.1650,469.9685,460.8960,454.1328,446.4620,442.5967,436.7942,418.5878,407.5378,392.6893
70,2.0000,固定最適比率,4.0000,24887.0349,995.4814,spend75p,1010.1120,1011.2977,1016.6915,1022.8907,1031.3745,1042.1896,1054.8403,1065.6335,1068.0026,1072.8776,698.5649,689.2336,679.0981,666.4265,663.1602,660.3338,656.4485,663.3977,667.3711,672.9398,683.5922,694.2916,704.5142,718.9120,731.8070,738.6701,741.5333,744.1572,745.3223,742.4291,737.5569,726.6433,716.1109,707.9639,695.5959
70,2.0000,DynamicV1Rebalance,4.0000,24887.0349,995.4814,survival,1.0000,1.0000,1.0000,1.0000,1.0000,1.0000,1.0000,1.0000,1.0000,1.0000,0.9990,0.9980,0.9970,0.9960,0.9935,0.9915,0.9890,0.9840,0.9815,0.9755,0.9715,0.9660,0.9635,0.9605,0.9550,0.9525,0.9500,0.9455,0.9455,0.9440,0.9420,0.9400,0.9380,0.9360,0.9345
70,2.0000,DynamicV1Rebalance,4.0000,24887.0349,995.4814,spend25p,996.5674,971.1824,948.3861,923.6472,900.9675,878.2192,855.8783,830.8213,808.2599,784.8656,471.4070,445.3885,420.7916,400.0521,380.2733,363.4675,349.8409,335.0984,324.1934,316.9880,310.1311,301.8862,296.4201,292.1172,287.1778,277.7404,270.1712,260.3629,254.2094,244.5591,234.0347,223.5568,207.9185,197.8234,186.9950
70,2.0000,DynamicV1Rebalance,4.0000,24887.0349,995.4814,spend50p,1003.3234,990.5961,980.2696,971.4101,966.1831,960.3759,950.6327,942.0835,929.0536,916.0455,579.4047,556.5620,538.1882,524.0776,507.1153,495.0123,487.2914,480.6955,478.2601,478.3152,474.2975,470.9468,468.9295,464.5060,457.1379,459.5803,454.9018,446.4022,437.8755,436.0345,428.2180,417.6548,411.6605,400.5149,387.8737
70,2.0000,DynamicV1Rebalance,4.0000,24887.0349,995.4814,spend75p,1010.1120,1011.2977,1016.6915,1022.8907,1031.3745,1042.1896,1054.8403,1065.6335,1068.0026,1072.8776,698.0817,687.9298,678.1847,664.8445,659.8707,655.7400,652.1275,654.5886,655.5972,655.4162,664.5015,678.1118,693.9680,703.3558,711.9091,722.4129,733.1756,737.1884,736.5805,737.6690,732.9652,723.6149,716.1109,709.3456,697.4981
70,2.0000,SpendAwareDPRebalance (R70-aware),4.0000,24887.0349,995.4814,survival,1.0000,1.0000,1.0000,1.0000,1.0000,1.0000,1.0000,1.0000,1.0000,1.0000,1.0000,1.0000,1.0000,1.0000,1.0000,1.0000,1.0000,1.0000,0.9985,0.9985,0.9970,0.9955,0.9950,0.9935,0.9920,0.9910,0.9895,0.9855,0.9830,0.9810,0.9775,0.9750,0.9725,0.9695,0.9665
70,2.0000,SpendAwareDPRebalance (R70-aware),4.0000,24887.0349,995.4814,spend25p,996.5674,971.1824,948.3861,923.6472,900.9675,878.2192,855.8783,830.8213,808.2599,784.8656,471.7431,445.7740,421.7002,402.5073,382.9576,367.5898,355.2286,343.8367,335.7965,329.9135,325.3711,321.7506,320.9536,312.6725,310.4799,306.5135,300.8120,292.2823,284.5513,274.7590,260.8107,249.7803,236.7899,222.5399,207.3089
70,2.0000,SpendAwareDPRebalance (R70-aware),4.0000,24887.0349,995.4814,spend50p,1003.3234,990.5961,980.2696,971.4101,966.1831,960.3759,950.6327,942.0835,929.0536,916.0455,579.5874,556.9614,539.4377,526.1329,510.4347,500.1229,492.6835,487.0897,485.7592,490.0387,489.0303,488.2777,485.1131,483.7070,484.4102,482.6274,477.0829,467.9166,460.4010,451.9680,450.0371,444.3444,436.3983,420.3438,413.8103
70,2.0000,SpendAwareDPRebalance (R70-aware),4.0000,24887.0349,995.4814,spend75p,1010.1120,1011.2977,1016.6915,1022.8907,1031.3745,1042.1896,1054.8403,1065.6335,1068.0026,1072.8776,698.5649,689.2336,679.0981,666.4265,663.1602,660.3338,656.4485,663.3977,666.1391,672.9398,682.2505,695.4982,710.2960,722.8811,734.9141,750.4130,752.1089,751.0925,753.3363,756.2331,747.0979,739.6739,740.3082,725.5393,710.0084
70,2.0000,No dynamic rebalance,5.0000,19909.6279,995.4814,survival,1.0000,1.0000,1.0000,1.0000,1.0000,1.0000,1.0000,0.9995,0.9985,0.9955,0.9940,0.9885,0.9790,0.9690,0.9595,0.9510,0.9425,0.9340,0.9260,0.9175,0.9065,0.8970,0.8895,0.8795,0.8710,0.8615,0.8515,0.8435,0.8320,0.8265,0.8170,0.8110,0.8020,0.7955,0.7885
70,2.0000,No dynamic rebalance,5.0000,19909.6279,995.4814,spend25p,996.5674,971.1824,948.3861,923.6472,900.9675,878.2192,855.8783,830.8213,807.4781,782.3090,469.4365,440.4685,412.3456,385.2381,361.5544,340.9320,323.1063,308.4814,294.6925,280.5120,267.0653,253.1304,244.2068,229.6454,217.8606,204.8794,189.3307,173.6662,152.4733,139.7346,124.4542,105.6660,86.3303,69.9007,48.6937
70,2.0000,No dynamic rebalance,5.0000,19909.6279,995.4814,spend50p,1003.3234,990.5961,980.2696,971.4101,966.1831,960.3759,950.6327,942.0835,928.8583,914.0298,577.6151,553.7568,530.3972,512.0259,493.0278,477.0618,469.8846,460.1268,452.2867,444.8512,435.2167,429.0033,423.1649,418.5393,408.5784,401.0043,392.2435,381.2569,370.2494,359.1235,342.5113,324.8979,304.9285,290.1797,270.3682
70,2.0000,No dynamic rebalance,5.0000,19909.6279,995.4814,spend75p,1010.1120,1011.2977,1016.6915,1022.8907,1031.3745,1042.1896,1054.8403,1065.6335,1066.9742,1069.3812,694.2870,681.2245,667.0085,654.3379,646.1675,639.0618,633.3338,630.0290,631.5755,630.5739,630.2464,637.8186,647.3073,652.5559,661.5236,654.4498,653.2710,653.7052,642.8182,633.3787,616.4784,600.1634,589.6002,562.8897,548.5666
70,2.0000,固定最適比率,5.0000,19909.6279,995.4814,survival,1.0000,1.0000,1.0000,1.0000,1.0000,1.0000,1.0000,0.9995,0.9985,0.9955,0.9940,0.9885,0.9790,0.9690,0.9595,0.9510,0.9425,0.9340,0.9260,0.9175,0.9065,0.8970,0.8895,0.8795,0.8710,0.8615,0.8515,0.8435,0.8320,0.8265,0.8170,0.8110,0.8020,0.7955,0.7885
70,2.0000,固定最適比率,5.0000,19909.6279,995.4814,spend25p,996.5674,971.1824,948.3861,923.6472,900.9675,878.2192,855.8783,830.8213,807.4781,782.3090,469.4365,440.4685,412.3456,385.2381,361.5544,340.9320,323.1063,308.4814,294.6925,280.5120,267.0653,253.1304,244.2068,229.6454,217.8606,204.8794,189.3307,173.6662,152.4733,139.7346,124.4542,105.6660,86.3303,69.9007,48.6937
70,2.0000,固定最適比率,5.0000,19909.6279,995.4814,spend50p,1003.3234,990.5961,980.2696,971.4101,966.1831,960.3759,950.6327,942.0835,928.8583,914.0298,577.6151,553.7568,530.3972,512.0259,493.0278,477.0618,469.8846,460.1268,452.2867,444.8512,435.2167,429.0033,423.1649,418.5393,408.5784,401.0043,392.2435,381.2569,370.2494,359.1235,342.5113,324.8979,304.9285,290.1797,270.3682
70,2.0000,固定最適比率,5.0000,19909.6279,995.4814,spend75p,1010.1120,1011.2977,1016.6915,1022.8907,1031.3745,1042.1896,1054.8403,1065.6335,1066.9742,1069.3812,694.2870,681.2245,667.0085,654.3379,646.1675,639.0618,633.3338,630.0290,631.5755,630.5739,630.2464,637.8186,647.3073,652.5559,661.5236,654.4498,653.2710,653.7052,642.8182,633.3787,616.4784,600.1634,589.6002,562.8897,548.5666
70,2.0000,DynamicV1Rebalance,5.0000,19909.6279,995.4814,survival,1.0000,1.0000,1.0000,1.0000,1.0000,1.0000,1.0000,0.9995,0.9985,0.9955,0.9950,0.9885,0.9795,0.9695,0.9615,0.9515,0.9425,0.9355,0.9295,0.9210,0.9125,0.9055,0.8980,0.8905,0.8835,0.8770,0.8700,0.8645,0.8585,0.8550,0.8505,0.8440,0.8400,0.8360,0.8325
70,2.0000,DynamicV1Rebalance,5.0000,19909.6279,995.4814,spend25p,996.5674,971.1824,948.3861,923.6472,900.9675,878.2192,855.8783,830.8213,807.4781,782.3090,469.8969,440.4685,412.4174,385.2694,362.3191,341.1105,323.1063,309.3178,297.5472,281.1524,272.0857,260.7117,249.8021,241.4307,230.2862,215.6406,204.9178,196.7864,182.1535,174.1856,159.9361,145.7191,131.7751,119.0021,102.9957
70,2.0000,DynamicV1Rebalance,5.0000,19909.6279,995.4814,spend50p,1003.3234,990.5961,980.2696,971.4101,966.1831,960.3759,950.6327,942.0835,928.8583,914.0298,577.9312,553.7568,530.4915,512.3211,493.4128,477.2735,469.8846,460.7739,454.4783,448.4614,439.2868,432.4215,428.3482,424.8230,415.6738,409.5691,403.6552,393.5755,386.8693,378.5742,368.5574,353.0544,335.1632,322.2508,309.0116
70,2.0000,DynamicV1Rebalance,5.0000,19909.6279,995.4814,spend75p,1010.1120,1011.2977,1016.6915,1022.8907,1031.3745,1042.1896,1054.8403,1065.6335,1066.9742,1069.3812,694.6322,681.2245,667.0085,654.3379,646.6031,639.3284,632.8361,630.4557,632.5385,633.0524,635.9472,645.6813,655.2245,665.7275,668.5264,668.3281,671.1066,674.3302,668.6658,666.4724,657.3960,640.7142,622.3849,606.0751,589.0873
70,2.0000,SpendAwareDPRebalance (R70-aware),5.0000,19909.6279,995.4814,survival,1.0000,1.0000,1.0000,1.0000,1.0000,1.0000,1.0000,1.0000,0.9995,0.9980,0.9975,0.9970,0.9955,0.9950,0.9940,0.9910,0.9890,0.9840,0.9815,0.9780,0.9740,0.9695,0.9655,0.9595,0.9540,0.9505,0.9465,0.9395,0.9325,0.9275,0.9205,0.9145,0.9080,0.8990,0.8890
70,2.0000,SpendAwareDPRebalance (R70-aware),5.0000,19909.6279,995.4814,spend25p,996.5674,971.1824,948.3861,923.6472,900.9675,878.2192,855.8783,830.8213,807.8953,783.7700,470.8817,444.9408,419.8715,399.1300,380.2733,362.8499,349.8409,335.0984,324.1934,318.1798,311.9339,304.2132,298.2366,291.9963,285.2661,277.0006,269.2968,254.9605,244.5396,228.3655,212.5684,201.8828,187.8520,171.8490,152.7618
70,2.0000,SpendAwareDPRebalance (R70-aware),5.0000,19909.6279,995.4814,spend50p,1003.3234,990.5961,980.2696,971.4101,966.1831,960.3759,950.6327,942.0835,928.9668,914.6940,578.9188,555.9371,537.6368,523.5332,507.1153,494.6218,487.2914,480.4453,476.9715,478.2180,473.0211,470.3709,466.1942,457.5368,454.2383,453.1461,446.7126,436.8552,425.2180,416.7983,403.5503,393.4375,376.8701,357.3454,333.8224
70,2.0000,SpendAwareDPRebalance (R70-aware),5.0000,19909.6279,995.4814,spend75p,1010.1120,1011.2977,1016.6915,1022.8907,1031.3745,1042.1896,1054.8403,1065.6335,1068.0026,1071.2127,696.0083,686.9419,677.8916,664.0168,659.8329,655.2839,651.4660,650.3744,654.1718,654.3205,661.3161,675.8782,687.7163,696.6782,702.6480,708.1597,714.9296,711.4457,709.1743,696.7424,686.4979,667.5585,648.6932,627.5353,605.3674
70,2.0000,No dynamic rebalance,6.0000,16591.3566,995.4814,survival,1.0000,1.0000,1.0000,1.0000,1.0000,1.0000,0.9990,0.9980,0.9940,0.9830,0.9680,0.9580,0.9460,0.9340,0.9145,0.9045,0.8895,0.8750,0.8590,0.8450,0.8290,0.8140,0.8030,0.7880,0.7790,0.7625,0.7530,0.7380,0.7245,0.7155,0.7030,0.6955,0.6890,0.6790,0.6705
70,2.0000,No dynamic rebalance,6.0000,16591.3566,995.4814,spend25p,996.5674,971.1824,948.3861,923.6472,900.9675,878.2192,855.7321,830.0130,804.9263,775.0385,459.9449,426.3210,392.8683,366.0514,333.9453,310.0771,289.4105,265.1632,246.4988,227.3910,205.2270,187.1376,169.0368,141.7192,119.2883,83.4250,24.9433,0.0000,0.0000,0.0000,0.0000,0.0000,0.0000,0.0000,0.0000
70,2.0000,No dynamic rebalance,6.0000,16591.3566,995.4814,spend50p,1003.3234,990.5961,980.2696,971.4101,966.1831,960.3759,950.5110,941.4769,927.2411,910.4258,569.7400,544.9882,518.8903,496.2710,473.3793,460.3727,445.0943,431.6774,418.3293,404.9194,392.5415,381.5675,374.4669,363.8583,354.7324,334.9366,323.9790,304.1540,289.2103,274.9842,256.8458,240.6329,223.6926,202.7931,188.6076
70,2.0000,No dynamic rebalance,6.0000,16591.3566,995.4814,spend75p,1010.1120,1011.2977,1016.6915,1022.8907,1031.3745,1042.1896,1054.8403,1065.0262,1064.4922,1062.2657,686.5001,669.1734,653.1738,642.4650,627.5859,618.9489,609.4738,601.5970,596.4170,595.4053,591.9739,588.9456,591.5371,592.3840,590.1328,580.1154,567.1014,558.2303,549.5537,536.8539,524.7071,511.8569,495.6553,482.1667,466.7586
70,2.0000,固定最適比率,6.0000,16591.3566,995.4814,survival,1.0000,1.0000,1.0000,1.0000,1.0000,1.0000,0.9990,0.9980,0.9940,0.9830,0.9680,0.9580,0.9460,0.9340,0.9145,0.9045,0.8895,0.8750,0.8590,0.8450,0.8290,0.8140,0.8030,0.7880,0.7790,0.7625,0.7530,0.7380,0.7245,0.7155,0.7030,0.6955,0.6890,0.6790,0.6705
70,2.0000,固定最適比率,6.0000,16591.3566,995.4814,spend25p,996.5674,971.1824,948.3861,923.6472,900.9675,878.2192,855.7321,830.0130,804.9263,775.0385,459.9449,426.3210,392.8683,366.0514,333.9453,310.0771,289.4105,265.1632,246.4988,227.3910,205.2270,187.1376,169.0368,141.7192,119.2883,83.4250,24.9433,0.0000,0.0000,0.0000,0.0000,0.0000,0.0000,0.0000,0.0000
70,2.0000,固定最適比率,6.0000,16591.3566,995.4814,spend50p,1003.3234,990.5961,980.2696,971.4101,966.1831,960.3759,950.5110,941.4769,927.2411,910.4258,569.7400,544.9882,518.8903,496.2710,473.3793,460.3727,445.0943,431.6774,418.3293,404.9194,392.5415,381.5675,374.4669,363.8583,354.7324,334.9366,323.9790,304.1540,289.2103,274.9842,256.8458,240.6329,223.6926,202.7931,188.6076
70,2.0000,固定最適比率,6.0000,16591.3566,995.4814,spend75p,1010.1120,1011.2977,1016.6915,1022.8907,1031.3745,1042.1896,1054.8403,1065.0262,1064.4922,1062.2657,686.5001,669.1734,653.1738,642.4650,627.5859,618.9489,609.4738,601.5970,596.4170,595.4053,591.9739,588.9456,591.5371,592.3840,590.1328,580.1154,567.1014,558.2303,549.5537,536.8539,524.7071,511.8569,495.6553,482.1667,466.7586
70,2.0000,DynamicV1Rebalance,6.0000,16591.3566,995.4814,survival,1.0000,1.0000,1.0000,1.0000,1.0000,1.0000,0.9990,0.9980,0.9940,0.9830,0.9680,0.9580,0.9460,0.9350,0.9145,0.9045,0.8905,0.8755,0.8595,0.8465,0.8305,0.8160,0.8070,0.7920,0.7855,0.7725,0.7640,0.7550,0.7450,0.7405,0.7330,0.7295,0.7250,0.7185,0.7140
70,2.0000,DynamicV1Rebalance,6.0000,16591.3566,995.4814,spend25p,996.5674,971.1824,948.3861,923.6472,900.9675,878.2192,855.7321,830.0130,804.9263,775.0385,459.9449,426.3210,392.8683,367.7030,333.9453,310.0771,289.6194,265.7022,247.0746,228.1857,206.8690,188.6290,175.4105,147.0620,130.0590,100.7738,79.2265,35.7512,0.0000,0.0000,0.0000,0.0000,0.0000,0.0000,0.0000
70,2.0000,DynamicV1Rebalance,6.0000,16591.3566,995.4814,spend50p,1003.3234,990.5961,980.2696,971.4101,966.1831,960.3759,950.5110,941.4769,927.2411,910.4258,569.7400,544.9882,518.8903,496.8180,473.3793,460.3727,445.8417,431.8531,418.8866,406.1275,392.9049,384.1141,377.0530,366.2855,358.7145,344.9447,332.0819,320.5033,307.1105,295.5267,279.5184,272.1884,258.9996,239.5877,225.7253
70,2.0000,DynamicV1Rebalance,6.0000,16591.3566,995.4814,spend75p,1010.1120,1011.2977,1016.6915,1022.8907,1031.3745,1042.1896,1054.8403,1065.0262,1064.4922,1062.2657,686.5001,669.1734,653.1738,643.0218,627.5859,618.9489,610.1871,602.2618,596.5982,596.7645,593.2917,591.2074,593.1195,596.0528,599.6036,592.8775,587.9573,582.8156,576.4291,570.6928,553.2514,539.0792,527.4687,517.3462,505.2212
70,2.0000,SpendAwareDPRebalance (R70-aware),6.0000,16591.3566,995.4814,survival,1.0000,1.0000,1.0000,1.0000,1.0000,1.0000,0.9995,0.9980,0.9960,0.9915,0.9805,0.9760,0.9710,0.9620,0.9520,0.9440,0.9370,0.9320,0.9265,0.9195,0.9105,0.9010,0.8920,0.8820,0.8740,0.8640,0.8505,0.8430,0.8330,0.8250,0.8155,0.8025,0.7950,0.7840,0.7715
70,2.0000,SpendAwareDPRebalance (R70-aware),6.0000,16591.3566,995.4814,spend25p,996.5674,971.1824,948.3861,923.6472,900.9675,878.2192,855.7321,829.7662,805.2480,778.7287,463.9711,433.8237,407.4578,381.9750,357.1912,337.3702,320.3758,307.6291,294.6925,280.9258,269.3226,255.2992,246.1017,234.6395,221.7454,207.9602,189.1905,173.6040,153.4063,139.3628,122.2077,96.3247,82.0519,53.0373,26.6633
70,2.0000,SpendAwareDPRebalance (R70-aware),6.0000,16591.3566,995.4814,spend50p,1003.3234,990.5961,980.2696,971.4101,966.1831,960.3759,950.5110,941.3784,927.9667,912.4519,572.1968,551.0118,528.3601,508.8020,489.5149,473.4074,468.3809,459.7694,451.7716,444.8512,436.1963,430.5522,425.7963,419.5720,410.6399,401.6216,390.6658,379.6879,367.9036,354.6424,338.4672,314.2920,299.4981,277.4789,255.0354
70,2.0000,SpendAwareDPRebalance (R70-aware),6.0000,16591.3566,995.4814,spend75p,1010.1120,1011.2977,1016.6915,1022.8907,1031.3745,1042.1896,1054.8403,1064.3552,1065.3114,1066.4583,689.7328,677.1126,665.1393,653.0405,642.7261,634.6035,626.2624,624.7886,625.8141,626.4768,626.1939,630.5653,639.0819,643.4801,648.2343,640.6105,633.3895,624.3903,611.1621,596.4078,578.8077,559.9054,546.0846,526.6486,504.0255
70,2.0000,No dynamic rebalance,7.0000,14221.1628,995.4814,survival,1.0000,1.0000,1.0000,1.0000,1.0000,0.9995,0.9980,0.9920,0.9740,0.9525,0.9315,0.9085,0.8905,0.8735,0.8455,0.8245,0.8050,0.7850,0.7665,0.7550,0.7265,0.7080,0.6970,0.6805,0.6635,0.6515,0.6395,0.6255,0.6160,0.6035,0.5950,0.5885,0.5805,0.5730,0.5650
70,2.0000,No dynamic rebalance,7.0000,14221.1628,995.4814,spend25p,996.5674,971.1824,948.3861,923.6472,900.9675,877.8613,855.2256,827.9649,795.1791,756.6369,441.7152,400.3778,363.7575,331.5671,292.6201,256.6934,231.0995,190.4697,150.7477,96.6523,0.0000,0.0000,0.0000,0.0000,0.0000,0.0000,0.0000,0.0000,0.0000,0.0000,0.0000,0.0000,0.0000,0.0000,0.0000
70,2.0000,No dynamic rebalance,7.0000,14221.1628,995.4814,spend50p,1003.3234,990.5961,980.2696,971.4101,966.1831,960.2808,950.3990,937.2253,920.6955,897.3521,558.3414,527.5630,499.4831,471.3255,448.2540,427.6159,406.5569,385.6148,367.4720,354.3030,331.5792,312.3074,300.3398,288.6949,268.6648,254.5427,237.1552,218.5199,206.1907,186.0112,167.3181,151.9971,133.2476,116.9112,94.2577
70,2.0000,No dynamic rebalance,7.0000,14221.1628,995.4814,spend75p,1010.1120,1011.2977,1016.6915,1022.8907,1031.3745,1042.1896,1053.9195,1061.4978,1055.9897,1047.6769,673.8963,651.5319,632.5214,616.9319,599.7596,582.7428,571.9771,560.2833,557.6304,557.7304,548.7487,536.4641,532.1453,522.1845,508.8527,497.0637,486.4102,468.0812,455.2998,442.6024,430.5919,419.9916,409.6421,391.9089,368.8654
70,2.0000,固定最適比率,7.0000,14221.1628,995.4814,survival,1.0000,1.0000,1.0000,1.0000,1.0000,0.9995,0.9980,0.9920,0.9740,0.9525,0.9315,0.9085,0.8905,0.8735,0.8455,0.8245,0.8050,0.7850,0.7665,0.7550,0.7265,0.7080,0.6970,0.6805,0.6635,0.6515,0.6395,0.6255,0.6160,0.6035,0.5950,0.5885,0.5805,0.5730,0.5650
70,2.0000,固定最適比率,7.0000,14221.1628,995.4814,spend25p,996.5674,971.1824,948.3861,923.6472,900.9675,877.8613,855.2256,827.9649,795.1791,756.6369,441.7152,400.3778,363.7575,331.5671,292.6201,256.6934,231.0995,190.4697,150.7477,96.6523,0.0000,0.0000,0.0000,0.0000,0.0000,0.0000,0.0000,0.0000,0.0000,0.0000,0.0000,0.0000,0.0000,0.0000,0.0000
70,2.0000,固定最適比率,7.0000,14221.1628,995.4814,spend50p,1003.3234,990.5961,980.2696,971.4101,966.1831,960.2808,950.3990,937.2253,920.6955,897.3521,558.3414,527.5630,499.4831,471.3255,448.2540,427.6159,406.5569,385.6148,367.4720,354.3030,331.5792,312.3074,300.3398,288.6949,268.6648,254.5427,237.1552,218.5199,206.1907,186.0112,167.3181,151.9971,133.2476,116.9112,94.2577
70,2.0000,固定最適比率,7.0000,14221.1628,995.4814,spend75p,1010.1120,1011.2977,1016.6915,1022.8907,1031.3745,1042.1896,1053.9195,1061.4978,1055.9897,1047.6769,673.8963,651.5319,632.5214,616.9319,599.7596,582.7428,571.9771,560.2833,557.6304,557.7304,548.7487,536.4641,532.1453,522.1845,508.8527,497.0637,486.4102,468.0812,455.2998,442.6024,430.5919,419.9916,409.6421,391.9089,368.8654
70,2.0000,DynamicV1Rebalance,7.0000,14221.1628,995.4814,survival,1.0000,1.0000,1.0000,1.0000,1.0000,0.9995,0.9980,0.9920,0.9740,0.9525,0.9315,0.9085,0.8905,0.8740,0.8455,0.8245,0.8055,0.7855,0.7670,0.7555,0.7280,0.7095,0.6980,0.6835,0.6675,0.6560,0.6460,0.6360,0.6290,0.6245,0.6200,0.6135,0.6085,0.6045,0.5995
70,2.0000,DynamicV1Rebalance,7.0000,14221.1628,995.4814,spend25p,996.5674,971.1824,948.3861,923.6472,900.9675,877.8613,855.2256,827.9649,795.1791,756.6369,441.7152,400.3778,363.7575,332.1615,292.6201,256.6934,231.8044,190.7284,151.7143,98.1764,0.0000,0.0000,0.0000,0.0000,0.0000,0.0000,0.0000,0.0000,0.0000,0.0000,0.0000,0.0000,0.0000,0.0000,0.0000
70,2.0000,DynamicV1Rebalance,7.0000,14221.1628,995.4814,spend50p,1003.3234,990.5961,980.2696,971.4101,966.1831,960.2808,950.3990,937.2253,920.6955,897.3521,558.3414,527.5630,499.4831,471.6427,448.2540,427.6159,407.2982,386.3931,367.8820,354.9779,333.5605,313.8780,301.0479,290.1561,273.2372,257.7631,246.6791,229.6179,214.6731,205.6163,194.0159,181.5426,164.4224,150.3374,136.0187
70,2.0000,DynamicV1Rebalance,7.0000,14221.1628,995.4814,spend75p,1010.1120,1011.2977,1016.6915,1022.8907,1031.3745,1042.1896,1053.9195,1061.4978,1055.9897,1047.6769,673.8963,651.5319,632.5214,617.4399,599.7596,582.7428,572.7624,560.5511,557.8972,558.1398,548.9629,538.2171,532.7180,524.5326,511.3630,500.8822,492.1713,483.0660,468.7433,459.8036,457.5473,448.3124,441.1494,426.6258,414.4974
70,2.0000,SpendAwareDPRebalance (R70-aware),7.0000,14221.1628,995.4814,survival,1.0000,1.0000,1.0000,1.0000,1.0000,0.9995,0.9980,0.9935,0.9795,0.9605,0.9430,0.9245,0.9125,0.9020,0.8805,0.8680,0.8505,0.8385,0.8225,0.8085,0.7960,0.7805,0.7680,0.7535,0.7445,0.7325,0.7250,0.7095,0.6990,0.6875,0.6790,0.6730,0.6630,0.6505,0.6400
70,2.0000,SpendAwareDPRebalance (R70-aware),7.0000,14221.1628,995.4814,spend25p,996.5674,971.1824,948.3861,923.6472,900.9675,877.8613,855.2256,828.5617,797.9561,760.9417,447.8933,407.5285,377.1443,346.2274,313.6654,290.4709,261.9064,240.0621,219.0794,198.0461,175.2535,149.3637,117.0311,55.8758,0.0000,0.0000,0.0000,0.0000,0.0000,0.0000,0.0000,0.0000,0.0000,0.0000,0.0000
70,2.0000,SpendAwareDPRebalance (R70-aware),7.0000,14221.1628,995.4814,spend50p,1003.3234,990.5961,980.2696,971.4101,966.1831,960.2808,950.3990,939.0249,922.2136,899.9755,560.2501,533.6263,507.3356,483.2357,461.3399,445.7152,427.3886,412.8954,398.9720,385.8296,372.2800,363.2313,352.1188,338.5954,327.9966,316.2826,306.4790,286.8322,271.2222,253.2414,234.3175,218.8049,201.2425,183.1653,163.1498
70,2.0000,SpendAwareDPRebalance (R70-aware),7.0000,14221.1628,995.4814,spend75p,1010.1120,1011.2977,1016.6915,1022.8907,1031.3745,1042.1896,1053.9195,1062.1762,1058.8239,1052.2895,675.3408,655.8583,640.9692,628.0572,612.1975,601.2634,588.1996,583.3448,576.9989,575.7069,574.2513,569.0093,563.0245,557.3186,554.5927,543.4425,532.9943,514.6973,500.8418,484.7603,475.8396,466.3679,449.8505,426.8396,405.6493
70,2.0000,No dynamic rebalance,8.0000,12443.5174,995.4814,survival,1.0000,1.0000,1.0000,1.0000,1.0000,0.9985,0.9940,0.9760,0.9430,0.9080,0.8770,0.8445,0.8150,0.7900,0.7635,0.7335,0.7075,0.6855,0.6630,0.6365,0.6160,0.5960,0.5825,0.5700,0.5555,0.5425,0.5280,0.5155,0.5045,0.4915,0.4805,0.4695,0.4620,0.4520,0.4450
70,2.0000,No dynamic rebalance,8.0000,12443.5174,995.4814,spend25p,996.5674,971.1824,948.3861,923.6472,900.9675,877.7708,853.1594,819.8171,780.5402,729.0052,412.1445,359.7356,312.0979,263.7285,199.0107,0.0000,0.0000,0.0000,0.0000,0.0000,0.0000,0.0000,0.0000,0.0000,0.0000,0.0000,0.0000,0.0000,0.0000,0.0000,0.0000,0.0000,0.0000,0.0000,0.0000
70,2.0000,No dynamic rebalance,8.0000,12443.5174,995.4814,spend50p,1003.3234,990.5961,980.2696,971.4101,966.1831,960.0543,949.5948,931.6733,906.9209,880.5606,541.0733,501.9581,467.5908,436.4215,407.7866,377.7816,351.1015,322.6295,301.5944,272.4954,246.6372,223.8416,204.8738,191.8030,166.5526,138.1989,108.9843,76.5471,23.3338,0.0000,0.0000,0.0000,0.0000,0.0000,0.0000
70,2.0000,No dynamic rebalance,8.0000,12443.5174,995.4814,spend75p,1010.1120,1011.2977,1016.6915,1022.8907,1031.3745,1042.1123,1052.5427,1054.2556,1044.1350,1035.8095,657.8418,633.1598,610.8511,589.6114,567.7112,543.9438,532.3190,520.2659,508.0386,490.0383,478.4721,468.4345,454.7421,442.1626,427.8965,416.0293,404.1656,389.0891,376.8030,359.2966,341.9754,316.4250,296.7387,273.2053,254.5134
70,2.0000,固定最適比率,8.0000,12443.5174,995.4814,survival,1.0000,1.0000,1.0000,1.0000,1.0000,0.9985,0.9940,0.9760,0.9430,0.9080,0.8770,0.8445,0.8150,0.7900,0.7635,0.7335,0.7075,0.6855,0.6630,0.6365,0.6160,0.5960,0.5825,0.5700,0.5555,0.5425,0.5280,0.5155,0.5045,0.4915,0.4805,0.4695,0.4620,0.4520,0.4450
70,2.0000,固定最適比率,8.0000,12443.5174,995.4814,spend25p,996.5674,971.1824,948.3861,923.6472,900.9675,877.7708,853.1594,819.8171,780.5402,729.0052,412.1445,359.7356,312.0979,263.7285,199.0107,0.0000,0.0000,0.0000,0.0000,0.0000,0.0000,0.0000,0.0000,0.0000,0.0000,0.0000,0.0000,0.0000,0.0000,0.0000,0.0000,0.0000,0.0000,0.0000,0.0000
70,2.0000,固定最適比率,8.0000,12443.5174,995.4814,spend50p,1003.3234,990.5961,980.2696,971.4101,966.1831,960.0543,949.5948,931.6733,906.9209,880.5606,541.0733,501.9581,467.5908,436.4215,407.7866,377.7816,351.1015,322.6295,301.5944,272.4954,246.6372,223.8416,204.8738,191.8030,166.5526,138.1989,108.9843,76.5471,23.3338,0.0000,0.0000,0.0000,0.0000,0.0000,0.0000
70,2.0000,固定最適比率,8.0000,12443.5174,995.4814,spend75p,1010.1120,1011.2977,1016.6915,1022.8907,1031.3745,1042.1123,1052.5427,1054.2556,1044.1350,1035.8095,657.8418,633.1598,610.8511,589.6114,567.7112,543.9438,532.3190,520.2659,508.0386,490.0383,478.4721,468.4345,454.7421,442.1626,427.8965,416.0293,404.1656,389.0891,376.8030,359.2966,341.9754,316.4250,296.7387,273.2053,254.5134
70,2.0000,DynamicV1Rebalance,8.0000,12443.5174,995.4814,survival,1.0000,1.0000,1.0000,1.0000,1.0000,0.9985,0.9940,0.9760,0.9430,0.9080,0.8770,0.8445,0.8150,0.7900,0.7635,0.7335,0.7075,0.6855,0.6630,0.6365,0.6160,0.5960,0.5830,0.5715,0.5590,0.5480,0.5380,0.5280,0.5190,0.5105,0.5025,0.4965,0.4920,0.4855,0.4800
70,2.0000,DynamicV1Rebalance,8.0000,12443.5174,995.4814,spend25p,996.5674,971.1824,948.3861,923.6472,900.9675,877.7708,853.1594,819.8171,780.5402,729.0052,412.1445,359.7356,312.0979,263.7285,199.0107,0.0000,0.0000,0.0000,0.0000,0.0000,0.0000,0.0000,0.0000,0.0000,0.0000,0.0000,0.0000,0.0000,0.0000,0.0000,0.0000,0.0000,0.0000,0.0000,0.0000
70,2.0000,DynamicV1Rebalance,8.0000,12443.5174,995.4814,spend50p,1003.3234,990.5961,980.2696,971.4101,966.1831,960.0543,949.5948,931.6733,906.9209,880.5606,541.0733,501.9581,467.5908,436.4215,407.7866,377.7816,351.1015,322.6295,301.5944,272.4954,246.6372,223.8416,205.0923,193.0346,170.5663,148.7866,123.9424,101.3683,72.6356,48.8894,0.0000,0.0000,0.0000,0.0000,0.0000
70,2.0000,DynamicV1Rebalance,8.0000,12443.5174,995.4814,spend75p,1010.1120,1011.2977,1016.6915,1022.8907,1031.3745,1042.1123,1052.5427,1054.2556,1044.1350,1035.8095,657.8418,633.1598,610.8511,589.6114,567.7112,543.9438,532.3190,520.2659,508.0386,490.0383,478.4721,468.4345,454.8545,443.2469,429.8497,420.8840,411.0257,402.3926,391.1559,380.3533,364.2673,346.1788,328.6259,308.8642,294.6085
70,2.0000,SpendAwareDPRebalance (R70-aware),8.0000,12443.5174,995.4814,survival,1.0000,1.0000,1.0000,1.0000,1.0000,0.9985,0.9940,0.9760,0.9445,0.9105,0.8830,0.8535,0.8265,0.8050,0.7830,0.7575,0.7370,0.7180,0.6965,0.6805,0.6590,0.6425,0.6320,0.6220,0.6105,0.6010,0.5885,0.5795,0.5695,0.5555,0.5455,0.5390,0.5300,0.5185,0.5080
70,2.0000,SpendAwareDPRebalance (R70-aware),8.0000,12443.5174,995.4814,spend25p,996.5674,971.1824,948.3861,923.6472,900.9675,877.7708,853.1594,819.8171,780.8418,730.8892,415.9331,367.7724,320.2877,276.4411,234.4137,162.4370,0.0000,0.0000,0.0000,0.0000,0.0000,0.0000,0.0000,0.0000,0.0000,0.0000,0.0000,0.0000,0.0000,0.0000,0.0000,0.0000,0.0000,0.0000,0.0000
70,2.0000,SpendAwareDPRebalance (R70-aware),8.0000,12443.5174,995.4814,spend50p,1003.3234,990.5961,980.2696,971.4101,966.1831,960.0543,949.5948,931.6733,907.4845,881.3400,542.3022,506.1904,472.6907,445.1844,419.0927,391.9259,366.9454,343.5317,320.2024,306.9222,281.8426,266.0638,252.7798,241.6267,222.1061,208.7172,188.9271,171.6230,150.8594,128.5604,103.6295,88.6898,63.2808,29.6468,0.0000
70,2.0000,SpendAwareDPRebalance (R70-aware),8.0000,12443.5174,995.4814,spend75p,1010.1120,1011.2977,1016.6915,1022.8907,1031.3745,1042.1123,1052.5427,1054.2556,1044.5126,1036.4917,660.7359,635.0076,612.4479,594.7656,576.1165,556.0874,542.1184,536.3274,526.1477,517.2652,503.6690,493.3123,484.9707,472.2161,460.5901,458.3650,440.5140,428.8462,415.8869,401.8995,384.2152,368.1674,348.5610,321.6745,300.2590
70,3.0000,No dynamic rebalance,2.5000,59728.8837,1493.2221,survival,1.0000,1.0000,1.0000,1.0000,1.0000,1.0000,1.0000,1.0000,1.0000,1.0000,1.0000,1.0000,1.0000,1.0000,1.0000,1.0000,1.0000,0.9990,0.9985,0.9975,0.9950,0.9930,0.9900,0.9850,0.9815,0.9805,0.9775,0.9730,0.9715,0.9685,0.9640,0.9610,0.9585,0.9560,0.9490
70,3.0000,No dynamic rebalance,2.5000,59728.8837,1493.2221,spend25p,1494.8511,1456.7737,1422.5792,1385.4708,1351.4512,1317.3288,1283.8175,1246.2319,1212.3899,1177.2984,849.9970,814.6848,779.9072,751.8288,724.7443,706.2499,687.4483,672.5486,661.8859,655.8305,652.2944,647.9243,644.9680,632.0412,630.7783,628.1871,620.0507,612.3349,601.7621,591.8464,577.2771,557.9104,539.4177,527.3735,501.3145
70,3.0000,No dynamic rebalance,2.5000,59728.8837,1493.2221,spend50p,1504.9851,1485.8942,1470.4044,1457.1151,1449.2746,1440.5638,1425.9491,1413.1253,1393.5805,1374.0683,1032.9717,1002.3973,980.0372,964.8734,946.1379,935.7510,929.0337,924.6680,929.3395,939.2955,938.7510,942.0999,940.1118,941.4489,940.6493,948.0412,946.4204,936.4352,931.4733,927.5036,930.5821,927.4246,921.6376,909.6905,895.8608
70,3.0000,No dynamic rebalance,2.5000,59728.8837,1493.2221,spend75p,1515.1680,1516.9465,1525.0372,1534.3361,1547.0618,1563.2844,1582.2605,1598.4503,1602.0038,1609.3165,1236.3436,1229.7981,1221.7373,1210.6798,1214.2771,1217.3135,1219.5962,1237.9309,1249.0599,1269.0383,1288.3675,1317.0739,1343.7445,1373.3123,1400.8486,1434.3702,1450.5200,1450.0683,1465.7437,1484.8505,1484.7506,1478.6178,1491.1155,1492.2941,1465.8306
70,3.0000,固定最適比率,2.5000,59728.8837,1493.2221,survival,1.0000,1.0000,1.0000,1.0000,1.0000,1.0000,1.0000,1.0000,1.0000,1.0000,1.0000,1.0000,1.0000,1.0000,1.0000,1.0000,1.0000,1.0000,1.0000,1.0000,1.0000,1.0000,1.0000,1.0000,1.0000,1.0000,1.0000,1.0000,1.0000,1.0000,0.9990,0.9990,0.9985,0.9980,0.9970
70,3.0000,固定最適比率,2.5000,59728.8837,1493.2221,spend25p,1494.8511,1456.7737,1422.5792,1385.4708,1351.4512,1317.3288,1283.8175,1246.2319,1212.3899,1177.2984,849.9970,814.6848,779.9072,751.8288,724.7443,706.2499,687.4483,673.1977,663.7248,659.0036,657.2693,657.6232,657.6531,654.1291,654.7396,650.7427,646.6369,641.0683,640.3565,630.9402,619.1314,613.9585,602.4403,585.7671,569.2074
70,3.0000,固定最適比率,2.5000,59728.8837,1493.2221,spend50p,1504.9851,1485.8942,1470.4044,1457.1151,1449.2746,1440.5638,1425.9491,1413.1253,1393.5805,1374.0683,1032.9717,1002.3973,980.0372,964.8734,946.1379,935.7510,929.0337,924.9935,931.6965,941.2447,945.3833,951.9586,955.7557,958.2040,965.4753,973.5104,969.3239,971.4423,965.1031,969.3555,974.7040,976.7482,977.1667,971.3673,962.4503
70,3.0000,固定最適比率,2.5000,59728.8837,1493.2221,spend75p,1515.1680,1516.9465,1525.0372,1534.3361,1547.0618,1563.2844,1582.2605,1598.4503,1602.0038,1609.3165,1236.3436,1229.7981,1221.7373,1210.6798,1214.2771,1217.3135,1219.5962,1238.3997,1249.5155,1272.1486,1293.9857,1322.2396,1359.8142,1387.3987,1424.1702,1466.5434,1481.3637,1500.6862,1511.1685,1539.2558,1538.4270,1542.8379,1550.4245,1561.1141,1564.4815
70,3.0000,DynamicV1Rebalance,2.5000,59728.8837,1493.2221,survival,1.0000,1.0000,1.0000,1.0000,1.0000,1.0000,1.0000,1.0000,1.0000,1.0000,1.0000,1.0000,1.0000,1.0000,1.0000,1.0000,1.0000,1.0000,1.0000,1.0000,1.0000,1.0000,1.0000,0.9995,0.9995,0.9995,0.9995,0.9990,0.9985,0.9985,0.9980,0.9980,0.9970,0.9960,0.9945
70,3.0000,DynamicV1Rebalance,2.5000,59728.8837,1493.2221,spend25p,1494.8511,1456.7737,1422.5792,1385.4708,1351.4512,1317.3288,1283.8175,1246.2319,1212.3899,1177.2984,849.9970,814.6848,779.9072,751.8288,724.7443,706.2499,687.4483,673.1977,663.7248,659.0036,657.2693,657.6232,657.6531,653.8991,653.9105,650.4957,645.8865,640.7975,636.9236,628.6585,616.7747,613.3561,601.0702,581.8149,567.2041
70,3.0000,DynamicV1Rebalance,2.5000,59728.8837,1493.2221,spend50p,1504.9851,1485.8942,1470.4044,1457.1151,1449.2746,1440.5638,1425.9491,1413.1253,1393.5805,1374.0683,1032.9717,1002.3973,980.0372,964.8734,946.1379,935.7510,929.0337,924.9935,931.6965,941.2447,945.3833,951.9586,955.7557,957.3881,964.8235,972.2481,969.2057,969.4944,962.1692,967.2111,973.5822,974.8446,975.9842,967.7457,959.9017
70,3.0000,DynamicV1Rebalance,2.5000,59728.8837,1493.2221,spend75p,1515.1680,1516.9465,1525.0372,1534.3361,1547.0618,1563.2844,1582.2605,1598.4503,1602.0038,1609.3165,1236.3436,1229.7981,1221.7373,1210.6798,1214.2771,1217.3135,1219.5962,1238.3997,1249.5155,1272.1486,1293.9857,1322.2396,1359.8142,1386.6470,1422.8103,1462.9667,1478.2812,1498.2392,1506.8861,1534.8353,1536.4786,1542.0250,1544.0671,1556.5580,1557.4340
70,3.0000,SpendAwareDPRebalance (R70-aware),2.5000,59728.8837,1493.2221,survival,1.0000,1.0000,1.0000,1.0000,1.0000,1.0000,1.0000,1.0000,1.0000,1.0000,1.0000,1.0000,1.0000,1.0000,1.0000,1.0000,1.0000,1.0000,1.0000,1.0000,1.0000,1.0000,1.0000,1.0000,1.0000,1.0000,1.0000,0.9995,0.9990,0.9990,0.9990,0.9980,0.9975,0.9960,0.9960
70,3.0000,SpendAwareDPRebalance (R70-aware),2.5000,59728.8837,1493.2221,spend25p,1494.8511,1456.7737,1422.5792,1385.4708,1351.4512,1317.3288,1283.8175,1246.2319,1212.3899,1177.2984,849.9970,814.6848,779.9072,751.8288,724.7443,706.2499,687.4483,673.1977,663.7248,659.0036,657.2693,657.6232,657.6531,654.1291,654.7396,650.7427,646.6369,641.0354,637.2362,629.6708,619.1314,613.3561,601.8252,581.8149,568.7201
70,3.0000,SpendAwareDPRebalance (R70-aware),2.5000,59728.8837,1493.2221,spend50p,1504.9851,1485.8942,1470.4044,1457.1151,1449.2746,1440.5638,1425.9491,1413.1253,1393.5805,1374.0683,1032.9717,1002.3973,980.0372,964.8734,946.1379,935.7510,929.0337,924.9935,931.6965,941.2447,945.3833,951.9586,955.7557,958.2040,965.4753,973.5104,969.3239,970.7932,963.7372,967.7587,974.7040,974.8446,976.3201,967.7457,961.1256
70,3.0000,SpendAwareDPRebalance (R70-aware),2.5000,59728.8837,1493.2221,spend75p,1515.1680,1516.9465,1525.0372,1534.3361,1547.0618,1563.2844,1582.2605,1598.4503,1602.0038,1609.3165,1236.3436,1229.7981,1221.7373,1210.6798,1214.2771,1217.3135,1219.5962,1238.3997,1249.5155,1272.1486,1293.9857,1322.2396,1359.8142,1387.3987,1424.1702,1466.5434,1481.3637,1499.1920,1509.4712,1536.9859,1538.4270,1542.0250,1546.7486,1556.5580,1560.5164
70,3.0000,No dynamic rebalance,3.0000,49774.0698,1493.2221,survival,1.0000,1.0000,1.0000,1.0000,1.0000,1.0000,1.0000,1.0000,1.0000,1.0000,1.0000,1.0000,1.0000,1.0000,0.9995,0.9970,0.9950,0.9940,0.9920,0.9870,0.9820,0.9775,0.9740,0.9695,0.9655,0.9610,0.9585,0.9540,0.9495,0.9445,0.9365,0.9320,0.9285,0.9235,0.9190
70,3.0000,No dynamic rebalance,3.0000,49774.0698,1493.2221,spend25p,1494.8511,1456.7737,1422.5792,1385.4708,1351.4512,1317.3288,1283.8175,1246.2319,1212.3899,1177.2984,849.9970,814.6848,779.9072,751.8288,724.7443,703.6209,682.8962,667.6798,654.2644,646.9480,639.0409,629.3083,620.7872,613.8834,609.4164,599.9018,592.4743,578.4235,567.6218,554.7671,527.2656,511.5744,497.8638,480.6223,461.4237
70,3.0000,No dynamic rebalance,3.0000,49774.0698,1493.2221,spend50p,1504.9851,1485.8942,1470.4044,1457.1151,1449.2746,1440.5638,1425.9491,1413.1253,1393.5805,1374.0683,1032.9717,1002.3973,980.0372,964.8734,946.1379,932.0668,926.3039,921.7545,921.4374,930.7675,926.5095,922.4434,920.9821,921.5958,919.6596,924.0640,925.8421,917.2577,909.5556,909.2754,888.4379,884.9305,879.7669,865.2484,847.4182
70,3.0000,No dynamic rebalance,3.0000,49774.0698,1493.2221,spend75p,1515.1680,1516.9465,1525.0372,1534.3361,1547.0618,1563.2844,1582.2605,1598.4503,1602.0038,1609.3165,1236.3436,1229.7981,1221.7373,1210.6798,1214.2771,1212.8428,1213.5010,1229.4191,1243.5615,1261.8659,1269.5045,1297.5512,1327.7373,1354.7942,1376.7302,1398.2121,1425.3113,1433.4905,1441.2089,1442.8778,1445.4727,1431.0850,1421.2177,1432.3092,1422.4822
70,3.0000,固定最適比率,3.0000,49774.0698,1493.2221,survival,1.0000,1.0000,1.0000,1.0000,1.0000,1.0000,1.0000,1.0000,1.0000,1.0000,1.0000,1.0000,1.0000,1.0000,1.0000,1.0000,1.0000,1.0000,1.0000,1.0000,1.0000,1.0000,1.0000,1.0000,1.0000,0.9995,0.9995,0.9990,0.9980,0.9980,0.9970,0.9950,0.9935,0.9905,0.9880
70,3.0000,固定最適比率,3.0000,49774.0698,1493.2221,spend25p,1494.8511,1456.7737,1422.5792,1385.4708,1351.4512,1317.3288,1283.8175,1246.2319,1212.3899,1177.2984,849.9970,814.6848,779.9072,751.8288,724.7443,706.2499,687.4483,673.1977,663.7248,659.0036,657.2693,657.6232,657.6531,654.1291,654.7396,650.4957,645.8865,640.7975,636.1819,628.1038,615.8741,606.4867,597.0137,572.7652,560.0705
70,3.0000,固定最適比率,3.0000,49774.0698,1493.2221,spend50p,1504.9851,1485.8942,1470.4044,1457.1151,1449.2746,1440.5638,1425.9491,1413.1253,1393.5805,1374.0683,1032.9717,1002.3973,980.0372,964.8734,946.1379,935.7510,929.0337,924.9935,931.6965,941.2447,945.3833,951.9586,955.7557,958.2040,965.4753,972.2481,969.2057,969.4944,961.1613,966.7670,970.8868,971.7973,972.6720,957.9743,946.9613
70,3.0000,固定最適比率,3.0000,49774.0698,1493.2221,spend75p,1515.1680,1516.9465,1525.0372,1534.3361,1547.0618,1563.2844,1582.2605,1598.4503,1602.0038,1609.3165,1236.3436,1229.7981,1221.7373,1210.6798,1214.2771,1217.3135,1219.5962,1238.3997,1249.5155,1272.1486,1293.9857,1322.2396,1359.8142,1387.3987,1424.1702,1462.9667,1478.2812,1498.2392,1505.1129,1533.6593,1534.7034,1530.5114,1538.2401,1542.6745,1545.2943
70,3.0000,DynamicV1Rebalance,3.0000,49774.0698,1493.2221,survival,1.0000,1.0000,1.0000,1.0000,1.0000,1.0000,1.0000,1.0000,1.0000,1.0000,1.0000,1.0000,1.0000,1.0000,1.0000,0.9995,0.9990,0.9990,0.9980,0.9965,0.9955,0.9950,0.9940,0.9935,0.9935,0.9925,0.9925,0.9920,0.9910,0.9910,0.9895,0.9875,0.9845,0.9820,0.9815
70,3.0000,DynamicV1Rebalance,3.0000,49774.0698,1493.2221,spend25p,1494.8511,1456.7737,1422.5792,1385.4708,1351.4512,1317.3288,1283.8175,1246.2319,1212.3899,1177.2984,849.9970,814.6848,779.9072,751.8288,724.7443,705.7991,686.3080,672.5486,661.0272,655.6165,652.8769,651.2887,652.0081,644.9677,644.4965,643.6193,641.0357,631.2956,627.4061,617.7171,607.1798,597.5408,583.5469,563.8042,550.6258
70,3.0000,DynamicV1Rebalance,3.0000,49774.0698,1493.2221,spend50p,1504.9851,1485.8942,1470.4044,1457.1151,1449.2746,1440.5638,1425.9491,1413.1253,1393.5805,1374.0683,1032.9717,1002.3973,980.0372,964.8734,946.1379,934.5879,928.9325,924.6680,928.1301,938.3469,938.7510,943.4307,944.5235,948.8616,955.3532,963.1974,962.1414,960.3315,951.1894,955.9432,956.5159,958.8113,958.1567,946.9665,939.3530
70,3.0000,DynamicV1Rebalance,3.0000,49774.0698,1493.2221,spend75p,1515.1680,1516.9465,1525.0372,1534.3361,1547.0618,1563.2844,1582.2605,1598.4503,1602.0038,1609.3165,1236.3436,1229.7981,1221.7373,1210.6798,1214.2771,1214.7238,1216.2094,1234.7116,1248.4201,1267.8285,1288.1813,1317.0739,1346.6805,1378.1363,1412.7712,1451.5007,1467.4795,1484.2465,1493.1982,1521.8343,1521.1265,1517.7388,1524.6160,1528.3758,1530.3502
70,3.0000,SpendAwareDPRebalance (R70-aware),3.0000,49774.0698,1493.2221,survival,1.0000,1.0000,1.0000,1.0000,1.0000,1.0000,1.0000,1.0000,1.0000,1.0000,1.0000,1.0000,1.0000,1.0000,1.0000,1.0000,1.0000,1.0000,1.0000,1.0000,1.0000,1.0000,1.0000,0.9985,0.9985,0.9985,0.9970,0.9965,0.9955,0.9955,0.9925,0.9915,0.9905,0.9900,0.9890
70,3.0000,SpendAwareDPRebalance (R70-aware),3.0000,49774.0698,1493.2221,spend25p,1494.8511,1456.7737,1422.5792,1385.4708,1351.4512,1317.3288,1283.8175,1246.2319,1212.3899,1177.2984,849.9970,814.6848,779.9072,751.8288,724.7443,706.2499,687.4483,673.1977,663.7248,659.0036,657.2693,657.6232,657.6531,651.9791,653.3438,649.3035,643.3686,637.9250,633.5062,625.8755,608.9350,602.0917,592.7726,572.4825,560.6965
70,3.0000,SpendAwareDPRebalance (R70-aware),3.0000,49774.0698,1493.2221,spend50p,1504.9851,1485.8942,1470.4044,1457.1151,1449.2746,1440.5638,1425.9491,1413.1253,1393.5805,1374.0683,1032.9717,1002.3973,980.0372,964.8734,946.1379,935.7510,929.0337,924.9935,931.6965,941.2447,945.3833,951.9586,955.7557,954.8656,963.8324,971.1191,966.8091,965.3113,959.4727,963.6293,963.8008,963.2436,970.1504,957.4865,949.6938
70,3.0000,SpendAwareDPRebalance (R70-aware),3.0000,49774.0698,1493.2221,spend75p,1515.1680,1516.9465,1525.0372,1534.3361,1547.0618,1563.2844,1582.2605,1598.4503,1602.0038,1609.3165,1236.3436,1229.7981,1221.7373,1210.6798,1214.2771,1217.3135,1219.5962,1238.3997,1249.5155,1272.1486,1293.9857,1322.2396,1359.8142,1385.6964,1418.1626,1459.9106,1473.0397,1489.2550,1497.5727,1529.1890,1522.6457,1523.2374,1530.1991,1541.4346,1546.3559
70,3.0000,No dynamic rebalance,4.0000,37330.5523,1493.2221,survival,1.0000,1.0000,1.0000,1.0000,1.0000,1.0000,1.0000,1.0000,1.0000,0.9995,0.9990,0.9975,0.9950,0.9925,0.9865,0.9790,0.9710,0.9660,0.9550,0.9500,0.9420,0.9350,0.9240,0.9185,0.9085,0.8985,0.8935,0.8870,0.8760,0.8725,0.8650,0.8535,0.8460,0.8410,0.8325
70,3.0000,No dynamic rebalance,4.0000,37330.5523,1493.2221,spend25p,1494.8511,1456.7737,1422.5792,1385.4708,1351.4512,1317.3288,1283.8175,1246.2319,1212.3899,1177.2984,849.6016,812.8753,776.4276,745.1480,717.1313,683.9780,659.5393,640.3154,619.2558,605.9521,586.3455,578.4717,565.0833,554.5986,528.8831,512.7604,499.5417,482.3310,464.2322,449.5595,424.5573,394.4763,373.6838,355.6556,327.3640
70,3.0000,No dynamic rebalance,4.0000,37330.5523,1493.2221,spend50p,1504.9851,1485.8942,1470.4044,1457.1151,1449.2746,1440.5638,1425.9491,1413.1253,1393.5805,1374.0683,1032.5082,1001.1472,977.5965,962.4318,936.4696,918.3440,907.9802,900.9387,890.6400,888.9048,890.8139,879.0755,871.7172,865.4451,856.5974,846.2614,842.9100,840.3893,827.7034,819.7592,802.2631,773.1857,752.4982,734.5808,714.6024
70,3.0000,No dynamic rebalance,4.0000,37330.5523,1493.2221,spend75p,1515.1680,1516.9465,1525.0372,1534.3361,1547.0618,1563.2844,1582.2605,1598.4503,1602.0038,1609.3165,1235.6919,1226.4169,1219.9976,1202.1436,1198.6878,1196.3733,1196.3217,1199.7814,1203.0409,1217.5529,1231.2661,1259.2631,1273.6166,1309.1229,1324.2413,1325.4461,1335.0938,1349.8163,1342.3266,1336.7971,1324.1588,1300.9555,1273.0132,1260.5342,1243.2704
70,3.0000,固定最適比率,4.0000,37330.5523,1493.2221,survival,1.0000,1.0000,1.0000,1.0000,1.0000,1.0000,1.0000,1.0000,1.0000,1.0000,1.0000,1.0000,1.0000,1.0000,1.0000,1.0000,1.0000,0.9995,0.9965,0.9930,0.9900,0.9875,0.9825,0.9760,0.9715,0.9660,0.9620,0.9530,0.9465,0.9410,0.9320,0.9260,0.9225,0.9150,0.9050
70,3.0000,固定最適比率,4.0000,37330.5523,1493.2221,spend25p,1494.8511,1456.7737,1422.5792,1385.4708,1351.4512,1317.3288,1283.8175,1246.2319,1212.3899,1177.2984,849.9970,814.6848,779.9072,751.8288,724.7443,706.2499,687.4483,672.7161,659.3180,652.3210,647.2371,641.0366,634.0496,620.8975,616.6102,604.8801,597.1405,576.6974,562.0235,542.1364,518.8002,498.6777,490.0077,469.3250,439.3388
70,3.0000,固定最適比率,4.0000,37330.5523,1493.2221,spend50p,1504.9851,1485.8942,1470.4044,1457.1151,1449.2746,1440.5638,1425.9491,1413.1253,1393.5805,1374.0683,1032.9717,1002.3973,980.0372,964.8734,946.1379,935.7510,929.0337,924.9056,925.6692,934.2160,933.7099,935.4035,928.3632,925.9026,924.6688,926.1823,926.2602,912.7049,899.1208,894.0322,876.8696,871.6522,858.9277,840.7532,807.3980
70,3.0000,固定最適比率,4.0000,37330.5523,1493.2221,spend75p,1515.1680,1516.9465,1525.0372,1534.3361,1547.0618,1563.2844,1582.2605,1598.4503,1602.0038,1609.3165,1236.3436,1229.7981,1221.7373,1210.6798,1214.2771,1217.3135,1219.5962,1237.9309,1245.0217,1258.5517,1269.9861,1305.3345,1329.6685,1348.0869,1371.4431,1388.6219,1406.2008,1415.5839,1420.3441,1416.1599,1404.2550,1398.3063,1378.9644,1364.1405,1343.8493
70,3.0000,DynamicV1Rebalance,4.0000,37330.5523,1493.2221,survival,1.0000,1.0000,1.0000,1.0000,1.0000,1.0000,1.0000,1.0000,1.0000,1.0000,0.9990,0.9980,0.9965,0.9940,0.9915,0.9880,0.9825,0.9780,0.9680,0.9625,0.9600,0.9540,0.9490,0.9455,0.9410,0.9380,0.9350,0.9310,0.9290,0.9255,0.9195,0.9170,0.9145,0.9105,0.9070
70,3.0000,DynamicV1Rebalance,4.0000,37330.5523,1493.2221,spend25p,1494.8511,1456.7737,1422.5792,1385.4708,1351.4512,1317.3288,1283.8175,1246.2319,1212.3899,1177.2984,849.6016,813.2066,778.3751,745.6392,719.7243,693.9437,670.4242,652.4288,632.2726,620.0266,611.5364,598.3552,593.9662,591.7051,580.4761,571.5807,563.1543,549.0918,537.6957,518.9602,503.0869,491.1067,482.4502,465.2625,442.1360
70,3.0000,DynamicV1Rebalance,4.0000,37330.5523,1493.2221,spend50p,1504.9851,1485.8942,1470.4044,1457.1151,1449.2746,1440.5638,1425.9491,1413.1253,1393.5805,1374.0683,1032.5082,1001.3691,978.2781,963.1034,940.5384,925.6005,917.9319,911.6597,901.8771,901.1313,908.6781,904.2098,899.0834,894.7856,898.4970,899.0819,897.3258,895.6638,882.4430,880.0385,866.8428,864.3656,852.9704,840.3445,820.4233
70,3.0000,DynamicV1Rebalance,4.0000,37330.5523,1493.2221,spend75p,1515.1680,1516.9465,1525.0372,1534.3361,1547.0618,1563.2844,1582.2605,1598.4503,1602.0038,1609.3165,1235.6919,1228.5477,1220.8259,1206.3606,1203.1125,1203.3257,1204.3406,1213.8781,1218.8141,1223.5368,1250.9028,1280.2629,1302.4246,1329.8681,1348.4042,1376.6856,1399.1706,1408.5501,1420.3441,1416.1599,1417.1643,1409.4671,1396.8536,1390.3278,1367.3157
70,3.0000,SpendAwareDPRebalance (R70-aware),4.0000,37330.5523,1493.2221,survival,1.0000,1.0000,1.0000,1.0000,1.0000,1.0000,1.0000,1.0000,1.0000,1.0000,1.0000,1.0000,1.0000,0.9985,0.9985,0.9985,0.9975,0.9975,0.9950,0.9935,0.9930,0.9900,0.9870,0.9855,0.9810,0.9785,0.9750,0.9710,0.9670,0.9625,0.9585,0.9535,0.9485,0.9440,0.9355
70,3.0000,SpendAwareDPRebalance (R70-aware),4.0000,37330.5523,1493.2221,spend25p,1494.8511,1456.7737,1422.5792,1385.4708,1351.4512,1317.3288,1283.8175,1246.2319,1212.3899,1177.2984,849.9970,814.6848,779.9072,750.4120,723.7313,705.0069,685.2580,669.5044,657.2793,653.4610,648.9441,643.8196,641.2562,632.7657,629.7258,622.2405,615.5989,610.3178,591.8987,581.5911,567.4984,544.0623,523.5167,505.5690,483.5716
70,3.0000,SpendAwareDPRebalance (R70-aware),4.0000,37330.5523,1493.2221,spend50p,1504.9851,1485.8942,1470.4044,1457.1151,1449.2746,1440.5638,1425.9491,1413.1253,1393.5805,1374.0683,1032.9717,1002.3973,980.0372,964.0924,945.5268,933.3903,926.9518,923.8990,923.6591,934.7811,935.8778,937.7725,935.0319,940.3891,935.7444,941.0771,939.4226,927.5753,921.9511,915.5497,914.1521,901.6830,896.6680,880.6045,859.1710
70,3.0000,SpendAwareDPRebalance (R70-aware),4.0000,37330.5523,1493.2221,spend75p,1515.1680,1516.9465,1525.0372,1534.3361,1547.0618,1563.2844,1582.2605,1598.4503,1602.0038,1609.3165,1236.3436,1229.7981,1221.7373,1210.0307,1210.2519,1213.3310,1214.5310,1231.7845,1243.8423,1262.7619,1277.8274,1310.2946,1334.7164,1363.8159,1383.4370,1409.5718,1430.2957,1437.2060,1445.2451,1444.0810,1449.6826,1433.6774,1420.8720,1419.2756,1386.2544
70,3.0000,No dynamic rebalance,5.0000,29864.4419,1493.2221,survival,1.0000,1.0000,1.0000,1.0000,1.0000,1.0000,1.0000,0.9995,0.9985,0.9955,0.9940,0.9845,0.9730,0.9610,0.9495,0.9385,0.9295,0.9190,0.9045,0.8940,0.8805,0.8670,0.8525,0.8390,0.8245,0.8135,0.8020,0.7905,0.7785,0.7645,0.7540,0.7410,0.7320,0.7215,0.7135
70,3.0000,No dynamic rebalance,5.0000,29864.4419,1493.2221,spend25p,1494.8511,1456.7737,1422.5792,1385.4708,1351.4512,1317.3288,1283.8175,1246.2319,1211.2171,1173.4634,847.1832,799.2805,759.0826,719.6531,680.0547,647.5351,621.2181,596.0844,564.6866,542.3360,512.6209,489.8683,457.3534,438.0751,409.5906,376.8378,336.9699,298.0390,258.4894,196.2037,102.0011,0.0000,0.0000,0.0000,0.0000
70,3.0000,No dynamic rebalance,5.0000,29864.4419,1493.2221,spend50p,1504.9851,1485.8942,1470.4044,1457.1151,1449.2746,1440.5638,1425.9491,1413.1253,1393.2874,1371.0447,1029.6271,995.3617,964.1792,936.4348,905.1590,887.1509,876.6255,865.5693,847.7461,836.5389,822.9752,813.0173,800.3118,795.0615,776.3333,763.9236,741.2707,723.6495,707.9414,678.4174,655.4518,620.9340,604.2226,570.3890,549.7274
70,3.0000,No dynamic rebalance,5.0000,29864.4419,1493.2221,spend75p,1515.1680,1516.9465,1525.0372,1534.3361,1547.0618,1563.2844,1582.2605,1598.4503,1600.4613,1604.0718,1229.1784,1212.6586,1198.1967,1186.1145,1176.0253,1173.7373,1163.9353,1163.2111,1162.9317,1167.4073,1169.5953,1179.7311,1194.7947,1209.2301,1211.8728,1220.4090,1205.7759,1188.2729,1181.5777,1159.9994,1141.3963,1117.4307,1090.2909,1083.8741,1073.9792
70,3.0000,固定最適比率,5.0000,29864.4419,1493.2221,survival,1.0000,1.0000,1.0000,1.0000,1.0000,1.0000,1.0000,0.9995,0.9985,0.9955,0.9940,0.9845,0.9730,0.9610,0.9495,0.9385,0.9295,0.9190,0.9045,0.8940,0.8805,0.8670,0.8525,0.8390,0.8245,0.8135,0.8020,0.7905,0.7785,0.7645,0.7540,0.7410,0.7320,0.7215,0.7135
70,3.0000,固定最適比率,5.0000,29864.4419,1493.2221,spend25p,1494.8511,1456.7737,1422.5792,1385.4708,1351.4512,1317.3288,1283.8175,1246.2319,1211.2171,1173.4634,847.1832,799.2805,759.0826,719.6531,680.0547,647.5351,621.2181,596.0844,564.6866,542.3360,512.6209,489.8683,457.3534,438.0751,409.5906,376.8378,336.9699,298.0390,258.4894,196.2037,102.0011,0.0000,0.0000,0.0000,0.0000
70,3.0000,固定最適比率,5.0000,29864.4419,1493.2221,spend50p,1504.9851,1485.8942,1470.4044,1457.1151,1449.2746,1440.5638,1425.9491,1413.1253,1393.2874,1371.0447,1029.6271,995.3617,964.1792,936.4348,905.1590,887.1509,876.6255,865.5693,847.7461,836.5389,822.9752,813.0173,800.3118,795.0615,776.3333,763.9236,741.2707,723.6495,707.9414,678.4174,655.4518,620.9340,604.2226,570.3890,549.7274
70,3.0000,固定最適比率,5.0000,29864.4419,1493.2221,spend75p,1515.1680,1516.9465,1525.0372,1534.3361,1547.0618,1563.2844,1582.2605,1598.4503,1600.4613,1604.0718,1229.1784,1212.6586,1198.1967,1186.1145,1176.0253,1173.7373,1163.9353,1163.2111,1162.9317,1167.4073,1169.5953,1179.7311,1194.7947,1209.2301,1211.8728,1220.4090,1205.7759,1188.2729,1181.5777,1159.9994,1141.3963,1117.4307,1090.2909,1083.8741,1073.9792
70,3.0000,DynamicV1Rebalance,5.0000,29864.4419,1493.2221,survival,1.0000,1.0000,1.0000,1.0000,1.0000,1.0000,1.0000,0.9995,0.9985,0.9955,0.9940,0.9845,0.9735,0.9610,0.9505,0.9405,0.9315,0.9220,0.9115,0.9025,0.8890,0.8785,0.8655,0.8535,0.8460,0.8365,0.8305,0.8255,0.8160,0.8115,0.8055,0.8010,0.7950,0.7885,0.7815
70,3.0000,DynamicV1Rebalance,5.0000,29864.4419,1493.2221,spend25p,1494.8511,1456.7737,1422.5792,1385.4708,1351.4512,1317.3288,1283.8175,1246.2319,1211.2171,1173.4634,847.1832,799.2805,759.1445,719.6531,680.9734,650.2351,622.3333,600.4564,572.5040,551.7978,526.0172,505.5097,480.9943,456.8630,446.4287,428.5062,403.2923,384.6653,357.0401,337.7914,313.6317,292.7538,271.6276,240.4978,208.8454
70,3.0000,DynamicV1Rebalance,5.0000,29864.4419,1493.2221,spend50p,1504.9851,1485.8942,1470.4044,1457.1151,1449.2746,1440.5638,1425.9491,1413.1253,1393.2874,1371.0447,1029.6271,995.3617,964.4543,936.4348,906.1916,888.0600,878.1473,867.3641,850.6355,844.6589,831.5177,825.3431,813.4574,811.7025,796.8277,786.4015,783.8042,772.4702,758.9195,746.9805,730.9867,709.1527,688.7689,664.4760,636.5342
70,3.0000,DynamicV1Rebalance,5.0000,29864.4419,1493.2221,spend75p,1515.1680,1516.9465,1525.0372,1534.3361,1547.0618,1563.2844,1582.2605,1598.4503,1600.4613,1604.0718,1229.1784,1212.6586,1198.9832,1186.1145,1176.8255,1173.7373,1165.1950,1165.1418,1169.1679,1179.6088,1175.3569,1192.6621,1207.2021,1233.0705,1247.7758,1246.3000,1258.3707,1252.4677,1254.8527,1264.9030,1260.8308,1241.7491,1233.1506,1195.9290,1168.4072
70,3.0000,SpendAwareDPRebalance (R70-aware),5.0000,29864.4419,1493.2221,survival,1.0000,1.0000,1.0000,1.0000,1.0000,1.0000,1.0000,1.0000,0.9990,0.9970,0.9965,0.9950,0.9910,0.9885,0.9830,0.9755,0.9685,0.9615,0.9550,0.9500,0.9460,0.9375,0.9305,0.9255,0.9190,0.9105,0.8975,0.8895,0.8810,0.8710,0.8600,0.8510,0.8430,0.8320,0.8190
70,3.0000,SpendAwareDPRebalance (R70-aware),5.0000,29864.4419,1493.2221,spend25p,1494.8511,1456.7737,1422.5792,1385.4708,1351.4512,1317.3288,1283.8175,1246.2319,1211.2171,1174.3542,848.3147,810.2304,773.9769,740.1073,715.7396,680.9211,657.5640,634.5112,619.2558,606.5009,592.1588,582.8880,573.7563,564.0578,546.6927,531.4168,504.4821,490.5791,471.8845,448.5307,412.3190,392.0618,368.6120,338.1105,296.7790
70,3.0000,SpendAwareDPRebalance (R70-aware),5.0000,29864.4419,1493.2221,spend50p,1504.9851,1485.8942,1470.4044,1457.1151,1449.2746,1440.5638,1425.9491,1413.1253,1393.2874,1371.5338,1031.0619,1000.3082,975.4079,959.5881,934.0390,913.3664,905.2529,897.9061,889.9566,890.9941,894.2076,879.7904,880.7766,870.8716,867.8026,856.0154,844.4805,840.3893,829.5547,809.9447,787.3692,762.1008,731.7231,709.3974,677.1219
70,3.0000,SpendAwareDPRebalance (R70-aware),5.0000,29864.4419,1493.2221,spend75p,1515.1680,1516.9465,1525.0372,1534.3361,1547.0618,1563.2844,1582.2605,1598.4503,1600.4613,1605.1731,1232.3085,1221.2511,1215.3868,1200.5744,1198.1618,1195.4931,1192.7086,1198.4283,1201.3926,1213.8576,1227.0838,1250.4192,1268.5720,1299.6564,1312.4982,1307.1116,1299.5761,1319.2315,1304.6692,1295.1617,1275.3666,1255.1574,1236.9671,1190.8327,1165.8657
70,3.0000,No dynamic rebalance,6.0000,24887.0349,1493.2221,survival,1.0000,1.0000,1.0000,1.0000,1.0000,1.0000,0.9990,0.9980,0.9940,0.9830,0.9650,0.9550,0.9390,0.9145,0.9010,0.8840,0.8620,0.8420,0.8195,0.8030,0.7865,0.7685,0.7460,0.7310,0.7085,0.6915,0.6820,0.6685,0.6540,0.6425,0.6310,0.6190,0.6085,0.6015,0.5950
70,3.0000,No dynamic rebalance,6.0000,24887.0349,1493.2221,spend25p,1494.8511,1456.7737,1422.5792,1385.4708,1351.4512,1317.3288,1283.5981,1245.0195,1207.3894,1162.5578,829.6392,777.6353,726.0921,669.0538,627.6781,585.5937,540.6591,498.9630,457.0861,416.7904,367.3276,304.1334,0.0000,0.0000,0.0000,0.0000,0.0000,0.0000,0.0000,0.0000,0.0000,0.0000,0.0000,0.0000,0.0000
70,3.0000,No dynamic rebalance,6.0000,24887.0349,1493.2221,spend50p,1504.9851,1485.8942,1470.4044,1457.1151,1449.2746,1440.5638,1425.7664,1412.2154,1390.8616,1365.6388,1014.8658,978.7578,943.0697,901.0546,874.7226,852.1573,819.0790,794.3710,768.4211,749.6136,731.2403,713.2104,686.4079,663.7191,627.9837,600.0186,585.8611,557.7516,528.8891,503.6236,480.3363,453.8856,420.5788,394.5833,378.0577
70,3.0000,No dynamic rebalance,6.0000,24887.0349,1493.2221,spend75p,1515.1680,1516.9465,1525.0372,1534.3361,1547.0618,1563.2844,1582.2605,1597.5393,1596.7384,1593.3985,1213.6431,1193.7634,1172.4135,1157.4262,1139.0903,1125.1461,1112.3418,1097.7785,1085.2219,1087.6388,1091.8854,1097.2160,1083.5874,1075.0166,1053.3866,1040.6682,1038.6494,1013.3486,980.9925,968.1869,955.0804,950.2392,926.7694,913.3913,902.2546
70,3.0000,固定最適比率,6.0000,24887.0349,1493.2221,survival,1.0000,1.0000,1.0000,1.0000,1.0000,1.0000,0.9990,0.9980,0.9940,0.9830,0.9650,0.9550,0.9390,0.9145,0.9010,0.8840,0.8620,0.8420,0.8195,0.8030,0.7865,0.7685,0.7460,0.7310,0.7085,0.6915,0.6820,0.6685,0.6540,0.6425,0.6310,0.6190,0.6085,0.6015,0.5950
70,3.0000,固定最適比率,6.0000,24887.0349,1493.2221,spend25p,1494.8511,1456.7737,1422.5792,1385.4708,1351.4512,1317.3288,1283.5981,1245.0195,1207.3894,1162.5578,829.6392,777.6353,726.0921,669.0538,627.6781,585.5937,540.6591,498.9630,457.0861,416.7904,367.3276,304.1334,0.0000,0.0000,0.0000,0.0000,0.0000,0.0000,0.0000,0.0000,0.0000,0.0000,0.0000,0.0000,0.0000
70,3.0000,固定最適比率,6.0000,24887.0349,1493.2221,spend50p,1504.9851,1485.8942,1470.4044,1457.1151,1449.2746,1440.5638,1425.7664,1412.2154,1390.8616,1365.6388,1014.8658,978.7578,943.0697,901.0546,874.7226,852.1573,819.0790,794.3710,768.4211,749.6136,731.2403,713.2104,686.4079,663.7191,627.9837,600.0186,585.8611,557.7516,528.8891,503.6236,480.3363,453.8856,420.5788,394.5833,378.0577
70,3.0000,固定最適比率,6.0000,24887.0349,1493.2221,spend75p,1515.1680,1516.9465,1525.0372,1534.3361,1547.0618,1563.2844,1582.2605,1597.5393,1596.7384,1593.3985,1213.6431,1193.7634,1172.4135,1157.4262,1139.0903,1125.1461,1112.3418,1097.7785,1085.2219,1087.6388,1091.8854,1097.2160,1083.5874,1075.0166,1053.3866,1040.6682,1038.6494,1013.3486,980.9925,968.1869,955.0804,950.2392,926.7694,913.3913,902.2546
70,3.0000,DynamicV1Rebalance,6.0000,24887.0349,1493.2221,survival,1.0000,1.0000,1.0000,1.0000,1.0000,1.0000,0.9990,0.9980,0.9940,0.9830,0.9650,0.9550,0.9395,0.9150,0.9010,0.8845,0.8630,0.8430,0.8215,0.8060,0.7885,0.7720,0.7515,0.7380,0.7205,0.7065,0.6985,0.6915,0.6840,0.6780,0.6705,0.6590,0.6515,0.6445,0.6405
70,3.0000,DynamicV1Rebalance,6.0000,24887.0349,1493.2221,spend25p,1494.8511,1456.7737,1422.5792,1385.4708,1351.4512,1317.3288,1283.5981,1245.0195,1207.3894,1162.5578,829.6392,777.6353,726.2892,669.6660,627.6781,586.0345,541.3178,500.7440,459.0798,422.9849,372.3576,310.5016,150.1056,0.0000,0.0000,0.0000,0.0000,0.0000,0.0000,0.0000,0.0000,0.0000,0.0000,0.0000,0.0000
70,3.0000,DynamicV1Rebalance,6.0000,24887.0349,1493.2221,spend50p,1504.9851,1485.8942,1470.4044,1457.1151,1449.2746,1440.5638,1425.7664,1412.2154,1390.8616,1365.6388,1014.8658,978.7578,943.6633,901.1665,874.7226,852.3087,820.1166,796.3466,772.0237,756.6312,733.0132,720.0235,694.7893,672.8253,648.1783,625.2707,612.8041,592.5370,572.8921,561.3160,533.5469,509.4913,493.1528,470.6709,448.0108
70,3.0000,DynamicV1Rebalance,6.0000,24887.0349,1493.2221,spend75p,1515.1680,1516.9465,1525.0372,1534.3361,1547.0618,1563.2844,1582.2605,1597.5393,1596.7384,1593.3985,1213.6431,1193.7634,1172.4135,1157.9520,1139.0903,1126.0801,1112.8011,1098.2129,1091.6289,1093.3311,1097.7193,1104.4585,1094.3649,1092.4266,1079.8194,1068.4792,1066.4518,1066.3186,1055.9875,1046.7429,1034.3845,1021.9852,1004.6155,984.9814,971.8541
70,3.0000,SpendAwareDPRebalance (R70-aware),6.0000,24887.0349,1493.2221,survival,1.0000,1.0000,1.0000,1.0000,1.0000,1.0000,0.9995,0.9985,0.9950,0.9875,0.9730,0.9650,0.9545,0.9365,0.9285,0.9180,0.9040,0.8910,0.8765,0.8690,0.8545,0.8400,0.8275,0.8165,0.8000,0.7895,0.7740,0.7625,0.7525,0.7410,0.7310,0.7225,0.7125,0.6990,0.6900
70,3.0000,SpendAwareDPRebalance (R70-aware),6.0000,24887.0349,1493.2221,spend25p,1494.8511,1456.7737,1422.5792,1385.4708,1351.4512,1317.3288,1283.5981,1245.0195,1207.6620,1166.0791,832.8396,786.6778,740.4272,694.1123,658.5515,623.8308,585.8870,558.2454,528.4374,507.2488,482.9359,448.4594,426.9797,405.7711,357.5921,322.6749,261.2491,214.2513,104.9142,0.0000,0.0000,0.0000,0.0000,0.0000,0.0000
70,3.0000,SpendAwareDPRebalance (R70-aware),6.0000,24887.0349,1493.2221,spend50p,1504.9851,1485.8942,1470.4044,1457.1151,1449.2746,1440.5638,1425.7664,1412.2154,1391.5514,1367.8887,1018.5873,986.5549,950.5694,916.0989,893.6728,871.8085,854.6090,842.1011,822.9670,813.0673,802.7369,788.6593,772.5124,758.7557,743.7349,727.3260,696.7991,680.5716,660.6578,638.2170,610.4151,593.7362,562.1613,530.4744,503.0452
70,3.0000,SpendAwareDPRebalance (R70-aware),6.0000,24887.0349,1493.2221,spend75p,1515.1680,1516.9465,1525.0372,1534.3361,1547.0618,1563.2844,1582.2605,1597.5393,1597.9671,1597.3667,1217.9628,1201.0130,1181.6504,1166.5246,1156.2595,1146.7204,1142.9323,1138.5261,1133.5559,1144.4692,1141.6147,1140.0160,1150.0192,1161.6180,1146.9327,1134.2215,1104.1434,1100.0844,1084.5980,1067.9274,1043.3518,1026.1837,1006.6282,974.7982,954.1086
70,3.0000,No dynamic rebalance,7.0000,21331.7442,1493.2221,survival,1.0000,1.0000,1.0000,1.0000,1.0000,0.9995,0.9980,0.9920,0.9740,0.9525,0.9260,0.9045,0.8795,0.8475,0.8215,0.7955,0.7700,0.7495,0.7195,0.6950,0.6805,0.6530,0.6315,0.6135,0.6025,0.5855,0.5705,0.5585,0.5415,0.5280,0.5185,0.5070,0.4970,0.4895,0.4800
70,3.0000,No dynamic rebalance,7.0000,21331.7442,1493.2221,spend25p,1494.8511,1456.7737,1422.5792,1385.4708,1351.4512,1316.7920,1282.8383,1241.9474,1192.7686,1134.9554,794.0367,734.2119,672.2609,599.0544,531.5540,474.7188,389.9775,0.0000,0.0000,0.0000,0.0000,0.0000,0.0000,0.0000,0.0000,0.0000,0.0000,0.0000,0.0000,0.0000,0.0000,0.0000,0.0000,0.0000,0.0000
70,3.0000,No dynamic rebalance,7.0000,21331.7442,1493.2221,spend50p,1504.9851,1485.8942,1470.4044,1457.1151,1449.2746,1440.4212,1425.5985,1405.8379,1381.0433,1346.0281,992.8306,951.5313,904.9095,855.6916,818.8665,782.9875,745.7898,712.2178,660.3012,626.1825,603.6162,566.6795,529.3995,497.9550,470.8023,438.7500,402.5417,364.0377,307.8519,254.8639,205.1538,128.6244,0.0000,0.0000,0.0000
70,3.0000,No dynamic rebalance,7.0000,21331.7442,1493.2221,spend75p,1515.1680,1516.9465,1525.0372,1534.3361,1547.0618,1563.2844,1580.8792,1592.2466,1583.9846,1571.5154,1189.3919,1163.0736,1135.3544,1112.5116,1085.0586,1062.6873,1038.4188,1032.0903,1019.1429,1003.0559,994.8771,966.8305,943.7407,921.3510,912.4246,905.7639,880.9232,862.1582,841.3969,826.6230,802.5234,768.2094,734.0867,709.1680,683.4711
70,3.0000,固定最適比率,7.0000,21331.7442,1493.2221,survival,1.0000,1.0000,1.0000,1.0000,1.0000,0.9995,0.9980,0.9920,0.9740,0.9525,0.9260,0.9045,0.8795,0.8475,0.8215,0.7955,0.7700,0.7495,0.7195,0.6950,0.6805,0.6530,0.6315,0.6135,0.6025,0.5855,0.5705,0.5585,0.5415,0.5280,0.5185,0.5070,0.4970,0.4895,0.4800
70,3.0000,固定最適比率,7.0000,21331.7442,1493.2221,spend25p,1494.8511,1456.7737,1422.5792,1385.4708,1351.4512,1316.7920,1282.8383,1241.9474,1192.7686,1134.9554,794.0367,734.2119,672.2609,599.0544,531.5540,474.7188,389.9775,0.0000,0.0000,0.0000,0.0000,0.0000,0.0000,0.0000,0.0000,0.0000,0.0000,0.0000,0.0000,0.0000,0.0000,0.0000,0.0000,0.0000,0.0000
70,3.0000,固定最適比率,7.0000,21331.7442,1493.2221,spend50p,1504.9851,1485.8942,1470.4044,1457.1151,1449.2746,1440.4212,1425.5985,1405.8379,1381.0433,1346.0281,992.8306,951.5313,904.9095,855.6916,818.8665,782.9875,745.7898,712.2178,660.3012,626.1825,603.6162,566.6795,529.3995,497.9550,470.8023,438.7500,402.5417,364.0377,307.8519,254.8639,205.1538,128.6244,0.0000,0.0000,0.0000
70,3.0000,固定最適比率,7.0000,21331.7442,1493.2221,spend75p,1515.1680,1516.9465,1525.0372,1534.3361,1547.0618,1563.2844,1580.8792,1592.2466,1583.9846,1571.5154,1189.3919,1163.0736,1135.3544,1112.5116,1085.0586,1062.6873,1038.4188,1032.0903,1019.1429,1003.0559,994.8771,966.8305,943.7407,921.3510,912.4246,905.7639,880.9232,862.1582,841.3969,826.6230,802.5234,768.2094,734.0867,709.1680,683.4711
70,3.0000,DynamicV1Rebalance,7.0000,21331.7442,1493.2221,survival,1.0000,1.0000,1.0000,1.0000,1.0000,0.9995,0.9980,0.9920,0.9740,0.9525,0.9260,0.9045,0.8795,0.8475,0.8215,0.7960,0.7705,0.7495,0.7205,0.6965,0.6815,0.6560,0.6335,0.6150,0.6070,0.5955,0.5820,0.5720,0.5605,0.5540,0.5490,0.5420,0.5340,0.5285,0.5225
70,3.0000,DynamicV1Rebalance,7.0000,21331.7442,1493.2221,spend25p,1494.8511,1456.7737,1422.5792,1385.4708,1351.4512,1316.7920,1282.8383,1241.9474,1192.7686,1134.9554,794.0367,734.2119,672.2609,599.0544,531.5540,475.2625,392.4555,0.0000,0.0000,0.0000,0.0000,0.0000,0.0000,0.0000,0.0000,0.0000,0.0000,0.0000,0.0000,0.0000,0.0000,0.0000,0.0000,0.0000,0.0000
70,3.0000,DynamicV1Rebalance,7.0000,21331.7442,1493.2221,spend50p,1504.9851,1485.8942,1470.4044,1457.1151,1449.2746,1440.4212,1425.5985,1405.8379,1381.0433,1346.0281,992.8306,951.5313,904.9095,855.6916,818.8665,784.1706,746.4749,712.2178,663.4372,627.2641,605.0710,571.2902,533.1415,499.8209,480.4391,457.2243,425.0504,393.6453,357.9629,337.3338,312.9499,283.0795,247.0966,221.5445,186.3266
70,3.0000,DynamicV1Rebalance,7.0000,21331.7442,1493.2221,spend75p,1515.1680,1516.9465,1525.0372,1534.3361,1547.0618,1563.2844,1580.8792,1592.2466,1583.9846,1571.5154,1189.3919,1163.0736,1135.3544,1112.5116,1085.0586,1063.1241,1039.5888,1032.0903,1020.3576,1005.9730,994.8771,972.7009,948.8371,922.6398,923.2282,919.8441,901.1814,889.3542,863.8191,859.8963,856.4094,829.1882,808.7513,786.7504,760.5181
70,3.0000,SpendAwareDPRebalance (R70-aware),7.0000,21331.7442,1493.2221,survival,1.0000,1.0000,1.0000,1.0000,1.0000,0.9995,0.9980,0.9925,0.9750,0.9550,0.9315,0.9085,0.8900,0.8605,0.8375,0.8175,0.7995,0.7810,0.7620,0.7395,0.7250,0.7040,0.6865,0.6745,0.6620,0.6475,0.6320,0.6220,0.6115,0.6015,0.5890,0.5810,0.5695,0.5570,0.5475
70,3.0000,SpendAwareDPRebalance (R70-aware),7.0000,21331.7442,1493.2221,spend25p,1494.8511,1456.7737,1422.5792,1385.4708,1351.4512,1316.7920,1282.8383,1242.5518,1192.9105,1137.1824,800.9093,737.0766,679.7811,615.9297,557.4430,503.9777,464.6715,396.8652,313.2020,0.0000,0.0000,0.0000,0.0000,0.0000,0.0000,0.0000,0.0000,0.0000,0.0000,0.0000,0.0000,0.0000,0.0000,0.0000,0.0000
70,3.0000,SpendAwareDPRebalance (R70-aware),7.0000,21331.7442,1493.2221,spend50p,1504.9851,1485.8942,1470.4044,1457.1151,1449.2746,1440.4212,1425.5985,1407.4626,1381.0433,1347.6867,996.2121,953.4320,911.8187,865.3489,834.9768,801.5880,774.5274,743.6753,713.6151,681.8301,659.4884,626.5705,603.1758,589.3584,563.9650,543.6584,508.3449,485.3353,464.3424,436.4959,401.3979,378.6159,347.2232,296.5991,260.5840
70,3.0000,SpendAwareDPRebalance (R70-aware),7.0000,21331.7442,1493.2221,spend75p,1515.1680,1516.9465,1525.0372,1534.3361,1547.0618,1563.2844,1580.8792,1592.4435,1583.9846,1575.5061,1192.5819,1163.7441,1144.5908,1116.7573,1093.6404,1074.8645,1060.4805,1048.3963,1047.8267,1037.8508,1040.5460,1023.3687,1002.3407,1002.4989,992.9696,973.5058,947.2075,921.7174,905.3530,888.3032,865.3934,849.8074,820.5593,786.0514,751.2354
70,3.0000,No dynamic rebalance,8.0000,18665.2762,1493.2221,survival,1.0000,1.0000,1.0000,1.0000,1.0000,0.9985,0.9940,0.9760,0.9430,0.9080,0.8715,0.8330,0.7990,0.7625,0.7280,0.6925,0.6640,0.6330,0.6015,0.5820,0.5635,0.5405,0.5175,0.5015,0.4830,0.4585,0.4470,0.4355,0.4250,0.4125,0.4000,0.3930,0.3840,0.3740,0.3665
70,3.0000,No dynamic rebalance,8.0000,18665.2762,1493.2221,spend25p,1494.8511,1456.7737,1422.5792,1385.4708,1351.4512,1316.6561,1279.7391,1229.7256,1170.8103,1093.5078,742.4389,654.3486,566.8489,437.0537,0.0000,0.0000,0.0000,0.0000,0.0000,0.0000,0.0000,0.0000,0.0000,0.0000,0.0000,0.0000,0.0000,0.0000,0.0000,0.0000,0.0000,0.0000,0.0000,0.0000,0.0000
70,3.0000,No dynamic rebalance,8.0000,18665.2762,1493.2221,spend50p,1504.9851,1485.8942,1470.4044,1457.1151,1449.2746,1440.0815,1424.3922,1397.5099,1360.3813,1320.8409,964.5847,900.6019,848.3496,791.1139,736.4164,680.5202,632.1504,574.5722,516.6179,470.4958,429.8971,371.9759,296.9345,128.2520,0.0000,0.0000,0.0000,0.0000,0.0000,0.0000,0.0000,0.0000,0.0000,0.0000,0.0000
70,3.0000,No dynamic rebalance,8.0000,18665.2762,1493.2221,spend75p,1515.1680,1516.9465,1525.0372,1534.3361,1547.0618,1563.1685,1578.8140,1581.3834,1566.2025,1553.7143,1164.6525,1131.1001,1095.2950,1059.3091,1018.5781,988.2029,964.8643,928.5785,900.9726,880.3753,861.0164,832.8378,809.1361,796.0716,768.3131,728.4916,696.0940,678.4917,651.6223,603.6340,576.7386,557.4596,521.0296,499.1909,469.5727
70,3.0000,固定最適比率,8.0000,18665.2762,1493.2221,survival,1.0000,1.0000,1.0000,1.0000,1.0000,0.9985,0.9940,0.9760,0.9430,0.9080,0.8715,0.8330,0.7990,0.7625,0.7280,0.6925,0.6640,0.6330,0.6015,0.5820,0.5635,0.5405,0.5175,0.5015,0.4830,0.4585,0.4470,0.4355,0.4250,0.4125,0.4000,0.3930,0.3840,0.3740,0.3665
70,3.0000,固定最適比率,8.0000,18665.2762,1493.2221,spend25p,1494.8511,1456.7737,1422.5792,1385.4708,1351.4512,1316.6561,1279.7391,1229.7256,1170.8103,1093.5078,742.4389,654.3486,566.8489,437.0537,0.0000,0.0000,0.0000,0.0000,0.0000,0.0000,0.0000,0.0000,0.0000,0.0000,0.0000,0.0000,0.0000,0.0000,0.0000,0.0000,0.0000,0.0000,0.0000,0.0000,0.0000
70,3.0000,固定最適比率,8.0000,18665.2762,1493.2221,spend50p,1504.9851,1485.8942,1470.4044,1457.1151,1449.2746,1440.0815,1424.3922,1397.5099,1360.3813,1320.8409,964.5847,900.6019,848.3496,791.1139,736.4164,680.5202,632.1504,574.5722,516.6179,470.4958,429.8971,371.9759,296.9345,128.2520,0.0000,0.0000,0.0000,0.0000,0.0000,0.0000,0.0000,0.0000,0.0000,0.0000,0.0000
70,3.0000,固定最適比率,8.0000,18665.2762,1493.2221,spend75p,1515.1680,1516.9465,1525.0372,1534.3361,1547.0618,1563.1685,1578.8140,1581.3834,1566.2025,1553.7143,1164.6525,1131.1001,1095.2950,1059.3091,1018.5781,988.2029,964.8643,928.5785,900.9726,880.3753,861.0164,832.8378,809.1361,796.0716,768.3131,728.4916,696.0940,678.4917,651.6223,603.6340,576.7386,557.4596,521.0296,499.1909,469.5727
70,3.0000,DynamicV1Rebalance,8.0000,18665.2762,1493.2221,survival,1.0000,1.0000,1.0000,1.0000,1.0000,0.9985,0.9940,0.9760,0.9430,0.9080,0.8715,0.8330,0.7990,0.7625,0.7280,0.6925,0.6640,0.6330,0.6015,0.5820,0.5635,0.5415,0.5195,0.5040,0.4865,0.4655,0.4575,0.4485,0.4410,0.4330,0.4250,0.4165,0.4125,0.4030,0.3940
70,3.0000,DynamicV1Rebalance,8.0000,18665.2762,1493.2221,spend25p,1494.8511,1456.7737,1422.5792,1385.4708,1351.4512,1316.6561,1279.7391,1229.7256,1170.8103,1093.5078,742.4389,654.3486,566.8489,437.0537,0.0000,0.0000,0.0000,0.0000,0.0000,0.0000,0.0000,0.0000,0.0000,0.0000,0.0000,0.0000,0.0000,0.0000,0.0000,0.0000,0.0000,0.0000,0.0000,0.0000,0.0000
70,3.0000,DynamicV1Rebalance,8.0000,18665.2762,1493.2221,spend50p,1504.9851,1485.8942,1470.4044,1457.1151,1449.2746,1440.0815,1424.3922,1397.5099,1360.3813,1320.8409,964.5847,900.6019,848.3496,791.1139,736.4164,680.5202,632.1504,574.5722,516.6179,470.4958,429.8971,377.0689,302.6948,191.4690,0.0000,0.0000,0.0000,0.0000,0.0000,0.0000,0.0000,0.0000,0.0000,0.0000,0.0000
70,3.0000,DynamicV1Rebalance,8.0000,18665.2762,1493.2221,spend75p,1515.1680,1516.9465,1525.0372,1534.3361,1547.0618,1563.1685,1578.8140,1581.3834,1566.2025,1553.7143,1164.6525,1131.1001,1095.2950,1059.3091,1018.5781,988.2029,964.8643,928.5785,900.9726,880.3753,861.0164,834.3538,812.4873,801.7868,776.0944,744.8623,728.0933,703.0814,677.8293,662.2470,632.3502,603.4568,586.4151,553.0027,522.3303
70,3.0000,SpendAwareDPRebalance (R70-aware),8.0000,18665.2762,1493.2221,survival,1.0000,1.0000,1.0000,1.0000,1.0000,0.9985,0.9940,0.9760,0.9435,0.9100,0.8740,0.8355,0.8005,0.7655,0.7335,0.7010,0.6720,0.6495,0.6200,0.6050,0.5880,0.5685,0.5495,0.5355,0.5230,0.5080,0.4945,0.4810,0.4750,0.4660,0.4585,0.4475,0.4385,0.4285,0.4170
70,3.0000,SpendAwareDPRebalance (R70-aware),8.0000,18665.2762,1493.2221,spend25p,1494.8511,1456.7737,1422.5792,1385.4708,1351.4512,1316.6561,1279.7391,1229.7256,1170.9019,1096.1912,744.1629,655.7651,569.4196,458.0650,0.0000,0.0000,0.0000,0.0000,0.0000,0.0000,0.0000,0.0000,0.0000,0.0000,0.0000,0.0000,0.0000,0.0000,0.0000,0.0000,0.0000,0.0000,0.0000,0.0000,0.0000
70,3.0000,SpendAwareDPRebalance (R70-aware),8.0000,18665.2762,1493.2221,spend50p,1504.9851,1485.8942,1470.4044,1457.1151,1449.2746,1440.0815,1424.3922,1397.5099,1360.8146,1321.7988,965.7631,902.6567,849.8774,792.8161,741.3954,687.0354,642.4974,605.5327,540.2990,510.1113,477.3350,434.5634,390.4337,343.4210,298.8829,209.2620,0.0000,0.0000,0.0000,0.0000,0.0000,0.0000,0.0000,0.0000,0.0000
70,3.0000,SpendAwareDPRebalance (R70-aware),8.0000,18665.2762,1493.2221,spend75p,1515.1680,1516.9465,1525.0372,1534.3361,1547.0618,1563.1685,1578.8140,1581.3834,1566.3830,1554.7376,1165.1960,1131.2146,1097.7073,1063.2582,1022.0381,992.1502,969.6166,947.2793,918.6932,900.8006,892.0803,862.4463,844.9401,835.1802,823.3938,800.9536,783.6922,761.2569,747.1815,716.6025,689.6550,659.9277,624.4079,597.2807,561.5223
