pension_start_age,spend_multiplier,strategy,spending_rule,initial_money,initial_annual_cost,value_type,1,2,3,4,5,6,7,8,9,10,11,12,13,14,15,16,17,18,19,20,21,22,23,24,25,26,27,28,29,30,31,32,33,34,35
70,0.7500,SpendAwareDPRebalance (R70-aware),2.8000,13332.3401,373.3055,survival,1.0000,1.0000,1.0000,1.0000,1.0000,1.0000,1.0000,1.0000,1.0000,1.0000,1.0000,1.0000,1.0000,1.0000,1.0000,1.0000,1.0000,1.0000,1.0000,1.0000,1.0000,1.0000,1.0000,1.0000,1.0000,1.0000,1.0000,1.0000,1.0000,1.0000,1.0000,1.0000,1.0000,1.0000,1.0000
70,0.7500,SpendAwareDPRebalance (R70-aware),2.8000,13332.3401,373.3055,spend25p,375.1721,367.9985,361.0330,354.1957,346.8498,339.5669,332.6029,325.7117,317.2650,309.1223,13.6892,1.7068,-8.8541,-18.4457,-26.9676,-34.3654,-40.3716,-46.1559,-51.1925,-55.7085,-59.7020,-63.7695,-68.1961,-72.1138,-76.6829,-81.4132,-86.8487,-92.2469,-99.4549,-106.5331,-114.1321,-122.8834,-133.4810,-145.4071,-158.2866
70,0.7500,SpendAwareDPRebalance (R70-aware),2.8000,13332.3401,373.3055,spend50p,375.1721,373.0947,371.4776,369.1953,369.1068,368.4682,366.5090,364.7694,362.0894,357.9003,28.2072,17.1443,6.2709,-4.0105,-12.4333,-19.8634,-27.0825,-32.2611,-37.2435,-41.4790,-45.2833,-48.7940,-52.7710,-56.3772,-60.7754,-65.8403,-71.4851,-78.0621,-85.1496,-92.1393,-100.7504,-109.6146,-119.3529,-130.0656,-141.0821
70,0.7500,SpendAwareDPRebalance (R70-aware),2.8000,13332.3401,373.3055,spend75p,375.1721,378.4251,381.9766,386.5083,391.1808,396.5997,403.3641,410.0295,412.7797,416.2587,43.2039,31.5586,20.8371,10.6651,1.9702,-5.6418,-13.2087,-17.9769,-22.7939,-26.0145,-29.0762,-31.3852,-35.0502,-38.2564,-41.3741,-45.9124,-50.9463,-58.4035,-65.8304,-73.8564,-82.7725,-93.0686,-104.4259,-116.5005,-127.2338
70,0.7500,SpendAwareDPRebalance (R70-aware),3.0000,12443.5174,373.3055,survival,1.0000,1.0000,1.0000,1.0000,1.0000,1.0000,1.0000,1.0000,1.0000,1.0000,1.0000,1.0000,1.0000,1.0000,1.0000,1.0000,1.0000,1.0000,1.0000,1.0000,1.0000,1.0000,1.0000,1.0000,1.0000,1.0000,1.0000,1.0000,1.0000,1.0000,1.0000,1.0000,1.0000,1.0000,1.0000
70,0.7500,SpendAwareDPRebalance (R70-aware),3.0000,12443.5174,373.3055,spend25p,375.1721,367.9985,361.0330,354.1957,346.8498,339.5669,332.6029,325.7117,317.2650,309.1223,13.6892,1.7068,-8.8541,-18.4457,-26.9676,-34.3654,-40.3716,-46.1559,-51.1925,-55.7085,-59.7020,-63.7695,-68.1961,-72.1138,-76.6829,-81.4132,-86.8487,-92.2469,-99.4549,-106.5331,-114.1321,-122.8834,-133.4810,-145.4071,-158.2866
70,0.7500,SpendAwareDPRebalance (R70-aware),3.0000,12443.5174,373.3055,spend50p,375.1721,373.0947,371.4776,369.1953,369.1068,368.4682,366.5090,364.7694,362.0894,357.9003,28.2072,17.1443,6.2709,-4.0105,-12.4333,-19.8634,-27.0825,-32.2611,-37.2435,-41.4790,-45.2833,-48.7940,-52.7710,-56.3772,-60.7754,-65.8403,-71.4851,-78.0621,-85.1496,-92.1393,-100.7504,-109.6146,-119.3529,-130.0656,-141.0821
70,0.7500,SpendAwareDPRebalance (R70-aware),3.0000,12443.5174,373.3055,spend75p,375.1721,378.4251,381.9766,386.5083,391.1808,396.5997,403.3641,410.0295,412.7797,416.2587,43.2039,31.5586,20.8371,10.6651,1.9702,-5.6418,-13.2087,-17.9769,-22.7939,-26.0145,-29.0762,-31.3852,-35.0502,-38.2564,-41.3741,-45.9124,-50.9463,-58.4035,-65.8304,-73.8564,-82.7725,-93.0686,-104.4259,-116.5005,-127.2338
70,0.7500,SpendAwareDPRebalance (R70-aware),3.3300,11210.3761,373.3055,survival,1.0000,1.0000,1.0000,1.0000,1.0000,1.0000,1.0000,1.0000,1.0000,1.0000,1.0000,1.0000,1.0000,1.0000,1.0000,1.0000,1.0000,1.0000,1.0000,1.0000,1.0000,1.0000,1.0000,1.0000,1.0000,1.0000,1.0000,1.0000,1.0000,1.0000,1.0000,1.0000,1.0000,1.0000,1.0000
70,0.7500,SpendAwareDPRebalance (R70-aware),3.3300,11210.3761,373.3055,spend25p,375.1721,367.9985,361.0330,354.1957,346.8498,339.5669,332.6029,325.7117,317.2650,309.1223,13.6892,1.7068,-8.8541,-18.4457,-26.9676,-34.3654,-40.3716,-46.1559,-51.1925,-55.7085,-59.7020,-63.7695,-68.1961,-72.1138,-76.6829,-81.4132,-86.8487,-92.2469,-99.4549,-106.5331,-114.1321,-122.8834,-133.4810,-145.4071,-158.2866
70,0.7500,SpendAwareDPRebalance (R70-aware),3.3300,11210.3761,373.3055,spend50p,375.1721,373.0947,371.4776,369.1953,369.1068,368.4682,366.5090,364.7694,362.0894,357.9003,28.2072,17.1443,6.2709,-4.0105,-12.4333,-19.8634,-27.0825,-32.2611,-37.2435,-41.4790,-45.2833,-48.7940,-52.7710,-56.3772,-60.7754,-65.8403,-71.4851,-78.0621,-85.1496,-92.1393,-100.7504,-109.6146,-119.3529,-130.0656,-141.0821
70,0.7500,SpendAwareDPRebalance (R70-aware),3.3300,11210.3761,373.3055,spend75p,375.1721,378.4251,381.9766,386.5083,391.1808,396.5997,403.3641,410.0295,412.7797,416.2587,43.2039,31.5586,20.8371,10.6651,1.9702,-5.6418,-13.2087,-17.9769,-22.7939,-26.0145,-29.0762,-31.3852,-35.0502,-38.2564,-41.3741,-45.9124,-50.9463,-58.4035,-65.8304,-73.8564,-82.7725,-93.0686,-104.4259,-116.5005,-127.2338
70,0.7500,SpendAwareDPRebalance (R70-aware),3.6600,10199.6045,373.3055,survival,1.0000,1.0000,1.0000,1.0000,1.0000,1.0000,1.0000,1.0000,1.0000,1.0000,1.0000,1.0000,1.0000,1.0000,1.0000,1.0000,1.0000,1.0000,1.0000,1.0000,1.0000,1.0000,1.0000,1.0000,1.0000,1.0000,1.0000,1.0000,1.0000,1.0000,1.0000,1.0000,1.0000,1.0000,1.0000
70,0.7500,SpendAwareDPRebalance (R70-aware),3.6600,10199.6045,373.3055,spend25p,375.1721,367.9985,361.0330,354.1957,346.8498,339.5669,332.6029,325.7117,317.2650,309.1223,13.6892,1.7068,-8.8541,-18.4457,-26.9676,-34.3654,-40.3716,-46.1559,-51.1925,-55.7085,-59.7020,-63.7695,-68.1961,-72.1138,-76.6829,-81.4132,-86.8487,-92.2469,-99.4549,-106.5331,-114.1321,-122.8834,-133.4810,-145.4071,-158.2866
70,0.7500,SpendAwareDPRebalance (R70-aware),3.6600,10199.6045,373.3055,spend50p,375.1721,373.0947,371.4776,369.1953,369.1068,368.4682,366.5090,364.7694,362.0894,357.9003,28.2072,17.1443,6.2709,-4.0105,-12.4333,-19.8634,-27.0825,-32.2611,-37.2435,-41.4790,-45.2833,-48.7940,-52.7710,-56.3772,-60.7754,-65.8403,-71.4851,-78.0621,-85.1496,-92.1393,-100.7504,-109.6146,-119.3529,-130.0656,-141.0821
70,0.7500,SpendAwareDPRebalance (R70-aware),3.6600,10199.6045,373.3055,spend75p,375.1721,378.4251,381.9766,386.5083,391.1808,396.5997,403.3641,410.0295,412.7797,416.2587,43.2039,31.5586,20.8371,10.6651,1.9702,-5.6418,-13.2087,-17.9769,-22.7939,-26.0145,-29.0762,-31.3852,-35.0502,-38.2564,-41.3741,-45.9124,-50.9463,-58.4035,-65.8304,-73.8564,-82.7725,-93.0686,-104.4259,-116.5005,-127.2338
70,0.7500,SpendAwareDPRebalance (R70-aware),4.0000,9332.6381,373.3055,survival,1.0000,1.0000,1.0000,1.0000,1.0000,1.0000,1.0000,1.0000,1.0000,1.0000,1.0000,1.0000,1.0000,1.0000,1.0000,1.0000,1.0000,1.0000,1.0000,1.0000,1.0000,1.0000,1.0000,1.0000,1.0000,1.0000,1.0000,1.0000,1.0000,1.0000,1.0000,1.0000,1.0000,1.0000,1.0000
70,0.7500,SpendAwareDPRebalance (R70-aware),4.0000,9332.6381,373.3055,spend25p,375.1721,367.9985,361.0330,354.1957,346.8498,339.5669,332.6029,325.7117,317.2650,309.1223,13.6892,1.7068,-8.8541,-18.4457,-26.9676,-34.3654,-40.3716,-46.1559,-51.1925,-55.7085,-59.7020,-63.7695,-68.1961,-72.1138,-76.6829,-81.4132,-86.8487,-92.2469,-99.4549,-106.5331,-114.1321,-122.8834,-133.4810,-145.4071,-158.2866
70,0.7500,SpendAwareDPRebalance (R70-aware),4.0000,9332.6381,373.3055,spend50p,375.1721,373.0947,371.4776,369.1953,369.1068,368.4682,366.5090,364.7694,362.0894,357.9003,28.2072,17.1443,6.2709,-4.0105,-12.4333,-19.8634,-27.0825,-32.2611,-37.2435,-41.4790,-45.2833,-48.7940,-52.7710,-56.3772,-60.7754,-65.8403,-71.4851,-78.0621,-85.1496,-92.1393,-100.7504,-109.6146,-119.3529,-130.0656,-141.0821
70,0.7500,SpendAwareDPRebalance (R70-aware),4.0000,9332.6381,373.3055,spend75p,375.1721,378.4251,381.9766,386.5083,391.1808,396.5997,403.3641,410.0295,412.7797,416.2587,43.2039,31.5586,20.8371,10.6651,1.9702,-5.6418,-13.2087,-17.9769,-22.7939,-26.0145,-29.0762,-31.3852,-35.0502,-38.2564,-41.3741,-45.9124,-50.9463,-58.4035,-65.8304,-73.8564,-82.7725,-93.0686,-104.4259,-116.5005,-127.2338
70,0.7500,SpendAwareDPRebalance (R70-aware),4.3300,8621.3747,373.3055,survival,1.0000,1.0000,1.0000,1.0000,1.0000,1.0000,1.0000,1.0000,1.0000,1.0000,1.0000,1.0000,1.0000,1.0000,1.0000,1.0000,1.0000,1.0000,1.0000,1.0000,1.0000,1.0000,1.0000,1.0000,1.0000,1.0000,1.0000,1.0000,1.0000,1.0000,1.0000,1.0000,1.0000,1.0000,1.0000
70,0.7500,SpendAwareDPRebalance (R70-aware),4.3300,8621.3747,373.3055,spend25p,375.1721,367.9985,361.0330,354.1957,346.8498,339.5669,332.6029,325.7117,317.2650,309.1223,13.6892,1.7068,-8.8541,-18.4457,-26.9676,-34.3654,-40.3716,-46.1559,-51.1925,-55.7085,-59.7020,-63.7695,-68.1961,-72.1138,-76.6829,-81.4132,-86.8487,-92.2469,-99.4549,-106.5331,-114.1321,-122.8834,-133.4810,-145.4071,-158.2866
70,0.7500,SpendAwareDPRebalance (R70-aware),4.3300,8621.3747,373.3055,spend50p,375.1721,373.0947,371.4776,369.1953,369.1068,368.4682,366.5090,364.7694,362.0894,357.9003,28.2072,17.1443,6.2709,-4.0105,-12.4333,-19.8634,-27.0825,-32.2611,-37.2435,-41.4790,-45.2833,-48.7940,-52.7710,-56.3772,-60.7754,-65.8403,-71.4851,-78.0621,-85.1496,-92.1393,-100.7504,-109.6146,-119.3529,-130.0656,-141.0821
70,0.7500,SpendAwareDPRebalance (R70-aware),4.3300,8621.3747,373.3055,spend75p,375.1721,378.4251,381.9766,386.5083,391.1808,396.5997,403.3641,410.0295,412.7797,416.2587,43.2039,31.5586,20.8371,10.6651,1.9702,-5.6418,-13.2087,-17.9769,-22.7939,-26.0145,-29.0762,-31.3852,-35.0502,-38.2564,-41.3741,-45.9124,-50.9463,-58.4035,-65.8304,-73.8564,-82.7725,-93.0686,-104.4259,-116.5005,-127.2338
70,0.7500,SpendAwareDPRebalance (R70-aware),4.6600,8010.8481,373.3055,survival,1.0000,1.0000,1.0000,1.0000,1.0000,1.0000,1.0000,1.0000,1.0000,1.0000,1.0000,1.0000,1.0000,1.0000,1.0000,1.0000,1.0000,1.0000,1.0000,1.0000,1.0000,1.0000,1.0000,1.0000,1.0000,1.0000,1.0000,1.0000,1.0000,1.0000,1.0000,1.0000,1.0000,1.0000,1.0000
70,0.7500,SpendAwareDPRebalance (R70-aware),4.6600,8010.8481,373.3055,spend25p,375.1721,367.9985,361.0330,354.1957,346.8498,339.5669,332.6029,325.7117,317.2650,309.1223,13.6892,1.7068,-8.8541,-18.4457,-26.9676,-34.3654,-40.3716,-46.1559,-51.1925,-55.7085,-59.7020,-63.7695,-68.1961,-72.1138,-76.6829,-81.4132,-86.8487,-92.2469,-99.4549,-106.5331,-114.1321,-122.8834,-133.4810,-145.4071,-158.2866
70,0.7500,SpendAwareDPRebalance (R70-aware),4.6600,8010.8481,373.3055,spend50p,375.1721,373.0947,371.4776,369.1953,369.1068,368.4682,366.5090,364.7694,362.0894,357.9003,28.2072,17.1443,6.2709,-4.0105,-12.4333,-19.8634,-27.0825,-32.2611,-37.2435,-41.4790,-45.2833,-48.7940,-52.7710,-56.3772,-60.7754,-65.8403,-71.4851,-78.0621,-85.1496,-92.1393,-100.7504,-109.6146,-119.3529,-130.0656,-141.0821
70,0.7500,SpendAwareDPRebalance (R70-aware),4.6600,8010.8481,373.3055,spend75p,375.1721,378.4251,381.9766,386.5083,391.1808,396.5997,403.3641,410.0295,412.7797,416.2587,43.2039,31.5586,20.8371,10.6651,1.9702,-5.6418,-13.2087,-17.9769,-22.7939,-26.0145,-29.0762,-31.3852,-35.0502,-38.2564,-41.3741,-45.9124,-50.9463,-58.4035,-65.8304,-73.8564,-82.7725,-93.0686,-104.4259,-116.5005,-127.2338
70,0.7500,SpendAwareDPRebalance (R70-aware),5.0000,7466.1105,373.3055,survival,1.0000,1.0000,1.0000,1.0000,1.0000,1.0000,1.0000,1.0000,1.0000,1.0000,1.0000,1.0000,1.0000,1.0000,1.0000,1.0000,1.0000,1.0000,1.0000,1.0000,1.0000,1.0000,1.0000,1.0000,1.0000,1.0000,1.0000,1.0000,1.0000,1.0000,1.0000,1.0000,1.0000,1.0000,1.0000
70,0.7500,SpendAwareDPRebalance (R70-aware),5.0000,7466.1105,373.3055,spend25p,375.1721,367.9985,361.0330,354.1957,346.8498,339.5669,332.6029,325.7117,317.2650,309.1223,13.6892,1.7068,-8.8541,-18.4457,-26.9676,-34.3654,-40.3716,-46.1559,-51.1925,-55.7085,-59.7020,-63.7695,-68.1961,-72.1138,-76.6829,-81.4132,-86.8487,-92.2469,-99.4549,-106.5331,-114.1321,-122.8834,-133.4810,-145.4071,-158.2866
70,0.7500,SpendAwareDPRebalance (R70-aware),5.0000,7466.1105,373.3055,spend50p,375.1721,373.0947,371.4776,369.1953,369.1068,368.4682,366.5090,364.7694,362.0894,357.9003,28.2072,17.1443,6.2709,-4.0105,-12.4333,-19.8634,-27.0825,-32.2611,-37.2435,-41.4790,-45.2833,-48.7940,-52.7710,-56.3772,-60.7754,-65.8403,-71.4851,-78.0621,-85.1496,-92.1393,-100.7504,-109.6146,-119.3529,-130.0656,-141.0821
70,0.7500,SpendAwareDPRebalance (R70-aware),5.0000,7466.1105,373.3055,spend75p,375.1721,378.4251,381.9766,386.5083,391.1808,396.5997,403.3641,410.0295,412.7797,416.2587,43.2039,31.5586,20.8371,10.6651,1.9702,-5.6418,-13.2087,-17.9769,-22.7939,-26.0145,-29.0762,-31.3852,-35.0502,-38.2564,-41.3741,-45.9124,-50.9463,-58.4035,-65.8304,-73.8564,-82.7725,-93.0686,-104.4259,-116.5005,-127.2338
70,0.7500,SpendAwareDPRebalance (R70-aware),5.5000,6787.3731,373.3055,survival,1.0000,1.0000,1.0000,1.0000,1.0000,1.0000,1.0000,1.0000,1.0000,1.0000,1.0000,1.0000,1.0000,1.0000,1.0000,1.0000,1.0000,1.0000,1.0000,1.0000,1.0000,1.0000,1.0000,1.0000,1.0000,1.0000,1.0000,1.0000,1.0000,1.0000,1.0000,1.0000,1.0000,1.0000,1.0000
70,0.7500,SpendAwareDPRebalance (R70-aware),5.5000,6787.3731,373.3055,spend25p,375.1721,367.9985,361.0330,354.1957,346.8498,339.5669,332.6029,325.7117,317.2650,309.1223,13.6892,1.7068,-8.8541,-18.4457,-26.9676,-34.3654,-40.3716,-46.1559,-51.1994,-55.7085,-59.7020,-63.7695,-68.1961,-72.1138,-76.6829,-81.4132,-86.8487,-92.2469,-99.4549,-106.5331,-114.1321,-122.8834,-133.4810,-145.4071,-158.2866
70,0.7500,SpendAwareDPRebalance (R70-aware),5.5000,6787.3731,373.3055,spend50p,375.1721,373.0947,371.4776,369.1953,369.1068,368.4682,366.5090,364.7694,362.0894,357.9003,28.2072,17.1443,6.2709,-4.0105,-12.4333,-19.8634,-27.0825,-32.2663,-37.2435,-41.4790,-45.2833,-48.7940,-52.7710,-56.3772,-60.7754,-65.8403,-71.4851,-78.0621,-85.1496,-92.1393,-100.7504,-109.6146,-119.3529,-130.0656,-141.0821
70,0.7500,SpendAwareDPRebalance (R70-aware),5.5000,6787.3731,373.3055,spend75p,375.1721,378.4251,381.9483,386.5083,391.1808,396.5997,403.3641,410.0295,412.7797,416.2587,43.2039,31.5586,20.8371,10.6651,1.9702,-5.6418,-13.2087,-17.9769,-22.7939,-26.0145,-29.0762,-31.3852,-35.0502,-38.2564,-41.3741,-45.9124,-50.9463,-58.4035,-65.8304,-73.8564,-82.7725,-93.0686,-104.4259,-116.5005,-127.2338
70,0.7500,SpendAwareDPRebalance (R70-aware),6.0000,6221.7587,373.3055,survival,1.0000,1.0000,1.0000,1.0000,1.0000,1.0000,1.0000,1.0000,1.0000,1.0000,1.0000,1.0000,1.0000,1.0000,1.0000,1.0000,1.0000,1.0000,1.0000,1.0000,1.0000,1.0000,1.0000,1.0000,1.0000,1.0000,1.0000,1.0000,1.0000,1.0000,1.0000,1.0000,1.0000,1.0000,1.0000
70,0.7500,SpendAwareDPRebalance (R70-aware),6.0000,6221.7587,373.3055,spend25p,375.1721,367.9950,361.0330,354.1957,346.8498,339.5669,332.6029,325.7117,317.2650,309.1223,13.6892,1.7068,-8.8541,-18.4457,-26.9940,-34.3734,-40.4067,-46.1617,-51.1994,-55.7085,-59.7020,-63.7695,-68.1961,-72.1138,-76.7086,-81.4132,-86.9456,-92.2943,-99.4549,-106.5331,-114.1321,-122.8834,-133.4810,-145.4071,-158.3750
70,0.7500,SpendAwareDPRebalance (R70-aware),6.0000,6221.7587,373.3055,spend50p,375.1721,373.0889,371.4776,369.1953,368.9748,368.4682,366.5090,364.7694,362.0894,357.9003,28.1853,17.0915,6.2239,-4.0685,-12.4455,-19.8707,-27.0905,-32.2663,-37.2435,-41.4790,-45.2979,-48.8539,-52.7710,-56.4014,-60.7754,-65.8403,-71.4851,-78.0976,-85.1927,-92.1561,-100.7504,-109.6476,-119.3795,-130.1511,-141.1156
70,0.7500,SpendAwareDPRebalance (R70-aware),6.0000,6221.7587,373.3055,spend75p,375.1721,378.4200,381.8890,386.5083,391.1516,396.5997,403.3254,409.9366,412.6084,416.2587,43.1659,31.5258,20.6999,10.5520,1.8386,-5.6456,-13.2609,-17.9976,-22.7939,-26.0288,-29.0890,-31.3852,-35.0502,-38.2564,-41.3741,-45.9401,-50.9463,-58.4035,-65.8304,-73.8984,-82.8215,-93.1607,-104.4801,-116.5262,-127.2588
70,0.7500,SpendAwareDPRebalance (R70-aware),7.0000,5332.9360,373.3055,survival,1.0000,1.0000,1.0000,1.0000,1.0000,1.0000,1.0000,1.0000,1.0000,0.9990,0.9990,0.9990,0.9990,0.9990,0.9990,0.9990,0.9990,0.9990,0.9990,0.9990,0.9990,0.9990,0.9990,0.9990,0.9990,0.9990,0.9985,0.9985,0.9985,0.9985,0.9985,0.9985,0.9985,0.9985,0.9985
70,0.7500,SpendAwareDPRebalance (R70-aware),7.0000,5332.9360,373.3055,spend25p,375.1721,367.9649,361.0298,354.1666,346.6988,339.4083,332.3431,325.6819,317.2650,308.6795,13.3203,1.3570,-8.9570,-18.7007,-27.1266,-34.4900,-40.4922,-46.2094,-51.2368,-56.0435,-59.8843,-64.2103,-68.3769,-72.1746,-76.7490,-81.7459,-87.1466,-92.4439,-99.5592,-106.7212,-114.2538,-123.1078,-133.6453,-145.4616,-158.6412
70,0.7500,SpendAwareDPRebalance (R70-aware),7.0000,5332.9360,373.3055,spend50p,375.1721,373.0405,371.3404,368.9803,368.7102,368.2501,366.4262,364.7287,361.9309,357.4951,28.0166,16.8173,6.0253,-4.1448,-12.8494,-19.9909,-27.3403,-32.4388,-37.4637,-41.6707,-45.7003,-49.0327,-52.9420,-56.4894,-60.8922,-66.0734,-71.5194,-78.2096,-85.2400,-92.2462,-100.7938,-109.7502,-119.5434,-130.2575,-141.2560
70,0.7500,SpendAwareDPRebalance (R70-aware),7.0000,5332.9360,373.3055,spend75p,375.1721,378.3636,381.7190,386.1971,390.9516,396.3236,403.2352,409.7677,412.2659,415.8331,42.8701,31.3312,20.4997,10.3199,1.5116,-5.8007,-13.4064,-18.2368,-22.8860,-26.2780,-29.3097,-31.5098,-35.3971,-38.4836,-41.8498,-45.9564,-51.3398,-58.5294,-65.9927,-74.1567,-83.0039,-93.2574,-104.7017,-116.5672,-127.4578
70,0.7500,SpendAwareDPRebalance (R70-aware),8.0000,4666.3190,373.3055,survival,1.0000,1.0000,1.0000,1.0000,1.0000,0.9995,0.9990,0.9985,0.9980,0.9950,0.9945,0.9930,0.9925,0.9895,0.9890,0.9890,0.9885,0.9885,0.9885,0.9885,0.9880,0.9875,0.9875,0.9870,0.9865,0.9860,0.9860,0.9860,0.9860,0.9860,0.9860,0.9860,0.9860,0.9860,0.9860
70,0.7500,SpendAwareDPRebalance (R70-aware),8.0000,4666.3190,373.3055,spend25p,375.1721,367.6369,360.3620,353.4196,346.1252,338.6510,331.5002,324.7730,316.0216,307.0888,12.3586,0.4647,-9.6696,-19.2399,-27.6579,-35.0619,-41.2641,-46.9568,-52.2620,-56.6088,-60.7118,-65.0722,-69.3121,-73.3574,-77.2954,-82.4754,-87.8073,-93.6592,-100.2460,-107.6614,-114.9028,-124.1479,-134.0014,-146.3532,-159.2577
70,0.7500,SpendAwareDPRebalance (R70-aware),8.0000,4666.3190,373.3055,spend50p,375.1721,372.7401,370.8541,368.0457,367.7020,367.4562,365.8877,363.9434,361.2639,356.2494,26.9255,15.5702,4.7432,-4.8041,-13.5634,-20.8193,-28.2249,-33.5175,-38.1860,-42.3805,-46.5038,-49.8434,-53.7414,-57.4249,-62.0127,-66.9736,-72.3430,-78.5915,-85.8649,-92.9232,-101.3090,-110.5244,-120.1196,-130.7816,-141.6267
70,0.7500,SpendAwareDPRebalance (R70-aware),8.0000,4666.3190,373.3055,spend75p,375.1721,378.0584,381.1638,385.1614,390.0979,395.2933,401.9579,407.7675,411.6641,414.3171,41.7728,30.1245,19.1599,8.7749,0.0000,-6.9935,-14.1749,-18.7508,-23.5890,-27.1789,-30.2600,-32.4862,-36.1867,-39.1046,-42.5551,-47.0303,-51.8824,-58.7671,-66.4359,-74.2982,-83.4596,-93.6625,-104.7975,-116.6768,-127.6426
70,1.0000,SpendAwareDPRebalance (R70-aware),2.8000,17776.4535,497.7407,survival,1.0000,1.0000,1.0000,1.0000,1.0000,1.0000,1.0000,1.0000,1.0000,1.0000,1.0000,1.0000,1.0000,1.0000,1.0000,1.0000,1.0000,1.0000,1.0000,1.0000,1.0000,1.0000,1.0000,1.0000,1.0000,1.0000,1.0000,1.0000,1.0000,1.0000,1.0000,1.0000,1.0000,1.0000,1.0000
70,1.0000,SpendAwareDPRebalance (R70-aware),2.8000,17776.4535,497.7407,spend25p,500.2294,490.6647,481.3773,472.2609,462.4664,452.7559,443.4705,434.2823,423.0200,412.1630,113.8404,100.0825,86.9000,75.0599,65.9022,58.0666,50.2813,45.3420,39.8903,35.1572,32.4811,29.3952,26.0727,23.9104,20.3999,15.9173,12.1508,7.6173,2.6315,-3.8296,-10.9076,-17.9276,-26.6324,-36.4248,-46.3863
70,1.0000,SpendAwareDPRebalance (R70-aware),2.8000,17776.4535,497.7407,spend50p,500.2294,497.4596,495.3034,492.2603,492.1424,491.2909,488.6786,486.3592,482.7858,477.2004,147.0992,135.2833,124.1970,113.6830,104.9452,98.2021,90.7413,86.3176,83.6419,81.9064,81.0131,79.5855,78.1832,75.1087,72.6307,68.9613,65.5737,60.5454,54.8504,48.9198,41.1936,34.5870,25.6199,17.6700,7.2705
70,1.0000,SpendAwareDPRebalance (R70-aware),2.8000,17776.4535,497.7407,spend75p,500.2294,504.5668,509.3021,515.3444,521.5744,528.7996,537.8187,546.7061,550.3729,555.0116,182.8029,171.2478,163.1217,155.5411,147.9001,142.3846,139.0739,136.6701,135.3979,135.6878,136.2720,138.1357,140.8126,142.3936,144.6997,146.7331,150.2886,147.6292,145.0714,140.5439,133.1268,125.6702,117.3019,108.1052,95.2847
70,1.0000,SpendAwareDPRebalance (R70-aware),3.0000,16591.3566,497.7407,survival,1.0000,1.0000,1.0000,1.0000,1.0000,1.0000,1.0000,1.0000,1.0000,1.0000,1.0000,1.0000,1.0000,1.0000,1.0000,1.0000,1.0000,1.0000,1.0000,1.0000,1.0000,1.0000,1.0000,1.0000,1.0000,1.0000,1.0000,1.0000,1.0000,1.0000,1.0000,0.9995,0.9995,0.9995,0.9990
70,1.0000,SpendAwareDPRebalance (R70-aware),3.0000,16591.3566,497.7407,spend25p,500.2294,490.6647,481.3773,472.2609,462.4664,452.7559,443.4705,434.2823,423.0200,412.1630,113.8404,100.0825,86.9000,75.0599,65.9022,58.0666,50.2813,45.3420,39.8903,35.1572,32.4811,29.3952,26.0727,23.9104,20.3999,15.9173,12.1508,7.6173,2.6315,-3.8296,-10.9076,-17.9276,-26.6324,-36.4248,-46.3863
70,1.0000,SpendAwareDPRebalance (R70-aware),3.0000,16591.3566,497.7407,spend50p,500.2294,497.4596,495.3034,492.2603,492.1424,491.2909,488.6786,486.3592,482.7858,477.2004,147.0992,135.2833,124.1970,113.6830,104.9452,98.2021,90.7413,86.3176,83.6419,81.9064,81.0131,79.5855,78.1832,75.1087,72.6307,68.9613,65.5737,60.5454,54.8504,48.9198,41.1936,34.3672,25.4519,17.6416,7.1410
70,1.0000,SpendAwareDPRebalance (R70-aware),3.0000,16591.3566,497.7407,spend75p,500.2294,504.5668,509.3021,515.3444,521.5744,528.7996,537.8187,546.7061,550.3729,555.0116,182.8029,171.2478,163.1217,155.5411,147.9001,142.3846,139.0739,136.6701,135.3979,135.6878,136.2720,138.1357,140.8126,142.3936,144.6997,146.7331,150.2886,147.6292,145.0714,140.5439,133.1268,125.4744,117.1910,107.6433,94.9511
70,1.0000,SpendAwareDPRebalance (R70-aware),3.3300,14947.1681,497.7407,survival,1.0000,1.0000,1.0000,1.0000,1.0000,1.0000,1.0000,1.0000,1.0000,1.0000,1.0000,1.0000,1.0000,1.0000,1.0000,1.0000,1.0000,1.0000,1.0000,1.0000,1.0000,1.0000,1.0000,1.0000,1.0000,1.0000,1.0000,1.0000,1.0000,1.0000,0.9995,0.9990,0.9985,0.9975,0.9975
70,1.0000,SpendAwareDPRebalance (R70-aware),3.3300,14947.1681,497.7407,spend25p,500.2294,490.6647,481.3773,472.2609,462.4664,452.7559,443.4705,434.2823,423.0200,412.1630,113.8404,100.0825,86.9000,75.0599,65.9022,58.0666,50.2813,45.3420,39.8903,35.1572,32.4811,29.3952,26.0727,23.9104,20.3999,15.9173,12.1508,7.6173,2.6315,-3.8296,-10.9076,-17.9276,-26.6324,-36.4248,-46.3863
70,1.0000,SpendAwareDPRebalance (R70-aware),3.3300,14947.1681,497.7407,spend50p,500.2294,497.4596,495.3034,492.2603,492.1424,491.2909,488.6786,486.3592,482.7858,477.2004,147.0992,135.2833,124.1970,113.6830,104.9452,98.2021,90.7413,86.3176,83.6419,81.9064,81.0131,79.5855,78.1832,75.1087,72.6307,68.9613,65.5737,60.5454,54.8504,48.9198,41.0292,34.2319,25.0990,17.5129,6.9841
70,1.0000,SpendAwareDPRebalance (R70-aware),3.3300,14947.1681,497.7407,spend75p,500.2294,504.5668,509.3021,515.3444,521.5744,528.7996,537.8187,546.7061,550.3729,555.0116,182.8029,171.2478,163.1217,155.5411,147.9001,142.3846,139.0739,136.6701,135.3979,135.6878,136.2720,138.1357,140.8126,142.3936,144.6997,146.7331,150.2886,147.6292,145.0714,140.5439,132.9547,125.3147,116.3296,105.7121,94.6858
70,1.0000,SpendAwareDPRebalance (R70-aware),3.6600,13599.4726,497.7407,survival,1.0000,1.0000,1.0000,1.0000,1.0000,1.0000,1.0000,1.0000,1.0000,1.0000,1.0000,1.0000,1.0000,1.0000,1.0000,1.0000,1.0000,1.0000,1.0000,1.0000,1.0000,1.0000,1.0000,1.0000,1.0000,1.0000,1.0000,1.0000,1.0000,0.9995,0.9995,0.9980,0.9960,0.9960,0.9950
70,1.0000,SpendAwareDPRebalance (R70-aware),3.6600,13599.4726,497.7407,spend25p,500.2294,490.6647,481.3773,472.2609,462.4664,452.7559,443.4705,434.2823,423.0200,412.1630,113.8404,100.0825,86.9000,75.0599,65.9022,58.0666,50.2813,45.3420,39.8903,35.1572,32.4811,29.3952,26.0727,23.9104,20.3999,15.9173,12.1508,7.6173,2.6315,-3.8296,-10.9076,-17.9276,-26.6324,-36.4248,-46.3863
70,1.0000,SpendAwareDPRebalance (R70-aware),3.6600,13599.4726,497.7407,spend50p,500.2294,497.4596,495.3034,492.2603,492.1424,491.2909,488.6786,486.3592,482.7858,477.2004,147.0992,135.2833,124.1970,113.6830,104.9452,98.2021,90.7413,86.3176,83.6419,81.9064,81.0131,79.5855,78.1832,75.1087,72.6307,68.9613,65.5737,60.5454,54.8504,48.8608,41.0292,34.0652,24.3952,16.9882,6.6666
70,1.0000,SpendAwareDPRebalance (R70-aware),3.6600,13599.4726,497.7407,spend75p,500.2294,504.5668,509.3021,515.3444,521.5744,528.7996,537.8187,546.7061,550.3729,555.0116,182.8029,171.2478,163.1217,155.5411,147.9001,142.3846,139.0739,136.6701,135.3979,135.6878,136.2720,138.1357,140.8126,142.3936,144.6997,146.7331,150.2886,147.6292,145.0714,140.3007,132.9547,125.0563,115.3884,104.3559,93.3167
70,1.0000,SpendAwareDPRebalance (R70-aware),4.0000,12443.5174,497.7407,survival,1.0000,1.0000,1.0000,1.0000,1.0000,1.0000,1.0000,1.0000,1.0000,1.0000,1.0000,1.0000,1.0000,1.0000,1.0000,1.0000,1.0000,1.0000,1.0000,1.0000,1.0000,1.0000,1.0000,1.0000,1.0000,1.0000,1.0000,1.0000,0.9995,0.9975,0.9965,0.9945,0.9920,0.9915,0.9900
70,1.0000,SpendAwareDPRebalance (R70-aware),4.0000,12443.5174,497.7407,spend25p,500.2294,490.6647,481.3773,472.2609,462.4664,452.7559,443.4705,434.2823,423.0200,412.1630,113.8404,100.0825,86.9000,75.0599,65.9022,58.0666,50.2813,45.3420,39.8903,35.1572,32.4811,29.3952,26.0727,23.9104,20.3999,15.9173,12.1508,7.6173,2.6078,-3.8296,-10.9076,-17.9276,-26.6324,-36.4248,-46.3863
70,1.0000,SpendAwareDPRebalance (R70-aware),4.0000,12443.5174,497.7407,spend50p,500.2294,497.4596,495.3034,492.2603,492.1424,491.2909,488.6786,486.3592,482.7858,477.2004,147.0992,135.2833,124.1970,113.6830,104.9452,98.2021,90.7413,86.3176,83.6419,81.9064,81.0131,79.5855,78.1832,75.1087,72.6307,68.9613,65.5737,60.5454,54.6068,48.2232,40.1085,33.2413,23.8644,15.8558,5.1908
70,1.0000,SpendAwareDPRebalance (R70-aware),4.0000,12443.5174,497.7407,spend75p,500.2294,504.5668,509.3021,515.3444,521.5744,528.7996,537.8187,546.7061,550.3729,555.0116,182.8029,171.2478,163.1217,155.5411,147.9001,142.3846,139.0739,136.6701,135.3979,135.6878,136.2720,138.1357,140.8126,142.3936,144.6997,146.7331,150.2300,147.5574,144.4780,139.2888,131.1796,124.0542,113.8338,102.1974,91.4581
70,1.0000,SpendAwareDPRebalance (R70-aware),4.3300,11495.1662,497.7407,survival,1.0000,1.0000,1.0000,1.0000,1.0000,1.0000,1.0000,1.0000,1.0000,1.0000,1.0000,1.0000,1.0000,1.0000,1.0000,1.0000,1.0000,1.0000,1.0000,1.0000,1.0000,1.0000,1.0000,1.0000,1.0000,1.0000,0.9995,0.9985,0.9960,0.9950,0.9940,0.9930,0.9915,0.9885,0.9880
70,1.0000,SpendAwareDPRebalance (R70-aware),4.3300,11495.1662,497.7407,spend25p,500.2294,490.6647,481.3773,472.2609,462.4664,452.7559,443.4705,434.2823,423.0200,412.1630,113.8404,100.0825,86.9000,75.0599,65.9022,58.0666,50.2813,45.3420,39.8903,35.1572,32.4811,29.3952,26.0727,23.9104,20.3999,15.9173,12.1054,7.1785,1.3912,-3.8296,-10.9076,-17.9276,-26.6324,-36.4248,-46.6353
70,1.0000,SpendAwareDPRebalance (R70-aware),4.3300,11495.1662,497.7407,spend50p,500.2294,497.4596,495.3034,492.2603,492.1424,491.2909,488.6786,486.3592,482.7858,477.2004,147.0992,135.2833,124.1970,113.6830,104.9452,98.2021,90.7413,86.3176,83.6419,81.9064,81.0131,79.5855,78.1832,75.1087,72.6307,68.9613,65.5616,59.8087,53.6105,46.8576,39.0921,32.6195,23.3772,13.7867,4.7279
70,1.0000,SpendAwareDPRebalance (R70-aware),4.3300,11495.1662,497.7407,spend75p,500.2294,504.5668,509.3021,515.3444,521.5744,528.7996,537.8187,546.7061,550.3729,555.0116,182.8029,171.2478,163.1217,155.5411,147.9001,142.3846,139.0739,136.6701,135.3979,135.6878,136.2720,137.8588,140.7850,142.2525,144.5679,146.5928,149.1376,146.0769,141.7202,138.2319,129.8238,122.7957,113.5072,100.8345,90.5380
70,1.0000,SpendAwareDPRebalance (R70-aware),4.6600,10681.1309,497.7407,survival,1.0000,1.0000,1.0000,1.0000,1.0000,1.0000,1.0000,1.0000,1.0000,1.0000,1.0000,1.0000,1.0000,1.0000,1.0000,1.0000,1.0000,1.0000,1.0000,1.0000,1.0000,1.0000,1.0000,1.0000,1.0000,0.9995,0.9995,0.9975,0.9960,0.9925,0.9910,0.9875,0.9865,0.9850,0.9835
70,1.0000,SpendAwareDPRebalance (R70-aware),4.6600,10681.1309,497.7407,spend25p,500.2294,490.6647,481.3773,472.2609,462.4664,452.7559,443.4705,434.2823,423.0200,412.1630,113.8404,100.0825,86.9000,75.0599,65.9022,58.0666,50.2813,45.3420,39.8903,35.0786,32.4811,29.3952,26.0727,23.9104,20.3999,15.7704,12.1054,6.9327,1.3912,-3.8296,-10.9076,-17.9385,-26.7696,-36.4784,-46.6353
70,1.0000,SpendAwareDPRebalance (R70-aware),4.6600,10681.1309,497.7407,spend50p,500.2294,497.4596,495.3034,492.2603,492.1424,491.2909,488.6786,486.3592,482.7858,477.2004,147.0992,135.2833,124.1970,113.6830,104.9452,98.2021,90.7413,86.3061,83.6419,81.9064,81.0131,79.5855,78.1832,75.1087,72.6307,68.8227,65.5616,59.6428,53.5256,46.1563,38.6142,30.9019,21.7412,12.6011,3.6999
70,1.0000,SpendAwareDPRebalance (R70-aware),4.6600,10681.1309,497.7407,spend75p,500.2294,504.5668,509.2644,515.3444,521.5744,528.7996,537.8187,546.7061,550.3729,555.0116,182.8029,171.2478,163.1217,155.5411,147.8260,142.3846,139.0739,136.6701,135.3979,135.6878,136.2720,137.8588,140.7850,142.2525,144.3990,146.0475,148.2299,144.6968,141.1512,137.2728,129.0250,121.0429,111.5005,99.3715,88.9610
70,1.0000,SpendAwareDPRebalance (R70-aware),5.0000,9954.8140,497.7407,survival,1.0000,1.0000,1.0000,1.0000,1.0000,1.0000,1.0000,1.0000,1.0000,1.0000,1.0000,1.0000,1.0000,1.0000,1.0000,1.0000,1.0000,1.0000,1.0000,1.0000,1.0000,1.0000,1.0000,1.0000,0.9995,0.9995,0.9985,0.9955,0.9915,0.9900,0.9860,0.9835,0.9825,0.9805,0.9780
70,1.0000,SpendAwareDPRebalance (R70-aware),5.0000,9954.8140,497.7407,spend25p,500.2294,490.6600,481.3773,472.2609,462.4664,452.7559,443.4705,434.2823,423.0200,412.1630,113.8404,100.0825,86.9000,75.0599,65.9022,58.0666,50.2813,45.2644,39.8329,35.0786,32.4811,29.3952,26.0727,23.8317,20.3314,15.4352,11.8557,6.2427,0.3442,-3.8916,-10.9782,-17.9437,-26.8847,-36.4784,-47.0257
70,1.0000,SpendAwareDPRebalance (R70-aware),5.0000,9954.8140,497.7407,spend50p,500.2294,497.4519,495.3034,492.2603,492.1424,491.2909,488.6786,486.3592,482.7858,477.2004,147.0992,135.2833,124.1970,113.6435,104.8716,98.0534,90.5912,86.3061,83.6419,81.9064,81.0131,79.3554,78.0453,74.7617,72.2209,68.4210,65.0440,59.2013,52.4210,45.8763,37.6634,29.6115,20.5266,11.0547,1.9269
70,1.0000,SpendAwareDPRebalance (R70-aware),5.0000,9954.8140,497.7407,spend75p,500.2294,504.5668,509.2644,515.3444,521.5744,528.7996,537.7671,546.7061,550.3729,555.0116,182.7272,171.1714,163.0492,155.4655,147.8260,142.3846,138.9062,136.5498,135.3494,135.3943,136.0524,137.6990,140.4045,141.9082,143.4441,144.9508,147.8512,143.7542,139.2234,134.8996,126.2188,117.9325,110.4482,97.4528,86.7355
70,1.0000,SpendAwareDPRebalance (R70-aware),5.5000,9049.8309,497.7407,survival,1.0000,1.0000,1.0000,1.0000,1.0000,1.0000,1.0000,1.0000,1.0000,1.0000,1.0000,1.0000,1.0000,1.0000,1.0000,1.0000,1.0000,1.0000,1.0000,1.0000,1.0000,1.0000,1.0000,1.0000,0.9990,0.9985,0.9970,0.9925,0.9870,0.9825,0.9790,0.9770,0.9715,0.9690,0.9670
70,1.0000,SpendAwareDPRebalance (R70-aware),5.5000,9049.8309,497.7407,spend25p,500.2294,490.6600,481.3773,472.2609,462.4664,452.7559,443.4705,434.2426,423.0200,412.1630,113.8404,100.0825,86.9000,75.0304,65.7188,57.9565,50.2380,45.2644,39.7759,35.0106,32.4811,29.3952,26.0425,23.2607,19.6566,15.2556,11.4605,5.5318,0.0000,-4.1143,-11.3006,-18.2130,-27.5370,-37.0694,-47.7329
70,1.0000,SpendAwareDPRebalance (R70-aware),5.5000,9049.8309,497.7407,spend50p,500.2294,497.4279,495.2796,492.2603,491.8101,491.2399,488.6786,486.3592,482.7858,477.2004,146.9463,135.1708,124.1743,113.6435,104.8498,98.0534,90.4163,86.2729,83.6105,81.6688,80.9080,78.8002,77.8971,74.4598,71.7286,67.5265,64.3924,58.1219,50.0810,43.0773,35.3848,27.7205,16.9948,6.9721,0.0000
70,1.0000,SpendAwareDPRebalance (R70-aware),5.5000,9049.8309,497.7407,spend75p,500.2294,504.5430,509.1158,515.2160,521.4358,528.5563,537.7198,546.4876,549.8432,554.8273,182.6619,171.1364,162.8275,155.3231,147.4152,141.6307,138.0102,136.3582,134.6820,134.5449,135.6890,137.1194,139.4069,140.4916,142.6824,143.3717,144.4560,140.1417,136.4675,130.0286,122.6969,113.5594,104.5491,92.2696,80.1686
70,1.0000,SpendAwareDPRebalance (R70-aware),6.0000,8295.6783,497.7407,survival,1.0000,1.0000,1.0000,1.0000,1.0000,1.0000,1.0000,1.0000,1.0000,1.0000,1.0000,1.0000,0.9995,0.9995,0.9995,0.9995,0.9995,0.9995,0.9995,0.9995,0.9995,0.9990,0.9990,0.9980,0.9975,0.9955,0.9940,0.9880,0.9850,0.9800,0.9735,0.9710,0.9660,0.9600,0.9575
70,1.0000,SpendAwareDPRebalance (R70-aware),6.0000,8295.6783,497.7407,spend25p,500.2294,490.6199,481.3731,472.2483,462.2651,452.6920,443.1873,434.2426,423.0200,411.8251,113.6294,99.3446,86.7039,74.9523,65.5506,57.4793,50.1285,45.1517,39.4535,34.8690,32.3255,28.7478,25.7268,22.8309,18.8086,14.4127,10.3566,4.4217,0.0000,-5.8558,-13.1281,-21.2525,-29.7620,-39.1574,-49.3540
70,1.0000,SpendAwareDPRebalance (R70-aware),6.0000,8295.6783,497.7407,spend50p,500.2294,497.3874,495.1417,492.0700,491.5128,491.0153,488.6320,486.3049,482.5745,476.9100,146.4352,134.9002,123.7035,112.9379,104.1459,97.2232,89.7595,85.7994,82.9204,80.8518,80.0194,78.3722,76.2063,72.9830,69.9635,64.6378,61.4514,54.4165,48.0198,40.5033,32.0680,22.6175,13.5731,1.7465,0.0000
70,1.0000,SpendAwareDPRebalance (R70-aware),6.0000,8295.6783,497.7407,spend75p,500.2294,504.4848,508.9587,514.9295,521.2688,528.4625,537.6469,546.1883,549.4973,554.4442,182.1779,170.7499,162.2847,154.4587,146.8617,141.1967,137.3207,134.8140,132.3794,131.7889,132.2166,133.7097,134.7188,136.7424,137.4361,139.7769,138.3040,134.6349,131.4835,123.9128,115.1256,108.9632,95.9916,80.7788,69.7957
70,1.0000,SpendAwareDPRebalance (R70-aware),7.0000,7110.5814,497.7407,survival,1.0000,1.0000,1.0000,1.0000,1.0000,1.0000,1.0000,0.9995,0.9985,0.9985,0.9985,0.9985,0.9985,0.9980,0.9980,0.9980,0.9980,0.9970,0.9965,0.9960,0.9955,0.9945,0.9945,0.9945,0.9930,0.9910,0.9865,0.9815,0.9760,0.9710,0.9625,0.9545,0.9475,0.9425,0.9385
70,1.0000,SpendAwareDPRebalance (R70-aware),7.0000,7110.5814,497.7407,spend25p,500.2294,490.1826,480.4431,471.1332,461.3742,451.6717,442.0453,432.8771,421.2169,410.1069,112.4531,98.0984,85.0416,73.4678,64.0512,55.5346,48.2560,42.5884,36.5313,32.9508,29.6737,27.0900,23.1581,19.4299,15.0209,11.1425,6.0496,0.0000,-1.8627,-9.2150,-17.2758,-26.3438,-35.9969,-45.2920,-54.8524
70,1.0000,SpendAwareDPRebalance (R70-aware),7.0000,7110.5814,497.7407,spend50p,500.2294,496.9540,494.4233,490.6010,490.0991,489.7120,487.7555,484.9436,481.2314,475.3659,144.4420,132.2192,121.3174,109.7806,100.8882,92.9406,86.2881,82.2122,77.6239,75.6562,73.1333,71.3415,68.6150,65.9040,61.8904,57.8286,51.2580,45.6300,39.5702,31.2096,21.9914,11.3937,1.3592,0.0000,-8.6452
70,1.0000,SpendAwareDPRebalance (R70-aware),7.0000,7110.5814,497.7407,spend75p,500.2294,504.0225,508.0818,513.4494,519.8894,526.4870,535.7576,542.5378,547.4929,550.9233,177.4016,168.1026,157.0284,148.2061,140.6193,134.1371,128.8154,124.4109,122.7861,122.7940,121.2935,121.0356,121.4405,125.4922,125.2797,123.4012,117.8548,116.1052,109.3487,105.2925,95.6783,82.4821,68.4859,56.4367,45.3165
70,1.0000,SpendAwareDPRebalance (R70-aware),8.0000,6221.7587,497.7407,survival,1.0000,1.0000,1.0000,1.0000,1.0000,0.9995,0.9990,0.9955,0.9930,0.9910,0.9900,0.9900,0.9895,0.9895,0.9890,0.9885,0.9880,0.9865,0.9860,0.9860,0.9860,0.9850,0.9835,0.9825,0.9815,0.9810,0.9780,0.9730,0.9645,0.9570,0.9445,0.9360,0.9290,0.9235,0.9160
70,1.0000,SpendAwareDPRebalance (R70-aware),8.0000,6221.7587,497.7407,spend25p,500.2294,488.8355,478.5291,468.3828,458.5967,449.0854,439.0606,427.7514,417.7063,406.6198,106.5201,92.4937,78.6192,67.5611,57.8376,48.9350,41.5757,34.4282,29.5050,25.0870,21.7292,18.5905,14.2402,11.8009,7.3144,3.3571,0.0000,-3.3691,-9.9609,-17.7612,-25.9892,-34.5729,-43.4100,-53.6639,-63.9288
70,1.0000,SpendAwareDPRebalance (R70-aware),8.0000,6221.7587,497.7407,spend50p,500.2294,495.8141,492.2057,488.9803,487.0132,485.8747,483.2141,479.5648,474.5858,469.5778,136.6988,124.6407,112.7202,100.8228,91.0120,83.5804,76.2713,71.3625,67.3016,63.4850,61.1445,58.4672,56.3612,53.0825,49.8437,45.8229,39.8100,33.6985,25.9879,16.7170,6.7585,0.0000,-2.8911,-12.8337,-24.2517
70,1.0000,SpendAwareDPRebalance (R70-aware),8.0000,6221.7587,497.7407,spend75p,500.2294,502.8830,506.2069,510.1291,515.6099,522.4830,529.5924,533.6662,537.7139,540.5207,169.2219,157.6012,145.7309,135.3877,127.4946,121.1359,114.7834,111.1158,108.6238,106.9492,105.8724,104.9479,104.1868,103.8196,101.5589,99.3764,95.2429,88.2731,79.8147,70.3286,62.2457,49.5526,40.4512,27.4202,15.1751
70,1.2000,SpendAwareDPRebalance (R70-aware),2.8000,21331.7442,597.2888,survival,1.0000,1.0000,1.0000,1.0000,1.0000,1.0000,1.0000,1.0000,1.0000,1.0000,1.0000,1.0000,1.0000,1.0000,1.0000,1.0000,1.0000,1.0000,1.0000,1.0000,1.0000,1.0000,1.0000,1.0000,1.0000,1.0000,1.0000,1.0000,1.0000,1.0000,1.0000,1.0000,1.0000,0.9990,0.9975
70,1.2000,SpendAwareDPRebalance (R70-aware),2.8000,21331.7442,597.2888,spend25p,600.2753,588.7976,577.6528,566.7131,554.9596,543.3071,532.1646,521.1387,507.6240,494.5956,193.7106,178.2899,163.4544,149.9135,140.3615,131.5185,123.3075,117.7473,111.7064,108.3842,105.4961,103.8161,100.5446,99.1590,96.7112,93.4170,91.4277,87.4733,83.1230,75.8754,70.4517,62.9028,54.6623,45.8665,34.8257
70,1.2000,SpendAwareDPRebalance (R70-aware),2.8000,21331.7442,597.2888,spend50p,600.2753,596.9516,594.3641,590.7124,590.5708,589.5491,586.4143,583.6311,579.3430,572.6404,241.8676,229.3565,217.0430,206.3323,198.4205,192.1999,185.2331,181.6047,179.8107,180.6257,182.3505,182.9359,181.8149,180.3182,179.1475,178.0196,176.1454,170.5532,167.1859,164.5115,158.2563,153.4085,148.8559,142.0373,131.7381
70,1.2000,SpendAwareDPRebalance (R70-aware),2.8000,21331.7442,597.2888,spend75p,600.2753,605.4802,611.1625,618.4132,625.8893,634.5595,645.3825,656.0473,660.4475,666.0139,294.6453,284.7383,276.1053,271.1681,264.4392,261.3133,260.6323,259.7314,262.4369,264.6323,269.4644,274.0357,282.8137,288.9163,298.1332,305.3847,311.8959,311.6645,309.7746,312.9890,310.9868,303.7827,299.4146,294.7351,287.0238
70,1.2000,SpendAwareDPRebalance (R70-aware),3.0000,19909.6279,597.2888,survival,1.0000,1.0000,1.0000,1.0000,1.0000,1.0000,1.0000,1.0000,1.0000,1.0000,1.0000,1.0000,1.0000,1.0000,1.0000,1.0000,1.0000,1.0000,1.0000,1.0000,1.0000,1.0000,1.0000,1.0000,1.0000,1.0000,1.0000,1.0000,1.0000,1.0000,1.0000,1.0000,0.9995,0.9980,0.9965
70,1.2000,SpendAwareDPRebalance (R70-aware),3.0000,19909.6279,597.2888,spend25p,600.2753,588.7976,577.6528,566.7131,554.9596,543.3071,532.1646,521.1387,507.6240,494.5956,193.7106,178.2899,163.4544,149.9135,140.3615,131.5185,123.3075,117.7473,111.7064,108.3842,105.4961,103.8161,100.5446,99.1590,96.7112,93.4170,91.4277,87.4733,83.1230,75.8754,70.4517,62.9028,54.4863,45.7643,34.1005
70,1.2000,SpendAwareDPRebalance (R70-aware),3.0000,19909.6279,597.2888,spend50p,600.2753,596.9516,594.3641,590.7124,590.5708,589.5491,586.4143,583.6311,579.3430,572.6404,241.8676,229.3565,217.0430,206.3323,198.4205,192.1999,185.2331,181.6047,179.8107,180.6257,182.3505,182.9359,181.8149,180.3182,179.1475,178.0196,176.1454,170.5532,167.1859,164.5115,158.2563,153.4085,148.4405,141.3170,131.3946
70,1.2000,SpendAwareDPRebalance (R70-aware),3.0000,19909.6279,597.2888,spend75p,600.2753,605.4802,611.1625,618.4132,625.8893,634.5595,645.3825,656.0473,660.4475,666.0139,294.6453,284.7383,276.1053,271.1681,264.4392,261.3133,260.6323,259.7314,262.4369,264.6323,269.4644,274.0357,282.8137,288.9163,298.1332,305.3847,311.8959,311.6645,309.7746,312.9890,310.9868,303.7827,299.3584,294.0298,286.7379
70,1.2000,SpendAwareDPRebalance (R70-aware),3.3300,17936.6017,597.2888,survival,1.0000,1.0000,1.0000,1.0000,1.0000,1.0000,1.0000,1.0000,1.0000,1.0000,1.0000,1.0000,1.0000,1.0000,1.0000,1.0000,1.0000,1.0000,1.0000,1.0000,1.0000,1.0000,1.0000,1.0000,1.0000,1.0000,1.0000,1.0000,1.0000,1.0000,1.0000,0.9990,0.9985,0.9980,0.9950
70,1.2000,SpendAwareDPRebalance (R70-aware),3.3300,17936.6017,597.2888,spend25p,600.2753,588.7976,577.6528,566.7131,554.9596,543.3071,532.1646,521.1387,507.6240,494.5956,193.7106,178.2899,163.4544,149.9135,140.3615,131.5185,123.3075,117.7473,111.7064,108.3842,105.4961,103.8161,100.5446,99.1590,96.7112,93.4170,91.4277,87.4733,83.1230,75.8754,70.4517,62.7238,53.9664,45.7643,33.7623
70,1.2000,SpendAwareDPRebalance (R70-aware),3.3300,17936.6017,597.2888,spend50p,600.2753,596.9516,594.3641,590.7124,590.5708,589.5491,586.4143,583.6311,579.3430,572.6404,241.8676,229.3565,217.0430,206.3323,198.4205,192.1999,185.2331,181.6047,179.8107,180.6257,182.3505,182.9359,181.8149,180.3182,179.1475,178.0196,176.1454,170.5532,167.1859,164.5115,158.2563,152.5121,147.7786,141.3170,130.8886
70,1.2000,SpendAwareDPRebalance (R70-aware),3.3300,17936.6017,597.2888,spend75p,600.2753,605.4802,611.1625,618.4132,625.8893,634.5595,645.3825,656.0473,660.4475,666.0139,294.6453,284.7383,276.1053,271.1681,264.4392,261.3133,260.6323,259.7314,262.4369,264.6323,269.4644,274.0357,282.8137,288.9163,298.1332,305.3847,311.8959,311.6645,309.5029,311.9102,310.8133,302.1757,298.4012,292.4967,282.2654
70,1.2000,SpendAwareDPRebalance (R70-aware),3.6600,16319.3671,597.2888,survival,1.0000,1.0000,1.0000,1.0000,1.0000,1.0000,1.0000,1.0000,1.0000,1.0000,1.0000,1.0000,1.0000,1.0000,1.0000,1.0000,1.0000,1.0000,1.0000,1.0000,1.0000,1.0000,1.0000,1.0000,1.0000,1.0000,1.0000,1.0000,1.0000,1.0000,0.9990,0.9990,0.9985,0.9975,0.9945
70,1.2000,SpendAwareDPRebalance (R70-aware),3.6600,16319.3671,597.2888,spend25p,600.2753,588.7976,577.6528,566.7131,554.9596,543.3071,532.1646,521.1387,507.6240,494.5956,193.7106,178.2899,163.4544,149.9135,140.3615,131.5185,123.3075,117.7473,111.7064,108.3214,105.4666,103.8161,100.5446,99.1590,96.7112,93.4170,91.4277,87.2876,82.8778,75.7763,69.7534,62.7238,53.9664,45.6782,33.4324
70,1.2000,SpendAwareDPRebalance (R70-aware),3.6600,16319.3671,597.2888,spend50p,600.2753,596.9516,594.3641,590.7124,590.5708,589.5491,586.4143,583.6311,579.3430,572.6404,241.8676,229.3565,217.0430,206.3323,198.4205,192.1999,185.2331,181.3933,179.8107,180.6257,182.3505,182.9359,181.6476,180.3182,179.1475,178.0196,176.1454,170.5532,166.9988,164.5115,157.7546,152.5121,147.7786,141.2057,130.8126
70,1.2000,SpendAwareDPRebalance (R70-aware),3.6600,16319.3671,597.2888,spend75p,600.2753,605.4802,611.1625,618.4132,625.8893,634.5595,645.3825,656.0473,660.4475,666.0139,294.6453,284.7383,276.1053,271.1681,264.4392,261.3133,260.6323,259.3611,261.9760,264.6323,269.4644,273.5738,282.6958,288.7640,297.8130,304.7330,311.8311,311.0479,309.2012,310.4579,307.9733,299.3838,296.6717,290.3560,279.8927
70,1.2000,SpendAwareDPRebalance (R70-aware),4.0000,14932.2209,597.2888,survival,1.0000,1.0000,1.0000,1.0000,1.0000,1.0000,1.0000,1.0000,1.0000,1.0000,1.0000,1.0000,1.0000,1.0000,1.0000,1.0000,1.0000,1.0000,1.0000,1.0000,1.0000,1.0000,1.0000,1.0000,1.0000,1.0000,1.0000,1.0000,1.0000,0.9995,0.9990,0.9985,0.9980,0.9965,0.9930
70,1.2000,SpendAwareDPRebalance (R70-aware),4.0000,14932.2209,597.2888,spend25p,600.2753,588.7920,577.6528,566.7131,554.9596,543.3071,532.1646,521.1387,507.6240,494.5956,193.7106,178.2899,163.4544,149.9135,140.3615,131.5185,123.3075,117.7473,111.5955,108.3214,105.4666,103.8161,100.5446,99.1246,96.7112,93.4170,91.4277,87.0747,82.8778,75.3718,69.6270,62.4195,53.4621,44.7355,32.6555
70,1.2000,SpendAwareDPRebalance (R70-aware),4.0000,14932.2209,597.2888,spend50p,600.2753,596.9422,594.3641,590.7124,590.5099,589.5491,586.4143,583.6311,579.3430,572.6404,241.8676,229.3565,217.0430,206.3323,198.4205,192.1999,185.0149,181.3933,179.8107,180.6257,182.3505,182.6175,181.6476,180.1527,178.8253,177.9034,176.1454,170.5532,166.9988,163.7950,157.3368,152.3247,146.5304,140.9075,130.4710
70,1.2000,SpendAwareDPRebalance (R70-aware),4.0000,14932.2209,597.2888,spend75p,600.2753,605.4802,611.0223,618.4132,625.8425,634.5595,645.3206,655.8985,660.1734,666.0139,294.6453,284.7383,276.0188,271.0043,263.9752,261.2665,260.0695,259.3611,261.6291,263.3279,268.9635,273.5738,282.3190,287.6540,295.4685,302.1778,308.1581,309.9148,308.0143,308.0568,306.0709,297.8042,294.6206,285.2490,277.8250
70,1.2000,SpendAwareDPRebalance (R70-aware),4.3300,13794.1995,597.2888,survival,1.0000,1.0000,1.0000,1.0000,1.0000,1.0000,1.0000,1.0000,1.0000,1.0000,1.0000,1.0000,1.0000,1.0000,1.0000,1.0000,1.0000,1.0000,1.0000,1.0000,1.0000,1.0000,1.0000,1.0000,1.0000,1.0000,1.0000,1.0000,0.9995,0.9995,0.9990,0.9985,0.9960,0.9955,0.9910
70,1.2000,SpendAwareDPRebalance (R70-aware),4.3300,13794.1995,597.2888,spend25p,600.2753,588.7920,577.6528,566.7131,554.9596,543.3071,532.1646,521.0911,507.6240,494.5956,193.7106,178.2899,163.4544,149.9135,140.3615,131.5185,123.2248,117.5081,111.5955,108.3214,105.4666,103.8161,100.5446,99.1246,96.7112,93.4170,91.2289,87.0747,82.8228,74.8429,69.5824,62.3224,52.3918,43.8117,31.6748
70,1.2000,SpendAwareDPRebalance (R70-aware),4.3300,13794.1995,597.2888,spend50p,600.2753,596.9305,594.3456,590.7124,590.2225,589.4879,586.4143,583.6311,579.2383,572.6404,241.7984,229.1383,217.0181,206.2499,198.2611,192.1477,185.0149,181.3933,179.8107,180.3068,182.0458,182.2868,181.2971,180.1527,178.4761,177.8826,175.6123,170.2912,166.3630,163.4417,156.2201,151.3085,144.1486,138.4111,128.0432
70,1.2000,SpendAwareDPRebalance (R70-aware),4.3300,13794.1995,597.2888,spend75p,600.2753,605.4627,610.9390,618.3003,625.8425,634.3430,645.3206,655.7851,659.9074,665.9938,294.5187,284.2884,275.8859,270.2777,263.4215,260.7905,259.8712,259.1877,261.0066,262.9877,268.2525,272.8078,281.3822,286.2735,294.6305,300.9759,306.4362,306.6624,306.3109,303.4601,302.1036,294.9249,287.2440,280.2952,271.5893
70,1.2000,SpendAwareDPRebalance (R70-aware),4.6600,12817.3570,597.2888,survival,1.0000,1.0000,1.0000,1.0000,1.0000,1.0000,1.0000,1.0000,1.0000,1.0000,1.0000,1.0000,1.0000,1.0000,1.0000,1.0000,1.0000,1.0000,1.0000,1.0000,1.0000,1.0000,1.0000,1.0000,1.0000,1.0000,0.9995,0.9995,0.9995,0.9995,0.9990,0.9980,0.9965,0.9945,0.9880
70,1.2000,SpendAwareDPRebalance (R70-aware),4.6600,12817.3570,597.2888,spend25p,600.2753,588.7754,577.6528,566.7131,554.9596,543.2304,532.1646,521.0911,507.6240,494.2110,193.6821,178.1654,163.4460,149.9135,140.3615,131.3191,123.2248,117.5081,111.5955,108.2528,105.4666,103.8072,100.3462,98.8175,96.4386,93.0762,91.0389,86.2633,82.6241,74.6373,69.2411,61.6123,51.7373,43.1481,30.1920
70,1.2000,SpendAwareDPRebalance (R70-aware),4.6600,12817.3570,597.2888,spend50p,600.2753,596.8880,594.1978,590.6375,590.0918,589.2877,586.3844,583.6311,579.2383,572.2920,241.7556,229.0905,216.9015,206.0947,197.8954,192.0935,184.3788,181.1790,179.6120,179.2625,181.2500,182.0334,181.0691,178.4676,177.5241,177.4239,174.1205,169.6030,165.4303,162.1384,154.8687,149.4121,143.1261,136.9229,123.9492
70,1.2000,SpendAwareDPRebalance (R70-aware),4.6600,12817.3570,597.2888,spend75p,600.2753,605.4516,610.8611,617.9154,625.5468,634.1550,645.1442,655.6284,659.6254,665.3330,293.9678,283.7159,275.3200,269.9103,263.3607,260.2795,259.6044,258.4854,260.2883,262.4962,267.2181,270.7146,279.2138,284.3443,290.5415,296.3395,300.8227,302.8274,301.5913,301.0217,297.9697,290.2113,282.2079,272.2673,260.7732
70,1.2000,SpendAwareDPRebalance (R70-aware),5.0000,11945.7767,597.2888,survival,1.0000,1.0000,1.0000,1.0000,1.0000,1.0000,1.0000,1.0000,1.0000,1.0000,1.0000,1.0000,1.0000,1.0000,1.0000,1.0000,1.0000,1.0000,1.0000,1.0000,1.0000,1.0000,1.0000,1.0000,0.9995,0.9995,0.9995,0.9995,0.9990,0.9985,0.9985,0.9980,0.9965,0.9950,0.9880
70,1.2000,SpendAwareDPRebalance (R70-aware),5.0000,11945.7767,597.2888,spend25p,600.2753,588.7082,577.5889,566.4738,554.5056,542.9290,531.6878,521.0911,507.5861,493.8873,193.6060,177.9688,163.4460,149.7219,140.0237,130.7538,123.0324,117.3620,111.4066,108.1254,105.2486,103.3361,99.4246,98.2822,96.1731,92.7678,90.5227,85.5638,81.2738,73.7379,67.0349,59.7885,50.7767,42.4827,29.0958
70,1.2000,SpendAwareDPRebalance (R70-aware),5.0000,11945.7767,597.2888,spend50p,600.2753,596.8134,594.0336,590.0991,589.4081,588.7508,585.9929,583.5347,579.0164,572.2295,241.6271,228.7043,216.2572,205.4586,196.9563,190.3552,183.5827,180.0195,178.1160,178.5729,180.3509,180.3454,179.4539,177.0875,175.9407,176.2892,172.9984,168.2399,163.8867,159.3084,152.4511,147.4478,140.3141,131.8139,119.7892
70,1.2000,SpendAwareDPRebalance (R70-aware),5.0000,11945.7767,597.2888,spend75p,600.2753,605.3075,610.5556,617.7782,625.3059,633.8352,645.0381,654.6557,658.9945,664.8767,292.7709,282.5974,273.9786,267.3594,261.7483,257.5683,256.3961,255.5354,256.3182,259.8356,262.2726,265.9587,273.7633,280.2094,286.2184,290.0423,293.8378,294.0011,293.9548,290.6480,288.3900,281.8083,271.2208,263.8887,250.1337
70,1.2000,SpendAwareDPRebalance (R70-aware),5.5000,10859.7970,597.2888,survival,1.0000,1.0000,1.0000,1.0000,1.0000,1.0000,1.0000,1.0000,1.0000,1.0000,1.0000,1.0000,1.0000,1.0000,1.0000,1.0000,1.0000,1.0000,1.0000,1.0000,1.0000,1.0000,1.0000,1.0000,0.9995,0.9995,0.9990,0.9990,0.9990,0.9985,0.9985,0.9965,0.9955,0.9930,0.9850
70,1.2000,SpendAwareDPRebalance (R70-aware),5.5000,10859.7970,597.2888,spend25p,600.2753,588.4197,576.9112,566.0640,554.0637,541.8623,530.6595,520.3770,506.2586,493.3183,192.9650,177.0756,161.9669,149.2800,138.8416,129.7120,121.7946,116.4084,111.0261,106.8739,103.4051,101.7065,98.1665,96.4841,95.2185,91.2565,87.9494,83.5122,78.7603,71.5831,63.2567,56.1149,47.2087,36.6311,23.5844
70,1.2000,SpendAwareDPRebalance (R70-aware),5.5000,10859.7970,597.2888,spend50p,600.2753,596.5557,593.4566,588.9768,588.5847,588.0362,585.4635,582.2212,578.2183,571.7055,240.0780,226.9965,214.5219,203.6827,195.0066,187.9987,181.5416,177.7835,174.9823,175.7568,174.7982,174.9730,175.4270,173.6641,170.5969,169.9844,166.7519,164.3226,159.4083,154.4926,146.2610,140.2908,131.6540,122.9301,110.9209
70,1.2000,SpendAwareDPRebalance (R70-aware),5.5000,10859.7970,597.2888,spend75p,600.2753,605.0595,609.8737,616.2925,623.8673,632.1512,642.9958,651.0453,656.8783,662.3917,288.3744,279.7288,269.5667,261.7795,256.5727,253.6992,249.6837,248.0951,248.8553,252.6550,253.7981,258.1605,264.7372,269.3130,275.2528,278.2381,279.3224,280.9029,277.3666,275.0011,267.8974,263.4082,252.9328,239.4768,228.3852
70,1.2000,SpendAwareDPRebalance (R70-aware),6.0000,9954.8140,597.2888,survival,1.0000,1.0000,1.0000,1.0000,1.0000,1.0000,1.0000,1.0000,0.9995,0.9995,0.9990,0.9990,0.9990,0.9985,0.9985,0.9985,0.9985,0.9985,0.9985,0.9985,0.9980,0.9975,0.9970,0.9970,0.9970,0.9970,0.9965,0.9965,0.9955,0.9955,0.9955,0.9950,0.9940,0.9910,0.9835
70,1.2000,SpendAwareDPRebalance (R70-aware),6.0000,9954.8140,597.2888,spend25p,600.2753,587.8891,575.8428,564.1142,552.1205,540.9802,529.6885,517.7914,503.7363,491.3151,191.1405,175.0431,160.3594,147.1873,137.6241,127.2862,119.6076,113.3268,107.4067,102.9916,100.5065,98.3580,94.4209,92.9693,90.5903,88.9381,84.1561,79.6969,72.3338,67.2978,60.0611,52.0100,43.2965,30.8042,17.4970
70,1.2000,SpendAwareDPRebalance (R70-aware),6.0000,9954.8140,597.2888,spend50p,600.2753,596.1802,592.6102,588.4869,587.3561,586.2912,583.6002,580.5241,574.4411,569.0003,235.8698,222.5571,210.3967,199.2469,189.6123,181.3243,175.3184,172.8023,169.7026,168.9453,169.0586,169.4183,167.3893,167.5604,164.3578,161.5227,160.7056,156.9238,150.6334,143.6801,137.9548,127.5995,117.8280,109.5178,97.0176
70,1.2000,SpendAwareDPRebalance (R70-aware),6.0000,9954.8140,597.2888,spend75p,600.2753,604.4411,609.2195,614.8839,622.0488,630.7925,641.2189,649.0024,651.9745,657.2668,282.9860,273.9689,261.8845,254.6227,247.3563,241.9525,238.0361,237.6727,236.2301,239.0567,239.8815,241.4764,244.8908,252.2017,256.6307,259.4918,257.8647,257.4839,258.9350,254.4421,245.6786,239.7915,231.6759,221.8288,209.6206
70,1.2000,SpendAwareDPRebalance (R70-aware),7.0000,8532.6977,597.2888,survival,1.0000,1.0000,1.0000,1.0000,1.0000,1.0000,0.9995,0.9985,0.9965,0.9940,0.9935,0.9930,0.9920,0.9915,0.9915,0.9915,0.9915,0.9910,0.9900,0.9900,0.9900,0.9895,0.9890,0.9885,0.9880,0.9880,0.9875,0.9875,0.9865,0.9865,0.9865,0.9865,0.9860,0.9840,0.9750
70,1.2000,SpendAwareDPRebalance (R70-aware),7.0000,8532.6977,597.2888,spend25p,597.2888,582.7540,569.8320,556.3761,543.6371,532.6867,520.1427,508.5248,495.4938,481.9968,178.9474,161.8717,146.9078,134.7342,123.1823,113.6435,106.0637,98.9252,94.2245,89.3409,86.1552,83.2461,80.4788,77.8113,74.0637,68.9369,66.5524,62.0926,54.8499,47.7333,39.1665,30.1048,22.8974,12.2573,0.0000
70,1.2000,SpendAwareDPRebalance (R70-aware),7.0000,8532.6977,597.2888,spend50p,597.2888,590.9888,585.3046,581.0357,577.9482,575.0834,571.9716,568.1406,561.1257,555.1848,219.0522,205.4035,192.8943,180.9052,170.9597,163.4030,156.9804,154.0110,150.9985,148.7938,147.3568,145.3691,144.1267,142.3341,140.3486,137.3727,133.8521,131.3383,127.7506,119.6693,112.4653,104.1556,95.6492,84.2708,71.0213
70,1.2000,SpendAwareDPRebalance (R70-aware),7.0000,8532.6977,597.2888,spend75p,597.2888,599.2215,602.4442,606.5421,611.9625,618.7569,625.3959,630.2072,634.8737,634.8973,262.7291,250.9202,239.4055,228.7494,221.5915,215.4457,210.8805,207.9444,207.3634,208.5487,209.7814,210.5709,213.8529,214.7590,217.0524,218.7383,219.3019,212.5894,210.8719,205.4762,198.9926,191.3202,182.5894,174.0240,160.6458
70,1.2000,SpendAwareDPRebalance (R70-aware),8.0000,7466.1105,597.2888,survival,1.0000,1.0000,1.0000,1.0000,1.0000,0.9995,0.9970,0.9940,0.9850,0.9740,0.9705,0.9665,0.9645,0.9635,0.9605,0.9565,0.9555,0.9535,0.9535,0.9535,0.9535,0.9535,0.9535,0.9535,0.9535,0.9535,0.9535,0.9535,0.9535,0.9535,0.9530,0.9530,0.9530,0.9510,0.9475
70,1.2000,SpendAwareDPRebalance (R70-aware),8.0000,7466.1105,597.2888,spend25p,594.0089,576.4979,560.8453,545.2362,531.9444,519.2085,505.8787,492.4392,477.6441,461.8352,160.4912,144.0341,129.0567,114.5463,103.4448,93.3071,84.5393,77.4794,70.9710,67.3196,63.3366,59.0553,55.3665,52.9667,49.0823,44.5487,41.2047,36.5478,30.2666,23.8689,15.0086,6.6014,0.0000,0.0000,-7.8205
70,1.2000,SpendAwareDPRebalance (R70-aware),8.0000,7466.1105,597.2888,spend50p,594.0089,584.4729,577.0050,569.8989,564.9441,561.0239,554.9913,550.8193,542.4985,531.8868,199.1489,183.0788,169.8170,158.8227,147.3000,140.2707,133.1007,128.3672,123.4943,121.8966,119.9129,118.1988,117.6545,115.1397,113.5219,109.4609,105.9786,101.8708,96.5635,91.3652,83.7621,74.7870,66.1331,55.1475,41.6696
70,1.2000,SpendAwareDPRebalance (R70-aware),8.0000,7466.1105,597.2888,spend75p,594.0089,593.1031,592.6395,594.3713,598.2584,602.6635,606.7664,609.1043,610.0171,608.5475,236.8723,222.7901,210.1640,199.8007,191.6843,183.5149,178.1567,176.0138,173.4913,171.9525,172.8244,172.8574,174.2004,174.4298,175.9348,176.2639,173.5740,170.6837,166.2596,162.0638,156.4817,148.8148,141.2890,130.5325,120.8058
70,1.5000,SpendAwareDPRebalance (R70-aware),2.8000,26664.6802,746.6110,survival,1.0000,1.0000,1.0000,1.0000,1.0000,1.0000,1.0000,1.0000,1.0000,1.0000,1.0000,1.0000,1.0000,1.0000,1.0000,1.0000,1.0000,1.0000,1.0000,1.0000,1.0000,1.0000,1.0000,1.0000,1.0000,1.0000,1.0000,1.0000,1.0000,1.0000,1.0000,1.0000,0.9995,0.9990,0.9990
70,1.5000,SpendAwareDPRebalance (R70-aware),2.8000,26664.6802,746.6110,spend25p,750.3441,735.9970,722.0660,708.3913,693.6995,679.1339,665.2058,651.4234,634.5300,618.2445,313.9753,295.0140,277.4878,262.7107,251.5428,241.4773,233.2316,224.9005,219.0690,216.2842,216.4521,213.9891,211.7161,212.8971,211.5756,210.2397,208.4133,204.4881,201.0347,195.9912,190.3510,183.8596,175.2021,167.5248,157.3392
70,1.5000,SpendAwareDPRebalance (R70-aware),2.8000,26664.6802,746.6110,spend50p,750.3441,746.1895,742.9552,738.3905,738.2135,736.9364,733.0179,729.5389,724.1787,715.8005,384.3671,370.9984,356.7043,346.2894,339.2621,332.2022,325.8506,324.2338,324.8039,329.5742,334.3126,335.5828,337.7811,338.7085,338.2943,341.0455,340.3755,340.6485,335.7272,338.0069,333.6267,331.5610,329.2717,327.9631,321.9083
70,1.5000,SpendAwareDPRebalance (R70-aware),2.8000,26664.6802,746.6110,spend75p,750.3441,756.8502,763.9532,773.0165,782.3616,793.1994,806.7281,820.0591,825.5594,832.5174,462.0303,454.0239,447.1032,443.0888,438.2887,439.9399,441.1195,446.6475,450.8515,459.5559,470.5146,481.3775,494.6925,510.7117,520.9285,542.8051,555.9407,559.6171,561.3700,570.3595,573.6128,575.8287,574.2829,571.4604,569.2072
70,1.5000,SpendAwareDPRebalance (R70-aware),3.0000,24887.0349,746.6110,survival,1.0000,1.0000,1.0000,1.0000,1.0000,1.0000,1.0000,1.0000,1.0000,1.0000,1.0000,1.0000,1.0000,1.0000,1.0000,1.0000,1.0000,1.0000,1.0000,1.0000,1.0000,1.0000,1.0000,1.0000,1.0000,1.0000,1.0000,1.0000,1.0000,1.0000,1.0000,0.9995,0.9990,0.9985,0.9970
70,1.5000,SpendAwareDPRebalance (R70-aware),3.0000,24887.0349,746.6110,spend25p,750.3441,735.9970,722.0660,708.3913,693.6995,679.1339,665.2058,651.4234,634.5300,618.2445,313.9753,295.0140,277.4878,262.7107,251.5428,241.4773,233.2316,224.9005,219.0690,216.1235,216.0020,213.9891,211.7161,212.8971,211.5756,210.2397,207.8833,204.4006,200.3605,195.9912,190.0445,183.5635,175.1114,167.1726,155.6948
70,1.5000,SpendAwareDPRebalance (R70-aware),3.0000,24887.0349,746.6110,spend50p,750.3441,746.1895,742.9552,738.3905,738.2135,736.9364,733.0179,729.5389,724.1787,715.8005,384.3671,370.9984,356.7043,346.2894,339.2621,332.2022,325.8506,323.9303,324.8039,329.5742,334.3126,335.5828,337.4210,338.7085,338.2769,341.0455,340.3755,340.6485,335.7216,338.0069,333.6267,331.2320,329.1472,327.7435,319.0861
70,1.5000,SpendAwareDPRebalance (R70-aware),3.0000,24887.0349,746.6110,spend75p,750.3441,756.8502,763.8966,773.0165,782.3032,793.1994,806.7281,820.0591,825.5594,832.5174,462.0303,454.0239,447.1032,443.0888,438.1770,439.9399,440.6476,445.7499,450.3689,458.5430,470.5146,481.3775,494.4547,510.7117,520.9285,542.5877,555.9407,558.1047,561.1726,568.3907,572.5846,572.7725,572.9741,571.2649,565.6974
70,1.5000,SpendAwareDPRebalance (R70-aware),3.3300,22420.7521,746.6110,survival,1.0000,1.0000,1.0000,1.0000,1.0000,1.0000,1.0000,1.0000,1.0000,1.0000,1.0000,1.0000,1.0000,1.0000,1.0000,1.0000,1.0000,1.0000,1.0000,1.0000,1.0000,1.0000,1.0000,1.0000,1.0000,1.0000,1.0000,1.0000,0.9995,0.9995,0.9995,0.9995,0.9990,0.9985,0.9975
70,1.5000,SpendAwareDPRebalance (R70-aware),3.3300,22420.7521,746.6110,spend25p,750.3441,735.9901,722.0660,708.3913,693.6995,679.1339,665.2058,651.4234,634.5300,618.2445,313.9753,295.0140,277.4878,262.7107,251.5428,241.4773,233.2316,224.9005,218.9170,216.1235,216.0020,213.9891,211.7161,212.8971,211.5756,210.2397,207.8833,204.4006,199.5586,194.0748,189.4102,182.9716,175.1114,167.1726,155.7208
70,1.5000,SpendAwareDPRebalance (R70-aware),3.3300,22420.7521,746.6110,spend50p,750.3441,746.1778,742.9320,738.3905,737.9497,736.9364,733.0179,729.5389,724.0479,715.7661,384.3671,370.9984,356.7043,346.2894,338.9991,332.2022,325.7993,323.9303,324.8039,329.5742,333.9261,335.4134,336.8308,338.4112,338.0498,340.7622,340.3755,340.6485,335.5495,336.0171,332.6587,330.4548,328.9634,327.2748,319.8211
70,1.5000,SpendAwareDPRebalance (R70-aware),3.3300,22420.7521,746.6110,spend75p,750.3441,756.8399,763.6938,772.9488,782.3032,792.9287,806.6507,819.8732,825.0098,832.2409,461.8302,453.9318,445.8566,442.5551,437.9203,439.9399,440.3379,445.3044,450.3271,457.8499,468.9031,479.6625,494.2598,510.2292,517.9172,539.9955,553.1953,555.8273,559.0810,566.3977,570.6047,568.6264,567.1089,569.1144,565.0292
70,1.5000,SpendAwareDPRebalance (R70-aware),3.6600,20399.2089,746.6110,survival,1.0000,1.0000,1.0000,1.0000,1.0000,1.0000,1.0000,1.0000,1.0000,1.0000,1.0000,1.0000,1.0000,1.0000,1.0000,1.0000,1.0000,1.0000,1.0000,1.0000,1.0000,1.0000,1.0000,1.0000,1.0000,1.0000,0.9995,0.9995,0.9990,0.9990,0.9990,0.9990,0.9990,0.9970,0.9965
70,1.5000,SpendAwareDPRebalance (R70-aware),3.6600,20399.2089,746.6110,spend25p,750.3441,735.9693,722.0660,708.3913,693.6995,679.0380,665.2058,651.3639,634.5300,618.1055,313.9753,294.9559,277.4878,262.7107,251.5428,241.4773,233.1029,224.7476,218.9170,216.1235,216.0020,213.9891,211.7161,212.8971,211.5756,210.2397,207.3622,204.2381,199.4413,193.6881,189.2367,182.8214,174.6994,165.4201,155.1333
70,1.5000,SpendAwareDPRebalance (R70-aware),3.6600,20399.2089,746.6110,spend50p,750.3441,746.1136,742.8014,738.2969,737.6147,736.7385,733.0179,729.5389,724.0479,715.3649,384.2704,370.5195,356.4178,345.6926,338.8268,331.6708,325.7584,323.4005,323.7310,327.6775,332.9070,334.8156,336.4102,337.3691,338.0498,340.7622,339.7604,340.0667,335.2120,335.9471,331.2390,328.8219,328.4555,325.5063,316.0698
70,1.5000,SpendAwareDPRebalance (R70-aware),3.6600,20399.2089,746.6110,spend75p,750.3441,756.8145,763.6604,772.4295,781.9746,792.8344,806.4703,819.5355,824.8843,832.1761,460.4922,453.4127,445.4624,442.1364,437.2638,438.5997,440.1054,442.7726,448.4109,457.0349,466.3574,477.0424,491.4089,506.3931,517.5865,537.2434,544.9424,550.0393,557.1103,564.6827,567.5448,562.9768,562.1212,560.8123,560.0111
70,1.5000,SpendAwareDPRebalance (R70-aware),4.0000,18665.2762,746.6110,survival,1.0000,1.0000,1.0000,1.0000,1.0000,1.0000,1.0000,1.0000,1.0000,1.0000,1.0000,1.0000,1.0000,1.0000,1.0000,1.0000,1.0000,1.0000,1.0000,1.0000,1.0000,1.0000,1.0000,1.0000,1.0000,0.9995,0.9995,0.9995,0.9995,0.9990,0.9990,0.9990,0.9980,0.9970,0.9960
70,1.5000,SpendAwareDPRebalance (R70-aware),4.0000,18665.2762,746.6110,spend25p,750.3441,735.8893,721.9861,708.1675,693.1320,678.7222,664.7810,651.3639,634.4204,617.3591,313.7865,294.8787,277.2324,262.7107,251.5428,240.4449,232.6999,224.5486,218.4827,215.2380,215.1381,213.3381,211.4182,212.0314,211.0242,208.8526,206.5946,203.0348,198.1151,191.8579,188.5457,181.4265,172.9299,163.4893,152.4630
70,1.5000,SpendAwareDPRebalance (R70-aware),4.0000,18665.2762,746.6110,spend50p,750.3441,746.0168,742.5859,737.7468,736.8570,736.3290,732.6360,729.4184,723.7705,714.9903,383.9682,369.9791,355.8567,345.0412,337.9920,331.1535,324.5517,322.6625,322.4291,325.6315,331.1132,333.6283,335.2746,334.5839,335.7364,338.3853,338.4247,336.9345,334.1571,333.0449,324.9609,325.2781,324.8204,320.7070,314.6955
70,1.5000,SpendAwareDPRebalance (R70-aware),4.0000,18665.2762,746.6110,spend75p,750.3441,756.6344,763.1383,772.2227,781.6141,791.7886,805.6163,816.8837,823.6555,829.9113,458.3902,451.6642,442.8211,439.3835,434.3787,435.2318,436.7560,439.6753,446.3822,454.0942,463.1012,474.1147,488.8532,500.6260,513.4754,527.3931,539.9731,545.9753,546.5164,555.3928,555.0590,553.8060,551.0485,550.5414,548.0305
70,1.5000,SpendAwareDPRebalance (R70-aware),4.3300,17242.7493,746.6110,survival,1.0000,1.0000,1.0000,1.0000,1.0000,1.0000,1.0000,1.0000,1.0000,1.0000,1.0000,1.0000,1.0000,1.0000,1.0000,1.0000,1.0000,1.0000,1.0000,1.0000,1.0000,1.0000,1.0000,1.0000,0.9995,0.9995,0.9995,0.9995,0.9995,0.9985,0.9985,0.9975,0.9970,0.9960,0.9930
70,1.5000,SpendAwareDPRebalance (R70-aware),4.3300,17242.7493,746.6110,spend25p,750.3441,735.5904,721.2353,707.7475,692.6411,677.9639,663.3318,650.3669,633.8517,616.6479,312.8550,294.4268,276.2084,261.8201,250.5197,238.6253,231.6478,223.5295,218.3937,214.5824,213.7633,212.4662,209.9163,210.4444,209.6519,207.8802,204.6359,200.9088,196.4548,190.3617,186.6823,176.9840,171.0659,160.5847,149.3371
70,1.5000,SpendAwareDPRebalance (R70-aware),4.3300,17242.7493,746.6110,spend50p,750.3441,745.7915,741.9558,736.8827,736.2123,735.0452,731.7754,727.7765,723.0306,714.9306,382.2198,368.8537,353.9042,343.4709,335.8235,326.3141,323.1467,320.1569,320.5744,322.7368,326.8691,328.5628,330.3396,330.8427,333.2009,335.9723,335.8953,333.8735,328.9925,326.9996,322.3147,321.4073,320.4598,315.9545,306.9222
70,1.5000,SpendAwareDPRebalance (R70-aware),4.3300,17242.7493,746.6110,spend75p,750.3441,756.3987,762.3701,770.5958,780.0563,790.3406,803.7447,813.8819,820.8769,827.3654,455.6276,447.7419,437.5512,434.0451,431.6662,431.0588,430.5137,434.1109,441.4149,447.8815,453.7426,465.6445,481.5096,494.4482,505.6662,517.7971,528.1885,533.9335,536.5035,540.2756,540.4916,535.7879,537.3205,532.8177,529.3215
70,1.5000,SpendAwareDPRebalance (R70-aware),4.6600,16021.6963,746.6110,survival,1.0000,1.0000,1.0000,1.0000,1.0000,1.0000,1.0000,1.0000,1.0000,1.0000,1.0000,1.0000,1.0000,1.0000,1.0000,1.0000,1.0000,1.0000,1.0000,1.0000,1.0000,0.9995,0.9990,0.9990,0.9990,0.9985,0.9985,0.9985,0.9980,0.9980,0.9970,0.9970,0.9960,0.9950,0.9925
70,1.5000,SpendAwareDPRebalance (R70-aware),4.6600,16021.6963,746.6110,spend25p,750.3441,735.2336,720.6140,706.6294,691.0548,676.6258,663.0679,648.0303,630.8760,615.1603,311.9287,292.1939,275.0930,260.2979,248.9150,236.7230,229.7257,222.6484,217.2078,212.2195,211.2842,209.1333,207.2493,207.9883,206.4731,206.5361,201.8841,198.9291,195.8198,188.7966,183.0363,174.8805,166.1308,156.9407,145.6380
70,1.5000,SpendAwareDPRebalance (R70-aware),4.6600,16021.6963,746.6110,spend50p,750.3441,745.4267,741.1631,735.9015,734.6589,733.6969,730.5673,726.6564,720.1047,712.2947,378.5098,364.2968,351.9518,339.8139,330.4831,323.7626,319.9077,316.6090,316.8598,318.5802,320.6407,323.0735,326.7796,326.8235,327.4670,328.8570,327.6554,328.0678,321.2215,318.9710,315.3704,314.6817,311.8972,305.9686,292.5340
70,1.5000,SpendAwareDPRebalance (R70-aware),4.6600,16021.6963,746.6110,spend75p,750.3441,755.8514,761.8044,769.0424,778.6656,789.5379,802.8133,812.6326,817.3927,824.1782,452.1352,442.2157,433.1662,427.3814,423.6197,422.7920,420.7753,424.3452,428.3447,436.6099,444.8237,452.1119,466.4087,479.5042,492.2909,500.2433,509.2581,517.4044,517.8115,518.8051,515.1492,513.9904,511.3525,499.7207,505.2071
70,1.5000,SpendAwareDPRebalance (R70-aware),5.0000,14932.2209,746.6110,survival,1.0000,1.0000,1.0000,1.0000,1.0000,1.0000,1.0000,1.0000,1.0000,1.0000,1.0000,1.0000,1.0000,1.0000,0.9990,0.9990,0.9990,0.9990,0.9990,0.9985,0.9985,0.9985,0.9975,0.9970,0.9970,0.9965,0.9965,0.9965,0.9955,0.9945,0.9945,0.9940,0.9930,0.9920,0.9895
70,1.5000,SpendAwareDPRebalance (R70-aware),5.0000,14932.2209,746.6110,spend25p,750.3441,734.4923,719.4091,703.7143,688.6783,674.9755,660.6385,644.8176,628.6277,613.1205,309.7969,289.9180,272.7351,257.4555,247.2687,234.6368,225.7239,220.1905,213.0452,206.9620,206.2054,204.7139,203.8085,201.4055,202.6274,200.0401,199.0940,194.3896,190.5401,182.5901,175.6686,167.8961,161.0866,150.6273,138.9081
70,1.5000,SpendAwareDPRebalance (R70-aware),5.0000,14932.2209,746.6110,spend50p,750.3441,744.5361,739.9503,734.9650,733.2241,731.3627,728.2160,724.5987,716.5321,708.3327,373.9699,358.7469,346.9318,335.0123,325.4229,317.5170,312.3482,312.7810,310.9255,310.6501,313.1501,315.2963,317.6864,318.8523,319.5789,318.9828,320.0232,321.2911,312.4033,309.7306,306.6287,299.7080,295.3044,290.2916,280.3515
70,1.5000,SpendAwareDPRebalance (R70-aware),5.0000,14932.2209,746.6110,spend75p,750.3441,755.3793,760.9266,767.5571,775.8191,786.7482,797.3727,806.8734,811.9075,818.6142,442.9488,434.4526,424.3813,417.6405,411.2515,406.8177,405.6466,413.0145,415.4750,422.4116,428.3223,437.5856,445.0433,457.2297,472.5887,480.3433,488.1877,492.2065,497.9577,496.1108,494.5132,493.2390,486.4727,477.6810,476.5189
70,1.5000,SpendAwareDPRebalance (R70-aware),5.5000,13574.7463,746.6110,survival,1.0000,1.0000,1.0000,1.0000,1.0000,1.0000,1.0000,0.9995,0.9995,0.9990,0.9990,0.9990,0.9985,0.9985,0.9980,0.9980,0.9975,0.9975,0.9970,0.9960,0.9945,0.9940,0.9935,0.9935,0.9935,0.9930,0.9925,0.9920,0.9905,0.9895,0.9895,0.9895,0.9890,0.9870,0.9835
70,1.5000,SpendAwareDPRebalance (R70-aware),5.5000,13574.7463,746.6110,spend25p,746.6110,728.9706,713.1902,697.6636,682.3338,666.7873,653.7362,637.2917,622.1091,606.7343,300.0326,280.5278,263.0774,247.5756,237.4073,224.4244,216.5977,210.3901,201.3020,197.1911,194.6914,192.4421,190.9675,190.1047,189.2686,186.5447,183.3319,180.1447,171.9050,167.1601,159.0123,153.6749,146.3560,133.9864,120.8371
70,1.5000,SpendAwareDPRebalance (R70-aware),5.5000,13574.7463,746.6110,spend50p,746.6110,739.4395,732.5229,727.6987,724.2254,720.9551,717.8353,713.6598,703.9296,698.1926,362.4018,346.5146,332.4063,320.9828,311.0924,303.1211,298.1995,297.1694,295.0481,294.2877,296.5813,296.3705,298.3829,299.5608,299.0821,297.8472,297.7885,296.2583,294.9908,291.4227,285.5637,278.8684,273.4421,265.5526,255.3049
70,1.5000,SpendAwareDPRebalance (R70-aware),5.5000,13574.7463,746.6110,spend75p,746.6110,750.0637,754.1693,759.2319,766.2129,775.0643,784.5174,791.8145,796.9859,800.0254,426.6343,414.2534,404.9366,394.9883,387.2471,382.7809,383.9124,383.2847,387.9240,394.6323,400.6746,408.8905,415.8011,427.6724,435.0753,445.1958,447.5051,450.2595,453.8140,456.1550,454.9283,449.6834,446.7522,442.0192,433.9384
70,1.5000,SpendAwareDPRebalance (R70-aware),6.0000,12443.5174,746.6110,survival,1.0000,1.0000,1.0000,1.0000,1.0000,1.0000,1.0000,0.9995,0.9985,0.9970,0.9965,0.9960,0.9955,0.9945,0.9925,0.9920,0.9915,0.9915,0.9905,0.9900,0.9890,0.9890,0.9890,0.9880,0.9870,0.9855,0.9855,0.9830,0.9820,0.9815,0.9810,0.9810,0.9805,0.9795,0.9755
70,1.5000,SpendAwareDPRebalance (R70-aware),6.0000,12443.5174,746.6110,spend25p,746.6110,727.0423,709.6440,691.5597,675.5146,660.5357,644.7367,629.3534,612.6151,598.1074,291.3474,271.8187,251.9349,236.0898,224.7311,214.2074,204.6679,197.7718,191.3499,185.6252,183.2281,179.9884,178.8539,176.4565,174.3014,170.6282,168.6038,163.6948,158.2898,149.2844,140.1158,133.8914,124.9040,116.6426,104.7278
70,1.5000,SpendAwareDPRebalance (R70-aware),6.0000,12443.5174,746.6110,spend50p,746.6110,737.1664,729.5027,722.3830,717.4848,713.3534,707.9404,702.8978,695.5158,685.0854,348.1420,331.4388,316.2855,305.4116,295.5172,287.8375,283.1152,280.1935,279.1439,277.5323,276.8026,278.0720,278.5184,282.3547,279.0186,277.6024,277.7455,277.4502,274.9318,269.9438,265.9078,255.3744,249.2814,240.8777,228.3083
70,1.5000,SpendAwareDPRebalance (R70-aware),6.0000,12443.5174,746.6110,spend75p,746.6110,747.6038,750.1059,753.3607,759.3768,766.4380,773.1442,777.3394,780.3492,784.5146,408.3627,395.8142,383.2148,375.5674,368.4209,364.1042,360.5653,360.1402,362.8648,370.5925,373.5619,378.8383,386.1069,394.6042,400.0419,407.7017,412.0540,414.6447,415.7439,417.4998,413.4605,407.4141,406.1542,399.4018,388.9218
70,1.5000,SpendAwareDPRebalance (R70-aware),7.0000,10665.8721,746.6110,survival,1.0000,1.0000,1.0000,1.0000,1.0000,1.0000,0.9990,0.9975,0.9955,0.9855,0.9825,0.9790,0.9755,0.9735,0.9680,0.9645,0.9595,0.9575,0.9565,0.9550,0.9545,0.9540,0.9530,0.9510,0.9490,0.9485,0.9475,0.9475,0.9470,0.9470,0.9470,0.9460,0.9460,0.9450,0.9420
70,1.5000,SpendAwareDPRebalance (R70-aware),7.0000,10665.8721,746.6110,spend25p,735.4119,712.0416,689.9885,670.7450,652.5937,635.0066,617.6845,601.6944,584.8335,565.0646,261.8592,240.5992,222.7980,204.6365,192.1598,179.7906,170.4582,163.8247,155.0789,150.0291,146.5606,142.7043,138.9710,136.6925,132.9137,130.3004,126.9072,120.4052,115.6274,110.0460,101.7621,93.7052,86.2560,77.1000,65.9271
70,1.5000,SpendAwareDPRebalance (R70-aware),7.0000,10665.8721,746.6110,spend50p,735.4119,721.9998,710.3895,700.2194,692.8320,685.5282,678.2511,671.3794,661.8866,649.8200,311.2764,294.1625,279.1467,266.2363,256.9630,248.8150,242.1952,236.9374,234.4479,233.1952,232.0729,232.6731,232.6880,230.5536,229.7928,226.7172,225.5286,225.2948,220.1474,215.7648,211.4650,203.9595,193.7972,182.1296,171.3359
70,1.5000,SpendAwareDPRebalance (R70-aware),7.0000,10665.8721,746.6110,spend75p,735.4119,732.1608,730.4859,730.5423,732.5653,735.1934,739.3916,741.7372,742.7123,736.9830,363.5025,349.0070,335.1439,325.5360,317.8931,310.2590,306.0104,304.8563,305.9812,310.1267,313.8507,317.3490,321.5169,330.6758,334.8409,338.2596,342.0845,343.4603,343.3355,342.2146,339.3220,332.5123,325.5292,324.0861,312.9967
70,1.5000,SpendAwareDPRebalance (R70-aware),8.0000,9332.6381,746.6110,survival,1.0000,1.0000,1.0000,1.0000,1.0000,0.9990,0.9970,0.9915,0.9755,0.9570,0.9440,0.9355,0.9290,0.9255,0.9200,0.9150,0.9090,0.9040,0.9010,0.8955,0.8910,0.8900,0.8860,0.8855,0.8840,0.8830,0.8820,0.8815,0.8805,0.8800,0.8800,0.8800,0.8790,0.8780,0.8775
70,1.5000,SpendAwareDPRebalance (R70-aware),8.0000,9332.6381,746.6110,spend25p,735.4119,708.2990,683.9893,660.2711,639.5197,619.9545,600.7040,583.7299,558.1814,533.8785,231.5123,210.4833,189.5230,171.2838,155.5907,143.6863,133.3585,123.4103,115.9482,107.0897,100.4761,97.4235,91.7202,89.3106,83.7307,79.6507,75.1903,69.9208,62.9044,57.9087,51.7990,44.0736,35.0221,25.8874,13.5525
70,1.5000,SpendAwareDPRebalance (R70-aware),8.0000,9332.6381,746.6110,spend50p,735.4119,718.3153,703.2456,688.8209,678.9545,669.0824,658.0897,647.3709,631.7954,617.0945,281.4866,262.8326,248.4264,234.6850,225.3164,214.5953,206.6641,202.2434,197.1688,193.4791,190.8086,189.6879,186.7214,183.4124,181.4428,178.9173,177.8247,173.6514,169.5327,163.4275,155.6539,146.4125,138.3622,129.9432,121.0130
70,1.5000,SpendAwareDPRebalance (R70-aware),8.0000,9332.6381,746.6110,spend75p,735.4119,728.4125,723.3667,720.0267,717.3916,718.6633,718.1621,715.1265,709.9810,700.5849,330.9785,315.0609,301.1621,290.3026,279.6145,271.5223,266.9070,264.2601,265.2243,267.2271,268.1365,272.5469,274.3925,277.1912,282.2279,283.9006,286.6358,286.4466,284.9298,280.3767,277.3044,271.3807,264.0759,256.4922,249.0654
70,2.0000,SpendAwareDPRebalance (R70-aware),2.8000,35552.9070,995.4814,survival,1.0000,1.0000,1.0000,1.0000,1.0000,1.0000,1.0000,1.0000,1.0000,1.0000,1.0000,1.0000,1.0000,1.0000,1.0000,1.0000,1.0000,1.0000,1.0000,1.0000,1.0000,1.0000,1.0000,1.0000,1.0000,1.0000,1.0000,0.9995,0.9995,0.9995,0.9990,0.9990,0.9985,0.9975,0.9965
70,2.0000,SpendAwareDPRebalance (R70-aware),2.8000,35552.9070,995.4814,spend25p,1000.4588,981.3201,962.7547,944.5218,924.9327,905.5119,886.9410,868.5645,846.0400,824.3260,514.6663,489.2015,469.0536,449.7365,436.1447,422.9334,414.1289,403.1699,399.5450,397.3355,398.7987,397.6778,398.9812,401.3648,399.5831,402.5370,403.6040,399.8262,395.6607,394.4821,388.3318,382.9688,377.4364,367.1040,355.6870
70,2.0000,SpendAwareDPRebalance (R70-aware),2.8000,35552.9070,995.4814,spend50p,1000.4588,994.9037,990.5759,984.5207,983.9329,982.4798,977.3572,972.7185,965.3972,954.2296,621.0580,607.3018,590.1920,580.0624,573.0376,566.6045,561.7921,562.3957,565.5252,576.1883,586.0793,587.4920,595.9117,599.7765,604.7847,613.1039,615.6467,619.5060,618.0859,622.5963,624.3732,625.6951,633.7073,632.4324,626.9100
70,2.0000,SpendAwareDPRebalance (R70-aware),2.8000,35552.9070,995.4814,spend75p,1000.4588,1009.1199,1018.2584,1030.5848,1043.0709,1057.2383,1075.2938,1093.1642,1100.0131,1109.6545,740.1002,735.5662,730.1610,730.1044,730.3865,737.6621,740.2555,753.4058,768.6816,784.6229,804.2599,826.6685,849.5184,876.6592,898.3252,932.8809,957.0871,970.3854,976.9642,996.4534,1013.0330,1016.0815,1020.7454,1026.9906,1038.0058
70,2.0000,SpendAwareDPRebalance (R70-aware),3.0000,33182.7132,995.4814,survival,1.0000,1.0000,1.0000,1.0000,1.0000,1.0000,1.0000,1.0000,1.0000,1.0000,1.0000,1.0000,1.0000,1.0000,1.0000,1.0000,1.0000,1.0000,1.0000,1.0000,1.0000,1.0000,1.0000,1.0000,1.0000,1.0000,0.9995,0.9995,0.9995,0.9990,0.9990,0.9990,0.9980,0.9970,0.9960
70,2.0000,SpendAwareDPRebalance (R70-aware),3.0000,33182.7132,995.4814,spend25p,1000.4588,981.3201,962.7547,944.5218,924.9327,905.3840,886.9410,868.4851,846.0400,824.3260,514.6663,489.0204,469.0061,449.7365,436.1447,422.9334,414.1289,403.1699,399.1894,396.4883,398.7987,397.6778,398.9812,401.3648,399.3575,402.5370,402.7358,397.8641,395.2224,393.7954,388.2580,382.7274,374.9291,366.7863,355.1893
70,2.0000,SpendAwareDPRebalance (R70-aware),3.0000,33182.7132,995.4814,spend50p,1000.4588,994.8404,990.5105,984.5207,983.4863,982.3948,977.3572,972.7185,965.3972,953.8199,621.0580,607.2601,589.8737,579.0765,572.6568,566.3472,561.3441,561.8561,565.4652,576.1883,585.9873,587.2192,595.4832,598.2748,604.7847,613.1039,614.7574,619.5060,617.5054,620.9507,623.3703,625.5797,630.7342,630.7208,626.6505
70,2.0000,SpendAwareDPRebalance (R70-aware),3.0000,33182.7132,995.4814,spend75p,1000.4588,1009.1045,1018.2204,1030.2320,1042.8717,1057.2383,1075.2938,1092.7140,1099.8457,1109.5681,738.7314,734.8823,729.2746,728.5599,728.7686,735.6168,739.8850,752.5131,767.7312,783.9996,800.5549,822.8886,846.9202,875.0163,896.7010,931.6240,955.4634,966.3871,974.2484,996.0372,1009.7207,1012.8244,1015.5942,1025.2316,1036.2782
70,2.0000,SpendAwareDPRebalance (R70-aware),3.3300,29894.3362,995.4814,survival,1.0000,1.0000,1.0000,1.0000,1.0000,1.0000,1.0000,1.0000,1.0000,1.0000,1.0000,1.0000,1.0000,1.0000,1.0000,1.0000,1.0000,1.0000,1.0000,1.0000,1.0000,1.0000,1.0000,1.0000,1.0000,0.9995,0.9995,0.9995,0.9990,0.9990,0.9990,0.9990,0.9970,0.9960,0.9940
70,2.0000,SpendAwareDPRebalance (R70-aware),3.3300,29894.3362,995.4814,spend25p,1000.4588,981.1857,962.6190,944.2234,924.1760,904.8817,886.3746,868.4851,845.8938,823.1188,514.4016,488.8275,467.3406,449.5139,436.0589,422.7945,412.9813,403.0388,398.4973,395.9249,398.1368,396.9655,398.9812,400.8534,399.3575,400.6085,401.3189,396.1574,394.8020,392.9718,388.2580,382.1728,373.5854,362.2437,349.1141
70,2.0000,SpendAwareDPRebalance (R70-aware),3.3300,29894.3362,995.4814,spend50p,1000.4588,994.6891,990.1637,983.7490,982.5413,981.7720,977.1364,972.6098,965.0273,953.3204,620.3786,606.4307,587.9464,578.4255,571.0223,564.6131,559.9084,560.6944,563.9993,571.3275,583.4659,585.4769,592.0404,595.5247,602.3924,610.0394,613.5995,617.2305,615.9935,619.4657,614.7514,622.0422,623.9609,626.5359,622.4807
70,2.0000,SpendAwareDPRebalance (R70-aware),3.3300,29894.3362,995.4814,spend75p,1000.4588,1008.8459,1017.3233,1029.6303,1042.1521,1054.9049,1073.9161,1087.9271,1097.7159,1105.2569,735.4635,731.8930,724.8593,725.8611,725.2380,730.0980,735.6582,750.0165,764.0518,778.8163,794.1029,816.0334,840.1108,870.9395,892.7857,926.0833,947.3421,958.9449,968.8641,991.0188,1002.8649,1000.5106,1008.7244,1014.5514,1020.3321
70,2.0000,SpendAwareDPRebalance (R70-aware),3.6600,27198.9452,995.4814,survival,1.0000,1.0000,1.0000,1.0000,1.0000,1.0000,1.0000,1.0000,1.0000,1.0000,1.0000,1.0000,1.0000,1.0000,1.0000,1.0000,1.0000,1.0000,1.0000,1.0000,1.0000,1.0000,1.0000,1.0000,0.9995,0.9995,0.9995,0.9995,0.9990,0.9985,0.9980,0.9965,0.9950,0.9945,0.9905
70,2.0000,SpendAwareDPRebalance (R70-aware),3.6600,27198.9452,995.4814,spend25p,1000.4588,980.7872,961.6106,943.4399,923.4395,903.9518,884.4091,867.1559,844.7368,821.9191,512.7529,487.6981,467.0710,448.7934,434.6410,419.8064,410.2637,402.1299,396.9620,393.8273,394.3881,394.2194,395.8167,398.6514,398.0048,398.7113,397.4443,394.8559,393.3303,387.2636,384.0003,377.1146,367.7665,359.1037,343.5376
70,2.0000,SpendAwareDPRebalance (R70-aware),3.6600,27198.9452,995.4814,spend50p,1000.4588,994.3568,989.1116,982.3968,980.7054,979.7387,975.7006,969.8872,962.4628,952.8425,618.2657,603.9349,586.5221,575.5640,568.8924,559.6913,557.4006,555.7968,559.9519,568.4819,577.6181,580.6838,588.4824,590.4691,597.6820,605.7453,607.9722,614.0754,609.2631,610.7571,606.4436,612.6250,613.6238,618.0638,608.1083
70,2.0000,SpendAwareDPRebalance (R70-aware),3.6600,27198.9452,995.4814,spend75p,1000.4588,1008.4830,1016.5090,1027.0972,1039.7426,1053.5853,1071.5152,1083.7517,1093.4759,1101.1271,732.1963,727.0897,718.8429,719.3393,720.3245,725.6700,731.6668,740.5363,753.8124,766.9866,784.1863,807.7488,831.7308,855.7225,881.3543,910.4989,931.4834,942.0265,950.9509,960.7724,972.2474,973.7348,982.7568,989.2080,992.3013
70,2.0000,SpendAwareDPRebalance (R70-aware),4.0000,24887.0349,995.4814,survival,1.0000,1.0000,1.0000,1.0000,1.0000,1.0000,1.0000,1.0000,1.0000,1.0000,1.0000,1.0000,1.0000,1.0000,1.0000,1.0000,1.0000,1.0000,1.0000,1.0000,1.0000,1.0000,0.9995,0.9990,0.9990,0.9990,0.9980,0.9970,0.9970,0.9965,0.9965,0.9965,0.9935,0.9915,0.9875
70,2.0000,SpendAwareDPRebalance (R70-aware),4.0000,24887.0349,995.4814,spend25p,1000.4588,980.0689,960.3957,940.5566,920.9559,901.6337,883.2870,862.5333,839.3845,818.8585,510.8542,485.6374,463.4815,447.1096,432.5504,417.7675,408.0443,400.2415,394.7466,390.9936,391.5907,392.1771,389.5240,394.6651,394.7915,394.5930,393.9916,390.0226,388.3497,383.5402,378.0406,368.7975,358.1692,352.2264,335.7331
70,2.0000,SpendAwareDPRebalance (R70-aware),4.0000,24887.0349,995.4814,spend50p,1000.4588,993.8298,987.8580,980.8572,979.0178,977.5116,973.1264,968.0477,958.1417,949.3950,612.8654,596.5080,582.9492,567.9617,561.4956,552.8320,551.7405,551.3499,553.9490,559.1867,564.1041,573.3643,578.8280,582.5695,590.9273,596.1624,600.3482,600.6005,596.6524,594.9736,599.2731,603.9915,604.1952,601.2432,587.7982
70,2.0000,SpendAwareDPRebalance (R70-aware),4.0000,24887.0349,995.4814,spend75p,1000.4588,1007.4776,1015.5715,1024.9408,1036.5285,1051.3651,1068.5860,1079.8856,1085.9416,1094.2648,723.9751,716.9265,708.5042,707.4513,707.8743,709.5864,711.9403,724.2451,732.7839,752.1380,767.1206,786.3827,811.2824,832.7477,859.3148,877.7739,893.8230,908.8611,921.1333,927.9126,930.4249,929.3088,940.2812,945.9356,941.6422
70,2.0000,SpendAwareDPRebalance (R70-aware),4.3300,22990.3325,995.4814,survival,1.0000,1.0000,1.0000,1.0000,1.0000,1.0000,1.0000,1.0000,1.0000,1.0000,1.0000,1.0000,1.0000,1.0000,1.0000,1.0000,1.0000,0.9995,0.9990,0.9985,0.9985,0.9985,0.9980,0.9975,0.9975,0.9970,0.9965,0.9950,0.9945,0.9945,0.9945,0.9935,0.9910,0.9885,0.9830
70,2.0000,SpendAwareDPRebalance (R70-aware),4.3300,22990.3325,995.4814,spend25p,1000.4588,978.7837,958.3219,936.8120,916.8091,898.5201,879.5692,858.6543,837.2637,816.3884,506.8006,480.4535,460.8528,440.0029,427.9369,413.4531,403.8002,395.3468,386.8903,382.9632,382.4756,384.3710,384.5863,385.1827,390.0816,388.2409,387.3164,383.4540,379.5895,373.9946,369.5707,358.7071,352.3823,339.9983,323.9797
70,2.0000,SpendAwareDPRebalance (R70-aware),4.3300,22990.3325,995.4814,spend50p,1000.4588,992.1693,984.9222,978.2964,975.4658,972.8188,968.7774,962.9347,952.8642,941.5157,605.6898,586.9008,574.6844,560.1324,551.4936,542.0394,540.7953,545.4006,545.6143,547.1274,554.8323,562.0193,567.0832,570.4547,572.9470,581.8447,583.8646,587.4696,581.9044,582.0077,587.1031,582.0871,579.1512,575.1784,565.3476
70,2.0000,SpendAwareDPRebalance (R70-aware),4.3300,22990.3325,995.4814,spend75p,1000.4588,1006.4809,1013.2840,1022.0720,1032.3256,1045.0158,1060.1629,1069.0793,1077.1451,1085.3162,711.2552,704.6103,700.0526,692.2245,688.5454,690.5712,691.9563,703.8152,713.1281,727.3456,742.6330,761.0906,776.0714,798.6548,828.9870,843.4838,864.0526,867.7705,889.0589,889.0614,897.2979,897.7373,902.3813,898.4768,899.1554
70,2.0000,SpendAwareDPRebalance (R70-aware),4.6600,21362.2617,995.4814,survival,1.0000,1.0000,1.0000,1.0000,1.0000,1.0000,1.0000,1.0000,1.0000,1.0000,1.0000,0.9995,0.9990,0.9990,0.9990,0.9990,0.9990,0.9985,0.9985,0.9985,0.9985,0.9970,0.9960,0.9955,0.9950,0.9950,0.9915,0.9905,0.9895,0.9885,0.9880,0.9875,0.9865,0.9840,0.9785
70,2.0000,SpendAwareDPRebalance (R70-aware),4.6600,21362.2617,995.4814,spend25p,995.4814,971.9309,950.5216,929.6530,909.1597,887.9940,869.4848,848.1471,828.5768,807.6325,497.4460,470.2111,449.6744,428.3558,419.3425,401.3791,393.2693,385.4580,377.3766,371.3965,370.0641,370.4883,371.5521,371.5320,375.3448,372.5796,368.4541,366.3339,365.0014,356.3621,352.1516,346.0651,335.7291,323.7106,306.2759
70,2.0000,SpendAwareDPRebalance (R70-aware),4.6600,21362.2617,995.4814,spend50p,995.4814,985.4791,976.3064,969.9193,964.8436,960.3506,956.2638,950.2320,938.4422,929.8555,592.2363,572.5900,557.8106,545.5069,535.7570,528.1495,525.3108,529.1123,528.0873,533.6415,535.6494,541.5251,545.4820,549.9532,550.3753,556.3269,558.8556,562.0237,561.8912,558.1090,559.2612,556.0616,555.0977,546.3613,536.8964
70,2.0000,SpendAwareDPRebalance (R70-aware),4.6600,21362.2617,995.4814,spend75p,995.4814,999.9497,1005.2312,1011.9521,1020.8769,1032.3523,1044.2050,1053.0733,1061.4516,1064.3569,691.8573,682.2111,674.1366,668.6157,663.7406,660.0978,665.5048,672.9484,684.1903,695.5093,710.9338,724.6562,740.0680,767.6898,785.9915,799.6376,804.7552,822.4947,836.6986,839.5364,852.1192,847.8118,844.4800,843.1889,847.0981
70,2.0000,SpendAwareDPRebalance (R70-aware),5.0000,19909.6279,995.4814,survival,1.0000,1.0000,1.0000,1.0000,1.0000,1.0000,1.0000,1.0000,0.9995,0.9995,0.9990,0.9985,0.9985,0.9985,0.9980,0.9975,0.9970,0.9955,0.9945,0.9935,0.9930,0.9925,0.9920,0.9915,0.9900,0.9880,0.9845,0.9835,0.9815,0.9805,0.9805,0.9795,0.9785,0.9765,0.9710
70,2.0000,SpendAwareDPRebalance (R70-aware),5.0000,19909.6279,995.4814,spend25p,995.4814,970.1629,946.7740,924.7930,902.4838,882.3103,860.7810,841.5111,819.2707,799.1391,485.7488,460.9118,440.2365,420.0974,406.7184,393.0573,380.3452,372.9192,363.1919,357.8265,358.0747,358.5678,357.0491,357.8294,357.2364,355.4890,353.2900,348.7627,344.2819,337.3955,330.8968,323.6578,315.9227,303.7777,291.6517
70,2.0000,SpendAwareDPRebalance (R70-aware),5.0000,19909.6279,995.4814,spend50p,995.4814,983.7757,973.2734,964.2326,957.6899,952.1504,945.6412,938.9500,930.0476,919.3761,576.2530,558.4899,543.9704,529.8039,520.8008,514.5422,510.4294,511.2698,508.6951,511.6133,516.4962,518.2114,523.6649,529.9376,530.8191,529.5198,534.0029,538.2041,540.3980,537.3647,535.7661,529.5189,528.8334,519.6411,508.6073
70,2.0000,SpendAwareDPRebalance (R70-aware),5.0000,19909.6279,995.4814,spend75p,995.4814,997.2968,1001.0733,1005.3265,1013.3897,1023.5142,1034.5936,1040.4785,1045.3885,1048.3164,671.5299,661.6970,653.4063,645.7525,642.7064,636.4388,638.7411,643.7549,653.3160,661.6315,677.4033,691.7718,706.1436,729.2404,749.8344,760.6425,766.1238,773.2648,782.7525,793.6012,802.0086,798.4000,795.5398,796.1316,795.6870
70,2.0000,SpendAwareDPRebalance (R70-aware),5.5000,18099.6617,995.4814,survival,1.0000,1.0000,1.0000,1.0000,1.0000,1.0000,1.0000,0.9995,0.9990,0.9975,0.9975,0.9970,0.9965,0.9940,0.9935,0.9920,0.9895,0.9880,0.9855,0.9845,0.9835,0.9820,0.9810,0.9780,0.9750,0.9725,0.9715,0.9680,0.9675,0.9665,0.9660,0.9645,0.9630,0.9585,0.9520
70,2.0000,SpendAwareDPRebalance (R70-aware),5.5000,18099.6617,995.4814,spend25p,995.4814,966.8491,940.0363,914.5925,891.3451,870.2141,848.4160,826.1873,806.2027,781.9385,472.3839,447.7510,423.3558,401.6714,386.1879,373.2677,362.3801,352.4770,343.3416,338.5523,334.8237,333.6212,332.3481,331.1169,329.3773,325.3918,325.1764,320.8044,314.6122,306.0394,300.0397,287.5113,281.0195,269.4804,256.0497
70,2.0000,SpendAwareDPRebalance (R70-aware),5.5000,18099.6617,995.4814,spend50p,995.4814,980.5657,967.7332,955.1605,946.4010,940.0230,929.9817,922.1218,910.0452,896.5197,555.4537,535.8100,519.7281,503.9580,493.1701,486.5001,480.3352,479.8308,479.6382,482.4958,485.5259,485.3139,490.9112,495.4969,495.0279,494.5931,498.2519,501.8076,504.2467,499.1407,493.2667,487.3762,482.7285,470.5678,456.6769
70,2.0000,SpendAwareDPRebalance (R70-aware),5.5000,18099.6617,995.4814,spend75p,995.4814,994.5072,994.9225,997.0409,1002.0277,1010.2938,1017.1074,1020.6573,1023.5828,1021.1921,643.6872,631.1905,618.2903,610.1961,605.5005,600.7209,599.0654,602.3841,611.7687,619.7874,632.0840,644.2285,658.5759,670.4937,684.2693,700.8378,705.7913,715.2851,726.5823,727.5658,725.9384,728.0193,732.0478,726.0055,720.3909
70,2.0000,SpendAwareDPRebalance (R70-aware),6.0000,16591.3566,995.4814,survival,1.0000,1.0000,1.0000,1.0000,1.0000,1.0000,1.0000,0.9990,0.9975,0.9965,0.9950,0.9920,0.9900,0.9855,0.9830,0.9820,0.9760,0.9730,0.9685,0.9660,0.9635,0.9605,0.9575,0.9540,0.9520,0.9495,0.9465,0.9445,0.9430,0.9420,0.9415,0.9400,0.9390,0.9345,0.9315
70,2.0000,SpendAwareDPRebalance (R70-aware),6.0000,16591.3566,995.4814,spend25p,980.5492,949.3539,919.3355,892.9148,868.1605,845.3891,823.1408,801.5580,777.4378,755.5885,444.5318,419.5392,397.0429,373.5267,357.4432,346.5933,332.2094,322.2931,312.9218,307.4484,304.1192,301.3178,297.4251,295.6009,294.4118,287.2861,285.0286,279.9596,275.4452,267.2370,261.4311,249.6344,242.4080,231.5802,225.0446
70,2.0000,SpendAwareDPRebalance (R70-aware),6.0000,16591.3566,995.4814,spend50p,980.5492,962.6253,946.6291,932.5242,921.6304,912.6553,903.0932,893.4940,880.6417,865.5343,522.7407,502.0191,485.3980,471.8339,461.3918,452.4243,446.7440,443.6388,443.0740,444.0566,445.9453,446.6344,452.1523,452.1902,453.0440,450.5930,451.3993,454.6687,450.5817,451.2310,444.7704,438.4708,428.8443,419.7627,409.6357
70,2.0000,SpendAwareDPRebalance (R70-aware),6.0000,16591.3566,995.4814,spend75p,980.5492,976.2252,973.1267,973.0967,975.8233,978.7263,984.9329,984.2906,986.8721,983.4216,603.9660,585.7382,576.5653,567.7947,560.3681,554.5452,552.3854,555.0731,561.0079,572.9468,579.6206,590.5514,600.1125,612.3119,624.4152,637.0763,643.7398,647.6050,657.4036,664.5940,662.7631,663.1519,665.9209,661.2002,656.5791
70,2.0000,SpendAwareDPRebalance (R70-aware),7.0000,14221.1628,995.4814,survival,1.0000,1.0000,1.0000,1.0000,1.0000,1.0000,0.9985,0.9965,0.9930,0.9770,0.9705,0.9640,0.9550,0.9440,0.9375,0.9340,0.9250,0.9210,0.9165,0.9125,0.9055,0.8995,0.8970,0.8900,0.8865,0.8835,0.8815,0.8765,0.8725,0.8690,0.8690,0.8690,0.8660,0.8645,0.8620
70,2.0000,SpendAwareDPRebalance (R70-aware),7.0000,14221.1628,995.4814,spend25p,980.5492,944.1430,910.5782,878.4948,849.9383,822.2193,798.0709,773.5904,747.1347,713.4879,404.4755,377.2571,352.3309,326.2980,304.8856,289.2267,273.9003,263.6107,254.1532,246.6621,238.3583,232.5318,228.4472,223.3500,216.1527,210.6643,206.7283,194.9214,188.1379,181.6619,171.6616,165.9137,152.9594,146.4066,136.4044
70,2.0000,SpendAwareDPRebalance (R70-aware),7.0000,14221.1628,995.4814,spend50p,980.5492,957.3491,936.2848,915.3515,901.9182,887.5461,874.9399,858.5967,840.7493,822.5678,481.8729,458.8282,439.4276,421.0984,409.2804,398.6085,389.4546,386.2527,382.0897,381.4950,377.3690,376.0509,373.2709,373.5496,371.1224,370.5515,370.7102,367.6485,362.2834,355.4845,351.6401,346.1370,336.5870,330.9719,317.5720
70,2.0000,SpendAwareDPRebalance (R70-aware),7.0000,14221.1628,995.4814,spend75p,980.5492,970.9444,963.3891,958.4074,953.4974,951.5190,952.8832,951.3597,945.0176,931.1626,554.4391,538.3314,522.5052,508.5084,497.8179,492.4370,487.3673,489.9424,493.3467,497.3127,503.4013,510.6785,521.8952,526.2451,535.8705,544.9648,554.8371,559.5507,557.9896,553.1597,557.3128,553.9497,551.0622,545.7484,542.2288
70,2.0000,SpendAwareDPRebalance (R70-aware),8.0000,12443.5174,995.4814,survival,1.0000,1.0000,1.0000,1.0000,1.0000,0.9990,0.9970,0.9900,0.9710,0.9460,0.9270,0.9100,0.8950,0.8825,0.8675,0.8510,0.8390,0.8310,0.8195,0.8090,0.8015,0.7965,0.7895,0.7815,0.7735,0.7705,0.7645,0.7595,0.7550,0.7540,0.7525,0.7515,0.7505,0.7495,0.7470
70,2.0000,SpendAwareDPRebalance (R70-aware),8.0000,12443.5174,995.4814,spend25p,980.5492,942.7879,907.0634,873.3838,841.3095,812.4198,785.0702,757.6330,722.1207,683.5484,371.1864,338.9782,308.8014,281.9835,256.7219,232.9178,214.9474,196.7728,178.8605,165.8512,154.7409,141.8407,128.3871,114.7811,88.1185,79.5155,55.9945,39.3555,16.8052,3.8295,0.0000,0.0000,0.0000,0.0000,0.0000
70,2.0000,SpendAwareDPRebalance (R70-aware),8.0000,12443.5174,995.4814,spend50p,980.5492,955.8281,933.4668,910.2599,892.8878,877.3557,857.8657,838.2247,816.3609,791.4696,450.5489,424.4784,402.1284,383.2710,366.5248,350.9808,339.1557,329.3590,318.3001,311.2961,305.0009,301.9231,301.3482,299.5525,293.6921,291.1763,285.5859,279.2495,274.8532,269.6954,261.6094,253.3894,245.5601,238.5621,224.0119
70,2.0000,SpendAwareDPRebalance (R70-aware),8.0000,12443.5174,995.4814,spend75p,980.5492,969.6216,960.0119,953.1288,946.0640,942.3411,941.0228,934.1011,917.6992,899.5609,526.1975,507.6828,490.5382,475.6119,459.3401,447.4099,440.8900,440.8625,441.6357,442.0171,445.1993,447.5676,451.1430,458.5241,462.4687,471.3656,474.0606,473.0259,474.0473,472.2688,466.6876,464.2915,459.8588,453.6202,445.8482
70,3.0000,SpendAwareDPRebalance (R70-aware),2.8000,53329.3605,1493.2221,survival,1.0000,1.0000,1.0000,1.0000,1.0000,1.0000,1.0000,1.0000,1.0000,1.0000,1.0000,1.0000,1.0000,1.0000,1.0000,1.0000,1.0000,1.0000,1.0000,1.0000,1.0000,1.0000,1.0000,1.0000,1.0000,0.9995,0.9995,0.9995,0.9990,0.9990,0.9990,0.9985,0.9965,0.9955,0.9935
70,3.0000,SpendAwareDPRebalance (R70-aware),2.8000,53329.3605,1493.2221,spend25p,1500.6882,1471.9343,1444.1320,1416.6636,1386.6389,1357.6330,1329.5619,1302.7277,1268.8407,1235.4754,916.0816,877.0774,849.8243,824.4025,806.7287,787.0226,774.7276,760.0950,757.5232,758.9342,764.8404,766.3526,772.6204,775.6589,778.4122,785.0522,789.7506,787.5107,787.8750,787.7882,785.6326,779.0292,772.3477,762.5429,748.6155
70,3.0000,SpendAwareDPRebalance (R70-aware),2.8000,53329.3605,1493.2221,spend50p,1500.6882,1492.0908,1485.3099,1476.2100,1473.8119,1473.0004,1465.8961,1458.9146,1447.5409,1429.9805,1094.9528,1077.2005,1054.3883,1045.4724,1039.1368,1033.7366,1030.5757,1036.6603,1050.7333,1065.2895,1089.5946,1089.9102,1109.8351,1120.9541,1137.7328,1152.6391,1164.2656,1173.7088,1175.0313,1187.2448,1196.7984,1213.9022,1227.0655,1238.1962,1235.1235
70,3.0000,SpendAwareDPRebalance (R70-aware),2.8000,53329.3605,1493.2221,spend75p,1500.6882,1513.4543,1526.5818,1544.7745,1563.4771,1584.5898,1612.2137,1634.7703,1647.3111,1660.2134,1292.3132,1294.6680,1291.6665,1300.5929,1311.1018,1325.2628,1337.6574,1366.7963,1400.1021,1427.9960,1465.2790,1504.4736,1551.3658,1611.2846,1647.5877,1711.6631,1762.4040,1781.7110,1807.0725,1853.1558,1886.4313,1894.4347,1912.2922,1943.0946,1966.4197
70,3.0000,SpendAwareDPRebalance (R70-aware),3.0000,49774.0698,1493.2221,survival,1.0000,1.0000,1.0000,1.0000,1.0000,1.0000,1.0000,1.0000,1.0000,1.0000,1.0000,1.0000,1.0000,1.0000,1.0000,1.0000,1.0000,1.0000,1.0000,1.0000,1.0000,1.0000,1.0000,1.0000,0.9995,0.9995,0.9995,0.9995,0.9990,0.9990,0.9980,0.9965,0.9950,0.9940,0.9930
70,3.0000,SpendAwareDPRebalance (R70-aware),3.0000,49774.0698,1493.2221,spend25p,1500.6882,1471.4333,1443.3029,1416.1086,1385.8567,1356.5549,1327.9621,1302.0311,1268.0404,1233.8546,915.4291,876.9473,849.3727,824.3750,804.0785,784.9812,772.2811,759.6560,756.8374,757.4672,762.1866,765.2552,769.4666,775.3172,776.4136,783.3560,788.9326,783.8392,784.9811,787.1121,782.3519,773.4383,770.3267,755.9604,743.2088
70,3.0000,SpendAwareDPRebalance (R70-aware),3.0000,49774.0698,1493.2221,spend50p,1500.6882,1491.8154,1484.5860,1475.3902,1472.9438,1471.3966,1464.4660,1458.0817,1446.9028,1429.8612,1093.6172,1075.8114,1053.7274,1043.2254,1037.5326,1030.6912,1029.8121,1034.3586,1044.9124,1062.9638,1083.9666,1085.8454,1106.6954,1118.0962,1136.2312,1150.7996,1160.8687,1172.2926,1173.4061,1184.7433,1192.6906,1205.2730,1215.6039,1226.9860,1232.9166
70,3.0000,SpendAwareDPRebalance (R70-aware),3.0000,49774.0698,1493.2221,spend75p,1500.6882,1513.0920,1525.4873,1542.1221,1561.3628,1581.6203,1608.3646,1630.2383,1642.4784,1655.2378,1289.6838,1288.7920,1286.8938,1293.3911,1308.8729,1317.3063,1334.0685,1360.2702,1389.5214,1418.0706,1454.6069,1501.6937,1547.1853,1598.5058,1638.3701,1704.2807,1745.9129,1775.2570,1796.7580,1839.7503,1874.3447,1878.2367,1895.2491,1920.4273,1951.1873
70,3.0000,SpendAwareDPRebalance (R70-aware),3.3300,44841.5043,1493.2221,survival,1.0000,1.0000,1.0000,1.0000,1.0000,1.0000,1.0000,1.0000,1.0000,1.0000,1.0000,1.0000,1.0000,1.0000,1.0000,1.0000,1.0000,1.0000,1.0000,1.0000,1.0000,1.0000,0.9995,0.9990,0.9990,0.9990,0.9985,0.9980,0.9965,0.9965,0.9960,0.9955,0.9925,0.9910,0.9880
70,3.0000,SpendAwareDPRebalance (R70-aware),3.3300,44841.5043,1493.2221,spend25p,1500.6882,1470.7859,1441.5296,1413.6412,1383.0945,1353.3019,1325.7141,1297.5640,1260.1751,1229.9941,911.1835,874.7484,847.8541,821.3972,802.4164,782.9839,768.9349,758.2610,752.0632,753.4323,756.2349,762.2431,763.8100,771.8283,772.6592,775.7110,781.5113,777.8713,780.4350,776.9418,774.1514,765.9363,757.1134,745.1991,728.1991
70,3.0000,SpendAwareDPRebalance (R70-aware),3.3300,44841.5043,1493.2221,spend50p,1500.6882,1491.2411,1482.7381,1472.0342,1470.2973,1468.1954,1462.0905,1453.4668,1440.2695,1424.8445,1087.7705,1070.7916,1048.8164,1035.3475,1028.3976,1020.4090,1018.6468,1025.8652,1034.1617,1052.2486,1069.6186,1079.8803,1096.0302,1106.6236,1125.6889,1141.9025,1149.1094,1160.3329,1153.6377,1159.1962,1168.2438,1189.0690,1196.5287,1212.4717,1201.1159
70,3.0000,SpendAwareDPRebalance (R70-aware),3.3300,44841.5043,1493.2221,spend75p,1500.6882,1511.8385,1523.8539,1540.2220,1557.3312,1579.2081,1605.7977,1625.4805,1634.9182,1648.7058,1281.8576,1280.3194,1274.1630,1283.8909,1291.4245,1304.6285,1319.8191,1343.5050,1367.9006,1394.5610,1434.4741,1475.2729,1516.3151,1563.8192,1614.3507,1672.0286,1708.2112,1730.4659,1756.4312,1784.6055,1814.2164,1826.3574,1856.5287,1868.4399,1892.3168
70,3.0000,SpendAwareDPRebalance (R70-aware),3.6600,40798.4178,1493.2221,survival,1.0000,1.0000,1.0000,1.0000,1.0000,1.0000,1.0000,1.0000,1.0000,1.0000,1.0000,1.0000,1.0000,1.0000,1.0000,1.0000,1.0000,1.0000,1.0000,1.0000,1.0000,0.9995,0.9995,0.9980,0.9980,0.9980,0.9970,0.9965,0.9955,0.9955,0.9945,0.9930,0.9890,0.9855,0.9820
70,3.0000,SpendAwareDPRebalance (R70-aware),3.6600,40798.4178,1493.2221,spend25p,1500.6882,1468.8698,1438.3268,1406.9569,1378.3222,1349.8451,1321.2330,1289.6352,1257.7465,1226.2410,907.2288,868.7880,840.1761,814.4199,799.0314,777.3303,765.2412,753.6631,744.9066,745.8467,747.3846,752.4798,754.9504,759.7499,767.3262,768.7916,768.8817,770.6174,769.1854,762.8074,758.6262,749.1061,741.8512,734.0086,712.8303
70,3.0000,SpendAwareDPRebalance (R70-aware),3.6600,40798.4178,1493.2221,spend50p,1500.6882,1489.0979,1479.2709,1469.8021,1466.0818,1462.0073,1455.3325,1447.0906,1432.8877,1416.5370,1076.0522,1053.7825,1040.3402,1021.1312,1013.4384,1007.5830,1010.2835,1014.9546,1022.0586,1035.0101,1047.9278,1066.9811,1076.2700,1084.4634,1098.4741,1116.5404,1127.1015,1136.7466,1136.0568,1142.9689,1151.1851,1163.8014,1165.0404,1164.1907,1160.3094
70,3.0000,SpendAwareDPRebalance (R70-aware),3.6600,40798.4178,1493.2221,spend75p,1500.6882,1510.6812,1522.0117,1535.3311,1551.7002,1573.9106,1593.5828,1609.7857,1620.7101,1636.3744,1264.3351,1259.4497,1256.8014,1258.3214,1266.3058,1273.4743,1284.9668,1313.5074,1326.3164,1368.2885,1392.6758,1433.9990,1479.0114,1519.0212,1572.6230,1612.9049,1642.9306,1676.1838,1695.5479,1722.2413,1741.7443,1746.3850,1764.1884,1779.5212,1785.3055
70,3.0000,SpendAwareDPRebalance (R70-aware),4.0000,37330.5523,1493.2221,survival,1.0000,1.0000,1.0000,1.0000,1.0000,1.0000,1.0000,1.0000,1.0000,1.0000,1.0000,1.0000,1.0000,1.0000,1.0000,0.9995,0.9990,0.9990,0.9985,0.9985,0.9980,0.9980,0.9970,0.9965,0.9965,0.9955,0.9930,0.9930,0.9915,0.9905,0.9895,0.9865,0.9845,0.9810,0.9755
70,3.0000,SpendAwareDPRebalance (R70-aware),4.0000,37330.5523,1493.2221,spend25p,1493.2221,1458.7361,1427.0010,1395.5950,1365.4238,1333.4283,1306.1134,1273.6534,1243.0051,1212.6957,892.6702,854.6740,826.4590,797.9840,783.3052,760.4790,746.3959,737.1930,729.0374,722.4341,728.3688,731.3355,733.0816,738.2763,745.4576,747.7225,746.6443,749.9163,741.5177,734.2058,730.6362,724.9649,712.4388,702.1890,680.0999
70,3.0000,SpendAwareDPRebalance (R70-aware),4.0000,37330.5523,1493.2221,spend50p,1493.2221,1479.0674,1465.8037,1455.3973,1448.6275,1442.9668,1436.7508,1427.6086,1410.2978,1395.6002,1053.5716,1029.3335,1016.9816,999.2151,987.4002,981.7338,981.0257,990.1387,995.8495,1003.4813,1019.0680,1031.5134,1041.9691,1054.9777,1065.4948,1085.6910,1087.7179,1097.6560,1099.0883,1109.4975,1117.1407,1118.2544,1124.6974,1119.5382,1113.3494
70,3.0000,SpendAwareDPRebalance (R70-aware),4.0000,37330.5523,1493.2221,spend75p,1493.2221,1500.2715,1508.7135,1519.4033,1532.6718,1550.0251,1569.2555,1584.1493,1596.0220,1599.5467,1230.6502,1223.7398,1221.4876,1224.3003,1219.7416,1228.2050,1238.9106,1258.6130,1280.6496,1311.7782,1339.6057,1382.7411,1410.1747,1460.8062,1500.9631,1532.4560,1569.0192,1595.9878,1615.4911,1633.2134,1646.3485,1656.4341,1660.5586,1671.4617,1685.4945
70,3.0000,SpendAwareDPRebalance (R70-aware),4.3300,34485.4987,1493.2221,survival,1.0000,1.0000,1.0000,1.0000,1.0000,1.0000,1.0000,1.0000,1.0000,1.0000,1.0000,0.9995,0.9990,0.9985,0.9985,0.9980,0.9980,0.9980,0.9980,0.9960,0.9950,0.9930,0.9930,0.9920,0.9910,0.9890,0.9870,0.9845,0.9840,0.9840,0.9820,0.9805,0.9770,0.9725,0.9650
70,3.0000,SpendAwareDPRebalance (R70-aware),4.3300,34485.4987,1493.2221,spend25p,1493.2221,1455.6151,1420.8239,1387.4599,1354.9414,1323.9831,1292.7816,1262.7887,1231.1502,1199.7169,876.0486,839.1238,808.7782,783.2960,766.3448,742.8407,729.4006,718.9191,705.7577,703.5579,706.5546,711.3302,711.3395,712.8083,718.7597,715.3875,717.6772,715.0638,709.8548,709.0493,705.0435,695.1335,680.5109,670.7437,649.9006
70,3.0000,SpendAwareDPRebalance (R70-aware),4.3300,34485.4987,1493.2221,spend50p,1493.2221,1475.9441,1460.4935,1447.2171,1437.3929,1429.1318,1419.2111,1409.0251,1396.2386,1379.4044,1032.2759,1009.3395,990.8973,974.6578,965.2451,958.4598,956.7213,967.4100,966.1681,979.4389,991.8252,996.7861,1010.9206,1020.9083,1031.4932,1034.5775,1043.2288,1053.0456,1062.6239,1064.6585,1074.2768,1067.4724,1072.1032,1069.8728,1057.4116
70,3.0000,SpendAwareDPRebalance (R70-aware),4.3300,34485.4987,1493.2221,spend75p,1493.2221,1496.1995,1502.5018,1510.1937,1522.0253,1535.8466,1552.4176,1561.7378,1569.5811,1574.5307,1198.8497,1187.6206,1184.9889,1187.4174,1177.5495,1180.9007,1192.6169,1210.8576,1234.1475,1260.2143,1285.2212,1318.4875,1353.6879,1391.6469,1428.1603,1460.3443,1476.5548,1500.4641,1525.5420,1549.3813,1554.9022,1568.1566,1573.7630,1588.1886,1581.6749
70,3.0000,SpendAwareDPRebalance (R70-aware),4.6600,32043.3926,1493.2221,survival,1.0000,1.0000,1.0000,1.0000,1.0000,1.0000,1.0000,1.0000,1.0000,0.9995,0.9995,0.9985,0.9975,0.9970,0.9965,0.9955,0.9950,0.9940,0.9935,0.9920,0.9905,0.9900,0.9885,0.9860,0.9835,0.9810,0.9790,0.9775,0.9755,0.9745,0.9740,0.9715,0.9670,0.9630,0.9525
70,3.0000,SpendAwareDPRebalance (R70-aware),4.6600,32043.3926,1493.2221,spend25p,1493.2221,1451.1758,1414.2245,1375.6756,1342.9844,1311.5412,1280.3152,1248.0694,1215.7929,1183.8699,859.9475,823.0570,790.5323,762.4805,745.5355,724.0293,711.0006,698.0010,686.2821,683.3467,679.9693,685.2213,685.4183,689.9487,687.7798,686.4423,682.0143,681.2407,677.3325,674.1630,667.9310,653.9015,641.8151,632.2945,607.8663
70,3.0000,SpendAwareDPRebalance (R70-aware),4.6600,32043.3926,1493.2221,spend50p,1493.2221,1472.3474,1454.3299,1436.4928,1425.2241,1415.6356,1402.4443,1393.0923,1372.2093,1354.3530,1006.4674,983.0640,962.6589,945.3389,934.1039,932.2089,925.5519,933.1655,936.1172,944.2269,954.3320,963.3322,968.0429,984.5660,980.5144,991.9486,990.8343,1007.1704,1019.0911,1023.6488,1025.1302,1022.0116,1019.4728,1016.0961,985.3024
70,3.0000,SpendAwareDPRebalance (R70-aware),4.6600,32043.3926,1493.2221,spend75p,1493.2221,1493.0288,1495.4177,1499.1662,1507.9757,1520.3949,1532.6248,1538.3011,1541.2893,1542.9690,1167.2087,1154.3779,1140.6939,1143.2428,1141.9812,1138.4284,1145.0953,1160.2804,1179.3380,1199.3475,1231.5210,1254.7300,1289.6562,1327.1242,1359.9236,1387.0297,1405.8207,1423.1401,1444.5893,1470.7366,1477.7884,1476.0249,1485.7889,1493.8627,1475.9515
70,3.0000,SpendAwareDPRebalance (R70-aware),5.0000,29864.4419,1493.2221,survival,1.0000,1.0000,1.0000,1.0000,1.0000,1.0000,1.0000,1.0000,0.9995,0.9990,0.9975,0.9975,0.9970,0.9960,0.9955,0.9940,0.9915,0.9890,0.9875,0.9860,0.9845,0.9805,0.9790,0.9755,0.9720,0.9685,0.9650,0.9625,0.9625,0.9610,0.9590,0.9560,0.9520,0.9480,0.9375
70,3.0000,SpendAwareDPRebalance (R70-aware),5.0000,29864.4419,1493.2221,spend25p,1470.8238,1426.8692,1386.0815,1347.1758,1312.4505,1278.6240,1244.9782,1213.9434,1181.1659,1150.0592,826.7523,794.0018,762.2494,730.8293,709.2141,693.0932,675.2620,662.8052,651.8319,645.7499,644.1626,642.2353,644.6877,647.1355,643.6150,638.5335,636.6169,635.6456,633.4920,622.3483,612.8431,598.4794,591.3924,579.4370,561.4749
70,3.0000,SpendAwareDPRebalance (R70-aware),5.0000,29864.4419,1493.2221,spend50p,1470.8238,1446.3645,1426.3888,1406.8685,1394.3683,1381.9842,1367.1793,1356.2501,1336.5841,1315.3289,967.9863,942.6804,925.1490,903.2898,891.7443,890.0841,883.8865,883.9945,891.1209,900.9835,906.7221,908.0663,915.4337,928.4556,933.2924,935.4647,942.0787,947.7332,961.1439,965.4198,967.0240,959.4808,947.5970,940.5085,918.2295
70,3.0000,SpendAwareDPRebalance (R70-aware),5.0000,29864.4419,1493.2221,spend75p,1470.8238,1467.5580,1466.0396,1467.1364,1474.6984,1484.3659,1493.3753,1502.3595,1500.7586,1498.2438,1117.2614,1101.8682,1093.9011,1085.9295,1087.3558,1083.1229,1087.6138,1099.5229,1118.8919,1140.7175,1160.1282,1185.7152,1215.7114,1247.5282,1281.6324,1303.5238,1318.5754,1334.7507,1356.2794,1378.3974,1380.9666,1378.8097,1398.4376,1402.4375,1391.3690
70,3.0000,SpendAwareDPRebalance (R70-aware),5.5000,27149.4926,1493.2221,survival,1.0000,1.0000,1.0000,1.0000,1.0000,1.0000,1.0000,1.0000,0.9990,0.9970,0.9970,0.9945,0.9905,0.9860,0.9825,0.9790,0.9710,0.9675,0.9645,0.9610,0.9575,0.9535,0.9495,0.9460,0.9415,0.9375,0.9360,0.9320,0.9295,0.9280,0.9270,0.9220,0.9200,0.9150,0.9065
70,3.0000,SpendAwareDPRebalance (R70-aware),5.5000,27149.4926,1493.2221,spend25p,1470.8238,1420.5375,1375.1833,1332.0825,1293.9529,1254.8724,1219.5311,1188.7107,1151.4923,1117.1559,795.4788,759.2764,727.4100,697.0384,675.1698,654.3325,632.3117,616.2334,606.8784,599.7270,593.8118,591.9672,585.8270,588.8961,578.6693,573.2206,572.2048,567.7378,561.9522,546.7145,542.1078,533.1280,526.4435,516.0524,495.6537
70,3.0000,SpendAwareDPRebalance (R70-aware),5.5000,27149.4926,1493.2221,spend50p,1470.8238,1440.1249,1412.4415,1389.7776,1371.8469,1356.4124,1340.8119,1322.5007,1301.0891,1279.2236,931.0746,903.2159,878.1648,859.8426,850.1823,841.7179,832.1755,831.9151,838.1495,842.5309,844.1311,843.0764,850.2138,857.3676,860.0575,867.2972,878.3774,880.9736,886.9307,888.8968,884.6908,875.3936,867.9438,856.5983,834.6287
70,3.0000,SpendAwareDPRebalance (R70-aware),5.5000,27149.4926,1493.2221,spend75p,1470.8238,1461.1931,1454.8286,1454.0359,1451.0193,1453.3400,1455.1325,1453.9205,1458.9963,1446.3072,1068.8328,1048.8500,1034.4736,1026.2482,1017.0669,1017.3850,1021.8257,1030.6080,1039.6565,1058.3541,1078.4197,1095.5146,1118.6859,1146.0309,1167.1974,1190.2630,1214.8220,1225.2079,1248.4768,1259.5600,1270.4174,1268.7298,1290.6832,1289.7565,1283.7795
70,3.0000,SpendAwareDPRebalance (R70-aware),6.0000,24887.0349,1493.2221,survival,1.0000,1.0000,1.0000,1.0000,1.0000,1.0000,1.0000,0.9985,0.9960,0.9950,0.9925,0.9835,0.9755,0.9700,0.9645,0.9555,0.9500,0.9470,0.9390,0.9330,0.9275,0.9215,0.9185,0.9140,0.9100,0.9040,0.8990,0.8935,0.8905,0.8870,0.8835,0.8825,0.8795,0.8750,0.8640
70,3.0000,SpendAwareDPRebalance (R70-aware),6.0000,24887.0349,1493.2221,spend25p,1470.8238,1416.5907,1367.9594,1319.4444,1277.4155,1237.9613,1201.0458,1168.2471,1128.3924,1091.1257,766.2398,725.3550,689.1695,660.2224,636.7307,606.4187,588.8065,573.6655,561.1002,550.0984,546.7877,529.7942,528.8147,524.5097,519.2727,508.2845,501.7226,493.2837,484.1588,471.0350,461.2503,454.1296,441.3950,428.6645,399.1961
70,3.0000,SpendAwareDPRebalance (R70-aware),6.0000,24887.0349,1493.2221,spend50p,1470.8238,1436.6307,1405.8052,1376.6386,1354.9507,1335.0334,1314.8361,1291.5757,1265.3532,1246.8081,900.5186,868.0562,844.1475,820.2969,803.0678,789.7972,782.9498,783.6589,782.4820,784.5776,784.5941,784.6722,787.4854,786.6943,791.0300,794.3063,797.5871,794.1750,795.2316,794.0264,789.0594,781.4341,769.5019,756.2644,737.6521
70,3.0000,SpendAwareDPRebalance (R70-aware),6.0000,24887.0349,1493.2221,spend75p,1470.8238,1456.8848,1446.5614,1439.1041,1432.5548,1431.2609,1434.8630,1432.2176,1426.0603,1412.5211,1028.8098,1008.8058,990.0832,976.0617,961.0156,957.5060,959.4626,969.3893,978.4026,989.0081,1007.8440,1021.2263,1049.5397,1072.6658,1087.9501,1103.0940,1125.2443,1133.3359,1149.7529,1156.4600,1157.6300,1169.0386,1169.2871,1165.3994,1156.4946
70,3.0000,SpendAwareDPRebalance (R70-aware),7.0000,21331.7442,1493.2221,survival,1.0000,1.0000,1.0000,1.0000,1.0000,1.0000,0.9985,0.9960,0.9915,0.9730,0.9610,0.9530,0.9280,0.9135,0.9040,0.8945,0.8785,0.8645,0.8525,0.8390,0.8305,0.8230,0.8120,0.8055,0.7955,0.7880,0.7800,0.7745,0.7690,0.7650,0.7615,0.7570,0.7560,0.7500,0.7410
70,3.0000,SpendAwareDPRebalance (R70-aware),7.0000,21331.7442,1493.2221,spend25p,1470.8238,1414.1818,1360.5842,1310.0757,1261.7534,1218.2511,1178.2376,1138.2719,1094.2126,1041.2248,711.8770,669.2540,623.2815,580.7005,544.2793,518.4487,487.3825,458.6793,439.0991,418.3915,403.6033,380.0241,359.6440,343.2213,317.9867,295.4649,266.9641,236.3118,214.4198,193.4707,155.8849,125.4364,102.7665,0.0000,0.0000
70,3.0000,SpendAwareDPRebalance (R70-aware),7.0000,21331.7442,1493.2221,spend50p,1470.8238,1433.7421,1400.1418,1365.3008,1338.9981,1314.4403,1285.6570,1260.1153,1229.8607,1194.2273,846.2391,811.2724,777.0195,748.2331,727.1442,714.3158,698.0823,683.1979,672.5406,660.5294,658.5254,654.6535,655.9401,650.4679,648.9342,642.0538,637.3092,629.6539,624.8040,618.2412,611.1763,599.5495,596.5982,576.1107,561.7154
70,3.0000,SpendAwareDPRebalance (R70-aware),7.0000,21331.7442,1493.2221,spend75p,1470.8238,1454.4324,1440.0178,1429.8313,1418.3139,1413.0347,1410.4551,1402.2895,1386.5939,1362.9381,977.7426,952.1837,927.1878,911.6145,898.2099,885.5683,876.2663,875.5545,885.0160,890.5564,901.6178,911.4620,918.0065,935.2298,942.7295,966.1347,979.6170,979.8016,982.0985,982.1486,989.8461,988.2986,987.0696,983.7294,969.5539
70,3.0000,SpendAwareDPRebalance (R70-aware),8.0000,18665.2762,1493.2221,survival,1.0000,1.0000,1.0000,1.0000,1.0000,0.9990,0.9970,0.9895,0.9700,0.9440,0.9180,0.8995,0.8745,0.8505,0.8270,0.8070,0.7885,0.7710,0.7545,0.7400,0.7200,0.7100,0.7020,0.6880,0.6775,0.6690,0.6620,0.6570,0.6525,0.6485,0.6435,0.6395,0.6340,0.6310,0.6255
70,3.0000,SpendAwareDPRebalance (R70-aware),8.0000,18665.2762,1493.2221,spend25p,1470.8238,1413.9901,1360.1396,1309.0268,1259.0551,1210.7248,1166.3735,1121.0901,1064.4531,1001.0787,664.8211,618.3202,561.5822,504.8581,453.0469,407.1765,359.4471,310.7119,208.1259,0.0000,0.0000,0.0000,0.0000,0.0000,0.0000,0.0000,0.0000,0.0000,0.0000,0.0000,0.0000,0.0000,0.0000,0.0000,0.0000
70,3.0000,SpendAwareDPRebalance (R70-aware),8.0000,18665.2762,1493.2221,spend50p,1470.8238,1433.5718,1399.2435,1363.3802,1335.9057,1310.1026,1279.6326,1246.7764,1209.1566,1164.3145,811.3342,770.7581,729.1812,691.3905,664.5356,637.3812,613.9800,593.4832,575.4440,561.7829,533.3586,523.8022,521.0586,505.1825,494.7708,482.5457,478.8135,467.3767,459.4714,448.6863,439.5342,425.9954,412.5046,401.4468,389.5060
70,3.0000,SpendAwareDPRebalance (R70-aware),8.0000,18665.2762,1493.2221,spend75p,1470.8238,1454.0682,1438.6351,1426.7393,1415.5154,1407.4566,1403.3172,1394.6681,1368.8975,1342.1215,947.3282,920.0796,890.3800,862.5954,837.2791,825.5055,808.1131,798.3314,802.1624,801.5939,801.2592,807.7197,810.0123,819.8447,822.9869,821.6910,826.4347,829.4539,829.7608,827.0665,824.9724,819.4580,821.2018,819.0576,817.5941
