pension_start_age,spend_multiplier,strategy,spending_rule,initial_money,initial_annual_cost,value_type,1,2,3,4,5,6,7,8,9,10,11,12,13,14,15,16,17,18,19,20,21,22,23,24,25,26,27,28,29,30,31,32,33,34,35
70,0.7500,SpendAwareDPRebalance (R70-aware),2.8000,13332.3401,373.3055,survival,1.0000,1.0000,1.0000,1.0000,1.0000,1.0000,1.0000,1.0000,1.0000,1.0000,1.0000,1.0000,1.0000,1.0000,1.0000,1.0000,1.0000,1.0000,1.0000,1.0000,1.0000,1.0000,1.0000,1.0000,1.0000,1.0000,1.0000,1.0000,1.0000,1.0000,1.0000,1.0000,1.0000,1.0000,1.0000
70,0.7500,SpendAwareDPRebalance (R70-aware),2.8000,13332.3401,373.3055,spend25p,373.7128,364.1934,355.6448,346.3677,337.8628,329.3322,320.9544,311.5580,303.0975,294.3246,-2.3037,-14.2931,-26.2258,-36.6676,-46.0220,-54.5883,-61.9095,-68.7798,-75.2070,-81.1390,-87.1158,-93.0242,-98.7666,-105.1105,-112.4609,-120.5343,-130.4492,-140.5607,-152.1578,-165.4524,-180.1699,-196.5997,-215.2145,-235.1507,-256.2297
70,0.7500,SpendAwareDPRebalance (R70-aware),2.8000,13332.3401,373.3055,spend50p,376.2463,371.4735,367.6011,364.2788,362.3187,360.1409,356.4873,353.2813,348.3951,343.5171,12.6377,-0.2583,-12.5450,-24.3638,-34.7047,-44.0918,-52.7111,-60.3684,-67.4195,-73.9466,-80.0945,-85.8788,-91.8512,-97.9305,-104.3593,-111.6812,-119.9068,-128.8689,-138.7162,-149.4649,-160.7476,-173.1774,-186.7861,-201.1975,-216.4234
70,0.7500,SpendAwareDPRebalance (R70-aware),2.8000,13332.3401,373.3055,spend75p,378.7920,379.2366,381.2593,383.5840,386.7655,390.8211,395.5651,399.6126,400.5010,402.3291,26.6642,13.3949,0.1763,-12.3708,-23.7847,-34.4025,-43.7884,-52.0660,-59.5515,-66.4664,-72.7876,-78.7817,-84.8203,-90.8732,-97.5052,-104.5990,-112.0282,-119.8661,-127.9403,-137.2939,-146.6229,-156.1575,-167.0968,-177.6203,-189.0831
70,0.7500,SpendAwareDPRebalance (R70-aware),3.0000,12443.5174,373.3055,survival,1.0000,1.0000,1.0000,1.0000,1.0000,1.0000,1.0000,1.0000,1.0000,1.0000,1.0000,1.0000,1.0000,1.0000,1.0000,1.0000,1.0000,1.0000,1.0000,1.0000,1.0000,1.0000,1.0000,1.0000,1.0000,1.0000,1.0000,1.0000,1.0000,1.0000,1.0000,1.0000,1.0000,1.0000,1.0000
70,0.7500,SpendAwareDPRebalance (R70-aware),3.0000,12443.5174,373.3055,spend25p,373.7128,364.1934,355.6448,346.3677,337.8628,329.3322,320.9544,311.5580,303.0975,294.3246,-2.3037,-14.2931,-26.2258,-36.6676,-46.0220,-54.5883,-61.9095,-68.7798,-75.2070,-81.1390,-87.1158,-93.0242,-98.7666,-105.1105,-112.4609,-120.5343,-130.4492,-140.5607,-152.1578,-165.4524,-180.1699,-196.5997,-215.2145,-235.1507,-256.2297
70,0.7500,SpendAwareDPRebalance (R70-aware),3.0000,12443.5174,373.3055,spend50p,376.2463,371.4735,367.6011,364.2788,362.3187,360.1409,356.4873,353.2813,348.3951,343.5171,12.6377,-0.2583,-12.5450,-24.3638,-34.7047,-44.0918,-52.7111,-60.3684,-67.4195,-73.9466,-80.0945,-85.8788,-91.8512,-97.9305,-104.3593,-111.6812,-119.9068,-128.8689,-138.7162,-149.4649,-160.7476,-173.1774,-186.7861,-201.1975,-216.4234
70,0.7500,SpendAwareDPRebalance (R70-aware),3.0000,12443.5174,373.3055,spend75p,378.7920,379.2366,381.2593,383.5840,386.7655,390.8211,395.5651,399.6126,400.5010,402.3291,26.6642,13.3949,0.1763,-12.3708,-23.7847,-34.4025,-43.7884,-52.0660,-59.5515,-66.4664,-72.7876,-78.7817,-84.8203,-90.8732,-97.5052,-104.5990,-112.0282,-119.8661,-127.9403,-137.2939,-146.6229,-156.1575,-167.0968,-177.6203,-189.0831
70,0.7500,SpendAwareDPRebalance (R70-aware),3.3300,11210.3761,373.3055,survival,1.0000,1.0000,1.0000,1.0000,1.0000,1.0000,1.0000,1.0000,1.0000,1.0000,1.0000,1.0000,1.0000,1.0000,1.0000,1.0000,1.0000,1.0000,1.0000,1.0000,1.0000,1.0000,1.0000,1.0000,1.0000,1.0000,1.0000,1.0000,1.0000,1.0000,1.0000,1.0000,1.0000,1.0000,1.0000
70,0.7500,SpendAwareDPRebalance (R70-aware),3.3300,11210.3761,373.3055,spend25p,373.7128,364.1934,355.6448,346.3677,337.8628,329.3322,320.9544,311.5580,303.0975,294.3246,-2.3037,-14.2931,-26.2258,-36.6676,-46.0220,-54.5883,-61.9095,-68.7798,-75.2070,-81.1390,-87.1158,-93.0242,-98.7666,-105.1105,-112.4609,-120.5343,-130.4492,-140.5607,-152.1578,-165.4524,-180.1699,-196.5997,-215.2145,-235.1507,-256.2297
70,0.7500,SpendAwareDPRebalance (R70-aware),3.3300,11210.3761,373.3055,spend50p,376.2463,371.4735,367.6011,364.2788,362.3187,360.1409,356.4873,353.2813,348.3951,343.5171,12.6377,-0.2583,-12.5450,-24.3638,-34.7047,-44.0918,-52.7111,-60.3684,-67.4195,-73.9466,-80.0945,-85.8788,-91.8512,-97.9305,-104.3593,-111.6812,-119.9068,-128.8689,-138.7162,-149.4649,-160.7476,-173.1774,-186.7861,-201.1975,-216.4234
70,0.7500,SpendAwareDPRebalance (R70-aware),3.3300,11210.3761,373.3055,spend75p,378.7920,379.2366,381.2593,383.5840,386.7655,390.8211,395.5651,399.6126,400.5010,402.3291,26.6642,13.3949,0.1763,-12.3708,-23.7847,-34.4025,-43.7884,-52.0660,-59.5515,-66.4664,-72.7876,-78.7817,-84.8203,-90.8732,-97.5052,-104.5990,-112.0282,-119.8661,-127.9403,-137.2939,-146.6229,-156.1575,-167.0968,-177.6203,-189.0831
70,0.7500,SpendAwareDPRebalance (R70-aware),3.6600,10199.6045,373.3055,survival,1.0000,1.0000,1.0000,1.0000,1.0000,1.0000,1.0000,1.0000,1.0000,1.0000,1.0000,1.0000,1.0000,1.0000,1.0000,1.0000,1.0000,1.0000,1.0000,1.0000,1.0000,1.0000,1.0000,1.0000,1.0000,1.0000,1.0000,1.0000,1.0000,1.0000,1.0000,1.0000,1.0000,1.0000,1.0000
70,0.7500,SpendAwareDPRebalance (R70-aware),3.6600,10199.6045,373.3055,spend25p,373.7128,364.1934,355.6448,346.3677,337.8628,329.3322,320.9544,311.5580,303.0975,294.3246,-2.3037,-14.2931,-26.2258,-36.6676,-46.0220,-54.5883,-61.9095,-68.7798,-75.2070,-81.1390,-87.1158,-93.0242,-98.7666,-105.1105,-112.4609,-120.5343,-130.4492,-140.5607,-152.1578,-165.4524,-180.1699,-196.5997,-215.2145,-235.1507,-256.2297
70,0.7500,SpendAwareDPRebalance (R70-aware),3.6600,10199.6045,373.3055,spend50p,376.2463,371.4735,367.6011,364.2788,362.3187,360.1409,356.4873,353.2813,348.3951,343.5171,12.6377,-0.2583,-12.5450,-24.3638,-34.7047,-44.0918,-52.7111,-60.3684,-67.4195,-73.9466,-80.0945,-85.8788,-91.8512,-97.9305,-104.3593,-111.6812,-119.9068,-128.8689,-138.7162,-149.4649,-160.7476,-173.1774,-186.7861,-201.1975,-216.4234
70,0.7500,SpendAwareDPRebalance (R70-aware),3.6600,10199.6045,373.3055,spend75p,378.7920,379.2366,381.2593,383.5840,386.7655,390.8211,395.5651,399.6126,400.5010,402.3291,26.6642,13.3949,0.1763,-12.3708,-23.7847,-34.4025,-43.7884,-52.0660,-59.5515,-66.4664,-72.7876,-78.7817,-84.8203,-90.8732,-97.5052,-104.5990,-112.0282,-119.8661,-127.9403,-137.2939,-146.6229,-156.1575,-167.0968,-177.6203,-189.0831
70,0.7500,SpendAwareDPRebalance (R70-aware),4.0000,9332.6381,373.3055,survival,1.0000,1.0000,1.0000,1.0000,1.0000,1.0000,1.0000,1.0000,1.0000,1.0000,1.0000,1.0000,1.0000,1.0000,1.0000,1.0000,1.0000,1.0000,1.0000,1.0000,1.0000,1.0000,1.0000,1.0000,1.0000,1.0000,1.0000,1.0000,1.0000,1.0000,1.0000,1.0000,1.0000,1.0000,1.0000
70,0.7500,SpendAwareDPRebalance (R70-aware),4.0000,9332.6381,373.3055,spend25p,373.7128,364.1934,355.6448,346.3677,337.8628,329.3322,320.9544,311.5580,303.0975,294.3246,-2.3037,-14.2931,-26.2258,-36.6676,-46.0220,-54.5883,-61.9095,-68.7798,-75.2070,-81.1390,-87.1158,-93.0242,-98.7666,-105.1105,-112.4609,-120.5343,-130.4492,-140.5607,-152.1578,-165.4524,-180.1699,-196.5997,-215.2145,-235.1507,-256.2297
70,0.7500,SpendAwareDPRebalance (R70-aware),4.0000,9332.6381,373.3055,spend50p,376.2463,371.4735,367.6011,364.2788,362.3187,360.1409,356.4873,353.2813,348.3951,343.5171,12.6377,-0.2583,-12.5450,-24.3638,-34.7047,-44.0918,-52.7111,-60.3684,-67.4195,-73.9466,-80.0945,-85.8788,-91.8512,-97.9305,-104.3593,-111.6812,-119.9068,-128.8689,-138.7162,-149.4649,-160.7476,-173.1774,-186.7861,-201.1975,-216.4234
70,0.7500,SpendAwareDPRebalance (R70-aware),4.0000,9332.6381,373.3055,spend75p,378.7920,379.2366,381.2593,383.5840,386.7655,390.8211,395.5651,399.6126,400.5010,402.3291,26.6642,13.3949,0.1763,-12.3708,-23.7847,-34.4025,-43.7884,-52.0660,-59.5515,-66.4664,-72.7876,-78.7817,-84.8203,-90.8732,-97.5052,-104.5990,-112.0282,-119.8661,-127.9403,-137.2939,-146.6229,-156.1575,-167.0968,-177.6203,-189.0831
70,0.7500,SpendAwareDPRebalance (R70-aware),4.3300,8621.3747,373.3055,survival,1.0000,1.0000,1.0000,1.0000,1.0000,1.0000,1.0000,1.0000,1.0000,1.0000,1.0000,1.0000,1.0000,1.0000,1.0000,1.0000,1.0000,1.0000,1.0000,1.0000,1.0000,1.0000,1.0000,1.0000,1.0000,1.0000,1.0000,1.0000,1.0000,1.0000,1.0000,1.0000,1.0000,1.0000,1.0000
70,0.7500,SpendAwareDPRebalance (R70-aware),4.3300,8621.3747,373.3055,spend25p,373.7128,364.1934,355.6448,346.3677,337.8628,329.3322,320.9544,311.5580,303.0975,294.3246,-2.3037,-14.2931,-26.2258,-36.6676,-46.0220,-54.5883,-61.9095,-68.7798,-75.2070,-81.1390,-87.1158,-93.0242,-98.7666,-105.1105,-112.4609,-120.5343,-130.4492,-140.5607,-152.1578,-165.4524,-180.1699,-196.5997,-215.2145,-235.1507,-256.2297
70,0.7500,SpendAwareDPRebalance (R70-aware),4.3300,8621.3747,373.3055,spend50p,376.2463,371.4735,367.6011,364.2788,362.3187,360.1409,356.4873,353.2813,348.3951,343.5171,12.6377,-0.2583,-12.5450,-24.3638,-34.7047,-44.0918,-52.7111,-60.3684,-67.4195,-73.9466,-80.0945,-85.8788,-91.8512,-97.9305,-104.3593,-111.6812,-119.9068,-128.8689,-138.7162,-149.4649,-160.7476,-173.1774,-186.7861,-201.1975,-216.4234
70,0.7500,SpendAwareDPRebalance (R70-aware),4.3300,8621.3747,373.3055,spend75p,378.7920,379.2366,381.2593,383.5840,386.7655,390.8211,395.5651,399.6126,400.5010,402.3291,26.6642,13.3949,0.1763,-12.3708,-23.7847,-34.4025,-43.7884,-52.0660,-59.5515,-66.4664,-72.7876,-78.7817,-84.8203,-90.8732,-97.5052,-104.5990,-112.0282,-119.8661,-127.9403,-137.2939,-146.6229,-156.1575,-167.0968,-177.6203,-189.0831
70,0.7500,SpendAwareDPRebalance (R70-aware),4.6600,8010.8481,373.3055,survival,1.0000,1.0000,1.0000,1.0000,1.0000,1.0000,1.0000,1.0000,1.0000,1.0000,1.0000,1.0000,1.0000,1.0000,1.0000,1.0000,1.0000,1.0000,1.0000,1.0000,1.0000,1.0000,1.0000,1.0000,1.0000,1.0000,1.0000,1.0000,1.0000,1.0000,1.0000,1.0000,1.0000,1.0000,1.0000
70,0.7500,SpendAwareDPRebalance (R70-aware),4.6600,8010.8481,373.3055,spend25p,373.7128,364.1934,355.6448,346.3677,337.8628,329.3322,320.9544,311.5580,303.0975,294.3246,-2.3037,-14.2931,-26.2258,-36.6676,-46.0220,-54.5883,-61.9095,-68.7798,-75.2070,-81.1390,-87.1158,-93.0242,-98.7666,-105.1105,-112.4609,-120.5343,-130.4492,-140.5607,-152.1578,-165.4524,-180.1699,-196.5997,-215.2145,-235.1507,-256.2297
70,0.7500,SpendAwareDPRebalance (R70-aware),4.6600,8010.8481,373.3055,spend50p,376.2463,371.4735,367.6011,364.2788,362.3187,360.1409,356.4873,353.2813,348.3951,343.5171,12.6377,-0.2583,-12.5450,-24.3638,-34.7047,-44.0918,-52.7111,-60.3684,-67.4195,-73.9466,-80.0945,-85.8788,-91.8512,-97.9305,-104.3593,-111.6812,-119.9068,-128.8689,-138.7162,-149.4649,-160.7476,-173.1774,-186.7861,-201.1975,-216.4234
70,0.7500,SpendAwareDPRebalance (R70-aware),4.6600,8010.8481,373.3055,spend75p,378.7920,379.2366,381.2593,383.5840,386.7655,390.8211,395.5651,399.6126,400.5010,402.3291,26.6642,13.3949,0.1763,-12.3708,-23.7847,-34.4025,-43.7884,-52.0660,-59.5515,-66.4664,-72.7876,-78.7817,-84.8203,-90.8732,-97.5052,-104.5990,-112.0282,-119.8661,-127.9403,-137.2939,-146.6229,-156.1575,-167.0968,-177.6203,-189.0831
70,0.7500,SpendAwareDPRebalance (R70-aware),5.0000,7466.1105,373.3055,survival,1.0000,1.0000,1.0000,1.0000,1.0000,1.0000,1.0000,1.0000,1.0000,1.0000,1.0000,1.0000,1.0000,1.0000,1.0000,1.0000,1.0000,1.0000,1.0000,1.0000,1.0000,1.0000,1.0000,1.0000,1.0000,1.0000,1.0000,1.0000,1.0000,1.0000,1.0000,1.0000,1.0000,1.0000,1.0000
70,0.7500,SpendAwareDPRebalance (R70-aware),5.0000,7466.1105,373.3055,spend25p,373.7128,364.1934,355.6448,346.3677,337.8628,329.3322,320.9544,311.5580,303.0975,294.3246,-2.3037,-14.2931,-26.2258,-36.6676,-46.0220,-54.5883,-61.9095,-68.7798,-75.2070,-81.1390,-87.1158,-93.0242,-98.7666,-105.1105,-112.4609,-120.5343,-130.4492,-140.5607,-152.1578,-165.4524,-180.1699,-196.5997,-215.2145,-235.1507,-256.2297
70,0.7500,SpendAwareDPRebalance (R70-aware),5.0000,7466.1105,373.3055,spend50p,376.2463,371.4735,367.6011,364.2788,362.3187,360.1409,356.4873,353.2813,348.3951,343.5171,12.6377,-0.2583,-12.5450,-24.3638,-34.7047,-44.0918,-52.7111,-60.3684,-67.4195,-73.9466,-80.0945,-85.8788,-91.8512,-97.9305,-104.3593,-111.6812,-119.9068,-128.8689,-138.7162,-149.4649,-160.7476,-173.1774,-186.7861,-201.1975,-216.4234
70,0.7500,SpendAwareDPRebalance (R70-aware),5.0000,7466.1105,373.3055,spend75p,378.7920,379.2366,381.2593,383.5840,386.7655,390.8211,395.5651,399.6126,400.5010,402.3291,26.6642,13.3949,0.1763,-12.3708,-23.7847,-34.4025,-43.7884,-52.0660,-59.5515,-66.4664,-72.7876,-78.7817,-84.8203,-90.8732,-97.5052,-104.5990,-112.0282,-119.8661,-127.9403,-137.2939,-146.6229,-156.1575,-167.0968,-177.6203,-189.0831
70,0.7500,SpendAwareDPRebalance (R70-aware),5.5000,6787.3731,373.3055,survival,1.0000,1.0000,1.0000,1.0000,1.0000,1.0000,1.0000,1.0000,1.0000,1.0000,1.0000,1.0000,1.0000,1.0000,1.0000,1.0000,1.0000,1.0000,1.0000,1.0000,1.0000,1.0000,1.0000,1.0000,1.0000,1.0000,1.0000,1.0000,1.0000,1.0000,1.0000,1.0000,1.0000,1.0000,1.0000
70,0.7500,SpendAwareDPRebalance (R70-aware),5.5000,6787.3731,373.3055,spend25p,373.7128,364.1934,355.6448,346.3677,337.8628,329.3322,320.9544,311.5580,303.0975,294.3246,-2.3037,-14.2931,-26.2258,-36.6676,-46.0220,-54.5883,-61.9095,-68.7798,-75.2070,-81.1390,-87.1158,-93.0242,-98.7666,-105.1105,-112.4609,-120.5343,-130.4492,-140.5607,-152.1578,-165.4524,-180.1699,-196.5997,-215.2145,-235.1507,-256.2297
70,0.7500,SpendAwareDPRebalance (R70-aware),5.5000,6787.3731,373.3055,spend50p,376.2463,371.4735,367.6011,364.2788,362.3187,360.1409,356.4873,353.2813,348.3951,343.5171,12.6377,-0.2583,-12.5450,-24.3638,-34.7047,-44.0918,-52.7111,-60.3684,-67.4195,-73.9466,-80.0945,-85.8788,-91.8512,-97.9305,-104.3593,-111.6812,-119.9068,-128.8689,-138.7162,-149.4649,-160.7476,-173.1774,-186.7861,-201.1975,-216.4234
70,0.7500,SpendAwareDPRebalance (R70-aware),5.5000,6787.3731,373.3055,spend75p,378.7920,379.2366,381.2593,383.5840,386.7655,390.8211,395.5651,399.6126,400.5010,402.3291,26.6642,13.3949,0.1763,-12.3708,-23.7847,-34.4025,-43.7884,-52.0660,-59.5515,-66.4664,-72.7876,-78.7817,-84.8203,-90.8732,-97.5052,-104.5990,-112.0282,-119.8661,-127.9403,-137.2939,-146.6229,-156.1575,-167.0968,-177.6203,-189.0831
70,0.7500,SpendAwareDPRebalance (R70-aware),6.0000,6221.7587,373.3055,survival,1.0000,1.0000,1.0000,1.0000,1.0000,1.0000,1.0000,1.0000,1.0000,0.9995,0.9995,0.9995,0.9995,0.9995,0.9995,0.9995,0.9995,0.9995,0.9995,0.9995,0.9995,0.9995,0.9995,0.9995,0.9995,0.9995,0.9995,0.9995,0.9995,0.9995,0.9995,0.9995,0.9995,0.9995,0.9995
70,0.7500,SpendAwareDPRebalance (R70-aware),6.0000,6221.7587,373.3055,spend25p,373.7128,364.1934,355.6448,346.3677,337.8628,329.3322,320.9544,311.5580,303.0975,294.2158,-2.3037,-14.2931,-26.2258,-36.6676,-46.0220,-54.5883,-61.9095,-68.7576,-75.1608,-81.1025,-87.1146,-93.0022,-98.7575,-105.0923,-112.4488,-120.4710,-130.4259,-140.5448,-152.1578,-165.4524,-180.1699,-196.5997,-215.2145,-235.1507,-256.2297
70,0.7500,SpendAwareDPRebalance (R70-aware),6.0000,6221.7587,373.3055,spend50p,376.2463,371.4735,367.6011,364.2788,362.3187,360.1409,356.4873,353.2813,348.3951,343.4653,12.6238,-0.2583,-12.5450,-24.3638,-34.7047,-44.0918,-52.6877,-60.3223,-67.3862,-73.9385,-80.0657,-85.8604,-91.8433,-97.9204,-104.3514,-111.6782,-119.8876,-128.8581,-138.6990,-149.4569,-160.6972,-173.1256,-186.7423,-201.1859,-216.3881
70,0.7500,SpendAwareDPRebalance (R70-aware),6.0000,6221.7587,373.3055,spend75p,378.7920,379.2366,381.2593,383.5840,386.7655,390.8211,395.5651,399.6126,400.5010,402.2302,26.6078,13.3843,0.1720,-12.3708,-23.7683,-34.3486,-43.7451,-52.0507,-59.5477,-66.4552,-72.7831,-78.7534,-84.8044,-90.8615,-97.4888,-104.5905,-112.0122,-119.8577,-127.9142,-137.2854,-146.5969,-156.1209,-167.0939,-177.5707,-189.0565
70,0.7500,SpendAwareDPRebalance (R70-aware),7.0000,5332.9360,373.3055,survival,1.0000,1.0000,1.0000,1.0000,1.0000,1.0000,1.0000,1.0000,1.0000,0.9990,0.9975,0.9975,0.9975,0.9975,0.9975,0.9975,0.9975,0.9975,0.9975,0.9975,0.9975,0.9975,0.9975,0.9975,0.9975,0.9975,0.9975,0.9975,0.9975,0.9975,0.9975,0.9975,0.9975,0.9975,0.9975
70,0.7500,SpendAwareDPRebalance (R70-aware),7.0000,5332.9360,373.3055,spend25p,373.7128,364.1934,355.6448,346.3677,337.8628,329.3322,320.9544,311.5580,303.0975,294.0989,-2.3037,-14.2931,-26.2258,-36.6676,-46.0220,-54.5883,-61.9095,-68.7576,-75.1608,-81.1025,-87.1146,-93.0022,-98.7575,-105.0858,-112.4392,-120.4383,-130.4172,-140.5098,-152.1115,-165.3851,-180.1175,-196.3482,-215.1310,-235.0863,-256.0938
70,0.7500,SpendAwareDPRebalance (R70-aware),7.0000,5332.9360,373.3055,spend50p,376.2463,371.4735,367.6011,364.2788,362.3187,360.1409,356.4873,353.2813,348.3951,343.3951,12.3711,-0.2583,-12.5450,-24.3638,-34.7047,-44.0918,-52.6877,-60.3223,-67.3862,-73.9385,-80.0657,-85.8604,-91.8333,-97.9145,-104.3371,-111.6359,-119.8491,-128.8487,-138.6628,-149.3848,-160.6133,-173.0522,-186.5951,-201.1383,-216.2633
70,0.7500,SpendAwareDPRebalance (R70-aware),7.0000,5332.9360,373.3055,spend75p,378.7920,379.2366,381.2593,383.5840,386.7655,390.8211,395.5651,399.6126,400.5010,402.2302,26.4886,13.1908,0.1093,-12.3524,-23.7629,-34.2827,-43.7451,-52.0507,-59.5477,-66.4552,-72.7785,-78.7407,-84.7899,-90.8237,-97.4190,-104.5586,-111.9772,-119.7380,-127.8484,-137.1920,-146.4955,-156.0205,-166.8444,-177.4668,-188.9647
70,0.7500,SpendAwareDPRebalance (R70-aware),8.0000,4666.3190,373.3055,survival,1.0000,1.0000,1.0000,1.0000,1.0000,0.9995,0.9990,0.9985,0.9950,0.9900,0.9875,0.9860,0.9855,0.9845,0.9845,0.9845,0.9845,0.9845,0.9845,0.9845,0.9845,0.9845,0.9845,0.9845,0.9845,0.9845,0.9845,0.9845,0.9845,0.9845,0.9845,0.9845,0.9845,0.9845,0.9845
70,0.7500,SpendAwareDPRebalance (R70-aware),8.0000,4666.3190,373.3055,spend25p,373.7128,364.1934,355.6448,346.3677,337.8628,329.1980,320.7793,311.2549,301.8817,291.9161,-2.2722,-14.2628,-26.1517,-36.6554,-45.9988,-54.5425,-61.9019,-68.7448,-75.1473,-81.0865,-87.0482,-92.9677,-98.7015,-105.0045,-112.2040,-120.2983,-129.9563,-139.8449,-151.4576,-164.6767,-179.4697,-195.6067,-214.2406,-234.1664,-254.1502
70,0.7500,SpendAwareDPRebalance (R70-aware),8.0000,4666.3190,373.3055,spend50p,376.2463,371.4735,367.6011,364.2788,362.3187,360.1053,356.4221,353.1545,347.8879,342.1454,11.9150,-0.2423,-12.5112,-24.2785,-34.6323,-44.0567,-52.5912,-60.2949,-67.3402,-73.8526,-79.9714,-85.7391,-91.6806,-97.7566,-104.1799,-111.4455,-119.7157,-128.4298,-138.2031,-148.8543,-159.7705,-172.3239,-185.7673,-200.3315,-215.1982
70,0.7500,SpendAwareDPRebalance (R70-aware),8.0000,4666.3190,373.3055,spend75p,378.7920,379.2366,381.2593,383.5840,386.7655,390.8211,395.4597,399.4722,399.2695,399.6528,26.0450,12.5223,0.0000,-12.2426,-23.6474,-34.1656,-43.5140,-51.9857,-59.3767,-66.3007,-72.5901,-78.5072,-84.6032,-90.5848,-97.0698,-104.2947,-111.6119,-119.4483,-127.3833,-136.6939,-145.8387,-155.2879,-165.5744,-176.5705,-187.6845
70,1.0000,SpendAwareDPRebalance (R70-aware),2.8000,17776.4535,497.7407,survival,1.0000,1.0000,1.0000,1.0000,1.0000,1.0000,1.0000,1.0000,1.0000,1.0000,1.0000,1.0000,1.0000,1.0000,1.0000,1.0000,1.0000,1.0000,1.0000,1.0000,1.0000,1.0000,1.0000,1.0000,1.0000,1.0000,1.0000,1.0000,1.0000,1.0000,1.0000,1.0000,1.0000,1.0000,1.0000
70,1.0000,SpendAwareDPRebalance (R70-aware),2.8000,17776.4535,497.7407,spend25p,498.2837,485.5912,474.1931,461.8236,450.4837,439.1096,427.9392,415.4106,404.1300,392.4328,92.5861,77.5162,63.5757,50.7470,39.9345,29.8578,21.3964,14.7236,8.3052,2.9386,-2.3196,-7.5284,-12.4936,-17.8107,-22.3611,-28.6593,-34.7830,-41.6669,-49.1370,-57.6569,-66.3036,-76.4680,-87.7056,-98.4375,-110.0526
70,1.0000,SpendAwareDPRebalance (R70-aware),2.8000,17776.4535,497.7407,spend50p,501.6617,495.2981,490.1348,485.7050,483.0915,480.1879,475.3164,471.0418,464.5268,458.0228,125.6102,111.2463,98.4551,85.8087,74.5872,64.5129,56.7043,49.9550,43.5878,38.8390,34.4519,29.4030,25.0200,19.3582,13.4726,6.9286,0.1024,-8.6575,-16.3862,-25.7836,-36.5913,-47.8783,-59.5000,-72.8915,-86.8963
70,1.0000,SpendAwareDPRebalance (R70-aware),2.8000,17776.4535,497.7407,spend75p,505.0560,505.6488,508.3457,511.4454,515.6873,521.0948,527.4202,532.8168,534.0013,536.4388,160.3366,148.1952,135.3947,123.8766,113.1527,105.0811,96.4894,90.1528,84.8543,80.4794,77.9494,74.5314,72.2333,69.4785,66.6253,61.9933,55.9967,48.0809,38.1962,28.1911,16.4907,2.9568,-12.1632,-29.8111,-47.5573
70,1.0000,SpendAwareDPRebalance (R70-aware),3.0000,16591.3566,497.7407,survival,1.0000,1.0000,1.0000,1.0000,1.0000,1.0000,1.0000,1.0000,1.0000,1.0000,1.0000,1.0000,1.0000,1.0000,1.0000,1.0000,1.0000,1.0000,1.0000,1.0000,1.0000,1.0000,1.0000,1.0000,1.0000,1.0000,1.0000,1.0000,1.0000,1.0000,1.0000,1.0000,1.0000,1.0000,1.0000
70,1.0000,SpendAwareDPRebalance (R70-aware),3.0000,16591.3566,497.7407,spend25p,498.2837,485.5912,474.1931,461.8236,450.4837,439.1096,427.9392,415.4106,404.1300,392.4328,92.5861,77.5162,63.5757,50.7470,39.9345,29.8578,21.3964,14.7236,8.3052,2.9386,-2.3196,-7.5284,-12.4936,-17.8107,-22.3611,-28.6593,-34.7830,-41.6669,-49.1370,-57.6569,-66.3036,-76.4680,-87.7056,-98.4375,-110.0526
70,1.0000,SpendAwareDPRebalance (R70-aware),3.0000,16591.3566,497.7407,spend50p,501.6617,495.2981,490.1348,485.7050,483.0915,480.1879,475.3164,471.0418,464.5268,458.0228,125.6102,111.2463,98.4551,85.8087,74.5872,64.5129,56.7043,49.9550,43.5878,38.8390,34.4519,29.4030,25.0200,19.3582,13.4726,6.9286,0.1024,-8.6575,-16.3862,-25.7836,-36.5913,-47.8783,-59.5000,-72.8915,-86.8963
70,1.0000,SpendAwareDPRebalance (R70-aware),3.0000,16591.3566,497.7407,spend75p,505.0560,505.6488,508.3457,511.4454,515.6873,521.0948,527.4202,532.8168,534.0013,536.4388,160.3366,148.1952,135.3947,123.8766,113.1527,105.0811,96.4894,90.1528,84.8543,80.4794,77.9494,74.5314,72.2333,69.4785,66.6253,61.9933,55.9967,48.0809,38.1962,28.1911,16.4907,2.9568,-12.1632,-29.8111,-47.5573
70,1.0000,SpendAwareDPRebalance (R70-aware),3.3300,14947.1681,497.7407,survival,1.0000,1.0000,1.0000,1.0000,1.0000,1.0000,1.0000,1.0000,1.0000,1.0000,1.0000,1.0000,1.0000,1.0000,1.0000,1.0000,1.0000,1.0000,1.0000,1.0000,1.0000,1.0000,1.0000,1.0000,1.0000,1.0000,1.0000,1.0000,1.0000,1.0000,1.0000,1.0000,1.0000,1.0000,1.0000
70,1.0000,SpendAwareDPRebalance (R70-aware),3.3300,14947.1681,497.7407,spend25p,498.2837,485.5912,474.1931,461.8236,450.4837,439.1096,427.9392,415.4106,404.1300,392.4328,92.5861,77.5162,63.5757,50.7470,39.9345,29.8578,21.3964,14.7236,8.3052,2.9386,-2.3196,-7.5284,-12.4936,-17.8107,-22.3611,-28.6593,-34.7830,-41.6669,-49.1370,-57.6569,-66.3036,-76.4680,-87.7056,-98.4375,-110.0526
70,1.0000,SpendAwareDPRebalance (R70-aware),3.3300,14947.1681,497.7407,spend50p,501.6617,495.2981,490.1348,485.7050,483.0915,480.1879,475.3164,471.0418,464.5268,458.0228,125.6102,111.2463,98.4551,85.8087,74.5872,64.5129,56.7043,49.9550,43.5878,38.8390,34.4519,29.4030,25.0200,19.3582,13.4726,6.9286,0.1024,-8.6575,-16.3862,-25.7836,-36.5913,-47.8783,-59.5000,-72.8915,-86.8963
70,1.0000,SpendAwareDPRebalance (R70-aware),3.3300,14947.1681,497.7407,spend75p,505.0560,505.6488,508.3457,511.4454,515.6873,521.0948,527.4202,532.8168,534.0013,536.4388,160.3366,148.1952,135.3947,123.8766,113.1527,105.0811,96.4894,90.1528,84.8543,80.4794,77.9494,74.5314,72.2333,69.4785,66.6253,61.9933,55.9967,48.0809,38.1962,28.1911,16.4907,2.9568,-12.1632,-29.8111,-47.5573
70,1.0000,SpendAwareDPRebalance (R70-aware),3.6600,13599.4726,497.7407,survival,1.0000,1.0000,1.0000,1.0000,1.0000,1.0000,1.0000,1.0000,1.0000,1.0000,1.0000,1.0000,1.0000,1.0000,1.0000,1.0000,1.0000,1.0000,1.0000,1.0000,1.0000,1.0000,1.0000,1.0000,1.0000,1.0000,1.0000,1.0000,1.0000,1.0000,1.0000,1.0000,1.0000,1.0000,1.0000
70,1.0000,SpendAwareDPRebalance (R70-aware),3.6600,13599.4726,497.7407,spend25p,498.2837,485.5912,474.1931,461.8236,450.4837,439.1096,427.9392,415.4106,404.1300,392.4328,92.5861,77.5162,63.5757,50.7470,39.9345,29.8578,21.3964,14.7236,8.3052,2.9386,-2.3196,-7.5284,-12.4936,-17.8107,-22.3611,-28.6593,-34.7830,-41.6669,-49.1370,-57.6569,-66.3036,-76.4680,-87.7056,-98.4375,-110.0526
70,1.0000,SpendAwareDPRebalance (R70-aware),3.6600,13599.4726,497.7407,spend50p,501.6617,495.2981,490.1348,485.7050,483.0915,480.1879,475.3164,471.0418,464.5268,458.0228,125.6102,111.2463,98.4551,85.8087,74.5872,64.5129,56.7043,49.9550,43.5878,38.8390,34.4519,29.4030,25.0200,19.3582,13.4726,6.9286,0.1024,-8.6575,-16.3862,-25.7836,-36.5913,-47.8783,-59.5000,-72.8915,-86.8963
70,1.0000,SpendAwareDPRebalance (R70-aware),3.6600,13599.4726,497.7407,spend75p,505.0560,505.6488,508.3457,511.4454,515.6873,521.0948,527.4202,532.8168,534.0013,536.4388,160.3366,148.1952,135.3947,123.8766,113.1527,105.0811,96.4894,90.1528,84.8543,80.4794,77.9494,74.5314,72.2333,69.4785,66.6253,61.9933,55.9967,48.0809,38.1962,28.1911,16.4907,2.9568,-12.1632,-29.8111,-47.5573
70,1.0000,SpendAwareDPRebalance (R70-aware),4.0000,12443.5174,497.7407,survival,1.0000,1.0000,1.0000,1.0000,1.0000,1.0000,1.0000,1.0000,1.0000,1.0000,1.0000,1.0000,1.0000,1.0000,1.0000,1.0000,1.0000,1.0000,1.0000,1.0000,1.0000,1.0000,1.0000,1.0000,1.0000,1.0000,1.0000,1.0000,1.0000,1.0000,1.0000,1.0000,1.0000,1.0000,1.0000
70,1.0000,SpendAwareDPRebalance (R70-aware),4.0000,12443.5174,497.7407,spend25p,498.2837,485.5912,474.1931,461.8236,450.4837,439.1096,427.9392,415.4106,404.1300,392.4328,92.5861,77.5162,63.5757,50.7470,39.9345,29.8578,21.3964,14.7236,8.3052,2.9386,-2.3196,-7.5284,-12.4936,-17.8107,-22.3611,-28.6593,-34.7830,-41.6669,-49.1370,-57.6569,-66.3036,-76.4680,-87.7056,-98.4375,-110.0526
70,1.0000,SpendAwareDPRebalance (R70-aware),4.0000,12443.5174,497.7407,spend50p,501.6617,495.2981,490.1348,485.7050,483.0915,480.1879,475.3164,471.0418,464.5268,458.0228,125.6102,111.2463,98.4551,85.8087,74.5872,64.5129,56.7043,49.9550,43.5878,38.8390,34.4519,29.4030,25.0200,19.3582,13.4726,6.9286,0.1024,-8.6575,-16.3862,-25.7836,-36.5913,-47.8783,-59.5000,-72.8915,-86.8963
70,1.0000,SpendAwareDPRebalance (R70-aware),4.0000,12443.5174,497.7407,spend75p,505.0560,505.6488,508.3457,511.4454,515.6873,521.0948,527.4202,532.8168,534.0013,536.4388,160.3366,148.1952,135.3947,123.8766,113.1527,105.0811,96.4894,90.1528,84.8543,80.4794,77.9494,74.5314,72.2333,69.4785,66.6253,61.9933,55.9967,48.0809,38.1962,28.1911,16.4907,2.9568,-12.1632,-29.8111,-47.5573
70,1.0000,SpendAwareDPRebalance (R70-aware),4.3300,11495.1662,497.7407,survival,1.0000,1.0000,1.0000,1.0000,1.0000,1.0000,1.0000,1.0000,1.0000,1.0000,1.0000,1.0000,1.0000,1.0000,1.0000,1.0000,1.0000,1.0000,1.0000,1.0000,1.0000,1.0000,1.0000,1.0000,1.0000,1.0000,1.0000,1.0000,1.0000,0.9995,0.9995,0.9990,0.9990,0.9990,0.9990
70,1.0000,SpendAwareDPRebalance (R70-aware),4.3300,11495.1662,497.7407,spend25p,498.2837,485.5912,474.1931,461.8236,450.4837,439.1096,427.9392,415.4106,404.1300,392.4328,92.5861,77.5162,63.5757,50.7470,39.9345,29.8578,21.3964,14.7236,8.3052,2.9386,-2.3196,-7.5284,-12.4936,-17.8107,-22.3611,-28.6593,-34.7830,-41.6669,-49.1370,-57.6569,-66.3036,-76.4680,-87.7056,-98.4375,-110.0526
70,1.0000,SpendAwareDPRebalance (R70-aware),4.3300,11495.1662,497.7407,spend50p,501.6617,495.2981,490.1348,485.7050,483.0915,480.1879,475.3164,471.0418,464.5268,458.0228,125.6102,111.2463,98.4551,85.8087,74.5872,64.5129,56.7043,49.9550,43.5878,38.8390,34.4519,29.4030,25.0200,19.3582,13.4726,6.9286,0.1024,-8.6575,-16.3862,-25.7836,-36.5913,-47.8783,-59.5000,-72.8915,-86.8963
70,1.0000,SpendAwareDPRebalance (R70-aware),4.3300,11495.1662,497.7407,spend75p,505.0560,505.6488,508.3457,511.4454,515.6873,521.0948,527.4202,532.8168,534.0013,536.4388,160.3366,148.1952,135.3947,123.8766,113.1527,105.0811,96.4894,90.1528,84.8543,80.4794,77.9494,74.5314,72.2333,69.4785,66.6253,61.9933,55.9967,48.0809,38.1962,28.1505,16.3713,2.6517,-12.1632,-29.8111,-47.5573
70,1.0000,SpendAwareDPRebalance (R70-aware),4.6600,10681.1309,497.7407,survival,1.0000,1.0000,1.0000,1.0000,1.0000,1.0000,1.0000,1.0000,1.0000,1.0000,1.0000,1.0000,1.0000,1.0000,1.0000,1.0000,1.0000,1.0000,1.0000,1.0000,1.0000,0.9995,0.9995,0.9995,0.9995,0.9995,0.9995,0.9995,0.9995,0.9990,0.9990,0.9990,0.9980,0.9980,0.9975
70,1.0000,SpendAwareDPRebalance (R70-aware),4.6600,10681.1309,497.7407,spend25p,498.2837,485.5912,474.1931,461.8236,450.4837,439.1096,427.9392,415.4106,404.1300,392.4328,92.5861,77.5162,63.5757,50.7470,39.9345,29.8578,21.3964,14.7236,8.3052,2.9386,-2.3196,-7.5284,-12.4936,-17.8107,-22.3611,-28.6593,-34.7830,-41.6669,-49.1370,-57.6569,-66.3036,-76.4680,-87.7056,-98.4375,-110.0526
70,1.0000,SpendAwareDPRebalance (R70-aware),4.6600,10681.1309,497.7407,spend50p,501.6617,495.2981,490.1348,485.7050,483.0915,480.1879,475.3164,471.0418,464.5268,458.0228,125.6102,111.2463,98.4551,85.8087,74.5872,64.5129,56.7043,49.9550,43.5878,38.8390,34.4519,29.3281,24.9797,19.3473,13.3598,6.8732,0.0955,-8.6575,-16.3862,-25.7836,-36.5913,-47.8783,-59.5000,-72.8915,-86.8963
70,1.0000,SpendAwareDPRebalance (R70-aware),4.6600,10681.1309,497.7407,spend75p,505.0560,505.6488,508.3457,511.4454,515.6873,521.0948,527.4202,532.8168,534.0013,536.4388,160.3366,148.1952,135.3947,123.8766,113.1527,105.0811,96.4894,90.1528,84.8543,80.4794,77.9494,74.3909,72.0466,69.3945,66.5177,61.8567,55.6300,47.9941,38.0985,28.1414,16.1937,2.6517,-12.1632,-29.8111,-47.5573
70,1.0000,SpendAwareDPRebalance (R70-aware),5.0000,9954.8140,497.7407,survival,1.0000,1.0000,1.0000,1.0000,1.0000,1.0000,1.0000,1.0000,1.0000,1.0000,1.0000,1.0000,1.0000,1.0000,1.0000,1.0000,1.0000,1.0000,0.9995,0.9995,0.9995,0.9995,0.9995,0.9995,0.9985,0.9985,0.9980,0.9980,0.9975,0.9970,0.9965,0.9965,0.9960,0.9945,0.9940
70,1.0000,SpendAwareDPRebalance (R70-aware),5.0000,9954.8140,497.7407,spend25p,498.2837,485.5912,474.1931,461.8236,450.4837,439.1096,427.9392,415.4106,404.1300,392.4328,92.5861,77.5162,63.5757,50.7470,39.9345,29.8578,21.3964,14.7236,8.1931,2.8880,-2.3196,-7.5284,-12.4936,-17.8107,-22.3611,-28.6593,-34.7830,-41.6669,-49.1370,-57.6569,-66.3036,-76.4680,-87.7056,-98.4375,-110.0526
70,1.0000,SpendAwareDPRebalance (R70-aware),5.0000,9954.8140,497.7407,spend50p,501.6617,495.2981,490.1348,485.7050,483.0915,480.1879,475.3164,471.0418,464.5268,458.0228,125.6102,111.2463,98.4551,85.8087,74.5872,64.5129,56.7043,49.9550,43.5646,38.7184,34.3777,29.3281,24.9797,19.3473,13.0564,6.6925,0.0000,-8.6575,-16.3862,-25.7836,-36.5913,-47.8783,-59.5000,-72.8915,-86.8963
70,1.0000,SpendAwareDPRebalance (R70-aware),5.0000,9954.8140,497.7407,spend75p,505.0560,505.6488,508.3457,511.4454,515.6873,521.0948,527.4202,532.8168,534.0013,536.4388,160.3366,148.1952,135.3947,123.8766,113.1527,105.0811,96.4894,90.1528,84.6989,80.0106,77.8951,74.3909,72.0466,69.3945,65.9242,61.7787,55.4327,47.5816,37.7735,27.7678,15.8292,2.3625,-12.1632,-29.8111,-47.5573
70,1.0000,SpendAwareDPRebalance (R70-aware),5.5000,9049.8309,497.7407,survival,1.0000,1.0000,1.0000,1.0000,1.0000,1.0000,1.0000,1.0000,1.0000,1.0000,1.0000,1.0000,0.9995,0.9995,0.9995,0.9990,0.9990,0.9985,0.9985,0.9980,0.9975,0.9975,0.9965,0.9955,0.9950,0.9945,0.9935,0.9930,0.9925,0.9910,0.9900,0.9890,0.9885,0.9885,0.9870
70,1.0000,SpendAwareDPRebalance (R70-aware),5.5000,9049.8309,497.7407,spend25p,498.2837,485.5912,474.1931,461.8236,450.4837,439.1096,427.9392,415.4106,404.1300,392.4328,92.5861,77.5162,63.4294,50.6515,39.8787,29.7377,21.3587,14.5257,8.0062,2.8034,-2.1959,-7.4959,-12.4909,-17.7457,-22.3477,-28.4815,-34.6501,-41.5673,-49.1174,-57.5479,-66.1777,-76.4634,-87.6058,-98.4128,-110.0347
70,1.0000,SpendAwareDPRebalance (R70-aware),5.5000,9049.8309,497.7407,spend50p,501.6617,495.2981,490.1348,485.7050,483.0915,480.1879,475.3164,471.0418,464.5268,458.0228,125.6102,111.2463,98.3749,85.7770,74.4468,64.0874,56.4785,49.7888,43.5522,38.4283,34.2719,29.2565,24.6826,18.7148,12.6404,6.2937,0.0000,-8.4792,-16.3631,-25.7124,-36.4988,-47.8162,-59.4002,-72.8586,-86.6594
70,1.0000,SpendAwareDPRebalance (R70-aware),5.5000,9049.8309,497.7407,spend75p,505.0560,505.6488,508.3457,511.4454,515.6873,521.0948,527.4202,532.8168,534.0013,536.4388,160.3366,148.1952,135.3644,123.7814,113.0980,104.9481,96.3773,90.0050,84.6174,79.5547,77.4571,74.0102,71.6857,68.5567,65.4189,61.4082,54.2004,46.4301,36.6425,25.7954,14.4206,0.9678,-12.0224,-29.6402,-47.3104
70,1.0000,SpendAwareDPRebalance (R70-aware),6.0000,8295.6783,497.7407,survival,1.0000,1.0000,1.0000,1.0000,1.0000,1.0000,1.0000,1.0000,1.0000,1.0000,1.0000,1.0000,0.9995,0.9990,0.9990,0.9980,0.9970,0.9960,0.9960,0.9955,0.9940,0.9915,0.9910,0.9895,0.9890,0.9880,0.9875,0.9860,0.9840,0.9840,0.9840,0.9835,0.9825,0.9815,0.9805
70,1.0000,SpendAwareDPRebalance (R70-aware),6.0000,8295.6783,497.7407,spend25p,498.2837,485.5912,474.1931,461.8236,450.4837,439.1096,427.9392,415.4106,404.1300,392.4328,92.5861,77.5162,63.4294,50.5648,39.7573,29.5757,21.1503,14.2255,7.6623,2.4821,-2.1959,-7.4959,-12.4909,-17.7457,-22.3477,-28.4815,-34.5866,-41.5288,-49.0051,-57.4970,-66.1150,-76.4238,-87.5242,-98.3803,-110.0090
70,1.0000,SpendAwareDPRebalance (R70-aware),6.0000,8295.6783,497.7407,spend50p,501.6617,495.2981,490.1348,485.7050,483.0915,480.1879,475.3164,471.0418,464.5268,458.0228,125.6102,111.2463,98.3749,85.7274,74.3802,63.8667,55.9321,49.2897,43.2494,38.0145,33.5135,28.3786,23.5400,18.1690,12.1018,5.7589,0.0000,-8.1532,-16.3296,-25.6575,-36.3841,-47.7959,-59.2644,-72.6729,-86.6256
70,1.0000,SpendAwareDPRebalance (R70-aware),6.0000,8295.6783,497.7407,spend75p,505.0560,505.6488,508.3457,511.4454,515.6873,521.0948,527.4202,532.8168,534.0013,536.4388,160.3366,148.1952,135.3644,123.7304,112.6996,104.8256,95.8828,89.2129,83.7521,79.0478,76.2679,72.6342,70.4852,67.1434,64.3516,60.1429,53.5610,44.8394,35.3520,24.6888,13.0091,0.1198,-11.3999,-29.4296,-46.8376
70,1.0000,SpendAwareDPRebalance (R70-aware),7.0000,7110.5814,497.7407,survival,1.0000,1.0000,1.0000,1.0000,1.0000,0.9995,0.9990,0.9985,0.9980,0.9960,0.9960,0.9955,0.9950,0.9925,0.9895,0.9870,0.9835,0.9800,0.9755,0.9730,0.9720,0.9700,0.9640,0.9590,0.9575,0.9520,0.9515,0.9490,0.9480,0.9455,0.9430,0.9430,0.9425,0.9425,0.9420
70,1.0000,SpendAwareDPRebalance (R70-aware),7.0000,7110.5814,497.7407,spend25p,498.2837,485.5912,474.1931,461.8236,450.4837,438.9307,427.7057,415.0065,403.2298,391.1545,92.3041,77.1087,62.5837,49.6548,38.4550,27.9103,19.9857,11.6741,4.4302,0.0000,-2.1959,-7.4959,-12.4909,-17.7457,-22.3477,-28.4815,-34.5866,-41.5288,-49.0051,-57.4860,-66.0913,-76.4053,-87.5061,-98.0232,-109.8332
70,1.0000,SpendAwareDPRebalance (R70-aware),7.0000,7110.5814,497.7407,spend50p,501.6617,495.2981,490.1348,485.7050,483.0915,480.1404,475.2295,470.8727,464.3812,457.1105,125.1010,110.8448,97.6514,84.8974,73.0848,62.8280,54.2284,47.0900,40.6487,35.3199,30.2803,25.4973,19.4554,13.2587,6.8413,0.0000,0.0000,-7.8573,-16.1985,-25.4445,-35.9222,-47.2380,-58.8061,-72.3005,-86.0157
70,1.0000,SpendAwareDPRebalance (R70-aware),7.0000,7110.5814,497.7407,spend75p,505.0560,505.6488,508.3457,511.4454,515.6873,521.0948,527.2796,532.6297,533.2509,534.7639,159.8811,147.8308,134.9551,123.1223,111.2875,102.4854,93.5621,85.8406,79.3540,74.7649,71.1921,68.8698,65.1833,61.4561,57.6840,51.4253,45.4044,37.9611,28.9695,16.1796,3.7784,0.0000,-8.9981,-25.4141,-42.3515
70,1.0000,SpendAwareDPRebalance (R70-aware),8.0000,6221.7587,497.7407,survival,1.0000,1.0000,1.0000,1.0000,1.0000,0.9995,0.9970,0.9950,0.9870,0.9770,0.9745,0.9705,0.9660,0.9620,0.9565,0.9465,0.9430,0.9340,0.9250,0.9170,0.9090,0.9045,0.9015,0.8950,0.8895,0.8845,0.8805,0.8790,0.8775,0.8760,0.8745,0.8725,0.8715,0.8705,0.8700
70,1.0000,SpendAwareDPRebalance (R70-aware),8.0000,6221.7587,497.7407,spend25p,498.2837,485.5912,474.1931,461.8236,450.4837,438.9307,427.1306,414.5729,400.8598,386.3546,89.1947,73.8693,58.7701,45.8152,33.7382,22.7723,13.6221,5.4609,0.0000,0.0000,-2.0410,-7.4441,-11.8683,-17.1853,-22.2098,-27.9779,-34.3890,-41.4216,-48.8562,-57.3082,-65.8248,-76.0089,-87.1414,-97.5954,-109.2182
70,1.0000,SpendAwareDPRebalance (R70-aware),8.0000,6221.7587,497.7407,spend50p,501.6617,495.2981,490.1348,485.7050,483.0915,480.1404,475.0395,469.7135,462.3296,454.4424,123.3639,108.3509,94.1960,81.4941,69.1097,57.7053,50.4209,41.5246,35.3294,28.5861,22.4635,16.0704,10.2712,4.7671,0.0000,0.0000,0.0000,-6.0384,-14.7795,-23.2155,-33.5896,-44.2252,-57.3791,-70.4010,-83.8963
70,1.0000,SpendAwareDPRebalance (R70-aware),8.0000,6221.7587,497.7407,spend75p,505.0560,505.6488,508.3457,511.4454,515.6873,521.0948,526.5230,531.0881,530.8587,529.4628,157.7494,144.5482,131.1547,117.8984,107.0624,95.8802,87.5440,79.4796,72.3390,66.9047,61.2152,58.1331,55.4588,51.0095,45.0000,38.9063,31.9276,24.1407,15.5530,4.9330,0.0000,0.0000,0.0000,-11.4445,-30.0500
70,1.2000,SpendAwareDPRebalance (R70-aware),2.8000,21331.7442,597.2888,survival,1.0000,1.0000,1.0000,1.0000,1.0000,1.0000,1.0000,1.0000,1.0000,1.0000,1.0000,1.0000,1.0000,1.0000,1.0000,1.0000,1.0000,1.0000,1.0000,1.0000,1.0000,1.0000,1.0000,1.0000,1.0000,0.9995,0.9990,0.9985,0.9965,0.9960,0.9950,0.9930,0.9920,0.9910,0.9895
70,1.2000,SpendAwareDPRebalance (R70-aware),2.8000,21331.7442,597.2888,spend25p,597.9404,582.7095,569.0317,554.1883,540.5805,526.9315,513.5270,498.4928,484.9559,470.9194,168.5220,151.5347,134.8872,121.2882,108.7687,97.3001,88.9442,80.7235,74.1536,67.9505,63.3915,58.9694,54.8236,50.0403,46.0513,39.9145,34.0975,27.0016,19.5749,10.8013,2.4021,-6.2800,-17.6331,-28.9663,-40.9878
70,1.2000,SpendAwareDPRebalance (R70-aware),2.8000,21331.7442,597.2888,spend50p,601.9940,594.3577,588.1618,582.8461,579.7099,576.2255,570.3796,565.2501,557.4322,549.6273,216.3597,200.3397,186.4094,174.2192,161.2276,151.6025,143.2824,137.3660,132.0138,129.2820,125.5681,122.1206,117.1860,112.7304,108.1324,103.0068,95.7870,88.9514,80.2601,71.6077,64.0971,52.9858,41.6063,28.9868,15.0380
70,1.2000,SpendAwareDPRebalance (R70-aware),2.8000,21331.7442,597.2888,spend75p,606.0672,606.7786,610.0149,613.7344,618.8247,625.3137,632.9042,639.3801,640.8015,643.7266,267.5498,256.2053,243.9499,231.9899,223.5640,215.9263,208.6771,203.1995,201.6760,197.8356,197.8310,200.2897,200.6605,200.7768,201.9957,201.7311,197.9938,192.7257,184.7826,176.8726,165.3188,153.7588,142.6533,125.4919,108.8834
70,1.2000,SpendAwareDPRebalance (R70-aware),3.0000,19909.6279,597.2888,survival,1.0000,1.0000,1.0000,1.0000,1.0000,1.0000,1.0000,1.0000,1.0000,1.0000,1.0000,1.0000,1.0000,1.0000,1.0000,1.0000,1.0000,1.0000,1.0000,1.0000,0.9995,0.9990,0.9990,0.9990,0.9980,0.9970,0.9960,0.9940,0.9940,0.9920,0.9910,0.9895,0.9885,0.9860,0.9850
70,1.2000,SpendAwareDPRebalance (R70-aware),3.0000,19909.6279,597.2888,spend25p,597.9404,582.7095,569.0317,554.1883,540.5805,526.9315,513.5270,498.4928,484.9559,470.9194,168.5220,151.5347,134.8872,121.2882,108.7687,97.3001,88.9442,80.7235,74.1536,67.9505,63.3501,58.6998,54.5948,49.8759,45.3212,39.7435,33.4138,26.0173,18.9290,9.9011,1.6557,-6.2800,-17.6331,-28.9663,-40.9878
70,1.2000,SpendAwareDPRebalance (R70-aware),3.0000,19909.6279,597.2888,spend50p,601.9940,594.3577,588.1618,582.8461,579.7099,576.2255,570.3796,565.2501,557.4322,549.6273,216.3597,200.3397,186.4094,174.2192,161.2276,151.6025,143.2824,137.3660,132.0138,129.2820,125.4662,121.8079,116.9986,112.3688,107.7373,102.5682,94.4927,87.4160,79.4139,70.5747,62.3685,52.0861,40.6672,27.6036,13.6385
70,1.2000,SpendAwareDPRebalance (R70-aware),3.0000,19909.6279,597.2888,spend75p,606.0672,606.7786,610.0149,613.7344,618.8247,625.3137,632.9042,639.3801,640.8015,643.7266,267.5498,256.2053,243.9499,231.9899,223.5640,215.9263,208.6771,203.1995,201.6760,197.8356,197.6859,199.8111,200.1554,200.4803,201.4392,200.9964,196.1312,190.4192,183.9080,174.4331,163.6200,152.6050,140.6274,123.5192,107.2855
70,1.2000,SpendAwareDPRebalance (R70-aware),3.3300,17936.6017,597.2888,survival,1.0000,1.0000,1.0000,1.0000,1.0000,1.0000,1.0000,1.0000,1.0000,1.0000,1.0000,1.0000,1.0000,1.0000,1.0000,1.0000,1.0000,0.9995,0.9995,0.9995,0.9995,0.9980,0.9975,0.9965,0.9965,0.9960,0.9930,0.9920,0.9905,0.9895,0.9865,0.9845,0.9835,0.9810,0.9810
70,1.2000,SpendAwareDPRebalance (R70-aware),3.3300,17936.6017,597.2888,spend25p,597.9404,582.7095,569.0317,554.1883,540.5805,526.9315,513.5270,498.4928,484.9559,470.9194,168.5220,151.5347,134.8872,121.2882,108.7687,97.3001,88.9442,80.6901,74.0037,67.8726,63.3501,58.3434,53.9117,49.3420,45.1289,39.5543,32.4430,25.4473,17.9572,9.6749,0.0629,-6.2800,-17.6331,-28.9663,-40.9878
70,1.2000,SpendAwareDPRebalance (R70-aware),3.3300,17936.6017,597.2888,spend50p,601.9940,594.3577,588.1618,582.8461,579.7099,576.2255,570.3796,565.2501,557.4322,549.6273,216.3597,200.3397,186.4094,174.2192,161.2276,151.6025,143.2824,137.0437,131.8922,129.1695,125.4662,121.3423,116.7396,112.1663,107.4823,102.5027,93.7037,87.3004,78.1433,70.2987,60.9226,50.6169,38.7610,25.9347,12.4288
70,1.2000,SpendAwareDPRebalance (R70-aware),3.3300,17936.6017,597.2888,spend75p,606.0672,606.7786,610.0149,613.7344,618.8247,625.3137,632.9042,639.3801,640.8015,643.7266,267.5498,256.2053,243.9499,231.9899,223.5640,215.9263,208.6771,203.1891,201.2205,197.7337,197.6859,199.5934,199.8497,199.4762,201.0342,200.5278,194.5672,189.2465,181.7456,173.0574,161.2400,149.8534,137.9387,121.3894,104.2676
70,1.2000,SpendAwareDPRebalance (R70-aware),3.6600,16319.3671,597.2888,survival,1.0000,1.0000,1.0000,1.0000,1.0000,1.0000,1.0000,1.0000,1.0000,1.0000,1.0000,1.0000,1.0000,1.0000,1.0000,0.9995,0.9990,0.9990,0.9990,0.9980,0.9975,0.9965,0.9965,0.9950,0.9930,0.9910,0.9875,0.9865,0.9840,0.9820,0.9800,0.9795,0.9760,0.9745,0.9735
70,1.2000,SpendAwareDPRebalance (R70-aware),3.6600,16319.3671,597.2888,spend25p,597.9404,582.7095,569.0317,554.1883,540.5805,526.9315,513.5270,498.4928,484.9559,470.9194,168.5220,151.5347,134.8872,121.2882,108.7687,97.2701,88.7625,80.6676,73.8247,67.6318,63.1739,57.4807,53.5334,49.0411,43.9361,38.6036,31.0546,23.6878,16.5148,6.8126,0.0000,-6.2800,-17.6331,-28.9663,-40.9268
70,1.2000,SpendAwareDPRebalance (R70-aware),3.6600,16319.3671,597.2888,spend50p,601.9940,594.3577,588.1618,582.8461,579.7099,576.2255,570.3796,565.2501,557.4322,549.6273,216.3597,200.3397,186.4094,174.2192,161.2276,151.4087,143.1273,136.7229,131.6632,128.9172,124.9837,121.2425,116.5388,112.0273,106.8591,101.0947,92.4783,85.4626,76.9013,68.3248,59.1155,48.9023,36.3988,24.1220,10.1181
70,1.2000,SpendAwareDPRebalance (R70-aware),3.6600,16319.3671,597.2888,spend75p,606.0672,606.7786,610.0149,613.7344,618.8247,625.3137,632.9042,639.3801,640.8015,643.7266,267.5498,256.2053,243.9499,231.9899,223.5640,215.8858,208.2206,203.0353,201.0862,197.2868,197.1405,199.4420,199.7684,199.1178,198.6767,196.6018,191.9737,186.8642,179.2391,171.0729,158.5613,147.1398,134.9254,118.9231,102.0942
70,1.2000,SpendAwareDPRebalance (R70-aware),4.0000,14932.2209,597.2888,survival,1.0000,1.0000,1.0000,1.0000,1.0000,1.0000,1.0000,1.0000,1.0000,1.0000,1.0000,1.0000,1.0000,0.9995,0.9995,0.9990,0.9985,0.9985,0.9975,0.9960,0.9945,0.9940,0.9925,0.9900,0.9885,0.9860,0.9850,0.9825,0.9795,0.9765,0.9740,0.9725,0.9705,0.9665,0.9645
70,1.2000,SpendAwareDPRebalance (R70-aware),4.0000,14932.2209,597.2888,spend25p,597.9404,582.7095,569.0317,554.1883,540.5805,526.9315,513.5270,498.4928,484.9559,470.9194,168.5220,151.5347,134.8872,121.2625,108.6358,97.2572,88.7190,80.6591,72.9465,67.1351,62.6656,57.1319,52.3154,47.8343,43.0369,36.8520,30.3982,22.9869,15.8627,5.6866,0.0000,-6.2800,-17.6331,-28.9663,-40.9268
70,1.2000,SpendAwareDPRebalance (R70-aware),4.0000,14932.2209,597.2888,spend50p,601.9940,594.3577,588.1618,582.8461,579.7099,576.2255,570.3796,565.2501,557.4322,549.6273,216.3597,200.3397,186.4094,174.0995,161.0565,151.1758,143.0177,136.6935,131.4183,128.3167,124.2631,120.6473,115.4126,110.4016,106.1927,99.4132,91.8202,83.9817,74.9380,66.9785,57.3747,46.7889,34.8314,21.8734,7.1558
70,1.2000,SpendAwareDPRebalance (R70-aware),4.0000,14932.2209,597.2888,spend75p,606.0672,606.7786,610.0149,613.7344,618.8247,625.3137,632.9042,639.3801,640.8015,643.7266,267.5498,256.2053,243.9499,231.8517,223.0936,215.8770,208.0727,202.9724,200.8567,196.7548,196.4500,197.7162,197.6927,197.7713,196.6753,195.0168,190.8471,184.8835,177.9554,168.4081,155.8574,143.7475,131.6453,116.5567,98.2126
70,1.2000,SpendAwareDPRebalance (R70-aware),4.3300,13794.1995,597.2888,survival,1.0000,1.0000,1.0000,1.0000,1.0000,1.0000,1.0000,1.0000,1.0000,1.0000,1.0000,1.0000,1.0000,1.0000,0.9995,0.9985,0.9980,0.9970,0.9950,0.9945,0.9925,0.9910,0.9890,0.9865,0.9840,0.9815,0.9795,0.9765,0.9725,0.9695,0.9670,0.9640,0.9615,0.9605,0.9555
70,1.2000,SpendAwareDPRebalance (R70-aware),4.3300,13794.1995,597.2888,spend25p,597.9404,582.7095,569.0317,554.1883,540.5805,526.9315,513.5270,498.4928,484.9559,470.9194,168.5220,151.5347,134.8872,121.2882,108.6358,97.2197,88.5906,80.4435,72.1307,66.6560,62.3521,55.8267,51.0991,46.6255,42.1256,35.2335,28.9422,21.4782,14.0531,4.8396,0.0000,-6.1179,-17.6114,-28.7443,-40.7732
70,1.2000,SpendAwareDPRebalance (R70-aware),4.3300,13794.1995,597.2888,spend50p,601.9940,594.3577,588.1618,582.8461,579.7099,576.2255,570.3796,565.2501,557.4322,549.6273,216.3597,200.3397,186.4094,174.2192,161.0565,151.0748,142.8716,136.3678,130.9537,127.4902,123.9557,119.9809,114.8605,109.9097,105.0331,98.0745,90.8946,82.4937,73.8918,66.0871,55.3285,44.7091,32.2538,19.9972,4.8691
70,1.2000,SpendAwareDPRebalance (R70-aware),4.3300,13794.1995,597.2888,spend75p,606.0672,606.7786,610.0149,613.7344,618.8247,625.3137,632.9042,639.3801,640.8015,643.7266,267.5498,256.2053,243.9499,231.9899,223.0936,215.7820,208.0168,202.8929,198.4045,196.3007,195.9216,195.7571,197.3684,197.6132,195.5167,193.8790,189.4836,182.8226,175.4506,166.1953,154.2780,142.1547,128.5531,114.0930,93.6850
70,1.2000,SpendAwareDPRebalance (R70-aware),4.6600,12817.3570,597.2888,survival,1.0000,1.0000,1.0000,1.0000,1.0000,1.0000,1.0000,1.0000,1.0000,1.0000,1.0000,1.0000,1.0000,0.9995,0.9990,0.9975,0.9960,0.9960,0.9945,0.9930,0.9910,0.9875,0.9845,0.9810,0.9785,0.9755,0.9730,0.9680,0.9645,0.9615,0.9575,0.9545,0.9490,0.9450,0.9435
70,1.2000,SpendAwareDPRebalance (R70-aware),4.6600,12817.3570,597.2888,spend25p,597.9404,582.7095,569.0317,554.1883,540.5805,526.9315,513.5270,498.4928,484.9559,470.9194,168.5220,151.5347,134.8872,121.2625,108.5621,97.0710,88.2982,80.3803,72.1093,66.4779,62.0360,55.3326,50.1830,45.1374,40.6097,33.6937,27.8243,19.7822,11.7020,2.2860,0.0000,-6.1179,-17.6114,-28.7443,-40.7732
70,1.2000,SpendAwareDPRebalance (R70-aware),4.6600,12817.3570,597.2888,spend50p,601.9940,594.3577,588.1618,582.8461,579.7099,576.2255,570.3796,565.2501,557.4322,549.6273,216.3597,200.3397,186.4094,174.0995,161.0012,150.9349,142.3189,136.2181,130.8134,127.0112,123.5712,118.5981,113.6750,109.0090,103.6803,96.3185,89.7428,81.2848,71.8899,63.2018,52.2252,41.5512,28.4697,14.9208,1.5063
70,1.2000,SpendAwareDPRebalance (R70-aware),4.6600,12817.3570,597.2888,spend75p,606.0672,606.7786,610.0149,613.7344,618.8247,625.3137,632.9042,639.3801,640.8015,643.7266,267.5498,256.2053,243.9499,231.8517,222.5638,215.7493,207.1887,202.6430,197.6369,196.0747,195.9216,194.4740,194.8360,195.6478,194.3343,190.2477,186.3304,179.5696,171.6291,163.4194,151.4161,139.3285,122.1190,106.6355,87.5612
70,1.2000,SpendAwareDPRebalance (R70-aware),5.0000,11945.7767,597.2888,survival,1.0000,1.0000,1.0000,1.0000,1.0000,1.0000,1.0000,1.0000,1.0000,1.0000,1.0000,1.0000,1.0000,1.0000,0.9990,0.9970,0.9960,0.9935,0.9925,0.9905,0.9870,0.9840,0.9805,0.9760,0.9730,0.9695,0.9650,0.9600,0.9565,0.9505,0.9465,0.9400,0.9355,0.9310,0.9280
70,1.2000,SpendAwareDPRebalance (R70-aware),5.0000,11945.7767,597.2888,spend25p,597.9404,582.7095,569.0317,554.1883,540.5805,526.9315,513.5270,498.4928,484.9559,470.9194,168.5220,151.5347,134.8872,121.2882,108.5621,96.8244,88.2982,79.9352,71.9205,65.8718,60.5926,54.4272,49.0468,44.4845,38.5974,32.3464,25.3619,17.7612,9.2645,0.0000,0.0000,-6.1179,-17.6114,-28.7443,-40.4123
70,1.2000,SpendAwareDPRebalance (R70-aware),5.0000,11945.7767,597.2888,spend50p,601.9940,594.3577,588.1618,582.8461,579.7099,576.2255,570.3796,565.2501,557.4322,549.6273,216.3597,200.3397,186.4094,174.2192,161.0012,150.7330,142.3189,135.3314,130.5048,126.7940,122.5301,118.1428,112.9441,106.4538,100.7831,94.4562,87.3587,79.6009,70.0627,60.8642,49.7208,37.4890,24.5365,11.3686,0.0000
70,1.2000,SpendAwareDPRebalance (R70-aware),5.0000,11945.7767,597.2888,spend75p,606.0672,606.7786,610.0149,613.7344,618.8247,625.3137,632.9042,639.3801,640.8015,643.7266,267.5498,256.2053,243.9499,231.9899,222.5638,215.3410,207.1887,201.8079,196.5389,195.3383,194.3320,193.1635,193.4659,193.7364,192.2777,188.4599,183.9795,177.1367,169.6331,159.4651,149.1878,134.2027,116.3299,97.4209,81.9977
70,1.2000,SpendAwareDPRebalance (R70-aware),5.5000,10859.7970,597.2888,survival,1.0000,1.0000,1.0000,1.0000,1.0000,1.0000,1.0000,1.0000,1.0000,1.0000,1.0000,1.0000,0.9995,0.9995,0.9990,0.9960,0.9935,0.9915,0.9870,0.9830,0.9790,0.9755,0.9710,0.9655,0.9630,0.9580,0.9525,0.9450,0.9385,0.9330,0.9240,0.9160,0.9095,0.9060,0.9015
70,1.2000,SpendAwareDPRebalance (R70-aware),5.5000,10859.7970,597.2888,spend25p,597.9404,582.7095,569.0317,554.1883,540.5805,526.9315,513.5270,498.4928,484.9559,470.9194,168.5220,151.5347,134.8567,121.2625,108.5621,96.1217,88.0292,79.5247,70.9207,64.4725,58.4982,52.7682,47.2312,41.6949,36.0027,28.9386,21.6346,13.5484,3.4435,0.0000,0.0000,-6.0764,-17.4804,-28.5076,-40.2055
70,1.2000,SpendAwareDPRebalance (R70-aware),5.5000,10859.7970,597.2888,spend50p,601.9940,594.3577,588.1618,582.8461,579.7099,576.2255,570.3796,565.2501,557.4322,549.6273,216.3597,200.3397,186.3481,174.0995,161.0012,150.4317,142.0069,134.9361,129.1339,125.1041,120.3810,115.8819,110.4653,104.1606,97.6283,91.9221,84.9378,76.1710,66.9340,56.5958,43.3147,31.8396,18.8785,5.3504,0.0000
70,1.2000,SpendAwareDPRebalance (R70-aware),5.5000,10859.7970,597.2888,spend75p,606.0672,606.7786,610.0149,613.7344,618.8247,625.3137,632.9042,639.3801,640.8015,643.7266,267.5498,256.2053,243.9154,231.8517,223.0936,214.8725,206.5714,200.8395,194.2648,192.6292,190.7541,190.7190,190.9380,190.5062,189.8180,183.9281,179.5462,172.5099,163.6518,151.2867,139.2901,121.1142,103.7497,88.1442,71.1085
70,1.2000,SpendAwareDPRebalance (R70-aware),6.0000,9954.8140,597.2888,survival,1.0000,1.0000,1.0000,1.0000,1.0000,1.0000,1.0000,0.9995,0.9995,0.9985,0.9980,0.9975,0.9975,0.9970,0.9960,0.9910,0.9880,0.9850,0.9810,0.9755,0.9675,0.9595,0.9565,0.9495,0.9465,0.9415,0.9350,0.9245,0.9165,0.9080,0.9005,0.8960,0.8890,0.8840,0.8775
70,1.2000,SpendAwareDPRebalance (R70-aware),6.0000,9954.8140,597.2888,spend25p,597.9404,582.7095,569.0317,554.1883,540.5805,526.9315,513.5270,498.3938,484.7372,470.4070,168.2489,151.3167,134.5485,120.7808,107.7008,95.4351,86.1971,78.2948,69.3038,63.1379,56.3936,49.1183,44.1340,37.5118,31.8982,24.6678,17.3826,7.4021,0.0000,0.0000,0.0000,-6.0230,-17.1900,-28.4052,-39.9475
70,1.2000,SpendAwareDPRebalance (R70-aware),6.0000,9954.8140,597.2888,spend50p,601.9940,594.3577,588.1618,582.8461,579.7099,576.2255,570.3796,565.2088,557.3801,549.4322,215.6037,200.0032,185.7667,173.8851,160.6271,148.6917,141.1251,133.8572,128.2332,123.2218,118.2447,111.9039,107.1913,100.3772,94.5196,87.1857,80.6133,71.0094,61.7775,49.9580,39.0068,26.7977,14.3705,0.7814,0.0000
70,1.2000,SpendAwareDPRebalance (R70-aware),6.0000,9954.8140,597.2888,spend75p,606.0672,606.7786,610.0149,613.7344,618.8247,625.3137,632.9042,639.3801,640.8015,643.5683,267.3425,255.5964,243.3598,231.6809,221.8317,213.4877,205.4870,199.4505,193.8456,191.1603,187.0277,185.2836,185.6845,186.0260,183.1321,178.7372,172.3859,164.4636,156.7816,142.0287,127.3491,113.0289,96.0574,80.3777,62.5794
70,1.2000,SpendAwareDPRebalance (R70-aware),7.0000,8532.6977,597.2888,survival,1.0000,1.0000,1.0000,1.0000,1.0000,0.9995,0.9985,0.9970,0.9945,0.9900,0.9860,0.9820,0.9770,0.9695,0.9670,0.9615,0.9550,0.9475,0.9400,0.9315,0.9190,0.9110,0.9040,0.8965,0.8880,0.8830,0.8740,0.8640,0.8545,0.8415,0.8315,0.8250,0.8180,0.8135,0.7995
70,1.2000,SpendAwareDPRebalance (R70-aware),7.0000,8532.6977,597.2888,spend25p,597.9404,582.7095,569.0317,554.1883,540.5805,526.7168,513.1353,497.8193,482.9558,467.0657,165.8167,148.0156,130.7096,114.3880,100.9464,89.0244,78.1911,69.1248,60.4628,52.4825,43.4150,37.1734,29.6552,22.5689,14.9889,7.1827,0.0000,0.0000,0.0000,0.0000,0.0000,-5.4649,-16.5818,-27.7374,-39.0680
70,1.2000,SpendAwareDPRebalance (R70-aware),7.0000,8532.6977,597.2888,spend50p,601.9940,594.3577,588.1618,582.8461,579.7099,576.1685,570.2394,564.6664,556.5460,547.4711,214.5115,198.3690,182.4543,168.7816,155.2342,144.5990,136.2632,127.8498,120.5732,114.7963,107.8895,99.7330,95.1103,89.5701,81.5469,74.5065,67.0106,56.4941,46.8662,35.2122,23.9428,12.1794,0.0000,0.0000,0.0000
70,1.2000,SpendAwareDPRebalance (R70-aware),7.0000,8532.6977,597.2888,spend75p,606.0672,606.7786,610.0149,613.7344,618.8247,625.3137,632.3517,638.2522,638.6953,639.8750,266.3083,253.9188,240.4424,226.3219,217.2362,207.9910,198.4326,190.9271,186.1815,180.4907,174.7685,172.4008,173.1529,170.5400,166.4814,161.2892,153.9621,145.1422,133.9862,117.5450,102.6300,90.9256,74.9129,59.7963,41.9573
70,1.2000,SpendAwareDPRebalance (R70-aware),8.0000,7466.1105,597.2888,survival,1.0000,1.0000,1.0000,1.0000,1.0000,0.9990,0.9960,0.9865,0.9695,0.9550,0.9480,0.9355,0.9280,0.9160,0.9060,0.8985,0.8890,0.8835,0.8750,0.8625,0.8495,0.8370,0.8280,0.8135,0.8050,0.7975,0.7825,0.7710,0.7615,0.7500,0.7400,0.7325,0.7230,0.7115,0.7015
70,1.2000,SpendAwareDPRebalance (R70-aware),8.0000,7466.1105,597.2888,spend25p,597.9404,582.7095,569.0317,554.1883,540.5805,526.6625,512.3775,495.2480,476.4125,454.8729,158.8402,138.1206,119.8368,101.5316,85.6524,72.6552,62.3048,52.1383,43.3127,32.5947,21.9043,13.0389,6.8489,0.0000,0.0000,0.0000,0.0000,0.0000,0.0000,0.0000,0.0000,-3.5692,-14.4473,-25.9435,-37.0515
70,1.2000,SpendAwareDPRebalance (R70-aware),8.0000,7466.1105,597.2888,spend50p,601.9940,594.3577,588.1618,582.8461,579.7099,576.0326,569.9127,560.7197,552.1325,539.6106,209.4223,191.8819,175.9438,158.8281,145.4858,134.4525,123.7646,116.1239,107.9338,99.8994,91.3607,84.9998,78.0452,69.8300,62.5241,55.1218,44.3533,35.8371,24.4622,13.4315,3.8095,0.0000,0.0000,0.0000,0.0000
70,1.2000,SpendAwareDPRebalance (R70-aware),8.0000,7466.1105,597.2888,spend75p,606.0672,606.7786,610.0149,613.7344,618.8247,625.2674,631.7678,635.8020,633.5938,631.1734,260.2874,245.1593,230.7212,218.4744,205.0672,195.2853,186.4715,179.4364,173.5826,169.0674,162.7680,157.2317,153.5200,147.9079,142.8375,133.9087,122.4274,110.7264,99.4631,87.3030,73.8200,64.4405,48.4108,33.5891,16.2642
70,1.5000,SpendAwareDPRebalance (R70-aware),2.8000,26664.6802,746.6110,survival,1.0000,1.0000,1.0000,1.0000,1.0000,1.0000,1.0000,1.0000,1.0000,1.0000,1.0000,1.0000,1.0000,1.0000,1.0000,1.0000,1.0000,1.0000,1.0000,1.0000,1.0000,1.0000,1.0000,1.0000,1.0000,1.0000,1.0000,1.0000,1.0000,1.0000,1.0000,0.9995,0.9995,0.9995,0.9990
70,1.5000,SpendAwareDPRebalance (R70-aware),2.8000,26664.6802,746.6110,spend25p,747.4256,728.3868,711.2896,692.7354,675.7256,658.6644,641.9087,623.1159,606.1949,588.6492,282.4287,262.3009,242.2280,227.0533,211.4361,199.2026,189.0714,179.4720,172.5837,165.8365,161.7805,158.3693,156.4581,150.4633,146.6450,143.8747,137.4660,130.5376,122.8138,115.8311,106.6966,97.0971,87.3214,76.0544,62.3446
70,1.5000,SpendAwareDPRebalance (R70-aware),2.8000,26664.6802,746.6110,spend50p,752.4925,742.9471,735.2022,728.5576,724.6373,720.2819,712.9745,706.5626,696.7902,687.0341,352.5674,333.9464,319.0171,306.3143,291.9004,282.2957,274.4791,268.4668,266.1544,265.3852,263.0480,261.0351,256.7683,253.1630,251.9549,245.9696,241.9007,235.7221,231.0330,222.4406,217.3540,209.3027,201.4030,190.4780,177.7989
70,1.5000,SpendAwareDPRebalance (R70-aware),2.8000,26664.6802,746.6110,spend75p,757.5840,758.4733,762.5186,767.1680,773.5309,781.6422,791.1302,799.2251,801.0019,804.6582,428.7952,418.5164,407.5956,394.8450,388.3227,382.2951,376.8420,374.5643,376.5244,377.3831,380.6095,387.0634,392.3785,399.2304,408.3722,413.0101,412.1493,409.8377,408.3553,406.5301,394.2639,388.1594,381.9363,369.5669,358.2794
70,1.5000,SpendAwareDPRebalance (R70-aware),3.0000,24887.0349,746.6110,survival,1.0000,1.0000,1.0000,1.0000,1.0000,1.0000,1.0000,1.0000,1.0000,1.0000,1.0000,1.0000,1.0000,1.0000,1.0000,1.0000,1.0000,1.0000,1.0000,1.0000,1.0000,1.0000,1.0000,1.0000,1.0000,1.0000,1.0000,1.0000,1.0000,0.9995,0.9995,0.9990,0.9975,0.9975,0.9965
70,1.5000,SpendAwareDPRebalance (R70-aware),3.0000,24887.0349,746.6110,spend25p,747.4256,728.3868,711.2896,692.7354,675.7256,658.6644,641.9087,623.1159,606.1949,588.6492,282.4287,262.3009,242.2280,227.0533,211.4361,199.2026,189.0714,179.4720,172.5837,165.8365,161.7805,158.3693,156.4581,150.4633,146.6450,143.8747,137.4660,130.5376,122.8138,115.7374,106.3047,96.9646,85.9721,75.2287,61.0811
70,1.5000,SpendAwareDPRebalance (R70-aware),3.0000,24887.0349,746.6110,spend50p,752.4925,742.9471,735.2022,728.5576,724.6373,720.2819,712.9745,706.5626,696.7902,687.0341,352.5674,333.9464,319.0171,306.3143,291.9004,282.2957,274.4791,268.4668,266.1544,265.3852,263.0480,261.0351,256.7683,253.1630,251.9549,245.9696,241.9007,235.7221,231.0330,222.2839,217.2291,209.0416,200.5236,189.0433,176.3801
70,1.5000,SpendAwareDPRebalance (R70-aware),3.0000,24887.0349,746.6110,spend75p,757.5840,758.4733,762.5186,767.1680,773.5309,781.6422,791.1302,799.2251,801.0019,804.6582,428.7952,418.5164,407.5956,394.8450,388.3227,382.2951,376.8420,374.5643,376.5244,377.3831,380.6095,387.0634,392.3785,399.2304,408.3722,413.0101,412.1493,409.8377,408.3553,406.3552,393.7834,387.7971,380.5890,368.6893,355.7157
70,1.5000,SpendAwareDPRebalance (R70-aware),3.3300,22420.7521,746.6110,survival,1.0000,1.0000,1.0000,1.0000,1.0000,1.0000,1.0000,1.0000,1.0000,1.0000,1.0000,1.0000,1.0000,1.0000,1.0000,1.0000,1.0000,1.0000,1.0000,1.0000,1.0000,1.0000,1.0000,1.0000,1.0000,0.9995,0.9995,0.9995,0.9990,0.9990,0.9985,0.9980,0.9975,0.9960,0.9935
70,1.5000,SpendAwareDPRebalance (R70-aware),3.3300,22420.7521,746.6110,spend25p,747.4256,728.3868,711.2896,692.7354,675.7256,658.6644,641.9087,623.1159,606.1949,588.6492,282.4287,262.3009,242.2280,227.0533,211.4361,199.2026,189.0714,179.4720,172.5837,165.8365,161.7805,158.3693,156.4581,150.4633,146.6450,143.7508,137.3182,130.2509,122.3976,115.6027,106.0628,96.4210,85.9721,74.6122,59.5029
70,1.5000,SpendAwareDPRebalance (R70-aware),3.3300,22420.7521,746.6110,spend50p,752.4925,742.9471,735.2022,728.5576,724.6373,720.2819,712.9745,706.5626,696.7902,687.0341,352.5674,333.9464,319.0171,306.3143,291.9004,282.2957,274.4791,268.4668,266.1544,265.3852,263.0480,261.0351,256.7683,253.1630,251.9549,245.7964,241.8043,235.5881,230.4434,222.2357,216.2047,208.8444,200.5236,188.3131,174.7097
70,1.5000,SpendAwareDPRebalance (R70-aware),3.3300,22420.7521,746.6110,spend75p,757.5840,758.4733,762.5186,767.1680,773.5309,781.6422,791.1302,799.2251,801.0019,804.6582,428.7952,418.5164,407.5956,394.8450,388.3227,382.2951,376.8420,374.5643,376.5244,377.3831,380.6095,387.0634,392.3785,399.2304,408.3722,412.8151,412.0424,408.3080,406.2045,406.0266,393.4176,387.4422,380.5890,367.7103,352.5037
70,1.5000,SpendAwareDPRebalance (R70-aware),3.6600,20399.2089,746.6110,survival,1.0000,1.0000,1.0000,1.0000,1.0000,1.0000,1.0000,1.0000,1.0000,1.0000,1.0000,1.0000,1.0000,1.0000,1.0000,1.0000,1.0000,1.0000,1.0000,1.0000,1.0000,1.0000,1.0000,0.9995,0.9995,0.9990,0.9980,0.9980,0.9980,0.9970,0.9960,0.9945,0.9925,0.9910,0.9905
70,1.5000,SpendAwareDPRebalance (R70-aware),3.6600,20399.2089,746.6110,spend25p,747.4256,728.3868,711.2896,692.7354,675.7256,658.6644,641.9087,623.1159,606.1949,588.6492,282.4287,262.3009,242.2280,227.0533,211.4361,199.2026,189.0714,179.4720,172.5837,165.8365,161.7805,158.3693,156.4581,150.3523,146.4893,143.5619,137.0663,129.1139,121.4366,114.3180,105.4348,94.9857,82.8726,71.6685,57.9436
70,1.5000,SpendAwareDPRebalance (R70-aware),3.6600,20399.2089,746.6110,spend50p,752.4925,742.9471,735.2022,728.5576,724.6373,720.2819,712.9745,706.5626,696.7902,687.0341,352.5674,333.9464,319.0171,306.3143,291.9004,282.2957,274.4791,268.4668,266.1544,265.3852,263.0480,261.0351,256.7683,252.9639,251.7642,245.7919,240.6388,235.1548,230.1092,221.3007,214.9738,207.9016,197.4077,186.0604,173.2079
70,1.5000,SpendAwareDPRebalance (R70-aware),3.6600,20399.2089,746.6110,spend75p,757.5840,758.4733,762.5186,767.1680,773.5309,781.6422,791.1302,799.2251,801.0019,804.6582,428.7952,418.5164,407.5956,394.8450,388.3227,382.2951,376.8420,374.5643,376.5244,377.3831,380.6095,387.0634,392.3785,398.5345,408.2717,412.5936,409.1889,406.3217,405.2445,404.0117,392.8595,384.5885,375.0436,362.3482,348.1009
70,1.5000,SpendAwareDPRebalance (R70-aware),4.0000,18665.2762,746.6110,survival,1.0000,1.0000,1.0000,1.0000,1.0000,1.0000,1.0000,1.0000,1.0000,1.0000,1.0000,1.0000,1.0000,1.0000,1.0000,1.0000,1.0000,1.0000,1.0000,1.0000,1.0000,1.0000,0.9985,0.9980,0.9975,0.9970,0.9965,0.9955,0.9930,0.9925,0.9910,0.9885,0.9870,0.9865,0.9835
70,1.5000,SpendAwareDPRebalance (R70-aware),4.0000,18665.2762,746.6110,spend25p,747.4256,728.3868,711.2896,692.7354,675.7256,658.6644,641.9087,623.1159,606.1949,588.6492,282.4287,262.3009,242.2280,227.0533,211.4361,199.2026,189.0714,179.4720,172.5837,165.8365,161.7805,158.3693,155.3872,149.6318,145.6882,142.7675,135.8200,127.7361,120.0919,111.6823,102.7169,92.7563,81.4973,69.3757,54.9620
70,1.5000,SpendAwareDPRebalance (R70-aware),4.0000,18665.2762,746.6110,spend50p,752.4925,742.9471,735.2022,728.5576,724.6373,720.2819,712.9745,706.5626,696.7902,687.0341,352.5674,333.9464,319.0171,306.3143,291.9004,282.2957,274.4791,268.4668,266.1544,265.3852,263.0480,261.0351,256.3584,252.1020,251.0283,244.3440,239.7038,233.6337,226.5735,219.7365,213.4724,203.9762,194.7043,183.6301,170.1058
70,1.5000,SpendAwareDPRebalance (R70-aware),4.0000,18665.2762,746.6110,spend75p,757.5840,758.4733,762.5186,767.1680,773.5309,781.6422,791.1302,799.2251,801.0019,804.6582,428.7952,418.5164,407.5956,394.8450,388.3227,382.2951,376.8420,374.5643,376.5244,377.3831,380.6095,387.0634,391.5804,397.2747,404.7627,411.1443,408.8408,405.6646,401.1865,398.2103,387.1895,376.0960,370.6307,357.3098,341.6698
70,1.5000,SpendAwareDPRebalance (R70-aware),4.3300,17242.7493,746.6110,survival,1.0000,1.0000,1.0000,1.0000,1.0000,1.0000,1.0000,1.0000,1.0000,1.0000,1.0000,1.0000,1.0000,1.0000,1.0000,1.0000,1.0000,1.0000,1.0000,0.9985,0.9985,0.9980,0.9965,0.9950,0.9930,0.9920,0.9905,0.9895,0.9880,0.9860,0.9835,0.9805,0.9785,0.9765,0.9750
70,1.5000,SpendAwareDPRebalance (R70-aware),4.3300,17242.7493,746.6110,spend25p,747.4256,728.3868,711.2896,692.7354,675.7256,658.6644,641.9087,623.1159,606.1949,588.6492,282.4287,262.3009,242.2280,227.0533,211.4361,199.2026,189.0714,179.4720,172.5837,165.6749,160.9303,157.1807,153.8926,148.8046,144.3074,139.4389,133.4683,126.1126,118.4340,109.7510,99.5374,89.1208,77.3481,62.6431,50.9360
70,1.5000,SpendAwareDPRebalance (R70-aware),4.3300,17242.7493,746.6110,spend50p,752.4925,742.9471,735.2022,728.5576,724.6373,720.2819,712.9745,706.5626,696.7902,687.0341,352.5674,333.9464,319.0171,306.3143,291.9004,282.2957,274.4791,268.4668,266.1544,264.8281,262.3870,260.0940,255.0170,250.6923,248.3573,242.8154,237.4097,231.2934,223.4816,216.6984,209.4307,199.9420,190.7208,176.7611,161.8274
70,1.5000,SpendAwareDPRebalance (R70-aware),4.3300,17242.7493,746.6110,spend75p,757.5840,758.4733,762.5186,767.1680,773.5309,781.6422,791.1302,799.2251,801.0019,804.6582,428.7952,418.5164,407.5956,394.8450,388.3227,382.2951,376.8420,374.5643,376.5244,375.3306,379.2723,386.7046,391.0435,395.4861,399.3640,404.1389,404.1000,402.8478,398.6984,392.9035,383.5504,372.7546,364.2343,351.5623,336.9779
70,1.5000,SpendAwareDPRebalance (R70-aware),4.6600,16021.6963,746.6110,survival,1.0000,1.0000,1.0000,1.0000,1.0000,1.0000,1.0000,1.0000,1.0000,1.0000,1.0000,1.0000,1.0000,1.0000,0.9990,0.9990,0.9985,0.9980,0.9980,0.9960,0.9955,0.9945,0.9935,0.9910,0.9885,0.9875,0.9840,0.9835,0.9795,0.9780,0.9760,0.9720,0.9685,0.9660,0.9650
70,1.5000,SpendAwareDPRebalance (R70-aware),4.6600,16021.6963,746.6110,spend25p,747.4256,728.3868,711.2896,692.7354,675.7256,658.6644,641.9087,623.1159,606.1949,588.6492,282.4287,262.3009,242.2280,227.0533,211.0019,198.0231,188.5876,178.9815,171.8999,165.2586,160.3731,155.6957,152.1365,146.4653,142.3594,136.2845,129.8543,124.4774,115.8345,107.7540,95.6265,86.1780,71.4859,58.2595,47.1857
70,1.5000,SpendAwareDPRebalance (R70-aware),4.6600,16021.6963,746.6110,spend50p,752.4925,742.9471,735.2022,728.5576,724.6373,720.2819,712.9745,706.5626,696.7902,687.0341,352.5674,333.9464,319.0171,306.3143,291.4306,282.0948,273.9302,267.8668,265.0440,262.6865,260.6777,259.0100,253.9665,248.9074,244.5884,241.8910,234.9578,228.7848,219.2977,211.6616,203.9270,196.6720,185.5162,170.4682,156.1994
70,1.5000,SpendAwareDPRebalance (R70-aware),4.6600,16021.6963,746.6110,spend75p,757.5840,758.4733,762.5186,767.1680,773.5309,781.6422,791.1302,799.2251,801.0019,804.6582,428.7952,418.5164,407.5956,394.8450,388.2562,382.1610,376.3019,373.9389,374.4463,373.2066,377.8174,384.7287,388.7961,392.5872,395.0091,399.3939,398.1388,398.2167,392.0171,387.0714,376.8458,366.0351,355.6809,340.8411,326.0407
70,1.5000,SpendAwareDPRebalance (R70-aware),5.0000,14932.2209,746.6110,survival,1.0000,1.0000,1.0000,1.0000,1.0000,1.0000,1.0000,1.0000,1.0000,0.9995,0.9995,0.9990,0.9985,0.9985,0.9985,0.9980,0.9975,0.9965,0.9935,0.9920,0.9910,0.9895,0.9875,0.9850,0.9825,0.9780,0.9750,0.9720,0.9695,0.9655,0.9625,0.9580,0.9535,0.9490,0.9435
70,1.5000,SpendAwareDPRebalance (R70-aware),5.0000,14932.2209,746.6110,spend25p,747.4256,728.3868,711.2896,692.7354,675.7256,658.6644,641.9087,623.1159,606.1949,588.4316,282.4098,262.1710,241.9868,226.2429,210.9659,197.6124,188.0865,178.6054,170.5029,163.9459,158.7986,154.1381,148.6979,143.5816,139.4735,132.5111,126.0086,117.8960,110.6447,99.8109,90.4753,77.9522,65.0964,51.8348,39.1879
70,1.5000,SpendAwareDPRebalance (R70-aware),5.0000,14932.2209,746.6110,spend50p,752.4925,742.9471,735.2022,728.5576,724.6373,720.2819,712.9745,706.5626,696.7902,686.9305,352.4651,333.7236,318.7603,305.8305,291.2918,281.7180,273.2459,267.5415,262.4030,261.4098,258.9811,256.0652,251.3963,246.2496,242.2473,237.5923,231.3354,223.1973,214.3466,206.6202,197.2218,188.3203,172.1364,158.9792,144.8231
70,1.5000,SpendAwareDPRebalance (R70-aware),5.0000,14932.2209,746.6110,spend75p,757.5840,758.4733,762.5186,767.1680,773.5309,781.6422,791.1302,799.2251,801.0019,804.6582,428.7952,418.4170,406.9009,394.3800,387.6881,382.0079,376.1972,373.5409,372.1396,370.7458,375.0616,381.8385,385.3797,391.2321,391.8630,394.9094,393.1787,390.6758,388.1429,379.8691,370.6618,357.3034,343.9545,327.4863,307.3666
70,1.5000,SpendAwareDPRebalance (R70-aware),5.5000,13574.7463,746.6110,survival,1.0000,1.0000,1.0000,1.0000,1.0000,1.0000,1.0000,0.9995,0.9980,0.9980,0.9970,0.9955,0.9955,0.9945,0.9930,0.9910,0.9895,0.9870,0.9850,0.9820,0.9770,0.9750,0.9720,0.9655,0.9620,0.9590,0.9545,0.9495,0.9435,0.9370,0.9295,0.9245,0.9195,0.9115,0.9055
70,1.5000,SpendAwareDPRebalance (R70-aware),5.5000,13574.7463,746.6110,spend25p,747.4256,728.3868,711.2896,692.7354,675.7256,658.6644,641.9087,622.9923,604.8447,587.8275,280.9738,261.0287,241.4390,225.1246,209.6611,195.9044,184.8052,175.8994,166.1994,160.3109,154.1424,148.6581,142.9792,136.9502,130.9201,123.9153,117.2167,108.1778,97.4369,86.6238,73.8665,61.3544,50.7216,37.1929,22.5310
70,1.5000,SpendAwareDPRebalance (R70-aware),5.5000,13574.7463,746.6110,spend50p,752.4925,742.9471,735.2022,728.5576,724.6373,720.2819,712.9745,706.5110,696.5184,686.0205,352.0212,333.3869,317.9802,304.8172,289.7863,279.0331,271.1684,264.1965,260.0741,258.4052,252.8836,249.5154,245.5233,238.6878,232.3959,230.1481,223.7026,214.2474,204.0050,192.6607,181.6953,169.5221,156.1966,140.7686,124.0534
70,1.5000,SpendAwareDPRebalance (R70-aware),5.5000,13574.7463,746.6110,spend75p,757.5840,758.4733,762.5186,767.1680,773.5309,781.6422,791.1302,799.2251,799.6024,803.4095,428.0184,417.6166,406.5068,393.4939,385.8411,379.9470,373.8925,369.8388,368.4049,366.7386,368.2495,373.7052,379.9474,380.6242,382.8696,381.3438,382.5136,378.8084,371.2296,360.6795,349.9524,334.7005,313.7789,298.1254,280.3073
70,1.5000,SpendAwareDPRebalance (R70-aware),6.0000,12443.5174,746.6110,survival,1.0000,1.0000,1.0000,1.0000,1.0000,1.0000,0.9995,0.9985,0.9970,0.9955,0.9925,0.9905,0.9895,0.9865,0.9810,0.9740,0.9705,0.9650,0.9605,0.9560,0.9525,0.9460,0.9400,0.9325,0.9305,0.9255,0.9190,0.9130,0.9045,0.8955,0.8845,0.8785,0.8715,0.8600,0.8535
70,1.5000,SpendAwareDPRebalance (R70-aware),6.0000,12443.5174,746.6110,spend25p,747.4256,728.3868,711.2896,692.7354,675.7256,658.6644,641.7990,622.5098,604.3608,586.6128,280.2438,259.4053,239.6635,222.0019,206.1574,189.6830,178.1070,167.0244,158.0966,151.4293,143.4349,136.2265,132.1057,123.4332,117.2422,109.7472,100.9459,90.7507,77.6357,66.5714,53.0151,41.3505,29.1841,16.0104,1.0745
70,1.5000,SpendAwareDPRebalance (R70-aware),6.0000,12443.5174,746.6110,spend50p,752.4925,742.9471,735.2022,728.5576,724.6373,720.2819,712.8832,706.1077,696.3175,685.5223,350.9137,332.6404,316.5675,302.9213,286.6347,273.4508,267.3455,259.3656,253.8260,249.1360,246.0963,240.2896,235.2450,227.9676,223.0988,216.1374,209.6100,201.5813,190.6494,179.0488,165.9875,152.0999,139.1423,121.2388,106.9893
70,1.5000,SpendAwareDPRebalance (R70-aware),6.0000,12443.5174,746.6110,spend75p,757.5840,758.4733,762.5186,767.1680,773.5309,781.6422,791.1302,798.7697,799.0630,802.0359,426.9222,415.7647,403.8406,391.2803,381.7352,375.1741,369.4097,364.3058,360.6641,359.5074,360.2125,363.1789,368.3790,370.1400,371.5110,369.1744,366.9107,361.2237,353.0413,339.4009,319.3912,305.4570,288.5147,266.9339,250.5655
70,1.5000,SpendAwareDPRebalance (R70-aware),7.0000,10665.8721,746.6110,survival,1.0000,1.0000,1.0000,1.0000,1.0000,0.9995,0.9985,0.9950,0.9845,0.9685,0.9600,0.9525,0.9425,0.9340,0.9285,0.9180,0.9095,0.9020,0.8970,0.8875,0.8785,0.8705,0.8590,0.8530,0.8400,0.8285,0.8220,0.8130,0.7985,0.7885,0.7835,0.7665,0.7575,0.7450,0.7370
70,1.5000,SpendAwareDPRebalance (R70-aware),7.0000,10665.8721,746.6110,spend25p,747.4256,728.3868,711.2896,692.7354,675.7256,658.3960,641.4192,621.8594,600.5061,575.1805,272.3334,247.3247,223.2756,204.4030,186.4645,167.2034,154.8607,143.5297,132.0612,124.0453,110.7577,101.8603,90.3458,82.9393,72.9957,61.4583,50.5687,35.8742,15.9757,0.7031,0.0000,0.0000,0.0000,0.0000,0.0000
70,1.5000,SpendAwareDPRebalance (R70-aware),7.0000,10665.8721,746.6110,spend50p,752.4925,742.9471,735.2022,728.5576,724.6373,720.2106,712.7993,704.7889,692.8464,678.2483,344.9946,324.3942,305.6924,287.1394,273.3755,259.9072,251.2166,241.4841,234.1393,225.8796,219.5933,214.4249,206.0576,201.6316,191.7006,184.0438,176.8690,164.9279,150.8340,137.6653,126.9933,108.1660,93.7174,78.1554,62.5863
70,1.5000,SpendAwareDPRebalance (R70-aware),7.0000,10665.8721,746.6110,spend75p,757.5840,758.4733,762.5186,767.1680,773.5309,781.6422,790.4396,797.0910,795.2873,792.4370,419.9971,405.5254,388.9884,377.1575,368.3324,357.3823,349.8023,344.1409,340.7897,337.5484,336.0877,335.2481,334.3150,335.1258,328.9289,321.0017,315.1777,303.2583,290.5654,278.6547,264.7306,243.9080,228.2411,210.2478,193.6036
70,1.5000,SpendAwareDPRebalance (R70-aware),8.0000,9332.6381,746.6110,survival,1.0000,1.0000,1.0000,1.0000,1.0000,0.9985,0.9945,0.9800,0.9505,0.9255,0.9100,0.8875,0.8660,0.8515,0.8410,0.8240,0.8140,0.7975,0.7860,0.7720,0.7600,0.7460,0.7340,0.7215,0.7100,0.7025,0.6915,0.6805,0.6680,0.6580,0.6500,0.6390,0.6285,0.6210,0.6150
70,1.5000,SpendAwareDPRebalance (R70-aware),8.0000,9332.6381,746.6110,spend25p,747.4256,728.3868,711.2896,692.7354,675.7256,658.3281,639.9500,616.7929,587.7391,553.8083,254.3777,225.7690,196.0673,172.0076,151.3706,128.7299,114.0262,91.8629,74.1051,55.0254,23.0229,0.0000,0.0000,0.0000,0.0000,0.0000,0.0000,0.0000,0.0000,0.0000,0.0000,0.0000,0.0000,0.0000,0.0000
70,1.5000,SpendAwareDPRebalance (R70-aware),8.0000,9332.6381,746.6110,spend50p,752.4925,742.9471,735.2022,728.5576,724.6373,720.0407,712.2879,699.6411,682.4010,664.6641,333.1937,310.8168,286.0964,266.4252,252.8616,237.2586,224.1900,209.5551,197.0721,187.5524,179.1367,168.4034,161.2372,149.6122,140.0314,132.1448,119.2723,108.4688,95.1526,79.6955,67.2673,55.1704,38.6550,25.6504,15.0656
70,1.5000,SpendAwareDPRebalance (R70-aware),8.0000,9332.6381,746.6110,spend75p,757.5840,758.4733,762.5186,767.1680,773.5309,781.5843,789.5051,793.1248,784.2751,779.1162,410.1055,390.9724,372.2817,360.3832,347.6363,334.2098,324.5845,316.8480,311.9769,308.8676,303.9460,299.1774,292.6971,286.9299,277.7140,269.4331,255.4748,244.2401,230.5217,217.7379,206.3823,193.8079,172.6485,157.2714,140.7077
70,2.0000,SpendAwareDPRebalance (R70-aware),2.8000,35552.9070,995.4814,survival,1.0000,1.0000,1.0000,1.0000,1.0000,1.0000,1.0000,1.0000,1.0000,1.0000,1.0000,1.0000,1.0000,1.0000,1.0000,1.0000,1.0000,1.0000,1.0000,1.0000,1.0000,1.0000,1.0000,1.0000,1.0000,1.0000,0.9995,0.9995,0.9990,0.9990,0.9985,0.9985,0.9980,0.9965,0.9965
70,2.0000,SpendAwareDPRebalance (R70-aware),2.8000,35552.9070,995.4814,spend25p,996.5674,971.1824,948.3861,923.6472,900.9675,878.2192,855.8783,830.8213,808.2599,784.8656,471.7431,445.7740,421.7002,402.5073,382.9576,367.5898,355.2286,343.8367,336.7460,330.4628,326.2981,324.9201,324.1656,318.8988,315.8021,313.4805,307.6633,299.4307,295.4111,285.6195,277.4402,269.4905,258.8361,244.2682,231.2491
70,2.0000,SpendAwareDPRebalance (R70-aware),2.8000,35552.9070,995.4814,spend50p,1003.3234,990.5961,980.2696,971.4101,966.1831,960.3759,950.6327,942.0835,929.0536,916.0455,579.5874,556.9614,539.4377,526.1329,510.4347,500.1229,492.6835,487.0897,487.3435,490.4783,491.3864,491.5375,489.6882,487.2691,488.3563,488.0796,484.9713,482.1060,475.5673,472.6930,466.2707,465.4517,461.0696,450.2137,437.8980
70,2.0000,SpendAwareDPRebalance (R70-aware),2.8000,35552.9070,995.4814,spend75p,1010.1120,1011.2977,1016.6915,1022.8907,1031.3745,1042.1896,1054.8403,1065.6335,1068.0026,1072.8776,698.5649,689.2336,679.0981,666.4265,663.1602,660.3338,656.4485,663.3977,667.7153,675.4214,686.6972,700.0234,715.5641,730.9685,748.0020,763.3461,767.2723,770.8560,774.7909,780.6806,775.4547,773.0661,770.3656,764.9220,760.6448
70,2.0000,SpendAwareDPRebalance (R70-aware),3.0000,33182.7132,995.4814,survival,1.0000,1.0000,1.0000,1.0000,1.0000,1.0000,1.0000,1.0000,1.0000,1.0000,1.0000,1.0000,1.0000,1.0000,1.0000,1.0000,1.0000,1.0000,1.0000,1.0000,1.0000,1.0000,1.0000,1.0000,1.0000,1.0000,0.9995,0.9985,0.9985,0.9980,0.9970,0.9965,0.9960,0.9935,0.9935
70,2.0000,SpendAwareDPRebalance (R70-aware),3.0000,33182.7132,995.4814,spend25p,996.5674,971.1824,948.3861,923.6472,900.9675,878.2192,855.8783,830.8213,808.2599,784.8656,471.7431,445.7740,421.7002,402.5073,382.9576,367.5898,355.2286,343.8367,336.7460,330.4628,326.2981,324.9201,324.1656,318.8988,315.8021,313.4805,307.6633,299.0578,295.2739,284.6062,276.5127,267.4267,257.6798,242.0887,229.6447
70,2.0000,SpendAwareDPRebalance (R70-aware),3.0000,33182.7132,995.4814,spend50p,1003.3234,990.5961,980.2696,971.4101,966.1831,960.3759,950.6327,942.0835,929.0536,916.0455,579.5874,556.9614,539.4377,526.1329,510.4347,500.1229,492.6835,487.0897,487.3435,490.4783,491.3864,491.5375,489.6882,487.2691,488.3563,488.0796,484.9713,481.5952,475.2446,471.6855,464.1000,463.4678,459.8689,448.3552,433.6941
70,2.0000,SpendAwareDPRebalance (R70-aware),3.0000,33182.7132,995.4814,spend75p,1010.1120,1011.2977,1016.6915,1022.8907,1031.3745,1042.1896,1054.8403,1065.6335,1068.0026,1072.8776,698.5649,689.2336,679.0981,666.4265,663.1602,660.3338,656.4485,663.3977,667.7153,675.4214,686.6972,700.0234,715.5641,730.9685,748.0020,763.3461,767.2723,768.8357,774.0239,780.2329,772.6387,769.4063,765.0452,762.8356,754.8459
70,2.0000,SpendAwareDPRebalance (R70-aware),3.3300,29894.3362,995.4814,survival,1.0000,1.0000,1.0000,1.0000,1.0000,1.0000,1.0000,1.0000,1.0000,1.0000,1.0000,1.0000,1.0000,1.0000,1.0000,1.0000,1.0000,1.0000,1.0000,1.0000,1.0000,1.0000,1.0000,0.9995,0.9990,0.9990,0.9980,0.9975,0.9955,0.9930,0.9925,0.9915,0.9900,0.9900,0.9875
70,2.0000,SpendAwareDPRebalance (R70-aware),3.3300,29894.3362,995.4814,spend25p,996.5674,971.1824,948.3861,923.6472,900.9675,878.2192,855.8783,830.8213,808.2599,784.8656,471.7431,445.7740,421.7002,402.5073,382.9576,367.5898,355.2286,343.8367,336.7460,330.4628,326.2981,324.9201,324.1656,318.2745,315.1432,312.8480,306.8927,298.2857,292.2215,281.5867,273.7362,264.5261,251.8492,239.0932,225.2689
70,2.0000,SpendAwareDPRebalance (R70-aware),3.3300,29894.3362,995.4814,spend50p,1003.3234,990.5961,980.2696,971.4101,966.1831,960.3759,950.6327,942.0835,929.0536,916.0455,579.5874,556.9614,539.4377,526.1329,510.4347,500.1229,492.6835,487.0897,487.3435,490.4783,491.3864,491.5375,489.6882,486.7491,488.1309,487.7337,483.3168,480.3532,472.9337,465.9314,459.7217,461.0468,453.2217,442.1841,427.2332
70,2.0000,SpendAwareDPRebalance (R70-aware),3.3300,29894.3362,995.4814,spend75p,1010.1120,1011.2977,1016.6915,1022.8907,1031.3745,1042.1896,1054.8403,1065.6335,1068.0026,1072.8776,698.5649,689.2336,679.0981,666.4265,663.1602,660.3338,656.4485,663.3977,667.7153,675.4214,686.6972,700.0234,715.5641,730.9133,746.6347,761.6525,765.9070,767.0744,770.8020,774.5780,766.5104,762.2991,757.4251,754.3352,746.7958
70,2.0000,SpendAwareDPRebalance (R70-aware),3.6600,27198.9452,995.4814,survival,1.0000,1.0000,1.0000,1.0000,1.0000,1.0000,1.0000,1.0000,1.0000,1.0000,1.0000,1.0000,1.0000,1.0000,1.0000,1.0000,1.0000,1.0000,1.0000,1.0000,0.9995,0.9985,0.9980,0.9975,0.9965,0.9955,0.9935,0.9925,0.9915,0.9895,0.9875,0.9855,0.9830,0.9815,0.9795
70,2.0000,SpendAwareDPRebalance (R70-aware),3.6600,27198.9452,995.4814,spend25p,996.5674,971.1824,948.3861,923.6472,900.9675,878.2192,855.8783,830.8213,808.2599,784.8656,471.7431,445.7740,421.7002,402.5073,382.9576,367.5898,355.2286,343.8367,336.7460,330.4628,326.1663,323.8676,323.4821,316.3484,313.1295,310.4566,303.2484,296.1409,289.4718,279.2977,270.9506,259.1691,246.6851,231.8285,217.8039
70,2.0000,SpendAwareDPRebalance (R70-aware),3.6600,27198.9452,995.4814,spend50p,1003.3234,990.5961,980.2696,971.4101,966.1831,960.3759,950.6327,942.0835,929.0536,916.0455,579.5874,556.9614,539.4377,526.1329,510.4347,500.1229,492.6835,487.0897,487.3435,490.4783,490.9006,490.5504,487.1431,485.6474,486.2583,486.1662,481.0090,474.6264,468.5236,462.2787,457.7782,453.3019,445.4840,434.9367,420.5154
70,2.0000,SpendAwareDPRebalance (R70-aware),3.6600,27198.9452,995.4814,spend75p,1010.1120,1011.2977,1016.6915,1022.8907,1031.3745,1042.1896,1054.8403,1065.6335,1068.0026,1072.8776,698.5649,689.2336,679.0981,666.4265,663.1602,660.3338,656.4485,663.3977,667.7153,675.4214,686.0510,698.1627,711.6610,726.6893,741.7187,758.0287,757.4867,759.3563,760.1144,770.5849,758.5475,752.3890,753.7199,743.5263,733.5719
70,2.0000,SpendAwareDPRebalance (R70-aware),4.0000,24887.0349,995.4814,survival,1.0000,1.0000,1.0000,1.0000,1.0000,1.0000,1.0000,1.0000,1.0000,1.0000,1.0000,1.0000,1.0000,1.0000,1.0000,1.0000,1.0000,1.0000,0.9985,0.9985,0.9970,0.9955,0.9950,0.9935,0.9920,0.9910,0.9895,0.9855,0.9830,0.9810,0.9775,0.9750,0.9725,0.9695,0.9665
70,2.0000,SpendAwareDPRebalance (R70-aware),4.0000,24887.0349,995.4814,spend25p,996.5674,971.1824,948.3861,923.6472,900.9675,878.2192,855.8783,830.8213,808.2599,784.8656,471.7431,445.7740,421.7002,402.5073,382.9576,367.5898,355.2286,343.8367,335.7965,329.9135,325.3711,321.7506,320.9536,312.6725,310.4799,306.5135,300.8120,292.2823,284.5513,274.7590,260.8107,249.7803,236.7899,222.5399,207.3089
70,2.0000,SpendAwareDPRebalance (R70-aware),4.0000,24887.0349,995.4814,spend50p,1003.3234,990.5961,980.2696,971.4101,966.1831,960.3759,950.6327,942.0835,929.0536,916.0455,579.5874,556.9614,539.4377,526.1329,510.4347,500.1229,492.6835,487.0897,485.7592,490.0387,489.0303,488.2777,485.1131,483.7070,484.4102,482.6274,477.0829,467.9166,460.4010,451.9680,450.0371,444.3444,436.3983,420.3438,413.8103
70,2.0000,SpendAwareDPRebalance (R70-aware),4.0000,24887.0349,995.4814,spend75p,1010.1120,1011.2977,1016.6915,1022.8907,1031.3745,1042.1896,1054.8403,1065.6335,1068.0026,1072.8776,698.5649,689.2336,679.0981,666.4265,663.1602,660.3338,656.4485,663.3977,666.1391,672.9398,682.2505,695.4982,710.2960,722.8811,734.9141,750.4130,752.1089,751.0925,753.3363,756.2331,747.0979,739.6739,740.3082,725.5393,710.0084
70,2.0000,SpendAwareDPRebalance (R70-aware),4.3300,22990.3325,995.4814,survival,1.0000,1.0000,1.0000,1.0000,1.0000,1.0000,1.0000,1.0000,1.0000,1.0000,1.0000,1.0000,1.0000,0.9990,0.9990,0.9985,0.9985,0.9980,0.9970,0.9955,0.9940,0.9925,0.9905,0.9880,0.9855,0.9810,0.9805,0.9755,0.9740,0.9695,0.9660,0.9615,0.9585,0.9550,0.9490
70,2.0000,SpendAwareDPRebalance (R70-aware),4.3300,22990.3325,995.4814,spend25p,996.5674,971.1824,948.3861,923.6472,900.9675,878.2192,855.8783,830.8213,808.2599,784.8656,471.7431,445.7740,421.7002,401.8851,382.2452,366.8467,354.2540,342.9082,333.8168,326.9594,323.4691,320.0012,314.6359,309.9053,305.2660,296.0340,292.8004,285.8470,277.0598,265.2231,254.4256,238.9498,225.8873,210.6281,194.7510
70,2.0000,SpendAwareDPRebalance (R70-aware),4.3300,22990.3325,995.4814,spend50p,1003.3234,990.5961,980.2696,971.4101,966.1831,960.3759,950.6327,942.0835,929.0536,916.0455,579.5874,556.9614,539.4377,525.3786,510.1768,499.2513,491.9444,486.1115,484.6102,487.7343,486.9856,486.2228,480.9502,480.0889,477.3186,474.3021,471.7950,460.6792,454.1328,445.2412,442.1211,432.8452,418.5878,407.7904,390.7108
70,2.0000,SpendAwareDPRebalance (R70-aware),4.3300,22990.3325,995.4814,spend75p,1010.1120,1011.2977,1016.6915,1022.8907,1031.3745,1042.1896,1054.8403,1065.6335,1068.0026,1072.8776,698.5649,689.2336,679.0981,665.8992,663.0896,659.2732,655.5233,660.3157,664.8885,668.2212,675.6515,691.3517,704.5142,717.4134,726.1582,732.7708,743.6568,743.0403,745.3223,742.1810,740.1606,724.4503,716.6562,709.0656,693.2683
70,2.0000,SpendAwareDPRebalance (R70-aware),4.6600,21362.2617,995.4814,survival,1.0000,1.0000,1.0000,1.0000,1.0000,1.0000,1.0000,1.0000,0.9995,0.9995,0.9985,0.9985,0.9980,0.9980,0.9970,0.9960,0.9950,0.9935,0.9920,0.9885,0.9870,0.9840,0.9820,0.9780,0.9725,0.9685,0.9635,0.9600,0.9570,0.9535,0.9495,0.9420,0.9390,0.9310,0.9235
70,2.0000,SpendAwareDPRebalance (R70-aware),4.6600,21362.2617,995.4814,spend25p,996.5674,971.1824,948.3861,923.6472,900.9675,878.2192,855.8783,830.8213,807.8953,784.5755,471.2394,445.3885,420.9334,401.0180,381.8386,365.3722,351.9734,340.6490,329.6976,323.4863,318.9735,313.6330,306.4768,301.7236,296.2868,288.6089,279.5206,269.3109,261.5701,253.1133,240.6080,223.2510,207.5092,194.4155,173.4393
70,2.0000,SpendAwareDPRebalance (R70-aware),4.6600,21362.2617,995.4814,spend50p,1003.3234,990.5961,980.2696,971.4101,966.1831,960.3759,950.6327,942.0835,928.9668,915.9073,578.9966,556.5620,538.4358,525.0822,508.8260,497.8849,489.4305,483.1686,481.6821,483.2412,480.1051,479.4815,474.8846,472.6067,466.4754,464.4046,457.5111,450.6759,439.3555,437.6634,427.6100,411.4101,403.1665,385.5727,365.6766
70,2.0000,SpendAwareDPRebalance (R70-aware),4.6600,21362.2617,995.4814,spend75p,1010.1120,1011.2977,1016.6915,1022.8907,1031.3745,1042.1896,1054.8403,1065.6335,1068.0026,1072.8776,697.6408,687.2647,678.3698,665.6840,660.4257,657.9995,654.3479,658.2278,662.0920,660.2294,671.5612,685.8905,699.3401,706.8136,714.7757,720.3953,731.4648,732.2062,731.7919,724.4820,719.7524,703.0036,688.0111,671.1553,649.4477
70,2.0000,SpendAwareDPRebalance (R70-aware),5.0000,19909.6279,995.4814,survival,1.0000,1.0000,1.0000,1.0000,1.0000,1.0000,1.0000,1.0000,0.9995,0.9980,0.9975,0.9970,0.9955,0.9950,0.9940,0.9910,0.9890,0.9840,0.9815,0.9780,0.9740,0.9695,0.9655,0.9595,0.9540,0.9505,0.9465,0.9395,0.9325,0.9275,0.9205,0.9145,0.9080,0.8990,0.8890
70,2.0000,SpendAwareDPRebalance (R70-aware),5.0000,19909.6279,995.4814,spend25p,996.5674,971.1824,948.3861,923.6472,900.9675,878.2192,855.8783,830.8213,807.8953,783.7700,470.8817,444.9408,419.8715,399.1300,380.2733,362.8499,349.8409,335.0984,324.1934,318.1798,311.9339,304.2132,298.2366,291.9963,285.2661,277.0006,269.2968,254.9605,244.5396,228.3655,212.5684,201.8828,187.8520,171.8490,152.7618
70,2.0000,SpendAwareDPRebalance (R70-aware),5.0000,19909.6279,995.4814,spend50p,1003.3234,990.5961,980.2696,971.4101,966.1831,960.3759,950.6327,942.0835,928.9668,914.6940,578.9188,555.9371,537.6368,523.5332,507.1153,494.6218,487.2914,480.4453,476.9715,478.2180,473.0211,470.3709,466.1942,457.5368,454.2383,453.1461,446.7126,436.8552,425.2180,416.7983,403.5503,393.4375,376.8701,357.3454,333.8224
70,2.0000,SpendAwareDPRebalance (R70-aware),5.0000,19909.6279,995.4814,spend75p,1010.1120,1011.2977,1016.6915,1022.8907,1031.3745,1042.1896,1054.8403,1065.6335,1068.0026,1071.2127,696.0083,686.9419,677.8916,664.0168,659.8329,655.2839,651.4660,650.3744,654.1718,654.3205,661.3161,675.8782,687.7163,696.6782,702.6480,708.1597,714.9296,711.4457,709.1743,696.7424,686.4979,667.5585,648.6932,627.5353,605.3674
70,2.0000,SpendAwareDPRebalance (R70-aware),5.5000,18099.6617,995.4814,survival,1.0000,1.0000,1.0000,1.0000,1.0000,1.0000,1.0000,0.9990,0.9975,0.9970,0.9945,0.9915,0.9885,0.9840,0.9785,0.9720,0.9665,0.9595,0.9540,0.9520,0.9450,0.9380,0.9340,0.9250,0.9205,0.9120,0.9030,0.8945,0.8845,0.8730,0.8625,0.8535,0.8485,0.8395,0.8310
70,2.0000,SpendAwareDPRebalance (R70-aware),5.5000,18099.6617,995.4814,spend25p,996.5674,971.1824,948.3861,923.6472,900.9675,878.2192,855.8783,830.2687,805.8492,782.9028,469.4365,441.9590,416.5785,393.5945,373.9547,352.5855,336.0356,320.9600,311.0603,303.1274,289.9682,284.2198,280.1379,267.9589,257.4469,249.6088,234.2463,218.9946,206.2148,188.5278,168.2052,152.2270,139.8866,121.8422,101.7742
70,2.0000,SpendAwareDPRebalance (R70-aware),5.5000,18099.6617,995.4814,spend50p,1003.3234,990.5961,980.2696,971.4101,966.1831,960.3759,950.6327,941.7454,928.6753,914.3558,577.6151,554.3496,535.5379,520.4984,501.1739,486.5486,478.5650,471.2394,463.8014,463.4961,460.5613,451.5818,450.6151,440.4794,438.0130,426.7670,421.1367,412.9095,402.1741,386.4508,369.7867,350.1246,332.6636,316.0146,300.2097
70,2.0000,SpendAwareDPRebalance (R70-aware),5.5000,18099.6617,995.4814,spend75p,1010.1120,1011.2977,1016.6915,1022.8907,1031.3745,1042.1896,1054.8403,1065.2593,1065.7355,1070.1154,694.3622,683.4317,672.8755,659.9492,651.5595,647.5854,642.2432,643.0577,639.2798,645.4090,647.6906,656.4901,668.4028,678.5427,684.8912,680.7850,673.1759,674.8190,662.6361,648.9435,632.8094,615.8047,601.8648,576.1792,555.7466
70,2.0000,SpendAwareDPRebalance (R70-aware),6.0000,16591.3566,995.4814,survival,1.0000,1.0000,1.0000,1.0000,1.0000,1.0000,0.9995,0.9980,0.9960,0.9915,0.9805,0.9760,0.9710,0.9620,0.9520,0.9440,0.9370,0.9320,0.9265,0.9195,0.9105,0.9010,0.8920,0.8820,0.8740,0.8640,0.8505,0.8430,0.8330,0.8250,0.8155,0.8025,0.7950,0.7840,0.7715
70,2.0000,SpendAwareDPRebalance (R70-aware),6.0000,16591.3566,995.4814,spend25p,996.5674,971.1824,948.3861,923.6472,900.9675,878.2192,855.7321,829.7662,805.2480,778.7287,463.9711,433.8237,407.4578,381.9750,357.1912,337.3702,320.3758,307.6291,294.6925,280.9258,269.3226,255.2992,246.1017,234.6395,221.7454,207.9602,189.1905,173.6040,153.4063,139.3628,122.2077,96.3247,82.0519,53.0373,26.6633
70,2.0000,SpendAwareDPRebalance (R70-aware),6.0000,16591.3566,995.4814,spend50p,1003.3234,990.5961,980.2696,971.4101,966.1831,960.3759,950.5110,941.3784,927.9667,912.4519,572.1968,551.0118,528.3601,508.8020,489.5149,473.4074,468.3809,459.7694,451.7716,444.8512,436.1963,430.5522,425.7963,419.5720,410.6399,401.6216,390.6658,379.6879,367.9036,354.6424,338.4672,314.2920,299.4981,277.4789,255.0354
70,2.0000,SpendAwareDPRebalance (R70-aware),6.0000,16591.3566,995.4814,spend75p,1010.1120,1011.2977,1016.6915,1022.8907,1031.3745,1042.1896,1054.8403,1064.3552,1065.3114,1066.4583,689.7328,677.1126,665.1393,653.0405,642.7261,634.6035,626.2624,624.7886,625.8141,626.4768,626.1939,630.5653,639.0819,643.4801,648.2343,640.6105,633.3895,624.3903,611.1621,596.4078,578.8077,559.9054,546.0846,526.6486,504.0255
70,2.0000,SpendAwareDPRebalance (R70-aware),7.0000,14221.1628,995.4814,survival,1.0000,1.0000,1.0000,1.0000,1.0000,0.9995,0.9980,0.9935,0.9795,0.9605,0.9430,0.9245,0.9125,0.9020,0.8805,0.8680,0.8505,0.8385,0.8225,0.8085,0.7960,0.7805,0.7680,0.7535,0.7445,0.7325,0.7250,0.7095,0.6990,0.6875,0.6790,0.6730,0.6630,0.6505,0.6400
70,2.0000,SpendAwareDPRebalance (R70-aware),7.0000,14221.1628,995.4814,spend25p,996.5674,971.1824,948.3861,923.6472,900.9675,877.8613,855.2256,828.5617,797.9561,760.9417,447.8933,407.5285,377.1443,346.2274,313.6654,290.4709,261.9064,240.0621,219.0794,198.0461,175.2535,149.3637,117.0311,55.8758,0.0000,0.0000,0.0000,0.0000,0.0000,0.0000,0.0000,0.0000,0.0000,0.0000,0.0000
70,2.0000,SpendAwareDPRebalance (R70-aware),7.0000,14221.1628,995.4814,spend50p,1003.3234,990.5961,980.2696,971.4101,966.1831,960.2808,950.3990,939.0249,922.2136,899.9755,560.2501,533.6263,507.3356,483.2357,461.3399,445.7152,427.3886,412.8954,398.9720,385.8296,372.2800,363.2313,352.1188,338.5954,327.9966,316.2826,306.4790,286.8322,271.2222,253.2414,234.3175,218.8049,201.2425,183.1653,163.1498
70,2.0000,SpendAwareDPRebalance (R70-aware),7.0000,14221.1628,995.4814,spend75p,1010.1120,1011.2977,1016.6915,1022.8907,1031.3745,1042.1896,1053.9195,1062.1762,1058.8239,1052.2895,675.3408,655.8583,640.9692,628.0572,612.1975,601.2634,588.1996,583.3448,576.9989,575.7069,574.2513,569.0093,563.0245,557.3186,554.5927,543.4425,532.9943,514.6973,500.8418,484.7603,475.8396,466.3679,449.8505,426.8396,405.6493
70,2.0000,SpendAwareDPRebalance (R70-aware),8.0000,12443.5174,995.4814,survival,1.0000,1.0000,1.0000,1.0000,1.0000,0.9985,0.9940,0.9760,0.9445,0.9105,0.8830,0.8535,0.8265,0.8050,0.7830,0.7575,0.7370,0.7180,0.6965,0.6805,0.6590,0.6425,0.6320,0.6220,0.6105,0.6010,0.5885,0.5795,0.5695,0.5555,0.5455,0.5390,0.5300,0.5185,0.5080
70,2.0000,SpendAwareDPRebalance (R70-aware),8.0000,12443.5174,995.4814,spend25p,996.5674,971.1824,948.3861,923.6472,900.9675,877.7708,853.1594,819.8171,780.8418,730.8892,415.9331,367.7724,320.2877,276.4411,234.4137,162.4370,0.0000,0.0000,0.0000,0.0000,0.0000,0.0000,0.0000,0.0000,0.0000,0.0000,0.0000,0.0000,0.0000,0.0000,0.0000,0.0000,0.0000,0.0000,0.0000
70,2.0000,SpendAwareDPRebalance (R70-aware),8.0000,12443.5174,995.4814,spend50p,1003.3234,990.5961,980.2696,971.4101,966.1831,960.0543,949.5948,931.6733,907.4845,881.3400,542.3022,506.1904,472.6907,445.1844,419.0927,391.9259,366.9454,343.5317,320.2024,306.9222,281.8426,266.0638,252.7798,241.6267,222.1061,208.7172,188.9271,171.6230,150.8594,128.5604,103.6295,88.6898,63.2808,29.6468,0.0000
70,2.0000,SpendAwareDPRebalance (R70-aware),8.0000,12443.5174,995.4814,spend75p,1010.1120,1011.2977,1016.6915,1022.8907,1031.3745,1042.1123,1052.5427,1054.2556,1044.5126,1036.4917,660.7359,635.0076,612.4479,594.7656,576.1165,556.0874,542.1184,536.3274,526.1477,517.2652,503.6690,493.3123,484.9707,472.2161,460.5901,458.3650,440.5140,428.8462,415.8869,401.8995,384.2152,368.1674,348.5610,321.6745,300.2590
70,3.0000,SpendAwareDPRebalance (R70-aware),2.8000,53329.3605,1493.2221,survival,1.0000,1.0000,1.0000,1.0000,1.0000,1.0000,1.0000,1.0000,1.0000,1.0000,1.0000,1.0000,1.0000,1.0000,1.0000,1.0000,1.0000,1.0000,1.0000,1.0000,1.0000,1.0000,1.0000,1.0000,1.0000,0.9990,0.9990,0.9980,0.9980,0.9970,0.9965,0.9950,0.9920,0.9920,0.9915
70,3.0000,SpendAwareDPRebalance (R70-aware),2.8000,53329.3605,1493.2221,spend25p,1494.8511,1456.7737,1422.5792,1385.4708,1351.4512,1317.3288,1283.8175,1246.2319,1212.3899,1177.2984,849.9970,814.6848,779.9072,751.8288,724.7443,706.2499,687.4483,673.1977,663.7248,659.0036,657.2693,657.6232,657.6531,654.1291,654.7396,649.9709,644.9707,639.6413,636.1819,627.6416,614.9001,606.4867,595.9567,575.0004,563.5903
70,3.0000,SpendAwareDPRebalance (R70-aware),2.8000,53329.3605,1493.2221,spend50p,1504.9851,1485.8942,1470.4044,1457.1151,1449.2746,1440.5638,1425.9491,1413.1253,1393.5805,1374.0683,1032.9717,1002.3973,980.0372,964.8734,946.1379,935.7510,929.0337,924.9935,931.6965,941.2447,945.3833,951.9586,955.7557,958.2040,965.4753,971.2753,968.9985,968.0781,961.1613,965.4609,970.1212,971.7973,971.1906,959.9748,953.1605
70,3.0000,SpendAwareDPRebalance (R70-aware),2.8000,53329.3605,1493.2221,spend75p,1515.1680,1516.9465,1525.0372,1534.3361,1547.0618,1563.2844,1582.2605,1598.4503,1602.0038,1609.3165,1236.3436,1229.7981,1221.7373,1210.6798,1214.2771,1217.3135,1219.5962,1238.3997,1249.5155,1272.1486,1293.9857,1322.2396,1359.8142,1387.3987,1424.1702,1461.1999,1477.0745,1494.1600,1505.1129,1533.0558,1533.3025,1530.5114,1533.9126,1545.3036,1551.3601
70,3.0000,SpendAwareDPRebalance (R70-aware),3.0000,49774.0698,1493.2221,survival,1.0000,1.0000,1.0000,1.0000,1.0000,1.0000,1.0000,1.0000,1.0000,1.0000,1.0000,1.0000,1.0000,1.0000,1.0000,1.0000,1.0000,1.0000,1.0000,1.0000,1.0000,1.0000,1.0000,0.9985,0.9985,0.9985,0.9970,0.9965,0.9955,0.9955,0.9925,0.9915,0.9905,0.9900,0.9890
70,3.0000,SpendAwareDPRebalance (R70-aware),3.0000,49774.0698,1493.2221,spend25p,1494.8511,1456.7737,1422.5792,1385.4708,1351.4512,1317.3288,1283.8175,1246.2319,1212.3899,1177.2984,849.9970,814.6848,779.9072,751.8288,724.7443,706.2499,687.4483,673.1977,663.7248,659.0036,657.2693,657.6232,657.6531,651.9791,653.3438,649.3035,643.3686,637.9250,633.5062,625.8755,608.9350,602.0917,592.7726,572.4825,560.6965
70,3.0000,SpendAwareDPRebalance (R70-aware),3.0000,49774.0698,1493.2221,spend50p,1504.9851,1485.8942,1470.4044,1457.1151,1449.2746,1440.5638,1425.9491,1413.1253,1393.5805,1374.0683,1032.9717,1002.3973,980.0372,964.8734,946.1379,935.7510,929.0337,924.9935,931.6965,941.2447,945.3833,951.9586,955.7557,954.8656,963.8324,971.1191,966.8091,965.3113,959.4727,963.6293,963.8008,963.2436,970.1504,957.4865,949.6938
70,3.0000,SpendAwareDPRebalance (R70-aware),3.0000,49774.0698,1493.2221,spend75p,1515.1680,1516.9465,1525.0372,1534.3361,1547.0618,1563.2844,1582.2605,1598.4503,1602.0038,1609.3165,1236.3436,1229.7981,1221.7373,1210.6798,1214.2771,1217.3135,1219.5962,1238.3997,1249.5155,1272.1486,1293.9857,1322.2396,1359.8142,1385.6964,1418.1626,1459.9106,1473.0397,1489.2550,1497.5727,1529.1890,1522.6457,1523.2374,1530.1991,1541.4346,1546.3559
70,3.0000,SpendAwareDPRebalance (R70-aware),3.3300,44841.5043,1493.2221,survival,1.0000,1.0000,1.0000,1.0000,1.0000,1.0000,1.0000,1.0000,1.0000,1.0000,1.0000,1.0000,1.0000,1.0000,1.0000,1.0000,1.0000,1.0000,1.0000,0.9995,0.9995,0.9980,0.9970,0.9970,0.9960,0.9940,0.9925,0.9920,0.9915,0.9885,0.9845,0.9830,0.9800,0.9780,0.9750
70,3.0000,SpendAwareDPRebalance (R70-aware),3.3300,44841.5043,1493.2221,spend25p,1494.8511,1456.7737,1422.5792,1385.4708,1351.4512,1317.3288,1283.8175,1246.2319,1212.3899,1177.2984,849.9970,814.6848,779.9072,751.8288,724.7443,706.2499,687.4483,673.1977,663.7248,658.6879,655.9771,654.6446,654.0063,650.1255,651.9498,645.5032,641.0357,631.2956,627.8639,613.3251,599.9775,590.2672,574.6889,560.6045,539.7138
70,3.0000,SpendAwareDPRebalance (R70-aware),3.3300,44841.5043,1493.2221,spend50p,1504.9851,1485.8942,1470.4044,1457.1151,1449.2746,1440.5638,1425.9491,1413.1253,1393.5805,1374.0683,1032.9717,1002.3973,980.0372,964.8734,946.1379,935.7510,929.0337,924.9935,931.6965,940.7152,945.1562,949.1855,951.1133,953.4063,960.9295,965.9255,962.1414,960.3315,951.7380,944.2223,949.7053,951.6315,944.3718,939.3941,929.4844
70,3.0000,SpendAwareDPRebalance (R70-aware),3.3300,44841.5043,1493.2221,spend75p,1515.1680,1516.9465,1525.0372,1534.3361,1547.0618,1563.2844,1582.2605,1598.4503,1602.0038,1609.3165,1236.3436,1229.7981,1221.7373,1210.6798,1214.2771,1217.3135,1219.5962,1238.3997,1249.5155,1271.3461,1292.1105,1319.5831,1350.7886,1384.2128,1415.1032,1451.5007,1461.5279,1474.9891,1491.5640,1509.1639,1499.7423,1498.9326,1508.9047,1507.0138,1509.2239
70,3.0000,SpendAwareDPRebalance (R70-aware),3.6600,40798.4178,1493.2221,survival,1.0000,1.0000,1.0000,1.0000,1.0000,1.0000,1.0000,1.0000,1.0000,1.0000,1.0000,1.0000,1.0000,1.0000,1.0000,1.0000,0.9995,0.9995,0.9985,0.9980,0.9970,0.9955,0.9950,0.9930,0.9915,0.9885,0.9860,0.9845,0.9810,0.9775,0.9750,0.9730,0.9705,0.9670,0.9625
70,3.0000,SpendAwareDPRebalance (R70-aware),3.6600,40798.4178,1493.2221,spend25p,1494.8511,1456.7737,1422.5792,1385.4708,1351.4512,1317.3288,1283.8175,1246.2319,1212.3899,1177.2984,849.9970,814.6848,779.9072,751.8288,724.7443,706.2499,686.7207,672.7161,661.8859,656.4964,654.0011,651.6418,653.0823,643.6285,641.4910,638.9407,633.0402,625.1597,616.6778,599.7264,589.1669,574.9738,557.9124,541.9044,519.0637
70,3.0000,SpendAwareDPRebalance (R70-aware),3.6600,40798.4178,1493.2221,spend50p,1504.9851,1485.8942,1470.4044,1457.1151,1449.2746,1440.5638,1425.9491,1413.1253,1393.5805,1374.0683,1032.9717,1002.3973,980.0372,964.8734,946.1379,935.7510,929.0062,924.9056,928.5829,939.2955,941.2777,943.9665,947.4890,948.3063,953.7056,954.2073,953.8646,948.0295,937.8451,930.5602,938.8363,936.6964,928.4293,919.6721,906.3755
70,3.0000,SpendAwareDPRebalance (R70-aware),3.6600,40798.4178,1493.2221,spend75p,1515.1680,1516.9465,1525.0372,1534.3361,1547.0618,1563.2844,1582.2605,1598.4503,1602.0038,1609.3165,1236.3436,1229.7981,1221.7373,1210.6798,1214.2771,1217.3135,1217.5976,1237.9309,1248.4201,1269.0383,1288.7659,1317.0739,1347.6959,1376.2420,1410.9538,1436.2793,1450.7351,1457.0323,1465.7437,1483.8965,1484.7506,1482.5450,1489.3278,1480.9371,1462.0730
70,3.0000,SpendAwareDPRebalance (R70-aware),4.0000,37330.5523,1493.2221,survival,1.0000,1.0000,1.0000,1.0000,1.0000,1.0000,1.0000,1.0000,1.0000,1.0000,1.0000,1.0000,1.0000,0.9985,0.9985,0.9985,0.9975,0.9975,0.9950,0.9935,0.9930,0.9900,0.9870,0.9855,0.9810,0.9785,0.9750,0.9710,0.9670,0.9625,0.9585,0.9535,0.9485,0.9440,0.9355
70,3.0000,SpendAwareDPRebalance (R70-aware),4.0000,37330.5523,1493.2221,spend25p,1494.8511,1456.7737,1422.5792,1385.4708,1351.4512,1317.3288,1283.8175,1246.2319,1212.3899,1177.2984,849.9970,814.6848,779.9072,750.4120,723.7313,705.0069,685.2580,669.5044,657.2793,653.4610,648.9441,643.8196,641.2562,632.7657,629.7258,622.2405,615.5989,610.3178,591.8987,581.5911,567.4984,544.0623,523.5167,505.5690,483.5716
70,3.0000,SpendAwareDPRebalance (R70-aware),4.0000,37330.5523,1493.2221,spend50p,1504.9851,1485.8942,1470.4044,1457.1151,1449.2746,1440.5638,1425.9491,1413.1253,1393.5805,1374.0683,1032.9717,1002.3973,980.0372,964.0924,945.5268,933.3903,926.9518,923.8990,923.6591,934.7811,935.8778,937.7725,935.0319,940.3891,935.7444,941.0771,939.4226,927.5753,921.9511,915.5497,914.1521,901.6830,896.6680,880.6045,859.1710
70,3.0000,SpendAwareDPRebalance (R70-aware),4.0000,37330.5523,1493.2221,spend75p,1515.1680,1516.9465,1525.0372,1534.3361,1547.0618,1563.2844,1582.2605,1598.4503,1602.0038,1609.3165,1236.3436,1229.7981,1221.7373,1210.0307,1210.2519,1213.3310,1214.5310,1231.7845,1243.8423,1262.7619,1277.8274,1310.2946,1334.7164,1363.8159,1383.4370,1409.5718,1430.2957,1437.2060,1445.2451,1444.0810,1449.6826,1433.6774,1420.8720,1419.2756,1386.2544
70,3.0000,SpendAwareDPRebalance (R70-aware),4.3300,34485.4987,1493.2221,survival,1.0000,1.0000,1.0000,1.0000,1.0000,1.0000,1.0000,1.0000,1.0000,0.9995,0.9990,0.9985,0.9980,0.9980,0.9965,0.9955,0.9945,0.9905,0.9890,0.9860,0.9820,0.9785,0.9750,0.9700,0.9670,0.9625,0.9570,0.9515,0.9460,0.9410,0.9335,0.9280,0.9185,0.9090,0.9030
70,3.0000,SpendAwareDPRebalance (R70-aware),4.3300,34485.4987,1493.2221,spend25p,1494.8511,1456.7737,1422.5792,1385.4708,1351.4512,1317.3288,1283.8175,1246.2319,1212.3899,1176.8633,849.3501,813.2066,778.7527,749.5358,721.9584,700.6807,680.2396,663.0226,648.9186,645.6967,638.6225,629.9743,621.2591,614.1625,611.9249,600.6071,588.9603,575.0789,561.6404,542.1364,522.0724,503.6619,485.4490,459.7799,436.1358
70,3.0000,SpendAwareDPRebalance (R70-aware),4.3300,34485.4987,1493.2221,spend50p,1504.9851,1485.8942,1470.4044,1457.1151,1449.2746,1440.5638,1425.9491,1413.1253,1393.5805,1373.8610,1032.1366,1001.3691,978.8674,963.9989,943.1845,929.7634,926.2921,918.6181,918.8045,926.9446,925.1743,921.6527,920.2539,920.2396,917.6364,919.3920,910.1985,904.5760,894.2550,888.3984,870.3759,867.7961,842.7016,814.1077,790.0952
70,3.0000,SpendAwareDPRebalance (R70-aware),4.3300,34485.4987,1493.2221,spend75p,1515.1680,1516.9465,1525.0372,1534.3361,1547.0618,1563.2844,1582.2605,1598.4503,1602.0038,1609.3165,1235.6919,1226.4169,1221.0851,1210.0307,1207.6250,1208.4513,1212.7010,1224.9484,1235.5679,1244.5839,1263.1005,1290.9918,1323.3484,1342.7750,1364.9490,1384.2599,1403.7828,1409.1139,1419.8453,1413.1983,1401.6667,1384.6605,1354.7902,1327.1023,1313.6704
70,3.0000,SpendAwareDPRebalance (R70-aware),4.6600,32043.3926,1493.2221,survival,1.0000,1.0000,1.0000,1.0000,1.0000,1.0000,1.0000,1.0000,0.9995,0.9985,0.9980,0.9975,0.9960,0.9950,0.9925,0.9895,0.9855,0.9805,0.9765,0.9720,0.9670,0.9625,0.9525,0.9495,0.9435,0.9380,0.9310,0.9245,0.9185,0.9115,0.9020,0.8915,0.8815,0.8715,0.8605
70,3.0000,SpendAwareDPRebalance (R70-aware),4.6600,32043.3926,1493.2221,spend25p,1494.8511,1456.7737,1422.5792,1385.4708,1351.4512,1317.3288,1283.8175,1246.2319,1211.8429,1176.0174,848.8090,812.2806,777.0703,746.9989,719.9695,694.8772,674.5994,654.4054,638.4060,628.7800,620.4496,610.6363,599.0749,594.7882,580.7026,572.3872,558.7063,542.9680,519.2145,503.0081,480.7820,457.3646,430.7815,401.4954,374.1700
70,3.0000,SpendAwareDPRebalance (R70-aware),4.6600,32043.3926,1493.2221,spend50p,1504.9851,1485.8942,1470.4044,1457.1151,1449.2746,1440.5638,1425.9491,1413.1253,1393.4502,1372.8609,1031.3422,1001.1182,977.7095,963.2943,940.8169,926.4544,918.5293,911.6597,907.2115,911.7676,910.4915,908.1578,898.2177,892.4450,894.3042,891.0041,883.1386,873.5280,864.5985,852.8133,835.6522,815.5537,791.5587,756.6054,732.9991
70,3.0000,SpendAwareDPRebalance (R70-aware),4.6600,32043.3926,1493.2221,spend75p,1515.1680,1516.9465,1525.0372,1534.3361,1547.0618,1563.2844,1582.2605,1598.4503,1602.0038,1608.2626,1234.4947,1224.9695,1220.2018,1206.3606,1203.7240,1203.6436,1205.3775,1211.8814,1223.5640,1224.2725,1249.4654,1279.8001,1292.1900,1322.8560,1339.5557,1357.2481,1357.2823,1361.4925,1376.7514,1351.2712,1336.0930,1311.5459,1279.5485,1253.3387,1212.2443
70,3.0000,SpendAwareDPRebalance (R70-aware),5.0000,29864.4419,1493.2221,survival,1.0000,1.0000,1.0000,1.0000,1.0000,1.0000,1.0000,1.0000,0.9990,0.9970,0.9965,0.9950,0.9910,0.9885,0.9830,0.9755,0.9685,0.9615,0.9550,0.9500,0.9460,0.9375,0.9305,0.9255,0.9190,0.9105,0.8975,0.8895,0.8810,0.8710,0.8600,0.8510,0.8430,0.8320,0.8190
70,3.0000,SpendAwareDPRebalance (R70-aware),5.0000,29864.4419,1493.2221,spend25p,1494.8511,1456.7737,1422.5792,1385.4708,1351.4512,1317.3288,1283.8175,1246.2319,1211.2171,1174.3542,848.3147,810.2304,773.9769,740.1073,715.7396,680.9211,657.5640,634.5112,619.2558,606.5009,592.1588,582.8880,573.7563,564.0578,546.6927,531.4168,504.4821,490.5791,471.8845,448.5307,412.3190,392.0618,368.6120,338.1105,296.7790
70,3.0000,SpendAwareDPRebalance (R70-aware),5.0000,29864.4419,1493.2221,spend50p,1504.9851,1485.8942,1470.4044,1457.1151,1449.2746,1440.5638,1425.9491,1413.1253,1393.2874,1371.5338,1031.0619,1000.3082,975.4079,959.5881,934.0390,913.3664,905.2529,897.9061,889.9566,890.9941,894.2076,879.7904,880.7766,870.8716,867.8026,856.0154,844.4805,840.3893,829.5547,809.9447,787.3692,762.1008,731.7231,709.3974,677.1219
70,3.0000,SpendAwareDPRebalance (R70-aware),5.0000,29864.4419,1493.2221,spend75p,1515.1680,1516.9465,1525.0372,1534.3361,1547.0618,1563.2844,1582.2605,1598.4503,1600.4613,1605.1731,1232.3085,1221.2511,1215.3868,1200.5744,1198.1618,1195.4931,1192.7086,1198.4283,1201.3926,1213.8576,1227.0838,1250.4192,1268.5720,1299.6564,1312.4982,1307.1116,1299.5761,1319.2315,1304.6692,1295.1617,1275.3666,1255.1574,1236.9671,1190.8327,1165.8657
70,3.0000,SpendAwareDPRebalance (R70-aware),5.5000,27149.4926,1493.2221,survival,1.0000,1.0000,1.0000,1.0000,1.0000,1.0000,1.0000,0.9990,0.9965,0.9955,0.9915,0.9810,0.9730,0.9685,0.9575,0.9485,0.9395,0.9325,0.9250,0.9195,0.9080,0.8985,0.8865,0.8785,0.8670,0.8570,0.8445,0.8325,0.8215,0.8105,0.7995,0.7895,0.7790,0.7680,0.7560
70,3.0000,SpendAwareDPRebalance (R70-aware),5.5000,27149.4926,1493.2221,spend25p,1494.8511,1456.7737,1422.5792,1385.4708,1351.4512,1317.3288,1283.8175,1245.4031,1208.5157,1173.2255,845.3255,797.7319,759.0826,724.8757,687.3913,656.0809,629.5377,611.0869,591.0988,569.8504,553.7554,533.1897,513.0886,497.9996,471.8423,455.1826,425.8467,392.8926,365.5624,336.7541,299.3966,261.8074,216.1047,161.6157,80.4767
70,3.0000,SpendAwareDPRebalance (R70-aware),5.5000,27149.4926,1493.2221,spend50p,1504.9851,1485.8942,1470.4044,1457.1151,1449.2746,1440.5638,1425.9491,1412.6181,1391.9500,1371.0447,1028.6573,994.0495,964.7576,943.0787,914.4365,893.2178,888.5414,874.9449,868.0347,861.0521,848.2304,842.9939,835.8371,833.0927,815.8427,809.3488,792.5020,773.3372,752.3525,734.4432,704.7552,681.7066,656.0996,628.0941,594.5581
70,3.0000,SpendAwareDPRebalance (R70-aware),5.5000,27149.4926,1493.2221,spend75p,1515.1680,1516.9465,1525.0372,1534.3361,1547.0618,1563.2844,1582.2605,1597.8890,1597.9671,1604.0718,1228.9279,1212.2539,1199.7278,1190.6657,1181.6529,1174.9952,1167.7889,1168.8370,1179.7166,1183.7087,1191.8316,1205.3330,1213.3885,1235.6019,1240.8666,1236.5844,1231.6957,1206.6614,1196.6974,1177.5773,1145.2000,1127.8399,1104.9387,1085.1074,1058.7402
70,3.0000,SpendAwareDPRebalance (R70-aware),6.0000,24887.0349,1493.2221,survival,1.0000,1.0000,1.0000,1.0000,1.0000,1.0000,0.9995,0.9985,0.9950,0.9875,0.9730,0.9650,0.9545,0.9365,0.9285,0.9180,0.9040,0.8910,0.8765,0.8690,0.8545,0.8400,0.8275,0.8165,0.8000,0.7895,0.7740,0.7625,0.7525,0.7410,0.7310,0.7225,0.7125,0.6990,0.6900
70,3.0000,SpendAwareDPRebalance (R70-aware),6.0000,24887.0349,1493.2221,spend25p,1494.8511,1456.7737,1422.5792,1385.4708,1351.4512,1317.3288,1283.5981,1245.0195,1207.6620,1166.0791,832.8396,786.6778,740.4272,694.1123,658.5515,623.8308,585.8870,558.2454,528.4374,507.2488,482.9359,448.4594,426.9797,405.7711,357.5921,322.6749,261.2491,214.2513,104.9142,0.0000,0.0000,0.0000,0.0000,0.0000,0.0000
70,3.0000,SpendAwareDPRebalance (R70-aware),6.0000,24887.0349,1493.2221,spend50p,1504.9851,1485.8942,1470.4044,1457.1151,1449.2746,1440.5638,1425.7664,1412.2154,1391.5514,1367.8887,1018.5873,986.5549,950.5694,916.0989,893.6728,871.8085,854.6090,842.1011,822.9670,813.0673,802.7369,788.6593,772.5124,758.7557,743.7349,727.3260,696.7991,680.5716,660.6578,638.2170,610.4151,593.7362,562.1613,530.4744,503.0452
70,3.0000,SpendAwareDPRebalance (R70-aware),6.0000,24887.0349,1493.2221,spend75p,1515.1680,1516.9465,1525.0372,1534.3361,1547.0618,1563.2844,1582.2605,1597.5393,1597.9671,1597.3667,1217.9628,1201.0130,1181.6504,1166.5246,1156.2595,1146.7204,1142.9323,1138.5261,1133.5559,1144.4692,1141.6147,1140.0160,1150.0192,1161.6180,1146.9327,1134.2215,1104.1434,1100.0844,1084.5980,1067.9274,1043.3518,1026.1837,1006.6282,974.7982,954.1086
70,3.0000,SpendAwareDPRebalance (R70-aware),7.0000,21331.7442,1493.2221,survival,1.0000,1.0000,1.0000,1.0000,1.0000,0.9995,0.9980,0.9925,0.9750,0.9550,0.9315,0.9085,0.8900,0.8605,0.8375,0.8175,0.7995,0.7810,0.7620,0.7395,0.7250,0.7040,0.6865,0.6745,0.6620,0.6475,0.6320,0.6220,0.6115,0.6015,0.5890,0.5810,0.5695,0.5570,0.5475
70,3.0000,SpendAwareDPRebalance (R70-aware),7.0000,21331.7442,1493.2221,spend25p,1494.8511,1456.7737,1422.5792,1385.4708,1351.4512,1316.7920,1282.8383,1242.5518,1192.9105,1137.1824,800.9093,737.0766,679.7811,615.9297,557.4430,503.9777,464.6715,396.8652,313.2020,0.0000,0.0000,0.0000,0.0000,0.0000,0.0000,0.0000,0.0000,0.0000,0.0000,0.0000,0.0000,0.0000,0.0000,0.0000,0.0000
70,3.0000,SpendAwareDPRebalance (R70-aware),7.0000,21331.7442,1493.2221,spend50p,1504.9851,1485.8942,1470.4044,1457.1151,1449.2746,1440.4212,1425.5985,1407.4626,1381.0433,1347.6867,996.2121,953.4320,911.8187,865.3489,834.9768,801.5880,774.5274,743.6753,713.6151,681.8301,659.4884,626.5705,603.1758,589.3584,563.9650,543.6584,508.3449,485.3353,464.3424,436.4959,401.3979,378.6159,347.2232,296.5991,260.5840
70,3.0000,SpendAwareDPRebalance (R70-aware),7.0000,21331.7442,1493.2221,spend75p,1515.1680,1516.9465,1525.0372,1534.3361,1547.0618,1563.2844,1580.8792,1592.4435,1583.9846,1575.5061,1192.5819,1163.7441,1144.5908,1116.7573,1093.6404,1074.8645,1060.4805,1048.3963,1047.8267,1037.8508,1040.5460,1023.3687,1002.3407,1002.4989,992.9696,973.5058,947.2075,921.7174,905.3530,888.3032,865.3934,849.8074,820.5593,786.0514,751.2354
70,3.0000,SpendAwareDPRebalance (R70-aware),8.0000,18665.2762,1493.2221,survival,1.0000,1.0000,1.0000,1.0000,1.0000,0.9985,0.9940,0.9760,0.9435,0.9100,0.8740,0.8355,0.8005,0.7655,0.7335,0.7010,0.6720,0.6495,0.6200,0.6050,0.5880,0.5685,0.5495,0.5355,0.5230,0.5080,0.4945,0.4810,0.4750,0.4660,0.4585,0.4475,0.4385,0.4285,0.4170
70,3.0000,SpendAwareDPRebalance (R70-aware),8.0000,18665.2762,1493.2221,spend25p,1494.8511,1456.7737,1422.5792,1385.4708,1351.4512,1316.6561,1279.7391,1229.7256,1170.9019,1096.1912,744.1629,655.7651,569.4196,458.0650,0.0000,0.0000,0.0000,0.0000,0.0000,0.0000,0.0000,0.0000,0.0000,0.0000,0.0000,0.0000,0.0000,0.0000,0.0000,0.0000,0.0000,0.0000,0.0000,0.0000,0.0000
70,3.0000,SpendAwareDPRebalance (R70-aware),8.0000,18665.2762,1493.2221,spend50p,1504.9851,1485.8942,1470.4044,1457.1151,1449.2746,1440.0815,1424.3922,1397.5099,1360.8146,1321.7988,965.7631,902.6567,849.8774,792.8161,741.3954,687.0354,642.4974,605.5327,540.2990,510.1113,477.3350,434.5634,390.4337,343.4210,298.8829,209.2620,0.0000,0.0000,0.0000,0.0000,0.0000,0.0000,0.0000,0.0000,0.0000
70,3.0000,SpendAwareDPRebalance (R70-aware),8.0000,18665.2762,1493.2221,spend75p,1515.1680,1516.9465,1525.0372,1534.3361,1547.0618,1563.1685,1578.8140,1581.3834,1566.3830,1554.7376,1165.1960,1131.2146,1097.7073,1063.2582,1022.0381,992.1502,969.6166,947.2793,918.6932,900.8006,892.0803,862.4463,844.9401,835.1802,823.3938,800.9536,783.6922,761.2569,747.1815,716.6025,689.6550,659.9277,624.4079,597.2807,561.5223
