pension_start_age,spend_multiplier,strategy,spending_rule,initial_money,initial_annual_cost,value_type,1,2,3,4,5,6,7,8,9,10,11,12,13,14,15,16,17,18,19,20,21,22,23,24,25,26,27,28,29,30,31,32,33,34,35,36,37,38,39,40,41,42,43,44,45,46,47,48,49,50,51,52,53,54,55
60,0.5000,DynamicV1Rebalance,2.5000,10015.7818,250.3945,survival,1.0000,1.0000,1.0000,1.0000,1.0000,1.0000,1.0000,1.0000,1.0000,1.0000,0.9998,0.9992,0.9984,0.9970,0.9954,0.9934,0.9896,0.9848,0.9802,0.9748,0.9710,0.9688,0.9656,0.9618,0.9578,0.9556,0.9522,0.9500,0.9466,0.9436,0.9420,0.9394,0.9380,0.9364,0.9348,0.9338,0.9320,0.9316,0.9294,0.9284,0.9280,0.9268,0.9262,0.9258,0.9246,0.9242,0.9236,0.9234,0.9228,0.9224,0.9222,0.9214,0.9214,0.9206,0.9204
60,0.5000,DynamicV1Rebalance,2.5000,10015.7818,250.3945,spend25p,250.5612,254.6776,258.4794,262.4005,266.1417,270.1910,274.2865,278.2853,281.9387,285.0475,287.4654,289.3545,290.1911,291.6999,291.4651,288.9867,286.2077,280.8524,275.4325,269.1136,107.8984,100.8994,93.9013,86.5603,79.0129,70.7939,62.6969,55.0142,46.4583,37.3495,29.1329,20.0422,11.5629,3.2891,0.0000,-0.6978,-7.0990,-13.0080,-18.2994,-23.2711,-28.2879,-33.4404,-38.9490,-44.3047,-49.7735,-56.1804,-62.9354,-69.7207,-76.7544,-84.1339,-91.9672,-100.4205,-109.9904,-119.6925,-130.3503
60,0.5000,DynamicV1Rebalance,2.5000,10015.7818,250.3945,spend50p,252.3224,259.9609,267.9076,276.5176,285.9560,295.2294,304.8950,314.8998,324.8859,334.5659,343.3920,351.4027,358.4693,364.6492,368.4509,370.5614,370.1949,366.0399,363.2525,360.2531,164.6797,157.9261,151.1296,143.8513,136.8635,130.5494,122.1165,113.9193,103.4883,92.8707,82.2879,71.0312,60.2833,50.4780,41.4181,33.6733,26.2142,18.9858,13.5042,7.5292,2.0233,0.0000,0.0000,0.0000,-5.9005,-13.7543,-21.2604,-30.1591,-39.3843,-49.2245,-59.7619,-71.5400,-83.4558,-94.4477,-105.4520
60,0.5000,DynamicV1Rebalance,2.5000,10015.7818,250.3945,spend75p,254.1147,265.3381,278.1755,291.7642,306.2240,322.7704,339.3557,355.7215,373.4309,390.8706,407.2078,423.3252,438.5134,451.4929,463.9206,471.7919,477.6543,483.9796,485.8378,487.9494,244.4316,237.7890,230.7712,223.5521,217.8841,210.8401,203.4478,194.8945,184.0977,171.8511,160.2974,146.2515,132.8434,120.6634,110.6456,100.9264,92.8673,86.2701,79.0162,73.1232,67.1182,61.7313,56.9959,51.9890,45.1456,38.6177,29.1929,19.6772,8.1464,0.0000,0.0000,0.0000,-10.9211,-27.9746,-45.4631
60,0.5000,DynamicV1Rebalance,2.8000,8942.6624,250.3945,survival,1.0000,1.0000,1.0000,1.0000,1.0000,1.0000,1.0000,1.0000,1.0000,0.9998,0.9990,0.9980,0.9960,0.9936,0.9894,0.9840,0.9760,0.9690,0.9590,0.9496,0.9432,0.9378,0.9320,0.9272,0.9214,0.9166,0.9124,0.9096,0.9078,0.9040,0.9016,0.8982,0.8950,0.8926,0.8908,0.8892,0.8876,0.8854,0.8840,0.8828,0.8814,0.8802,0.8796,0.8788,0.8774,0.8766,0.8760,0.8756,0.8754,0.8750,0.8748,0.8742,0.8742,0.8740,0.8738
60,0.5000,DynamicV1Rebalance,2.8000,8942.6624,250.3945,spend25p,250.5612,254.6776,258.4794,262.4005,266.1417,270.1910,274.2865,278.2853,281.9387,285.0259,287.2218,288.9490,289.1429,290.6337,289.9740,286.3625,281.7674,276.0407,268.4255,260.9928,101.6807,93.6792,85.3030,76.5607,68.5198,60.7708,53.3157,44.6791,37.1197,28.7976,20.0116,11.0574,2.2579,0.0000,0.0000,0.0000,-6.6224,-12.3453,-17.7676,-22.8270,-27.6053,-32.9320,-38.6116,-43.8373,-49.2977,-55.6086,-62.3064,-69.1152,-76.1969,-83.5196,-91.2795,-99.6692,-109.1172,-118.5725,-129.4567
60,0.5000,DynamicV1Rebalance,2.8000,8942.6624,250.3945,spend50p,252.3224,259.9609,267.9076,276.5176,285.9560,295.2294,304.8950,314.8998,324.8859,334.5570,343.1984,350.7782,357.8798,363.7111,366.9030,368.1595,365.4970,361.0954,356.3264,351.0323,158.8795,151.5577,144.0375,136.0930,129.1783,120.5424,113.2327,104.5861,95.6724,84.8962,74.7611,63.5359,53.0314,43.0134,33.9262,25.8664,18.0687,11.4430,5.6343,0.1266,0.0000,0.0000,0.0000,0.0000,-3.3547,-10.8561,-18.4486,-27.1956,-36.4126,-46.0286,-57.2375,-69.1263,-80.7592,-92.1921,-103.5047
60,0.5000,DynamicV1Rebalance,2.8000,8942.6624,250.3945,spend75p,254.1147,265.3381,278.1755,291.7642,306.2240,322.7704,339.3557,355.7215,373.4309,390.8618,406.9881,422.9313,437.9234,450.4056,461.6618,469.7237,473.6518,477.3758,477.0988,477.6451,237.7077,230.5010,222.0092,215.2181,208.4425,201.4186,193.0373,185.3981,174.6431,162.0293,149.0517,135.2838,122.2684,111.2710,100.6475,90.3874,82.7129,76.5651,70.5691,63.7617,57.3475,52.8216,48.3146,42.4646,35.1077,27.8061,18.3201,9.0805,0.0000,0.0000,0.0000,0.0000,0.0000,-10.9658,-28.7007
60,0.5000,DynamicV1Rebalance,3.0000,8346.4849,250.3945,survival,1.0000,1.0000,1.0000,1.0000,1.0000,1.0000,1.0000,1.0000,1.0000,0.9996,0.9980,0.9968,0.9938,0.9894,0.9834,0.9728,0.9638,0.9526,0.9416,0.9286,0.9218,0.9136,0.9074,0.9020,0.8964,0.8926,0.8874,0.8816,0.8776,0.8748,0.8706,0.8676,0.8650,0.8626,0.8604,0.8586,0.8572,0.8558,0.8544,0.8536,0.8528,0.8518,0.8508,0.8492,0.8484,0.8480,0.8472,0.8468,0.8466,0.8458,0.8456,0.8456,0.8452,0.8450,0.8450
60,0.5000,DynamicV1Rebalance,3.0000,8346.4849,250.3945,spend25p,250.5612,254.6776,258.4794,262.4005,266.1417,270.1910,274.2865,278.2853,281.9387,284.9820,287.0417,288.5387,288.7525,288.5206,287.7911,283.5320,278.2015,269.5133,261.0266,251.2858,96.4586,86.5245,78.1515,69.6436,61.8257,54.4183,46.4757,38.0926,29.6436,21.0348,12.0368,3.8245,0.0000,0.0000,0.0000,0.0000,-5.9244,-11.9054,-17.1179,-22.3915,-27.2158,-32.1170,-37.6585,-43.1612,-48.6964,-55.1755,-61.6697,-68.8285,-75.7687,-83.0953,-90.8330,-99.2235,-108.5206,-118.2521,-128.8192
60,0.5000,DynamicV1Rebalance,3.0000,8346.4849,250.3945,spend50p,252.3224,259.9609,267.9076,276.5176,285.9560,295.2294,304.8950,314.8998,324.8859,334.4963,342.9863,350.7189,357.3426,362.4868,365.9095,365.3415,362.3251,356.2760,351.3810,344.7118,155.1316,146.0067,138.6782,131.3633,123.9047,115.7627,108.0152,99.3072,89.3995,79.7399,69.1914,58.8706,48.1024,37.8963,28.5416,20.7691,13.6439,7.3296,1.3206,0.0000,0.0000,0.0000,0.0000,0.0000,-1.2938,-8.4039,-16.1327,-24.6974,-33.7794,-44.0909,-54.9609,-67.0303,-78.6654,-90.2278,-102.2696
60,0.5000,DynamicV1Rebalance,3.0000,8346.4849,250.3945,spend75p,254.1147,265.3381,278.1755,291.7642,306.2240,322.7704,339.3557,355.7215,373.4309,390.8449,406.7834,422.8458,437.5212,449.3969,460.0297,466.2913,470.8571,470.3743,470.4814,468.6160,230.9975,222.7358,215.9895,210.2194,201.4271,195.9800,188.0909,177.7033,166.2493,154.8022,141.6010,128.3464,116.3533,104.6196,93.8221,84.6065,76.4219,69.7907,64.0953,58.5875,53.5858,48.2029,42.1812,35.4640,28.3389,21.3270,13.3110,4.2598,0.0000,0.0000,0.0000,0.0000,0.0000,0.0000,-12.0074
60,0.5000,DynamicV1Rebalance,3.3300,7519.3557,250.3945,survival,1.0000,1.0000,1.0000,1.0000,1.0000,1.0000,1.0000,1.0000,0.9998,0.9984,0.9970,0.9930,0.9876,0.9800,0.9656,0.9538,0.9390,0.9232,0.9066,0.8874,0.8802,0.8694,0.8616,0.8542,0.8470,0.8410,0.8352,0.8298,0.8246,0.8216,0.8174,0.8130,0.8100,0.8066,0.8032,0.8010,0.7992,0.7976,0.7964,0.7950,0.7946,0.7932,0.7918,0.7906,0.7898,0.7892,0.7886,0.7882,0.7880,0.7876,0.7872,0.7868,0.7866,0.7864,0.7862
60,0.5000,DynamicV1Rebalance,3.3300,7519.3557,250.3945,spend25p,250.5612,254.6776,258.4794,262.4005,266.1417,270.1910,274.2865,278.2853,281.8726,284.7647,286.8812,287.9108,287.4863,286.0666,282.0217,277.3780,269.1045,258.2677,246.8484,232.7526,83.1027,73.3742,63.5224,55.5860,46.7297,38.2916,30.3731,21.6837,14.0980,6.4891,0.0000,0.0000,0.0000,0.0000,0.0000,0.0000,-4.4509,-10.4679,-15.9345,-20.9622,-26.1305,-30.9595,-36.0181,-41.6640,-47.5934,-54.0875,-60.6130,-67.8055,-74.8822,-82.0964,-89.9478,-98.2328,-107.4656,-117.2592,-127.8726
60,0.5000,DynamicV1Rebalance,3.3300,7519.3557,250.3945,spend50p,252.3224,259.9609,267.9076,276.5176,285.9560,295.2294,304.8950,314.8998,324.7905,334.3032,342.8062,349.8535,356.1968,359.7620,361.0973,359.0631,354.9019,348.9882,340.8283,332.7092,147.1368,137.6817,129.4984,121.6508,114.0259,106.4208,98.6630,89.5174,80.2783,70.4335,59.4758,47.8873,37.7184,28.0654,19.1737,11.7263,4.5977,0.0000,0.0000,0.0000,0.0000,0.0000,0.0000,0.0000,0.0000,-1.5952,-8.7574,-17.4621,-27.9363,-38.2306,-50.0125,-61.6626,-73.8226,-86.4335,-98.4128
60,0.5000,DynamicV1Rebalance,3.3300,7519.3557,250.3945,spend75p,254.1147,265.3381,278.1755,291.7642,306.2240,322.7704,339.3557,355.7215,373.3816,390.3845,406.6716,421.7595,435.0542,447.7275,455.3620,459.5195,461.6643,461.3217,459.1655,452.9523,221.1220,213.3458,206.7456,197.7814,190.9652,182.9228,174.1347,164.6279,153.2948,142.5287,130.7887,118.9325,105.7347,94.0161,82.6275,72.6763,64.5733,58.4033,52.7572,48.3222,42.8454,36.7737,31.3560,24.6235,18.6187,11.2447,2.9792,0.0000,0.0000,0.0000,0.0000,0.0000,0.0000,0.0000,0.0000
60,0.5000,DynamicV1Rebalance,3.6600,6841.3810,250.3945,survival,1.0000,1.0000,1.0000,1.0000,1.0000,1.0000,1.0000,1.0000,0.9994,0.9974,0.9946,0.9884,0.9794,0.9622,0.9484,0.9294,0.9106,0.8862,0.8626,0.8416,0.8266,0.8190,0.8100,0.8006,0.7924,0.7846,0.7760,0.7668,0.7616,0.7574,0.7530,0.7500,0.7472,0.7444,0.7412,0.7394,0.7380,0.7358,0.7338,0.7316,0.7304,0.7302,0.7292,0.7288,0.7282,0.7274,0.7272,0.7260,0.7256,0.7252,0.7246,0.7244,0.7244,0.7240,0.7236
60,0.5000,DynamicV1Rebalance,3.6600,6841.3810,250.3945,spend25p,250.5612,254.6776,258.4794,262.4005,266.1417,270.1910,274.2865,278.2853,281.8607,284.5969,286.5944,286.5290,285.4474,281.9104,277.3190,267.4909,257.2053,241.2274,225.1431,206.8651,63.4988,54.1811,44.7513,34.7441,25.6630,15.9245,5.0151,0.0000,0.0000,0.0000,0.0000,0.0000,0.0000,0.0000,0.0000,0.0000,-2.5312,-8.8271,-14.1933,-19.2375,-24.3076,-29.0391,-34.3315,-39.6019,-45.4516,-52.0053,-58.8928,-65.8728,-73.1774,-80.5388,-88.0470,-96.4797,-105.4749,-115.5382,-125.5144
60,0.5000,DynamicV1Rebalance,3.6600,6841.3810,250.3945,spend50p,252.3224,259.9609,267.9076,276.5176,285.9560,295.2294,304.8950,314.8998,324.6799,334.1152,342.5079,348.9895,354.2413,355.5870,355.7935,352.7986,347.3498,339.0071,328.9566,320.3920,135.8479,127.6377,119.8016,111.3535,103.5151,96.2304,87.0316,78.1016,68.0243,56.9626,46.6752,36.7334,26.6723,17.5316,9.4459,2.0834,0.0000,0.0000,0.0000,0.0000,0.0000,0.0000,0.0000,0.0000,0.0000,0.0000,0.0000,-7.7028,-18.2796,-28.7662,-41.1408,-52.7538,-65.8263,-79.0197,-92.3810
60,0.5000,DynamicV1Rebalance,3.6600,6841.3810,250.3945,spend75p,254.1147,265.3381,278.1755,291.7642,306.2240,322.7704,339.3557,355.7215,373.2463,390.1731,406.2572,421.2342,433.1178,443.5279,450.9762,453.0078,453.5342,450.1368,443.8898,437.0173,210.2956,202.7787,195.0392,187.2700,179.9293,171.2544,161.5921,151.0583,141.5728,130.1185,117.9412,105.6017,93.7719,81.6215,70.4466,62.6094,55.0300,48.1884,42.0866,36.9093,31.3995,25.7906,20.4621,14.7203,8.4335,0.9503,0.0000,0.0000,0.0000,0.0000,0.0000,0.0000,0.0000,0.0000,0.0000
60,0.5000,DynamicV1Rebalance,4.0000,6259.8637,250.3945,survival,1.0000,1.0000,1.0000,1.0000,1.0000,1.0000,1.0000,0.9998,0.9986,0.9966,0.9898,0.9804,0.9644,0.9446,0.9246,0.8992,0.8738,0.8442,0.8138,0.7874,0.7728,0.7614,0.7492,0.7406,0.7316,0.7216,0.7110,0.7040,0.6990,0.6924,0.6880,0.6840,0.6798,0.6774,0.6736,0.6716,0.6708,0.6690,0.6678,0.6672,0.6660,0.6648,0.6644,0.6634,0.6622,0.6620,0.6616,0.6606,0.6606,0.6604,0.6604,0.6600,0.6600,0.6596,0.6594
60,0.5000,DynamicV1Rebalance,4.0000,6259.8637,250.3945,spend25p,250.5612,254.6776,258.4794,262.4005,266.1417,270.1910,274.2865,278.2285,281.7105,284.4840,285.3944,284.7390,281.8353,276.7017,270.4241,257.1644,241.1578,221.9749,196.2239,169.5200,37.1831,19.9250,0.0000,0.0000,0.0000,0.0000,0.0000,0.0000,0.0000,0.0000,0.0000,0.0000,0.0000,0.0000,0.0000,0.0000,0.0000,-5.9512,-11.8179,-16.8866,-21.8551,-26.8214,-32.4667,-37.8078,-43.5686,-49.6121,-56.2682,-63.3453,-71.1585,-78.5883,-86.4472,-94.6110,-103.5853,-113.2009,-122.7674
60,0.5000,DynamicV1Rebalance,4.0000,6259.8637,250.3945,spend50p,252.3224,259.9609,267.9076,276.5176,285.9560,295.2294,304.8950,314.8582,324.5729,334.0016,341.4043,347.4183,351.1136,351.6496,350.0239,345.0926,336.3644,326.4469,314.0659,301.5574,125.9102,116.2812,106.6339,99.1432,90.3538,81.4200,71.9129,62.3029,53.2324,43.2869,33.5279,24.2153,14.4722,6.2895,0.0000,0.0000,0.0000,0.0000,0.0000,0.0000,0.0000,0.0000,0.0000,0.0000,0.0000,0.0000,0.0000,0.0000,-0.5953,-12.9337,-24.5951,-37.4120,-52.4559,-67.2431,-81.9291
60,0.5000,DynamicV1Rebalance,4.0000,6259.8637,250.3945,spend75p,254.1147,265.3381,278.1755,291.7642,306.2240,322.7704,339.3557,355.6790,373.1153,390.0567,405.4507,419.9664,431.2411,438.3497,446.2391,445.7628,442.4070,437.4668,427.6218,418.8951,199.2855,192.6108,183.7610,175.6793,166.6304,157.1025,148.2490,138.5194,128.4135,116.1815,104.0281,92.3982,80.4067,70.1935,59.5167,50.2062,43.2849,37.2706,31.5581,26.3511,20.5860,15.8699,10.1041,3.9761,0.0000,0.0000,0.0000,0.0000,0.0000,0.0000,0.0000,0.0000,0.0000,0.0000,0.0000
60,0.5000,DynamicV1Rebalance,5.0000,5007.8909,250.3945,survival,1.0000,1.0000,1.0000,1.0000,1.0000,1.0000,0.9998,0.9980,0.9936,0.9828,0.9630,0.9364,0.9038,0.8648,0.8218,0.7798,0.7316,0.6852,0.6486,0.6148,0.6000,0.5906,0.5806,0.5700,0.5610,0.5530,0.5466,0.5386,0.5330,0.5260,0.5214,0.5174,0.5154,0.5142,0.5118,0.5094,0.5078,0.5062,0.5050,0.5038,0.5026,0.5014,0.5002,0.4990,0.4990,0.4982,0.4980,0.4978,0.4978,0.4976,0.4974,0.4972,0.4972,0.4968,0.4968
60,0.5000,DynamicV1Rebalance,5.0000,5007.8909,250.3945,spend25p,250.5612,254.6776,258.4794,262.4005,266.1417,270.1910,274.2651,277.9212,281.2231,282.3971,279.5848,274.5708,265.2023,249.6353,225.2200,189.4707,0.0000,0.0000,0.0000,0.0000,0.0000,0.0000,0.0000,0.0000,0.0000,0.0000,0.0000,0.0000,0.0000,0.0000,0.0000,0.0000,0.0000,0.0000,0.0000,0.0000,0.0000,0.0000,0.0000,-4.2349,-9.7701,-15.0095,-19.5386,-25.1929,-31.8483,-38.7471,-45.7939,-53.2480,-61.3502,-69.5494,-78.8060,-87.7375,-96.5021,-105.5015,-115.0627
60,0.5000,DynamicV1Rebalance,5.0000,5007.8909,250.3945,spend50p,252.3224,259.9609,267.9076,276.5176,285.9560,295.2294,304.8907,314.7092,323.5952,331.4414,337.3401,339.0592,338.3247,332.7700,322.2815,310.8114,293.2854,273.5512,252.9348,231.3151,79.3454,68.2422,57.7753,47.4987,37.6641,27.6366,18.8152,9.2144,1.0227,0.0000,0.0000,0.0000,0.0000,0.0000,0.0000,0.0000,0.0000,0.0000,0.0000,0.0000,0.0000,0.0000,0.0000,0.0000,0.0000,0.0000,0.0000,0.0000,0.0000,0.0000,0.0000,0.0000,0.0000,0.0000,0.0000
60,0.5000,DynamicV1Rebalance,5.0000,5007.8909,250.3945,spend75p,254.1147,265.3381,278.1755,291.7642,306.2240,322.7704,339.3428,355.4109,372.5014,388.0492,401.5938,411.3846,418.7221,422.2497,419.4945,414.4731,405.4892,388.3943,375.5212,363.5351,164.7240,157.2699,148.1392,138.9137,131.1061,122.4650,113.3255,103.9044,93.4584,81.9663,71.0077,60.8766,50.2695,40.3757,30.8424,22.3354,14.8040,8.8274,2.8125,0.0000,0.0000,0.0000,0.0000,0.0000,0.0000,0.0000,0.0000,0.0000,0.0000,0.0000,0.0000,0.0000,0.0000,0.0000,0.0000
60,0.5000,DynamicV1Rebalance,6.0000,4173.2424,250.3945,survival,1.0000,1.0000,1.0000,1.0000,1.0000,1.0000,0.9986,0.9936,0.9770,0.9504,0.9114,0.8606,0.8068,0.7406,0.6816,0.6240,0.5748,0.5408,0.5090,0.4670,0.4530,0.4392,0.4300,0.4184,0.4108,0.4038,0.3962,0.3896,0.3860,0.3810,0.3758,0.3730,0.3704,0.3692,0.3672,0.3656,0.3636,0.3622,0.3614,0.3606,0.3606,0.3604,0.3598,0.3594,0.3592,0.3592,0.3590,0.3590,0.3588,0.3588,0.3588,0.3588,0.3586,0.3586,0.3586
60,0.5000,DynamicV1Rebalance,6.0000,4173.2424,250.3945,spend25p,250.5612,254.6776,258.4794,262.4005,266.1417,270.1910,274.1544,277.2601,278.1899,275.4862,267.4081,251.3488,224.0400,0.0000,0.0000,0.0000,0.0000,0.0000,0.0000,0.0000,0.0000,0.0000,0.0000,0.0000,0.0000,0.0000,0.0000,0.0000,0.0000,0.0000,0.0000,0.0000,0.0000,0.0000,0.0000,0.0000,0.0000,0.0000,0.0000,0.0000,0.0000,0.0000,0.0000,0.0000,-1.3081,-8.8895,-16.2969,-23.9702,-33.1135,-42.4826,-53.3598,-64.7966,-75.9391,-87.8993,-99.3080
60,0.5000,DynamicV1Rebalance,6.0000,4173.2424,250.3945,spend50p,252.3224,259.9609,267.9076,276.5176,285.9560,295.2294,304.8024,314.2469,321.1422,327.3681,328.7348,324.8965,315.6276,299.3090,280.6306,255.6728,223.0972,191.2081,140.1677,0.0000,0.0000,0.0000,0.0000,0.0000,0.0000,0.0000,0.0000,0.0000,0.0000,0.0000,0.0000,0.0000,0.0000,0.0000,0.0000,0.0000,0.0000,0.0000,0.0000,0.0000,0.0000,0.0000,0.0000,0.0000,0.0000,0.0000,0.0000,0.0000,0.0000,0.0000,0.0000,0.0000,0.0000,0.0000,0.0000
60,0.5000,DynamicV1Rebalance,6.0000,4173.2424,250.3945,spend75p,254.1147,265.3381,278.1755,291.7642,306.2240,322.7704,339.2608,354.9283,370.1828,383.2210,394.5420,400.2077,400.5515,394.2189,386.0057,371.2856,356.3395,346.1681,330.0632,307.5975,129.2551,118.2530,108.8981,99.2863,90.8720,81.8736,72.0742,62.0357,52.5827,42.2950,32.1900,23.0192,13.6712,5.6127,0.0000,0.0000,0.0000,0.0000,0.0000,0.0000,0.0000,0.0000,0.0000,0.0000,0.0000,0.0000,0.0000,0.0000,0.0000,0.0000,0.0000,0.0000,0.0000,0.0000,0.0000
60,0.5000,DynamicV1Rebalance,7.0000,3577.0649,250.3945,survival,1.0000,1.0000,1.0000,1.0000,1.0000,0.9996,0.9948,0.9762,0.9414,0.8940,0.8276,0.7492,0.6706,0.6004,0.5382,0.4858,0.4404,0.3974,0.3658,0.3346,0.3182,0.3094,0.3022,0.2920,0.2842,0.2766,0.2712,0.2666,0.2620,0.2588,0.2572,0.2558,0.2526,0.2518,0.2500,0.2494,0.2480,0.2466,0.2466,0.2460,0.2456,0.2452,0.2450,0.2448,0.2442,0.2442,0.2436,0.2434,0.2432,0.2432,0.2432,0.2432,0.2432,0.2432,0.2430
60,0.5000,DynamicV1Rebalance,7.0000,3577.0649,250.3945,spend25p,250.5612,254.6776,258.4794,262.4005,266.1417,270.1171,273.5894,275.2113,271.8812,262.3252,240.6944,0.0000,0.0000,0.0000,0.0000,0.0000,0.0000,0.0000,0.0000,0.0000,0.0000,0.0000,0.0000,0.0000,0.0000,0.0000,0.0000,0.0000,0.0000,0.0000,0.0000,0.0000,0.0000,0.0000,0.0000,0.0000,0.0000,0.0000,0.0000,0.0000,0.0000,0.0000,0.0000,0.0000,0.0000,0.0000,0.0000,0.0000,0.0000,0.0000,0.0000,0.0000,0.0000,0.0000,0.0000
60,0.5000,DynamicV1Rebalance,7.0000,3577.0649,250.3945,spend50p,252.3224,259.9609,267.9076,276.5176,285.9560,295.1832,304.3709,312.2551,317.3091,318.5954,312.5878,297.9416,278.1797,250.3577,208.4147,0.0000,0.0000,0.0000,0.0000,0.0000,0.0000,0.0000,0.0000,0.0000,0.0000,0.0000,0.0000,0.0000,0.0000,0.0000,0.0000,0.0000,0.0000,0.0000,0.0000,0.0000,0.0000,0.0000,0.0000,0.0000,0.0000,0.0000,0.0000,0.0000,0.0000,0.0000,0.0000,0.0000,0.0000,0.0000,0.0000,0.0000,0.0000,0.0000,0.0000
60,0.5000,DynamicV1Rebalance,7.0000,3577.0649,250.3945,spend75p,254.1147,265.3381,278.1755,291.7642,306.2240,322.7373,338.9606,353.3888,365.8671,377.5190,381.3176,377.9528,369.8182,359.7581,343.8642,325.8322,306.4914,282.8320,263.4782,235.1868,79.3693,66.2674,55.9953,43.5430,30.8130,19.7780,9.6523,0.4340,0.0000,0.0000,0.0000,0.0000,0.0000,0.0000,0.0000,0.0000,0.0000,0.0000,0.0000,0.0000,0.0000,0.0000,0.0000,0.0000,0.0000,0.0000,0.0000,0.0000,0.0000,0.0000,0.0000,0.0000,0.0000,0.0000,0.0000
60,0.7500,DynamicV1Rebalance,2.5000,14593.6728,364.8418,survival,1.0000,1.0000,1.0000,1.0000,1.0000,1.0000,1.0000,1.0000,1.0000,1.0000,0.9998,0.9992,0.9984,0.9970,0.9950,0.9926,0.9892,0.9848,0.9798,0.9740,0.9700,0.9666,0.9608,0.9562,0.9524,0.9480,0.9418,0.9372,0.9338,0.9290,0.9246,0.9208,0.9166,0.9108,0.9084,0.9042,0.9002,0.8976,0.8950,0.8932,0.8916,0.8912,0.8900,0.8880,0.8874,0.8852,0.8834,0.8826,0.8818,0.8806,0.8800,0.8786,0.8780,0.8778,0.8776
60,0.7500,DynamicV1Rebalance,2.5000,14593.6728,364.8418,spend25p,365.0846,371.3059,377.0658,382.9968,388.6625,394.7754,400.9517,406.9772,412.4824,417.1699,420.8202,423.6646,424.9313,427.1399,426.6307,422.7513,418.4447,410.7810,402.4713,392.5393,229.5423,219.1127,208.7611,198.6090,187.6328,176.4317,164.6719,153.4943,142.5053,130.2431,117.3937,105.4673,93.8609,81.5219,71.8715,63.5084,55.7864,48.7738,41.5772,36.2231,31.2995,25.8759,21.6706,15.1082,9.9886,3.6549,0.0000,0.0000,0.0000,0.0000,0.0000,0.0000,-7.2276,-16.3594,-26.1345
60,0.7500,DynamicV1Rebalance,2.5000,14593.6728,364.8418,spend50p,367.6509,379.0087,390.8196,403.6021,417.5986,431.3589,445.6951,460.5240,475.3150,489.6406,502.6910,514.5139,524.9120,533.9605,539.3217,542.3207,541.5166,535.3781,530.9628,525.7791,328.0633,320.5188,310.7664,301.6576,293.3337,285.1718,273.6874,262.9662,251.0497,237.1153,221.7876,207.9255,194.9641,181.2368,170.0505,160.2188,151.7280,146.2582,140.4435,135.4824,130.7360,126.5000,121.5168,117.4610,112.7320,106.1076,99.1708,91.8034,84.0257,75.3201,66.7190,55.0494,43.6723,33.6615,23.1595
60,0.7500,DynamicV1Rebalance,2.5000,14593.6728,364.8418,spend75p,370.2624,386.8483,405.7981,425.8558,447.1971,471.5991,496.0698,520.2234,546.3374,572.0432,596.1108,619.8207,642.1219,661.1268,678.8359,690.1072,698.8373,707.8794,710.1320,712.4153,468.8979,462.6391,452.6648,444.5003,438.6937,431.3205,424.1484,413.1709,401.7714,387.0159,371.3426,354.4266,339.3461,325.2454,314.8241,304.3670,296.5425,290.1437,286.9235,285.2109,281.5058,280.4555,280.0399,276.7397,273.6290,269.9195,263.2179,256.2946,248.5394,238.9093,227.8501,218.3302,206.0500,192.2621,176.4766
60,0.7500,DynamicV1Rebalance,2.8000,13030.0650,364.8418,survival,1.0000,1.0000,1.0000,1.0000,1.0000,1.0000,1.0000,1.0000,1.0000,0.9998,0.9990,0.9980,0.9960,0.9936,0.9890,0.9836,0.9760,0.9682,0.9586,0.9486,0.9400,0.9338,0.9258,0.9190,0.9122,0.9064,0.9010,0.8946,0.8880,0.8820,0.8776,0.8736,0.8680,0.8640,0.8602,0.8580,0.8542,0.8496,0.8466,0.8444,0.8422,0.8396,0.8378,0.8364,0.8342,0.8330,0.8316,0.8310,0.8296,0.8288,0.8280,0.8276,0.8270,0.8254,0.8248
60,0.7500,DynamicV1Rebalance,2.8000,13030.0650,364.8418,spend25p,365.0846,371.3059,377.0658,382.9968,388.6625,394.7754,400.9517,406.9772,412.4824,417.1384,420.4635,423.0709,423.3964,425.5787,424.3810,419.1554,412.3027,403.3965,392.2619,380.9074,216.3864,206.1763,192.0875,179.6442,167.5869,157.0321,145.4741,133.7792,120.9257,108.5794,95.6062,83.7104,71.5398,61.0481,52.3936,44.3659,36.1337,28.2122,22.2256,17.2270,11.7859,5.9543,0.3636,0.0000,0.0000,0.0000,0.0000,0.0000,0.0000,0.0000,0.0000,0.0000,-5.2325,-14.0479,-23.9190
60,0.7500,DynamicV1Rebalance,2.8000,13030.0650,364.8418,spend50p,367.6509,379.0087,390.8196,403.6021,417.5986,431.3589,445.6951,460.5240,475.3150,489.6275,502.4075,513.5995,524.0489,532.5868,537.1482,538.6468,534.8220,527.8293,520.6333,512.5432,317.3824,308.4113,296.9448,286.7259,276.9804,267.2672,258.3491,245.8493,232.1326,218.4603,205.7516,192.4495,178.5027,164.9114,153.2140,143.2810,135.0799,128.0534,122.6960,117.4502,112.8457,107.1522,101.7217,97.4434,92.4162,87.2748,80.2542,72.9695,64.5328,54.5437,45.9168,36.6992,26.7261,15.8596,4.6069
60,0.7500,DynamicV1Rebalance,2.8000,13030.0650,364.8418,spend75p,370.2624,386.8483,405.7981,425.8558,447.1971,471.5991,496.0698,520.2234,546.3374,572.0302,595.7892,619.2441,641.2579,659.5346,675.8229,687.4175,693.0821,697.5983,697.3930,697.3245,456.7262,446.3848,436.6895,430.0054,419.7335,414.4723,404.8195,392.5405,377.6107,361.6392,346.0858,332.0052,315.9656,303.3781,289.8349,280.3122,271.9144,266.0738,264.7696,262.8036,258.9864,258.3061,256.9927,253.4801,247.5761,244.7937,237.4703,229.6829,220.9609,212.0246,203.9447,192.5038,180.0891,164.8848,150.7147
60,0.7500,DynamicV1Rebalance,3.0000,12161.3940,364.8418,survival,1.0000,1.0000,1.0000,1.0000,1.0000,1.0000,1.0000,1.0000,1.0000,0.9996,0.9980,0.9968,0.9936,0.9894,0.9828,0.9728,0.9634,0.9520,0.9402,0.9280,0.9182,0.9078,0.9004,0.8926,0.8852,0.8758,0.8694,0.8636,0.8580,0.8498,0.8436,0.8364,0.8330,0.8286,0.8226,0.8188,0.8152,0.8120,0.8082,0.8048,0.8034,0.8008,0.7970,0.7946,0.7926,0.7908,0.7898,0.7886,0.7870,0.7866,0.7856,0.7846,0.7834,0.7824,0.7820
60,0.7500,DynamicV1Rebalance,3.0000,12161.3940,364.8418,spend25p,365.0846,371.3059,377.0658,382.9968,388.6625,394.7754,400.9517,406.9772,412.4824,417.0741,420.1998,422.4701,422.7912,422.4843,421.3007,415.0315,406.9603,393.7964,380.6995,366.9116,207.5359,191.6914,178.3084,166.5771,154.4864,141.0253,129.6947,117.5798,105.1512,90.5580,77.8131,65.2524,54.8854,44.6079,34.1301,25.3068,17.9569,11.7836,5.2904,0.0000,0.0000,0.0000,0.0000,0.0000,0.0000,0.0000,0.0000,0.0000,0.0000,0.0000,0.0000,0.0000,-2.5569,-11.7396,-22.3802
60,0.7500,DynamicV1Rebalance,3.0000,12161.3940,364.8418,spend50p,367.6509,379.0087,390.8196,403.6021,417.5986,431.3589,445.6951,460.5240,475.3150,489.5388,502.0971,513.5127,523.1618,530.7941,535.3292,534.7836,530.0285,520.7184,513.3795,503.2702,310.7791,298.8368,288.2883,277.9483,267.3524,256.2296,245.8003,234.4723,221.5630,207.8585,194.5897,178.9985,164.5439,150.7609,139.0407,130.0611,122.3302,115.4636,108.3695,101.9826,97.4636,93.4121,86.8151,83.3354,77.6319,70.7859,62.9030,56.5612,47.1902,39.1346,30.8473,21.5487,10.9871,0.6198,0.0000
60,0.7500,DynamicV1Rebalance,3.0000,12161.3940,364.8418,spend75p,370.2624,386.8483,405.7981,425.8558,447.1971,471.5991,496.0698,520.2234,546.3374,572.0056,595.4895,619.1188,640.5525,658.0576,673.0664,682.5531,688.8616,687.6540,686.2532,684.3325,444.4552,433.8246,425.1078,418.5930,410.2196,400.0404,391.2189,379.5199,364.4068,348.0313,333.0891,316.9550,303.2569,288.2382,275.0706,265.2417,257.0042,250.1260,248.5398,247.3298,243.9779,242.0327,236.5947,233.4624,229.8270,224.1678,218.8111,211.3954,203.1951,195.2671,183.4417,172.1131,159.6226,145.4076,130.6448
60,0.7500,DynamicV1Rebalance,3.3300,10956.2108,364.8418,survival,1.0000,1.0000,1.0000,1.0000,1.0000,1.0000,1.0000,1.0000,0.9998,0.9984,0.9970,0.9930,0.9874,0.9794,0.9654,0.9530,0.9384,0.9224,0.9052,0.8870,0.8760,0.8622,0.8524,0.8398,0.8330,0.8226,0.8148,0.8044,0.7974,0.7876,0.7812,0.7748,0.7686,0.7620,0.7562,0.7522,0.7494,0.7456,0.7424,0.7394,0.7370,0.7348,0.7320,0.7306,0.7288,0.7272,0.7266,0.7254,0.7240,0.7230,0.7224,0.7218,0.7206,0.7194,0.7186
60,0.7500,DynamicV1Rebalance,3.3300,10956.2108,364.8418,spend25p,365.0846,371.3059,377.0658,382.9968,388.6625,394.7754,400.9517,406.9772,412.3857,416.7561,419.9649,421.5508,420.9594,418.7604,412.8491,405.5045,393.4830,377.2879,360.3434,339.8962,184.2753,166.3442,151.2991,136.2880,124.3215,109.5844,96.0756,81.8826,68.4520,52.9342,39.8598,26.6408,13.0578,0.0000,0.0000,0.0000,0.0000,0.0000,0.0000,0.0000,0.0000,0.0000,0.0000,0.0000,0.0000,0.0000,0.0000,0.0000,0.0000,0.0000,0.0000,0.0000,0.0000,-6.4715,-16.9453
60,0.7500,DynamicV1Rebalance,3.3300,10956.2108,364.8418,spend50p,367.6509,379.0087,390.8196,403.6021,417.5986,431.3589,445.6951,460.5240,475.1754,489.2561,501.8335,512.2455,521.5845,526.5618,528.5113,525.5106,519.1951,509.8884,498.0067,486.0301,296.4472,282.8387,270.8162,258.6991,249.8512,237.8316,227.4974,214.2191,201.7720,185.9534,170.6994,155.7505,142.9933,129.5761,118.1341,109.0116,100.1931,92.1216,85.5518,79.7332,74.3889,70.1326,64.2647,59.4644,53.2139,47.7789,41.0333,33.9898,27.2036,18.8814,10.1991,0.9693,0.0000,0.0000,0.0000
60,0.7500,DynamicV1Rebalance,3.3300,10956.2108,364.8418,spend75p,370.2624,386.8483,405.7981,425.8558,447.1971,471.5991,496.0698,520.2234,546.2652,571.3318,595.3258,617.5282,637.0565,655.5435,666.6036,671.8727,675.4348,673.8388,670.9395,661.6025,425.8299,416.8818,406.9035,396.9054,389.0912,378.1810,367.2671,352.7934,339.0554,322.8244,310.1678,295.3020,276.7913,261.9500,249.2751,237.8988,231.8668,226.6541,221.6917,219.5677,217.7839,214.1828,211.1551,210.6119,205.0916,200.0232,192.8831,185.5637,176.8146,168.0619,156.4039,144.4424,132.1326,118.6155,104.0987
60,0.7500,DynamicV1Rebalance,3.6600,9968.3557,364.8418,survival,1.0000,1.0000,1.0000,1.0000,1.0000,1.0000,1.0000,1.0000,0.9994,0.9974,0.9944,0.9876,0.9794,0.9618,0.9470,0.9284,0.9090,0.8852,0.8612,0.8390,0.8230,0.8114,0.7956,0.7856,0.7708,0.7600,0.7488,0.7390,0.7300,0.7214,0.7118,0.7042,0.6994,0.6952,0.6900,0.6864,0.6820,0.6794,0.6750,0.6718,0.6686,0.6664,0.6634,0.6608,0.6590,0.6572,0.6560,0.6554,0.6546,0.6538,0.6528,0.6514,0.6508,0.6500,0.6486
60,0.7500,DynamicV1Rebalance,3.6600,9968.3557,364.8418,spend25p,365.0846,371.3059,377.0658,382.9968,388.6625,394.7754,400.9517,406.9772,412.3682,416.5105,419.5096,418.8741,417.9851,412.7186,405.3291,391.1299,375.9043,352.3185,328.4523,298.7586,149.8246,133.3575,112.4127,94.2656,70.6108,47.1770,0.0000,0.0000,0.0000,0.0000,0.0000,0.0000,0.0000,0.0000,0.0000,0.0000,0.0000,0.0000,0.0000,0.0000,0.0000,0.0000,0.0000,0.0000,0.0000,0.0000,0.0000,0.0000,0.0000,0.0000,0.0000,0.0000,0.0000,0.0000,-9.9200
60,0.7500,DynamicV1Rebalance,3.6600,9968.3557,364.8418,spend50p,367.6509,379.0087,390.8196,403.6021,417.5986,431.3589,445.6951,460.5240,475.0136,488.9810,501.3758,510.8581,518.7210,520.4826,520.1785,516.0728,507.4011,495.2581,480.5003,466.2866,277.7532,264.6749,251.6201,240.5456,227.9108,216.0755,202.3894,187.9093,173.7126,158.6515,143.5820,128.7630,117.1022,105.5962,94.1657,85.4664,76.5224,69.6140,62.4343,57.7284,51.3163,45.6184,39.4927,33.9292,28.0705,21.5987,14.9068,8.8565,1.7064,0.0000,0.0000,0.0000,0.0000,0.0000,0.0000
60,0.7500,DynamicV1Rebalance,3.6600,9968.3557,364.8418,spend75p,370.2624,386.8483,405.7981,425.8558,447.1971,471.5991,496.0698,520.2234,546.0673,571.0224,594.6586,616.7591,634.2211,649.2211,659.8364,662.6646,663.1092,657.8026,648.5241,637.6236,407.6868,397.2251,387.3100,378.2817,365.7686,353.4197,340.8315,329.2384,314.3481,298.6699,281.4282,264.5034,251.4902,238.7075,226.0267,217.0079,211.0600,206.0023,201.8767,197.5615,193.4819,190.3431,184.8863,179.4581,174.6837,169.1809,163.3773,155.6949,147.2140,139.8761,128.1912,117.1195,103.1991,90.9373,75.3923
60,0.7500,DynamicV1Rebalance,4.0000,9121.0455,364.8418,survival,1.0000,1.0000,1.0000,1.0000,1.0000,1.0000,1.0000,0.9998,0.9984,0.9964,0.9896,0.9802,0.9630,0.9436,0.9234,0.8984,0.8726,0.8410,0.8118,0.7852,0.7666,0.7512,0.7372,0.7214,0.7058,0.6940,0.6820,0.6716,0.6616,0.6542,0.6472,0.6398,0.6356,0.6326,0.6266,0.6216,0.6178,0.6138,0.6096,0.6064,0.6028,0.6016,0.5982,0.5956,0.5936,0.5922,0.5912,0.5904,0.5894,0.5884,0.5882,0.5874,0.5866,0.5862,0.5854
60,0.7500,DynamicV1Rebalance,4.0000,9121.0455,364.8418,spend25p,365.0846,371.3059,377.0658,382.9968,388.6625,394.7754,400.9517,406.8941,412.1032,416.2631,417.6608,416.8374,412.1293,404.8697,395.2322,375.9884,352.3932,321.5729,286.1477,245.9979,97.5769,35.5771,0.0000,0.0000,0.0000,0.0000,0.0000,0.0000,0.0000,0.0000,0.0000,0.0000,0.0000,0.0000,0.0000,0.0000,0.0000,0.0000,0.0000,0.0000,0.0000,0.0000,0.0000,0.0000,0.0000,0.0000,0.0000,0.0000,0.0000,0.0000,0.0000,0.0000,0.0000,0.0000,0.0000
60,0.7500,DynamicV1Rebalance,4.0000,9121.0455,364.8418,spend50p,367.6509,379.0087,390.8196,403.6021,417.5986,431.3589,445.6951,460.4631,474.8247,488.6921,499.6493,508.6555,513.9060,514.7558,512.1519,504.7609,491.6182,476.5382,458.5789,439.6468,258.4477,243.4346,229.4816,216.3983,200.0789,186.5740,170.4449,157.5344,142.4861,129.1505,114.4380,101.0251,89.3780,78.4313,68.2733,58.4493,49.6579,42.1323,34.2749,27.2170,21.0022,16.7342,11.0921,5.7984,0.2903,0.0000,0.0000,0.0000,0.0000,0.0000,0.0000,0.0000,0.0000,0.0000,0.0000
60,0.7500,DynamicV1Rebalance,4.0000,9121.0455,364.8418,spend75p,370.2624,386.8483,405.7981,425.8558,447.1971,471.5991,496.0698,520.1613,545.8691,570.7444,593.4026,614.8194,631.2403,641.6838,652.4111,651.9261,646.8963,637.7246,623.5808,611.1239,387.9548,378.6032,367.0914,354.8681,339.3770,328.2781,315.9305,302.6014,286.7857,270.1753,254.1752,239.9060,226.8518,214.1625,202.3580,193.2449,185.0539,177.1403,169.9986,166.2011,161.9080,160.9312,157.6570,152.6537,148.1039,140.1389,133.5161,126.9700,118.7471,110.5633,102.1098,92.0708,78.6735,66.2852,53.4584
60,0.7500,DynamicV1Rebalance,5.0000,7296.8364,364.8418,survival,1.0000,1.0000,1.0000,1.0000,1.0000,1.0000,0.9998,0.9978,0.9934,0.9826,0.9630,0.9354,0.9022,0.8624,0.8196,0.7766,0.7270,0.6822,0.6452,0.6120,0.5944,0.5806,0.5662,0.5516,0.5390,0.5272,0.5162,0.5058,0.4970,0.4880,0.4818,0.4744,0.4690,0.4650,0.4604,0.4574,0.4542,0.4516,0.4494,0.4460,0.4436,0.4412,0.4398,0.4374,0.4356,0.4332,0.4320,0.4310,0.4298,0.4292,0.4286,0.4272,0.4266,0.4260,0.4254
60,0.7500,DynamicV1Rebalance,5.0000,7296.8364,364.8418,spend25p,365.0846,371.3059,377.0658,382.9968,388.6625,394.7754,400.9204,406.3465,411.4072,413.2716,409.2837,401.3618,387.7238,364.3461,328.0786,272.2371,0.0000,0.0000,0.0000,0.0000,0.0000,0.0000,0.0000,0.0000,0.0000,0.0000,0.0000,0.0000,0.0000,0.0000,0.0000,0.0000,0.0000,0.0000,0.0000,0.0000,0.0000,0.0000,0.0000,0.0000,0.0000,0.0000,0.0000,0.0000,0.0000,0.0000,0.0000,0.0000,0.0000,0.0000,0.0000,0.0000,0.0000,0.0000,0.0000
60,0.7500,DynamicV1Rebalance,5.0000,7296.8364,364.8418,spend50p,367.6509,379.0087,390.8196,403.6021,417.5986,431.3589,445.6889,460.2186,473.3691,485.0015,493.8316,496.1056,494.7905,486.5412,470.9677,454.0492,426.8164,397.5556,368.0173,335.7533,174.7536,154.0278,135.0580,114.4846,94.6982,73.4377,53.5413,24.6434,0.0000,0.0000,0.0000,0.0000,0.0000,0.0000,0.0000,0.0000,0.0000,0.0000,0.0000,0.0000,0.0000,0.0000,0.0000,0.0000,0.0000,0.0000,0.0000,0.0000,0.0000,0.0000,0.0000,0.0000,0.0000,0.0000,0.0000
60,0.7500,DynamicV1Rebalance,5.0000,7296.8364,364.8418,spend75p,370.2624,386.8483,405.7981,425.8558,447.1971,471.5991,496.0510,519.7580,544.9776,567.8703,587.8926,602.3125,612.9639,617.2890,613.7707,605.6701,590.9506,566.0984,547.1727,530.2952,326.9037,314.8942,301.4332,286.1339,275.2875,261.2071,247.8808,233.3545,220.5741,204.5218,192.3098,174.5384,157.5099,144.9763,133.4644,124.3411,116.5977,108.4391,101.2099,95.0898,90.4537,84.4908,81.3303,75.2679,68.4244,60.2692,53.8425,46.3783,39.6673,32.2796,22.8963,13.8750,3.9757,0.0000,0.0000
60,0.7500,DynamicV1Rebalance,6.0000,6080.6970,364.8418,survival,1.0000,1.0000,1.0000,1.0000,1.0000,1.0000,0.9986,0.9936,0.9762,0.9494,0.9102,0.8588,0.8040,0.7386,0.6788,0.6202,0.5718,0.5392,0.5062,0.4652,0.4448,0.4298,0.4130,0.4000,0.3884,0.3776,0.3688,0.3604,0.3528,0.3450,0.3390,0.3344,0.3308,0.3284,0.3250,0.3210,0.3186,0.3170,0.3142,0.3114,0.3086,0.3050,0.3032,0.3010,0.2994,0.2980,0.2972,0.2962,0.2958,0.2956,0.2950,0.2940,0.2936,0.2928,0.2926
60,0.7500,DynamicV1Rebalance,6.0000,6080.6970,364.8418,spend25p,365.0846,371.3059,377.0658,382.9968,388.6625,394.7754,400.7586,405.4778,406.7317,402.8939,390.9085,366.5588,326.9141,0.0000,0.0000,0.0000,0.0000,0.0000,0.0000,0.0000,0.0000,0.0000,0.0000,0.0000,0.0000,0.0000,0.0000,0.0000,0.0000,0.0000,0.0000,0.0000,0.0000,0.0000,0.0000,0.0000,0.0000,0.0000,0.0000,0.0000,0.0000,0.0000,0.0000,0.0000,0.0000,0.0000,0.0000,0.0000,0.0000,0.0000,0.0000,0.0000,0.0000,0.0000,0.0000
60,0.7500,DynamicV1Rebalance,6.0000,6080.6970,364.8418,spend50p,367.6509,379.0087,390.8196,403.6021,417.5986,431.3589,445.5599,459.5691,469.7441,479.0822,481.1503,475.5626,461.4497,437.5730,409.8088,371.6548,323.7172,277.9575,192.1856,0.0000,0.0000,0.0000,0.0000,0.0000,0.0000,0.0000,0.0000,0.0000,0.0000,0.0000,0.0000,0.0000,0.0000,0.0000,0.0000,0.0000,0.0000,0.0000,0.0000,0.0000,0.0000,0.0000,0.0000,0.0000,0.0000,0.0000,0.0000,0.0000,0.0000,0.0000,0.0000,0.0000,0.0000,0.0000,0.0000
60,0.7500,DynamicV1Rebalance,6.0000,6080.6970,364.8418,spend75p,370.2624,386.8483,405.7981,425.8558,447.1971,471.5991,495.9311,519.0634,541.5494,560.7440,577.5355,585.7066,585.5047,576.1518,563.6821,542.0214,520.4655,505.4459,480.5770,449.1833,263.3430,247.5698,228.5288,214.4980,198.4245,182.1238,167.2968,151.3161,137.8123,121.1827,106.5958,93.8749,81.9421,71.1897,59.9255,49.7097,41.3503,34.3474,26.4299,19.9387,13.1286,5.3317,0.0798,0.0000,0.0000,0.0000,0.0000,0.0000,0.0000,0.0000,0.0000,0.0000,0.0000,0.0000,0.0000
60,0.7500,DynamicV1Rebalance,7.0000,5212.0260,364.8418,survival,1.0000,1.0000,1.0000,1.0000,1.0000,0.9994,0.9948,0.9758,0.9402,0.8924,0.8256,0.7462,0.6674,0.5978,0.5352,0.4830,0.4384,0.3950,0.3628,0.3322,0.3114,0.2996,0.2850,0.2744,0.2636,0.2542,0.2478,0.2436,0.2378,0.2330,0.2282,0.2240,0.2188,0.2156,0.2130,0.2110,0.2082,0.2064,0.2052,0.2042,0.2028,0.2004,0.1990,0.1984,0.1974,0.1972,0.1964,0.1954,0.1948,0.1942,0.1938,0.1930,0.1930,0.1930,0.1930
60,0.7500,DynamicV1Rebalance,7.0000,5212.0260,364.8418,spend25p,365.0846,371.3059,377.0658,382.9968,388.6625,394.5894,399.9327,402.4615,397.5163,383.4583,351.2240,0.0000,0.0000,0.0000,0.0000,0.0000,0.0000,0.0000,0.0000,0.0000,0.0000,0.0000,0.0000,0.0000,0.0000,0.0000,0.0000,0.0000,0.0000,0.0000,0.0000,0.0000,0.0000,0.0000,0.0000,0.0000,0.0000,0.0000,0.0000,0.0000,0.0000,0.0000,0.0000,0.0000,0.0000,0.0000,0.0000,0.0000,0.0000,0.0000,0.0000,0.0000,0.0000,0.0000,0.0000
60,0.7500,DynamicV1Rebalance,7.0000,5212.0260,364.8418,spend50p,367.6509,379.0087,390.8196,403.6021,417.5986,431.2630,444.9290,456.6562,463.8668,465.9327,456.9114,434.5236,405.5468,365.2412,299.1142,0.0000,0.0000,0.0000,0.0000,0.0000,0.0000,0.0000,0.0000,0.0000,0.0000,0.0000,0.0000,0.0000,0.0000,0.0000,0.0000,0.0000,0.0000,0.0000,0.0000,0.0000,0.0000,0.0000,0.0000,0.0000,0.0000,0.0000,0.0000,0.0000,0.0000,0.0000,0.0000,0.0000,0.0000,0.0000,0.0000,0.0000,0.0000,0.0000,0.0000
60,0.7500,DynamicV1Rebalance,7.0000,5212.0260,364.8418,spend75p,370.2624,386.8483,405.7981,425.8558,447.1971,471.5218,495.4923,516.8121,534.9634,552.2017,557.5074,552.3491,540.5674,526.0928,502.7176,475.0363,447.0447,412.3782,382.4029,340.9247,171.3510,147.9995,122.4003,98.3300,67.8928,35.8313,0.0000,0.0000,0.0000,0.0000,0.0000,0.0000,0.0000,0.0000,0.0000,0.0000,0.0000,0.0000,0.0000,0.0000,0.0000,0.0000,0.0000,0.0000,0.0000,0.0000,0.0000,0.0000,0.0000,0.0000,0.0000,0.0000,0.0000,0.0000,0.0000
60,1.0000,DynamicV1Rebalance,2.5000,19171.5637,479.2891,survival,1.0000,1.0000,1.0000,1.0000,1.0000,1.0000,1.0000,1.0000,1.0000,1.0000,0.9998,0.9992,0.9984,0.9970,0.9948,0.9926,0.9892,0.9848,0.9790,0.9740,0.9694,0.9646,0.9576,0.9536,0.9492,0.9422,0.9364,0.9314,0.9258,0.9194,0.9134,0.9076,0.9032,0.8984,0.8942,0.8922,0.8888,0.8864,0.8828,0.8796,0.8774,0.8742,0.8722,0.8700,0.8686,0.8666,0.8658,0.8646,0.8634,0.8618,0.8608,0.8596,0.8588,0.8574,0.8562
60,1.0000,DynamicV1Rebalance,2.5000,19171.5637,479.2891,spend25p,479.6080,487.9343,495.6523,503.5932,511.1832,519.3599,527.6169,535.6692,543.0260,549.2924,554.1749,557.9748,559.6715,562.5799,561.7367,556.6968,550.9246,540.7096,529.0618,516.4116,351.0485,337.3682,322.2333,309.8617,295.6310,278.9273,265.7470,249.8392,235.3673,219.6944,202.0357,186.0137,170.1220,155.5444,146.1242,135.4842,126.3083,118.7455,109.1234,102.1991,96.9609,89.5757,84.4078,78.8718,72.2178,65.1942,57.5046,50.7645,42.4418,34.9471,26.6398,19.0674,10.5161,2.0287,0.0000
60,1.0000,DynamicV1Rebalance,2.5000,19171.5637,479.2891,spend50p,482.9793,498.0566,513.7315,530.6865,549.2411,567.4884,586.4953,606.1482,625.7441,644.7153,661.9900,677.6251,691.3548,703.2717,710.1591,714.1509,712.9611,704.7163,698.1068,691.6975,491.6277,481.4119,470.0995,458.9911,448.9106,437.6413,425.2736,411.5549,396.1514,378.5322,358.6732,341.4669,323.7343,309.4206,295.5422,283.8583,275.8978,271.5019,266.6428,261.5507,255.7250,252.0986,248.6146,244.2515,239.9928,235.3960,229.6747,223.6261,214.8918,207.7622,198.6069,188.1310,176.0934,168.4630,156.2264
60,1.0000,DynamicV1Rebalance,2.5000,19171.5637,479.2891,spend75p,486.4100,508.3586,533.4208,559.9475,588.1702,620.4277,652.7839,684.7254,719.2439,753.2158,785.0138,816.3163,845.7303,870.7607,893.5786,908.7624,920.0896,931.7792,933.6087,937.2300,693.6197,686.2441,672.8259,663.5842,661.5759,650.7658,643.7054,630.7047,615.9501,599.3786,576.5238,553.5159,540.2844,522.9031,507.4495,503.1896,494.2843,493.4478,493.9369,493.8856,494.1718,493.5061,495.0889,492.3144,491.9507,492.3672,492.7803,486.6422,480.4068,474.9742,466.3129,456.4441,449.1691,437.7365,424.8427
60,1.0000,DynamicV1Rebalance,2.8000,17117.4676,479.2891,survival,1.0000,1.0000,1.0000,1.0000,1.0000,1.0000,1.0000,1.0000,1.0000,0.9998,0.9990,0.9980,0.9960,0.9932,0.9890,0.9834,0.9758,0.9676,0.9584,0.9480,0.9390,0.9306,0.9222,0.9146,0.9072,0.9004,0.8938,0.8856,0.8776,0.8704,0.8662,0.8602,0.8538,0.8476,0.8424,0.8384,0.8354,0.8318,0.8288,0.8256,0.8226,0.8196,0.8164,0.8142,0.8114,0.8090,0.8070,0.8050,0.8032,0.8022,0.8004,0.7990,0.7970,0.7962,0.7946
60,1.0000,DynamicV1Rebalance,2.8000,17117.4676,479.2891,spend25p,479.6080,487.9343,495.6523,503.5932,511.1832,519.3599,527.6169,535.6692,543.0260,549.2508,553.7052,557.1929,557.6499,559.7684,558.9127,551.8880,542.8380,530.7601,516.1456,500.7123,331.7783,316.9470,298.1357,281.0331,266.6442,251.1911,237.0346,219.8518,201.9225,183.4122,168.0645,152.2491,135.7447,120.7320,109.3138,97.7963,89.2684,80.9695,73.7645,67.8705,61.5155,53.8388,48.4343,41.1756,33.0604,24.8158,17.6756,9.9724,3.7990,0.0000,0.0000,0.0000,0.0000,0.0000,0.0000
60,1.0000,DynamicV1Rebalance,2.8000,17117.4676,479.2891,spend50p,482.9793,498.0566,513.7315,530.6865,549.2411,567.4884,586.4953,606.1482,625.7441,644.6981,661.6167,676.4207,690.2180,701.4376,707.4280,709.2467,704.1470,694.2390,684.8182,673.8782,476.5709,463.8069,449.6426,436.7440,424.9908,412.5327,401.7838,384.2196,368.2181,350.2951,335.5355,315.9201,298.1848,281.8500,266.2088,257.1069,246.9156,240.9413,235.0919,228.6245,224.7112,220.1214,214.7753,210.7572,205.7142,199.3761,193.9120,184.9368,177.1019,168.4463,157.7326,149.0522,137.9192,128.2573,116.0837
60,1.0000,DynamicV1Rebalance,2.8000,17117.4676,479.2891,spend75p,486.4100,508.3586,533.4208,559.9475,588.1702,620.4277,652.7839,684.7254,719.2439,753.1987,784.5904,815.5568,844.5925,868.6280,890.0634,905.1812,912.5123,917.5624,917.7315,916.3788,675.5059,661.7096,651.6160,642.1984,631.9969,626.2663,612.5165,598.5457,579.7173,560.8810,542.8061,522.1694,504.0021,490.0729,475.7032,464.0178,455.7207,453.1630,453.2719,454.7785,453.9245,456.8678,455.0887,455.5341,452.2835,449.1659,444.8559,441.1825,432.1902,426.8601,418.6467,409.2923,397.7192,384.2290,368.2457
60,1.0000,DynamicV1Rebalance,3.0000,15976.3031,479.2891,survival,1.0000,1.0000,1.0000,1.0000,1.0000,1.0000,1.0000,1.0000,1.0000,0.9996,0.9980,0.9968,0.9936,0.9892,0.9826,0.9728,0.9632,0.9518,0.9394,0.9278,0.9158,0.9058,0.8960,0.8878,0.8766,0.8688,0.8618,0.8528,0.8436,0.8354,0.8294,0.8226,0.8162,0.8094,0.8048,0.7990,0.7946,0.7900,0.7850,0.7802,0.7772,0.7730,0.7710,0.7666,0.7640,0.7624,0.7602,0.7584,0.7572,0.7560,0.7542,0.7534,0.7528,0.7520,0.7514
60,1.0000,DynamicV1Rebalance,3.0000,15976.3031,479.2891,spend25p,479.6080,487.9343,495.6523,503.5932,511.1832,519.3599,527.6169,535.6692,543.0260,549.1662,553.3580,556.4016,556.8528,556.3764,554.8113,546.5311,535.7872,518.0332,500.4963,482.3161,317.8877,297.0687,278.7691,264.0378,245.6167,227.6306,211.3259,192.3069,173.8149,155.1987,139.4028,123.2053,108.1330,92.3043,81.2160,67.9796,57.0646,47.8598,38.4406,27.9189,19.4657,10.3172,4.6621,0.0000,0.0000,0.0000,0.0000,0.0000,0.0000,0.0000,0.0000,0.0000,0.0000,0.0000,0.0000
60,1.0000,DynamicV1Rebalance,3.0000,15976.3031,479.2891,spend50p,482.9793,498.0566,513.7315,530.6865,549.2411,567.4884,586.4953,606.1482,625.7441,644.5813,661.2079,676.3064,689.0496,698.9866,704.9277,704.2257,697.7954,685.1994,675.1939,661.9858,465.8615,450.8761,436.9062,424.5791,409.3425,396.7758,382.9591,367.9693,350.2660,332.8316,315.5575,295.8567,275.3486,258.6062,247.5742,236.5761,228.5455,217.6341,209.0730,204.3477,198.5186,194.8240,191.0943,183.5475,177.6286,171.8780,164.0497,156.7571,149.0736,141.5200,130.9032,122.6777,113.9369,104.5392,95.0444
60,1.0000,DynamicV1Rebalance,3.0000,15976.3031,479.2891,spend75p,486.4100,508.3586,533.4208,559.9475,588.1702,620.4277,652.7839,684.7254,719.2439,753.1662,784.1956,815.3918,843.6634,866.4979,886.3340,898.8148,906.8961,904.9387,901.9107,899.8236,658.3843,644.2020,635.0412,627.5114,616.3044,604.5317,592.8176,578.9095,556.8099,535.9357,521.4897,502.0012,484.5337,464.3216,452.9124,441.6515,437.1756,429.1108,423.9648,424.1543,425.1858,423.4657,423.9571,424.1967,423.5804,418.8793,411.4198,405.2422,400.9883,395.9493,385.6120,373.5197,361.4354,351.9096,339.3710
60,1.0000,DynamicV1Rebalance,3.3300,14393.0658,479.2891,survival,1.0000,1.0000,1.0000,1.0000,1.0000,1.0000,1.0000,1.0000,0.9998,0.9984,0.9970,0.9930,0.9874,0.9788,0.9654,0.9526,0.9380,0.9218,0.9038,0.8858,0.8726,0.8592,0.8452,0.8340,0.8230,0.8118,0.8022,0.7918,0.7776,0.7722,0.7614,0.7524,0.7462,0.7410,0.7368,0.7300,0.7258,0.7216,0.7180,0.7148,0.7110,0.7080,0.7052,0.7016,0.6990,0.6964,0.6946,0.6926,0.6918,0.6898,0.6882,0.6866,0.6854,0.6848,0.6838
60,1.0000,DynamicV1Rebalance,3.3300,14393.0658,479.2891,spend25p,479.6080,487.9343,495.6523,503.5932,511.1832,519.3599,527.6169,535.6692,542.8988,548.7475,553.0487,555.1909,554.4401,551.1727,543.7252,533.4684,517.8466,496.3893,472.6931,445.2933,283.1950,259.3439,236.0303,216.0882,196.6332,175.9369,156.6346,133.1104,104.9323,89.0332,57.3945,18.1844,0.0000,0.0000,0.0000,0.0000,0.0000,0.0000,0.0000,0.0000,0.0000,0.0000,0.0000,0.0000,0.0000,0.0000,0.0000,0.0000,0.0000,0.0000,0.0000,0.0000,0.0000,0.0000,0.0000
60,1.0000,DynamicV1Rebalance,3.3300,14393.0658,479.2891,spend50p,482.9793,498.0566,513.7315,530.6865,549.2411,567.4884,586.4953,606.1482,625.5604,644.2091,660.8607,674.6376,686.9721,693.4407,696.0531,691.8274,683.3762,670.9252,654.5265,639.0734,444.6990,427.8271,410.5167,396.0691,382.6026,368.5937,353.5211,337.3716,316.9726,298.8451,277.4827,258.4818,241.2300,226.4220,214.8262,201.3712,192.8875,184.0285,174.1692,167.1141,159.5593,154.8488,149.8341,142.6290,136.9537,131.7924,127.1703,119.5217,110.5151,100.0760,91.3201,82.7508,73.5479,62.8955,53.3307
60,1.0000,DynamicV1Rebalance,3.3300,14393.0658,479.2891,spend75p,486.4100,508.3586,533.4208,559.9475,588.1702,620.4277,652.7839,684.7254,719.1489,752.2790,783.9801,813.2970,839.0588,863.4070,877.9215,884.5963,889.1650,886.8714,882.3959,869.4373,629.7971,619.4602,604.5633,595.9530,584.7954,572.5087,557.8059,539.6569,517.2220,503.4580,481.4132,460.1109,441.8554,425.4773,412.5411,400.6166,393.6089,388.0880,388.6428,385.1786,383.7989,387.7417,387.1362,386.9318,377.4121,373.2351,372.3519,364.8233,360.3522,350.0048,339.4055,327.6899,317.0776,308.1783,292.8525
60,1.0000,DynamicV1Rebalance,3.6600,13095.3304,479.2891,survival,1.0000,1.0000,1.0000,1.0000,1.0000,1.0000,1.0000,1.0000,0.9994,0.9974,0.9944,0.9876,0.9792,0.9616,0.9462,0.9282,0.9086,0.8844,0.8606,0.8382,0.8208,0.8070,0.7898,0.7754,0.7604,0.7466,0.7344,0.7244,0.7116,0.7010,0.6928,0.6866,0.6812,0.6752,0.6704,0.6638,0.6592,0.6544,0.6478,0.6422,0.6386,0.6344,0.6310,0.6288,0.6276,0.6250,0.6240,0.6222,0.6198,0.6186,0.6162,0.6148,0.6130,0.6118,0.6110
60,1.0000,DynamicV1Rebalance,3.6600,13095.3304,479.2891,spend25p,479.6080,487.9343,495.6523,503.5932,511.1832,519.3599,527.6169,535.6692,542.8757,548.4241,552.4491,551.6655,550.4353,543.5667,533.1408,514.8676,494.5584,463.5666,431.5721,392.4870,234.6367,211.1937,180.3367,147.4757,104.5387,0.0000,0.0000,0.0000,0.0000,0.0000,0.0000,0.0000,0.0000,0.0000,0.0000,0.0000,0.0000,0.0000,0.0000,0.0000,0.0000,0.0000,0.0000,0.0000,0.0000,0.0000,0.0000,0.0000,0.0000,0.0000,0.0000,0.0000,0.0000,0.0000,0.0000
60,1.0000,DynamicV1Rebalance,3.6600,13095.3304,479.2891,spend50p,482.9793,498.0566,513.7315,530.6865,549.2411,567.4884,586.4953,606.1482,625.3474,643.8468,660.2581,672.8103,682.9766,685.5203,684.4760,679.4080,668.0447,651.7376,632.1566,612.8111,418.3354,400.8785,384.4150,368.0410,349.8381,333.0621,315.8694,296.8652,275.8337,255.7361,237.3962,220.6970,204.6267,187.9479,175.8788,160.0623,151.2925,143.4015,133.8129,126.1404,118.4289,110.9811,103.8507,96.7510,90.2245,84.1237,76.8982,68.9078,59.8216,51.3988,41.7905,33.8560,24.7589,14.2587,4.5874
60,1.0000,DynamicV1Rebalance,3.6600,13095.3304,479.2891,spend75p,486.4100,508.3586,533.4208,559.9475,588.1702,620.4277,652.7839,684.7254,718.8883,751.8717,783.1014,812.2841,835.3243,855.0799,868.2689,872.3993,873.0500,865.7682,853.1670,838.6128,604.0728,591.4602,579.9447,565.1563,550.5230,534.0568,519.7442,502.0594,482.6033,464.6074,442.4045,423.8561,407.6938,390.4504,378.2581,367.8590,361.9254,356.9094,350.5115,343.6200,341.1166,338.1539,337.6782,333.5197,331.3652,329.2090,323.8373,319.4715,309.3156,304.0338,291.8245,280.0349,267.5925,255.8577,242.0584
60,1.0000,DynamicV1Rebalance,4.0000,11982.2273,479.2891,survival,1.0000,1.0000,1.0000,1.0000,1.0000,1.0000,1.0000,0.9998,0.9984,0.9962,0.9896,0.9800,0.9628,0.9430,0.9228,0.8972,0.8716,0.8404,0.8108,0.7840,0.7624,0.7440,0.7300,0.7100,0.6938,0.6796,0.6656,0.6546,0.6454,0.6382,0.6298,0.6222,0.6170,0.6078,0.6002,0.5954,0.5906,0.5850,0.5812,0.5782,0.5736,0.5706,0.5682,0.5654,0.5628,0.5614,0.5600,0.5588,0.5572,0.5566,0.5558,0.5550,0.5542,0.5532,0.5524
60,1.0000,DynamicV1Rebalance,4.0000,11982.2273,479.2891,spend25p,479.6080,487.9343,495.6523,503.5932,511.1832,519.3599,527.6169,535.5597,542.5269,548.0121,550.0144,548.7478,542.7349,532.9243,520.1058,494.1849,463.2251,422.6887,374.9742,321.3834,149.1073,0.0000,0.0000,0.0000,0.0000,0.0000,0.0000,0.0000,0.0000,0.0000,0.0000,0.0000,0.0000,0.0000,0.0000,0.0000,0.0000,0.0000,0.0000,0.0000,0.0000,0.0000,0.0000,0.0000,0.0000,0.0000,0.0000,0.0000,0.0000,0.0000,0.0000,0.0000,0.0000,0.0000,0.0000
60,1.0000,DynamicV1Rebalance,4.0000,11982.2273,479.2891,spend50p,482.9793,498.0566,513.7315,530.6865,549.2411,567.4884,586.4953,606.0680,625.0987,643.1968,657.9843,669.8302,676.8229,677.4037,674.2677,663.7774,646.5736,626.5098,603.0335,577.3020,390.1927,369.0418,350.8836,330.6486,308.3276,288.4646,267.5171,247.0525,230.4973,210.6375,192.5033,175.3718,159.7079,142.9015,128.1799,115.4913,104.4259,91.0214,84.7287,76.8870,69.9968,62.5294,56.1976,49.7233,41.1938,33.4668,27.8276,20.6851,13.7328,6.3029,0.0000,0.0000,0.0000,0.0000,0.0000
60,1.0000,DynamicV1Rebalance,4.0000,11982.2273,479.2891,spend75p,486.4100,508.3586,533.4208,559.9475,588.1702,620.4277,652.7839,684.6437,718.6274,751.5056,781.4474,809.4304,831.2385,844.9935,858.8410,858.1976,851.2242,839.2496,820.5985,803.1323,576.6722,562.6438,548.5851,528.9894,511.5737,497.2502,478.4670,461.5100,443.0957,422.2871,405.6155,385.8292,369.0556,352.2977,338.6719,328.3593,316.2312,308.2893,303.3308,302.3580,300.5460,297.2737,295.2415,292.9245,288.8450,284.9858,278.0293,272.7597,265.1458,258.2027,248.0111,240.3976,228.4249,215.3322,203.0485
60,1.0000,DynamicV1Rebalance,5.0000,9585.7818,479.2891,survival,1.0000,1.0000,1.0000,1.0000,1.0000,1.0000,0.9998,0.9978,0.9934,0.9826,0.9628,0.9352,0.9014,0.8604,0.8184,0.7748,0.7262,0.6812,0.6430,0.6100,0.5910,0.5734,0.5566,0.5416,0.5288,0.5136,0.5002,0.4878,0.4792,0.4688,0.4608,0.4548,0.4486,0.4450,0.4376,0.4336,0.4294,0.4252,0.4208,0.4170,0.4134,0.4110,0.4078,0.4054,0.4036,0.4018,0.4000,0.3982,0.3980,0.3976,0.3960,0.3946,0.3942,0.3934,0.3932
60,1.0000,DynamicV1Rebalance,5.0000,9585.7818,479.2891,spend25p,479.6080,487.9343,495.6523,503.5932,511.1832,519.3599,527.5757,534.8390,541.6106,544.1593,538.8919,528.5520,510.3494,479.2053,431.4692,354.9847,0.0000,0.0000,0.0000,0.0000,0.0000,0.0000,0.0000,0.0000,0.0000,0.0000,0.0000,0.0000,0.0000,0.0000,0.0000,0.0000,0.0000,0.0000,0.0000,0.0000,0.0000,0.0000,0.0000,0.0000,0.0000,0.0000,0.0000,0.0000,0.0000,0.0000,0.0000,0.0000,0.0000,0.0000,0.0000,0.0000,0.0000,0.0000,0.0000
60,1.0000,DynamicV1Rebalance,5.0000,9585.7818,479.2891,spend50p,482.9793,498.0566,513.7315,530.6865,549.2411,567.4884,586.4871,605.7462,623.1824,638.6069,650.3231,653.2591,651.3834,639.2614,619.5976,597.6357,561.5733,523.1128,483.6821,438.2139,268.3181,235.5730,205.5567,177.5337,146.4212,106.1054,5.7009,0.0000,0.0000,0.0000,0.0000,0.0000,0.0000,0.0000,0.0000,0.0000,0.0000,0.0000,0.0000,0.0000,0.0000,0.0000,0.0000,0.0000,0.0000,0.0000,0.0000,0.0000,0.0000,0.0000,0.0000,0.0000,0.0000,0.0000,0.0000
60,1.0000,DynamicV1Rebalance,5.0000,9585.7818,479.2891,spend75p,486.4100,508.3586,533.4208,559.9475,588.1702,620.4277,652.7592,684.1127,717.4537,747.7213,774.1913,793.2575,807.0625,812.1492,808.0752,797.0415,777.5366,745.0393,719.7126,697.2352,488.7273,470.3759,450.9655,433.6315,416.4901,399.0224,379.5733,359.4381,343.8938,322.1369,300.4018,280.0955,262.1169,248.7587,232.7446,222.6299,210.2894,199.8598,191.8734,184.4026,179.5960,172.8746,166.8116,161.1196,154.2673,147.6695,140.4938,135.4688,129.4611,122.3040,113.6391,101.7344,92.3115,83.8431,72.8291
60,1.0000,DynamicV1Rebalance,6.0000,7988.1515,479.2891,survival,1.0000,1.0000,1.0000,1.0000,1.0000,1.0000,0.9986,0.9934,0.9760,0.9490,0.9096,0.8582,0.8034,0.7374,0.6772,0.6176,0.5704,0.5384,0.5044,0.4634,0.4412,0.4222,0.4062,0.3896,0.3780,0.3652,0.3568,0.3452,0.3364,0.3312,0.3246,0.3184,0.3128,0.3068,0.3010,0.2982,0.2920,0.2880,0.2854,0.2822,0.2798,0.2774,0.2750,0.2728,0.2712,0.2696,0.2680,0.2670,0.2662,0.2652,0.2644,0.2636,0.2628,0.2618,0.2612
60,1.0000,DynamicV1Rebalance,6.0000,7988.1515,479.2891,spend25p,479.6080,487.9343,495.6523,503.5932,511.1832,519.3599,527.3629,533.6899,535.3714,530.2636,514.4280,482.5128,430.2564,0.0000,0.0000,0.0000,0.0000,0.0000,0.0000,0.0000,0.0000,0.0000,0.0000,0.0000,0.0000,0.0000,0.0000,0.0000,0.0000,0.0000,0.0000,0.0000,0.0000,0.0000,0.0000,0.0000,0.0000,0.0000,0.0000,0.0000,0.0000,0.0000,0.0000,0.0000,0.0000,0.0000,0.0000,0.0000,0.0000,0.0000,0.0000,0.0000,0.0000,0.0000,0.0000
60,1.0000,DynamicV1Rebalance,6.0000,7988.1515,479.2891,spend50p,482.9793,498.0566,513.7315,530.6865,549.2411,567.4884,586.3173,604.6882,618.3901,630.6984,633.4469,625.9090,607.5662,575.4662,539.3829,487.1147,424.1766,365.0741,236.8394,0.0000,0.0000,0.0000,0.0000,0.0000,0.0000,0.0000,0.0000,0.0000,0.0000,0.0000,0.0000,0.0000,0.0000,0.0000,0.0000,0.0000,0.0000,0.0000,0.0000,0.0000,0.0000,0.0000,0.0000,0.0000,0.0000,0.0000,0.0000,0.0000,0.0000,0.0000,0.0000,0.0000,0.0000,0.0000,0.0000
60,1.0000,DynamicV1Rebalance,6.0000,7988.1515,479.2891,spend75p,486.4100,508.3586,533.4208,559.9475,588.1702,620.4277,652.6014,683.1667,712.9406,738.3380,760.5522,771.0100,771.0338,758.4195,741.6892,712.2479,684.1708,664.6139,631.1404,589.4374,395.9151,371.2308,347.4260,324.3571,304.3738,279.4848,258.7706,236.3828,214.6893,197.0259,177.2402,157.2634,137.9096,119.3874,103.4986,91.8936,77.6550,67.2342,58.9025,47.9817,40.5951,32.8821,23.7016,15.1956,9.0568,2.8659,0.0000,0.0000,0.0000,0.0000,0.0000,0.0000,0.0000,0.0000,0.0000
60,1.0000,DynamicV1Rebalance,7.0000,6846.9870,479.2891,survival,1.0000,1.0000,1.0000,1.0000,1.0000,0.9994,0.9946,0.9756,0.9394,0.8916,0.8248,0.7442,0.6658,0.5956,0.5342,0.4814,0.4368,0.3940,0.3604,0.3300,0.3094,0.2944,0.2784,0.2652,0.2534,0.2454,0.2394,0.2320,0.2250,0.2180,0.2124,0.2096,0.2058,0.2020,0.1982,0.1964,0.1928,0.1910,0.1888,0.1864,0.1832,0.1800,0.1784,0.1776,0.1768,0.1764,0.1752,0.1748,0.1742,0.1728,0.1722,0.1716,0.1710,0.1706,0.1702
60,1.0000,DynamicV1Rebalance,7.0000,6846.9870,479.2891,spend25p,479.6080,487.9343,495.6523,503.5932,511.1832,519.1151,526.2224,529.6443,523.0933,504.5703,462.0131,0.0000,0.0000,0.0000,0.0000,0.0000,0.0000,0.0000,0.0000,0.0000,0.0000,0.0000,0.0000,0.0000,0.0000,0.0000,0.0000,0.0000,0.0000,0.0000,0.0000,0.0000,0.0000,0.0000,0.0000,0.0000,0.0000,0.0000,0.0000,0.0000,0.0000,0.0000,0.0000,0.0000,0.0000,0.0000,0.0000,0.0000,0.0000,0.0000,0.0000,0.0000,0.0000,0.0000,0.0000
60,1.0000,DynamicV1Rebalance,7.0000,6846.9870,479.2891,spend50p,482.9793,498.0566,513.7315,530.6865,549.2411,567.3622,585.4459,601.0320,610.5027,613.2404,601.3645,571.4778,533.3078,479.7083,391.8822,0.0000,0.0000,0.0000,0.0000,0.0000,0.0000,0.0000,0.0000,0.0000,0.0000,0.0000,0.0000,0.0000,0.0000,0.0000,0.0000,0.0000,0.0000,0.0000,0.0000,0.0000,0.0000,0.0000,0.0000,0.0000,0.0000,0.0000,0.0000,0.0000,0.0000,0.0000,0.0000,0.0000,0.0000,0.0000,0.0000,0.0000,0.0000,0.0000,0.0000
60,1.0000,DynamicV1Rebalance,7.0000,6846.9870,479.2891,spend75p,486.4100,508.3586,533.4208,559.9475,588.1702,620.3260,652.0115,679.9281,704.2702,726.3878,733.9307,726.9653,711.3606,692.0390,661.6378,623.0336,585.8005,541.1597,500.9990,445.3558,265.4650,226.3228,186.5977,140.8953,80.6975,0.0000,0.0000,0.0000,0.0000,0.0000,0.0000,0.0000,0.0000,0.0000,0.0000,0.0000,0.0000,0.0000,0.0000,0.0000,0.0000,0.0000,0.0000,0.0000,0.0000,0.0000,0.0000,0.0000,0.0000,0.0000,0.0000,0.0000,0.0000,0.0000,0.0000
60,1.5000,DynamicV1Rebalance,2.5000,28327.3455,708.1836,survival,1.0000,1.0000,1.0000,1.0000,1.0000,1.0000,1.0000,1.0000,1.0000,1.0000,0.9998,0.9992,0.9984,0.9970,0.9948,0.9926,0.9892,0.9846,0.9790,0.9738,0.9686,0.9622,0.9560,0.9518,0.9436,0.9372,0.9306,0.9240,0.9162,0.9098,0.9030,0.8952,0.8916,0.8870,0.8818,0.8780,0.8742,0.8704,0.8648,0.8622,0.8586,0.8556,0.8528,0.8508,0.8484,0.8472,0.8448,0.8422,0.8402,0.8380,0.8362,0.8354,0.8332,0.8316,0.8302
60,1.5000,DynamicV1Rebalance,2.5000,28327.3455,708.1836,spend25p,708.6549,721.1910,732.8251,744.7858,756.2248,768.5287,780.9473,793.0530,804.1134,813.5373,820.8844,826.5951,829.1520,833.4599,832.1596,824.5878,815.8844,800.3862,783.1070,764.1564,593.4567,571.0185,551.6054,532.5216,509.2425,487.8427,466.0760,441.4226,417.1801,392.5704,367.0166,343.9334,322.7541,303.2680,286.1087,273.1126,260.1550,247.6633,235.4228,223.8196,214.4180,208.3065,200.4399,192.4264,186.5958,177.3482,169.0324,159.8180,151.1243,139.8195,130.4626,121.7466,109.0069,98.7855,88.9864
60,1.5000,DynamicV1Rebalance,2.5000,28327.3455,708.1836,spend50p,713.6362,736.1522,759.5554,784.8554,812.5261,839.7474,868.0957,897.3965,926.6024,954.8648,980.5880,1003.8474,1024.2404,1041.8943,1052.0333,1057.8113,1055.8501,1043.2319,1033.3241,1023.5343,817.5983,803.3272,790.2638,773.7630,757.8992,744.5317,726.9671,707.4621,682.9916,658.9468,630.7827,605.3150,584.7942,564.4497,545.5840,530.2337,521.1859,515.7320,507.4685,501.3523,499.0075,497.4803,494.3223,492.2313,489.5435,485.7539,479.2067,473.2889,463.7131,458.8613,443.9696,436.4516,428.6310,415.6748,406.8165
60,1.5000,DynamicV1Rebalance,2.5000,28327.3455,708.1836,spend75p,718.7053,751.3792,788.6662,828.1307,870.1163,918.0850,966.2121,1013.7293,1065.0569,1115.5609,1162.8198,1209.3074,1252.9473,1290.0285,1323.7520,1346.0728,1362.5943,1379.3400,1381.9095,1386.8592,1143.1529,1130.7981,1119.0316,1104.6339,1096.6225,1091.6820,1079.4042,1063.0119,1042.4849,1015.9064,983.3820,957.4743,938.7330,918.8297,901.6270,894.6208,885.5387,890.2721,891.2841,896.9107,902.2464,905.2038,913.6465,921.4653,923.6673,929.0314,933.6717,932.3516,926.8172,920.0671,920.0568,915.0088,907.3383,891.2940,882.6447
60,1.5000,DynamicV1Rebalance,2.8000,25292.2728,708.1836,survival,1.0000,1.0000,1.0000,1.0000,1.0000,1.0000,1.0000,1.0000,1.0000,0.9998,0.9990,0.9980,0.9960,0.9932,0.9890,0.9826,0.9758,0.9676,0.9582,0.9478,0.9374,0.9290,0.9204,0.9096,0.9024,0.8940,0.8850,0.8754,0.8682,0.8608,0.8514,0.8442,0.8404,0.8336,0.8266,0.8218,0.8172,0.8130,0.8080,0.8034,0.7988,0.7944,0.7908,0.7872,0.7852,0.7826,0.7798,0.7772,0.7758,0.7738,0.7720,0.7706,0.7688,0.7660,0.7628
60,1.5000,DynamicV1Rebalance,2.8000,25292.2728,708.1836,spend25p,708.6549,721.1910,732.8251,744.7858,756.2248,768.5287,780.9473,793.0530,804.1134,813.4758,820.1887,825.4367,826.1569,829.2947,827.9762,817.2417,803.9086,785.8358,763.9417,740.4527,561.4473,538.9149,511.9181,483.7668,462.0696,438.2814,414.7068,387.8945,360.2612,336.1495,308.2020,280.5608,262.1914,240.9856,220.3558,205.0931,191.0170,179.0332,164.9621,153.1862,141.6538,128.1490,117.6622,103.7878,98.0639,89.5192,75.7753,66.4350,59.7550,50.4471,40.6295,30.8936,17.2878,6.3790,0.0000
60,1.5000,DynamicV1Rebalance,2.8000,25292.2728,708.1836,spend50p,713.6362,736.1522,759.5554,784.8554,812.5261,839.7474,868.0957,897.3965,926.6024,954.8393,980.0350,1002.0633,1022.5561,1039.1770,1047.9874,1050.0951,1042.7970,1027.8802,1013.4705,997.0735,793.6864,777.5743,756.8695,737.1203,720.9272,702.8120,683.9628,660.0508,638.3901,613.5925,587.1833,560.6162,537.1431,514.1616,492.9600,480.5359,470.1382,459.7527,452.2735,445.4727,441.0802,436.2304,430.2199,423.3201,422.9774,416.7001,406.3217,398.2539,389.8191,381.0900,371.0969,360.7405,349.1610,338.7960,325.6246
60,1.5000,DynamicV1Rebalance,2.8000,25292.2728,708.1836,spend75p,718.7053,751.3792,788.6662,828.1307,870.1163,918.0850,966.2121,1013.7293,1065.0569,1115.5356,1162.1926,1208.1823,1251.2616,1286.8690,1318.5446,1340.5230,1351.3728,1358.5296,1357.9329,1355.7232,1113.7151,1094.5506,1081.5174,1069.1753,1057.0099,1043.1829,1025.5766,1008.3230,981.9460,957.1967,925.6218,901.7062,883.8416,858.8087,841.8111,828.4352,819.2142,818.5535,821.0161,828.2488,828.6430,834.9048,839.2679,848.6747,850.9462,856.1227,848.9375,840.4705,842.8752,845.8829,838.5955,831.2757,817.7422,802.0307,786.6283
60,1.5000,DynamicV1Rebalance,3.0000,23606.1213,708.1836,survival,1.0000,1.0000,1.0000,1.0000,1.0000,1.0000,1.0000,1.0000,1.0000,0.9996,0.9980,0.9968,0.9936,0.9890,0.9824,0.9724,0.9628,0.9518,0.9390,0.9276,0.9136,0.9038,0.8918,0.8814,0.8698,0.8628,0.8520,0.8416,0.8316,0.8210,0.8134,0.8052,0.8006,0.7924,0.7838,0.7752,0.7704,0.7652,0.7598,0.7564,0.7524,0.7484,0.7452,0.7416,0.7382,0.7358,0.7336,0.7310,0.7292,0.7276,0.7256,0.7240,0.7220,0.7214,0.7192
60,1.5000,DynamicV1Rebalance,3.0000,23606.1213,708.1836,spend25p,708.6549,721.1910,732.8251,744.7858,756.2248,768.5287,780.9473,793.0530,804.1134,813.3504,819.6743,824.2645,824.9760,824.2695,821.7544,809.4054,792.9892,766.9924,740.5988,713.5049,537.4165,507.5791,476.8779,453.6180,423.8384,402.6492,372.9836,338.4550,310.1508,278.5685,253.5439,227.0878,206.7370,180.1532,153.7510,125.9717,104.3200,85.8900,66.2922,47.1212,11.0881,0.0000,0.0000,0.0000,0.0000,0.0000,0.0000,0.0000,0.0000,0.0000,0.0000,0.0000,0.0000,0.0000,0.0000
60,1.5000,DynamicV1Rebalance,3.0000,23606.1213,708.1836,spend50p,713.6362,736.1522,759.5554,784.8554,812.5261,839.7474,868.0957,897.3965,926.6024,954.6663,979.4295,1001.8939,1020.8252,1035.5458,1044.1362,1042.8359,1033.2614,1014.4963,999.0148,979.5174,776.3363,756.4130,734.4841,716.5575,693.1506,677.1118,653.6479,630.7188,607.4876,580.8867,553.9498,525.0724,499.3358,477.2461,458.2062,440.4524,425.5749,415.4826,407.0294,401.1771,396.6126,392.1383,385.5511,378.9905,373.1455,366.3459,357.8146,349.4485,341.1266,333.4446,323.9532,311.2066,299.3378,291.9315,279.9616
60,1.5000,DynamicV1Rebalance,3.0000,23606.1213,708.1836,spend75p,718.7053,751.3792,788.6662,828.1307,870.1163,918.0850,966.2121,1013.7293,1065.0569,1115.4875,1161.6079,1207.9379,1249.8852,1283.7133,1312.8474,1331.3082,1341.9381,1339.8392,1334.6570,1331.5075,1081.8343,1066.1116,1054.4296,1041.1869,1023.6332,1011.2194,995.0984,970.7487,944.9097,914.2040,894.1444,868.9988,841.3923,818.7391,799.9328,780.9530,776.4590,773.3214,770.6589,774.5855,783.6465,780.1071,792.6121,797.5457,799.9916,796.3062,791.6607,792.5017,791.6645,783.0686,775.7636,764.5570,754.5620,746.9711,731.7299
60,1.5000,DynamicV1Rebalance,3.3300,21266.7759,708.1836,survival,1.0000,1.0000,1.0000,1.0000,1.0000,1.0000,1.0000,1.0000,0.9998,0.9984,0.9970,0.9930,0.9874,0.9780,0.9652,0.9520,0.9380,0.9208,0.9032,0.8848,0.8700,0.8566,0.8402,0.8274,0.8140,0.8020,0.7882,0.7738,0.7640,0.7530,0.7452,0.7352,0.7278,0.7196,0.7126,0.7066,0.7008,0.6958,0.6912,0.6870,0.6842,0.6812,0.6778,0.6744,0.6720,0.6684,0.6652,0.6618,0.6600,0.6580,0.6558,0.6538,0.6522,0.6508,0.6480
60,1.5000,DynamicV1Rebalance,3.3300,21266.7759,708.1836,spend25p,708.6549,721.1910,732.8251,744.7858,756.2248,768.5287,780.9473,793.0530,803.9249,812.7302,819.2161,822.4709,821.4016,816.4227,805.4606,789.9076,766.8980,733.2190,699.3465,658.3957,481.9685,442.0332,407.3116,375.1209,339.6776,305.6346,264.0459,214.8765,173.3900,98.3031,0.0000,0.0000,0.0000,0.0000,0.0000,0.0000,0.0000,0.0000,0.0000,0.0000,0.0000,0.0000,0.0000,0.0000,0.0000,0.0000,0.0000,0.0000,0.0000,0.0000,0.0000,0.0000,0.0000,0.0000,0.0000
60,1.5000,DynamicV1Rebalance,3.3300,21266.7759,708.1836,spend50p,713.6362,736.1522,759.5554,784.8554,812.5261,839.7474,868.0957,897.3965,926.3303,954.1150,978.9152,999.4217,1017.7474,1026.8646,1031.1035,1024.3714,1012.0368,993.0057,967.7717,944.8807,743.2299,716.7774,691.6806,670.2626,648.0607,626.7472,603.4363,579.5882,549.4801,517.8933,489.1093,460.5485,436.1549,415.6891,395.0319,380.9596,368.3664,354.3343,343.8480,332.4988,325.5095,321.3509,310.4092,304.7877,295.2771,288.2224,280.6374,270.8025,258.8724,250.5779,239.3764,225.7422,216.7689,203.1834,189.1115
60,1.5000,DynamicV1Rebalance,3.3300,21266.7759,708.1836,spend75p,718.7053,751.3792,788.6662,828.1307,870.1163,918.0850,966.2121,1013.7293,1064.9163,1114.1735,1161.2886,1204.8346,1243.0635,1278.8836,1300.1412,1310.1741,1316.7969,1312.3414,1305.7719,1284.7355,1039.6227,1024.3196,1002.4479,992.6703,974.7019,957.9511,929.6809,906.0301,879.5895,854.2590,826.8822,797.8410,771.0072,747.6792,732.9779,719.4349,713.8531,709.6993,711.5408,708.3434,710.4989,717.7667,725.0688,720.1884,719.5252,719.1459,718.4553,712.0826,704.2551,698.9861,687.0432,684.6311,670.8725,657.4252,644.3169
60,1.5000,DynamicV1Rebalance,3.6600,19349.2797,708.1836,survival,1.0000,1.0000,1.0000,1.0000,1.0000,1.0000,1.0000,1.0000,0.9994,0.9974,0.9944,0.9876,0.9788,0.9608,0.9460,0.9276,0.9080,0.8838,0.8594,0.8370,0.8188,0.8012,0.7842,0.7650,0.7496,0.7350,0.7196,0.7074,0.6946,0.6852,0.6788,0.6688,0.6600,0.6516,0.6448,0.6378,0.6310,0.6244,0.6198,0.6142,0.6100,0.6048,0.6020,0.5988,0.5962,0.5942,0.5926,0.5910,0.5896,0.5884,0.5864,0.5850,0.5830,0.5816,0.5804
60,1.5000,DynamicV1Rebalance,3.6600,19349.2797,708.1836,spend25p,708.6549,721.1910,732.8251,744.7858,756.2248,768.5287,780.9473,793.0530,803.8908,812.2514,818.3279,817.2484,815.2613,804.6405,789.5133,762.2061,731.4309,685.2725,637.1086,578.7912,404.8455,359.9973,307.5847,238.8049,0.0000,0.0000,0.0000,0.0000,0.0000,0.0000,0.0000,0.0000,0.0000,0.0000,0.0000,0.0000,0.0000,0.0000,0.0000,0.0000,0.0000,0.0000,0.0000,0.0000,0.0000,0.0000,0.0000,0.0000,0.0000,0.0000,0.0000,0.0000,0.0000,0.0000,0.0000
60,1.5000,DynamicV1Rebalance,3.6600,19349.2797,708.1836,spend50p,713.6362,736.1522,759.5554,784.8554,812.5261,839.7474,868.0957,897.3965,926.0149,953.5784,978.0225,996.7147,1011.7481,1015.1029,1013.8118,1005.6978,988.5606,964.3530,934.9746,905.2512,699.8971,673.1333,647.9738,616.9659,593.6016,566.5710,537.5327,508.3183,477.5212,449.3269,423.3618,398.5059,368.6223,347.4043,322.0816,305.4854,288.3851,275.4453,259.1092,249.0295,239.6071,227.2356,220.1847,213.7348,201.5622,192.6173,183.6268,174.9258,167.5191,158.8319,147.2355,135.3456,125.2241,114.2034,104.1705
60,1.5000,DynamicV1Rebalance,3.6600,19349.2797,708.1836,spend75p,718.7053,751.3792,788.6662,828.1307,870.1163,918.0850,966.2121,1013.7293,1064.5304,1113.5702,1159.9870,1203.3340,1237.4092,1265.9596,1286.0415,1292.2112,1292.4604,1280.9321,1260.8349,1239.9362,997.3062,980.4510,960.7049,934.6829,918.0014,894.4262,873.0387,847.2241,818.4351,789.2045,766.3493,740.1503,708.5120,689.2202,670.1652,653.3476,644.7108,639.1353,631.7524,632.3912,638.3354,637.5277,643.9666,638.3152,638.9707,634.3656,632.2576,628.6103,624.9015,620.5141,607.5490,599.2075,586.4192,571.1866,556.6991
60,1.5000,DynamicV1Rebalance,4.0000,17704.5910,708.1836,survival,1.0000,1.0000,1.0000,1.0000,1.0000,1.0000,1.0000,0.9998,0.9984,0.9960,0.9892,0.9800,0.9624,0.9428,0.9222,0.8966,0.8702,0.8400,0.8102,0.7826,0.7594,0.7400,0.7202,0.7002,0.6816,0.6662,0.6534,0.6414,0.6312,0.6194,0.6106,0.6004,0.5928,0.5824,0.5764,0.5718,0.5660,0.5608,0.5568,0.5532,0.5500,0.5468,0.5430,0.5384,0.5352,0.5318,0.5294,0.5282,0.5270,0.5258,0.5242,0.5232,0.5216,0.5198,0.5186
60,1.5000,DynamicV1Rebalance,4.0000,17704.5910,708.1836,spend25p,708.6549,721.1910,732.8251,744.7858,756.2248,768.5287,780.9473,792.8910,803.3742,811.6412,814.3599,812.9261,803.5506,789.3514,769.4165,730.9939,683.8203,625.0701,553.5851,471.7315,251.7884,0.0000,0.0000,0.0000,0.0000,0.0000,0.0000,0.0000,0.0000,0.0000,0.0000,0.0000,0.0000,0.0000,0.0000,0.0000,0.0000,0.0000,0.0000,0.0000,0.0000,0.0000,0.0000,0.0000,0.0000,0.0000,0.0000,0.0000,0.0000,0.0000,0.0000,0.0000,0.0000,0.0000,0.0000
60,1.5000,DynamicV1Rebalance,4.0000,17704.5910,708.1836,spend50p,713.6362,736.1522,759.5554,784.8554,812.5261,839.7474,868.0957,897.2778,925.6467,952.6157,974.4787,992.2999,1002.5149,1003.4207,998.3143,982.0815,956.3176,927.3717,891.9311,853.2513,653.2750,622.7224,590.3261,557.0707,524.6176,491.1330,461.5133,432.9340,401.4124,369.7630,344.1599,310.9955,285.7540,256.1495,235.1888,219.5992,202.8509,188.8605,178.2469,164.5750,155.5077,144.1272,131.5240,117.0338,105.2032,95.5143,86.5134,75.9915,66.9379,58.4499,49.2267,40.9646,30.7617,18.6352,9.6255
60,1.5000,DynamicV1Rebalance,4.0000,17704.5910,708.1836,spend75p,718.7053,751.3792,788.6662,828.1307,870.1163,918.0850,966.2121,1013.6083,1064.1440,1113.0281,1157.3147,1199.1065,1231.3210,1251.8546,1271.1887,1270.1703,1260.3471,1242.5807,1214.5237,1187.9011,953.4930,932.9359,908.2407,881.8319,858.1734,834.8264,807.2040,782.0990,756.4084,728.4838,703.1329,671.4962,643.8740,621.1057,607.0811,589.1052,575.7796,567.9526,566.3386,562.7943,562.0437,560.5850,560.5763,561.2737,560.7052,556.1952,553.1665,545.5394,540.6715,535.3649,526.9206,515.2678,503.2525,488.2513,476.7766
60,1.5000,DynamicV1Rebalance,5.0000,14163.6728,708.1836,survival,1.0000,1.0000,1.0000,1.0000,1.0000,1.0000,0.9998,0.9978,0.9934,0.9826,0.9624,0.9350,0.9008,0.8600,0.8174,0.7726,0.7250,0.6800,0.6418,0.6084,0.5882,0.5700,0.5498,0.5326,0.5152,0.4998,0.4848,0.4724,0.4602,0.4526,0.4438,0.4354,0.4284,0.4206,0.4148,0.4088,0.4032,0.3990,0.3960,0.3920,0.3876,0.3840,0.3818,0.3792,0.3772,0.3748,0.3724,0.3710,0.3702,0.3682,0.3670,0.3656,0.3642,0.3634,0.3618
60,1.5000,DynamicV1Rebalance,5.0000,14163.6728,708.1836,spend25p,708.6549,721.1910,732.8251,744.7858,756.2248,768.5287,780.8863,791.8239,802.0174,805.9349,797.2764,782.9683,755.4116,709.5617,637.5010,520.2300,0.0000,0.0000,0.0000,0.0000,0.0000,0.0000,0.0000,0.0000,0.0000,0.0000,0.0000,0.0000,0.0000,0.0000,0.0000,0.0000,0.0000,0.0000,0.0000,0.0000,0.0000,0.0000,0.0000,0.0000,0.0000,0.0000,0.0000,0.0000,0.0000,0.0000,0.0000,0.0000,0.0000,0.0000,0.0000,0.0000,0.0000,0.0000,0.0000
60,1.5000,DynamicV1Rebalance,5.0000,14163.6728,708.1836,spend50p,713.6362,736.1522,759.5554,784.8554,812.5261,839.7474,868.0835,896.8014,922.8090,945.8179,963.0499,967.3103,964.6722,946.8784,917.3388,883.6082,831.0423,773.4816,714.1608,645.1939,456.5690,403.7189,354.0528,295.1659,228.4334,0.0000,0.0000,0.0000,0.0000,0.0000,0.0000,0.0000,0.0000,0.0000,0.0000,0.0000,0.0000,0.0000,0.0000,0.0000,0.0000,0.0000,0.0000,0.0000,0.0000,0.0000,0.0000,0.0000,0.0000,0.0000,0.0000,0.0000,0.0000,0.0000,0.0000
60,1.5000,DynamicV1Rebalance,5.0000,14163.6728,708.1836,spend75p,718.7053,751.3792,788.6662,828.1307,870.1163,918.0850,966.1755,1012.8223,1062.4060,1107.4233,1146.7887,1175.0042,1194.9847,1202.9711,1197.0535,1179.7352,1150.4652,1102.3165,1062.3955,1030.4533,812.4943,785.4010,754.3501,726.5299,698.5580,671.7993,640.7175,616.4525,586.5619,555.9479,522.4878,493.1618,470.2110,442.7188,423.2234,403.9064,387.5339,375.2719,362.6140,350.6442,340.1227,333.7765,329.6806,322.9735,315.6976,310.5162,302.0904,293.3686,288.7315,277.1394,267.2574,256.5762,240.4839,229.2121,214.8326
60,1.5000,DynamicV1Rebalance,6.0000,11803.0606,708.1836,survival,1.0000,1.0000,1.0000,1.0000,1.0000,1.0000,0.9984,0.9928,0.9760,0.9484,0.9088,0.8574,0.8014,0.7356,0.6760,0.6146,0.5690,0.5372,0.5016,0.4618,0.4376,0.4162,0.3976,0.3810,0.3670,0.3556,0.3418,0.3320,0.3216,0.3138,0.3048,0.2976,0.2896,0.2846,0.2774,0.2722,0.2676,0.2644,0.2616,0.2580,0.2542,0.2514,0.2488,0.2466,0.2444,0.2428,0.2420,0.2408,0.2398,0.2384,0.2372,0.2366,0.2356,0.2344,0.2336
60,1.5000,DynamicV1Rebalance,6.0000,11803.0606,708.1836,spend25p,708.6549,721.1910,732.8251,744.7858,756.2248,768.5287,780.5472,789.9515,792.7784,784.9821,761.3221,714.5874,634.3913,0.0000,0.0000,0.0000,0.0000,0.0000,0.0000,0.0000,0.0000,0.0000,0.0000,0.0000,0.0000,0.0000,0.0000,0.0000,0.0000,0.0000,0.0000,0.0000,0.0000,0.0000,0.0000,0.0000,0.0000,0.0000,0.0000,0.0000,0.0000,0.0000,0.0000,0.0000,0.0000,0.0000,0.0000,0.0000,0.0000,0.0000,0.0000,0.0000,0.0000,0.0000,0.0000
60,1.5000,DynamicV1Rebalance,6.0000,11803.0606,708.1836,spend50p,713.6362,736.1522,759.5554,784.8554,812.5261,839.7474,867.8322,894.9468,915.7126,933.9628,938.0552,927.1097,899.2744,850.5828,798.3511,716.0804,626.3033,533.4971,284.7551,0.0000,0.0000,0.0000,0.0000,0.0000,0.0000,0.0000,0.0000,0.0000,0.0000,0.0000,0.0000,0.0000,0.0000,0.0000,0.0000,0.0000,0.0000,0.0000,0.0000,0.0000,0.0000,0.0000,0.0000,0.0000,0.0000,0.0000,0.0000,0.0000,0.0000,0.0000,0.0000,0.0000,0.0000,0.0000,0.0000
60,1.5000,DynamicV1Rebalance,6.0000,11803.0606,708.1836,spend75p,718.7053,751.3792,788.6662,828.1307,870.1163,918.0850,965.9420,1011.1854,1055.7230,1093.4651,1126.3833,1141.5724,1141.8922,1122.6011,1098.3506,1052.1241,1012.0134,982.8110,932.1110,870.3943,662.8181,622.0010,582.9814,545.7109,506.3651,474.4806,436.4589,407.1648,372.8998,339.8575,294.8065,263.7713,231.6519,206.9438,173.6165,145.5252,121.4268,103.0443,89.3736,66.5917,42.4272,0.0000,0.0000,0.0000,0.0000,0.0000,0.0000,0.0000,0.0000,0.0000,0.0000,0.0000,0.0000,0.0000,0.0000
60,1.5000,DynamicV1Rebalance,7.0000,10116.9091,708.1836,survival,1.0000,1.0000,1.0000,1.0000,1.0000,0.9994,0.9946,0.9754,0.9388,0.8906,0.8244,0.7428,0.6642,0.5938,0.5312,0.4798,0.4356,0.3926,0.3590,0.3284,0.3066,0.2894,0.2708,0.2582,0.2464,0.2374,0.2290,0.2206,0.2134,0.2058,0.2018,0.1972,0.1920,0.1882,0.1840,0.1800,0.1750,0.1726,0.1702,0.1686,0.1672,0.1650,0.1638,0.1626,0.1614,0.1608,0.1594,0.1580,0.1576,0.1564,0.1546,0.1536,0.1530,0.1524,0.1516
60,1.5000,DynamicV1Rebalance,7.0000,10116.9091,708.1836,spend25p,708.6549,721.1910,732.8251,744.7858,756.2248,768.1664,778.8833,783.9466,774.5617,746.3061,684.0289,0.0000,0.0000,0.0000,0.0000,0.0000,0.0000,0.0000,0.0000,0.0000,0.0000,0.0000,0.0000,0.0000,0.0000,0.0000,0.0000,0.0000,0.0000,0.0000,0.0000,0.0000,0.0000,0.0000,0.0000,0.0000,0.0000,0.0000,0.0000,0.0000,0.0000,0.0000,0.0000,0.0000,0.0000,0.0000,0.0000,0.0000,0.0000,0.0000,0.0000,0.0000,0.0000,0.0000,0.0000
60,1.5000,DynamicV1Rebalance,7.0000,10116.9091,708.1836,spend50p,713.6362,736.1522,759.5554,784.8554,812.5261,839.5607,866.5424,889.8055,903.8000,907.8953,890.6374,845.8011,788.2596,708.8072,572.5533,0.0000,0.0000,0.0000,0.0000,0.0000,0.0000,0.0000,0.0000,0.0000,0.0000,0.0000,0.0000,0.0000,0.0000,0.0000,0.0000,0.0000,0.0000,0.0000,0.0000,0.0000,0.0000,0.0000,0.0000,0.0000,0.0000,0.0000,0.0000,0.0000,0.0000,0.0000,0.0000,0.0000,0.0000,0.0000,0.0000,0.0000,0.0000,0.0000,0.0000
60,1.5000,DynamicV1Rebalance,7.0000,10116.9091,708.1836,spend75p,718.7053,751.3792,788.6662,828.1307,870.1163,917.9345,965.0688,1006.6269,1042.5640,1075.7931,1087.0141,1076.6043,1052.6285,1022.7538,975.1252,922.2064,865.9800,798.3949,739.5725,657.7264,449.8004,385.1467,300.1033,221.3440,0.0000,0.0000,0.0000,0.0000,0.0000,0.0000,0.0000,0.0000,0.0000,0.0000,0.0000,0.0000,0.0000,0.0000,0.0000,0.0000,0.0000,0.0000,0.0000,0.0000,0.0000,0.0000,0.0000,0.0000,0.0000,0.0000,0.0000,0.0000,0.0000,0.0000,0.0000
60,2.0000,DynamicV1Rebalance,2.5000,37483.1274,937.0782,survival,1.0000,1.0000,1.0000,1.0000,1.0000,1.0000,1.0000,1.0000,1.0000,1.0000,0.9998,0.9992,0.9984,0.9966,0.9948,0.9926,0.9892,0.9846,0.9788,0.9738,0.9682,0.9618,0.9552,0.9494,0.9404,0.9354,0.9274,0.9206,0.9116,0.9042,0.8964,0.8912,0.8868,0.8798,0.8752,0.8704,0.8660,0.8606,0.8570,0.8524,0.8496,0.8464,0.8436,0.8412,0.8396,0.8382,0.8348,0.8320,0.8298,0.8264,0.8236,0.8212,0.8190,0.8162,0.8148
60,2.0000,DynamicV1Rebalance,2.5000,37483.1274,937.0782,spend25p,937.7018,954.4477,969.9980,985.9785,1001.2664,1017.6975,1034.2777,1050.4369,1065.2007,1077.7822,1087.5939,1095.2154,1098.6324,1103.3221,1102.5826,1092.4788,1080.8441,1060.1848,1036.7147,1011.9011,833.9735,806.6968,780.4153,753.8799,723.0003,697.1642,665.6023,634.0352,597.8716,563.2982,530.6526,502.0838,475.9186,447.7499,427.5672,410.3864,389.8088,372.5973,357.8003,343.7446,332.9992,325.7603,313.5335,305.1509,298.3317,289.3429,277.5392,261.6550,248.9126,234.7437,221.4210,208.6796,198.0392,183.5866,170.8216
60,2.0000,DynamicV1Rebalance,2.5000,37483.1274,937.0782,spend50p,944.2931,974.2479,1005.3793,1039.0243,1075.8111,1112.0065,1149.6960,1188.6448,1227.4607,1265.0142,1299.1860,1330.0698,1357.1259,1380.1097,1393.9076,1401.4717,1398.7391,1381.8562,1368.1182,1355.3712,1143.4521,1126.9964,1109.0771,1085.9310,1065.4226,1050.5426,1026.9450,1002.0413,970.1521,937.4183,902.7797,869.9069,845.3118,815.5098,791.5904,773.3521,765.4495,754.9746,749.7243,743.4961,740.8969,736.9358,736.9327,734.8218,736.8243,734.4911,726.7224,722.0990,713.1453,698.1209,684.6928,677.3751,661.7364,650.1595,637.5861
60,2.0000,DynamicV1Rebalance,2.5000,37483.1274,937.0782,spend75p,951.0006,994.3997,1043.9115,1096.3139,1152.0624,1215.7423,1279.6403,1342.7332,1410.8699,1477.9060,1540.6258,1602.2984,1660.1643,1708.6601,1753.9253,1783.3832,1805.0989,1827.0621,1830.0975,1836.4884,1592.2360,1576.5270,1562.8773,1545.2844,1533.8137,1529.1875,1515.6627,1493.9895,1466.4669,1430.2801,1392.3472,1364.4149,1337.5822,1313.1662,1295.2967,1284.6355,1280.1502,1280.6406,1291.3590,1292.2977,1307.4059,1320.9788,1330.2745,1338.7787,1357.0108,1365.5916,1365.9338,1367.2660,1364.3509,1364.6215,1362.9133,1357.5520,1356.8793,1339.1505,1326.8801
60,2.0000,DynamicV1Rebalance,2.8000,33467.0780,937.0782,survival,1.0000,1.0000,1.0000,1.0000,1.0000,1.0000,1.0000,1.0000,1.0000,0.9998,0.9990,0.9980,0.9960,0.9932,0.9888,0.9824,0.9756,0.9676,0.9580,0.9476,0.9374,0.9280,0.9190,0.9078,0.8998,0.8910,0.8804,0.8706,0.8636,0.8536,0.8448,0.8390,0.8306,0.8244,0.8182,0.8134,0.8072,0.8008,0.7966,0.7894,0.7848,0.7796,0.7762,0.7730,0.7704,0.7674,0.7642,0.7614,0.7592,0.7566,0.7538,0.7528,0.7496,0.7484,0.7462
60,2.0000,DynamicV1Rebalance,2.8000,33467.0780,937.0782,spend25p,937.7018,954.4477,969.9980,985.9785,1001.2664,1017.6975,1034.2777,1050.4369,1065.2007,1077.7007,1086.6721,1093.6806,1094.6639,1098.8209,1096.5677,1082.5834,1064.8599,1040.9114,1011.6340,980.1931,793.0445,759.5392,724.9280,686.8964,656.7207,622.0551,589.7559,553.4453,519.5128,477.3960,444.0199,412.8059,381.6147,352.1180,327.4844,307.1869,287.5431,264.4885,246.0771,222.0898,203.4757,181.6615,168.7146,158.9390,143.5088,126.3707,102.7233,87.6371,66.8645,47.1781,13.1951,1.8305,0.0000,0.0000,0.0000
60,2.0000,DynamicV1Rebalance,2.8000,33467.0780,937.0782,spend50p,944.2931,974.2479,1005.3793,1039.0243,1075.8111,1112.0065,1149.6960,1188.6448,1227.4607,1264.9805,1298.4533,1327.7059,1354.8943,1376.9164,1388.5469,1391.2369,1381.3199,1361.5215,1342.1039,1320.1008,1111.7155,1090.3871,1063.5828,1037.7797,1015.0159,992.3528,966.2573,935.0817,909.8247,871.1098,839.8337,807.5062,771.1910,739.8510,718.6014,703.6397,688.3176,671.8654,662.6894,653.0559,646.9971,641.5808,640.3217,637.6834,632.9675,628.0431,615.4928,606.5332,596.9657,586.0437,572.1671,559.0087,548.1630,542.7666,532.5963
60,2.0000,DynamicV1Rebalance,2.8000,33467.0780,937.0782,spend75p,951.0006,994.3997,1043.9115,1096.3139,1152.0624,1215.7423,1279.6403,1342.7332,1410.8699,1477.8726,1539.7948,1600.8077,1657.9307,1705.1099,1747.0258,1776.0305,1790.2129,1799.4968,1798.1101,1795.1729,1552.2751,1527.1328,1510.4504,1491.2101,1480.6310,1463.6159,1440.5844,1416.1501,1383.8646,1347.4082,1314.5646,1284.6496,1255.7571,1228.8631,1203.1190,1189.6795,1184.7578,1177.0344,1185.5626,1189.0278,1200.6047,1208.5547,1217.3767,1237.1846,1236.3553,1236.6012,1243.3065,1238.1238,1241.6200,1244.2941,1235.4345,1232.4131,1217.9116,1208.9998,1193.1084
60,2.0000,DynamicV1Rebalance,3.0000,31235.9395,937.0782,survival,1.0000,1.0000,1.0000,1.0000,1.0000,1.0000,1.0000,1.0000,1.0000,0.9996,0.9980,0.9966,0.9934,0.9890,0.9820,0.9722,0.9628,0.9518,0.9390,0.9274,0.9120,0.9022,0.8900,0.8788,0.8676,0.8580,0.8462,0.8342,0.8238,0.8148,0.8056,0.7996,0.7882,0.7788,0.7722,0.7650,0.7592,0.7528,0.7488,0.7432,0.7388,0.7350,0.7318,0.7298,0.7268,0.7250,0.7208,0.7178,0.7158,0.7126,0.7096,0.7070,0.7052,0.7030,0.7006
60,2.0000,DynamicV1Rebalance,3.0000,31235.9395,937.0782,spend25p,937.7018,954.4477,969.9980,985.9785,1001.2664,1017.6975,1034.2777,1050.4369,1065.2007,1077.5345,1085.9906,1092.0368,1093.0992,1092.1625,1088.7025,1072.3066,1050.5138,1015.9517,980.8540,944.7417,757.0253,718.4452,677.3947,643.8120,604.7762,569.5871,525.2775,481.3257,439.9226,401.3989,361.7871,334.0310,290.0051,246.1038,209.8698,172.4741,141.3362,69.3112,0.0000,0.0000,0.0000,0.0000,0.0000,0.0000,0.0000,0.0000,0.0000,0.0000,0.0000,0.0000,0.0000,0.0000,0.0000,0.0000,0.0000
60,2.0000,DynamicV1Rebalance,3.0000,31235.9395,937.0782,spend50p,944.2931,974.2479,1005.3793,1039.0243,1075.8111,1112.0065,1149.6960,1188.6448,1227.4607,1264.7513,1297.6511,1327.3388,1352.6008,1372.1051,1383.3533,1381.6311,1368.8147,1343.7932,1323.1020,1296.8077,1084.7987,1060.9579,1031.3216,1008.0139,978.8302,954.6320,924.3596,894.5321,861.5599,828.7570,790.9149,757.1061,719.4183,688.8532,662.5927,646.4106,625.7792,610.0080,599.3248,589.3023,585.0939,576.7154,572.2177,570.6495,565.1868,557.0486,544.6911,537.6359,532.0426,514.5760,503.5155,485.3916,474.2633,464.0793,454.8644
60,2.0000,DynamicV1Rebalance,3.0000,31235.9395,937.0782,spend75p,951.0006,994.3997,1043.9115,1096.3139,1152.0624,1215.7423,1279.6403,1342.7332,1410.8699,1477.8088,1539.0202,1600.2602,1656.1069,1700.9286,1738.7453,1763.8220,1777.7347,1774.7396,1767.6287,1762.5789,1505.0061,1487.1273,1472.1635,1454.8604,1434.3387,1415.8871,1395.2280,1358.7069,1327.0552,1293.7456,1263.9450,1237.5266,1187.8360,1162.2584,1142.3662,1122.5908,1118.9164,1114.7305,1116.9443,1121.1554,1132.2665,1138.6877,1151.5659,1166.6244,1168.0516,1175.5546,1168.8602,1175.6292,1174.9142,1163.0710,1156.8180,1139.3077,1131.4627,1123.1629,1107.5985
60,2.0000,DynamicV1Rebalance,3.3300,28140.4860,937.0782,survival,1.0000,1.0000,1.0000,1.0000,1.0000,1.0000,1.0000,1.0000,0.9998,0.9984,0.9970,0.9930,0.9872,0.9780,0.9652,0.9518,0.9380,0.9204,0.9030,0.8848,0.8694,0.8536,0.8380,0.8246,0.8106,0.7958,0.7822,0.7682,0.7562,0.7456,0.7354,0.7252,0.7164,0.7080,0.7018,0.6956,0.6900,0.6868,0.6822,0.6762,0.6718,0.6666,0.6612,0.6592,0.6556,0.6518,0.6494,0.6474,0.6448,0.6406,0.6392,0.6360,0.6336,0.6324,0.6308
60,2.0000,DynamicV1Rebalance,3.3300,28140.4860,937.0782,spend25p,937.7018,954.4477,969.9980,985.9785,1001.2664,1017.6975,1034.2777,1050.4369,1064.9510,1076.7130,1085.3836,1089.7510,1088.3262,1081.7654,1067.2073,1046.1492,1015.9493,970.3888,926.0053,871.8521,681.4881,623.6859,579.9933,534.2553,486.1535,430.8110,368.4519,309.8614,219.6318,0.0000,0.0000,0.0000,0.0000,0.0000,0.0000,0.0000,0.0000,0.0000,0.0000,0.0000,0.0000,0.0000,0.0000,0.0000,0.0000,0.0000,0.0000,0.0000,0.0000,0.0000,0.0000,0.0000,0.0000,0.0000,0.0000
60,2.0000,DynamicV1Rebalance,3.3300,28140.4860,937.0782,spend50p,944.2931,974.2479,1005.3793,1039.0243,1075.8111,1112.0065,1149.6960,1188.6448,1227.1002,1264.0209,1296.9697,1324.2058,1348.5228,1360.6024,1366.1763,1357.1056,1340.6974,1315.2978,1281.5554,1251.2175,1041.8653,1003.0743,973.6265,945.0240,912.6206,884.8363,857.0678,823.1622,780.5177,737.6494,697.3901,659.9912,628.8658,597.4608,576.4588,558.3471,538.4874,527.2876,512.7084,498.5171,491.0089,477.9131,463.2269,456.6994,450.9089,438.1090,427.5401,417.1165,406.9849,388.9708,378.3183,362.2071,347.4351,334.1804,322.1351
60,2.0000,DynamicV1Rebalance,3.3300,28140.4860,937.0782,spend75p,951.0006,994.3997,1043.9115,1096.3139,1152.0624,1215.7423,1279.6403,1342.7332,1410.6836,1476.0680,1538.5971,1596.3721,1647.0681,1694.5292,1722.6419,1735.7958,1744.4287,1738.3163,1729.3731,1701.2555,1448.0040,1426.7338,1400.2683,1388.3711,1364.3784,1344.9989,1306.5405,1276.9277,1239.8976,1206.6461,1167.0309,1131.7981,1099.8462,1067.0830,1049.3999,1034.6389,1032.6823,1031.7761,1035.9355,1031.5655,1032.6786,1045.8478,1047.9056,1056.5770,1054.0918,1055.0739,1060.1802,1059.8104,1052.2530,1039.7378,1038.0768,1028.6106,1014.4840,996.6404,991.1367
60,2.0000,DynamicV1Rebalance,3.6600,25603.2291,937.0782,survival,1.0000,1.0000,1.0000,1.0000,1.0000,1.0000,1.0000,1.0000,0.9994,0.9974,0.9944,0.9872,0.9788,0.9606,0.9460,0.9274,0.9076,0.8838,0.8592,0.8360,0.8178,0.7970,0.7812,0.7610,0.7440,0.7290,0.7130,0.7002,0.6870,0.6778,0.6694,0.6590,0.6494,0.6410,0.6328,0.6236,0.6174,0.6124,0.6080,0.6014,0.5976,0.5932,0.5906,0.5872,0.5836,0.5820,0.5788,0.5768,0.5748,0.5730,0.5706,0.5682,0.5672,0.5644,0.5634
60,2.0000,DynamicV1Rebalance,3.6600,25603.2291,937.0782,spend25p,937.7018,954.4477,969.9980,985.9785,1001.2664,1017.6975,1034.2777,1050.4369,1064.9058,1076.0786,1084.2068,1082.4829,1080.2271,1065.9658,1046.0777,1009.6537,967.8124,907.7061,843.3493,764.3144,574.2002,504.5448,434.1358,325.7465,0.0000,0.0000,0.0000,0.0000,0.0000,0.0000,0.0000,0.0000,0.0000,0.0000,0.0000,0.0000,0.0000,0.0000,0.0000,0.0000,0.0000,0.0000,0.0000,0.0000,0.0000,0.0000,0.0000,0.0000,0.0000,0.0000,0.0000,0.0000,0.0000,0.0000,0.0000
60,2.0000,DynamicV1Rebalance,3.6600,25603.2291,937.0782,spend50p,944.2931,974.2479,1005.3793,1039.0243,1075.8111,1112.0065,1149.6960,1188.6448,1226.6824,1263.3101,1295.7870,1320.3796,1340.5736,1344.8537,1343.2654,1332.1985,1309.3665,1277.3739,1238.0761,1197.6967,981.4128,943.6252,910.8406,869.8101,836.8250,800.0912,758.5303,722.9111,676.8063,639.5801,605.6553,570.0196,532.2448,497.9669,466.3995,441.3880,423.3158,402.4376,388.4701,368.1793,352.4779,343.5105,333.5417,321.3801,310.5480,297.8701,289.0919,278.4126,264.3917,251.6197,238.7992,227.1671,214.8602,201.6617,189.5188
60,2.0000,DynamicV1Rebalance,3.6600,25603.2291,937.0782,spend75p,951.0006,994.3997,1043.9115,1096.3139,1152.0624,1215.7423,1279.6403,1342.7332,1410.1725,1475.2687,1536.8726,1594.1834,1639.5762,1677.1484,1703.9603,1712.0231,1711.7795,1696.7118,1669.3827,1640.6394,1391.3703,1367.2757,1340.7429,1308.2378,1282.8168,1250.1863,1220.8573,1187.3780,1154.8820,1118.0833,1085.5674,1050.2921,1013.0663,984.5672,959.0674,936.6903,924.2522,921.3421,922.8239,922.9391,936.0625,933.3742,933.3073,935.6690,937.7622,927.6374,927.3404,933.9149,933.9731,927.6143,911.9198,897.0051,891.1274,870.9896,863.1472
60,2.0000,DynamicV1Rebalance,4.0000,23426.9546,937.0782,survival,1.0000,1.0000,1.0000,1.0000,1.0000,1.0000,1.0000,0.9998,0.9984,0.9960,0.9892,0.9796,0.9624,0.9426,0.9218,0.8956,0.8700,0.8388,0.8100,0.7822,0.7588,0.7376,0.7156,0.6944,0.6748,0.6602,0.6468,0.6352,0.6224,0.6110,0.5996,0.5906,0.5796,0.5734,0.5676,0.5604,0.5558,0.5502,0.5454,0.5404,0.5358,0.5322,0.5280,0.5254,0.5228,0.5218,0.5182,0.5164,0.5154,0.5130,0.5110,0.5092,0.5078,0.5060,0.5042
60,2.0000,DynamicV1Rebalance,4.0000,23426.9546,937.0782,spend25p,937.7018,954.4477,969.9980,985.9785,1001.2664,1017.6975,1034.2777,1050.2222,1064.2215,1075.2702,1078.9495,1076.8692,1064.7104,1045.3473,1018.7679,967.8205,905.2616,822.8716,733.1632,623.3243,362.7835,0.0000,0.0000,0.0000,0.0000,0.0000,0.0000,0.0000,0.0000,0.0000,0.0000,0.0000,0.0000,0.0000,0.0000,0.0000,0.0000,0.0000,0.0000,0.0000,0.0000,0.0000,0.0000,0.0000,0.0000,0.0000,0.0000,0.0000,0.0000,0.0000,0.0000,0.0000,0.0000,0.0000,0.0000
60,2.0000,DynamicV1Rebalance,4.0000,23426.9546,937.0782,spend50p,944.2931,974.2479,1005.3793,1039.0243,1075.8111,1112.0065,1149.6960,1188.4876,1226.1946,1262.0346,1291.0918,1314.2801,1328.3395,1329.5390,1322.4449,1299.2377,1266.6610,1226.8761,1181.2796,1129.8014,917.2688,874.5915,829.7416,783.8457,735.2428,694.7541,656.4438,614.3517,570.9925,531.5113,485.3395,446.3767,403.0927,375.5904,347.4481,322.5588,301.4089,283.3651,262.3280,239.3693,220.7953,204.3562,185.2981,174.9191,161.7576,151.3227,134.2486,118.6978,108.4814,87.6734,70.5064,51.2692,35.4641,17.0683,0.0000
60,2.0000,DynamicV1Rebalance,4.0000,23426.9546,937.0782,spend75p,951.0006,994.3997,1043.9115,1096.3139,1152.0624,1215.7423,1279.6403,1342.5730,1409.6606,1474.5506,1533.3321,1587.9746,1631.5092,1658.7156,1684.2808,1681.7163,1669.4701,1643.8707,1608.5234,1572.7971,1331.1208,1302.0415,1267.6931,1234.6582,1201.0065,1169.5194,1134.1202,1104.0486,1067.6450,1034.2425,993.7527,958.6301,913.6239,892.1231,865.9898,847.8129,839.6966,826.6231,826.2808,822.7453,820.8696,819.4253,821.0008,818.6865,824.7736,830.9814,828.9046,808.5134,806.5935,805.7302,795.1497,789.2899,771.3532,759.0756,746.6400
60,2.0000,DynamicV1Rebalance,5.0000,18741.5637,937.0782,survival,1.0000,1.0000,1.0000,1.0000,1.0000,1.0000,0.9998,0.9978,0.9934,0.9824,0.9622,0.9348,0.9002,0.8590,0.8174,0.7716,0.7242,0.6790,0.6414,0.6082,0.5868,0.5666,0.5456,0.5278,0.5102,0.4912,0.4766,0.4626,0.4532,0.4434,0.4346,0.4242,0.4166,0.4098,0.4032,0.3976,0.3930,0.3884,0.3832,0.3792,0.3764,0.3746,0.3702,0.3670,0.3642,0.3620,0.3602,0.3580,0.3558,0.3538,0.3522,0.3500,0.3488,0.3474,0.3462
60,2.0000,DynamicV1Rebalance,5.0000,18741.5637,937.0782,spend25p,937.7018,954.4477,969.9980,985.9785,1001.2664,1017.6975,1034.1969,1048.8089,1062.4242,1067.5385,1056.3156,1037.3773,999.5904,938.4327,844.6667,682.2442,0.0000,0.0000,0.0000,0.0000,0.0000,0.0000,0.0000,0.0000,0.0000,0.0000,0.0000,0.0000,0.0000,0.0000,0.0000,0.0000,0.0000,0.0000,0.0000,0.0000,0.0000,0.0000,0.0000,0.0000,0.0000,0.0000,0.0000,0.0000,0.0000,0.0000,0.0000,0.0000,0.0000,0.0000,0.0000,0.0000,0.0000,0.0000,0.0000
60,2.0000,DynamicV1Rebalance,5.0000,18741.5637,937.0782,spend50p,944.2931,974.2479,1005.3793,1039.0243,1075.8111,1112.0065,1149.6799,1187.8566,1222.4355,1252.9318,1275.9497,1281.1609,1277.6343,1254.0661,1215.4420,1168.3734,1099.2388,1023.8440,945.2905,852.8780,645.1994,569.9534,499.0573,415.9625,316.1357,0.0000,0.0000,0.0000,0.0000,0.0000,0.0000,0.0000,0.0000,0.0000,0.0000,0.0000,0.0000,0.0000,0.0000,0.0000,0.0000,0.0000,0.0000,0.0000,0.0000,0.0000,0.0000,0.0000,0.0000,0.0000,0.0000,0.0000,0.0000,0.0000,0.0000
60,2.0000,DynamicV1Rebalance,5.0000,18741.5637,937.0782,spend75p,951.0006,994.3997,1043.9115,1096.3139,1152.0624,1215.7423,1279.5918,1341.5318,1407.3583,1466.9224,1519.3862,1556.2515,1583.1823,1593.5179,1586.0543,1561.9272,1523.6685,1459.4243,1405.9348,1364.3893,1136.7800,1099.2770,1055.1101,1018.5642,980.3631,937.8595,902.6672,866.7497,825.6724,785.7098,742.6325,699.6537,668.4529,637.4834,611.6864,581.9802,564.3161,543.7532,527.1517,517.5785,506.4693,505.6344,489.3271,482.1042,471.1848,463.3450,455.1132,447.1733,424.4747,411.5387,403.2285,387.4772,369.8486,353.5431,345.8406
60,2.0000,DynamicV1Rebalance,6.0000,15617.9697,937.0782,survival,1.0000,1.0000,1.0000,1.0000,1.0000,1.0000,0.9984,0.9928,0.9760,0.9484,0.9082,0.8572,0.8008,0.7346,0.6750,0.6142,0.5680,0.5370,0.5006,0.4616,0.4366,0.4132,0.3944,0.3780,0.3632,0.3488,0.3344,0.3232,0.3138,0.3052,0.2954,0.2870,0.2798,0.2728,0.2670,0.2620,0.2592,0.2554,0.2494,0.2478,0.2446,0.2426,0.2394,0.2380,0.2364,0.2350,0.2330,0.2312,0.2298,0.2278,0.2256,0.2246,0.2240,0.2226,0.2212
60,2.0000,DynamicV1Rebalance,6.0000,15617.9697,937.0782,spend25p,937.7018,954.4477,969.9980,985.9785,1001.2664,1017.6975,1033.7478,1046.3287,1050.1853,1039.9520,1008.1532,946.5813,839.1615,0.0000,0.0000,0.0000,0.0000,0.0000,0.0000,0.0000,0.0000,0.0000,0.0000,0.0000,0.0000,0.0000,0.0000,0.0000,0.0000,0.0000,0.0000,0.0000,0.0000,0.0000,0.0000,0.0000,0.0000,0.0000,0.0000,0.0000,0.0000,0.0000,0.0000,0.0000,0.0000,0.0000,0.0000,0.0000,0.0000,0.0000,0.0000,0.0000,0.0000,0.0000,0.0000
60,2.0000,DynamicV1Rebalance,6.0000,15617.9697,937.0782,spend50p,944.2931,974.2479,1005.3793,1039.0243,1075.8111,1112.0065,1149.3471,1185.4000,1213.0350,1237.3231,1242.6752,1228.3944,1190.9264,1125.1474,1056.9662,947.9577,827.3118,704.9729,349.6752,0.0000,0.0000,0.0000,0.0000,0.0000,0.0000,0.0000,0.0000,0.0000,0.0000,0.0000,0.0000,0.0000,0.0000,0.0000,0.0000,0.0000,0.0000,0.0000,0.0000,0.0000,0.0000,0.0000,0.0000,0.0000,0.0000,0.0000,0.0000,0.0000,0.0000,0.0000,0.0000,0.0000,0.0000,0.0000,0.0000
60,2.0000,DynamicV1Rebalance,6.0000,15617.9697,937.0782,spend75p,951.0006,994.3997,1043.9115,1096.3139,1152.0624,1215.7423,1279.2826,1339.3636,1398.5054,1448.6333,1492.1727,1512.5515,1513.0154,1486.3434,1454.2248,1393.0137,1340.2427,1301.4531,1231.3970,1152.5821,928.9027,870.3567,822.3817,770.9153,714.1351,664.3718,614.7795,571.6379,518.8462,462.2954,406.7994,358.5521,315.8172,267.1019,229.3901,180.7611,157.5004,125.2192,0.0000,0.0000,0.0000,0.0000,0.0000,0.0000,0.0000,0.0000,0.0000,0.0000,0.0000,0.0000,0.0000,0.0000,0.0000,0.0000,0.0000
60,2.0000,DynamicV1Rebalance,7.0000,13386.8312,937.0782,survival,1.0000,1.0000,1.0000,1.0000,1.0000,0.9994,0.9946,0.9750,0.9386,0.8898,0.8242,0.7428,0.6638,0.5928,0.5310,0.4792,0.4348,0.3918,0.3582,0.3276,0.3050,0.2860,0.2670,0.2526,0.2424,0.2338,0.2240,0.2154,0.2070,0.2020,0.1960,0.1892,0.1852,0.1796,0.1748,0.1708,0.1678,0.1648,0.1636,0.1622,0.1606,0.1590,0.1570,0.1556,0.1536,0.1528,0.1522,0.1504,0.1494,0.1484,0.1480,0.1470,0.1460,0.1446,0.1442
60,2.0000,DynamicV1Rebalance,7.0000,13386.8312,937.0782,spend25p,937.7018,954.4477,969.9980,985.9785,1001.2664,1017.2178,1031.5442,1038.1941,1025.9802,988.0415,906.1546,0.0000,0.0000,0.0000,0.0000,0.0000,0.0000,0.0000,0.0000,0.0000,0.0000,0.0000,0.0000,0.0000,0.0000,0.0000,0.0000,0.0000,0.0000,0.0000,0.0000,0.0000,0.0000,0.0000,0.0000,0.0000,0.0000,0.0000,0.0000,0.0000,0.0000,0.0000,0.0000,0.0000,0.0000,0.0000,0.0000,0.0000,0.0000,0.0000,0.0000,0.0000,0.0000,0.0000,0.0000
60,2.0000,DynamicV1Rebalance,7.0000,13386.8312,937.0782,spend50p,944.2931,974.2479,1005.3793,1039.0243,1075.8111,1111.7592,1147.6389,1178.4455,1197.2219,1202.4401,1180.0100,1120.6628,1043.5304,937.9847,757.0327,0.0000,0.0000,0.0000,0.0000,0.0000,0.0000,0.0000,0.0000,0.0000,0.0000,0.0000,0.0000,0.0000,0.0000,0.0000,0.0000,0.0000,0.0000,0.0000,0.0000,0.0000,0.0000,0.0000,0.0000,0.0000,0.0000,0.0000,0.0000,0.0000,0.0000,0.0000,0.0000,0.0000,0.0000,0.0000,0.0000,0.0000,0.0000,0.0000,0.0000
60,2.0000,DynamicV1Rebalance,7.0000,13386.8312,937.0782,spend75p,951.0006,994.3997,1043.9115,1096.3139,1152.0624,1215.5430,1278.1261,1333.1065,1381.0737,1424.7056,1440.1904,1426.4706,1394.6356,1353.8068,1292.0069,1220.3069,1146.4101,1057.1554,975.6311,868.9206,632.3866,539.4143,417.3045,263.0940,0.0000,0.0000,0.0000,0.0000,0.0000,0.0000,0.0000,0.0000,0.0000,0.0000,0.0000,0.0000,0.0000,0.0000,0.0000,0.0000,0.0000,0.0000,0.0000,0.0000,0.0000,0.0000,0.0000,0.0000,0.0000,0.0000,0.0000,0.0000,0.0000,0.0000,0.0000
60,3.0000,DynamicV1Rebalance,2.5000,55794.6911,1394.8673,survival,1.0000,1.0000,1.0000,1.0000,1.0000,1.0000,1.0000,1.0000,1.0000,1.0000,0.9998,0.9992,0.9984,0.9966,0.9948,0.9926,0.9890,0.9844,0.9788,0.9738,0.9680,0.9610,0.9540,0.9474,0.9398,0.9316,0.9240,0.9146,0.9068,0.8984,0.8916,0.8864,0.8792,0.8734,0.8680,0.8638,0.8566,0.8526,0.8486,0.8442,0.8416,0.8398,0.8368,0.8340,0.8300,0.8270,0.8222,0.8184,0.8156,0.8120,0.8090,0.8074,0.8038,0.8014,0.7996
60,3.0000,DynamicV1Rebalance,2.5000,55794.6911,1394.8673,spend25p,1395.7955,1420.9611,1444.3437,1468.3639,1491.3495,1516.0351,1540.9386,1565.2045,1587.3754,1606.2720,1621.0128,1632.4559,1637.5932,1644.5827,1643.4285,1628.2609,1610.6826,1579.4596,1544.5907,1507.3905,1317.6144,1276.9835,1237.3911,1197.5828,1153.8015,1111.0573,1065.0116,1011.9923,958.2353,904.8419,855.8360,820.1465,772.9450,737.3836,703.5769,677.0490,642.6849,615.4324,598.5822,582.5573,571.4870,560.4380,543.1317,533.9794,519.6934,503.2964,470.6991,447.7210,434.4884,414.8189,390.2541,377.4158,358.9156,340.9722,317.2583
60,3.0000,DynamicV1Rebalance,2.5000,55794.6911,1394.8673,spend50p,1405.6069,1450.4392,1497.0271,1547.3621,1602.3812,1656.5245,1712.8967,1771.1414,1829.1772,1885.3131,1936.3821,1982.5145,2022.8971,2057.1551,2077.6561,2088.7925,2084.3546,2058.7357,2038.3455,2019.0448,1796.3649,1770.3848,1746.8101,1712.5010,1685.3915,1660.8200,1628.1565,1583.7436,1544.4083,1492.1658,1446.2605,1398.9089,1360.8100,1322.3947,1284.6892,1266.1113,1241.3956,1229.3522,1227.6647,1228.1627,1228.4934,1225.4914,1228.4742,1225.7793,1226.6145,1222.6281,1212.4154,1197.5336,1198.0610,1174.6316,1156.1726,1140.8375,1133.5444,1116.4865,1097.7537
60,3.0000,DynamicV1Rebalance,2.5000,55794.6911,1394.8673,spend75p,1415.5912,1480.4408,1554.4022,1632.6804,1715.9547,1811.0569,1906.4967,2000.7410,2102.4959,2202.5963,2296.2379,2388.2806,2474.5983,2546.8836,2614.2721,2658.0040,2690.1083,2721.1728,2726.6438,2735.7469,2493.0066,2467.7012,2444.0593,2425.4544,2415.0297,2403.7225,2385.8902,2347.9298,2307.4075,2259.9105,2202.4369,2171.9726,2127.3430,2089.5317,2076.4085,2063.6487,2044.5218,2059.4802,2082.8770,2092.5697,2107.5282,2147.9754,2170.0056,2190.0893,2218.0093,2228.6485,2216.5604,2225.2329,2229.1706,2237.2129,2235.2618,2248.3489,2224.6373,2217.9434,2201.4911
60,3.0000,DynamicV1Rebalance,2.8000,49816.6885,1394.8673,survival,1.0000,1.0000,1.0000,1.0000,1.0000,1.0000,1.0000,1.0000,1.0000,0.9998,0.9990,0.9980,0.9960,0.9932,0.9886,0.9824,0.9754,0.9674,0.9580,0.9470,0.9366,0.9266,0.9158,0.9064,0.8964,0.8872,0.8756,0.8666,0.8578,0.8470,0.8392,0.8310,0.8238,0.8176,0.8084,0.8022,0.7970,0.7888,0.7824,0.7770,0.7720,0.7682,0.7650,0.7608,0.7578,0.7548,0.7506,0.7480,0.7440,0.7412,0.7390,0.7358,0.7318,0.7288,0.7276
60,3.0000,DynamicV1Rebalance,2.8000,49816.6885,1394.8673,spend25p,1395.7955,1420.9611,1444.3437,1468.3639,1491.3495,1516.0351,1540.9386,1565.2045,1587.3754,1606.1505,1619.6390,1630.1683,1631.6779,1637.8734,1632.7585,1613.5125,1586.5914,1551.0196,1507.2234,1458.9612,1251.7079,1199.2355,1141.6974,1092.7359,1046.0605,993.1777,934.1158,885.5272,829.4800,770.7743,717.1158,667.6531,623.2149,580.0766,533.3327,498.1437,465.9463,418.7407,383.5291,346.0326,315.7946,291.1812,260.7635,226.5762,186.9105,145.2491,61.6745,0.0000,0.0000,0.0000,0.0000,0.0000,0.0000,0.0000,0.0000
60,3.0000,DynamicV1Rebalance,2.8000,49816.6885,1394.8673,spend50p,1405.6069,1450.4392,1497.0271,1547.3621,1602.3812,1656.5245,1712.8967,1771.1414,1829.1772,1885.2629,1935.2900,1978.9910,2019.5706,2052.3952,2069.3470,2073.5382,2058.3982,2028.0612,1999.5872,1965.6663,1747.7674,1713.5955,1671.2172,1641.6815,1601.7743,1568.2648,1529.2131,1487.9241,1442.9621,1392.9626,1346.6754,1295.9411,1244.1258,1197.9834,1167.4648,1141.5909,1123.8004,1101.4289,1085.1698,1073.3690,1065.8326,1059.7156,1060.6774,1058.0562,1048.9923,1039.5552,1031.5485,1017.7887,995.9831,985.6105,970.2110,953.4132,938.4948,923.2120,915.1514
60,3.0000,DynamicV1Rebalance,2.8000,49816.6885,1394.8673,spend75p,1415.5912,1480.4408,1554.4022,1632.6804,1715.9547,1811.0569,1906.4967,2000.7410,2102.4959,2202.5464,2294.9993,2386.0586,2471.2689,2541.5918,2603.3189,2647.0453,2667.3835,2681.4313,2678.9861,2672.8096,2426.3404,2389.4551,2360.2073,2345.5087,2325.7624,2303.2183,2269.8340,2228.4709,2177.2177,2132.2321,2087.7188,2039.7802,1995.6903,1965.1059,1928.0432,1905.5633,1916.7772,1902.6564,1906.2943,1914.0548,1938.2253,1960.3867,1979.2715,1998.0437,2013.3196,2026.9593,2021.4875,2026.9827,2032.8321,2026.3208,2024.0132,2000.3145,1991.0805,1989.9049,1977.1515
60,3.0000,DynamicV1Rebalance,3.0000,46495.5759,1394.8673,survival,1.0000,1.0000,1.0000,1.0000,1.0000,1.0000,1.0000,1.0000,1.0000,0.9996,0.9980,0.9966,0.9932,0.9888,0.9820,0.9722,0.9626,0.9516,0.9390,0.9272,0.9110,0.9006,0.8884,0.8758,0.8658,0.8528,0.8420,0.8284,0.8178,0.8086,0.7994,0.7870,0.7774,0.7698,0.7602,0.7536,0.7474,0.7430,0.7376,0.7316,0.7274,0.7238,0.7190,0.7154,0.7128,0.7092,0.7056,0.7028,0.7006,0.6980,0.6960,0.6932,0.6906,0.6878,0.6848
60,3.0000,DynamicV1Rebalance,3.0000,46495.5759,1394.8673,spend25p,1395.7955,1420.9611,1444.3437,1468.3639,1491.3495,1516.0351,1540.9386,1565.2045,1587.3754,1605.9029,1618.6232,1627.7182,1629.2546,1627.6798,1622.7399,1598.1956,1564.8537,1513.4884,1461.3646,1407.1619,1196.3040,1137.9547,1075.2633,1019.9541,965.9433,904.1015,839.1913,765.7606,708.6227,647.4357,591.7232,517.4089,448.1204,383.2342,300.5830,198.8210,0.0000,0.0000,0.0000,0.0000,0.0000,0.0000,0.0000,0.0000,0.0000,0.0000,0.0000,0.0000,0.0000,0.0000,0.0000,0.0000,0.0000,0.0000,0.0000
60,3.0000,DynamicV1Rebalance,3.0000,46495.5759,1394.8673,spend50p,1405.6069,1450.4392,1497.0271,1547.3621,1602.3812,1656.5245,1712.8967,1771.1414,1829.1772,1884.9213,1934.0943,1978.4439,2015.9510,2044.8354,2061.9246,2059.2215,2039.5048,2001.7975,1971.2764,1931.8051,1704.6723,1670.1889,1625.1758,1585.6630,1548.9224,1509.7867,1466.5934,1420.0512,1372.4595,1322.4497,1268.2417,1200.8979,1157.5619,1113.7727,1068.8251,1047.1645,1019.9903,1004.0780,984.1272,971.0619,957.4274,950.0958,940.6419,931.2987,930.0264,919.1011,909.6670,900.0117,884.8896,866.5603,857.3699,837.3852,815.9044,792.6689,781.7478
60,3.0000,DynamicV1Rebalance,3.0000,46495.5759,1394.8673,spend75p,1415.5912,1480.4408,1554.4022,1632.6804,1715.9547,1811.0569,1906.4967,2000.7410,2102.4959,2202.4514,2293.8447,2385.2425,2467.3023,2535.3592,2591.6459,2628.8494,2647.8678,2644.2086,2633.5723,2625.6468,2352.7098,2327.7215,2311.3694,2276.8428,2256.5130,2224.6585,2201.2649,2138.5214,2097.2946,2051.1445,2008.2281,1948.4195,1893.8396,1858.8263,1824.5494,1808.6509,1792.5061,1798.1027,1808.1202,1817.4693,1828.3810,1857.5868,1878.6695,1893.6390,1906.9264,1910.8785,1917.0539,1921.3594,1922.4916,1919.2245,1928.1313,1896.4943,1886.2033,1876.8393,1866.1336
60,3.0000,DynamicV1Rebalance,3.3300,41887.9062,1394.8673,survival,1.0000,1.0000,1.0000,1.0000,1.0000,1.0000,1.0000,1.0000,0.9998,0.9984,0.9970,0.9930,0.9870,0.9778,0.9648,0.9516,0.9380,0.9200,0.9030,0.8846,0.8680,0.8514,0.8336,0.8206,0.8072,0.7888,0.7740,0.7608,0.7494,0.7374,0.7246,0.7142,0.7056,0.6990,0.6922,0.6860,0.6810,0.6726,0.6668,0.6620,0.6580,0.6526,0.6484,0.6454,0.6404,0.6362,0.6332,0.6302,0.6280,0.6242,0.6196,0.6184,0.6148,0.6124,0.6106
60,3.0000,DynamicV1Rebalance,3.3300,41887.9062,1394.8673,spend25p,1395.7955,1420.9611,1444.3437,1468.3639,1491.3495,1516.0351,1540.9386,1565.2045,1587.0033,1604.6785,1617.7184,1624.3111,1622.1366,1612.4475,1588.1605,1558.8120,1514.0520,1443.7841,1379.6459,1298.2205,1076.8513,990.4165,912.7226,843.7006,776.8460,670.1640,564.0183,444.4625,0.0000,0.0000,0.0000,0.0000,0.0000,0.0000,0.0000,0.0000,0.0000,0.0000,0.0000,0.0000,0.0000,0.0000,0.0000,0.0000,0.0000,0.0000,0.0000,0.0000,0.0000,0.0000,0.0000,0.0000,0.0000,0.0000,0.0000
60,3.0000,DynamicV1Rebalance,3.3300,41887.9062,1394.8673,spend50p,1405.6069,1450.4392,1497.0271,1547.3621,1602.3812,1656.5245,1712.8967,1771.1414,1828.6400,1883.8327,1933.0787,1973.7741,2009.8694,2027.8917,2035.4244,2021.3440,1998.0185,1958.8329,1909.3764,1863.4578,1637.9319,1578.5252,1532.2646,1486.7333,1442.5924,1396.8821,1355.1988,1300.1009,1240.5703,1171.2512,1114.6478,1057.5927,1006.6901,971.5554,935.7168,912.8185,880.3553,849.6115,832.1073,818.8762,807.4435,784.4923,775.7556,764.1265,747.3767,726.9020,713.9527,701.8565,683.1069,661.0199,631.2145,618.6436,599.5079,578.6496,552.6642
60,3.0000,DynamicV1Rebalance,3.3300,41887.9062,1394.8673,spend75p,1415.5912,1480.4408,1554.4022,1632.6804,1715.9547,1811.0569,1906.4967,2000.7410,2102.2183,2199.8570,2293.2142,2379.4473,2454.3562,2525.8205,2567.3497,2586.6545,2599.6925,2590.0321,2576.5756,2534.2955,2264.9078,2235.8035,2192.6416,2176.7088,2147.9904,2107.8772,2050.6709,2008.5133,1960.3884,1911.1623,1851.3943,1804.9670,1748.1837,1707.0816,1692.5192,1673.0944,1669.8571,1669.8323,1670.5411,1666.4099,1669.0518,1691.3172,1710.0842,1716.7503,1721.2731,1729.4500,1720.8412,1718.5994,1724.3268,1714.6702,1703.1980,1705.0570,1686.4474,1657.4710,1630.0878
60,3.0000,DynamicV1Rebalance,3.6600,38111.1278,1394.8673,survival,1.0000,1.0000,1.0000,1.0000,1.0000,1.0000,1.0000,1.0000,0.9994,0.9974,0.9944,0.9872,0.9788,0.9606,0.9458,0.9272,0.9074,0.8834,0.8590,0.8354,0.8168,0.7940,0.7762,0.7570,0.7376,0.7212,0.7076,0.6920,0.6798,0.6708,0.6594,0.6482,0.6378,0.6286,0.6200,0.6120,0.6066,0.6016,0.5960,0.5910,0.5872,0.5836,0.5796,0.5750,0.5720,0.5686,0.5672,0.5642,0.5624,0.5604,0.5580,0.5550,0.5530,0.5512,0.5486
60,3.0000,DynamicV1Rebalance,3.6600,38111.1278,1394.8673,spend25p,1395.7955,1420.9611,1444.3437,1468.3639,1491.3495,1516.0351,1540.9386,1565.2045,1586.9360,1603.7330,1615.9646,1613.4778,1610.1588,1588.9005,1558.1158,1504.6954,1442.0178,1352.3963,1255.3433,1136.9707,913.1889,801.3372,678.0717,483.5141,0.0000,0.0000,0.0000,0.0000,0.0000,0.0000,0.0000,0.0000,0.0000,0.0000,0.0000,0.0000,0.0000,0.0000,0.0000,0.0000,0.0000,0.0000,0.0000,0.0000,0.0000,0.0000,0.0000,0.0000,0.0000,0.0000,0.0000,0.0000,0.0000,0.0000,0.0000
60,3.0000,DynamicV1Rebalance,3.6600,38111.1278,1394.8673,spend50p,1405.6069,1450.4392,1497.0271,1547.3621,1602.3812,1656.5245,1712.8967,1771.1414,1828.0174,1882.7733,1931.3159,1968.0710,1998.2246,2004.6035,2001.8355,1985.5458,1950.9327,1903.3972,1844.0569,1783.4407,1544.0496,1486.2014,1434.4252,1373.8546,1318.4198,1265.9549,1203.7255,1141.3996,1075.1813,1022.0866,966.5527,901.6236,850.4505,797.9856,755.4388,717.7366,688.0667,661.8448,635.7842,606.9810,591.0906,577.4210,556.4801,540.0069,527.0867,507.8963,492.7617,472.8328,459.3116,440.4972,424.4499,403.7703,382.1336,368.9212,350.9691
60,3.0000,DynamicV1Rebalance,3.6600,38111.1278,1394.8673,spend75p,1415.5912,1480.4408,1554.4022,1632.6804,1715.9547,1811.0569,1906.4967,2000.7410,2101.4566,2198.6658,2290.6439,2376.1848,2443.9101,2499.9131,2539.6742,2551.6469,2550.5237,2527.3589,2484.7756,2442.9499,2179.0744,2139.4175,2103.0846,2055.3943,2010.6891,1960.8963,1931.1102,1869.0318,1824.1856,1771.9460,1721.7207,1664.7220,1606.5073,1569.9493,1533.2277,1506.2555,1497.3282,1492.9824,1488.2886,1507.0413,1523.9897,1529.4316,1523.9924,1534.7714,1540.6535,1530.2487,1546.9280,1547.7967,1546.6718,1526.1210,1516.7823,1502.9920,1495.4602,1484.9470,1459.9186
60,3.0000,DynamicV1Rebalance,4.0000,34871.6819,1394.8673,survival,1.0000,1.0000,1.0000,1.0000,1.0000,1.0000,1.0000,0.9998,0.9984,0.9960,0.9890,0.9790,0.9622,0.9426,0.9214,0.8950,0.8700,0.8378,0.8098,0.7818,0.7578,0.7360,0.7114,0.6892,0.6706,0.6538,0.6394,0.6272,0.6134,0.6014,0.5902,0.5794,0.5712,0.5636,0.5564,0.5492,0.5436,0.5388,0.5336,0.5298,0.5242,0.5208,0.5184,0.5158,0.5130,0.5090,0.5082,0.5064,0.5042,0.5010,0.4988,0.4978,0.4958,0.4938,0.4916
60,3.0000,DynamicV1Rebalance,4.0000,34871.6819,1394.8673,spend25p,1395.7955,1420.9611,1444.3437,1468.3639,1491.3495,1516.0351,1540.9386,1564.8848,1585.9162,1602.5282,1607.7808,1605.0213,1586.8834,1558.1671,1517.7256,1441.7871,1349.0960,1221.9045,1092.3325,928.2107,570.6042,0.0000,0.0000,0.0000,0.0000,0.0000,0.0000,0.0000,0.0000,0.0000,0.0000,0.0000,0.0000,0.0000,0.0000,0.0000,0.0000,0.0000,0.0000,0.0000,0.0000,0.0000,0.0000,0.0000,0.0000,0.0000,0.0000,0.0000,0.0000,0.0000,0.0000,0.0000,0.0000,0.0000,0.0000
60,3.0000,DynamicV1Rebalance,4.0000,34871.6819,1394.8673,spend50p,1405.6069,1450.4392,1497.0271,1547.3621,1602.3812,1656.5245,1712.8967,1770.9073,1827.2905,1880.8725,1924.0254,1958.5911,1979.6253,1981.7758,1970.9005,1935.8747,1887.6833,1826.7921,1759.9765,1683.0222,1445.4839,1378.2602,1311.0889,1236.5351,1164.3473,1102.5501,1036.6260,978.4449,906.6061,839.0642,773.0961,701.5974,650.4608,604.1454,552.8544,514.9812,479.3459,444.8950,411.6790,381.6727,343.8560,323.6423,305.8277,275.0758,250.6474,200.0284,184.0114,145.3216,114.4722,50.2690,0.0000,0.0000,0.0000,0.0000,0.0000
60,3.0000,DynamicV1Rebalance,4.0000,34871.6819,1394.8673,spend75p,1415.5912,1480.4408,1554.4022,1632.6804,1715.9547,1811.0569,1906.4967,2000.5022,2100.6939,2197.5955,2285.1960,2366.9304,2431.8857,2472.4377,2509.8729,2504.8281,2487.9830,2447.7457,2396.5228,2342.9360,2084.1996,2043.7714,1992.0139,1939.7425,1889.6896,1840.0619,1788.2278,1741.9495,1688.0337,1637.1133,1572.7602,1513.6637,1463.9309,1435.0236,1394.6190,1368.0742,1353.5021,1341.2263,1340.9194,1335.8709,1330.0507,1339.0920,1343.8136,1348.7957,1356.9033,1349.0541,1343.2939,1347.5392,1344.2535,1340.6762,1335.6182,1330.2050,1314.0339,1295.1168,1272.0731
60,3.0000,DynamicV1Rebalance,5.0000,27897.3455,1394.8673,survival,1.0000,1.0000,1.0000,1.0000,1.0000,1.0000,0.9998,0.9976,0.9934,0.9824,0.9622,0.9346,0.9000,0.8584,0.8166,0.7710,0.7234,0.6782,0.6410,0.6074,0.5856,0.5632,0.5428,0.5222,0.5038,0.4842,0.4700,0.4554,0.4456,0.4344,0.4226,0.4152,0.4076,0.4006,0.3936,0.3874,0.3810,0.3766,0.3720,0.3696,0.3662,0.3620,0.3588,0.3540,0.3512,0.3476,0.3454,0.3438,0.3400,0.3376,0.3362,0.3344,0.3326,0.3314,0.3304
60,3.0000,DynamicV1Rebalance,5.0000,27897.3455,1394.8673,spend25p,1395.7955,1420.9611,1444.3437,1468.3639,1491.3495,1516.0351,1540.8182,1562.4870,1583.2378,1591.0054,1574.3938,1546.0899,1489.9468,1398.1990,1257.9047,1009.6160,0.0000,0.0000,0.0000,0.0000,0.0000,0.0000,0.0000,0.0000,0.0000,0.0000,0.0000,0.0000,0.0000,0.0000,0.0000,0.0000,0.0000,0.0000,0.0000,0.0000,0.0000,0.0000,0.0000,0.0000,0.0000,0.0000,0.0000,0.0000,0.0000,0.0000,0.0000,0.0000,0.0000,0.0000,0.0000,0.0000,0.0000,0.0000,0.0000
60,3.0000,DynamicV1Rebalance,5.0000,27897.3455,1394.8673,spend50p,1405.6069,1450.4392,1497.0271,1547.3621,1602.3812,1656.5245,1712.8726,1769.9669,1821.6887,1867.3060,1901.7493,1909.6142,1904.4089,1868.6146,1810.1066,1740.6044,1637.2762,1523.8389,1407.0009,1264.9927,1020.3390,899.7087,786.1499,647.5251,426.0232,0.0000,0.0000,0.0000,0.0000,0.0000,0.0000,0.0000,0.0000,0.0000,0.0000,0.0000,0.0000,0.0000,0.0000,0.0000,0.0000,0.0000,0.0000,0.0000,0.0000,0.0000,0.0000,0.0000,0.0000,0.0000,0.0000,0.0000,0.0000,0.0000,0.0000
60,3.0000,DynamicV1Rebalance,5.0000,27897.3455,1394.8673,spend75p,1415.5912,1480.4408,1554.4022,1632.6804,1715.9547,1811.0569,1906.4245,1998.9508,2097.2629,2186.2269,2264.5811,2319.6461,2359.8508,2375.1022,2362.6299,2325.5120,2270.5405,2173.2258,2093.3314,2029.4623,1784.0639,1726.3069,1659.1740,1599.2717,1541.3197,1475.2058,1428.0900,1359.0132,1308.0623,1239.0659,1164.5893,1113.2639,1067.7822,1024.4886,981.5322,947.3260,909.3839,881.9786,864.4564,858.9070,845.9176,831.6566,816.9449,791.0870,775.1935,761.4438,744.3070,729.7365,704.8048,680.8959,658.7888,643.2995,632.1639,609.2031,589.1091
60,3.0000,DynamicV1Rebalance,6.0000,23247.7879,1394.8673,survival,1.0000,1.0000,1.0000,1.0000,1.0000,1.0000,0.9984,0.9928,0.9760,0.9480,0.9078,0.8568,0.8000,0.7338,0.6744,0.6132,0.5670,0.5364,0.4998,0.4612,0.4344,0.4110,0.3898,0.3720,0.3574,0.3424,0.3278,0.3166,0.3060,0.2950,0.2858,0.2784,0.2696,0.2628,0.2594,0.2546,0.2498,0.2454,0.2424,0.2396,0.2360,0.2332,0.2298,0.2278,0.2254,0.2226,0.2200,0.2186,0.2172,0.2152,0.2140,0.2130,0.2118,0.2108,0.2102
60,3.0000,DynamicV1Rebalance,6.0000,23247.7879,1394.8673,spend25p,1395.7955,1420.9611,1444.3437,1468.3639,1491.3495,1516.0351,1540.1490,1559.0832,1564.9993,1549.5673,1502.0699,1410.2908,1246.7026,0.0000,0.0000,0.0000,0.0000,0.0000,0.0000,0.0000,0.0000,0.0000,0.0000,0.0000,0.0000,0.0000,0.0000,0.0000,0.0000,0.0000,0.0000,0.0000,0.0000,0.0000,0.0000,0.0000,0.0000,0.0000,0.0000,0.0000,0.0000,0.0000,0.0000,0.0000,0.0000,0.0000,0.0000,0.0000,0.0000,0.0000,0.0000,0.0000,0.0000,0.0000,0.0000
60,3.0000,DynamicV1Rebalance,6.0000,23247.7879,1394.8673,spend50p,1405.6069,1450.4392,1497.0271,1547.3621,1602.3812,1656.5245,1712.3769,1766.3066,1807.6799,1843.9042,1851.9365,1830.6720,1774.2469,1675.2908,1573.7684,1411.8246,1227.8929,1046.3406,0.0000,0.0000,0.0000,0.0000,0.0000,0.0000,0.0000,0.0000,0.0000,0.0000,0.0000,0.0000,0.0000,0.0000,0.0000,0.0000,0.0000,0.0000,0.0000,0.0000,0.0000,0.0000,0.0000,0.0000,0.0000,0.0000,0.0000,0.0000,0.0000,0.0000,0.0000,0.0000,0.0000,0.0000,0.0000,0.0000,0.0000
60,3.0000,DynamicV1Rebalance,6.0000,23247.7879,1394.8673,spend75p,1415.5912,1480.4408,1554.4022,1632.6804,1715.9547,1811.0569,1905.9638,1995.7202,2084.0702,2158.9697,2222.9781,2253.9250,2252.2617,2215.4454,2165.7054,2074.4797,1995.0776,1938.8247,1831.7098,1715.6533,1457.9164,1366.6260,1290.6545,1199.2882,1121.3395,1039.4149,975.1668,891.4165,802.0158,695.5232,618.6555,554.7083,467.7191,376.2055,324.1266,233.1855,0.0000,0.0000,0.0000,0.0000,0.0000,0.0000,0.0000,0.0000,0.0000,0.0000,0.0000,0.0000,0.0000,0.0000,0.0000,0.0000,0.0000,0.0000,0.0000
60,3.0000,DynamicV1Rebalance,7.0000,19926.6754,1394.8673,survival,1.0000,1.0000,1.0000,1.0000,1.0000,0.9994,0.9946,0.9748,0.9386,0.8894,0.8228,0.7424,0.6634,0.5922,0.5304,0.4786,0.4334,0.3906,0.3576,0.3266,0.3030,0.2814,0.2638,0.2486,0.2392,0.2298,0.2182,0.2094,0.2020,0.1966,0.1882,0.1828,0.1778,0.1724,0.1674,0.1636,0.1618,0.1604,0.1588,0.1562,0.1534,0.1516,0.1490,0.1478,0.1472,0.1454,0.1444,0.1428,0.1414,0.1394,0.1382,0.1376,0.1368,0.1362,0.1354
60,3.0000,DynamicV1Rebalance,7.0000,19926.6754,1394.8673,spend25p,1395.7955,1420.9611,1444.3437,1468.3639,1491.3495,1515.3206,1536.8659,1546.7316,1528.9284,1470.8113,1346.7217,0.0000,0.0000,0.0000,0.0000,0.0000,0.0000,0.0000,0.0000,0.0000,0.0000,0.0000,0.0000,0.0000,0.0000,0.0000,0.0000,0.0000,0.0000,0.0000,0.0000,0.0000,0.0000,0.0000,0.0000,0.0000,0.0000,0.0000,0.0000,0.0000,0.0000,0.0000,0.0000,0.0000,0.0000,0.0000,0.0000,0.0000,0.0000,0.0000,0.0000,0.0000,0.0000,0.0000,0.0000
60,3.0000,DynamicV1Rebalance,7.0000,19926.6754,1394.8673,spend50p,1405.6069,1450.4392,1497.0271,1547.3621,1602.3812,1656.1562,1709.8319,1755.8337,1784.1150,1791.9527,1756.6769,1670.2151,1555.0410,1394.8144,1122.7139,0.0000,0.0000,0.0000,0.0000,0.0000,0.0000,0.0000,0.0000,0.0000,0.0000,0.0000,0.0000,0.0000,0.0000,0.0000,0.0000,0.0000,0.0000,0.0000,0.0000,0.0000,0.0000,0.0000,0.0000,0.0000,0.0000,0.0000,0.0000,0.0000,0.0000,0.0000,0.0000,0.0000,0.0000,0.0000,0.0000,0.0000,0.0000,0.0000,0.0000
60,3.0000,DynamicV1Rebalance,7.0000,19926.6754,1394.8673,spend75p,1415.5912,1480.4408,1554.4022,1632.6804,1715.9547,1810.7600,1904.2408,1985.8660,2058.0933,2122.9690,2144.4562,2126.2033,2078.6221,2017.9279,1923.5154,1817.7434,1704.3995,1572.6751,1449.1042,1289.3179,993.7692,833.2387,633.7361,0.0000,0.0000,0.0000,0.0000,0.0000,0.0000,0.0000,0.0000,0.0000,0.0000,0.0000,0.0000,0.0000,0.0000,0.0000,0.0000,0.0000,0.0000,0.0000,0.0000,0.0000,0.0000,0.0000,0.0000,0.0000,0.0000,0.0000,0.0000,0.0000,0.0000,0.0000,0.0000
65,0.5000,DynamicV1Rebalance,2.5000,10015.7818,250.3945,survival,1.0000,1.0000,1.0000,1.0000,1.0000,1.0000,1.0000,1.0000,1.0000,1.0000,0.9998,0.9992,0.9984,0.9970,0.9954,0.9934,0.9896,0.9848,0.9802,0.9748,0.9690,0.9628,0.9554,0.9498,0.9416,0.9386,0.9370,0.9352,0.9334,0.9320,0.9304,0.9296,0.9290,0.9282,0.9280,0.9268,0.9264,0.9264,0.9264,0.9260,0.9258,0.9256,0.9256,0.9256,0.9256,0.9254,0.9254,0.9254,0.9252,0.9252,0.9252,0.9252,0.9252,0.9252,0.9252
65,0.5000,DynamicV1Rebalance,2.5000,10015.7818,250.3945,spend25p,250.5612,254.6776,258.4794,262.4005,266.1417,270.1910,274.2865,278.2853,281.9387,285.0475,287.4654,289.3545,290.1911,291.6999,291.4651,288.9867,286.2077,280.8524,275.4325,269.1136,242.4888,236.4704,230.0018,223.7588,216.7408,20.5861,12.3740,3.4209,0.0000,-2.8881,-13.9084,-24.5776,-35.2102,-45.2138,-54.6475,-63.2654,-71.5579,-78.9468,-85.7882,-92.7084,-99.6160,-106.4023,-113.7928,-121.6959,-130.5232,-139.9373,-150.7576,-162.4233,-175.6811,-190.6233,-207.2667,-225.2489,-246.1055,-267.1490,-290.3724
65,0.5000,DynamicV1Rebalance,2.5000,10015.7818,250.3945,spend50p,252.3224,259.9609,267.9076,276.5176,285.9560,295.2294,304.8950,314.8998,324.8859,334.5659,343.3920,351.4027,358.4693,364.6492,368.4509,370.5614,370.1949,366.0399,363.2525,360.2531,326.9550,323.4772,320.0052,315.1433,311.3570,68.3801,58.9373,48.9896,38.3208,26.6441,13.9538,1.4352,-0.5011,-13.0369,-24.4332,-35.1389,-45.2841,-54.3189,-63.1294,-71.2403,-78.9333,-87.0382,-95.1190,-103.1981,-111.4215,-120.2259,-129.9646,-140.5647,-151.8965,-164.5413,-178.2090,-192.6234,-208.5327,-225.4741,-243.7367
65,0.5000,DynamicV1Rebalance,2.5000,10015.7818,250.3945,spend75p,254.1147,265.3381,278.1755,291.7642,306.2240,322.7704,339.3557,355.7215,373.4309,390.8706,407.2078,423.3252,438.5134,451.4929,463.9206,471.7919,477.6543,483.9796,485.8378,487.9494,449.3425,447.8241,445.0861,442.7221,440.8663,130.6759,120.9844,110.7313,97.5005,82.9811,68.3224,52.1487,36.5384,21.7466,7.5434,0.0000,0.0000,-9.6268,-19.7847,-29.5370,-38.4782,-47.6243,-57.0542,-66.8516,-77.4335,-89.3958,-102.8382,-115.7141,-127.7163,-139.7236,-152.2404,-165.5769,-178.3705,-192.5516,-206.5192
65,0.5000,DynamicV1Rebalance,2.8000,8942.6624,250.3945,survival,1.0000,1.0000,1.0000,1.0000,1.0000,1.0000,1.0000,1.0000,1.0000,0.9998,0.9990,0.9980,0.9960,0.9936,0.9894,0.9840,0.9760,0.9690,0.9590,0.9496,0.9382,0.9286,0.9192,0.9086,0.8998,0.8956,0.8930,0.8910,0.8884,0.8860,0.8844,0.8826,0.8814,0.8808,0.8804,0.8800,0.8796,0.8792,0.8792,0.8788,0.8786,0.8780,0.8780,0.8776,0.8776,0.8776,0.8774,0.8774,0.8772,0.8772,0.8772,0.8772,0.8772,0.8772,0.8772
65,0.5000,DynamicV1Rebalance,2.8000,8942.6624,250.3945,spend25p,250.5612,254.6776,258.4794,262.4005,266.1417,270.1910,274.2865,278.2853,281.9387,285.0259,287.2218,288.9490,289.1429,290.6337,289.9740,286.3625,281.7674,276.0407,268.4255,260.9928,230.7610,223.0756,214.1517,205.1226,198.0095,11.6140,3.8023,0.0000,0.0000,-2.5458,-13.3643,-24.0235,-34.6126,-44.6861,-54.2165,-62.8894,-71.0984,-78.7056,-85.4755,-92.3996,-99.1374,-105.8706,-113.2161,-121.0891,-129.5802,-138.9453,-149.4901,-161.3991,-174.4249,-188.8761,-205.3734,-223.0189,-243.0223,-264.0318,-286.8281
65,0.5000,DynamicV1Rebalance,2.8000,8942.6624,250.3945,spend50p,252.3224,259.9609,267.9076,276.5176,285.9560,295.2294,304.8950,314.8998,324.8859,334.5570,343.1984,350.7782,357.8798,363.7111,366.9030,368.1595,365.4970,361.0954,356.3264,351.0323,318.6850,313.6989,307.4770,302.1616,297.0906,60.8098,51.8675,41.8636,31.5030,20.1905,8.3359,0.0000,0.0000,-11.2693,-22.8938,-33.4672,-43.2711,-52.6231,-61.4344,-69.9214,-77.7162,-86.0237,-94.0415,-101.7698,-109.9856,-118.9298,-128.5765,-138.9624,-150.0789,-162.5752,-175.8185,-189.9853,-205.1216,-221.3255,-239.0958
65,0.5000,DynamicV1Rebalance,2.8000,8942.6624,250.3945,spend75p,254.1147,265.3381,278.1755,291.7642,306.2240,322.7704,339.3557,355.7215,373.4309,390.8618,406.9881,422.9313,437.9234,450.4056,461.6618,469.7237,473.6518,477.3758,477.0988,477.6451,438.6375,433.6522,430.3050,428.1129,426.1190,123.0831,113.1897,101.8910,88.6315,75.3788,59.8342,45.0445,29.5525,14.6923,1.3889,0.0000,0.0000,-1.2092,-11.4057,-20.9831,-29.8970,-39.0332,-48.1286,-57.6014,-68.9956,-81.4948,-95.0146,-109.1672,-122.3015,-135.0005,-147.2807,-159.9269,-172.8212,-185.0332,-198.5103
65,0.5000,DynamicV1Rebalance,3.0000,8346.4849,250.3945,survival,1.0000,1.0000,1.0000,1.0000,1.0000,1.0000,1.0000,1.0000,1.0000,0.9996,0.9980,0.9968,0.9938,0.9894,0.9834,0.9728,0.9638,0.9526,0.9416,0.9286,0.9148,0.9038,0.8910,0.8784,0.8674,0.8648,0.8610,0.8572,0.8550,0.8536,0.8514,0.8504,0.8488,0.8474,0.8470,0.8464,0.8460,0.8458,0.8458,0.8458,0.8458,0.8458,0.8454,0.8454,0.8454,0.8452,0.8448,0.8448,0.8448,0.8448,0.8448,0.8448,0.8448,0.8448,0.8448
65,0.5000,DynamicV1Rebalance,3.0000,8346.4849,250.3945,spend25p,250.5612,254.6776,258.4794,262.4005,266.1417,270.1910,274.2865,278.2853,281.9387,284.9820,287.0417,288.5387,288.7525,288.5206,287.7911,283.5320,278.2015,269.5133,261.0266,251.2858,222.1774,212.0854,201.8591,193.0587,183.4627,4.7727,0.0000,0.0000,0.0000,-1.9954,-12.5376,-23.5055,-34.0215,-44.2523,-53.7692,-62.6578,-70.5791,-78.4302,-85.1482,-92.1420,-98.7465,-105.5159,-112.8389,-120.6683,-129.1066,-138.2853,-149.0512,-160.8461,-173.7174,-187.9342,-204.2660,-222.0468,-241.0352,-262.3239,-284.2263
65,0.5000,DynamicV1Rebalance,3.0000,8346.4849,250.3945,spend50p,252.3224,259.9609,267.9076,276.5176,285.9560,295.2294,304.8950,314.8998,324.8859,334.4963,342.9863,350.7189,357.3426,362.4868,365.9095,365.3415,362.3251,356.2760,351.3810,344.7118,311.4564,305.8691,298.3397,293.2312,287.1099,56.4145,47.4627,37.0198,27.2341,16.2481,4.2830,0.0000,0.0000,-9.4571,-21.1807,-32.0280,-41.4746,-51.0462,-59.8479,-68.6310,-76.7050,-84.9145,-92.9487,-100.6538,-108.9744,-118.1599,-127.3367,-137.6891,-148.6247,-160.8101,-174.0078,-187.9984,-202.7985,-218.7315,-236.1304
65,0.5000,DynamicV1Rebalance,3.0000,8346.4849,250.3945,spend75p,254.1147,265.3381,278.1755,291.7642,306.2240,322.7704,339.3557,355.7215,373.4309,390.8449,406.7834,422.8458,437.5212,449.3969,460.0297,466.2913,470.8571,470.3743,470.4814,468.6160,426.6913,423.1525,420.7949,416.2240,413.2035,116.6474,106.6850,95.7982,83.0450,69.7303,55.1256,40.1790,24.7165,10.4260,0.0000,0.0000,0.0000,0.0000,-1.0409,-10.2661,-19.7645,-29.2549,-38.3293,-48.1031,-59.5244,-72.6321,-86.5106,-100.6793,-116.0065,-129.2850,-142.5255,-155.1714,-167.9723,-180.0906,-192.9481
65,0.5000,DynamicV1Rebalance,3.3300,7519.3557,250.3945,survival,1.0000,1.0000,1.0000,1.0000,1.0000,1.0000,1.0000,1.0000,0.9998,0.9984,0.9970,0.9930,0.9876,0.9800,0.9656,0.9538,0.9390,0.9232,0.9066,0.8874,0.8714,0.8562,0.8380,0.8242,0.8096,0.8050,0.8004,0.7978,0.7942,0.7924,0.7886,0.7872,0.7864,0.7856,0.7848,0.7846,0.7842,0.7838,0.7838,0.7832,0.7832,0.7830,0.7828,0.7828,0.7826,0.7820,0.7820,0.7820,0.7820,0.7820,0.7820,0.7820,0.7820,0.7820,0.7820
65,0.5000,DynamicV1Rebalance,3.3300,7519.3557,250.3945,spend25p,250.5612,254.6776,258.4794,262.4005,266.1417,270.1910,274.2865,278.2853,281.8726,284.7647,286.8812,287.9108,287.4863,286.0666,282.0217,277.3780,269.1045,258.2677,246.8484,232.7526,201.7548,187.3650,174.5271,162.4151,150.1785,0.0000,0.0000,0.0000,0.0000,-0.4371,-11.2817,-22.2017,-33.0142,-43.0350,-52.6450,-61.6839,-69.6921,-77.3490,-84.3457,-91.1541,-97.9442,-104.4886,-111.4312,-119.2266,-127.8299,-136.7543,-147.4895,-158.9285,-171.5520,-185.8088,-201.1396,-218.5442,-236.5543,-257.5816,-278.7063
65,0.5000,DynamicV1Rebalance,3.3300,7519.3557,250.3945,spend50p,252.3224,259.9609,267.9076,276.5176,285.9560,295.2294,304.8950,314.8998,324.7905,334.3032,342.8062,349.8535,356.1968,359.7620,361.0973,359.0631,354.9019,348.9882,340.8283,332.7092,299.5209,290.2253,282.8578,275.8324,268.5668,47.3877,38.3944,28.6305,17.7852,6.7951,0.0000,0.0000,0.0000,-4.8399,-16.9613,-27.9031,-38.4003,-47.3972,-56.5187,-65.3356,-73.5367,-81.9983,-89.9943,-98.4134,-106.7371,-116.0087,-125.3041,-135.2106,-145.7415,-157.3716,-169.8787,-183.0974,-197.6954,-212.9618,-229.4975
65,0.5000,DynamicV1Rebalance,3.3300,7519.3557,250.3945,spend75p,254.1147,265.3381,278.1755,291.7642,306.2240,322.7704,339.3557,355.7215,373.3816,390.3845,406.6716,421.7595,435.0542,447.7275,455.3620,459.5195,461.6643,461.3217,459.1655,452.9523,411.2711,406.6525,400.0366,398.5877,394.1190,106.5475,95.7839,85.2122,72.7411,59.7993,45.7288,31.5248,17.7590,3.1654,0.0000,0.0000,0.0000,0.0000,0.0000,0.0000,0.0000,0.0000,0.0000,0.0000,-10.2299,-25.6283,-39.7770,-57.9068,-74.9046,-97.6375,-119.3253,-136.3238,-148.9532,-160.8045,-170.7187
65,0.5000,DynamicV1Rebalance,3.6600,6841.3810,250.3945,survival,1.0000,1.0000,1.0000,1.0000,1.0000,1.0000,1.0000,1.0000,0.9994,0.9974,0.9946,0.9884,0.9794,0.9622,0.9484,0.9294,0.9106,0.8862,0.8626,0.8416,0.8200,0.7998,0.7818,0.7596,0.7424,0.7364,0.7328,0.7288,0.7264,0.7238,0.7226,0.7194,0.7174,0.7174,0.7168,0.7160,0.7158,0.7154,0.7152,0.7152,0.7152,0.7148,0.7148,0.7146,0.7142,0.7140,0.7138,0.7138,0.7138,0.7138,0.7138,0.7138,0.7138,0.7138,0.7138
65,0.5000,DynamicV1Rebalance,3.6600,6841.3810,250.3945,spend25p,250.5612,254.6776,258.4794,262.4005,266.1417,270.1910,274.2865,278.2853,281.8607,284.5969,286.5944,286.5290,285.4474,281.9104,277.3190,267.4909,257.2053,241.2274,225.1431,206.8651,172.3560,155.8139,135.1659,102.7697,0.0000,0.0000,0.0000,0.0000,0.0000,0.0000,-8.5555,-19.6483,-30.6763,-41.0672,-50.7074,-59.7766,-68.1632,-75.9304,-82.8990,-89.7524,-96.3861,-102.9790,-109.8040,-117.3618,-125.9168,-135.0845,-145.0170,-156.6793,-169.0777,-182.5272,-197.3992,-214.0534,-231.3062,-251.0858,-272.4642
65,0.5000,DynamicV1Rebalance,3.6600,6841.3810,250.3945,spend50p,252.3224,259.9609,267.9076,276.5176,285.9560,295.2294,304.8950,314.8998,324.6799,334.1152,342.5079,348.9895,354.2413,355.5870,355.7935,352.7986,347.3498,339.0071,328.9566,320.3920,283.4752,274.4986,265.9695,254.6973,247.9094,35.3640,26.6375,17.1448,7.6163,0.0000,0.0000,0.0000,0.0000,0.0000,-9.2666,-20.6557,-31.2721,-41.0254,-50.0831,-58.6718,-66.9328,-75.6476,-84.2613,-92.9700,-102.1917,-111.7362,-120.9318,-130.9303,-141.6132,-153.2064,-164.5323,-177.7254,-191.2644,-205.8724,-220.6894
65,0.5000,DynamicV1Rebalance,3.6600,6841.3810,250.3945,spend75p,254.1147,265.3381,278.1755,291.7642,306.2240,322.7704,339.3557,355.7215,373.2463,390.1731,406.2572,421.2342,433.1178,443.5279,450.9762,453.0078,453.5342,450.1368,443.8898,437.0173,395.2046,389.8490,384.7096,376.7461,370.8090,94.7918,85.3766,74.4482,63.0954,50.0943,37.4771,22.3642,8.1141,0.0000,0.0000,0.0000,0.0000,0.0000,0.0000,0.0000,0.0000,0.0000,0.0000,0.0000,0.0000,0.0000,0.0000,0.0000,0.0000,0.0000,0.0000,0.0000,0.0000,0.0000,0.0000
65,0.5000,DynamicV1Rebalance,4.0000,6259.8637,250.3945,survival,1.0000,1.0000,1.0000,1.0000,1.0000,1.0000,1.0000,0.9998,0.9986,0.9966,0.9898,0.9804,0.9644,0.9446,0.9246,0.8992,0.8738,0.8442,0.8138,0.7874,0.7608,0.7404,0.7162,0.6948,0.6736,0.6680,0.6642,0.6608,0.6578,0.6552,0.6536,0.6528,0.6520,0.6514,0.6504,0.6498,0.6496,0.6494,0.6490,0.6490,0.6488,0.6488,0.6488,0.6488,0.6488,0.6486,0.6486,0.6486,0.6486,0.6486,0.6486,0.6486,0.6486,0.6486,0.6486
65,0.5000,DynamicV1Rebalance,4.0000,6259.8637,250.3945,spend25p,250.5612,254.6776,258.4794,262.4005,266.1417,270.1910,274.2865,278.2285,281.7105,284.4840,285.3944,284.7390,281.8353,276.7017,270.4241,257.1644,241.1578,221.9749,196.2239,169.5200,118.2958,0.0000,0.0000,0.0000,0.0000,0.0000,0.0000,0.0000,0.0000,0.0000,-6.1661,-17.0381,-28.2211,-38.8999,-48.7094,-57.5420,-66.1679,-73.9972,-81.4815,-88.1957,-94.8012,-101.3242,-108.2592,-115.6939,-123.4156,-132.6971,-142.7343,-153.6562,-165.7358,-178.8424,-193.2202,-209.4663,-226.2279,-244.8501,-265.1503
65,0.5000,DynamicV1Rebalance,4.0000,6259.8637,250.3945,spend50p,252.3224,259.9609,267.9076,276.5176,285.9560,295.2294,304.8950,314.8582,324.5729,334.0016,341.4043,347.4183,351.1136,351.6496,350.0239,345.0926,336.3644,326.4469,314.0659,301.5574,265.6998,255.7823,243.8898,232.0355,219.5035,21.5981,13.0047,3.5118,0.0000,0.0000,0.0000,0.0000,0.0000,0.0000,0.0000,-10.3082,-21.4819,-31.6115,-40.8704,-49.8123,-58.0652,-67.5677,-75.7464,-85.4724,-95.1189,-105.0611,-115.2218,-125.4495,-135.7330,-146.6877,-158.1132,-170.3344,-183.5071,-196.6517,-210.1323
65,0.5000,DynamicV1Rebalance,4.0000,6259.8637,250.3945,spend75p,254.1147,265.3381,278.1755,291.7642,306.2240,322.7704,339.3557,355.6790,373.1153,390.0567,405.4507,419.9664,431.2411,438.3497,446.2391,445.7628,442.4070,437.4668,427.6218,418.8951,379.4477,372.5990,364.3376,356.4622,348.1538,85.3242,74.9788,63.7708,52.6506,39.3144,26.4664,13.1324,0.3216,0.0000,0.0000,0.0000,0.0000,0.0000,0.0000,0.0000,0.0000,0.0000,0.0000,0.0000,0.0000,0.0000,0.0000,0.0000,0.0000,0.0000,0.0000,0.0000,0.0000,0.0000,0.0000
65,0.5000,DynamicV1Rebalance,5.0000,5007.8909,250.3945,survival,1.0000,1.0000,1.0000,1.0000,1.0000,1.0000,0.9998,0.9980,0.9936,0.9828,0.9630,0.9364,0.9038,0.8648,0.8218,0.7798,0.7316,0.6852,0.6486,0.6148,0.5904,0.5686,0.5464,0.5280,0.5076,0.5004,0.4960,0.4940,0.4910,0.4888,0.4878,0.4866,0.4858,0.4858,0.4854,0.4846,0.4844,0.4844,0.4844,0.4844,0.4844,0.4844,0.4844,0.4844,0.4844,0.4844,0.4844,0.4844,0.4844,0.4844,0.4844,0.4844,0.4844,0.4844,0.4844
65,0.5000,DynamicV1Rebalance,5.0000,5007.8909,250.3945,spend25p,250.5612,254.6776,258.4794,262.4005,266.1417,270.1910,274.2651,277.9212,281.2231,282.3971,279.5848,274.5708,265.2023,249.6353,225.2200,189.4707,0.0000,0.0000,0.0000,0.0000,0.0000,0.0000,0.0000,0.0000,0.0000,0.0000,0.0000,0.0000,0.0000,0.0000,0.0000,-5.7913,-17.9665,-29.3585,-39.3487,-48.7916,-57.6652,-66.2926,-74.0139,-81.1642,-88.1146,-95.1573,-102.1097,-109.1991,-116.8519,-125.2434,-134.5218,-145.4066,-156.1744,-168.2908,-180.9527,-194.5398,-209.7092,-225.6126,-242.3351
65,0.5000,DynamicV1Rebalance,5.0000,5007.8909,250.3945,spend50p,252.3224,259.9609,267.9076,276.5176,285.9560,295.2294,304.8907,314.7092,323.5952,331.4414,337.3401,339.0592,338.3247,332.7700,322.2815,310.8114,293.2854,273.5512,252.9348,231.3151,192.2420,172.0276,153.3038,130.5696,98.7488,0.0000,0.0000,0.0000,0.0000,0.0000,0.0000,0.0000,0.0000,0.0000,0.0000,0.0000,0.0000,0.0000,0.0000,0.0000,0.0000,0.0000,0.0000,0.0000,0.0000,0.0000,0.0000,0.0000,0.0000,0.0000,0.0000,0.0000,0.0000,0.0000,0.0000
65,0.5000,DynamicV1Rebalance,5.0000,5007.8909,250.3945,spend75p,254.1147,265.3381,278.1755,291.7642,306.2240,322.7704,339.3428,355.4109,372.5014,388.0492,401.5938,411.3846,418.7221,422.2497,419.4945,414.4731,405.4892,388.3943,375.5212,363.5351,325.9743,317.1465,305.9752,297.2655,287.3171,55.7587,45.9933,35.7237,25.8881,14.6937,2.9725,0.0000,0.0000,0.0000,0.0000,0.0000,0.0000,0.0000,0.0000,0.0000,0.0000,0.0000,0.0000,0.0000,0.0000,0.0000,0.0000,0.0000,0.0000,0.0000,0.0000,0.0000,0.0000,0.0000,0.0000
65,0.5000,DynamicV1Rebalance,6.0000,4173.2424,250.3945,survival,1.0000,1.0000,1.0000,1.0000,1.0000,1.0000,0.9986,0.9936,0.9770,0.9504,0.9114,0.8606,0.8068,0.7406,0.6816,0.6240,0.5748,0.5408,0.5090,0.4670,0.4414,0.4154,0.3954,0.3770,0.3606,0.3560,0.3534,0.3508,0.3490,0.3466,0.3454,0.3442,0.3438,0.3432,0.3432,0.3428,0.3428,0.3426,0.3426,0.3426,0.3426,0.3426,0.3426,0.3426,0.3426,0.3426,0.3426,0.3426,0.3426,0.3426,0.3426,0.3426,0.3426,0.3426,0.3426
65,0.5000,DynamicV1Rebalance,6.0000,4173.2424,250.3945,spend25p,250.5612,254.6776,258.4794,262.4005,266.1417,270.1910,274.1544,277.2601,278.1899,275.4862,267.4081,251.3488,224.0400,0.0000,0.0000,0.0000,0.0000,0.0000,0.0000,0.0000,0.0000,0.0000,0.0000,0.0000,0.0000,0.0000,0.0000,0.0000,0.0000,0.0000,0.0000,0.0000,0.0000,-4.5520,-17.1354,-27.4495,-37.6335,-46.2962,-55.1170,-64.6601,-72.6881,-80.6862,-89.1870,-97.5660,-105.4750,-113.5351,-122.3062,-131.4148,-141.2809,-152.0257,-162.8608,-174.1246,-187.2157,-199.2554,-213.7417
65,0.5000,DynamicV1Rebalance,6.0000,4173.2424,250.3945,spend50p,252.3224,259.9609,267.9076,276.5176,285.9560,295.2294,304.8024,314.2469,321.1422,327.3681,328.7348,324.8965,315.6276,299.3090,280.6306,255.6728,223.0972,191.2081,140.1677,0.0000,0.0000,0.0000,0.0000,0.0000,0.0000,0.0000,0.0000,0.0000,0.0000,0.0000,0.0000,0.0000,0.0000,0.0000,0.0000,0.0000,0.0000,0.0000,0.0000,0.0000,0.0000,0.0000,0.0000,0.0000,0.0000,0.0000,0.0000,0.0000,0.0000,0.0000,0.0000,0.0000,0.0000,0.0000,0.0000
65,0.5000,DynamicV1Rebalance,6.0000,4173.2424,250.3945,spend75p,254.1147,265.3381,278.1755,291.7642,306.2240,322.7704,339.2608,354.9283,370.1828,383.2210,394.5420,400.2077,400.5515,394.2189,386.0057,371.2856,356.3395,346.1681,330.0632,307.5975,270.1642,255.1451,241.4445,227.8817,212.3391,18.6130,9.6706,0.6709,0.0000,0.0000,0.0000,0.0000,0.0000,0.0000,0.0000,0.0000,0.0000,0.0000,0.0000,0.0000,0.0000,0.0000,0.0000,0.0000,0.0000,0.0000,0.0000,0.0000,0.0000,0.0000,0.0000,0.0000,0.0000,0.0000,0.0000
65,0.5000,DynamicV1Rebalance,7.0000,3577.0649,250.3945,survival,1.0000,1.0000,1.0000,1.0000,1.0000,0.9996,0.9948,0.9762,0.9414,0.8940,0.8276,0.7492,0.6706,0.6004,0.5382,0.4858,0.4404,0.3974,0.3658,0.3346,0.3084,0.2898,0.2684,0.2532,0.2416,0.2376,0.2366,0.2354,0.2336,0.2328,0.2324,0.2322,0.2322,0.2318,0.2318,0.2318,0.2316,0.2316,0.2316,0.2316,0.2316,0.2314,0.2314,0.2314,0.2314,0.2314,0.2314,0.2314,0.2314,0.2314,0.2314,0.2314,0.2314,0.2314,0.2314
65,0.5000,DynamicV1Rebalance,7.0000,3577.0649,250.3945,spend25p,250.5612,254.6776,258.4794,262.4005,266.1417,270.1171,273.5894,275.2113,271.8812,262.3252,240.6944,0.0000,0.0000,0.0000,0.0000,0.0000,0.0000,0.0000,0.0000,0.0000,0.0000,0.0000,0.0000,0.0000,0.0000,0.0000,0.0000,0.0000,0.0000,0.0000,0.0000,0.0000,0.0000,0.0000,0.0000,0.0000,0.0000,0.0000,0.0000,0.0000,0.0000,0.0000,0.0000,0.0000,0.0000,0.0000,0.0000,0.0000,0.0000,0.0000,0.0000,0.0000,0.0000,0.0000,0.0000
65,0.5000,DynamicV1Rebalance,7.0000,3577.0649,250.3945,spend50p,252.3224,259.9609,267.9076,276.5176,285.9560,295.1832,304.3709,312.2551,317.3091,318.5954,312.5878,297.9416,278.1797,250.3577,208.4147,0.0000,0.0000,0.0000,0.0000,0.0000,0.0000,0.0000,0.0000,0.0000,0.0000,0.0000,0.0000,0.0000,0.0000,0.0000,0.0000,0.0000,0.0000,0.0000,0.0000,0.0000,0.0000,0.0000,0.0000,0.0000,0.0000,0.0000,0.0000,0.0000,0.0000,0.0000,0.0000,0.0000,0.0000,0.0000,0.0000,0.0000,0.0000,0.0000,0.0000
65,0.5000,DynamicV1Rebalance,7.0000,3577.0649,250.3945,spend75p,254.1147,265.3381,278.1755,291.7642,306.2240,322.7373,338.9606,353.3888,365.8671,377.5190,381.3176,377.9528,369.8182,359.7581,343.8642,325.8322,306.4914,282.8320,263.4782,235.1868,189.6283,166.4854,132.5069,89.8080,0.0000,0.0000,0.0000,0.0000,0.0000,0.0000,0.0000,0.0000,0.0000,0.0000,0.0000,0.0000,0.0000,0.0000,0.0000,0.0000,0.0000,0.0000,0.0000,0.0000,0.0000,0.0000,0.0000,0.0000,0.0000,0.0000,0.0000,0.0000,0.0000,0.0000,0.0000
65,0.7500,DynamicV1Rebalance,2.5000,14593.6728,364.8418,survival,1.0000,1.0000,1.0000,1.0000,1.0000,1.0000,1.0000,1.0000,1.0000,1.0000,0.9998,0.9992,0.9984,0.9970,0.9950,0.9926,0.9892,0.9848,0.9798,0.9740,0.9684,0.9616,0.9550,0.9476,0.9394,0.9352,0.9306,0.9270,0.9230,0.9178,0.9138,0.9112,0.9070,0.9050,0.9016,0.8988,0.8964,0.8950,0.8936,0.8922,0.8906,0.8900,0.8882,0.8880,0.8874,0.8868,0.8860,0.8856,0.8848,0.8842,0.8840,0.8836,0.8832,0.8828,0.8824
65,0.7500,DynamicV1Rebalance,2.5000,14593.6728,364.8418,spend25p,365.0846,371.3059,377.0658,382.9968,388.6625,394.7754,400.9517,406.9772,412.4824,417.1699,420.8202,423.6646,424.9313,427.1399,426.6307,422.7513,418.4447,410.7810,402.4713,392.5393,363.2226,354.1525,344.9070,334.3846,323.2848,124.3299,113.2517,101.7359,89.4424,75.6650,62.8426,50.2253,37.8098,26.2898,16.1943,5.7970,0.0000,0.0000,0.0000,0.0000,-0.6697,-6.5866,-13.2166,-19.8688,-27.1559,-34.8980,-43.8626,-52.9893,-62.6691,-73.5800,-84.8199,-96.0903,-107.5191,-118.7164,-130.5787
65,0.7500,DynamicV1Rebalance,2.5000,14593.6728,364.8418,spend50p,367.6509,379.0087,390.8196,403.6021,417.5986,431.3589,445.6951,460.5240,475.3150,489.6406,502.6910,514.5139,524.9120,533.9605,539.3217,542.3207,541.5166,535.3781,530.9628,525.7791,490.2727,484.8271,479.8538,471.4929,465.8340,222.4196,210.6456,198.0160,184.7532,169.6818,153.0113,138.0036,122.7389,108.1897,95.4129,83.8383,73.6510,64.3100,57.7979,51.3200,43.8739,36.8101,30.6922,24.1903,14.9988,6.0550,0.0000,0.0000,0.0000,0.0000,-8.1733,-24.6191,-40.9916,-57.9809,-75.6411
65,0.7500,DynamicV1Rebalance,2.5000,14593.6728,364.8418,spend75p,370.2624,386.8483,405.7981,425.8558,447.1971,471.5991,496.0698,520.2234,546.3374,572.0432,596.1108,619.8207,642.1219,661.1268,678.8359,690.1072,698.8373,707.8794,710.1320,712.4153,673.7543,670.8955,667.5205,662.9502,660.6285,350.1798,341.6915,329.3528,313.7764,296.1719,278.1951,260.0709,240.7146,226.2869,209.6036,197.9961,187.2173,179.8796,173.5323,166.1212,158.8059,153.9857,147.1598,142.1621,135.7341,126.6079,114.1993,102.0363,90.0251,76.8869,60.2493,42.9943,24.4373,6.1900,0.0000
65,0.7500,DynamicV1Rebalance,2.8000,13030.0650,364.8418,survival,1.0000,1.0000,1.0000,1.0000,1.0000,1.0000,1.0000,1.0000,1.0000,0.9998,0.9990,0.9980,0.9960,0.9936,0.9890,0.9836,0.9760,0.9682,0.9586,0.9486,0.9372,0.9276,0.9168,0.9062,0.8962,0.8910,0.8854,0.8790,0.8738,0.8696,0.8668,0.8632,0.8590,0.8562,0.8528,0.8500,0.8478,0.8450,0.8428,0.8408,0.8394,0.8378,0.8372,0.8358,0.8340,0.8326,0.8318,0.8308,0.8300,0.8294,0.8290,0.8290,0.8284,0.8284,0.8280
65,0.7500,DynamicV1Rebalance,2.8000,13030.0650,364.8418,spend25p,365.0846,371.3059,377.0658,382.9968,388.6625,394.7754,400.9517,406.9772,412.4824,417.1384,420.4635,423.0709,423.3964,425.5787,424.3810,419.1554,412.3027,403.3965,392.2619,380.9074,345.4703,333.9422,319.3817,306.2085,295.0013,105.9775,94.4707,81.9869,69.1755,55.9351,43.6536,31.3800,19.2582,8.9260,0.0000,0.0000,0.0000,0.0000,0.0000,0.0000,0.0000,-5.0640,-11.7333,-18.3475,-25.2195,-33.3393,-41.6979,-51.3577,-61.1422,-72.0721,-83.0661,-94.5152,-105.8513,-117.7095,-129.5865
65,0.7500,DynamicV1Rebalance,2.8000,13030.0650,364.8418,spend50p,367.6509,379.0087,390.8196,403.6021,417.5986,431.3589,445.6951,460.5240,475.3150,489.6275,502.4075,513.5995,524.0489,532.5868,537.1482,538.6468,534.8220,527.8293,520.6333,512.5432,477.5353,469.9015,459.9797,452.3119,443.9254,205.5777,194.8798,180.7992,167.2956,153.5348,139.3916,124.1771,108.3507,94.2339,81.2412,69.8677,60.7876,51.6012,44.5805,37.0739,30.2100,21.7658,14.5236,8.6659,0.6452,0.0000,0.0000,0.0000,0.0000,0.0000,-0.9367,-17.0510,-33.7094,-50.5162,-67.5954
65,0.7500,DynamicV1Rebalance,2.8000,13030.0650,364.8418,spend75p,370.2624,386.8483,405.7981,425.8558,447.1971,471.5991,496.0698,520.2234,546.3374,572.0302,595.7892,619.2441,641.2579,659.5346,675.8229,687.4175,693.0821,697.5983,697.3930,697.3245,657.5992,650.1667,644.0687,640.0592,637.0854,334.3015,322.4904,308.1647,292.8730,275.8661,258.0965,240.1738,221.6714,206.2153,191.3521,179.7200,168.4335,160.5987,155.1197,149.3808,143.2832,136.1449,130.9962,123.3574,115.5243,105.3958,96.2440,83.6917,71.6082,56.7736,41.9631,25.6381,8.1165,0.0000,0.0000
65,0.7500,DynamicV1Rebalance,3.0000,12161.3940,364.8418,survival,1.0000,1.0000,1.0000,1.0000,1.0000,1.0000,1.0000,1.0000,1.0000,0.9996,0.9980,0.9968,0.9936,0.9894,0.9828,0.9728,0.9634,0.9520,0.9402,0.9280,0.9130,0.9020,0.8888,0.8760,0.8652,0.8576,0.8520,0.8458,0.8398,0.8338,0.8294,0.8250,0.8212,0.8178,0.8148,0.8114,0.8086,0.8064,0.8048,0.8032,0.8020,0.8004,0.7978,0.7964,0.7936,0.7928,0.7922,0.7912,0.7910,0.7906,0.7902,0.7902,0.7898,0.7892,0.7892
65,0.7500,DynamicV1Rebalance,3.0000,12161.3940,364.8418,spend25p,365.0846,371.3059,377.0658,382.9968,388.6625,394.7754,400.9517,406.9772,412.4824,417.0741,420.1998,422.4701,422.7912,422.4843,421.3007,415.0315,406.9603,393.7964,380.6995,366.9116,331.8587,317.3671,301.0386,287.5783,273.9141,91.0109,78.7802,65.4437,52.7580,39.8416,27.2494,16.3959,4.8467,0.0000,0.0000,0.0000,0.0000,0.0000,0.0000,0.0000,0.0000,-3.7071,-10.1525,-16.7477,-23.8318,-32.1876,-40.5626,-50.0324,-59.8781,-70.5306,-81.4786,-93.2143,-104.8433,-116.6917,-128.5092
65,0.7500,DynamicV1Rebalance,3.0000,12161.3940,364.8418,spend50p,367.6509,379.0087,390.8196,403.6021,417.5986,431.3589,445.6951,460.5240,475.3150,489.5388,502.0971,513.5127,523.1618,530.7941,535.3292,534.7836,530.0285,520.7184,513.3795,503.2702,466.7008,458.1239,446.5094,438.3762,429.8062,195.8929,184.0922,171.1249,157.8970,143.4715,127.6082,111.3506,95.4633,81.9600,70.0742,59.1459,49.8592,40.4945,32.7991,24.4165,18.2383,12.0310,4.7530,0.0000,0.0000,0.0000,0.0000,0.0000,0.0000,0.0000,0.0000,-9.6922,-25.8631,-43.0368,-61.9366
65,0.7500,DynamicV1Rebalance,3.0000,12161.3940,364.8418,spend75p,370.2624,386.8483,405.7981,425.8558,447.1971,471.5991,496.0698,520.2234,546.3374,572.0056,595.4895,619.1188,640.5525,658.0576,673.0664,682.5531,688.8616,687.6540,686.2532,684.3325,638.6642,633.6384,629.3207,622.6423,618.5813,320.0657,308.3319,296.3287,278.1708,261.7427,245.7360,229.1536,211.5471,193.9631,179.9453,166.5820,155.7525,146.4586,140.6627,135.9369,129.9680,124.7806,116.3006,109.3535,99.9598,91.3490,81.0637,70.0438,57.7408,44.8993,29.7268,13.7262,0.0000,0.0000,0.0000
65,0.7500,DynamicV1Rebalance,3.3300,10956.2108,364.8418,survival,1.0000,1.0000,1.0000,1.0000,1.0000,1.0000,1.0000,1.0000,0.9998,0.9984,0.9970,0.9930,0.9874,0.9794,0.9654,0.9530,0.9384,0.9224,0.9052,0.8870,0.8700,0.8530,0.8350,0.8210,0.8060,0.7968,0.7878,0.7800,0.7716,0.7672,0.7622,0.7570,0.7538,0.7500,0.7462,0.7446,0.7416,0.7388,0.7364,0.7340,0.7318,0.7306,0.7294,0.7290,0.7286,0.7278,0.7274,0.7272,0.7270,0.7266,0.7262,0.7252,0.7252,0.7246,0.7242
65,0.7500,DynamicV1Rebalance,3.3300,10956.2108,364.8418,spend25p,365.0846,371.3059,377.0658,382.9968,388.6625,394.7754,400.9517,406.9772,412.3857,416.7561,419.9649,421.5508,420.9594,418.7604,412.8491,405.5045,393.4830,377.2879,360.3434,339.8962,300.7662,278.3844,259.2048,240.8184,220.5767,54.6372,39.3241,24.8187,9.2429,0.0000,0.0000,0.0000,0.0000,0.0000,0.0000,0.0000,0.0000,0.0000,0.0000,0.0000,0.0000,0.0000,-6.3471,-12.9267,-20.1093,-28.4366,-37.6214,-46.2919,-56.4576,-66.5600,-77.8687,-89.8726,-101.4571,-113.8992,-125.9045
65,0.7500,DynamicV1Rebalance,3.3300,10956.2108,364.8418,spend50p,367.6509,379.0087,390.8196,403.6021,417.5986,431.3589,445.6951,460.5240,475.1754,489.2561,501.8335,512.2455,521.5845,526.5618,528.5113,525.5106,519.1951,509.8884,498.0067,486.0301,448.6623,434.1265,422.8960,411.9800,400.4567,178.1930,165.1112,152.8310,136.8023,121.5800,105.7166,92.1704,77.7304,63.8549,52.2468,41.4555,31.8363,22.6629,14.9950,7.2361,0.5470,0.0000,0.0000,0.0000,0.0000,0.0000,0.0000,0.0000,0.0000,0.0000,0.0000,0.0000,-6.9304,-25.2916,-44.4684
65,0.7500,DynamicV1Rebalance,3.3300,10956.2108,364.8418,spend75p,370.2624,386.8483,405.7981,425.8558,447.1971,471.5991,496.0698,520.2234,546.2652,571.3318,595.3258,617.5282,637.0565,655.5435,666.6036,671.8727,675.4348,673.8388,670.9395,661.6025,615.7224,609.2564,598.7179,595.3415,589.9290,299.7882,286.1049,271.5251,256.1973,241.2227,224.3158,204.9442,189.4016,172.0985,157.1181,146.0313,135.6532,126.7824,120.0220,115.7846,107.5245,102.6002,96.3796,89.7163,81.7034,73.7281,64.5627,54.4841,41.9422,27.5845,12.5995,0.0000,0.0000,0.0000,0.0000
65,0.7500,DynamicV1Rebalance,3.6600,9968.3557,364.8418,survival,1.0000,1.0000,1.0000,1.0000,1.0000,1.0000,1.0000,1.0000,0.9994,0.9974,0.9944,0.9876,0.9794,0.9618,0.9470,0.9284,0.9090,0.8852,0.8612,0.8390,0.8180,0.7956,0.7766,0.7560,0.7372,0.7274,0.7196,0.7128,0.7052,0.6982,0.6934,0.6886,0.6862,0.6836,0.6794,0.6770,0.6746,0.6730,0.6712,0.6694,0.6666,0.6642,0.6620,0.6600,0.6584,0.6568,0.6564,0.6558,0.6550,0.6546,0.6546,0.6542,0.6538,0.6536,0.6536
65,0.7500,DynamicV1Rebalance,3.6600,9968.3557,364.8418,spend25p,365.0846,371.3059,377.0658,382.9968,388.6625,394.7754,400.9517,406.9772,412.3682,416.5105,419.5096,418.8741,417.9851,412.7186,405.3291,391.1299,375.9043,352.3185,328.4523,298.7586,256.4814,228.1997,196.2596,141.2373,0.0000,0.0000,0.0000,0.0000,0.0000,0.0000,0.0000,0.0000,0.0000,0.0000,0.0000,0.0000,0.0000,0.0000,0.0000,0.0000,0.0000,0.0000,-0.4892,-7.8583,-15.3653,-23.1799,-31.4614,-40.7509,-51.1397,-61.5572,-72.9283,-84.5216,-96.9910,-109.5536,-122.7512
65,0.7500,DynamicV1Rebalance,3.6600,9968.3557,364.8418,spend50p,367.6509,379.0087,390.8196,403.6021,417.5986,431.3589,445.6951,460.5240,475.0136,488.9810,501.3758,510.8581,518.7210,520.4826,520.1785,516.0728,507.4011,495.2581,480.5003,466.2866,423.1119,409.5153,397.1574,380.4341,368.1613,153.0800,139.9457,126.0257,112.3869,96.9139,83.6335,69.9563,56.7789,44.4397,32.9616,23.6118,14.3998,5.7832,0.0000,0.0000,0.0000,0.0000,0.0000,0.0000,0.0000,0.0000,0.0000,0.0000,0.0000,0.0000,0.0000,0.0000,0.0000,0.0000,-10.7175
65,0.7500,DynamicV1Rebalance,3.6600,9968.3557,364.8418,spend75p,370.2624,386.8483,405.7981,425.8558,447.1971,471.5991,496.0698,520.2234,546.0673,571.0224,594.6586,616.7591,634.2211,649.2211,659.8364,662.6646,663.1092,657.8026,648.5241,637.6236,592.0246,583.3093,575.0112,563.2755,553.5862,274.1846,264.3810,249.7932,234.9759,218.3336,200.8101,182.9852,167.7190,153.5956,139.9477,127.6950,120.7176,112.0800,105.0251,98.6775,92.4394,85.5694,77.2396,70.4037,61.1179,52.0386,42.2425,30.8396,19.7866,6.6140,0.0000,0.0000,0.0000,0.0000,0.0000
65,0.7500,DynamicV1Rebalance,4.0000,9121.0455,364.8418,survival,1.0000,1.0000,1.0000,1.0000,1.0000,1.0000,1.0000,0.9998,0.9984,0.9964,0.9896,0.9802,0.9630,0.9436,0.9234,0.8984,0.8726,0.8410,0.8118,0.7852,0.7596,0.7372,0.7120,0.6880,0.6696,0.6598,0.6516,0.6450,0.6398,0.6346,0.6290,0.6236,0.6208,0.6186,0.6150,0.6118,0.6088,0.6058,0.6038,0.6020,0.6004,0.5980,0.5960,0.5944,0.5940,0.5924,0.5916,0.5916,0.5916,0.5916,0.5914,0.5910,0.5908,0.5908,0.5908
65,0.7500,DynamicV1Rebalance,4.0000,9121.0455,364.8418,spend25p,365.0846,371.3059,377.0658,382.9968,388.6625,394.7754,400.9517,406.8941,412.1032,416.2631,417.6608,416.8374,412.1293,404.8697,395.2322,375.9884,352.3932,321.5729,286.1477,245.9979,174.4694,0.0000,0.0000,0.0000,0.0000,0.0000,0.0000,0.0000,0.0000,0.0000,0.0000,0.0000,0.0000,0.0000,0.0000,0.0000,0.0000,0.0000,0.0000,0.0000,0.0000,0.0000,0.0000,-1.2429,-8.6434,-16.9794,-25.4589,-34.7949,-44.8045,-55.9325,-67.2504,-79.8191,-92.4449,-105.5172,-118.8715
65,0.7500,DynamicV1Rebalance,4.0000,9121.0455,364.8418,spend50p,367.6509,379.0087,390.8196,403.6021,417.5986,431.3589,445.6951,460.4631,474.8247,488.6921,499.6493,508.6555,513.9060,514.7558,512.1519,504.7609,491.6182,476.5382,458.5789,439.6468,397.4856,381.8068,363.7441,344.0096,325.9725,124.0564,110.9123,97.1069,84.2533,71.3593,57.7543,43.7555,31.5560,20.6461,9.5807,0.0000,0.0000,0.0000,0.0000,0.0000,0.0000,0.0000,0.0000,0.0000,0.0000,0.0000,0.0000,0.0000,0.0000,0.0000,0.0000,0.0000,0.0000,0.0000,0.0000
65,0.7500,DynamicV1Rebalance,4.0000,9121.0455,364.8418,spend75p,370.2624,386.8483,405.7981,425.8558,447.1971,471.5991,496.0698,520.1613,545.8691,570.7444,593.4026,614.8194,631.2403,641.6838,652.4111,651.9261,646.8963,637.7246,623.5808,611.1239,567.8126,557.5497,544.4309,531.2594,519.8086,253.5312,241.3601,227.5212,211.7780,195.4136,179.9629,162.5866,146.4661,133.1430,120.8288,109.4747,98.7718,89.5792,80.8590,74.4345,68.5690,62.1962,54.8617,47.8255,39.5624,30.2553,21.1739,10.8418,0.0000,0.0000,0.0000,0.0000,0.0000,0.0000,0.0000
65,0.7500,DynamicV1Rebalance,5.0000,7296.8364,364.8418,survival,1.0000,1.0000,1.0000,1.0000,1.0000,1.0000,0.9998,0.9978,0.9934,0.9826,0.9630,0.9354,0.9022,0.8624,0.8196,0.7766,0.7270,0.6822,0.6452,0.6120,0.5884,0.5650,0.5426,0.5224,0.5020,0.4898,0.4818,0.4754,0.4702,0.4638,0.4588,0.4544,0.4518,0.4498,0.4474,0.4454,0.4436,0.4412,0.4394,0.4386,0.4368,0.4358,0.4344,0.4326,0.4318,0.4314,0.4308,0.4304,0.4298,0.4292,0.4288,0.4278,0.4278,0.4276,0.4276
65,0.7500,DynamicV1Rebalance,5.0000,7296.8364,364.8418,spend25p,365.0846,371.3059,377.0658,382.9968,388.6625,394.7754,400.9204,406.3465,411.4072,413.2716,409.2837,401.3618,387.7238,364.3461,328.0786,272.2371,0.0000,0.0000,0.0000,0.0000,0.0000,0.0000,0.0000,0.0000,0.0000,0.0000,0.0000,0.0000,0.0000,0.0000,0.0000,0.0000,0.0000,0.0000,0.0000,0.0000,0.0000,0.0000,0.0000,0.0000,0.0000,0.0000,0.0000,0.0000,0.0000,0.0000,0.0000,-1.1304,-12.6569,-25.4761,-38.6152,-52.3991,-67.1789,-82.2348,-96.4088
65,0.7500,DynamicV1Rebalance,5.0000,7296.8364,364.8418,spend50p,367.6509,379.0087,390.8196,403.6021,417.5986,431.3589,445.6889,460.2186,473.3691,485.0015,493.8316,496.1056,494.7905,486.5412,470.9677,454.0492,426.8164,397.5556,368.0173,335.7533,286.2257,255.3166,224.5720,187.6649,113.7708,0.0000,0.0000,0.0000,0.0000,0.0000,0.0000,0.0000,0.0000,0.0000,0.0000,0.0000,0.0000,0.0000,0.0000,0.0000,0.0000,0.0000,0.0000,0.0000,0.0000,0.0000,0.0000,0.0000,0.0000,0.0000,0.0000,0.0000,0.0000,0.0000,0.0000
65,0.7500,DynamicV1Rebalance,5.0000,7296.8364,364.8418,spend75p,370.2624,386.8483,405.7981,425.8558,447.1971,471.5991,496.0510,519.7580,544.9776,567.8703,587.8926,602.3125,612.9639,617.2890,613.7707,605.6701,590.9506,566.0984,547.1727,530.2952,488.1335,473.8984,456.1404,441.1411,425.4337,191.5570,179.0486,165.4262,152.0094,136.1389,118.6095,101.8334,87.9634,75.3987,64.3058,53.0748,43.7959,33.6765,24.8205,18.5746,11.6790,5.5061,0.0000,0.0000,0.0000,0.0000,0.0000,0.0000,0.0000,0.0000,0.0000,0.0000,0.0000,0.0000,0.0000
65,0.7500,DynamicV1Rebalance,6.0000,6080.6970,364.8418,survival,1.0000,1.0000,1.0000,1.0000,1.0000,1.0000,0.9986,0.9936,0.9762,0.9494,0.9102,0.8588,0.8040,0.7386,0.6788,0.6202,0.5718,0.5392,0.5062,0.4652,0.4382,0.4124,0.3906,0.3716,0.3558,0.3476,0.3398,0.3348,0.3298,0.3262,0.3222,0.3184,0.3154,0.3140,0.3122,0.3100,0.3084,0.3070,0.3058,0.3046,0.3030,0.3014,0.3006,0.2996,0.2988,0.2986,0.2980,0.2976,0.2968,0.2962,0.2960,0.2958,0.2956,0.2954,0.2952
65,0.7500,DynamicV1Rebalance,6.0000,6080.6970,364.8418,spend25p,365.0846,371.3059,377.0658,382.9968,388.6625,394.7754,400.7586,405.4778,406.7317,402.8939,390.9085,366.5588,326.9141,0.0000,0.0000,0.0000,0.0000,0.0000,0.0000,0.0000,0.0000,0.0000,0.0000,0.0000,0.0000,0.0000,0.0000,0.0000,0.0000,0.0000,0.0000,0.0000,0.0000,0.0000,0.0000,0.0000,0.0000,0.0000,0.0000,0.0000,0.0000,0.0000,0.0000,0.0000,0.0000,0.0000,0.0000,0.0000,0.0000,0.0000,0.0000,0.0000,0.0000,0.0000,0.0000
65,0.7500,DynamicV1Rebalance,6.0000,6080.6970,364.8418,spend50p,367.6509,379.0087,390.8196,403.6021,417.5986,431.3589,445.5599,459.5691,469.7441,479.0822,481.1503,475.5626,461.4497,437.5730,409.8088,371.6548,323.7172,277.9575,192.1856,0.0000,0.0000,0.0000,0.0000,0.0000,0.0000,0.0000,0.0000,0.0000,0.0000,0.0000,0.0000,0.0000,0.0000,0.0000,0.0000,0.0000,0.0000,0.0000,0.0000,0.0000,0.0000,0.0000,0.0000,0.0000,0.0000,0.0000,0.0000,0.0000,0.0000,0.0000,0.0000,0.0000,0.0000,0.0000,0.0000
65,0.7500,DynamicV1Rebalance,6.0000,6080.6970,364.8418,spend75p,370.2624,386.8483,405.7981,425.8558,447.1971,471.5991,495.9311,519.0634,541.5494,560.7440,577.5355,585.7066,585.5047,576.1518,563.6821,542.0214,520.4655,505.4459,480.5770,449.1833,402.6687,379.4372,358.4019,334.6722,315.1327,116.7108,101.0360,89.3721,74.6736,61.1825,47.5592,33.9759,20.7418,10.1431,0.3043,0.0000,0.0000,0.0000,0.0000,0.0000,0.0000,0.0000,0.0000,0.0000,0.0000,0.0000,0.0000,0.0000,0.0000,0.0000,0.0000,0.0000,0.0000,0.0000,0.0000
65,0.7500,DynamicV1Rebalance,7.0000,5212.0260,364.8418,survival,1.0000,1.0000,1.0000,1.0000,1.0000,0.9994,0.9948,0.9758,0.9402,0.8924,0.8256,0.7462,0.6674,0.5978,0.5352,0.4830,0.4384,0.3950,0.3628,0.3322,0.3062,0.2846,0.2650,0.2490,0.2376,0.2326,0.2280,0.2228,0.2196,0.2158,0.2118,0.2102,0.2088,0.2068,0.2062,0.2046,0.2030,0.2020,0.2008,0.2002,0.1992,0.1984,0.1974,0.1964,0.1962,0.1956,0.1956,0.1954,0.1948,0.1948,0.1948,0.1944,0.1940,0.1938,0.1938
65,0.7500,DynamicV1Rebalance,7.0000,5212.0260,364.8418,spend25p,365.0846,371.3059,377.0658,382.9968,388.6625,394.5894,399.9327,402.4615,397.5163,383.4583,351.2240,0.0000,0.0000,0.0000,0.0000,0.0000,0.0000,0.0000,0.0000,0.0000,0.0000,0.0000,0.0000,0.0000,0.0000,0.0000,0.0000,0.0000,0.0000,0.0000,0.0000,0.0000,0.0000,0.0000,0.0000,0.0000,0.0000,0.0000,0.0000,0.0000,0.0000,0.0000,0.0000,0.0000,0.0000,0.0000,0.0000,0.0000,0.0000,0.0000,0.0000,0.0000,0.0000,0.0000,0.0000
65,0.7500,DynamicV1Rebalance,7.0000,5212.0260,364.8418,spend50p,367.6509,379.0087,390.8196,403.6021,417.5986,431.2630,444.9290,456.6562,463.8668,465.9327,456.9114,434.5236,405.5468,365.2412,299.1142,0.0000,0.0000,0.0000,0.0000,0.0000,0.0000,0.0000,0.0000,0.0000,0.0000,0.0000,0.0000,0.0000,0.0000,0.0000,0.0000,0.0000,0.0000,0.0000,0.0000,0.0000,0.0000,0.0000,0.0000,0.0000,0.0000,0.0000,0.0000,0.0000,0.0000,0.0000,0.0000,0.0000,0.0000,0.0000,0.0000,0.0000,0.0000,0.0000,0.0000
65,0.7500,DynamicV1Rebalance,7.0000,5212.0260,364.8418,spend75p,370.2624,386.8483,405.7981,425.8558,447.1971,471.5218,495.4923,516.8121,534.9634,552.2017,557.5074,552.3491,540.5674,526.0928,502.7176,475.0363,447.0447,412.3782,382.4029,340.9247,282.2961,241.4738,186.7563,0.0000,0.0000,0.0000,0.0000,0.0000,0.0000,0.0000,0.0000,0.0000,0.0000,0.0000,0.0000,0.0000,0.0000,0.0000,0.0000,0.0000,0.0000,0.0000,0.0000,0.0000,0.0000,0.0000,0.0000,0.0000,0.0000,0.0000,0.0000,0.0000,0.0000,0.0000,0.0000
65,1.0000,DynamicV1Rebalance,2.5000,19171.5637,479.2891,survival,1.0000,1.0000,1.0000,1.0000,1.0000,1.0000,1.0000,1.0000,1.0000,1.0000,0.9998,0.9992,0.9984,0.9970,0.9948,0.9926,0.9892,0.9848,0.9790,0.9740,0.9682,0.9608,0.9542,0.9470,0.9386,0.9326,0.9278,0.9226,0.9164,0.9112,0.9060,0.9022,0.8966,0.8934,0.8912,0.8882,0.8840,0.8820,0.8794,0.8776,0.8746,0.8726,0.8704,0.8684,0.8664,0.8654,0.8650,0.8642,0.8632,0.8630,0.8628,0.8622,0.8618,0.8614,0.8604
65,1.0000,DynamicV1Rebalance,2.5000,19171.5637,479.2891,spend25p,479.6080,487.9343,495.6523,503.5932,511.1832,519.3599,527.6169,535.6692,543.0260,549.2924,554.1749,557.9748,559.6715,562.5799,561.7367,556.6968,550.9246,540.7096,529.0618,516.4116,484.2478,471.8624,459.3229,445.5008,430.9112,228.7828,213.9279,196.7488,181.2026,164.2985,147.3409,132.4799,115.5753,102.1190,91.0465,79.0725,68.2368,59.5949,51.1719,42.7235,34.7433,27.8404,21.3377,14.1654,6.2016,0.0000,0.0000,0.0000,0.0000,0.0000,0.0000,0.0000,-3.4652,-15.8741,-28.0800
65,1.0000,DynamicV1Rebalance,2.5000,19171.5637,479.2891,spend50p,482.9793,498.0566,513.7315,530.6865,549.2411,567.4884,586.4953,606.1482,625.7441,644.7153,661.9900,677.6251,691.3548,703.2717,710.1591,714.1509,712.9611,704.7163,698.1068,691.6975,653.4939,646.0361,638.6445,628.3198,619.7668,374.3296,361.3889,345.1180,328.7323,310.0272,289.4939,272.1483,251.4554,236.9257,222.0756,208.9550,197.4144,189.7155,183.4820,177.7667,169.2735,162.8355,156.9918,149.2522,143.1685,136.0631,128.6557,119.2668,107.4406,97.0468,84.0989,69.7087,56.1159,43.8526,29.9599
65,1.0000,DynamicV1Rebalance,2.5000,19171.5637,479.2891,spend75p,486.4100,508.3586,533.4208,559.9475,588.1702,620.4277,652.7839,684.7254,719.2439,753.2158,785.0138,816.3163,845.7303,870.7607,893.5786,908.7624,920.0896,931.7792,933.6087,937.2300,898.3390,893.5006,889.2732,883.2483,879.6539,570.2359,560.0432,545.1490,526.9358,507.1269,482.3303,462.4232,442.0441,421.9060,408.7404,397.3456,385.7840,382.9857,379.6955,374.1753,370.2591,368.0937,364.2283,360.0312,355.5464,349.2205,342.4812,332.5348,321.0380,311.3441,300.5312,285.0362,271.3616,253.9084,231.5347
65,1.0000,DynamicV1Rebalance,2.8000,17117.4676,479.2891,survival,1.0000,1.0000,1.0000,1.0000,1.0000,1.0000,1.0000,1.0000,1.0000,0.9998,0.9990,0.9980,0.9960,0.9932,0.9890,0.9834,0.9758,0.9676,0.9584,0.9480,0.9372,0.9268,0.9152,0.9052,0.8952,0.8884,0.8808,0.8738,0.8674,0.8628,0.8568,0.8512,0.8456,0.8424,0.8378,0.8342,0.8314,0.8276,0.8238,0.8206,0.8192,0.8178,0.8150,0.8124,0.8108,0.8082,0.8070,0.8056,0.8040,0.8034,0.8022,0.8012,0.8006,0.7998,0.7990
65,1.0000,DynamicV1Rebalance,2.8000,17117.4676,479.2891,spend25p,479.6080,487.9343,495.6523,503.5932,511.1832,519.3599,527.6169,535.6692,543.0260,549.2508,553.7052,557.1929,557.6499,559.7684,558.9127,551.8880,542.8380,530.7601,516.1456,500.7123,460.6270,443.8585,424.1047,407.2950,392.2256,198.9138,184.3045,167.0183,149.8734,132.0737,115.1070,99.4084,83.4302,70.1277,57.5894,47.3655,38.0446,29.0413,19.6619,11.2150,5.8267,0.0000,0.0000,0.0000,0.0000,0.0000,0.0000,0.0000,0.0000,0.0000,0.0000,0.0000,-0.0674,-11.2152,-24.6246
65,1.0000,DynamicV1Rebalance,2.8000,17117.4676,479.2891,spend50p,482.9793,498.0566,513.7315,530.6865,549.2411,567.4884,586.4953,606.1482,625.7441,644.6981,661.6167,676.4207,690.2180,701.4376,707.4280,709.2467,704.1470,694.2390,684.8182,673.8782,636.7137,626.2038,612.5374,602.4386,590.9379,349.9514,337.2591,319.5939,302.4343,285.6008,268.9041,248.3479,228.8427,210.7115,195.4720,184.1692,173.4705,164.9599,156.1991,148.2018,143.9759,136.6298,129.4947,122.6252,117.4700,107.9662,98.5974,88.2916,76.2655,64.2008,53.4843,42.4776,29.1568,15.5549,0.6624
65,1.0000,DynamicV1Rebalance,2.8000,17117.4676,479.2891,spend75p,486.4100,508.3586,533.4208,559.9475,588.1702,620.4277,652.7839,684.7254,719.2439,753.1987,784.5904,815.5568,844.5925,868.6280,890.0634,905.1812,912.5123,917.5624,917.7315,916.3788,876.7989,864.8083,856.7216,852.3752,848.4050,544.6475,529.6961,514.0655,492.0405,474.0855,453.0112,431.6755,412.6103,394.2950,377.8975,364.2671,353.9572,345.8582,341.4544,340.4341,338.1635,335.7159,332.4561,327.4331,322.5001,313.9734,307.0158,298.5936,287.3611,274.3503,260.6813,247.0211,229.5183,211.2628,193.4335
65,1.0000,DynamicV1Rebalance,3.0000,15976.3031,479.2891,survival,1.0000,1.0000,1.0000,1.0000,1.0000,1.0000,1.0000,1.0000,1.0000,0.9996,0.9980,0.9968,0.9936,0.9892,0.9826,0.9728,0.9632,0.9518,0.9394,0.9278,0.9126,0.9002,0.8872,0.8732,0.8638,0.8536,0.8472,0.8384,0.8294,0.8238,0.8174,0.8122,0.8076,0.8018,0.7980,0.7938,0.7892,0.7842,0.7802,0.7776,0.7732,0.7712,0.7690,0.7660,0.7644,0.7624,0.7614,0.7588,0.7584,0.7576,0.7574,0.7564,0.7558,0.7546,0.7542
65,1.0000,DynamicV1Rebalance,3.0000,15976.3031,479.2891,spend25p,479.6080,487.9343,495.6523,503.5932,511.1832,519.3599,527.6169,535.6692,543.0260,549.1662,553.3580,556.4016,556.8528,556.3764,554.8113,546.5311,535.7872,518.0332,500.4963,482.3161,442.4047,421.4673,399.8914,380.2818,363.9383,175.0516,158.9259,138.5962,119.6537,103.5000,87.4790,73.3697,58.1417,42.7192,30.3616,19.3011,7.9982,0.0000,0.0000,0.0000,0.0000,0.0000,0.0000,0.0000,0.0000,0.0000,0.0000,0.0000,0.0000,0.0000,0.0000,0.0000,0.0000,-6.8407,-20.7360
65,1.0000,DynamicV1Rebalance,3.0000,15976.3031,479.2891,spend50p,482.9793,498.0566,513.7315,530.6865,549.2411,567.4884,586.4953,606.1482,625.7441,644.5813,661.2079,676.3064,689.0496,698.9866,704.9277,704.2257,697.7954,685.1994,675.1939,661.9858,622.2677,609.7724,595.0148,583.2803,571.9801,335.0376,320.0499,302.9928,286.0719,268.5783,247.6695,227.6428,208.2963,192.0298,178.7376,166.4647,155.3217,144.3924,133.6308,127.8301,120.7978,115.2501,108.9745,101.5461,93.6295,84.3936,76.1669,65.3706,55.9386,45.9261,33.9607,21.0070,9.0504,0.0000,0.0000
65,1.0000,DynamicV1Rebalance,3.0000,15976.3031,479.2891,spend75p,486.4100,508.3586,533.4208,559.9475,588.1702,620.4277,652.7839,684.7254,719.2439,753.1662,784.1956,815.3918,843.6634,866.4979,886.3340,898.8148,906.8961,904.9387,901.9107,899.8236,851.5523,842.0986,838.5332,827.0353,823.7899,522.6497,509.8483,491.2277,470.3165,451.9788,433.1999,414.8493,392.1846,371.7177,358.4358,343.9081,333.1895,324.6488,317.4870,314.2330,312.3865,306.9101,304.5230,299.8317,294.6787,288.1221,279.4115,269.0629,258.2737,248.7807,234.7103,219.1348,203.5711,183.0217,165.1330
65,1.0000,DynamicV1Rebalance,3.3300,14393.0658,479.2891,survival,1.0000,1.0000,1.0000,1.0000,1.0000,1.0000,1.0000,1.0000,0.9998,0.9984,0.9970,0.9930,0.9874,0.9788,0.9654,0.9526,0.9380,0.9218,0.9038,0.8858,0.8686,0.8514,0.8330,0.8176,0.8036,0.7918,0.7814,0.7704,0.7630,0.7560,0.7496,0.7422,0.7366,0.7316,0.7268,0.7230,0.7196,0.7162,0.7122,0.7088,0.7068,0.7048,0.7024,0.6998,0.6984,0.6960,0.6934,0.6918,0.6914,0.6904,0.6892,0.6880,0.6866,0.6854,0.6854
65,1.0000,DynamicV1Rebalance,3.3300,14393.0658,479.2891,spend25p,479.6080,487.9343,495.6523,503.5932,511.1832,519.3599,527.6169,535.6692,542.8988,548.7475,553.0487,555.1909,554.4401,551.1727,543.7252,533.4684,517.8466,496.3893,472.6931,445.2933,398.7931,369.2318,342.6891,316.8782,291.9661,116.2836,92.7877,68.8621,47.9471,18.7038,0.0000,0.0000,0.0000,0.0000,0.0000,0.0000,0.0000,0.0000,0.0000,0.0000,0.0000,0.0000,0.0000,0.0000,0.0000,0.0000,0.0000,0.0000,0.0000,0.0000,0.0000,0.0000,0.0000,0.0000,-13.2165
65,1.0000,DynamicV1Rebalance,3.3300,14393.0658,479.2891,spend50p,482.9793,498.0566,513.7315,530.6865,549.2411,567.4884,586.4953,606.1482,625.5604,644.2091,660.8607,674.6376,686.9721,693.4407,696.0531,691.8274,683.3762,670.9252,654.5265,639.0734,597.5223,577.6968,562.1693,546.8792,532.6539,307.6539,291.6302,274.2135,254.0320,233.1591,214.1897,195.4269,177.2428,161.4131,147.0471,134.7945,125.0229,114.4541,104.1421,95.6072,88.8153,82.5012,75.3394,67.3249,60.7710,52.6599,43.4667,33.5127,24.5057,13.7894,2.0631,0.0000,0.0000,0.0000,0.0000
65,1.0000,DynamicV1Rebalance,3.3300,14393.0658,479.2891,spend75p,486.4100,508.3586,533.4208,559.9475,588.1702,620.4277,652.7839,684.7254,719.1489,752.2790,783.9801,813.2970,839.0588,863.4070,877.9215,884.5963,889.1650,886.8714,882.3959,869.4373,818.9715,810.7896,797.1674,792.1652,785.8302,492.8152,474.0633,455.5742,437.6495,420.8282,397.0166,374.6397,353.6971,335.1665,318.8244,307.5780,299.0565,291.2200,286.1321,282.7585,278.6906,274.9473,271.4444,268.8782,259.4201,249.8589,244.6190,234.7607,226.6765,214.4911,200.6535,183.9179,167.1181,147.8561,129.3623
65,1.0000,DynamicV1Rebalance,3.6600,13095.3304,479.2891,survival,1.0000,1.0000,1.0000,1.0000,1.0000,1.0000,1.0000,1.0000,0.9994,0.9974,0.9944,0.9876,0.9792,0.9616,0.9462,0.9282,0.9086,0.8844,0.8606,0.8382,0.8176,0.7940,0.7746,0.7538,0.7344,0.7232,0.7130,0.7042,0.6940,0.6872,0.6806,0.6754,0.6688,0.6650,0.6594,0.6546,0.6512,0.6462,0.6432,0.6388,0.6342,0.6316,0.6290,0.6276,0.6256,0.6246,0.6228,0.6220,0.6212,0.6198,0.6190,0.6184,0.6178,0.6170,0.6168
65,1.0000,DynamicV1Rebalance,3.6600,13095.3304,479.2891,spend25p,479.6080,487.9343,495.6523,503.5932,511.1832,519.3599,527.6169,535.6692,542.8757,548.4241,552.4491,551.6655,550.4353,543.5667,533.1408,514.8676,494.5584,463.5666,431.5721,392.4870,341.7626,302.5888,255.7424,177.7099,0.0000,0.0000,0.0000,0.0000,0.0000,0.0000,0.0000,0.0000,0.0000,0.0000,0.0000,0.0000,0.0000,0.0000,0.0000,0.0000,0.0000,0.0000,0.0000,0.0000,0.0000,0.0000,0.0000,0.0000,0.0000,0.0000,0.0000,0.0000,0.0000,0.0000,-0.1016
65,1.0000,DynamicV1Rebalance,3.6600,13095.3304,479.2891,spend50p,482.9793,498.0566,513.7315,530.6865,549.2411,567.4884,586.4953,606.1482,625.3474,643.8468,660.2581,672.8103,682.9766,685.5203,684.4760,679.4080,668.0447,651.7376,632.1566,612.8111,563.9752,545.1236,527.8115,506.5498,489.1760,270.3851,252.1639,233.8713,214.2481,195.4096,177.7869,160.4360,141.7700,127.3290,113.3494,98.6966,88.6662,78.9677,69.1064,61.0597,52.2653,46.1759,37.8824,30.3276,21.7383,13.9733,5.0540,0.0000,0.0000,0.0000,0.0000,0.0000,0.0000,0.0000,0.0000
65,1.0000,DynamicV1Rebalance,3.6600,13095.3304,479.2891,spend75p,486.4100,508.3586,533.4208,559.9475,588.1702,620.4277,652.7839,684.7254,718.8883,751.8717,783.1014,812.2841,835.3243,855.0799,868.2689,872.3993,873.0500,865.7682,853.1670,838.6128,788.9870,776.7506,764.9841,750.3056,735.4563,453.4898,440.6206,422.9026,403.3682,382.2555,362.6284,341.4475,320.7326,305.6603,289.8556,278.0583,268.8114,262.0519,255.5140,247.5367,239.5543,236.5292,231.6720,226.9914,218.6778,210.9837,203.8152,194.9155,183.2575,171.9901,159.2616,144.3427,129.6965,111.6438,95.5742
65,1.0000,DynamicV1Rebalance,4.0000,11982.2273,479.2891,survival,1.0000,1.0000,1.0000,1.0000,1.0000,1.0000,1.0000,0.9998,0.9984,0.9962,0.9896,0.9800,0.9628,0.9430,0.9228,0.8972,0.8716,0.8404,0.8108,0.7840,0.7586,0.7358,0.7086,0.6858,0.6682,0.6556,0.6454,0.6374,0.6292,0.6212,0.6150,0.6100,0.6026,0.5980,0.5922,0.5866,0.5822,0.5782,0.5750,0.5734,0.5704,0.5680,0.5662,0.5636,0.5620,0.5610,0.5600,0.5590,0.5586,0.5584,0.5572,0.5568,0.5558,0.5548,0.5544
65,1.0000,DynamicV1Rebalance,4.0000,11982.2273,479.2891,spend25p,479.6080,487.9343,495.6523,503.5932,511.1832,519.3599,527.6169,535.5597,542.5269,548.0121,550.0144,548.7478,542.7349,532.9243,520.1058,494.1849,463.2251,422.6887,374.9742,321.3834,226.8349,0.0000,0.0000,0.0000,0.0000,0.0000,0.0000,0.0000,0.0000,0.0000,0.0000,0.0000,0.0000,0.0000,0.0000,0.0000,0.0000,0.0000,0.0000,0.0000,0.0000,0.0000,0.0000,0.0000,0.0000,0.0000,0.0000,0.0000,0.0000,0.0000,0.0000,0.0000,0.0000,0.0000,0.0000
65,1.0000,DynamicV1Rebalance,4.0000,11982.2273,479.2891,spend50p,482.9793,498.0566,513.7315,530.6865,549.2411,567.4884,586.4953,606.0680,625.0987,643.1968,657.9843,669.8302,676.8229,677.4037,674.2677,663.7774,646.5736,626.5098,603.0335,577.3020,529.2027,507.2281,482.7761,457.5632,433.6826,226.3981,208.3759,190.3098,172.2507,152.7575,135.4614,117.3114,99.2636,84.5393,70.7744,57.4134,46.7985,35.9989,27.9661,20.7226,13.1140,5.7314,0.0000,0.0000,0.0000,0.0000,0.0000,0.0000,0.0000,0.0000,0.0000,0.0000,0.0000,0.0000,0.0000
65,1.0000,DynamicV1Rebalance,4.0000,11982.2273,479.2891,spend75p,486.4100,508.3586,533.4208,559.9475,588.1702,620.4277,652.7839,684.6437,718.6274,751.5056,781.4474,809.4304,831.2385,844.9935,858.8410,858.1976,851.2242,839.2496,820.5985,803.1323,755.3091,742.6622,723.3492,707.9521,691.6885,423.1712,404.2435,388.5274,369.5596,349.6020,329.6821,310.5787,288.8326,273.8587,258.3679,243.9114,232.1917,223.5607,213.7231,208.7120,204.9667,200.0182,196.0292,191.8393,185.0448,178.4288,167.6388,156.4674,147.5092,137.6758,124.3346,111.8272,97.7677,81.6830,63.1743
65,1.0000,DynamicV1Rebalance,5.0000,9585.7818,479.2891,survival,1.0000,1.0000,1.0000,1.0000,1.0000,1.0000,0.9998,0.9978,0.9934,0.9826,0.9628,0.9352,0.9014,0.8604,0.8184,0.7748,0.7262,0.6812,0.6430,0.6100,0.5870,0.5636,0.5398,0.5198,0.4994,0.4848,0.4750,0.4662,0.4584,0.4530,0.4480,0.4410,0.4370,0.4328,0.4270,0.4242,0.4210,0.4172,0.4138,0.4106,0.4084,0.4060,0.4040,0.4018,0.4012,0.3996,0.3984,0.3968,0.3960,0.3956,0.3954,0.3948,0.3938,0.3932,0.3930
65,1.0000,DynamicV1Rebalance,5.0000,9585.7818,479.2891,spend25p,479.6080,487.9343,495.6523,503.5932,511.1832,519.3599,527.5757,534.8390,541.6106,544.1593,538.8919,528.5520,510.3494,479.2053,431.4692,354.9847,0.0000,0.0000,0.0000,0.0000,0.0000,0.0000,0.0000,0.0000,0.0000,0.0000,0.0000,0.0000,0.0000,0.0000,0.0000,0.0000,0.0000,0.0000,0.0000,0.0000,0.0000,0.0000,0.0000,0.0000,0.0000,0.0000,0.0000,0.0000,0.0000,0.0000,0.0000,0.0000,0.0000,0.0000,0.0000,0.0000,0.0000,0.0000,0.0000
65,1.0000,DynamicV1Rebalance,5.0000,9585.7818,479.2891,spend50p,482.9793,498.0566,513.7315,530.6865,549.2411,567.4884,586.4871,605.7462,623.1824,638.6069,650.3231,653.2591,651.3834,639.2614,619.5976,597.6357,561.5733,523.1128,483.6821,438.2139,380.3694,337.8010,294.4103,242.5499,0.0000,0.0000,0.0000,0.0000,0.0000,0.0000,0.0000,0.0000,0.0000,0.0000,0.0000,0.0000,0.0000,0.0000,0.0000,0.0000,0.0000,0.0000,0.0000,0.0000,0.0000,0.0000,0.0000,0.0000,0.0000,0.0000,0.0000,0.0000,0.0000,0.0000,0.0000
65,1.0000,DynamicV1Rebalance,5.0000,9585.7818,479.2891,spend75p,486.4100,508.3586,533.4208,559.9475,588.1702,620.4277,652.7592,684.1127,717.4537,747.7213,774.1913,793.2575,807.0625,812.1492,808.0752,797.0415,777.5366,745.0393,719.7126,697.2352,649.3578,630.6593,605.3906,586.0966,565.9489,326.7462,309.4974,292.5406,274.6345,252.2137,231.9727,210.4469,194.5483,177.8300,161.5806,149.6547,137.0148,125.4160,116.2030,106.9074,100.6764,93.2275,86.6879,80.1662,73.1029,63.5495,55.9940,46.1527,36.5640,27.5899,17.0236,5.2866,0.0000,0.0000,0.0000
65,1.0000,DynamicV1Rebalance,6.0000,7988.1515,479.2891,survival,1.0000,1.0000,1.0000,1.0000,1.0000,1.0000,0.9986,0.9934,0.9760,0.9490,0.9096,0.8582,0.8034,0.7374,0.6772,0.6176,0.5704,0.5384,0.5044,0.4634,0.4362,0.4108,0.3878,0.3704,0.3536,0.3434,0.3326,0.3258,0.3192,0.3138,0.3092,0.3030,0.2996,0.2962,0.2922,0.2890,0.2850,0.2812,0.2780,0.2764,0.2742,0.2724,0.2712,0.2692,0.2674,0.2656,0.2646,0.2640,0.2636,0.2634,0.2628,0.2624,0.2624,0.2620,0.2618
65,1.0000,DynamicV1Rebalance,6.0000,7988.1515,479.2891,spend25p,479.6080,487.9343,495.6523,503.5932,511.1832,519.3599,527.3629,533.6899,535.3714,530.2636,514.4280,482.5128,430.2564,0.0000,0.0000,0.0000,0.0000,0.0000,0.0000,0.0000,0.0000,0.0000,0.0000,0.0000,0.0000,0.0000,0.0000,0.0000,0.0000,0.0000,0.0000,0.0000,0.0000,0.0000,0.0000,0.0000,0.0000,0.0000,0.0000,0.0000,0.0000,0.0000,0.0000,0.0000,0.0000,0.0000,0.0000,0.0000,0.0000,0.0000,0.0000,0.0000,0.0000,0.0000,0.0000
65,1.0000,DynamicV1Rebalance,6.0000,7988.1515,479.2891,spend50p,482.9793,498.0566,513.7315,530.6865,549.2411,567.4884,586.3173,604.6882,618.3901,630.6984,633.4469,625.9090,607.5662,575.4662,539.3829,487.1147,424.1766,365.0741,236.8394,0.0000,0.0000,0.0000,0.0000,0.0000,0.0000,0.0000,0.0000,0.0000,0.0000,0.0000,0.0000,0.0000,0.0000,0.0000,0.0000,0.0000,0.0000,0.0000,0.0000,0.0000,0.0000,0.0000,0.0000,0.0000,0.0000,0.0000,0.0000,0.0000,0.0000,0.0000,0.0000,0.0000,0.0000,0.0000,0.0000
65,1.0000,DynamicV1Rebalance,6.0000,7988.1515,479.2891,spend75p,486.4100,508.3586,533.4208,559.9475,588.1702,620.4277,652.6014,683.1667,712.9406,738.3380,760.5522,771.0100,771.0338,758.4195,741.6892,712.2479,684.1708,664.6139,631.1404,589.4374,534.8370,502.1463,474.9779,445.3483,416.5217,210.6931,191.0289,173.4049,154.3296,132.7426,113.5571,90.5846,75.4147,60.5598,46.8952,33.7647,22.9278,11.5771,0.1565,0.0000,0.0000,0.0000,0.0000,0.0000,0.0000,0.0000,0.0000,0.0000,0.0000,0.0000,0.0000,0.0000,0.0000,0.0000,0.0000
65,1.0000,DynamicV1Rebalance,7.0000,6846.9870,479.2891,survival,1.0000,1.0000,1.0000,1.0000,1.0000,0.9994,0.9946,0.9756,0.9394,0.8916,0.8248,0.7442,0.6658,0.5956,0.5342,0.4814,0.4368,0.3940,0.3604,0.3300,0.3050,0.2818,0.2628,0.2476,0.2362,0.2310,0.2230,0.2166,0.2120,0.2074,0.2046,0.2016,0.1980,0.1946,0.1924,0.1906,0.1888,0.1872,0.1848,0.1826,0.1816,0.1796,0.1782,0.1772,0.1766,0.1766,0.1760,0.1754,0.1750,0.1746,0.1740,0.1740,0.1738,0.1736,0.1728
65,1.0000,DynamicV1Rebalance,7.0000,6846.9870,479.2891,spend25p,479.6080,487.9343,495.6523,503.5932,511.1832,519.1151,526.2224,529.6443,523.0933,504.5703,462.0131,0.0000,0.0000,0.0000,0.0000,0.0000,0.0000,0.0000,0.0000,0.0000,0.0000,0.0000,0.0000,0.0000,0.0000,0.0000,0.0000,0.0000,0.0000,0.0000,0.0000,0.0000,0.0000,0.0000,0.0000,0.0000,0.0000,0.0000,0.0000,0.0000,0.0000,0.0000,0.0000,0.0000,0.0000,0.0000,0.0000,0.0000,0.0000,0.0000,0.0000,0.0000,0.0000,0.0000,0.0000
65,1.0000,DynamicV1Rebalance,7.0000,6846.9870,479.2891,spend50p,482.9793,498.0566,513.7315,530.6865,549.2411,567.3622,585.4459,601.0320,610.5027,613.2404,601.3645,571.4778,533.3078,479.7083,391.8822,0.0000,0.0000,0.0000,0.0000,0.0000,0.0000,0.0000,0.0000,0.0000,0.0000,0.0000,0.0000,0.0000,0.0000,0.0000,0.0000,0.0000,0.0000,0.0000,0.0000,0.0000,0.0000,0.0000,0.0000,0.0000,0.0000,0.0000,0.0000,0.0000,0.0000,0.0000,0.0000,0.0000,0.0000,0.0000,0.0000,0.0000,0.0000,0.0000,0.0000
65,1.0000,DynamicV1Rebalance,7.0000,6846.9870,479.2891,spend75p,486.4100,508.3586,533.4208,559.9475,588.1702,620.3260,652.0115,679.9281,704.2702,726.3878,733.9307,726.9653,711.3606,692.0390,661.6378,623.0336,585.8005,541.1597,500.9990,445.3558,375.9399,315.4144,241.2726,0.0000,0.0000,0.0000,0.0000,0.0000,0.0000,0.0000,0.0000,0.0000,0.0000,0.0000,0.0000,0.0000,0.0000,0.0000,0.0000,0.0000,0.0000,0.0000,0.0000,0.0000,0.0000,0.0000,0.0000,0.0000,0.0000,0.0000,0.0000,0.0000,0.0000,0.0000,0.0000
65,1.5000,DynamicV1Rebalance,2.5000,28327.3455,708.1836,survival,1.0000,1.0000,1.0000,1.0000,1.0000,1.0000,1.0000,1.0000,1.0000,1.0000,0.9998,0.9992,0.9984,0.9970,0.9948,0.9926,0.9892,0.9846,0.9790,0.9738,0.9682,0.9598,0.9538,0.9456,0.9372,0.9310,0.9244,0.9176,0.9096,0.9046,0.8972,0.8920,0.8888,0.8836,0.8792,0.8752,0.8710,0.8672,0.8626,0.8604,0.8558,0.8528,0.8506,0.8492,0.8472,0.8452,0.8438,0.8426,0.8410,0.8388,0.8376,0.8370,0.8354,0.8338,0.8326
65,1.5000,DynamicV1Rebalance,2.5000,28327.3455,708.1836,spend25p,708.6549,721.1910,732.8251,744.7858,756.2248,768.5287,780.9473,793.0530,804.1134,813.5373,820.8844,826.5951,829.1520,833.4599,832.1596,824.5878,815.8844,800.3862,783.1070,764.1564,726.3717,704.9009,688.0109,665.9796,644.9123,438.2664,414.5477,388.8357,361.1511,338.9887,312.0916,289.7009,269.5162,249.9729,232.7633,218.1292,203.2431,190.9482,175.9409,165.1696,154.3439,146.3662,138.6357,131.8091,124.4439,114.0628,104.8611,94.6427,84.3664,72.0023,60.0142,49.9027,38.5073,25.6066,13.0907
65,1.5000,DynamicV1Rebalance,2.5000,28327.3455,708.1836,spend50p,713.6362,736.1522,759.5554,784.8554,812.5261,839.7474,868.0957,897.3965,926.6024,954.8648,980.5880,1003.8474,1024.2404,1041.8943,1052.0333,1057.8113,1055.8501,1043.2319,1033.3241,1023.5343,980.2409,967.5424,957.7264,941.4892,927.8957,680.4658,661.8204,639.1459,614.0559,590.8394,562.3998,536.2715,513.7106,492.3980,471.5235,454.7687,442.7951,434.7717,425.9752,420.2605,412.8381,408.3279,403.7736,401.5277,394.5509,388.1114,381.0777,371.5648,361.4570,350.0106,337.7121,323.4626,314.6658,299.2434,283.8651
65,1.5000,DynamicV1Rebalance,2.5000,28327.3455,708.1836,spend75p,718.7053,751.3792,788.6662,828.1307,870.1163,918.0850,966.2121,1013.7293,1065.0569,1115.5609,1162.8198,1209.3074,1252.9473,1290.0285,1323.7520,1346.0728,1362.5943,1379.3400,1381.9095,1386.8592,1347.5085,1336.9482,1332.9025,1323.2682,1318.4322,1009.4158,996.3741,976.7912,948.5745,925.1345,892.1130,865.0749,843.1181,819.9231,802.7772,792.5261,779.5599,778.5833,779.5865,782.8989,783.2399,780.0834,785.4129,786.9859,791.2835,789.5610,792.3938,786.9963,778.8538,763.5388,759.5762,752.6307,737.8188,715.9213,696.6075
65,1.5000,DynamicV1Rebalance,2.8000,25292.2728,708.1836,survival,1.0000,1.0000,1.0000,1.0000,1.0000,1.0000,1.0000,1.0000,1.0000,0.9998,0.9990,0.9980,0.9960,0.9932,0.9890,0.9826,0.9758,0.9676,0.9582,0.9478,0.9368,0.9258,0.9142,0.9036,0.8944,0.8854,0.8760,0.8680,0.8616,0.8534,0.8456,0.8396,0.8332,0.8280,0.8228,0.8174,0.8136,0.8082,0.8050,0.7998,0.7958,0.7924,0.7892,0.7854,0.7824,0.7802,0.7786,0.7764,0.7754,0.7742,0.7726,0.7710,0.7688,0.7674,0.7656
65,1.5000,DynamicV1Rebalance,2.8000,25292.2728,708.1836,spend25p,708.6549,721.1910,732.8251,744.7858,756.2248,768.5287,780.9473,793.0530,804.1134,813.4758,820.1887,825.4367,826.1569,829.2947,827.9762,817.2417,803.9086,785.8358,763.9417,740.4527,690.8056,663.9126,633.8595,609.0940,587.4028,384.5361,358.8688,335.4908,308.8800,279.6324,254.8704,230.4612,208.2184,187.1426,168.6354,152.6318,139.0105,126.0454,112.7967,99.2244,88.7268,75.3142,64.6751,51.7322,40.6930,32.3207,24.3641,12.3460,4.2010,0.0000,0.0000,0.0000,0.0000,0.0000,0.0000
65,1.5000,DynamicV1Rebalance,2.8000,25292.2728,708.1836,spend50p,713.6362,736.1522,759.5554,784.8554,812.5261,839.7474,868.0957,897.3965,926.6024,954.8393,980.0350,1002.0633,1022.5561,1039.1770,1047.9874,1050.0951,1042.7970,1027.8802,1013.4705,997.0735,954.2908,937.6164,918.1529,902.7621,885.3285,639.8761,618.6277,594.5227,573.1125,546.1596,520.9140,495.0002,466.5711,442.1933,422.9809,408.9969,398.0261,382.5371,374.2449,364.7319,359.1671,352.1439,345.3027,338.8475,332.9146,324.7910,315.2967,303.6512,293.8010,284.6112,270.6868,258.7359,244.6795,232.1279,216.6245
65,1.5000,DynamicV1Rebalance,2.8000,25292.2728,708.1836,spend75p,718.7053,751.3792,788.6662,828.1307,870.1163,918.0850,966.2121,1013.7293,1065.0569,1115.5356,1162.1926,1208.1823,1251.2616,1286.8690,1318.5446,1340.5230,1351.3728,1358.5296,1357.9329,1355.7232,1314.2315,1295.1086,1283.9010,1277.3451,1271.6738,963.0235,943.6329,921.9317,893.6675,867.0551,840.3140,813.8589,789.4918,765.9967,743.5806,727.9687,719.1993,709.8994,712.0125,711.4423,713.1985,717.3593,715.3487,720.3784,720.1283,717.6037,711.8228,706.0312,700.1395,700.2656,686.6364,675.2542,654.7265,633.0881,620.3941
65,1.5000,DynamicV1Rebalance,3.0000,23606.1213,708.1836,survival,1.0000,1.0000,1.0000,1.0000,1.0000,1.0000,1.0000,1.0000,1.0000,0.9996,0.9980,0.9968,0.9936,0.9890,0.9824,0.9724,0.9628,0.9518,0.9390,0.9276,0.9106,0.8984,0.8858,0.8720,0.8614,0.8516,0.8418,0.8302,0.8220,0.8136,0.8060,0.8002,0.7924,0.7834,0.7776,0.7720,0.7656,0.7604,0.7570,0.7530,0.7490,0.7458,0.7418,0.7390,0.7374,0.7348,0.7338,0.7312,0.7296,0.7288,0.7266,0.7254,0.7232,0.7220,0.7202
65,1.5000,DynamicV1Rebalance,3.0000,23606.1213,708.1836,spend25p,708.6549,721.1910,732.8251,744.7858,756.2248,768.5287,780.9473,793.0530,804.1134,813.3504,819.6743,824.2645,824.9760,824.2695,821.7544,809.4054,792.9892,766.9924,740.5988,713.5049,660.7497,630.9694,598.6150,568.4003,539.8683,344.7013,314.3538,280.7758,255.1309,227.2980,201.4371,177.0285,153.2598,123.8118,101.1084,77.5431,54.7956,37.0993,17.0676,0.0000,0.0000,0.0000,0.0000,0.0000,0.0000,0.0000,0.0000,0.0000,0.0000,0.0000,0.0000,0.0000,0.0000,0.0000,0.0000
65,1.5000,DynamicV1Rebalance,3.0000,23606.1213,708.1836,spend50p,713.6362,736.1522,759.5554,784.8554,812.5261,839.7474,868.0957,897.3965,926.6024,954.6663,979.4295,1001.8939,1020.8252,1035.5458,1044.1362,1042.8359,1033.2614,1014.4963,999.0148,979.5174,930.2830,913.6507,891.7923,873.2030,855.0307,613.9766,591.4688,565.4390,542.5515,515.4799,488.9465,458.9591,432.4680,407.9378,388.0724,371.6383,356.1282,341.8330,333.6960,325.4387,318.9699,310.8060,302.1163,297.3577,291.4543,280.1781,272.8859,262.6660,252.1179,243.0233,232.1724,215.2524,201.5199,190.0788,175.5905
65,1.5000,DynamicV1Rebalance,3.0000,23606.1213,708.1836,spend75p,718.7053,751.3792,788.6662,828.1307,870.1163,918.0850,966.2121,1013.7293,1065.0569,1115.4875,1161.6079,1207.9379,1249.8852,1283.7133,1312.8474,1331.3082,1341.9381,1339.8392,1334.6570,1331.5075,1275.2611,1262.3343,1257.3465,1238.7824,1233.1404,928.2347,911.0297,880.9462,857.4048,829.4446,807.8775,782.6712,747.0106,723.1353,704.3159,685.4881,675.5190,670.0785,667.9312,668.5296,671.9489,669.4910,673.6212,677.5874,673.9454,668.2171,665.0765,660.7414,655.2069,644.3767,634.2451,617.1782,600.4862,587.4420,570.0606
65,1.5000,DynamicV1Rebalance,3.3300,21266.7759,708.1836,survival,1.0000,1.0000,1.0000,1.0000,1.0000,1.0000,1.0000,1.0000,0.9998,0.9984,0.9970,0.9930,0.9874,0.9780,0.9652,0.9520,0.9380,0.9208,0.9032,0.8848,0.8682,0.8490,0.8314,0.8156,0.8016,0.7866,0.7740,0.7632,0.7540,0.7446,0.7358,0.7276,0.7200,0.7118,0.7056,0.7018,0.6970,0.6922,0.6892,0.6852,0.6824,0.6778,0.6752,0.6716,0.6692,0.6670,0.6644,0.6620,0.6588,0.6576,0.6560,0.6544,0.6532,0.6526,0.6514
65,1.5000,DynamicV1Rebalance,3.3300,21266.7759,708.1836,spend25p,708.6549,721.1910,732.8251,744.7858,756.2248,768.5287,780.9473,793.0530,803.9249,812.7302,819.2161,822.4709,821.4016,816.4227,805.4606,789.9076,766.8980,733.2190,699.3465,658.3957,597.9028,551.0372,509.9001,472.6262,430.8711,238.8094,193.7481,152.7132,88.8970,0.0000,0.0000,0.0000,0.0000,0.0000,0.0000,0.0000,0.0000,0.0000,0.0000,0.0000,0.0000,0.0000,0.0000,0.0000,0.0000,0.0000,0.0000,0.0000,0.0000,0.0000,0.0000,0.0000,0.0000,0.0000,0.0000
65,1.5000,DynamicV1Rebalance,3.3300,21266.7759,708.1836,spend50p,713.6362,736.1522,759.5554,784.8554,812.5261,839.7474,868.0957,897.3965,926.3303,954.1150,978.9152,999.4217,1017.7474,1026.8646,1031.1035,1024.3714,1012.0368,993.0057,967.7717,944.8807,896.1149,861.9310,842.4043,818.2825,797.5209,565.1296,543.5876,515.3345,486.3594,454.0855,424.3576,396.8419,371.9149,347.7166,328.9193,314.8868,301.6279,286.9288,276.6822,266.0971,256.0896,248.2559,238.3032,230.2151,220.8633,212.1408,202.8839,193.2962,178.7556,167.1298,156.3085,142.8944,131.0076,117.0529,103.2470
65,1.5000,DynamicV1Rebalance,3.3300,21266.7759,708.1836,spend75p,718.7053,751.3792,788.6662,828.1307,870.1163,918.0850,966.2121,1013.7293,1064.9163,1114.1735,1161.2886,1204.8346,1243.0635,1278.8836,1300.1412,1310.1741,1316.7969,1312.3414,1305.7719,1284.7355,1228.2271,1211.0188,1193.9989,1186.0510,1177.7953,874.5988,846.7691,822.9634,800.0996,771.3207,743.4165,712.6563,682.2039,659.0663,641.4760,626.5750,619.4664,613.1470,615.6534,608.9322,609.6708,611.0854,616.2968,607.5307,602.0514,598.5575,595.1084,583.8634,572.6216,564.9888,553.6763,546.8283,528.3154,510.5788,495.3631
65,1.5000,DynamicV1Rebalance,3.6600,19349.2797,708.1836,survival,1.0000,1.0000,1.0000,1.0000,1.0000,1.0000,1.0000,1.0000,0.9994,0.9974,0.9944,0.9876,0.9788,0.9608,0.9460,0.9276,0.9080,0.8838,0.8594,0.8370,0.8166,0.7924,0.7726,0.7524,0.7332,0.7192,0.7076,0.6948,0.6848,0.6754,0.6690,0.6602,0.6532,0.6444,0.6372,0.6316,0.6254,0.6204,0.6158,0.6114,0.6068,0.6022,0.5992,0.5970,0.5956,0.5932,0.5914,0.5902,0.5890,0.5878,0.5870,0.5856,0.5848,0.5834,0.5818
65,1.5000,DynamicV1Rebalance,3.6600,19349.2797,708.1836,spend25p,708.6549,721.1910,732.8251,744.7858,756.2248,768.5287,780.9473,793.0530,803.8908,812.2514,818.3279,817.2484,815.2613,804.6405,789.5133,762.2061,731.4309,685.2725,637.1086,578.7912,510.5760,451.6840,381.2641,239.2129,0.0000,0.0000,0.0000,0.0000,0.0000,0.0000,0.0000,0.0000,0.0000,0.0000,0.0000,0.0000,0.0000,0.0000,0.0000,0.0000,0.0000,0.0000,0.0000,0.0000,0.0000,0.0000,0.0000,0.0000,0.0000,0.0000,0.0000,0.0000,0.0000,0.0000,0.0000
65,1.5000,DynamicV1Rebalance,3.6600,19349.2797,708.1836,spend50p,713.6362,736.1522,759.5554,784.8554,812.5261,839.7474,868.0957,897.3965,926.0149,953.5784,978.0225,996.7147,1011.7481,1015.1029,1013.8118,1005.6978,988.5606,964.3530,934.9746,905.2512,845.3348,816.6567,789.0725,759.3999,731.8252,504.4706,476.6540,446.7243,416.6936,387.9534,361.9877,334.9281,309.3111,283.1724,259.2292,244.0612,226.5345,213.5480,197.6004,186.7040,176.0928,164.0737,154.4900,148.8069,138.1599,126.0360,115.1114,106.9140,97.8915,87.8223,74.7099,63.7204,51.6151,38.7643,25.7461
65,1.5000,DynamicV1Rebalance,3.6600,19349.2797,708.1836,spend75p,718.7053,751.3792,788.6662,828.1307,870.1163,918.0850,966.2121,1013.7293,1064.5304,1113.5702,1159.9870,1203.3340,1237.4092,1265.9596,1286.0415,1292.2112,1292.4604,1280.9321,1260.8349,1239.9362,1181.1456,1164.9164,1142.6363,1124.0291,1102.6855,812.8565,796.0652,765.6309,740.4914,709.7625,686.9786,656.5860,629.1022,602.7517,581.9740,566.4994,555.5636,548.7360,538.8178,537.8772,536.7382,534.5062,533.4427,532.0214,530.5656,520.4710,516.9739,510.9388,504.7785,492.0342,478.7295,465.5003,452.4607,435.7235,418.2456
65,1.5000,DynamicV1Rebalance,4.0000,17704.5910,708.1836,survival,1.0000,1.0000,1.0000,1.0000,1.0000,1.0000,1.0000,0.9998,0.9984,0.9960,0.9892,0.9800,0.9624,0.9428,0.9222,0.8966,0.8702,0.8400,0.8102,0.7826,0.7576,0.7342,0.7072,0.6826,0.6654,0.6504,0.6392,0.6288,0.6188,0.6084,0.6002,0.5928,0.5826,0.5758,0.5716,0.5668,0.5620,0.5574,0.5534,0.5498,0.5464,0.5434,0.5390,0.5370,0.5344,0.5318,0.5302,0.5284,0.5262,0.5252,0.5240,0.5228,0.5220,0.5200,0.5192
65,1.5000,DynamicV1Rebalance,4.0000,17704.5910,708.1836,spend25p,708.6549,721.1910,732.8251,744.7858,756.2248,768.5287,780.9473,792.8910,803.3742,811.6412,814.3599,812.9261,803.5506,789.3514,769.4165,730.9939,683.8203,625.0701,553.5851,471.7315,331.0384,0.0000,0.0000,0.0000,0.0000,0.0000,0.0000,0.0000,0.0000,0.0000,0.0000,0.0000,0.0000,0.0000,0.0000,0.0000,0.0000,0.0000,0.0000,0.0000,0.0000,0.0000,0.0000,0.0000,0.0000,0.0000,0.0000,0.0000,0.0000,0.0000,0.0000,0.0000,0.0000,0.0000,0.0000
65,1.5000,DynamicV1Rebalance,4.0000,17704.5910,708.1836,spend50p,713.6362,736.1522,759.5554,784.8554,812.5261,839.7474,868.0957,897.2778,925.6467,952.6157,974.4787,992.2999,1002.5149,1003.4207,998.3143,982.0815,956.3176,927.3717,891.9311,853.2513,793.0910,759.4070,722.6747,681.8393,646.5678,429.8224,400.6970,372.2669,343.1392,314.6126,281.5131,255.3772,223.6777,200.6184,181.9993,165.5964,148.8993,135.4190,122.2593,108.2957,97.1346,87.6779,72.7564,64.7275,52.9631,43.3067,34.1792,23.4127,11.8661,3.6695,0.0000,0.0000,0.0000,0.0000,0.0000
65,1.5000,DynamicV1Rebalance,4.0000,17704.5910,708.1836,spend75p,718.7053,751.3792,788.6662,828.1307,870.1163,918.0850,966.2121,1013.6083,1064.1440,1113.0281,1157.3147,1199.1065,1231.3210,1251.8546,1271.1887,1270.1703,1260.3471,1242.5807,1214.5237,1187.9011,1132.2604,1112.6778,1083.3620,1059.7975,1035.3427,759.0312,732.2481,709.2716,681.3352,652.7313,624.3555,594.7275,561.3543,540.8012,522.2748,506.8620,493.0391,484.3781,478.1990,471.7289,468.5416,466.0549,460.8933,460.0635,459.5446,452.3901,448.0098,435.9623,425.8254,418.3332,403.7956,389.3526,374.2252,358.3488,342.3605
65,1.5000,DynamicV1Rebalance,5.0000,14163.6728,708.1836,survival,1.0000,1.0000,1.0000,1.0000,1.0000,1.0000,0.9998,0.9978,0.9934,0.9826,0.9624,0.9350,0.9008,0.8600,0.8174,0.7726,0.7250,0.6800,0.6418,0.6084,0.5854,0.5602,0.5380,0.5168,0.4962,0.4796,0.4684,0.4580,0.4498,0.4410,0.4324,0.4254,0.4188,0.4132,0.4076,0.4034,0.3992,0.3948,0.3910,0.3880,0.3848,0.3822,0.3798,0.3776,0.3750,0.3728,0.3712,0.3700,0.3690,0.3682,0.3670,0.3660,0.3650,0.3644,0.3634
65,1.5000,DynamicV1Rebalance,5.0000,14163.6728,708.1836,spend25p,708.6549,721.1910,732.8251,744.7858,756.2248,768.5287,780.8863,791.8239,802.0174,805.9349,797.2764,782.9683,755.4116,709.5617,637.5010,520.2300,0.0000,0.0000,0.0000,0.0000,0.0000,0.0000,0.0000,0.0000,0.0000,0.0000,0.0000,0.0000,0.0000,0.0000,0.0000,0.0000,0.0000,0.0000,0.0000,0.0000,0.0000,0.0000,0.0000,0.0000,0.0000,0.0000,0.0000,0.0000,0.0000,0.0000,0.0000,0.0000,0.0000,0.0000,0.0000,0.0000,0.0000,0.0000,0.0000
65,1.5000,DynamicV1Rebalance,5.0000,14163.6728,708.1836,spend50p,713.6362,736.1522,759.5554,784.8554,812.5261,839.7474,868.0835,896.8014,922.8090,945.8179,963.0499,967.3103,964.6722,946.8784,917.3388,883.6082,831.0423,773.4816,714.1608,645.1939,567.7899,501.8821,437.2011,349.3354,0.0000,0.0000,0.0000,0.0000,0.0000,0.0000,0.0000,0.0000,0.0000,0.0000,0.0000,0.0000,0.0000,0.0000,0.0000,0.0000,0.0000,0.0000,0.0000,0.0000,0.0000,0.0000,0.0000,0.0000,0.0000,0.0000,0.0000,0.0000,0.0000,0.0000,0.0000
65,1.5000,DynamicV1Rebalance,5.0000,14163.6728,708.1836,spend75p,718.7053,751.3792,788.6662,828.1307,870.1163,918.0850,966.1755,1012.8223,1062.4060,1107.4233,1146.7887,1175.0042,1194.9847,1202.9711,1197.0535,1179.7352,1150.4652,1102.3165,1062.3955,1030.4533,972.9189,943.0454,905.5437,875.4551,846.2682,595.3169,573.0080,544.3699,516.3740,483.3546,450.3348,423.9047,396.7114,374.4161,353.9881,334.8230,317.8998,303.5137,288.9789,279.4915,268.4477,261.6421,254.5310,248.5327,240.0577,231.2375,221.6255,209.5680,202.9746,192.4699,179.2413,167.5239,152.3155,137.0880,124.3675
65,1.5000,DynamicV1Rebalance,6.0000,11803.0606,708.1836,survival,1.0000,1.0000,1.0000,1.0000,1.0000,1.0000,0.9984,0.9928,0.9760,0.9484,0.9088,0.8574,0.8014,0.7356,0.6760,0.6146,0.5690,0.5372,0.5016,0.4618,0.4344,0.4088,0.3862,0.3690,0.3522,0.3374,0.3274,0.3180,0.3112,0.3014,0.2952,0.2884,0.2818,0.2764,0.2702,0.2666,0.2634,0.2606,0.2578,0.2546,0.2518,0.2486,0.2462,0.2442,0.2430,0.2424,0.2412,0.2406,0.2400,0.2388,0.2376,0.2370,0.2364,0.2362,0.2360
65,1.5000,DynamicV1Rebalance,6.0000,11803.0606,708.1836,spend25p,708.6549,721.1910,732.8251,744.7858,756.2248,768.5287,780.5472,789.9515,792.7784,784.9821,761.3221,714.5874,634.3913,0.0000,0.0000,0.0000,0.0000,0.0000,0.0000,0.0000,0.0000,0.0000,0.0000,0.0000,0.0000,0.0000,0.0000,0.0000,0.0000,0.0000,0.0000,0.0000,0.0000,0.0000,0.0000,0.0000,0.0000,0.0000,0.0000,0.0000,0.0000,0.0000,0.0000,0.0000,0.0000,0.0000,0.0000,0.0000,0.0000,0.0000,0.0000,0.0000,0.0000,0.0000,0.0000
65,1.5000,DynamicV1Rebalance,6.0000,11803.0606,708.1836,spend50p,713.6362,736.1522,759.5554,784.8554,812.5261,839.7474,867.8322,894.9468,915.7126,933.9628,938.0552,927.1097,899.2744,850.5828,798.3511,716.0804,626.3033,533.4971,284.7551,0.0000,0.0000,0.0000,0.0000,0.0000,0.0000,0.0000,0.0000,0.0000,0.0000,0.0000,0.0000,0.0000,0.0000,0.0000,0.0000,0.0000,0.0000,0.0000,0.0000,0.0000,0.0000,0.0000,0.0000,0.0000,0.0000,0.0000,0.0000,0.0000,0.0000,0.0000,0.0000,0.0000,0.0000,0.0000,0.0000
65,1.5000,DynamicV1Rebalance,6.0000,11803.0606,708.1836,spend75p,718.7053,751.3792,788.6662,828.1307,870.1163,918.0850,965.9420,1011.1854,1055.7230,1093.4651,1126.3833,1141.5724,1141.8922,1122.6011,1098.3506,1052.1241,1012.0134,982.8110,932.1110,870.3943,799.8519,750.6833,710.2184,665.4774,623.6348,398.0708,372.2433,340.7799,305.1538,258.7794,230.0049,198.7778,166.7927,140.4574,110.4436,89.0211,62.9991,47.8369,32.1702,10.7079,0.0000,0.0000,0.0000,0.0000,0.0000,0.0000,0.0000,0.0000,0.0000,0.0000,0.0000,0.0000,0.0000,0.0000,0.0000
65,1.5000,DynamicV1Rebalance,7.0000,10116.9091,708.1836,survival,1.0000,1.0000,1.0000,1.0000,1.0000,0.9994,0.9946,0.9754,0.9388,0.8906,0.8244,0.7428,0.6642,0.5938,0.5312,0.4798,0.4356,0.3926,0.3590,0.3284,0.3034,0.2800,0.2608,0.2466,0.2346,0.2266,0.2176,0.2112,0.2044,0.2010,0.1956,0.1902,0.1860,0.1820,0.1786,0.1748,0.1720,0.1690,0.1674,0.1654,0.1646,0.1634,0.1620,0.1612,0.1604,0.1598,0.1590,0.1574,0.1562,0.1558,0.1554,0.1546,0.1534,0.1532,0.1526
65,1.5000,DynamicV1Rebalance,7.0000,10116.9091,708.1836,spend25p,708.6549,721.1910,732.8251,744.7858,756.2248,768.1664,778.8833,783.9466,774.5617,746.3061,684.0289,0.0000,0.0000,0.0000,0.0000,0.0000,0.0000,0.0000,0.0000,0.0000,0.0000,0.0000,0.0000,0.0000,0.0000,0.0000,0.0000,0.0000,0.0000,0.0000,0.0000,0.0000,0.0000,0.0000,0.0000,0.0000,0.0000,0.0000,0.0000,0.0000,0.0000,0.0000,0.0000,0.0000,0.0000,0.0000,0.0000,0.0000,0.0000,0.0000,0.0000,0.0000,0.0000,0.0000,0.0000
65,1.5000,DynamicV1Rebalance,7.0000,10116.9091,708.1836,spend50p,713.6362,736.1522,759.5554,784.8554,812.5261,839.5607,866.5424,889.8055,903.8000,907.8953,890.6374,845.8011,788.2596,708.8072,572.5533,0.0000,0.0000,0.0000,0.0000,0.0000,0.0000,0.0000,0.0000,0.0000,0.0000,0.0000,0.0000,0.0000,0.0000,0.0000,0.0000,0.0000,0.0000,0.0000,0.0000,0.0000,0.0000,0.0000,0.0000,0.0000,0.0000,0.0000,0.0000,0.0000,0.0000,0.0000,0.0000,0.0000,0.0000,0.0000,0.0000,0.0000,0.0000,0.0000,0.0000
65,1.5000,DynamicV1Rebalance,7.0000,10116.9091,708.1836,spend75p,718.7053,751.3792,788.6662,828.1307,870.1163,917.9345,965.0688,1006.6269,1042.5640,1075.7931,1087.0141,1076.6043,1052.6285,1022.7538,975.1252,922.2064,865.9800,798.3949,739.5725,657.7264,556.1957,464.5992,351.1881,0.0000,0.0000,0.0000,0.0000,0.0000,0.0000,0.0000,0.0000,0.0000,0.0000,0.0000,0.0000,0.0000,0.0000,0.0000,0.0000,0.0000,0.0000,0.0000,0.0000,0.0000,0.0000,0.0000,0.0000,0.0000,0.0000,0.0000,0.0000,0.0000,0.0000,0.0000,0.0000
65,2.0000,DynamicV1Rebalance,2.5000,37483.1274,937.0782,survival,1.0000,1.0000,1.0000,1.0000,1.0000,1.0000,1.0000,1.0000,1.0000,1.0000,0.9998,0.9992,0.9984,0.9966,0.9948,0.9926,0.9892,0.9846,0.9788,0.9738,0.9678,0.9596,0.9532,0.9448,0.9366,0.9296,0.9228,0.9142,0.9070,0.9002,0.8930,0.8882,0.8840,0.8774,0.8720,0.8674,0.8644,0.8590,0.8554,0.8506,0.8484,0.8456,0.8426,0.8410,0.8398,0.8372,0.8350,0.8314,0.8304,0.8294,0.8270,0.8252,0.8222,0.8206,0.8182
65,2.0000,DynamicV1Rebalance,2.5000,37483.1274,937.0782,spend25p,937.7018,954.4477,969.9980,985.9785,1001.2664,1017.6975,1034.2777,1050.4369,1065.2007,1077.7822,1087.5939,1095.2154,1098.6324,1103.3221,1102.5826,1092.4788,1080.8441,1060.1848,1036.7147,1011.9011,968.4438,939.6660,916.1351,887.4067,858.3533,645.5431,613.0821,579.1329,542.2610,509.5686,475.4708,450.5905,420.7291,394.6380,372.2748,352.3099,336.0712,315.4717,297.0884,285.6313,275.4582,267.0596,254.0428,247.6828,238.2753,228.0669,213.7111,198.1656,184.3133,174.3573,160.4807,147.7984,133.9940,118.8412,100.5585
65,2.0000,DynamicV1Rebalance,2.5000,37483.1274,937.0782,spend50p,944.2931,974.2479,1005.3793,1039.0243,1075.8111,1112.0065,1149.6960,1188.6448,1227.4607,1265.0142,1299.1860,1330.0698,1357.1259,1380.1097,1393.9076,1401.4717,1398.7391,1381.8562,1368.1182,1355.3712,1306.6463,1289.7233,1276.1554,1253.4728,1236.4709,986.1888,962.5052,930.1844,900.9759,868.3884,835.0099,801.8558,773.6618,743.7758,716.9523,699.0899,686.6345,674.4731,668.7180,661.4915,656.7381,649.7552,648.7790,644.8043,644.7106,637.8073,627.7114,620.5079,610.9078,597.8180,582.5489,571.9774,555.1512,543.2946,525.2341
65,2.0000,DynamicV1Rebalance,2.5000,37483.1274,937.0782,spend75p,951.0006,994.3997,1043.9115,1096.3139,1152.0624,1215.7423,1279.6403,1342.7332,1410.8699,1477.9060,1540.6258,1602.2984,1660.1643,1708.6601,1753.9253,1783.3832,1805.0989,1827.0621,1830.0975,1836.4884,1796.3399,1781.9576,1774.8629,1763.4594,1756.2034,1447.6457,1430.1605,1400.9345,1372.6937,1340.2457,1296.8093,1271.7354,1243.1004,1212.1780,1193.7756,1178.5560,1173.9368,1172.6125,1176.3140,1176.6834,1184.0776,1198.2132,1203.1618,1210.7723,1226.2255,1228.3159,1228.3815,1224.6475,1217.3823,1218.4948,1206.5079,1203.7428,1201.4808,1174.2505,1154.7231
65,2.0000,DynamicV1Rebalance,2.8000,33467.0780,937.0782,survival,1.0000,1.0000,1.0000,1.0000,1.0000,1.0000,1.0000,1.0000,1.0000,0.9998,0.9990,0.9980,0.9960,0.9932,0.9888,0.9824,0.9756,0.9676,0.9580,0.9476,0.9364,0.9252,0.9136,0.9030,0.8938,0.8838,0.8738,0.8654,0.8586,0.8486,0.8414,0.8334,0.8264,0.8206,0.8146,0.8096,0.8036,0.7988,0.7922,0.7874,0.7818,0.7788,0.7748,0.7736,0.7716,0.7672,0.7644,0.7620,0.7604,0.7586,0.7564,0.7548,0.7532,0.7520,0.7506
65,2.0000,DynamicV1Rebalance,2.8000,33467.0780,937.0782,spend25p,937.7018,954.4477,969.9980,985.9785,1001.2664,1017.6975,1034.2777,1050.4369,1065.2007,1077.7007,1086.6721,1093.6806,1094.6639,1098.8209,1096.5677,1082.5834,1064.8599,1040.9114,1011.6340,980.1931,920.4633,884.1372,844.3399,811.4698,781.8920,570.1821,532.8552,500.5826,465.4366,425.4038,392.7582,358.4071,328.0592,300.9763,274.0715,254.3749,232.7722,213.1144,191.6578,170.2286,151.9143,134.5366,119.8381,114.0676,100.2417,77.9582,55.7845,41.9873,27.4910,8.0503,0.0000,0.0000,0.0000,0.0000,0.0000
65,2.0000,DynamicV1Rebalance,2.8000,33467.0780,937.0782,spend50p,944.2931,974.2479,1005.3793,1039.0243,1075.8111,1112.0065,1149.6960,1188.6448,1227.4607,1264.9805,1298.4533,1327.7059,1354.8943,1376.9164,1388.5469,1391.2369,1381.3199,1361.5215,1342.1039,1320.1008,1271.4579,1248.9273,1223.8671,1202.4949,1180.1302,927.9003,898.7888,871.3559,842.2776,805.4533,775.2780,739.0635,701.8968,668.4900,648.4442,632.0480,616.0918,600.4413,585.2085,577.0238,564.8120,562.6196,559.6325,555.3922,549.2519,540.0044,526.0831,516.0092,505.6649,494.3502,477.2741,461.1133,451.1587,439.6703,427.6030
65,2.0000,DynamicV1Rebalance,2.8000,33467.0780,937.0782,spend75p,951.0006,994.3997,1043.9115,1096.3139,1152.0624,1215.7423,1279.6403,1342.7332,1410.8699,1477.8726,1539.7948,1600.8077,1657.9307,1705.1099,1747.0258,1776.0305,1790.2129,1799.4968,1798.1101,1795.1729,1751.6849,1726.1969,1711.4816,1702.0140,1694.3994,1385.0513,1358.8055,1328.5337,1294.8587,1261.1096,1227.2816,1191.7033,1162.1298,1132.4281,1108.2804,1090.9653,1084.0271,1077.1777,1076.0391,1078.4685,1085.1620,1090.1620,1096.6289,1116.8968,1118.8696,1109.5687,1110.7663,1108.3292,1106.8075,1103.5753,1095.3426,1086.8539,1069.5827,1055.9821,1038.4615
65,2.0000,DynamicV1Rebalance,3.0000,31235.9395,937.0782,survival,1.0000,1.0000,1.0000,1.0000,1.0000,1.0000,1.0000,1.0000,1.0000,0.9996,0.9980,0.9966,0.9934,0.9890,0.9820,0.9722,0.9628,0.9518,0.9390,0.9274,0.9104,0.8976,0.8850,0.8712,0.8608,0.8496,0.8392,0.8262,0.8182,0.8088,0.8016,0.7926,0.7828,0.7746,0.7692,0.7598,0.7548,0.7498,0.7464,0.7410,0.7370,0.7344,0.7306,0.7288,0.7262,0.7228,0.7202,0.7168,0.7150,0.7132,0.7108,0.7092,0.7074,0.7064,0.7048
65,2.0000,DynamicV1Rebalance,3.0000,31235.9395,937.0782,spend25p,937.7018,954.4477,969.9980,985.9785,1001.2664,1017.6975,1034.2777,1050.4369,1065.2007,1077.5345,1085.9906,1092.0368,1093.0992,1092.1625,1088.7025,1072.3066,1050.5138,1015.9517,980.8540,944.7417,880.3222,840.4147,796.2534,757.4389,717.3796,510.2725,469.9608,425.1678,389.8417,352.0676,314.8587,278.8226,233.7507,196.4751,159.4947,116.4706,68.2811,0.0000,0.0000,0.0000,0.0000,0.0000,0.0000,0.0000,0.0000,0.0000,0.0000,0.0000,0.0000,0.0000,0.0000,0.0000,0.0000,0.0000,0.0000
65,2.0000,DynamicV1Rebalance,3.0000,31235.9395,937.0782,spend50p,944.2931,974.2479,1005.3793,1039.0243,1075.8111,1112.0065,1149.6960,1188.6448,1227.4607,1264.7513,1297.6511,1327.3388,1352.6008,1372.1051,1383.3533,1381.6311,1368.8147,1343.7932,1323.1020,1296.8077,1240.0223,1216.4399,1188.2961,1163.8762,1139.2051,891.6842,860.9388,827.6065,798.2946,762.1806,727.4769,688.0555,650.9619,620.4201,595.4958,573.7795,553.6117,539.2739,529.4897,516.7925,507.7728,502.1033,495.5555,492.2184,483.8304,472.6151,461.4737,451.0550,439.4320,422.9214,410.7568,395.2465,383.7148,370.0337,354.6044
65,2.0000,DynamicV1Rebalance,3.0000,31235.9395,937.0782,spend75p,951.0006,994.3997,1043.9115,1096.3139,1152.0624,1215.7423,1279.6403,1342.7332,1410.8699,1477.8088,1539.0202,1600.2602,1656.1069,1700.9286,1738.7453,1763.8220,1777.7347,1774.7396,1767.6287,1762.5789,1700.3481,1682.5368,1675.6795,1650.7957,1641.4428,1331.4117,1311.2845,1269.1229,1243.1097,1209.9828,1176.9364,1144.1942,1098.8317,1070.9711,1050.3027,1028.1918,1014.0224,1012.6333,1014.1683,1018.5780,1022.9234,1029.4252,1040.1219,1048.8221,1050.3860,1044.4144,1044.7415,1041.4917,1035.7146,1023.3331,1016.4952,995.3963,988.9690,972.6975,956.2327
65,2.0000,DynamicV1Rebalance,3.3300,28140.4860,937.0782,survival,1.0000,1.0000,1.0000,1.0000,1.0000,1.0000,1.0000,1.0000,0.9998,0.9984,0.9970,0.9930,0.9872,0.9780,0.9652,0.9518,0.9380,0.9204,0.9030,0.8848,0.8668,0.8486,0.8308,0.8150,0.7996,0.7844,0.7712,0.7596,0.7490,0.7384,0.7280,0.7188,0.7098,0.7040,0.6984,0.6922,0.6884,0.6830,0.6784,0.6734,0.6684,0.6638,0.6596,0.6578,0.6548,0.6522,0.6486,0.6470,0.6456,0.6428,0.6398,0.6384,0.6370,0.6352,0.6334
65,2.0000,DynamicV1Rebalance,3.3300,28140.4860,937.0782,spend25p,937.7018,954.4477,969.9980,985.9785,1001.2664,1017.6975,1034.2777,1050.4369,1064.9510,1076.7130,1085.3836,1089.7510,1088.3262,1081.7654,1067.2073,1046.1492,1015.9493,970.3888,926.0053,871.8521,795.3897,734.4454,678.3700,629.0469,571.3291,361.3152,297.4671,224.2053,0.0000,0.0000,0.0000,0.0000,0.0000,0.0000,0.0000,0.0000,0.0000,0.0000,0.0000,0.0000,0.0000,0.0000,0.0000,0.0000,0.0000,0.0000,0.0000,0.0000,0.0000,0.0000,0.0000,0.0000,0.0000,0.0000,0.0000
65,2.0000,DynamicV1Rebalance,3.3300,28140.4860,937.0782,spend50p,944.2931,974.2479,1005.3793,1039.0243,1075.8111,1112.0065,1149.6960,1188.6448,1227.1002,1264.0209,1296.9697,1324.2058,1348.5228,1360.6024,1366.1763,1357.1056,1340.6974,1315.2978,1281.5554,1251.2175,1193.9107,1149.2413,1122.1963,1090.4354,1062.2642,823.7062,792.5806,755.4641,716.6268,670.8638,632.5600,596.8894,561.3450,535.7213,511.5032,493.3720,474.3168,457.4572,442.9672,430.9762,421.2080,405.0105,392.4765,385.3582,378.6511,366.1849,351.6811,341.4670,330.0305,314.5722,297.1349,283.0868,267.6961,252.4703,236.7671
65,2.0000,DynamicV1Rebalance,3.3300,28140.4860,937.0782,spend75p,951.0006,994.3997,1043.9115,1096.3139,1152.0624,1215.7423,1279.6403,1342.7332,1410.6836,1476.0680,1538.5971,1596.3721,1647.0681,1694.5292,1722.6419,1735.7958,1744.4287,1738.3163,1729.3731,1701.2555,1636.5973,1614.6917,1590.8847,1580.3987,1568.3500,1259.5849,1221.1719,1190.6539,1160.6552,1126.0604,1084.1274,1049.6619,1010.7328,981.8988,962.1293,946.1510,942.2486,937.9952,937.5697,931.5479,925.4032,939.3827,938.2608,941.8224,939.3826,942.3789,938.3977,936.0171,925.6041,914.4851,903.4875,891.9121,882.2143,860.7068,841.7714
65,2.0000,DynamicV1Rebalance,3.6600,25603.2291,937.0782,survival,1.0000,1.0000,1.0000,1.0000,1.0000,1.0000,1.0000,1.0000,0.9994,0.9974,0.9944,0.9872,0.9788,0.9606,0.9460,0.9274,0.9076,0.8838,0.8592,0.8360,0.8162,0.7912,0.7714,0.7520,0.7320,0.7162,0.7046,0.6912,0.6792,0.6716,0.6620,0.6528,0.6422,0.6348,0.6282,0.6204,0.6142,0.6088,0.6044,0.5992,0.5962,0.5932,0.5902,0.5858,0.5834,0.5810,0.5780,0.5762,0.5742,0.5728,0.5708,0.5692,0.5680,0.5658,0.5646
65,2.0000,DynamicV1Rebalance,3.6600,25603.2291,937.0782,spend25p,937.7018,954.4477,969.9980,985.9785,1001.2664,1017.6975,1034.2777,1050.4369,1064.9058,1076.0786,1084.2068,1082.4829,1080.2271,1065.9658,1046.0777,1009.6537,967.8124,907.7061,843.3493,764.3144,679.8402,600.0467,501.0863,306.8377,0.0000,0.0000,0.0000,0.0000,0.0000,0.0000,0.0000,0.0000,0.0000,0.0000,0.0000,0.0000,0.0000,0.0000,0.0000,0.0000,0.0000,0.0000,0.0000,0.0000,0.0000,0.0000,0.0000,0.0000,0.0000,0.0000,0.0000,0.0000,0.0000,0.0000,0.0000
65,2.0000,DynamicV1Rebalance,3.6600,25603.2291,937.0782,spend50p,944.2931,974.2479,1005.3793,1039.0243,1075.8111,1112.0065,1149.6960,1188.6448,1226.6824,1263.3101,1295.7870,1320.3796,1340.5736,1344.8537,1343.2654,1332.1985,1309.3665,1277.3739,1238.0761,1197.6967,1126.7533,1088.2847,1050.8913,1012.1235,974.0197,734.1395,700.3959,658.6391,615.0853,580.4729,542.5273,503.8804,466.9254,435.7219,409.2718,382.3413,362.6016,341.6150,325.2056,305.5493,292.3673,285.0415,274.2254,260.1403,249.8939,234.0838,223.9704,212.8069,199.2792,184.5837,170.3749,156.7358,146.4114,130.5907,114.7939
65,2.0000,DynamicV1Rebalance,3.6600,25603.2291,937.0782,spend75p,951.0006,994.3997,1043.9115,1096.3139,1152.0624,1215.7423,1279.6403,1342.7332,1410.1725,1475.2687,1536.8726,1594.1834,1639.5762,1677.1484,1703.9603,1712.0231,1711.7795,1696.7118,1669.3827,1640.6394,1574.5682,1553.0012,1522.7616,1498.0973,1468.5031,1171.3865,1149.6822,1110.4498,1074.7802,1037.9648,1004.4920,969.6343,929.8807,899.1664,874.2196,852.9936,838.3612,829.7938,825.3363,827.0838,832.3736,835.3223,834.6652,830.4224,831.9687,817.9060,817.5268,817.5684,812.8642,801.4039,785.7133,768.3413,761.2067,741.9589,727.6976
65,2.0000,DynamicV1Rebalance,4.0000,23426.9546,937.0782,survival,1.0000,1.0000,1.0000,1.0000,1.0000,1.0000,1.0000,0.9998,0.9984,0.9960,0.9892,0.9796,0.9624,0.9426,0.9218,0.8956,0.8700,0.8388,0.8100,0.7822,0.7564,0.7330,0.7056,0.6802,0.6630,0.6488,0.6358,0.6246,0.6128,0.6036,0.5932,0.5836,0.5740,0.5694,0.5632,0.5564,0.5510,0.5464,0.5414,0.5380,0.5336,0.5300,0.5258,0.5234,0.5226,0.5214,0.5184,0.5170,0.5156,0.5138,0.5126,0.5108,0.5100,0.5080,0.5062
65,2.0000,DynamicV1Rebalance,4.0000,23426.9546,937.0782,spend25p,937.7018,954.4477,969.9980,985.9785,1001.2664,1017.6975,1034.2777,1050.2222,1064.2215,1075.2702,1078.9495,1076.8692,1064.7104,1045.3473,1018.7679,967.8205,905.2616,822.8716,733.1632,623.3243,429.7232,0.0000,0.0000,0.0000,0.0000,0.0000,0.0000,0.0000,0.0000,0.0000,0.0000,0.0000,0.0000,0.0000,0.0000,0.0000,0.0000,0.0000,0.0000,0.0000,0.0000,0.0000,0.0000,0.0000,0.0000,0.0000,0.0000,0.0000,0.0000,0.0000,0.0000,0.0000,0.0000,0.0000,0.0000
65,2.0000,DynamicV1Rebalance,4.0000,23426.9546,937.0782,spend50p,944.2931,974.2479,1005.3793,1039.0243,1075.8111,1112.0065,1149.6960,1188.4876,1226.1946,1262.0346,1291.0918,1314.2801,1328.3395,1329.5390,1322.4449,1299.2377,1266.6610,1226.8761,1181.2796,1129.8014,1056.3999,1011.7005,958.9759,903.1443,858.3192,634.6259,590.2696,551.0642,511.5585,471.2907,427.5360,386.2357,345.9307,318.5240,291.8450,265.3999,246.1885,225.6121,203.2658,187.4113,165.6184,148.1758,131.4335,121.6502,113.6685,101.2074,86.6769,73.9071,59.7531,40.5835,28.5574,12.4293,0.0000,0.0000,0.0000
65,2.0000,DynamicV1Rebalance,4.0000,23426.9546,937.0782,spend75p,951.0006,994.3997,1043.9115,1096.3139,1152.0624,1215.7423,1279.6403,1342.5730,1409.6606,1474.5506,1533.3321,1587.9746,1631.5092,1658.7156,1684.2808,1681.7163,1669.4701,1643.8707,1608.5234,1572.7971,1509.2683,1478.1825,1441.8725,1410.8011,1374.1537,1095.5059,1059.9238,1029.9625,991.9358,958.5415,916.6635,877.1180,832.6172,814.2941,786.5593,767.1341,753.6157,741.6886,735.6075,733.5389,728.3517,725.8285,718.3149,718.3685,722.7716,724.6165,723.7966,705.7431,698.1480,697.5802,686.6512,669.3423,653.2564,639.4173,620.1247
65,2.0000,DynamicV1Rebalance,5.0000,18741.5637,937.0782,survival,1.0000,1.0000,1.0000,1.0000,1.0000,1.0000,0.9998,0.9978,0.9934,0.9824,0.9622,0.9348,0.9002,0.8590,0.8174,0.7716,0.7242,0.6790,0.6414,0.6082,0.5852,0.5596,0.5368,0.5162,0.4946,0.4768,0.4650,0.4540,0.4452,0.4346,0.4260,0.4182,0.4110,0.4050,0.3996,0.3946,0.3890,0.3838,0.3798,0.3762,0.3738,0.3710,0.3682,0.3658,0.3636,0.3610,0.3588,0.3572,0.3552,0.3538,0.3514,0.3502,0.3492,0.3478,0.3470
65,2.0000,DynamicV1Rebalance,5.0000,18741.5637,937.0782,spend25p,937.7018,954.4477,969.9980,985.9785,1001.2664,1017.6975,1034.1969,1048.8089,1062.4242,1067.5385,1056.3156,1037.3773,999.5904,938.4327,844.6667,682.2442,0.0000,0.0000,0.0000,0.0000,0.0000,0.0000,0.0000,0.0000,0.0000,0.0000,0.0000,0.0000,0.0000,0.0000,0.0000,0.0000,0.0000,0.0000,0.0000,0.0000,0.0000,0.0000,0.0000,0.0000,0.0000,0.0000,0.0000,0.0000,0.0000,0.0000,0.0000,0.0000,0.0000,0.0000,0.0000,0.0000,0.0000,0.0000,0.0000
65,2.0000,DynamicV1Rebalance,5.0000,18741.5637,937.0782,spend50p,944.2931,974.2479,1005.3793,1039.0243,1075.8111,1112.0065,1149.6799,1187.8566,1222.4355,1252.9318,1275.9497,1281.1609,1277.6343,1254.0661,1215.4420,1168.3734,1099.2388,1023.8440,945.2905,852.8780,756.4233,667.3915,579.7901,463.9058,0.0000,0.0000,0.0000,0.0000,0.0000,0.0000,0.0000,0.0000,0.0000,0.0000,0.0000,0.0000,0.0000,0.0000,0.0000,0.0000,0.0000,0.0000,0.0000,0.0000,0.0000,0.0000,0.0000,0.0000,0.0000,0.0000,0.0000,0.0000,0.0000,0.0000,0.0000
65,2.0000,DynamicV1Rebalance,5.0000,18741.5637,937.0782,spend75p,951.0006,994.3997,1043.9115,1096.3139,1152.0624,1215.7423,1279.5918,1341.5318,1407.3583,1466.9224,1519.3862,1556.2515,1583.1823,1593.5179,1586.0543,1561.9272,1523.6685,1459.4243,1405.9348,1364.3893,1297.2252,1256.6867,1206.1809,1167.0952,1126.2501,864.5251,834.3794,795.3862,758.1221,713.6100,667.4427,632.8648,600.0270,569.6404,543.2740,516.2536,496.0418,475.4461,459.6212,446.9186,434.7712,432.2675,417.0094,407.3256,394.4388,385.7069,378.0459,365.4473,343.7412,333.4671,318.3610,300.5517,285.9608,265.6779,252.8957
65,2.0000,DynamicV1Rebalance,6.0000,15617.9697,937.0782,survival,1.0000,1.0000,1.0000,1.0000,1.0000,1.0000,0.9984,0.9928,0.9760,0.9484,0.9082,0.8572,0.8008,0.7346,0.6750,0.6142,0.5680,0.5370,0.5006,0.4616,0.4332,0.4070,0.3854,0.3672,0.3512,0.3348,0.3234,0.3142,0.3054,0.2960,0.2882,0.2808,0.2736,0.2678,0.2624,0.2596,0.2560,0.2516,0.2478,0.2448,0.2424,0.2402,0.2384,0.2364,0.2348,0.2342,0.2328,0.2304,0.2290,0.2276,0.2260,0.2252,0.2246,0.2238,0.2226
65,2.0000,DynamicV1Rebalance,6.0000,15617.9697,937.0782,spend25p,937.7018,954.4477,969.9980,985.9785,1001.2664,1017.6975,1033.7478,1046.3287,1050.1853,1039.9520,1008.1532,946.5813,839.1615,0.0000,0.0000,0.0000,0.0000,0.0000,0.0000,0.0000,0.0000,0.0000,0.0000,0.0000,0.0000,0.0000,0.0000,0.0000,0.0000,0.0000,0.0000,0.0000,0.0000,0.0000,0.0000,0.0000,0.0000,0.0000,0.0000,0.0000,0.0000,0.0000,0.0000,0.0000,0.0000,0.0000,0.0000,0.0000,0.0000,0.0000,0.0000,0.0000,0.0000,0.0000,0.0000
65,2.0000,DynamicV1Rebalance,6.0000,15617.9697,937.0782,spend50p,944.2931,974.2479,1005.3793,1039.0243,1075.8111,1112.0065,1149.3471,1185.4000,1213.0350,1237.3231,1242.6752,1228.3944,1190.9264,1125.1474,1056.9662,947.9577,827.3118,704.9729,349.6752,0.0000,0.0000,0.0000,0.0000,0.0000,0.0000,0.0000,0.0000,0.0000,0.0000,0.0000,0.0000,0.0000,0.0000,0.0000,0.0000,0.0000,0.0000,0.0000,0.0000,0.0000,0.0000,0.0000,0.0000,0.0000,0.0000,0.0000,0.0000,0.0000,0.0000,0.0000,0.0000,0.0000,0.0000,0.0000,0.0000
65,2.0000,DynamicV1Rebalance,6.0000,15617.9697,937.0782,spend75p,951.0006,994.3997,1043.9115,1096.3139,1152.0624,1215.7423,1279.2826,1339.3636,1398.5054,1448.6333,1492.1727,1512.5515,1513.0154,1486.3434,1454.2248,1393.0137,1340.2427,1301.4531,1231.3970,1152.5821,1065.5672,997.9077,944.6828,881.0302,829.6349,585.7966,545.5233,497.0059,442.6754,382.4855,339.1276,295.2327,252.9553,206.7761,156.3536,133.1594,100.7047,23.1610,0.0000,0.0000,0.0000,0.0000,0.0000,0.0000,0.0000,0.0000,0.0000,0.0000,0.0000,0.0000,0.0000,0.0000,0.0000,0.0000,0.0000
65,2.0000,DynamicV1Rebalance,7.0000,13386.8312,937.0782,survival,1.0000,1.0000,1.0000,1.0000,1.0000,0.9994,0.9946,0.9750,0.9386,0.8898,0.8242,0.7428,0.6638,0.5928,0.5310,0.4792,0.4348,0.3918,0.3582,0.3276,0.3018,0.2792,0.2606,0.2450,0.2342,0.2246,0.2152,0.2080,0.2020,0.1972,0.1898,0.1852,0.1798,0.1758,0.1720,0.1678,0.1652,0.1634,0.1622,0.1600,0.1586,0.1574,0.1558,0.1538,0.1524,0.1514,0.1504,0.1498,0.1490,0.1488,0.1478,0.1472,0.1470,0.1462,0.1462
65,2.0000,DynamicV1Rebalance,7.0000,13386.8312,937.0782,spend25p,937.7018,954.4477,969.9980,985.9785,1001.2664,1017.2178,1031.5442,1038.1941,1025.9802,988.0415,906.1546,0.0000,0.0000,0.0000,0.0000,0.0000,0.0000,0.0000,0.0000,0.0000,0.0000,0.0000,0.0000,0.0000,0.0000,0.0000,0.0000,0.0000,0.0000,0.0000,0.0000,0.0000,0.0000,0.0000,0.0000,0.0000,0.0000,0.0000,0.0000,0.0000,0.0000,0.0000,0.0000,0.0000,0.0000,0.0000,0.0000,0.0000,0.0000,0.0000,0.0000,0.0000,0.0000,0.0000,0.0000
65,2.0000,DynamicV1Rebalance,7.0000,13386.8312,937.0782,spend50p,944.2931,974.2479,1005.3793,1039.0243,1075.8111,1111.7592,1147.6389,1178.4455,1197.2219,1202.4401,1180.0100,1120.6628,1043.5304,937.9847,757.0327,0.0000,0.0000,0.0000,0.0000,0.0000,0.0000,0.0000,0.0000,0.0000,0.0000,0.0000,0.0000,0.0000,0.0000,0.0000,0.0000,0.0000,0.0000,0.0000,0.0000,0.0000,0.0000,0.0000,0.0000,0.0000,0.0000,0.0000,0.0000,0.0000,0.0000,0.0000,0.0000,0.0000,0.0000,0.0000,0.0000,0.0000,0.0000,0.0000,0.0000
65,2.0000,DynamicV1Rebalance,7.0000,13386.8312,937.0782,spend75p,951.0006,994.3997,1043.9115,1096.3139,1152.0624,1215.5430,1278.1261,1333.1065,1381.0737,1424.7056,1440.1904,1426.4706,1394.6356,1353.8068,1292.0069,1220.3069,1146.4101,1057.1554,975.6311,868.9206,733.4976,613.7523,465.9029,0.0000,0.0000,0.0000,0.0000,0.0000,0.0000,0.0000,0.0000,0.0000,0.0000,0.0000,0.0000,0.0000,0.0000,0.0000,0.0000,0.0000,0.0000,0.0000,0.0000,0.0000,0.0000,0.0000,0.0000,0.0000,0.0000,0.0000,0.0000,0.0000,0.0000,0.0000,0.0000
65,3.0000,DynamicV1Rebalance,2.5000,55794.6911,1394.8673,survival,1.0000,1.0000,1.0000,1.0000,1.0000,1.0000,1.0000,1.0000,1.0000,1.0000,0.9998,0.9992,0.9984,0.9966,0.9948,0.9926,0.9890,0.9844,0.9788,0.9738,0.9674,0.9590,0.9528,0.9442,0.9364,0.9282,0.9198,0.9110,0.9040,0.8954,0.8898,0.8846,0.8770,0.8712,0.8662,0.8620,0.8552,0.8510,0.8472,0.8426,0.8402,0.8378,0.8350,0.8314,0.8280,0.8260,0.8216,0.8188,0.8154,0.8130,0.8102,0.8086,0.8062,0.8036,0.8020
65,3.0000,DynamicV1Rebalance,2.5000,55794.6911,1394.8673,spend25p,1395.7955,1420.9611,1444.3437,1468.3639,1491.3495,1516.0351,1540.9386,1565.2045,1587.3754,1606.2720,1621.0128,1632.4559,1637.5932,1644.5827,1643.4285,1628.2609,1610.6826,1579.4596,1544.5907,1507.3905,1452.2061,1409.1611,1371.6138,1330.9024,1287.2760,1059.2560,1011.0263,955.9541,903.7439,851.6725,804.0383,765.1552,716.2972,681.3504,648.7764,619.0125,587.7218,559.3983,542.1598,524.3848,511.8004,499.1258,482.5140,469.5673,456.7146,438.6347,404.7747,389.0879,370.2469,351.6751,329.3771,316.5575,298.6111,280.6084,258.7456
65,3.0000,DynamicV1Rebalance,2.5000,55794.6911,1394.8673,spend50p,1405.6069,1450.4392,1497.0271,1547.3621,1602.3812,1656.5245,1712.8967,1771.1414,1829.1772,1885.3131,1936.3821,1982.5145,2022.8971,2057.1551,2077.6561,2088.7925,2084.3546,2058.7357,2038.3455,2019.0448,1958.5405,1934.0708,1913.8852,1879.0100,1854.5598,1596.0720,1558.8046,1512.7773,1472.4527,1423.2712,1375.8012,1331.7998,1288.2630,1247.5218,1210.4243,1191.6709,1165.9984,1152.0267,1147.8976,1144.1778,1141.2800,1135.1234,1140.1295,1127.7533,1128.9384,1120.7850,1112.8142,1099.6877,1095.7447,1073.2696,1053.7829,1041.2734,1026.9184,1006.7627,988.1192
65,3.0000,DynamicV1Rebalance,2.5000,55794.6911,1394.8673,spend75p,1415.5912,1480.4408,1554.4022,1632.6804,1715.9547,1811.0569,1906.4967,2000.7410,2102.4959,2202.5963,2296.2379,2388.2806,2474.5983,2546.8836,2614.2721,2658.0040,2690.1083,2721.1728,2726.6438,2735.7469,2693.5284,2670.5631,2662.0044,2643.5055,2633.6030,2321.7278,2296.4815,2257.0791,2214.3711,2169.3867,2113.6521,2077.9108,2031.3629,1990.8066,1975.1460,1959.0184,1938.4621,1949.0761,1967.0726,1979.1434,1994.3465,2021.4881,2038.6218,2055.3792,2079.4323,2089.9695,2078.7230,2085.5100,2084.2363,2092.4342,2087.8151,2098.5744,2072.2669,2066.7766,2047.3968
65,3.0000,DynamicV1Rebalance,2.8000,49816.6885,1394.8673,survival,1.0000,1.0000,1.0000,1.0000,1.0000,1.0000,1.0000,1.0000,1.0000,0.9998,0.9990,0.9980,0.9960,0.9932,0.9886,0.9824,0.9754,0.9674,0.9580,0.9470,0.9362,0.9246,0.9134,0.9024,0.8930,0.8822,0.8718,0.8630,0.8532,0.8432,0.8356,0.8274,0.8216,0.8134,0.8060,0.7998,0.7922,0.7864,0.7802,0.7764,0.7714,0.7680,0.7642,0.7592,0.7556,0.7526,0.7508,0.7468,0.7444,0.7420,0.7390,0.7364,0.7348,0.7328,0.7310
65,3.0000,DynamicV1Rebalance,2.8000,49816.6885,1394.8673,spend25p,1395.7955,1420.9611,1444.3437,1468.3639,1491.3495,1516.0351,1540.9386,1565.2045,1587.3754,1606.1505,1619.6390,1630.1683,1631.6779,1637.8734,1632.7585,1613.5125,1586.5914,1551.0196,1507.2234,1458.9612,1380.5418,1323.2867,1265.6519,1216.0706,1169.3563,940.4429,881.6528,833.8240,770.6148,714.1843,661.0407,614.2052,574.8161,520.9494,483.6785,446.1422,404.8388,370.4737,323.2970,297.9154,272.7428,247.9663,213.4453,176.1152,126.9551,60.5712,31.1992,0.0000,0.0000,0.0000,0.0000,0.0000,0.0000,0.0000,0.0000
65,3.0000,DynamicV1Rebalance,2.8000,49816.6885,1394.8673,spend50p,1405.6069,1450.4392,1497.0271,1547.3621,1602.3812,1656.5245,1712.8967,1771.1414,1829.1772,1885.2629,1935.2900,1978.9910,2019.5706,2052.3952,2069.3470,2073.5382,2058.3982,2028.0612,1999.5872,1965.6663,1906.7669,1872.8787,1835.2877,1802.4554,1769.9212,1503.6788,1463.1507,1423.5207,1376.3235,1324.9474,1279.6214,1227.9377,1173.6905,1126.1313,1097.0957,1067.2709,1043.0819,1023.6538,1005.6143,998.0390,988.1107,983.1246,980.8055,969.2930,960.2792,946.0085,942.3295,922.0928,905.3402,894.1809,874.9692,859.7280,847.1872,833.2301,822.0210
65,3.0000,DynamicV1Rebalance,2.8000,49816.6885,1394.8673,spend75p,1415.5912,1480.4408,1554.4022,1632.6804,1715.9547,1811.0569,1906.4967,2000.7410,2102.4959,2202.5464,2294.9993,2386.0586,2471.2689,2541.5918,2603.3189,2647.0453,2667.3835,2681.4313,2678.9861,2672.8096,2627.0724,2589.2954,2566.1595,2551.5531,2541.3971,2219.4973,2187.6840,2146.4913,2092.4882,2034.1780,1996.6993,1951.2053,1906.3129,1868.7245,1834.6670,1803.2322,1804.2312,1797.8818,1795.9405,1809.8645,1832.6550,1846.4796,1865.0972,1876.4382,1886.1004,1890.7277,1894.2443,1895.9237,1904.3621,1891.0792,1874.6874,1866.7334,1861.3460,1855.0271,1832.8411
65,3.0000,DynamicV1Rebalance,3.0000,46495.5759,1394.8673,survival,1.0000,1.0000,1.0000,1.0000,1.0000,1.0000,1.0000,1.0000,1.0000,0.9996,0.9980,0.9966,0.9932,0.9888,0.9820,0.9722,0.9626,0.9516,0.9390,0.9272,0.9104,0.8968,0.8838,0.8706,0.8606,0.8478,0.8350,0.8232,0.8132,0.8040,0.7946,0.7834,0.7740,0.7660,0.7572,0.7516,0.7456,0.7412,0.7344,0.7296,0.7258,0.7218,0.7174,0.7146,0.7104,0.7072,0.7054,0.7026,0.7006,0.6978,0.6956,0.6940,0.6910,0.6884,0.6864
65,3.0000,DynamicV1Rebalance,3.0000,46495.5759,1394.8673,spend25p,1395.7955,1420.9611,1444.3437,1468.3639,1491.3495,1516.0351,1540.9386,1565.2045,1587.3754,1605.9029,1618.6232,1627.7182,1629.2546,1627.6798,1622.7399,1598.1956,1564.8537,1513.4884,1461.3646,1407.1619,1320.4832,1259.4051,1190.0610,1134.4082,1075.2611,844.3942,773.3813,714.4201,654.9250,594.1422,537.8571,462.5862,391.3217,322.0363,221.2986,137.1556,0.0000,0.0000,0.0000,0.0000,0.0000,0.0000,0.0000,0.0000,0.0000,0.0000,0.0000,0.0000,0.0000,0.0000,0.0000,0.0000,0.0000,0.0000,0.0000
65,3.0000,DynamicV1Rebalance,3.0000,46495.5759,1394.8673,spend50p,1405.6069,1450.4392,1497.0271,1547.3621,1602.3812,1656.5245,1712.8967,1771.1414,1829.1772,1884.9213,1934.0943,1978.4439,2015.9510,2044.8354,2061.9246,2059.2215,2039.5048,2001.7975,1971.2764,1931.8051,1860.0334,1821.0123,1781.4241,1744.4060,1708.2671,1446.0792,1398.9036,1352.6127,1307.6106,1255.7963,1198.5593,1133.8736,1090.5440,1044.4251,999.8062,979.1952,951.6327,934.8378,910.2400,896.0166,882.1262,871.6158,862.2428,854.3177,844.3503,834.8716,828.5982,817.6374,800.8264,781.1686,767.5843,751.2985,726.8801,706.4944,694.2124
65,3.0000,DynamicV1Rebalance,3.0000,46495.5759,1394.8673,spend75p,1415.5912,1480.4408,1554.4022,1632.6804,1715.9547,1811.0569,1906.4967,2000.7410,2102.4959,2202.4514,2293.8447,2385.2425,2467.3023,2535.3592,2591.6459,2628.8494,2647.8678,2644.2086,2633.5723,2625.6468,2550.5221,2523.0871,2511.0542,2475.8040,2462.1642,2141.1913,2111.9661,2051.7071,2004.5868,1962.8904,1919.5862,1856.0553,1807.2981,1770.0778,1725.0136,1712.4782,1698.7777,1699.9828,1702.5103,1717.1023,1721.3180,1742.4980,1760.7033,1780.5365,1771.0280,1780.6351,1793.1857,1794.5780,1790.2445,1784.0800,1782.5025,1755.7741,1734.5301,1724.1316,1713.4914
65,3.0000,DynamicV1Rebalance,3.3300,41887.9062,1394.8673,survival,1.0000,1.0000,1.0000,1.0000,1.0000,1.0000,1.0000,1.0000,0.9998,0.9984,0.9970,0.9930,0.9870,0.9778,0.9648,0.9516,0.9380,0.9200,0.9030,0.8846,0.8664,0.8480,0.8304,0.8142,0.7984,0.7820,0.7680,0.7560,0.7446,0.7324,0.7198,0.7102,0.7030,0.6954,0.6896,0.6840,0.6768,0.6704,0.6654,0.6602,0.6558,0.6512,0.6466,0.6432,0.6396,0.6364,0.6334,0.6302,0.6290,0.6250,0.6214,0.6186,0.6166,0.6144,0.6120
65,3.0000,DynamicV1Rebalance,3.3300,41887.9062,1394.8673,spend25p,1395.7955,1420.9611,1444.3437,1468.3639,1491.3495,1516.0351,1540.9386,1565.2045,1587.0033,1604.6785,1617.7184,1624.3111,1622.1366,1612.4475,1588.1605,1558.8120,1514.0520,1443.7841,1379.6459,1298.2205,1192.7822,1099.5715,1014.9196,939.4628,851.7265,597.2405,496.5389,362.7335,0.0000,0.0000,0.0000,0.0000,0.0000,0.0000,0.0000,0.0000,0.0000,0.0000,0.0000,0.0000,0.0000,0.0000,0.0000,0.0000,0.0000,0.0000,0.0000,0.0000,0.0000,0.0000,0.0000,0.0000,0.0000,0.0000,0.0000
65,3.0000,DynamicV1Rebalance,3.3300,41887.9062,1394.8673,spend50p,1405.6069,1450.4392,1497.0271,1547.3621,1602.3812,1656.5245,1712.8967,1771.1414,1828.6400,1883.8327,1933.0787,1973.7741,2009.8694,2027.8917,2035.4244,2021.3440,1998.0185,1958.8329,1909.3764,1863.4578,1789.5456,1722.9560,1682.0185,1634.1685,1591.0509,1337.7485,1289.2356,1232.2814,1177.1972,1107.2380,1051.4709,993.6032,945.9735,907.0668,873.6419,847.8010,814.1625,782.1501,767.2199,751.3391,737.8788,715.1801,704.5736,689.4612,675.9363,658.0604,640.2410,623.4256,610.8349,584.7116,560.2824,536.1690,522.2501,500.6264,469.3986
65,3.0000,DynamicV1Rebalance,3.3300,41887.9062,1394.8673,spend75p,1415.5912,1480.4408,1554.4022,1632.6804,1715.9547,1811.0569,1906.4967,2000.7410,2102.2183,2199.8570,2293.2142,2379.4473,2454.3562,2525.8205,2567.3497,2586.6545,2599.6925,2590.0321,2576.5756,2534.2955,2453.6106,2420.6910,2385.5820,2370.5980,2348.4767,2024.1274,1969.1173,1925.2921,1877.6789,1828.2437,1771.8758,1710.4404,1665.9978,1622.3006,1604.4963,1586.0376,1574.3712,1573.4059,1575.8501,1571.6565,1567.5946,1587.1155,1596.2232,1601.5941,1606.3929,1614.6782,1607.2582,1601.8050,1604.6961,1595.5773,1578.9817,1570.9646,1552.2325,1522.2390,1492.2303
65,3.0000,DynamicV1Rebalance,3.6600,38111.1278,1394.8673,survival,1.0000,1.0000,1.0000,1.0000,1.0000,1.0000,1.0000,1.0000,0.9994,0.9974,0.9944,0.9872,0.9788,0.9606,0.9458,0.9272,0.9074,0.8834,0.8590,0.8354,0.8162,0.7908,0.7702,0.7500,0.7310,0.7140,0.6996,0.6866,0.6748,0.6652,0.6548,0.6420,0.6342,0.6250,0.6176,0.6102,0.6054,0.6002,0.5934,0.5894,0.5846,0.5808,0.5772,0.5738,0.5702,0.5676,0.5664,0.5630,0.5612,0.5602,0.5570,0.5546,0.5522,0.5502,0.5484
65,3.0000,DynamicV1Rebalance,3.6600,38111.1278,1394.8673,spend25p,1395.7955,1420.9611,1444.3437,1468.3639,1491.3495,1516.0351,1540.9386,1565.2045,1586.9360,1603.7330,1615.9646,1613.4778,1610.1588,1588.9005,1558.1158,1504.6954,1442.0178,1352.3963,1255.3433,1136.9707,1019.7603,898.3130,743.7096,208.7097,0.0000,0.0000,0.0000,0.0000,0.0000,0.0000,0.0000,0.0000,0.0000,0.0000,0.0000,0.0000,0.0000,0.0000,0.0000,0.0000,0.0000,0.0000,0.0000,0.0000,0.0000,0.0000,0.0000,0.0000,0.0000,0.0000,0.0000,0.0000,0.0000,0.0000,0.0000
65,3.0000,DynamicV1Rebalance,3.6600,38111.1278,1394.8673,spend50p,1405.6069,1450.4392,1497.0271,1547.3621,1602.3812,1656.5245,1712.8967,1771.1414,1828.0174,1882.7733,1931.3159,1968.0710,1998.2246,2004.6035,2001.8355,1985.5458,1950.9327,1903.3972,1844.0569,1783.4407,1690.1300,1632.2778,1572.9241,1512.5089,1459.3818,1195.2966,1137.0685,1080.0351,1013.0020,960.7921,904.6071,833.8072,791.9552,736.0666,696.8944,661.1019,634.4576,605.2080,576.6292,547.8602,527.5600,511.8358,489.6977,477.4838,464.6280,447.3230,431.4169,403.8901,388.0921,372.4142,353.7018,332.1789,314.7765,293.7821,277.6058
65,3.0000,DynamicV1Rebalance,3.6600,38111.1278,1394.8673,spend75p,1415.5912,1480.4408,1554.4022,1632.6804,1715.9547,1811.0569,1906.4967,2000.7410,2101.4566,2198.6658,2290.6439,2376.1848,2443.9101,2499.9131,2539.6742,2551.6469,2550.5237,2527.3589,2484.7756,2442.9499,2361.8523,2329.3787,2283.3551,2246.5228,2199.7533,1887.0867,1845.0111,1797.0307,1743.7517,1687.8524,1639.7170,1576.7073,1531.0355,1489.5056,1449.7492,1425.8737,1411.2030,1401.1877,1393.1143,1411.7045,1421.5270,1418.6113,1418.7168,1431.4972,1426.8750,1424.2888,1434.1348,1431.7514,1423.5399,1409.8968,1396.5404,1377.4453,1362.0802,1347.6996,1324.6782
65,3.0000,DynamicV1Rebalance,4.0000,34871.6819,1394.8673,survival,1.0000,1.0000,1.0000,1.0000,1.0000,1.0000,1.0000,0.9998,0.9984,0.9960,0.9890,0.9790,0.9622,0.9426,0.9214,0.8950,0.8700,0.8378,0.8098,0.7818,0.7554,0.7326,0.7052,0.6796,0.6608,0.6462,0.6336,0.6202,0.6078,0.5966,0.5864,0.5744,0.5684,0.5602,0.5530,0.5468,0.5406,0.5370,0.5322,0.5278,0.5230,0.5194,0.5162,0.5142,0.5110,0.5084,0.5070,0.5050,0.5032,0.5010,0.4978,0.4962,0.4938,0.4922,0.4906
65,3.0000,DynamicV1Rebalance,4.0000,34871.6819,1394.8673,spend25p,1395.7955,1420.9611,1444.3437,1468.3639,1491.3495,1516.0351,1540.9386,1564.8848,1585.9162,1602.5282,1607.7808,1605.0213,1586.8834,1558.1671,1517.7256,1441.7871,1349.0960,1221.9045,1092.3325,928.2107,629.1763,0.0000,0.0000,0.0000,0.0000,0.0000,0.0000,0.0000,0.0000,0.0000,0.0000,0.0000,0.0000,0.0000,0.0000,0.0000,0.0000,0.0000,0.0000,0.0000,0.0000,0.0000,0.0000,0.0000,0.0000,0.0000,0.0000,0.0000,0.0000,0.0000,0.0000,0.0000,0.0000,0.0000,0.0000
65,3.0000,DynamicV1Rebalance,4.0000,34871.6819,1394.8673,spend50p,1405.6069,1450.4392,1497.0271,1547.3621,1602.3812,1656.5245,1712.8967,1770.9073,1827.2905,1880.8725,1924.0254,1958.5911,1979.6253,1981.7758,1970.9005,1935.8747,1887.6833,1826.7921,1759.9765,1683.0222,1583.9391,1517.0611,1437.7851,1353.4012,1279.9882,1034.5145,974.6644,911.2763,847.7520,780.6191,716.5934,641.9416,598.1433,546.7929,496.3172,460.0302,418.4771,390.6258,359.5654,327.5917,293.3250,271.6048,248.1731,219.1630,181.8564,150.8411,118.5015,85.9191,58.8701,11.8786,0.0000,0.0000,0.0000,0.0000,0.0000
65,3.0000,DynamicV1Rebalance,4.0000,34871.6819,1394.8673,spend75p,1415.5912,1480.4408,1554.4022,1632.6804,1715.9547,1811.0569,1906.4967,2000.5022,2100.6939,2197.5955,2285.1960,2366.9304,2431.8857,2472.4377,2509.8729,2504.8281,2487.9830,2447.7457,2396.5228,2342.9360,2263.0853,2214.3727,2162.5963,2114.1949,2058.1534,1757.3004,1714.3100,1669.6087,1608.5579,1554.3437,1495.9904,1435.3065,1387.6526,1352.1531,1314.6078,1287.7844,1267.3969,1252.7583,1251.8840,1247.7639,1242.3719,1246.8307,1249.2153,1249.1775,1250.3632,1246.7693,1238.6176,1233.8880,1233.8981,1225.5504,1217.7843,1205.1419,1179.7382,1165.7870,1140.3503
65,3.0000,DynamicV1Rebalance,5.0000,27897.3455,1394.8673,survival,1.0000,1.0000,1.0000,1.0000,1.0000,1.0000,0.9998,0.9976,0.9934,0.9824,0.9622,0.9346,0.9000,0.8584,0.8166,0.7710,0.7234,0.6782,0.6410,0.6074,0.5844,0.5590,0.5352,0.5146,0.4920,0.4742,0.4618,0.4506,0.4384,0.4284,0.4188,0.4116,0.4040,0.3974,0.3908,0.3844,0.3786,0.3746,0.3706,0.3672,0.3626,0.3590,0.3564,0.3522,0.3496,0.3474,0.3448,0.3426,0.3396,0.3378,0.3364,0.3356,0.3340,0.3328,0.3308
65,3.0000,DynamicV1Rebalance,5.0000,27897.3455,1394.8673,spend25p,1395.7955,1420.9611,1444.3437,1468.3639,1491.3495,1516.0351,1540.8182,1562.4870,1583.2378,1591.0054,1574.3938,1546.0899,1489.9468,1398.1990,1257.9047,1009.6160,0.0000,0.0000,0.0000,0.0000,0.0000,0.0000,0.0000,0.0000,0.0000,0.0000,0.0000,0.0000,0.0000,0.0000,0.0000,0.0000,0.0000,0.0000,0.0000,0.0000,0.0000,0.0000,0.0000,0.0000,0.0000,0.0000,0.0000,0.0000,0.0000,0.0000,0.0000,0.0000,0.0000,0.0000,0.0000,0.0000,0.0000,0.0000,0.0000
65,3.0000,DynamicV1Rebalance,5.0000,27897.3455,1394.8673,spend50p,1405.6069,1450.4392,1497.0271,1547.3621,1602.3812,1656.5245,1712.8726,1769.9669,1821.6887,1867.3060,1901.7493,1909.6142,1904.4089,1868.6146,1810.1066,1740.6044,1637.2762,1523.8389,1407.0009,1264.9927,1132.5142,998.9438,855.3961,679.2016,0.0000,0.0000,0.0000,0.0000,0.0000,0.0000,0.0000,0.0000,0.0000,0.0000,0.0000,0.0000,0.0000,0.0000,0.0000,0.0000,0.0000,0.0000,0.0000,0.0000,0.0000,0.0000,0.0000,0.0000,0.0000,0.0000,0.0000,0.0000,0.0000,0.0000,0.0000
65,3.0000,DynamicV1Rebalance,5.0000,27897.3455,1394.8673,spend75p,1415.5912,1480.4408,1554.4022,1632.6804,1715.9547,1811.0569,1906.4245,1998.9508,2097.2629,2186.2269,2264.5811,2319.6461,2359.8508,2375.1022,2362.6299,2325.5120,2270.5405,2173.2258,2093.3314,2029.4623,1945.0152,1883.1105,1808.7525,1746.8039,1678.9047,1401.4961,1351.7600,1299.9334,1230.5776,1163.5337,1099.5963,1044.7296,999.0801,955.6925,910.6354,874.7610,836.0959,813.6320,798.1739,782.9542,770.5143,749.5090,734.0408,711.8422,698.1459,683.7032,663.3467,650.2097,627.6342,603.9717,583.2309,575.5754,551.9916,530.7968,504.2899
65,3.0000,DynamicV1Rebalance,6.0000,23247.7879,1394.8673,survival,1.0000,1.0000,1.0000,1.0000,1.0000,1.0000,0.9984,0.9928,0.9760,0.9480,0.9078,0.8568,0.8000,0.7338,0.6744,0.6132,0.5670,0.5364,0.4998,0.4612,0.4320,0.4060,0.3846,0.3660,0.3494,0.3326,0.3206,0.3102,0.2994,0.2902,0.2818,0.2732,0.2664,0.2608,0.2568,0.2516,0.2472,0.2434,0.2406,0.2388,0.2344,0.2332,0.2292,0.2276,0.2252,0.2226,0.2208,0.2186,0.2166,0.2152,0.2138,0.2134,0.2122,0.2114,0.2110
65,3.0000,DynamicV1Rebalance,6.0000,23247.7879,1394.8673,spend25p,1395.7955,1420.9611,1444.3437,1468.3639,1491.3495,1516.0351,1540.1490,1559.0832,1564.9993,1549.5673,1502.0699,1410.2908,1246.7026,0.0000,0.0000,0.0000,0.0000,0.0000,0.0000,0.0000,0.0000,0.0000,0.0000,0.0000,0.0000,0.0000,0.0000,0.0000,0.0000,0.0000,0.0000,0.0000,0.0000,0.0000,0.0000,0.0000,0.0000,0.0000,0.0000,0.0000,0.0000,0.0000,0.0000,0.0000,0.0000,0.0000,0.0000,0.0000,0.0000,0.0000,0.0000,0.0000,0.0000,0.0000,0.0000
65,3.0000,DynamicV1Rebalance,6.0000,23247.7879,1394.8673,spend50p,1405.6069,1450.4392,1497.0271,1547.3621,1602.3812,1656.5245,1712.3769,1766.3066,1807.6799,1843.9042,1851.9365,1830.6720,1774.2469,1675.2908,1573.7684,1411.8246,1227.8929,1046.3406,0.0000,0.0000,0.0000,0.0000,0.0000,0.0000,0.0000,0.0000,0.0000,0.0000,0.0000,0.0000,0.0000,0.0000,0.0000,0.0000,0.0000,0.0000,0.0000,0.0000,0.0000,0.0000,0.0000,0.0000,0.0000,0.0000,0.0000,0.0000,0.0000,0.0000,0.0000,0.0000,0.0000,0.0000,0.0000,0.0000,0.0000
65,3.0000,DynamicV1Rebalance,6.0000,23247.7879,1394.8673,spend75p,1415.5912,1480.4408,1554.4022,1632.6804,1715.9547,1811.0569,1905.9638,1995.7202,2084.0702,2158.9697,2222.9781,2253.9250,2252.2617,2215.4454,2165.7054,2074.4797,1995.0776,1938.8247,1831.7098,1715.6533,1596.3678,1493.4825,1412.5389,1320.4171,1236.9894,958.1071,890.2265,805.6707,718.6979,630.3390,555.2997,480.2389,402.7793,318.4945,255.2652,140.7329,0.0000,0.0000,0.0000,0.0000,0.0000,0.0000,0.0000,0.0000,0.0000,0.0000,0.0000,0.0000,0.0000,0.0000,0.0000,0.0000,0.0000,0.0000,0.0000
65,3.0000,DynamicV1Rebalance,7.0000,19926.6754,1394.8673,survival,1.0000,1.0000,1.0000,1.0000,1.0000,0.9994,0.9946,0.9748,0.9386,0.8894,0.8228,0.7424,0.6634,0.5922,0.5304,0.4786,0.4334,0.3906,0.3576,0.3266,0.3000,0.2782,0.2602,0.2448,0.2338,0.2222,0.2128,0.2042,0.1994,0.1922,0.1850,0.1800,0.1750,0.1700,0.1652,0.1624,0.1610,0.1594,0.1570,0.1548,0.1522,0.1504,0.1492,0.1480,0.1464,0.1454,0.1438,0.1428,0.1424,0.1410,0.1392,0.1384,0.1374,0.1366,0.1366
65,3.0000,DynamicV1Rebalance,7.0000,19926.6754,1394.8673,spend25p,1395.7955,1420.9611,1444.3437,1468.3639,1491.3495,1515.3206,1536.8659,1546.7316,1528.9284,1470.8113,1346.7217,0.0000,0.0000,0.0000,0.0000,0.0000,0.0000,0.0000,0.0000,0.0000,0.0000,0.0000,0.0000,0.0000,0.0000,0.0000,0.0000,0.0000,0.0000,0.0000,0.0000,0.0000,0.0000,0.0000,0.0000,0.0000,0.0000,0.0000,0.0000,0.0000,0.0000,0.0000,0.0000,0.0000,0.0000,0.0000,0.0000,0.0000,0.0000,0.0000,0.0000,0.0000,0.0000,0.0000,0.0000
65,3.0000,DynamicV1Rebalance,7.0000,19926.6754,1394.8673,spend50p,1405.6069,1450.4392,1497.0271,1547.3621,1602.3812,1656.1562,1709.8319,1755.8337,1784.1150,1791.9527,1756.6769,1670.2151,1555.0410,1394.8144,1122.7139,0.0000,0.0000,0.0000,0.0000,0.0000,0.0000,0.0000,0.0000,0.0000,0.0000,0.0000,0.0000,0.0000,0.0000,0.0000,0.0000,0.0000,0.0000,0.0000,0.0000,0.0000,0.0000,0.0000,0.0000,0.0000,0.0000,0.0000,0.0000,0.0000,0.0000,0.0000,0.0000,0.0000,0.0000,0.0000,0.0000,0.0000,0.0000,0.0000,0.0000
65,3.0000,DynamicV1Rebalance,7.0000,19926.6754,1394.8673,spend75p,1415.5912,1480.4408,1554.4022,1632.6804,1715.9547,1810.7600,1904.2408,1985.8660,2058.0933,2122.9690,2144.4562,2126.2033,2078.6221,2017.9279,1923.5154,1817.7434,1704.3995,1572.6751,1449.1042,1289.3179,1083.9483,914.7931,697.0749,0.0000,0.0000,0.0000,0.0000,0.0000,0.0000,0.0000,0.0000,0.0000,0.0000,0.0000,0.0000,0.0000,0.0000,0.0000,0.0000,0.0000,0.0000,0.0000,0.0000,0.0000,0.0000,0.0000,0.0000,0.0000,0.0000,0.0000,0.0000,0.0000,0.0000,0.0000,0.0000
70,0.5000,DynamicV1Rebalance,2.5000,10015.7818,250.3945,survival,1.0000,1.0000,1.0000,1.0000,1.0000,1.0000,1.0000,1.0000,1.0000,1.0000,0.9998,0.9992,0.9984,0.9970,0.9954,0.9934,0.9896,0.9848,0.9802,0.9748,0.9690,0.9628,0.9554,0.9498,0.9416,0.9340,0.9258,0.9170,0.9090,0.9010,0.9000,0.9000,0.9000,0.9000,0.9000,0.9000,0.9000,0.9000,0.9000,0.9000,0.9000,0.9000,0.9000,0.9000,0.9000,0.9000,0.9000,0.9000,0.9000,0.9000,0.9000,0.9000,0.9000,0.9000,0.9000
70,0.5000,DynamicV1Rebalance,2.5000,10015.7818,250.3945,spend25p,250.5612,254.6776,258.4794,262.4005,266.1417,270.1910,274.2865,278.2853,281.9387,285.0475,287.4654,289.3545,290.1911,291.6999,291.4651,288.9867,286.2077,280.8524,275.4325,269.1136,242.4888,236.4704,230.0018,223.7588,216.7408,210.3617,202.1944,193.9249,185.7200,176.6943,-111.0001,-124.7829,-140.2297,-157.4955,-175.0780,-193.2661,-211.3692,-229.1818,-247.0687,-263.7341,-281.1014,-299.6356,-318.3968,-337.2488,-358.6410,-380.1526,-403.8201,-428.1893,-455.0650,-483.7509,-515.2269,-547.5165,-581.5520,-618.2646,-655.7806
70,0.5000,DynamicV1Rebalance,2.5000,10015.7818,250.3945,spend50p,252.3224,259.9609,267.9076,276.5176,285.9560,295.2294,304.8950,314.8998,324.8859,334.5659,343.3920,351.4027,358.4693,364.6492,368.4509,370.5614,370.1949,366.0399,363.2525,360.2531,326.9550,323.4772,320.0052,315.1433,311.3570,307.9132,302.8061,296.7674,289.8815,282.5499,-96.1713,-111.6229,-127.1454,-142.4862,-157.5549,-171.9825,-186.1924,-199.6045,-212.4879,-225.1474,-238.5233,-251.4910,-264.2074,-278.0563,-293.0471,-308.1692,-324.7428,-341.8447,-360.0249,-379.4791,-400.4681,-423.5029,-445.3119,-468.7749,-493.0584
70,0.5000,DynamicV1Rebalance,2.5000,10015.7818,250.3945,spend75p,254.1147,265.3381,278.1755,291.7642,306.2240,322.7704,339.3557,355.7215,373.4309,390.8706,407.2078,423.3252,438.5134,451.4929,463.9206,471.7919,477.6543,483.9796,485.8378,487.9494,449.3425,447.8241,445.0861,442.7221,440.8663,441.0139,438.2182,433.5571,428.5781,421.6962,-71.6290,-92.9822,-113.2422,-129.5653,-143.2044,-155.2299,-165.8103,-175.6979,-185.5546,-194.5547,-203.4382,-212.1696,-221.2559,-230.4637,-240.4425,-250.4742,-261.3730,-272.6306,-284.7625,-297.5786,-311.7826,-325.1665,-338.3658,-353.4770,-368.5427
70,0.5000,DynamicV1Rebalance,2.8000,8942.6624,250.3945,survival,1.0000,1.0000,1.0000,1.0000,1.0000,1.0000,1.0000,1.0000,1.0000,0.9998,0.9990,0.9980,0.9960,0.9936,0.9894,0.9840,0.9760,0.9690,0.9590,0.9496,0.9382,0.9286,0.9192,0.9086,0.8998,0.8900,0.8786,0.8682,0.8608,0.8468,0.8464,0.8464,0.8464,0.8464,0.8464,0.8464,0.8464,0.8464,0.8464,0.8464,0.8464,0.8464,0.8464,0.8464,0.8464,0.8464,0.8464,0.8464,0.8464,0.8464,0.8464,0.8464,0.8464,0.8464,0.8464
70,0.5000,DynamicV1Rebalance,2.8000,8942.6624,250.3945,spend25p,250.5612,254.6776,258.4794,262.4005,266.1417,270.1910,274.2865,278.2853,281.9387,285.0259,287.2218,288.9490,289.1429,290.6337,289.9740,286.3625,281.7674,276.0407,268.4255,260.9928,230.7610,223.0756,214.1517,205.1226,198.0095,189.2063,181.2389,171.0491,162.8271,151.0332,-110.5136,-124.2635,-139.4680,-156.2964,-173.6054,-190.8386,-208.4923,-225.4293,-242.2699,-259.0488,-276.2534,-293.4479,-311.1528,-329.7180,-349.2040,-370.9399,-393.7221,-417.2333,-443.3328,-470.6881,-501.0417,-532.3894,-565.5096,-599.4568,-635.1682
70,0.5000,DynamicV1Rebalance,2.8000,8942.6624,250.3945,spend50p,252.3224,259.9609,267.9076,276.5176,285.9560,295.2294,304.8950,314.8998,324.8859,334.5570,343.1984,350.7782,357.8798,363.7111,366.9030,368.1595,365.4970,361.0954,356.3264,351.0323,318.6850,313.6989,307.4770,302.1616,297.0906,291.9644,286.2312,279.4252,273.7125,263.6439,-94.9081,-110.4921,-126.0699,-141.1173,-155.6283,-169.4769,-183.1365,-195.3346,-207.8957,-220.3017,-232.6811,-245.0234,-257.8853,-270.9696,-284.3185,-299.0733,-314.3353,-330.7665,-348.0413,-366.5416,-386.5623,-405.3871,-427.3843,-450.2885,-474.0446
70,0.5000,DynamicV1Rebalance,2.8000,8942.6624,250.3945,spend75p,254.1147,265.3381,278.1755,291.7642,306.2240,322.7704,339.3557,355.7215,373.4309,390.8618,406.9881,422.9313,437.9234,450.4056,461.6618,469.7237,473.6518,477.3758,477.0988,477.6451,438.6375,433.6522,430.3050,428.1129,426.1190,423.2496,418.7313,412.3650,405.8695,397.1892,-64.9938,-87.5077,-108.7797,-126.2802,-139.5328,-150.8937,-160.4165,-169.3334,-177.5854,-185.8732,-194.0801,-201.8342,-210.2192,-218.0942,-227.0167,-235.9736,-246.2362,-256.3316,-266.6623,-278.0785,-289.2787,-300.3463,-312.4550,-324.5033,-338.7275
70,0.5000,DynamicV1Rebalance,3.0000,8346.4849,250.3945,survival,1.0000,1.0000,1.0000,1.0000,1.0000,1.0000,1.0000,1.0000,1.0000,0.9996,0.9980,0.9968,0.9938,0.9894,0.9834,0.9728,0.9638,0.9526,0.9416,0.9286,0.9148,0.9038,0.8910,0.8784,0.8674,0.8554,0.8442,0.8304,0.8196,0.8084,0.8084,0.8084,0.8084,0.8084,0.8084,0.8084,0.8084,0.8084,0.8084,0.8084,0.8084,0.8084,0.8084,0.8084,0.8084,0.8084,0.8084,0.8084,0.8084,0.8084,0.8084,0.8084,0.8084,0.8084,0.8084
70,0.5000,DynamicV1Rebalance,3.0000,8346.4849,250.3945,spend25p,250.5612,254.6776,258.4794,262.4005,266.1417,270.1910,274.2865,278.2853,281.9387,284.9820,287.0417,288.5387,288.7525,288.5206,287.7911,283.5320,278.2015,269.5133,261.0266,251.2858,222.1774,212.0854,201.8591,193.0587,183.4627,173.0149,162.2162,150.3346,140.1960,128.5446,-110.0641,-123.7850,-138.9990,-155.3512,-172.3283,-189.4233,-206.3491,-223.0144,-239.7432,-255.9257,-272.3780,-289.7076,-307.2869,-325.0842,-343.5035,-364.2646,-386.6341,-409.7731,-435.5556,-463.9773,-492.9494,-522.3843,-554.5443,-588.0302,-623.0051
70,0.5000,DynamicV1Rebalance,3.0000,8346.4849,250.3945,spend50p,252.3224,259.9609,267.9076,276.5176,285.9560,295.2294,304.8950,314.8998,324.8859,334.4963,342.9863,350.7189,357.3426,362.4868,365.9095,365.3415,362.3251,356.2760,351.3810,344.7118,311.4564,305.8691,298.3397,293.2312,287.1099,280.6202,274.0990,266.7244,259.0848,250.7372,-93.7930,-109.5018,-125.1083,-139.9799,-154.0810,-167.9118,-180.5247,-192.5732,-204.4907,-216.4440,-228.3821,-240.4164,-252.6003,-265.1960,-278.4734,-292.2028,-306.9579,-323.6730,-340.0834,-357.3696,-375.9513,-395.7392,-416.8745,-436.3302,-458.3444
70,0.5000,DynamicV1Rebalance,3.0000,8346.4849,250.3945,spend75p,254.1147,265.3381,278.1755,291.7642,306.2240,322.7704,339.3557,355.7215,373.4309,390.8449,406.7834,422.8458,437.5212,449.3969,460.0297,466.2913,470.8571,470.3743,470.4814,468.6160,426.6913,423.1525,420.7949,416.2240,413.2035,409.3028,406.4048,396.8468,390.1644,382.3551,-54.8759,-79.5453,-103.8490,-122.6788,-135.9522,-146.2857,-155.3874,-163.0276,-169.9620,-177.3172,-184.2324,-191.5633,-199.0667,-207.2363,-215.4808,-223.8346,-232.8198,-241.5631,-250.4378,-259.5831,-269.8824,-280.2834,-292.0248,-302.7663,-313.4690
70,0.5000,DynamicV1Rebalance,3.3300,7519.3557,250.3945,survival,1.0000,1.0000,1.0000,1.0000,1.0000,1.0000,1.0000,1.0000,0.9998,0.9984,0.9970,0.9930,0.9876,0.9800,0.9656,0.9538,0.9390,0.9232,0.9066,0.8874,0.8714,0.8562,0.8380,0.8242,0.8096,0.7930,0.7782,0.7634,0.7500,0.7386,0.7382,0.7382,0.7382,0.7382,0.7382,0.7382,0.7382,0.7382,0.7382,0.7382,0.7382,0.7382,0.7382,0.7382,0.7382,0.7382,0.7382,0.7382,0.7382,0.7382,0.7382,0.7382,0.7382,0.7382,0.7382
70,0.5000,DynamicV1Rebalance,3.3300,7519.3557,250.3945,spend25p,250.5612,254.6776,258.4794,262.4005,266.1417,270.1910,274.2865,278.2853,281.8726,284.7647,286.8812,287.9108,287.4863,286.0666,282.0217,277.3780,269.1045,258.2677,246.8484,232.7526,201.7548,187.3650,174.5271,162.4151,150.1785,133.5233,116.4862,95.7028,22.0769,0.0000,-109.0895,-122.8261,-137.6627,-153.7617,-169.8141,-186.3768,-202.4482,-218.4806,-233.6018,-249.5814,-265.5772,-281.8177,-297.9771,-315.1039,-333.6602,-353.3172,-373.2394,-396.0494,-421.0383,-447.3093,-473.2834,-501.7963,-532.5019,-563.8276,-596.9553
70,0.5000,DynamicV1Rebalance,3.3300,7519.3557,250.3945,spend50p,252.3224,259.9609,267.9076,276.5176,285.9560,295.2294,304.8950,314.8998,324.7905,334.3032,342.8062,349.8535,356.1968,359.7620,361.0973,359.0631,354.9019,348.9882,340.8283,332.7092,299.5209,290.2253,282.8578,275.8324,268.5668,262.0299,254.6060,246.3625,235.9305,224.5787,-90.5476,-106.9985,-122.9426,-137.6136,-151.3863,-164.3399,-176.3310,-187.7392,-198.7632,-209.3464,-219.9939,-231.3504,-242.5910,-254.1169,-266.1313,-278.8009,-293.0853,-307.7346,-323.4933,-339.6280,-355.8046,-372.5354,-389.6844,-408.5225,-427.7531
70,0.5000,DynamicV1Rebalance,3.3300,7519.3557,250.3945,spend75p,254.1147,265.3381,278.1755,291.7642,306.2240,322.7704,339.3557,355.7215,373.3816,390.3845,406.6716,421.7595,435.0542,447.7275,455.3620,459.5195,461.6643,461.3217,459.1655,452.9523,411.2711,406.6525,400.0366,398.5877,394.1190,389.9141,380.1903,373.0293,364.6874,357.5434,0.0000,0.0000,0.0000,0.0000,0.0000,0.0000,0.0000,0.0000,0.0000,0.0000,0.0000,0.0000,0.0000,0.0000,0.0000,0.0000,0.0000,0.0000,0.0000,0.0000,0.0000,0.0000,0.0000,0.0000,0.0000
70,0.5000,DynamicV1Rebalance,3.6600,6841.3810,250.3945,survival,1.0000,1.0000,1.0000,1.0000,1.0000,1.0000,1.0000,1.0000,0.9994,0.9974,0.9946,0.9884,0.9794,0.9622,0.9484,0.9294,0.9106,0.8862,0.8626,0.8416,0.8200,0.7998,0.7818,0.7596,0.7424,0.7258,0.7100,0.6948,0.6840,0.6724,0.6712,0.6712,0.6712,0.6712,0.6712,0.6712,0.6712,0.6712,0.6712,0.6712,0.6712,0.6712,0.6712,0.6712,0.6712,0.6712,0.6712,0.6712,0.6712,0.6712,0.6712,0.6712,0.6712,0.6712,0.6712
70,0.5000,DynamicV1Rebalance,3.6600,6841.3810,250.3945,spend25p,250.5612,254.6776,258.4794,262.4005,266.1417,270.1910,274.2865,278.2853,281.8607,284.5969,286.5944,286.5290,285.4474,281.9104,277.3190,267.4909,257.2053,241.2274,225.1431,206.8651,172.3560,155.8139,135.1659,102.7697,0.0000,0.0000,0.0000,0.0000,0.0000,0.0000,-107.7469,-121.5378,-136.2988,-151.4494,-167.2819,-182.8899,-198.3367,-213.5946,-228.7849,-243.9673,-258.7593,-274.1094,-289.2778,-305.7874,-322.8753,-341.8849,-362.2927,-383.5662,-406.2798,-429.9041,-454.2924,-481.5100,-509.0449,-540.4585,-569.2873
70,0.5000,DynamicV1Rebalance,3.6600,6841.3810,250.3945,spend50p,252.3224,259.9609,267.9076,276.5176,285.9560,295.2294,304.8950,314.8998,324.6799,334.1152,342.5079,348.9895,354.2413,355.5870,355.7935,352.7986,347.3498,339.0071,328.9566,320.3920,283.4752,274.4986,265.9695,254.6973,247.9094,238.1908,227.2987,217.4814,207.0829,197.0464,-86.0528,-103.7109,-119.8478,-134.5674,-147.7995,-159.6486,-171.0301,-181.8835,-191.9607,-201.9364,-211.6580,-221.2573,-231.3411,-241.9522,-253.0066,-264.7819,-276.3680,-288.9467,-302.6889,-316.1548,-331.1144,-346.1355,-363.2172,-379.5834,-397.1519
70,0.5000,DynamicV1Rebalance,3.6600,6841.3810,250.3945,spend75p,254.1147,265.3381,278.1755,291.7642,306.2240,322.7704,339.3557,355.7215,373.2463,390.1731,406.2572,421.2342,433.1178,443.5279,450.9762,453.0078,453.5342,450.1368,443.8898,437.0173,395.2046,389.8490,384.7096,376.7461,370.8090,363.5378,357.1839,348.2975,342.2273,332.5931,0.0000,0.0000,0.0000,0.0000,0.0000,0.0000,0.0000,0.0000,0.0000,0.0000,0.0000,0.0000,0.0000,0.0000,0.0000,0.0000,0.0000,0.0000,0.0000,0.0000,0.0000,0.0000,0.0000,0.0000,0.0000
70,0.5000,DynamicV1Rebalance,4.0000,6259.8637,250.3945,survival,1.0000,1.0000,1.0000,1.0000,1.0000,1.0000,1.0000,0.9998,0.9986,0.9966,0.9898,0.9804,0.9644,0.9446,0.9246,0.8992,0.8738,0.8442,0.8138,0.7874,0.7608,0.7404,0.7162,0.6948,0.6736,0.6578,0.6416,0.6288,0.6164,0.6026,0.6014,0.6014,0.6014,0.6014,0.6014,0.6014,0.6014,0.6014,0.6014,0.6014,0.6014,0.6014,0.6014,0.6014,0.6014,0.6014,0.6014,0.6014,0.6014,0.6014,0.6014,0.6014,0.6014,0.6014,0.6014
70,0.5000,DynamicV1Rebalance,4.0000,6259.8637,250.3945,spend25p,250.5612,254.6776,258.4794,262.4005,266.1417,270.1910,274.2865,278.2285,281.7105,284.4840,285.3944,284.7390,281.8353,276.7017,270.4241,257.1644,241.1578,221.9749,196.2239,169.5200,118.2958,0.0000,0.0000,0.0000,0.0000,0.0000,0.0000,0.0000,0.0000,0.0000,-106.2023,-119.7309,-133.9871,-148.9655,-164.1367,-179.1674,-193.5958,-208.1784,-223.1505,-236.6490,-251.0810,-265.0660,-279.6412,-295.1940,-312.5725,-329.8022,-348.7815,-368.6440,-389.7563,-412.3080,-435.6434,-459.0583,-484.5702,-511.5568,-539.6433
70,0.5000,DynamicV1Rebalance,4.0000,6259.8637,250.3945,spend50p,252.3224,259.9609,267.9076,276.5176,285.9560,295.2294,304.8950,314.8582,324.5729,334.0016,341.4043,347.4183,351.1136,351.6496,350.0239,345.0926,336.3644,326.4469,314.0659,301.5574,265.6998,255.7823,243.8898,232.0355,219.5035,208.8008,198.1761,187.6269,175.8835,165.0091,-78.9276,-98.0220,-115.6092,-130.4174,-142.8268,-154.3132,-163.9688,-173.4745,-182.4705,-191.0739,-199.3449,-207.8080,-215.9269,-225.2167,-234.2368,-244.0721,-254.6538,-265.8971,-277.0564,-289.3681,-302.5049,-315.0668,-328.9047,-342.3364,-356.4799
70,0.5000,DynamicV1Rebalance,4.0000,6259.8637,250.3945,spend75p,254.1147,265.3381,278.1755,291.7642,306.2240,322.7704,339.3557,355.6790,373.1153,390.0567,405.4507,419.9664,431.2411,438.3497,446.2391,445.7628,442.4070,437.4668,427.6218,418.8951,379.4477,372.5990,364.3376,356.4622,348.1538,340.7285,331.8165,324.5977,316.4968,308.1581,0.0000,0.0000,0.0000,0.0000,0.0000,0.0000,0.0000,0.0000,0.0000,0.0000,0.0000,0.0000,0.0000,0.0000,0.0000,0.0000,0.0000,0.0000,0.0000,0.0000,0.0000,0.0000,0.0000,0.0000,0.0000
70,0.5000,DynamicV1Rebalance,5.0000,5007.8909,250.3945,survival,1.0000,1.0000,1.0000,1.0000,1.0000,1.0000,0.9998,0.9980,0.9936,0.9828,0.9630,0.9364,0.9038,0.8648,0.8218,0.7798,0.7316,0.6852,0.6486,0.6148,0.5904,0.5686,0.5464,0.5280,0.5076,0.4878,0.4726,0.4590,0.4484,0.4364,0.4346,0.4346,0.4346,0.4346,0.4346,0.4346,0.4346,0.4346,0.4346,0.4346,0.4346,0.4346,0.4346,0.4346,0.4346,0.4346,0.4346,0.4346,0.4346,0.4346,0.4346,0.4346,0.4346,0.4346,0.4346
70,0.5000,DynamicV1Rebalance,5.0000,5007.8909,250.3945,spend25p,250.5612,254.6776,258.4794,262.4005,266.1417,270.1910,274.2651,277.9212,281.2231,282.3971,279.5848,274.5708,265.2023,249.6353,225.2200,189.4707,0.0000,0.0000,0.0000,0.0000,0.0000,0.0000,0.0000,0.0000,0.0000,0.0000,0.0000,0.0000,0.0000,0.0000,-99.9029,-114.0464,-128.2068,-142.0019,-155.5476,-168.5509,-180.9455,-192.6749,-204.4386,-216.2571,-228.1405,-240.4344,-252.2686,-264.7923,-277.5384,-290.5685,-305.7537,-322.4285,-338.5044,-356.4169,-374.7240,-395.1472,-414.1672,-434.4169,-455.9173
70,0.5000,DynamicV1Rebalance,5.0000,5007.8909,250.3945,spend50p,252.3224,259.9609,267.9076,276.5176,285.9560,295.2294,304.8907,314.7092,323.5952,331.4414,337.3401,339.0592,338.3247,332.7700,322.2815,310.8114,293.2854,273.5512,252.9348,231.3151,192.2420,172.0276,153.3038,130.5696,98.7488,0.0000,0.0000,0.0000,0.0000,0.0000,0.0000,0.0000,0.0000,0.0000,0.0000,0.0000,0.0000,0.0000,0.0000,0.0000,0.0000,0.0000,0.0000,0.0000,0.0000,0.0000,0.0000,0.0000,0.0000,0.0000,0.0000,0.0000,0.0000,0.0000,0.0000
70,0.5000,DynamicV1Rebalance,5.0000,5007.8909,250.3945,spend75p,254.1147,265.3381,278.1755,291.7642,306.2240,322.7704,339.3428,355.4109,372.5014,388.0492,401.5938,411.3846,418.7221,422.2497,419.4945,414.4731,405.4892,388.3943,375.5212,363.5351,325.9743,317.1465,305.9752,297.2655,287.3171,275.8179,267.6864,258.1922,248.9060,237.3841,0.0000,0.0000,0.0000,0.0000,0.0000,0.0000,0.0000,0.0000,0.0000,0.0000,0.0000,0.0000,0.0000,0.0000,0.0000,0.0000,0.0000,0.0000,0.0000,0.0000,0.0000,0.0000,0.0000,0.0000,0.0000
70,0.5000,DynamicV1Rebalance,6.0000,4173.2424,250.3945,survival,1.0000,1.0000,1.0000,1.0000,1.0000,1.0000,0.9986,0.9936,0.9770,0.9504,0.9114,0.8606,0.8068,0.7406,0.6816,0.6240,0.5748,0.5408,0.5090,0.4670,0.4414,0.4154,0.3954,0.3770,0.3606,0.3454,0.3308,0.3192,0.3094,0.2968,0.2962,0.2962,0.2962,0.2962,0.2962,0.2962,0.2962,0.2962,0.2962,0.2962,0.2962,0.2962,0.2962,0.2962,0.2962,0.2962,0.2962,0.2962,0.2962,0.2962,0.2962,0.2962,0.2962,0.2962,0.2962
70,0.5000,DynamicV1Rebalance,6.0000,4173.2424,250.3945,spend25p,250.5612,254.6776,258.4794,262.4005,266.1417,270.1910,274.1544,277.2601,278.1899,275.4862,267.4081,251.3488,224.0400,0.0000,0.0000,0.0000,0.0000,0.0000,0.0000,0.0000,0.0000,0.0000,0.0000,0.0000,0.0000,0.0000,0.0000,0.0000,0.0000,0.0000,-81.3411,-99.8252,-116.1709,-130.1210,-141.3406,-151.3029,-160.4755,-169.1895,-177.3239,-185.8421,-193.5721,-201.3068,-208.5763,-216.4560,-226.4677,-235.4561,-245.4612,-256.2324,-266.8704,-277.7385,-289.8401,-301.4637,-314.0093,-326.1437,-340.7868
70,0.5000,DynamicV1Rebalance,6.0000,4173.2424,250.3945,spend50p,252.3224,259.9609,267.9076,276.5176,285.9560,295.2294,304.8024,314.2469,321.1422,327.3681,328.7348,324.8965,315.6276,299.3090,280.6306,255.6728,223.0972,191.2081,140.1677,0.0000,0.0000,0.0000,0.0000,0.0000,0.0000,0.0000,0.0000,0.0000,0.0000,0.0000,0.0000,0.0000,0.0000,0.0000,0.0000,0.0000,0.0000,0.0000,0.0000,0.0000,0.0000,0.0000,0.0000,0.0000,0.0000,0.0000,0.0000,0.0000,0.0000,0.0000,0.0000,0.0000,0.0000,0.0000,0.0000
70,0.5000,DynamicV1Rebalance,6.0000,4173.2424,250.3945,spend75p,254.1147,265.3381,278.1755,291.7642,306.2240,322.7704,339.2608,354.9283,370.1828,383.2210,394.5420,400.2077,400.5515,394.2189,386.0057,371.2856,356.3395,346.1681,330.0632,307.5975,270.1642,255.1451,241.4445,227.8817,212.3391,199.4368,187.4415,174.7781,160.2763,140.3070,0.0000,0.0000,0.0000,0.0000,0.0000,0.0000,0.0000,0.0000,0.0000,0.0000,0.0000,0.0000,0.0000,0.0000,0.0000,0.0000,0.0000,0.0000,0.0000,0.0000,0.0000,0.0000,0.0000,0.0000,0.0000
70,0.5000,DynamicV1Rebalance,7.0000,3577.0649,250.3945,survival,1.0000,1.0000,1.0000,1.0000,1.0000,0.9996,0.9948,0.9762,0.9414,0.8940,0.8276,0.7492,0.6706,0.6004,0.5382,0.4858,0.4404,0.3974,0.3658,0.3346,0.3084,0.2898,0.2684,0.2532,0.2416,0.2322,0.2204,0.2110,0.2038,0.1974,0.1962,0.1962,0.1962,0.1962,0.1962,0.1962,0.1962,0.1962,0.1962,0.1962,0.1962,0.1962,0.1962,0.1962,0.1962,0.1962,0.1962,0.1962,0.1962,0.1962,0.1962,0.1962,0.1962,0.1962,0.1962
70,0.5000,DynamicV1Rebalance,7.0000,3577.0649,250.3945,spend25p,250.5612,254.6776,258.4794,262.4005,266.1417,270.1171,273.5894,275.2113,271.8812,262.3252,240.6944,0.0000,0.0000,0.0000,0.0000,0.0000,0.0000,0.0000,0.0000,0.0000,0.0000,0.0000,0.0000,0.0000,0.0000,0.0000,0.0000,0.0000,0.0000,0.0000,0.0000,0.0000,0.0000,0.0000,0.0000,0.0000,0.0000,0.0000,0.0000,0.0000,0.0000,0.0000,0.0000,0.0000,0.0000,0.0000,0.0000,0.0000,0.0000,0.0000,0.0000,0.0000,0.0000,0.0000,0.0000
70,0.5000,DynamicV1Rebalance,7.0000,3577.0649,250.3945,spend50p,252.3224,259.9609,267.9076,276.5176,285.9560,295.1832,304.3709,312.2551,317.3091,318.5954,312.5878,297.9416,278.1797,250.3577,208.4147,0.0000,0.0000,0.0000,0.0000,0.0000,0.0000,0.0000,0.0000,0.0000,0.0000,0.0000,0.0000,0.0000,0.0000,0.0000,0.0000,0.0000,0.0000,0.0000,0.0000,0.0000,0.0000,0.0000,0.0000,0.0000,0.0000,0.0000,0.0000,0.0000,0.0000,0.0000,0.0000,0.0000,0.0000,0.0000,0.0000,0.0000,0.0000,0.0000,0.0000
70,0.5000,DynamicV1Rebalance,7.0000,3577.0649,250.3945,spend75p,254.1147,265.3381,278.1755,291.7642,306.2240,322.7373,338.9606,353.3888,365.8671,377.5190,381.3176,377.9528,369.8182,359.7581,343.8642,325.8322,306.4914,282.8320,263.4782,235.1868,189.6283,166.4854,132.5069,89.8080,0.0000,0.0000,0.0000,0.0000,0.0000,0.0000,0.0000,0.0000,0.0000,0.0000,0.0000,0.0000,0.0000,0.0000,0.0000,0.0000,0.0000,0.0000,0.0000,0.0000,0.0000,0.0000,0.0000,0.0000,0.0000,0.0000,0.0000,0.0000,0.0000,0.0000,0.0000
70,0.7500,DynamicV1Rebalance,2.5000,14593.6728,364.8418,survival,1.0000,1.0000,1.0000,1.0000,1.0000,1.0000,1.0000,1.0000,1.0000,1.0000,0.9998,0.9992,0.9984,0.9970,0.9950,0.9926,0.9892,0.9848,0.9798,0.9740,0.9684,0.9616,0.9550,0.9476,0.9394,0.9316,0.9238,0.9136,0.9056,0.8970,0.8936,0.8928,0.8916,0.8904,0.8896,0.8892,0.8890,0.8886,0.8874,0.8872,0.8868,0.8866,0.8866,0.8862,0.8860,0.8856,0.8854,0.8852,0.8850,0.8850,0.8848,0.8848,0.8848,0.8848,0.8848
70,0.7500,DynamicV1Rebalance,2.5000,14593.6728,364.8418,spend25p,365.0846,371.3059,377.0658,382.9968,388.6625,394.7754,400.9517,406.9772,412.4824,417.1699,420.8202,423.6646,424.9313,427.1399,426.6307,422.7513,418.4447,410.7810,402.4713,392.5393,363.2226,354.1525,344.9070,334.3846,323.2848,313.2138,301.9342,289.3482,275.8729,262.2473,-2.2909,-17.8302,-33.1798,-47.5764,-61.0736,-73.6753,-85.0669,-95.4704,-106.0461,-115.7486,-125.4963,-134.8329,-144.2517,-154.3016,-165.7617,-178.0166,-192.0148,-206.9946,-223.5676,-241.7071,-262.2258,-284.8145,-309.9734,-337.6393,-368.7325
70,0.7500,DynamicV1Rebalance,2.5000,14593.6728,364.8418,spend50p,367.6509,379.0087,390.8196,403.6021,417.5986,431.3589,445.6951,460.5240,475.3150,489.6406,502.6910,514.5139,524.9120,533.9605,539.3217,542.3207,541.5166,535.3781,530.9628,525.7791,490.2727,484.8271,479.8538,471.4929,465.8340,460.8160,453.1892,441.9692,432.2735,421.3567,35.2329,17.3971,0.0000,0.0000,-8.8790,-23.9835,-37.3940,-50.4426,-62.6868,-74.2622,-85.8871,-97.6142,-108.8537,-120.6869,-133.7815,-146.8102,-160.0467,-174.6463,-190.1527,-206.4260,-224.1742,-243.4633,-263.4662,-285.8208,-310.0852
70,0.7500,DynamicV1Rebalance,2.5000,14593.6728,364.8418,spend75p,370.2624,386.8483,405.7981,425.8558,447.1971,471.5991,496.0698,520.2234,546.3374,572.0432,596.1108,619.8207,642.1219,661.1268,678.8359,690.1072,698.8373,707.8794,710.1320,712.4153,673.7543,670.8955,667.5205,662.9502,660.6285,660.0785,655.4776,648.3958,640.1037,629.0015,118.1530,96.7162,74.8772,53.2915,34.8066,17.5783,2.5788,0.0000,0.0000,0.0000,0.0000,-12.9548,-25.5569,-39.3893,-54.1463,-72.6111,-91.7278,-112.2322,-134.7969,-157.1998,-178.7150,-200.7115,-220.3586,-240.2262,-259.6668
70,0.7500,DynamicV1Rebalance,2.8000,13030.0650,364.8418,survival,1.0000,1.0000,1.0000,1.0000,1.0000,1.0000,1.0000,1.0000,1.0000,0.9998,0.9990,0.9980,0.9960,0.9936,0.9890,0.9836,0.9760,0.9682,0.9586,0.9486,0.9372,0.9276,0.9168,0.9062,0.8962,0.8862,0.8738,0.8658,0.8546,0.8442,0.8416,0.8406,0.8392,0.8372,0.8362,0.8352,0.8350,0.8350,0.8348,0.8344,0.8338,0.8336,0.8332,0.8332,0.8328,0.8324,0.8324,0.8322,0.8322,0.8322,0.8322,0.8322,0.8322,0.8322,0.8322
70,0.7500,DynamicV1Rebalance,2.8000,13030.0650,364.8418,spend25p,365.0846,371.3059,377.0658,382.9968,388.6625,394.7754,400.9517,406.9772,412.4824,417.1384,420.4635,423.0709,423.3964,425.5787,424.3810,419.1554,412.3027,403.3965,392.2619,380.9074,345.4703,333.9422,319.3817,306.2085,295.0013,282.0367,266.7645,255.2361,238.9352,224.3706,-0.7994,-16.5086,-32.2133,-46.6075,-59.8429,-72.8340,-84.0790,-94.5799,-105.0524,-115.0329,-124.6510,-134.1101,-143.3605,-153.6085,-164.4291,-176.9731,-190.6460,-205.6005,-222.5077,-240.0682,-259.9205,-282.7400,-307.4115,-333.8500,-363.6336
70,0.7500,DynamicV1Rebalance,2.8000,13030.0650,364.8418,spend50p,367.6509,379.0087,390.8196,403.6021,417.5986,431.3589,445.6951,460.5240,475.3150,489.6275,502.4075,513.5995,524.0489,532.5868,537.1482,538.6468,534.8220,527.8293,520.6333,512.5432,477.5353,469.9015,459.9797,452.3119,443.9254,436.2944,426.1111,417.4953,405.3647,394.5588,23.1989,5.6635,0.0000,0.0000,-4.4481,-19.5803,-33.4606,-46.7947,-58.6876,-70.9241,-82.3291,-94.4265,-105.6296,-117.4800,-130.0337,-143.8543,-157.1420,-172.0510,-187.2090,-203.4560,-220.6303,-239.1252,-259.2793,-280.5450,-303.4259
70,0.7500,DynamicV1Rebalance,2.8000,13030.0650,364.8418,spend75p,370.2624,386.8483,405.7981,425.8558,447.1971,471.5991,496.0698,520.2234,546.3374,572.0302,595.7892,619.2441,641.2579,659.5346,675.8229,687.4175,693.0821,697.5983,697.3930,697.3245,657.5992,650.1667,644.0687,640.0592,637.0854,632.1531,625.2594,616.3741,605.1187,593.3625,105.9794,84.8327,62.9708,43.0086,24.3766,5.9100,0.0000,0.0000,0.0000,0.0000,0.0000,0.0000,0.0000,-9.6064,-25.4376,-43.4372,-64.0449,-85.1509,-109.0829,-133.5710,-160.6300,-185.8936,-206.4176,-226.2183,-246.2119
70,0.7500,DynamicV1Rebalance,3.0000,12161.3940,364.8418,survival,1.0000,1.0000,1.0000,1.0000,1.0000,1.0000,1.0000,1.0000,1.0000,0.9996,0.9980,0.9968,0.9936,0.9894,0.9828,0.9728,0.9634,0.9520,0.9402,0.9280,0.9130,0.9020,0.8888,0.8760,0.8652,0.8522,0.8400,0.8254,0.8132,0.8058,0.8026,0.8014,0.8006,0.7996,0.7976,0.7972,0.7962,0.7958,0.7954,0.7946,0.7946,0.7944,0.7944,0.7944,0.7938,0.7936,0.7936,0.7936,0.7934,0.7932,0.7932,0.7932,0.7932,0.7932,0.7932
70,0.7500,DynamicV1Rebalance,3.0000,12161.3940,364.8418,spend25p,365.0846,371.3059,377.0658,382.9968,388.6625,394.7754,400.9517,406.9772,412.4824,417.0741,420.1998,422.4701,422.7912,422.4843,421.3007,415.0315,406.9603,393.7964,380.6995,366.9116,331.8587,317.3671,301.0386,287.5783,273.9141,257.2070,239.5375,221.6966,204.3435,191.0504,0.0000,-15.3642,-30.5338,-45.5617,-58.7131,-71.7773,-83.1337,-94.0084,-104.1658,-114.1251,-123.9691,-133.2435,-142.7472,-152.7133,-163.3793,-175.7783,-189.4154,-204.2775,-220.7404,-238.7162,-258.0775,-280.5801,-304.3448,-330.6925,-359.5065
70,0.7500,DynamicV1Rebalance,3.0000,12161.3940,364.8418,spend50p,367.6509,379.0087,390.8196,403.6021,417.5986,431.3589,445.6951,460.5240,475.3150,489.5388,502.0971,513.5127,523.1618,530.7941,535.3292,534.7836,530.0285,520.7184,513.3795,503.2702,466.7008,458.1239,446.5094,438.3762,429.8062,419.6102,409.6560,398.1448,385.2008,375.3290,14.3482,0.0000,0.0000,0.0000,-0.7028,-16.0200,-29.6576,-42.9576,-54.5502,-66.9227,-78.3576,-90.3468,-102.4848,-114.4313,-127.0110,-141.0714,-154.7901,-169.5728,-185.1817,-200.9071,-218.0526,-235.9971,-256.8295,-276.8928,-299.1352
70,0.7500,DynamicV1Rebalance,3.0000,12161.3940,364.8418,spend75p,370.2624,386.8483,405.7981,425.8558,447.1971,471.5991,496.0698,520.2234,546.3374,572.0056,595.4895,619.1188,640.5525,658.0576,673.0664,682.5531,688.8616,687.6540,686.2532,684.3325,638.6642,633.6384,629.3207,622.6423,618.5813,611.2592,606.3377,592.2408,579.4350,572.1869,95.9994,76.7065,54.7692,34.6118,15.9665,0.0000,0.0000,0.0000,0.0000,0.0000,0.0000,0.0000,0.0000,0.0000,0.0000,0.0000,-13.7930,-36.4307,-61.9308,-91.5523,-123.8318,-157.4006,-187.1188,-209.8153,-228.9586
70,0.7500,DynamicV1Rebalance,3.3300,10956.2108,364.8418,survival,1.0000,1.0000,1.0000,1.0000,1.0000,1.0000,1.0000,1.0000,0.9998,0.9984,0.9970,0.9930,0.9874,0.9794,0.9654,0.9530,0.9384,0.9224,0.9052,0.8870,0.8700,0.8530,0.8350,0.8210,0.8060,0.7878,0.7720,0.7586,0.7456,0.7334,0.7294,0.7278,0.7264,0.7256,0.7252,0.7246,0.7240,0.7238,0.7236,0.7232,0.7232,0.7226,0.7224,0.7224,0.7218,0.7218,0.7218,0.7218,0.7218,0.7218,0.7218,0.7218,0.7218,0.7218,0.7218
70,0.7500,DynamicV1Rebalance,3.3300,10956.2108,364.8418,spend25p,365.0846,371.3059,377.0658,382.9968,388.6625,394.7754,400.9517,406.9772,412.3857,416.7561,419.9649,421.5508,420.9594,418.7604,412.8491,405.5045,393.4830,377.2879,360.3434,339.8962,300.7662,278.3844,259.2048,240.8184,220.5767,194.2341,164.0184,130.3257,0.0000,0.0000,0.0000,-11.0911,-27.0078,-41.9400,-55.7567,-68.6730,-80.4944,-91.8024,-101.8963,-111.6362,-121.5023,-131.2206,-140.2661,-150.2640,-160.8119,-172.5989,-186.0566,-201.0132,-217.0273,-234.7555,-253.8119,-275.0012,-297.7210,-323.1275,-350.4397
70,0.7500,DynamicV1Rebalance,3.3300,10956.2108,364.8418,spend50p,367.6509,379.0087,390.8196,403.6021,417.5986,431.3589,445.6951,460.5240,475.1754,489.2561,501.8335,512.2455,521.5845,526.5618,528.5113,525.5106,519.1951,509.8884,498.0067,486.0301,448.6623,434.1265,422.8960,411.9800,400.4567,389.6106,378.7726,365.5920,351.7915,333.4695,0.0000,0.0000,0.0000,0.0000,0.0000,-3.7273,-18.2405,-31.8940,-44.3258,-56.4565,-68.0067,-80.0437,-93.0582,-104.6878,-118.0155,-132.0866,-146.8622,-163.3579,-178.9380,-194.7785,-211.3808,-228.4394,-247.6939,-267.7599,-288.7031
70,0.7500,DynamicV1Rebalance,3.3300,10956.2108,364.8418,spend75p,370.2624,386.8483,405.7981,425.8558,447.1971,471.5991,496.0698,520.2234,546.2652,571.3318,595.3258,617.5282,637.0565,655.5435,666.6036,671.8727,675.4348,673.8388,670.9395,661.6025,615.7224,609.2564,598.7179,595.3415,589.9290,580.1798,566.6825,555.8291,544.5335,534.1294,80.8085,59.3213,38.9048,20.0640,2.9626,0.0000,0.0000,0.0000,0.0000,0.0000,0.0000,0.0000,0.0000,0.0000,0.0000,0.0000,0.0000,0.0000,0.0000,0.0000,0.0000,0.0000,0.0000,0.0000,0.0000
70,0.7500,DynamicV1Rebalance,3.6600,9968.3557,364.8418,survival,1.0000,1.0000,1.0000,1.0000,1.0000,1.0000,1.0000,1.0000,0.9994,0.9974,0.9944,0.9876,0.9794,0.9618,0.9470,0.9284,0.9090,0.8852,0.8612,0.8390,0.8180,0.7956,0.7766,0.7560,0.7372,0.7202,0.7050,0.6902,0.6760,0.6660,0.6638,0.6622,0.6594,0.6592,0.6588,0.6580,0.6576,0.6568,0.6560,0.6560,0.6558,0.6556,0.6556,0.6554,0.6552,0.6550,0.6550,0.6550,0.6550,0.6550,0.6550,0.6550,0.6550,0.6550,0.6550
70,0.7500,DynamicV1Rebalance,3.6600,9968.3557,364.8418,spend25p,365.0846,371.3059,377.0658,382.9968,388.6625,394.7754,400.9517,406.9772,412.3682,416.5105,419.5096,418.8741,417.9851,412.7186,405.3291,391.1299,375.9043,352.3185,328.4523,298.7586,256.4814,228.1997,196.2596,141.2373,0.0000,0.0000,0.0000,0.0000,0.0000,0.0000,0.0000,-6.9314,-23.1029,-38.5259,-52.5183,-65.3096,-77.1719,-88.3345,-98.9957,-109.3815,-118.9406,-128.5680,-138.1045,-147.4251,-157.8059,-169.9592,-182.6159,-196.9564,-212.8918,-230.0259,-249.5467,-269.3267,-292.2976,-317.2788,-343.0727
70,0.7500,DynamicV1Rebalance,3.6600,9968.3557,364.8418,spend50p,367.6509,379.0087,390.8196,403.6021,417.5986,431.3589,445.6951,460.5240,475.0136,488.9810,501.3758,510.8581,518.7210,520.4826,520.1785,516.0728,507.4011,495.2581,480.5003,466.2866,423.1119,409.5153,397.1574,380.4341,368.1613,353.8358,338.2868,323.0409,304.6557,291.8482,0.0000,0.0000,0.0000,0.0000,0.0000,0.0000,-0.2733,-14.2242,-27.8299,-39.7479,-51.7512,-63.3192,-74.5483,-87.8742,-102.8207,-119.2400,-136.0271,-153.8409,-169.9144,-185.5743,-201.8372,-219.7220,-238.1188,-256.9507,-277.2756
70,0.7500,DynamicV1Rebalance,3.6600,9968.3557,364.8418,spend75p,370.2624,386.8483,405.7981,425.8558,447.1971,471.5991,496.0698,520.2234,546.0673,571.0224,594.6586,616.7591,634.2211,649.2211,659.8364,662.6646,663.1092,657.8026,648.5241,637.6236,592.0246,583.3093,575.0112,563.2755,553.5862,541.3355,533.7535,519.7113,507.9210,494.3245,65.2263,45.7470,26.0304,8.1235,0.0000,0.0000,0.0000,0.0000,0.0000,0.0000,0.0000,0.0000,0.0000,0.0000,0.0000,0.0000,0.0000,0.0000,0.0000,0.0000,0.0000,0.0000,0.0000,0.0000,0.0000
70,0.7500,DynamicV1Rebalance,4.0000,9121.0455,364.8418,survival,1.0000,1.0000,1.0000,1.0000,1.0000,1.0000,1.0000,0.9998,0.9984,0.9964,0.9896,0.9802,0.9630,0.9436,0.9234,0.8984,0.8726,0.8410,0.8118,0.7852,0.7596,0.7372,0.7120,0.6880,0.6696,0.6518,0.6370,0.6226,0.6100,0.5972,0.5932,0.5924,0.5918,0.5912,0.5904,0.5900,0.5894,0.5880,0.5874,0.5872,0.5868,0.5868,0.5868,0.5868,0.5866,0.5860,0.5860,0.5860,0.5860,0.5860,0.5860,0.5860,0.5860,0.5860,0.5860
70,0.7500,DynamicV1Rebalance,4.0000,9121.0455,364.8418,spend25p,365.0846,371.3059,377.0658,382.9968,388.6625,394.7754,400.9517,406.8941,412.1032,416.2631,417.6608,416.8374,412.1293,404.8697,395.2322,375.9884,352.3932,321.5729,286.1477,245.9979,174.4694,0.0000,0.0000,0.0000,0.0000,0.0000,0.0000,0.0000,0.0000,0.0000,0.0000,-1.1554,-16.9590,-32.6370,-46.9397,-59.8942,-72.6265,-84.1304,-94.7999,-105.2561,-115.3379,-124.9583,-134.6481,-144.3274,-154.8258,-166.1082,-178.8010,-192.5016,-207.8383,-224.9492,-243.3591,-262.8840,-284.8622,-308.9156,-334.1349
70,0.7500,DynamicV1Rebalance,4.0000,9121.0455,364.8418,spend50p,367.6509,379.0087,390.8196,403.6021,417.5986,431.3589,445.6951,460.4631,474.8247,488.6921,499.6493,508.6555,513.9060,514.7558,512.1519,504.7609,491.6182,476.5382,458.5789,439.6468,397.4856,381.8068,363.7441,344.0096,325.9725,310.0924,292.7896,276.2151,261.1060,243.2743,0.0000,0.0000,0.0000,0.0000,0.0000,0.0000,0.0000,0.0000,0.0000,-8.7225,-21.2770,-32.5766,-45.0515,-57.4341,-71.2818,-88.5585,-106.8461,-128.0786,-149.0761,-167.9573,-186.0287,-204.5674,-222.6429,-240.0632,-258.2034
70,0.7500,DynamicV1Rebalance,4.0000,9121.0455,364.8418,spend75p,370.2624,386.8483,405.7981,425.8558,447.1971,471.5991,496.0698,520.1613,545.8691,570.7444,593.4026,614.8194,631.2403,641.6838,652.4111,651.9261,646.8963,637.7246,623.5808,611.1239,567.8126,557.5497,544.4309,531.2594,519.8086,507.7237,494.5652,483.6333,472.1649,458.6558,49.3596,30.6168,13.0726,0.0000,0.0000,0.0000,0.0000,0.0000,0.0000,0.0000,0.0000,0.0000,0.0000,0.0000,0.0000,0.0000,0.0000,0.0000,0.0000,0.0000,0.0000,0.0000,0.0000,0.0000,0.0000
70,0.7500,DynamicV1Rebalance,5.0000,7296.8364,364.8418,survival,1.0000,1.0000,1.0000,1.0000,1.0000,1.0000,0.9998,0.9978,0.9934,0.9826,0.9630,0.9354,0.9022,0.8624,0.8196,0.7766,0.7270,0.6822,0.6452,0.6120,0.5884,0.5650,0.5426,0.5224,0.5020,0.4816,0.4664,0.4534,0.4410,0.4294,0.4268,0.4246,0.4238,0.4234,0.4228,0.4224,0.4222,0.4222,0.4222,0.4222,0.4220,0.4220,0.4220,0.4214,0.4208,0.4208,0.4208,0.4206,0.4206,0.4206,0.4206,0.4206,0.4206,0.4206,0.4206
70,0.7500,DynamicV1Rebalance,5.0000,7296.8364,364.8418,spend25p,365.0846,371.3059,377.0658,382.9968,388.6625,394.7754,400.9204,406.3465,411.4072,413.2716,409.2837,401.3618,387.7238,364.3461,328.0786,272.2371,0.0000,0.0000,0.0000,0.0000,0.0000,0.0000,0.0000,0.0000,0.0000,0.0000,0.0000,0.0000,0.0000,0.0000,0.0000,0.0000,0.0000,-9.1670,-24.4302,-39.1710,-52.7658,-65.2909,-76.5615,-86.5425,-97.6708,-107.6096,-119.2804,-129.9893,-140.9130,-152.7686,-164.8718,-178.2728,-193.1000,-208.3285,-225.0846,-243.4904,-262.4828,-283.3748,-304.6428
70,0.7500,DynamicV1Rebalance,5.0000,7296.8364,364.8418,spend50p,367.6509,379.0087,390.8196,403.6021,417.5986,431.3589,445.6889,460.2186,473.3691,485.0015,493.8316,496.1056,494.7905,486.5412,470.9677,454.0492,426.8164,397.5556,368.0173,335.7533,286.2257,255.3166,224.5720,187.6649,113.7708,0.0000,0.0000,0.0000,0.0000,0.0000,0.0000,0.0000,0.0000,0.0000,0.0000,0.0000,0.0000,0.0000,0.0000,0.0000,0.0000,0.0000,0.0000,0.0000,0.0000,0.0000,0.0000,0.0000,0.0000,0.0000,0.0000,0.0000,0.0000,0.0000,0.0000
70,0.7500,DynamicV1Rebalance,5.0000,7296.8364,364.8418,spend75p,370.2624,386.8483,405.7981,425.8558,447.1971,471.5991,496.0510,519.7580,544.9776,567.8703,587.8926,602.3125,612.9639,617.2890,613.7707,605.6701,590.9506,566.0984,547.1727,530.2952,488.1335,473.8984,456.1404,441.1411,425.4337,409.4806,398.4936,383.0528,366.8990,350.3768,5.9927,0.0000,0.0000,0.0000,0.0000,0.0000,0.0000,0.0000,0.0000,0.0000,0.0000,0.0000,0.0000,0.0000,0.0000,0.0000,0.0000,0.0000,0.0000,0.0000,0.0000,0.0000,0.0000,0.0000,0.0000
70,0.7500,DynamicV1Rebalance,6.0000,6080.6970,364.8418,survival,1.0000,1.0000,1.0000,1.0000,1.0000,1.0000,0.9986,0.9936,0.9762,0.9494,0.9102,0.8588,0.8040,0.7386,0.6788,0.6202,0.5718,0.5392,0.5062,0.4652,0.4382,0.4124,0.3906,0.3716,0.3558,0.3390,0.3246,0.3128,0.3024,0.2920,0.2886,0.2880,0.2870,0.2866,0.2854,0.2854,0.2848,0.2844,0.2842,0.2842,0.2842,0.2842,0.2840,0.2838,0.2836,0.2836,0.2836,0.2836,0.2836,0.2836,0.2836,0.2836,0.2836,0.2836,0.2836
70,0.7500,DynamicV1Rebalance,6.0000,6080.6970,364.8418,spend25p,365.0846,371.3059,377.0658,382.9968,388.6625,394.7754,400.7586,405.4778,406.7317,402.8939,390.9085,366.5588,326.9141,0.0000,0.0000,0.0000,0.0000,0.0000,0.0000,0.0000,0.0000,0.0000,0.0000,0.0000,0.0000,0.0000,0.0000,0.0000,0.0000,0.0000,0.0000,0.0000,0.0000,0.0000,0.0000,0.0000,0.0000,0.0000,-2.7728,-16.8379,-28.9166,-40.4899,-53.5708,-67.0931,-80.2603,-95.9657,-111.9878,-133.1298,-151.1105,-168.7343,-185.7281,-201.8061,-218.8893,-235.1232,-251.5117
70,0.7500,DynamicV1Rebalance,6.0000,6080.6970,364.8418,spend50p,367.6509,379.0087,390.8196,403.6021,417.5986,431.3589,445.5599,459.5691,469.7441,479.0822,481.1503,475.5626,461.4497,437.5730,409.8088,371.6548,323.7172,277.9575,192.1856,0.0000,0.0000,0.0000,0.0000,0.0000,0.0000,0.0000,0.0000,0.0000,0.0000,0.0000,0.0000,0.0000,0.0000,0.0000,0.0000,0.0000,0.0000,0.0000,0.0000,0.0000,0.0000,0.0000,0.0000,0.0000,0.0000,0.0000,0.0000,0.0000,0.0000,0.0000,0.0000,0.0000,0.0000,0.0000,0.0000
70,0.7500,DynamicV1Rebalance,6.0000,6080.6970,364.8418,spend75p,370.2624,386.8483,405.7981,425.8558,447.1971,471.5991,495.9311,519.0634,541.5494,560.7440,577.5355,585.7066,585.5047,576.1518,563.6821,542.0214,520.4655,505.4459,480.5770,449.1833,402.6687,379.4372,358.4019,334.6722,315.1327,290.6986,274.6562,251.4756,227.1225,203.0966,0.0000,0.0000,0.0000,0.0000,0.0000,0.0000,0.0000,0.0000,0.0000,0.0000,0.0000,0.0000,0.0000,0.0000,0.0000,0.0000,0.0000,0.0000,0.0000,0.0000,0.0000,0.0000,0.0000,0.0000,0.0000
70,0.7500,DynamicV1Rebalance,7.0000,5212.0260,364.8418,survival,1.0000,1.0000,1.0000,1.0000,1.0000,0.9994,0.9948,0.9758,0.9402,0.8924,0.8256,0.7462,0.6674,0.5978,0.5352,0.4830,0.4384,0.3950,0.3628,0.3322,0.3062,0.2846,0.2650,0.2490,0.2376,0.2280,0.2166,0.2068,0.2004,0.1934,0.1900,0.1892,0.1890,0.1886,0.1882,0.1878,0.1878,0.1876,0.1876,0.1874,0.1874,0.1874,0.1874,0.1874,0.1874,0.1872,0.1872,0.1872,0.1872,0.1872,0.1872,0.1872,0.1872,0.1872,0.1872
70,0.7500,DynamicV1Rebalance,7.0000,5212.0260,364.8418,spend25p,365.0846,371.3059,377.0658,382.9968,388.6625,394.5894,399.9327,402.4615,397.5163,383.4583,351.2240,0.0000,0.0000,0.0000,0.0000,0.0000,0.0000,0.0000,0.0000,0.0000,0.0000,0.0000,0.0000,0.0000,0.0000,0.0000,0.0000,0.0000,0.0000,0.0000,0.0000,0.0000,0.0000,0.0000,0.0000,0.0000,0.0000,0.0000,0.0000,0.0000,0.0000,0.0000,0.0000,0.0000,0.0000,0.0000,0.0000,0.0000,0.0000,0.0000,0.0000,0.0000,0.0000,0.0000,0.0000
70,0.7500,DynamicV1Rebalance,7.0000,5212.0260,364.8418,spend50p,367.6509,379.0087,390.8196,403.6021,417.5986,431.2630,444.9290,456.6562,463.8668,465.9327,456.9114,434.5236,405.5468,365.2412,299.1142,0.0000,0.0000,0.0000,0.0000,0.0000,0.0000,0.0000,0.0000,0.0000,0.0000,0.0000,0.0000,0.0000,0.0000,0.0000,0.0000,0.0000,0.0000,0.0000,0.0000,0.0000,0.0000,0.0000,0.0000,0.0000,0.0000,0.0000,0.0000,0.0000,0.0000,0.0000,0.0000,0.0000,0.0000,0.0000,0.0000,0.0000,0.0000,0.0000,0.0000
70,0.7500,DynamicV1Rebalance,7.0000,5212.0260,364.8418,spend75p,370.2624,386.8483,405.7981,425.8558,447.1971,471.5218,495.4923,516.8121,534.9634,552.2017,557.5074,552.3491,540.5674,526.0928,502.7176,475.0363,447.0447,412.3782,382.4029,340.9247,282.2961,241.4738,186.7563,0.0000,0.0000,0.0000,0.0000,0.0000,0.0000,0.0000,0.0000,0.0000,0.0000,0.0000,0.0000,0.0000,0.0000,0.0000,0.0000,0.0000,0.0000,0.0000,0.0000,0.0000,0.0000,0.0000,0.0000,0.0000,0.0000,0.0000,0.0000,0.0000,0.0000,0.0000,0.0000
70,1.0000,DynamicV1Rebalance,2.5000,19171.5637,479.2891,survival,1.0000,1.0000,1.0000,1.0000,1.0000,1.0000,1.0000,1.0000,1.0000,1.0000,0.9998,0.9992,0.9984,0.9970,0.9948,0.9926,0.9892,0.9848,0.9790,0.9740,0.9682,0.9608,0.9542,0.9470,0.9386,0.9304,0.9218,0.9116,0.9032,0.8940,0.8906,0.8882,0.8862,0.8856,0.8826,0.8800,0.8782,0.8774,0.8760,0.8748,0.8728,0.8712,0.8706,0.8702,0.8694,0.8680,0.8674,0.8664,0.8656,0.8654,0.8652,0.8650,0.8650,0.8650,0.8650
70,1.0000,DynamicV1Rebalance,2.5000,19171.5637,479.2891,spend25p,479.6080,487.9343,495.6523,503.5932,511.1832,519.3599,527.6169,535.6692,543.0260,549.2924,554.1749,557.9748,559.6715,562.5799,561.7367,556.6968,550.9246,540.7096,529.0618,516.4116,484.2478,471.8624,459.3229,445.5008,430.9112,417.0833,401.6562,384.2103,365.6949,347.7725,54.1983,37.8872,21.3997,7.4730,0.0000,0.0000,0.0000,0.0000,-7.5446,-16.4200,-25.9472,-34.7069,-44.4988,-54.1974,-65.2239,-76.2932,-88.7181,-102.2154,-116.0381,-131.4634,-145.7351,-160.4017,-176.0467,-193.7645,-212.0117
70,1.0000,DynamicV1Rebalance,2.5000,19171.5637,479.2891,spend50p,482.9793,498.0566,513.7315,530.6865,549.2411,567.4884,586.4953,606.1482,625.7441,644.7153,661.9900,677.6251,691.3548,703.2717,710.1591,714.1509,712.9611,704.7163,698.1068,691.6975,653.4939,646.0361,638.6445,628.3198,619.7668,613.3336,602.4537,587.7353,575.2285,559.1335,170.6403,150.9976,130.3665,112.4861,94.0357,76.9669,63.5596,52.5447,42.1705,31.2264,21.1591,11.0591,0.6205,0.0000,0.0000,0.0000,0.0000,-2.5548,-19.1902,-37.7806,-58.4768,-80.3367,-102.9478,-127.5329,-152.2768
70,1.0000,DynamicV1Rebalance,2.5000,19171.5637,479.2891,spend75p,486.4100,508.3586,533.4208,559.9475,588.1702,620.4277,652.7839,684.7254,719.2439,753.2158,785.0138,816.3163,845.7303,870.7607,893.5786,908.7624,920.0896,931.7792,933.6087,937.2300,898.3390,893.5006,889.2732,883.2483,879.6539,879.3915,873.1889,861.4123,849.7766,834.9725,320.4655,297.9779,275.7258,255.6115,235.4714,215.7981,202.1890,191.5895,181.8121,171.0261,160.2020,150.3297,142.5649,132.4057,120.0555,107.7134,90.4316,72.6855,53.5681,32.6790,10.8912,0.0000,0.0000,0.0000,0.0000
70,1.0000,DynamicV1Rebalance,2.8000,17117.4676,479.2891,survival,1.0000,1.0000,1.0000,1.0000,1.0000,1.0000,1.0000,1.0000,1.0000,0.9998,0.9990,0.9980,0.9960,0.9932,0.9890,0.9834,0.9758,0.9676,0.9584,0.9480,0.9372,0.9268,0.9152,0.9052,0.8952,0.8846,0.8732,0.8638,0.8520,0.8414,0.8388,0.8336,0.8312,0.8280,0.8260,0.8238,0.8222,0.8202,0.8188,0.8172,0.8150,0.8140,0.8134,0.8122,0.8110,0.8104,0.8100,0.8098,0.8088,0.8084,0.8084,0.8082,0.8080,0.8076,0.8074
70,1.0000,DynamicV1Rebalance,2.8000,17117.4676,479.2891,spend25p,479.6080,487.9343,495.6523,503.5932,511.1832,519.3599,527.6169,535.6692,543.0260,549.2508,553.7052,557.1929,557.6499,559.7684,558.9127,551.8880,542.8380,530.7601,516.1456,500.7123,460.6270,443.8585,424.1047,407.2950,392.2256,374.2691,354.2723,337.5176,315.4160,295.0298,26.3087,9.7595,0.0000,0.0000,0.0000,0.0000,0.0000,0.0000,-5.2721,-14.5520,-23.9503,-33.0913,-41.7640,-51.4429,-63.2571,-74.2271,-86.4527,-99.7861,-114.3138,-128.4863,-143.5407,-158.4226,-174.3530,-191.4762,-209.9549
70,1.0000,DynamicV1Rebalance,2.8000,17117.4676,479.2891,spend50p,482.9793,498.0566,513.7315,530.6865,549.2411,567.4884,586.4953,606.1482,625.7441,644.6981,661.6167,676.4207,690.2180,701.4376,707.4280,709.2467,704.1470,694.2390,684.8182,673.8782,636.7137,626.2038,612.5374,602.4386,590.9379,580.0799,567.7148,555.2845,539.0806,524.5789,151.2682,128.2913,108.0166,88.3788,71.7534,58.0132,44.4101,32.6387,21.5913,10.5306,0.0724,0.0000,0.0000,0.0000,0.0000,0.0000,0.0000,0.0000,-8.5330,-27.6318,-47.9952,-69.7356,-92.9847,-116.7733,-142.5428
70,1.0000,DynamicV1Rebalance,2.8000,17117.4676,479.2891,spend75p,486.4100,508.3586,533.4208,559.9475,588.1702,620.4277,652.7839,684.7254,719.2439,753.1987,784.5904,815.5568,844.5925,868.6280,890.0634,905.1812,912.5123,917.5624,917.7315,916.3788,876.7989,864.8083,856.7216,852.3752,848.4050,841.4802,833.4497,820.2754,804.9045,784.8280,300.2721,275.6027,251.2257,228.1994,209.0795,192.8360,176.3110,164.6753,154.9265,146.0732,135.7544,126.4816,116.8203,105.3056,94.5030,80.2200,66.2351,50.6260,32.5526,12.2013,0.0000,0.0000,0.0000,0.0000,0.0000
70,1.0000,DynamicV1Rebalance,3.0000,15976.3031,479.2891,survival,1.0000,1.0000,1.0000,1.0000,1.0000,1.0000,1.0000,1.0000,1.0000,0.9996,0.9980,0.9968,0.9936,0.9892,0.9826,0.9728,0.9632,0.9518,0.9394,0.9278,0.9126,0.9002,0.8872,0.8732,0.8638,0.8508,0.8378,0.8232,0.8120,0.8022,0.7974,0.7940,0.7890,0.7852,0.7818,0.7806,0.7782,0.7766,0.7740,0.7724,0.7708,0.7688,0.7674,0.7668,0.7664,0.7656,0.7654,0.7644,0.7642,0.7640,0.7638,0.7630,0.7626,0.7626,0.7626
70,1.0000,DynamicV1Rebalance,3.0000,15976.3031,479.2891,spend25p,479.6080,487.9343,495.6523,503.5932,511.1832,519.3599,527.6169,535.6692,543.0260,549.1662,553.3580,556.4016,556.8528,556.3764,554.8113,546.5311,535.7872,518.0332,500.4963,482.3161,442.4047,421.4673,399.8914,380.2818,363.9383,340.4618,316.1638,293.7281,271.3276,249.4175,1.6346,0.0000,0.0000,0.0000,0.0000,0.0000,0.0000,0.0000,-2.4921,-11.9813,-21.4551,-30.3116,-39.4607,-48.9978,-59.7581,-71.5131,-83.8981,-97.3780,-111.7860,-126.1746,-141.4421,-156.6346,-172.4852,-189.6076,-208.2870
70,1.0000,DynamicV1Rebalance,3.0000,15976.3031,479.2891,spend50p,482.9793,498.0566,513.7315,530.6865,549.2411,567.4884,586.4953,606.1482,625.7441,644.5813,661.2079,676.3064,689.0496,698.9866,704.9277,704.2257,697.7954,685.1994,675.1939,661.9858,622.2677,609.7724,595.0148,583.2803,571.9801,558.5513,544.9288,529.0527,513.0230,497.1032,134.5651,113.0938,92.4157,73.3402,57.5879,43.8874,30.7315,17.7185,6.0666,0.0000,0.0000,0.0000,0.0000,0.0000,0.0000,0.0000,0.0000,0.0000,0.0000,-14.3516,-35.2681,-59.3133,-82.1040,-107.0285,-131.1016
70,1.0000,DynamicV1Rebalance,3.0000,15976.3031,479.2891,spend75p,486.4100,508.3586,533.4208,559.9475,588.1702,620.4277,652.7839,684.7254,719.2439,753.1662,784.1956,815.3918,843.6634,866.4979,886.3340,898.8148,906.8961,904.9387,901.9107,899.8236,851.5523,842.0986,838.5332,827.0353,823.7899,814.0272,806.7998,788.2791,771.1384,758.9965,283.6995,261.1120,234.8661,210.6741,190.6497,173.2177,159.3114,146.6976,136.5412,128.1789,120.4889,108.3060,99.2099,88.8342,78.2870,65.9466,50.5673,33.9186,15.5173,0.0000,0.0000,0.0000,0.0000,0.0000,0.0000
70,1.0000,DynamicV1Rebalance,3.3300,14393.0658,479.2891,survival,1.0000,1.0000,1.0000,1.0000,1.0000,1.0000,1.0000,1.0000,0.9998,0.9984,0.9970,0.9930,0.9874,0.9788,0.9654,0.9526,0.9380,0.9218,0.9038,0.8858,0.8686,0.8514,0.8330,0.8176,0.8036,0.7858,0.7696,0.7566,0.7422,0.7306,0.7230,0.7196,0.7160,0.7120,0.7098,0.7078,0.7062,0.7046,0.7034,0.7018,0.7002,0.7000,0.6990,0.6982,0.6980,0.6976,0.6974,0.6968,0.6962,0.6954,0.6954,0.6948,0.6946,0.6946,0.6946
70,1.0000,DynamicV1Rebalance,3.3300,14393.0658,479.2891,spend25p,479.6080,487.9343,495.6523,503.5932,511.1832,519.3599,527.6169,535.6692,542.8988,548.7475,553.0487,555.1909,554.4401,551.1727,543.7252,533.4684,517.8466,496.3893,472.6931,445.2933,398.7931,369.2318,342.6891,316.8782,291.9661,255.2368,214.6395,168.6141,0.0000,0.0000,0.0000,0.0000,0.0000,0.0000,0.0000,0.0000,0.0000,0.0000,0.0000,-5.8399,-14.7133,-23.9499,-33.5420,-44.1285,-54.2230,-66.5462,-78.8705,-91.9690,-106.2689,-121.1766,-136.2242,-151.7621,-168.0389,-184.8406,-203.4586
70,1.0000,DynamicV1Rebalance,3.3300,14393.0658,479.2891,spend50p,482.9793,498.0566,513.7315,530.6865,549.2411,567.4884,586.4953,606.1482,625.5604,644.2091,660.8607,674.6376,686.9721,693.4407,696.0531,691.8274,683.3762,670.9252,654.5265,639.0734,597.5223,577.6968,562.1693,546.8792,532.6539,518.1191,502.8634,486.5690,465.3130,441.9473,104.6213,85.2394,67.3481,48.2110,33.0995,18.7765,6.9454,0.0000,0.0000,0.0000,0.0000,0.0000,0.0000,0.0000,0.0000,0.0000,0.0000,0.0000,0.0000,0.0000,-4.9892,-29.8602,-53.1719,-78.4638,-106.0293
70,1.0000,DynamicV1Rebalance,3.3300,14393.0658,479.2891,spend75p,486.4100,508.3586,533.4208,559.9475,588.1702,620.4277,652.7839,684.7254,719.1489,752.2790,783.9801,813.2970,839.0588,863.4070,877.9215,884.5963,889.1650,886.8714,882.3959,869.4373,818.9715,810.7896,797.1674,792.1652,785.8302,771.9158,753.6151,737.7430,723.5529,709.3470,249.3976,228.9940,205.4625,182.9379,163.8926,149.2230,136.6728,124.4632,114.3458,104.9548,94.7339,86.7783,77.3413,66.7207,53.4919,41.2004,28.9793,12.2476,0.0000,0.0000,0.0000,0.0000,0.0000,0.0000,0.0000
70,1.0000,DynamicV1Rebalance,3.6600,13095.3304,479.2891,survival,1.0000,1.0000,1.0000,1.0000,1.0000,1.0000,1.0000,1.0000,0.9994,0.9974,0.9944,0.9876,0.9792,0.9616,0.9462,0.9282,0.9086,0.8844,0.8606,0.8382,0.8176,0.7940,0.7746,0.7538,0.7344,0.7176,0.7020,0.6872,0.6748,0.6630,0.6580,0.6526,0.6484,0.6446,0.6418,0.6394,0.6378,0.6358,0.6340,0.6328,0.6304,0.6294,0.6280,0.6270,0.6264,0.6250,0.6250,0.6246,0.6246,0.6238,0.6234,0.6232,0.6232,0.6228,0.6228
70,1.0000,DynamicV1Rebalance,3.6600,13095.3304,479.2891,spend25p,479.6080,487.9343,495.6523,503.5932,511.1832,519.3599,527.6169,535.6692,542.8757,548.4241,552.4491,551.6655,550.4353,543.5667,533.1408,514.8676,494.5584,463.5666,431.5721,392.4870,341.7626,302.5888,255.7424,177.7099,0.0000,0.0000,0.0000,0.0000,0.0000,0.0000,0.0000,0.0000,0.0000,0.0000,0.0000,0.0000,0.0000,0.0000,0.0000,0.0000,-8.0776,-17.4757,-27.7582,-37.5229,-48.4548,-59.9529,-71.8566,-85.7252,-99.9900,-115.0996,-131.1833,-147.6604,-164.2162,-180.8578,-198.3395
70,1.0000,DynamicV1Rebalance,3.6600,13095.3304,479.2891,spend50p,482.9793,498.0566,513.7315,530.6865,549.2411,567.4884,586.4953,606.1482,625.3474,643.8468,660.2581,672.8103,682.9766,685.5203,684.4760,679.4080,668.0447,651.7376,632.1566,612.8111,563.9752,545.1236,527.8115,506.5498,489.1760,469.8902,448.9054,427.9954,405.6390,387.2349,74.4625,55.8269,38.2586,21.7329,6.5495,0.0000,0.0000,0.0000,0.0000,0.0000,0.0000,0.0000,0.0000,0.0000,0.0000,0.0000,0.0000,0.0000,0.0000,0.0000,0.0000,0.0000,-4.8265,-33.3541,-60.5845
70,1.0000,DynamicV1Rebalance,3.6600,13095.3304,479.2891,spend75p,486.4100,508.3586,533.4208,559.9475,588.1702,620.4277,652.7839,684.7254,718.8883,751.8717,783.1014,812.2841,835.3243,855.0799,868.2689,872.3993,873.0500,865.7682,853.1670,838.6128,788.9870,776.7506,764.9841,750.3056,735.4563,720.3617,709.8085,691.3643,676.2765,658.1205,226.2070,202.9973,179.6205,158.8336,141.5086,125.5507,112.3479,98.8801,89.3001,79.6622,69.9811,60.7193,50.1097,40.0838,28.0580,12.9644,0.0199,0.0000,0.0000,0.0000,0.0000,0.0000,0.0000,0.0000,0.0000
70,1.0000,DynamicV1Rebalance,4.0000,11982.2273,479.2891,survival,1.0000,1.0000,1.0000,1.0000,1.0000,1.0000,1.0000,0.9998,0.9984,0.9962,0.9896,0.9800,0.9628,0.9430,0.9228,0.8972,0.8716,0.8404,0.8108,0.7840,0.7586,0.7358,0.7086,0.6858,0.6682,0.6494,0.6344,0.6202,0.6064,0.5938,0.5886,0.5838,0.5800,0.5764,0.5744,0.5716,0.5708,0.5692,0.5682,0.5664,0.5652,0.5642,0.5638,0.5634,0.5624,0.5620,0.5618,0.5616,0.5604,0.5602,0.5596,0.5596,0.5592,0.5592,0.5592
70,1.0000,DynamicV1Rebalance,4.0000,11982.2273,479.2891,spend25p,479.6080,487.9343,495.6523,503.5932,511.1832,519.3599,527.6169,535.5597,542.5269,548.0121,550.0144,548.7478,542.7349,532.9243,520.1058,494.1849,463.2251,422.6887,374.9742,321.3834,226.8349,0.0000,0.0000,0.0000,0.0000,0.0000,0.0000,0.0000,0.0000,0.0000,0.0000,0.0000,0.0000,0.0000,0.0000,0.0000,0.0000,0.0000,0.0000,0.0000,0.0000,-8.4110,-16.9714,-25.4209,-37.6408,-49.7917,-62.3800,-75.9034,-90.5538,-105.6729,-122.0639,-140.0509,-157.8341,-175.3749,-192.6294
70,1.0000,DynamicV1Rebalance,4.0000,11982.2273,479.2891,spend50p,482.9793,498.0566,513.7315,530.6865,549.2411,567.4884,586.4953,606.0680,625.0987,643.1968,657.9843,669.8302,676.8229,677.4037,674.2677,663.7774,646.5736,626.5098,603.0335,577.3020,529.2027,507.2281,482.7761,457.5632,433.6826,411.6558,387.5093,365.4089,343.8079,318.8712,34.5645,16.7298,0.2878,0.0000,0.0000,0.0000,0.0000,0.0000,0.0000,0.0000,0.0000,0.0000,0.0000,0.0000,0.0000,0.0000,0.0000,0.0000,0.0000,0.0000,0.0000,0.0000,0.0000,0.0000,0.0000
70,1.0000,DynamicV1Rebalance,4.0000,11982.2273,479.2891,spend75p,486.4100,508.3586,533.4208,559.9475,588.1702,620.4277,652.7839,684.6437,718.6274,751.5056,781.4474,809.4304,831.2385,844.9935,858.8410,858.1976,851.2242,839.2496,820.5985,803.1323,755.3091,742.6622,723.3492,707.9521,691.6885,674.7426,657.8680,643.4820,626.6033,607.6903,196.4903,173.6268,152.2875,133.2385,116.6146,101.1572,87.3000,74.0283,63.9791,51.4618,42.4747,33.1425,24.8038,14.7471,3.9849,0.0000,0.0000,0.0000,0.0000,0.0000,0.0000,0.0000,0.0000,0.0000,0.0000
70,1.0000,DynamicV1Rebalance,5.0000,9585.7818,479.2891,survival,1.0000,1.0000,1.0000,1.0000,1.0000,1.0000,0.9998,0.9978,0.9934,0.9826,0.9628,0.9352,0.9014,0.8604,0.8184,0.7748,0.7262,0.6812,0.6430,0.6100,0.5870,0.5636,0.5398,0.5198,0.4994,0.4790,0.4630,0.4504,0.4376,0.4262,0.4214,0.4186,0.4160,0.4132,0.4116,0.4098,0.4086,0.4070,0.4058,0.4044,0.4040,0.4032,0.4024,0.4012,0.3998,0.3990,0.3986,0.3986,0.3984,0.3984,0.3982,0.3982,0.3982,0.3982,0.3982
70,1.0000,DynamicV1Rebalance,5.0000,9585.7818,479.2891,spend25p,479.6080,487.9343,495.6523,503.5932,511.1832,519.3599,527.5757,534.8390,541.6106,544.1593,538.8919,528.5520,510.3494,479.2053,431.4692,354.9847,0.0000,0.0000,0.0000,0.0000,0.0000,0.0000,0.0000,0.0000,0.0000,0.0000,0.0000,0.0000,0.0000,0.0000,0.0000,0.0000,0.0000,0.0000,0.0000,0.0000,0.0000,0.0000,0.0000,0.0000,0.0000,0.0000,0.0000,0.0000,0.0000,0.0000,-10.6062,-27.3276,-44.6965,-63.2295,-80.9548,-100.2156,-121.2273,-143.4860,-164.7740
70,1.0000,DynamicV1Rebalance,5.0000,9585.7818,479.2891,spend50p,482.9793,498.0566,513.7315,530.6865,549.2411,567.4884,586.4871,605.7462,623.1824,638.6069,650.3231,653.2591,651.3834,639.2614,619.5976,597.6357,561.5733,523.1128,483.6821,438.2139,380.3694,337.8010,294.4103,242.5499,0.0000,0.0000,0.0000,0.0000,0.0000,0.0000,0.0000,0.0000,0.0000,0.0000,0.0000,0.0000,0.0000,0.0000,0.0000,0.0000,0.0000,0.0000,0.0000,0.0000,0.0000,0.0000,0.0000,0.0000,0.0000,0.0000,0.0000,0.0000,0.0000,0.0000,0.0000
70,1.0000,DynamicV1Rebalance,5.0000,9585.7818,479.2891,spend75p,486.4100,508.3586,533.4208,559.9475,588.1702,620.4277,652.7592,684.1127,717.4537,747.7213,774.1913,793.2575,807.0625,812.1492,808.0752,797.0415,777.5366,745.0393,719.7126,697.2352,649.3578,630.6593,605.3906,586.0966,565.9489,543.8568,526.4155,508.5853,486.1436,463.3774,114.8778,96.3134,77.1634,59.1201,43.5338,28.0268,15.5401,3.3046,0.0000,0.0000,0.0000,0.0000,0.0000,0.0000,0.0000,0.0000,0.0000,0.0000,0.0000,0.0000,0.0000,0.0000,0.0000,0.0000,0.0000
70,1.0000,DynamicV1Rebalance,6.0000,7988.1515,479.2891,survival,1.0000,1.0000,1.0000,1.0000,1.0000,1.0000,0.9986,0.9934,0.9760,0.9490,0.9096,0.8582,0.8034,0.7374,0.6772,0.6176,0.5704,0.5384,0.5044,0.4634,0.4362,0.4108,0.3878,0.3704,0.3536,0.3368,0.3222,0.3110,0.2992,0.2878,0.2846,0.2808,0.2790,0.2770,0.2748,0.2732,0.2718,0.2714,0.2704,0.2700,0.2696,0.2690,0.2686,0.2684,0.2682,0.2678,0.2678,0.2678,0.2678,0.2678,0.2676,0.2670,0.2670,0.2670,0.2670
70,1.0000,DynamicV1Rebalance,6.0000,7988.1515,479.2891,spend25p,479.6080,487.9343,495.6523,503.5932,511.1832,519.3599,527.3629,533.6899,535.3714,530.2636,514.4280,482.5128,430.2564,0.0000,0.0000,0.0000,0.0000,0.0000,0.0000,0.0000,0.0000,0.0000,0.0000,0.0000,0.0000,0.0000,0.0000,0.0000,0.0000,0.0000,0.0000,0.0000,0.0000,0.0000,0.0000,0.0000,0.0000,0.0000,0.0000,0.0000,0.0000,0.0000,0.0000,0.0000,0.0000,0.0000,0.0000,0.0000,0.0000,0.0000,0.0000,0.0000,0.0000,0.0000,0.0000
70,1.0000,DynamicV1Rebalance,6.0000,7988.1515,479.2891,spend50p,482.9793,498.0566,513.7315,530.6865,549.2411,567.4884,586.3173,604.6882,618.3901,630.6984,633.4469,625.9090,607.5662,575.4662,539.3829,487.1147,424.1766,365.0741,236.8394,0.0000,0.0000,0.0000,0.0000,0.0000,0.0000,0.0000,0.0000,0.0000,0.0000,0.0000,0.0000,0.0000,0.0000,0.0000,0.0000,0.0000,0.0000,0.0000,0.0000,0.0000,0.0000,0.0000,0.0000,0.0000,0.0000,0.0000,0.0000,0.0000,0.0000,0.0000,0.0000,0.0000,0.0000,0.0000,0.0000
70,1.0000,DynamicV1Rebalance,6.0000,7988.1515,479.2891,spend75p,486.4100,508.3586,533.4208,559.9475,588.1702,620.4277,652.6014,683.1667,712.9406,738.3380,760.5522,771.0100,771.0338,758.4195,741.6892,712.2479,684.1708,664.6139,631.1404,589.4374,534.8370,502.1463,474.9779,445.3483,416.5217,384.5476,361.1526,330.2630,295.8278,260.4845,8.2648,0.0000,0.0000,0.0000,0.0000,0.0000,0.0000,0.0000,0.0000,0.0000,0.0000,0.0000,0.0000,0.0000,0.0000,0.0000,0.0000,0.0000,0.0000,0.0000,0.0000,0.0000,0.0000,0.0000,0.0000
70,1.0000,DynamicV1Rebalance,7.0000,6846.9870,479.2891,survival,1.0000,1.0000,1.0000,1.0000,1.0000,0.9994,0.9946,0.9756,0.9394,0.8916,0.8248,0.7442,0.6658,0.5956,0.5342,0.4814,0.4368,0.3940,0.3604,0.3300,0.3050,0.2818,0.2628,0.2476,0.2362,0.2256,0.2146,0.2048,0.1980,0.1906,0.1872,0.1850,0.1838,0.1818,0.1808,0.1794,0.1788,0.1772,0.1762,0.1756,0.1754,0.1754,0.1754,0.1748,0.1734,0.1734,0.1734,0.1734,0.1734,0.1734,0.1734,0.1732,0.1732,0.1732,0.1732
70,1.0000,DynamicV1Rebalance,7.0000,6846.9870,479.2891,spend25p,479.6080,487.9343,495.6523,503.5932,511.1832,519.1151,526.2224,529.6443,523.0933,504.5703,462.0131,0.0000,0.0000,0.0000,0.0000,0.0000,0.0000,0.0000,0.0000,0.0000,0.0000,0.0000,0.0000,0.0000,0.0000,0.0000,0.0000,0.0000,0.0000,0.0000,0.0000,0.0000,0.0000,0.0000,0.0000,0.0000,0.0000,0.0000,0.0000,0.0000,0.0000,0.0000,0.0000,0.0000,0.0000,0.0000,0.0000,0.0000,0.0000,0.0000,0.0000,0.0000,0.0000,0.0000,0.0000
70,1.0000,DynamicV1Rebalance,7.0000,6846.9870,479.2891,spend50p,482.9793,498.0566,513.7315,530.6865,549.2411,567.3622,585.4459,601.0320,610.5027,613.2404,601.3645,571.4778,533.3078,479.7083,391.8822,0.0000,0.0000,0.0000,0.0000,0.0000,0.0000,0.0000,0.0000,0.0000,0.0000,0.0000,0.0000,0.0000,0.0000,0.0000,0.0000,0.0000,0.0000,0.0000,0.0000,0.0000,0.0000,0.0000,0.0000,0.0000,0.0000,0.0000,0.0000,0.0000,0.0000,0.0000,0.0000,0.0000,0.0000,0.0000,0.0000,0.0000,0.0000,0.0000,0.0000
70,1.0000,DynamicV1Rebalance,7.0000,6846.9870,479.2891,spend75p,486.4100,508.3586,533.4208,559.9475,588.1702,620.3260,652.0115,679.9281,704.2702,726.3878,733.9307,726.9653,711.3606,692.0390,661.6378,623.0336,585.8005,541.1597,500.9990,445.3558,375.9399,315.4144,241.2726,0.0000,0.0000,0.0000,0.0000,0.0000,0.0000,0.0000,0.0000,0.0000,0.0000,0.0000,0.0000,0.0000,0.0000,0.0000,0.0000,0.0000,0.0000,0.0000,0.0000,0.0000,0.0000,0.0000,0.0000,0.0000,0.0000,0.0000,0.0000,0.0000,0.0000,0.0000,0.0000
70,1.5000,DynamicV1Rebalance,2.5000,28327.3455,708.1836,survival,1.0000,1.0000,1.0000,1.0000,1.0000,1.0000,1.0000,1.0000,1.0000,1.0000,0.9998,0.9992,0.9984,0.9970,0.9948,0.9926,0.9892,0.9846,0.9790,0.9738,0.9682,0.9598,0.9538,0.9456,0.9372,0.9288,0.9198,0.9096,0.9024,0.8918,0.8872,0.8848,0.8810,0.8764,0.8728,0.8694,0.8662,0.8642,0.8606,0.8574,0.8544,0.8522,0.8496,0.8482,0.8466,0.8460,0.8442,0.8434,0.8424,0.8418,0.8410,0.8402,0.8396,0.8382,0.8378
70,1.5000,DynamicV1Rebalance,2.5000,28327.3455,708.1836,spend25p,708.6549,721.1910,732.8251,744.7858,756.2248,768.5287,780.9473,793.0530,804.1134,813.5373,820.8844,826.5951,829.1520,833.4599,832.1596,824.5878,815.8844,800.3862,783.1070,764.1564,726.3717,704.9009,688.0109,665.9796,644.9123,623.8654,600.1969,572.1310,547.5740,519.3541,219.3963,196.6407,176.0678,154.7319,136.3381,119.9376,104.7443,91.8833,77.0169,66.2103,55.4218,46.1788,35.9442,26.9118,15.8058,4.2961,0.0000,0.0000,0.0000,0.0000,0.0000,0.0000,0.0000,0.0000,-3.9754
70,1.5000,DynamicV1Rebalance,2.5000,28327.3455,708.1836,spend50p,713.6362,736.1522,759.5554,784.8554,812.5261,839.7474,868.0957,897.3965,926.6024,954.8648,980.5880,1003.8474,1024.2404,1041.8943,1052.0333,1057.8113,1055.8501,1043.2319,1033.3241,1023.5343,980.2409,967.5424,957.7264,941.4892,927.8957,916.8798,902.1326,879.9621,860.7300,835.2431,443.0730,418.0710,391.0068,365.4291,343.5923,323.8786,309.4631,296.5111,285.6113,275.8014,267.2803,258.6391,247.9784,240.2710,230.4048,221.4728,209.5838,195.5927,180.8905,162.3001,145.2889,127.2805,109.7015,89.0264,69.6916
70,1.5000,DynamicV1Rebalance,2.5000,28327.3455,708.1836,spend75p,718.7053,751.3792,788.6662,828.1307,870.1163,918.0850,966.2121,1013.7293,1065.0569,1115.5609,1162.8198,1209.3074,1252.9473,1290.0285,1323.7520,1346.0728,1362.5943,1379.3400,1381.9095,1386.8592,1347.5085,1336.9482,1332.9025,1323.2682,1318.4322,1316.9529,1306.1884,1289.4695,1272.0847,1248.7473,729.4430,701.0719,676.0119,650.5139,628.0536,610.2414,595.1874,587.4604,584.8464,577.5550,573.1846,570.5704,567.9122,562.4916,552.3732,549.2163,537.7167,525.9879,509.6164,493.4523,481.2678,460.7237,437.0792,409.2378,379.1061
70,1.5000,DynamicV1Rebalance,2.8000,25292.2728,708.1836,survival,1.0000,1.0000,1.0000,1.0000,1.0000,1.0000,1.0000,1.0000,1.0000,0.9998,0.9990,0.9980,0.9960,0.9932,0.9890,0.9826,0.9758,0.9676,0.9582,0.9478,0.9368,0.9258,0.9142,0.9036,0.8944,0.8826,0.8708,0.8616,0.8488,0.8398,0.8338,0.8288,0.8236,0.8188,0.8150,0.8098,0.8070,0.8038,0.8004,0.7970,0.7934,0.7906,0.7874,0.7850,0.7830,0.7806,0.7788,0.7782,0.7768,0.7760,0.7752,0.7744,0.7732,0.7722,0.7714
70,1.5000,DynamicV1Rebalance,2.8000,25292.2728,708.1836,spend25p,708.6549,721.1910,732.8251,744.7858,756.2248,768.5287,780.9473,793.0530,804.1134,813.4758,820.1887,825.4367,826.1569,829.2947,827.9762,817.2417,803.9086,785.8358,763.9417,740.4527,690.8056,663.9126,633.8595,609.0940,587.4028,559.1079,526.9654,503.5336,469.6618,439.6229,163.9615,140.9114,118.5892,97.8195,79.9181,62.7535,49.8583,36.2556,22.4425,10.9788,0.0000,0.0000,0.0000,0.0000,0.0000,0.0000,0.0000,0.0000,0.0000,0.0000,0.0000,0.0000,0.0000,0.0000,0.0000
70,1.5000,DynamicV1Rebalance,2.8000,25292.2728,708.1836,spend50p,713.6362,736.1522,759.5554,784.8554,812.5261,839.7474,868.0957,897.3965,926.6024,954.8393,980.0350,1002.0633,1022.5561,1039.1770,1047.9874,1050.0951,1042.7970,1027.8802,1013.4705,997.0735,954.2908,937.6164,918.1529,902.7621,885.3285,868.8958,848.6173,830.1275,804.8000,783.7903,404.7483,375.6191,345.1033,319.6360,299.2749,282.0800,269.1717,254.8901,239.2167,228.2344,219.2468,210.4740,201.7359,192.2400,179.3475,168.5288,154.9597,142.4434,126.7975,112.3465,95.6396,77.1954,58.4677,41.1712,19.0192
70,1.5000,DynamicV1Rebalance,2.8000,25292.2728,708.1836,spend75p,718.7053,751.3792,788.6662,828.1307,870.1163,918.0850,966.2121,1013.7293,1065.0569,1115.5356,1162.1926,1208.1823,1251.2616,1286.8690,1318.5446,1340.5230,1351.3728,1358.5296,1357.9329,1355.7232,1314.2315,1295.1086,1283.9010,1277.3451,1271.6738,1261.1085,1244.6606,1227.5947,1202.8381,1175.7981,684.5725,655.3895,626.9101,598.1678,576.1001,557.0750,544.7958,530.8447,524.8267,519.6769,518.7705,509.0254,505.1280,501.6604,494.6155,485.5531,472.8599,462.4393,451.7686,436.0619,415.9144,392.8149,374.5400,345.7905,315.6406
70,1.5000,DynamicV1Rebalance,3.0000,23606.1213,708.1836,survival,1.0000,1.0000,1.0000,1.0000,1.0000,1.0000,1.0000,1.0000,1.0000,0.9996,0.9980,0.9968,0.9936,0.9890,0.9824,0.9724,0.9628,0.9518,0.9390,0.9276,0.9106,0.8984,0.8858,0.8720,0.8614,0.8490,0.8340,0.8204,0.8098,0.7988,0.7928,0.7842,0.7792,0.7718,0.7674,0.7634,0.7578,0.7544,0.7514,0.7496,0.7456,0.7426,0.7398,0.7384,0.7362,0.7348,0.7332,0.7322,0.7318,0.7312,0.7306,0.7288,0.7282,0.7270,0.7268
70,1.5000,DynamicV1Rebalance,3.0000,23606.1213,708.1836,spend25p,708.6549,721.1910,732.8251,744.7858,756.2248,768.5287,780.9473,793.0530,804.1134,813.3504,819.6743,824.2645,824.9760,824.2695,821.7544,809.4054,792.9892,766.9924,740.5988,713.5049,660.7497,630.9694,598.6150,568.4003,539.8683,508.1705,467.9800,434.5562,402.8067,367.8907,113.9320,83.7681,60.1813,31.2835,10.6843,0.0000,0.0000,0.0000,0.0000,0.0000,0.0000,0.0000,0.0000,0.0000,0.0000,0.0000,0.0000,0.0000,0.0000,0.0000,0.0000,0.0000,0.0000,0.0000,0.0000
70,1.5000,DynamicV1Rebalance,3.0000,23606.1213,708.1836,spend50p,713.6362,736.1522,759.5554,784.8554,812.5261,839.7474,868.0957,897.3965,926.6024,954.6663,979.4295,1001.8939,1020.8252,1035.5458,1044.1362,1042.8359,1033.2614,1014.4963,999.0148,979.5174,930.2830,913.6507,891.7923,873.2030,855.0307,836.7198,812.6544,791.6601,765.4311,742.2800,371.2265,339.2827,315.1991,288.4641,269.0944,252.4949,231.1491,216.9189,205.7613,194.6421,185.5095,175.9133,164.9088,156.3362,146.1477,133.9415,120.7482,108.5850,94.7869,81.2447,66.1763,45.9272,28.8881,10.0542,0.0000
70,1.5000,DynamicV1Rebalance,3.0000,23606.1213,708.1836,spend75p,718.7053,751.3792,788.6662,828.1307,870.1163,918.0850,966.2121,1013.7293,1065.0569,1115.4875,1161.6079,1207.9379,1249.8852,1283.7133,1312.8474,1331.3082,1341.9381,1339.8392,1334.6570,1331.5075,1275.2611,1262.3343,1257.3465,1238.7824,1233.1404,1219.8343,1203.7780,1178.6286,1152.5378,1136.3686,655.9639,625.0305,589.9394,562.9962,539.3278,519.8525,503.8531,495.2500,486.6331,485.3596,480.5511,473.7128,470.1361,468.1435,459.8274,452.1737,438.5002,426.8953,410.1408,394.4385,380.4314,351.6585,329.1142,306.6035,283.2597
70,1.5000,DynamicV1Rebalance,3.3300,21266.7759,708.1836,survival,1.0000,1.0000,1.0000,1.0000,1.0000,1.0000,1.0000,1.0000,0.9998,0.9984,0.9970,0.9930,0.9874,0.9780,0.9652,0.9520,0.9380,0.9208,0.9032,0.8848,0.8682,0.8490,0.8314,0.8156,0.8016,0.7828,0.7668,0.7538,0.7392,0.7258,0.7170,0.7116,0.7068,0.7018,0.6982,0.6948,0.6910,0.6886,0.6848,0.6816,0.6784,0.6748,0.6730,0.6706,0.6682,0.6648,0.6640,0.6630,0.6616,0.6606,0.6600,0.6584,0.6574,0.6566,0.6558
70,1.5000,DynamicV1Rebalance,3.3300,21266.7759,708.1836,spend25p,708.6549,721.1910,732.8251,744.7858,756.2248,768.5287,780.9473,793.0530,803.9249,812.7302,819.2161,822.4709,821.4016,816.4227,805.4606,789.9076,766.8980,733.2190,699.3465,658.3957,597.9028,551.0372,509.9001,472.6262,430.8711,373.2806,314.9482,223.7561,0.0000,0.0000,0.0000,0.0000,0.0000,0.0000,0.0000,0.0000,0.0000,0.0000,0.0000,0.0000,0.0000,0.0000,0.0000,0.0000,0.0000,0.0000,0.0000,0.0000,0.0000,0.0000,0.0000,0.0000,0.0000,0.0000,0.0000
70,1.5000,DynamicV1Rebalance,3.3300,21266.7759,708.1836,spend50p,713.6362,736.1522,759.5554,784.8554,812.5261,839.7474,868.0957,897.3965,926.3303,954.1150,978.9152,999.4217,1017.7474,1026.8646,1031.1035,1024.3714,1012.0368,993.0057,967.7717,944.8807,896.1149,861.9310,842.4043,818.2825,797.5209,775.2620,753.2261,724.6989,693.8645,660.0726,315.1025,286.9653,262.5576,239.3791,218.6142,202.5862,185.4009,171.7855,160.3958,148.5444,135.1808,124.5318,115.0947,105.3165,94.8610,80.1299,69.4518,57.2843,42.2449,26.0431,12.3828,0.0000,0.0000,0.0000,0.0000
70,1.5000,DynamicV1Rebalance,3.3300,21266.7759,708.1836,spend75p,718.7053,751.3792,788.6662,828.1307,870.1163,918.0850,966.2121,1013.7293,1064.9163,1114.1735,1161.2886,1204.8346,1243.0635,1278.8836,1300.1412,1310.1741,1316.7969,1312.3414,1305.7719,1284.7355,1228.2271,1211.0188,1193.9989,1186.0510,1177.7953,1155.5105,1126.8865,1104.2810,1081.1955,1058.5394,594.8655,562.8620,536.2165,512.5192,488.5241,470.7967,458.5575,449.6215,444.7049,437.1821,430.9252,424.5503,418.7078,411.8714,401.4403,389.9050,379.9866,364.8431,349.3883,333.2922,313.9658,296.6369,271.2594,246.5063,220.6850
70,1.5000,DynamicV1Rebalance,3.6600,19349.2797,708.1836,survival,1.0000,1.0000,1.0000,1.0000,1.0000,1.0000,1.0000,1.0000,0.9994,0.9974,0.9944,0.9876,0.9788,0.9608,0.9460,0.9276,0.9080,0.8838,0.8594,0.8370,0.8166,0.7924,0.7726,0.7524,0.7332,0.7148,0.6988,0.6840,0.6716,0.6606,0.6514,0.6422,0.6372,0.6334,0.6286,0.6246,0.6192,0.6150,0.6120,0.6080,0.6036,0.6010,0.5994,0.5974,0.5956,0.5944,0.5924,0.5904,0.5898,0.5894,0.5888,0.5878,0.5870,0.5860,0.5854
70,1.5000,DynamicV1Rebalance,3.6600,19349.2797,708.1836,spend25p,708.6549,721.1910,732.8251,744.7858,756.2248,768.5287,780.9473,793.0530,803.8908,812.2514,818.3279,817.2484,815.2613,804.6405,789.5133,762.2061,731.4309,685.2725,637.1086,578.7912,510.5760,451.6840,381.2641,239.2129,0.0000,0.0000,0.0000,0.0000,0.0000,0.0000,0.0000,0.0000,0.0000,0.0000,0.0000,0.0000,0.0000,0.0000,0.0000,0.0000,0.0000,0.0000,0.0000,0.0000,0.0000,0.0000,0.0000,0.0000,0.0000,0.0000,0.0000,0.0000,0.0000,0.0000,0.0000
70,1.5000,DynamicV1Rebalance,3.6600,19349.2797,708.1836,spend50p,713.6362,736.1522,759.5554,784.8554,812.5261,839.7474,868.0957,897.3965,926.0149,953.5784,978.0225,996.7147,1011.7481,1015.1029,1013.8118,1005.6978,988.5606,964.3530,934.9746,905.2512,845.3348,816.6567,789.0725,759.3999,731.8252,700.6833,668.9607,638.1016,604.9311,578.3859,254.3063,223.5119,200.3961,177.9533,159.9031,141.1637,121.9182,108.4145,94.5777,79.9924,67.2584,57.2663,48.0858,38.4115,27.5656,15.6680,3.3903,0.0000,0.0000,0.0000,0.0000,0.0000,0.0000,0.0000,0.0000
70,1.5000,DynamicV1Rebalance,3.6600,19349.2797,708.1836,spend75p,718.7053,751.3792,788.6662,828.1307,870.1163,918.0850,966.2121,1013.7293,1064.5304,1113.5702,1159.9870,1203.3340,1237.4092,1265.9596,1286.0415,1292.2112,1292.4604,1280.9321,1260.8349,1239.9362,1181.1456,1164.9164,1142.6363,1124.0291,1102.6855,1078.1605,1055.7393,1035.1169,1012.7591,985.1353,543.3973,510.4083,482.8069,458.0710,437.3372,419.5192,404.7303,389.0974,376.8565,368.9542,362.2019,360.5955,356.6119,348.0235,341.3885,329.4555,314.6554,300.7404,289.2982,271.7784,256.0437,235.9582,215.2979,191.3058,168.2697
70,1.5000,DynamicV1Rebalance,4.0000,17704.5910,708.1836,survival,1.0000,1.0000,1.0000,1.0000,1.0000,1.0000,1.0000,0.9998,0.9984,0.9960,0.9892,0.9800,0.9624,0.9428,0.9222,0.8966,0.8702,0.8400,0.8102,0.7826,0.7576,0.7342,0.7072,0.6826,0.6654,0.6466,0.6328,0.6168,0.6038,0.5898,0.5816,0.5756,0.5712,0.5670,0.5630,0.5590,0.5548,0.5520,0.5486,0.5468,0.5446,0.5416,0.5396,0.5376,0.5354,0.5332,0.5318,0.5302,0.5284,0.5282,0.5276,0.5268,0.5262,0.5254,0.5252
70,1.5000,DynamicV1Rebalance,4.0000,17704.5910,708.1836,spend25p,708.6549,721.1910,732.8251,744.7858,756.2248,768.5287,780.9473,792.8910,803.3742,811.6412,814.3599,812.9261,803.5506,789.3514,769.4165,730.9939,683.8203,625.0701,553.5851,471.7315,331.0384,0.0000,0.0000,0.0000,0.0000,0.0000,0.0000,0.0000,0.0000,0.0000,0.0000,0.0000,0.0000,0.0000,0.0000,0.0000,0.0000,0.0000,0.0000,0.0000,0.0000,0.0000,0.0000,0.0000,0.0000,0.0000,0.0000,0.0000,0.0000,0.0000,0.0000,0.0000,0.0000,0.0000,0.0000
70,1.5000,DynamicV1Rebalance,4.0000,17704.5910,708.1836,spend50p,713.6362,736.1522,759.5554,784.8554,812.5261,839.7474,868.0957,897.2778,925.6467,952.6157,974.4787,992.2999,1002.5149,1003.4207,998.3143,982.0815,956.3176,927.3717,891.9311,853.2513,793.0910,759.4070,722.6747,681.8393,646.5678,611.8471,577.6888,544.7553,511.3782,469.1342,176.5772,150.6838,128.2234,106.7439,88.5453,70.4203,55.5087,43.2523,29.9287,18.9701,6.6916,0.0000,0.0000,0.0000,0.0000,0.0000,0.0000,0.0000,0.0000,0.0000,0.0000,0.0000,0.0000,0.0000,0.0000
70,1.5000,DynamicV1Rebalance,4.0000,17704.5910,708.1836,spend75p,718.7053,751.3792,788.6662,828.1307,870.1163,918.0850,966.2121,1013.6083,1064.1440,1113.0281,1157.3147,1199.1065,1231.3210,1251.8546,1271.1887,1270.1703,1260.3471,1242.5807,1214.5237,1187.9011,1132.2604,1112.6778,1083.3620,1059.7975,1035.3427,1006.0167,982.8685,963.2370,936.6014,907.7957,486.4924,455.5249,429.3954,408.0177,384.9591,367.4984,351.7253,336.9638,328.8054,319.5409,312.8374,302.2403,296.6515,287.4824,282.1693,271.0149,261.2409,243.2510,229.0356,216.1275,196.5229,176.3597,155.2997,133.1550,111.4349
70,1.5000,DynamicV1Rebalance,5.0000,14163.6728,708.1836,survival,1.0000,1.0000,1.0000,1.0000,1.0000,1.0000,0.9998,0.9978,0.9934,0.9826,0.9624,0.9350,0.9008,0.8600,0.8174,0.7726,0.7250,0.6800,0.6418,0.6084,0.5854,0.5602,0.5380,0.5168,0.4962,0.4756,0.4602,0.4478,0.4346,0.4232,0.4172,0.4118,0.4066,0.4030,0.4000,0.3962,0.3926,0.3898,0.3864,0.3844,0.3822,0.3798,0.3784,0.3772,0.3748,0.3736,0.3724,0.3712,0.3706,0.3702,0.3700,0.3698,0.3696,0.3688,0.3688
70,1.5000,DynamicV1Rebalance,5.0000,14163.6728,708.1836,spend25p,708.6549,721.1910,732.8251,744.7858,756.2248,768.5287,780.8863,791.8239,802.0174,805.9349,797.2764,782.9683,755.4116,709.5617,637.5010,520.2300,0.0000,0.0000,0.0000,0.0000,0.0000,0.0000,0.0000,0.0000,0.0000,0.0000,0.0000,0.0000,0.0000,0.0000,0.0000,0.0000,0.0000,0.0000,0.0000,0.0000,0.0000,0.0000,0.0000,0.0000,0.0000,0.0000,0.0000,0.0000,0.0000,0.0000,0.0000,0.0000,0.0000,0.0000,0.0000,0.0000,0.0000,0.0000,0.0000
70,1.5000,DynamicV1Rebalance,5.0000,14163.6728,708.1836,spend50p,713.6362,736.1522,759.5554,784.8554,812.5261,839.7474,868.0835,896.8014,922.8090,945.8179,963.0499,967.3103,964.6722,946.8784,917.3388,883.6082,831.0423,773.4816,714.1608,645.1939,567.7899,501.8821,437.2011,349.3354,0.0000,0.0000,0.0000,0.0000,0.0000,0.0000,0.0000,0.0000,0.0000,0.0000,0.0000,0.0000,0.0000,0.0000,0.0000,0.0000,0.0000,0.0000,0.0000,0.0000,0.0000,0.0000,0.0000,0.0000,0.0000,0.0000,0.0000,0.0000,0.0000,0.0000,0.0000
70,1.5000,DynamicV1Rebalance,5.0000,14163.6728,708.1836,spend75p,718.7053,751.3792,788.6662,828.1307,870.1163,918.0850,966.1755,1012.8223,1062.4060,1107.4233,1146.7887,1175.0042,1194.9847,1202.9711,1197.0535,1179.7352,1150.4652,1102.3165,1062.3955,1030.4533,972.9189,943.0454,905.5437,875.4551,846.2682,811.3873,785.7363,759.1673,725.0192,687.7080,334.8625,305.7247,280.9591,256.6753,235.4573,214.9014,199.8756,185.1780,170.6629,158.8925,146.3930,136.5775,128.1943,118.9415,106.9558,96.4798,84.5653,69.5826,56.1506,41.1209,26.9272,11.9385,0.0000,0.0000,0.0000
70,1.5000,DynamicV1Rebalance,6.0000,11803.0606,708.1836,survival,1.0000,1.0000,1.0000,1.0000,1.0000,1.0000,0.9984,0.9928,0.9760,0.9484,0.9088,0.8574,0.8014,0.7356,0.6760,0.6146,0.5690,0.5372,0.5016,0.4618,0.4344,0.4088,0.3862,0.3690,0.3522,0.3330,0.3202,0.3082,0.2962,0.2862,0.2790,0.2740,0.2704,0.2658,0.2630,0.2608,0.2588,0.2570,0.2544,0.2522,0.2496,0.2478,0.2462,0.2440,0.2424,0.2420,0.2414,0.2404,0.2404,0.2402,0.2402,0.2392,0.2390,0.2388,0.2386
70,1.5000,DynamicV1Rebalance,6.0000,11803.0606,708.1836,spend25p,708.6549,721.1910,732.8251,744.7858,756.2248,768.5287,780.5472,789.9515,792.7784,784.9821,761.3221,714.5874,634.3913,0.0000,0.0000,0.0000,0.0000,0.0000,0.0000,0.0000,0.0000,0.0000,0.0000,0.0000,0.0000,0.0000,0.0000,0.0000,0.0000,0.0000,0.0000,0.0000,0.0000,0.0000,0.0000,0.0000,0.0000,0.0000,0.0000,0.0000,0.0000,0.0000,0.0000,0.0000,0.0000,0.0000,0.0000,0.0000,0.0000,0.0000,0.0000,0.0000,0.0000,0.0000,0.0000
70,1.5000,DynamicV1Rebalance,6.0000,11803.0606,708.1836,spend50p,713.6362,736.1522,759.5554,784.8554,812.5261,839.7474,867.8322,894.9468,915.7126,933.9628,938.0552,927.1097,899.2744,850.5828,798.3511,716.0804,626.3033,533.4971,284.7551,0.0000,0.0000,0.0000,0.0000,0.0000,0.0000,0.0000,0.0000,0.0000,0.0000,0.0000,0.0000,0.0000,0.0000,0.0000,0.0000,0.0000,0.0000,0.0000,0.0000,0.0000,0.0000,0.0000,0.0000,0.0000,0.0000,0.0000,0.0000,0.0000,0.0000,0.0000,0.0000,0.0000,0.0000,0.0000,0.0000
70,1.5000,DynamicV1Rebalance,6.0000,11803.0606,708.1836,spend75p,718.7053,751.3792,788.6662,828.1307,870.1163,918.0850,965.9420,1011.1854,1055.7230,1093.4651,1126.3833,1141.5724,1141.8922,1122.6011,1098.3506,1052.1241,1012.0134,982.8110,932.1110,870.3943,799.8519,750.6833,710.2184,665.4774,623.6348,568.5168,533.8941,483.6303,432.9575,386.6083,119.3765,90.4390,67.3051,34.0802,13.6727,0.0000,0.0000,0.0000,0.0000,0.0000,0.0000,0.0000,0.0000,0.0000,0.0000,0.0000,0.0000,0.0000,0.0000,0.0000,0.0000,0.0000,0.0000,0.0000,0.0000
70,1.5000,DynamicV1Rebalance,7.0000,10116.9091,708.1836,survival,1.0000,1.0000,1.0000,1.0000,1.0000,0.9994,0.9946,0.9754,0.9388,0.8906,0.8244,0.7428,0.6642,0.5938,0.5312,0.4798,0.4356,0.3926,0.3590,0.3284,0.3034,0.2800,0.2608,0.2466,0.2346,0.2234,0.2124,0.2038,0.1960,0.1876,0.1836,0.1802,0.1772,0.1742,0.1710,0.1692,0.1674,0.1652,0.1644,0.1628,0.1626,0.1620,0.1606,0.1600,0.1598,0.1590,0.1582,0.1576,0.1574,0.1566,0.1566,0.1562,0.1558,0.1556,0.1554
70,1.5000,DynamicV1Rebalance,7.0000,10116.9091,708.1836,spend25p,708.6549,721.1910,732.8251,744.7858,756.2248,768.1664,778.8833,783.9466,774.5617,746.3061,684.0289,0.0000,0.0000,0.0000,0.0000,0.0000,0.0000,0.0000,0.0000,0.0000,0.0000,0.0000,0.0000,0.0000,0.0000,0.0000,0.0000,0.0000,0.0000,0.0000,0.0000,0.0000,0.0000,0.0000,0.0000,0.0000,0.0000,0.0000,0.0000,0.0000,0.0000,0.0000,0.0000,0.0000,0.0000,0.0000,0.0000,0.0000,0.0000,0.0000,0.0000,0.0000,0.0000,0.0000,0.0000
70,1.5000,DynamicV1Rebalance,7.0000,10116.9091,708.1836,spend50p,713.6362,736.1522,759.5554,784.8554,812.5261,839.5607,866.5424,889.8055,903.8000,907.8953,890.6374,845.8011,788.2596,708.8072,572.5533,0.0000,0.0000,0.0000,0.0000,0.0000,0.0000,0.0000,0.0000,0.0000,0.0000,0.0000,0.0000,0.0000,0.0000,0.0000,0.0000,0.0000,0.0000,0.0000,0.0000,0.0000,0.0000,0.0000,0.0000,0.0000,0.0000,0.0000,0.0000,0.0000,0.0000,0.0000,0.0000,0.0000,0.0000,0.0000,0.0000,0.0000,0.0000,0.0000,0.0000
70,1.5000,DynamicV1Rebalance,7.0000,10116.9091,708.1836,spend75p,718.7053,751.3792,788.6662,828.1307,870.1163,917.9345,965.0688,1006.6269,1042.5640,1075.7931,1087.0141,1076.6043,1052.6285,1022.7538,975.1252,922.2064,865.9800,798.3949,739.5725,657.7264,556.1957,464.5992,351.1881,0.0000,0.0000,0.0000,0.0000,0.0000,0.0000,0.0000,0.0000,0.0000,0.0000,0.0000,0.0000,0.0000,0.0000,0.0000,0.0000,0.0000,0.0000,0.0000,0.0000,0.0000,0.0000,0.0000,0.0000,0.0000,0.0000,0.0000,0.0000,0.0000,0.0000,0.0000,0.0000
70,2.0000,DynamicV1Rebalance,2.5000,37483.1274,937.0782,survival,1.0000,1.0000,1.0000,1.0000,1.0000,1.0000,1.0000,1.0000,1.0000,1.0000,0.9998,0.9992,0.9984,0.9966,0.9948,0.9926,0.9892,0.9846,0.9788,0.9738,0.9678,0.9596,0.9532,0.9448,0.9366,0.9282,0.9200,0.9088,0.9010,0.8912,0.8864,0.8824,0.8770,0.8712,0.8686,0.8648,0.8610,0.8558,0.8522,0.8486,0.8462,0.8444,0.8418,0.8402,0.8384,0.8372,0.8344,0.8330,0.8316,0.8310,0.8294,0.8280,0.8262,0.8250,0.8240
70,2.0000,DynamicV1Rebalance,2.5000,37483.1274,937.0782,spend25p,937.7018,954.4477,969.9980,985.9785,1001.2664,1017.6975,1034.2777,1050.4369,1065.2007,1077.7822,1087.5939,1095.2154,1098.6324,1103.3221,1102.5826,1092.4788,1080.8441,1060.1848,1036.7147,1011.9011,968.4438,939.6660,916.1351,887.4067,858.3533,831.3472,800.4666,761.6994,726.6265,691.0348,384.7232,355.6407,325.5100,298.0256,277.5257,255.8884,237.4975,215.5408,199.3651,188.7751,175.1984,165.4193,154.5715,144.4312,130.7406,119.9224,103.6914,88.3596,73.6933,60.2772,44.3892,29.0594,12.0656,0.0000,0.0000
70,2.0000,DynamicV1Rebalance,2.5000,37483.1274,937.0782,spend50p,944.2931,974.2479,1005.3793,1039.0243,1075.8111,1112.0065,1149.6960,1188.6448,1227.4607,1265.0142,1299.1860,1330.0698,1357.1259,1380.1097,1393.9076,1401.4717,1398.7391,1381.8562,1368.1182,1355.3712,1306.6463,1289.7233,1276.1554,1253.4728,1236.4709,1221.5150,1203.0903,1170.9929,1143.9952,1113.1572,715.3745,682.2273,648.7371,615.1902,590.6668,569.2144,551.8336,535.6616,525.7894,516.8045,510.2379,500.9294,493.3276,487.8509,481.5748,470.8223,458.8471,445.2876,430.4299,412.4504,397.8685,379.5571,364.5416,341.9563,320.4302
70,2.0000,DynamicV1Rebalance,2.5000,37483.1274,937.0782,spend75p,951.0006,994.3997,1043.9115,1096.3139,1152.0624,1215.7423,1279.6403,1342.7332,1410.8699,1477.9060,1540.6258,1602.2984,1660.1643,1708.6601,1753.9253,1783.3832,1805.0989,1827.0621,1830.0975,1836.4884,1796.3399,1781.9576,1774.8629,1763.4594,1756.2034,1754.8942,1742.8272,1718.8700,1694.4285,1664.2055,1135.8203,1105.4263,1074.6220,1041.9368,1018.3305,1002.5049,987.1641,978.5826,980.7577,977.1008,976.4234,986.2512,984.9181,985.8613,991.3483,986.4267,978.5097,971.4522,960.5722,950.9944,939.0767,923.5212,904.2068,873.9598,846.7275
70,2.0000,DynamicV1Rebalance,2.8000,33467.0780,937.0782,survival,1.0000,1.0000,1.0000,1.0000,1.0000,1.0000,1.0000,1.0000,1.0000,0.9998,0.9990,0.9980,0.9960,0.9932,0.9888,0.9824,0.9756,0.9676,0.9580,0.9476,0.9364,0.9252,0.9136,0.9030,0.8938,0.8818,0.8698,0.8614,0.8476,0.8392,0.8318,0.8244,0.8196,0.8132,0.8082,0.8032,0.7994,0.7944,0.7880,0.7838,0.7800,0.7770,0.7738,0.7712,0.7684,0.7654,0.7624,0.7614,0.7596,0.7586,0.7576,0.7566,0.7552,0.7530,0.7522
70,2.0000,DynamicV1Rebalance,2.8000,33467.0780,937.0782,spend25p,937.7018,954.4477,969.9980,985.9785,1001.2664,1017.6975,1034.2777,1050.4369,1065.2007,1077.7007,1086.6721,1093.6806,1094.6639,1098.8209,1096.5677,1082.5834,1064.8599,1040.9114,1011.6340,980.1931,920.4633,884.1372,844.3399,811.4698,781.8920,743.2048,702.0364,671.0461,621.5069,585.3142,300.3000,268.8204,240.4147,209.4239,186.9388,164.1262,144.7990,121.4698,100.9859,83.4994,65.4582,51.3676,34.3746,20.7372,5.0784,0.0000,0.0000,0.0000,0.0000,0.0000,0.0000,0.0000,0.0000,0.0000,0.0000
70,2.0000,DynamicV1Rebalance,2.8000,33467.0780,937.0782,spend50p,944.2931,974.2479,1005.3793,1039.0243,1075.8111,1112.0065,1149.6960,1188.6448,1227.4607,1264.9805,1298.4533,1327.7059,1354.8943,1376.9164,1388.5469,1391.2369,1381.3199,1361.5215,1342.1039,1320.1008,1271.4579,1248.9273,1223.8671,1202.4949,1180.1302,1157.5654,1130.7022,1106.7667,1071.3753,1044.8562,658.5127,618.8328,579.8508,546.2153,524.7456,502.7934,489.2078,468.0744,449.1365,440.7162,429.4103,425.3081,416.9265,405.1628,394.3896,379.8341,365.0495,354.0041,337.7920,324.6457,304.4085,288.5638,270.9332,250.1832,230.9806
70,2.0000,DynamicV1Rebalance,2.8000,33467.0780,937.0782,spend75p,951.0006,994.3997,1043.9115,1096.3139,1152.0624,1215.7423,1279.6403,1342.7332,1410.8699,1477.8726,1539.7948,1600.8077,1657.9307,1705.1099,1747.0258,1776.0305,1790.2129,1799.4968,1798.1101,1795.1729,1751.6849,1726.1969,1711.4816,1702.0140,1694.3994,1680.5189,1658.0566,1636.3993,1598.8231,1567.3233,1071.3075,1033.4913,1000.0722,963.8689,942.1166,915.3287,908.2573,896.8343,884.6985,886.6085,891.1997,891.9351,889.8684,897.2805,894.1511,880.2296,872.6453,863.5967,858.3602,848.7691,830.5346,809.8719,785.5450,764.6582,739.9356
70,2.0000,DynamicV1Rebalance,3.0000,31235.9395,937.0782,survival,1.0000,1.0000,1.0000,1.0000,1.0000,1.0000,1.0000,1.0000,1.0000,0.9996,0.9980,0.9966,0.9934,0.9890,0.9820,0.9722,0.9628,0.9518,0.9390,0.9274,0.9104,0.8976,0.8850,0.8712,0.8608,0.8476,0.8330,0.8196,0.8090,0.7968,0.7886,0.7804,0.7714,0.7658,0.7594,0.7540,0.7508,0.7468,0.7432,0.7384,0.7352,0.7316,0.7286,0.7260,0.7244,0.7210,0.7186,0.7170,0.7158,0.7154,0.7134,0.7104,0.7090,0.7076,0.7066
70,2.0000,DynamicV1Rebalance,3.0000,31235.9395,937.0782,spend25p,937.7018,954.4477,969.9980,985.9785,1001.2664,1017.6975,1034.2777,1050.4369,1065.2007,1077.5345,1085.9906,1092.0368,1093.0992,1092.1625,1088.7025,1072.3066,1050.5138,1015.9517,980.8540,944.7417,880.3222,840.4147,796.2534,757.4389,717.3796,674.6882,622.6682,577.9552,534.8269,484.8510,220.4433,180.0414,135.9986,100.5310,60.6640,12.0218,0.0000,0.0000,0.0000,0.0000,0.0000,0.0000,0.0000,0.0000,0.0000,0.0000,0.0000,0.0000,0.0000,0.0000,0.0000,0.0000,0.0000,0.0000,0.0000
70,2.0000,DynamicV1Rebalance,3.0000,31235.9395,937.0782,spend50p,944.2931,974.2479,1005.3793,1039.0243,1075.8111,1112.0065,1149.6960,1188.6448,1227.4607,1264.7513,1297.6511,1327.3388,1352.6008,1372.1051,1383.3533,1381.6311,1368.8147,1343.7932,1323.1020,1296.8077,1240.0223,1216.4399,1188.2961,1163.8762,1139.2051,1114.8025,1082.0106,1054.9042,1019.7850,985.8674,607.4228,567.4047,534.4202,502.0364,472.7936,454.3161,431.5457,416.4653,404.2334,388.4075,379.5343,369.7709,359.9275,350.2141,338.9683,324.6929,311.1966,301.7060,287.4032,276.2930,255.5155,232.4378,213.7882,193.6471,177.9904
70,2.0000,DynamicV1Rebalance,3.0000,31235.9395,937.0782,spend75p,951.0006,994.3997,1043.9115,1096.3139,1152.0624,1215.7423,1279.6403,1342.7332,1410.8699,1477.8088,1539.0202,1600.2602,1656.1069,1700.9286,1738.7453,1763.8220,1777.7347,1774.7396,1767.6287,1762.5789,1700.3481,1682.5368,1675.6795,1650.7957,1641.4428,1624.9251,1604.4237,1569.4658,1535.2299,1513.6415,1022.0335,985.4946,941.4033,911.4898,883.0740,858.1715,849.1088,839.5848,835.9905,835.6821,836.6794,837.6727,838.5366,841.8570,838.1420,824.1956,814.2882,806.6869,795.9642,782.9710,764.9022,734.8938,715.4241,696.3996,670.5261
70,2.0000,DynamicV1Rebalance,3.3300,28140.4860,937.0782,survival,1.0000,1.0000,1.0000,1.0000,1.0000,1.0000,1.0000,1.0000,0.9998,0.9984,0.9970,0.9930,0.9872,0.9780,0.9652,0.9518,0.9380,0.9204,0.9030,0.8848,0.8668,0.8486,0.8308,0.8150,0.7996,0.7814,0.7658,0.7518,0.7378,0.7234,0.7156,0.7078,0.7016,0.6960,0.6932,0.6868,0.6836,0.6790,0.6730,0.6688,0.6654,0.6618,0.6584,0.6556,0.6536,0.6506,0.6486,0.6466,0.6442,0.6432,0.6424,0.6398,0.6386,0.6376,0.6370
70,2.0000,DynamicV1Rebalance,3.3300,28140.4860,937.0782,spend25p,937.7018,954.4477,969.9980,985.9785,1001.2664,1017.6975,1034.2777,1050.4369,1064.9510,1076.7130,1085.3836,1089.7510,1088.3262,1081.7654,1067.2073,1046.1492,1015.9493,970.3888,926.0053,871.8521,795.3897,734.4454,678.3700,629.0469,571.3291,491.2746,413.6875,262.7875,0.0000,0.0000,0.0000,0.0000,0.0000,0.0000,0.0000,0.0000,0.0000,0.0000,0.0000,0.0000,0.0000,0.0000,0.0000,0.0000,0.0000,0.0000,0.0000,0.0000,0.0000,0.0000,0.0000,0.0000,0.0000,0.0000,0.0000
70,2.0000,DynamicV1Rebalance,3.3300,28140.4860,937.0782,spend50p,944.2931,974.2479,1005.3793,1039.0243,1075.8111,1112.0065,1149.6960,1188.6448,1227.1002,1264.0209,1296.9697,1324.2058,1348.5228,1360.6024,1366.1763,1357.1056,1340.6974,1315.2978,1281.5554,1251.2175,1193.9107,1149.2413,1122.1963,1090.4354,1062.2642,1032.4241,1001.7719,962.1561,923.9624,875.8310,524.3257,485.9434,454.9896,427.0763,403.2470,380.4056,359.2183,340.6590,323.2260,311.5314,299.3975,284.9729,271.2683,260.0658,250.0685,232.5387,218.1596,207.0600,191.8905,177.6516,161.8841,139.3651,119.6395,101.2304,82.7770
70,2.0000,DynamicV1Rebalance,3.3300,28140.4860,937.0782,spend75p,951.0006,994.3997,1043.9115,1096.3139,1152.0624,1215.7423,1279.6403,1342.7332,1410.6836,1476.0680,1538.5971,1596.3721,1647.0681,1694.5292,1722.6419,1735.7958,1744.4287,1738.3163,1729.3731,1701.2555,1636.5973,1614.6917,1590.8847,1580.3987,1568.3500,1537.7379,1499.8544,1470.5243,1440.7547,1407.3245,937.5328,896.3811,864.2198,834.8428,813.7814,790.9950,778.5148,773.5314,766.7961,759.9463,750.5069,752.9090,750.0426,745.3631,743.8176,732.5377,725.8759,712.9284,698.8909,683.5401,671.7344,647.8349,632.1750,604.2787,576.6308
70,2.0000,DynamicV1Rebalance,3.6600,25603.2291,937.0782,survival,1.0000,1.0000,1.0000,1.0000,1.0000,1.0000,1.0000,1.0000,0.9994,0.9974,0.9944,0.9872,0.9788,0.9606,0.9460,0.9274,0.9076,0.8838,0.8592,0.8360,0.8162,0.7912,0.7714,0.7520,0.7320,0.7134,0.6976,0.6826,0.6704,0.6588,0.6480,0.6378,0.6332,0.6270,0.6196,0.6142,0.6100,0.6060,0.6020,0.5976,0.5944,0.5914,0.5884,0.5844,0.5818,0.5796,0.5774,0.5758,0.5746,0.5734,0.5720,0.5702,0.5688,0.5676,0.5666
70,2.0000,DynamicV1Rebalance,3.6600,25603.2291,937.0782,spend25p,937.7018,954.4477,969.9980,985.9785,1001.2664,1017.6975,1034.2777,1050.4369,1064.9058,1076.0786,1084.2068,1082.4829,1080.2271,1065.9658,1046.0777,1009.6537,967.8124,907.7061,843.3493,764.3144,679.8402,600.0467,501.0863,306.8377,0.0000,0.0000,0.0000,0.0000,0.0000,0.0000,0.0000,0.0000,0.0000,0.0000,0.0000,0.0000,0.0000,0.0000,0.0000,0.0000,0.0000,0.0000,0.0000,0.0000,0.0000,0.0000,0.0000,0.0000,0.0000,0.0000,0.0000,0.0000,0.0000,0.0000,0.0000
70,2.0000,DynamicV1Rebalance,3.6600,25603.2291,937.0782,spend50p,944.2931,974.2479,1005.3793,1039.0243,1075.8111,1112.0065,1149.6960,1188.6448,1226.6824,1263.3101,1295.7870,1320.3796,1340.5736,1344.8537,1343.2654,1332.1985,1309.3665,1277.3739,1238.0761,1197.6967,1126.7533,1088.2847,1050.8913,1012.1235,974.0197,930.2309,889.9556,848.4633,804.9677,768.9813,433.1572,394.1250,362.2705,331.9693,306.2392,277.7525,258.7895,240.3108,223.6990,201.6660,190.0605,178.6345,166.7866,152.2140,141.3769,127.4413,112.7308,98.5054,84.5455,68.0801,51.8553,33.9412,16.7406,1.6548,0.0000
70,2.0000,DynamicV1Rebalance,3.6600,25603.2291,937.0782,spend75p,951.0006,994.3997,1043.9115,1096.3139,1152.0624,1215.7423,1279.6403,1342.7332,1410.1725,1475.2687,1536.8726,1594.1834,1639.5762,1677.1484,1703.9603,1712.0231,1711.7795,1696.7118,1669.3827,1640.6394,1574.5682,1553.0012,1522.7616,1498.0973,1468.5031,1436.4400,1406.7960,1376.7643,1344.5848,1309.9087,858.5190,818.5327,786.2398,755.8397,728.3075,707.8459,689.4075,673.9441,662.9130,657.6429,662.3526,660.5016,659.1069,649.6496,639.5393,627.5969,619.1699,611.6245,595.2098,581.6188,564.6726,544.5614,527.5605,500.7228,480.1641
70,2.0000,DynamicV1Rebalance,4.0000,23426.9546,937.0782,survival,1.0000,1.0000,1.0000,1.0000,1.0000,1.0000,1.0000,0.9998,0.9984,0.9960,0.9892,0.9796,0.9624,0.9426,0.9218,0.8956,0.8700,0.8388,0.8100,0.7822,0.7564,0.7330,0.7056,0.6802,0.6630,0.6460,0.6308,0.6150,0.6020,0.5886,0.5792,0.5718,0.5678,0.5608,0.5562,0.5504,0.5466,0.5426,0.5392,0.5366,0.5328,0.5292,0.5264,0.5236,0.5214,0.5198,0.5186,0.5174,0.5158,0.5144,0.5130,0.5114,0.5104,0.5096,0.5090
70,2.0000,DynamicV1Rebalance,4.0000,23426.9546,937.0782,spend25p,937.7018,954.4477,969.9980,985.9785,1001.2664,1017.6975,1034.2777,1050.2222,1064.2215,1075.2702,1078.9495,1076.8692,1064.7104,1045.3473,1018.7679,967.8205,905.2616,822.8716,733.1632,623.3243,429.7232,0.0000,0.0000,0.0000,0.0000,0.0000,0.0000,0.0000,0.0000,0.0000,0.0000,0.0000,0.0000,0.0000,0.0000,0.0000,0.0000,0.0000,0.0000,0.0000,0.0000,0.0000,0.0000,0.0000,0.0000,0.0000,0.0000,0.0000,0.0000,0.0000,0.0000,0.0000,0.0000,0.0000,0.0000
70,2.0000,DynamicV1Rebalance,4.0000,23426.9546,937.0782,spend50p,944.2931,974.2479,1005.3793,1039.0243,1075.8111,1112.0065,1149.6960,1188.4876,1226.1946,1262.0346,1291.0918,1314.2801,1328.3395,1329.5390,1322.4449,1299.2377,1266.6610,1226.8761,1181.2796,1129.8014,1056.3999,1011.7005,958.9759,903.1443,858.3192,814.2869,767.0094,722.9679,676.9866,620.7649,320.4390,283.9156,254.9999,223.3728,196.6795,172.5801,151.7951,131.7583,114.5703,103.1401,84.3449,64.1491,49.5372,34.0305,24.1819,12.9403,0.0000,0.0000,0.0000,0.0000,0.0000,0.0000,0.0000,0.0000,0.0000
70,2.0000,DynamicV1Rebalance,4.0000,23426.9546,937.0782,spend75p,951.0006,994.3997,1043.9115,1096.3139,1152.0624,1215.7423,1279.6403,1342.5730,1409.6606,1474.5506,1533.3321,1587.9746,1631.5092,1658.7156,1684.2808,1681.7163,1669.4701,1643.8707,1608.5234,1572.7971,1509.2683,1478.1825,1441.8725,1410.8011,1374.1537,1340.5351,1309.6410,1282.3942,1245.3340,1209.2587,777.3730,736.0109,706.9630,677.3543,650.0156,628.9046,611.1545,595.6150,589.8009,582.5865,573.4654,567.9298,557.6194,551.2478,545.0658,543.0999,534.3760,520.2588,505.8304,492.3467,476.8241,452.7173,435.9399,413.0998,396.2685
70,2.0000,DynamicV1Rebalance,5.0000,18741.5637,937.0782,survival,1.0000,1.0000,1.0000,1.0000,1.0000,1.0000,0.9998,0.9978,0.9934,0.9824,0.9622,0.9348,0.9002,0.8590,0.8174,0.7716,0.7242,0.6790,0.6414,0.6082,0.5852,0.5596,0.5368,0.5162,0.4946,0.4740,0.4596,0.4458,0.4330,0.4220,0.4148,0.4076,0.4024,0.3976,0.3924,0.3888,0.3834,0.3796,0.3762,0.3738,0.3712,0.3702,0.3670,0.3644,0.3624,0.3594,0.3582,0.3556,0.3540,0.3532,0.3522,0.3516,0.3502,0.3486,0.3482
70,2.0000,DynamicV1Rebalance,5.0000,18741.5637,937.0782,spend25p,937.7018,954.4477,969.9980,985.9785,1001.2664,1017.6975,1034.1969,1048.8089,1062.4242,1067.5385,1056.3156,1037.3773,999.5904,938.4327,844.6667,682.2442,0.0000,0.0000,0.0000,0.0000,0.0000,0.0000,0.0000,0.0000,0.0000,0.0000,0.0000,0.0000,0.0000,0.0000,0.0000,0.0000,0.0000,0.0000,0.0000,0.0000,0.0000,0.0000,0.0000,0.0000,0.0000,0.0000,0.0000,0.0000,0.0000,0.0000,0.0000,0.0000,0.0000,0.0000,0.0000,0.0000,0.0000,0.0000,0.0000
70,2.0000,DynamicV1Rebalance,5.0000,18741.5637,937.0782,spend50p,944.2931,974.2479,1005.3793,1039.0243,1075.8111,1112.0065,1149.6799,1187.8566,1222.4355,1252.9318,1275.9497,1281.1609,1277.6343,1254.0661,1215.4420,1168.3734,1099.2388,1023.8440,945.2905,852.8780,756.4233,667.3915,579.7901,463.9058,0.0000,0.0000,0.0000,0.0000,0.0000,0.0000,0.0000,0.0000,0.0000,0.0000,0.0000,0.0000,0.0000,0.0000,0.0000,0.0000,0.0000,0.0000,0.0000,0.0000,0.0000,0.0000,0.0000,0.0000,0.0000,0.0000,0.0000,0.0000,0.0000,0.0000,0.0000
70,2.0000,DynamicV1Rebalance,5.0000,18741.5637,937.0782,spend75p,951.0006,994.3997,1043.9115,1096.3139,1152.0624,1215.7423,1279.5918,1341.5318,1407.3583,1466.9224,1519.3862,1556.2515,1583.1823,1593.5179,1586.0543,1561.9272,1523.6685,1459.4243,1405.9348,1364.3893,1297.2252,1256.6867,1206.1809,1167.0952,1126.2501,1080.4960,1046.7063,1007.6837,964.0882,915.8762,551.0130,512.5381,481.4277,447.7336,419.6163,398.2036,376.7061,355.5055,338.6208,329.5121,313.4293,307.5289,292.5644,280.8407,267.1551,252.4616,237.5080,221.2421,204.5444,188.0727,173.9917,154.6840,135.7116,114.2255,92.4458
70,2.0000,DynamicV1Rebalance,6.0000,15617.9697,937.0782,survival,1.0000,1.0000,1.0000,1.0000,1.0000,1.0000,0.9984,0.9928,0.9760,0.9484,0.9082,0.8572,0.8008,0.7346,0.6750,0.6142,0.5680,0.5370,0.5006,0.4616,0.4332,0.4070,0.3854,0.3672,0.3512,0.3314,0.3184,0.3070,0.2944,0.2846,0.2766,0.2708,0.2650,0.2616,0.2576,0.2542,0.2516,0.2480,0.2454,0.2438,0.2418,0.2404,0.2376,0.2358,0.2346,0.2330,0.2328,0.2314,0.2300,0.2290,0.2282,0.2274,0.2268,0.2256,0.2252
70,2.0000,DynamicV1Rebalance,6.0000,15617.9697,937.0782,spend25p,937.7018,954.4477,969.9980,985.9785,1001.2664,1017.6975,1033.7478,1046.3287,1050.1853,1039.9520,1008.1532,946.5813,839.1615,0.0000,0.0000,0.0000,0.0000,0.0000,0.0000,0.0000,0.0000,0.0000,0.0000,0.0000,0.0000,0.0000,0.0000,0.0000,0.0000,0.0000,0.0000,0.0000,0.0000,0.0000,0.0000,0.0000,0.0000,0.0000,0.0000,0.0000,0.0000,0.0000,0.0000,0.0000,0.0000,0.0000,0.0000,0.0000,0.0000,0.0000,0.0000,0.0000,0.0000,0.0000,0.0000
70,2.0000,DynamicV1Rebalance,6.0000,15617.9697,937.0782,spend50p,944.2931,974.2479,1005.3793,1039.0243,1075.8111,1112.0065,1149.3471,1185.4000,1213.0350,1237.3231,1242.6752,1228.3944,1190.9264,1125.1474,1056.9662,947.9577,827.3118,704.9729,349.6752,0.0000,0.0000,0.0000,0.0000,0.0000,0.0000,0.0000,0.0000,0.0000,0.0000,0.0000,0.0000,0.0000,0.0000,0.0000,0.0000,0.0000,0.0000,0.0000,0.0000,0.0000,0.0000,0.0000,0.0000,0.0000,0.0000,0.0000,0.0000,0.0000,0.0000,0.0000,0.0000,0.0000,0.0000,0.0000,0.0000
70,2.0000,DynamicV1Rebalance,6.0000,15617.9697,937.0782,spend75p,951.0006,994.3997,1043.9115,1096.3139,1152.0624,1215.7423,1279.2826,1339.3636,1398.5054,1448.6333,1492.1727,1512.5515,1513.0154,1486.3434,1454.2248,1393.0137,1340.2427,1301.4531,1231.3970,1152.5821,1065.5672,997.9077,944.6828,881.0302,829.6349,756.0353,703.4521,640.6615,571.1000,512.8571,230.9598,188.6063,136.9235,103.1879,65.5933,21.0270,0.0000,0.0000,0.0000,0.0000,0.0000,0.0000,0.0000,0.0000,0.0000,0.0000,0.0000,0.0000,0.0000,0.0000,0.0000,0.0000,0.0000,0.0000,0.0000
70,2.0000,DynamicV1Rebalance,7.0000,13386.8312,937.0782,survival,1.0000,1.0000,1.0000,1.0000,1.0000,0.9994,0.9946,0.9750,0.9386,0.8898,0.8242,0.7428,0.6638,0.5928,0.5310,0.4792,0.4348,0.3918,0.3582,0.3276,0.3018,0.2792,0.2606,0.2450,0.2342,0.2220,0.2106,0.2030,0.1952,0.1864,0.1820,0.1776,0.1734,0.1702,0.1666,0.1642,0.1626,0.1612,0.1606,0.1590,0.1574,0.1556,0.1544,0.1534,0.1524,0.1512,0.1506,0.1492,0.1492,0.1490,0.1486,0.1482,0.1474,0.1468,0.1464
70,2.0000,DynamicV1Rebalance,7.0000,13386.8312,937.0782,spend25p,937.7018,954.4477,969.9980,985.9785,1001.2664,1017.2178,1031.5442,1038.1941,1025.9802,988.0415,906.1546,0.0000,0.0000,0.0000,0.0000,0.0000,0.0000,0.0000,0.0000,0.0000,0.0000,0.0000,0.0000,0.0000,0.0000,0.0000,0.0000,0.0000,0.0000,0.0000,0.0000,0.0000,0.0000,0.0000,0.0000,0.0000,0.0000,0.0000,0.0000,0.0000,0.0000,0.0000,0.0000,0.0000,0.0000,0.0000,0.0000,0.0000,0.0000,0.0000,0.0000,0.0000,0.0000,0.0000,0.0000
70,2.0000,DynamicV1Rebalance,7.0000,13386.8312,937.0782,spend50p,944.2931,974.2479,1005.3793,1039.0243,1075.8111,1111.7592,1147.6389,1178.4455,1197.2219,1202.4401,1180.0100,1120.6628,1043.5304,937.9847,757.0327,0.0000,0.0000,0.0000,0.0000,0.0000,0.0000,0.0000,0.0000,0.0000,0.0000,0.0000,0.0000,0.0000,0.0000,0.0000,0.0000,0.0000,0.0000,0.0000,0.0000,0.0000,0.0000,0.0000,0.0000,0.0000,0.0000,0.0000,0.0000,0.0000,0.0000,0.0000,0.0000,0.0000,0.0000,0.0000,0.0000,0.0000,0.0000,0.0000,0.0000
70,2.0000,DynamicV1Rebalance,7.0000,13386.8312,937.0782,spend75p,951.0006,994.3997,1043.9115,1096.3139,1152.0624,1215.5430,1278.1261,1333.1065,1381.0737,1424.7056,1440.1904,1426.4706,1394.6356,1353.8068,1292.0069,1220.3069,1146.4101,1057.1554,975.6311,868.9206,733.4976,613.7523,465.9029,0.0000,0.0000,0.0000,0.0000,0.0000,0.0000,0.0000,0.0000,0.0000,0.0000,0.0000,0.0000,0.0000,0.0000,0.0000,0.0000,0.0000,0.0000,0.0000,0.0000,0.0000,0.0000,0.0000,0.0000,0.0000,0.0000,0.0000,0.0000,0.0000,0.0000,0.0000,0.0000
70,3.0000,DynamicV1Rebalance,2.5000,55794.6911,1394.8673,survival,1.0000,1.0000,1.0000,1.0000,1.0000,1.0000,1.0000,1.0000,1.0000,1.0000,0.9998,0.9992,0.9984,0.9966,0.9948,0.9926,0.9890,0.9844,0.9788,0.9738,0.9674,0.9590,0.9528,0.9442,0.9364,0.9278,0.9190,0.9076,0.8994,0.8910,0.8858,0.8790,0.8732,0.8688,0.8636,0.8586,0.8530,0.8490,0.8458,0.8416,0.8390,0.8374,0.8340,0.8304,0.8278,0.8254,0.8226,0.8190,0.8162,0.8146,0.8134,0.8114,0.8090,0.8078,0.8062
70,3.0000,DynamicV1Rebalance,2.5000,55794.6911,1394.8673,spend25p,1395.7955,1420.9611,1444.3437,1468.3639,1491.3495,1516.0351,1540.9386,1565.2045,1587.3754,1606.2720,1621.0128,1632.4559,1637.5932,1644.5827,1643.4285,1628.2609,1610.6826,1579.4596,1544.5907,1507.3905,1452.2061,1409.1611,1371.6138,1330.9024,1287.2760,1246.5880,1198.9633,1139.7057,1084.2252,1036.5093,714.6467,664.2004,621.8047,587.7451,552.5309,522.3904,490.5455,462.3607,445.5569,427.4875,409.5727,400.2005,383.8547,365.9431,351.1597,332.5671,306.5558,282.7918,262.8614,244.4978,227.3598,206.9767,187.8613,166.7968,149.9982
70,3.0000,DynamicV1Rebalance,2.5000,55794.6911,1394.8673,spend50p,1405.6069,1450.4392,1497.0271,1547.3621,1602.3812,1656.5245,1712.8967,1771.1414,1829.1772,1885.3131,1936.3821,1982.5145,2022.8971,2057.1551,2077.6561,2088.7925,2084.3546,2058.7357,2038.3455,2019.0448,1958.5405,1934.0708,1913.8852,1879.0100,1854.5598,1831.8470,1801.9899,1752.8672,1713.4424,1669.2941,1259.0411,1208.6407,1164.5054,1121.4008,1084.1761,1057.1045,1032.5813,1012.7599,1010.8852,1000.0656,993.9782,985.7867,984.6755,973.8957,964.0737,956.2230,947.5633,929.6611,920.9558,891.0705,875.6906,859.1622,834.6582,815.9918,795.2150
70,3.0000,DynamicV1Rebalance,2.5000,55794.6911,1394.8673,spend75p,1415.5912,1480.4408,1554.4022,1632.6804,1715.9547,1811.0569,1906.4967,2000.7410,2102.4959,2202.5963,2296.2379,2388.2806,2474.5983,2546.8836,2614.2721,2658.0040,2690.1083,2721.1728,2726.6438,2735.7469,2693.5284,2670.5631,2662.0044,2643.5055,2633.6030,2631.6967,2610.0668,2575.5196,2537.2896,2495.7009,1954.1165,1912.0127,1863.9653,1825.6910,1802.2893,1776.9245,1753.4963,1759.4935,1775.3423,1780.9423,1786.3547,1813.9382,1820.8735,1832.2371,1844.3254,1850.8385,1840.8217,1837.8636,1827.7058,1830.3768,1833.1425,1822.7941,1804.0446,1780.8917,1752.8223
70,3.0000,DynamicV1Rebalance,2.8000,49816.6885,1394.8673,survival,1.0000,1.0000,1.0000,1.0000,1.0000,1.0000,1.0000,1.0000,1.0000,0.9998,0.9990,0.9980,0.9960,0.9932,0.9886,0.9824,0.9754,0.9674,0.9580,0.9470,0.9362,0.9246,0.9134,0.9024,0.8930,0.8808,0.8688,0.8604,0.8472,0.8384,0.8296,0.8212,0.8152,0.8082,0.8024,0.7956,0.7894,0.7834,0.7780,0.7734,0.7692,0.7666,0.7624,0.7580,0.7550,0.7522,0.7494,0.7476,0.7464,0.7444,0.7414,0.7392,0.7368,0.7346,0.7332
70,3.0000,DynamicV1Rebalance,2.8000,49816.6885,1394.8673,spend25p,1395.7955,1420.9611,1444.3437,1468.3639,1491.3495,1516.0351,1540.9386,1565.2045,1587.3754,1606.1505,1619.6390,1630.1683,1631.6779,1637.8734,1632.7585,1613.5125,1586.5914,1551.0196,1507.2234,1458.9612,1380.5418,1323.2867,1265.6519,1216.0706,1169.3563,1112.5606,1051.3681,1003.5446,931.8919,873.9703,571.3136,517.4947,477.8063,430.1745,392.1090,353.3150,313.8444,280.1770,239.1534,209.0804,187.5359,163.5670,129.7813,86.9909,50.7871,0.0000,0.0000,0.0000,0.0000,0.0000,0.0000,0.0000,0.0000,0.0000,0.0000
70,3.0000,DynamicV1Rebalance,2.8000,49816.6885,1394.8673,spend50p,1405.6069,1450.4392,1497.0271,1547.3621,1602.3812,1656.5245,1712.8967,1771.1414,1829.1772,1885.2629,1935.2900,1978.9910,2019.5706,2052.3952,2069.3470,2073.5382,2058.3982,2028.0612,1999.5872,1965.6663,1906.7669,1872.8787,1835.2877,1802.4554,1769.9212,1734.7750,1691.4722,1657.9471,1606.2742,1564.6535,1162.4930,1105.7209,1050.2330,1001.7614,972.9165,942.4426,916.1182,890.9918,875.0972,862.6431,851.2883,847.3110,835.1226,826.8613,811.9512,794.0315,786.7594,768.2169,751.6639,737.8325,715.1623,694.6212,668.9757,656.6341,635.4046
70,3.0000,DynamicV1Rebalance,2.8000,49816.6885,1394.8673,spend75p,1415.5912,1480.4408,1554.4022,1632.6804,1715.9547,1811.0569,1906.4967,2000.7410,2102.4959,2202.5464,2294.9993,2386.0586,2471.2689,2541.5918,2603.3189,2647.0453,2667.3835,2681.4313,2678.9861,2672.8096,2627.0724,2589.2954,2566.1595,2551.5531,2541.3971,2517.1971,2483.0265,2452.4374,2395.8608,2347.2846,1841.8984,1790.7841,1735.9496,1699.1151,1667.2972,1627.7643,1633.9142,1620.8298,1608.0938,1618.2581,1637.8097,1644.8443,1654.9806,1666.6529,1667.6658,1664.6040,1660.9244,1658.2829,1665.6304,1657.7886,1634.1557,1613.6632,1590.3289,1572.1652,1548.7571
70,3.0000,DynamicV1Rebalance,3.0000,46495.5759,1394.8673,survival,1.0000,1.0000,1.0000,1.0000,1.0000,1.0000,1.0000,1.0000,1.0000,0.9996,0.9980,0.9966,0.9932,0.9888,0.9820,0.9722,0.9626,0.9516,0.9390,0.9272,0.9104,0.8968,0.8838,0.8706,0.8606,0.8460,0.8308,0.8190,0.8068,0.7962,0.7862,0.7754,0.7674,0.7586,0.7530,0.7476,0.7438,0.7378,0.7320,0.7280,0.7248,0.7202,0.7164,0.7132,0.7104,0.7080,0.7056,0.7032,0.7018,0.7004,0.6972,0.6958,0.6940,0.6928,0.6908
70,3.0000,DynamicV1Rebalance,3.0000,46495.5759,1394.8673,spend25p,1395.7955,1420.9611,1444.3437,1468.3639,1491.3495,1516.0351,1540.9386,1565.2045,1587.3754,1605.9029,1618.6232,1627.7182,1629.2546,1627.6798,1622.7399,1598.1956,1564.8537,1513.4884,1461.3646,1407.1619,1320.4832,1259.4051,1190.0610,1134.4082,1075.2611,1005.4449,929.1644,865.9825,792.9865,726.1999,435.6311,356.7692,294.7604,201.6260,119.7480,0.0000,0.0000,0.0000,0.0000,0.0000,0.0000,0.0000,0.0000,0.0000,0.0000,0.0000,0.0000,0.0000,0.0000,0.0000,0.0000,0.0000,0.0000,0.0000,0.0000
70,3.0000,DynamicV1Rebalance,3.0000,46495.5759,1394.8673,spend50p,1405.6069,1450.4392,1497.0271,1547.3621,1602.3812,1656.5245,1712.8967,1771.1414,1829.1772,1884.9213,1934.0943,1978.4439,2015.9510,2044.8354,2061.9246,2059.2215,2039.5048,2001.7975,1971.2764,1931.8051,1860.0334,1821.0123,1781.4241,1744.4060,1708.2671,1668.4170,1617.9823,1580.2325,1526.2848,1477.6843,1079.8262,1019.1706,976.5610,922.5169,885.9844,857.9306,833.9309,811.1662,789.5348,766.5344,757.9099,745.0887,729.4450,722.9329,707.3054,699.5490,686.8796,672.7421,657.2574,635.3454,613.4672,595.9079,571.0675,552.1581,534.4136
70,3.0000,DynamicV1Rebalance,3.0000,46495.5759,1394.8673,spend75p,1415.5912,1480.4408,1554.4022,1632.6804,1715.9547,1811.0569,1906.4967,2000.7410,2102.4959,2202.4514,2293.8447,2385.2425,2467.3023,2535.3592,2591.6459,2628.8494,2647.8678,2644.2086,2633.5723,2625.6468,2550.5221,2523.0871,2511.0542,2475.8040,2462.1642,2429.2592,2396.7922,2351.9805,2297.8722,2269.2435,1758.4222,1697.1948,1650.3142,1601.3601,1561.7728,1540.4701,1533.4957,1522.1027,1522.7191,1532.0857,1539.0197,1547.9673,1560.0091,1574.8041,1563.6113,1573.9774,1572.7299,1562.9276,1563.9747,1550.2085,1532.8444,1512.2647,1490.7934,1474.8491,1446.2961
70,3.0000,DynamicV1Rebalance,3.3300,41887.9062,1394.8673,survival,1.0000,1.0000,1.0000,1.0000,1.0000,1.0000,1.0000,1.0000,0.9998,0.9984,0.9970,0.9930,0.9870,0.9778,0.9648,0.9516,0.9380,0.9200,0.9030,0.8846,0.8664,0.8480,0.8304,0.8142,0.7984,0.7800,0.7644,0.7504,0.7362,0.7212,0.7116,0.7032,0.6974,0.6922,0.6858,0.6784,0.6734,0.6682,0.6634,0.6584,0.6542,0.6496,0.6464,0.6416,0.6380,0.6354,0.6322,0.6290,0.6272,0.6246,0.6220,0.6204,0.6176,0.6166,0.6150
70,3.0000,DynamicV1Rebalance,3.3300,41887.9062,1394.8673,spend25p,1395.7955,1420.9611,1444.3437,1468.3639,1491.3495,1516.0351,1540.9386,1565.2045,1587.0033,1604.6785,1617.7184,1624.3111,1622.1366,1612.4475,1588.1605,1558.8120,1514.0520,1443.7841,1379.6459,1298.2205,1192.7822,1099.5715,1014.9196,939.4628,851.7265,727.9228,608.4444,314.9700,0.0000,0.0000,0.0000,0.0000,0.0000,0.0000,0.0000,0.0000,0.0000,0.0000,0.0000,0.0000,0.0000,0.0000,0.0000,0.0000,0.0000,0.0000,0.0000,0.0000,0.0000,0.0000,0.0000,0.0000,0.0000,0.0000,0.0000
70,3.0000,DynamicV1Rebalance,3.3300,41887.9062,1394.8673,spend50p,1405.6069,1450.4392,1497.0271,1547.3621,1602.3812,1656.5245,1712.8967,1771.1414,1828.6400,1883.8327,1933.0787,1973.7741,2009.8694,2027.8917,2035.4244,2021.3440,1998.0185,1958.8329,1909.3764,1863.4578,1789.5456,1722.9560,1682.0185,1634.1685,1591.0509,1546.0280,1498.4023,1440.4869,1380.8186,1307.8483,941.4251,885.9762,839.0343,801.1990,763.4852,725.6068,697.3280,668.9232,650.6113,636.9912,616.3913,597.4058,581.7159,567.3183,550.8428,531.4055,511.2835,493.1606,473.1471,446.4018,421.0699,400.4337,381.6356,352.9695,333.4581
70,3.0000,DynamicV1Rebalance,3.3300,41887.9062,1394.8673,spend75p,1415.5912,1480.4408,1554.4022,1632.6804,1715.9547,1811.0569,1906.4967,2000.7410,2102.2183,2199.8570,2293.2142,2379.4473,2454.3562,2525.8205,2567.3497,2586.6545,2599.6925,2590.0321,2576.5756,2534.2955,2453.6106,2420.6910,2385.5820,2370.5980,2348.4767,2299.5514,2248.7492,2205.0281,2157.4879,2103.1181,1615.3400,1562.3284,1520.5187,1481.7628,1448.4172,1427.2218,1413.2618,1407.1847,1409.7832,1400.6530,1394.2781,1402.1194,1411.4505,1405.0607,1406.2105,1405.3851,1401.8572,1386.0045,1384.7173,1369.6640,1352.0097,1335.2418,1306.8353,1285.0994,1254.2971
70,3.0000,DynamicV1Rebalance,3.6600,38111.1278,1394.8673,survival,1.0000,1.0000,1.0000,1.0000,1.0000,1.0000,1.0000,1.0000,0.9994,0.9974,0.9944,0.9872,0.9788,0.9606,0.9458,0.9272,0.9074,0.8834,0.8590,0.8354,0.8162,0.7908,0.7702,0.7500,0.7310,0.7122,0.6966,0.6808,0.6686,0.6550,0.6436,0.6348,0.6280,0.6192,0.6140,0.6076,0.6022,0.5970,0.5914,0.5870,0.5828,0.5782,0.5766,0.5728,0.5694,0.5666,0.5648,0.5628,0.5610,0.5592,0.5568,0.5550,0.5530,0.5516,0.5504
70,3.0000,DynamicV1Rebalance,3.6600,38111.1278,1394.8673,spend25p,1395.7955,1420.9611,1444.3437,1468.3639,1491.3495,1516.0351,1540.9386,1565.2045,1586.9360,1603.7330,1615.9646,1613.4778,1610.1588,1588.9005,1558.1158,1504.6954,1442.0178,1352.3963,1255.3433,1136.9707,1019.7603,898.3130,743.7096,208.7097,0.0000,0.0000,0.0000,0.0000,0.0000,0.0000,0.0000,0.0000,0.0000,0.0000,0.0000,0.0000,0.0000,0.0000,0.0000,0.0000,0.0000,0.0000,0.0000,0.0000,0.0000,0.0000,0.0000,0.0000,0.0000,0.0000,0.0000,0.0000,0.0000,0.0000,0.0000
70,3.0000,DynamicV1Rebalance,3.6600,38111.1278,1394.8673,spend50p,1405.6069,1450.4392,1497.0271,1547.3621,1602.3812,1656.5245,1712.8967,1771.1414,1828.0174,1882.7733,1931.3159,1968.0710,1998.2246,2004.6035,2001.8355,1985.5458,1950.9327,1903.3972,1844.0569,1783.4407,1690.1300,1632.2778,1572.9241,1512.5089,1459.3818,1392.8272,1331.4881,1265.0080,1203.8234,1141.4133,788.0490,731.1100,683.9134,630.4059,594.1091,562.3202,529.3574,501.4907,465.8438,446.4703,429.4516,407.7999,391.8931,373.2439,359.5292,338.4678,316.4771,294.1034,275.6150,253.6825,235.2194,215.3324,195.7012,175.2565,157.2619
70,3.0000,DynamicV1Rebalance,3.6600,38111.1278,1394.8673,spend75p,1415.5912,1480.4408,1554.4022,1632.6804,1715.9547,1811.0569,1906.4967,2000.7410,2101.4566,2198.6658,2290.6439,2376.1848,2443.9101,2499.9131,2539.6742,2551.6469,2550.5237,2527.3589,2484.7756,2442.9499,2361.8523,2329.3787,2283.3551,2246.5228,2199.7533,2153.0722,2110.1628,2058.5475,2015.1962,1956.4309,1491.5084,1437.8945,1385.1458,1342.6968,1306.6725,1285.5021,1263.2939,1241.0832,1233.0106,1243.6191,1249.8764,1235.6292,1249.3631,1246.9311,1236.6337,1232.6684,1236.0749,1235.9737,1215.8271,1194.9089,1183.7800,1161.1256,1140.2748,1115.5322,1093.8782
70,3.0000,DynamicV1Rebalance,4.0000,34871.6819,1394.8673,survival,1.0000,1.0000,1.0000,1.0000,1.0000,1.0000,1.0000,0.9998,0.9984,0.9960,0.9890,0.9790,0.9622,0.9426,0.9214,0.8950,0.8700,0.8378,0.8098,0.7818,0.7554,0.7326,0.7052,0.6796,0.6608,0.6452,0.6296,0.6140,0.6008,0.5868,0.5762,0.5692,0.5624,0.5556,0.5478,0.5436,0.5394,0.5352,0.5296,0.5260,0.5216,0.5182,0.5144,0.5114,0.5100,0.5080,0.5062,0.5046,0.5030,0.5016,0.4990,0.4976,0.4958,0.4944,0.4920
70,3.0000,DynamicV1Rebalance,4.0000,34871.6819,1394.8673,spend25p,1395.7955,1420.9611,1444.3437,1468.3639,1491.3495,1516.0351,1540.9386,1564.8848,1585.9162,1602.5282,1607.7808,1605.0213,1586.8834,1558.1671,1517.7256,1441.7871,1349.0960,1221.9045,1092.3325,928.2107,629.1763,0.0000,0.0000,0.0000,0.0000,0.0000,0.0000,0.0000,0.0000,0.0000,0.0000,0.0000,0.0000,0.0000,0.0000,0.0000,0.0000,0.0000,0.0000,0.0000,0.0000,0.0000,0.0000,0.0000,0.0000,0.0000,0.0000,0.0000,0.0000,0.0000,0.0000,0.0000,0.0000,0.0000,0.0000
70,3.0000,DynamicV1Rebalance,4.0000,34871.6819,1394.8673,spend50p,1405.6069,1450.4392,1497.0271,1547.3621,1602.3812,1656.5245,1712.8967,1770.9073,1827.2905,1880.8725,1924.0254,1958.5911,1979.6253,1981.7758,1970.9005,1935.8747,1887.6833,1826.7921,1759.9765,1683.0222,1583.9391,1517.0611,1437.7851,1353.4012,1279.9882,1218.4706,1149.1763,1080.9733,1009.5667,923.8243,599.0902,547.5039,498.6956,446.8193,403.3497,368.1774,333.7289,304.6695,268.3495,238.4109,208.5745,190.4523,149.9264,119.7170,97.6655,72.6404,39.4225,15.8328,0.0000,0.0000,0.0000,0.0000,0.0000,0.0000,0.0000
70,3.0000,DynamicV1Rebalance,4.0000,34871.6819,1394.8673,spend75p,1415.5912,1480.4408,1554.4022,1632.6804,1715.9547,1811.0569,1906.4967,2000.5022,2100.6939,2197.5955,2285.1960,2366.9304,2431.8857,2472.4377,2509.8729,2504.8281,2487.9830,2447.7457,2396.5228,2342.9360,2263.0853,2214.3727,2162.5963,2114.1949,2058.1534,2009.3011,1963.6165,1922.8508,1863.3065,1812.1744,1359.4635,1302.1398,1256.5075,1214.2321,1176.6843,1146.9785,1128.3449,1107.5156,1101.3471,1099.0736,1088.5105,1083.3396,1080.0171,1077.0826,1076.8332,1071.7694,1060.9410,1051.2334,1044.6978,1031.5668,1019.5183,1008.9364,981.8995,963.3165,928.3001
70,3.0000,DynamicV1Rebalance,5.0000,27897.3455,1394.8673,survival,1.0000,1.0000,1.0000,1.0000,1.0000,1.0000,0.9998,0.9976,0.9934,0.9824,0.9622,0.9346,0.9000,0.8584,0.8166,0.7710,0.7234,0.6782,0.6410,0.6074,0.5844,0.5590,0.5352,0.5146,0.4920,0.4732,0.4582,0.4442,0.4318,0.4194,0.4118,0.4054,0.3988,0.3926,0.3850,0.3798,0.3752,0.3720,0.3682,0.3648,0.3612,0.3580,0.3544,0.3506,0.3484,0.3460,0.3442,0.3422,0.3406,0.3390,0.3382,0.3368,0.3352,0.3350,0.3334
70,3.0000,DynamicV1Rebalance,5.0000,27897.3455,1394.8673,spend25p,1395.7955,1420.9611,1444.3437,1468.3639,1491.3495,1516.0351,1540.8182,1562.4870,1583.2378,1591.0054,1574.3938,1546.0899,1489.9468,1398.1990,1257.9047,1009.6160,0.0000,0.0000,0.0000,0.0000,0.0000,0.0000,0.0000,0.0000,0.0000,0.0000,0.0000,0.0000,0.0000,0.0000,0.0000,0.0000,0.0000,0.0000,0.0000,0.0000,0.0000,0.0000,0.0000,0.0000,0.0000,0.0000,0.0000,0.0000,0.0000,0.0000,0.0000,0.0000,0.0000,0.0000,0.0000,0.0000,0.0000,0.0000,0.0000
70,3.0000,DynamicV1Rebalance,5.0000,27897.3455,1394.8673,spend50p,1405.6069,1450.4392,1497.0271,1547.3621,1602.3812,1656.5245,1712.8726,1769.9669,1821.6887,1867.3060,1901.7493,1909.6142,1904.4089,1868.6146,1810.1066,1740.6044,1637.2762,1523.8389,1407.0009,1264.9927,1132.5142,998.9438,855.3961,679.2016,0.0000,0.0000,0.0000,0.0000,0.0000,0.0000,0.0000,0.0000,0.0000,0.0000,0.0000,0.0000,0.0000,0.0000,0.0000,0.0000,0.0000,0.0000,0.0000,0.0000,0.0000,0.0000,0.0000,0.0000,0.0000,0.0000,0.0000,0.0000,0.0000,0.0000,0.0000
70,3.0000,DynamicV1Rebalance,5.0000,27897.3455,1394.8673,spend75p,1415.5912,1480.4408,1554.4022,1632.6804,1715.9547,1811.0569,1906.4245,1998.9508,2097.2629,2186.2269,2264.5811,2319.6461,2359.8508,2375.1022,2362.6299,2325.5120,2270.5405,2173.2258,2093.3314,2029.4623,1945.0152,1883.1105,1808.7525,1746.8039,1678.9047,1620.0192,1567.2139,1510.0274,1443.0907,1364.8608,984.3752,929.0792,881.5313,829.2367,778.2908,754.8057,718.2285,698.1087,673.9920,661.2622,650.7360,626.6541,605.2573,585.4908,564.6762,549.3263,527.3370,509.2940,495.2379,472.0881,451.1418,435.3893,405.7869,393.9492,368.2831
70,3.0000,DynamicV1Rebalance,6.0000,23247.7879,1394.8673,survival,1.0000,1.0000,1.0000,1.0000,1.0000,1.0000,0.9984,0.9928,0.9760,0.9480,0.9078,0.8568,0.8000,0.7338,0.6744,0.6132,0.5670,0.5364,0.4998,0.4612,0.4320,0.4060,0.3846,0.3660,0.3494,0.3302,0.3178,0.3052,0.2930,0.2820,0.2748,0.2670,0.2606,0.2572,0.2522,0.2492,0.2454,0.2420,0.2392,0.2360,0.2332,0.2316,0.2286,0.2258,0.2244,0.2218,0.2202,0.2186,0.2174,0.2160,0.2152,0.2146,0.2140,0.2132,0.2126
70,3.0000,DynamicV1Rebalance,6.0000,23247.7879,1394.8673,spend25p,1395.7955,1420.9611,1444.3437,1468.3639,1491.3495,1516.0351,1540.1490,1559.0832,1564.9993,1549.5673,1502.0699,1410.2908,1246.7026,0.0000,0.0000,0.0000,0.0000,0.0000,0.0000,0.0000,0.0000,0.0000,0.0000,0.0000,0.0000,0.0000,0.0000,0.0000,0.0000,0.0000,0.0000,0.0000,0.0000,0.0000,0.0000,0.0000,0.0000,0.0000,0.0000,0.0000,0.0000,0.0000,0.0000,0.0000,0.0000,0.0000,0.0000,0.0000,0.0000,0.0000,0.0000,0.0000,0.0000,0.0000,0.0000
70,3.0000,DynamicV1Rebalance,6.0000,23247.7879,1394.8673,spend50p,1405.6069,1450.4392,1497.0271,1547.3621,1602.3812,1656.5245,1712.3769,1766.3066,1807.6799,1843.9042,1851.9365,1830.6720,1774.2469,1675.2908,1573.7684,1411.8246,1227.8929,1046.3406,0.0000,0.0000,0.0000,0.0000,0.0000,0.0000,0.0000,0.0000,0.0000,0.0000,0.0000,0.0000,0.0000,0.0000,0.0000,0.0000,0.0000,0.0000,0.0000,0.0000,0.0000,0.0000,0.0000,0.0000,0.0000,0.0000,0.0000,0.0000,0.0000,0.0000,0.0000,0.0000,0.0000,0.0000,0.0000,0.0000,0.0000
70,3.0000,DynamicV1Rebalance,6.0000,23247.7879,1394.8673,spend75p,1415.5912,1480.4408,1554.4022,1632.6804,1715.9547,1811.0569,1905.9638,1995.7202,2084.0702,2158.9697,2222.9781,2253.9250,2252.2617,2215.4454,2165.7054,2074.4797,1995.0776,1938.8247,1831.7098,1715.6533,1596.3678,1493.4825,1412.5389,1320.4171,1236.9894,1132.2354,1053.3098,956.9755,845.3210,748.7902,452.4281,363.8018,272.8988,219.0617,119.8938,0.0000,0.0000,0.0000,0.0000,0.0000,0.0000,0.0000,0.0000,0.0000,0.0000,0.0000,0.0000,0.0000,0.0000,0.0000,0.0000,0.0000,0.0000,0.0000,0.0000
70,3.0000,DynamicV1Rebalance,7.0000,19926.6754,1394.8673,survival,1.0000,1.0000,1.0000,1.0000,1.0000,0.9994,0.9946,0.9748,0.9386,0.8894,0.8228,0.7424,0.6634,0.5922,0.5304,0.4786,0.4334,0.3906,0.3576,0.3266,0.3000,0.2782,0.2602,0.2448,0.2338,0.2212,0.2096,0.2018,0.1940,0.1852,0.1806,0.1752,0.1700,0.1668,0.1632,0.1608,0.1596,0.1578,0.1554,0.1530,0.1516,0.1504,0.1488,0.1468,0.1460,0.1446,0.1438,0.1426,0.1424,0.1416,0.1402,0.1394,0.1386,0.1376,0.1372
70,3.0000,DynamicV1Rebalance,7.0000,19926.6754,1394.8673,spend25p,1395.7955,1420.9611,1444.3437,1468.3639,1491.3495,1515.3206,1536.8659,1546.7316,1528.9284,1470.8113,1346.7217,0.0000,0.0000,0.0000,0.0000,0.0000,0.0000,0.0000,0.0000,0.0000,0.0000,0.0000,0.0000,0.0000,0.0000,0.0000,0.0000,0.0000,0.0000,0.0000,0.0000,0.0000,0.0000,0.0000,0.0000,0.0000,0.0000,0.0000,0.0000,0.0000,0.0000,0.0000,0.0000,0.0000,0.0000,0.0000,0.0000,0.0000,0.0000,0.0000,0.0000,0.0000,0.0000,0.0000,0.0000
70,3.0000,DynamicV1Rebalance,7.0000,19926.6754,1394.8673,spend50p,1405.6069,1450.4392,1497.0271,1547.3621,1602.3812,1656.1562,1709.8319,1755.8337,1784.1150,1791.9527,1756.6769,1670.2151,1555.0410,1394.8144,1122.7139,0.0000,0.0000,0.0000,0.0000,0.0000,0.0000,0.0000,0.0000,0.0000,0.0000,0.0000,0.0000,0.0000,0.0000,0.0000,0.0000,0.0000,0.0000,0.0000,0.0000,0.0000,0.0000,0.0000,0.0000,0.0000,0.0000,0.0000,0.0000,0.0000,0.0000,0.0000,0.0000,0.0000,0.0000,0.0000,0.0000,0.0000,0.0000,0.0000,0.0000
70,3.0000,DynamicV1Rebalance,7.0000,19926.6754,1394.8673,spend75p,1415.5912,1480.4408,1554.4022,1632.6804,1715.9547,1810.7600,1904.2408,1985.8660,2058.0933,2122.9690,2144.4562,2126.2033,2078.6221,2017.9279,1923.5154,1817.7434,1704.3995,1572.6751,1449.1042,1289.3179,1083.9483,914.7931,697.0749,0.0000,0.0000,0.0000,0.0000,0.0000,0.0000,0.0000,0.0000,0.0000,0.0000,0.0000,0.0000,0.0000,0.0000,0.0000,0.0000,0.0000,0.0000,0.0000,0.0000,0.0000,0.0000,0.0000,0.0000,0.0000,0.0000,0.0000,0.0000,0.0000,0.0000,0.0000,0.0000
75,0.5000,DynamicV1Rebalance,2.5000,10015.7818,250.3945,survival,1.0000,1.0000,1.0000,1.0000,1.0000,1.0000,1.0000,1.0000,1.0000,1.0000,0.9998,0.9992,0.9984,0.9970,0.9954,0.9934,0.9896,0.9848,0.9802,0.9748,0.9690,0.9628,0.9554,0.9498,0.9416,0.9340,0.9258,0.9170,0.9090,0.9010,0.8930,0.8864,0.8806,0.8744,0.8696,0.8694,0.8694,0.8694,0.8694,0.8694,0.8694,0.8694,0.8694,0.8694,0.8694,0.8694,0.8694,0.8694,0.8694,0.8694,0.8694,0.8694,0.8694,0.8694,0.8694
75,0.5000,DynamicV1Rebalance,2.5000,10015.7818,250.3945,spend25p,250.5612,254.6776,258.4794,262.4005,266.1417,270.1910,274.2865,278.2853,281.9387,285.0475,287.4654,289.3545,290.1911,291.6999,291.4651,288.9867,286.2077,280.8524,275.4325,269.1136,242.4888,236.4704,230.0018,223.7588,216.7408,210.3617,202.1944,193.9249,185.7200,176.6943,168.4717,162.2449,155.3474,149.3904,144.7738,-366.1311,-391.4876,-415.1148,-439.9481,-462.5521,-487.4761,-512.4299,-540.1903,-566.6976,-593.7818,-623.9988,-656.8828,-689.1518,-724.0306,-761.1903,-803.6344,-847.9637,-890.1811,-940.5293,-992.4732
75,0.5000,DynamicV1Rebalance,2.5000,10015.7818,250.3945,spend50p,252.3224,259.9609,267.9076,276.5176,285.9560,295.2294,304.8950,314.8998,324.8859,334.5659,343.3920,351.4027,358.4693,364.6492,368.4509,370.5614,370.1949,366.0399,363.2525,360.2531,326.9550,323.4772,320.0052,315.1433,311.3570,307.9132,302.8061,296.7674,289.8815,282.5499,275.3035,267.1028,262.2611,256.9402,251.8614,-300.6331,-317.7407,-334.2485,-351.2330,-368.4613,-385.5706,-402.8077,-419.4077,-437.5301,-457.4705,-477.5881,-497.4936,-519.5771,-543.1795,-569.3322,-595.4818,-622.1697,-650.5896,-678.1188,-708.9899
75,0.5000,DynamicV1Rebalance,2.5000,10015.7818,250.3945,spend75p,254.1147,265.3381,278.1755,291.7642,306.2240,322.7704,339.3557,355.7215,373.4309,390.8706,407.2078,423.3252,438.5134,451.4929,463.9206,471.7919,477.6543,483.9796,485.8378,487.9494,449.3425,447.8241,445.0861,442.7221,440.8663,441.0139,438.2182,433.5571,428.5781,421.6962,412.8617,407.5108,403.0801,398.7427,397.1695,-249.3671,-260.3583,-270.6092,-281.1590,-291.6404,-301.5270,-312.4524,-323.0173,-333.7088,-344.8694,-357.6130,-371.1274,-384.9706,-399.3082,-413.9708,-431.3932,-445.5413,-461.3753,-479.9921,-496.6476
75,0.5000,DynamicV1Rebalance,2.8000,8942.6624,250.3945,survival,1.0000,1.0000,1.0000,1.0000,1.0000,1.0000,1.0000,1.0000,1.0000,0.9998,0.9990,0.9980,0.9960,0.9936,0.9894,0.9840,0.9760,0.9690,0.9590,0.9496,0.9382,0.9286,0.9192,0.9086,0.8998,0.8900,0.8786,0.8682,0.8608,0.8468,0.8412,0.8314,0.8240,0.8176,0.8086,0.8086,0.8086,0.8086,0.8086,0.8086,0.8086,0.8086,0.8086,0.8086,0.8086,0.8086,0.8086,0.8086,0.8086,0.8086,0.8086,0.8086,0.8086,0.8086,0.8086
75,0.5000,DynamicV1Rebalance,2.8000,8942.6624,250.3945,spend25p,250.5612,254.6776,258.4794,262.4005,266.1417,270.1910,274.2865,278.2853,281.9387,285.0259,287.2218,288.9490,289.1429,290.6337,289.9740,286.3625,281.7674,276.0407,268.4255,260.9928,230.7610,223.0756,214.1517,205.1226,198.0095,189.2063,181.2389,171.0491,162.8271,151.0332,143.4630,134.4036,127.0612,120.3106,112.7007,-355.9903,-378.0484,-402.6328,-424.7188,-448.4689,-470.3124,-496.4778,-520.8137,-545.7423,-573.5604,-601.6814,-632.5732,-662.6786,-700.0769,-737.9377,-776.7694,-818.2796,-860.0299,-904.8626,-949.5393
75,0.5000,DynamicV1Rebalance,2.8000,8942.6624,250.3945,spend50p,252.3224,259.9609,267.9076,276.5176,285.9560,295.2294,304.8950,314.8998,324.8859,334.5570,343.1984,350.7782,357.8798,363.7111,366.9030,368.1595,365.4970,361.0954,356.3264,351.0323,318.6850,313.6989,307.4770,302.1616,297.0906,291.9644,286.2312,279.4252,273.7125,263.6439,257.3757,248.8967,240.9830,233.9706,229.4602,-291.4152,-307.2451,-322.7857,-338.1194,-353.8610,-368.8961,-384.5541,-400.2487,-418.2355,-436.2697,-454.8153,-473.6944,-493.9079,-516.0336,-540.3034,-564.5715,-590.8282,-617.2343,-644.5158,-672.1118
75,0.5000,DynamicV1Rebalance,2.8000,8942.6624,250.3945,spend75p,254.1147,265.3381,278.1755,291.7642,306.2240,322.7704,339.3557,355.7215,373.4309,390.8618,406.9881,422.9313,437.9234,450.4056,461.6618,469.7237,473.6518,477.3758,477.0988,477.6451,438.6375,433.6522,430.3050,428.1129,426.1190,423.2496,418.7313,412.3650,405.8695,397.1892,391.6911,383.6414,378.2315,374.5125,369.8780,-230.7488,-239.0679,-248.5459,-257.4651,-267.0960,-275.5098,-285.7846,-294.7029,-304.3844,-314.0024,-323.4679,-334.1112,-345.5826,-357.1308,-368.3125,-381.4171,-395.2002,-407.7924,-421.7176,-434.3463
75,0.5000,DynamicV1Rebalance,3.0000,8346.4849,250.3945,survival,1.0000,1.0000,1.0000,1.0000,1.0000,1.0000,1.0000,1.0000,1.0000,0.9996,0.9980,0.9968,0.9938,0.9894,0.9834,0.9728,0.9638,0.9526,0.9416,0.9286,0.9148,0.9038,0.8910,0.8784,0.8674,0.8554,0.8442,0.8304,0.8196,0.8084,0.8000,0.7898,0.7788,0.7694,0.7628,0.7618,0.7618,0.7618,0.7618,0.7618,0.7618,0.7618,0.7618,0.7618,0.7618,0.7618,0.7618,0.7618,0.7618,0.7618,0.7618,0.7618,0.7618,0.7618,0.7618
75,0.5000,DynamicV1Rebalance,3.0000,8346.4849,250.3945,spend25p,250.5612,254.6776,258.4794,262.4005,266.1417,270.1910,274.2865,278.2853,281.9387,284.9820,287.0417,288.5387,288.7525,288.5206,287.7911,283.5320,278.2015,269.5133,261.0266,251.2858,222.1774,212.0854,201.8591,193.0587,183.4627,173.0149,162.2162,150.3346,140.1960,128.5446,119.3856,108.9445,96.5799,83.1806,72.8302,-347.6646,-370.2726,-391.9108,-414.3288,-436.7971,-458.9297,-482.2047,-507.8930,-531.5475,-559.7130,-587.9735,-615.1746,-647.0332,-679.9731,-714.4368,-752.5243,-790.8000,-833.8617,-875.8040,-917.3575
75,0.5000,DynamicV1Rebalance,3.0000,8346.4849,250.3945,spend50p,252.3224,259.9609,267.9076,276.5176,285.9560,295.2294,304.8950,314.8998,324.8859,334.4963,342.9863,350.7189,357.3426,362.4868,365.9095,365.3415,362.3251,356.2760,351.3810,344.7118,311.4564,305.8691,298.3397,293.2312,287.1099,280.6202,274.0990,266.7244,259.0848,250.7372,242.8380,233.9982,226.2306,218.7557,212.8281,-283.8305,-298.6413,-313.9147,-328.6711,-342.4921,-357.0477,-371.8669,-387.7535,-404.0240,-420.0777,-436.4487,-455.0507,-475.2259,-494.8628,-515.6596,-537.2382,-560.7927,-585.4986,-612.2086,-638.1425
75,0.5000,DynamicV1Rebalance,3.0000,8346.4849,250.3945,spend75p,254.1147,265.3381,278.1755,291.7642,306.2240,322.7704,339.3557,355.7215,373.4309,390.8449,406.7834,422.8458,437.5212,449.3969,460.0297,466.2913,470.8571,470.3743,470.4814,468.6160,426.6913,423.1525,420.7949,416.2240,413.2035,409.3028,406.4048,396.8468,390.1644,382.3551,376.8579,368.6934,360.3550,355.0507,351.6984,-204.5195,-211.4329,-218.3058,-224.2261,-229.8575,-237.4824,-244.7363,-251.3038,-257.2799,-263.3671,-270.0235,-277.1107,-283.3965,-288.5143,-296.2352,-302.4845,-314.6239,-323.3749,-335.5953,-344.4809
75,0.5000,DynamicV1Rebalance,3.3300,7519.3557,250.3945,survival,1.0000,1.0000,1.0000,1.0000,1.0000,1.0000,1.0000,1.0000,0.9998,0.9984,0.9970,0.9930,0.9876,0.9800,0.9656,0.9538,0.9390,0.9232,0.9066,0.8874,0.8714,0.8562,0.8380,0.8242,0.8096,0.7930,0.7782,0.7634,0.7500,0.7386,0.7280,0.7160,0.7076,0.6996,0.6926,0.6922,0.6922,0.6922,0.6922,0.6922,0.6922,0.6922,0.6922,0.6922,0.6922,0.6922,0.6922,0.6922,0.6922,0.6922,0.6922,0.6922,0.6922,0.6922,0.6922
75,0.5000,DynamicV1Rebalance,3.3300,7519.3557,250.3945,spend25p,250.5612,254.6776,258.4794,262.4005,266.1417,270.1910,274.2865,278.2853,281.8726,284.7647,286.8812,287.9108,287.4863,286.0666,282.0217,277.3780,269.1045,258.2677,246.8484,232.7526,201.7548,187.3650,174.5271,162.4151,150.1785,133.5233,116.4862,95.7028,22.0769,0.0000,0.0000,0.0000,0.0000,0.0000,0.0000,-336.3881,-357.4717,-378.5576,-399.1980,-420.2372,-441.9858,-465.6394,-488.6318,-511.0732,-538.3753,-562.8364,-589.0530,-619.1077,-649.8715,-683.9589,-718.7743,-751.7792,-789.6818,-830.5367,-870.4907
75,0.5000,DynamicV1Rebalance,3.3300,7519.3557,250.3945,spend50p,252.3224,259.9609,267.9076,276.5176,285.9560,295.2294,304.8950,314.8998,324.7905,334.3032,342.8062,349.8535,356.1968,359.7620,361.0973,359.0631,354.9019,348.9882,340.8283,332.7092,299.5209,290.2253,282.8578,275.8324,268.5668,262.0299,254.6060,246.3625,235.9305,224.5787,215.6410,205.9180,198.3812,192.4831,187.1639,-270.6553,-284.4771,-297.4595,-309.8650,-323.0006,-336.4998,-349.6371,-363.1256,-378.1205,-392.6087,-407.7065,-424.9533,-442.3937,-460.4252,-478.3659,-497.7175,-517.7894,-538.4334,-561.0524,-584.3514
75,0.5000,DynamicV1Rebalance,3.3300,7519.3557,250.3945,spend75p,254.1147,265.3381,278.1755,291.7642,306.2240,322.7704,339.3557,355.7215,373.3816,390.3845,406.6716,421.7595,435.0542,447.7275,455.3620,459.5195,461.6643,461.3217,459.1655,452.9523,411.2711,406.6525,400.0366,398.5877,394.1190,389.9141,380.1903,373.0293,364.6874,357.5434,349.3596,342.3269,334.3909,327.7649,325.8139,0.0000,0.0000,0.0000,0.0000,0.0000,0.0000,0.0000,0.0000,0.0000,0.0000,0.0000,0.0000,0.0000,0.0000,0.0000,0.0000,0.0000,0.0000,0.0000,0.0000
75,0.5000,DynamicV1Rebalance,3.6600,6841.3810,250.3945,survival,1.0000,1.0000,1.0000,1.0000,1.0000,1.0000,1.0000,1.0000,0.9994,0.9974,0.9946,0.9884,0.9794,0.9622,0.9484,0.9294,0.9106,0.8862,0.8626,0.8416,0.8200,0.7998,0.7818,0.7596,0.7424,0.7258,0.7100,0.6948,0.6840,0.6724,0.6612,0.6500,0.6378,0.6286,0.6212,0.6204,0.6204,0.6204,0.6204,0.6204,0.6204,0.6204,0.6204,0.6204,0.6204,0.6204,0.6204,0.6204,0.6204,0.6204,0.6204,0.6204,0.6204,0.6204,0.6204
75,0.5000,DynamicV1Rebalance,3.6600,6841.3810,250.3945,spend25p,250.5612,254.6776,258.4794,262.4005,266.1417,270.1910,274.2865,278.2853,281.8607,284.5969,286.5944,286.5290,285.4474,281.9104,277.3190,267.4909,257.2053,241.2274,225.1431,206.8651,172.3560,155.8139,135.1659,102.7697,0.0000,0.0000,0.0000,0.0000,0.0000,0.0000,0.0000,0.0000,0.0000,0.0000,0.0000,-322.6274,-343.1527,-363.5539,-383.3820,-402.4410,-422.7809,-444.7324,-465.7891,-487.2911,-510.5237,-535.1416,-561.4943,-587.7192,-617.6742,-645.3190,-674.5232,-711.0852,-746.1581,-785.1491,-820.8131
75,0.5000,DynamicV1Rebalance,3.6600,6841.3810,250.3945,spend50p,252.3224,259.9609,267.9076,276.5176,285.9560,295.2294,304.8950,314.8998,324.6799,334.1152,342.5079,348.9895,354.2413,355.5870,355.7935,352.7986,347.3498,339.0071,328.9566,320.3920,283.4752,274.4986,265.9695,254.6973,247.9094,238.1908,227.2987,217.4814,207.0829,197.0464,188.9713,177.7119,168.7258,160.9344,154.2635,-254.6982,-266.2277,-277.6615,-288.5822,-299.2476,-310.5929,-321.2699,-332.6332,-344.3512,-357.6533,-369.4998,-382.5334,-398.2886,-414.7433,-431.3582,-448.6782,-466.6012,-483.1398,-501.1462,-522.3362
75,0.5000,DynamicV1Rebalance,3.6600,6841.3810,250.3945,spend75p,254.1147,265.3381,278.1755,291.7642,306.2240,322.7704,339.3557,355.7215,373.2463,390.1731,406.2572,421.2342,433.1178,443.5279,450.9762,453.0078,453.5342,450.1368,443.8898,437.0173,395.2046,389.8490,384.7096,376.7461,370.8090,363.5378,357.1839,348.2975,342.2273,332.5931,325.1352,316.8965,307.6334,303.0005,296.6670,0.0000,0.0000,0.0000,0.0000,0.0000,0.0000,0.0000,0.0000,0.0000,0.0000,0.0000,0.0000,0.0000,0.0000,0.0000,0.0000,0.0000,0.0000,0.0000,0.0000
75,0.5000,DynamicV1Rebalance,4.0000,6259.8637,250.3945,survival,1.0000,1.0000,1.0000,1.0000,1.0000,1.0000,1.0000,0.9998,0.9986,0.9966,0.9898,0.9804,0.9644,0.9446,0.9246,0.8992,0.8738,0.8442,0.8138,0.7874,0.7608,0.7404,0.7162,0.6948,0.6736,0.6578,0.6416,0.6288,0.6164,0.6026,0.5914,0.5808,0.5714,0.5642,0.5566,0.5564,0.5564,0.5564,0.5564,0.5564,0.5564,0.5564,0.5564,0.5564,0.5564,0.5564,0.5564,0.5564,0.5564,0.5564,0.5564,0.5564,0.5564,0.5564,0.5564
75,0.5000,DynamicV1Rebalance,4.0000,6259.8637,250.3945,spend25p,250.5612,254.6776,258.4794,262.4005,266.1417,270.1910,274.2865,278.2285,281.7105,284.4840,285.3944,284.7390,281.8353,276.7017,270.4241,257.1644,241.1578,221.9749,196.2239,169.5200,118.2958,0.0000,0.0000,0.0000,0.0000,0.0000,0.0000,0.0000,0.0000,0.0000,0.0000,0.0000,0.0000,0.0000,0.0000,-311.4335,-329.2764,-348.2161,-368.4691,-386.8656,-406.5919,-425.1963,-445.1176,-464.7394,-485.0574,-507.0926,-531.3363,-556.6293,-584.9317,-612.6057,-641.4349,-671.3310,-700.2003,-735.8080,-770.4719
75,0.5000,DynamicV1Rebalance,4.0000,6259.8637,250.3945,spend50p,252.3224,259.9609,267.9076,276.5176,285.9560,295.2294,304.8950,314.8582,324.5729,334.0016,341.4043,347.4183,351.1136,351.6496,350.0239,345.0926,336.3644,326.4469,314.0659,301.5574,265.6998,255.7823,243.8898,232.0355,219.5035,208.8008,198.1761,187.6269,175.8835,165.0091,153.4149,141.6182,132.5579,125.0112,116.0903,-233.4430,-242.7175,-251.8695,-261.0686,-270.5622,-281.6198,-290.3975,-298.6187,-308.1994,-318.6505,-329.4028,-340.5992,-351.3991,-363.2073,-375.8279,-387.6319,-402.0116,-414.5261,-428.7823,-443.9699
75,0.5000,DynamicV1Rebalance,4.0000,6259.8637,250.3945,spend75p,254.1147,265.3381,278.1755,291.7642,306.2240,322.7704,339.3557,355.6790,373.1153,390.0567,405.4507,419.9664,431.2411,438.3497,446.2391,445.7628,442.4070,437.4668,427.6218,418.8951,379.4477,372.5990,364.3376,356.4622,348.1538,340.7285,331.8165,324.5977,316.4968,308.1581,298.9942,290.1674,280.9515,278.0106,271.2243,0.0000,0.0000,0.0000,0.0000,0.0000,0.0000,0.0000,0.0000,0.0000,0.0000,0.0000,0.0000,0.0000,0.0000,0.0000,0.0000,0.0000,0.0000,0.0000,0.0000
75,0.5000,DynamicV1Rebalance,5.0000,5007.8909,250.3945,survival,1.0000,1.0000,1.0000,1.0000,1.0000,1.0000,0.9998,0.9980,0.9936,0.9828,0.9630,0.9364,0.9038,0.8648,0.8218,0.7798,0.7316,0.6852,0.6486,0.6148,0.5904,0.5686,0.5464,0.5280,0.5076,0.4878,0.4726,0.4590,0.4484,0.4364,0.4246,0.4166,0.4078,0.4002,0.3932,0.3930,0.3930,0.3930,0.3930,0.3930,0.3930,0.3930,0.3930,0.3930,0.3930,0.3930,0.3930,0.3930,0.3930,0.3930,0.3930,0.3930,0.3930,0.3930,0.3930
75,0.5000,DynamicV1Rebalance,5.0000,5007.8909,250.3945,spend25p,250.5612,254.6776,258.4794,262.4005,266.1417,270.1910,274.2651,277.9212,281.2231,282.3971,279.5848,274.5708,265.2023,249.6353,225.2200,189.4707,0.0000,0.0000,0.0000,0.0000,0.0000,0.0000,0.0000,0.0000,0.0000,0.0000,0.0000,0.0000,0.0000,0.0000,0.0000,0.0000,0.0000,0.0000,0.0000,-276.2376,-290.0435,-303.6982,-317.4085,-332.2848,-345.1045,-360.3020,-374.5994,-388.7902,-406.0338,-421.1545,-441.5893,-460.6560,-479.6618,-497.7376,-517.8818,-539.8536,-563.1600,-586.4628,-613.2445
75,0.5000,DynamicV1Rebalance,5.0000,5007.8909,250.3945,spend50p,252.3224,259.9609,267.9076,276.5176,285.9560,295.2294,304.8907,314.7092,323.5952,331.4414,337.3401,339.0592,338.3247,332.7700,322.2815,310.8114,293.2854,273.5512,252.9348,231.3151,192.2420,172.0276,153.3038,130.5696,98.7488,0.0000,0.0000,0.0000,0.0000,0.0000,0.0000,0.0000,0.0000,0.0000,0.0000,0.0000,0.0000,0.0000,0.0000,0.0000,0.0000,0.0000,0.0000,0.0000,0.0000,0.0000,0.0000,0.0000,0.0000,0.0000,0.0000,0.0000,0.0000,0.0000,0.0000
75,0.5000,DynamicV1Rebalance,5.0000,5007.8909,250.3945,spend75p,254.1147,265.3381,278.1755,291.7642,306.2240,322.7704,339.3428,355.4109,372.5014,388.0492,401.5938,411.3846,418.7221,422.2497,419.4945,414.4731,405.4892,388.3943,375.5212,363.5351,325.9743,317.1465,305.9752,297.2655,287.3171,275.8179,267.6864,258.1922,248.9060,237.3841,225.5349,216.8513,208.9328,201.6969,195.1249,0.0000,0.0000,0.0000,0.0000,0.0000,0.0000,0.0000,0.0000,0.0000,0.0000,0.0000,0.0000,0.0000,0.0000,0.0000,0.0000,0.0000,0.0000,0.0000,0.0000
75,0.5000,DynamicV1Rebalance,6.0000,4173.2424,250.3945,survival,1.0000,1.0000,1.0000,1.0000,1.0000,1.0000,0.9986,0.9936,0.9770,0.9504,0.9114,0.8606,0.8068,0.7406,0.6816,0.6240,0.5748,0.5408,0.5090,0.4670,0.4414,0.4154,0.3954,0.3770,0.3606,0.3454,0.3308,0.3192,0.3094,0.2968,0.2866,0.2794,0.2700,0.2630,0.2586,0.2578,0.2578,0.2578,0.2578,0.2578,0.2578,0.2578,0.2578,0.2578,0.2578,0.2578,0.2578,0.2578,0.2578,0.2578,0.2578,0.2578,0.2578,0.2578,0.2578
75,0.5000,DynamicV1Rebalance,6.0000,4173.2424,250.3945,spend25p,250.5612,254.6776,258.4794,262.4005,266.1417,270.1910,274.1544,277.2601,278.1899,275.4862,267.4081,251.3488,224.0400,0.0000,0.0000,0.0000,0.0000,0.0000,0.0000,0.0000,0.0000,0.0000,0.0000,0.0000,0.0000,0.0000,0.0000,0.0000,0.0000,0.0000,0.0000,0.0000,0.0000,0.0000,0.0000,-205.1070,-212.2174,-219.2698,-224.7429,-229.9865,-238.3124,-247.2403,-251.9173,-258.9938,-264.6971,-270.9631,-278.6552,-284.6726,-292.7624,-301.9621,-308.9661,-318.1089,-329.5002,-339.9708,-352.4514
75,0.5000,DynamicV1Rebalance,6.0000,4173.2424,250.3945,spend50p,252.3224,259.9609,267.9076,276.5176,285.9560,295.2294,304.8024,314.2469,321.1422,327.3681,328.7348,324.8965,315.6276,299.3090,280.6306,255.6728,223.0972,191.2081,140.1677,0.0000,0.0000,0.0000,0.0000,0.0000,0.0000,0.0000,0.0000,0.0000,0.0000,0.0000,0.0000,0.0000,0.0000,0.0000,0.0000,0.0000,0.0000,0.0000,0.0000,0.0000,0.0000,0.0000,0.0000,0.0000,0.0000,0.0000,0.0000,0.0000,0.0000,0.0000,0.0000,0.0000,0.0000,0.0000,0.0000
75,0.5000,DynamicV1Rebalance,6.0000,4173.2424,250.3945,spend75p,254.1147,265.3381,278.1755,291.7642,306.2240,322.7704,339.2608,354.9283,370.1828,383.2210,394.5420,400.2077,400.5515,394.2189,386.0057,371.2856,356.3395,346.1681,330.0632,307.5975,270.1642,255.1451,241.4445,227.8817,212.3391,199.4368,187.4415,174.7781,160.2763,140.3070,125.1728,114.9722,98.9342,82.9625,72.3714,0.0000,0.0000,0.0000,0.0000,0.0000,0.0000,0.0000,0.0000,0.0000,0.0000,0.0000,0.0000,0.0000,0.0000,0.0000,0.0000,0.0000,0.0000,0.0000,0.0000
75,0.5000,DynamicV1Rebalance,7.0000,3577.0649,250.3945,survival,1.0000,1.0000,1.0000,1.0000,1.0000,0.9996,0.9948,0.9762,0.9414,0.8940,0.8276,0.7492,0.6706,0.6004,0.5382,0.4858,0.4404,0.3974,0.3658,0.3346,0.3084,0.2898,0.2684,0.2532,0.2416,0.2322,0.2204,0.2110,0.2038,0.1974,0.1896,0.1842,0.1776,0.1720,0.1664,0.1662,0.1662,0.1662,0.1662,0.1662,0.1662,0.1662,0.1662,0.1662,0.1662,0.1662,0.1662,0.1662,0.1662,0.1662,0.1662,0.1662,0.1662,0.1662,0.1662
75,0.5000,DynamicV1Rebalance,7.0000,3577.0649,250.3945,spend25p,250.5612,254.6776,258.4794,262.4005,266.1417,270.1171,273.5894,275.2113,271.8812,262.3252,240.6944,0.0000,0.0000,0.0000,0.0000,0.0000,0.0000,0.0000,0.0000,0.0000,0.0000,0.0000,0.0000,0.0000,0.0000,0.0000,0.0000,0.0000,0.0000,0.0000,0.0000,0.0000,0.0000,0.0000,0.0000,0.0000,0.0000,0.0000,0.0000,0.0000,0.0000,0.0000,0.0000,0.0000,0.0000,0.0000,0.0000,0.0000,0.0000,0.0000,0.0000,0.0000,0.0000,0.0000,0.0000
75,0.5000,DynamicV1Rebalance,7.0000,3577.0649,250.3945,spend50p,252.3224,259.9609,267.9076,276.5176,285.9560,295.1832,304.3709,312.2551,317.3091,318.5954,312.5878,297.9416,278.1797,250.3577,208.4147,0.0000,0.0000,0.0000,0.0000,0.0000,0.0000,0.0000,0.0000,0.0000,0.0000,0.0000,0.0000,0.0000,0.0000,0.0000,0.0000,0.0000,0.0000,0.0000,0.0000,0.0000,0.0000,0.0000,0.0000,0.0000,0.0000,0.0000,0.0000,0.0000,0.0000,0.0000,0.0000,0.0000,0.0000,0.0000,0.0000,0.0000,0.0000,0.0000,0.0000
75,0.5000,DynamicV1Rebalance,7.0000,3577.0649,250.3945,spend75p,254.1147,265.3381,278.1755,291.7642,306.2240,322.7373,338.9606,353.3888,365.8671,377.5190,381.3176,377.9528,369.8182,359.7581,343.8642,325.8322,306.4914,282.8320,263.4782,235.1868,189.6283,166.4854,132.5069,89.8080,0.0000,0.0000,0.0000,0.0000,0.0000,0.0000,0.0000,0.0000,0.0000,0.0000,0.0000,0.0000,0.0000,0.0000,0.0000,0.0000,0.0000,0.0000,0.0000,0.0000,0.0000,0.0000,0.0000,0.0000,0.0000,0.0000,0.0000,0.0000,0.0000,0.0000,0.0000
75,0.7500,DynamicV1Rebalance,2.5000,14593.6728,364.8418,survival,1.0000,1.0000,1.0000,1.0000,1.0000,1.0000,1.0000,1.0000,1.0000,1.0000,0.9998,0.9992,0.9984,0.9970,0.9950,0.9926,0.9892,0.9848,0.9798,0.9740,0.9684,0.9616,0.9550,0.9476,0.9394,0.9316,0.9238,0.9136,0.9056,0.8970,0.8888,0.8834,0.8768,0.8710,0.8650,0.8646,0.8646,0.8646,0.8646,0.8646,0.8646,0.8646,0.8646,0.8646,0.8646,0.8646,0.8646,0.8646,0.8646,0.8646,0.8646,0.8646,0.8646,0.8646,0.8646
75,0.7500,DynamicV1Rebalance,2.5000,14593.6728,364.8418,spend25p,365.0846,371.3059,377.0658,382.9968,388.6625,394.7754,400.9517,406.9772,412.4824,417.1699,420.8202,423.6646,424.9313,427.1399,426.6307,422.7513,418.4447,410.7810,402.4713,392.5393,363.2226,354.1525,344.9070,334.3846,323.2848,313.2138,301.9342,289.3482,275.8729,262.2473,250.9241,240.9301,229.9455,221.3501,213.8181,-185.1879,-201.6891,-218.7310,-236.1105,-254.0895,-271.7791,-291.0583,-310.4256,-331.8766,-354.1737,-380.6022,-407.7498,-438.0101,-470.2021,-505.3869,-542.5184,-581.4271,-622.7952,-667.8432,-714.2890
75,0.7500,DynamicV1Rebalance,2.5000,14593.6728,364.8418,spend50p,367.6509,379.0087,390.8196,403.6021,417.5986,431.3589,445.6951,460.5240,475.3150,489.6406,502.6910,514.5139,524.9120,533.9605,539.3217,542.3207,541.5166,535.3781,530.9628,525.7791,490.2727,484.8271,479.8538,471.4929,465.8340,460.8160,453.1892,441.9692,432.2735,421.3567,409.9124,399.8887,391.4636,382.9669,375.1006,-163.2259,-179.4043,-194.6366,-210.0976,-225.0263,-240.1408,-255.3932,-271.3623,-288.3944,-305.9853,-325.4839,-346.2804,-367.5107,-391.2667,-416.2789,-441.2772,-468.4402,-496.5238,-527.0124,-558.2635
75,0.7500,DynamicV1Rebalance,2.5000,14593.6728,364.8418,spend75p,370.2624,386.8483,405.7981,425.8558,447.1971,471.5991,496.0698,520.2234,546.3374,572.0432,596.1108,619.8207,642.1219,661.1268,678.8359,690.1072,698.8373,707.8794,710.1320,712.4153,673.7543,670.8955,667.5205,662.9502,660.6285,660.0785,655.4776,648.3958,640.1037,629.0015,615.8314,610.1960,602.0368,595.2015,593.6142,-128.8506,-150.5879,-169.3708,-184.2114,-197.7599,-211.0848,-223.9535,-237.4590,-249.9734,-263.3212,-277.4873,-291.8202,-306.1031,-321.4350,-337.3964,-353.2137,-368.5010,-385.7202,-403.8600,-423.2902
75,0.7500,DynamicV1Rebalance,2.8000,13030.0650,364.8418,survival,1.0000,1.0000,1.0000,1.0000,1.0000,1.0000,1.0000,1.0000,1.0000,0.9998,0.9990,0.9980,0.9960,0.9936,0.9890,0.9836,0.9760,0.9682,0.9586,0.9486,0.9372,0.9276,0.9168,0.9062,0.8962,0.8862,0.8738,0.8658,0.8546,0.8442,0.8362,0.8262,0.8200,0.8104,0.8042,0.8034,0.8034,0.8034,0.8034,0.8034,0.8034,0.8034,0.8034,0.8034,0.8034,0.8034,0.8034,0.8034,0.8034,0.8034,0.8034,0.8034,0.8034,0.8034,0.8034
75,0.7500,DynamicV1Rebalance,2.8000,13030.0650,364.8418,spend25p,365.0846,371.3059,377.0658,382.9968,388.6625,394.7754,400.9517,406.9772,412.4824,417.1384,420.4635,423.0709,423.3964,425.5787,424.3810,419.1554,412.3027,403.3965,392.2619,380.9074,345.4703,333.9422,319.3817,306.2085,295.0013,282.0367,266.7645,255.2361,238.9352,224.3706,210.8650,197.6503,186.9889,173.1156,164.2472,-183.9775,-200.4402,-217.1612,-234.2674,-251.4322,-268.6887,-287.2679,-307.0740,-327.4941,-349.1300,-374.1461,-400.9621,-430.5959,-461.1199,-495.2148,-529.8749,-567.7323,-608.0723,-648.3839,-692.3504
75,0.7500,DynamicV1Rebalance,2.8000,13030.0650,364.8418,spend50p,367.6509,379.0087,390.8196,403.6021,417.5986,431.3589,445.6951,460.5240,475.3150,489.6275,502.4075,513.5995,524.0489,532.5868,537.1482,538.6468,534.8220,527.8293,520.6333,512.5432,477.5353,469.9015,459.9797,452.3119,443.9254,436.2944,426.1111,417.4953,405.3647,394.5588,383.8692,370.1463,357.8945,346.4338,341.7399,-161.0440,-177.1372,-192.4166,-206.8067,-221.6650,-236.1772,-250.9496,-265.7078,-282.0031,-298.9366,-316.6638,-337.1961,-357.6379,-379.3931,-403.1693,-426.9999,-451.3117,-476.7826,-503.1543,-530.9642
75,0.7500,DynamicV1Rebalance,2.8000,13030.0650,364.8418,spend75p,370.2624,386.8483,405.7981,425.8558,447.1971,471.5991,496.0698,520.2234,546.3374,572.0302,595.7892,619.2441,641.2579,659.5346,675.8229,687.4175,693.0821,697.5983,697.3930,697.3245,657.5992,650.1667,644.0687,640.0592,637.0854,632.1531,625.2594,616.3741,605.1187,593.3625,583.9841,573.8370,563.0842,557.9462,552.4075,-108.3585,-132.9122,-155.1237,-173.6662,-187.5457,-200.8223,-212.3334,-224.6567,-236.0104,-248.0137,-260.1087,-272.7587,-284.4748,-296.5583,-309.5203,-322.4014,-336.0190,-351.5632,-364.7599,-378.7806
75,0.7500,DynamicV1Rebalance,3.0000,12161.3940,364.8418,survival,1.0000,1.0000,1.0000,1.0000,1.0000,1.0000,1.0000,1.0000,1.0000,0.9996,0.9980,0.9968,0.9936,0.9894,0.9828,0.9728,0.9634,0.9520,0.9402,0.9280,0.9130,0.9020,0.8888,0.8760,0.8652,0.8522,0.8400,0.8254,0.8132,0.8058,0.7952,0.7822,0.7710,0.7628,0.7538,0.7532,0.7532,0.7532,0.7532,0.7532,0.7532,0.7532,0.7532,0.7532,0.7532,0.7532,0.7532,0.7532,0.7532,0.7532,0.7532,0.7532,0.7532,0.7532,0.7532
75,0.7500,DynamicV1Rebalance,3.0000,12161.3940,364.8418,spend25p,365.0846,371.3059,377.0658,382.9968,388.6625,394.7754,400.9517,406.9772,412.4824,417.0741,420.1998,422.4701,422.7912,422.4843,421.3007,415.0315,406.9603,393.7964,380.6995,366.9116,331.8587,317.3671,301.0386,287.5783,273.9141,257.2070,239.5375,221.6966,204.3435,191.0504,175.7308,154.4208,132.3456,112.0449,79.3904,-182.7093,-198.8014,-215.2891,-232.1239,-249.0668,-266.2377,-284.3760,-302.8452,-322.9465,-344.2987,-368.2793,-394.6714,-423.0038,-453.1876,-484.6175,-520.2893,-556.0158,-593.8061,-634.9298,-676.3661
75,0.7500,DynamicV1Rebalance,3.0000,12161.3940,364.8418,spend50p,367.6509,379.0087,390.8196,403.6021,417.5986,431.3589,445.6951,460.5240,475.3150,489.5388,502.0971,513.5127,523.1618,530.7941,535.3292,534.7836,530.0285,520.7184,513.3795,503.2702,466.7008,458.1239,446.5094,438.3762,429.8062,419.6102,409.6560,398.1448,385.2008,375.3290,361.0839,345.1229,334.8272,323.7294,313.6236,-158.7234,-175.0761,-189.7830,-203.9054,-218.0771,-232.8184,-246.6735,-261.2287,-276.6809,-292.3775,-310.1501,-328.2005,-347.6820,-368.6358,-390.9906,-413.7568,-436.7558,-460.4835,-485.3769,-510.5542
75,0.7500,DynamicV1Rebalance,3.0000,12161.3940,364.8418,spend75p,370.2624,386.8483,405.7981,425.8558,447.1971,471.5991,496.0698,520.2234,546.3374,572.0056,595.4895,619.1188,640.5525,658.0576,673.0664,682.5531,688.8616,687.6540,686.2532,684.3325,638.6642,633.6384,629.3207,622.6423,618.5813,611.2592,606.3377,592.2408,579.4350,572.1869,562.7106,547.9530,537.4628,528.4282,520.4821,-17.7659,-51.8365,-76.8932,-102.5502,-125.6162,-153.1637,-176.1587,-189.3103,-200.0320,-205.7490,-214.9071,-221.3751,-228.7823,-233.8711,-240.3719,-246.0014,-253.5904,-262.6280,-274.3034,-284.7929
75,0.7500,DynamicV1Rebalance,3.3300,10956.2108,364.8418,survival,1.0000,1.0000,1.0000,1.0000,1.0000,1.0000,1.0000,1.0000,0.9998,0.9984,0.9970,0.9930,0.9874,0.9794,0.9654,0.9530,0.9384,0.9224,0.9052,0.8870,0.8700,0.8530,0.8350,0.8210,0.8060,0.7878,0.7720,0.7586,0.7456,0.7334,0.7198,0.7100,0.7010,0.6934,0.6862,0.6856,0.6856,0.6856,0.6856,0.6856,0.6856,0.6856,0.6856,0.6856,0.6856,0.6856,0.6856,0.6856,0.6856,0.6856,0.6856,0.6856,0.6856,0.6856,0.6856
75,0.7500,DynamicV1Rebalance,3.3300,10956.2108,364.8418,spend25p,365.0846,371.3059,377.0658,382.9968,388.6625,394.7754,400.9517,406.9772,412.3857,416.7561,419.9649,421.5508,420.9594,418.7604,412.8491,405.5045,393.4830,377.2879,360.3434,339.8962,300.7662,278.3844,259.2048,240.8184,220.5767,194.2341,164.0184,130.3257,0.0000,0.0000,0.0000,0.0000,0.0000,0.0000,0.0000,-180.4246,-196.7871,-212.5175,-228.5949,-244.6923,-261.8875,-278.7862,-295.8945,-315.9298,-336.6481,-359.2296,-385.8586,-412.4947,-441.2959,-471.2026,-503.2355,-537.1460,-573.8043,-612.6318,-652.3832
75,0.7500,DynamicV1Rebalance,3.3300,10956.2108,364.8418,spend50p,367.6509,379.0087,390.8196,403.6021,417.5986,431.3589,445.6951,460.5240,475.1754,489.2561,501.8335,512.2455,521.5845,526.5618,528.5113,525.5106,519.1951,509.8884,498.0067,486.0301,448.6623,434.1265,422.8960,411.9800,400.4567,389.6106,378.7726,365.5920,351.7915,333.4695,320.0883,306.6720,294.1477,285.0699,276.2988,-153.3121,-169.9752,-184.7146,-198.6278,-212.3204,-225.8213,-239.5000,-253.8252,-267.7960,-283.0557,-299.0855,-315.7430,-334.9043,-352.9340,-371.0386,-390.4373,-412.5144,-434.2198,-455.9011,-479.9342
75,0.7500,DynamicV1Rebalance,3.3300,10956.2108,364.8418,spend75p,370.2624,386.8483,405.7981,425.8558,447.1971,471.5991,496.0698,520.2234,546.2652,571.3318,595.3258,617.5282,637.0565,655.5435,666.6036,671.8727,675.4348,673.8388,670.9395,661.6025,615.7224,609.2564,598.7179,595.3415,589.9290,580.1798,566.6825,555.8291,544.5335,534.1294,520.0321,508.9745,496.9593,488.9157,485.7062,0.0000,0.0000,0.0000,0.0000,0.0000,0.0000,0.0000,0.0000,0.0000,0.0000,0.0000,0.0000,0.0000,0.0000,0.0000,0.0000,0.0000,0.0000,0.0000,0.0000
75,0.7500,DynamicV1Rebalance,3.6600,9968.3557,364.8418,survival,1.0000,1.0000,1.0000,1.0000,1.0000,1.0000,1.0000,1.0000,0.9994,0.9974,0.9944,0.9876,0.9794,0.9618,0.9470,0.9284,0.9090,0.8852,0.8612,0.8390,0.8180,0.7956,0.7766,0.7560,0.7372,0.7202,0.7050,0.6902,0.6760,0.6660,0.6548,0.6402,0.6316,0.6224,0.6130,0.6128,0.6128,0.6128,0.6128,0.6128,0.6128,0.6128,0.6128,0.6128,0.6128,0.6128,0.6128,0.6128,0.6128,0.6128,0.6128,0.6128,0.6128,0.6128,0.6128
75,0.7500,DynamicV1Rebalance,3.6600,9968.3557,364.8418,spend25p,365.0846,371.3059,377.0658,382.9968,388.6625,394.7754,400.9517,406.9772,412.3682,416.5105,419.5096,418.8741,417.9851,412.7186,405.3291,391.1299,375.9043,352.3185,328.4523,298.7586,256.4814,228.1997,196.2596,141.2373,0.0000,0.0000,0.0000,0.0000,0.0000,0.0000,0.0000,0.0000,0.0000,0.0000,0.0000,-178.0572,-193.8258,-209.0199,-224.7703,-240.7153,-256.7551,-272.8139,-289.8922,-308.2253,-328.4696,-349.9787,-373.2223,-398.0126,-425.2636,-455.9065,-484.5932,-516.2357,-551.3530,-583.9798,-619.8961
75,0.7500,DynamicV1Rebalance,3.6600,9968.3557,364.8418,spend50p,367.6509,379.0087,390.8196,403.6021,417.5986,431.3589,445.6951,460.5240,475.0136,488.9810,501.3758,510.8581,518.7210,520.4826,520.1785,516.0728,507.4011,495.2581,480.5003,466.2866,423.1119,409.5153,397.1574,380.4341,368.1613,353.8358,338.2868,323.0409,304.6557,291.8482,278.5209,259.2070,249.6988,235.8056,224.9383,-144.2838,-162.2876,-177.5967,-192.3931,-205.0940,-217.4213,-229.9213,-242.2844,-255.1405,-269.1219,-283.5678,-298.4973,-313.6997,-328.7787,-344.5467,-362.5756,-381.0252,-399.5035,-417.5182,-436.3451
75,0.7500,DynamicV1Rebalance,3.6600,9968.3557,364.8418,spend75p,370.2624,386.8483,405.7981,425.8558,447.1971,471.5991,496.0698,520.2234,546.0673,571.0224,594.6586,616.7591,634.2211,649.2211,659.8364,662.6646,663.1092,657.8026,648.5241,637.6236,592.0246,583.3093,575.0112,563.2755,553.5862,541.3355,533.7535,519.7113,507.9210,494.3245,484.6194,467.9177,458.6436,449.5376,440.8581,0.0000,0.0000,0.0000,0.0000,0.0000,0.0000,0.0000,0.0000,0.0000,0.0000,0.0000,0.0000,0.0000,0.0000,0.0000,0.0000,0.0000,0.0000,0.0000,0.0000
75,0.7500,DynamicV1Rebalance,4.0000,9121.0455,364.8418,survival,1.0000,1.0000,1.0000,1.0000,1.0000,1.0000,1.0000,0.9998,0.9984,0.9964,0.9896,0.9802,0.9630,0.9436,0.9234,0.8984,0.8726,0.8410,0.8118,0.7852,0.7596,0.7372,0.7120,0.6880,0.6696,0.6518,0.6370,0.6226,0.6100,0.5972,0.5844,0.5730,0.5668,0.5580,0.5494,0.5490,0.5490,0.5490,0.5490,0.5490,0.5490,0.5490,0.5490,0.5490,0.5490,0.5490,0.5490,0.5490,0.5490,0.5490,0.5490,0.5490,0.5490,0.5490,0.5490
75,0.7500,DynamicV1Rebalance,4.0000,9121.0455,364.8418,spend25p,365.0846,371.3059,377.0658,382.9968,388.6625,394.7754,400.9517,406.8941,412.1032,416.2631,417.6608,416.8374,412.1293,404.8697,395.2322,375.9884,352.3932,321.5729,286.1477,245.9979,174.4694,0.0000,0.0000,0.0000,0.0000,0.0000,0.0000,0.0000,0.0000,0.0000,0.0000,0.0000,0.0000,0.0000,0.0000,-175.1445,-190.3898,-205.4981,-220.5538,-236.0805,-251.0854,-267.8008,-284.4543,-301.2329,-320.4099,-340.9263,-363.0379,-387.5455,-412.5467,-438.2222,-467.5547,-496.8832,-527.6459,-558.8022,-591.7079
75,0.7500,DynamicV1Rebalance,4.0000,9121.0455,364.8418,spend50p,367.6509,379.0087,390.8196,403.6021,417.5986,431.3589,445.6951,460.4631,474.8247,488.6921,499.6493,508.6555,513.9060,514.7558,512.1519,504.7609,491.6182,476.5382,458.5789,439.6468,397.4856,381.8068,363.7441,344.0096,325.9725,310.0924,292.7896,276.2151,261.1060,243.2743,222.7412,205.2634,194.6227,180.8186,168.1188,-126.6265,-147.8284,-165.8513,-180.2532,-192.8853,-204.3019,-215.9937,-227.0722,-238.7828,-250.0424,-262.0522,-274.1619,-287.0976,-298.3369,-312.8163,-325.6817,-339.7213,-354.1599,-368.7172,-382.8245
75,0.7500,DynamicV1Rebalance,4.0000,9121.0455,364.8418,spend75p,370.2624,386.8483,405.7981,425.8558,447.1971,471.5991,496.0698,520.1613,545.8691,570.7444,593.4026,614.8194,631.2403,641.6838,652.4111,651.9261,646.8963,637.7246,623.5808,611.1239,567.8126,557.5497,544.4309,531.2594,519.8086,507.7237,494.5652,483.6333,472.1649,458.6558,443.0274,429.7479,418.3776,410.6704,402.5510,0.0000,0.0000,0.0000,0.0000,0.0000,0.0000,0.0000,0.0000,0.0000,0.0000,0.0000,0.0000,0.0000,0.0000,0.0000,0.0000,0.0000,0.0000,0.0000,0.0000
75,0.7500,DynamicV1Rebalance,5.0000,7296.8364,364.8418,survival,1.0000,1.0000,1.0000,1.0000,1.0000,1.0000,0.9998,0.9978,0.9934,0.9826,0.9630,0.9354,0.9022,0.8624,0.8196,0.7766,0.7270,0.6822,0.6452,0.6120,0.5884,0.5650,0.5426,0.5224,0.5020,0.4816,0.4664,0.4534,0.4410,0.4294,0.4192,0.4096,0.4012,0.3940,0.3878,0.3868,0.3868,0.3868,0.3868,0.3868,0.3868,0.3868,0.3868,0.3868,0.3868,0.3868,0.3868,0.3868,0.3868,0.3868,0.3868,0.3868,0.3868,0.3868,0.3868
75,0.7500,DynamicV1Rebalance,5.0000,7296.8364,364.8418,spend25p,365.0846,371.3059,377.0658,382.9968,388.6625,394.7754,400.9204,406.3465,411.4072,413.2716,409.2837,401.3618,387.7238,364.3461,328.0786,272.2371,0.0000,0.0000,0.0000,0.0000,0.0000,0.0000,0.0000,0.0000,0.0000,0.0000,0.0000,0.0000,0.0000,0.0000,0.0000,0.0000,0.0000,0.0000,0.0000,-163.6773,-178.1982,-192.3562,-205.9287,-219.8062,-234.2689,-247.7246,-261.4936,-275.9824,-291.1691,-307.7346,-324.4352,-342.8098,-362.9431,-382.5297,-403.8200,-426.6356,-448.9235,-472.7976,-497.2111
75,0.7500,DynamicV1Rebalance,5.0000,7296.8364,364.8418,spend50p,367.6509,379.0087,390.8196,403.6021,417.5986,431.3589,445.6889,460.2186,473.3691,485.0015,493.8316,496.1056,494.7905,486.5412,470.9677,454.0492,426.8164,397.5556,368.0173,335.7533,286.2257,255.3166,224.5720,187.6649,113.7708,0.0000,0.0000,0.0000,0.0000,0.0000,0.0000,0.0000,0.0000,0.0000,0.0000,0.0000,0.0000,0.0000,0.0000,0.0000,0.0000,0.0000,0.0000,0.0000,0.0000,0.0000,0.0000,0.0000,0.0000,0.0000,0.0000,0.0000,0.0000,0.0000,0.0000
75,0.7500,DynamicV1Rebalance,5.0000,7296.8364,364.8418,spend75p,370.2624,386.8483,405.7981,425.8558,447.1971,471.5991,496.0510,519.7580,544.9776,567.8703,587.8926,602.3125,612.9639,617.2890,613.7707,605.6701,590.9506,566.0984,547.1727,530.2952,488.1335,473.8984,456.1404,441.1411,425.4337,409.4806,398.4936,383.0528,366.8990,350.3768,333.4567,319.4354,306.7921,296.7140,286.2651,0.0000,0.0000,0.0000,0.0000,0.0000,0.0000,0.0000,0.0000,0.0000,0.0000,0.0000,0.0000,0.0000,0.0000,0.0000,0.0000,0.0000,0.0000,0.0000,0.0000
75,0.7500,DynamicV1Rebalance,6.0000,6080.6970,364.8418,survival,1.0000,1.0000,1.0000,1.0000,1.0000,1.0000,0.9986,0.9936,0.9762,0.9494,0.9102,0.8588,0.8040,0.7386,0.6788,0.6202,0.5718,0.5392,0.5062,0.4652,0.4382,0.4124,0.3906,0.3716,0.3558,0.3390,0.3246,0.3128,0.3024,0.2920,0.2814,0.2726,0.2644,0.2582,0.2534,0.2524,0.2524,0.2524,0.2524,0.2524,0.2524,0.2524,0.2524,0.2524,0.2524,0.2524,0.2524,0.2524,0.2524,0.2524,0.2524,0.2524,0.2524,0.2524,0.2524
75,0.7500,DynamicV1Rebalance,6.0000,6080.6970,364.8418,spend25p,365.0846,371.3059,377.0658,382.9968,388.6625,394.7754,400.7586,405.4778,406.7317,402.8939,390.9085,366.5588,326.9141,0.0000,0.0000,0.0000,0.0000,0.0000,0.0000,0.0000,0.0000,0.0000,0.0000,0.0000,0.0000,0.0000,0.0000,0.0000,0.0000,0.0000,0.0000,0.0000,0.0000,0.0000,0.0000,-44.3053,-76.9372,-106.9402,-135.9835,-162.9647,-177.5214,-185.4976,-196.1581,-204.4361,-208.4877,-214.9073,-220.8819,-228.2582,-234.2044,-240.8870,-246.6393,-254.1447,-264.1149,-276.4347,-287.3208
75,0.7500,DynamicV1Rebalance,6.0000,6080.6970,364.8418,spend50p,367.6509,379.0087,390.8196,403.6021,417.5986,431.3589,445.5599,459.5691,469.7441,479.0822,481.1503,475.5626,461.4497,437.5730,409.8088,371.6548,323.7172,277.9575,192.1856,0.0000,0.0000,0.0000,0.0000,0.0000,0.0000,0.0000,0.0000,0.0000,0.0000,0.0000,0.0000,0.0000,0.0000,0.0000,0.0000,0.0000,0.0000,0.0000,0.0000,0.0000,0.0000,0.0000,0.0000,0.0000,0.0000,0.0000,0.0000,0.0000,0.0000,0.0000,0.0000,0.0000,0.0000,0.0000,0.0000
75,0.7500,DynamicV1Rebalance,6.0000,6080.6970,364.8418,spend75p,370.2624,386.8483,405.7981,425.8558,447.1971,471.5991,495.9311,519.0634,541.5494,560.7440,577.5355,585.7066,585.5047,576.1518,563.6821,542.0214,520.4655,505.4459,480.5770,449.1833,402.6687,379.4372,358.4019,334.6722,315.1327,290.6986,274.6562,251.4756,227.1225,203.0966,181.1489,159.0386,133.6305,109.3311,81.5102,0.0000,0.0000,0.0000,0.0000,0.0000,0.0000,0.0000,0.0000,0.0000,0.0000,0.0000,0.0000,0.0000,0.0000,0.0000,0.0000,0.0000,0.0000,0.0000,0.0000
75,0.7500,DynamicV1Rebalance,7.0000,5212.0260,364.8418,survival,1.0000,1.0000,1.0000,1.0000,1.0000,0.9994,0.9948,0.9758,0.9402,0.8924,0.8256,0.7462,0.6674,0.5978,0.5352,0.4830,0.4384,0.3950,0.3628,0.3322,0.3062,0.2846,0.2650,0.2490,0.2376,0.2280,0.2166,0.2068,0.2004,0.1934,0.1852,0.1788,0.1730,0.1674,0.1632,0.1628,0.1628,0.1628,0.1628,0.1628,0.1628,0.1628,0.1628,0.1628,0.1628,0.1628,0.1628,0.1628,0.1628,0.1628,0.1628,0.1628,0.1628,0.1628,0.1628
75,0.7500,DynamicV1Rebalance,7.0000,5212.0260,364.8418,spend25p,365.0846,371.3059,377.0658,382.9968,388.6625,394.5894,399.9327,402.4615,397.5163,383.4583,351.2240,0.0000,0.0000,0.0000,0.0000,0.0000,0.0000,0.0000,0.0000,0.0000,0.0000,0.0000,0.0000,0.0000,0.0000,0.0000,0.0000,0.0000,0.0000,0.0000,0.0000,0.0000,0.0000,0.0000,0.0000,0.0000,0.0000,0.0000,0.0000,0.0000,0.0000,0.0000,0.0000,0.0000,0.0000,0.0000,0.0000,0.0000,0.0000,0.0000,0.0000,0.0000,0.0000,0.0000,0.0000
75,0.7500,DynamicV1Rebalance,7.0000,5212.0260,364.8418,spend50p,367.6509,379.0087,390.8196,403.6021,417.5986,431.2630,444.9290,456.6562,463.8668,465.9327,456.9114,434.5236,405.5468,365.2412,299.1142,0.0000,0.0000,0.0000,0.0000,0.0000,0.0000,0.0000,0.0000,0.0000,0.0000,0.0000,0.0000,0.0000,0.0000,0.0000,0.0000,0.0000,0.0000,0.0000,0.0000,0.0000,0.0000,0.0000,0.0000,0.0000,0.0000,0.0000,0.0000,0.0000,0.0000,0.0000,0.0000,0.0000,0.0000,0.0000,0.0000,0.0000,0.0000,0.0000,0.0000
75,0.7500,DynamicV1Rebalance,7.0000,5212.0260,364.8418,spend75p,370.2624,386.8483,405.7981,425.8558,447.1971,471.5218,495.4923,516.8121,534.9634,552.2017,557.5074,552.3491,540.5674,526.0928,502.7176,475.0363,447.0447,412.3782,382.4029,340.9247,282.2961,241.4738,186.7563,0.0000,0.0000,0.0000,0.0000,0.0000,0.0000,0.0000,0.0000,0.0000,0.0000,0.0000,0.0000,0.0000,0.0000,0.0000,0.0000,0.0000,0.0000,0.0000,0.0000,0.0000,0.0000,0.0000,0.0000,0.0000,0.0000,0.0000,0.0000,0.0000,0.0000,0.0000,0.0000
75,1.0000,DynamicV1Rebalance,2.5000,19171.5637,479.2891,survival,1.0000,1.0000,1.0000,1.0000,1.0000,1.0000,1.0000,1.0000,1.0000,1.0000,0.9998,0.9992,0.9984,0.9970,0.9948,0.9926,0.9892,0.9848,0.9790,0.9740,0.9682,0.9608,0.9542,0.9470,0.9386,0.9304,0.9218,0.9116,0.9032,0.8940,0.8868,0.8816,0.8746,0.8690,0.8614,0.8606,0.8598,0.8592,0.8586,0.8582,0.8578,0.8576,0.8576,0.8572,0.8568,0.8562,0.8562,0.8562,0.8562,0.8560,0.8560,0.8560,0.8560,0.8560,0.8560
75,1.0000,DynamicV1Rebalance,2.5000,19171.5637,479.2891,spend25p,479.6080,487.9343,495.6523,503.5932,511.1832,519.3599,527.6169,535.6692,543.0260,549.2924,554.1749,557.9748,559.6715,562.5799,561.7367,556.6968,550.9246,540.7096,529.0618,516.4116,484.2478,471.8624,459.3229,445.5008,430.9112,417.0833,401.6562,384.2103,365.6949,347.7725,332.8019,318.6937,304.5153,293.4273,281.4184,-84.0366,-99.1188,-112.7702,-125.7298,-138.9933,-151.1473,-163.5716,-175.5494,-188.6343,-202.4797,-217.3572,-234.3378,-252.8589,-273.2537,-296.0188,-320.6983,-348.1913,-379.1251,-411.7732,-447.5008
75,1.0000,DynamicV1Rebalance,2.5000,19171.5637,479.2891,spend50p,482.9793,498.0566,513.7315,530.6865,549.2411,567.4884,586.4953,606.1482,625.7441,644.7153,661.9900,677.6251,691.3548,703.2717,710.1591,714.1509,712.9611,704.7163,698.1068,691.6975,653.4939,646.0361,638.6445,628.3198,619.7668,613.3336,602.4537,587.7353,575.2285,559.1335,545.2833,532.0649,520.0166,508.4712,496.4041,-11.8062,-29.6321,-45.6705,-61.3838,-76.9526,-91.5967,-106.2416,-121.1144,-136.4988,-152.8085,-170.5694,-189.3138,-208.7540,-228.3872,-249.3138,-272.0069,-294.8594,-320.8311,-347.9591,-377.8654
75,1.0000,DynamicV1Rebalance,2.5000,19171.5637,479.2891,spend75p,486.4100,508.3586,533.4208,559.9475,588.1702,620.4277,652.7839,684.7254,719.2439,753.2158,785.0138,816.3163,845.7303,870.7607,893.5786,908.7624,920.0896,931.7792,933.6087,937.2300,898.3390,893.5006,889.2732,883.2483,879.6539,879.3915,873.1889,861.4123,849.7766,834.9725,819.9771,812.5638,800.7598,790.8657,786.3482,35.5847,15.6226,0.0000,0.0000,0.0000,0.0000,0.0000,0.0000,-2.2439,-20.0319,-42.7167,-68.3140,-94.6580,-121.1799,-154.4848,-189.5863,-224.4820,-256.1532,-283.2794,-310.0067
75,1.0000,DynamicV1Rebalance,2.8000,17117.4676,479.2891,survival,1.0000,1.0000,1.0000,1.0000,1.0000,1.0000,1.0000,1.0000,1.0000,0.9998,0.9990,0.9980,0.9960,0.9932,0.9890,0.9834,0.9758,0.9676,0.9584,0.9480,0.9372,0.9268,0.9152,0.9052,0.8952,0.8846,0.8732,0.8638,0.8520,0.8414,0.8328,0.8232,0.8162,0.8078,0.7998,0.7982,0.7972,0.7956,0.7952,0.7952,0.7952,0.7948,0.7946,0.7940,0.7936,0.7934,0.7934,0.7934,0.7934,0.7932,0.7932,0.7932,0.7932,0.7932,0.7932
75,1.0000,DynamicV1Rebalance,2.8000,17117.4676,479.2891,spend25p,479.6080,487.9343,495.6523,503.5932,511.1832,519.3599,527.6169,535.6692,543.0260,549.2508,553.7052,557.1929,557.6499,559.7684,558.9127,551.8880,542.8380,530.7601,516.1456,500.7123,460.6270,443.8585,424.1047,407.2950,392.2256,374.2691,354.2723,337.5176,315.4160,295.0298,276.5077,259.6196,245.5281,227.7548,214.3227,-81.8825,-97.1138,-110.8955,-124.3819,-137.0710,-149.7174,-162.0729,-174.3255,-186.9908,-200.6200,-215.5853,-232.4718,-250.6455,-271.0062,-293.7290,-317.9212,-344.6836,-374.9821,-406.2447,-441.7901
75,1.0000,DynamicV1Rebalance,2.8000,17117.4676,479.2891,spend50p,482.9793,498.0566,513.7315,530.6865,549.2411,567.4884,586.4953,606.1482,625.7441,644.6981,661.6167,676.4207,690.2180,701.4376,707.4280,709.2467,704.1470,694.2390,684.8182,673.8782,636.7137,626.2038,612.5374,602.4386,590.9379,580.0799,567.7148,555.2845,539.0806,524.5789,509.2217,490.8789,472.9068,460.6793,452.9900,-4.1497,-21.5752,-38.5718,-54.2385,-69.1699,-83.8563,-98.2782,-113.9843,-130.1702,-146.5130,-164.1539,-183.2908,-203.4294,-222.8896,-244.3448,-265.7926,-289.4653,-314.1422,-340.6993,-368.5910
75,1.0000,DynamicV1Rebalance,2.8000,17117.4676,479.2891,spend75p,486.4100,508.3586,533.4208,559.9475,588.1702,620.4277,652.7839,684.7254,719.2439,753.1987,784.5904,815.5568,844.5925,868.6280,890.0634,905.1812,912.5123,917.5624,917.7315,916.3788,876.7989,864.8083,856.7216,852.3752,848.4050,841.4802,833.4497,820.2754,804.9045,784.8280,776.3073,762.3198,748.3182,740.9643,733.4617,17.0568,0.0000,0.0000,0.0000,0.0000,0.0000,0.0000,0.0000,0.0000,0.0000,0.0000,0.0000,-1.7460,-32.4049,-72.2690,-115.5520,-158.8843,-205.7136,-246.3162,-276.4502
75,1.0000,DynamicV1Rebalance,3.0000,15976.3031,479.2891,survival,1.0000,1.0000,1.0000,1.0000,1.0000,1.0000,1.0000,1.0000,1.0000,0.9996,0.9980,0.9968,0.9936,0.9892,0.9826,0.9728,0.9632,0.9518,0.9394,0.9278,0.9126,0.9002,0.8872,0.8732,0.8638,0.8508,0.8378,0.8232,0.8120,0.8022,0.7914,0.7786,0.7682,0.7594,0.7508,0.7494,0.7488,0.7486,0.7486,0.7480,0.7480,0.7480,0.7480,0.7478,0.7476,0.7476,0.7476,0.7476,0.7476,0.7476,0.7476,0.7476,0.7476,0.7476,0.7476
75,1.0000,DynamicV1Rebalance,3.0000,15976.3031,479.2891,spend25p,479.6080,487.9343,495.6523,503.5932,511.1832,519.3599,527.6169,535.6692,543.0260,549.1662,553.3580,556.4016,556.8528,556.3764,554.8113,546.5311,535.7872,518.0332,500.4963,482.3161,442.4047,421.4673,399.8914,380.2818,363.9383,340.4618,316.1638,293.7281,271.3276,249.4175,228.6181,199.9873,170.4789,138.9082,77.9153,-79.8390,-94.4914,-108.9290,-122.4405,-135.0903,-147.8588,-160.3888,-172.5826,-185.0817,-198.1456,-213.7116,-229.9729,-248.8032,-268.4842,-290.2631,-315.0229,-341.2746,-370.1327,-400.3933,-435.2851
75,1.0000,DynamicV1Rebalance,3.0000,15976.3031,479.2891,spend50p,482.9793,498.0566,513.7315,530.6865,549.2411,567.4884,586.4953,606.1482,625.7441,644.5813,661.2079,676.3064,689.0496,698.9866,704.9277,704.2257,697.7954,685.1994,675.1939,661.9858,622.2677,609.7724,595.0148,583.2803,571.9801,558.5513,544.9288,529.0527,513.0230,497.1032,479.1000,458.4203,442.7716,429.8256,416.8992,0.0000,-12.4955,-29.3921,-44.2058,-59.2190,-74.9327,-90.9366,-105.4506,-121.9351,-138.5932,-157.8845,-176.9458,-197.4143,-218.1901,-238.9831,-261.1438,-284.2128,-308.3214,-334.2044,-361.1376
75,1.0000,DynamicV1Rebalance,3.0000,15976.3031,479.2891,spend75p,486.4100,508.3586,533.4208,559.9475,588.1702,620.4277,652.7839,684.7254,719.2439,753.1662,784.1956,815.3918,843.6634,866.4979,886.3340,898.8148,906.8961,904.9387,901.9107,899.8236,851.5523,842.0986,838.5332,827.0353,823.7899,814.0272,806.7998,788.2791,771.1384,758.9965,745.3513,728.6502,714.4993,701.3690,690.5132,5.7769,0.0000,0.0000,0.0000,0.0000,0.0000,0.0000,0.0000,0.0000,0.0000,0.0000,0.0000,0.0000,0.0000,0.0000,0.0000,0.0000,0.0000,0.0000,0.0000
75,1.0000,DynamicV1Rebalance,3.3300,14393.0658,479.2891,survival,1.0000,1.0000,1.0000,1.0000,1.0000,1.0000,1.0000,1.0000,0.9998,0.9984,0.9970,0.9930,0.9874,0.9788,0.9654,0.9526,0.9380,0.9218,0.9038,0.8858,0.8686,0.8514,0.8330,0.8176,0.8036,0.7858,0.7696,0.7566,0.7422,0.7306,0.7166,0.7062,0.6972,0.6914,0.6812,0.6806,0.6796,0.6792,0.6792,0.6792,0.6790,0.6790,0.6786,0.6784,0.6782,0.6780,0.6780,0.6780,0.6780,0.6780,0.6780,0.6780,0.6780,0.6780,0.6780
75,1.0000,DynamicV1Rebalance,3.3300,14393.0658,479.2891,spend25p,479.6080,487.9343,495.6523,503.5932,511.1832,519.3599,527.6169,535.6692,542.8988,548.7475,553.0487,555.1909,554.4401,551.1727,543.7252,533.4684,517.8466,496.3893,472.6931,445.2933,398.7931,369.2318,342.6891,316.8782,291.9661,255.2368,214.6395,168.6141,0.0000,0.0000,0.0000,0.0000,0.0000,0.0000,0.0000,-74.8161,-90.2935,-104.2283,-117.7035,-130.7190,-143.4218,-156.4191,-168.5837,-181.1457,-194.8506,-209.1165,-225.8448,-242.8918,-262.9106,-284.9303,-307.7365,-334.1529,-361.4073,-391.6981,-425.6172
75,1.0000,DynamicV1Rebalance,3.3300,14393.0658,479.2891,spend50p,482.9793,498.0566,513.7315,530.6865,549.2411,567.4884,586.4953,606.1482,625.5604,644.2091,660.8607,674.6376,686.9721,693.4407,696.0531,691.8274,683.3762,670.9252,654.5265,639.0734,597.5223,577.6968,562.1693,546.8792,532.6539,518.1191,502.8634,486.5690,465.3130,441.9473,424.1718,405.6803,389.8487,378.9588,364.3493,0.0000,0.0000,-7.9654,-24.2449,-38.4908,-53.8425,-69.0468,-83.5579,-101.4186,-119.8293,-138.3437,-159.9975,-183.4908,-206.1777,-226.9799,-249.9007,-272.5820,-296.0616,-321.9084,-347.1596
75,1.0000,DynamicV1Rebalance,3.3300,14393.0658,479.2891,spend75p,486.4100,508.3586,533.4208,559.9475,588.1702,620.4277,652.7839,684.7254,719.1489,752.2790,783.9801,813.2970,839.0588,863.4070,877.9215,884.5963,889.1650,886.8714,882.3959,869.4373,818.9715,810.7896,797.1674,792.1652,785.8302,771.9158,753.6151,737.7430,723.5529,709.3470,691.6147,675.2485,659.5946,650.6233,642.0941,0.0000,0.0000,0.0000,0.0000,0.0000,0.0000,0.0000,0.0000,0.0000,0.0000,0.0000,0.0000,0.0000,0.0000,0.0000,0.0000,0.0000,0.0000,0.0000,0.0000
75,1.0000,DynamicV1Rebalance,3.6600,13095.3304,479.2891,survival,1.0000,1.0000,1.0000,1.0000,1.0000,1.0000,1.0000,1.0000,0.9994,0.9974,0.9944,0.9876,0.9792,0.9616,0.9462,0.9282,0.9086,0.8844,0.8606,0.8382,0.8176,0.7940,0.7746,0.7538,0.7344,0.7176,0.7020,0.6872,0.6748,0.6630,0.6504,0.6362,0.6276,0.6186,0.6096,0.6090,0.6084,0.6078,0.6076,0.6076,0.6076,0.6074,0.6072,0.6072,0.6072,0.6072,0.6072,0.6070,0.6070,0.6068,0.6068,0.6068,0.6068,0.6068,0.6068
75,1.0000,DynamicV1Rebalance,3.6600,13095.3304,479.2891,spend25p,479.6080,487.9343,495.6523,503.5932,511.1832,519.3599,527.6169,535.6692,542.8757,548.4241,552.4491,551.6655,550.4353,543.5667,533.1408,514.8676,494.5584,463.5666,431.5721,392.4870,341.7626,302.5888,255.7424,177.7099,0.0000,0.0000,0.0000,0.0000,0.0000,0.0000,0.0000,0.0000,0.0000,0.0000,0.0000,-68.8306,-84.7571,-100.1714,-113.4218,-126.5506,-139.1295,-151.6983,-164.7092,-177.8469,-190.5833,-205.5694,-221.2800,-238.4621,-257.2309,-278.9842,-302.4602,-326.8301,-352.1699,-382.3200,-416.5519
75,1.0000,DynamicV1Rebalance,3.6600,13095.3304,479.2891,spend50p,482.9793,498.0566,513.7315,530.6865,549.2411,567.4884,586.4953,606.1482,625.3474,643.8468,660.2581,672.8103,682.9766,685.5203,684.4760,679.4080,668.0447,651.7376,632.1566,612.8111,563.9752,545.1236,527.8115,506.5498,489.1760,469.8902,448.9054,427.9954,405.6390,387.2349,366.9280,342.7410,328.6013,310.6384,296.3559,0.0000,0.0000,0.0000,0.0000,-1.9816,-15.6554,-32.2785,-46.5417,-62.1023,-82.8729,-101.5360,-126.2279,-151.6422,-178.9529,-207.0294,-229.6780,-253.8394,-277.6529,-302.2636,-327.4463
75,1.0000,DynamicV1Rebalance,3.6600,13095.3304,479.2891,spend75p,486.4100,508.3586,533.4208,559.9475,588.1702,620.4277,652.7839,684.7254,718.8883,751.8717,783.1014,812.2841,835.3243,855.0799,868.2689,872.3993,873.0500,865.7682,853.1670,838.6128,788.9870,776.7506,764.9841,750.3056,735.4563,720.3617,709.8085,691.3643,676.2765,658.1205,642.1423,620.0717,607.8918,596.3661,583.9954,0.0000,0.0000,0.0000,0.0000,0.0000,0.0000,0.0000,0.0000,0.0000,0.0000,0.0000,0.0000,0.0000,0.0000,0.0000,0.0000,0.0000,0.0000,0.0000,0.0000
75,1.0000,DynamicV1Rebalance,4.0000,11982.2273,479.2891,survival,1.0000,1.0000,1.0000,1.0000,1.0000,1.0000,1.0000,0.9998,0.9984,0.9962,0.9896,0.9800,0.9628,0.9430,0.9228,0.8972,0.8716,0.8404,0.8108,0.7840,0.7586,0.7358,0.7086,0.6858,0.6682,0.6494,0.6344,0.6202,0.6064,0.5938,0.5812,0.5702,0.5630,0.5544,0.5458,0.5454,0.5450,0.5444,0.5442,0.5440,0.5440,0.5440,0.5440,0.5440,0.5440,0.5436,0.5436,0.5434,0.5434,0.5434,0.5434,0.5434,0.5434,0.5434,0.5434
75,1.0000,DynamicV1Rebalance,4.0000,11982.2273,479.2891,spend25p,479.6080,487.9343,495.6523,503.5932,511.1832,519.3599,527.6169,535.5597,542.5269,548.0121,550.0144,548.7478,542.7349,532.9243,520.1058,494.1849,463.2251,422.6887,374.9742,321.3834,226.8349,0.0000,0.0000,0.0000,0.0000,0.0000,0.0000,0.0000,0.0000,0.0000,0.0000,0.0000,0.0000,0.0000,0.0000,-61.4149,-77.3161,-92.7828,-106.8450,-120.2543,-133.4898,-145.6116,-159.8644,-173.3529,-186.3100,-200.8360,-216.3378,-233.8973,-251.9071,-272.3523,-294.7989,-317.6448,-343.7709,-372.4977,-404.1934
75,1.0000,DynamicV1Rebalance,4.0000,11982.2273,479.2891,spend50p,482.9793,498.0566,513.7315,530.6865,549.2411,567.4884,586.4953,606.0680,625.0987,643.1968,657.9843,669.8302,676.8229,677.4037,674.2677,663.7774,646.5736,626.5098,603.0335,577.3020,529.2027,507.2281,482.7761,457.5632,433.6826,411.6558,387.5093,365.4089,343.8079,318.8712,293.2293,270.7270,254.1100,233.8556,217.8500,0.0000,0.0000,0.0000,0.0000,0.0000,0.0000,0.0000,0.0000,0.0000,-7.6881,-28.7249,-52.5876,-82.7800,-113.7789,-145.3722,-177.5289,-213.2810,-245.6260,-270.8909,-295.3834
75,1.0000,DynamicV1Rebalance,4.0000,11982.2273,479.2891,spend75p,486.4100,508.3586,533.4208,559.9475,588.1702,620.4277,652.7839,684.6437,718.6274,751.5056,781.4474,809.4304,831.2385,844.9935,858.8410,858.1976,851.2242,839.2496,820.5985,803.1323,755.3091,742.6622,723.3492,707.9521,691.6885,674.7426,657.8680,643.4820,626.6033,607.6903,588.3239,569.6741,555.4804,543.2882,532.1285,0.0000,0.0000,0.0000,0.0000,0.0000,0.0000,0.0000,0.0000,0.0000,0.0000,0.0000,0.0000,0.0000,0.0000,0.0000,0.0000,0.0000,0.0000,0.0000,0.0000
75,1.0000,DynamicV1Rebalance,5.0000,9585.7818,479.2891,survival,1.0000,1.0000,1.0000,1.0000,1.0000,1.0000,0.9998,0.9978,0.9934,0.9826,0.9628,0.9352,0.9014,0.8604,0.8184,0.7748,0.7262,0.6812,0.6430,0.6100,0.5870,0.5636,0.5398,0.5198,0.4994,0.4790,0.4630,0.4504,0.4376,0.4262,0.4160,0.4068,0.3980,0.3910,0.3832,0.3812,0.3810,0.3808,0.3804,0.3804,0.3802,0.3800,0.3800,0.3800,0.3800,0.3800,0.3800,0.3800,0.3800,0.3800,0.3800,0.3800,0.3800,0.3800,0.3800
75,1.0000,DynamicV1Rebalance,5.0000,9585.7818,479.2891,spend25p,479.6080,487.9343,495.6523,503.5932,511.1832,519.3599,527.5757,534.8390,541.6106,544.1593,538.8919,528.5520,510.3494,479.2053,431.4692,354.9847,0.0000,0.0000,0.0000,0.0000,0.0000,0.0000,0.0000,0.0000,0.0000,0.0000,0.0000,0.0000,0.0000,0.0000,0.0000,0.0000,0.0000,0.0000,0.0000,-20.7722,-37.6076,-54.1704,-69.5456,-82.8709,-97.9522,-112.9094,-126.5812,-141.3965,-157.9122,-175.9099,-192.1801,-209.9287,-227.7783,-246.5801,-268.3008,-289.6152,-313.4140,-338.2420,-364.1367
75,1.0000,DynamicV1Rebalance,5.0000,9585.7818,479.2891,spend50p,482.9793,498.0566,513.7315,530.6865,549.2411,567.4884,586.4871,605.7462,623.1824,638.6069,650.3231,653.2591,651.3834,639.2614,619.5976,597.6357,561.5733,523.1128,483.6821,438.2139,380.3694,337.8010,294.4103,242.5499,0.0000,0.0000,0.0000,0.0000,0.0000,0.0000,0.0000,0.0000,0.0000,0.0000,0.0000,0.0000,0.0000,0.0000,0.0000,0.0000,0.0000,0.0000,0.0000,0.0000,0.0000,0.0000,0.0000,0.0000,0.0000,0.0000,0.0000,0.0000,0.0000,0.0000,0.0000
75,1.0000,DynamicV1Rebalance,5.0000,9585.7818,479.2891,spend75p,486.4100,508.3586,533.4208,559.9475,588.1702,620.4277,652.7592,684.1127,717.4537,747.7213,774.1913,793.2575,807.0625,812.1492,808.0752,797.0415,777.5366,745.0393,719.7126,697.2352,649.3578,630.6593,605.3906,586.0966,565.9489,543.8568,526.4155,508.5853,486.1436,463.3774,441.3414,422.0354,405.7066,390.2568,374.6043,0.0000,0.0000,0.0000,0.0000,0.0000,0.0000,0.0000,0.0000,0.0000,0.0000,0.0000,0.0000,0.0000,0.0000,0.0000,0.0000,0.0000,0.0000,0.0000,0.0000
75,1.0000,DynamicV1Rebalance,6.0000,7988.1515,479.2891,survival,1.0000,1.0000,1.0000,1.0000,1.0000,1.0000,0.9986,0.9934,0.9760,0.9490,0.9096,0.8582,0.8034,0.7374,0.6772,0.6176,0.5704,0.5384,0.5044,0.4634,0.4362,0.4108,0.3878,0.3704,0.3536,0.3368,0.3222,0.3110,0.2992,0.2878,0.2790,0.2694,0.2618,0.2564,0.2510,0.2498,0.2496,0.2494,0.2494,0.2494,0.2494,0.2494,0.2494,0.2494,0.2494,0.2494,0.2494,0.2494,0.2494,0.2494,0.2494,0.2494,0.2494,0.2494,0.2494
75,1.0000,DynamicV1Rebalance,6.0000,7988.1515,479.2891,spend25p,479.6080,487.9343,495.6523,503.5932,511.1832,519.3599,527.3629,533.6899,535.3714,530.2636,514.4280,482.5128,430.2564,0.0000,0.0000,0.0000,0.0000,0.0000,0.0000,0.0000,0.0000,0.0000,0.0000,0.0000,0.0000,0.0000,0.0000,0.0000,0.0000,0.0000,0.0000,0.0000,0.0000,0.0000,0.0000,0.0000,0.0000,0.0000,0.0000,0.0000,0.0000,0.0000,0.0000,0.0000,0.0000,0.0000,0.0000,0.0000,0.0000,0.0000,0.0000,0.0000,0.0000,0.0000,0.0000
75,1.0000,DynamicV1Rebalance,6.0000,7988.1515,479.2891,spend50p,482.9793,498.0566,513.7315,530.6865,549.2411,567.4884,586.3173,604.6882,618.3901,630.6984,633.4469,625.9090,607.5662,575.4662,539.3829,487.1147,424.1766,365.0741,236.8394,0.0000,0.0000,0.0000,0.0000,0.0000,0.0000,0.0000,0.0000,0.0000,0.0000,0.0000,0.0000,0.0000,0.0000,0.0000,0.0000,0.0000,0.0000,0.0000,0.0000,0.0000,0.0000,0.0000,0.0000,0.0000,0.0000,0.0000,0.0000,0.0000,0.0000,0.0000,0.0000,0.0000,0.0000,0.0000,0.0000
75,1.0000,DynamicV1Rebalance,6.0000,7988.1515,479.2891,spend75p,486.4100,508.3586,533.4208,559.9475,588.1702,620.4277,652.6014,683.1667,712.9406,738.3380,760.5522,771.0100,771.0338,758.4195,741.6892,712.2479,684.1708,664.6139,631.1404,589.4374,534.8370,502.1463,474.9779,445.3483,416.5217,384.5476,361.1526,330.2630,295.8278,260.4845,235.7313,204.5790,169.1527,134.7550,95.1457,0.0000,0.0000,0.0000,0.0000,0.0000,0.0000,0.0000,0.0000,0.0000,0.0000,0.0000,0.0000,0.0000,0.0000,0.0000,0.0000,0.0000,0.0000,0.0000,0.0000
75,1.0000,DynamicV1Rebalance,7.0000,6846.9870,479.2891,survival,1.0000,1.0000,1.0000,1.0000,1.0000,0.9994,0.9946,0.9756,0.9394,0.8916,0.8248,0.7442,0.6658,0.5956,0.5342,0.4814,0.4368,0.3940,0.3604,0.3300,0.3050,0.2818,0.2628,0.2476,0.2362,0.2256,0.2146,0.2048,0.1980,0.1906,0.1834,0.1764,0.1712,0.1648,0.1622,0.1614,0.1612,0.1612,0.1612,0.1612,0.1612,0.1612,0.1612,0.1612,0.1612,0.1612,0.1612,0.1612,0.1612,0.1612,0.1612,0.1612,0.1612,0.1612,0.1612
75,1.0000,DynamicV1Rebalance,7.0000,6846.9870,479.2891,spend25p,479.6080,487.9343,495.6523,503.5932,511.1832,519.1151,526.2224,529.6443,523.0933,504.5703,462.0131,0.0000,0.0000,0.0000,0.0000,0.0000,0.0000,0.0000,0.0000,0.0000,0.0000,0.0000,0.0000,0.0000,0.0000,0.0000,0.0000,0.0000,0.0000,0.0000,0.0000,0.0000,0.0000,0.0000,0.0000,0.0000,0.0000,0.0000,0.0000,0.0000,0.0000,0.0000,0.0000,0.0000,0.0000,0.0000,0.0000,0.0000,0.0000,0.0000,0.0000,0.0000,0.0000,0.0000,0.0000
75,1.0000,DynamicV1Rebalance,7.0000,6846.9870,479.2891,spend50p,482.9793,498.0566,513.7315,530.6865,549.2411,567.3622,585.4459,601.0320,610.5027,613.2404,601.3645,571.4778,533.3078,479.7083,391.8822,0.0000,0.0000,0.0000,0.0000,0.0000,0.0000,0.0000,0.0000,0.0000,0.0000,0.0000,0.0000,0.0000,0.0000,0.0000,0.0000,0.0000,0.0000,0.0000,0.0000,0.0000,0.0000,0.0000,0.0000,0.0000,0.0000,0.0000,0.0000,0.0000,0.0000,0.0000,0.0000,0.0000,0.0000,0.0000,0.0000,0.0000,0.0000,0.0000,0.0000
75,1.0000,DynamicV1Rebalance,7.0000,6846.9870,479.2891,spend75p,486.4100,508.3586,533.4208,559.9475,588.1702,620.3260,652.0115,679.9281,704.2702,726.3878,733.9307,726.9653,711.3606,692.0390,661.6378,623.0336,585.8005,541.1597,500.9990,445.3558,375.9399,315.4144,241.2726,0.0000,0.0000,0.0000,0.0000,0.0000,0.0000,0.0000,0.0000,0.0000,0.0000,0.0000,0.0000,0.0000,0.0000,0.0000,0.0000,0.0000,0.0000,0.0000,0.0000,0.0000,0.0000,0.0000,0.0000,0.0000,0.0000,0.0000,0.0000,0.0000,0.0000,0.0000,0.0000
75,1.5000,DynamicV1Rebalance,2.5000,28327.3455,708.1836,survival,1.0000,1.0000,1.0000,1.0000,1.0000,1.0000,1.0000,1.0000,1.0000,1.0000,0.9998,0.9992,0.9984,0.9970,0.9948,0.9926,0.9892,0.9846,0.9790,0.9738,0.9682,0.9598,0.9538,0.9456,0.9372,0.9288,0.9198,0.9096,0.9024,0.8918,0.8858,0.8790,0.8720,0.8660,0.8598,0.8550,0.8536,0.8520,0.8498,0.8480,0.8462,0.8450,0.8438,0.8426,0.8412,0.8398,0.8396,0.8390,0.8382,0.8380,0.8376,0.8372,0.8368,0.8366,0.8354
75,1.5000,DynamicV1Rebalance,2.5000,28327.3455,708.1836,spend25p,708.6549,721.1910,732.8251,744.7858,756.2248,768.5287,780.9473,793.0530,804.1134,813.5373,820.8844,826.5951,829.1520,833.4599,832.1596,824.5878,815.8844,800.3862,783.1070,764.1564,726.3717,704.9009,688.0109,665.9796,644.9123,623.8654,600.1969,572.1310,547.5740,519.3541,497.8351,471.9813,451.6987,435.0030,420.2389,17.5437,1.7324,0.0000,0.0000,0.0000,0.0000,0.0000,0.0000,0.0000,0.0000,-11.5794,-27.0827,-44.5241,-62.3873,-82.4236,-101.5976,-124.9693,-146.9575,-170.8288,-193.2215
75,1.5000,DynamicV1Rebalance,2.5000,28327.3455,708.1836,spend50p,713.6362,736.1522,759.5554,784.8554,812.5261,839.7474,868.0957,897.3965,926.6024,954.8648,980.5880,1003.8474,1024.2404,1041.8943,1052.0333,1057.8113,1055.8501,1043.2319,1033.3241,1023.5343,980.2409,967.5424,957.7264,941.4892,927.8957,916.8798,902.1326,879.9621,860.7300,835.2431,816.2604,796.1568,777.7251,759.4100,742.4536,187.3534,171.5429,156.7401,142.6355,128.6345,117.5262,102.9295,89.8682,77.2570,64.4944,50.8618,34.6942,14.7635,0.0000,0.0000,0.0000,0.0000,0.0000,-7.6176,-38.3330
75,1.5000,DynamicV1Rebalance,2.5000,28327.3455,708.1836,spend75p,718.7053,751.3792,788.6662,828.1307,870.1163,918.0850,966.2121,1013.7293,1065.0569,1115.5609,1162.8198,1209.3074,1252.9473,1290.0285,1323.7520,1346.0728,1362.5943,1379.3400,1381.9095,1386.8592,1347.5085,1336.9482,1332.9025,1323.2682,1318.4322,1316.9529,1306.1884,1289.4695,1272.0847,1248.7473,1228.9422,1214.8492,1194.4217,1183.2076,1176.0844,420.2355,400.8723,388.8140,380.9788,370.7125,359.8385,351.4613,341.6982,330.8470,317.5189,300.0141,285.6640,263.4708,240.2102,217.9945,189.2290,158.6254,129.8494,94.2399,57.1464
75,1.5000,DynamicV1Rebalance,2.8000,25292.2728,708.1836,survival,1.0000,1.0000,1.0000,1.0000,1.0000,1.0000,1.0000,1.0000,1.0000,0.9998,0.9990,0.9980,0.9960,0.9932,0.9890,0.9826,0.9758,0.9676,0.9582,0.9478,0.9368,0.9258,0.9142,0.9036,0.8944,0.8826,0.8708,0.8616,0.8488,0.8398,0.8302,0.8212,0.8120,0.8048,0.7958,0.7916,0.7906,0.7876,0.7836,0.7818,0.7808,0.7796,0.7782,0.7762,0.7748,0.7738,0.7730,0.7716,0.7704,0.7698,0.7696,0.7694,0.7686,0.7684,0.7680
75,1.5000,DynamicV1Rebalance,2.8000,25292.2728,708.1836,spend25p,708.6549,721.1910,732.8251,744.7858,756.2248,768.5287,780.9473,793.0530,804.1134,813.4758,820.1887,825.4367,826.1569,829.2947,827.9762,817.2417,803.9086,785.8358,763.9417,740.4527,690.8056,663.9126,633.8595,609.0940,587.4028,559.1079,526.9654,503.5336,469.6618,439.6229,411.3124,385.9949,358.6640,337.7174,314.4154,0.0000,0.0000,0.0000,0.0000,0.0000,0.0000,0.0000,0.0000,0.0000,0.0000,-6.3293,-22.4957,-39.2290,-57.8400,-76.3823,-96.5939,-117.8713,-142.2214,-164.7961,-188.6874
75,1.5000,DynamicV1Rebalance,2.8000,25292.2728,708.1836,spend50p,713.6362,736.1522,759.5554,784.8554,812.5261,839.7474,868.0957,897.3965,926.6024,954.8393,980.0350,1002.0633,1022.5561,1039.1770,1047.9874,1050.0951,1042.7970,1027.8802,1013.4705,997.0735,954.2908,937.6164,918.1529,902.7621,885.3285,868.8958,848.6173,830.1275,804.8000,783.7903,761.9874,734.5095,704.3597,687.0590,673.4985,152.2836,133.7693,117.0049,99.3000,88.8996,76.4494,65.6487,53.1599,38.6669,23.2353,7.9369,0.0000,0.0000,0.0000,0.0000,0.0000,0.0000,0.0000,0.0000,-12.7107
75,1.5000,DynamicV1Rebalance,2.8000,25292.2728,708.1836,spend75p,718.7053,751.3792,788.6662,828.1307,870.1163,918.0850,966.2121,1013.7293,1065.0569,1115.5356,1162.1926,1208.1823,1251.2616,1286.8690,1318.5446,1340.5230,1351.3728,1358.5296,1357.9329,1355.7232,1314.2315,1295.1086,1283.9010,1277.3451,1271.6738,1261.1085,1244.6606,1227.5947,1202.8381,1175.7981,1160.9565,1140.6265,1116.3133,1105.1130,1093.6209,374.2353,358.0792,341.3739,329.0090,322.4785,313.9697,302.5654,292.6043,281.6566,268.9064,253.4405,234.6026,215.4301,192.6219,168.2059,142.8404,115.0661,80.1849,43.1206,10.5368
75,1.5000,DynamicV1Rebalance,3.0000,23606.1213,708.1836,survival,1.0000,1.0000,1.0000,1.0000,1.0000,1.0000,1.0000,1.0000,1.0000,0.9996,0.9980,0.9968,0.9936,0.9890,0.9824,0.9724,0.9628,0.9518,0.9390,0.9276,0.9106,0.8984,0.8858,0.8720,0.8614,0.8490,0.8340,0.8204,0.8098,0.7988,0.7868,0.7754,0.7640,0.7550,0.7476,0.7452,0.7432,0.7412,0.7386,0.7360,0.7342,0.7330,0.7312,0.7298,0.7286,0.7276,0.7268,0.7252,0.7248,0.7236,0.7228,0.7224,0.7220,0.7218,0.7216
75,1.5000,DynamicV1Rebalance,3.0000,23606.1213,708.1836,spend25p,708.6549,721.1910,732.8251,744.7858,756.2248,768.5287,780.9473,793.0530,804.1134,813.3504,819.6743,824.2645,824.9760,824.2695,821.7544,809.4054,792.9892,766.9924,740.5988,713.5049,660.7497,630.9694,598.6150,568.4003,539.8683,508.1705,467.9800,434.5562,402.8067,367.8907,334.3613,289.2477,236.5032,178.3404,0.0000,0.0000,0.0000,0.0000,0.0000,0.0000,0.0000,0.0000,0.0000,0.0000,0.0000,-0.5991,-15.5230,-32.7295,-49.8988,-69.5686,-90.5981,-111.0026,-134.2696,-158.1136,-183.7043
75,1.5000,DynamicV1Rebalance,3.0000,23606.1213,708.1836,spend50p,713.6362,736.1522,759.5554,784.8554,812.5261,839.7474,868.0957,897.3965,926.6024,954.6663,979.4295,1001.8939,1020.8252,1035.5458,1044.1362,1042.8359,1033.2614,1014.4963,999.0148,979.5174,930.2830,913.6507,891.7923,873.2030,855.0307,836.7198,812.6544,791.6601,765.4311,742.2800,715.1733,683.7635,659.6243,640.0691,623.2132,124.0373,107.5544,90.7125,75.8774,61.2250,49.3501,37.5421,25.1685,11.9803,0.0000,0.0000,0.0000,0.0000,0.0000,0.0000,0.0000,0.0000,0.0000,0.0000,0.0000
75,1.5000,DynamicV1Rebalance,3.0000,23606.1213,708.1836,spend75p,718.7053,751.3792,788.6662,828.1307,870.1163,918.0850,966.2121,1013.7293,1065.0569,1115.4875,1161.6079,1207.9379,1249.8852,1283.7133,1312.8474,1331.3082,1341.9381,1339.8392,1334.6570,1331.5075,1275.2611,1262.3343,1257.3465,1238.7824,1233.1404,1219.8343,1203.7780,1178.6286,1152.5378,1136.3686,1109.7682,1089.4677,1064.6396,1044.0864,1032.3091,346.5305,328.5060,314.7649,302.8836,294.7844,283.2661,273.5113,266.5326,252.2938,239.1981,224.5949,204.5806,187.3637,167.4638,143.2721,112.1072,83.2137,53.3805,20.3926,0.0000
75,1.5000,DynamicV1Rebalance,3.3300,21266.7759,708.1836,survival,1.0000,1.0000,1.0000,1.0000,1.0000,1.0000,1.0000,1.0000,0.9998,0.9984,0.9970,0.9930,0.9874,0.9780,0.9652,0.9520,0.9380,0.9208,0.9032,0.8848,0.8682,0.8490,0.8314,0.8156,0.8016,0.7828,0.7668,0.7538,0.7392,0.7258,0.7134,0.7028,0.6950,0.6870,0.6774,0.6762,0.6726,0.6698,0.6682,0.6664,0.6644,0.6634,0.6620,0.6606,0.6594,0.6564,0.6560,0.6546,0.6536,0.6532,0.6530,0.6528,0.6520,0.6518,0.6516
75,1.5000,DynamicV1Rebalance,3.3300,21266.7759,708.1836,spend25p,708.6549,721.1910,732.8251,744.7858,756.2248,768.5287,780.9473,793.0530,803.9249,812.7302,819.2161,822.4709,821.4016,816.4227,805.4606,789.9076,766.8980,733.2190,699.3465,658.3957,597.9028,551.0372,509.9001,472.6262,430.8711,373.2806,314.9482,223.7561,0.0000,0.0000,0.0000,0.0000,0.0000,0.0000,0.0000,0.0000,0.0000,0.0000,0.0000,0.0000,0.0000,0.0000,0.0000,0.0000,0.0000,0.0000,-4.2835,-20.0305,-37.8699,-57.0463,-78.2694,-100.7138,-122.9119,-147.1827,-172.6255
75,1.5000,DynamicV1Rebalance,3.3300,21266.7759,708.1836,spend50p,713.6362,736.1522,759.5554,784.8554,812.5261,839.7474,868.0957,897.3965,926.3303,954.1150,978.9152,999.4217,1017.7474,1026.8646,1031.1035,1024.3714,1012.0368,993.0057,967.7717,944.8807,896.1149,861.9310,842.4043,818.2825,797.5209,775.2620,753.2261,724.6989,693.8645,660.0726,632.1394,603.7778,582.6730,561.4413,541.2827,83.5452,65.9842,48.6874,36.4988,24.2370,10.7349,0.0000,0.0000,0.0000,0.0000,0.0000,0.0000,0.0000,0.0000,0.0000,0.0000,0.0000,0.0000,0.0000,0.0000
75,1.5000,DynamicV1Rebalance,3.3300,21266.7759,708.1836,spend75p,718.7053,751.3792,788.6662,828.1307,870.1163,918.0850,966.2121,1013.7293,1064.9163,1114.1735,1161.2886,1204.8346,1243.0635,1278.8836,1300.1412,1310.1741,1316.7969,1312.3414,1305.7719,1284.7355,1228.2271,1211.0188,1193.9989,1186.0510,1177.7953,1155.5105,1126.8865,1104.2810,1081.1955,1058.5394,1033.7975,1006.4457,986.9551,971.9697,958.7357,308.8391,291.3236,277.8140,267.2759,254.2347,244.1227,234.8656,220.6243,208.0776,194.1160,177.8679,162.1520,142.3228,118.4131,96.9272,71.2049,42.0039,8.8621,0.0000,0.0000
75,1.5000,DynamicV1Rebalance,3.6600,19349.2797,708.1836,survival,1.0000,1.0000,1.0000,1.0000,1.0000,1.0000,1.0000,1.0000,0.9994,0.9974,0.9944,0.9876,0.9788,0.9608,0.9460,0.9276,0.9080,0.8838,0.8594,0.8370,0.8166,0.7924,0.7726,0.7524,0.7332,0.7148,0.6988,0.6840,0.6716,0.6606,0.6460,0.6346,0.6252,0.6154,0.6078,0.6042,0.6022,0.6002,0.5966,0.5946,0.5936,0.5928,0.5916,0.5904,0.5884,0.5866,0.5862,0.5852,0.5842,0.5834,0.5830,0.5828,0.5824,0.5824,0.5824
75,1.5000,DynamicV1Rebalance,3.6600,19349.2797,708.1836,spend25p,708.6549,721.1910,732.8251,744.7858,756.2248,768.5287,780.9473,793.0530,803.8908,812.2514,818.3279,817.2484,815.2613,804.6405,789.5133,762.2061,731.4309,685.2725,637.1086,578.7912,510.5760,451.6840,381.2641,239.2129,0.0000,0.0000,0.0000,0.0000,0.0000,0.0000,0.0000,0.0000,0.0000,0.0000,0.0000,0.0000,0.0000,0.0000,0.0000,0.0000,0.0000,0.0000,0.0000,0.0000,0.0000,0.0000,0.0000,-5.4090,-24.8878,-44.0111,-65.2530,-88.2162,-110.4692,-134.0234,-160.7247
75,1.5000,DynamicV1Rebalance,3.6600,19349.2797,708.1836,spend50p,713.6362,736.1522,759.5554,784.8554,812.5261,839.7474,868.0957,897.3965,926.0149,953.5784,978.0225,996.7147,1011.7481,1015.1029,1013.8118,1005.6978,988.5606,964.3530,934.9746,905.2512,845.3348,816.6567,789.0725,759.3999,731.8252,700.6833,668.9607,638.1016,604.9311,578.3859,543.9658,513.1599,488.2699,461.4435,443.0130,28.7316,12.0919,0.0000,0.0000,0.0000,0.0000,0.0000,0.0000,0.0000,0.0000,0.0000,0.0000,0.0000,0.0000,0.0000,0.0000,0.0000,0.0000,0.0000,0.0000
75,1.5000,DynamicV1Rebalance,3.6600,19349.2797,708.1836,spend75p,718.7053,751.3792,788.6662,828.1307,870.1163,918.0850,966.2121,1013.7293,1064.5304,1113.5702,1159.9870,1203.3340,1237.4092,1265.9596,1286.0415,1292.2112,1292.4604,1280.9321,1260.8349,1239.9362,1181.1456,1164.9164,1142.6363,1124.0291,1102.6855,1078.1605,1055.7393,1035.1169,1012.7591,985.1353,957.0134,928.5593,909.5982,890.4666,873.6250,263.8533,245.2498,227.9072,211.6646,200.0702,190.6322,182.8080,173.4471,160.4774,143.2651,127.1388,110.7159,90.3165,68.5545,46.4311,22.6585,0.0000,0.0000,0.0000,0.0000
75,1.5000,DynamicV1Rebalance,4.0000,17704.5910,708.1836,survival,1.0000,1.0000,1.0000,1.0000,1.0000,1.0000,1.0000,0.9998,0.9984,0.9960,0.9892,0.9800,0.9624,0.9428,0.9222,0.8966,0.8702,0.8400,0.8102,0.7826,0.7576,0.7342,0.7072,0.6826,0.6654,0.6466,0.6328,0.6168,0.6038,0.5898,0.5776,0.5682,0.5588,0.5502,0.5440,0.5408,0.5394,0.5378,0.5362,0.5344,0.5324,0.5310,0.5298,0.5288,0.5276,0.5272,0.5266,0.5258,0.5252,0.5248,0.5244,0.5242,0.5240,0.5238,0.5238
75,1.5000,DynamicV1Rebalance,4.0000,17704.5910,708.1836,spend25p,708.6549,721.1910,732.8251,744.7858,756.2248,768.5287,780.9473,792.8910,803.3742,811.6412,814.3599,812.9261,803.5506,789.3514,769.4165,730.9939,683.8203,625.0701,553.5851,471.7315,331.0384,0.0000,0.0000,0.0000,0.0000,0.0000,0.0000,0.0000,0.0000,0.0000,0.0000,0.0000,0.0000,0.0000,0.0000,0.0000,0.0000,0.0000,0.0000,0.0000,0.0000,0.0000,0.0000,0.0000,0.0000,0.0000,0.0000,0.0000,-3.1147,-24.2259,-46.1565,-70.2813,-94.1792,-117.3216,-144.1844
75,1.5000,DynamicV1Rebalance,4.0000,17704.5910,708.1836,spend50p,713.6362,736.1522,759.5554,784.8554,812.5261,839.7474,868.0957,897.2778,925.6467,952.6157,974.4787,992.2999,1002.5149,1003.4207,998.3143,982.0815,956.3176,927.3717,891.9311,853.2513,793.0910,759.4070,722.6747,681.8393,646.5678,611.8471,577.6888,544.7553,511.3782,469.1342,431.4650,400.5417,371.7764,341.5969,322.1174,0.0000,0.0000,0.0000,0.0000,0.0000,0.0000,0.0000,0.0000,0.0000,0.0000,0.0000,0.0000,0.0000,0.0000,0.0000,0.0000,0.0000,0.0000,0.0000,0.0000
75,1.5000,DynamicV1Rebalance,4.0000,17704.5910,708.1836,spend75p,718.7053,751.3792,788.6662,828.1307,870.1163,918.0850,966.2121,1013.6083,1064.1440,1113.0281,1157.3147,1199.1065,1231.3210,1251.8546,1271.1887,1270.1703,1260.3471,1242.5807,1214.5237,1187.9011,1132.2604,1112.6778,1083.3620,1059.7975,1035.3427,1006.0167,982.8685,963.2370,936.6014,907.7957,877.0952,851.0874,826.5894,807.4570,795.9873,219.6297,200.0840,184.4311,171.2745,159.9599,147.1035,134.9683,123.6366,112.8124,98.4087,82.6508,66.2497,49.7868,29.2318,5.7745,0.0000,0.0000,0.0000,0.0000,0.0000
75,1.5000,DynamicV1Rebalance,5.0000,14163.6728,708.1836,survival,1.0000,1.0000,1.0000,1.0000,1.0000,1.0000,0.9998,0.9978,0.9934,0.9826,0.9624,0.9350,0.9008,0.8600,0.8174,0.7726,0.7250,0.6800,0.6418,0.6084,0.5854,0.5602,0.5380,0.5168,0.4962,0.4756,0.4602,0.4478,0.4346,0.4232,0.4134,0.4042,0.3952,0.3874,0.3792,0.3768,0.3750,0.3732,0.3724,0.3710,0.3702,0.3690,0.3682,0.3670,0.3664,0.3658,0.3656,0.3648,0.3642,0.3640,0.3638,0.3634,0.3630,0.3630,0.3628
75,1.5000,DynamicV1Rebalance,5.0000,14163.6728,708.1836,spend25p,708.6549,721.1910,732.8251,744.7858,756.2248,768.5287,780.8863,791.8239,802.0174,805.9349,797.2764,782.9683,755.4116,709.5617,637.5010,520.2300,0.0000,0.0000,0.0000,0.0000,0.0000,0.0000,0.0000,0.0000,0.0000,0.0000,0.0000,0.0000,0.0000,0.0000,0.0000,0.0000,0.0000,0.0000,0.0000,0.0000,0.0000,0.0000,0.0000,0.0000,0.0000,0.0000,0.0000,0.0000,0.0000,0.0000,0.0000,0.0000,0.0000,0.0000,0.0000,0.0000,0.0000,-8.5524,-39.1571
75,1.5000,DynamicV1Rebalance,5.0000,14163.6728,708.1836,spend50p,713.6362,736.1522,759.5554,784.8554,812.5261,839.7474,868.0835,896.8014,922.8090,945.8179,963.0499,967.3103,964.6722,946.8784,917.3388,883.6082,831.0423,773.4816,714.1608,645.1939,567.7899,501.8821,437.2011,349.3354,0.0000,0.0000,0.0000,0.0000,0.0000,0.0000,0.0000,0.0000,0.0000,0.0000,0.0000,0.0000,0.0000,0.0000,0.0000,0.0000,0.0000,0.0000,0.0000,0.0000,0.0000,0.0000,0.0000,0.0000,0.0000,0.0000,0.0000,0.0000,0.0000,0.0000,0.0000
75,1.5000,DynamicV1Rebalance,5.0000,14163.6728,708.1836,spend75p,718.7053,751.3792,788.6662,828.1307,870.1163,918.0850,966.1755,1012.8223,1062.4060,1107.4233,1146.7887,1175.0042,1194.9847,1202.9711,1197.0535,1179.7352,1150.4652,1102.3165,1062.3955,1030.4533,972.9189,943.0454,905.5437,875.4551,846.2682,811.3873,785.7363,759.1673,725.0192,687.7080,658.5982,626.9917,602.0885,579.3688,555.9097,89.2509,72.4297,57.9414,42.3707,31.2387,17.5001,5.1088,0.0000,0.0000,0.0000,0.0000,0.0000,0.0000,0.0000,0.0000,0.0000,0.0000,0.0000,0.0000,0.0000
75,1.5000,DynamicV1Rebalance,6.0000,11803.0606,708.1836,survival,1.0000,1.0000,1.0000,1.0000,1.0000,1.0000,0.9984,0.9928,0.9760,0.9484,0.9088,0.8574,0.8014,0.7356,0.6760,0.6146,0.5690,0.5372,0.5016,0.4618,0.4344,0.4088,0.3862,0.3690,0.3522,0.3330,0.3202,0.3082,0.2962,0.2862,0.2754,0.2662,0.2584,0.2538,0.2484,0.2462,0.2450,0.2440,0.2428,0.2424,0.2416,0.2400,0.2396,0.2386,0.2384,0.2366,0.2362,0.2358,0.2358,0.2356,0.2356,0.2354,0.2354,0.2354,0.2354
75,1.5000,DynamicV1Rebalance,6.0000,11803.0606,708.1836,spend25p,708.6549,721.1910,732.8251,744.7858,756.2248,768.5287,780.5472,789.9515,792.7784,784.9821,761.3221,714.5874,634.3913,0.0000,0.0000,0.0000,0.0000,0.0000,0.0000,0.0000,0.0000,0.0000,0.0000,0.0000,0.0000,0.0000,0.0000,0.0000,0.0000,0.0000,0.0000,0.0000,0.0000,0.0000,0.0000,0.0000,0.0000,0.0000,0.0000,0.0000,0.0000,0.0000,0.0000,0.0000,0.0000,0.0000,0.0000,0.0000,0.0000,0.0000,0.0000,0.0000,0.0000,0.0000,0.0000
75,1.5000,DynamicV1Rebalance,6.0000,11803.0606,708.1836,spend50p,713.6362,736.1522,759.5554,784.8554,812.5261,839.7474,867.8322,894.9468,915.7126,933.9628,938.0552,927.1097,899.2744,850.5828,798.3511,716.0804,626.3033,533.4971,284.7551,0.0000,0.0000,0.0000,0.0000,0.0000,0.0000,0.0000,0.0000,0.0000,0.0000,0.0000,0.0000,0.0000,0.0000,0.0000,0.0000,0.0000,0.0000,0.0000,0.0000,0.0000,0.0000,0.0000,0.0000,0.0000,0.0000,0.0000,0.0000,0.0000,0.0000,0.0000,0.0000,0.0000,0.0000,0.0000,0.0000
75,1.5000,DynamicV1Rebalance,6.0000,11803.0606,708.1836,spend75p,718.7053,751.3792,788.6662,828.1307,870.1163,918.0850,965.9420,1011.1854,1055.7230,1093.4651,1126.3833,1141.5724,1141.8922,1122.6011,1098.3506,1052.1241,1012.0134,982.8110,932.1110,870.3943,799.8519,750.6833,710.2184,665.4774,623.6348,568.5168,533.8941,483.6303,432.9575,386.6083,346.8733,290.1445,225.1609,178.4474,0.0000,0.0000,0.0000,0.0000,0.0000,0.0000,0.0000,0.0000,0.0000,0.0000,0.0000,0.0000,0.0000,0.0000,0.0000,0.0000,0.0000,0.0000,0.0000,0.0000,0.0000
75,1.5000,DynamicV1Rebalance,7.0000,10116.9091,708.1836,survival,1.0000,1.0000,1.0000,1.0000,1.0000,0.9994,0.9946,0.9754,0.9388,0.8906,0.8244,0.7428,0.6642,0.5938,0.5312,0.4798,0.4356,0.3926,0.3590,0.3284,0.3034,0.2800,0.2608,0.2466,0.2346,0.2234,0.2124,0.2038,0.1960,0.1876,0.1814,0.1744,0.1686,0.1638,0.1606,0.1600,0.1592,0.1588,0.1580,0.1574,0.1566,0.1554,0.1550,0.1544,0.1542,0.1542,0.1540,0.1540,0.1538,0.1536,0.1530,0.1530,0.1530,0.1528,0.1526
75,1.5000,DynamicV1Rebalance,7.0000,10116.9091,708.1836,spend25p,708.6549,721.1910,732.8251,744.7858,756.2248,768.1664,778.8833,783.9466,774.5617,746.3061,684.0289,0.0000,0.0000,0.0000,0.0000,0.0000,0.0000,0.0000,0.0000,0.0000,0.0000,0.0000,0.0000,0.0000,0.0000,0.0000,0.0000,0.0000,0.0000,0.0000,0.0000,0.0000,0.0000,0.0000,0.0000,0.0000,0.0000,0.0000,0.0000,0.0000,0.0000,0.0000,0.0000,0.0000,0.0000,0.0000,0.0000,0.0000,0.0000,0.0000,0.0000,0.0000,0.0000,0.0000,0.0000
75,1.5000,DynamicV1Rebalance,7.0000,10116.9091,708.1836,spend50p,713.6362,736.1522,759.5554,784.8554,812.5261,839.5607,866.5424,889.8055,903.8000,907.8953,890.6374,845.8011,788.2596,708.8072,572.5533,0.0000,0.0000,0.0000,0.0000,0.0000,0.0000,0.0000,0.0000,0.0000,0.0000,0.0000,0.0000,0.0000,0.0000,0.0000,0.0000,0.0000,0.0000,0.0000,0.0000,0.0000,0.0000,0.0000,0.0000,0.0000,0.0000,0.0000,0.0000,0.0000,0.0000,0.0000,0.0000,0.0000,0.0000,0.0000,0.0000,0.0000,0.0000,0.0000,0.0000
75,1.5000,DynamicV1Rebalance,7.0000,10116.9091,708.1836,spend75p,718.7053,751.3792,788.6662,828.1307,870.1163,917.9345,965.0688,1006.6269,1042.5640,1075.7931,1087.0141,1076.6043,1052.6285,1022.7538,975.1252,922.2064,865.9800,798.3949,739.5725,657.7264,556.1957,464.5992,351.1881,0.0000,0.0000,0.0000,0.0000,0.0000,0.0000,0.0000,0.0000,0.0000,0.0000,0.0000,0.0000,0.0000,0.0000,0.0000,0.0000,0.0000,0.0000,0.0000,0.0000,0.0000,0.0000,0.0000,0.0000,0.0000,0.0000,0.0000,0.0000,0.0000,0.0000,0.0000,0.0000
75,2.0000,DynamicV1Rebalance,2.5000,37483.1274,937.0782,survival,1.0000,1.0000,1.0000,1.0000,1.0000,1.0000,1.0000,1.0000,1.0000,1.0000,0.9998,0.9992,0.9984,0.9966,0.9948,0.9926,0.9892,0.9846,0.9788,0.9738,0.9678,0.9596,0.9532,0.9448,0.9366,0.9282,0.9200,0.9088,0.9010,0.8912,0.8858,0.8774,0.8708,0.8638,0.8578,0.8536,0.8512,0.8476,0.8454,0.8428,0.8402,0.8386,0.8380,0.8370,0.8336,0.8318,0.8290,0.8276,0.8256,0.8248,0.8236,0.8222,0.8208,0.8198,0.8190
75,2.0000,DynamicV1Rebalance,2.5000,37483.1274,937.0782,spend25p,937.7018,954.4477,969.9980,985.9785,1001.2664,1017.6975,1034.2777,1050.4369,1065.2007,1077.7822,1087.5939,1095.2154,1098.6324,1103.3221,1102.5826,1092.4788,1080.8441,1060.1848,1036.7147,1011.9011,968.4438,939.6660,916.1351,887.4067,858.3533,831.3472,800.4666,761.6994,726.6265,691.0348,663.7801,627.2422,599.8049,574.5713,558.3193,150.7629,132.1731,112.2508,100.0580,85.8961,72.4893,59.0248,45.7467,30.6720,16.1112,2.4802,0.0000,0.0000,0.0000,0.0000,0.0000,0.0000,0.0000,0.0000,0.0000
75,2.0000,DynamicV1Rebalance,2.5000,37483.1274,937.0782,spend50p,944.2931,974.2479,1005.3793,1039.0243,1075.8111,1112.0065,1149.6960,1188.6448,1227.4607,1265.0142,1299.1860,1330.0698,1357.1259,1380.1097,1393.9076,1401.4717,1398.7391,1381.8562,1368.1182,1355.3712,1306.6463,1289.7233,1276.1554,1253.4728,1236.4709,1221.5150,1203.0903,1170.9929,1143.9952,1113.1572,1088.3472,1059.7455,1033.3040,1007.0393,988.1610,430.5972,413.5409,394.9375,383.3127,373.2919,360.4719,345.6162,336.9081,328.3473,313.6648,299.4395,281.9593,264.1627,241.3501,216.6448,196.6393,176.7048,152.1250,124.9599,95.9955
75,2.0000,DynamicV1Rebalance,2.5000,37483.1274,937.0782,spend75p,951.0006,994.3997,1043.9115,1096.3139,1152.0624,1215.7423,1279.6403,1342.7332,1410.8699,1477.9060,1540.6258,1602.2984,1660.1643,1708.6601,1753.9253,1783.3832,1805.0989,1827.0621,1830.0975,1836.4884,1796.3399,1781.9576,1774.8629,1763.4594,1756.2034,1754.8942,1742.8272,1718.8700,1694.4285,1664.2055,1638.8075,1612.8473,1590.1741,1574.5643,1565.7929,806.3264,791.7464,779.5193,775.5548,772.7962,766.1283,769.6868,766.4526,761.6212,749.6320,738.7145,725.6989,708.2858,686.0694,665.6648,645.4641,615.9515,587.6995,554.1075,518.4945
75,2.0000,DynamicV1Rebalance,2.8000,33467.0780,937.0782,survival,1.0000,1.0000,1.0000,1.0000,1.0000,1.0000,1.0000,1.0000,1.0000,0.9998,0.9990,0.9980,0.9960,0.9932,0.9888,0.9824,0.9756,0.9676,0.9580,0.9476,0.9364,0.9252,0.9136,0.9030,0.8938,0.8818,0.8698,0.8614,0.8476,0.8392,0.8284,0.8204,0.8108,0.8030,0.7934,0.7894,0.7856,0.7808,0.7788,0.7756,0.7726,0.7698,0.7678,0.7654,0.7624,0.7604,0.7584,0.7572,0.7550,0.7542,0.7530,0.7520,0.7508,0.7500,0.7486
75,2.0000,DynamicV1Rebalance,2.8000,33467.0780,937.0782,spend25p,937.7018,954.4477,969.9980,985.9785,1001.2664,1017.6975,1034.2777,1050.4369,1065.2007,1077.7007,1086.6721,1093.6806,1094.6639,1098.8209,1096.5677,1082.5834,1064.8599,1040.9114,1011.6340,980.1931,920.4633,884.1372,844.3399,811.4698,781.8920,743.2048,702.0364,671.0461,621.5069,585.3142,543.5445,512.0121,474.0674,447.2980,412.6978,61.2020,40.6427,18.9208,5.3500,0.0000,0.0000,0.0000,0.0000,0.0000,0.0000,0.0000,0.0000,0.0000,0.0000,0.0000,0.0000,0.0000,0.0000,0.0000,0.0000
75,2.0000,DynamicV1Rebalance,2.8000,33467.0780,937.0782,spend50p,944.2931,974.2479,1005.3793,1039.0243,1075.8111,1112.0065,1149.6960,1188.6448,1227.4607,1264.9805,1298.4533,1327.7059,1354.8943,1376.9164,1388.5469,1391.2369,1381.3199,1361.5215,1342.1039,1320.1008,1271.4579,1248.9273,1223.8671,1202.4949,1180.1302,1157.5654,1130.7022,1106.7667,1071.3753,1044.8562,1014.8308,977.3943,938.4284,914.8688,892.8604,372.3008,350.9935,326.7586,311.7729,302.1102,289.8737,278.9211,267.1988,255.4120,238.3455,224.3511,204.7061,188.5912,168.2912,149.1976,127.2533,105.5478,79.9217,57.0246,30.2009
75,2.0000,DynamicV1Rebalance,2.8000,33467.0780,937.0782,spend75p,951.0006,994.3997,1043.9115,1096.3139,1152.0624,1215.7423,1279.6403,1342.7332,1410.8699,1477.8726,1539.7948,1600.8077,1657.9307,1705.1099,1747.0258,1776.0305,1790.2129,1799.4968,1798.1101,1795.1729,1751.6849,1726.1969,1711.4816,1702.0140,1694.3994,1680.5189,1658.0566,1636.3993,1598.8231,1567.3233,1545.3161,1516.9574,1484.2717,1470.4496,1451.8474,735.4526,716.1367,703.0928,693.0319,692.2328,691.6032,680.2114,679.6485,672.8122,661.2816,648.2401,632.4705,620.2611,598.8677,580.1295,558.0935,525.6485,494.2579,461.6337,428.1900
75,2.0000,DynamicV1Rebalance,3.0000,31235.9395,937.0782,survival,1.0000,1.0000,1.0000,1.0000,1.0000,1.0000,1.0000,1.0000,1.0000,0.9996,0.9980,0.9966,0.9934,0.9890,0.9820,0.9722,0.9628,0.9518,0.9390,0.9274,0.9104,0.8976,0.8850,0.8712,0.8608,0.8476,0.8330,0.8196,0.8090,0.7968,0.7850,0.7722,0.7620,0.7534,0.7462,0.7430,0.7390,0.7350,0.7322,0.7290,0.7266,0.7234,0.7214,0.7188,0.7168,0.7154,0.7138,0.7130,0.7116,0.7106,0.7086,0.7080,0.7070,0.7062,0.7050
75,2.0000,DynamicV1Rebalance,3.0000,31235.9395,937.0782,spend25p,937.7018,954.4477,969.9980,985.9785,1001.2664,1017.6975,1034.2777,1050.4369,1065.2007,1077.5345,1085.9906,1092.0368,1093.0992,1092.1625,1088.7025,1072.3066,1050.5138,1015.9517,980.8540,944.7417,880.3222,840.4147,796.2534,757.4389,717.3796,674.6882,622.6682,577.9552,534.8269,484.8510,440.4778,375.0701,304.4006,220.1636,0.0000,0.0000,0.0000,0.0000,0.0000,0.0000,0.0000,0.0000,0.0000,0.0000,0.0000,0.0000,0.0000,0.0000,0.0000,0.0000,0.0000,0.0000,0.0000,0.0000,0.0000
75,2.0000,DynamicV1Rebalance,3.0000,31235.9395,937.0782,spend50p,944.2931,974.2479,1005.3793,1039.0243,1075.8111,1112.0065,1149.6960,1188.6448,1227.4607,1264.7513,1297.6511,1327.3388,1352.6008,1372.1051,1383.3533,1381.6311,1368.8147,1343.7932,1323.1020,1296.8077,1240.0223,1216.4399,1188.2961,1163.8762,1139.2051,1114.8025,1082.0106,1054.9042,1019.7850,985.8674,950.3565,908.3521,876.4228,849.2491,829.5877,327.4327,307.8283,289.3984,272.1708,254.4952,243.1305,229.3050,219.0513,206.6003,190.0166,174.5804,161.6713,145.4544,128.8396,106.7705,85.4297,63.4876,40.1011,16.6223,0.0000
75,2.0000,DynamicV1Rebalance,3.0000,31235.9395,937.0782,spend75p,951.0006,994.3997,1043.9115,1096.3139,1152.0624,1215.7423,1279.6403,1342.7332,1410.8699,1477.8088,1539.0202,1600.2602,1656.1069,1700.9286,1738.7453,1763.8220,1777.7347,1774.7396,1767.6287,1762.5789,1700.3481,1682.5368,1675.6795,1650.7957,1641.4428,1624.9251,1604.4237,1569.4658,1535.2299,1513.6415,1475.1521,1443.3824,1415.7023,1388.6557,1373.0618,686.7044,671.2020,654.4321,650.6939,643.9704,636.4595,636.8378,632.5921,623.4913,609.9212,591.8439,588.2739,569.2587,555.7710,533.0057,504.7130,476.6858,452.1602,421.0568,383.7977
75,2.0000,DynamicV1Rebalance,3.3300,28140.4860,937.0782,survival,1.0000,1.0000,1.0000,1.0000,1.0000,1.0000,1.0000,1.0000,0.9998,0.9984,0.9970,0.9930,0.9872,0.9780,0.9652,0.9518,0.9380,0.9204,0.9030,0.8848,0.8668,0.8486,0.8308,0.8150,0.7996,0.7814,0.7658,0.7518,0.7378,0.7234,0.7114,0.7012,0.6938,0.6856,0.6772,0.6738,0.6692,0.6660,0.6624,0.6594,0.6568,0.6534,0.6508,0.6490,0.6466,0.6442,0.6428,0.6410,0.6398,0.6384,0.6364,0.6342,0.6332,0.6324,0.6318
75,2.0000,DynamicV1Rebalance,3.3300,28140.4860,937.0782,spend25p,937.7018,954.4477,969.9980,985.9785,1001.2664,1017.6975,1034.2777,1050.4369,1064.9510,1076.7130,1085.3836,1089.7510,1088.3262,1081.7654,1067.2073,1046.1492,1015.9493,970.3888,926.0053,871.8521,795.3897,734.4454,678.3700,629.0469,571.3291,491.2746,413.6875,262.7875,0.0000,0.0000,0.0000,0.0000,0.0000,0.0000,0.0000,0.0000,0.0000,0.0000,0.0000,0.0000,0.0000,0.0000,0.0000,0.0000,0.0000,0.0000,0.0000,0.0000,0.0000,0.0000,0.0000,0.0000,0.0000,0.0000,0.0000
75,2.0000,DynamicV1Rebalance,3.3300,28140.4860,937.0782,spend50p,944.2931,974.2479,1005.3793,1039.0243,1075.8111,1112.0065,1149.6960,1188.6448,1227.1002,1264.0209,1296.9697,1324.2058,1348.5228,1360.6024,1366.1763,1357.1056,1340.6974,1315.2978,1281.5554,1251.2175,1193.9107,1149.2413,1122.1963,1090.4354,1062.2642,1032.4241,1001.7719,962.1561,923.9624,875.8310,839.1572,802.3750,775.2032,747.1401,721.3953,258.9987,236.0665,216.2769,202.9377,186.7282,175.6005,158.3449,144.1800,130.7645,115.0484,97.7308,83.1497,66.6818,50.1682,31.3067,7.3798,0.0000,0.0000,0.0000,0.0000
75,2.0000,DynamicV1Rebalance,3.3300,28140.4860,937.0782,spend75p,951.0006,994.3997,1043.9115,1096.3139,1152.0624,1215.7423,1279.6403,1342.7332,1410.6836,1476.0680,1538.5971,1596.3721,1647.0681,1694.5292,1722.6419,1735.7958,1744.4287,1738.3163,1729.3731,1701.2555,1636.5973,1614.6917,1590.8847,1580.3987,1568.3500,1537.7379,1499.8544,1470.5243,1440.7547,1407.3245,1371.1254,1339.5279,1315.9401,1295.0330,1278.3142,626.5677,606.5757,597.7588,590.1049,579.0646,572.0489,565.0549,554.2752,541.9444,535.0487,517.6933,506.3354,487.9598,467.4102,446.5197,422.9955,393.3070,362.8960,331.9731,298.9583
75,2.0000,DynamicV1Rebalance,3.6600,25603.2291,937.0782,survival,1.0000,1.0000,1.0000,1.0000,1.0000,1.0000,1.0000,1.0000,0.9994,0.9974,0.9944,0.9872,0.9788,0.9606,0.9460,0.9274,0.9076,0.8838,0.8592,0.8360,0.8162,0.7912,0.7714,0.7520,0.7320,0.7134,0.6976,0.6826,0.6704,0.6588,0.6426,0.6330,0.6232,0.6144,0.6050,0.6018,0.5984,0.5932,0.5918,0.5888,0.5848,0.5830,0.5798,0.5784,0.5770,0.5756,0.5730,0.5714,0.5702,0.5696,0.5686,0.5674,0.5666,0.5662,0.5656
75,2.0000,DynamicV1Rebalance,3.6600,25603.2291,937.0782,spend25p,937.7018,954.4477,969.9980,985.9785,1001.2664,1017.6975,1034.2777,1050.4369,1064.9058,1076.0786,1084.2068,1082.4829,1080.2271,1065.9658,1046.0777,1009.6537,967.8124,907.7061,843.3493,764.3144,679.8402,600.0467,501.0863,306.8377,0.0000,0.0000,0.0000,0.0000,0.0000,0.0000,0.0000,0.0000,0.0000,0.0000,0.0000,0.0000,0.0000,0.0000,0.0000,0.0000,0.0000,0.0000,0.0000,0.0000,0.0000,0.0000,0.0000,0.0000,0.0000,0.0000,0.0000,0.0000,0.0000,0.0000,0.0000
75,2.0000,DynamicV1Rebalance,3.6600,25603.2291,937.0782,spend50p,944.2931,974.2479,1005.3793,1039.0243,1075.8111,1112.0065,1149.6960,1188.6448,1226.6824,1263.3101,1295.7870,1320.3796,1340.5736,1344.8537,1343.2654,1332.1985,1309.3665,1277.3739,1238.0761,1197.6967,1126.7533,1088.2847,1050.8913,1012.1235,974.0197,930.2309,889.9556,848.4633,804.9677,768.9813,717.2605,681.6794,645.3842,611.7745,583.6154,168.7610,150.0783,124.3375,110.8770,96.7680,79.6442,68.1848,53.6305,37.5453,26.5564,11.4651,0.0000,0.0000,0.0000,0.0000,0.0000,0.0000,0.0000,0.0000,0.0000
75,2.0000,DynamicV1Rebalance,3.6600,25603.2291,937.0782,spend75p,951.0006,994.3997,1043.9115,1096.3139,1152.0624,1215.7423,1279.6403,1342.7332,1410.1725,1475.2687,1536.8726,1594.1834,1639.5762,1677.1484,1703.9603,1712.0231,1711.7795,1696.7118,1669.3827,1640.6394,1574.5682,1553.0012,1522.7616,1498.0973,1468.5031,1436.4400,1406.7960,1376.7643,1344.5848,1309.9087,1270.0979,1234.1936,1210.3195,1186.1293,1160.4877,556.6979,530.5529,512.5905,500.1881,490.2085,485.1147,478.5774,470.9585,463.4491,448.3613,440.2704,418.6030,398.3765,380.8191,359.4734,337.5368,314.8427,287.9572,257.9521,228.2070
75,2.0000,DynamicV1Rebalance,4.0000,23426.9546,937.0782,survival,1.0000,1.0000,1.0000,1.0000,1.0000,1.0000,1.0000,0.9998,0.9984,0.9960,0.9892,0.9796,0.9624,0.9426,0.9218,0.8956,0.8700,0.8388,0.8100,0.7822,0.7564,0.7330,0.7056,0.6802,0.6630,0.6460,0.6308,0.6150,0.6020,0.5886,0.5760,0.5674,0.5572,0.5490,0.5430,0.5386,0.5354,0.5328,0.5286,0.5266,0.5246,0.5228,0.5204,0.5184,0.5166,0.5144,0.5132,0.5116,0.5106,0.5102,0.5096,0.5082,0.5078,0.5072,0.5072
75,2.0000,DynamicV1Rebalance,4.0000,23426.9546,937.0782,spend25p,937.7018,954.4477,969.9980,985.9785,1001.2664,1017.6975,1034.2777,1050.2222,1064.2215,1075.2702,1078.9495,1076.8692,1064.7104,1045.3473,1018.7679,967.8205,905.2616,822.8716,733.1632,623.3243,429.7232,0.0000,0.0000,0.0000,0.0000,0.0000,0.0000,0.0000,0.0000,0.0000,0.0000,0.0000,0.0000,0.0000,0.0000,0.0000,0.0000,0.0000,0.0000,0.0000,0.0000,0.0000,0.0000,0.0000,0.0000,0.0000,0.0000,0.0000,0.0000,0.0000,0.0000,0.0000,0.0000,0.0000,0.0000
75,2.0000,DynamicV1Rebalance,4.0000,23426.9546,937.0782,spend50p,944.2931,974.2479,1005.3793,1039.0243,1075.8111,1112.0065,1149.6960,1188.4876,1226.1946,1262.0346,1291.0918,1314.2801,1328.3395,1329.5390,1322.4449,1299.2377,1266.6610,1226.8761,1181.2796,1129.8014,1056.3999,1011.7005,958.9759,903.1443,858.3192,814.2869,767.0094,722.9679,676.9866,620.7649,571.5196,533.3651,492.1749,452.3443,427.1494,68.4682,46.7859,30.8709,11.7282,0.0000,0.0000,0.0000,0.0000,0.0000,0.0000,0.0000,0.0000,0.0000,0.0000,0.0000,0.0000,0.0000,0.0000,0.0000,0.0000
75,2.0000,DynamicV1Rebalance,4.0000,23426.9546,937.0782,spend75p,951.0006,994.3997,1043.9115,1096.3139,1152.0624,1215.7423,1279.6403,1342.5730,1409.6606,1474.5506,1533.3321,1587.9746,1631.5092,1658.7156,1684.2808,1681.7163,1669.4701,1643.8707,1608.5234,1572.7971,1509.2683,1478.1825,1441.8725,1410.8011,1374.1537,1340.5351,1309.6410,1282.3942,1245.3340,1209.2587,1167.8646,1133.9354,1099.8268,1075.5559,1061.0193,477.0058,460.4311,445.0346,432.9290,420.4662,411.1184,402.5275,387.5943,377.7357,368.4223,353.4897,342.5487,324.1462,302.0661,284.0014,263.3828,230.8269,202.8466,179.6378,158.7090
75,2.0000,DynamicV1Rebalance,5.0000,18741.5637,937.0782,survival,1.0000,1.0000,1.0000,1.0000,1.0000,1.0000,0.9998,0.9978,0.9934,0.9824,0.9622,0.9348,0.9002,0.8590,0.8174,0.7716,0.7242,0.6790,0.6414,0.6082,0.5852,0.5596,0.5368,0.5162,0.4946,0.4740,0.4596,0.4458,0.4330,0.4220,0.4112,0.4020,0.3940,0.3856,0.3772,0.3742,0.3722,0.3696,0.3674,0.3650,0.3644,0.3608,0.3596,0.3574,0.3562,0.3544,0.3530,0.3522,0.3510,0.3504,0.3492,0.3482,0.3468,0.3464,0.3460
75,2.0000,DynamicV1Rebalance,5.0000,18741.5637,937.0782,spend25p,937.7018,954.4477,969.9980,985.9785,1001.2664,1017.6975,1034.1969,1048.8089,1062.4242,1067.5385,1056.3156,1037.3773,999.5904,938.4327,844.6667,682.2442,0.0000,0.0000,0.0000,0.0000,0.0000,0.0000,0.0000,0.0000,0.0000,0.0000,0.0000,0.0000,0.0000,0.0000,0.0000,0.0000,0.0000,0.0000,0.0000,0.0000,0.0000,0.0000,0.0000,0.0000,0.0000,0.0000,0.0000,0.0000,0.0000,0.0000,0.0000,0.0000,0.0000,0.0000,0.0000,0.0000,0.0000,0.0000,0.0000
75,2.0000,DynamicV1Rebalance,5.0000,18741.5637,937.0782,spend50p,944.2931,974.2479,1005.3793,1039.0243,1075.8111,1112.0065,1149.6799,1187.8566,1222.4355,1252.9318,1275.9497,1281.1609,1277.6343,1254.0661,1215.4420,1168.3734,1099.2388,1023.8440,945.2905,852.8780,756.4233,667.3915,579.7901,463.9058,0.0000,0.0000,0.0000,0.0000,0.0000,0.0000,0.0000,0.0000,0.0000,0.0000,0.0000,0.0000,0.0000,0.0000,0.0000,0.0000,0.0000,0.0000,0.0000,0.0000,0.0000,0.0000,0.0000,0.0000,0.0000,0.0000,0.0000,0.0000,0.0000,0.0000,0.0000
75,2.0000,DynamicV1Rebalance,5.0000,18741.5637,937.0782,spend75p,951.0006,994.3997,1043.9115,1096.3139,1152.0624,1215.7423,1279.5918,1341.5318,1407.3583,1466.9224,1519.3862,1556.2515,1583.1823,1593.5179,1586.0543,1561.9272,1523.6685,1459.4243,1405.9348,1364.3893,1297.2252,1256.6867,1206.1809,1167.0952,1126.2501,1080.4960,1046.7063,1007.6837,964.0882,915.8762,871.7408,833.6981,801.5136,768.3259,735.1813,270.2877,249.6105,230.4950,213.7607,201.8743,187.1678,171.3883,156.8546,144.9803,130.0876,111.8332,95.8347,80.2742,61.5385,42.2191,22.3890,1.0382,0.0000,0.0000,0.0000
75,2.0000,DynamicV1Rebalance,6.0000,15617.9697,937.0782,survival,1.0000,1.0000,1.0000,1.0000,1.0000,1.0000,0.9984,0.9928,0.9760,0.9484,0.9082,0.8572,0.8008,0.7346,0.6750,0.6142,0.5680,0.5370,0.5006,0.4616,0.4332,0.4070,0.3854,0.3672,0.3512,0.3314,0.3184,0.3070,0.2944,0.2846,0.2746,0.2650,0.2574,0.2526,0.2470,0.2438,0.2420,0.2396,0.2382,0.2366,0.2340,0.2324,0.2318,0.2306,0.2296,0.2282,0.2270,0.2260,0.2248,0.2240,0.2232,0.2226,0.2222,0.2216,0.2212
75,2.0000,DynamicV1Rebalance,6.0000,15617.9697,937.0782,spend25p,937.7018,954.4477,969.9980,985.9785,1001.2664,1017.6975,1033.7478,1046.3287,1050.1853,1039.9520,1008.1532,946.5813,839.1615,0.0000,0.0000,0.0000,0.0000,0.0000,0.0000,0.0000,0.0000,0.0000,0.0000,0.0000,0.0000,0.0000,0.0000,0.0000,0.0000,0.0000,0.0000,0.0000,0.0000,0.0000,0.0000,0.0000,0.0000,0.0000,0.0000,0.0000,0.0000,0.0000,0.0000,0.0000,0.0000,0.0000,0.0000,0.0000,0.0000,0.0000,0.0000,0.0000,0.0000,0.0000,0.0000
75,2.0000,DynamicV1Rebalance,6.0000,15617.9697,937.0782,spend50p,944.2931,974.2479,1005.3793,1039.0243,1075.8111,1112.0065,1149.3471,1185.4000,1213.0350,1237.3231,1242.6752,1228.3944,1190.9264,1125.1474,1056.9662,947.9577,827.3118,704.9729,349.6752,0.0000,0.0000,0.0000,0.0000,0.0000,0.0000,0.0000,0.0000,0.0000,0.0000,0.0000,0.0000,0.0000,0.0000,0.0000,0.0000,0.0000,0.0000,0.0000,0.0000,0.0000,0.0000,0.0000,0.0000,0.0000,0.0000,0.0000,0.0000,0.0000,0.0000,0.0000,0.0000,0.0000,0.0000,0.0000,0.0000
75,2.0000,DynamicV1Rebalance,6.0000,15617.9697,937.0782,spend75p,951.0006,994.3997,1043.9115,1096.3139,1152.0624,1215.7423,1279.2826,1339.3636,1398.5054,1448.6333,1492.1727,1512.5515,1513.0154,1486.3434,1454.2248,1393.0137,1340.2427,1301.4531,1231.3970,1152.5821,1065.5672,997.9077,944.6828,881.0302,829.6349,756.0353,703.4521,640.6615,571.1000,512.8571,457.3567,378.1212,292.9376,220.8025,0.0000,0.0000,0.0000,0.0000,0.0000,0.0000,0.0000,0.0000,0.0000,0.0000,0.0000,0.0000,0.0000,0.0000,0.0000,0.0000,0.0000,0.0000,0.0000,0.0000,0.0000
75,2.0000,DynamicV1Rebalance,7.0000,13386.8312,937.0782,survival,1.0000,1.0000,1.0000,1.0000,1.0000,0.9994,0.9946,0.9750,0.9386,0.8898,0.8242,0.7428,0.6638,0.5928,0.5310,0.4792,0.4348,0.3918,0.3582,0.3276,0.3018,0.2792,0.2606,0.2450,0.2342,0.2220,0.2106,0.2030,0.1952,0.1864,0.1804,0.1738,0.1682,0.1630,0.1598,0.1588,0.1574,0.1562,0.1550,0.1534,0.1520,0.1512,0.1506,0.1494,0.1490,0.1490,0.1484,0.1478,0.1466,0.1462,0.1458,0.1456,0.1450,0.1446,0.1444
75,2.0000,DynamicV1Rebalance,7.0000,13386.8312,937.0782,spend25p,937.7018,954.4477,969.9980,985.9785,1001.2664,1017.2178,1031.5442,1038.1941,1025.9802,988.0415,906.1546,0.0000,0.0000,0.0000,0.0000,0.0000,0.0000,0.0000,0.0000,0.0000,0.0000,0.0000,0.0000,0.0000,0.0000,0.0000,0.0000,0.0000,0.0000,0.0000,0.0000,0.0000,0.0000,0.0000,0.0000,0.0000,0.0000,0.0000,0.0000,0.0000,0.0000,0.0000,0.0000,0.0000,0.0000,0.0000,0.0000,0.0000,0.0000,0.0000,0.0000,0.0000,0.0000,0.0000,0.0000
75,2.0000,DynamicV1Rebalance,7.0000,13386.8312,937.0782,spend50p,944.2931,974.2479,1005.3793,1039.0243,1075.8111,1111.7592,1147.6389,1178.4455,1197.2219,1202.4401,1180.0100,1120.6628,1043.5304,937.9847,757.0327,0.0000,0.0000,0.0000,0.0000,0.0000,0.0000,0.0000,0.0000,0.0000,0.0000,0.0000,0.0000,0.0000,0.0000,0.0000,0.0000,0.0000,0.0000,0.0000,0.0000,0.0000,0.0000,0.0000,0.0000,0.0000,0.0000,0.0000,0.0000,0.0000,0.0000,0.0000,0.0000,0.0000,0.0000,0.0000,0.0000,0.0000,0.0000,0.0000,0.0000
75,2.0000,DynamicV1Rebalance,7.0000,13386.8312,937.0782,spend75p,951.0006,994.3997,1043.9115,1096.3139,1152.0624,1215.5430,1278.1261,1333.1065,1381.0737,1424.7056,1440.1904,1426.4706,1394.6356,1353.8068,1292.0069,1220.3069,1146.4101,1057.1554,975.6311,868.9206,733.4976,613.7523,465.9029,0.0000,0.0000,0.0000,0.0000,0.0000,0.0000,0.0000,0.0000,0.0000,0.0000,0.0000,0.0000,0.0000,0.0000,0.0000,0.0000,0.0000,0.0000,0.0000,0.0000,0.0000,0.0000,0.0000,0.0000,0.0000,0.0000,0.0000,0.0000,0.0000,0.0000,0.0000,0.0000
75,3.0000,DynamicV1Rebalance,2.5000,55794.6911,1394.8673,survival,1.0000,1.0000,1.0000,1.0000,1.0000,1.0000,1.0000,1.0000,1.0000,1.0000,0.9998,0.9992,0.9984,0.9966,0.9948,0.9926,0.9890,0.9844,0.9788,0.9738,0.9674,0.9590,0.9528,0.9442,0.9364,0.9278,0.9190,0.9076,0.8994,0.8910,0.8838,0.8764,0.8692,0.8624,0.8560,0.8518,0.8480,0.8448,0.8406,0.8382,0.8358,0.8326,0.8298,0.8262,0.8232,0.8206,0.8170,0.8152,0.8132,0.8110,0.8108,0.8090,0.8074,0.8064,0.8048
75,3.0000,DynamicV1Rebalance,2.5000,55794.6911,1394.8673,spend25p,1395.7955,1420.9611,1444.3437,1468.3639,1491.3495,1516.0351,1540.9386,1565.2045,1587.3754,1606.2720,1621.0128,1632.4559,1637.5932,1644.5827,1643.4285,1628.2609,1610.6826,1579.4596,1544.5907,1507.3905,1452.2061,1409.1611,1371.6138,1330.9024,1287.2760,1246.5880,1198.9633,1139.7057,1084.2252,1036.5093,993.3853,938.6218,896.1954,857.2693,828.9028,415.1754,384.4371,362.0591,342.9123,323.5653,310.7300,293.3862,271.8846,255.6590,231.8716,209.0310,183.3546,164.0876,143.1881,121.2391,107.3105,86.3041,63.0045,43.3416,18.2191
75,3.0000,DynamicV1Rebalance,2.5000,55794.6911,1394.8673,spend50p,1405.6069,1450.4392,1497.0271,1547.3621,1602.3812,1656.5245,1712.8967,1771.1414,1829.1772,1885.3131,1936.3821,1982.5145,2022.8971,2057.1551,2077.6561,2088.7925,2084.3546,2058.7357,2038.3455,2019.0448,1958.5405,1934.0708,1913.8852,1879.0100,1854.5598,1831.8470,1801.9899,1752.8672,1713.4424,1669.2941,1629.1785,1588.4140,1546.2673,1508.3029,1476.7006,917.7533,896.0012,875.9607,865.3179,854.8322,847.1589,828.4163,820.7001,809.1052,796.0668,781.1459,767.3559,752.5544,733.6727,701.9499,681.0007,661.8937,634.7885,609.0604,580.0335
75,3.0000,DynamicV1Rebalance,2.5000,55794.6911,1394.8673,spend75p,1415.5912,1480.4408,1554.4022,1632.6804,1715.9547,1811.0569,1906.4967,2000.7410,2102.4959,2202.5963,2296.2379,2388.2806,2474.5983,2546.8836,2614.2721,2658.0040,2690.1083,2721.1728,2726.6438,2735.7469,2693.5284,2670.5631,2662.0044,2643.5055,2633.6030,2631.6967,2610.0668,2575.5196,2537.2896,2495.7009,2451.2371,2414.8926,2380.6710,2359.6153,2344.0332,1581.5859,1556.8571,1565.1179,1567.1963,1577.9621,1581.3815,1596.2420,1600.9641,1597.8803,1600.0129,1597.3940,1581.7444,1576.1712,1553.6698,1553.0894,1547.4131,1521.4019,1498.2991,1468.1384,1426.3296
75,3.0000,DynamicV1Rebalance,2.8000,49816.6885,1394.8673,survival,1.0000,1.0000,1.0000,1.0000,1.0000,1.0000,1.0000,1.0000,1.0000,0.9998,0.9990,0.9980,0.9960,0.9932,0.9886,0.9824,0.9754,0.9674,0.9580,0.9470,0.9362,0.9246,0.9134,0.9024,0.8930,0.8808,0.8688,0.8604,0.8472,0.8384,0.8270,0.8190,0.8094,0.8002,0.7912,0.7866,0.7814,0.7760,0.7722,0.7684,0.7652,0.7612,0.7572,0.7532,0.7496,0.7480,0.7460,0.7442,0.7416,0.7402,0.7386,0.7370,0.7340,0.7334,0.7326
75,3.0000,DynamicV1Rebalance,2.8000,49816.6885,1394.8673,spend25p,1395.7955,1420.9611,1444.3437,1468.3639,1491.3495,1516.0351,1540.9386,1565.2045,1587.3754,1606.1505,1619.6390,1630.1683,1631.6779,1637.8734,1632.7585,1613.5125,1586.5914,1551.0196,1507.2234,1458.9612,1380.5418,1323.2867,1265.6519,1216.0706,1169.3563,1112.5606,1051.3681,1003.5446,931.8919,873.9703,809.6145,762.6426,707.2001,661.3233,605.1958,243.8645,208.6652,168.9071,141.5878,114.6533,89.5638,59.8542,20.8214,0.0000,0.0000,0.0000,0.0000,0.0000,0.0000,0.0000,0.0000,0.0000,0.0000,0.0000,0.0000
75,3.0000,DynamicV1Rebalance,2.8000,49816.6885,1394.8673,spend50p,1405.6069,1450.4392,1497.0271,1547.3621,1602.3812,1656.5245,1712.8967,1771.1414,1829.1772,1885.2629,1935.2900,1978.9910,2019.5706,2052.3952,2069.3470,2073.5382,2058.3982,2028.0612,1999.5872,1965.6663,1906.7669,1872.8787,1835.2877,1802.4554,1769.9212,1734.7750,1691.4722,1657.9471,1606.2742,1564.6535,1519.7049,1463.5839,1404.9854,1365.9263,1335.0686,806.1502,779.0372,750.8456,734.6885,721.5827,712.4836,700.3345,683.8148,674.3702,654.7046,638.9273,624.7538,602.0256,582.1217,561.1270,543.9355,515.6604,480.5000,463.8785,442.6944
75,3.0000,DynamicV1Rebalance,2.8000,49816.6885,1394.8673,spend75p,1415.5912,1480.4408,1554.4022,1632.6804,1715.9547,1811.0569,1906.4967,2000.7410,2102.4959,2202.5464,2294.9993,2386.0586,2471.2689,2541.5918,2603.3189,2647.0453,2667.3835,2681.4313,2678.9861,2672.8096,2627.0724,2589.2954,2566.1595,2551.5531,2541.3971,2517.1971,2483.0265,2452.4374,2395.8608,2347.2846,2314.3509,2272.6598,2222.8245,2195.6275,2169.9639,1452.3875,1437.1550,1423.1324,1420.1064,1424.2698,1441.2379,1429.3673,1439.1421,1446.8763,1437.6070,1431.0588,1418.1606,1417.5609,1410.8482,1390.0933,1368.8404,1338.7007,1305.5777,1287.4784,1254.8888
75,3.0000,DynamicV1Rebalance,3.0000,46495.5759,1394.8673,survival,1.0000,1.0000,1.0000,1.0000,1.0000,1.0000,1.0000,1.0000,1.0000,0.9996,0.9980,0.9966,0.9932,0.9888,0.9820,0.9722,0.9626,0.9516,0.9390,0.9272,0.9104,0.8968,0.8838,0.8706,0.8606,0.8460,0.8308,0.8190,0.8068,0.7962,0.7834,0.7698,0.7596,0.7510,0.7446,0.7398,0.7346,0.7306,0.7256,0.7224,0.7180,0.7156,0.7118,0.7088,0.7068,0.7054,0.7026,0.7004,0.6986,0.6970,0.6958,0.6946,0.6924,0.6912,0.6898
75,3.0000,DynamicV1Rebalance,3.0000,46495.5759,1394.8673,spend25p,1395.7955,1420.9611,1444.3437,1468.3639,1491.3495,1516.0351,1540.9386,1565.2045,1587.3754,1605.9029,1618.6232,1627.7182,1629.2546,1627.6798,1622.7399,1598.1956,1564.8537,1513.4884,1461.3646,1407.1619,1320.4832,1259.4051,1190.0610,1134.4082,1075.2611,1005.4449,929.1644,865.9825,792.9865,726.1999,649.4431,545.7973,429.0512,285.5480,0.0000,0.0000,0.0000,0.0000,0.0000,0.0000,0.0000,0.0000,0.0000,0.0000,0.0000,0.0000,0.0000,0.0000,0.0000,0.0000,0.0000,0.0000,0.0000,0.0000,0.0000
75,3.0000,DynamicV1Rebalance,3.0000,46495.5759,1394.8673,spend50p,1405.6069,1450.4392,1497.0271,1547.3621,1602.3812,1656.5245,1712.8967,1771.1414,1829.1772,1884.9213,1934.0943,1978.4439,2015.9510,2044.8354,2061.9246,2059.2215,2039.5048,2001.7975,1971.2764,1931.8051,1860.0334,1821.0123,1781.4241,1744.4060,1708.2671,1668.4170,1617.9823,1580.2325,1526.2848,1477.6843,1419.6128,1357.3832,1308.9537,1271.1554,1240.3885,730.0801,705.9607,679.4217,656.6829,637.9894,617.2956,608.1814,591.9270,574.2713,564.7035,553.7311,540.9664,523.2454,496.7170,473.1535,454.1424,429.6477,401.7420,377.4185,354.5835
75,3.0000,DynamicV1Rebalance,3.0000,46495.5759,1394.8673,spend75p,1415.5912,1480.4408,1554.4022,1632.6804,1715.9547,1811.0569,1906.4967,2000.7410,2102.4959,2202.4514,2293.8447,2385.2425,2467.3023,2535.3592,2591.6459,2628.8494,2647.8678,2644.2086,2633.5723,2625.6468,2550.5221,2523.0871,2511.0542,2475.8040,2462.1642,2429.2592,2396.7922,2351.9805,2297.8722,2269.2435,2211.8014,2159.9995,2118.4045,2078.7534,2058.4159,1369.7242,1349.7998,1342.0959,1341.8876,1337.9149,1337.9652,1348.7007,1357.4080,1362.2581,1348.9777,1350.1177,1345.0296,1326.3722,1314.7029,1297.9062,1278.2332,1248.1196,1221.8684,1196.3188,1157.7175
75,3.0000,DynamicV1Rebalance,3.3300,41887.9062,1394.8673,survival,1.0000,1.0000,1.0000,1.0000,1.0000,1.0000,1.0000,1.0000,0.9998,0.9984,0.9970,0.9930,0.9870,0.9778,0.9648,0.9516,0.9380,0.9200,0.9030,0.8846,0.8664,0.8480,0.8304,0.8142,0.7984,0.7800,0.7644,0.7504,0.7362,0.7212,0.7098,0.7000,0.6924,0.6826,0.6762,0.6702,0.6654,0.6606,0.6562,0.6526,0.6482,0.6438,0.6406,0.6368,0.6322,0.6290,0.6268,0.6250,0.6234,0.6220,0.6208,0.6180,0.6168,0.6164,0.6154
75,3.0000,DynamicV1Rebalance,3.3300,41887.9062,1394.8673,spend25p,1395.7955,1420.9611,1444.3437,1468.3639,1491.3495,1516.0351,1540.9386,1565.2045,1587.0033,1604.6785,1617.7184,1624.3111,1622.1366,1612.4475,1588.1605,1558.8120,1514.0520,1443.7841,1379.6459,1298.2205,1192.7822,1099.5715,1014.9196,939.4628,851.7265,727.9228,608.4444,314.9700,0.0000,0.0000,0.0000,0.0000,0.0000,0.0000,0.0000,0.0000,0.0000,0.0000,0.0000,0.0000,0.0000,0.0000,0.0000,0.0000,0.0000,0.0000,0.0000,0.0000,0.0000,0.0000,0.0000,0.0000,0.0000,0.0000,0.0000
75,3.0000,DynamicV1Rebalance,3.3300,41887.9062,1394.8673,spend50p,1405.6069,1450.4392,1497.0271,1547.3621,1602.3812,1656.5245,1712.8967,1771.1414,1828.6400,1883.8327,1933.0787,1973.7741,2009.8694,2027.8917,2035.4244,2021.3440,1998.0185,1958.8329,1909.3764,1863.4578,1789.5456,1722.9560,1682.0185,1634.1685,1591.0509,1546.0280,1498.4023,1440.4869,1380.8186,1307.8483,1256.2979,1202.7164,1160.8955,1112.1699,1079.9505,600.7327,573.0022,550.6097,525.5019,513.1884,493.8494,471.1401,453.7840,435.8790,407.2546,387.5905,369.2142,347.4049,327.7284,301.9170,278.5217,253.9133,233.2127,208.0038,179.5957
75,3.0000,DynamicV1Rebalance,3.3300,41887.9062,1394.8673,spend75p,1415.5912,1480.4408,1554.4022,1632.6804,1715.9547,1811.0569,1906.4967,2000.7410,2102.2183,2199.8570,2293.2142,2379.4473,2454.3562,2525.8205,2567.3497,2586.6545,2599.6925,2590.0321,2576.5756,2534.2955,2453.6106,2420.6910,2385.5820,2370.5980,2348.4767,2299.5514,2248.7492,2205.0281,2157.4879,2103.1181,2054.1969,2006.7614,1971.6170,1935.8406,1915.8553,1256.0017,1242.7609,1240.6064,1228.2884,1216.3401,1210.1822,1215.1816,1219.0851,1206.5514,1197.0561,1194.8390,1177.3101,1167.6855,1153.3153,1135.8619,1115.6063,1085.1267,1055.6930,1027.9802,997.2123
75,3.0000,DynamicV1Rebalance,3.6600,38111.1278,1394.8673,survival,1.0000,1.0000,1.0000,1.0000,1.0000,1.0000,1.0000,1.0000,0.9994,0.9974,0.9944,0.9872,0.9788,0.9606,0.9458,0.9272,0.9074,0.8834,0.8590,0.8354,0.8162,0.7908,0.7702,0.7500,0.7310,0.7122,0.6966,0.6808,0.6686,0.6550,0.6398,0.6314,0.6194,0.6134,0.6038,0.5986,0.5934,0.5886,0.5842,0.5810,0.5768,0.5750,0.5716,0.5680,0.5648,0.5626,0.5610,0.5598,0.5586,0.5572,0.5554,0.5534,0.5524,0.5516,0.5502
75,3.0000,DynamicV1Rebalance,3.6600,38111.1278,1394.8673,spend25p,1395.7955,1420.9611,1444.3437,1468.3639,1491.3495,1516.0351,1540.9386,1565.2045,1586.9360,1603.7330,1615.9646,1613.4778,1610.1588,1588.9005,1558.1158,1504.6954,1442.0178,1352.3963,1255.3433,1136.9707,1019.7603,898.3130,743.7096,208.7097,0.0000,0.0000,0.0000,0.0000,0.0000,0.0000,0.0000,0.0000,0.0000,0.0000,0.0000,0.0000,0.0000,0.0000,0.0000,0.0000,0.0000,0.0000,0.0000,0.0000,0.0000,0.0000,0.0000,0.0000,0.0000,0.0000,0.0000,0.0000,0.0000,0.0000,0.0000
75,3.0000,DynamicV1Rebalance,3.6600,38111.1278,1394.8673,spend50p,1405.6069,1450.4392,1497.0271,1547.3621,1602.3812,1656.5245,1712.8967,1771.1414,1828.0174,1882.7733,1931.3159,1968.0710,1998.2246,2004.6035,2001.8355,1985.5458,1950.9327,1903.3972,1844.0569,1783.4407,1690.1300,1632.2778,1572.9241,1512.5089,1459.3818,1392.8272,1331.4881,1265.0080,1203.8234,1141.4133,1060.8703,1016.0218,954.0478,914.8610,871.7309,450.2972,413.7956,378.7881,355.8595,340.7660,314.9739,304.3188,279.9852,260.6007,237.4257,213.2783,194.2443,175.8200,156.8539,137.4394,118.5643,97.3512,73.1022,51.1008,29.9800
75,3.0000,DynamicV1Rebalance,3.6600,38111.1278,1394.8673,spend75p,1415.5912,1480.4408,1554.4022,1632.6804,1715.9547,1811.0569,1906.4967,2000.7410,2101.4566,2198.6658,2290.6439,2376.1848,2443.9101,2499.9131,2539.6742,2551.6469,2550.5237,2527.3589,2484.7756,2442.9499,2361.8523,2329.3787,2283.3551,2246.5228,2199.7533,2153.0722,2110.1628,2058.5475,2015.1962,1956.4309,1900.1554,1846.3660,1802.8031,1775.5292,1738.3808,1127.3143,1098.0024,1077.7764,1070.2258,1068.9102,1068.9564,1063.3750,1062.1179,1062.1023,1048.6738,1037.5263,1033.0878,1021.9477,1001.8150,984.2618,969.9020,930.3810,908.4032,873.8778,847.3856
75,3.0000,DynamicV1Rebalance,4.0000,34871.6819,1394.8673,survival,1.0000,1.0000,1.0000,1.0000,1.0000,1.0000,1.0000,0.9998,0.9984,0.9960,0.9890,0.9790,0.9622,0.9426,0.9214,0.8950,0.8700,0.8378,0.8098,0.7818,0.7554,0.7326,0.7052,0.6796,0.6608,0.6452,0.6296,0.6140,0.6008,0.5868,0.5754,0.5656,0.5556,0.5470,0.5400,0.5356,0.5312,0.5270,0.5232,0.5200,0.5176,0.5134,0.5104,0.5082,0.5058,0.5046,0.5030,0.5020,0.4992,0.4980,0.4960,0.4946,0.4936,0.4924,0.4906
75,3.0000,DynamicV1Rebalance,4.0000,34871.6819,1394.8673,spend25p,1395.7955,1420.9611,1444.3437,1468.3639,1491.3495,1516.0351,1540.9386,1564.8848,1585.9162,1602.5282,1607.7808,1605.0213,1586.8834,1558.1671,1517.7256,1441.7871,1349.0960,1221.9045,1092.3325,928.2107,629.1763,0.0000,0.0000,0.0000,0.0000,0.0000,0.0000,0.0000,0.0000,0.0000,0.0000,0.0000,0.0000,0.0000,0.0000,0.0000,0.0000,0.0000,0.0000,0.0000,0.0000,0.0000,0.0000,0.0000,0.0000,0.0000,0.0000,0.0000,0.0000,0.0000,0.0000,0.0000,0.0000,0.0000,0.0000
75,3.0000,DynamicV1Rebalance,4.0000,34871.6819,1394.8673,spend50p,1405.6069,1450.4392,1497.0271,1547.3621,1602.3812,1656.5245,1712.8967,1770.9073,1827.2905,1880.8725,1924.0254,1958.5911,1979.6253,1981.7758,1970.9005,1935.8747,1887.6833,1826.7921,1759.9765,1683.0222,1583.9391,1517.0611,1437.7851,1353.4012,1279.9882,1218.4706,1149.1763,1080.9733,1009.5667,923.8243,854.5547,791.4882,728.1262,673.8652,624.7720,257.9507,225.5527,186.0801,154.4404,128.3626,113.3263,78.6286,47.6472,24.6237,0.0000,0.0000,0.0000,0.0000,0.0000,0.0000,0.0000,0.0000,0.0000,0.0000,0.0000
75,3.0000,DynamicV1Rebalance,4.0000,34871.6819,1394.8673,spend75p,1415.5912,1480.4408,1554.4022,1632.6804,1715.9547,1811.0569,1906.4967,2000.5022,2100.6939,2197.5955,2285.1960,2366.9304,2431.8857,2472.4377,2509.8729,2504.8281,2487.9830,2447.7457,2396.5228,2342.9360,2263.0853,2214.3727,2162.5963,2114.1949,2058.1534,2009.3011,1963.6165,1922.8508,1863.3065,1812.1744,1750.6047,1690.5180,1648.2308,1605.9913,1581.7077,990.1803,976.9453,959.7260,946.7081,940.4251,930.3144,919.1971,906.4495,902.3420,892.7055,890.1846,877.3578,864.3163,842.3910,830.5295,805.9619,786.7113,754.4398,735.3612,693.6283
75,3.0000,DynamicV1Rebalance,5.0000,27897.3455,1394.8673,survival,1.0000,1.0000,1.0000,1.0000,1.0000,1.0000,0.9998,0.9976,0.9934,0.9824,0.9622,0.9346,0.9000,0.8584,0.8166,0.7710,0.7234,0.6782,0.6410,0.6074,0.5844,0.5590,0.5352,0.5146,0.4920,0.4732,0.4582,0.4442,0.4318,0.4194,0.4100,0.4014,0.3918,0.3844,0.3758,0.3726,0.3688,0.3642,0.3622,0.3592,0.3560,0.3534,0.3488,0.3464,0.3438,0.3422,0.3404,0.3392,0.3374,0.3360,0.3354,0.3342,0.3338,0.3330,0.3316
75,3.0000,DynamicV1Rebalance,5.0000,27897.3455,1394.8673,spend25p,1395.7955,1420.9611,1444.3437,1468.3639,1491.3495,1516.0351,1540.8182,1562.4870,1583.2378,1591.0054,1574.3938,1546.0899,1489.9468,1398.1990,1257.9047,1009.6160,0.0000,0.0000,0.0000,0.0000,0.0000,0.0000,0.0000,0.0000,0.0000,0.0000,0.0000,0.0000,0.0000,0.0000,0.0000,0.0000,0.0000,0.0000,0.0000,0.0000,0.0000,0.0000,0.0000,0.0000,0.0000,0.0000,0.0000,0.0000,0.0000,0.0000,0.0000,0.0000,0.0000,0.0000,0.0000,0.0000,0.0000,0.0000,0.0000
75,3.0000,DynamicV1Rebalance,5.0000,27897.3455,1394.8673,spend50p,1405.6069,1450.4392,1497.0271,1547.3621,1602.3812,1656.5245,1712.8726,1769.9669,1821.6887,1867.3060,1901.7493,1909.6142,1904.4089,1868.6146,1810.1066,1740.6044,1637.2762,1523.8389,1407.0009,1264.9927,1132.5142,998.9438,855.3961,679.2016,0.0000,0.0000,0.0000,0.0000,0.0000,0.0000,0.0000,0.0000,0.0000,0.0000,0.0000,0.0000,0.0000,0.0000,0.0000,0.0000,0.0000,0.0000,0.0000,0.0000,0.0000,0.0000,0.0000,0.0000,0.0000,0.0000,0.0000,0.0000,0.0000,0.0000,0.0000
75,3.0000,DynamicV1Rebalance,5.0000,27897.3455,1394.8673,spend75p,1415.5912,1480.4408,1554.4022,1632.6804,1715.9547,1811.0569,1906.4245,1998.9508,2097.2629,2186.2269,2264.5811,2319.6461,2359.8508,2375.1022,2362.6299,2325.5120,2270.5405,2173.2258,2093.3314,2029.4623,1945.0152,1883.1105,1808.7525,1746.8039,1678.9047,1620.0192,1567.2139,1510.0274,1443.0907,1364.8608,1301.7725,1247.1988,1195.4757,1144.7860,1100.0851,627.1872,594.3061,560.2040,545.8473,535.5520,519.4507,493.3820,465.4216,450.0329,429.7458,408.5356,391.0678,372.1633,345.7693,317.8830,299.8285,278.1649,250.4656,228.7430,200.8726
75,3.0000,DynamicV1Rebalance,6.0000,23247.7879,1394.8673,survival,1.0000,1.0000,1.0000,1.0000,1.0000,1.0000,0.9984,0.9928,0.9760,0.9480,0.9078,0.8568,0.8000,0.7338,0.6744,0.6132,0.5670,0.5364,0.4998,0.4612,0.4320,0.4060,0.3846,0.3660,0.3494,0.3302,0.3178,0.3052,0.2930,0.2820,0.2722,0.2636,0.2568,0.2514,0.2452,0.2418,0.2388,0.2362,0.2330,0.2316,0.2296,0.2268,0.2260,0.2228,0.2214,0.2192,0.2180,0.2170,0.2158,0.2144,0.2138,0.2124,0.2120,0.2116,0.2114
75,3.0000,DynamicV1Rebalance,6.0000,23247.7879,1394.8673,spend25p,1395.7955,1420.9611,1444.3437,1468.3639,1491.3495,1516.0351,1540.1490,1559.0832,1564.9993,1549.5673,1502.0699,1410.2908,1246.7026,0.0000,0.0000,0.0000,0.0000,0.0000,0.0000,0.0000,0.0000,0.0000,0.0000,0.0000,0.0000,0.0000,0.0000,0.0000,0.0000,0.0000,0.0000,0.0000,0.0000,0.0000,0.0000,0.0000,0.0000,0.0000,0.0000,0.0000,0.0000,0.0000,0.0000,0.0000,0.0000,0.0000,0.0000,0.0000,0.0000,0.0000,0.0000,0.0000,0.0000,0.0000,0.0000
75,3.0000,DynamicV1Rebalance,6.0000,23247.7879,1394.8673,spend50p,1405.6069,1450.4392,1497.0271,1547.3621,1602.3812,1656.5245,1712.3769,1766.3066,1807.6799,1843.9042,1851.9365,1830.6720,1774.2469,1675.2908,1573.7684,1411.8246,1227.8929,1046.3406,0.0000,0.0000,0.0000,0.0000,0.0000,0.0000,0.0000,0.0000,0.0000,0.0000,0.0000,0.0000,0.0000,0.0000,0.0000,0.0000,0.0000,0.0000,0.0000,0.0000,0.0000,0.0000,0.0000,0.0000,0.0000,0.0000,0.0000,0.0000,0.0000,0.0000,0.0000,0.0000,0.0000,0.0000,0.0000,0.0000,0.0000
75,3.0000,DynamicV1Rebalance,6.0000,23247.7879,1394.8673,spend75p,1415.5912,1480.4408,1554.4022,1632.6804,1715.9547,1811.0569,1905.9638,1995.7202,2084.0702,2158.9697,2222.9781,2253.9250,2252.2617,2215.4454,2165.7054,2074.4797,1995.0776,1938.8247,1831.7098,1715.6533,1596.3678,1493.4825,1412.5389,1320.4171,1236.9894,1132.2354,1053.3098,956.9755,845.3210,748.7902,661.2821,547.0232,427.3679,313.5587,0.0000,0.0000,0.0000,0.0000,0.0000,0.0000,0.0000,0.0000,0.0000,0.0000,0.0000,0.0000,0.0000,0.0000,0.0000,0.0000,0.0000,0.0000,0.0000,0.0000,0.0000
75,3.0000,DynamicV1Rebalance,7.0000,19926.6754,1394.8673,survival,1.0000,1.0000,1.0000,1.0000,1.0000,0.9994,0.9946,0.9748,0.9386,0.8894,0.8228,0.7424,0.6634,0.5922,0.5304,0.4786,0.4334,0.3906,0.3576,0.3266,0.3000,0.2782,0.2602,0.2448,0.2338,0.2212,0.2096,0.2018,0.1940,0.1852,0.1786,0.1730,0.1672,0.1616,0.1590,0.1568,0.1556,0.1532,0.1512,0.1500,0.1490,0.1478,0.1464,0.1444,0.1434,0.1424,0.1420,0.1410,0.1404,0.1396,0.1392,0.1382,0.1378,0.1370,0.1366
75,3.0000,DynamicV1Rebalance,7.0000,19926.6754,1394.8673,spend25p,1395.7955,1420.9611,1444.3437,1468.3639,1491.3495,1515.3206,1536.8659,1546.7316,1528.9284,1470.8113,1346.7217,0.0000,0.0000,0.0000,0.0000,0.0000,0.0000,0.0000,0.0000,0.0000,0.0000,0.0000,0.0000,0.0000,0.0000,0.0000,0.0000,0.0000,0.0000,0.0000,0.0000,0.0000,0.0000,0.0000,0.0000,0.0000,0.0000,0.0000,0.0000,0.0000,0.0000,0.0000,0.0000,0.0000,0.0000,0.0000,0.0000,0.0000,0.0000,0.0000,0.0000,0.0000,0.0000,0.0000,0.0000
75,3.0000,DynamicV1Rebalance,7.0000,19926.6754,1394.8673,spend50p,1405.6069,1450.4392,1497.0271,1547.3621,1602.3812,1656.1562,1709.8319,1755.8337,1784.1150,1791.9527,1756.6769,1670.2151,1555.0410,1394.8144,1122.7139,0.0000,0.0000,0.0000,0.0000,0.0000,0.0000,0.0000,0.0000,0.0000,0.0000,0.0000,0.0000,0.0000,0.0000,0.0000,0.0000,0.0000,0.0000,0.0000,0.0000,0.0000,0.0000,0.0000,0.0000,0.0000,0.0000,0.0000,0.0000,0.0000,0.0000,0.0000,0.0000,0.0000,0.0000,0.0000,0.0000,0.0000,0.0000,0.0000,0.0000
75,3.0000,DynamicV1Rebalance,7.0000,19926.6754,1394.8673,spend75p,1415.5912,1480.4408,1554.4022,1632.6804,1715.9547,1810.7600,1904.2408,1985.8660,2058.0933,2122.9690,2144.4562,2126.2033,2078.6221,2017.9279,1923.5154,1817.7434,1704.3995,1572.6751,1449.1042,1289.3179,1083.9483,914.7931,697.0749,0.0000,0.0000,0.0000,0.0000,0.0000,0.0000,0.0000,0.0000,0.0000,0.0000,0.0000,0.0000,0.0000,0.0000,0.0000,0.0000,0.0000,0.0000,0.0000,0.0000,0.0000,0.0000,0.0000,0.0000,0.0000,0.0000,0.0000,0.0000,0.0000,0.0000,0.0000,0.0000
