pension_start_age,spend_multiplier,strategy,spending_rule,initial_money,initial_annual_cost,value_type,1,2,3,4,5,6,7,8,9,10,11,12,13,14,15,16,17,18,19,20,21,22,23,24,25,26,27,28,29,30,31,32,33,34,35,36,37,38,39,40,41,42,43,44,45,46,47,48,49,50,51,52,53,54,55
65,0.5000,SpendAwareDPRebalance (R65-aware),1.5000,16692.9697,250.3945,survival,1.0000,1.0000,1.0000,1.0000,1.0000,1.0000,1.0000,1.0000,1.0000,1.0000,1.0000,1.0000,1.0000,1.0000,1.0000,1.0000,1.0000,1.0000,1.0000,1.0000,1.0000,1.0000,1.0000,1.0000,1.0000,1.0000,1.0000,1.0000,1.0000,0.9995,0.9995,0.9995,0.9990,0.9990,0.9990,0.9985,0.9980,0.9980,0.9975,0.9975,0.9970,0.9960,0.9955,0.9955,0.9955,0.9955,0.9955,0.9955,0.9955,0.9955,0.9955,0.9955,0.9955,0.9955,0.9955
65,0.5000,SpendAwareDPRebalance (R65-aware),1.5000,16692.9697,250.3945,spend25p,250.5060,254.6860,258.4409,262.3834,265.8682,270.1113,274.1916,278.8020,281.9625,284.4865,285.9840,287.9415,288.7265,289.7927,291.5044,290.5119,288.0048,285.9390,283.2990,279.4799,253.6730,248.9779,247.0228,245.7607,241.3255,33.9036,25.6966,16.9275,7.5009,-1.8920,-12.4405,-23.0709,-33.9879,-44.5993,-54.5354,-62.9096,-71.3178,-78.9335,-85.6316,-92.7346,-100.2774,-107.2217,-114.3299,-122.6073,-132.2193,-142.0300,-152.4528,-164.6649,-178.2616,-193.9391,-210.4202,-229.7668,-249.9179,-271.8056,-296.1704
65,0.5000,SpendAwareDPRebalance (R65-aware),1.5000,16692.9697,250.3945,spend50p,252.3443,260.1265,268.3098,276.8258,285.7399,295.0718,304.7472,314.7011,324.9372,334.2999,341.8930,349.5650,357.7738,364.4332,370.0299,370.6299,369.8446,367.4301,367.7762,368.0478,338.0683,337.2143,334.5284,334.3761,332.9074,78.4868,69.3496,60.1240,49.0082,36.7105,24.4059,10.9627,-1.9190,-13.9205,-25.5350,-36.1516,-45.9475,-54.7739,-63.3751,-71.9321,-79.9803,-88.2462,-96.1657,-104.5682,-112.8389,-121.9977,-132.4777,-143.4870,-155.8658,-168.8188,-183.4655,-198.6202,-214.9030,-232.0377,-251.1042
65,0.5000,SpendAwareDPRebalance (R65-aware),1.5000,16692.9697,250.3945,spend75p,254.1081,265.4947,278.5743,291.6772,305.9222,322.3535,339.3939,355.0525,372.6618,389.0346,406.6716,423.0781,436.5921,448.8549,461.0631,469.9359,477.5849,487.8583,491.8612,495.9540,459.2387,462.7768,466.4670,468.4468,470.8464,144.2516,134.7347,122.6438,111.9127,97.2615,80.3579,63.6353,46.7568,31.9844,17.1610,3.2447,-7.6546,-18.6525,-28.6754,-38.7946,-48.3120,-58.4821,-68.0208,-77.0815,-87.9107,-99.5395,-111.9539,-122.6467,-133.8420,-145.4667,-157.7605,-171.3719,-185.0988,-200.6513,-216.1711
65,0.5000,SpendAwareDPRebalance (R65-aware),1.6600,15084.0088,250.3945,survival,1.0000,1.0000,1.0000,1.0000,1.0000,1.0000,1.0000,1.0000,1.0000,1.0000,1.0000,1.0000,1.0000,1.0000,1.0000,1.0000,1.0000,1.0000,1.0000,1.0000,0.9995,0.9990,0.9990,0.9990,0.9985,0.9985,0.9985,0.9980,0.9980,0.9975,0.9970,0.9965,0.9960,0.9940,0.9935,0.9930,0.9930,0.9930,0.9930,0.9925,0.9925,0.9925,0.9925,0.9925,0.9920,0.9920,0.9920,0.9920,0.9920,0.9920,0.9920,0.9920,0.9920,0.9920,0.9920
65,0.5000,SpendAwareDPRebalance (R65-aware),1.6600,15084.0088,250.3945,spend25p,250.5060,254.6860,258.4409,262.3834,265.8682,270.1113,274.1916,278.8020,281.9625,284.4865,285.9840,287.9415,288.7265,289.7927,291.5044,290.5119,288.0048,285.9390,283.2990,279.4799,253.4895,248.8853,246.9528,245.2953,241.1197,33.6680,25.6051,16.5045,7.3047,-1.8920,-12.4405,-23.0709,-33.9879,-44.5993,-54.5354,-62.9096,-71.3178,-78.9335,-85.6316,-92.7346,-100.2774,-107.2217,-114.3299,-122.6073,-132.2193,-142.0300,-152.4528,-164.6649,-178.2616,-193.9391,-210.4202,-229.7668,-249.9179,-271.8056,-296.1163
65,0.5000,SpendAwareDPRebalance (R65-aware),1.6600,15084.0088,250.3945,spend50p,252.3443,260.1265,268.3098,276.8258,285.7399,295.0718,304.7472,314.7011,324.9372,334.2999,341.8930,349.5650,357.7738,364.4332,370.0299,370.6299,369.8446,367.4301,367.7762,368.0478,337.9148,336.3784,334.4230,333.9678,331.8182,78.0498,69.0363,59.9712,48.7024,36.5851,23.8760,10.1490,-1.9190,-13.9205,-25.5350,-36.1516,-45.9475,-54.7739,-63.3751,-71.9321,-79.9803,-88.2462,-96.1657,-104.5682,-112.8389,-121.9977,-132.4777,-143.4510,-155.8174,-168.7984,-183.3895,-198.5601,-214.8864,-231.9122,-251.0185
65,0.5000,SpendAwareDPRebalance (R65-aware),1.6600,15084.0088,250.3945,spend75p,254.1081,265.4947,278.5743,291.6772,305.9222,322.3535,339.3939,355.0525,372.6618,389.0346,406.6716,423.0781,436.5921,448.8549,461.0631,469.9359,477.5849,487.8583,491.8612,495.9540,458.7371,462.6008,466.1736,467.6535,470.2075,144.0644,133.6128,121.9401,111.4997,96.0606,79.3754,62.9290,45.8917,30.6883,15.3528,2.2330,-7.5962,-18.5733,-28.5198,-38.6676,-48.2975,-58.2395,-67.9899,-77.0231,-87.8325,-99.4910,-111.9393,-122.6327,-133.8182,-145.3650,-157.7536,-171.3506,-185.0066,-200.2809,-215.9477
65,0.5000,SpendAwareDPRebalance (R65-aware),1.8000,13910.8081,250.3945,survival,1.0000,1.0000,1.0000,1.0000,1.0000,1.0000,1.0000,1.0000,1.0000,1.0000,1.0000,1.0000,1.0000,1.0000,1.0000,1.0000,1.0000,1.0000,1.0000,1.0000,0.9995,0.9990,0.9985,0.9980,0.9970,0.9970,0.9965,0.9960,0.9945,0.9930,0.9925,0.9910,0.9905,0.9900,0.9895,0.9895,0.9895,0.9890,0.9890,0.9890,0.9890,0.9890,0.9890,0.9885,0.9885,0.9880,0.9880,0.9880,0.9880,0.9880,0.9875,0.9875,0.9875,0.9875,0.9875
65,0.5000,SpendAwareDPRebalance (R65-aware),1.8000,13910.8081,250.3945,spend25p,250.5060,254.6860,258.4409,262.3834,265.8682,270.1113,274.1916,278.8020,281.9625,284.4865,285.9840,287.9415,288.7265,289.7927,291.5044,290.5119,288.0048,285.9390,283.2990,279.4799,253.4895,248.8853,246.8662,244.8107,240.9100,33.4796,25.3708,16.0817,6.8978,-1.8920,-12.4405,-23.0709,-33.9879,-44.5993,-54.5354,-62.9096,-71.3178,-78.9335,-85.6316,-92.7346,-100.2774,-107.2217,-114.3299,-122.6073,-132.2193,-142.0300,-152.4528,-164.6649,-178.2616,-193.9391,-210.3360,-229.4970,-249.5040,-271.0867,-295.7316
65,0.5000,SpendAwareDPRebalance (R65-aware),1.8000,13910.8081,250.3945,spend50p,252.3443,260.1265,268.3098,276.8258,285.7399,295.0718,304.7472,314.7011,324.9372,334.2999,341.8930,349.5650,357.7738,364.4332,370.0299,370.6299,369.8446,367.4301,367.7762,368.0478,337.9148,336.3784,334.3658,333.6497,330.7022,77.9610,68.5214,59.7781,48.3244,35.6293,22.7769,9.4945,-1.9190,-13.9205,-25.5350,-36.1516,-45.9475,-54.7739,-63.3751,-71.9321,-79.9803,-88.2462,-96.1657,-104.5682,-112.8389,-121.9977,-132.4777,-143.4510,-155.8174,-168.7601,-183.1936,-198.4268,-214.7444,-231.5256,-250.7186
65,0.5000,SpendAwareDPRebalance (R65-aware),1.8000,13910.8081,250.3945,spend75p,254.1081,265.4947,278.5743,291.6772,305.9222,322.3535,339.3939,355.0525,372.6618,389.0346,406.6716,423.0781,436.5921,448.8549,461.0631,469.9359,477.5849,487.8583,491.8612,495.9540,458.7371,462.6008,466.0400,467.1887,468.6044,143.1598,133.1894,121.6097,110.7560,94.0656,77.7129,61.9632,45.1475,28.7071,14.5142,1.2035,-7.5962,-18.5733,-28.5198,-38.6676,-48.2975,-58.2395,-67.9899,-77.0231,-87.8325,-99.4910,-111.9393,-122.6327,-133.8182,-145.2548,-157.6915,-171.1653,-184.6556,-199.9780,-215.6404
65,0.5000,SpendAwareDPRebalance (R65-aware),1.8900,13248.3887,250.3945,survival,1.0000,1.0000,1.0000,1.0000,1.0000,1.0000,1.0000,1.0000,1.0000,1.0000,1.0000,1.0000,1.0000,1.0000,1.0000,1.0000,1.0000,1.0000,1.0000,1.0000,0.9995,0.9990,0.9980,0.9955,0.9955,0.9955,0.9945,0.9930,0.9920,0.9900,0.9890,0.9880,0.9875,0.9870,0.9865,0.9860,0.9855,0.9850,0.9850,0.9850,0.9840,0.9840,0.9840,0.9840,0.9840,0.9840,0.9840,0.9840,0.9840,0.9840,0.9840,0.9835,0.9835,0.9835,0.9835
65,0.5000,SpendAwareDPRebalance (R65-aware),1.8900,13248.3887,250.3945,spend25p,250.5060,254.6860,258.4409,262.3834,265.8682,270.1113,274.1916,278.8020,281.9625,284.4865,285.9840,287.9415,288.7265,289.7927,291.5044,290.5119,288.0048,285.9390,283.2990,279.4799,253.4895,248.8853,246.5979,244.2618,240.3910,33.2917,25.2736,15.6818,6.7382,-1.8920,-12.4405,-23.0709,-33.9879,-44.5993,-54.5354,-62.9096,-71.3178,-78.9335,-85.6316,-92.7306,-100.2355,-107.1893,-114.2369,-122.5269,-132.0718,-141.8695,-152.3294,-164.3815,-178.0510,-193.2984,-210.2212,-228.9527,-248.8602,-270.3253,-295.3631
65,0.5000,SpendAwareDPRebalance (R65-aware),1.8900,13248.3887,250.3945,spend50p,252.3443,260.1265,268.3098,276.8258,285.7399,295.0718,304.7472,314.7011,324.9372,334.2999,341.8930,349.5650,357.7738,364.4332,370.0299,370.6299,369.8446,367.4301,367.7762,368.0478,337.9148,336.3784,334.3075,332.3902,330.3870,77.3410,68.2899,59.2949,47.9068,35.1173,22.6128,8.9386,-1.9190,-13.9205,-25.5350,-36.1516,-45.9421,-54.6950,-63.3649,-71.9089,-79.9673,-88.1928,-96.0296,-104.5479,-112.7652,-121.8528,-132.3116,-143.3395,-155.4499,-168.6221,-182.9229,-198.0085,-214.5641,-230.8869,-250.2492
65,0.5000,SpendAwareDPRebalance (R65-aware),1.8900,13248.3887,250.3945,spend75p,254.1081,265.4947,278.5743,291.6772,305.9222,322.3535,339.3939,355.0525,372.6618,389.0346,406.6716,423.0781,436.5921,448.8549,461.0631,469.9359,477.5849,487.8583,491.8612,495.9540,458.7371,462.6008,465.9294,463.9269,466.5449,142.8555,132.8500,120.9848,109.1038,92.6904,76.9105,61.4679,44.4363,28.0483,13.9833,0.6787,-7.4845,-18.2795,-28.3272,-38.5828,-48.1250,-57.8077,-67.5410,-76.6766,-87.3032,-99.2519,-111.2061,-122.2789,-133.5742,-144.9386,-157.3584,-170.9399,-184.1346,-199.5221,-215.2067
65,0.5000,SpendAwareDPRebalance (R65-aware),2.0000,12519.7273,250.3945,survival,1.0000,1.0000,1.0000,1.0000,1.0000,1.0000,1.0000,1.0000,1.0000,1.0000,1.0000,1.0000,1.0000,1.0000,1.0000,1.0000,1.0000,1.0000,0.9995,0.9995,0.9995,0.9985,0.9970,0.9945,0.9940,0.9935,0.9915,0.9905,0.9880,0.9865,0.9855,0.9850,0.9850,0.9850,0.9845,0.9840,0.9835,0.9830,0.9830,0.9830,0.9825,0.9825,0.9825,0.9825,0.9825,0.9825,0.9825,0.9825,0.9820,0.9820,0.9820,0.9820,0.9820,0.9820,0.9820
65,0.5000,SpendAwareDPRebalance (R65-aware),2.0000,12519.7273,250.3945,spend25p,250.5060,254.6860,258.4409,262.3834,265.8682,270.1113,274.1916,278.8020,281.9625,284.4865,285.9840,287.9415,288.7265,289.7927,291.5044,290.5119,288.0048,285.9390,283.1296,279.2708,253.4895,248.7821,246.4700,243.6890,240.0469,32.9874,24.6685,15.5321,6.4281,-1.8920,-12.4405,-23.0709,-33.9879,-44.5993,-54.5354,-62.9096,-71.3178,-78.9167,-85.5991,-92.7171,-100.0896,-107.0951,-114.1513,-122.4933,-132.0152,-141.8352,-152.1688,-164.3448,-177.8844,-193.2293,-210.1984,-228.8030,-248.7521,-270.1230,-294.7782
65,0.5000,SpendAwareDPRebalance (R65-aware),2.0000,12519.7273,250.3945,spend50p,252.3443,260.1265,268.3098,276.8258,285.7399,295.0718,304.7472,314.7011,324.9372,334.2999,341.8930,349.5650,357.7738,364.4332,370.0299,370.6299,369.8446,367.4301,367.5863,367.8638,337.9148,336.2185,333.9492,331.4929,329.1433,76.9781,67.8293,58.9799,46.5777,34.6419,22.0465,8.6428,-1.9190,-13.9205,-25.5350,-36.0767,-45.9363,-54.6394,-63.3318,-71.8706,-79.9351,-88.1687,-95.9199,-104.4693,-112.7438,-121.7878,-132.2563,-143.3000,-155.4129,-168.5880,-182.8725,-197.9935,-214.5078,-230.7908,-250.0429
65,0.5000,SpendAwareDPRebalance (R65-aware),2.0000,12519.7273,250.3945,spend75p,254.1081,265.4947,278.5743,291.6772,305.9222,322.3535,339.3939,355.0525,372.6618,389.0346,406.6716,423.0781,436.5921,448.8549,461.0631,469.9359,477.5849,487.8583,491.6933,495.7665,458.7371,462.4311,465.1570,462.8155,465.5468,142.2178,131.8469,120.6552,106.9932,91.3757,76.3572,60.1470,44.3359,27.7454,13.7739,0.3071,-7.4585,-18.2536,-28.1823,-38.4861,-48.0505,-57.8077,-67.4764,-76.5548,-87.2894,-99.1187,-110.9345,-122.1939,-133.5380,-144.8897,-157.3100,-170.8479,-184.0455,-198.9451,-214.8367
65,0.5000,SpendAwareDPRebalance (R65-aware),2.1300,11755.6125,250.3945,survival,1.0000,1.0000,1.0000,1.0000,1.0000,1.0000,1.0000,1.0000,1.0000,1.0000,1.0000,1.0000,1.0000,1.0000,1.0000,1.0000,1.0000,0.9995,0.9995,0.9995,0.9975,0.9965,0.9940,0.9925,0.9915,0.9905,0.9880,0.9875,0.9855,0.9840,0.9830,0.9820,0.9815,0.9810,0.9805,0.9805,0.9795,0.9795,0.9795,0.9790,0.9790,0.9790,0.9790,0.9790,0.9790,0.9785,0.9785,0.9785,0.9785,0.9785,0.9785,0.9785,0.9785,0.9785,0.9785
65,0.5000,SpendAwareDPRebalance (R65-aware),2.1300,11755.6125,250.3945,spend25p,250.5060,254.6860,258.4409,262.3834,265.8682,270.1113,274.1916,278.8020,281.9625,284.4865,285.9840,287.9415,288.7265,289.7927,291.5044,290.5119,288.0048,285.8684,283.1296,279.2708,252.8539,247.9949,245.6617,243.1912,239.1622,32.6390,24.2149,15.0858,6.2369,-1.8920,-12.4405,-23.0709,-33.9879,-44.5993,-54.5354,-62.9096,-71.3178,-78.9167,-85.5991,-92.7171,-100.0896,-107.0951,-114.1513,-122.4933,-132.0152,-141.8352,-152.1688,-164.3448,-177.7928,-193.1837,-210.1547,-228.5531,-248.3825,-269.9230,-294.3692
65,0.5000,SpendAwareDPRebalance (R65-aware),2.1300,11755.6125,250.3945,spend50p,252.3443,260.1265,268.3098,276.8258,285.7399,295.0718,304.7472,314.7011,324.9372,334.2999,341.8930,349.5650,357.7738,364.4332,370.0299,370.6299,369.8446,367.1187,367.5863,367.8638,337.4926,335.3065,333.2078,330.3135,327.7094,76.7133,67.2369,58.3284,46.4096,34.1290,21.4898,7.7811,-1.9190,-13.9205,-25.5350,-36.0767,-45.9363,-54.6394,-63.3318,-71.8706,-79.9351,-88.1687,-95.9199,-104.4693,-112.7438,-121.7878,-132.1845,-143.2588,-155.3778,-168.5000,-182.7350,-197.8158,-214.0919,-230.4570,-249.6696
65,0.5000,SpendAwareDPRebalance (R65-aware),2.1300,11755.6125,250.3945,spend75p,254.1081,265.4947,278.5743,291.6772,305.9222,322.3535,339.3939,355.0525,372.6618,389.0346,406.6716,423.0781,436.5921,448.8549,461.0631,469.9359,477.5849,486.7642,491.6933,495.7665,457.4714,461.3383,463.1198,459.8978,464.1178,140.8951,130.1648,119.2151,105.4439,90.5458,75.0765,59.4750,43.5493,27.2832,12.9673,0.0000,-7.4585,-18.2536,-28.1823,-38.4861,-48.0505,-57.6922,-67.3424,-76.5112,-87.2333,-99.0939,-110.8508,-122.0114,-133.4802,-144.2345,-157.0295,-170.4353,-183.7539,-198.5709,-214.3327
65,0.5000,SpendAwareDPRebalance (R65-aware),2.2200,11279.0336,250.3945,survival,1.0000,1.0000,1.0000,1.0000,1.0000,1.0000,1.0000,1.0000,1.0000,1.0000,1.0000,1.0000,1.0000,1.0000,1.0000,1.0000,1.0000,0.9995,0.9985,0.9985,0.9965,0.9955,0.9920,0.9905,0.9885,0.9875,0.9865,0.9850,0.9845,0.9830,0.9825,0.9800,0.9795,0.9785,0.9775,0.9765,0.9765,0.9760,0.9755,0.9745,0.9745,0.9745,0.9740,0.9735,0.9730,0.9730,0.9730,0.9730,0.9730,0.9730,0.9730,0.9730,0.9730,0.9730,0.9730
65,0.5000,SpendAwareDPRebalance (R65-aware),2.2200,11279.0336,250.3945,spend25p,250.5060,254.6860,258.4409,262.3834,265.8682,270.1113,274.1916,278.8020,281.9625,284.4865,285.9840,287.9415,288.7265,289.7927,291.5044,290.5119,288.0048,285.8684,282.7010,279.0780,252.7977,247.7595,244.5349,242.0045,238.4742,32.4353,24.0127,14.6967,6.1778,-1.8920,-12.4405,-23.0709,-33.9879,-44.5993,-54.5354,-62.9096,-71.3178,-78.9167,-85.5991,-92.7171,-100.0896,-107.0951,-114.1513,-122.4933,-131.9561,-141.7895,-152.0855,-164.0512,-177.6619,-192.9477,-210.1094,-227.8141,-248.1790,-269.3256,-293.4723
65,0.5000,SpendAwareDPRebalance (R65-aware),2.2200,11279.0336,250.3945,spend50p,252.3443,260.1265,268.3098,276.8258,285.7399,295.0718,304.7472,314.7011,324.9372,334.2999,341.8930,349.5650,357.7738,364.4332,370.0299,370.6299,369.8446,367.1187,367.4504,367.6953,337.3935,335.1074,332.0630,329.2646,326.9448,76.3048,66.9056,58.0611,46.2930,34.0409,21.4589,7.6117,-1.9190,-13.9205,-25.5350,-36.0767,-45.9363,-54.6394,-63.3318,-71.8706,-79.9351,-88.1687,-95.8295,-104.3712,-112.7314,-121.7446,-131.9695,-142.8437,-155.2787,-168.3561,-182.3864,-197.6464,-213.6700,-230.0732,-249.0984
65,0.5000,SpendAwareDPRebalance (R65-aware),2.2200,11279.0336,250.3945,spend75p,254.1081,265.4947,278.5743,291.6772,305.9222,322.3535,339.3939,355.0525,372.6618,389.0346,406.6716,423.0781,436.5921,448.8549,461.0631,469.9359,477.5849,486.7642,491.2281,495.1421,457.0382,460.7688,460.8055,458.6473,461.6909,139.1372,129.6768,118.7347,104.8289,90.4199,74.9727,58.6657,43.1112,26.7440,12.1856,0.0000,-7.4585,-18.0693,-27.8962,-38.0069,-47.7062,-57.3569,-66.8961,-76.4420,-86.9516,-98.5741,-110.6279,-121.6079,-133.2252,-143.9172,-156.4366,-170.0510,-183.3908,-197.7719,-213.5170
65,0.5000,SpendAwareDPRebalance (R65-aware),2.3800,10520.7793,250.3945,survival,1.0000,1.0000,1.0000,1.0000,1.0000,1.0000,1.0000,1.0000,1.0000,1.0000,1.0000,1.0000,1.0000,1.0000,1.0000,1.0000,0.9995,0.9990,0.9975,0.9960,0.9945,0.9915,0.9875,0.9850,0.9850,0.9840,0.9830,0.9825,0.9810,0.9765,0.9750,0.9730,0.9705,0.9700,0.9685,0.9685,0.9680,0.9670,0.9665,0.9660,0.9660,0.9660,0.9660,0.9650,0.9650,0.9650,0.9645,0.9645,0.9645,0.9645,0.9645,0.9645,0.9645,0.9645,0.9645
65,0.5000,SpendAwareDPRebalance (R65-aware),2.3800,10520.7793,250.3945,spend25p,250.5060,254.6860,258.4409,262.3834,265.8682,270.1113,274.1916,278.8020,281.9625,284.4865,285.9840,287.9415,288.7265,289.7927,291.5044,290.5119,287.9594,285.7035,282.4043,278.4985,252.5258,246.6790,243.7990,239.8150,237.1620,32.0888,23.4997,14.0641,5.7208,-1.8920,-12.4405,-23.0709,-33.9879,-44.5993,-54.5354,-62.9096,-71.3178,-78.9167,-85.5991,-92.7171,-100.0896,-107.0185,-114.1291,-122.4477,-131.8555,-141.7463,-151.9924,-163.9630,-177.5239,-192.7499,-209.4904,-227.5412,-247.6815,-269.0402,-293.0988
65,0.5000,SpendAwareDPRebalance (R65-aware),2.3800,10520.7793,250.3945,spend50p,252.3443,260.1265,268.3098,276.8258,285.7399,295.0718,304.7472,314.7011,324.9372,334.2999,341.8930,349.5650,357.7738,364.4332,370.0299,370.6299,369.5481,366.9004,367.1910,365.8652,337.1887,333.8267,330.2212,327.4643,324.8135,75.5574,66.5127,57.4605,45.5588,33.2018,20.4717,6.4948,-1.7172,-13.8315,-25.4377,-36.0219,-45.9269,-54.6273,-63.1747,-71.8116,-79.8808,-88.1241,-95.6718,-104.2590,-112.6403,-121.5268,-131.7791,-142.7501,-155.0913,-168.1679,-182.1362,-197.0898,-213.2644,-229.3123,-247.2739
65,0.5000,SpendAwareDPRebalance (R65-aware),2.3800,10520.7793,250.3945,spend75p,254.1081,265.4947,278.5743,291.6772,305.9222,322.3535,339.3939,355.0525,372.6618,389.0346,406.6716,423.0781,436.5921,448.8549,461.0631,469.9359,477.5401,486.4063,490.8303,493.9783,456.7451,457.9108,458.6575,455.5046,459.3961,138.2446,129.0881,117.6774,104.3921,88.8148,73.2241,57.6915,40.2399,24.8067,11.2372,0.0000,-7.4041,-17.8955,-27.8422,-37.5677,-47.2447,-56.8990,-65.9630,-75.9497,-86.2746,-97.9601,-110.3212,-121.1525,-132.5343,-143.4463,-156.0222,-169.4082,-182.3644,-196.7830,-212.1322
65,0.5000,SpendAwareDPRebalance (R65-aware),2.5000,10015.7818,250.3945,survival,1.0000,1.0000,1.0000,1.0000,1.0000,1.0000,1.0000,1.0000,1.0000,1.0000,1.0000,1.0000,1.0000,1.0000,1.0000,0.9995,0.9995,0.9980,0.9960,0.9940,0.9925,0.9880,0.9855,0.9830,0.9820,0.9810,0.9795,0.9775,0.9745,0.9710,0.9680,0.9650,0.9640,0.9630,0.9620,0.9620,0.9605,0.9595,0.9585,0.9570,0.9570,0.9570,0.9570,0.9565,0.9560,0.9555,0.9545,0.9545,0.9545,0.9545,0.9540,0.9540,0.9540,0.9540,0.9540
65,0.5000,SpendAwareDPRebalance (R65-aware),2.5000,10015.7818,250.3945,spend25p,250.5060,254.6860,258.4409,262.3834,265.8682,270.1113,274.1916,278.8020,281.9625,284.4865,285.9840,287.9415,288.7265,289.7927,291.5044,290.2807,287.9594,285.2892,281.9768,277.5899,251.3252,246.1417,243.0283,239.0151,234.9083,31.9302,22.8899,13.5705,4.0536,-1.8920,-12.4405,-23.0709,-33.9879,-44.5993,-54.5354,-62.9096,-71.2197,-78.8750,-85.4995,-92.5520,-99.8756,-106.8364,-113.9669,-122.2586,-131.7068,-141.6248,-151.8739,-163.7609,-177.1926,-192.4994,-208.9447,-227.2976,-247.5613,-268.6729,-292.6676
65,0.5000,SpendAwareDPRebalance (R65-aware),2.5000,10015.7818,250.3945,spend50p,252.3443,260.1265,268.3098,276.8258,285.7399,295.0718,304.7472,314.7011,324.9372,334.2999,341.8930,349.5650,357.7738,364.4332,370.0299,370.2910,369.5481,366.5478,366.8692,365.2888,336.9078,332.8700,329.4761,326.8796,322.9743,74.6578,66.1152,56.5176,44.6567,32.1236,19.6935,5.9131,-1.7172,-13.7305,-25.3356,-35.8422,-45.7629,-54.5552,-62.9160,-71.7001,-79.6799,-87.9097,-95.5628,-104.0442,-112.3548,-121.3570,-131.6747,-142.5935,-154.9426,-167.8191,-181.8308,-196.5071,-212.4416,-228.7017,-246.7453
65,0.5000,SpendAwareDPRebalance (R65-aware),2.5000,10015.7818,250.3945,spend75p,254.1081,265.4947,278.5743,291.6772,305.9222,322.3535,339.3939,355.0525,372.6618,389.0346,406.6716,423.0781,436.5921,448.8549,461.0631,469.8296,477.5401,486.2590,490.7277,492.4257,455.5790,456.4833,457.7682,454.2438,457.4799,137.5310,128.6506,116.1169,102.5123,87.2994,71.0311,54.9527,38.5125,23.8794,9.6798,0.0000,-6.9959,-17.0537,-27.3614,-36.8269,-46.3556,-56.2609,-65.2749,-74.7291,-85.4456,-97.1261,-109.9274,-120.7399,-132.1223,-142.9748,-155.7236,-168.8255,-181.3712,-196.0093,-210.8816
65,0.5000,SpendAwareDPRebalance (R65-aware),2.8000,8942.6624,250.3945,survival,1.0000,1.0000,1.0000,1.0000,1.0000,1.0000,1.0000,1.0000,1.0000,1.0000,1.0000,1.0000,1.0000,0.9995,0.9990,0.9955,0.9955,0.9940,0.9910,0.9840,0.9790,0.9760,0.9725,0.9675,0.9635,0.9610,0.9585,0.9545,0.9470,0.9430,0.9375,0.9325,0.9315,0.9310,0.9295,0.9275,0.9260,0.9255,0.9255,0.9250,0.9240,0.9240,0.9240,0.9230,0.9225,0.9225,0.9225,0.9225,0.9225,0.9225,0.9225,0.9225,0.9225,0.9225,0.9225
65,0.5000,SpendAwareDPRebalance (R65-aware),2.8000,8942.6624,250.3945,spend25p,250.5060,254.6860,258.4409,262.3834,265.8682,270.1113,274.1916,278.8020,281.9625,284.4865,285.9840,287.9415,288.7265,289.4160,291.2538,288.1606,286.9854,284.4321,279.8590,274.6162,247.2639,242.8655,238.7396,232.7224,226.5338,27.8015,19.9051,9.8170,0.0000,-1.8920,-12.4405,-23.0709,-33.9879,-44.5279,-54.4086,-62.8771,-71.0569,-78.7465,-85.3791,-92.4148,-99.6522,-106.5173,-113.7498,-121.9597,-131.0463,-140.9156,-151.2269,-162.9371,-176.0223,-191.2062,-207.6619,-224.9705,-245.1789,-266.7494,-290.1752
65,0.5000,SpendAwareDPRebalance (R65-aware),2.8000,8942.6624,250.3945,spend50p,252.3443,260.1265,268.3098,276.8258,285.7399,295.0718,304.7472,314.7011,324.9372,334.2999,341.8930,349.5650,357.7738,364.2573,369.9123,369.0277,368.3383,365.7069,365.4397,361.8087,331.9388,329.4736,325.5027,320.5406,316.2979,71.7092,62.7191,52.1233,40.5165,28.3886,15.1101,2.3175,-1.3904,-13.4889,-24.9528,-35.5230,-45.4576,-54.2525,-62.5166,-71.3681,-79.3234,-87.3270,-95.1722,-103.5272,-112.0344,-120.8299,-131.0885,-141.9206,-154.0414,-166.6646,-180.3260,-194.3470,-209.4424,-225.4971,-243.7029
65,0.5000,SpendAwareDPRebalance (R65-aware),2.8000,8942.6624,250.3945,spend75p,254.1081,265.4947,278.5743,291.6772,305.9222,322.3535,339.3939,355.0525,372.6618,389.0346,406.6716,423.0781,436.5921,448.6528,460.7618,469.1331,476.2073,483.6588,486.7090,485.5626,447.6676,449.3839,448.3745,443.6478,443.9622,131.5953,121.5886,110.6148,95.1450,79.6513,64.2424,47.0918,31.9649,17.8356,3.8537,0.0000,-5.0811,-15.5358,-25.7242,-34.5609,-44.2730,-53.5950,-62.8259,-72.2620,-82.9622,-94.6240,-107.4259,-118.7018,-130.2643,-140.5790,-152.5957,-165.5519,-177.9096,-191.7634,-205.6312
65,0.5000,SpendAwareDPRebalance (R65-aware),3.0000,8346.4849,250.3945,survival,1.0000,1.0000,1.0000,1.0000,1.0000,1.0000,1.0000,1.0000,1.0000,1.0000,1.0000,0.9995,0.9990,0.9975,0.9955,0.9925,0.9905,0.9870,0.9815,0.9765,0.9695,0.9615,0.9530,0.9480,0.9390,0.9360,0.9325,0.9265,0.9180,0.9135,0.9085,0.9045,0.9010,0.8980,0.8975,0.8960,0.8955,0.8940,0.8940,0.8940,0.8935,0.8935,0.8930,0.8930,0.8930,0.8925,0.8925,0.8925,0.8920,0.8920,0.8920,0.8920,0.8920,0.8920,0.8920
65,0.5000,SpendAwareDPRebalance (R65-aware),3.0000,8346.4849,250.3945,spend25p,250.5060,254.6860,258.4409,262.3834,265.8682,270.1113,274.1916,278.8020,281.9625,284.4865,285.9840,287.8843,288.6108,289.0476,290.1443,287.6010,285.8965,282.7686,276.9396,272.7102,244.6631,237.7151,231.0119,224.2365,218.3000,22.6883,14.1961,4.3706,0.0000,-1.6831,-12.3162,-22.9583,-33.9453,-44.4462,-54.2406,-62.7527,-70.9052,-78.5280,-85.2494,-92.3763,-99.5022,-106.0846,-113.5185,-121.7095,-130.6837,-139.9560,-150.4831,-162.2331,-175.3670,-190.2479,-206.1854,-223.3637,-243.6688,-263.8437,-287.4939
65,0.5000,SpendAwareDPRebalance (R65-aware),3.0000,8346.4849,250.3945,spend50p,252.3443,260.1265,268.3098,276.8258,285.7399,295.0718,304.7472,314.7011,324.9372,334.2999,341.8930,349.5228,357.6136,363.2185,368.8159,368.5803,366.3632,364.3735,363.2797,359.7923,327.6633,322.8700,319.6437,313.9990,307.6207,67.3264,58.1479,47.9615,36.4137,23.7005,11.6749,0.0000,-0.8398,-12.7183,-24.2785,-34.7168,-45.0532,-53.6816,-62.0988,-70.7567,-78.7519,-86.7933,-94.6292,-102.7409,-111.1500,-120.1735,-129.6849,-141.0966,-152.9042,-165.4084,-178.7432,-192.6006,-206.9491,-223.2884,-240.5320
65,0.5000,SpendAwareDPRebalance (R65-aware),3.0000,8346.4849,250.3945,spend75p,254.1081,265.4947,278.5743,291.6772,305.9222,322.3535,339.3939,355.0525,372.6618,389.0346,406.6716,422.9352,436.2448,448.3105,459.5879,468.3133,474.8608,479.8796,482.0203,482.3491,444.7025,442.5970,436.2350,436.9524,434.7596,127.2035,116.9025,104.2051,87.8752,74.4572,57.4536,43.0174,26.1085,11.4404,0.0000,0.0000,-1.4619,-12.8903,-22.0714,-31.6543,-40.3080,-48.7542,-58.3493,-68.0979,-78.1101,-91.2518,-103.8423,-115.7205,-127.1031,-138.5742,-150.0695,-162.1375,-174.3478,-186.6785,-200.7924
65,0.5000,SpendAwareDPRebalance (R65-aware),3.3300,7519.3557,250.3945,survival,1.0000,1.0000,1.0000,1.0000,1.0000,1.0000,1.0000,1.0000,1.0000,0.9990,0.9980,0.9975,0.9955,0.9930,0.9855,0.9820,0.9750,0.9700,0.9620,0.9500,0.9385,0.9285,0.9195,0.9085,0.8985,0.8960,0.8920,0.8860,0.8765,0.8700,0.8645,0.8595,0.8570,0.8560,0.8535,0.8515,0.8515,0.8505,0.8500,0.8495,0.8490,0.8485,0.8485,0.8480,0.8480,0.8480,0.8480,0.8480,0.8480,0.8480,0.8480,0.8480,0.8480,0.8480,0.8480
65,0.5000,SpendAwareDPRebalance (R65-aware),3.3300,7519.3557,250.3945,spend25p,250.5060,254.6860,258.4409,262.3834,265.8682,270.1113,274.1916,278.8020,281.9625,283.8829,285.5969,287.4013,287.6560,288.0539,287.7720,285.5861,281.2049,277.0264,270.4699,262.7394,233.0824,224.6761,217.7700,208.0947,200.4004,12.8956,4.9596,0.0000,0.0000,-1.6051,-12.1385,-22.8024,-33.7125,-44.1409,-53.8579,-62.5420,-70.3858,-78.2594,-85.0835,-92.1534,-99.1966,-105.8409,-113.2919,-121.1286,-129.9078,-139.0490,-149.6602,-161.2743,-174.3479,-189.1449,-204.8301,-222.2278,-241.1858,-261.7270,-283.2581
65,0.5000,SpendAwareDPRebalance (R65-aware),3.3300,7519.3557,250.3945,spend50p,252.3443,260.1265,268.3098,276.8258,285.7399,295.0718,304.7472,314.7011,324.9372,334.2637,341.6830,349.0058,356.6591,362.2089,364.8644,365.6480,362.1548,359.1302,355.6433,348.8841,316.8320,312.2318,306.6532,300.6316,294.1522,60.8098,51.1635,40.8875,29.3224,17.6219,5.6794,0.0000,0.0000,-12.1093,-23.6184,-33.8881,-44.0665,-53.0490,-61.1619,-69.7014,-77.9513,-85.9984,-94.1980,-101.9439,-110.0779,-119.5564,-128.6487,-139.8011,-151.0391,-163.4855,-176.3414,-189.8764,-204.2411,-219.4562,-236.8381
65,0.5000,SpendAwareDPRebalance (R65-aware),3.3300,7519.3557,250.3945,spend75p,254.1081,265.4947,278.5743,291.6772,305.9222,322.3535,339.3939,355.0525,372.6618,388.3239,406.3689,422.8458,435.5601,447.6131,455.2856,464.3948,469.7013,472.6764,473.8581,472.1023,431.6490,424.6548,420.7977,418.1051,414.3984,118.2343,106.3737,93.9438,77.8169,62.8847,49.4719,34.2733,19.5080,6.4303,0.0000,0.0000,0.0000,-5.0058,-15.3647,-26.1009,-34.9160,-43.4470,-51.7694,-61.0240,-71.3551,-84.3473,-97.6361,-111.4010,-122.3015,-134.0542,-145.6616,-157.2912,-168.7557,-180.8409,-193.6763
65,0.5000,SpendAwareDPRebalance (R65-aware),3.6600,6841.3810,250.3945,survival,1.0000,1.0000,1.0000,1.0000,1.0000,1.0000,1.0000,1.0000,0.9995,0.9980,0.9965,0.9930,0.9885,0.9810,0.9705,0.9655,0.9530,0.9430,0.9320,0.9195,0.9055,0.8895,0.8770,0.8670,0.8575,0.8520,0.8470,0.8375,0.8245,0.8145,0.8085,0.8040,0.7965,0.7915,0.7905,0.7880,0.7875,0.7865,0.7860,0.7860,0.7855,0.7855,0.7855,0.7855,0.7855,0.7855,0.7855,0.7855,0.7855,0.7855,0.7855,0.7855,0.7855,0.7855,0.7855
65,0.5000,SpendAwareDPRebalance (R65-aware),3.6600,6841.3810,250.3945,spend25p,250.5060,254.6860,258.4409,262.3834,265.8682,270.1113,274.1916,278.8020,281.9229,283.6135,285.1806,286.1513,285.1536,285.5277,283.9406,280.5379,274.2100,267.6055,259.4626,248.6287,220.7608,210.0995,200.2063,190.5513,182.1035,3.5365,0.0000,0.0000,0.0000,-1.1011,-11.7124,-22.4214,-33.4069,-43.4644,-53.4278,-62.1045,-69.8367,-77.8690,-84.6628,-91.8526,-98.6056,-105.2445,-112.6418,-120.5975,-128.9314,-137.3368,-148.4494,-159.8740,-172.2184,-186.5716,-202.0312,-218.8401,-236.6626,-257.3030,-277.5242
65,0.5000,SpendAwareDPRebalance (R65-aware),3.6600,6841.3810,250.3945,spend50p,252.3443,260.1265,268.3098,276.8258,285.7399,295.0718,304.7472,314.7011,324.7905,334.0608,341.1312,348.2606,355.3147,358.4710,360.5575,360.0261,357.6053,352.7897,347.7350,341.6968,308.1918,300.3778,292.8217,286.8511,281.0531,53.3038,44.6379,33.9128,21.5203,9.1497,0.0000,0.0000,0.0000,-10.0232,-21.7916,-32.6353,-42.0910,-51.0095,-59.3094,-68.1048,-76.3162,-84.4046,-92.7772,-100.3803,-108.5265,-118.0241,-127.1145,-137.5838,-148.1456,-159.6148,-172.6004,-185.0766,-199.0798,-213.5234,-229.6000
65,0.5000,SpendAwareDPRebalance (R65-aware),3.6600,6841.3810,250.3945,spend75p,254.1081,265.4947,278.5743,291.6772,305.9222,322.3535,339.3939,355.0525,372.5217,388.2070,406.1142,422.0763,433.7592,443.9202,452.1993,457.1095,459.9145,462.4703,460.7781,457.7398,416.0712,407.8238,405.6706,403.1020,398.9269,110.2712,99.0489,84.9589,70.0453,55.9151,40.7831,26.0434,10.3413,0.0000,0.0000,0.0000,0.0000,0.0000,0.0000,0.0000,-5.2037,-11.2724,-21.1360,-27.6943,-38.6658,-49.6710,-67.0801,-84.0798,-100.4683,-117.4307,-130.5776,-142.7519,-155.3167,-165.6560,-173.3780
65,0.5000,SpendAwareDPRebalance (R65-aware),4.0000,6259.8637,250.3945,survival,1.0000,1.0000,1.0000,1.0000,1.0000,1.0000,1.0000,1.0000,0.9990,0.9965,0.9945,0.9880,0.9765,0.9645,0.9520,0.9400,0.9210,0.9085,0.8890,0.8725,0.8525,0.8355,0.8170,0.7995,0.7845,0.7800,0.7730,0.7665,0.7540,0.7480,0.7430,0.7350,0.7305,0.7250,0.7225,0.7215,0.7205,0.7195,0.7195,0.7185,0.7185,0.7180,0.7175,0.7175,0.7170,0.7170,0.7170,0.7170,0.7170,0.7170,0.7170,0.7170,0.7170,0.7170,0.7170
65,0.5000,SpendAwareDPRebalance (R65-aware),4.0000,6259.8637,250.3945,spend25p,250.5060,254.6860,258.4409,262.3834,265.8682,270.1113,274.1916,278.8020,281.7636,283.3416,284.8583,285.3424,282.6467,281.7805,277.2453,271.0442,261.3012,253.6430,240.3031,228.4884,195.9345,178.8773,164.3650,150.5707,135.3868,0.0000,0.0000,0.0000,0.0000,-0.3789,-10.2076,-21.1652,-31.9533,-42.3153,-51.9165,-60.6883,-69.1499,-77.1818,-84.1547,-90.9632,-97.3140,-104.1587,-111.1584,-118.5900,-127.0229,-135.5438,-146.1744,-157.4197,-170.1936,-183.6366,-197.8562,-214.7051,-230.8179,-250.2173,-270.4399
65,0.5000,SpendAwareDPRebalance (R65-aware),4.0000,6259.8637,250.3945,spend50p,252.3443,260.1265,268.3098,276.8258,285.7399,295.0718,304.7472,314.7011,324.7225,333.5670,340.8876,347.6111,351.9826,355.3815,354.3962,354.1732,348.8598,345.4298,334.7284,327.1503,292.5174,283.2700,275.4517,267.1475,260.1292,42.2423,32.5193,21.5932,10.1500,0.0000,0.0000,0.0000,0.0000,-6.2559,-18.3218,-28.5377,-38.5858,-47.6077,-55.8376,-64.6724,-73.2098,-81.0561,-89.8876,-97.7147,-105.8851,-114.7479,-124.0461,-134.0528,-144.3763,-155.1153,-166.2279,-178.6083,-192.7442,-206.8866,-220.3087
65,0.5000,SpendAwareDPRebalance (R65-aware),4.0000,6259.8637,250.3945,spend75p,254.1081,265.4947,278.5743,291.6772,305.9222,322.3535,339.3939,355.0525,372.4222,388.1049,405.8069,421.1152,432.0903,440.0515,448.3289,452.2505,452.3703,451.8180,445.4770,439.0836,397.4829,393.1040,387.0699,380.0802,372.4050,95.3139,84.3617,72.4274,59.2519,45.3359,31.1300,17.1407,3.0100,0.0000,0.0000,0.0000,0.0000,0.0000,0.0000,0.0000,0.0000,0.0000,0.0000,0.0000,0.0000,0.0000,0.0000,0.0000,0.0000,0.0000,0.0000,0.0000,0.0000,0.0000,0.0000
65,0.5000,SpendAwareDPRebalance (R65-aware),4.3300,5782.7840,250.3945,survival,1.0000,1.0000,1.0000,1.0000,1.0000,1.0000,1.0000,0.9995,0.9980,0.9945,0.9885,0.9760,0.9570,0.9440,0.9240,0.8995,0.8755,0.8500,0.8310,0.8080,0.7875,0.7705,0.7490,0.7310,0.7145,0.7090,0.7020,0.6965,0.6870,0.6820,0.6800,0.6690,0.6635,0.6610,0.6590,0.6585,0.6570,0.6560,0.6555,0.6550,0.6550,0.6545,0.6545,0.6545,0.6545,0.6545,0.6545,0.6545,0.6545,0.6545,0.6545,0.6545,0.6545,0.6545,0.6545
65,0.5000,SpendAwareDPRebalance (R65-aware),4.3300,5782.7840,250.3945,spend25p,250.5060,254.6860,258.4409,262.3834,265.8682,270.1113,274.1916,278.6552,281.5935,282.8799,284.0107,282.0329,278.2578,275.6490,269.8385,258.9419,241.3757,225.4492,210.5478,187.8437,154.3020,132.7458,0.0000,0.0000,0.0000,0.0000,0.0000,0.0000,0.0000,0.0000,-8.3599,-18.9026,-29.8405,-40.6028,-49.7708,-58.7889,-67.9035,-75.5934,-82.9010,-89.8936,-96.3464,-102.9314,-109.6376,-116.7566,-125.0116,-134.2067,-143.8901,-155.6620,-167.9179,-180.4108,-194.7069,-210.1137,-226.9222,-244.0299,-263.1922
65,0.5000,SpendAwareDPRebalance (R65-aware),4.3300,5782.7840,250.3945,spend50p,252.3443,260.1265,268.3098,276.8258,285.7399,295.0718,304.7472,314.6562,324.6347,333.2255,340.0422,345.4996,347.3985,350.0813,347.8605,342.7095,336.0685,327.7634,318.6063,306.5030,273.4698,265.4271,254.8498,247.0308,237.6264,31.3267,21.1885,11.3388,0.2897,0.0000,0.0000,0.0000,0.0000,-0.1769,-12.1055,-22.7210,-32.5978,-41.8182,-50.8728,-59.0773,-66.6931,-75.3733,-84.1035,-92.8699,-101.8136,-110.7230,-120.0775,-130.3059,-140.1300,-150.6630,-161.4657,-172.4340,-184.1960,-196.8512,-210.3640
65,0.5000,SpendAwareDPRebalance (R65-aware),4.3300,5782.7840,250.3945,spend75p,254.1081,265.4947,278.5743,291.6772,305.9222,322.3535,339.3939,354.9833,372.3852,387.5998,404.8241,418.2158,425.4822,435.4627,440.8308,443.4898,440.8973,435.4111,430.3254,417.8421,380.8095,374.1031,366.9875,358.3226,349.1907,84.4463,74.0069,62.8192,50.0562,37.5451,24.6580,8.9877,0.0000,0.0000,0.0000,0.0000,0.0000,0.0000,0.0000,0.0000,0.0000,0.0000,0.0000,0.0000,0.0000,0.0000,0.0000,0.0000,0.0000,0.0000,0.0000,0.0000,0.0000,0.0000,0.0000
65,0.5000,SpendAwareDPRebalance (R65-aware),4.6600,5373.2735,250.3945,survival,1.0000,1.0000,1.0000,1.0000,1.0000,1.0000,1.0000,0.9995,0.9970,0.9905,0.9795,0.9565,0.9360,0.9105,0.8820,0.8530,0.8200,0.7925,0.7615,0.7380,0.7180,0.6935,0.6750,0.6565,0.6410,0.6355,0.6290,0.6245,0.6170,0.6090,0.6035,0.5975,0.5955,0.5930,0.5895,0.5890,0.5885,0.5880,0.5880,0.5875,0.5870,0.5870,0.5870,0.5870,0.5870,0.5870,0.5870,0.5870,0.5870,0.5870,0.5870,0.5870,0.5870,0.5870,0.5870
65,0.5000,SpendAwareDPRebalance (R65-aware),4.6600,5373.2735,250.3945,spend25p,250.5060,254.6860,258.4409,262.3834,265.8682,270.1113,274.1916,278.6552,281.5590,282.4414,281.8952,277.1824,273.5899,266.2810,254.5613,234.7559,215.8085,190.6019,149.9494,0.0000,0.0000,0.0000,0.0000,0.0000,0.0000,0.0000,0.0000,0.0000,0.0000,0.0000,-5.6876,-16.4009,-27.2410,-37.9684,-47.7726,-56.5656,-65.1053,-72.8315,-80.6159,-88.0054,-94.3060,-100.5747,-107.3965,-114.8249,-122.9869,-131.5904,-140.6516,-151.8814,-164.4671,-176.9094,-191.0968,-205.6273,-220.5352,-236.5789,-253.2331
65,0.5000,SpendAwareDPRebalance (R65-aware),4.6600,5373.2735,250.3945,spend50p,252.3443,260.1265,268.3098,276.8258,285.7399,295.0718,304.7472,314.6562,324.5456,332.3996,338.9290,341.2371,343.4802,341.6243,337.6243,329.9682,322.0789,309.9236,297.0287,284.1048,252.7778,241.0809,230.5669,216.3451,204.4275,14.4730,5.4319,0.0000,0.0000,0.0000,0.0000,0.0000,0.0000,0.0000,-1.3605,-12.3664,-24.3177,-33.3614,-43.0821,-50.4329,-58.1486,-66.3616,-75.0411,-84.2093,-93.6317,-103.7165,-113.6864,-123.1919,-132.8678,-142.4316,-151.7059,-161.8487,-173.1087,-183.9075,-195.4330
65,0.5000,SpendAwareDPRebalance (R65-aware),4.6600,5373.2735,250.3945,spend75p,254.1081,265.4947,278.5743,291.6772,305.9222,322.3535,339.3939,354.9833,372.3659,387.1627,402.9197,414.1830,422.1240,429.8811,431.8146,432.3331,427.3359,422.9104,408.6162,402.9039,362.2657,351.9770,344.0318,334.5210,322.1365,72.6751,63.1868,52.9691,41.3615,27.9407,14.7730,1.5849,0.0000,0.0000,0.0000,0.0000,0.0000,0.0000,0.0000,0.0000,0.0000,0.0000,0.0000,0.0000,0.0000,0.0000,0.0000,0.0000,0.0000,0.0000,0.0000,0.0000,0.0000,0.0000,0.0000
65,0.5000,SpendAwareDPRebalance (R65-aware),5.0000,5007.8909,250.3945,survival,1.0000,1.0000,1.0000,1.0000,1.0000,1.0000,1.0000,0.9985,0.9935,0.9860,0.9635,0.9375,0.9090,0.8715,0.8360,0.7970,0.7605,0.7300,0.6985,0.6700,0.6485,0.6290,0.6135,0.6005,0.5845,0.5780,0.5725,0.5665,0.5580,0.5510,0.5445,0.5385,0.5345,0.5325,0.5310,0.5305,0.5300,0.5300,0.5300,0.5300,0.5295,0.5295,0.5295,0.5295,0.5295,0.5295,0.5295,0.5295,0.5295,0.5295,0.5295,0.5295,0.5295,0.5295,0.5295
65,0.5000,SpendAwareDPRebalance (R65-aware),5.0000,5007.8909,250.3945,spend25p,250.5060,254.6860,258.4409,262.3834,265.8682,270.1113,274.1916,278.5822,281.1978,281.9858,278.2727,273.8110,265.7196,251.1561,232.2077,205.6320,156.0359,0.0000,0.0000,0.0000,0.0000,0.0000,0.0000,0.0000,0.0000,0.0000,0.0000,0.0000,0.0000,0.0000,-1.8594,-13.2000,-24.0405,-34.4703,-44.1200,-53.6027,-62.2362,-70.1347,-77.8566,-85.5666,-92.1765,-98.2935,-105.6678,-112.9570,-121.1368,-129.4957,-138.8479,-149.4948,-161.2420,-174.1855,-187.7125,-201.7105,-215.7187,-230.7238,-246.8218
65,0.5000,SpendAwareDPRebalance (R65-aware),5.0000,5007.8909,250.3945,spend50p,252.3443,260.1265,268.3098,276.8258,285.7399,295.0718,304.7472,314.6291,323.6976,331.3960,336.5840,337.9379,338.7457,332.9002,324.5766,312.8661,300.3258,288.7384,275.5907,262.4629,226.8973,213.2932,202.3937,191.7797,177.1634,0.3982,0.0000,0.0000,0.0000,0.0000,0.0000,0.0000,0.0000,0.0000,0.0000,0.0000,0.0000,-11.9647,-20.9499,-29.0167,-36.9338,-45.0062,-52.2494,-61.2508,-70.8480,-81.5277,-94.5246,-107.9008,-118.0576,-128.5794,-137.5701,-148.1132,-158.1402,-167.2658,-174.0368
65,0.5000,SpendAwareDPRebalance (R65-aware),5.0000,5007.8909,250.3945,spend75p,254.1081,265.4947,278.5743,291.6772,305.9222,322.3535,339.3939,354.7883,371.9722,385.8208,400.4203,410.8540,418.2639,421.6728,423.5805,420.2833,412.2685,402.6139,390.1141,376.2725,340.8013,333.1455,325.7252,318.6142,306.0395,65.8533,56.2640,45.6875,33.1841,21.1052,8.2716,0.0000,0.0000,0.0000,0.0000,0.0000,0.0000,0.0000,0.0000,0.0000,0.0000,0.0000,0.0000,0.0000,0.0000,0.0000,0.0000,0.0000,0.0000,0.0000,0.0000,0.0000,0.0000,0.0000,0.0000
65,0.7500,SpendAwareDPRebalance (R65-aware),1.5000,24322.7879,364.8418,survival,1.0000,1.0000,1.0000,1.0000,1.0000,1.0000,1.0000,1.0000,1.0000,1.0000,1.0000,1.0000,1.0000,1.0000,1.0000,1.0000,1.0000,1.0000,1.0000,1.0000,1.0000,0.9995,0.9995,0.9995,0.9995,0.9995,0.9990,0.9985,0.9980,0.9980,0.9975,0.9975,0.9965,0.9960,0.9955,0.9945,0.9935,0.9935,0.9935,0.9925,0.9915,0.9905,0.9905,0.9900,0.9895,0.9885,0.9885,0.9885,0.9880,0.9875,0.9875,0.9865,0.9865,0.9865,0.9865
65,0.7500,SpendAwareDPRebalance (R65-aware),1.5000,24322.7879,364.8418,spend25p,365.0041,371.3183,377.0097,382.9719,388.2631,394.6590,400.8131,407.7328,412.5172,416.3490,418.6515,421.5958,422.7867,424.3471,426.8043,425.2487,421.4297,418.2208,414.1470,408.3378,380.5096,373.4126,370.4885,368.4592,361.8186,154.0446,143.2174,132.1779,120.1219,107.6302,95.5025,82.7725,70.8536,58.2723,47.3858,37.7193,29.5432,21.3679,13.2646,6.6291,0.0000,-4.7984,-12.3995,-18.6550,-26.1274,-34.1217,-43.2830,-52.5996,-62.9154,-73.6424,-85.1367,-96.2257,-107.6909,-119.4122,-132.0261
65,0.7500,SpendAwareDPRebalance (R65-aware),1.5000,24322.7879,364.8418,spend50p,367.6828,379.2502,391.4063,404.0518,417.2829,431.1286,445.4792,460.2334,475.3901,489.2513,500.4965,511.8232,523.8936,533.6442,541.7771,542.5247,541.1837,537.4115,537.6420,537.7410,507.1025,504.8666,501.6773,501.3710,498.6537,243.9912,234.8829,223.6041,210.4458,196.0837,182.3374,168.1650,151.7058,137.2398,125.8456,116.9149,106.8445,99.0213,92.9843,85.0639,80.0654,72.4120,63.9872,56.1548,49.9281,39.9685,30.4194,17.2542,3.9668,-3.3664,-18.9113,-32.4652,-48.4351,-65.7269,-83.3260
65,0.7500,SpendAwareDPRebalance (R65-aware),1.5000,24322.7879,364.8418,spend75p,370.2527,387.0767,406.3800,425.7289,446.7564,470.9899,496.1257,519.2451,545.2122,569.3562,595.3258,619.4590,639.3085,657.2640,675.0627,687.8879,698.8373,713.5524,719.0384,724.6200,688.8581,694.1081,699.3461,702.1752,705.7284,380.1731,371.4230,362.2869,347.9337,330.6750,311.9431,296.1700,277.4440,260.7809,246.4609,236.2578,227.1251,219.2690,207.5090,200.1671,197.1823,195.2884,190.9287,183.9910,177.3358,166.3396,155.7830,145.3263,131.5091,115.4836,98.5811,81.3815,62.7055,42.5611,21.8654
65,0.7500,SpendAwareDPRebalance (R65-aware),1.6600,21978.4228,364.8418,survival,1.0000,1.0000,1.0000,1.0000,1.0000,1.0000,1.0000,1.0000,1.0000,1.0000,1.0000,1.0000,1.0000,1.0000,1.0000,1.0000,1.0000,1.0000,1.0000,1.0000,1.0000,1.0000,1.0000,0.9990,0.9980,0.9970,0.9960,0.9955,0.9945,0.9935,0.9935,0.9935,0.9935,0.9925,0.9910,0.9900,0.9900,0.9895,0.9885,0.9880,0.9875,0.9875,0.9850,0.9850,0.9835,0.9830,0.9830,0.9830,0.9820,0.9815,0.9810,0.9810,0.9805,0.9805,0.9800
65,0.7500,SpendAwareDPRebalance (R65-aware),1.6600,21978.4228,364.8418,spend25p,365.0041,371.3183,377.0097,382.9719,388.2631,394.6590,400.8131,407.7328,412.5172,416.3490,418.6515,421.5958,422.7867,424.3471,426.8043,425.2487,421.4297,418.2208,414.1470,408.3378,380.5096,373.4669,370.5341,367.9430,361.5018,152.9276,142.5864,130.9018,118.6449,106.1652,94.2031,81.3942,69.9251,57.2256,45.3764,36.9273,28.4425,20.0773,11.2193,4.8264,0.0000,-4.7984,-12.3995,-18.6550,-26.1274,-34.1217,-43.2830,-52.5996,-62.9154,-73.6424,-85.1367,-96.2257,-107.6909,-119.4122,-132.0261
65,0.7500,SpendAwareDPRebalance (R65-aware),1.6600,21978.4228,364.8418,spend50p,367.6828,379.2502,391.4063,404.0518,417.2829,431.1286,445.4792,460.2334,475.3901,489.2513,500.4965,511.8232,523.8936,533.6442,541.7771,542.5247,541.1837,537.4115,537.6420,537.7410,507.1025,505.8214,501.7926,500.9517,497.2657,243.1795,234.0034,222.3022,208.9284,194.3120,180.8139,166.8171,150.5409,136.3424,124.7233,114.4898,105.0457,97.1032,91.6215,83.4918,78.7482,71.5750,62.7693,54.4597,46.7690,37.0114,28.2960,15.5347,2.8651,-3.3664,-18.9113,-32.4652,-48.4351,-65.7269,-83.3260
65,0.7500,SpendAwareDPRebalance (R65-aware),1.6600,21978.4228,364.8418,spend75p,370.2527,387.0767,406.3800,425.7289,446.7564,470.9899,496.1257,519.2451,545.2122,569.3562,595.3258,619.4590,639.3085,657.2640,675.0627,687.8879,698.8373,713.5524,719.0384,724.6200,688.8581,694.1652,699.7005,701.4802,704.9827,378.5081,369.0948,358.4627,346.6419,328.1588,307.3352,292.7373,275.7130,259.0474,245.1447,234.8327,224.1618,216.6005,205.7408,198.0306,195.6509,193.4135,186.5193,180.0983,173.0341,164.0721,151.2298,141.7840,128.2349,112.6639,95.8735,76.9720,58.0303,37.8648,19.0688
65,0.7500,SpendAwareDPRebalance (R65-aware),1.8000,20268.9900,364.8418,survival,1.0000,1.0000,1.0000,1.0000,1.0000,1.0000,1.0000,1.0000,1.0000,1.0000,1.0000,1.0000,1.0000,1.0000,1.0000,1.0000,1.0000,1.0000,1.0000,1.0000,1.0000,0.9995,0.9990,0.9985,0.9960,0.9955,0.9935,0.9935,0.9925,0.9910,0.9900,0.9895,0.9895,0.9875,0.9870,0.9855,0.9845,0.9835,0.9830,0.9830,0.9830,0.9815,0.9805,0.9790,0.9790,0.9785,0.9775,0.9765,0.9750,0.9750,0.9740,0.9735,0.9730,0.9725,0.9725
65,0.7500,SpendAwareDPRebalance (R65-aware),1.8000,20268.9900,364.8418,spend25p,365.0041,371.3183,377.0097,382.9719,388.2631,394.6590,400.8131,407.7328,412.5172,416.3490,418.6515,421.5958,422.7867,424.3471,426.8043,425.2487,421.4297,418.2208,414.1470,408.3378,380.5096,373.4126,370.4292,367.2889,360.8970,152.8064,141.9484,130.6038,117.4721,104.9486,92.9280,80.1751,67.4839,55.3451,44.3999,35.8357,26.7058,18.6576,9.5666,2.8382,0.0000,-4.7984,-12.3995,-18.6550,-26.1274,-34.0120,-43.0877,-52.3530,-62.6949,-73.5558,-85.0880,-96.1939,-107.6094,-119.3416,-131.9634
65,0.7500,SpendAwareDPRebalance (R65-aware),1.8000,20268.9900,364.8418,spend50p,367.6828,379.2502,391.4063,404.0518,417.2829,431.1286,445.4792,460.2334,475.3901,489.2513,500.4965,511.8232,523.8936,533.6442,541.7771,542.5247,541.1837,537.4115,537.6420,537.7410,507.1025,504.8666,501.6345,500.6285,495.8388,243.0040,232.4426,221.3496,208.1960,193.5158,180.3155,164.0528,147.9241,135.0860,123.6417,112.4743,103.0494,94.9512,89.3452,81.9931,75.9513,69.9833,61.9470,52.7248,45.6363,36.0111,26.7213,13.6012,0.0263,-3.1334,-18.6112,-32.3300,-48.3330,-65.6143,-82.9485
65,0.7500,SpendAwareDPRebalance (R65-aware),1.8000,20268.9900,364.8418,spend75p,370.2527,387.0767,406.3800,425.7289,446.7564,470.9899,496.1257,519.2451,545.2122,569.3562,595.3258,619.4590,639.3085,657.2640,675.0627,687.8879,698.8373,713.5524,719.0384,724.6200,688.8581,694.1081,699.2604,701.2236,700.0875,378.0052,367.6536,357.2385,343.4252,326.0371,304.7924,289.7514,272.7137,255.3923,242.4396,232.5909,220.6420,212.7736,202.5586,196.3503,194.0085,188.1916,182.3967,175.0875,169.9112,160.7887,149.6294,139.2536,126.7229,108.6395,90.4810,74.3195,53.3371,31.6419,13.1372
65,0.7500,SpendAwareDPRebalance (R65-aware),1.8900,19303.8000,364.8418,survival,1.0000,1.0000,1.0000,1.0000,1.0000,1.0000,1.0000,1.0000,1.0000,1.0000,1.0000,1.0000,1.0000,1.0000,1.0000,1.0000,1.0000,1.0000,0.9995,0.9995,0.9995,0.9995,0.9980,0.9960,0.9945,0.9935,0.9930,0.9925,0.9915,0.9905,0.9890,0.9885,0.9880,0.9865,0.9855,0.9845,0.9830,0.9825,0.9810,0.9800,0.9790,0.9785,0.9780,0.9770,0.9760,0.9750,0.9730,0.9715,0.9710,0.9705,0.9705,0.9695,0.9685,0.9675,0.9670
65,0.7500,SpendAwareDPRebalance (R65-aware),1.8900,19303.8000,364.8418,spend25p,365.0041,371.3183,377.0097,382.9719,388.2631,394.6590,400.8131,407.7328,412.5172,416.3490,418.6515,421.5958,422.7867,424.3471,426.8043,425.2487,421.4297,418.2208,413.8994,408.0322,380.2343,373.4126,369.8968,366.5639,360.3199,151.9419,141.7302,130.4261,116.9422,104.8093,92.6007,79.7170,67.1387,55.2078,43.6858,35.6291,26.4161,18.4066,9.3692,1.5558,0.0000,-4.7984,-12.3995,-18.6550,-26.1274,-34.0120,-43.0877,-52.3530,-62.6949,-73.5558,-85.0880,-96.1407,-107.5622,-119.3044,-131.7656
65,0.7500,SpendAwareDPRebalance (R65-aware),1.8900,19303.8000,364.8418,spend50p,367.6828,379.2502,391.4063,404.0518,417.2829,431.1286,445.4792,460.2334,475.3901,489.2513,500.4965,511.8232,523.8936,533.6442,541.7771,542.5247,541.1837,537.4115,537.3643,537.4722,506.8723,504.8666,501.4612,499.5358,494.2120,242.4404,232.4126,221.0828,207.4744,193.4362,180.1830,163.7340,147.2216,134.6912,123.0860,112.2575,102.7586,94.8715,88.6668,80.6915,74.3415,68.4159,60.8062,52.3361,42.7229,34.1755,24.2624,12.6236,0.0000,-3.1334,-18.3432,-32.0622,-48.2414,-65.4164,-82.5792
65,0.7500,SpendAwareDPRebalance (R65-aware),1.8900,19303.8000,364.8418,spend75p,370.2527,387.0767,406.3800,425.7289,446.7564,470.9899,496.1257,519.2451,545.2122,569.3562,595.3258,619.4590,639.3085,657.2640,675.0627,687.8879,698.8373,713.5524,718.7929,724.3461,688.1057,694.1081,698.8941,696.5923,698.7742,376.5353,367.1681,356.9985,342.2780,325.4434,304.3281,289.2389,271.8681,254.2865,241.4251,231.7088,219.6550,211.4195,200.5452,194.7268,192.1767,185.8792,180.1203,174.2224,167.7764,157.5520,147.4553,137.3639,125.2011,104.8975,88.5175,72.3695,49.4284,27.8539,11.2035
65,0.7500,SpendAwareDPRebalance (R65-aware),2.0000,18242.0910,364.8418,survival,1.0000,1.0000,1.0000,1.0000,1.0000,1.0000,1.0000,1.0000,1.0000,1.0000,1.0000,1.0000,1.0000,1.0000,1.0000,1.0000,1.0000,1.0000,0.9995,0.9995,0.9995,0.9980,0.9970,0.9945,0.9925,0.9920,0.9905,0.9905,0.9895,0.9885,0.9875,0.9865,0.9855,0.9835,0.9825,0.9820,0.9810,0.9805,0.9790,0.9765,0.9755,0.9730,0.9720,0.9720,0.9700,0.9680,0.9665,0.9660,0.9650,0.9635,0.9620,0.9615,0.9610,0.9605,0.9600
65,0.7500,SpendAwareDPRebalance (R65-aware),2.0000,18242.0910,364.8418,spend25p,365.0041,371.3183,377.0097,382.9719,388.2631,394.6590,400.8131,407.7328,412.5172,416.3490,418.6515,421.5958,422.7867,424.3471,426.8043,425.2487,421.4297,418.2208,413.8994,408.0322,380.2343,372.6458,369.7050,365.5335,359.1221,151.5531,140.9052,130.1067,116.2404,104.0238,91.8484,79.1243,66.7197,54.2404,43.1785,34.7221,25.6351,17.8526,8.9986,0.4817,0.0000,-4.7984,-12.3995,-18.6550,-26.1274,-34.0120,-43.0877,-52.3530,-62.6949,-73.5558,-85.0880,-96.1407,-107.5622,-119.3044,-131.7656
65,0.7500,SpendAwareDPRebalance (R65-aware),2.0000,18242.0910,364.8418,spend50p,367.6828,379.2502,391.4063,404.0518,417.2829,431.1286,445.4792,460.2334,475.3901,489.2513,500.4965,511.8232,523.8936,533.6442,541.7771,542.5247,541.1837,537.4115,537.3643,537.4722,506.8723,504.1230,500.9237,497.2393,492.0679,241.4357,231.2872,220.5393,206.9045,192.8353,179.5549,162.8233,146.6743,134.0247,122.0905,111.5026,102.3859,94.5176,87.8972,79.7293,72.7397,67.4681,59.4629,49.7332,40.3514,31.9864,21.4906,9.8694,0.0000,-3.1334,-18.3432,-32.0622,-48.2414,-65.4164,-82.5792
65,0.7500,SpendAwareDPRebalance (R65-aware),2.0000,18242.0910,364.8418,spend75p,370.2527,387.0767,406.3800,425.7289,446.7564,470.9899,496.1257,519.2451,545.2122,569.3562,595.3258,619.4590,639.3085,657.2640,675.0627,687.8879,698.8373,713.5524,718.7929,724.3461,688.1057,693.0255,697.7355,694.2232,697.1832,374.9886,364.9570,356.4155,340.8373,324.3271,302.7477,288.6251,270.8766,252.1575,240.6587,230.6607,218.1819,210.3091,200.2864,194.0593,191.2996,180.8348,176.3236,171.8369,165.0442,154.5904,144.8345,133.6431,119.2139,101.4372,84.6254,66.7127,45.5371,25.1373,6.4342
65,0.7500,SpendAwareDPRebalance (R65-aware),2.1300,17128.7239,364.8418,survival,1.0000,1.0000,1.0000,1.0000,1.0000,1.0000,1.0000,1.0000,1.0000,1.0000,1.0000,1.0000,1.0000,1.0000,1.0000,1.0000,1.0000,1.0000,0.9995,0.9995,0.9975,0.9965,0.9940,0.9905,0.9895,0.9885,0.9860,0.9860,0.9850,0.9835,0.9830,0.9820,0.9805,0.9800,0.9790,0.9785,0.9775,0.9755,0.9715,0.9680,0.9660,0.9630,0.9620,0.9600,0.9580,0.9565,0.9555,0.9545,0.9530,0.9525,0.9505,0.9500,0.9500,0.9500,0.9490
65,0.7500,SpendAwareDPRebalance (R65-aware),2.1300,17128.7239,364.8418,spend25p,365.0041,371.3183,377.0097,382.9719,388.2631,394.6590,400.8131,407.7328,412.5172,416.3490,418.6515,421.5958,422.7867,424.3471,426.8043,425.2487,421.4297,418.2208,413.8994,408.0322,379.2809,371.9924,368.4926,363.0067,358.1766,150.4467,139.5518,129.1914,114.7123,102.1653,90.7248,77.2109,64.6811,52.9346,42.5305,33.3947,25.0636,16.4205,7.1163,0.0000,0.0000,-4.7984,-12.3995,-18.6550,-26.0793,-33.7629,-42.8630,-52.2742,-62.3544,-73.0927,-84.8641,-96.0165,-107.5191,-119.0784,-131.2699
65,0.7500,SpendAwareDPRebalance (R65-aware),2.1300,17128.7239,364.8418,spend50p,367.6828,379.2502,391.4063,404.0518,417.2829,431.1286,445.4792,460.2334,475.3901,489.2513,500.4965,511.8232,523.8936,533.6442,541.7771,542.5247,541.1837,537.4115,537.3643,537.4722,506.2389,502.9598,499.8117,493.8969,490.9114,239.8847,230.0591,218.1704,206.0685,191.1494,177.9622,161.2384,145.2729,133.1369,121.0758,110.4493,100.4423,92.5270,83.1171,76.5405,70.4775,63.8292,57.2243,45.7651,37.3118,27.9759,17.1537,5.0914,0.0000,-2.5295,-17.5761,-30.9727,-47.8379,-64.5421,-82.1920
65,0.7500,SpendAwareDPRebalance (R65-aware),2.1300,17128.7239,364.8418,spend75p,370.2527,387.0767,406.3800,425.7289,446.7564,470.9899,496.1257,519.2451,545.2122,569.3562,595.3258,619.4590,639.3085,657.2640,675.0627,687.8879,698.8373,713.5524,718.7929,724.3461,686.5653,692.7010,694.8716,688.1507,694.5593,372.2001,361.8917,352.6922,339.0926,321.3243,301.3728,285.6106,266.9900,249.2559,238.7206,227.8953,215.8712,205.5646,197.1696,191.0286,184.3476,176.3603,171.3366,165.8158,156.2949,149.0973,138.0689,127.3004,110.0015,93.4502,76.4913,59.6174,42.4404,20.6130,2.6098
65,0.7500,SpendAwareDPRebalance (R65-aware),2.2200,16434.3162,364.8418,survival,1.0000,1.0000,1.0000,1.0000,1.0000,1.0000,1.0000,1.0000,1.0000,1.0000,1.0000,1.0000,1.0000,1.0000,1.0000,1.0000,0.9995,0.9995,0.9990,0.9970,0.9960,0.9940,0.9920,0.9900,0.9865,0.9850,0.9845,0.9840,0.9830,0.9825,0.9800,0.9775,0.9765,0.9750,0.9740,0.9735,0.9705,0.9665,0.9635,0.9610,0.9590,0.9565,0.9550,0.9525,0.9505,0.9490,0.9485,0.9475,0.9455,0.9430,0.9400,0.9395,0.9385,0.9370,0.9355
65,0.7500,SpendAwareDPRebalance (R65-aware),2.2200,16434.3162,364.8418,spend25p,365.0041,371.3183,377.0097,382.9719,388.2631,394.6590,400.8131,407.7328,412.5172,416.3490,418.6515,421.5958,422.7867,424.3471,426.8043,425.2487,421.3634,418.1175,413.5203,407.1104,379.0548,370.9099,366.8024,362.0973,357.2934,149.7625,139.3154,127.7464,114.1830,101.8196,89.4907,76.0457,63.4435,50.6118,41.0434,31.5980,22.8385,13.4534,5.3453,0.0000,0.0000,-4.7984,-12.3995,-18.6550,-26.0793,-33.7629,-42.8630,-52.2742,-62.2931,-73.0291,-84.8199,-95.9679,-107.2901,-118.9711,-131.1710
65,0.7500,SpendAwareDPRebalance (R65-aware),2.2200,16434.3162,364.8418,spend50p,367.6828,379.2502,391.4063,404.0518,417.2829,431.1286,445.4792,460.2334,475.3901,489.2513,500.4965,511.8232,523.8936,533.6442,541.7771,542.5247,540.7499,536.9560,537.2948,535.9318,505.9979,501.6012,498.0945,493.5302,488.3646,238.4209,229.6724,216.9630,205.6421,191.0521,176.6527,159.6189,143.9497,131.3109,119.1085,108.8583,97.9260,89.7815,80.1788,73.5275,68.5179,61.9777,54.3202,44.4521,35.0180,25.5476,14.6528,2.5000,0.0000,-2.2662,-17.0100,-30.6013,-47.4574,-64.1782,-81.8509
65,0.7500,SpendAwareDPRebalance (R65-aware),2.2200,16434.3162,364.8418,spend75p,370.2527,387.0767,406.3800,425.7289,446.7564,470.9899,496.1257,519.2451,545.2122,569.3562,595.3258,619.4590,639.3085,657.2640,675.0627,687.8879,698.7716,711.9522,718.4659,722.9505,685.5574,689.4995,692.0003,687.9709,691.8700,369.3046,360.0951,351.1103,338.6792,319.4001,299.8935,281.9243,264.6318,248.3802,237.0278,226.1702,213.1676,201.9896,193.6548,187.5291,179.7743,173.4510,168.0321,162.8260,153.6984,145.6273,134.7090,123.3330,107.8152,89.1129,72.6200,53.2975,37.0592,16.2746,0.0000
65,0.7500,SpendAwareDPRebalance (R65-aware),2.3800,15329.4882,364.8418,survival,1.0000,1.0000,1.0000,1.0000,1.0000,1.0000,1.0000,1.0000,1.0000,1.0000,1.0000,1.0000,1.0000,1.0000,1.0000,0.9995,0.9990,0.9970,0.9955,0.9945,0.9930,0.9910,0.9890,0.9855,0.9825,0.9795,0.9785,0.9780,0.9775,0.9765,0.9745,0.9710,0.9690,0.9670,0.9640,0.9620,0.9600,0.9575,0.9545,0.9485,0.9450,0.9435,0.9410,0.9375,0.9325,0.9300,0.9275,0.9235,0.9215,0.9190,0.9165,0.9155,0.9155,0.9145,0.9140
65,0.7500,SpendAwareDPRebalance (R65-aware),2.3800,15329.4882,364.8418,spend25p,365.0041,371.3183,377.0097,382.9719,388.2631,394.6590,400.8131,407.7328,412.5172,416.3490,418.6515,421.5958,422.7867,424.3471,426.8043,424.9103,421.3431,417.0565,412.0605,405.8434,377.0853,369.6871,366.0773,360.1465,352.3800,147.8733,137.6324,125.6739,112.6762,99.7393,87.1915,73.5269,61.7813,48.5321,37.7741,27.2801,19.0347,10.6441,2.1989,0.0000,0.0000,-4.7984,-12.3995,-18.6550,-26.0793,-33.7629,-42.8630,-52.2742,-62.3544,-73.0291,-84.8199,-95.9679,-107.2901,-118.8602,-131.1370
65,0.7500,SpendAwareDPRebalance (R65-aware),2.3800,15329.4882,364.8418,spend50p,367.6828,379.2502,391.4063,404.0518,417.2829,431.1286,445.4792,460.2334,475.3901,489.2513,500.4965,511.8232,523.8936,533.6442,541.7771,542.0286,540.4664,535.5031,536.0774,533.7889,505.5507,500.7050,496.6285,491.4373,484.6767,235.5300,227.0100,214.2457,203.8964,189.2407,174.2418,156.9591,141.7652,128.7407,115.3654,103.3622,94.1135,85.5752,77.5048,69.9762,61.9232,56.6244,47.8369,39.8920,28.8155,18.4889,8.2241,0.0000,0.0000,-2.0079,-16.6967,-30.4785,-47.1189,-63.1795,-81.3976
65,0.7500,SpendAwareDPRebalance (R65-aware),2.3800,15329.4882,364.8418,spend75p,370.2527,387.0767,406.3800,425.7289,446.7564,470.9899,496.1257,519.2451,545.2122,569.3562,595.3258,619.4590,639.3085,657.2640,675.0627,687.7324,698.7716,711.1008,716.4715,720.7761,683.8395,686.8662,689.8930,683.6039,686.4667,365.2673,356.3099,345.0246,334.1214,315.3878,297.6978,277.7269,257.5589,245.6191,230.9469,219.5874,207.1431,198.0613,189.6615,180.7980,170.4506,166.3293,160.8728,153.8459,145.3428,134.8571,122.4234,103.6479,93.4373,78.7451,59.1004,41.9266,23.2370,4.8626,0.0000
65,0.7500,SpendAwareDPRebalance (R65-aware),2.5000,14593.6728,364.8418,survival,1.0000,1.0000,1.0000,1.0000,1.0000,1.0000,1.0000,1.0000,1.0000,1.0000,1.0000,1.0000,1.0000,1.0000,0.9995,0.9995,0.9975,0.9960,0.9935,0.9915,0.9885,0.9850,0.9825,0.9795,0.9760,0.9720,0.9705,0.9680,0.9680,0.9670,0.9655,0.9625,0.9590,0.9560,0.9510,0.9490,0.9450,0.9425,0.9395,0.9350,0.9325,0.9285,0.9240,0.9195,0.9130,0.9110,0.9085,0.9075,0.9070,0.9060,0.9040,0.9035,0.9035,0.9010,0.9000
65,0.7500,SpendAwareDPRebalance (R65-aware),2.5000,14593.6728,364.8418,spend25p,365.0041,371.3183,377.0097,382.9719,388.2631,394.6590,400.8131,407.7328,412.5172,416.3490,418.6515,421.5958,422.7867,424.3471,426.5252,424.9103,420.7361,416.7004,410.4923,404.2142,375.3257,367.8509,362.9123,355.3816,349.7841,144.9513,134.8085,122.1324,110.4940,96.5384,83.8749,70.9822,58.0388,46.0629,34.3455,24.4409,14.9361,6.1639,0.0000,0.0000,0.0000,-4.7241,-12.3309,-18.6419,-25.8031,-33.6336,-42.5231,-52.2494,-61.7612,-72.8565,-84.5255,-95.2807,-106.7651,-118.6076,-130.6092
65,0.7500,SpendAwareDPRebalance (R65-aware),2.5000,14593.6728,364.8418,spend50p,367.6828,379.2502,391.4063,404.0518,417.2829,431.1286,445.4792,460.2334,475.3901,489.2513,500.4965,511.8232,523.8936,533.6442,541.6742,542.0286,539.7154,535.3237,535.5661,532.3767,504.1309,498.4036,492.6545,488.6776,480.5656,233.0024,223.6566,211.7821,199.9623,185.7685,170.9423,154.5289,138.8696,123.6868,111.4866,100.1266,90.9519,81.1978,73.3145,64.6261,57.9286,50.0945,43.8233,34.7740,24.2387,12.4484,3.1133,0.0000,0.0000,-0.7704,-15.7534,-29.5415,-46.3353,-62.1161,-80.3783
65,0.7500,SpendAwareDPRebalance (R65-aware),2.5000,14593.6728,364.8418,spend75p,370.2527,387.0767,406.3800,425.7289,446.7564,470.9899,496.1257,519.2451,545.2122,569.3562,595.3258,619.4590,639.3085,657.2640,674.9547,687.7324,697.7588,710.5359,713.4776,716.6200,680.2157,682.2373,681.7028,678.0001,676.8001,360.4679,351.5470,340.3641,326.6292,311.9312,293.0242,272.9861,253.6056,240.2076,224.4619,210.7674,201.6514,190.8532,183.3382,171.8010,165.4086,159.0378,153.5017,145.0532,135.1752,124.2457,108.4600,96.9791,87.8184,72.8665,53.5542,36.7870,19.9924,1.0865,0.0000
65,0.7500,SpendAwareDPRebalance (R65-aware),2.8000,13030.0650,364.8418,survival,1.0000,1.0000,1.0000,1.0000,1.0000,1.0000,1.0000,1.0000,1.0000,1.0000,1.0000,1.0000,0.9990,0.9980,0.9970,0.9935,0.9905,0.9870,0.9840,0.9780,0.9745,0.9685,0.9600,0.9515,0.9450,0.9400,0.9370,0.9335,0.9295,0.9255,0.9215,0.9165,0.9120,0.9090,0.9070,0.9030,0.9005,0.8975,0.8940,0.8885,0.8820,0.8775,0.8740,0.8685,0.8660,0.8605,0.8565,0.8525,0.8495,0.8485,0.8465,0.8455,0.8445,0.8440,0.8435
65,0.7500,SpendAwareDPRebalance (R65-aware),2.8000,13030.0650,364.8418,spend25p,365.0041,371.3183,377.0097,382.9719,388.2631,394.6590,400.8131,407.7328,412.5172,416.3490,418.6515,421.5958,422.6172,423.3486,425.1094,421.2856,418.3447,413.5837,405.4189,398.7545,369.2745,360.1131,349.2645,338.4449,329.5994,130.2095,120.3776,108.6948,94.2688,80.3748,67.7403,54.7521,42.4673,31.2727,21.0819,10.5973,2.2461,0.0000,0.0000,0.0000,0.0000,-3.7071,-11.4098,-17.4553,-24.4142,-33.1279,-41.9341,-51.6317,-60.9441,-72.0721,-83.8605,-94.7347,-106.3371,-118.1597,-130.0651
65,0.7500,SpendAwareDPRebalance (R65-aware),2.8000,13030.0650,364.8418,spend50p,367.6828,379.2502,391.4063,404.0518,417.2829,431.1286,445.4792,460.2334,475.3901,489.2513,500.4965,511.8232,523.6591,532.1604,540.6830,539.8484,536.0895,532.9409,532.3570,526.4680,495.9994,490.2609,483.3627,473.3950,467.4234,224.5798,213.5755,202.4292,189.5049,174.1313,157.4406,141.3086,124.3993,111.4559,99.4267,87.6453,77.8968,69.1114,60.1426,53.6279,44.6763,36.0495,27.8007,18.9117,10.0393,0.5378,0.0000,0.0000,0.0000,0.0000,-9.7028,-25.9889,-41.9724,-57.9809,-75.7282
65,0.7500,SpendAwareDPRebalance (R65-aware),2.8000,13030.0650,364.8418,spend75p,370.2527,387.0767,406.3800,425.7289,446.7564,470.9899,496.1257,519.2451,545.2122,569.3562,595.3258,619.4590,638.9974,656.9165,673.1917,686.6560,695.2778,701.8827,708.2163,709.1677,672.1275,672.2247,663.3267,659.1570,657.9564,348.0360,339.2739,325.0086,310.1580,290.2419,271.0373,251.7123,235.0477,217.3521,203.6614,190.9309,182.5736,175.6254,165.2780,155.5966,146.9720,138.7448,130.5835,120.5860,109.8650,101.0203,88.5279,75.0555,60.8747,47.0666,32.5525,16.4435,0.0000,0.0000,0.0000
65,0.7500,SpendAwareDPRebalance (R65-aware),3.0000,12161.3940,364.8418,survival,1.0000,1.0000,1.0000,1.0000,1.0000,1.0000,1.0000,1.0000,1.0000,1.0000,0.9990,0.9980,0.9975,0.9955,0.9915,0.9885,0.9845,0.9790,0.9730,0.9680,0.9610,0.9490,0.9415,0.9340,0.9230,0.9195,0.9155,0.9105,0.9070,0.9040,0.9000,0.8955,0.8910,0.8880,0.8855,0.8795,0.8760,0.8690,0.8615,0.8550,0.8510,0.8455,0.8425,0.8325,0.8270,0.8235,0.8200,0.8180,0.8140,0.8130,0.8100,0.8085,0.8070,0.8060,0.8055
65,0.7500,SpendAwareDPRebalance (R65-aware),3.0000,12161.3940,364.8418,spend25p,365.0041,371.3183,377.0097,382.9719,388.2631,394.6590,400.8131,407.7328,412.5172,416.3490,418.2755,420.9234,422.4524,422.5008,423.1105,419.5251,415.0897,409.3910,400.6694,393.4606,363.0008,350.5665,340.1073,330.1368,316.9775,122.5501,111.8288,97.8944,83.9576,72.6651,58.9539,47.2600,34.4531,22.0880,13.0275,0.9178,0.0000,0.0000,0.0000,0.0000,0.0000,-3.3916,-10.8315,-16.7457,-24.0998,-32.8140,-41.6654,-51.2228,-60.5625,-71.6992,-83.2607,-94.5152,-105.8545,-117.9235,-129.6483
65,0.7500,SpendAwareDPRebalance (R65-aware),3.0000,12161.3940,364.8418,spend50p,367.6828,379.2502,391.4063,404.0518,417.2829,431.1286,445.4792,460.2334,475.3901,489.2513,500.2623,511.2611,523.2696,531.4707,537.3406,538.4616,533.4992,529.2564,525.6085,520.3606,485.0466,478.7917,474.5720,465.1114,455.7119,216.5266,206.7964,193.1954,180.7219,164.3927,151.5889,135.0650,119.1243,105.4673,92.3290,79.3945,69.3963,61.5885,52.5551,43.8344,35.4766,25.6223,17.2613,8.3503,0.0000,0.0000,0.0000,0.0000,0.0000,0.0000,-8.7107,-24.2349,-40.7633,-57.0523,-74.4254
65,0.7500,SpendAwareDPRebalance (R65-aware),3.0000,12161.3940,364.8418,spend75p,370.2527,387.0767,406.3800,425.7289,446.7564,470.9899,496.1257,519.2451,545.2122,569.3562,594.8827,619.1639,638.6533,656.1780,670.8070,684.9747,692.3398,699.0947,703.1831,700.6051,665.3717,656.7749,649.8328,651.6322,643.0236,338.5321,326.8686,313.1106,296.5979,278.9651,259.1541,242.7206,223.8032,209.4498,196.4822,184.0186,172.2439,160.2178,149.6104,142.8621,131.4845,122.4237,116.0607,106.4976,96.4960,87.0039,75.3584,61.8121,47.4398,34.8723,19.2442,1.9956,0.0000,0.0000,0.0000
65,0.7500,SpendAwareDPRebalance (R65-aware),3.3300,10956.2108,364.8418,survival,1.0000,1.0000,1.0000,1.0000,1.0000,1.0000,1.0000,1.0000,1.0000,0.9990,0.9975,0.9960,0.9915,0.9875,0.9795,0.9720,0.9670,0.9545,0.9465,0.9410,0.9305,0.9185,0.9065,0.8905,0.8805,0.8740,0.8710,0.8665,0.8630,0.8580,0.8510,0.8415,0.8365,0.8315,0.8245,0.8185,0.8125,0.8030,0.7975,0.7935,0.7880,0.7835,0.7755,0.7695,0.7660,0.7620,0.7605,0.7575,0.7555,0.7540,0.7530,0.7510,0.7490,0.7470,0.7460
65,0.7500,SpendAwareDPRebalance (R65-aware),3.3300,10956.2108,364.8418,spend25p,365.0041,371.3183,377.0097,382.9719,388.2631,394.6590,400.8131,407.7328,412.5172,415.4656,417.8781,419.9802,419.5254,419.3658,418.5999,413.9824,407.7253,396.1935,386.5728,379.7993,345.9556,331.5851,316.1575,301.0338,289.0733,101.6742,91.5113,79.1232,67.7505,53.9096,39.7634,25.4170,13.8316,2.5390,0.0000,0.0000,0.0000,0.0000,0.0000,0.0000,0.0000,-2.4479,-9.7409,-15.8455,-23.4993,-31.8802,-40.5626,-49.5441,-59.6205,-69.8384,-82.0897,-93.8675,-105.0156,-117.0363,-128.6660
65,0.7500,SpendAwareDPRebalance (R65-aware),3.3300,10956.2108,364.8418,spend50p,367.6828,379.2502,391.4063,404.0518,417.2829,431.1286,445.4792,460.2334,475.3901,489.1984,499.8908,510.9356,521.3505,526.4995,530.4431,531.4768,528.1378,519.4970,514.5299,507.0435,473.3338,464.7589,454.7708,442.9011,435.6473,199.5276,190.3826,178.1223,164.9372,151.0451,137.1852,118.4490,102.3119,86.6032,73.6334,63.2570,53.2328,41.0629,30.3395,22.1641,14.7332,7.7587,0.0000,0.0000,0.0000,0.0000,0.0000,0.0000,0.0000,0.0000,0.0000,-17.0138,-32.2101,-47.9830,-65.2436
65,0.7500,SpendAwareDPRebalance (R65-aware),3.3300,10956.2108,364.8418,spend75p,370.2527,387.0767,406.3800,425.7289,446.7564,470.9899,496.1257,519.2451,545.2122,568.3161,594.6989,619.0323,635.9212,653.7542,663.8692,671.7003,683.3073,683.5195,685.2340,689.7712,647.4199,636.1530,630.1880,622.9886,617.8403,320.5999,310.0061,297.0045,276.2001,259.0816,243.0360,224.8886,207.4860,190.6786,176.7530,160.3984,148.1565,134.3685,124.2441,117.4106,110.1018,103.8219,93.6974,84.4957,76.9670,66.0719,54.4364,45.3025,31.1086,16.4202,1.0254,0.0000,0.0000,0.0000,0.0000
65,0.7500,SpendAwareDPRebalance (R65-aware),3.6600,9968.3557,364.8418,survival,1.0000,1.0000,1.0000,1.0000,1.0000,1.0000,1.0000,1.0000,0.9995,0.9975,0.9960,0.9915,0.9850,0.9750,0.9650,0.9550,0.9440,0.9265,0.9145,0.9035,0.8830,0.8675,0.8510,0.8330,0.8200,0.8165,0.8130,0.8060,0.7995,0.7915,0.7865,0.7780,0.7705,0.7655,0.7585,0.7505,0.7490,0.7430,0.7400,0.7345,0.7235,0.7175,0.7135,0.7080,0.7025,0.6985,0.6975,0.6960,0.6925,0.6915,0.6905,0.6900,0.6880,0.6875,0.6845
65,0.7500,SpendAwareDPRebalance (R65-aware),3.6600,9968.3557,364.8418,spend25p,365.0041,371.3183,377.0097,382.9719,388.2631,394.6590,400.8131,407.7328,412.4592,414.9577,417.3851,418.6923,416.8087,416.4469,411.9730,405.4448,397.5049,379.8737,368.3631,354.3425,314.3280,297.5275,278.9431,259.6858,243.2997,73.0217,61.8007,48.3031,33.9766,20.6481,7.1014,0.0000,0.0000,0.0000,0.0000,0.0000,0.0000,0.0000,0.0000,0.0000,0.0000,-0.9133,-7.8142,-14.2539,-21.9429,-29.8751,-38.2267,-47.0944,-56.8682,-67.7074,-79.2372,-91.4859,-103.3910,-115.1478,-126.5933
65,0.7500,SpendAwareDPRebalance (R65-aware),3.6600,9968.3557,364.8418,spend50p,367.6828,379.2502,391.4063,404.0518,417.2829,431.1286,445.4792,460.2334,475.1754,488.4873,499.3814,509.7383,517.9956,523.3284,525.3605,524.0640,519.4952,509.8765,499.7319,491.4049,452.5065,439.5119,427.1595,416.8068,404.3877,181.4594,170.9197,158.7400,144.6393,129.0603,114.3095,97.0001,81.2863,67.7123,54.4231,41.4459,33.4260,23.0575,16.6412,7.7092,0.0000,0.0000,0.0000,0.0000,0.0000,0.0000,0.0000,0.0000,0.0000,0.0000,0.0000,-0.3365,-16.7166,-34.2879,-52.1673
65,0.7500,SpendAwareDPRebalance (R65-aware),3.6600,9968.3557,364.8418,spend75p,370.2527,387.0767,406.3800,425.7289,446.7564,470.9899,496.1257,519.2451,545.0072,567.9956,594.5100,617.1368,634.2267,647.5650,658.9197,666.9768,670.2607,669.1596,665.6553,663.1098,611.3767,605.5539,598.1749,591.6197,582.5613,298.1356,286.1201,268.7764,253.2696,237.4400,221.5715,199.8939,181.2032,165.3849,148.1881,133.3347,125.9457,117.3212,109.4365,101.4444,91.4751,82.9848,74.3442,64.7717,55.8507,45.7646,34.7541,22.6096,9.1543,0.0000,0.0000,0.0000,0.0000,0.0000,0.0000
65,0.7500,SpendAwareDPRebalance (R65-aware),4.0000,9121.0455,364.8418,survival,1.0000,1.0000,1.0000,1.0000,1.0000,1.0000,1.0000,1.0000,0.9990,0.9965,0.9925,0.9845,0.9685,0.9555,0.9435,0.9255,0.9025,0.8795,0.8560,0.8395,0.8180,0.8005,0.7790,0.7615,0.7465,0.7395,0.7360,0.7285,0.7215,0.7165,0.7095,0.7000,0.6960,0.6920,0.6885,0.6825,0.6785,0.6730,0.6675,0.6590,0.6525,0.6465,0.6425,0.6375,0.6335,0.6320,0.6290,0.6255,0.6230,0.6210,0.6205,0.6185,0.6175,0.6170,0.6165
65,0.7500,SpendAwareDPRebalance (R65-aware),4.0000,9121.0455,364.8418,spend25p,365.0041,371.3183,377.0097,382.9719,388.2631,394.6590,400.8131,407.7328,412.2262,414.6733,416.5598,416.3685,410.6506,408.4115,401.4218,388.2782,373.2295,348.6672,326.8310,306.5088,260.8847,238.0343,210.2651,166.3580,0.0000,0.0000,0.0000,0.0000,0.0000,0.0000,0.0000,0.0000,0.0000,0.0000,0.0000,0.0000,0.0000,0.0000,0.0000,0.0000,0.0000,0.0000,-0.8415,-9.3937,-17.2314,-24.0681,-31.9159,-41.0450,-51.9094,-63.5016,-75.0073,-86.3605,-98.6634,-110.6938,-123.7022
65,0.7500,SpendAwareDPRebalance (R65-aware),4.0000,9121.0455,364.8418,spend50p,367.6828,379.2502,391.4063,404.0518,417.2829,431.1286,445.4792,460.2334,475.0761,488.1788,498.4567,508.2415,512.6318,517.0894,516.4044,510.7667,503.3138,493.3018,477.4561,465.0182,422.5729,411.1638,398.4887,384.0630,373.4063,157.2656,145.3758,131.1839,116.6967,103.2791,89.2887,72.7207,60.6361,47.5363,36.9753,26.0142,15.9711,6.1997,0.0000,0.0000,0.0000,0.0000,0.0000,0.0000,0.0000,0.0000,0.0000,0.0000,0.0000,0.0000,0.0000,0.0000,0.0000,-9.6528,-28.1141
65,0.7500,SpendAwareDPRebalance (R65-aware),4.0000,9121.0455,364.8418,spend75p,370.2527,387.0767,406.3800,425.7289,446.7564,470.9899,496.1257,519.2451,544.8617,567.9956,593.2044,615.5903,629.7738,641.2160,653.4601,657.4392,658.2946,647.8942,640.5524,630.1276,585.0984,582.1184,569.1703,558.5947,544.7905,269.8777,258.5135,244.4971,232.6428,215.5735,197.6607,176.6389,160.2984,144.5643,131.2070,120.5268,109.8538,99.6527,92.5581,81.2145,71.2782,63.9350,57.4476,46.2988,35.8338,26.7751,14.6231,2.0159,0.0000,0.0000,0.0000,0.0000,0.0000,0.0000,0.0000
65,0.7500,SpendAwareDPRebalance (R65-aware),4.3300,8425.9081,364.8418,survival,1.0000,1.0000,1.0000,1.0000,1.0000,1.0000,1.0000,0.9995,0.9980,0.9940,0.9870,0.9715,0.9510,0.9310,0.9055,0.8785,0.8490,0.8200,0.7965,0.7735,0.7495,0.7280,0.7110,0.6910,0.6715,0.6645,0.6570,0.6500,0.6440,0.6390,0.6335,0.6260,0.6225,0.6175,0.6125,0.6070,0.6010,0.5965,0.5925,0.5875,0.5805,0.5745,0.5705,0.5660,0.5650,0.5615,0.5595,0.5570,0.5545,0.5530,0.5510,0.5500,0.5490,0.5485,0.5485
65,0.7500,SpendAwareDPRebalance (R65-aware),4.3300,8425.9081,364.8418,spend25p,365.0041,371.3183,377.0097,382.9719,388.2631,394.6590,400.8131,407.5182,411.9773,413.6852,415.4459,410.8348,404.9740,398.6458,381.2937,365.0806,337.1235,307.3431,270.6097,234.5752,0.0000,0.0000,0.0000,0.0000,0.0000,0.0000,0.0000,0.0000,0.0000,0.0000,0.0000,0.0000,0.0000,0.0000,0.0000,0.0000,0.0000,0.0000,0.0000,0.0000,0.0000,0.0000,0.0000,-3.6206,-11.7410,-19.6198,-25.6584,-34.9968,-44.6255,-56.5312,-67.9209,-80.5933,-92.5148,-105.3580,-118.5525
65,0.7500,SpendAwareDPRebalance (R65-aware),4.3300,8425.9081,364.8418,spend50p,367.6828,379.2502,391.4063,404.0518,417.2829,431.1286,445.4792,460.1678,474.9475,487.6244,497.2863,504.3465,506.5866,508.3307,501.8938,493.1261,481.7992,466.2681,451.5315,436.3981,393.1614,375.0027,365.9242,348.4970,329.0756,128.8496,116.3110,102.1102,86.9876,73.1663,59.3717,46.8353,34.2194,21.3398,9.9658,0.0000,0.0000,0.0000,0.0000,0.0000,0.0000,0.0000,0.0000,0.0000,0.0000,0.0000,0.0000,0.0000,0.0000,0.0000,0.0000,0.0000,0.0000,0.0000,0.0000
65,0.7500,SpendAwareDPRebalance (R65-aware),4.3300,8425.9081,364.8418,spend75p,370.2527,387.0767,406.3800,425.7289,446.7564,470.9899,496.1257,519.1439,544.8075,567.2562,592.3079,611.4083,621.3658,634.6804,639.0393,644.6982,636.7550,629.6153,617.3152,603.9233,561.0691,551.5602,543.9013,529.4674,511.3902,246.1961,234.3305,221.0773,205.4158,190.6077,173.5554,156.1331,140.0803,123.2535,111.1989,99.3922,87.9972,77.5523,69.0744,60.8367,51.2257,42.9413,35.1404,27.8548,19.4876,8.4127,0.0000,0.0000,0.0000,0.0000,0.0000,0.0000,0.0000,0.0000,0.0000
65,0.7500,SpendAwareDPRebalance (R65-aware),4.6600,7829.2236,364.8418,survival,1.0000,1.0000,1.0000,1.0000,1.0000,1.0000,1.0000,0.9995,0.9970,0.9900,0.9790,0.9520,0.9285,0.9010,0.8670,0.8360,0.7980,0.7655,0.7345,0.7060,0.6790,0.6595,0.6405,0.6230,0.6110,0.6065,0.6005,0.5955,0.5905,0.5830,0.5790,0.5730,0.5700,0.5645,0.5575,0.5535,0.5505,0.5465,0.5400,0.5370,0.5300,0.5260,0.5220,0.5170,0.5145,0.5120,0.5080,0.5075,0.5060,0.5050,0.5045,0.5035,0.5035,0.5015,0.5005
65,0.7500,SpendAwareDPRebalance (R65-aware),4.6600,7829.2236,364.8418,spend25p,365.0041,371.3183,377.0097,382.9719,388.2631,394.6590,400.8131,407.5182,411.9269,413.3256,412.1231,404.5592,397.3220,383.1186,361.5275,333.4749,295.2337,238.4005,0.0000,0.0000,0.0000,0.0000,0.0000,0.0000,0.0000,0.0000,0.0000,0.0000,0.0000,0.0000,0.0000,0.0000,0.0000,0.0000,0.0000,0.0000,0.0000,0.0000,0.0000,0.0000,0.0000,0.0000,0.0000,0.0000,-0.1626,-7.0708,-16.9687,-27.6050,-37.6649,-50.4155,-61.0577,-72.0567,-84.4191,-98.6474,-112.6587
65,0.7500,SpendAwareDPRebalance (R65-aware),4.6600,7829.2236,364.8418,spend50p,367.6828,379.2502,391.4063,404.0518,417.2829,431.1286,445.4792,460.1678,474.8172,486.2603,496.0443,498.5348,500.7832,498.0291,488.5495,477.6469,461.2290,439.3401,419.0828,401.9534,360.1499,343.8756,321.4341,304.2315,288.7008,102.9407,91.3583,78.1859,65.7600,51.2831,37.7236,24.1958,13.3163,1.2138,0.0000,0.0000,0.0000,0.0000,0.0000,0.0000,0.0000,0.0000,0.0000,0.0000,0.0000,0.0000,0.0000,0.0000,0.0000,0.0000,0.0000,0.0000,0.0000,0.0000,0.0000
65,0.7500,SpendAwareDPRebalance (R65-aware),4.6600,7829.2236,364.8418,spend75p,370.2527,387.0767,406.3800,425.7289,446.7564,470.9899,496.1257,519.1439,544.7794,566.4621,589.8335,604.3487,615.4314,626.5987,629.5704,630.3581,619.1197,606.7710,586.1113,571.3128,526.9335,517.6856,507.1580,496.1061,481.4438,231.1243,218.3652,206.1872,192.4075,176.2277,160.5482,142.8189,127.0978,111.8437,98.7955,84.6517,74.7807,65.7942,57.6730,50.5298,39.8341,33.2354,23.5745,14.0710,5.9593,0.0000,0.0000,0.0000,0.0000,0.0000,0.0000,0.0000,0.0000,0.0000,0.0000
65,0.7500,SpendAwareDPRebalance (R65-aware),5.0000,7296.8364,364.8418,survival,1.0000,1.0000,1.0000,1.0000,1.0000,1.0000,1.0000,0.9985,0.9935,0.9850,0.9615,0.9345,0.9035,0.8645,0.8245,0.7785,0.7395,0.7035,0.6750,0.6445,0.6215,0.5990,0.5800,0.5625,0.5455,0.5395,0.5330,0.5260,0.5225,0.5205,0.5140,0.5070,0.5020,0.4970,0.4930,0.4895,0.4870,0.4825,0.4780,0.4720,0.4680,0.4620,0.4600,0.4575,0.4530,0.4500,0.4470,0.4445,0.4430,0.4420,0.4420,0.4410,0.4395,0.4390,0.4390
65,0.7500,SpendAwareDPRebalance (R65-aware),5.0000,7296.8364,364.8418,spend25p,365.0041,371.3183,377.0097,382.9719,388.2631,394.6590,400.8131,407.4114,411.3984,412.5452,406.9308,399.1037,386.1080,364.2354,332.6785,277.5774,0.0000,0.0000,0.0000,0.0000,0.0000,0.0000,0.0000,0.0000,0.0000,0.0000,0.0000,0.0000,0.0000,0.0000,0.0000,0.0000,0.0000,0.0000,0.0000,0.0000,0.0000,0.0000,0.0000,0.0000,0.0000,0.0000,0.0000,0.0000,0.0000,0.0000,-5.7910,-16.3671,-26.0183,-37.3043,-49.7292,-62.9484,-75.8611,-90.3006,-105.5177
65,0.7500,SpendAwareDPRebalance (R65-aware),5.0000,7296.8364,364.8418,spend50p,367.6828,379.2502,391.4063,404.0518,417.2829,431.1286,445.4792,460.1281,473.5765,484.8998,492.1809,494.3559,493.6679,485.6197,470.0241,451.9688,430.9245,413.2021,390.5013,364.9993,321.4942,298.0870,273.4147,248.5823,226.6355,59.3041,46.2493,31.1772,18.2550,7.9814,0.0000,0.0000,0.0000,0.0000,0.0000,0.0000,0.0000,0.0000,0.0000,0.0000,0.0000,0.0000,0.0000,0.0000,0.0000,0.0000,0.0000,0.0000,0.0000,0.0000,0.0000,0.0000,0.0000,0.0000,0.0000
65,0.7500,SpendAwareDPRebalance (R65-aware),5.0000,7296.8364,364.8418,spend75p,370.2527,387.0767,406.3800,425.7289,446.7564,470.9899,496.1257,518.8586,544.2033,564.3694,585.5888,600.6330,611.3455,616.4445,616.9376,606.7019,594.5268,570.7935,560.0749,541.9765,503.1289,492.5183,478.9909,462.2635,448.8175,208.8593,197.4840,185.4341,171.1567,157.5347,141.0471,125.7477,108.5882,92.0021,78.2936,65.9457,58.5016,49.2768,38.0337,27.3886,19.7592,11.2981,3.7140,0.0000,0.0000,0.0000,0.0000,0.0000,0.0000,0.0000,0.0000,0.0000,0.0000,0.0000,0.0000
65,1.0000,SpendAwareDPRebalance (R65-aware),1.5000,31952.6062,479.2891,survival,1.0000,1.0000,1.0000,1.0000,1.0000,1.0000,1.0000,1.0000,1.0000,1.0000,1.0000,1.0000,1.0000,1.0000,1.0000,1.0000,1.0000,1.0000,1.0000,1.0000,1.0000,1.0000,1.0000,1.0000,0.9995,0.9990,0.9980,0.9975,0.9970,0.9965,0.9960,0.9950,0.9940,0.9935,0.9920,0.9920,0.9915,0.9910,0.9905,0.9890,0.9875,0.9875,0.9870,0.9860,0.9855,0.9855,0.9850,0.9845,0.9835,0.9825,0.9815,0.9805,0.9805,0.9805,0.9775
65,1.0000,SpendAwareDPRebalance (R65-aware),1.5000,31952.6062,479.2891,spend25p,479.5023,487.9505,495.5784,503.5605,510.6579,519.2066,527.4345,536.6636,543.0719,548.2114,551.3190,555.2501,556.8469,558.9016,562.1043,559.9855,554.8546,550.5026,544.9951,537.1956,507.3461,497.9559,494.0455,491.5214,482.4248,272.6233,261.0343,247.3300,232.9093,218.8258,203.6990,187.0679,174.5099,157.9238,145.7422,136.4281,128.1439,119.6884,111.2940,103.5478,96.7501,91.1142,85.0696,79.7425,72.8933,63.7059,55.5770,46.5227,36.5813,25.2995,13.9786,0.1586,-1.8035,-14.9936,-28.1212
65,1.0000,SpendAwareDPRebalance (R65-aware),1.5000,31952.6062,479.2891,spend50p,483.0213,498.3738,514.5027,531.2779,548.8259,567.1855,586.2111,605.7656,625.8430,644.2027,659.1001,674.0814,690.0135,702.8552,713.5242,714.4196,712.5228,707.3929,707.5077,707.4342,676.1366,674.4286,669.0568,668.7521,664.8715,409.6915,398.7608,385.7315,371.1369,353.8433,338.3212,323.9549,303.6539,289.8020,276.2616,266.9490,259.3804,252.9251,247.9953,243.9804,237.1637,235.1911,229.1529,220.9710,215.7481,208.9308,198.6932,190.7560,176.7517,164.0057,148.8000,133.7502,118.8363,103.2501,85.4422
65,1.0000,SpendAwareDPRebalance (R65-aware),1.5000,31952.6062,479.2891,spend75p,486.3974,508.6587,534.1857,559.7805,587.5905,619.6262,652.8574,683.4377,717.7626,749.6777,783.9801,815.8399,842.0249,865.6731,889.0624,905.8399,920.0896,939.2466,946.2156,953.2860,918.4775,925.5536,932.9340,936.8936,940.9712,614.4492,609.0431,601.3056,583.8650,564.8235,545.0288,524.4670,506.6417,488.2634,476.5674,465.2098,461.8610,457.7651,450.8634,443.1143,445.5530,448.8216,447.6544,445.8523,441.0031,436.3716,429.3458,424.2985,412.5549,399.5734,384.8486,368.0977,361.9594,338.1399,317.3807
65,1.0000,SpendAwareDPRebalance (R65-aware),1.6600,28872.8369,479.2891,survival,1.0000,1.0000,1.0000,1.0000,1.0000,1.0000,1.0000,1.0000,1.0000,1.0000,1.0000,1.0000,1.0000,1.0000,1.0000,1.0000,1.0000,1.0000,1.0000,1.0000,1.0000,0.9995,0.9995,0.9990,0.9985,0.9975,0.9965,0.9955,0.9940,0.9935,0.9935,0.9915,0.9910,0.9900,0.9900,0.9890,0.9885,0.9885,0.9870,0.9860,0.9860,0.9855,0.9840,0.9820,0.9815,0.9810,0.9810,0.9805,0.9785,0.9775,0.9765,0.9760,0.9750,0.9735,0.9730
65,1.0000,SpendAwareDPRebalance (R65-aware),1.6600,28872.8369,479.2891,spend25p,479.5023,487.9505,495.5784,503.5605,510.6579,519.2066,527.4345,536.6636,543.0719,548.2114,551.3190,555.2501,556.8469,558.9016,562.1043,559.9855,554.8546,550.5026,544.9951,537.1956,507.3461,497.8834,493.9847,490.5906,482.2394,272.2285,260.4679,246.7578,231.3934,214.7615,202.5272,185.5570,173.3080,156.9287,144.8131,134.0143,127.1687,118.7251,109.7875,101.7351,95.7371,90.1121,83.5972,76.8854,70.8141,61.4214,53.5287,45.1564,35.2556,22.8369,11.2457,0.0000,-1.8035,-14.9936,-28.1212
65,1.0000,SpendAwareDPRebalance (R65-aware),1.6600,28872.8369,479.2891,spend50p,483.0213,498.3738,514.5027,531.2779,548.8259,567.1855,586.2111,605.7656,625.8430,644.2027,659.1001,674.0814,690.0135,702.8552,713.5242,714.4196,712.5228,707.3929,707.5077,707.4342,676.1366,673.1555,668.9030,667.9356,663.6364,408.9960,398.4620,384.9439,369.8820,353.1444,337.5803,321.3189,302.5212,287.0667,274.9615,266.1036,257.5637,250.3011,245.1755,242.0532,236.0369,233.4148,227.7171,218.8348,213.7807,205.5939,197.2029,188.6004,174.8909,161.1765,145.5236,131.3957,115.7892,99.4516,83.7435
65,1.0000,SpendAwareDPRebalance (R65-aware),1.6600,28872.8369,479.2891,spend75p,486.3974,508.6587,534.1857,559.7805,587.5905,619.6262,652.8574,683.4377,717.7626,749.6777,783.9801,815.8399,842.0249,865.6731,889.0624,905.8399,920.0896,939.2466,946.2156,953.2860,918.4775,925.4775,932.4615,935.3070,940.4150,613.6323,607.4567,599.1421,580.2082,562.5231,540.4672,520.0394,504.1612,485.7474,473.2012,464.1258,459.7931,455.7631,448.2996,439.1929,444.7322,448.0591,442.2088,442.9335,437.4239,432.6277,426.0195,420.9707,408.2549,394.9969,379.6970,364.0593,352.1363,327.8318,312.0170
65,1.0000,SpendAwareDPRebalance (R65-aware),1.8000,26627.1718,479.2891,survival,1.0000,1.0000,1.0000,1.0000,1.0000,1.0000,1.0000,1.0000,1.0000,1.0000,1.0000,1.0000,1.0000,1.0000,1.0000,1.0000,1.0000,1.0000,1.0000,1.0000,0.9995,0.9995,0.9995,0.9980,0.9960,0.9950,0.9935,0.9920,0.9915,0.9905,0.9900,0.9885,0.9875,0.9870,0.9865,0.9860,0.9840,0.9840,0.9825,0.9820,0.9805,0.9800,0.9795,0.9790,0.9770,0.9755,0.9750,0.9730,0.9700,0.9675,0.9655,0.9645,0.9630,0.9625,0.9585
65,1.0000,SpendAwareDPRebalance (R65-aware),1.8000,26627.1718,479.2891,spend25p,479.5023,487.9505,495.5784,503.5605,510.6579,519.2066,527.4345,536.6636,543.0719,548.2114,551.3190,555.2501,556.8469,558.9016,562.1043,559.9855,554.8546,550.5026,544.9951,537.1956,506.9791,497.8834,493.9847,489.6214,481.1960,271.2052,258.8805,245.2783,229.5824,213.7077,200.6186,184.0111,170.6364,155.8710,143.8770,133.1216,125.9936,117.6014,107.1220,99.5841,92.8064,87.6173,80.6091,75.8227,67.1714,59.3068,50.7307,41.8816,30.1761,17.8064,4.4401,0.0000,-1.8035,-14.9936,-28.1212
65,1.0000,SpendAwareDPRebalance (R65-aware),1.8000,26627.1718,479.2891,spend50p,483.0213,498.3738,514.5027,531.2779,548.8259,567.1855,586.2111,605.7656,625.8430,644.2027,659.1001,674.0814,690.0135,702.8552,713.5242,714.4196,712.5228,707.3929,707.5077,707.4342,675.8297,673.1555,668.9030,667.2994,661.1183,408.2128,397.2026,382.6958,368.9131,351.4996,335.8621,319.1664,299.7501,283.9041,273.6765,264.0431,255.7464,248.5675,243.3700,236.9476,233.3623,229.5731,224.3270,216.6700,211.6412,200.7433,194.9452,183.0788,170.9274,153.4695,138.3427,123.4993,109.3656,94.1804,76.0626
65,1.0000,SpendAwareDPRebalance (R65-aware),1.8000,26627.1718,479.2891,spend75p,486.3974,508.6587,534.1857,559.7805,587.5905,619.6262,652.8574,683.4377,717.7626,749.6777,783.9801,815.8399,842.0249,865.6731,889.0624,905.8399,920.0896,939.2466,946.2156,953.2860,917.4743,925.4775,932.4615,934.3774,933.4500,612.4900,603.2312,594.9813,578.8547,559.9006,536.3448,516.9967,501.0650,481.8739,471.6836,462.2762,454.9746,450.8832,442.9299,436.1618,438.7883,438.0236,439.1669,440.3768,431.2077,428.9927,420.5700,410.1599,395.9122,381.3366,369.5200,351.6694,328.0916,314.6549,291.7160
65,1.0000,SpendAwareDPRebalance (R65-aware),1.8900,25359.2112,479.2891,survival,1.0000,1.0000,1.0000,1.0000,1.0000,1.0000,1.0000,1.0000,1.0000,1.0000,1.0000,1.0000,1.0000,1.0000,1.0000,1.0000,1.0000,1.0000,1.0000,1.0000,0.9995,0.9990,0.9975,0.9970,0.9950,0.9925,0.9905,0.9895,0.9895,0.9865,0.9855,0.9840,0.9835,0.9835,0.9825,0.9820,0.9815,0.9810,0.9780,0.9775,0.9765,0.9755,0.9740,0.9730,0.9720,0.9700,0.9670,0.9650,0.9640,0.9605,0.9595,0.9575,0.9560,0.9545,0.9525
65,1.0000,SpendAwareDPRebalance (R65-aware),1.8900,25359.2112,479.2891,spend25p,479.5023,487.9505,495.5784,503.5605,510.6579,519.2066,527.4345,536.6636,543.0719,548.2114,551.3190,555.2501,556.8469,558.9016,562.1043,559.9855,554.8546,550.5026,544.9951,537.1956,506.9791,497.7706,493.0161,489.0851,480.5741,270.8187,257.0089,243.9048,228.5275,210.8121,197.6954,180.9457,167.4770,154.4665,141.7118,131.3068,124.2659,116.1015,105.2385,97.9888,90.3161,83.2284,78.0050,71.4399,64.7962,56.1631,47.1870,37.4524,27.5555,14.5731,1.0472,0.0000,-1.6183,-14.6748,-28.0800
65,1.0000,SpendAwareDPRebalance (R65-aware),1.8900,25359.2112,479.2891,spend50p,483.0213,498.3738,514.5027,531.2779,548.8259,567.1855,586.2111,605.7656,625.8430,644.2027,659.1001,674.0814,690.0135,702.8552,713.5242,714.4196,712.5228,707.3929,707.5077,707.4342,675.8297,672.7568,668.2977,667.0176,660.0474,407.2235,395.2241,380.8703,367.3330,348.5165,334.0686,315.4848,297.4950,282.9128,272.8475,262.6249,254.7098,247.5019,239.5786,235.0432,232.0194,228.3399,221.9153,215.1321,208.3985,199.0078,187.8430,177.9382,166.2856,149.8914,136.2609,120.7792,106.0176,90.3859,74.3013
65,1.0000,SpendAwareDPRebalance (R65-aware),1.8900,25359.2112,479.2891,spend75p,486.3974,508.6587,534.1857,559.7805,587.5905,619.6262,652.8574,683.4377,717.7626,749.6777,783.9801,815.8399,842.0249,865.6731,889.0624,905.8399,920.0896,939.2466,946.2156,953.2860,917.4743,925.2016,931.8588,931.7304,933.0897,606.9403,600.0542,591.6993,577.0245,557.1447,531.2612,513.1306,495.6782,477.1131,468.3393,459.3003,452.9064,447.8780,439.6800,434.0274,436.6734,434.1294,434.3846,434.2325,428.0302,421.8369,413.5568,401.9930,393.6684,376.4294,361.2678,344.6903,319.6690,305.4815,285.9778
65,1.0000,SpendAwareDPRebalance (R65-aware),2.0000,23964.4546,479.2891,survival,1.0000,1.0000,1.0000,1.0000,1.0000,1.0000,1.0000,1.0000,1.0000,1.0000,1.0000,1.0000,1.0000,1.0000,1.0000,1.0000,1.0000,0.9995,0.9995,0.9995,0.9985,0.9960,0.9950,0.9945,0.9910,0.9905,0.9890,0.9875,0.9850,0.9840,0.9840,0.9825,0.9820,0.9820,0.9810,0.9805,0.9790,0.9750,0.9735,0.9715,0.9715,0.9700,0.9680,0.9670,0.9645,0.9610,0.9595,0.9590,0.9570,0.9550,0.9540,0.9520,0.9480,0.9480,0.9435
65,1.0000,SpendAwareDPRebalance (R65-aware),2.0000,23964.4546,479.2891,spend25p,479.5023,487.9505,495.5784,503.5605,510.6579,519.2066,527.4345,536.6636,543.0719,548.2114,551.3190,555.2501,556.8469,558.9016,562.1043,559.9855,554.8546,550.3667,544.6692,536.7936,506.6122,495.7071,492.1099,487.3780,478.2091,270.1295,256.3802,242.8940,225.8352,209.3490,196.8771,180.0975,166.6060,153.3823,141.4764,130.4663,122.8340,112.2486,103.1226,94.8829,88.9006,80.9844,75.2064,67.1557,60.7530,51.7581,43.1856,33.1456,23.5554,10.5898,0.0000,0.0000,-1.5312,-14.2057,-28.0518
65,1.0000,SpendAwareDPRebalance (R65-aware),2.0000,23964.4546,479.2891,spend50p,483.0213,498.3738,514.5027,531.2779,548.8259,567.1855,586.2111,605.7656,625.8430,644.2027,659.1001,674.0814,690.0135,702.8552,713.5242,714.4196,712.5228,706.7933,707.1424,707.0806,675.3868,670.5249,667.0696,662.9858,655.0086,404.9664,394.0980,379.8073,365.0009,346.8329,332.7804,314.7693,297.0154,282.0978,272.4047,262.3685,253.2581,243.6759,235.6275,230.8065,230.1305,223.8591,218.0286,211.8196,204.1350,194.3880,182.3909,174.6303,161.3902,145.2008,133.6668,118.3207,100.7257,87.7139,67.3286
65,1.0000,SpendAwareDPRebalance (R65-aware),2.0000,23964.4546,479.2891,spend75p,486.3974,508.6587,534.1857,559.7805,587.5905,619.6262,652.8574,683.4377,717.7626,749.6777,783.9801,815.8399,842.0249,865.6731,889.0624,905.8399,920.0896,937.1402,945.8925,952.9257,916.0395,922.6766,927.0929,926.4036,928.2356,603.9710,597.0725,588.5470,572.7083,550.8928,528.2833,511.9988,494.0242,476.2447,467.0875,458.8733,448.9197,440.5769,435.3220,431.1597,431.9765,429.8603,428.3339,429.0424,423.5983,415.0444,407.5064,396.8940,382.6432,368.8767,355.3519,336.4308,312.0362,293.6475,274.9825
65,1.0000,SpendAwareDPRebalance (R65-aware),2.1300,22501.8353,479.2891,survival,1.0000,1.0000,1.0000,1.0000,1.0000,1.0000,1.0000,1.0000,1.0000,1.0000,1.0000,1.0000,1.0000,1.0000,1.0000,1.0000,0.9995,0.9995,0.9980,0.9970,0.9960,0.9945,0.9925,0.9920,0.9890,0.9875,0.9865,0.9820,0.9805,0.9785,0.9775,0.9775,0.9765,0.9760,0.9735,0.9725,0.9695,0.9680,0.9645,0.9640,0.9635,0.9615,0.9605,0.9570,0.9545,0.9505,0.9475,0.9465,0.9435,0.9395,0.9370,0.9325,0.9300,0.9280,0.9255
65,1.0000,SpendAwareDPRebalance (R65-aware),2.1300,22501.8353,479.2891,spend25p,479.5023,487.9505,495.5784,503.5605,510.6579,519.2066,527.4345,536.6636,543.0719,548.2114,551.3190,555.2501,556.8469,558.9016,562.1043,559.9855,554.7673,550.3667,543.7271,535.5810,505.4064,494.8778,489.2299,485.9552,477.3025,268.6197,255.0705,240.2444,223.1851,206.2216,192.5447,178.7146,163.0878,151.0893,137.9462,126.9349,117.4917,108.2816,98.0951,92.4219,84.8411,76.0590,71.1788,63.3176,54.6671,45.9729,37.5039,27.2166,15.4101,2.8827,0.0000,0.0000,-1.5312,-14.2057,-28.0053
65,1.0000,SpendAwareDPRebalance (R65-aware),2.1300,22501.8353,479.2891,spend50p,483.0213,498.3738,514.5027,531.2779,548.8259,567.1855,586.2111,605.7656,625.8430,644.2027,659.1001,674.0814,690.0135,702.8552,713.5242,714.4196,711.9516,706.7933,706.6424,705.0541,674.6639,669.1403,664.9627,660.0812,654.2390,402.9650,393.1627,376.6953,361.7064,344.5299,329.3114,312.4231,293.8390,279.1713,267.5105,257.2968,247.0468,238.4542,231.3796,226.9491,224.3459,220.3969,214.6698,206.5264,198.9763,188.1326,175.4262,165.2962,152.1361,137.7067,123.9376,109.1634,92.8969,75.6611,59.7182
65,1.0000,SpendAwareDPRebalance (R65-aware),2.1300,22501.8353,479.2891,spend75p,486.3974,508.6587,534.1857,559.7805,587.5905,619.6262,652.8574,683.4377,717.7626,749.6777,783.9801,815.8399,842.0249,865.6731,889.0624,905.8399,920.0032,937.1402,944.4914,951.2555,914.7239,921.5377,924.4168,920.2454,926.0790,601.1731,595.3106,583.9858,565.8662,543.8293,523.7903,505.9424,488.7537,473.1042,461.5847,450.4335,438.8862,434.9331,427.4309,429.2327,430.0810,422.3011,422.9858,415.6137,417.8951,405.3250,398.9208,389.5722,371.3537,357.1849,344.0672,320.6550,300.0971,280.8213,259.8421
65,1.0000,SpendAwareDPRebalance (R65-aware),2.2200,21589.5988,479.2891,survival,1.0000,1.0000,1.0000,1.0000,1.0000,1.0000,1.0000,1.0000,1.0000,1.0000,1.0000,1.0000,1.0000,1.0000,1.0000,0.9995,0.9995,0.9990,0.9965,0.9955,0.9945,0.9925,0.9925,0.9885,0.9860,0.9840,0.9825,0.9805,0.9770,0.9750,0.9735,0.9725,0.9710,0.9705,0.9670,0.9640,0.9635,0.9590,0.9580,0.9550,0.9530,0.9510,0.9470,0.9455,0.9440,0.9420,0.9380,0.9365,0.9330,0.9295,0.9265,0.9215,0.9200,0.9170,0.9125
65,1.0000,SpendAwareDPRebalance (R65-aware),2.2200,21589.5988,479.2891,spend25p,479.5023,487.9505,495.5784,503.5605,510.6579,519.2066,527.4345,536.6636,543.0719,548.2114,551.3190,555.2501,556.8469,558.9016,562.1043,559.5398,554.7673,550.0493,542.5427,534.5245,505.0516,493.8177,489.2299,481.9691,476.1220,266.3443,253.5048,239.3159,219.9607,204.7431,189.8220,174.1220,160.5264,148.3657,133.3905,123.6156,114.3144,103.6885,94.7947,87.2831,80.0026,71.8138,64.7455,57.5758,49.8953,42.0671,32.7482,22.5230,10.6162,0.0000,0.0000,0.0000,-1.5312,-14.2057,-28.0053
65,1.0000,SpendAwareDPRebalance (R65-aware),2.2200,21589.5988,479.2891,spend50p,483.0213,498.3738,514.5027,531.2779,548.8259,567.1855,586.2111,605.7656,625.8430,644.2027,659.1001,674.0814,690.0135,702.8552,713.5242,713.7663,711.9516,706.3732,706.1217,702.5692,674.3773,667.8627,664.9627,656.9755,650.4381,399.8550,389.9853,376.0682,359.8892,343.5324,326.1857,308.9298,290.6422,276.7077,264.6053,252.6188,241.6068,233.0219,229.1862,222.0953,217.8541,213.2864,206.0916,198.1489,188.5103,181.3381,170.3025,157.2776,145.3015,131.1390,116.4405,101.6476,87.4887,69.9610,53.0912
65,1.0000,SpendAwareDPRebalance (R65-aware),2.2200,21589.5988,479.2891,spend75p,486.3974,508.6587,534.1857,559.7805,587.5905,619.6262,652.8574,683.4377,717.7626,749.6777,783.9801,815.8399,842.0249,865.6731,889.0624,905.6352,920.0032,937.1402,944.0850,949.4886,913.6694,917.4115,924.4168,916.1970,922.0316,598.9906,589.4652,583.7306,563.4524,541.9841,523.0176,502.0465,485.1317,469.1550,457.2516,442.2342,434.2527,426.8097,424.4287,423.1804,415.6008,411.9139,408.5093,407.8103,406.7476,399.7562,390.6851,376.1280,363.4157,347.2524,326.0692,305.7244,290.0273,268.5052,248.5748
65,1.0000,SpendAwareDPRebalance (R65-aware),2.3800,20138.1972,479.2891,survival,1.0000,1.0000,1.0000,1.0000,1.0000,1.0000,1.0000,1.0000,1.0000,1.0000,1.0000,1.0000,1.0000,1.0000,0.9995,0.9985,0.9975,0.9965,0.9950,0.9925,0.9910,0.9880,0.9850,0.9805,0.9775,0.9730,0.9705,0.9690,0.9675,0.9670,0.9650,0.9605,0.9575,0.9540,0.9490,0.9450,0.9420,0.9405,0.9385,0.9330,0.9295,0.9265,0.9235,0.9225,0.9190,0.9150,0.9125,0.9080,0.9035,0.9000,0.8980,0.8950,0.8910,0.8880,0.8860
65,1.0000,SpendAwareDPRebalance (R65-aware),2.3800,20138.1972,479.2891,spend25p,479.5023,487.9505,495.5784,503.5605,510.6579,519.2066,527.4345,536.6636,543.0719,548.2114,551.3190,555.2501,556.8469,558.9016,561.7367,557.9494,553.9415,548.5975,541.9453,532.9290,502.1337,492.2834,485.7041,477.2164,467.2743,259.1179,246.5601,231.4555,216.3156,201.6278,183.6708,167.3679,154.4341,137.7451,124.5848,113.7087,102.2127,93.3038,85.4601,73.9659,65.8992,58.3927,51.1971,46.2291,36.2441,26.4110,17.6698,7.4561,0.0000,0.0000,0.0000,0.0000,-0.4693,-13.0319,-27.6457
65,1.0000,SpendAwareDPRebalance (R65-aware),2.3800,20138.1972,479.2891,spend50p,483.0213,498.3738,514.5027,531.2779,548.8259,567.1855,586.2111,605.7656,625.8430,644.2027,659.1001,674.0814,690.0135,702.8552,713.3887,712.8662,710.5897,704.7817,705.4008,701.6391,673.2872,665.7400,657.8903,653.0313,641.8166,391.2940,383.5206,369.1858,354.9002,339.3882,321.8537,300.4784,284.3347,269.1543,252.3300,239.9447,229.1892,222.6805,214.6196,211.2665,205.0530,197.3326,191.5296,183.8296,175.9874,166.2832,155.0423,141.0849,129.0215,114.5434,101.4798,87.5826,72.7131,56.8430,41.2285
65,1.0000,SpendAwareDPRebalance (R65-aware),2.3800,20138.1972,479.2891,spend75p,486.3974,508.6587,534.1857,559.7805,587.5905,619.6262,652.8574,683.4377,717.7626,749.6777,783.9801,815.8399,842.0249,865.6731,888.9201,905.2891,919.1925,936.0195,942.8376,944.7018,910.4131,913.2743,916.1102,905.1680,904.5870,584.7311,578.8985,566.4987,554.1845,538.6729,515.8189,491.4831,469.7529,455.7127,437.7950,425.0840,418.4952,412.7622,409.0577,398.0889,397.5484,394.3699,386.4098,389.6767,384.4979,379.2424,366.0899,348.9524,337.6983,318.2669,302.3256,286.2213,266.7565,246.0241,224.5923
65,1.0000,SpendAwareDPRebalance (R65-aware),2.5000,19171.5637,479.2891,survival,1.0000,1.0000,1.0000,1.0000,1.0000,1.0000,1.0000,1.0000,1.0000,1.0000,1.0000,1.0000,1.0000,0.9995,0.9985,0.9980,0.9965,0.9945,0.9915,0.9885,0.9850,0.9790,0.9755,0.9710,0.9645,0.9620,0.9585,0.9540,0.9505,0.9470,0.9420,0.9405,0.9365,0.9330,0.9280,0.9255,0.9215,0.9200,0.9175,0.9145,0.9105,0.9075,0.9055,0.9035,0.9005,0.8960,0.8915,0.8880,0.8845,0.8805,0.8795,0.8730,0.8700,0.8685,0.8650
65,1.0000,SpendAwareDPRebalance (R65-aware),2.5000,19171.5637,479.2891,spend25p,479.5023,487.9505,495.5784,503.5605,510.6579,519.2066,527.4345,536.6636,543.0719,548.2114,551.3190,555.2501,556.8469,558.1752,561.1853,557.4626,553.0402,547.8199,539.2912,530.2131,498.5863,487.5632,479.4958,468.0596,454.0280,251.2853,237.6615,224.9816,207.0694,190.8512,172.1696,158.5304,140.8592,127.6675,115.2192,101.2609,91.0778,83.9082,75.2506,65.6979,57.9574,49.2551,42.1066,34.9258,26.3987,17.1165,7.6124,0.0000,0.0000,0.0000,0.0000,0.0000,-0.0830,-12.5591,-27.3046
65,1.0000,SpendAwareDPRebalance (R65-aware),2.5000,19171.5637,479.2891,spend50p,483.0213,498.3738,514.5027,531.2779,548.8259,567.1855,586.2111,605.7656,625.8430,644.2027,659.1001,674.0814,690.0135,702.5159,713.0764,712.4821,710.2058,704.1014,703.4638,698.9780,669.8797,661.5491,652.4138,647.8809,633.7444,388.3412,377.2990,364.9663,348.1685,330.8826,310.1519,292.1707,275.2933,258.8234,243.3254,230.7576,221.5813,211.9775,205.9662,200.3438,191.9593,185.6675,179.4726,175.6848,165.6901,154.5538,142.5652,130.0088,119.7036,104.7518,92.4607,76.0830,59.9790,47.8427,33.6983
65,1.0000,SpendAwareDPRebalance (R65-aware),2.5000,19171.5637,479.2891,spend75p,486.3974,508.6587,534.1857,559.7805,587.5905,619.6262,652.8574,683.4377,717.7626,749.6777,783.9801,815.8399,842.0249,865.2833,888.4812,905.1812,918.0358,931.6565,937.1539,942.0164,906.0278,906.9694,906.0888,897.7735,893.9031,581.1855,571.8176,556.1726,540.9476,522.1217,497.5303,476.0883,460.5963,441.5659,427.6421,414.1385,407.2765,399.9052,394.6945,387.4350,383.4744,382.0927,378.2771,374.1811,368.5558,360.8154,346.6342,333.3200,319.0503,304.3389,291.3372,267.8828,251.5437,231.5532,210.6829
65,1.0000,SpendAwareDPRebalance (R65-aware),2.8000,17117.4676,479.2891,survival,1.0000,1.0000,1.0000,1.0000,1.0000,1.0000,1.0000,1.0000,1.0000,1.0000,0.9995,0.9990,0.9985,0.9960,0.9945,0.9885,0.9855,0.9835,0.9790,0.9715,0.9670,0.9610,0.9540,0.9460,0.9385,0.9345,0.9270,0.9205,0.9165,0.9120,0.9090,0.9040,0.9005,0.8990,0.8920,0.8890,0.8840,0.8795,0.8750,0.8665,0.8625,0.8585,0.8555,0.8510,0.8465,0.8410,0.8385,0.8340,0.8300,0.8275,0.8225,0.8175,0.8130,0.8080,0.8025
65,1.0000,SpendAwareDPRebalance (R65-aware),2.8000,17117.4676,479.2891,spend25p,479.5023,487.9505,495.5784,503.5605,510.6579,519.2066,527.4345,536.6636,543.0719,548.2114,551.0201,554.7290,556.5722,556.9509,558.9721,552.4484,547.3443,543.4161,530.3582,519.9159,487.2300,474.8150,463.0099,448.4026,436.7199,233.9950,219.8297,200.3872,185.6551,168.6551,151.2597,136.4195,123.4043,109.4218,95.1012,85.4332,73.2924,61.4796,51.9274,38.6816,30.1638,22.4211,16.3340,9.4963,0.0000,0.0000,0.0000,0.0000,0.0000,0.0000,0.0000,0.0000,0.0000,-11.0609,-25.9831
65,1.0000,SpendAwareDPRebalance (R65-aware),2.8000,17117.4676,479.2891,spend50p,483.0213,498.3738,514.5027,531.2779,548.8259,567.1855,586.2111,605.7656,625.8430,644.2027,658.9384,673.8060,689.5179,699.9925,710.6194,709.2083,703.3859,699.5113,697.0984,687.7292,654.7085,647.7958,643.0709,630.0115,620.5670,378.3071,362.4776,347.3423,333.6591,314.5348,297.4074,277.1921,257.7591,242.6339,225.3578,212.6137,201.6759,194.2653,187.1752,177.2125,168.5493,161.0627,154.5092,142.8193,133.6358,125.3854,116.1311,104.2663,90.8581,78.0885,64.6379,49.6364,36.3289,17.5263,1.7671
65,1.0000,SpendAwareDPRebalance (R65-aware),2.8000,17117.4676,479.2891,spend75p,486.3974,508.6587,534.1857,559.7805,587.5905,619.6262,652.8574,683.4377,717.7626,749.6777,783.6597,815.4513,841.3551,864.2427,885.8448,902.5386,912.5648,925.1639,931.1821,925.1496,891.7673,888.0230,879.0195,878.5555,874.7068,567.4666,553.5191,536.9143,517.9300,495.7242,474.2012,454.3225,435.7935,418.8677,403.2346,393.7838,379.5159,370.5437,365.8408,357.4971,347.7765,343.2207,336.8976,334.2768,322.3631,315.1131,305.5803,290.3154,275.5644,262.6427,245.8744,226.4385,211.9167,188.5063,164.1457
65,1.0000,SpendAwareDPRebalance (R65-aware),3.0000,15976.3031,479.2891,survival,1.0000,1.0000,1.0000,1.0000,1.0000,1.0000,1.0000,1.0000,1.0000,1.0000,0.9990,0.9975,0.9965,0.9915,0.9860,0.9830,0.9775,0.9745,0.9630,0.9545,0.9470,0.9415,0.9340,0.9230,0.9125,0.9070,0.8990,0.8920,0.8885,0.8850,0.8815,0.8750,0.8690,0.8670,0.8600,0.8565,0.8505,0.8460,0.8410,0.8355,0.8310,0.8250,0.8205,0.8165,0.8110,0.8080,0.8030,0.8010,0.7960,0.7880,0.7830,0.7755,0.7725,0.7700,0.7675
65,1.0000,SpendAwareDPRebalance (R65-aware),3.0000,15976.3031,479.2891,spend25p,479.5023,487.9505,495.5784,503.5605,510.6579,519.2066,527.4345,536.6636,543.0719,548.2114,550.8239,554.2083,555.1174,554.7309,555.3752,551.0919,542.6571,535.1483,520.9090,508.7203,472.9900,461.9723,447.9021,428.4132,413.7121,218.1597,201.8205,183.3078,167.1396,152.1398,138.9863,119.4309,103.7097,91.3854,77.9646,64.9640,50.9421,40.6918,31.9611,22.4036,15.2557,4.4081,0.0000,0.0000,0.0000,0.0000,0.0000,0.0000,0.0000,0.0000,0.0000,0.0000,0.0000,-7.9510,-23.8769
65,1.0000,SpendAwareDPRebalance (R65-aware),3.0000,15976.3031,479.2891,spend50p,483.0213,498.3738,514.5027,531.2779,548.8259,567.1855,586.2111,605.7656,625.8430,644.2027,658.7917,673.0029,688.4563,697.4248,704.0989,706.0562,698.1297,693.6553,686.0135,676.5363,640.9993,636.6745,627.5148,614.6057,602.5044,363.1592,347.4721,330.8691,316.4717,299.5912,283.8190,264.7344,244.5267,228.1445,211.3824,198.2202,187.6671,178.7621,170.6409,161.7033,154.6064,143.2556,135.7000,128.3467,119.4394,110.3947,100.0376,89.6263,76.0063,58.6970,47.4338,31.0139,17.1330,2.0030,0.0000
65,1.0000,SpendAwareDPRebalance (R65-aware),3.0000,15976.3031,479.2891,spend75p,486.3974,508.6587,534.1857,559.7805,587.5905,619.6262,652.8574,683.4377,717.7626,749.6777,783.3966,815.3918,840.7731,862.5724,878.3542,897.9218,907.3921,915.0060,916.3194,915.2156,879.4407,873.3872,863.9189,861.8380,856.0231,548.2673,535.3106,516.0152,497.8139,476.7109,455.5691,434.6567,416.9961,402.9032,385.0464,372.8763,361.1424,351.5586,346.0148,340.5201,326.1888,317.7323,314.7395,309.1919,301.8987,293.8853,282.0662,271.1587,252.8693,234.5907,217.8247,200.1471,180.6866,162.5134,141.1596
65,1.0000,SpendAwareDPRebalance (R65-aware),3.3300,14393.0658,479.2891,survival,1.0000,1.0000,1.0000,1.0000,1.0000,1.0000,1.0000,1.0000,1.0000,0.9990,0.9965,0.9955,0.9900,0.9835,0.9760,0.9655,0.9595,0.9475,0.9355,0.9210,0.9135,0.9030,0.8855,0.8715,0.8625,0.8535,0.8440,0.8365,0.8300,0.8240,0.8150,0.8090,0.8040,0.8005,0.7950,0.7870,0.7845,0.7805,0.7750,0.7705,0.7660,0.7640,0.7595,0.7535,0.7515,0.7465,0.7435,0.7390,0.7320,0.7275,0.7240,0.7175,0.7150,0.7120,0.7095
65,1.0000,SpendAwareDPRebalance (R65-aware),3.3300,14393.0658,479.2891,spend25p,479.5023,487.9505,495.5784,503.5605,510.6579,519.2066,527.4345,536.6636,543.0719,547.0482,549.7702,552.6595,550.9164,551.1269,550.0665,540.2306,531.8435,516.4321,500.4268,479.1544,448.2380,428.3324,405.7382,385.9377,366.9086,180.7358,161.9280,144.5192,128.8188,111.7329,92.7636,76.3968,59.2604,46.2673,33.9392,19.0427,6.5644,0.0000,0.0000,0.0000,0.0000,0.0000,0.0000,0.0000,0.0000,0.0000,0.0000,0.0000,0.0000,0.0000,0.0000,0.0000,0.0000,-4.4306,-20.0870
65,1.0000,SpendAwareDPRebalance (R65-aware),3.3300,14393.0658,479.2891,spend50p,483.0213,498.3738,514.5027,531.2779,548.8259,567.1855,586.2111,605.7656,625.8430,644.1331,657.6316,672.4451,685.8526,692.8140,697.4371,693.0065,690.8726,681.6097,670.3926,657.6467,620.1794,610.8262,592.9077,580.5539,572.4945,334.9258,319.3011,301.9870,284.7891,268.4536,247.6419,227.6656,208.2969,192.5691,179.9696,165.6374,155.9931,145.8876,134.4703,128.7705,121.8597,113.6881,105.4673,94.2635,85.6135,74.6992,64.9982,54.6832,42.3956,29.5108,16.4564,0.3588,0.0000,0.0000,0.0000
65,1.0000,SpendAwareDPRebalance (R65-aware),3.3300,14393.0658,479.2891,spend75p,486.3974,508.6587,534.1857,559.7805,587.5905,619.6262,652.8574,683.4377,717.7626,748.3082,782.9057,815.2778,837.2146,857.5041,874.0806,880.7957,892.3436,896.0615,889.3830,886.7762,845.1056,836.2374,824.3697,817.7301,812.7243,517.5962,497.7677,475.4376,454.9722,438.8711,419.6038,402.1400,379.9784,363.5762,352.6057,334.0104,322.3947,311.9628,302.0668,297.1217,290.8984,289.1060,285.2216,276.9651,271.9567,258.1493,249.8769,233.4290,220.5857,203.9118,186.8384,165.4450,145.7531,127.3556,107.0407
65,1.0000,SpendAwareDPRebalance (R65-aware),3.6600,13095.3304,479.2891,survival,1.0000,1.0000,1.0000,1.0000,1.0000,1.0000,1.0000,1.0000,0.9995,0.9975,0.9960,0.9910,0.9825,0.9665,0.9560,0.9465,0.9295,0.9120,0.8930,0.8725,0.8535,0.8405,0.8210,0.8035,0.7920,0.7815,0.7740,0.7650,0.7575,0.7490,0.7415,0.7370,0.7320,0.7285,0.7210,0.7170,0.7125,0.7080,0.7040,0.6990,0.6940,0.6895,0.6860,0.6835,0.6805,0.6755,0.6730,0.6675,0.6615,0.6570,0.6530,0.6455,0.6405,0.6380,0.6340
65,1.0000,SpendAwareDPRebalance (R65-aware),3.6600,13095.3304,479.2891,spend25p,479.5023,487.9505,495.5784,503.5605,510.6579,519.2066,527.4345,536.6636,542.9956,546.3795,549.6513,551.3912,547.9937,543.6611,536.4242,529.0194,513.1751,490.1477,464.0862,439.1835,394.0893,366.0492,335.5391,305.1854,280.7216,114.4272,88.0869,66.7172,39.9824,0.0000,0.0000,0.0000,0.0000,0.0000,0.0000,0.0000,0.0000,0.0000,0.0000,0.0000,0.0000,0.0000,0.0000,0.0000,0.0000,0.0000,0.0000,0.0000,0.0000,0.0000,0.0000,0.0000,0.0000,0.0000,-10.4654
65,1.0000,SpendAwareDPRebalance (R65-aware),3.6600,13095.3304,479.2891,spend50p,483.0213,498.3738,514.5027,531.2779,548.8259,567.1855,586.2111,605.7656,625.5604,643.1968,657.6316,671.1706,681.7254,685.5203,686.2340,685.5095,676.7410,665.8525,646.7668,629.5288,589.1242,569.7888,556.1831,540.5616,526.4844,300.2731,286.8797,267.6909,249.7851,228.5379,209.0218,192.2374,177.4811,161.6506,144.7921,133.5308,125.7630,114.6970,103.9881,94.3094,84.9443,75.3531,68.3516,61.2573,51.1894,42.2668,33.7816,21.7783,7.3113,0.0000,0.0000,0.0000,0.0000,0.0000,0.0000
65,1.0000,SpendAwareDPRebalance (R65-aware),3.6600,13095.3304,479.2891,spend75p,486.3974,508.6587,534.1857,559.7805,587.5905,619.6262,652.8574,683.4377,717.4928,747.8862,782.9057,812.7814,835.1007,849.9208,865.1097,874.4131,876.0916,875.1319,862.7286,848.6713,801.2812,798.1353,789.1862,778.3957,768.6864,479.8163,464.5659,442.7040,428.3712,407.1420,384.5593,362.0193,344.4421,329.0619,310.7794,295.3509,287.8687,280.4250,274.0886,267.9185,261.4482,253.9740,247.8864,241.2207,231.5320,222.0478,213.3278,199.2444,182.6302,167.7227,149.6983,129.5601,112.1026,96.2205,76.5659
65,1.0000,SpendAwareDPRebalance (R65-aware),4.0000,11982.2273,479.2891,survival,1.0000,1.0000,1.0000,1.0000,1.0000,1.0000,1.0000,1.0000,0.9990,0.9965,0.9925,0.9830,0.9630,0.9470,0.9310,0.9075,0.8830,0.8575,0.8330,0.8075,0.7910,0.7720,0.7490,0.7340,0.7195,0.7100,0.6995,0.6860,0.6770,0.6720,0.6660,0.6585,0.6525,0.6485,0.6450,0.6390,0.6360,0.6290,0.6245,0.6205,0.6185,0.6160,0.6120,0.6080,0.6055,0.6030,0.6005,0.5960,0.5890,0.5860,0.5825,0.5780,0.5770,0.5745,0.5715
65,1.0000,SpendAwareDPRebalance (R65-aware),4.0000,11982.2273,479.2891,spend25p,479.5023,487.9505,495.5784,503.5605,510.6579,519.2066,527.4345,536.6636,542.6888,546.0051,548.5645,547.8492,539.1954,533.0223,523.6538,503.8059,473.5529,440.2728,405.2858,359.8089,313.1568,269.4307,0.0000,0.0000,0.0000,0.0000,0.0000,0.0000,0.0000,0.0000,0.0000,0.0000,0.0000,0.0000,0.0000,0.0000,0.0000,0.0000,0.0000,0.0000,0.0000,0.0000,0.0000,0.0000,0.0000,0.0000,0.0000,0.0000,0.0000,0.0000,0.0000,0.0000,0.0000,0.0000,0.0000
65,1.0000,SpendAwareDPRebalance (R65-aware),4.0000,11982.2273,479.2891,spend50p,483.0213,498.3738,514.5027,531.2779,548.8259,567.1855,586.2111,605.7656,625.4296,642.7905,656.4139,668.4505,672.7353,676.8418,674.1759,663.1667,650.5808,633.6901,613.9202,590.0444,551.4373,535.1934,510.3172,496.5676,480.3558,264.6855,247.8477,226.7543,203.3199,185.4648,168.3662,147.9867,133.3805,121.5221,107.5122,93.2373,85.4248,72.3018,61.1499,50.7689,42.8562,35.3497,28.9633,19.5166,10.8238,1.9474,0.0000,0.0000,0.0000,0.0000,0.0000,0.0000,0.0000,0.0000,0.0000
65,1.0000,SpendAwareDPRebalance (R65-aware),4.0000,11982.2273,479.2891,spend75p,486.3974,508.6587,534.1857,559.7805,587.5905,619.6262,652.8574,683.4377,717.3012,747.8862,781.1865,809.9915,824.8865,839.8445,852.4711,859.4950,853.3679,846.5203,831.3766,813.9878,774.7693,763.6741,747.3774,736.8921,717.3653,441.5825,423.4581,407.6359,386.6649,366.4226,348.2703,328.7277,308.5623,293.4887,278.5118,263.7602,255.6984,243.8543,233.3207,225.9568,223.4626,219.7387,214.9749,209.5164,201.7930,190.2586,180.5193,169.3966,151.0038,137.5319,123.5385,108.2450,95.3396,76.5100,58.5897
65,1.0000,SpendAwareDPRebalance (R65-aware),4.3300,11069.0322,479.2891,survival,1.0000,1.0000,1.0000,1.0000,1.0000,1.0000,1.0000,0.9995,0.9980,0.9940,0.9870,0.9690,0.9465,0.9270,0.8960,0.8670,0.8380,0.8035,0.7735,0.7455,0.7185,0.6985,0.6810,0.6635,0.6465,0.6340,0.6260,0.6165,0.6105,0.6060,0.6005,0.5945,0.5880,0.5845,0.5815,0.5775,0.5705,0.5655,0.5630,0.5595,0.5560,0.5520,0.5485,0.5455,0.5430,0.5405,0.5360,0.5325,0.5275,0.5240,0.5210,0.5190,0.5160,0.5125,0.5110
65,1.0000,SpendAwareDPRebalance (R65-aware),4.3300,11069.0322,479.2891,spend25p,479.5023,487.9505,495.5784,503.5605,510.6579,519.2066,527.4345,536.3811,542.3611,544.7040,547.0975,540.0490,531.8862,521.0875,496.0218,466.8689,433.5759,380.2841,317.8235,0.0000,0.0000,0.0000,0.0000,0.0000,0.0000,0.0000,0.0000,0.0000,0.0000,0.0000,0.0000,0.0000,0.0000,0.0000,0.0000,0.0000,0.0000,0.0000,0.0000,0.0000,0.0000,0.0000,0.0000,0.0000,0.0000,0.0000,0.0000,0.0000,0.0000,0.0000,0.0000,0.0000,0.0000,0.0000,0.0000
65,1.0000,SpendAwareDPRebalance (R65-aware),4.3300,11069.0322,479.2891,spend50p,483.0213,498.3738,514.5027,531.2779,548.8259,567.1855,586.2111,605.6793,625.2603,642.0606,654.8725,663.9358,665.5587,667.4658,656.7684,645.0203,629.2027,604.0099,580.8258,550.6644,506.7474,486.0357,465.4442,443.8906,421.2147,218.1409,199.6873,179.2069,163.7818,149.0982,131.1741,110.9105,92.8493,80.1538,66.9743,54.7604,41.8999,29.5652,21.8735,11.9037,5.3687,0.0000,0.0000,0.0000,0.0000,0.0000,0.0000,0.0000,0.0000,0.0000,0.0000,0.0000,0.0000,0.0000,0.0000
65,1.0000,SpendAwareDPRebalance (R65-aware),4.3300,11069.0322,479.2891,spend75p,486.3974,508.6587,534.1857,559.7805,587.5905,619.6262,652.8574,683.3045,717.2299,746.9127,780.0058,803.7766,816.1737,832.6747,835.9540,841.9644,835.7680,820.1223,798.9545,782.3419,733.7690,720.7856,706.9213,690.5629,677.2084,408.6254,389.9588,369.8059,353.9869,336.2946,317.7689,295.6676,277.3650,259.7152,247.7493,233.7061,222.3773,211.5654,204.3090,198.7425,191.0113,183.6915,178.1243,170.5855,163.4117,156.1956,146.1151,132.6367,118.9909,103.1425,88.9898,73.5676,56.8392,42.8067,29.3983
65,1.0000,SpendAwareDPRebalance (R65-aware),4.6600,10285.1737,479.2891,survival,1.0000,1.0000,1.0000,1.0000,1.0000,1.0000,1.0000,0.9995,0.9970,0.9900,0.9780,0.9510,0.9265,0.8965,0.8630,0.8265,0.7830,0.7470,0.7160,0.6845,0.6590,0.6385,0.6180,0.6035,0.5900,0.5810,0.5725,0.5615,0.5555,0.5475,0.5410,0.5360,0.5315,0.5265,0.5240,0.5175,0.5145,0.5115,0.5055,0.5010,0.4980,0.4940,0.4895,0.4865,0.4830,0.4815,0.4785,0.4760,0.4715,0.4665,0.4645,0.4625,0.4600,0.4575,0.4555
65,1.0000,SpendAwareDPRebalance (R65-aware),4.6600,10285.1737,479.2891,spend25p,479.5023,487.9505,495.5784,503.5605,510.6579,519.2066,527.4345,536.3811,542.2948,544.2305,541.9482,532.5107,522.2269,501.7067,473.6487,431.1910,359.1513,0.0000,0.0000,0.0000,0.0000,0.0000,0.0000,0.0000,0.0000,0.0000,0.0000,0.0000,0.0000,0.0000,0.0000,0.0000,0.0000,0.0000,0.0000,0.0000,0.0000,0.0000,0.0000,0.0000,0.0000,0.0000,0.0000,0.0000,0.0000,0.0000,0.0000,0.0000,0.0000,0.0000,0.0000,0.0000,0.0000,0.0000,0.0000
65,1.0000,SpendAwareDPRebalance (R65-aware),4.6600,10285.1737,479.2891,spend50p,483.0213,498.3738,514.5027,531.2779,548.8259,567.1855,586.2111,605.6793,625.0888,640.2645,652.9696,656.2870,658.4793,654.1373,641.5113,624.8075,596.2136,566.1508,542.4174,513.6438,464.4169,437.3723,408.8340,387.7975,360.7461,176.0206,157.3590,133.9130,116.1603,96.9418,74.9095,58.1337,42.8646,26.6817,15.5404,1.0284,0.0000,0.0000,0.0000,0.0000,0.0000,0.0000,0.0000,0.0000,0.0000,0.0000,0.0000,0.0000,0.0000,0.0000,0.0000,0.0000,0.0000,0.0000,0.0000
65,1.0000,SpendAwareDPRebalance (R65-aware),4.6600,10285.1737,479.2891,spend75p,486.3974,508.6587,534.1857,559.7805,587.5905,619.6262,652.8574,683.3045,717.1928,745.8670,776.3402,795.5077,809.7247,823.2273,826.6322,823.6207,807.3605,786.7001,759.7054,738.6822,691.6063,677.2584,664.0481,651.7035,633.4259,382.5497,364.4908,347.0245,334.1607,312.9801,293.8134,274.4103,252.5159,233.8662,221.3219,205.0659,195.3346,187.8159,178.1783,171.4943,163.9838,154.2856,144.5291,136.3931,129.2043,122.0211,112.0904,101.9378,88.3415,71.1111,58.0974,48.0941,33.5963,16.3828,0.4599
65,1.0000,SpendAwareDPRebalance (R65-aware),5.0000,9585.7818,479.2891,survival,1.0000,1.0000,1.0000,1.0000,1.0000,1.0000,1.0000,0.9985,0.9935,0.9850,0.9610,0.9335,0.9010,0.8635,0.8205,0.7740,0.7320,0.6910,0.6595,0.6290,0.6065,0.5805,0.5600,0.5425,0.5285,0.5140,0.5070,0.4975,0.4930,0.4870,0.4810,0.4770,0.4735,0.4660,0.4610,0.4585,0.4535,0.4505,0.4460,0.4445,0.4425,0.4395,0.4360,0.4330,0.4305,0.4290,0.4260,0.4240,0.4200,0.4180,0.4160,0.4105,0.4080,0.4070,0.4050
65,1.0000,SpendAwareDPRebalance (R65-aware),5.0000,9585.7818,479.2891,spend25p,479.5023,487.9505,495.5784,503.5605,510.6579,519.2066,527.4345,536.2407,541.5990,543.2030,535.8484,525.1721,507.7326,479.5605,435.9483,354.9847,0.0000,0.0000,0.0000,0.0000,0.0000,0.0000,0.0000,0.0000,0.0000,0.0000,0.0000,0.0000,0.0000,0.0000,0.0000,0.0000,0.0000,0.0000,0.0000,0.0000,0.0000,0.0000,0.0000,0.0000,0.0000,0.0000,0.0000,0.0000,0.0000,0.0000,0.0000,0.0000,0.0000,0.0000,0.0000,0.0000,0.0000,0.0000,0.0000
65,1.0000,SpendAwareDPRebalance (R65-aware),5.0000,9585.7818,479.2891,spend50p,483.0213,498.3738,514.5027,531.2779,548.8259,567.1855,586.2111,605.6270,623.4554,638.4731,648.0264,650.8073,649.7538,639.2181,617.5731,590.6836,563.1516,533.5814,501.5215,466.0632,413.7799,371.3637,328.7138,297.7976,267.4545,81.7461,56.9829,0.0000,0.0000,0.0000,0.0000,0.0000,0.0000,0.0000,0.0000,0.0000,0.0000,0.0000,0.0000,0.0000,0.0000,0.0000,0.0000,0.0000,0.0000,0.0000,0.0000,0.0000,0.0000,0.0000,0.0000,0.0000,0.0000,0.0000,0.0000
65,1.0000,SpendAwareDPRebalance (R65-aware),5.0000,9585.7818,479.2891,spend75p,486.3974,508.6587,534.1857,559.7805,587.5905,619.6262,652.8574,682.9290,716.4345,743.1115,771.0094,790.6421,804.8719,811.7839,810.6438,797.6346,776.3824,744.7402,726.9106,708.2660,662.1351,644.7784,626.7790,610.5731,592.5640,348.3723,334.2105,316.8575,299.9612,281.4838,264.9495,244.8494,227.6438,205.3196,188.4857,177.0719,164.9063,155.8047,143.3266,139.5096,132.0983,125.1841,115.8871,109.9034,99.1672,86.0855,73.8363,65.1468,55.7559,45.1965,32.8800,16.2837,0.1591,0.0000,0.0000
65,1.5000,SpendAwareDPRebalance (R65-aware),1.5000,47212.2426,708.1836,survival,1.0000,1.0000,1.0000,1.0000,1.0000,1.0000,1.0000,1.0000,1.0000,1.0000,1.0000,1.0000,1.0000,1.0000,1.0000,1.0000,1.0000,1.0000,1.0000,1.0000,1.0000,1.0000,1.0000,0.9995,0.9985,0.9985,0.9980,0.9970,0.9965,0.9950,0.9935,0.9930,0.9925,0.9920,0.9920,0.9910,0.9900,0.9900,0.9895,0.9885,0.9885,0.9875,0.9865,0.9860,0.9855,0.9845,0.9840,0.9825,0.9805,0.9805,0.9785,0.9765,0.9745,0.9735,0.9725
65,1.5000,SpendAwareDPRebalance (R65-aware),1.5000,47212.2426,708.1836,spend25p,708.4987,721.2149,732.7160,744.7375,755.4477,768.3019,780.6773,794.5253,804.1812,811.9363,816.6540,822.5586,824.9672,828.0104,832.7042,829.4592,821.7044,815.0662,806.6911,794.9113,761.0191,746.9338,741.0683,736.9184,723.3591,512.9998,496.3415,476.4799,457.7948,436.5036,415.4363,395.7898,380.6613,363.0466,347.1115,332.9112,327.2342,318.4557,309.9962,298.8079,290.1920,289.1268,281.3099,279.4838,272.7193,266.5522,256.3377,249.4630,240.2480,225.5310,212.0312,196.3328,182.6150,170.9609,155.2168
65,1.5000,SpendAwareDPRebalance (R65-aware),1.5000,47212.2426,708.1836,spend50p,713.6982,736.6212,760.6956,785.7300,811.9119,839.2992,867.6750,896.8302,926.7489,954.1056,976.3073,998.5977,1022.2532,1041.2771,1057.0184,1058.2093,1055.2010,1047.3557,1047.2392,1046.8206,1014.2050,1011.6428,1003.5852,1002.7421,995.4546,740.1865,728.3136,715.7943,695.7988,671.0636,652.5005,633.2751,611.3619,593.1678,580.7182,569.4470,565.0817,564.8407,562.6934,561.5517,560.8154,562.6484,560.6710,559.8636,551.3343,549.8050,547.8742,540.8148,528.8427,518.3746,505.9337,488.3511,464.8450,448.8070,434.9829
65,1.5000,SpendAwareDPRebalance (R65-aware),1.5000,47212.2426,708.1836,spend75p,718.6866,751.8226,789.7971,827.8837,869.2588,916.8990,966.3209,1011.8228,1062.8635,1110.3208,1161.2886,1208.6016,1247.4578,1282.4912,1317.0616,1341.7440,1362.5943,1390.6349,1400.5700,1410.6181,1377.7162,1388.3304,1399.4011,1404.3505,1410.6226,1084.1018,1082.4041,1079.7804,1056.4954,1032.0448,1007.6995,983.5738,965.4472,942.9782,934.9625,925.3441,936.2777,936.0393,935.0394,935.5716,950.7017,964.4509,965.2404,983.0758,991.5357,993.7632,983.2486,981.5420,977.4593,965.4414,960.0682,953.7134,948.5429,932.0625,909.9675
65,1.5000,SpendAwareDPRebalance (R65-aware),1.6600,42661.6650,708.1836,survival,1.0000,1.0000,1.0000,1.0000,1.0000,1.0000,1.0000,1.0000,1.0000,1.0000,1.0000,1.0000,1.0000,1.0000,1.0000,1.0000,1.0000,1.0000,1.0000,1.0000,1.0000,1.0000,1.0000,0.9995,0.9975,0.9970,0.9960,0.9950,0.9915,0.9905,0.9885,0.9875,0.9870,0.9860,0.9860,0.9855,0.9850,0.9835,0.9830,0.9825,0.9820,0.9810,0.9795,0.9785,0.9770,0.9760,0.9740,0.9715,0.9700,0.9685,0.9680,0.9655,0.9645,0.9620,0.9605
65,1.5000,SpendAwareDPRebalance (R65-aware),1.6600,42661.6650,708.1836,spend25p,708.4987,721.2149,732.7160,744.7375,755.4477,768.3019,780.6773,794.5253,804.1812,811.9363,816.6540,822.5586,824.9672,828.0104,832.7042,829.4592,821.7044,815.0662,806.6911,794.9113,761.0191,746.9338,741.0683,736.9184,722.8099,511.7715,494.4333,475.5268,453.9907,431.3613,412.0704,392.2287,375.7429,355.7628,341.7056,328.9412,323.6729,312.1800,301.2616,292.7741,284.6285,278.8699,274.7263,269.5794,262.0013,256.2044,248.9239,240.5476,227.0376,213.5140,203.5335,186.5731,173.8578,159.5061,145.5083
65,1.5000,SpendAwareDPRebalance (R65-aware),1.6600,42661.6650,708.1836,spend50p,713.6982,736.6212,760.6956,785.7300,811.9119,839.2992,867.6750,896.8302,926.7489,954.1056,976.3073,998.5977,1022.2532,1041.2771,1057.0184,1058.2093,1055.2010,1047.3557,1047.2392,1046.8206,1014.2050,1011.6428,1003.5852,1002.7421,993.1637,739.1908,727.0106,711.3685,691.3406,664.8912,647.3390,626.0117,604.6635,588.7997,575.5260,565.0803,557.4187,556.8305,555.0665,558.7578,554.0164,557.9514,552.9563,550.2549,544.5621,537.3323,530.8439,520.2273,514.7004,501.1727,489.1344,473.7050,455.9461,436.7951,418.6729
65,1.5000,SpendAwareDPRebalance (R65-aware),1.6600,42661.6650,708.1836,spend75p,718.6866,751.8226,789.7971,827.8837,869.2588,916.8990,966.3209,1011.8228,1062.8635,1110.3208,1161.2886,1208.6016,1247.4578,1282.4912,1317.0616,1341.7440,1362.5943,1390.6349,1400.5700,1410.6181,1377.7162,1388.3304,1399.4011,1404.3505,1409.5400,1079.0974,1078.7612,1075.2059,1051.5616,1024.8103,1002.1636,973.2277,960.2825,934.4563,927.4825,919.5825,923.2823,927.7198,929.3412,928.2742,943.7489,948.8682,953.5201,967.8915,971.8257,983.3769,968.9062,967.4093,961.8045,938.4163,936.3343,929.3036,922.4097,907.9999,886.8340
65,1.5000,SpendAwareDPRebalance (R65-aware),1.8000,39343.5355,708.1836,survival,1.0000,1.0000,1.0000,1.0000,1.0000,1.0000,1.0000,1.0000,1.0000,1.0000,1.0000,1.0000,1.0000,1.0000,1.0000,1.0000,1.0000,1.0000,1.0000,1.0000,0.9995,0.9990,0.9980,0.9965,0.9950,0.9940,0.9930,0.9910,0.9895,0.9885,0.9860,0.9855,0.9850,0.9845,0.9845,0.9840,0.9825,0.9810,0.9800,0.9775,0.9770,0.9740,0.9735,0.9725,0.9695,0.9690,0.9675,0.9655,0.9640,0.9630,0.9615,0.9580,0.9565,0.9535,0.9510
65,1.5000,SpendAwareDPRebalance (R65-aware),1.8000,39343.5355,708.1836,spend25p,708.4987,721.2149,732.7160,744.7375,755.4477,768.3019,780.6773,794.5253,804.1812,811.9363,816.6540,822.5586,824.9672,828.0104,832.7042,829.4592,821.7044,815.0662,806.6911,794.9113,760.4686,746.6559,739.7936,733.2055,720.8611,509.1591,491.5054,473.0944,452.4983,430.4949,410.7950,389.2783,372.5060,355.4007,339.2853,328.1704,320.4688,310.9883,299.4350,287.2424,276.8350,269.1221,270.4873,260.4409,254.3221,247.7230,244.6970,235.2132,222.1491,207.0066,196.6780,180.0853,164.4855,150.2460,138.9348
65,1.5000,SpendAwareDPRebalance (R65-aware),1.8000,39343.5355,708.1836,spend50p,713.6982,736.6212,760.6956,785.7300,811.9119,839.2992,867.6750,896.8302,926.7489,954.1056,976.3073,998.5977,1022.2532,1041.2771,1057.0184,1058.2093,1055.2010,1047.3557,1047.2392,1046.8206,1013.7445,1009.1352,1002.9224,1000.1746,990.0710,736.0910,723.8993,708.1463,688.4010,662.9869,641.8774,622.5464,602.6718,588.2973,574.5854,563.0811,555.8742,552.8971,552.3293,551.2458,550.1034,548.4229,545.1874,542.2680,537.2283,528.3205,521.8610,515.0263,506.8081,495.1692,477.4410,458.5987,446.4729,430.0199,404.4128
65,1.5000,SpendAwareDPRebalance (R65-aware),1.8000,39343.5355,708.1836,spend75p,718.6866,751.8226,789.7971,827.8837,869.2588,916.8990,966.3209,1011.8228,1062.8635,1110.3208,1161.2886,1208.6016,1247.4578,1282.4912,1317.0616,1341.7440,1362.5943,1390.6349,1400.5700,1410.6181,1376.2114,1387.8024,1397.7882,1396.1148,1399.6346,1073.6849,1075.7066,1064.9283,1044.9634,1020.6412,992.8254,971.4355,952.7775,931.6219,924.1105,917.2703,916.5360,920.7559,924.0280,922.2649,937.9222,934.9924,945.2390,954.2444,956.4051,962.6336,962.0607,955.4501,948.8319,931.0548,922.4165,915.6841,896.0939,878.9316,862.9638
65,1.5000,SpendAwareDPRebalance (R65-aware),1.8900,37470.0338,708.1836,survival,1.0000,1.0000,1.0000,1.0000,1.0000,1.0000,1.0000,1.0000,1.0000,1.0000,1.0000,1.0000,1.0000,1.0000,1.0000,1.0000,1.0000,0.9995,0.9995,0.9990,0.9985,0.9970,0.9955,0.9935,0.9925,0.9925,0.9910,0.9905,0.9885,0.9860,0.9840,0.9825,0.9820,0.9810,0.9800,0.9790,0.9780,0.9755,0.9740,0.9725,0.9720,0.9700,0.9685,0.9660,0.9640,0.9620,0.9595,0.9565,0.9525,0.9500,0.9470,0.9440,0.9430,0.9400,0.9375
65,1.5000,SpendAwareDPRebalance (R65-aware),1.8900,37470.0338,708.1836,spend25p,708.4987,721.2149,732.7160,744.7375,755.4477,768.3019,780.6773,794.5253,804.1812,811.9363,816.6540,822.5586,824.9672,828.0104,832.7042,829.4592,821.7044,814.8649,806.2088,793.9115,759.9183,744.2125,738.4130,730.1426,718.2443,507.7830,489.5880,471.9162,451.2219,428.6760,408.1656,386.1089,370.6554,351.1137,335.5494,322.3935,315.4964,306.4131,291.2541,283.3787,274.7215,266.3731,264.3791,253.5174,248.4739,242.2514,237.3516,225.6930,210.3864,196.8981,180.3078,166.2352,152.4929,139.3025,125.3665
65,1.5000,SpendAwareDPRebalance (R65-aware),1.8900,37470.0338,708.1836,spend50p,713.6982,736.6212,760.6956,785.7300,811.9119,839.2992,867.6750,896.8302,926.7489,954.1056,976.3073,998.5977,1022.2532,1041.2771,1057.0184,1058.2093,1055.2010,1046.4679,1046.6984,1046.0116,1013.0802,1006.1270,1000.7551,991.7821,984.1357,731.6752,721.3902,707.3257,687.0126,661.7896,640.2069,615.7816,600.4691,585.0612,569.6992,559.0114,550.9193,546.5326,543.9418,544.3665,546.8427,543.3022,539.0148,535.9717,533.5012,520.3464,511.2692,499.7869,490.5684,475.0195,455.0488,438.9610,430.9093,413.4418,392.3824
65,1.5000,SpendAwareDPRebalance (R65-aware),1.8900,37470.0338,708.1836,spend75p,718.6866,751.8226,789.7971,827.8837,869.2588,916.8990,966.3209,1011.8228,1062.8635,1110.3208,1161.2886,1208.6016,1247.4578,1282.4912,1317.0616,1341.7440,1362.5943,1387.5162,1400.0918,1408.8698,1374.9307,1385.5077,1394.4941,1388.4464,1395.7268,1073.1469,1071.8734,1064.9283,1044.3555,1017.0183,988.6158,965.7355,947.2404,925.5877,918.3675,908.9640,911.3337,912.0182,914.2779,916.0554,929.9093,933.1340,941.4299,943.9284,948.6506,953.2437,954.2480,938.7022,915.7681,906.1859,894.5033,881.5957,861.8137,846.8717,842.4216
65,1.5000,SpendAwareDPRebalance (R65-aware),2.0000,35409.1819,708.1836,survival,1.0000,1.0000,1.0000,1.0000,1.0000,1.0000,1.0000,1.0000,1.0000,1.0000,1.0000,1.0000,1.0000,1.0000,1.0000,1.0000,0.9995,0.9995,0.9990,0.9970,0.9960,0.9945,0.9935,0.9925,0.9920,0.9905,0.9870,0.9845,0.9815,0.9805,0.9780,0.9755,0.9740,0.9735,0.9730,0.9710,0.9690,0.9660,0.9645,0.9635,0.9610,0.9590,0.9580,0.9555,0.9510,0.9490,0.9450,0.9435,0.9410,0.9390,0.9360,0.9345,0.9315,0.9290,0.9245
65,1.5000,SpendAwareDPRebalance (R65-aware),2.0000,35409.1819,708.1836,spend25p,708.4987,721.2149,732.7160,744.7375,755.4477,768.3019,780.6773,794.5253,804.1812,811.9363,816.6540,822.5586,824.9672,828.0104,832.7042,829.4592,821.5751,814.8649,805.4703,792.5221,758.1096,742.3168,736.2536,729.5735,718.0235,506.4589,487.2341,467.6397,442.4118,419.7957,399.9793,379.4443,360.0389,344.3879,327.4420,317.8274,307.8865,298.2031,285.0373,275.5057,266.4235,259.8083,250.9510,245.8379,236.0400,229.4050,215.8081,205.2060,194.4032,184.6581,168.0837,155.7602,138.8857,126.4078,110.6704
65,1.5000,SpendAwareDPRebalance (R65-aware),2.0000,35409.1819,708.1836,spend50p,713.6982,736.6212,760.6956,785.7300,811.9119,839.2992,867.6750,896.8302,926.7489,954.1056,976.3073,998.5977,1022.2532,1041.2771,1057.0184,1058.2093,1054.3551,1046.4679,1046.5630,1043.2986,1011.9959,1003.7105,999.2118,990.9406,983.8016,729.7853,719.2731,699.7031,677.2116,656.5655,635.4049,612.6651,590.5436,572.3951,565.3114,552.4969,539.3816,534.8889,536.1036,534.9237,536.6026,532.6876,525.9017,521.9007,513.9265,505.2184,494.4776,490.5839,474.7467,459.9687,443.0398,433.6779,417.0245,398.0516,379.4165
65,1.5000,SpendAwareDPRebalance (R65-aware),2.0000,35409.1819,708.1836,spend75p,718.6866,751.8226,789.7971,827.8837,869.2588,916.8990,966.3209,1011.8228,1062.8635,1110.3208,1161.2886,1208.6016,1247.4578,1282.4912,1317.0616,1341.7440,1362.4663,1387.5162,1400.0918,1407.6133,1371.1147,1382.3065,1389.7431,1383.3023,1395.0576,1071.1692,1063.7319,1055.8960,1031.5673,1011.6525,980.8460,957.1529,933.7512,920.7730,912.2163,899.7293,893.8804,894.2353,903.2299,903.9861,910.1215,911.1484,923.9961,929.9397,929.4380,926.8665,921.2575,913.5765,897.7632,887.6183,875.1734,860.4925,839.0883,832.7412,806.5417
65,1.5000,SpendAwareDPRebalance (R65-aware),2.1300,33248.0581,708.1836,survival,1.0000,1.0000,1.0000,1.0000,1.0000,1.0000,1.0000,1.0000,1.0000,1.0000,1.0000,1.0000,1.0000,1.0000,1.0000,0.9995,0.9985,0.9975,0.9970,0.9955,0.9935,0.9920,0.9905,0.9880,0.9855,0.9850,0.9805,0.9775,0.9750,0.9720,0.9700,0.9690,0.9670,0.9625,0.9615,0.9580,0.9560,0.9525,0.9500,0.9480,0.9465,0.9440,0.9410,0.9380,0.9335,0.9315,0.9280,0.9250,0.9205,0.9185,0.9160,0.9125,0.9100,0.9070,0.9035
65,1.5000,SpendAwareDPRebalance (R65-aware),2.1300,33248.0581,708.1836,spend25p,708.4987,721.2149,732.7160,744.7375,755.4477,768.3019,780.6773,794.5253,804.1812,811.9363,816.6540,822.5586,824.9672,828.0104,832.7042,828.7990,821.2511,813.0357,803.4754,790.9588,754.6753,740.4605,733.0926,722.5588,713.4715,498.0632,481.1500,459.1991,435.1396,412.3761,392.5993,371.9316,353.4481,332.6138,318.7337,306.7954,293.9531,276.4264,270.3703,260.4455,252.4480,245.5517,234.3093,229.6344,219.1718,210.0858,199.0629,186.1538,172.3108,160.6352,149.5328,131.4886,117.6157,98.5004,85.3738
65,1.5000,SpendAwareDPRebalance (R65-aware),2.1300,33248.0581,708.1836,spend50p,713.6982,736.6212,760.6956,785.7300,811.9119,839.2992,867.6750,896.8302,926.7489,954.1056,976.3073,998.5977,1022.2532,1041.2771,1057.0184,1057.2416,1053.1003,1044.2499,1045.2781,1039.6217,1011.3508,1001.6040,994.5465,984.9337,974.6986,723.7714,712.7885,692.4462,671.3847,649.2323,627.6069,607.2966,583.8543,564.5818,555.1026,542.0275,527.7272,519.5885,516.5654,516.4616,521.2248,516.4633,512.4284,501.6980,491.7419,486.6608,476.5727,462.6437,443.6018,434.3668,419.2471,406.0594,389.9914,369.6827,356.8128
65,1.5000,SpendAwareDPRebalance (R65-aware),2.1300,33248.0581,708.1836,spend75p,718.6866,751.8226,789.7971,827.8837,869.2588,916.8990,966.3209,1011.8228,1062.8635,1110.3208,1161.2886,1208.6016,1247.4578,1282.4912,1317.0616,1341.4407,1361.7819,1386.2687,1398.0179,1406.2049,1370.2352,1376.1172,1384.0006,1374.2955,1383.0473,1062.3184,1054.0713,1037.4240,1026.2006,997.9597,968.4891,947.3715,920.9575,901.6346,888.9714,879.2977,874.8231,876.6443,875.3550,885.2373,887.9961,890.5721,899.3823,899.8168,894.1679,896.5661,890.2348,878.1797,862.1069,863.5891,835.9516,814.7656,806.4021,794.4316,769.6453
65,1.5000,SpendAwareDPRebalance (R65-aware),2.2200,31900.1639,708.1836,survival,1.0000,1.0000,1.0000,1.0000,1.0000,1.0000,1.0000,1.0000,1.0000,1.0000,1.0000,1.0000,1.0000,1.0000,0.9995,0.9985,0.9985,0.9975,0.9955,0.9940,0.9925,0.9900,0.9875,0.9830,0.9810,0.9795,0.9730,0.9705,0.9665,0.9620,0.9595,0.9560,0.9530,0.9520,0.9490,0.9460,0.9440,0.9415,0.9390,0.9365,0.9330,0.9305,0.9275,0.9235,0.9200,0.9180,0.9130,0.9085,0.9060,0.9020,0.8985,0.8955,0.8935,0.8915,0.8875
65,1.5000,SpendAwareDPRebalance (R65-aware),2.2200,31900.1639,708.1836,spend25p,708.4987,721.2149,732.7160,744.7375,755.4477,768.3019,780.6773,794.5253,804.1812,811.9363,816.6540,822.5586,824.9672,828.0104,832.1596,826.4432,821.2511,813.0357,802.6268,789.5356,753.9756,739.1542,731.8661,717.7338,704.7249,495.6334,475.3219,453.6039,426.8349,405.6238,381.8468,359.7125,340.1808,321.7868,307.4933,295.9252,279.3901,268.5515,259.6287,251.6883,241.7997,229.3172,225.0832,216.9195,207.2983,196.5246,182.5250,170.6167,159.9451,143.6338,127.3377,115.1088,99.3819,84.7960,69.1954
65,1.5000,SpendAwareDPRebalance (R65-aware),2.2200,31900.1639,708.1836,spend50p,713.6982,736.6212,760.6956,785.7300,811.9119,839.2992,867.6750,896.8302,926.7489,954.1056,976.3073,998.5977,1022.2532,1041.2771,1056.8178,1055.9083,1053.1003,1044.2499,1044.1917,1038.9734,1010.7233,1001.1387,992.2548,981.9717,969.3535,719.7157,704.3404,687.7637,666.8906,643.8807,622.7979,592.2609,572.7753,558.1147,542.1600,530.4263,517.4294,510.6798,508.2193,510.5444,508.1529,499.6150,495.5698,490.1418,475.4296,474.9541,459.2571,441.8612,430.4905,415.1553,405.6297,389.7719,370.6477,358.8279,338.1784
65,1.5000,SpendAwareDPRebalance (R65-aware),2.2200,31900.1639,708.1836,spend75p,718.6866,751.8226,789.7971,827.8837,869.2588,916.8990,966.3209,1011.8228,1062.8635,1110.3208,1161.2886,1208.6016,1247.4578,1282.4912,1316.8508,1340.9281,1361.7819,1386.2687,1397.3424,1403.1350,1367.6791,1373.7323,1380.2590,1367.2078,1374.3408,1055.5202,1043.1132,1027.5437,1008.5863,986.7230,958.5039,928.1056,902.0799,890.5699,875.5207,867.4029,860.7652,860.4564,868.8657,870.5276,870.2429,874.0182,872.8433,876.8765,877.4819,882.5243,866.9681,854.2698,848.2844,834.3974,819.0353,801.4229,788.3757,774.5090,753.8912
65,1.5000,SpendAwareDPRebalance (R65-aware),2.3800,29755.6151,708.1836,survival,1.0000,1.0000,1.0000,1.0000,1.0000,1.0000,1.0000,1.0000,1.0000,1.0000,1.0000,1.0000,0.9995,0.9985,0.9980,0.9975,0.9940,0.9910,0.9890,0.9870,0.9820,0.9795,0.9765,0.9730,0.9685,0.9620,0.9575,0.9520,0.9505,0.9475,0.9450,0.9415,0.9390,0.9355,0.9320,0.9285,0.9250,0.9205,0.9185,0.9140,0.9100,0.9070,0.9025,0.8980,0.8910,0.8870,0.8840,0.8790,0.8750,0.8725,0.8720,0.8685,0.8660,0.8635,0.8575
65,1.5000,SpendAwareDPRebalance (R65-aware),2.3800,29755.6151,708.1836,spend25p,708.4987,721.2149,732.7160,744.7375,755.4477,768.3019,780.6773,794.5253,804.1812,811.9363,816.6540,822.5586,824.8420,826.4093,830.7138,825.3310,818.6920,807.7735,795.0665,783.1550,745.9530,731.5863,720.5439,703.5318,690.0391,474.4606,456.5809,437.4696,414.3118,389.4034,367.5413,346.3567,327.4344,306.8214,294.5203,273.5923,263.1813,249.1190,238.3086,226.2305,217.3817,207.6862,199.0648,190.6587,173.8170,162.6047,150.0063,134.7095,120.3210,111.5420,99.9251,84.2716,70.2261,57.6237,42.0416
65,1.5000,SpendAwareDPRebalance (R65-aware),2.3800,29755.6151,708.1836,spend50p,713.6982,736.6212,760.6956,785.7300,811.9119,839.2992,867.6750,896.8302,926.7489,954.1056,976.3073,998.5977,1021.9258,1039.4574,1055.7497,1055.0369,1049.0476,1041.5054,1040.2382,1033.3328,1002.4120,993.8116,982.8064,975.7310,957.2401,704.5794,692.1525,673.5077,655.1388,635.7880,610.4379,582.3458,564.3949,544.4781,528.6464,514.4273,498.7686,491.4710,487.9204,483.9972,477.3567,473.5234,469.4553,462.1416,448.0750,437.1209,426.8964,406.8661,397.7300,386.2554,375.1878,357.7480,345.2211,331.6965,308.9828
65,1.5000,SpendAwareDPRebalance (R65-aware),2.3800,29755.6151,708.1836,spend75p,718.6866,751.8226,789.7971,827.8837,869.2588,916.8990,966.3209,1011.8228,1062.8635,1110.3208,1161.2886,1208.6016,1246.8506,1281.8407,1315.6388,1340.7683,1358.6636,1377.7925,1387.1571,1394.4318,1359.9393,1365.3239,1363.4056,1355.5241,1350.7900,1030.2122,1020.7415,1000.7537,989.4852,971.4613,939.2539,906.7685,889.4921,874.4699,858.3217,850.3382,844.1412,834.3062,839.9951,836.6319,838.7062,841.4820,835.4019,830.9813,825.7317,827.9730,822.9365,804.5229,792.9711,777.4591,777.2023,764.5706,752.8628,726.0380,699.9430
65,1.5000,SpendAwareDPRebalance (R65-aware),2.5000,28327.3455,708.1836,survival,1.0000,1.0000,1.0000,1.0000,1.0000,1.0000,1.0000,1.0000,1.0000,1.0000,1.0000,0.9990,0.9990,0.9985,0.9960,0.9945,0.9890,0.9865,0.9850,0.9815,0.9780,0.9725,0.9685,0.9635,0.9580,0.9490,0.9465,0.9415,0.9370,0.9320,0.9290,0.9245,0.9220,0.9160,0.9125,0.9105,0.9070,0.9030,0.8980,0.8945,0.8880,0.8830,0.8815,0.8730,0.8685,0.8665,0.8605,0.8550,0.8515,0.8495,0.8485,0.8440,0.8415,0.8380,0.8310
65,1.5000,SpendAwareDPRebalance (R65-aware),2.5000,28327.3455,708.1836,spend25p,708.4987,721.2149,732.7160,744.7375,755.4477,768.3019,780.6773,794.5253,804.1812,811.9363,816.6540,821.7867,824.6364,826.4093,829.2271,822.4603,814.6464,805.8952,791.6864,779.6687,740.9563,726.6128,710.8000,695.9481,673.7532,461.2974,442.2622,422.9919,399.2143,375.8919,351.7181,331.8845,310.9763,292.2370,274.1844,260.7611,248.3596,235.6552,220.6285,206.7451,195.8695,184.0359,175.5960,161.7072,150.9439,138.3587,124.0445,110.5402,97.1062,85.7683,72.1851,58.0512,43.5002,28.8192,10.6029
65,1.5000,SpendAwareDPRebalance (R65-aware),2.5000,28327.3455,708.1836,spend50p,713.6982,736.6212,760.6956,785.7300,811.9119,839.2992,867.6750,896.8302,926.7489,954.1056,976.3073,998.1897,1021.7956,1039.4574,1054.2750,1053.6347,1043.7594,1039.0871,1037.4835,1029.0749,1000.9471,988.5292,975.5236,963.4448,948.8938,695.7373,684.1410,666.0541,646.8776,626.7397,598.2707,570.5480,548.9353,529.4979,507.0600,493.7662,484.3239,476.7311,472.9054,463.3348,458.6257,452.3367,445.0922,432.9503,421.4344,414.7643,401.7393,387.8335,372.7917,359.5737,346.2977,334.7637,323.0898,305.7566,284.8544
65,1.5000,SpendAwareDPRebalance (R65-aware),2.5000,28327.3455,708.1836,spend75p,718.6866,751.8226,789.7971,827.8837,869.2588,916.8990,966.3209,1011.8228,1062.8635,1110.3208,1161.2886,1208.0259,1246.4655,1281.8407,1313.4112,1339.7043,1356.3847,1372.1626,1384.8730,1391.9293,1355.0952,1356.5689,1350.6414,1341.2848,1336.2222,1022.8757,1014.9732,995.9764,977.3790,952.6571,924.9495,886.2707,876.9144,855.5461,845.6723,834.0120,830.7700,818.7616,815.7863,813.4822,814.1167,807.4448,809.0869,791.2410,799.1985,798.9987,789.9838,768.4064,754.7941,749.4619,742.6638,728.2592,717.2994,689.2814,665.2837
65,1.5000,SpendAwareDPRebalance (R65-aware),2.8000,25292.2728,708.1836,survival,1.0000,1.0000,1.0000,1.0000,1.0000,1.0000,1.0000,1.0000,1.0000,1.0000,0.9995,0.9980,0.9965,0.9915,0.9890,0.9855,0.9785,0.9735,0.9690,0.9610,0.9515,0.9455,0.9390,0.9305,0.9230,0.9125,0.9050,0.9010,0.8930,0.8905,0.8860,0.8805,0.8760,0.8715,0.8680,0.8610,0.8555,0.8510,0.8490,0.8435,0.8410,0.8365,0.8330,0.8235,0.8190,0.8130,0.8095,0.8070,0.8015,0.7995,0.7980,0.7945,0.7940,0.7885,0.7840
65,1.5000,SpendAwareDPRebalance (R65-aware),2.8000,25292.2728,708.1836,spend25p,708.4987,721.2149,732.7160,744.7375,755.4477,768.3019,780.6773,794.5253,804.1812,811.9363,816.2113,821.0154,822.4050,821.8316,824.9928,817.0965,804.5074,792.3328,778.1918,759.4120,715.5009,697.8229,679.9616,654.5214,634.9181,429.3787,407.8565,382.3974,349.8047,331.1511,311.2246,288.1821,265.3363,248.0602,230.8710,209.1523,190.3057,173.2444,164.8979,154.0057,145.0396,137.3177,129.6511,106.9756,92.2124,75.7977,63.4263,51.7079,40.0605,29.4707,19.4006,7.2402,0.0000,0.0000,0.0000
65,1.5000,SpendAwareDPRebalance (R65-aware),2.8000,25292.2728,708.1836,spend50p,713.6982,736.6212,760.6956,785.7300,811.9119,839.2992,867.6750,896.8302,926.7489,954.1056,976.0678,997.0001,1019.9463,1032.1175,1045.9091,1049.8262,1034.9538,1027.0160,1019.9840,1006.7020,965.1769,957.5834,951.2002,931.0241,913.6118,668.6824,649.6631,630.6495,607.2795,588.5906,561.3782,539.2685,512.1887,489.7736,469.3528,452.8124,440.6728,432.5869,424.0367,416.8956,410.9344,399.1737,398.2608,379.2416,374.5980,362.6096,351.6857,341.0411,324.1584,311.7516,298.5483,284.3964,273.6244,253.0124,235.0398
65,1.5000,SpendAwareDPRebalance (R65-aware),2.8000,25292.2728,708.1836,spend75p,718.6866,751.8226,789.7971,827.8837,869.2588,916.8990,966.3209,1011.8228,1062.8635,1110.3208,1160.8140,1207.9379,1245.6031,1277.8977,1306.1584,1333.0697,1344.0410,1356.5539,1364.7301,1357.8832,1324.4696,1321.0914,1304.2727,1305.3916,1299.8840,985.9290,968.5861,951.4759,916.7179,891.9379,868.3789,853.2012,823.4358,804.6216,790.4304,775.8168,759.6685,753.4505,755.8701,753.9918,748.5477,740.8105,744.7927,736.0623,743.9910,727.6372,709.1289,707.3745,686.8914,675.3298,670.8618,653.1715,638.0770,618.2220,596.0096
65,1.5000,SpendAwareDPRebalance (R65-aware),3.0000,23606.1213,708.1836,survival,1.0000,1.0000,1.0000,1.0000,1.0000,1.0000,1.0000,1.0000,1.0000,0.9995,0.9985,0.9965,0.9930,0.9890,0.9830,0.9770,0.9690,0.9625,0.9530,0.9410,0.9300,0.9195,0.9120,0.9025,0.8915,0.8835,0.8720,0.8685,0.8625,0.8540,0.8475,0.8420,0.8330,0.8275,0.8240,0.8175,0.8120,0.8085,0.8040,0.7975,0.7935,0.7860,0.7805,0.7750,0.7720,0.7695,0.7655,0.7630,0.7565,0.7535,0.7505,0.7480,0.7460,0.7405,0.7355
65,1.5000,SpendAwareDPRebalance (R65-aware),3.0000,23606.1213,708.1836,spend25p,708.4987,721.2149,732.7160,744.7375,755.4477,768.3019,780.6773,794.5253,804.1812,811.3097,815.5486,819.8342,820.9351,818.8215,820.2053,811.0995,797.1450,782.0225,759.5148,739.3554,691.0840,664.8728,641.2172,617.3461,594.4392,389.5231,366.4962,346.2913,325.0265,295.9721,267.9653,242.9940,217.5960,194.5850,175.2966,156.4375,141.5049,129.7960,116.9389,99.8662,86.0638,68.0185,52.4424,37.8529,31.7378,22.7418,5.1332,0.0000,0.0000,0.0000,0.0000,0.0000,0.0000,0.0000,0.0000
65,1.5000,SpendAwareDPRebalance (R65-aware),3.0000,23606.1213,708.1836,spend50p,713.6982,736.6212,760.6956,785.7300,811.9119,839.2992,867.6750,896.8302,926.7489,954.0862,975.7077,996.8659,1017.8220,1027.7617,1038.2032,1038.7684,1029.7642,1017.3320,1007.5577,987.0617,946.6676,931.6668,919.9595,903.4401,881.5510,641.2840,620.0306,602.2601,579.8548,554.7443,532.6039,505.3746,475.2220,452.0766,431.3828,415.5553,402.8595,394.1521,383.6971,373.1684,368.1339,356.4227,342.4558,335.8993,325.3757,315.0756,299.4675,291.8064,273.7662,265.9886,249.8910,236.5459,223.4321,202.9736,182.1069
65,1.5000,SpendAwareDPRebalance (R65-aware),3.0000,23606.1213,708.1836,spend75p,718.6866,751.8226,789.7971,827.8837,869.2588,916.8990,966.3209,1011.8228,1062.8635,1108.9931,1160.4243,1207.7690,1243.7048,1277.0725,1299.8922,1318.5486,1329.4502,1342.5262,1345.4530,1342.7779,1302.5708,1285.5131,1276.2977,1270.1136,1262.4599,960.7533,935.7399,914.2740,883.8220,849.5911,831.5946,808.5449,785.2898,762.5843,744.2871,730.8601,716.7404,709.4076,704.4966,703.7698,699.6123,685.1743,688.9887,685.7776,682.8559,675.2485,669.7507,663.7222,642.8876,628.0573,614.7622,594.5861,578.7091,560.2523,534.9846
65,1.5000,SpendAwareDPRebalance (R65-aware),3.3300,21266.7759,708.1836,survival,1.0000,1.0000,1.0000,1.0000,1.0000,1.0000,1.0000,1.0000,1.0000,0.9990,0.9965,0.9945,0.9880,0.9795,0.9655,0.9565,0.9480,0.9330,0.9180,0.9010,0.8835,0.8705,0.8545,0.8425,0.8260,0.8175,0.8100,0.8015,0.7905,0.7815,0.7740,0.7680,0.7620,0.7555,0.7510,0.7450,0.7400,0.7355,0.7310,0.7240,0.7200,0.7135,0.7115,0.7050,0.7010,0.6970,0.6950,0.6925,0.6860,0.6825,0.6790,0.6740,0.6720,0.6675,0.6620
65,1.5000,SpendAwareDPRebalance (R65-aware),3.3300,21266.7759,708.1836,spend25p,708.4987,721.2149,732.7160,744.7375,755.4477,768.3019,780.6773,794.5253,804.1812,810.2135,814.3599,818.1465,814.0230,815.4133,803.7680,791.2624,778.9689,751.3972,722.9330,686.9850,628.6561,598.7969,562.4874,534.5948,498.6466,306.2447,281.3247,249.9375,217.1422,186.4687,156.5809,130.2444,99.6833,50.9471,12.3242,0.0000,0.0000,0.0000,0.0000,0.0000,0.0000,0.0000,0.0000,0.0000,0.0000,0.0000,0.0000,0.0000,0.0000,0.0000,0.0000,0.0000,0.0000,0.0000,0.0000
65,1.5000,SpendAwareDPRebalance (R65-aware),3.3300,21266.7759,708.1836,spend50p,713.6982,736.6212,760.6956,785.7300,811.9119,839.2992,867.6750,896.8302,926.7489,954.0025,974.1321,995.2290,1015.1815,1023.4405,1024.4369,1022.0909,1013.8455,997.8864,976.7976,956.0162,906.1412,885.2596,860.7340,842.6784,823.2706,588.6295,565.6047,546.8910,519.2745,493.7344,465.5052,440.5463,417.8265,392.3299,373.5379,357.4464,341.6976,332.6152,325.9198,307.4717,300.3197,286.9448,278.0136,262.8144,254.8812,244.8889,243.0723,229.2644,210.6969,196.1887,177.8824,159.8102,142.5386,130.5084,111.3945
65,1.5000,SpendAwareDPRebalance (R65-aware),3.3300,21266.7759,708.1836,spend75p,718.6866,751.8226,789.7971,827.8837,869.2588,916.8990,966.3209,1011.8228,1062.8635,1108.2926,1159.6972,1206.8956,1239.8383,1266.4840,1285.5661,1300.9563,1308.7858,1313.1512,1308.2847,1293.5319,1230.6942,1223.3588,1220.0274,1209.9081,1192.0372,901.0370,881.9094,857.0400,820.6073,802.7104,782.6367,747.6993,721.1499,703.1661,681.6979,667.0908,659.5755,645.4247,638.8387,630.5448,633.8355,633.9236,632.8667,626.7268,608.6846,606.9556,604.3959,591.7660,575.0068,568.1102,552.2105,525.1072,513.6693,488.2000,465.2005
65,1.5000,SpendAwareDPRebalance (R65-aware),3.6600,19349.2797,708.1836,survival,1.0000,1.0000,1.0000,1.0000,1.0000,1.0000,1.0000,1.0000,0.9995,0.9975,0.9955,0.9895,0.9805,0.9605,0.9460,0.9325,0.9090,0.8870,0.8680,0.8480,0.8240,0.8095,0.7895,0.7685,0.7540,0.7450,0.7365,0.7270,0.7200,0.7130,0.7080,0.7000,0.6950,0.6875,0.6820,0.6745,0.6705,0.6650,0.6595,0.6560,0.6520,0.6460,0.6430,0.6390,0.6345,0.6315,0.6270,0.6235,0.6205,0.6190,0.6170,0.6150,0.6135,0.6090,0.6040
65,1.5000,SpendAwareDPRebalance (R65-aware),3.6600,19349.2797,708.1836,spend25p,708.4987,721.2149,732.7160,744.7375,755.4477,768.3019,780.6773,794.5253,804.0683,809.2232,813.9996,815.8866,810.4489,799.0268,784.9703,762.6298,733.2188,688.0066,650.9362,606.4278,532.4900,494.5414,441.3897,365.7433,268.3869,0.0000,0.0000,0.0000,0.0000,0.0000,0.0000,0.0000,0.0000,0.0000,0.0000,0.0000,0.0000,0.0000,0.0000,0.0000,0.0000,0.0000,0.0000,0.0000,0.0000,0.0000,0.0000,0.0000,0.0000,0.0000,0.0000,0.0000,0.0000,0.0000,0.0000
65,1.5000,SpendAwareDPRebalance (R65-aware),3.6600,19349.2797,708.1836,spend50p,713.6982,736.6212,760.6956,785.7300,811.9119,839.2992,867.6750,896.8302,926.3303,952.6157,973.8660,993.5976,1008.9100,1011.4364,1007.5158,1007.3493,986.2489,965.5278,937.1030,913.2238,853.3450,834.6445,807.9795,777.2970,753.8121,528.2313,503.7167,476.4130,452.2196,425.7340,399.9503,375.5463,354.1100,329.1737,310.6235,293.6566,277.3219,260.6014,245.5670,236.9146,226.6523,211.8076,204.5688,197.0091,181.8469,173.0921,162.1085,144.6105,130.7899,120.6619,106.8214,90.9391,80.2949,64.2498,48.2405
65,1.5000,SpendAwareDPRebalance (R65-aware),3.6600,19349.2797,708.1836,spend75p,718.6866,751.8226,789.7971,827.8837,869.2588,916.8990,966.3209,1011.8228,1062.4639,1107.6675,1158.8195,1203.7176,1236.5073,1252.5756,1275.1188,1287.4907,1289.3802,1271.6256,1260.9330,1241.8045,1180.4822,1177.6148,1164.7768,1144.6907,1123.6186,832.7822,806.3717,786.6712,767.0538,743.2243,716.7069,688.5975,669.1320,642.3851,621.7661,601.5737,594.9688,588.7963,580.0913,578.8144,571.8233,563.8675,566.6666,563.3949,551.2896,550.6789,541.0924,531.8531,523.4410,509.8930,496.7613,483.4720,460.5717,437.5478,413.1275
65,1.5000,SpendAwareDPRebalance (R65-aware),4.0000,17704.5910,708.1836,survival,1.0000,1.0000,1.0000,1.0000,1.0000,1.0000,1.0000,1.0000,0.9990,0.9965,0.9920,0.9825,0.9600,0.9415,0.9250,0.8985,0.8715,0.8480,0.8140,0.7850,0.7615,0.7375,0.7170,0.6950,0.6790,0.6705,0.6595,0.6520,0.6450,0.6350,0.6270,0.6185,0.6135,0.6080,0.6045,0.5975,0.5950,0.5915,0.5885,0.5830,0.5790,0.5720,0.5685,0.5650,0.5635,0.5610,0.5595,0.5545,0.5500,0.5490,0.5470,0.5450,0.5435,0.5405,0.5370
65,1.5000,SpendAwareDPRebalance (R65-aware),4.0000,17704.5910,708.1836,spend25p,708.4987,721.2149,732.7160,744.7375,755.4477,768.3019,780.6773,794.5253,803.6139,808.6686,812.2358,811.0421,797.8374,785.6638,770.2262,734.0369,682.7484,640.7677,565.2420,488.2982,378.0246,0.0000,0.0000,0.0000,0.0000,0.0000,0.0000,0.0000,0.0000,0.0000,0.0000,0.0000,0.0000,0.0000,0.0000,0.0000,0.0000,0.0000,0.0000,0.0000,0.0000,0.0000,0.0000,0.0000,0.0000,0.0000,0.0000,0.0000,0.0000,0.0000,0.0000,0.0000,0.0000,0.0000,0.0000
65,1.5000,SpendAwareDPRebalance (R65-aware),4.0000,17704.5910,708.1836,spend50p,713.6982,736.6212,760.6956,785.7300,811.9119,839.2992,867.6750,896.8302,926.1366,952.0141,972.3283,989.8632,995.0239,998.3559,993.2014,974.1684,953.5688,933.4557,892.8992,856.7829,797.5529,766.7662,738.0426,701.5575,666.6743,456.8471,428.6506,400.7828,377.9280,345.4810,320.2597,295.6680,270.7718,249.2771,232.2105,214.3698,199.3748,180.9372,167.5565,158.2180,146.1265,136.1224,125.7854,111.3298,102.1751,84.9211,75.0275,61.0604,45.6972,37.3916,25.3564,15.5314,4.8007,0.0000,0.0000
65,1.5000,SpendAwareDPRebalance (R65-aware),4.0000,17704.5910,708.1836,spend75p,718.6866,751.8226,789.7971,827.8837,869.2588,916.8990,966.3209,1011.8228,1062.1801,1107.6675,1157.1505,1198.1117,1220.2776,1240.5277,1257.9018,1265.9623,1254.9958,1248.0184,1218.2869,1183.0520,1139.6517,1115.8800,1099.4282,1081.6662,1050.3020,772.0124,748.1637,725.6129,698.6845,664.4621,640.1614,613.9910,596.5848,571.6912,564.2945,543.9130,533.4758,521.9040,515.1313,514.0898,512.7955,500.3191,498.3181,495.5092,485.5694,481.7743,477.4528,461.9039,439.4373,429.4798,417.5385,401.9270,389.3422,365.8528,342.8211
65,1.5000,SpendAwareDPRebalance (R65-aware),4.3300,16355.2803,708.1836,survival,1.0000,1.0000,1.0000,1.0000,1.0000,1.0000,1.0000,0.9995,0.9980,0.9940,0.9865,0.9685,0.9450,0.9245,0.8940,0.8635,0.8285,0.7925,0.7545,0.7270,0.6970,0.6760,0.6570,0.6370,0.6245,0.6150,0.6030,0.5925,0.5855,0.5755,0.5670,0.5590,0.5520,0.5455,0.5375,0.5325,0.5300,0.5265,0.5225,0.5200,0.5175,0.5130,0.5100,0.5040,0.5025,0.4990,0.4965,0.4935,0.4905,0.4875,0.4850,0.4830,0.4810,0.4775,0.4745
65,1.5000,SpendAwareDPRebalance (R65-aware),4.3300,16355.2803,708.1836,spend25p,708.4987,721.2149,732.7160,744.7375,755.4477,768.3019,780.6773,794.1070,803.1287,806.7416,810.1338,799.6417,787.3487,769.2538,733.9133,687.1408,627.0326,543.0809,367.5972,0.0000,0.0000,0.0000,0.0000,0.0000,0.0000,0.0000,0.0000,0.0000,0.0000,0.0000,0.0000,0.0000,0.0000,0.0000,0.0000,0.0000,0.0000,0.0000,0.0000,0.0000,0.0000,0.0000,0.0000,0.0000,0.0000,0.0000,0.0000,0.0000,0.0000,0.0000,0.0000,0.0000,0.0000,0.0000,0.0000
65,1.5000,SpendAwareDPRebalance (R65-aware),4.3300,16355.2803,708.1836,spend50p,713.6982,736.6212,760.6956,785.7300,811.9119,839.2992,867.6750,896.7023,925.8859,950.9330,969.7038,983.2210,985.4191,984.9072,972.3617,952.8640,927.2565,881.4473,839.4300,800.9323,738.5243,701.9495,668.6793,623.7959,596.5860,390.6802,365.2232,335.9566,310.1849,276.7224,246.1593,221.2669,190.0651,164.1239,139.9036,118.6991,103.9786,93.5199,73.5022,61.5751,52.2660,37.0669,18.4088,0.0000,0.0000,0.0000,0.0000,0.0000,0.0000,0.0000,0.0000,0.0000,0.0000,0.0000,0.0000
65,1.5000,SpendAwareDPRebalance (R65-aware),4.3300,16355.2803,708.1836,spend75p,718.6866,751.8226,789.7971,827.8837,869.2588,916.8990,966.3209,1011.6257,1062.0745,1106.2257,1154.6211,1190.2472,1208.3549,1231.6268,1237.4324,1244.9446,1230.1647,1205.5018,1159.9172,1145.9600,1081.9603,1057.7071,1044.4119,1012.8943,992.8794,726.5729,700.6271,669.7577,652.7618,629.9185,600.2153,568.0596,537.3765,514.3924,488.5644,469.7468,467.0062,457.4077,455.1726,450.8708,445.2760,442.3263,426.9996,421.1045,413.9101,406.7659,391.5713,383.0302,371.2554,357.5082,343.9609,327.8265,317.8341,299.9810,279.9827
65,1.5000,SpendAwareDPRebalance (R65-aware),4.6600,15197.0738,708.1836,survival,1.0000,1.0000,1.0000,1.0000,1.0000,1.0000,1.0000,0.9995,0.9970,0.9900,0.9780,0.9510,0.9255,0.8950,0.8600,0.8240,0.7785,0.7405,0.7020,0.6715,0.6475,0.6255,0.6025,0.5835,0.5695,0.5550,0.5445,0.5335,0.5240,0.5125,0.5050,0.4975,0.4915,0.4875,0.4845,0.4795,0.4770,0.4725,0.4685,0.4645,0.4590,0.4545,0.4500,0.4465,0.4455,0.4435,0.4385,0.4350,0.4320,0.4310,0.4280,0.4255,0.4240,0.4205,0.4170
65,1.5000,SpendAwareDPRebalance (R65-aware),4.6600,15197.0738,708.1836,spend25p,708.4987,721.2149,732.7160,744.7375,755.4477,768.3019,780.6773,794.1070,803.0305,806.0403,802.7732,788.8720,772.6678,740.6392,694.5261,636.9510,520.8090,0.0000,0.0000,0.0000,0.0000,0.0000,0.0000,0.0000,0.0000,0.0000,0.0000,0.0000,0.0000,0.0000,0.0000,0.0000,0.0000,0.0000,0.0000,0.0000,0.0000,0.0000,0.0000,0.0000,0.0000,0.0000,0.0000,0.0000,0.0000,0.0000,0.0000,0.0000,0.0000,0.0000,0.0000,0.0000,0.0000,0.0000,0.0000
65,1.5000,SpendAwareDPRebalance (R65-aware),4.6600,15197.0738,708.1836,spend50p,713.6982,736.6212,760.6956,785.7300,811.9119,839.2992,867.6750,896.7023,925.6320,948.2728,967.2263,972.2368,975.2411,968.5491,948.2676,920.1606,878.9361,833.8975,788.7834,747.2739,680.8577,636.5437,595.7759,545.0592,506.9730,301.9595,269.9764,225.2337,187.9238,147.2513,82.5714,0.0000,0.0000,0.0000,0.0000,0.0000,0.0000,0.0000,0.0000,0.0000,0.0000,0.0000,0.0000,0.0000,0.0000,0.0000,0.0000,0.0000,0.0000,0.0000,0.0000,0.0000,0.0000,0.0000,0.0000
65,1.5000,SpendAwareDPRebalance (R65-aware),4.6600,15197.0738,708.1836,spend75p,718.6866,751.8226,789.7971,827.8837,869.2588,916.8990,966.3209,1011.6257,1062.0197,1104.6769,1149.9718,1178.4812,1199.0604,1217.1552,1223.3235,1218.2366,1190.1396,1158.6766,1117.3749,1080.1046,1032.3081,1006.7530,984.5553,959.8007,933.2431,675.3863,655.4904,632.5815,608.6486,582.0343,551.5222,517.2873,492.8996,464.5285,441.1205,428.9704,422.7061,413.0883,407.4824,397.7443,383.7681,378.3142,362.4274,354.5988,352.5991,341.0301,319.8713,303.4887,290.6833,285.1777,270.9235,253.6058,241.4694,225.9908,200.5972
65,1.5000,SpendAwareDPRebalance (R65-aware),5.0000,14163.6728,708.1836,survival,1.0000,1.0000,1.0000,1.0000,1.0000,1.0000,1.0000,0.9985,0.9935,0.9850,0.9600,0.9330,0.9005,0.8595,0.8170,0.7705,0.7285,0.6855,0.6510,0.6180,0.5910,0.5660,0.5460,0.5275,0.5050,0.4920,0.4785,0.4710,0.4645,0.4550,0.4500,0.4445,0.4385,0.4355,0.4305,0.4255,0.4225,0.4195,0.4165,0.4120,0.4080,0.4020,0.3960,0.3930,0.3915,0.3905,0.3870,0.3845,0.3815,0.3810,0.3800,0.3800,0.3790,0.3770,0.3735
65,1.5000,SpendAwareDPRebalance (R65-aware),5.0000,14163.6728,708.1836,spend25p,708.4987,721.2149,732.7160,744.7375,755.4477,768.3019,780.6773,793.8991,802.0002,804.5185,793.5012,777.3465,751.7431,706.0669,640.0882,518.3388,0.0000,0.0000,0.0000,0.0000,0.0000,0.0000,0.0000,0.0000,0.0000,0.0000,0.0000,0.0000,0.0000,0.0000,0.0000,0.0000,0.0000,0.0000,0.0000,0.0000,0.0000,0.0000,0.0000,0.0000,0.0000,0.0000,0.0000,0.0000,0.0000,0.0000,0.0000,0.0000,0.0000,0.0000,0.0000,0.0000,0.0000,0.0000,0.0000
65,1.5000,SpendAwareDPRebalance (R65-aware),5.0000,14163.6728,708.1836,spend50p,713.6982,736.6212,760.6956,785.7300,811.9119,839.2992,867.6750,896.6249,923.2133,945.6196,959.0264,963.6144,962.1962,946.0008,911.9651,871.8867,831.0990,783.2007,733.1731,667.0587,596.2620,514.7193,468.7871,406.6978,291.0885,0.0000,0.0000,0.0000,0.0000,0.0000,0.0000,0.0000,0.0000,0.0000,0.0000,0.0000,0.0000,0.0000,0.0000,0.0000,0.0000,0.0000,0.0000,0.0000,0.0000,0.0000,0.0000,0.0000,0.0000,0.0000,0.0000,0.0000,0.0000,0.0000,0.0000
65,1.5000,SpendAwareDPRebalance (R65-aware),5.0000,14163.6728,708.1836,spend75p,718.6866,751.8226,789.7971,827.8837,869.2588,916.8990,966.3209,1011.0698,1060.8967,1100.5959,1141.7798,1171.0005,1191.5072,1200.4491,1197.3552,1174.7275,1149.6576,1098.5909,1066.0999,1032.5288,968.0100,948.2774,920.3549,892.7112,864.2042,615.0155,586.7137,565.9315,537.3915,508.8992,488.2552,456.7564,429.5012,412.3009,396.9761,375.7669,362.9272,355.0395,345.1777,338.7091,326.3301,307.3289,294.7125,279.5736,272.1238,263.6410,249.0709,244.3655,224.9171,214.2662,204.8501,191.8313,177.0416,162.9384,146.3300
65,2.0000,SpendAwareDPRebalance (R65-aware),1.5000,62471.8790,937.0782,survival,1.0000,1.0000,1.0000,1.0000,1.0000,1.0000,1.0000,1.0000,1.0000,1.0000,1.0000,1.0000,1.0000,1.0000,1.0000,1.0000,1.0000,1.0000,1.0000,1.0000,1.0000,1.0000,1.0000,1.0000,0.9995,0.9980,0.9980,0.9980,0.9965,0.9960,0.9945,0.9920,0.9915,0.9915,0.9900,0.9900,0.9890,0.9890,0.9875,0.9865,0.9860,0.9855,0.9840,0.9835,0.9835,0.9820,0.9810,0.9800,0.9795,0.9770,0.9765,0.9735,0.9730,0.9710,0.9685
65,2.0000,SpendAwareDPRebalance (R65-aware),1.5000,62471.8790,937.0782,spend25p,937.4951,954.4794,969.8535,985.9145,1000.2375,1017.3972,1033.9201,1052.3870,1065.2906,1075.6612,1081.9889,1089.8672,1093.0876,1097.1193,1103.3041,1098.9328,1088.5542,1079.6298,1068.3872,1052.6270,1014.6922,995.9117,988.0910,983.0429,964.8496,751.5625,730.9254,709.3160,684.3584,658.2232,631.4104,605.7076,586.1757,567.6349,546.0589,529.9466,524.7110,518.0882,503.7289,492.2314,478.8530,478.9245,474.6992,472.7698,468.4867,462.4526,454.6781,451.2231,439.5395,419.3906,414.7314,391.3811,381.8946,365.9692,350.1424
65,2.0000,SpendAwareDPRebalance (R65-aware),1.5000,62471.8790,937.0782,spend50p,944.3751,974.8685,1006.8886,1040.1821,1074.9979,1111.4129,1149.1389,1187.8947,1227.6547,1264.0084,1293.5144,1323.1141,1354.4930,1379.6991,1400.5127,1401.9989,1397.8792,1387.3185,1386.9707,1386.2071,1352.2733,1348.8571,1338.1137,1337.5043,1329.7431,1069.5176,1060.5379,1044.1244,1020.6070,986.9364,970.2604,941.8294,914.9191,898.9759,883.8852,872.7014,869.4174,871.5514,873.9404,877.6269,879.9808,889.7966,889.0263,891.5375,883.9763,882.4226,886.4980,880.8678,877.9031,864.9549,848.2213,834.6521,817.6170,800.4253,775.7727
65,2.0000,SpendAwareDPRebalance (R65-aware),1.5000,62471.8790,937.0782,spend75p,950.9758,994.9866,1045.4084,1095.9870,1150.9270,1214.1718,1279.7844,1340.2080,1407.9643,1470.9639,1538.5971,1601.3633,1652.8906,1699.3094,1745.0608,1777.6481,1805.0989,1842.0233,1854.9244,1867.9501,1836.9549,1851.1071,1865.8681,1873.7871,1881.9425,1553.7739,1557.0230,1560.5691,1530.7615,1506.0996,1478.6879,1446.1971,1422.5140,1399.1844,1386.3860,1386.3094,1394.2282,1418.6164,1416.7964,1424.1773,1444.9409,1470.5982,1482.0634,1512.4952,1525.4839,1538.2030,1542.3733,1540.2962,1545.7765,1525.7558,1529.2254,1527.3942,1538.3389,1522.1160,1506.7817
65,2.0000,SpendAwareDPRebalance (R65-aware),1.6600,56450.4930,937.0782,survival,1.0000,1.0000,1.0000,1.0000,1.0000,1.0000,1.0000,1.0000,1.0000,1.0000,1.0000,1.0000,1.0000,1.0000,1.0000,1.0000,1.0000,1.0000,1.0000,1.0000,1.0000,1.0000,0.9995,0.9990,0.9975,0.9965,0.9945,0.9935,0.9930,0.9895,0.9890,0.9870,0.9865,0.9855,0.9850,0.9850,0.9850,0.9835,0.9820,0.9815,0.9810,0.9785,0.9765,0.9760,0.9755,0.9735,0.9715,0.9695,0.9685,0.9670,0.9650,0.9630,0.9615,0.9600,0.9575
65,2.0000,SpendAwareDPRebalance (R65-aware),1.6600,56450.4930,937.0782,spend25p,937.4951,954.4794,969.8535,985.9145,1000.2375,1017.3972,1033.9201,1052.3870,1065.2906,1075.6612,1081.9889,1089.8672,1093.0876,1097.1193,1103.3041,1098.9328,1088.5542,1079.6298,1068.3872,1052.6270,1014.6922,995.9117,987.9693,981.1812,963.7465,750.5619,725.7540,704.7295,680.8247,649.5590,624.4352,597.7854,577.9314,555.9923,539.7319,524.8491,520.5063,509.2919,492.6724,488.5549,471.3409,463.0411,465.6851,459.6108,455.4243,448.7285,442.9483,432.5192,419.5962,405.4288,391.4572,376.2617,360.5566,345.9794,333.2079
65,2.0000,SpendAwareDPRebalance (R65-aware),1.6600,56450.4930,937.0782,spend50p,944.3751,974.8685,1006.8886,1040.1821,1074.9979,1111.4129,1149.1389,1187.8947,1227.6547,1264.0084,1293.5144,1323.1141,1354.4930,1379.6991,1400.5127,1401.9989,1397.8792,1387.3185,1386.9707,1386.2071,1352.2733,1348.8571,1337.8060,1335.8711,1324.2183,1068.8499,1051.3484,1036.4478,1015.0226,979.4524,960.1952,932.9516,908.1266,891.2113,875.2084,865.8572,860.4492,862.3383,866.6488,873.1290,874.2413,879.1126,879.8630,881.7094,869.7275,869.2842,865.2490,856.9989,851.9570,844.0730,829.6757,805.2722,796.8552,779.3990,756.8843
65,2.0000,SpendAwareDPRebalance (R65-aware),1.6600,56450.4930,937.0782,spend75p,950.9758,994.9866,1045.4084,1095.9870,1150.9270,1214.1718,1279.7844,1340.2080,1407.9643,1470.9639,1538.5971,1601.3633,1652.8906,1699.3094,1745.0608,1777.6481,1805.0989,1842.0233,1854.9244,1867.9501,1836.9549,1851.1071,1864.9230,1870.6139,1879.3867,1544.6083,1550.1253,1548.9595,1523.8357,1485.4371,1465.3455,1434.7394,1414.5537,1385.5236,1378.9431,1377.6838,1386.8545,1407.0091,1404.0834,1414.8778,1443.2781,1448.9342,1465.7987,1495.8139,1508.3837,1525.9073,1518.2457,1519.2299,1512.0191,1498.3873,1500.5504,1496.9223,1489.8965,1491.7144,1469.9428
65,2.0000,SpendAwareDPRebalance (R65-aware),1.8000,52059.8991,937.0782,survival,1.0000,1.0000,1.0000,1.0000,1.0000,1.0000,1.0000,1.0000,1.0000,1.0000,1.0000,1.0000,1.0000,1.0000,1.0000,1.0000,1.0000,1.0000,0.9995,0.9995,0.9990,0.9985,0.9975,0.9960,0.9935,0.9930,0.9930,0.9920,0.9905,0.9890,0.9880,0.9850,0.9830,0.9830,0.9820,0.9815,0.9810,0.9785,0.9765,0.9755,0.9740,0.9725,0.9695,0.9685,0.9655,0.9640,0.9610,0.9590,0.9560,0.9525,0.9510,0.9490,0.9460,0.9445,0.9420
65,2.0000,SpendAwareDPRebalance (R65-aware),1.8000,52059.8991,937.0782,spend25p,937.4951,954.4794,969.8535,985.9145,1000.2375,1017.3972,1033.9201,1052.3870,1065.2906,1075.6612,1081.9889,1089.8672,1093.0876,1097.1193,1103.3041,1098.9328,1088.5542,1079.6298,1067.7484,1051.8393,1013.5379,995.1285,986.0322,977.5036,959.0563,745.3982,724.2030,702.2574,674.8115,649.0656,624.1409,593.8136,572.7427,551.7153,533.4901,519.0243,515.9796,501.0768,486.3838,477.7294,461.4154,454.3124,454.1584,445.2708,439.0545,433.5124,432.3020,421.0722,403.3271,385.2848,370.9885,354.9313,332.9460,321.9258,308.0571
65,2.0000,SpendAwareDPRebalance (R65-aware),1.8000,52059.8991,937.0782,spend50p,944.3751,974.8685,1006.8886,1040.1821,1074.9979,1111.4129,1149.1389,1187.8947,1227.6547,1264.0084,1293.5144,1323.1141,1354.4930,1379.6991,1400.5127,1401.9989,1397.8792,1387.3185,1386.2545,1385.5141,1351.3284,1344.8739,1336.5953,1332.0955,1316.1747,1060.6049,1050.4265,1034.7003,1010.6837,979.1958,958.6208,928.6599,902.8864,886.6998,870.8559,859.4473,852.0967,856.3323,859.5313,863.8867,865.7166,869.4308,864.3044,859.8744,862.0391,848.4113,842.6919,838.1575,832.2414,807.5865,786.7993,779.4816,766.6998,746.6475,723.0347
65,2.0000,SpendAwareDPRebalance (R65-aware),1.8000,52059.8991,937.0782,spend75p,950.9758,994.9866,1045.4084,1095.9870,1150.9270,1214.1718,1279.7844,1340.2080,1407.9643,1470.9639,1538.5971,1601.3633,1652.8906,1699.3094,1745.0608,1777.6481,1805.0989,1842.0233,1854.2910,1867.2440,1833.2409,1849.7243,1863.3818,1860.2843,1863.3980,1536.8178,1546.0661,1543.0757,1519.6279,1485.4371,1463.6465,1428.2024,1402.4778,1381.8576,1372.8768,1368.8495,1381.1341,1384.3190,1397.1988,1407.4500,1432.0245,1440.7919,1447.9346,1463.9332,1480.4052,1499.9509,1492.0096,1487.5856,1467.2898,1457.6677,1451.0709,1455.6370,1430.3208,1431.1736,1425.2137
65,2.0000,SpendAwareDPRebalance (R65-aware),1.8900,49580.8563,937.0782,survival,1.0000,1.0000,1.0000,1.0000,1.0000,1.0000,1.0000,1.0000,1.0000,1.0000,1.0000,1.0000,1.0000,1.0000,1.0000,1.0000,1.0000,0.9995,0.9995,0.9985,0.9970,0.9955,0.9950,0.9930,0.9925,0.9925,0.9910,0.9900,0.9865,0.9865,0.9840,0.9800,0.9790,0.9775,0.9765,0.9745,0.9735,0.9710,0.9680,0.9665,0.9640,0.9625,0.9600,0.9580,0.9565,0.9525,0.9510,0.9490,0.9465,0.9440,0.9425,0.9395,0.9370,0.9350,0.9315
65,2.0000,SpendAwareDPRebalance (R65-aware),1.8900,49580.8563,937.0782,spend25p,937.4951,954.4794,969.8535,985.9145,1000.2375,1017.3972,1033.9201,1052.3870,1065.2906,1075.6612,1081.9889,1089.8672,1093.0876,1097.1193,1103.3041,1098.9328,1088.5542,1079.3632,1067.7484,1051.1133,1011.3166,991.0380,984.2199,973.3157,957.6590,745.2432,722.5996,699.4717,669.2958,646.5870,621.2365,587.9931,567.0335,541.4050,522.3548,510.8661,506.4419,492.1413,474.0290,461.0321,449.2558,442.7771,435.2352,431.3922,427.3361,419.3389,411.5202,396.3401,389.1315,373.7408,354.9769,333.8268,320.7774,308.1290,289.6525
65,2.0000,SpendAwareDPRebalance (R65-aware),1.8900,49580.8563,937.0782,spend50p,944.3751,974.8685,1006.8886,1040.1821,1074.9979,1111.4129,1149.1389,1187.8947,1227.6547,1264.0084,1293.5144,1323.1141,1354.4930,1379.6991,1400.5127,1401.9989,1397.8792,1386.1425,1386.2545,1384.8793,1349.8397,1340.4294,1334.1392,1321.7295,1312.1810,1058.3152,1047.2179,1032.5913,1001.3482,977.0517,946.3767,917.1007,897.1319,880.4149,864.1498,849.5080,840.1838,839.7285,845.3209,846.7168,852.2748,849.7794,844.2980,842.0188,846.4920,830.1198,824.3855,827.8285,820.8478,797.7312,775.6836,763.7766,748.4364,731.3645,708.9826
65,2.0000,SpendAwareDPRebalance (R65-aware),1.8900,49580.8563,937.0782,spend75p,950.9758,994.9866,1045.4084,1095.9870,1150.9270,1214.1718,1279.7844,1340.2080,1407.9643,1470.9639,1538.5971,1601.3633,1652.8906,1699.3094,1745.0608,1777.6481,1805.0989,1837.8922,1854.2910,1865.6350,1829.8857,1845.3532,1857.4203,1850.9404,1860.9690,1535.5645,1542.1083,1534.8837,1509.5078,1479.8078,1445.8950,1414.3348,1395.9968,1371.3675,1367.7099,1355.8931,1367.3686,1365.5241,1380.9006,1387.9716,1404.7696,1413.8795,1430.1289,1440.4892,1458.0818,1459.6364,1465.6574,1461.9589,1441.3464,1442.7146,1436.4359,1435.3563,1402.2230,1403.3673,1400.8911
65,2.0000,SpendAwareDPRebalance (R65-aware),2.0000,46853.9092,937.0782,survival,1.0000,1.0000,1.0000,1.0000,1.0000,1.0000,1.0000,1.0000,1.0000,1.0000,1.0000,1.0000,1.0000,1.0000,1.0000,1.0000,0.9995,0.9990,0.9985,0.9970,0.9955,0.9935,0.9920,0.9905,0.9895,0.9890,0.9860,0.9840,0.9810,0.9790,0.9755,0.9730,0.9715,0.9705,0.9680,0.9655,0.9635,0.9605,0.9570,0.9565,0.9540,0.9525,0.9505,0.9455,0.9440,0.9430,0.9395,0.9345,0.9320,0.9300,0.9270,0.9240,0.9230,0.9190,0.9155
65,2.0000,SpendAwareDPRebalance (R65-aware),2.0000,46853.9092,937.0782,spend25p,937.4951,954.4794,969.8535,985.9145,1000.2375,1017.3972,1033.9201,1052.3870,1065.2906,1075.6612,1081.9889,1089.8672,1093.0876,1097.1193,1103.3041,1098.9328,1088.3830,1078.7407,1066.1319,1049.4631,1010.3831,988.5573,978.1397,968.0180,955.1376,741.9539,716.9588,691.2609,661.3454,631.1956,601.5860,579.3983,554.1836,535.1207,511.6599,501.4496,491.4624,477.6913,460.0515,447.1713,440.8992,433.7788,422.0558,417.2943,408.5210,400.9247,385.7937,376.3840,361.0850,351.2006,330.3596,311.0060,296.6056,274.5333,255.2308
65,2.0000,SpendAwareDPRebalance (R65-aware),2.0000,46853.9092,937.0782,spend50p,944.3751,974.8685,1006.8886,1040.1821,1074.9979,1111.4129,1149.1389,1187.8947,1227.6547,1264.0084,1293.5144,1323.1141,1354.4930,1379.6991,1400.5127,1401.9989,1396.7587,1385.3186,1385.7418,1381.5432,1349.2223,1336.9480,1328.2520,1317.0585,1309.0971,1051.5660,1040.8655,1019.4780,991.9889,966.0570,937.5884,910.4003,887.7460,864.6411,855.9594,839.2788,827.8271,822.3477,826.0503,830.5166,839.0417,836.7228,834.2694,824.4564,820.8236,817.1272,807.1907,801.5412,782.2031,766.1129,750.3767,731.7297,725.8212,701.5140,683.8644
65,2.0000,SpendAwareDPRebalance (R65-aware),2.0000,46853.9092,937.0782,spend75p,950.9758,994.9866,1045.4084,1095.9870,1150.9270,1214.1718,1279.7844,1340.2080,1407.9643,1470.9639,1538.5971,1601.3633,1652.8906,1699.3094,1745.0608,1777.6481,1804.9294,1836.5411,1853.4475,1864.7396,1828.1530,1840.5074,1848.8337,1837.1370,1855.0489,1533.4127,1529.9131,1520.8152,1498.9116,1466.8419,1431.1007,1402.2841,1375.2044,1357.6322,1343.4173,1336.2671,1333.5867,1342.0877,1357.6544,1368.6237,1380.1266,1390.4907,1412.1650,1418.3552,1425.0953,1430.4888,1435.8936,1406.4163,1418.6672,1408.8595,1395.9703,1374.6294,1366.8025,1359.1019,1338.3299
65,2.0000,SpendAwareDPRebalance (R65-aware),2.1300,43994.2810,937.0782,survival,1.0000,1.0000,1.0000,1.0000,1.0000,1.0000,1.0000,1.0000,1.0000,1.0000,1.0000,1.0000,1.0000,1.0000,1.0000,0.9985,0.9985,0.9975,0.9960,0.9950,0.9940,0.9915,0.9900,0.9870,0.9830,0.9815,0.9760,0.9725,0.9690,0.9650,0.9615,0.9585,0.9555,0.9530,0.9510,0.9490,0.9455,0.9425,0.9405,0.9385,0.9340,0.9315,0.9295,0.9260,0.9230,0.9205,0.9150,0.9090,0.9075,0.9030,0.9005,0.8965,0.8950,0.8930,0.8905
65,2.0000,SpendAwareDPRebalance (R65-aware),2.1300,43994.2810,937.0782,spend25p,937.4951,954.4794,969.8535,985.9145,1000.2375,1017.3972,1033.9201,1052.3870,1065.2906,1075.6612,1081.9889,1089.8672,1093.0876,1097.1193,1103.3041,1094.9370,1087.9537,1076.9403,1063.4008,1046.5050,1009.1857,986.7161,977.4568,963.4117,946.5205,728.0161,704.3450,676.3119,640.2307,615.6850,583.4394,557.8710,535.6464,509.4235,493.0788,482.9432,458.0168,441.6944,437.0575,428.7955,416.2446,403.3841,399.7969,389.6562,380.5166,369.2060,348.8608,336.0764,322.3350,301.4941,285.3014,267.5213,248.1951,235.7579,218.1063
65,2.0000,SpendAwareDPRebalance (R65-aware),2.1300,43994.2810,937.0782,spend50p,944.3751,974.8685,1006.8886,1040.1821,1074.9979,1111.4129,1149.1389,1187.8947,1227.6547,1264.0084,1293.5144,1323.1141,1354.4930,1379.6991,1400.5127,1398.9505,1395.0963,1383.2046,1383.5500,1376.2064,1348.6125,1335.3069,1326.0620,1313.2450,1299.2542,1045.5957,1031.4739,1005.6202,981.3200,949.4546,924.5957,891.3198,865.2854,846.3564,832.7573,820.7104,803.2841,799.7003,801.3435,807.7847,806.3045,796.6729,801.4778,800.8003,788.6173,786.2304,770.5942,745.1358,730.2852,718.2288,711.2766,693.7434,673.0218,661.0120,644.7898
65,2.0000,SpendAwareDPRebalance (R65-aware),2.1300,43994.2810,937.0782,spend75p,950.9758,994.9866,1045.4084,1095.9870,1150.9270,1214.1718,1279.7844,1340.2080,1407.9643,1470.9639,1538.5971,1601.3633,1652.8906,1699.3094,1745.0608,1776.5672,1804.0228,1836.2398,1850.7476,1860.5090,1826.9803,1832.8320,1843.2221,1832.3940,1844.0631,1521.0338,1509.4128,1491.5288,1474.6741,1440.3347,1404.9134,1369.8104,1341.1545,1327.3027,1315.4811,1308.1989,1306.8545,1308.4490,1320.4847,1342.5791,1338.9998,1352.3617,1366.7031,1364.2978,1376.4212,1381.2589,1364.6384,1361.0289,1353.4060,1351.0191,1328.2717,1306.4052,1304.1225,1282.1086,1271.6395
65,2.0000,SpendAwareDPRebalance (R65-aware),2.2200,42210.7290,937.0782,survival,1.0000,1.0000,1.0000,1.0000,1.0000,1.0000,1.0000,1.0000,1.0000,1.0000,1.0000,1.0000,1.0000,1.0000,0.9985,0.9985,0.9980,0.9965,0.9940,0.9910,0.9895,0.9865,0.9810,0.9795,0.9750,0.9700,0.9660,0.9630,0.9590,0.9560,0.9525,0.9490,0.9470,0.9440,0.9420,0.9400,0.9365,0.9320,0.9295,0.9290,0.9240,0.9195,0.9155,0.9100,0.9050,0.9020,0.9005,0.8960,0.8935,0.8890,0.8850,0.8825,0.8810,0.8770,0.8720
65,2.0000,SpendAwareDPRebalance (R65-aware),2.2200,42210.7290,937.0782,spend25p,937.4951,954.4794,969.8535,985.9145,1000.2375,1017.3972,1033.9201,1052.3870,1065.2906,1075.6612,1081.9889,1089.8672,1093.0876,1097.1193,1101.5004,1094.9370,1087.1278,1075.8936,1061.2159,1041.9971,1003.1752,984.0279,967.4217,954.4328,932.7576,708.8830,686.7419,663.3656,629.9642,601.4097,571.6024,543.3966,521.8162,496.2351,482.7715,466.4064,445.5701,426.6290,415.8906,412.0794,395.8266,387.2422,376.1077,364.2899,350.2922,337.1991,327.5226,312.6751,296.2059,274.2791,254.9000,240.5348,230.0356,211.9514,188.9320
65,2.0000,SpendAwareDPRebalance (R65-aware),2.2200,42210.7290,937.0782,spend50p,944.3751,974.8685,1006.8886,1040.1821,1074.9979,1111.4129,1149.1389,1187.8947,1227.6547,1264.0084,1293.5144,1323.1141,1354.4930,1379.6991,1399.6338,1398.9505,1394.3794,1382.1974,1382.3470,1373.9824,1347.1347,1332.6035,1313.8673,1307.5183,1284.2936,1029.9027,1017.5636,995.5975,972.8066,945.4594,918.0336,880.5109,860.0568,836.7664,824.5326,809.7111,789.0050,785.1674,788.2596,794.6355,788.2707,783.2302,780.2913,766.9016,758.4298,748.4945,742.9419,720.3239,711.0340,697.5049,678.5765,669.3899,650.0242,635.1028,613.6210
65,2.0000,SpendAwareDPRebalance (R65-aware),2.2200,42210.7290,937.0782,spend75p,950.9758,994.9866,1045.4084,1095.9870,1150.9270,1214.1718,1279.7844,1340.2080,1407.9643,1470.9639,1538.5971,1601.3633,1652.8906,1699.3094,1743.9202,1776.5672,1803.3389,1835.6943,1846.3796,1852.9406,1822.3159,1831.6431,1834.6301,1822.0183,1824.5591,1494.6637,1480.9641,1472.0092,1455.4901,1431.7431,1384.9841,1348.0513,1326.9260,1308.4578,1300.8553,1297.7756,1291.7516,1286.2127,1304.6778,1321.4500,1324.3914,1328.3297,1325.5164,1332.4837,1321.3386,1341.7346,1341.4996,1330.9165,1330.1885,1302.3058,1299.4603,1288.8979,1283.8923,1256.4355,1226.4160
65,2.0000,SpendAwareDPRebalance (R65-aware),2.3800,39373.0330,937.0782,survival,1.0000,1.0000,1.0000,1.0000,1.0000,1.0000,1.0000,1.0000,1.0000,1.0000,1.0000,0.9995,0.9990,0.9985,0.9980,0.9955,0.9925,0.9885,0.9865,0.9840,0.9820,0.9785,0.9745,0.9690,0.9630,0.9605,0.9560,0.9515,0.9450,0.9410,0.9360,0.9330,0.9290,0.9245,0.9225,0.9190,0.9145,0.9085,0.9050,0.9010,0.8960,0.8895,0.8855,0.8805,0.8730,0.8705,0.8685,0.8635,0.8590,0.8555,0.8525,0.8490,0.8465,0.8415,0.8370
65,2.0000,SpendAwareDPRebalance (R65-aware),2.3800,39373.0330,937.0782,spend25p,937.4951,954.4794,969.8535,985.9145,1000.2375,1017.3972,1033.9201,1052.3870,1065.2906,1075.6612,1081.9889,1089.6505,1092.6492,1094.9978,1100.6668,1090.4423,1082.5125,1068.8353,1050.8902,1035.2973,994.6041,974.8992,958.5937,933.6151,907.0967,694.1591,675.1028,649.2040,612.1361,583.7080,550.5311,527.7468,495.4242,473.1182,455.6330,435.7544,416.6373,400.9731,387.6536,372.6245,357.9267,344.2127,329.3094,315.1063,297.0281,280.8227,269.0449,251.8357,234.0700,217.6954,203.0483,182.7968,172.6613,148.2639,130.8127
65,2.0000,SpendAwareDPRebalance (R65-aware),2.3800,39373.0330,937.0782,spend50p,944.3751,974.8685,1006.8886,1040.1821,1074.9979,1111.4129,1149.1389,1187.8947,1227.6547,1264.0084,1293.5144,1322.9541,1353.8866,1377.2880,1398.8316,1396.7094,1386.8050,1377.9512,1376.4433,1366.5238,1338.3774,1325.0822,1307.6197,1295.7619,1267.4887,1018.2199,1005.7638,981.4141,954.8485,933.7962,898.8375,864.2255,835.3082,813.9902,795.8162,774.1006,763.0124,753.0584,751.8120,747.2700,740.5047,735.8241,728.9800,719.2546,702.6460,694.3357,689.7125,669.2238,652.9087,644.4244,627.6538,610.4022,599.5222,579.5102,558.9556
65,2.0000,SpendAwareDPRebalance (R65-aware),2.3800,39373.0330,937.0782,spend75p,950.9758,994.9866,1045.4084,1095.9870,1150.9270,1214.1718,1279.7844,1340.2080,1407.9643,1470.9639,1538.5971,1600.8223,1651.5758,1698.4474,1743.1756,1774.9457,1798.2993,1819.6722,1835.4942,1846.0640,1813.9084,1820.4319,1813.8838,1797.2043,1790.3966,1478.9856,1470.4257,1448.9414,1431.6976,1394.6582,1356.1285,1317.7928,1307.1589,1289.6612,1278.1389,1273.9269,1262.9774,1251.3555,1255.3818,1254.2559,1259.2937,1260.3556,1260.6728,1249.3334,1257.5708,1263.8020,1263.4022,1255.5775,1228.7436,1230.6049,1212.3902,1206.1939,1206.2255,1175.1097,1155.1483
65,2.0000,SpendAwareDPRebalance (R65-aware),2.5000,37483.1274,937.0782,survival,1.0000,1.0000,1.0000,1.0000,1.0000,1.0000,1.0000,1.0000,1.0000,1.0000,1.0000,0.9990,0.9990,0.9975,0.9960,0.9915,0.9885,0.9855,0.9825,0.9785,0.9750,0.9685,0.9635,0.9595,0.9520,0.9455,0.9420,0.9350,0.9285,0.9250,0.9210,0.9165,0.9140,0.9100,0.9040,0.8995,0.8970,0.8910,0.8865,0.8810,0.8785,0.8715,0.8690,0.8625,0.8565,0.8555,0.8515,0.8465,0.8420,0.8385,0.8330,0.8295,0.8265,0.8220,0.8180
65,2.0000,SpendAwareDPRebalance (R65-aware),2.5000,37483.1274,937.0782,spend25p,937.4951,954.4794,969.8535,985.9145,1000.2375,1017.3972,1033.9201,1052.3870,1065.2906,1075.6612,1081.9889,1088.8444,1092.6492,1094.2986,1098.6971,1086.8918,1078.8781,1066.9738,1044.4453,1028.7884,984.7947,960.3016,939.9978,917.8606,889.7225,674.6428,647.3071,617.7641,590.0976,559.4878,532.5279,497.6901,476.6915,457.3045,429.0502,412.5155,399.8153,377.9710,358.1394,339.1557,331.6528,312.4293,305.0862,290.7497,270.1579,259.8009,245.4865,230.0953,209.1211,187.8520,165.6556,149.4355,135.4757,117.4513,97.3824
65,2.0000,SpendAwareDPRebalance (R65-aware),2.5000,37483.1274,937.0782,spend50p,944.3751,974.8685,1006.8886,1040.1821,1074.9979,1111.4129,1149.1389,1187.8947,1227.6547,1264.0084,1293.5144,1322.5735,1353.8866,1375.1003,1396.8777,1393.6092,1382.2058,1374.3920,1372.5660,1359.9121,1327.5560,1308.7220,1297.3415,1279.3862,1258.4418,1005.8998,992.3590,966.8074,942.3511,914.6176,879.4873,845.2319,821.3993,795.0288,761.6856,745.8530,743.2306,726.9176,726.6453,714.5187,714.7851,701.6392,704.7313,695.8949,678.9861,670.2561,657.1517,645.2813,622.9852,616.2445,589.5870,584.6896,570.4962,553.0575,527.8284
65,2.0000,SpendAwareDPRebalance (R65-aware),2.5000,37483.1274,937.0782,spend75p,950.9758,994.9866,1045.4084,1095.9870,1150.9270,1214.1718,1279.7844,1340.2080,1407.9643,1470.9639,1538.5971,1600.6006,1651.5758,1698.4111,1740.2241,1771.5103,1796.8728,1817.0993,1832.9408,1836.9444,1797.0526,1799.6832,1792.8238,1775.5325,1774.0487,1465.9325,1454.2465,1431.3508,1396.6336,1377.0391,1342.6972,1299.4003,1289.1327,1269.8824,1253.1334,1241.6441,1230.8919,1223.9268,1216.5005,1209.2842,1217.9565,1212.3203,1221.9662,1223.0610,1227.2527,1235.3741,1234.3671,1217.6345,1202.3591,1192.5416,1180.9175,1166.4330,1153.8659,1144.3655,1116.6883
65,2.0000,SpendAwareDPRebalance (R65-aware),2.8000,33467.0780,937.0782,survival,1.0000,1.0000,1.0000,1.0000,1.0000,1.0000,1.0000,1.0000,1.0000,1.0000,0.9995,0.9975,0.9965,0.9915,0.9880,0.9830,0.9760,0.9715,0.9645,0.9570,0.9500,0.9430,0.9325,0.9275,0.9140,0.9080,0.8975,0.8945,0.8835,0.8800,0.8755,0.8680,0.8640,0.8595,0.8550,0.8475,0.8425,0.8355,0.8315,0.8260,0.8205,0.8175,0.8100,0.8035,0.7970,0.7945,0.7905,0.7850,0.7835,0.7795,0.7745,0.7730,0.7720,0.7645,0.7595
65,2.0000,SpendAwareDPRebalance (R65-aware),2.8000,33467.0780,937.0782,spend25p,937.4951,954.4794,969.8535,985.9145,1000.2375,1017.3972,1033.9201,1052.3870,1065.2906,1075.6612,1081.4024,1087.3733,1089.6926,1088.9324,1090.8370,1081.6322,1063.3491,1047.5486,1022.9888,1000.5397,948.6136,925.3225,894.9168,869.0648,830.0160,626.7841,587.1336,561.9282,520.7212,494.3291,465.0280,429.6905,405.8451,383.2838,356.7291,324.5304,303.7478,284.1764,268.5077,253.3968,237.0099,223.7474,200.7527,175.7540,154.9897,143.3163,130.9460,112.4305,97.2293,84.2283,68.5683,57.3263,43.1635,8.5294,0.0000
65,2.0000,SpendAwareDPRebalance (R65-aware),2.8000,33467.0780,937.0782,spend50p,944.3751,974.8685,1006.8886,1040.1821,1074.9979,1111.4129,1149.1389,1187.8947,1227.6547,1264.0084,1293.1971,1320.9355,1351.4362,1367.5625,1383.6493,1385.6649,1368.9503,1359.1609,1346.2843,1325.9116,1285.7172,1275.8901,1254.0784,1235.3007,1210.1173,964.1960,938.4837,918.4311,883.8451,855.8059,828.0559,794.6267,765.6780,734.1914,709.0588,690.0535,678.5567,658.3683,654.9191,644.2229,633.2877,626.1963,614.1663,600.2188,590.0503,583.2052,567.7578,547.7649,539.7027,523.3167,504.5861,490.4583,472.1116,452.2137,434.6759
65,2.0000,SpendAwareDPRebalance (R65-aware),2.8000,33467.0780,937.0782,spend75p,950.9758,994.9866,1045.4084,1095.9870,1150.9270,1214.1718,1279.7844,1340.2080,1407.9643,1470.9639,1537.9684,1600.2602,1650.4332,1693.2229,1730.5475,1763.6680,1776.6190,1793.1820,1800.8969,1793.5876,1763.2050,1747.8421,1728.9692,1739.7387,1720.5942,1410.1238,1390.4316,1368.7875,1316.1925,1291.4078,1262.6732,1225.5138,1203.5882,1187.4038,1174.3504,1148.5105,1133.6145,1123.2825,1133.2271,1132.3202,1129.7726,1128.2865,1121.8113,1133.3455,1121.0752,1109.2331,1110.6650,1093.4777,1084.1488,1078.1257,1056.1264,1042.4444,1035.3809,1002.6659,980.1080
65,2.0000,SpendAwareDPRebalance (R65-aware),3.0000,31235.9395,937.0782,survival,1.0000,1.0000,1.0000,1.0000,1.0000,1.0000,1.0000,1.0000,1.0000,0.9995,0.9985,0.9965,0.9930,0.9890,0.9820,0.9740,0.9670,0.9565,0.9470,0.9380,0.9265,0.9160,0.9055,0.8945,0.8845,0.8730,0.8605,0.8535,0.8490,0.8420,0.8340,0.8265,0.8220,0.8160,0.8105,0.8030,0.8015,0.7920,0.7875,0.7800,0.7745,0.7675,0.7600,0.7550,0.7515,0.7485,0.7425,0.7390,0.7360,0.7325,0.7280,0.7235,0.7225,0.7185,0.7100
65,2.0000,SpendAwareDPRebalance (R65-aware),3.0000,31235.9395,937.0782,spend25p,937.4951,954.4794,969.8535,985.9145,1000.2375,1017.3972,1033.9201,1052.3870,1065.2906,1074.8311,1080.5245,1086.2574,1087.7450,1084.9440,1085.3683,1072.6226,1052.0832,1024.5921,997.4855,972.6372,916.7393,876.7298,842.7184,808.1075,778.3181,566.8064,524.1273,496.8806,469.3465,431.6598,396.0227,361.3167,332.3003,302.9220,278.1199,251.5479,236.2991,211.2911,191.0244,161.1822,137.2102,115.7719,77.3749,40.3853,0.0000,0.0000,0.0000,0.0000,0.0000,0.0000,0.0000,0.0000,0.0000,0.0000,0.0000
65,2.0000,SpendAwareDPRebalance (R65-aware),3.0000,31235.9395,937.0782,spend50p,944.3751,974.8685,1006.8886,1040.1821,1074.9979,1111.4129,1149.1389,1187.8947,1227.6547,1263.9827,1292.7200,1320.8195,1348.6215,1361.7911,1374.0331,1373.5780,1359.9956,1340.4971,1325.5468,1305.8453,1256.4702,1234.0930,1212.7221,1189.1669,1167.1268,915.6475,888.6305,866.1241,838.4241,807.4263,778.6321,742.6075,708.9216,678.5738,654.2228,635.8906,624.9366,601.2553,588.0065,583.6413,571.8482,559.6895,552.0490,536.2758,521.6024,505.9316,493.5732,480.2328,470.5932,454.2523,437.8796,416.8908,406.2012,387.1687,356.9246
65,2.0000,SpendAwareDPRebalance (R65-aware),3.0000,31235.9395,937.0782,spend75p,950.9758,994.9866,1045.4084,1095.9870,1150.9270,1214.1718,1279.7844,1340.2080,1407.9643,1469.2049,1537.4520,1600.2602,1647.9178,1692.1296,1722.3120,1739.8470,1759.0722,1765.8750,1767.7183,1766.2386,1729.5879,1701.2973,1683.1909,1679.9702,1675.8658,1358.3277,1338.2526,1303.1174,1269.2664,1228.5018,1202.6949,1178.5753,1157.7802,1130.0858,1109.3389,1092.2661,1087.0509,1069.9555,1057.6246,1055.0036,1063.6376,1050.3180,1047.3274,1046.8128,1050.8405,1050.5125,1048.1751,1035.2776,1023.3884,1007.0111,987.7369,966.9327,945.3573,928.0073,899.5621
65,2.0000,SpendAwareDPRebalance (R65-aware),3.3300,28140.4860,937.0782,survival,1.0000,1.0000,1.0000,1.0000,1.0000,1.0000,1.0000,1.0000,1.0000,0.9990,0.9965,0.9945,0.9880,0.9785,0.9645,0.9550,0.9455,0.9280,0.9080,0.8930,0.8780,0.8650,0.8475,0.8320,0.8195,0.8060,0.7990,0.7865,0.7775,0.7670,0.7570,0.7480,0.7460,0.7380,0.7330,0.7245,0.7180,0.7155,0.7110,0.7055,0.6975,0.6955,0.6885,0.6815,0.6780,0.6765,0.6715,0.6670,0.6625,0.6595,0.6565,0.6540,0.6525,0.6470,0.6425
65,2.0000,SpendAwareDPRebalance (R65-aware),3.3300,28140.4860,937.0782,spend25p,937.4951,954.4794,969.8535,985.9145,1000.2375,1017.3972,1033.9201,1052.3870,1065.2906,1073.3788,1078.9495,1084.0213,1078.5863,1080.0284,1064.0608,1046.8607,1029.2846,983.0232,941.5366,888.7717,828.5957,788.2949,731.4834,691.5052,646.9931,445.3304,404.3764,351.8232,306.5630,255.4139,179.1505,0.0000,0.0000,0.0000,0.0000,0.0000,0.0000,0.0000,0.0000,0.0000,0.0000,0.0000,0.0000,0.0000,0.0000,0.0000,0.0000,0.0000,0.0000,0.0000,0.0000,0.0000,0.0000,0.0000,0.0000
65,2.0000,SpendAwareDPRebalance (R65-aware),3.3300,28140.4860,937.0782,spend50p,944.3751,974.8685,1006.8886,1040.1821,1074.9979,1111.4129,1149.1389,1187.8947,1227.6547,1263.8719,1290.6325,1318.6506,1345.1228,1355.4897,1355.5896,1353.1882,1341.3571,1317.1498,1283.6572,1257.2647,1201.7672,1173.6712,1140.1774,1116.4245,1092.3185,842.1120,815.6114,782.4244,753.5690,721.2195,678.3077,643.5788,621.0416,588.5383,565.6778,538.3173,525.2810,519.6797,497.7734,485.3369,457.4627,449.4952,432.9371,424.5217,405.0766,399.9614,383.4607,375.1420,351.7873,336.9044,321.6502,304.2803,290.7992,265.6102,243.8330
65,2.0000,SpendAwareDPRebalance (R65-aware),3.3300,28140.4860,937.0782,spend75p,950.9758,994.9866,1045.4084,1095.9870,1150.9270,1214.1718,1279.7844,1340.2080,1407.9643,1468.2769,1536.4886,1599.1029,1642.7947,1675.9912,1703.3304,1723.0599,1732.4506,1735.9333,1718.8007,1706.2818,1640.9256,1628.6586,1622.5067,1608.1734,1589.3830,1290.2643,1264.0698,1218.0592,1192.5510,1166.1676,1123.0558,1074.4564,1060.0276,1032.9792,1007.5215,984.7311,976.0165,971.0880,960.0001,963.5490,969.6980,970.8008,966.9414,947.8965,942.5592,948.2759,941.8882,931.6342,912.9289,915.9188,906.0937,877.0586,871.7658,837.8993,802.2539
65,2.0000,SpendAwareDPRebalance (R65-aware),3.6600,25603.2291,937.0782,survival,1.0000,1.0000,1.0000,1.0000,1.0000,1.0000,1.0000,1.0000,0.9995,0.9975,0.9955,0.9895,0.9805,0.9600,0.9440,0.9310,0.9060,0.8835,0.8625,0.8440,0.8200,0.7990,0.7815,0.7605,0.7470,0.7335,0.7225,0.7135,0.7030,0.6950,0.6840,0.6795,0.6745,0.6695,0.6595,0.6550,0.6500,0.6450,0.6410,0.6375,0.6330,0.6300,0.6220,0.6170,0.6125,0.6120,0.6085,0.6035,0.6010,0.5980,0.5960,0.5935,0.5920,0.5885,0.5840
65,2.0000,SpendAwareDPRebalance (R65-aware),3.6600,25603.2291,937.0782,spend25p,937.4951,954.4794,969.8535,985.9145,1000.2375,1017.3972,1033.9201,1052.3870,1065.1410,1072.0668,1078.4721,1081.0270,1073.8507,1058.5874,1038.1515,1009.6537,966.7398,905.1204,853.0895,796.6746,698.7990,628.3219,567.4723,436.7474,0.0000,0.0000,0.0000,0.0000,0.0000,0.0000,0.0000,0.0000,0.0000,0.0000,0.0000,0.0000,0.0000,0.0000,0.0000,0.0000,0.0000,0.0000,0.0000,0.0000,0.0000,0.0000,0.0000,0.0000,0.0000,0.0000,0.0000,0.0000,0.0000,0.0000,0.0000
65,2.0000,SpendAwareDPRebalance (R65-aware),3.6600,25603.2291,937.0782,spend50p,944.3751,974.8685,1006.8886,1040.1821,1074.9979,1111.4129,1149.1389,1187.8947,1227.1002,1262.0346,1290.2800,1316.4891,1336.8131,1339.7801,1333.7174,1329.1426,1303.0974,1273.4500,1235.7234,1203.9881,1132.5530,1097.3025,1065.9045,1023.5221,995.7500,760.8171,725.2135,691.6285,645.3867,613.1154,574.2191,545.8155,518.8469,489.2280,468.9925,442.4954,426.3646,407.8079,395.1714,379.9808,367.1106,354.8769,338.6224,318.1342,303.8600,293.3077,273.2541,254.5361,240.6654,225.7018,218.6162,202.1877,180.4402,167.0232,143.2219
65,2.0000,SpendAwareDPRebalance (R65-aware),3.6600,25603.2291,937.0782,spend75p,950.9758,994.9866,1045.4084,1095.9870,1150.9270,1214.1718,1279.7844,1340.2080,1407.4349,1467.4488,1535.3258,1594.8922,1638.3812,1658.9545,1688.9706,1704.6521,1705.1070,1680.0573,1659.1178,1639.7799,1567.5280,1559.8124,1539.8966,1519.4207,1487.9380,1183.8535,1151.7124,1127.6392,1094.5930,1063.5042,1023.0842,1000.5999,968.5166,947.9427,914.8469,902.7000,892.4556,888.3816,886.0168,883.9045,880.5786,882.7902,880.5202,869.8740,864.8552,863.2073,849.3304,839.9235,843.6121,833.8565,803.9605,788.9886,775.8790,757.3252,727.7151
65,2.0000,SpendAwareDPRebalance (R65-aware),4.0000,23426.9546,937.0782,survival,1.0000,1.0000,1.0000,1.0000,1.0000,1.0000,1.0000,1.0000,0.9990,0.9965,0.9920,0.9825,0.9600,0.9405,0.9240,0.8970,0.8695,0.8450,0.8120,0.7830,0.7580,0.7280,0.7115,0.6900,0.6715,0.6625,0.6520,0.6425,0.6315,0.6210,0.6150,0.6110,0.6070,0.6010,0.5935,0.5875,0.5800,0.5775,0.5715,0.5660,0.5635,0.5590,0.5530,0.5480,0.5450,0.5425,0.5405,0.5335,0.5310,0.5295,0.5265,0.5220,0.5205,0.5160,0.5115
65,2.0000,SpendAwareDPRebalance (R65-aware),4.0000,23426.9546,937.0782,spend25p,937.4951,954.4794,969.8535,985.9145,1000.2375,1017.3972,1033.9201,1052.3870,1064.5391,1071.3321,1076.1353,1074.6081,1057.1404,1039.3693,1017.9825,971.2316,900.8614,844.8103,744.6304,637.7285,471.9997,0.0000,0.0000,0.0000,0.0000,0.0000,0.0000,0.0000,0.0000,0.0000,0.0000,0.0000,0.0000,0.0000,0.0000,0.0000,0.0000,0.0000,0.0000,0.0000,0.0000,0.0000,0.0000,0.0000,0.0000,0.0000,0.0000,0.0000,0.0000,0.0000,0.0000,0.0000,0.0000,0.0000,0.0000
65,2.0000,SpendAwareDPRebalance (R65-aware),4.0000,23426.9546,937.0782,spend50p,944.3751,974.8685,1006.8886,1040.1821,1074.9979,1111.4129,1149.1389,1187.8947,1226.8436,1261.2376,1288.2427,1311.5411,1318.4138,1321.9179,1313.6066,1290.2222,1260.6459,1233.0276,1178.6480,1132.0946,1058.5335,1008.2700,976.1640,928.1421,877.5350,658.2093,627.1564,587.1742,546.5039,505.8109,477.2950,451.7967,422.1617,394.1546,365.0481,339.3649,308.8992,290.6399,274.2307,255.7687,244.7176,226.6801,208.1804,181.4566,166.6194,157.0762,144.1282,126.8210,114.7313,100.5337,75.2523,58.4498,44.0585,18.5130,0.0000
65,2.0000,SpendAwareDPRebalance (R65-aware),4.0000,23426.9546,937.0782,spend75p,950.9758,994.9866,1045.4084,1095.9870,1150.9270,1214.1718,1279.7844,1340.2080,1407.0591,1467.4488,1533.1145,1587.4645,1616.8767,1643.5646,1662.8485,1677.1906,1661.2592,1652.3595,1610.7142,1566.1793,1517.3958,1476.1858,1461.5453,1425.6786,1386.5236,1101.1400,1070.6896,1043.7239,1001.3243,966.0401,935.6403,913.9405,888.9714,857.7002,843.8457,824.5981,798.4644,790.0366,782.8113,785.4475,786.5082,785.7986,779.0409,766.6356,768.0603,766.0337,763.2453,731.3608,716.6279,706.7260,696.6573,677.2793,653.8536,635.0041,612.1199
65,2.0000,SpendAwareDPRebalance (R65-aware),4.3300,21641.5285,937.0782,survival,1.0000,1.0000,1.0000,1.0000,1.0000,1.0000,1.0000,0.9995,0.9980,0.9940,0.9865,0.9680,0.9450,0.9235,0.8925,0.8620,0.8270,0.7895,0.7515,0.7255,0.6940,0.6710,0.6540,0.6310,0.6180,0.6075,0.5930,0.5830,0.5705,0.5645,0.5530,0.5485,0.5400,0.5325,0.5285,0.5235,0.5185,0.5150,0.5115,0.5070,0.5025,0.4985,0.4940,0.4890,0.4860,0.4845,0.4810,0.4775,0.4755,0.4725,0.4685,0.4660,0.4640,0.4615,0.4575
65,2.0000,SpendAwareDPRebalance (R65-aware),4.3300,21641.5285,937.0782,spend25p,937.4951,954.4794,969.8535,985.9145,1000.2375,1017.3972,1033.9201,1051.8330,1063.8964,1068.7792,1073.3504,1058.8667,1043.2427,1018.6843,970.4509,908.4009,827.5238,712.1967,382.1198,0.0000,0.0000,0.0000,0.0000,0.0000,0.0000,0.0000,0.0000,0.0000,0.0000,0.0000,0.0000,0.0000,0.0000,0.0000,0.0000,0.0000,0.0000,0.0000,0.0000,0.0000,0.0000,0.0000,0.0000,0.0000,0.0000,0.0000,0.0000,0.0000,0.0000,0.0000,0.0000,0.0000,0.0000,0.0000,0.0000
65,2.0000,SpendAwareDPRebalance (R65-aware),4.3300,21641.5285,937.0782,spend50p,944.3751,974.8685,1006.8886,1040.1821,1074.9979,1111.4129,1149.1389,1187.7253,1226.5115,1259.8053,1284.7654,1302.7403,1305.6875,1304.0224,1287.0195,1261.0498,1226.7571,1163.7454,1105.3600,1060.1618,980.7517,928.5233,885.3478,820.8478,783.9332,570.5627,524.0887,489.3808,441.1079,400.3312,357.3043,322.1904,280.9659,240.6362,211.1999,189.6056,156.8132,137.8957,111.0747,77.4587,20.8353,0.0000,0.0000,0.0000,0.0000,0.0000,0.0000,0.0000,0.0000,0.0000,0.0000,0.0000,0.0000,0.0000,0.0000
65,2.0000,SpendAwareDPRebalance (R65-aware),4.3300,21641.5285,937.0782,spend75p,950.9758,994.9866,1045.4084,1095.9870,1150.9270,1214.1718,1279.7844,1339.9469,1406.9192,1465.5386,1529.7633,1577.0442,1601.0790,1631.6462,1638.1638,1648.4446,1628.9048,1587.5956,1532.0163,1516.0296,1441.2729,1408.2279,1391.9514,1343.8104,1313.3397,1042.5650,1010.2109,972.5993,946.2695,920.2960,878.6181,843.0329,800.9238,767.4559,743.5005,721.5088,717.3763,710.9889,710.5754,700.0169,690.9464,683.3894,678.8464,665.6227,661.6825,658.1516,643.8742,630.4932,613.5943,606.1400,583.2944,571.1014,554.2446,532.9241,510.6954
65,2.0000,SpendAwareDPRebalance (R65-aware),4.6600,20108.9739,937.0782,survival,1.0000,1.0000,1.0000,1.0000,1.0000,1.0000,1.0000,0.9995,0.9970,0.9900,0.9780,0.9505,0.9255,0.8945,0.8590,0.8230,0.7775,0.7380,0.7015,0.6680,0.6435,0.6190,0.5960,0.5785,0.5640,0.5485,0.5380,0.5245,0.5075,0.4975,0.4915,0.4855,0.4790,0.4760,0.4715,0.4650,0.4610,0.4585,0.4530,0.4490,0.4455,0.4415,0.4365,0.4320,0.4295,0.4280,0.4225,0.4190,0.4170,0.4135,0.4115,0.4105,0.4070,0.4050,0.4030
65,2.0000,SpendAwareDPRebalance (R65-aware),4.6600,20108.9739,937.0782,spend25p,937.4951,954.4794,969.8535,985.9145,1000.2375,1017.3972,1033.9201,1051.8330,1063.7663,1067.8501,1063.5983,1044.3788,1023.7904,980.7872,919.7136,841.9490,683.4695,0.0000,0.0000,0.0000,0.0000,0.0000,0.0000,0.0000,0.0000,0.0000,0.0000,0.0000,0.0000,0.0000,0.0000,0.0000,0.0000,0.0000,0.0000,0.0000,0.0000,0.0000,0.0000,0.0000,0.0000,0.0000,0.0000,0.0000,0.0000,0.0000,0.0000,0.0000,0.0000,0.0000,0.0000,0.0000,0.0000,0.0000,0.0000
65,2.0000,SpendAwareDPRebalance (R65-aware),4.6600,20108.9739,937.0782,spend50p,944.3751,974.8685,1006.8886,1040.1821,1074.9979,1111.4129,1149.1389,1187.7253,1226.1752,1256.2811,1281.4830,1287.5901,1292.2015,1282.8517,1254.5047,1216.9264,1162.8777,1101.8850,1044.6701,984.0183,904.1784,842.0388,771.1410,709.3701,655.4310,445.2229,390.9784,320.9873,211.3328,0.0000,0.0000,0.0000,0.0000,0.0000,0.0000,0.0000,0.0000,0.0000,0.0000,0.0000,0.0000,0.0000,0.0000,0.0000,0.0000,0.0000,0.0000,0.0000,0.0000,0.0000,0.0000,0.0000,0.0000,0.0000,0.0000
65,2.0000,SpendAwareDPRebalance (R65-aware),4.6600,20108.9739,937.0782,spend75p,950.9758,994.9866,1045.4084,1095.9870,1150.9270,1214.1718,1279.7844,1339.9469,1406.8465,1463.4869,1523.6035,1561.4546,1588.7638,1612.7388,1615.3792,1613.3030,1576.1917,1530.1490,1479.8589,1426.6735,1369.4345,1335.1887,1298.0803,1266.8551,1239.9271,970.1584,949.5310,919.1666,870.9162,834.4171,800.3141,770.3238,724.3987,699.4516,667.5135,649.1683,636.1664,635.8863,626.1682,609.9951,609.6675,603.8280,577.4716,569.0749,557.7377,550.4757,524.0916,506.8994,501.4876,488.0985,464.5442,452.0187,436.6196,420.8712,395.7600
65,2.0000,SpendAwareDPRebalance (R65-aware),5.0000,18741.5637,937.0782,survival,1.0000,1.0000,1.0000,1.0000,1.0000,1.0000,1.0000,0.9985,0.9935,0.9850,0.9600,0.9330,0.9000,0.8595,0.8165,0.7705,0.7285,0.6830,0.6480,0.6150,0.5890,0.5620,0.5400,0.5215,0.4970,0.4820,0.4695,0.4615,0.4500,0.4455,0.4395,0.4315,0.4280,0.4215,0.4185,0.4130,0.4070,0.4020,0.3970,0.3930,0.3900,0.3860,0.3830,0.3780,0.3750,0.3730,0.3680,0.3650,0.3640,0.3610,0.3600,0.3585,0.3555,0.3545,0.3530
65,2.0000,SpendAwareDPRebalance (R65-aware),5.0000,18741.5637,937.0782,spend25p,937.4951,954.4794,969.8535,985.9145,1000.2375,1017.3972,1033.9201,1051.5575,1062.4014,1065.8340,1051.3137,1029.9624,995.6091,935.5433,847.6787,686.7360,0.0000,0.0000,0.0000,0.0000,0.0000,0.0000,0.0000,0.0000,0.0000,0.0000,0.0000,0.0000,0.0000,0.0000,0.0000,0.0000,0.0000,0.0000,0.0000,0.0000,0.0000,0.0000,0.0000,0.0000,0.0000,0.0000,0.0000,0.0000,0.0000,0.0000,0.0000,0.0000,0.0000,0.0000,0.0000,0.0000,0.0000,0.0000,0.0000
65,2.0000,SpendAwareDPRebalance (R65-aware),5.0000,18741.5637,937.0782,spend50p,944.3751,974.8685,1006.8886,1040.1821,1074.9979,1111.4129,1149.1389,1187.6228,1222.9711,1252.7661,1270.6190,1276.7622,1274.7425,1253.4574,1207.7754,1155.1441,1100.9998,1034.0673,963.4462,877.1890,788.0260,677.2149,611.7498,514.4337,0.0000,0.0000,0.0000,0.0000,0.0000,0.0000,0.0000,0.0000,0.0000,0.0000,0.0000,0.0000,0.0000,0.0000,0.0000,0.0000,0.0000,0.0000,0.0000,0.0000,0.0000,0.0000,0.0000,0.0000,0.0000,0.0000,0.0000,0.0000,0.0000,0.0000,0.0000
65,2.0000,SpendAwareDPRebalance (R65-aware),5.0000,18741.5637,937.0782,spend75p,950.9758,994.9866,1045.4084,1095.9870,1150.9270,1214.1718,1279.7844,1339.2106,1405.3589,1458.0802,1512.7498,1551.5429,1578.1360,1590.6030,1586.0984,1556.3715,1523.0108,1450.2030,1402.8527,1364.0900,1285.3014,1259.3204,1216.4244,1179.9803,1142.3894,880.1464,847.4988,816.9004,771.2960,745.4502,711.0321,671.0598,646.1820,615.4365,595.3477,578.7178,551.5556,543.9120,527.6883,506.0026,496.2549,471.8545,464.5299,440.3205,435.4574,423.6505,400.9013,384.8056,380.5398,363.1113,341.4392,328.2883,306.5064,286.3312,271.2578
65,3.0000,SpendAwareDPRebalance (R65-aware),1.5000,92991.1518,1394.8673,survival,1.0000,1.0000,1.0000,1.0000,1.0000,1.0000,1.0000,1.0000,1.0000,1.0000,1.0000,1.0000,1.0000,1.0000,1.0000,1.0000,1.0000,1.0000,1.0000,1.0000,1.0000,1.0000,1.0000,1.0000,1.0000,0.9980,0.9975,0.9975,0.9965,0.9945,0.9925,0.9910,0.9890,0.9885,0.9885,0.9885,0.9880,0.9875,0.9855,0.9835,0.9835,0.9835,0.9825,0.9820,0.9805,0.9785,0.9775,0.9750,0.9745,0.9735,0.9705,0.9690,0.9675,0.9660,0.9640
65,3.0000,SpendAwareDPRebalance (R65-aware),1.5000,92991.1518,1394.8673,spend25p,1395.4879,1421.0083,1444.1286,1468.2686,1489.8170,1515.5878,1540.4058,1568.1104,1587.5094,1603.1110,1612.6589,1624.4843,1629.3283,1635.3371,1644.5039,1637.8801,1622.2538,1608.7570,1591.7793,1568.0584,1522.0383,1493.8676,1482.1366,1474.5643,1447.9529,1227.2575,1199.4346,1168.3964,1138.2270,1094.1652,1055.9239,1020.1185,992.9628,965.9209,944.3501,925.5563,919.9785,909.8969,893.1870,879.2264,855.9281,861.0401,862.0550,862.7668,862.2209,855.4944,847.1769,835.7850,826.9366,811.2164,793.5992,774.7032,757.3192,741.1359,724.4562
65,3.0000,SpendAwareDPRebalance (R65-aware),1.5000,92991.1518,1394.8673,spend50p,1405.7289,1451.3631,1499.2744,1549.0863,1601.1699,1655.6403,1712.0666,1770.0237,1829.4663,1883.8141,1927.9287,1972.1468,2018.9724,2056.5431,2087.5011,2089.5783,2083.2356,2067.2441,2066.4336,2064.9799,2028.4099,2023.2857,2007.1705,2006.2564,1997.4442,1728.4216,1717.0555,1698.2004,1669.4961,1619.1934,1594.8116,1560.1097,1524.3939,1502.1745,1488.8661,1476.2511,1475.1796,1483.1312,1497.1121,1507.9903,1521.6845,1541.7311,1548.7528,1554.6209,1539.6378,1546.9033,1559.9166,1548.5157,1551.6943,1552.1717,1521.6268,1505.1185,1511.3252,1484.0727,1448.4817
65,3.0000,SpendAwareDPRebalance (R65-aware),1.5000,92991.1518,1394.8673,spend75p,1415.5543,1481.3146,1556.6312,1632.1935,1714.2636,1808.7173,1906.7114,1996.9784,2098.1659,2192.2502,2293.2142,2386.8868,2463.7563,2532.9457,2601.0593,2649.4562,2690.1083,2744.7999,2763.6332,2782.6142,2755.4324,2776.6607,2798.8021,2810.6807,2825.0786,2492.5781,2509.6743,2511.8500,2479.4949,2432.5503,2413.4218,2367.0705,2332.7314,2302.1572,2296.1828,2310.4715,2339.0112,2375.1143,2372.4742,2393.3495,2443.5096,2492.5550,2522.3898,2574.0078,2610.2267,2637.2505,2641.1567,2650.7417,2661.6867,2655.1049,2648.5152,2674.7699,2691.2944,2692.7018,2698.6416
65,3.0000,SpendAwareDPRebalance (R65-aware),1.6600,84028.1492,1394.8673,survival,1.0000,1.0000,1.0000,1.0000,1.0000,1.0000,1.0000,1.0000,1.0000,1.0000,1.0000,1.0000,1.0000,1.0000,1.0000,1.0000,1.0000,1.0000,1.0000,0.9995,0.9995,0.9995,0.9990,0.9985,0.9965,0.9955,0.9945,0.9945,0.9930,0.9905,0.9885,0.9875,0.9865,0.9860,0.9860,0.9855,0.9845,0.9840,0.9815,0.9810,0.9805,0.9780,0.9770,0.9750,0.9745,0.9730,0.9715,0.9695,0.9665,0.9620,0.9610,0.9580,0.9545,0.9525,0.9505
65,3.0000,SpendAwareDPRebalance (R65-aware),1.6600,84028.1492,1394.8673,spend25p,1395.4879,1421.0083,1444.1286,1468.2686,1489.8170,1515.5878,1540.4058,1568.1104,1587.5094,1603.1110,1612.6589,1624.4843,1629.3283,1635.3371,1644.5039,1637.8801,1622.2538,1608.7570,1591.7793,1566.8850,1520.9372,1493.6503,1481.7167,1469.1554,1444.7818,1224.0251,1193.4104,1165.3121,1128.1848,1088.9228,1051.3648,1011.8300,987.1213,960.9232,940.0351,918.9163,914.4080,899.3506,884.0855,874.4817,849.5902,840.4723,851.3316,838.4980,842.6598,832.0716,834.8014,825.7232,801.2119,779.1204,763.1529,741.3951,717.0746,692.9186,677.6249
65,3.0000,SpendAwareDPRebalance (R65-aware),1.6600,84028.1492,1394.8673,spend50p,1405.7289,1451.3631,1499.2744,1549.0863,1601.1699,1655.6403,1712.0666,1770.0237,1829.4663,1883.8141,1927.9287,1972.1468,2018.9724,2056.5431,2087.5011,2089.5783,2083.2356,2067.2441,2066.4336,2063.9476,2027.4891,2019.4665,2006.5381,2002.5141,1984.0205,1723.1909,1704.1321,1689.8027,1656.6504,1612.1140,1581.3416,1548.7925,1518.9764,1496.2303,1484.3650,1467.2691,1462.6009,1476.9117,1488.2059,1500.8434,1516.5090,1525.5092,1536.4320,1538.7652,1526.2072,1527.1367,1539.0755,1541.6388,1529.8785,1513.6051,1489.4141,1468.9513,1450.5928,1434.1792,1400.0272
65,3.0000,SpendAwareDPRebalance (R65-aware),1.6600,84028.1492,1394.8673,spend75p,1415.5543,1481.3146,1556.6312,1632.1935,1714.2636,1808.7173,1906.7114,1996.9784,2098.1659,2192.2502,2293.2142,2386.8868,2463.7563,2532.9457,2601.0593,2649.4562,2690.1083,2744.7999,2763.6332,2781.5623,2752.4228,2776.4325,2797.0415,2804.8943,2803.4838,2478.6256,2494.0719,2501.4637,2470.4011,2415.9239,2397.7298,2352.8787,2326.1744,2294.8575,2287.5227,2300.3790,2319.0565,2366.0534,2363.4389,2392.9772,2439.9446,2462.7383,2501.6088,2542.6692,2574.7861,2611.2353,2623.1757,2628.9290,2616.2864,2600.4158,2607.2872,2624.2098,2595.5572,2615.0062,2611.4091
65,3.0000,SpendAwareDPRebalance (R65-aware),1.8000,77492.6265,1394.8673,survival,1.0000,1.0000,1.0000,1.0000,1.0000,1.0000,1.0000,1.0000,1.0000,1.0000,1.0000,1.0000,1.0000,1.0000,1.0000,1.0000,1.0000,0.9995,0.9995,0.9995,0.9990,0.9970,0.9955,0.9945,0.9930,0.9920,0.9920,0.9910,0.9885,0.9875,0.9865,0.9835,0.9820,0.9800,0.9800,0.9780,0.9760,0.9735,0.9705,0.9680,0.9660,0.9640,0.9630,0.9620,0.9600,0.9575,0.9555,0.9535,0.9520,0.9490,0.9450,0.9435,0.9395,0.9375,0.9335
65,3.0000,SpendAwareDPRebalance (R65-aware),1.8000,77492.6265,1394.8673,spend25p,1395.4879,1421.0083,1444.1286,1468.2686,1489.8170,1515.5878,1540.4058,1568.1104,1587.5094,1603.1110,1612.6589,1624.4843,1629.3283,1635.3371,1644.5039,1637.8801,1622.2538,1608.3597,1590.8277,1566.8850,1520.3069,1488.4250,1476.8260,1462.1339,1436.6895,1219.0978,1189.2086,1156.7359,1118.0176,1081.3452,1049.8686,1003.7157,977.5132,936.6193,915.2844,903.6036,896.2836,876.7237,854.6075,827.7953,821.9643,811.2461,812.7721,816.5649,805.1576,798.9062,793.4298,780.2204,772.6136,748.8189,720.9582,694.0414,676.0977,660.4402,633.3293
65,3.0000,SpendAwareDPRebalance (R65-aware),1.8000,77492.6265,1394.8673,spend50p,1405.7289,1451.3631,1499.2744,1549.0863,1601.1699,1655.6403,1712.0666,1770.0237,1829.4663,1883.8141,1927.9287,1972.1468,2018.9724,2056.5431,2087.5011,2089.5783,2083.2356,2065.4918,2065.3666,2063.9476,2026.9927,2012.2539,2001.5103,1988.9574,1971.3914,1707.7969,1700.9031,1682.7201,1644.2752,1606.7052,1576.3649,1538.4538,1504.5837,1484.6141,1465.6748,1449.9473,1437.0886,1450.8356,1463.5575,1466.4646,1484.3550,1487.3318,1481.1120,1484.7926,1496.4488,1488.5107,1491.8479,1498.2552,1496.0043,1459.9398,1434.5416,1425.3190,1406.7758,1386.7887,1361.5921
65,3.0000,SpendAwareDPRebalance (R65-aware),1.8000,77492.6265,1394.8673,spend75p,1415.5543,1481.3146,1556.6312,1632.1935,1714.2636,1808.7173,1906.7114,1996.9784,2098.1659,2192.2502,2293.2142,2386.8868,2463.7563,2532.9457,2601.0593,2649.4562,2690.1083,2738.6442,2762.6895,2781.5623,2749.8613,2771.0153,2788.9882,2783.5617,2793.2807,2468.3373,2485.8709,2487.1608,2451.3810,2409.9611,2387.2804,2337.9266,2307.0320,2275.0588,2276.0764,2273.4217,2292.8848,2305.7012,2334.8784,2354.7351,2383.8302,2412.8732,2452.2411,2484.3225,2517.2111,2538.5600,2550.5588,2544.6846,2545.4960,2539.7178,2539.2668,2553.5092,2540.5432,2539.5579,2553.5124
65,3.0000,SpendAwareDPRebalance (R65-aware),1.8900,73802.5014,1394.8673,survival,1.0000,1.0000,1.0000,1.0000,1.0000,1.0000,1.0000,1.0000,1.0000,1.0000,1.0000,1.0000,1.0000,1.0000,1.0000,1.0000,1.0000,0.9995,0.9990,0.9980,0.9970,0.9955,0.9940,0.9920,0.9910,0.9905,0.9895,0.9880,0.9860,0.9825,0.9805,0.9785,0.9765,0.9750,0.9720,0.9700,0.9670,0.9650,0.9630,0.9610,0.9595,0.9575,0.9560,0.9530,0.9515,0.9490,0.9475,0.9440,0.9410,0.9375,0.9340,0.9315,0.9300,0.9275,0.9245
65,3.0000,SpendAwareDPRebalance (R65-aware),1.8900,73802.5014,1394.8673,spend25p,1395.4879,1421.0083,1444.1286,1468.2686,1489.8170,1515.5878,1540.4058,1568.1104,1587.5094,1603.1110,1612.6589,1624.4843,1629.3283,1635.3371,1644.5039,1637.8801,1622.2538,1608.3597,1589.3704,1564.9799,1516.9749,1486.5570,1473.9703,1457.8657,1434.6274,1216.7710,1184.2741,1150.5933,1108.6416,1068.0618,1035.0856,993.3040,960.9590,928.4083,899.8101,883.4998,875.4137,854.9436,835.3458,818.2841,808.4526,802.4263,791.8657,792.3850,786.9117,779.6663,772.3286,753.1504,738.7960,721.9235,690.0758,668.1468,654.0698,626.1171,610.1725
65,3.0000,SpendAwareDPRebalance (R65-aware),1.8900,73802.5014,1394.8673,spend50p,1405.7289,1451.3631,1499.2744,1549.0863,1601.1699,1655.6403,1712.0666,1770.0237,1829.4663,1883.8141,1927.9287,1972.1468,2018.9724,2056.5431,2087.5011,2089.5783,2083.2356,2065.4918,2065.0994,2062.5909,2024.7596,2010.6442,1999.2470,1980.2436,1965.0259,1704.6404,1696.0294,1674.1340,1636.3961,1596.3721,1555.7449,1522.8036,1495.4969,1475.1851,1453.7422,1430.3914,1422.5523,1422.3035,1440.8931,1449.6515,1473.1657,1464.5890,1467.5636,1461.4279,1477.6155,1466.1436,1458.0689,1469.2308,1460.9798,1425.6914,1401.9966,1384.9269,1373.9292,1361.2767,1335.1735
65,3.0000,SpendAwareDPRebalance (R65-aware),1.8900,73802.5014,1394.8673,spend75p,1415.5543,1481.3146,1556.6312,1632.1935,1714.2636,1808.7173,1906.7114,1996.9784,2098.1659,2192.2502,2293.2142,2386.8868,2463.7563,2532.9457,2601.0593,2649.4562,2690.1083,2738.6442,2761.4328,2778.0588,2744.8285,2768.0297,2781.2787,2766.6047,2788.7328,2464.2290,2480.6351,2468.0020,2445.2192,2394.7409,2349.8847,2316.1064,2290.0151,2265.5398,2243.3795,2242.4969,2249.6529,2269.7098,2305.6025,2326.0476,2363.6312,2378.7537,2420.5807,2441.3543,2473.4847,2490.9550,2516.6687,2509.7287,2506.6058,2494.6386,2494.8509,2488.0749,2468.8490,2478.8201,2464.2855
65,3.0000,SpendAwareDPRebalance (R65-aware),2.0000,69743.3638,1394.8673,survival,1.0000,1.0000,1.0000,1.0000,1.0000,1.0000,1.0000,1.0000,1.0000,1.0000,1.0000,1.0000,1.0000,1.0000,1.0000,1.0000,0.9985,0.9985,0.9975,0.9960,0.9950,0.9935,0.9915,0.9915,0.9905,0.9875,0.9850,0.9805,0.9775,0.9735,0.9695,0.9665,0.9635,0.9610,0.9585,0.9560,0.9530,0.9510,0.9490,0.9480,0.9455,0.9425,0.9395,0.9350,0.9330,0.9305,0.9275,0.9230,0.9210,0.9175,0.9125,0.9105,0.9085,0.9065,0.9020
65,3.0000,SpendAwareDPRebalance (R65-aware),2.0000,69743.3638,1394.8673,spend25p,1395.4879,1421.0083,1444.1286,1468.2686,1489.8170,1515.5878,1540.4058,1568.1104,1587.5094,1603.1110,1612.6589,1624.4843,1629.3283,1635.3371,1644.5039,1637.8801,1621.3589,1606.0797,1586.7525,1562.5516,1515.4193,1482.8360,1466.8730,1456.2208,1434.4697,1212.7704,1172.2948,1131.4616,1095.9481,1047.2744,1003.5012,962.1318,932.4153,898.5038,875.2043,862.4377,832.1336,811.8061,803.8682,796.0138,785.4291,772.5952,764.3046,752.5983,743.0084,725.3609,711.3328,692.9476,675.2281,651.8873,637.7780,606.6459,583.9699,567.8556,540.3093
65,3.0000,SpendAwareDPRebalance (R65-aware),2.0000,69743.3638,1394.8673,spend50p,1405.7289,1451.3631,1499.2744,1549.0863,1601.1699,1655.6403,1712.0666,1770.0237,1829.4663,1883.8141,1927.9287,1972.1468,2018.9724,2056.5431,2087.5011,2089.5783,2079.0884,2063.2065,2063.1453,2052.7339,2023.4477,2005.4219,1992.0095,1977.9206,1964.5743,1699.7515,1686.9078,1650.3125,1617.0726,1583.1772,1540.2093,1498.3251,1462.2322,1436.6031,1422.9743,1410.0612,1390.7969,1394.1498,1404.9790,1423.3346,1433.7200,1430.8025,1433.4401,1431.7434,1427.6202,1423.6024,1418.9633,1391.2752,1376.8889,1362.1450,1349.1804,1332.1918,1316.1157,1297.6647,1281.3266
65,3.0000,SpendAwareDPRebalance (R65-aware),2.0000,69743.3638,1394.8673,spend75p,1415.5543,1481.3146,1556.6312,1632.1935,1714.2636,1808.7173,1906.7114,1996.9784,2098.1659,2192.2502,2293.2142,2386.8868,2463.7563,2532.9457,2601.0593,2649.4562,2688.5045,2736.6310,2760.0761,2775.8346,2741.5377,2760.7611,2773.2505,2760.7363,2786.6726,2457.8542,2464.1491,2439.0278,2422.9046,2380.3137,2324.1523,2271.5831,2240.7437,2215.6568,2203.5312,2205.3797,2196.2382,2234.2323,2256.2138,2291.2063,2318.5891,2335.5360,2364.2550,2365.8356,2393.5611,2416.3802,2434.8398,2419.7554,2444.5632,2428.3283,2376.4772,2367.8360,2384.5297,2394.9941,2346.2401
65,3.0000,SpendAwareDPRebalance (R65-aware),2.1300,65486.7266,1394.8673,survival,1.0000,1.0000,1.0000,1.0000,1.0000,1.0000,1.0000,1.0000,1.0000,1.0000,1.0000,1.0000,1.0000,1.0000,0.9990,0.9985,0.9985,0.9965,0.9965,0.9925,0.9900,0.9880,0.9840,0.9810,0.9790,0.9735,0.9690,0.9675,0.9620,0.9590,0.9560,0.9525,0.9515,0.9480,0.9445,0.9425,0.9395,0.9370,0.9340,0.9315,0.9295,0.9235,0.9200,0.9125,0.9090,0.9055,0.9030,0.9025,0.8975,0.8915,0.8880,0.8830,0.8810,0.8785,0.8755
65,3.0000,SpendAwareDPRebalance (R65-aware),2.1300,65486.7266,1394.8673,spend25p,1395.4879,1421.0083,1444.1286,1468.2686,1489.8170,1515.5878,1540.4058,1568.1104,1587.5094,1603.1110,1612.6589,1624.4843,1629.3283,1635.3371,1643.0902,1631.9246,1621.3589,1603.1897,1584.6166,1555.6042,1505.8375,1477.2541,1457.1123,1432.6850,1406.3291,1170.9411,1140.1653,1109.8653,1055.7485,1015.5186,975.2748,931.1453,902.3264,873.2105,850.1895,831.8385,796.7532,782.5132,768.0784,757.8473,748.9593,730.4700,716.0861,692.5778,677.0032,665.7125,653.7867,643.5770,620.7781,579.8571,555.0477,527.8648,516.6322,496.7248,474.0314
65,3.0000,SpendAwareDPRebalance (R65-aware),2.1300,65486.7266,1394.8673,spend50p,1405.7289,1451.3631,1499.2744,1549.0863,1601.1699,1655.6403,1712.0666,1770.0237,1829.4663,1883.8141,1927.9287,1972.1468,2018.9724,2056.5431,2086.8375,2085.0348,2079.0884,2059.6131,2062.3856,2048.1186,2020.7021,2001.3566,1979.4725,1963.9434,1938.7069,1679.3904,1658.0805,1635.0179,1599.3098,1555.4058,1521.3579,1477.6711,1446.2830,1416.8303,1398.4148,1382.8693,1360.6494,1365.0370,1371.3494,1380.8606,1398.2743,1383.7233,1383.4313,1370.8695,1359.5263,1358.6733,1341.7969,1328.8565,1302.9882,1281.4975,1272.8539,1252.9773,1227.6229,1227.1124,1206.5047
65,3.0000,SpendAwareDPRebalance (R65-aware),2.1300,65486.7266,1394.8673,spend75p,1415.5543,1481.3146,1556.6312,1632.1935,1714.2636,1808.7173,1906.7114,1996.9784,2098.1659,2192.2502,2293.2142,2386.8868,2463.7563,2532.9457,2600.6430,2647.8452,2688.5045,2735.3691,2757.8406,2762.8179,2733.4739,2748.0118,2760.5180,2737.3159,2751.9174,2421.1410,2398.5601,2395.6726,2366.5633,2334.6082,2273.9625,2242.4982,2208.7840,2188.6726,2172.1966,2171.0323,2173.1999,2186.9027,2213.0580,2250.5842,2271.9628,2269.8931,2298.9580,2284.7921,2299.4895,2317.8593,2327.7523,2347.8463,2334.6306,2310.0559,2300.1689,2279.0486,2293.4741,2269.0948,2252.7101
65,3.0000,SpendAwareDPRebalance (R65-aware),2.2200,62831.8593,1394.8673,survival,1.0000,1.0000,1.0000,1.0000,1.0000,1.0000,1.0000,1.0000,1.0000,1.0000,1.0000,1.0000,1.0000,0.9985,0.9985,0.9980,0.9965,0.9940,0.9910,0.9880,0.9865,0.9830,0.9800,0.9795,0.9730,0.9680,0.9655,0.9610,0.9570,0.9520,0.9470,0.9430,0.9395,0.9365,0.9320,0.9295,0.9270,0.9245,0.9215,0.9205,0.9180,0.9140,0.9070,0.9030,0.8980,0.8940,0.8905,0.8860,0.8820,0.8780,0.8750,0.8700,0.8670,0.8635,0.8570
65,3.0000,SpendAwareDPRebalance (R65-aware),2.2200,62831.8593,1394.8673,spend25p,1395.4879,1421.0083,1444.1286,1468.2686,1489.8170,1515.5878,1540.4058,1568.1104,1587.5094,1603.1110,1612.6589,1624.4843,1629.3283,1632.1748,1641.8155,1630.5008,1616.9491,1600.9172,1574.3214,1547.3635,1499.3573,1469.8552,1450.6027,1431.6492,1396.9875,1156.1370,1131.1394,1093.6319,1041.9769,999.2968,953.5670,918.6822,880.4354,842.4958,827.3050,790.2592,777.2201,752.5925,730.6338,728.1455,718.4885,701.9170,679.2680,671.4158,654.8236,630.3590,615.5509,590.8560,566.0176,545.6869,524.0499,500.1835,478.8414,453.6689,419.3333
65,3.0000,SpendAwareDPRebalance (R65-aware),2.2200,62831.8593,1394.8673,spend50p,1405.7289,1451.3631,1499.2744,1549.0863,1601.1699,1655.6403,1712.0666,1770.0237,1829.4663,1883.8141,1927.9287,1972.1468,2018.9724,2052.9491,2086.1911,2083.9114,2076.4614,2057.6251,2053.9378,2040.2964,2016.6594,1995.2615,1970.6179,1961.2774,1924.5540,1663.8425,1654.1581,1621.1349,1585.8150,1547.4177,1508.1640,1447.6306,1419.8663,1394.3167,1370.4642,1350.3359,1332.3713,1338.0823,1336.2077,1355.7822,1358.0933,1356.8409,1346.3811,1343.7753,1325.0858,1315.3311,1308.8510,1276.1220,1258.6325,1248.8434,1229.5890,1215.5215,1207.4247,1187.8373,1148.7964
65,3.0000,SpendAwareDPRebalance (R65-aware),2.2200,62831.8593,1394.8673,spend75p,1415.5543,1481.3146,1556.6312,1632.1935,1714.2636,1808.7173,1906.7114,1996.9784,2098.1659,2192.2502,2293.2142,2386.8868,2463.7563,2531.6608,2599.3591,2647.5296,2683.3168,2731.2392,2740.2323,2751.8932,2725.4452,2740.8845,2750.9280,2734.4155,2730.1946,2393.7872,2382.7100,2371.9737,2358.7241,2324.3450,2252.7439,2190.0480,2167.9300,2156.5510,2148.4755,2152.4563,2145.1858,2146.8360,2178.5846,2211.9723,2226.9066,2249.0903,2218.6718,2256.7691,2262.8232,2274.8864,2284.3886,2281.5404,2269.1211,2247.2198,2247.6766,2247.1413,2243.9581,2226.1703,2188.0662
65,3.0000,SpendAwareDPRebalance (R65-aware),2.3800,58607.8688,1394.8673,survival,1.0000,1.0000,1.0000,1.0000,1.0000,1.0000,1.0000,1.0000,1.0000,1.0000,1.0000,0.9995,0.9990,0.9985,0.9975,0.9945,0.9895,0.9870,0.9845,0.9815,0.9785,0.9750,0.9675,0.9645,0.9595,0.9530,0.9490,0.9455,0.9365,0.9325,0.9280,0.9250,0.9210,0.9180,0.9120,0.9100,0.9070,0.9005,0.8980,0.8915,0.8880,0.8830,0.8780,0.8730,0.8670,0.8625,0.8600,0.8560,0.8530,0.8475,0.8430,0.8380,0.8340,0.8315,0.8245
65,3.0000,SpendAwareDPRebalance (R65-aware),2.3800,58607.8688,1394.8673,spend25p,1395.4879,1421.0083,1444.1286,1468.2686,1489.8170,1515.5878,1540.4058,1568.1104,1587.5094,1603.1110,1612.6589,1624.1614,1628.6748,1632.1748,1639.4992,1624.0599,1609.0428,1590.9196,1560.7504,1537.9904,1483.5836,1457.1930,1420.5369,1394.7793,1351.5079,1125.1742,1090.2945,1054.3904,1004.3718,961.2176,913.3604,879.2033,838.6893,814.1586,771.0755,753.7027,733.9296,706.7547,689.4323,655.4015,644.7869,633.9736,606.9679,589.1029,561.9045,539.8035,518.8992,499.7854,483.2197,458.0047,421.6148,391.4531,371.3100,351.1412,315.3489
65,3.0000,SpendAwareDPRebalance (R65-aware),2.3800,58607.8688,1394.8673,spend50p,1405.7289,1451.3631,1499.2744,1549.0863,1601.1699,1655.6403,1712.0666,1770.0237,1829.4663,1883.8141,1927.9287,1971.9083,2018.0685,2052.9491,2084.3639,2080.5452,2060.6470,2050.9237,2047.1836,2031.2004,2003.0418,1982.8751,1949.3976,1931.2758,1900.1301,1639.9140,1623.7314,1594.5076,1554.7070,1523.4050,1469.8691,1433.5034,1384.1176,1363.0882,1318.4584,1306.1003,1299.3524,1276.3473,1286.2730,1279.3138,1276.5707,1274.7374,1274.6985,1263.3574,1246.7625,1228.0630,1218.4196,1205.7257,1189.3209,1167.2939,1149.9530,1133.6917,1113.2593,1096.6778,1067.6275
65,3.0000,SpendAwareDPRebalance (R65-aware),2.3800,58607.8688,1394.8673,spend75p,1415.5543,1481.3146,1556.6312,1632.1935,1714.2636,1808.7173,1906.7114,1996.9784,2098.1659,2192.2502,2293.2142,2386.0803,2461.7965,2531.6608,2598.2493,2645.4285,2678.3661,2709.3019,2732.6596,2749.1435,2713.6053,2725.1887,2695.9770,2683.4470,2685.5949,2364.2409,2360.1189,2336.1276,2287.2477,2247.7990,2209.1819,2157.9736,2151.8421,2139.0277,2112.1034,2108.5220,2108.6613,2094.1466,2105.3792,2102.3604,2126.4448,2136.8073,2137.3506,2135.2567,2153.7740,2152.7411,2169.8378,2168.5856,2141.9877,2135.7675,2121.1807,2109.8648,2120.1246,2101.0343,2088.6053
65,3.0000,SpendAwareDPRebalance (R65-aware),2.5000,55794.6911,1394.8673,survival,1.0000,1.0000,1.0000,1.0000,1.0000,1.0000,1.0000,1.0000,1.0000,1.0000,1.0000,0.9990,0.9990,0.9970,0.9930,0.9905,0.9865,0.9825,0.9810,0.9755,0.9710,0.9650,0.9595,0.9525,0.9440,0.9395,0.9335,0.9285,0.9215,0.9165,0.9105,0.9065,0.9025,0.8980,0.8935,0.8905,0.8870,0.8815,0.8770,0.8740,0.8700,0.8645,0.8560,0.8510,0.8445,0.8405,0.8370,0.8305,0.8250,0.8195,0.8155,0.8120,0.8070,0.8045,0.8000
65,3.0000,SpendAwareDPRebalance (R65-aware),2.5000,55794.6911,1394.8673,spend25p,1395.4879,1421.0083,1444.1286,1468.2686,1489.8170,1515.5878,1540.4058,1568.1104,1587.5094,1603.1110,1612.6589,1622.9598,1628.6748,1630.4377,1632.5723,1618.9684,1604.3977,1585.2435,1555.3796,1527.9750,1470.2525,1433.4455,1398.7210,1356.7509,1316.8550,1101.2072,1056.3500,1013.7338,968.6016,923.9892,880.8362,832.9818,803.6660,769.8190,737.2121,708.5019,689.8912,666.9199,627.6660,612.0908,592.3500,571.0779,547.4020,527.1547,504.7509,484.0237,460.8175,423.6736,387.2628,363.6558,342.8647,327.0003,299.6783,285.3117,251.4145
65,3.0000,SpendAwareDPRebalance (R65-aware),2.5000,55794.6911,1394.8673,spend50p,1405.7289,1451.3631,1499.2744,1549.0863,1601.1699,1655.6403,1712.0666,1770.0237,1829.4663,1883.8141,1927.9287,1971.3410,2018.0685,2048.7793,2073.6001,2075.5936,2057.9228,2044.2114,2043.2963,2019.7864,1974.2564,1960.8380,1939.8850,1906.1871,1874.2053,1619.9041,1595.9985,1570.5247,1531.1557,1492.8387,1434.3137,1393.5617,1351.5518,1316.1592,1275.5553,1257.6891,1259.0974,1238.0130,1233.7300,1236.5565,1226.6956,1229.0571,1213.3368,1211.4574,1188.3129,1178.5807,1162.9296,1147.6205,1124.1965,1097.3018,1073.1249,1063.2687,1040.2604,1024.9984,1003.5320
65,3.0000,SpendAwareDPRebalance (R65-aware),2.5000,55794.6911,1394.8673,spend75p,1415.5543,1481.3146,1556.6312,1632.1935,1714.2636,1808.7173,1906.7114,1996.9784,2098.1659,2192.2502,2293.2142,2385.7499,2461.7965,2529.8733,2588.0655,2641.4385,2674.7638,2699.9103,2725.4546,2724.3116,2691.6257,2691.1787,2681.1149,2651.8008,2645.9379,2347.5704,2323.4511,2296.9329,2256.1876,2212.9506,2154.3205,2116.0907,2086.5150,2065.0931,2064.9259,2053.5793,2036.8989,2048.3709,2049.6644,2056.1655,2059.6325,2063.6912,2066.8493,2079.8241,2097.8433,2102.8129,2109.8650,2080.8495,2055.3040,2042.3546,2057.7755,2039.5839,2013.8430,2028.8199,1992.9669
65,3.0000,SpendAwareDPRebalance (R65-aware),2.8000,49816.6885,1394.8673,survival,1.0000,1.0000,1.0000,1.0000,1.0000,1.0000,1.0000,1.0000,1.0000,1.0000,0.9995,0.9975,0.9965,0.9915,0.9880,0.9810,0.9745,0.9675,0.9610,0.9515,0.9430,0.9335,0.9260,0.9135,0.9065,0.8960,0.8880,0.8785,0.8725,0.8670,0.8580,0.8530,0.8460,0.8410,0.8360,0.8275,0.8235,0.8190,0.8150,0.8095,0.8060,0.8010,0.7905,0.7870,0.7790,0.7745,0.7710,0.7650,0.7610,0.7555,0.7525,0.7495,0.7460,0.7415,0.7365
65,3.0000,SpendAwareDPRebalance (R65-aware),2.8000,49816.6885,1394.8673,spend25p,1395.4879,1421.0083,1444.1286,1468.2686,1489.8170,1515.5878,1540.4058,1568.1104,1587.5094,1603.1110,1611.7847,1620.7671,1624.2679,1623.1338,1625.9214,1609.3261,1583.3594,1550.7926,1519.1314,1478.8084,1412.0674,1370.4199,1326.7862,1269.8750,1224.0923,989.1218,948.3945,894.8633,854.9451,815.3683,754.2288,713.1704,669.5905,620.5346,584.0928,536.7123,505.6464,477.6516,463.4365,441.7691,422.7907,395.8345,341.0487,318.1771,288.4885,260.6657,243.0303,203.1707,154.6303,78.5948,38.4123,0.0000,0.0000,0.0000,0.0000
65,3.0000,SpendAwareDPRebalance (R65-aware),2.8000,49816.6885,1394.8673,spend50p,1405.7289,1451.3631,1499.2744,1549.0863,1601.1699,1655.6403,1712.0666,1770.0237,1829.4663,1883.8141,1927.4558,1968.8995,2014.4161,2038.4526,2062.3659,2060.9416,2038.9458,2014.7221,1997.8585,1961.6640,1916.7919,1891.7565,1869.9910,1828.9345,1799.2009,1538.4461,1505.7462,1460.8485,1427.1846,1379.8612,1343.3521,1293.9505,1244.1823,1205.3291,1166.1844,1142.2964,1127.7430,1109.1990,1104.5357,1090.2136,1090.4569,1080.7995,1047.3841,1045.7788,1018.0179,1011.2919,989.3877,970.1032,949.8251,937.2004,912.8226,888.1937,873.9220,861.0073,835.4688
65,3.0000,SpendAwareDPRebalance (R65-aware),2.8000,49816.6885,1394.8673,spend75p,1415.5543,1481.3146,1556.6312,1632.1935,1714.2636,1808.7173,1906.7114,1996.9784,2098.1659,2192.2502,2292.2771,2385.2425,2460.0933,2523.8733,2579.4268,2626.2969,2643.8668,2658.6460,2670.7275,2662.1973,2626.4625,2611.2943,2584.2837,2572.2838,2572.0945,2236.3099,2209.7313,2160.8224,2111.0513,2068.1610,2023.8637,1993.3769,1953.1834,1940.8386,1915.9318,1886.4849,1871.1167,1872.7561,1891.8083,1906.4794,1915.8983,1906.4456,1896.4837,1925.7321,1895.4012,1900.5024,1908.2057,1880.1495,1878.3883,1845.6344,1852.5754,1821.1211,1791.2018,1773.4811,1767.7656
65,3.0000,SpendAwareDPRebalance (R65-aware),3.0000,46495.5759,1394.8673,survival,1.0000,1.0000,1.0000,1.0000,1.0000,1.0000,1.0000,1.0000,1.0000,0.9995,0.9985,0.9965,0.9925,0.9875,0.9795,0.9700,0.9620,0.9545,0.9440,0.9325,0.9210,0.9115,0.8940,0.8820,0.8705,0.8610,0.8465,0.8375,0.8315,0.8230,0.8135,0.8105,0.8025,0.7955,0.7910,0.7860,0.7815,0.7765,0.7725,0.7645,0.7600,0.7525,0.7455,0.7400,0.7370,0.7345,0.7310,0.7265,0.7200,0.7160,0.7115,0.7060,0.7025,0.6980,0.6920
65,3.0000,SpendAwareDPRebalance (R65-aware),3.0000,46495.5759,1394.8673,spend25p,1395.4879,1421.0083,1444.1286,1468.2686,1489.8170,1515.5878,1540.4058,1568.1104,1587.5094,1601.8738,1610.4762,1619.1038,1618.6922,1616.1402,1612.8917,1588.1349,1557.4353,1524.0250,1480.8446,1433.4574,1361.5270,1312.1796,1237.6821,1191.9442,1139.9398,906.8350,846.4968,778.3132,744.8611,682.1844,623.9162,582.2409,520.8707,484.0356,450.1012,410.4944,383.2559,342.2360,305.2346,262.4262,225.8243,99.6235,0.0000,0.0000,0.0000,0.0000,0.0000,0.0000,0.0000,0.0000,0.0000,0.0000,0.0000,0.0000,0.0000
65,3.0000,SpendAwareDPRebalance (R65-aware),3.0000,46495.5759,1394.8673,spend50p,1405.7289,1451.3631,1499.2744,1549.0863,1601.1699,1655.6403,1712.0666,1770.0237,1829.4663,1883.7759,1926.7447,1968.7266,2009.9305,2029.0091,2043.8305,2033.8180,2023.2497,1995.0923,1972.4016,1938.2624,1877.8314,1844.9750,1796.3830,1763.0994,1732.9786,1473.4188,1429.8050,1384.9656,1342.0100,1303.6732,1255.9968,1219.6658,1160.3786,1115.8179,1101.2758,1064.5108,1045.8933,1026.3669,1022.4419,1005.6045,994.0530,979.4436,959.2823,926.3991,925.3053,914.9859,900.6894,880.6345,865.6105,835.5299,824.0102,786.0058,762.3387,733.8697,706.6134
65,3.0000,SpendAwareDPRebalance (R65-aware),3.0000,46495.5759,1394.8673,spend75p,1415.5543,1481.3146,1556.6312,1632.1935,1714.2636,1808.7173,1906.7114,1996.9784,2098.1659,2189.6286,2291.5074,2385.2425,2454.6096,2521.1206,2560.9300,2584.8338,2608.9861,2627.3173,2628.9421,2620.9934,2577.9005,2540.7568,2509.8637,2504.6719,2482.3650,2171.0490,2135.2114,2073.1209,2030.4152,1981.5768,1937.1666,1914.5484,1871.4544,1841.4740,1827.0625,1798.6543,1805.6096,1796.6334,1790.1864,1771.4358,1795.9302,1791.9277,1792.6926,1798.1767,1815.1602,1822.8204,1818.0986,1799.2199,1783.3505,1775.4201,1753.3762,1723.2946,1693.9997,1681.1615,1657.0778
65,3.0000,SpendAwareDPRebalance (R65-aware),3.3300,41887.9062,1394.8673,survival,1.0000,1.0000,1.0000,1.0000,1.0000,1.0000,1.0000,1.0000,1.0000,0.9990,0.9965,0.9945,0.9885,0.9775,0.9620,0.9510,0.9390,0.9190,0.9015,0.8840,0.8700,0.8545,0.8375,0.8220,0.8030,0.7910,0.7800,0.7690,0.7575,0.7485,0.7385,0.7310,0.7245,0.7200,0.7135,0.7080,0.7020,0.6980,0.6930,0.6885,0.6855,0.6790,0.6710,0.6660,0.6610,0.6580,0.6560,0.6500,0.6445,0.6410,0.6370,0.6320,0.6295,0.6260,0.6220
65,3.0000,SpendAwareDPRebalance (R65-aware),3.3300,41887.9062,1394.8673,spend25p,1395.4879,1421.0083,1444.1286,1468.2686,1489.8170,1515.5878,1540.4058,1568.1104,1587.5094,1599.7094,1608.1288,1615.7708,1609.1657,1609.2104,1580.6482,1552.8084,1514.9496,1450.1814,1379.6459,1304.1847,1220.1206,1156.0592,1066.2582,995.0358,909.0119,673.6038,597.2908,503.6013,397.3651,0.0000,0.0000,0.0000,0.0000,0.0000,0.0000,0.0000,0.0000,0.0000,0.0000,0.0000,0.0000,0.0000,0.0000,0.0000,0.0000,0.0000,0.0000,0.0000,0.0000,0.0000,0.0000,0.0000,0.0000,0.0000,0.0000
65,3.0000,SpendAwareDPRebalance (R65-aware),3.3300,41887.9062,1394.8673,spend50p,1405.7289,1451.3631,1499.2744,1549.0863,1601.1699,1655.6403,1712.0666,1770.0237,1829.4663,1883.6106,1923.6333,1965.4939,2005.0952,2019.4216,2015.3776,2011.8716,1989.0627,1956.5481,1901.1697,1858.1221,1792.6459,1738.7417,1700.6499,1660.0794,1599.6454,1345.0828,1315.3318,1265.3541,1212.1402,1152.9605,1092.6111,1044.2334,1004.1604,976.3315,940.7535,909.4446,897.3258,869.6630,845.7278,818.5020,805.7975,784.7911,763.8591,751.0385,725.0199,706.6926,694.3922,669.8828,645.6709,622.8558,589.8944,563.3246,544.2730,520.7418,494.3187
65,3.0000,SpendAwareDPRebalance (R65-aware),3.3300,41887.9062,1394.8673,spend75p,1415.5543,1481.3146,1556.6312,1632.1935,1714.2636,1808.7173,1906.7114,1996.9784,2098.1659,2188.2455,2290.0715,2383.5175,2449.6814,2496.5162,2535.0468,2565.9149,2575.0954,2574.7824,2546.1379,2526.9343,2448.3677,2437.3728,2404.2951,2391.7199,2357.4265,2052.8086,2003.9958,1940.5251,1907.0461,1875.3046,1816.1678,1755.0230,1716.7491,1685.2919,1661.5421,1648.4804,1636.0784,1624.1228,1624.8487,1620.5002,1640.4107,1645.6186,1644.7806,1626.0200,1619.5920,1627.9443,1652.2218,1628.9292,1614.8516,1612.6797,1610.4718,1566.4620,1557.2946,1519.8260,1480.4103
65,3.0000,SpendAwareDPRebalance (R65-aware),3.6600,38111.1278,1394.8673,survival,1.0000,1.0000,1.0000,1.0000,1.0000,1.0000,1.0000,1.0000,0.9995,0.9975,0.9955,0.9895,0.9795,0.9600,0.9435,0.9300,0.9035,0.8795,0.8615,0.8400,0.8125,0.7905,0.7705,0.7520,0.7360,0.7190,0.7090,0.6975,0.6875,0.6795,0.6695,0.6590,0.6490,0.6430,0.6365,0.6310,0.6250,0.6210,0.6155,0.6125,0.6090,0.6025,0.5965,0.5920,0.5875,0.5855,0.5840,0.5790,0.5745,0.5705,0.5695,0.5660,0.5630,0.5605,0.5560
65,3.0000,SpendAwareDPRebalance (R65-aware),3.6600,38111.1278,1394.8673,spend25p,1395.4879,1421.0083,1444.1286,1468.2686,1489.8170,1515.5878,1540.4058,1568.1104,1587.2864,1597.7541,1607.4173,1611.3077,1599.2281,1577.9025,1546.7036,1502.8266,1436.7118,1338.5993,1266.2091,1171.0146,1021.6176,909.5182,765.4963,491.7543,0.0000,0.0000,0.0000,0.0000,0.0000,0.0000,0.0000,0.0000,0.0000,0.0000,0.0000,0.0000,0.0000,0.0000,0.0000,0.0000,0.0000,0.0000,0.0000,0.0000,0.0000,0.0000,0.0000,0.0000,0.0000,0.0000,0.0000,0.0000,0.0000,0.0000,0.0000
65,3.0000,SpendAwareDPRebalance (R65-aware),3.6600,38111.1278,1394.8673,spend50p,1405.7289,1451.3631,1499.2744,1549.0863,1601.1699,1655.6403,1712.0666,1770.0237,1828.6400,1880.8725,1923.1079,1962.2720,1991.9936,1997.0409,1987.2962,1980.4151,1937.4591,1885.3175,1840.1910,1785.7170,1685.5229,1632.8805,1583.9265,1520.8227,1468.9098,1219.3545,1166.7660,1109.4808,1040.1871,998.4729,937.7582,886.7279,831.5157,800.3698,760.0426,731.1876,700.8546,676.0100,643.3841,625.8111,612.0631,585.3454,568.1596,551.4803,528.6904,510.9237,493.2737,469.5584,437.6447,391.9494,383.3519,363.0670,342.6767,318.2050,294.9619
65,3.0000,SpendAwareDPRebalance (R65-aware),3.6600,38111.1278,1394.8673,spend75p,1415.5543,1481.3146,1556.6312,1632.1935,1714.2636,1808.7173,1906.7114,1996.9784,2097.3771,2187.0114,2288.3385,2377.2414,2440.8484,2472.7937,2516.3660,2538.4013,2538.5850,2486.0338,2471.9029,2437.0178,2345.5590,2330.0975,2294.9523,2257.8080,2217.8661,1880.8467,1842.9537,1806.2083,1757.3612,1720.6278,1669.0286,1626.7569,1570.6589,1536.2887,1502.1545,1473.0430,1450.3212,1467.3672,1468.0048,1467.8816,1491.4539,1478.0976,1472.3877,1473.0951,1477.4825,1457.9928,1456.3587,1466.6067,1462.3516,1405.5488,1424.6121,1393.4274,1371.9722,1362.1340,1330.9048
65,3.0000,SpendAwareDPRebalance (R65-aware),4.0000,34871.6819,1394.8673,survival,1.0000,1.0000,1.0000,1.0000,1.0000,1.0000,1.0000,1.0000,0.9990,0.9965,0.9920,0.9825,0.9595,0.9405,0.9220,0.8970,0.8695,0.8425,0.8095,0.7790,0.7505,0.7235,0.7050,0.6840,0.6640,0.6530,0.6415,0.6310,0.6175,0.6080,0.6030,0.5980,0.5870,0.5815,0.5755,0.5675,0.5615,0.5575,0.5525,0.5475,0.5410,0.5355,0.5305,0.5275,0.5235,0.5195,0.5170,0.5120,0.5090,0.5050,0.5010,0.4975,0.4960,0.4950,0.4890
65,3.0000,SpendAwareDPRebalance (R65-aware),4.0000,34871.6819,1394.8673,spend25p,1395.4879,1421.0083,1444.1286,1468.2686,1489.8170,1515.5878,1540.4058,1568.1104,1586.3895,1596.6590,1603.9343,1601.7400,1573.7968,1549.2564,1509.9237,1447.5506,1342.5384,1251.8739,1096.7223,923.3382,469.9508,0.0000,0.0000,0.0000,0.0000,0.0000,0.0000,0.0000,0.0000,0.0000,0.0000,0.0000,0.0000,0.0000,0.0000,0.0000,0.0000,0.0000,0.0000,0.0000,0.0000,0.0000,0.0000,0.0000,0.0000,0.0000,0.0000,0.0000,0.0000,0.0000,0.0000,0.0000,0.0000,0.0000,0.0000
65,3.0000,SpendAwareDPRebalance (R65-aware),4.0000,34871.6819,1394.8673,spend50p,1405.7289,1451.3631,1499.2744,1549.0863,1601.1699,1655.6403,1712.0666,1770.0237,1828.2576,1879.6846,1920.0714,1954.8968,1964.7123,1970.4159,1956.6016,1922.9832,1879.3144,1833.9919,1752.5537,1680.6340,1576.7016,1496.9724,1451.0535,1373.4938,1301.7130,1066.5881,1016.3011,958.1913,887.7187,833.2045,792.4376,742.5633,678.5191,636.8112,596.8045,546.4839,505.4814,478.9942,458.7045,434.8290,394.4830,358.4899,324.7274,311.2047,290.0887,260.2015,238.5454,202.2210,146.7812,73.5380,10.1816,0.0000,0.0000,0.0000,0.0000
65,3.0000,SpendAwareDPRebalance (R65-aware),4.0000,34871.6819,1394.8673,spend75p,1415.5543,1481.3146,1556.6312,1632.1935,1714.2636,1808.7173,1906.7114,1996.9784,2096.8170,2187.0114,2285.0426,2366.1702,2410.0748,2449.8539,2478.5197,2499.7316,2475.7464,2453.1152,2391.0015,2331.3363,2256.6076,2211.0485,2181.0548,2125.7883,2074.0059,1763.6738,1723.7602,1682.5154,1612.9022,1563.3467,1530.9675,1492.9484,1436.7673,1409.7638,1393.1153,1344.7258,1324.6952,1321.0684,1316.8175,1324.4198,1315.9294,1325.2908,1319.0257,1304.7041,1295.0264,1300.1223,1298.2552,1254.3753,1240.6865,1221.4307,1206.4228,1178.9395,1171.6084,1160.6730,1120.9562
65,3.0000,SpendAwareDPRebalance (R65-aware),4.3300,32214.0249,1394.8673,survival,1.0000,1.0000,1.0000,1.0000,1.0000,1.0000,1.0000,0.9995,0.9980,0.9940,0.9865,0.9680,0.9445,0.9235,0.8930,0.8605,0.8260,0.7890,0.7500,0.7210,0.6920,0.6670,0.6490,0.6255,0.6145,0.5995,0.5835,0.5730,0.5625,0.5515,0.5405,0.5350,0.5270,0.5200,0.5160,0.5105,0.5055,0.5025,0.5000,0.4945,0.4885,0.4840,0.4785,0.4740,0.4715,0.4685,0.4645,0.4580,0.4560,0.4515,0.4480,0.4455,0.4415,0.4395,0.4350
65,3.0000,SpendAwareDPRebalance (R65-aware),4.3300,32214.0249,1394.8673,spend25p,1395.4879,1421.0083,1444.1286,1468.2686,1489.8170,1515.5878,1540.4058,1567.2848,1585.4316,1592.8544,1599.7836,1578.2770,1554.9963,1518.4240,1447.6457,1346.5428,1228.6379,1054.0983,379.2208,0.0000,0.0000,0.0000,0.0000,0.0000,0.0000,0.0000,0.0000,0.0000,0.0000,0.0000,0.0000,0.0000,0.0000,0.0000,0.0000,0.0000,0.0000,0.0000,0.0000,0.0000,0.0000,0.0000,0.0000,0.0000,0.0000,0.0000,0.0000,0.0000,0.0000,0.0000,0.0000,0.0000,0.0000,0.0000,0.0000
65,3.0000,SpendAwareDPRebalance (R65-aware),4.3300,32214.0249,1394.8673,spend50p,1405.7289,1451.3631,1499.2744,1549.0863,1601.1699,1655.6403,1712.0666,1769.7713,1827.7628,1877.5501,1914.8887,1941.7790,1945.6594,1943.7414,1919.2923,1876.1693,1825.6254,1734.0977,1638.0857,1572.7859,1469.7033,1385.8194,1310.1222,1218.0639,1161.6347,925.1507,847.3829,777.5766,709.0624,635.6217,553.5759,505.0512,432.4205,382.1441,344.6304,285.7688,211.6675,126.2202,34.4824,0.0000,0.0000,0.0000,0.0000,0.0000,0.0000,0.0000,0.0000,0.0000,0.0000,0.0000,0.0000,0.0000,0.0000,0.0000,0.0000
65,3.0000,SpendAwareDPRebalance (R65-aware),4.3300,32214.0249,1394.8673,spend75p,1415.5543,1481.3146,1556.6312,1632.1935,1714.2636,1808.7173,1906.7114,1996.5893,2096.6086,2184.1645,2280.0478,2350.6384,2384.3023,2432.0888,2443.7999,2453.4217,2426.6380,2365.6771,2281.8332,2241.0630,2159.7824,2105.8722,2072.7593,2006.4255,1964.5442,1674.0414,1619.7370,1577.2532,1537.7423,1490.8001,1429.3064,1372.9463,1325.8828,1271.1860,1240.2267,1218.9990,1209.3354,1206.4213,1200.0689,1186.6127,1183.5974,1170.9641,1163.5822,1155.5185,1157.3445,1142.4846,1127.8403,1087.3968,1084.6029,1044.9064,1024.9434,1011.0894,986.9790,976.4816,941.6085
65,3.0000,SpendAwareDPRebalance (R65-aware),4.6600,29932.7742,1394.8673,survival,1.0000,1.0000,1.0000,1.0000,1.0000,1.0000,1.0000,0.9995,0.9970,0.9900,0.9770,0.9505,0.9255,0.8940,0.8565,0.8215,0.7765,0.7350,0.7000,0.6660,0.6395,0.6160,0.5930,0.5740,0.5580,0.5425,0.5270,0.5110,0.4945,0.4860,0.4785,0.4725,0.4685,0.4610,0.4530,0.4485,0.4445,0.4415,0.4375,0.4355,0.4310,0.4270,0.4240,0.4180,0.4130,0.4065,0.4045,0.3990,0.3980,0.3975,0.3960,0.3935,0.3910,0.3910,0.3855
65,3.0000,SpendAwareDPRebalance (R65-aware),4.6600,29932.7742,1394.8673,spend25p,1395.4879,1421.0083,1444.1286,1468.2686,1489.8170,1515.5878,1540.4058,1567.2848,1585.2378,1591.4697,1584.5383,1556.6823,1526.0357,1461.0522,1365.4349,1247.6847,1015.7361,0.0000,0.0000,0.0000,0.0000,0.0000,0.0000,0.0000,0.0000,0.0000,0.0000,0.0000,0.0000,0.0000,0.0000,0.0000,0.0000,0.0000,0.0000,0.0000,0.0000,0.0000,0.0000,0.0000,0.0000,0.0000,0.0000,0.0000,0.0000,0.0000,0.0000,0.0000,0.0000,0.0000,0.0000,0.0000,0.0000,0.0000,0.0000
65,3.0000,SpendAwareDPRebalance (R65-aware),4.6600,29932.7742,1394.8673,spend50p,1405.7289,1451.3631,1499.2744,1549.0863,1601.1699,1655.6403,1712.0666,1769.7713,1827.2616,1872.2978,1909.0538,1919.1971,1926.1224,1911.8279,1864.5646,1810.7489,1730.9824,1634.6705,1555.6764,1461.4612,1349.1654,1258.6531,1142.5293,1048.1265,947.4600,704.5731,597.0536,466.0045,0.0000,0.0000,0.0000,0.0000,0.0000,0.0000,0.0000,0.0000,0.0000,0.0000,0.0000,0.0000,0.0000,0.0000,0.0000,0.0000,0.0000,0.0000,0.0000,0.0000,0.0000,0.0000,0.0000,0.0000,0.0000,0.0000,0.0000
65,3.0000,SpendAwareDPRebalance (R65-aware),4.6600,29932.7742,1394.8673,spend75p,1415.5543,1481.3146,1556.6312,1632.1935,1714.2636,1808.7173,1906.7114,1996.5893,2096.5002,2181.1067,2268.7320,2327.4015,2368.1705,2402.9691,2399.3025,2404.0218,2346.4155,2272.9812,2199.5708,2117.8913,2043.0513,1996.9805,1942.2534,1885.5684,1832.1496,1558.3345,1509.8852,1457.3252,1411.3060,1352.3219,1297.5149,1241.5732,1195.5092,1140.0163,1111.8846,1090.8394,1067.7933,1047.5000,1046.1911,1043.4144,1039.6551,1028.7231,1011.4208,993.6352,965.0559,922.1805,917.4752,882.4121,877.1164,868.5759,852.8835,844.8486,815.7295,801.0587,766.0970
65,3.0000,SpendAwareDPRebalance (R65-aware),5.0000,27897.3455,1394.8673,survival,1.0000,1.0000,1.0000,1.0000,1.0000,1.0000,1.0000,0.9985,0.9935,0.9850,0.9600,0.9320,0.9000,0.8590,0.8160,0.7695,0.7265,0.6800,0.6445,0.6140,0.5875,0.5585,0.5370,0.5150,0.4900,0.4755,0.4630,0.4525,0.4440,0.4370,0.4265,0.4195,0.4135,0.4090,0.4035,0.3975,0.3910,0.3840,0.3810,0.3775,0.3745,0.3705,0.3675,0.3640,0.3590,0.3555,0.3530,0.3475,0.3450,0.3415,0.3395,0.3375,0.3360,0.3345,0.3305
65,3.0000,SpendAwareDPRebalance (R65-aware),5.0000,27897.3455,1394.8673,spend25p,1395.4879,1421.0083,1444.1286,1468.2686,1489.8170,1515.5878,1540.4058,1566.8744,1583.2037,1588.4650,1566.9388,1533.8698,1484.0293,1392.9279,1263.0388,1015.4160,0.0000,0.0000,0.0000,0.0000,0.0000,0.0000,0.0000,0.0000,0.0000,0.0000,0.0000,0.0000,0.0000,0.0000,0.0000,0.0000,0.0000,0.0000,0.0000,0.0000,0.0000,0.0000,0.0000,0.0000,0.0000,0.0000,0.0000,0.0000,0.0000,0.0000,0.0000,0.0000,0.0000,0.0000,0.0000,0.0000,0.0000,0.0000,0.0000
65,3.0000,SpendAwareDPRebalance (R65-aware),5.0000,27897.3455,1394.8673,spend50p,1405.7289,1451.3631,1499.2744,1549.0863,1601.1699,1655.6403,1712.0666,1769.6186,1822.4868,1867.0592,1893.8040,1901.9372,1900.0984,1867.6750,1799.7853,1720.7842,1637.0140,1529.9131,1424.6223,1303.6303,1173.8867,1005.0656,903.6050,710.5175,0.0000,0.0000,0.0000,0.0000,0.0000,0.0000,0.0000,0.0000,0.0000,0.0000,0.0000,0.0000,0.0000,0.0000,0.0000,0.0000,0.0000,0.0000,0.0000,0.0000,0.0000,0.0000,0.0000,0.0000,0.0000,0.0000,0.0000,0.0000,0.0000,0.0000,0.0000
65,3.0000,SpendAwareDPRebalance (R65-aware),5.0000,27897.3455,1394.8673,spend75p,1415.5543,1481.3146,1556.6312,1632.1935,1714.2636,1808.7173,1906.7114,1995.4922,2094.2834,2173.0489,2254.6899,2312.0215,2352.3290,2369.0689,2364.1216,2319.6594,2260.7113,2155.1026,2087.7287,2030.6263,1925.5657,1880.3536,1814.6031,1757.5087,1682.8319,1411.3250,1366.4466,1303.7363,1268.1864,1212.2480,1149.4561,1103.5499,1059.0067,1016.6259,988.9556,960.0838,942.9560,917.2254,893.3630,863.2439,831.0636,808.9267,787.5975,788.0369,756.8149,729.7569,718.1282,677.1509,651.7043,624.1324,593.4699,577.5635,559.1192,524.1474,493.9475
