pension_start_age,spend_multiplier,strategy,spending_rule,initial_money,initial_annual_cost,value_type,1,2,3,4,5,6,7,8,9,10,11,12,13,14,15,16,17,18,19,20,21,22,23,24,25,26,27,28,29,30,31,32,33,34,35,36,37,38,39,40,41,42,43,44,45,46,47,48,49,50,51,52,53,54,55
65,0.5000,No dynamic rebalance,2.5000,10015.7818,250.3945,survival,1.0000,1.0000,1.0000,1.0000,1.0000,1.0000,1.0000,1.0000,1.0000,1.0000,1.0000,0.9985,0.9980,0.9960,0.9895,0.9880,0.9780,0.9705,0.9640,0.9540,0.9425,0.9340,0.9255,0.9135,0.9020,0.8975,0.8950,0.8930,0.8915,0.8890,0.8890,0.8885,0.8875,0.8865,0.8860,0.8845,0.8840,0.8835,0.8835,0.8830,0.8825,0.8825,0.8825,0.8825,0.8825,0.8825,0.8825,0.8825,0.8825,0.8825,0.8825,0.8825,0.8825,0.8825,0.8825
65,0.5000,No dynamic rebalance,2.5000,10015.7818,250.3945,spend25p,250.5060,254.6860,258.4409,262.3834,265.8682,270.1113,274.1916,278.8020,281.9625,284.4865,285.9840,287.4822,288.4982,288.5318,288.9415,286.4935,281.7358,277.0264,270.8458,264.4927,235.0477,228.6974,220.8307,212.0879,202.5350,13.6479,5.5409,0.0000,0.0000,-1.0466,-11.6533,-22.2576,-33.4063,-43.7717,-53.7039,-62.3120,-70.2618,-78.0538,-84.8982,-91.9968,-98.9841,-105.7055,-113.0834,-121.0810,-129.7462,-139.0094,-149.7922,-161.9916,-175.3131,-190.0224,-206.2772,-223.4816,-244.2722,-265.0750,-288.8629
65,0.5000,No dynamic rebalance,2.5000,10015.7818,250.3945,spend50p,252.3443,260.1265,268.3098,276.8258,285.7399,295.0718,304.7472,314.7011,324.9372,334.2999,341.8930,349.1811,357.3476,362.7474,366.5094,367.7871,362.2525,359.1302,355.9097,351.0713,318.7081,314.9103,311.5883,305.6558,299.4472,62.7598,53.3581,43.7269,32.8323,21.8275,10.1266,0.0000,0.0000,-10.6475,-22.6720,-33.1632,-42.8037,-52.2054,-60.4689,-69.0543,-77.5909,-85.7433,-94.0468,-101.8143,-110.1225,-119.5564,-128.8098,-140.1336,-151.8369,-164.0045,-177.8831,-191.8511,-206.4996,-222.5567,-240.2449
65,0.5000,No dynamic rebalance,2.5000,10015.7818,250.3945,spend75p,254.1081,265.4947,278.5743,291.6772,305.9222,322.3535,339.3939,355.0525,372.6618,389.0346,406.6716,422.8766,436.1447,447.9298,457.9518,468.2232,470.0498,474.9227,478.2849,476.5697,437.7437,434.7713,430.0087,430.0558,426.3865,122.4576,113.0548,100.9322,87.6202,74.8759,59.1384,44.8977,29.2326,13.5865,1.5020,0.0000,0.0000,-3.5398,-12.9954,-24.1885,-34.7245,-43.1966,-51.6709,-61.2604,-71.4424,-84.9654,-98.7502,-112.2601,-123.9612,-136.2682,-147.8647,-160.1447,-172.3869,-184.8769,-198.7357
65,0.5000,固定最適比率,2.5000,10015.7818,250.3945,survival,1.0000,1.0000,1.0000,1.0000,1.0000,1.0000,1.0000,1.0000,1.0000,1.0000,1.0000,1.0000,1.0000,1.0000,1.0000,1.0000,1.0000,1.0000,1.0000,0.9975,0.9960,0.9945,0.9940,0.9910,0.9860,0.9820,0.9800,0.9790,0.9780,0.9745,0.9740,0.9720,0.9700,0.9680,0.9680,0.9670,0.9670,0.9670,0.9665,0.9650,0.9650,0.9650,0.9650,0.9650,0.9645,0.9645,0.9645,0.9645,0.9635,0.9630,0.9630,0.9630,0.9630,0.9630,0.9630
65,0.5000,固定最適比率,2.5000,10015.7818,250.3945,spend25p,250.5060,254.6860,258.4409,262.3834,265.8682,270.1113,274.1916,278.8020,281.9625,284.4865,285.9840,287.9415,288.7265,289.7927,291.5044,290.5119,288.0048,285.9390,283.2990,278.6567,252.7032,247.4389,245.6617,242.2460,238.0610,31.9776,23.0140,13.7444,4.8639,-1.8920,-12.4405,-23.0709,-33.9879,-44.5993,-54.5354,-62.9096,-71.2197,-78.9087,-85.5508,-92.6647,-100.0150,-106.9775,-114.0127,-122.3835,-131.7735,-141.6248,-151.8715,-163.6461,-176.8282,-192.1628,-208.4805,-227.2808,-247.1204,-268.4013,-292.2516
65,0.5000,固定最適比率,2.5000,10015.7818,250.3945,spend50p,252.3443,260.1265,268.3098,276.8258,285.7399,295.0718,304.7472,314.7011,324.9372,334.2999,341.8930,349.5650,357.7738,364.4332,370.0299,370.6299,369.8446,367.4301,367.7762,367.4017,337.3320,334.5702,333.2078,329.4200,325.2191,74.7519,66.1931,56.7667,44.9851,32.4660,20.3749,6.3814,-1.7172,-13.7598,-25.3914,-35.9504,-45.8987,-54.6101,-62.9791,-71.7249,-79.8072,-87.9831,-95.5628,-103.9732,-112.3092,-121.2056,-131.6494,-142.5783,-154.8816,-167.8656,-181.8725,-196.7810,-212.7266,-228.9894,-247.1589
65,0.5000,固定最適比率,2.5000,10015.7818,250.3945,spend75p,254.1081,265.4947,278.5743,291.6772,305.9222,322.3535,339.3939,355.0525,372.6618,389.0346,406.6716,423.0781,436.5921,448.8549,461.0631,469.9359,477.5849,487.8583,491.8612,494.8976,456.9230,459.6663,463.1198,458.7671,459.3961,137.6200,128.6506,116.9816,103.2513,87.8526,72.8418,56.8033,40.5006,24.5945,11.4372,0.0000,-7.1573,-17.5982,-27.6602,-36.9418,-46.3964,-56.6516,-65.6026,-75.6172,-85.9026,-97.9151,-110.0589,-120.9746,-132.5020,-143.4022,-156.0208,-169.3740,-182.3966,-196.7467,-211.9765
65,0.5000,DynamicV1Rebalance,2.5000,10015.7818,250.3945,survival,1.0000,1.0000,1.0000,1.0000,1.0000,1.0000,1.0000,1.0000,1.0000,1.0000,1.0000,0.9995,0.9985,0.9975,0.9940,0.9900,0.9880,0.9825,0.9775,0.9740,0.9690,0.9620,0.9525,0.9465,0.9395,0.9380,0.9360,0.9340,0.9330,0.9295,0.9290,0.9280,0.9270,0.9270,0.9270,0.9265,0.9260,0.9255,0.9255,0.9255,0.9255,0.9245,0.9245,0.9240,0.9240,0.9240,0.9240,0.9235,0.9235,0.9235,0.9235,0.9235,0.9235,0.9235,0.9235
65,0.5000,DynamicV1Rebalance,2.5000,10015.7818,250.3945,spend25p,250.5060,254.6860,258.4409,262.3834,265.8682,270.1113,274.1916,278.8020,281.9625,284.4865,285.9840,287.8843,288.5841,289.0476,289.7420,287.0324,285.2840,281.7598,275.4897,271.4870,244.5634,237.9714,231.1703,224.2365,218.6390,23.3710,14.9992,6.0578,0.0000,-1.1810,-12.0665,-22.5831,-33.6677,-44.0236,-53.8579,-62.5420,-70.3858,-78.2827,-85.1683,-92.1606,-99.2934,-105.9972,-113.5000,-121.7095,-130.7881,-140.3609,-150.9562,-162.6992,-176.0223,-191.0008,-207.2488,-224.9705,-245.3204,-267.1195,-290.4842
65,0.5000,DynamicV1Rebalance,2.5000,10015.7818,250.3945,spend50p,252.3443,260.1265,268.3098,276.8258,285.7399,295.0718,304.7472,314.7011,324.9372,334.2999,341.8930,349.5228,357.5168,363.2185,367.8871,367.9463,365.5147,363.0111,361.7392,359.5229,328.5663,324.7531,321.0499,315.0426,310.7062,69.0261,60.3435,49.2595,39.1469,27.1468,14.9873,2.9684,0.0000,-12.1210,-23.6879,-33.9758,-44.4283,-53.2429,-61.5026,-70.0891,-78.5612,-86.4172,-94.5591,-102.6908,-111.0653,-120.2652,-129.9124,-141.3335,-153.2841,-165.8037,-179.7391,-194.0115,-209.2771,-225.5837,-243.9550
65,0.5000,DynamicV1Rebalance,2.5000,10015.7818,250.3945,spend75p,254.1081,265.4947,278.5743,291.6772,305.9222,322.3535,339.3939,355.0525,372.6618,389.0346,406.6716,422.9352,436.2448,448.6176,458.9792,468.3133,475.1524,480.5435,483.8624,484.8695,447.8837,447.0014,440.8373,439.6537,439.8270,130.2504,120.3607,109.6407,96.0802,80.9224,66.7328,49.9232,34.5566,20.9611,7.2078,0.0000,0.0000,-11.0402,-21.3715,-30.9150,-40.5907,-49.1150,-59.6651,-69.4458,-79.1523,-91.8818,-104.7610,-116.8117,-128.2481,-139.4182,-151.7499,-164.6214,-177.5239,-191.5623,-205.4271
65,0.5000,SpendAwareDPRebalance (R65-aware),2.5000,10015.7818,250.3945,survival,1.0000,1.0000,1.0000,1.0000,1.0000,1.0000,1.0000,1.0000,1.0000,1.0000,1.0000,1.0000,1.0000,1.0000,1.0000,0.9995,0.9995,0.9980,0.9960,0.9940,0.9925,0.9880,0.9855,0.9830,0.9820,0.9810,0.9795,0.9775,0.9745,0.9710,0.9680,0.9650,0.9640,0.9630,0.9620,0.9620,0.9605,0.9595,0.9585,0.9570,0.9570,0.9570,0.9570,0.9565,0.9560,0.9555,0.9545,0.9545,0.9545,0.9545,0.9540,0.9540,0.9540,0.9540,0.9540
65,0.5000,SpendAwareDPRebalance (R65-aware),2.5000,10015.7818,250.3945,spend25p,250.5060,254.6860,258.4409,262.3834,265.8682,270.1113,274.1916,278.8020,281.9625,284.4865,285.9840,287.9415,288.7265,289.7927,291.5044,290.2807,287.9594,285.2892,281.9768,277.5899,251.3252,246.1417,243.0283,239.0151,234.9083,31.9302,22.8899,13.5705,4.0536,-1.8920,-12.4405,-23.0709,-33.9879,-44.5993,-54.5354,-62.9096,-71.2197,-78.8750,-85.4995,-92.5520,-99.8756,-106.8364,-113.9669,-122.2586,-131.7068,-141.6248,-151.8739,-163.7609,-177.1926,-192.4994,-208.9447,-227.2976,-247.5613,-268.6729,-292.6676
65,0.5000,SpendAwareDPRebalance (R65-aware),2.5000,10015.7818,250.3945,spend50p,252.3443,260.1265,268.3098,276.8258,285.7399,295.0718,304.7472,314.7011,324.9372,334.2999,341.8930,349.5650,357.7738,364.4332,370.0299,370.2910,369.5481,366.5478,366.8692,365.2888,336.9078,332.8700,329.4761,326.8796,322.9743,74.6578,66.1152,56.5176,44.6567,32.1236,19.6935,5.9131,-1.7172,-13.7305,-25.3356,-35.8422,-45.7629,-54.5552,-62.9160,-71.7001,-79.6799,-87.9097,-95.5628,-104.0442,-112.3548,-121.3570,-131.6747,-142.5935,-154.9426,-167.8191,-181.8308,-196.5071,-212.4416,-228.7017,-246.7453
65,0.5000,SpendAwareDPRebalance (R65-aware),2.5000,10015.7818,250.3945,spend75p,254.1081,265.4947,278.5743,291.6772,305.9222,322.3535,339.3939,355.0525,372.6618,389.0346,406.6716,423.0781,436.5921,448.8549,461.0631,469.8296,477.5401,486.2590,490.7277,492.4257,455.5790,456.4833,457.7682,454.2438,457.4799,137.5310,128.6506,116.1169,102.5123,87.2994,71.0311,54.9527,38.5125,23.8794,9.6798,0.0000,-6.9959,-17.0537,-27.3614,-36.8269,-46.3556,-56.2609,-65.2749,-74.7291,-85.4456,-97.1261,-109.9274,-120.7399,-132.1223,-142.9748,-155.7236,-168.8255,-181.3712,-196.0093,-210.8816
65,0.5000,No dynamic rebalance,2.8000,8942.6624,250.3945,survival,1.0000,1.0000,1.0000,1.0000,1.0000,1.0000,1.0000,1.0000,1.0000,1.0000,0.9995,0.9975,0.9955,0.9900,0.9860,0.9720,0.9650,0.9565,0.9425,0.9305,0.9165,0.9055,0.8890,0.8775,0.8630,0.8580,0.8555,0.8520,0.8490,0.8465,0.8465,0.8430,0.8430,0.8425,0.8415,0.8410,0.8400,0.8395,0.8390,0.8385,0.8385,0.8385,0.8380,0.8380,0.8380,0.8380,0.8380,0.8380,0.8380,0.8380,0.8380,0.8380,0.8380,0.8380,0.8380
65,0.5000,No dynamic rebalance,2.8000,8942.6624,250.3945,spend25p,250.5060,254.6860,258.4409,262.3834,265.8682,270.1113,274.1916,278.8020,281.9625,284.4865,285.8289,287.2826,287.6560,286.8434,288.0147,282.8153,278.1567,271.3623,261.8335,253.7096,225.1112,215.1642,204.6152,196.4911,183.8907,5.0801,0.0000,0.0000,0.0000,-0.6915,-10.9216,-21.7902,-32.8418,-43.0577,-52.8760,-61.9511,-69.8115,-77.8350,-84.5857,-91.7125,-98.5695,-105.3916,-112.6772,-120.6210,-129.1304,-138.2036,-149.3135,-161.0903,-174.2504,-188.9278,-204.3290,-222.2046,-241.3062,-262.6118,-285.8220
65,0.5000,No dynamic rebalance,2.8000,8942.6624,250.3945,spend50p,252.3443,260.1265,268.3098,276.8258,285.7399,295.0718,304.7472,314.7011,324.9372,334.2999,341.8091,348.9895,356.5197,360.2063,364.9915,362.3964,359.4822,354.8373,349.3809,344.5185,312.0987,306.1692,297.5686,292.9366,287.9685,56.2390,47.5485,36.8335,27.3680,16.1629,4.8504,0.0000,0.0000,-8.9653,-20.5817,-31.9731,-41.0899,-50.4153,-59.0575,-67.8482,-76.1203,-84.8376,-92.9487,-100.6723,-108.9095,-118.7730,-127.8913,-138.6150,-149.6765,-161.9895,-175.1972,-188.7705,-203.2165,-218.5194,-236.3787
65,0.5000,No dynamic rebalance,2.8000,8942.6624,250.3945,spend75p,254.1081,265.4947,278.5743,291.6772,305.9222,322.3535,339.3939,355.0525,372.6618,389.0346,406.5054,422.7867,435.5601,447.0685,455.5100,459.9428,464.4655,467.5761,467.5888,466.6408,428.4167,421.1906,416.9126,415.5605,411.8936,116.2601,105.2519,93.3907,80.8083,66.4376,52.8733,37.1614,23.5113,9.6859,0.0000,0.0000,0.0000,0.0000,0.0000,-10.4874,-20.8415,-30.2932,-38.9685,-48.4420,-59.2870,-71.9580,-84.8521,-100.1340,-115.1919,-128.2099,-142.0727,-154.0075,-165.7185,-179.0193,-191.7054
65,0.5000,固定最適比率,2.8000,8942.6624,250.3945,survival,1.0000,1.0000,1.0000,1.0000,1.0000,1.0000,1.0000,1.0000,1.0000,1.0000,1.0000,1.0000,1.0000,1.0000,1.0000,0.9995,0.9995,0.9980,0.9935,0.9880,0.9825,0.9765,0.9665,0.9595,0.9505,0.9480,0.9430,0.9385,0.9365,0.9345,0.9320,0.9305,0.9275,0.9270,0.9255,0.9255,0.9255,0.9255,0.9245,0.9240,0.9230,0.9230,0.9230,0.9225,0.9225,0.9220,0.9220,0.9220,0.9220,0.9220,0.9220,0.9220,0.9220,0.9220,0.9220
65,0.5000,固定最適比率,2.8000,8942.6624,250.3945,spend25p,250.5060,254.6860,258.4409,262.3834,265.8682,270.1113,274.1916,278.8020,281.9625,284.4865,285.9840,287.9415,288.7265,289.7927,291.5044,290.2807,287.9594,285.2892,280.7989,275.6395,248.6510,242.8945,235.9434,228.9303,221.4651,25.0960,16.7755,6.8186,0.0000,-1.6201,-12.1621,-22.8553,-33.8297,-44.4001,-54.0759,-62.7527,-70.9052,-78.5687,-85.2822,-92.3536,-99.5800,-106.3820,-113.5674,-121.8039,-130.8002,-140.6426,-150.9562,-162.6992,-175.8814,-190.9521,-207.0798,-224.8272,-245.3204,-266.9775,-290.3724
65,0.5000,固定最適比率,2.8000,8942.6624,250.3945,spend50p,252.3443,260.1265,268.3098,276.8258,285.7399,295.0718,304.7472,314.7011,324.9372,334.2999,341.8930,349.5650,357.7738,364.4332,370.0299,370.2910,369.5481,366.5478,366.3562,363.0929,333.9906,329.8911,323.9188,318.1288,312.2238,70.0099,60.5102,49.3784,39.0375,27.1468,14.5948,2.4822,-1.1825,-13.2636,-24.3397,-35.0764,-45.1813,-53.9086,-62.1739,-70.9440,-78.8740,-86.8687,-94.8275,-103.2375,-111.5883,-120.4993,-130.5301,-141.6610,-153.7671,-166.1407,-180.1365,-194.2852,-209.4094,-225.5837,-243.6896
65,0.5000,固定最適比率,2.8000,8942.6624,250.3945,spend75p,254.1081,265.4947,278.5743,291.6772,305.9222,322.3535,339.3939,355.0525,372.6618,389.0346,406.6716,423.0781,436.5921,448.8549,461.0631,469.8296,477.5401,486.2590,487.4704,488.5688,449.2632,450.3301,443.5890,439.9403,439.5529,129.5569,118.4474,106.6836,93.7899,79.1142,63.7391,47.5588,32.2866,17.8356,3.8705,0.0000,-2.8590,-14.0657,-24.2805,-32.9180,-42.7950,-51.7643,-61.1610,-70.6024,-81.2689,-93.3180,-106.2131,-118.3756,-129.6760,-140.2680,-152.3162,-165.2825,-177.7489,-191.5623,-205.3485
65,0.5000,DynamicV1Rebalance,2.8000,8942.6624,250.3945,survival,1.0000,1.0000,1.0000,1.0000,1.0000,1.0000,1.0000,1.0000,1.0000,1.0000,0.9995,0.9985,0.9965,0.9915,0.9885,0.9830,0.9730,0.9680,0.9595,0.9485,0.9370,0.9305,0.9210,0.9100,0.9020,0.8975,0.8940,0.8910,0.8890,0.8860,0.8855,0.8825,0.8815,0.8805,0.8805,0.8795,0.8780,0.8770,0.8770,0.8755,0.8750,0.8745,0.8740,0.8740,0.8735,0.8735,0.8735,0.8735,0.8735,0.8735,0.8735,0.8735,0.8735,0.8735,0.8735
65,0.5000,DynamicV1Rebalance,2.8000,8942.6624,250.3945,spend25p,250.5060,254.6860,258.4409,262.3834,265.8682,270.1113,274.1916,278.8020,281.9625,284.4865,285.8289,287.4822,287.8298,287.6302,288.3687,285.8980,280.8765,275.8152,269.8082,262.5434,232.8475,226.1315,218.6833,209.1388,202.1951,13.5466,5.2658,0.0000,0.0000,-1.1213,-11.7501,-22.4659,-33.4491,-43.8332,-53.7039,-62.3120,-70.2618,-78.0901,-84.9681,-92.0426,-99.0187,-105.7410,-113.1480,-121.0896,-129.8741,-139.1879,-149.8130,-161.8711,-174.8887,-189.5884,-205.4304,-222.9241,-242.5481,-263.7206,-287.4355
65,0.5000,DynamicV1Rebalance,2.8000,8942.6624,250.3945,spend50p,252.3443,260.1265,268.3098,276.8258,285.7399,295.0718,304.7472,314.7011,324.9372,334.2999,341.8091,349.1811,356.9664,361.2274,365.8055,366.2911,361.3514,358.0949,354.9083,349.0220,316.9267,314.4711,310.0793,303.8173,298.9128,62.2719,52.5265,42.5568,32.1778,21.4844,9.2581,0.0000,0.0000,-10.5526,-22.6720,-33.1632,-42.8451,-52.2054,-60.4689,-68.9519,-77.5909,-85.8307,-94.0713,-101.8894,-110.0377,-119.3433,-128.6822,-139.8119,-151.3604,-163.5282,-177.1257,-190.7837,-205.8087,-221.4455,-239.1668
65,0.5000,DynamicV1Rebalance,2.8000,8942.6624,250.3945,spend75p,254.1081,265.4947,278.5743,291.6772,305.9222,322.3535,339.3939,355.0525,372.6618,389.0346,406.5054,422.8766,435.9430,447.2472,457.2462,466.0950,468.8724,472.5454,474.8210,474.6298,435.9152,434.0931,430.2320,428.4260,425.8768,122.3447,112.5750,100.5134,86.7890,72.5005,57.8956,43.3670,28.1421,12.2933,0.0897,0.0000,0.0000,-2.0740,-12.1987,-23.3207,-33.3550,-41.5224,-50.0537,-59.6318,-70.4634,-83.5512,-97.4218,-111.3712,-122.6636,-135.3668,-147.1778,-158.9822,-171.2263,-183.8304,-196.9736
65,0.5000,SpendAwareDPRebalance (R65-aware),2.8000,8942.6624,250.3945,survival,1.0000,1.0000,1.0000,1.0000,1.0000,1.0000,1.0000,1.0000,1.0000,1.0000,1.0000,1.0000,1.0000,0.9995,0.9990,0.9955,0.9955,0.9940,0.9910,0.9840,0.9790,0.9760,0.9725,0.9675,0.9635,0.9610,0.9585,0.9545,0.9470,0.9430,0.9375,0.9325,0.9315,0.9310,0.9295,0.9275,0.9260,0.9255,0.9255,0.9250,0.9240,0.9240,0.9240,0.9230,0.9225,0.9225,0.9225,0.9225,0.9225,0.9225,0.9225,0.9225,0.9225,0.9225,0.9225
65,0.5000,SpendAwareDPRebalance (R65-aware),2.8000,8942.6624,250.3945,spend25p,250.5060,254.6860,258.4409,262.3834,265.8682,270.1113,274.1916,278.8020,281.9625,284.4865,285.9840,287.9415,288.7265,289.4160,291.2538,288.1606,286.9854,284.4321,279.8590,274.6162,247.2639,242.8655,238.7396,232.7224,226.5338,27.8015,19.9051,9.8170,0.0000,-1.8920,-12.4405,-23.0709,-33.9879,-44.5279,-54.4086,-62.8771,-71.0569,-78.7465,-85.3791,-92.4148,-99.6522,-106.5173,-113.7498,-121.9597,-131.0463,-140.9156,-151.2269,-162.9371,-176.0223,-191.2062,-207.6619,-224.9705,-245.1789,-266.7494,-290.1752
65,0.5000,SpendAwareDPRebalance (R65-aware),2.8000,8942.6624,250.3945,spend50p,252.3443,260.1265,268.3098,276.8258,285.7399,295.0718,304.7472,314.7011,324.9372,334.2999,341.8930,349.5650,357.7738,364.2573,369.9123,369.0277,368.3383,365.7069,365.4397,361.8087,331.9388,329.4736,325.5027,320.5406,316.2979,71.7092,62.7191,52.1233,40.5165,28.3886,15.1101,2.3175,-1.3904,-13.4889,-24.9528,-35.5230,-45.4576,-54.2525,-62.5166,-71.3681,-79.3234,-87.3270,-95.1722,-103.5272,-112.0344,-120.8299,-131.0885,-141.9206,-154.0414,-166.6646,-180.3260,-194.3470,-209.4424,-225.4971,-243.7029
65,0.5000,SpendAwareDPRebalance (R65-aware),2.8000,8942.6624,250.3945,spend75p,254.1081,265.4947,278.5743,291.6772,305.9222,322.3535,339.3939,355.0525,372.6618,389.0346,406.6716,423.0781,436.5921,448.6528,460.7618,469.1331,476.2073,483.6588,486.7090,485.5626,447.6676,449.3839,448.3745,443.6478,443.9622,131.5953,121.5886,110.6148,95.1450,79.6513,64.2424,47.0918,31.9649,17.8356,3.8537,0.0000,-5.0811,-15.5358,-25.7242,-34.5609,-44.2730,-53.5950,-62.8259,-72.2620,-82.9622,-94.6240,-107.4259,-118.7018,-130.2643,-140.5790,-152.5957,-165.5519,-177.9096,-191.7634,-205.6312
65,0.5000,No dynamic rebalance,3.0000,8346.4849,250.3945,survival,1.0000,1.0000,1.0000,1.0000,1.0000,1.0000,1.0000,1.0000,1.0000,1.0000,0.9985,0.9965,0.9930,0.9875,0.9750,0.9660,0.9555,0.9420,0.9275,0.9105,0.8955,0.8755,0.8640,0.8485,0.8325,0.8265,0.8225,0.8190,0.8170,0.8145,0.8135,0.8120,0.8120,0.8110,0.8100,0.8095,0.8090,0.8090,0.8090,0.8090,0.8085,0.8075,0.8075,0.8075,0.8075,0.8065,0.8065,0.8065,0.8065,0.8065,0.8065,0.8065,0.8065,0.8065,0.8065
65,0.5000,No dynamic rebalance,3.0000,8346.4849,250.3945,spend25p,250.5060,254.6860,258.4409,262.3834,265.8682,270.1113,274.1916,278.8020,281.9625,284.4865,285.5969,286.9878,287.3154,286.3909,284.3705,280.5379,274.7535,267.2418,257.5587,245.2847,214.8322,201.7059,193.0854,180.9051,169.5333,0.0000,0.0000,0.0000,0.0000,-0.2409,-10.0939,-21.1285,-32.2102,-42.6797,-52.3535,-60.9420,-69.4301,-77.4195,-84.4489,-91.2092,-98.0771,-104.6840,-111.9291,-119.8473,-128.4542,-137.2324,-148.8427,-160.6021,-173.0238,-187.4650,-203.0988,-220.5786,-239.5391,-260.7194,-282.4142
65,0.5000,No dynamic rebalance,3.0000,8346.4849,250.3945,spend50p,252.3443,260.1265,268.3098,276.8258,285.7399,295.0718,304.7472,314.7011,324.9372,334.2999,341.6830,348.9588,356.2229,359.5540,360.7988,359.4213,357.4881,351.7514,345.9544,339.2354,307.0483,297.1178,290.8728,283.5909,277.0248,50.5396,41.7360,33.0212,22.2644,10.8447,0.0000,0.0000,0.0000,-6.3301,-18.4157,-29.4594,-39.5967,-48.6456,-57.7360,-66.0325,-74.7035,-82.9477,-91.7739,-99.8649,-107.9476,-117.5174,-126.8787,-137.4536,-148.1179,-159.8820,-173.2374,-186.1955,-200.5470,-215.9991,-232.4861
65,0.5000,No dynamic rebalance,3.0000,8346.4849,250.3945,spend75p,254.1081,265.4947,278.5743,291.6772,305.9222,322.3535,339.3939,355.0525,372.6618,389.0346,406.3689,422.7867,435.2786,446.7594,452.9703,457.1095,461.8565,462.9659,460.6262,458.4420,416.8046,409.1008,409.8011,406.0901,401.0005,111.6649,100.3274,87.6694,74.9196,61.3011,48.5690,34.1817,19.9500,6.7389,0.0000,0.0000,0.0000,0.0000,0.0000,0.0000,0.0000,-2.3920,-12.7036,-23.1942,-36.3532,-48.4733,-67.0801,-82.5924,-98.8609,-116.0004,-132.2440,-146.2300,-159.2019,-170.4329,-182.4778
65,0.5000,固定最適比率,3.0000,8346.4849,250.3945,survival,1.0000,1.0000,1.0000,1.0000,1.0000,1.0000,1.0000,1.0000,1.0000,1.0000,1.0000,1.0000,1.0000,1.0000,0.9985,0.9965,0.9910,0.9830,0.9750,0.9670,0.9555,0.9445,0.9335,0.9195,0.9100,0.9085,0.9070,0.9020,0.8955,0.8940,0.8910,0.8885,0.8875,0.8870,0.8860,0.8840,0.8825,0.8820,0.8815,0.8815,0.8815,0.8810,0.8810,0.8805,0.8805,0.8800,0.8800,0.8800,0.8800,0.8800,0.8800,0.8800,0.8800,0.8800,0.8800
65,0.5000,固定最適比率,3.0000,8346.4849,250.3945,spend25p,250.5060,254.6860,258.4409,262.3834,265.8682,270.1113,274.1916,278.8020,281.9625,284.4865,285.9840,287.9415,288.7265,289.7927,291.0278,288.4306,285.8965,281.7598,274.2351,268.4861,239.3169,231.3306,223.4088,212.9705,205.3979,16.1104,7.5836,0.0000,0.0000,-1.2629,-12.0877,-22.7033,-33.6677,-43.9253,-53.7794,-62.4816,-70.3522,-78.1085,-84.9971,-92.0658,-99.0953,-105.7859,-113.2389,-121.0872,-129.7462,-138.9620,-149.6602,-161.6327,-174.6259,-189.5884,-205.4367,-223.0701,-243.0248,-263.8437,-287.8668
65,0.5000,固定最適比率,3.0000,8346.4849,250.3945,spend50p,252.3443,260.1265,268.3098,276.8258,285.7399,295.0718,304.7472,314.7011,324.9372,334.2999,341.8930,349.5650,357.7738,364.4332,369.7977,369.3421,366.1416,362.1720,358.8446,354.4517,321.0054,317.1779,311.6572,304.1941,299.0978,63.0233,53.6580,43.7825,32.1778,21.7500,9.4364,0.0000,0.0000,-12.1163,-23.6184,-33.9256,-44.2063,-53.0490,-61.1619,-69.9168,-78.2090,-86.0444,-94.3256,-102.1558,-110.3508,-119.7911,-128.8861,-140.1336,-151.8369,-163.9984,-177.5905,-191.7668,-206.3105,-222.0445,-239.7510
65,0.5000,固定最適比率,3.0000,8346.4849,250.3945,spend75p,254.1081,265.4947,278.5743,291.6772,305.9222,322.3535,339.3939,355.0525,372.6618,389.0346,406.6716,423.0781,436.5921,448.8549,460.5650,469.2215,475.5003,478.3963,477.9535,476.8122,437.8454,434.0931,427.9462,423.0697,421.9495,120.7428,112.4099,100.1371,84.9914,71.1208,55.8935,40.9951,25.3768,11.3909,0.0000,0.0000,0.0000,-6.3628,-16.4516,-27.4533,-36.2001,-44.7197,-53.3569,-63.0807,-73.7350,-85.9728,-100.3685,-113.5846,-124.5228,-136.8204,-148.5032,-160.4317,-172.6475,-184.9998,-198.6795
65,0.5000,DynamicV1Rebalance,3.0000,8346.4849,250.3945,survival,1.0000,1.0000,1.0000,1.0000,1.0000,1.0000,1.0000,1.0000,1.0000,1.0000,0.9985,0.9965,0.9935,0.9885,0.9820,0.9715,0.9645,0.9540,0.9425,0.9285,0.9155,0.9050,0.8900,0.8775,0.8645,0.8575,0.8550,0.8525,0.8520,0.8480,0.8460,0.8445,0.8420,0.8405,0.8395,0.8395,0.8380,0.8375,0.8370,0.8370,0.8365,0.8365,0.8360,0.8360,0.8355,0.8355,0.8355,0.8355,0.8355,0.8355,0.8355,0.8355,0.8355,0.8355,0.8355
65,0.5000,DynamicV1Rebalance,3.0000,8346.4849,250.3945,spend25p,250.5060,254.6860,258.4409,262.3834,265.8682,270.1113,274.1916,278.8020,281.9625,284.4865,285.5969,286.9878,287.4689,286.5430,286.7655,282.8153,277.9919,270.6742,262.2757,253.2286,224.9817,214.9975,204.6152,196.3445,184.5864,4.9552,0.0000,0.0000,0.0000,-0.8292,-11.4867,-21.9686,-33.0257,-43.2638,-52.9422,-61.9861,-69.8367,-77.8690,-84.7159,-91.8671,-98.6527,-105.4385,-112.9025,-120.6797,-129.2512,-138.3121,-149.3525,-161.1786,-173.9855,-188.4558,-203.6996,-221.8146,-241.0467,-262.2059,-285.0310
65,0.5000,DynamicV1Rebalance,3.0000,8346.4849,250.3945,spend50p,252.3443,260.1265,268.3098,276.8258,285.7399,295.0718,304.7472,314.7011,324.9372,334.2999,341.6830,348.9588,356.3299,359.7030,362.9316,361.7756,359.5532,354.6059,350.4880,344.3935,311.4181,305.5403,297.5686,292.9366,287.6327,55.7125,46.9936,36.2588,27.3680,15.8194,4.3101,0.0000,0.0000,-9.4521,-20.9486,-32.2807,-41.5097,-50.7009,-59.2586,-68.1819,-76.5697,-84.8722,-93.0652,-100.7357,-108.9538,-118.7730,-127.8397,-138.4929,-149.4010,-161.5738,-174.9250,-188.5060,-203.2165,-218.4798,-236.0961
65,0.5000,DynamicV1Rebalance,3.0000,8346.4849,250.3945,spend75p,254.1081,265.4947,278.5743,291.6772,305.9222,322.3535,339.3939,355.0525,372.6618,389.0346,406.3689,422.7867,435.2786,446.9584,454.3869,458.8771,464.4655,467.3247,467.8894,466.8250,428.3157,419.7619,415.9556,414.0544,410.3878,115.4251,104.2360,92.6575,80.8836,65.7716,51.8246,37.0398,22.1437,8.3439,0.0000,0.0000,0.0000,0.0000,0.0000,-9.3337,-19.7256,-29.6737,-38.6806,-47.5713,-59.1065,-71.6743,-84.5636,-99.9069,-115.1749,-128.0100,-141.4933,-153.9253,-165.5678,-178.9711,-191.4670
65,0.5000,SpendAwareDPRebalance (R65-aware),3.0000,8346.4849,250.3945,survival,1.0000,1.0000,1.0000,1.0000,1.0000,1.0000,1.0000,1.0000,1.0000,1.0000,1.0000,0.9995,0.9990,0.9975,0.9955,0.9925,0.9905,0.9870,0.9815,0.9765,0.9695,0.9615,0.9530,0.9480,0.9390,0.9360,0.9325,0.9265,0.9180,0.9135,0.9085,0.9045,0.9010,0.8980,0.8975,0.8960,0.8955,0.8940,0.8940,0.8940,0.8935,0.8935,0.8930,0.8930,0.8930,0.8925,0.8925,0.8925,0.8920,0.8920,0.8920,0.8920,0.8920,0.8920,0.8920
65,0.5000,SpendAwareDPRebalance (R65-aware),3.0000,8346.4849,250.3945,spend25p,250.5060,254.6860,258.4409,262.3834,265.8682,270.1113,274.1916,278.8020,281.9625,284.4865,285.9840,287.8843,288.6108,289.0476,290.1443,287.6010,285.8965,282.7686,276.9396,272.7102,244.6631,237.7151,231.0119,224.2365,218.3000,22.6883,14.1961,4.3706,0.0000,-1.6831,-12.3162,-22.9583,-33.9453,-44.4462,-54.2406,-62.7527,-70.9052,-78.5280,-85.2494,-92.3763,-99.5022,-106.0846,-113.5185,-121.7095,-130.6837,-139.9560,-150.4831,-162.2331,-175.3670,-190.2479,-206.1854,-223.3637,-243.6688,-263.8437,-287.4939
65,0.5000,SpendAwareDPRebalance (R65-aware),3.0000,8346.4849,250.3945,spend50p,252.3443,260.1265,268.3098,276.8258,285.7399,295.0718,304.7472,314.7011,324.9372,334.2999,341.8930,349.5228,357.6136,363.2185,368.8159,368.5803,366.3632,364.3735,363.2797,359.7923,327.6633,322.8700,319.6437,313.9990,307.6207,67.3264,58.1479,47.9615,36.4137,23.7005,11.6749,0.0000,-0.8398,-12.7183,-24.2785,-34.7168,-45.0532,-53.6816,-62.0988,-70.7567,-78.7519,-86.7933,-94.6292,-102.7409,-111.1500,-120.1735,-129.6849,-141.0966,-152.9042,-165.4084,-178.7432,-192.6006,-206.9491,-223.2884,-240.5320
65,0.5000,SpendAwareDPRebalance (R65-aware),3.0000,8346.4849,250.3945,spend75p,254.1081,265.4947,278.5743,291.6772,305.9222,322.3535,339.3939,355.0525,372.6618,389.0346,406.6716,422.9352,436.2448,448.3105,459.5879,468.3133,474.8608,479.8796,482.0203,482.3491,444.7025,442.5970,436.2350,436.9524,434.7596,127.2035,116.9025,104.2051,87.8752,74.4572,57.4536,43.0174,26.1085,11.4404,0.0000,0.0000,-1.4619,-12.8903,-22.0714,-31.6543,-40.3080,-48.7542,-58.3493,-68.0979,-78.1101,-91.2518,-103.8423,-115.7205,-127.1031,-138.5742,-150.0695,-162.1375,-174.3478,-186.6785,-200.7924
65,0.5000,No dynamic rebalance,3.3300,7519.3557,250.3945,survival,1.0000,1.0000,1.0000,1.0000,1.0000,1.0000,1.0000,1.0000,1.0000,0.9990,0.9965,0.9945,0.9880,0.9765,0.9620,0.9490,0.9360,0.9160,0.8920,0.8715,0.8550,0.8380,0.8210,0.7960,0.7785,0.7735,0.7695,0.7655,0.7625,0.7590,0.7580,0.7555,0.7535,0.7530,0.7530,0.7520,0.7515,0.7515,0.7510,0.7510,0.7505,0.7505,0.7505,0.7505,0.7505,0.7505,0.7505,0.7505,0.7505,0.7505,0.7505,0.7505,0.7505,0.7505,0.7505
65,0.5000,No dynamic rebalance,3.3300,7519.3557,250.3945,spend25p,250.5060,254.6860,258.4409,262.3834,265.8682,270.1113,274.1916,278.8020,281.9625,283.8829,285.1806,286.3970,284.8962,284.8452,280.1853,274.8156,267.9299,255.6160,241.0595,226.9502,196.7173,180.0026,166.2147,147.4378,128.9389,0.0000,0.0000,0.0000,0.0000,0.0000,-9.4764,-20.1769,-31.2249,-41.9314,-51.2461,-60.3230,-68.9734,-76.8490,-84.0137,-90.7086,-97.0703,-103.6831,-111.0431,-118.7214,-127.3877,-136.0511,-147.4566,-158.9285,-171.5881,-185.7501,-200.5872,-217.7096,-235.6749,-257.4764,-277.7677
65,0.5000,No dynamic rebalance,3.3300,7519.3557,250.3945,spend50p,252.3443,260.1265,268.3098,276.8258,285.7399,295.0718,304.7472,314.7011,324.9372,334.2637,341.1312,348.3858,355.2988,357.5906,357.2453,356.3542,352.9672,347.1723,336.2019,326.7042,294.8438,284.1116,278.2876,268.6525,261.1625,42.5304,33.1900,23.2799,12.8730,2.0026,0.0000,0.0000,0.0000,-2.9324,-14.6355,-25.7222,-35.7410,-44.9228,-54.1538,-62.9301,-71.5872,-80.0760,-88.6336,-96.7896,-105.5821,-114.3273,-124.0605,-134.2810,-144.7620,-155.8651,-168.2807,-181.0108,-195.7860,-210.4942,-225.5765
65,0.5000,No dynamic rebalance,3.3300,7519.3557,250.3945,spend75p,254.1081,265.4947,278.5743,291.6772,305.9222,322.3535,339.3939,355.0525,372.6618,388.3239,406.1142,422.4809,433.9254,442.2314,449.2722,454.1133,455.7797,456.3777,450.3259,440.7644,402.1827,399.1694,395.7530,389.4973,384.0519,101.4127,90.3395,79.0206,67.7436,54.4558,40.3342,25.9368,11.1934,0.0000,0.0000,0.0000,0.0000,0.0000,0.0000,0.0000,0.0000,0.0000,0.0000,0.0000,0.0000,0.0000,0.0000,0.0000,0.0000,0.0000,0.0000,0.0000,0.0000,0.0000,-21.8999
65,0.5000,固定最適比率,3.3300,7519.3557,250.3945,survival,1.0000,1.0000,1.0000,1.0000,1.0000,1.0000,1.0000,1.0000,1.0000,1.0000,1.0000,0.9990,0.9965,0.9925,0.9850,0.9745,0.9620,0.9490,0.9305,0.9140,0.8990,0.8805,0.8595,0.8425,0.8250,0.8205,0.8145,0.8105,0.8060,0.8035,0.8010,0.7990,0.7965,0.7945,0.7940,0.7930,0.7910,0.7910,0.7905,0.7905,0.7905,0.7905,0.7905,0.7905,0.7905,0.7905,0.7900,0.7900,0.7900,0.7900,0.7900,0.7900,0.7900,0.7900,0.7900
65,0.5000,固定最適比率,3.3300,7519.3557,250.3945,spend25p,250.5060,254.6860,258.4409,262.3834,265.8682,270.1113,274.1916,278.8020,281.9625,284.4865,285.9840,287.6713,287.7357,287.6302,287.7540,283.4035,276.3581,268.5859,258.7215,246.2469,216.8382,204.8689,189.4638,177.6746,165.3572,0.0000,0.0000,0.0000,0.0000,-0.6088,-10.5382,-21.7531,-32.5475,-42.8221,-52.7944,-61.6659,-69.5461,-77.6041,-84.5012,-91.4105,-98.1182,-104.8489,-111.9635,-119.6708,-128.3763,-136.7649,-148.4514,-160.3010,-172.5342,-186.6901,-202.2159,-219.7067,-238.4010,-259.5768,-279.9359
65,0.5000,固定最適比率,3.3300,7519.3557,250.3945,spend50p,252.3443,260.1265,268.3098,276.8258,285.7399,295.0718,304.7472,314.7011,324.9372,334.2999,341.8930,349.4222,356.6591,360.6892,364.7573,362.6857,358.4917,353.1017,345.7918,338.8560,305.9540,296.5882,286.9113,279.8320,271.0403,48.7194,39.4420,30.8405,19.7417,8.5533,0.0000,0.0000,0.0000,-7.5208,-19.0485,-30.2973,-40.2658,-49.1463,-57.8339,-66.4257,-74.8255,-82.9830,-91.7739,-99.5650,-107.6681,-117.1871,-126.6034,-136.9237,-147.5659,-159.0481,-171.8592,-185.0213,-199.1240,-213.6982,-230.2605
65,0.5000,固定最適比率,3.3300,7519.3557,250.3945,spend75p,254.1081,265.4947,278.5743,291.6772,305.9222,322.3535,339.3939,355.0525,372.6618,389.0346,406.6716,422.8766,435.5601,447.0685,455.1398,458.6443,462.0382,462.9659,459.6195,456.4987,413.3557,407.1647,402.6131,400.6300,394.0724,106.6832,96.6485,83.7968,70.8015,57.8151,43.0370,29.6194,14.8574,1.0314,0.0000,0.0000,0.0000,0.0000,0.0000,0.0000,0.0000,0.0000,-1.9099,-11.2653,-22.7956,-36.4733,-53.1679,-66.2502,-85.1723,-108.2648,-125.9966,-139.7037,-154.3847,-165.6560,-173.6954
65,0.5000,DynamicV1Rebalance,3.3300,7519.3557,250.3945,survival,1.0000,1.0000,1.0000,1.0000,1.0000,1.0000,1.0000,1.0000,1.0000,0.9990,0.9965,0.9945,0.9880,0.9800,0.9630,0.9545,0.9425,0.9245,0.9060,0.8870,0.8690,0.8555,0.8400,0.8215,0.8090,0.8040,0.8025,0.7950,0.7935,0.7910,0.7900,0.7875,0.7855,0.7835,0.7830,0.7820,0.7815,0.7810,0.7810,0.7800,0.7800,0.7800,0.7800,0.7800,0.7800,0.7800,0.7800,0.7800,0.7800,0.7800,0.7800,0.7800,0.7800,0.7800,0.7800
65,0.5000,DynamicV1Rebalance,3.3300,7519.3557,250.3945,spend25p,250.5060,254.6860,258.4409,262.3834,265.8682,270.1113,274.1916,278.8020,281.9625,283.8829,285.1806,286.3970,284.8962,285.4874,280.4208,276.6901,270.7000,259.2383,246.9529,233.3631,203.2132,192.8841,178.8150,165.4705,154.8061,0.0000,0.0000,0.0000,0.0000,-0.0516,-10.0600,-20.8062,-31.8765,-42.3153,-51.9165,-60.6883,-69.3112,-77.2840,-84.3483,-91.1565,-97.9383,-104.5985,-111.8156,-119.5133,-128.2339,-136.7173,-148.3498,-160.1375,-172.3528,-186.5386,-202.1197,-219.5736,-238.4412,-259.7724,-280.1245
65,0.5000,DynamicV1Rebalance,3.3300,7519.3557,250.3945,spend50p,252.3443,260.1265,268.3098,276.8258,285.7399,295.0718,304.7472,314.7011,324.9372,334.2637,341.1312,348.3858,355.2988,358.3772,357.4910,357.7264,354.0294,348.3555,339.5683,332.4125,298.4376,289.3917,283.2104,276.0088,268.5668,47.1921,38.8045,28.7459,18.6964,7.3240,0.0000,0.0000,0.0000,-5.4974,-17.5787,-27.6543,-38.4888,-47.2891,-56.0933,-64.8998,-73.6280,-81.9886,-90.5163,-98.8776,-107.1105,-116.4602,-125.9611,-136.3259,-146.5970,-158.3707,-171.0847,-184.5149,-198.4008,-213.3952,-229.7291
65,0.5000,DynamicV1Rebalance,3.3300,7519.3557,250.3945,spend75p,254.1081,265.4947,278.5743,291.6772,305.9222,322.3535,339.3939,355.0525,372.6618,388.3239,406.1142,422.4809,433.9254,443.9202,449.5058,455.5050,457.5666,459.2901,454.7823,450.7721,406.1448,404.5890,400.6174,396.8030,393.5624,105.7961,96.6485,83.4019,70.8342,57.9214,43.5804,29.7400,16.0203,1.3403,0.0000,0.0000,0.0000,0.0000,0.0000,0.0000,0.0000,0.0000,0.0000,0.0000,-4.0285,-17.0611,-27.5230,-48.9088,-68.4034,-90.5950,-116.7908,-132.8594,-148.0059,-160.9071,-170.5648
65,0.5000,SpendAwareDPRebalance (R65-aware),3.3300,7519.3557,250.3945,survival,1.0000,1.0000,1.0000,1.0000,1.0000,1.0000,1.0000,1.0000,1.0000,0.9990,0.9980,0.9975,0.9955,0.9930,0.9855,0.9820,0.9750,0.9700,0.9620,0.9500,0.9385,0.9285,0.9195,0.9085,0.8985,0.8960,0.8920,0.8860,0.8765,0.8700,0.8645,0.8595,0.8570,0.8560,0.8535,0.8515,0.8515,0.8505,0.8500,0.8495,0.8490,0.8485,0.8485,0.8480,0.8480,0.8480,0.8480,0.8480,0.8480,0.8480,0.8480,0.8480,0.8480,0.8480,0.8480
65,0.5000,SpendAwareDPRebalance (R65-aware),3.3300,7519.3557,250.3945,spend25p,250.5060,254.6860,258.4409,262.3834,265.8682,270.1113,274.1916,278.8020,281.9625,283.8829,285.5969,287.4013,287.6560,288.0539,287.7720,285.5861,281.2049,277.0264,270.4699,262.7394,233.0824,224.6761,217.7700,208.0947,200.4004,12.8956,4.9596,0.0000,0.0000,-1.6051,-12.1385,-22.8024,-33.7125,-44.1409,-53.8579,-62.5420,-70.3858,-78.2594,-85.0835,-92.1534,-99.1966,-105.8409,-113.2919,-121.1286,-129.9078,-139.0490,-149.6602,-161.2743,-174.3479,-189.1449,-204.8301,-222.2278,-241.1858,-261.7270,-283.2581
65,0.5000,SpendAwareDPRebalance (R65-aware),3.3300,7519.3557,250.3945,spend50p,252.3443,260.1265,268.3098,276.8258,285.7399,295.0718,304.7472,314.7011,324.9372,334.2637,341.6830,349.0058,356.6591,362.2089,364.8644,365.6480,362.1548,359.1302,355.6433,348.8841,316.8320,312.2318,306.6532,300.6316,294.1522,60.8098,51.1635,40.8875,29.3224,17.6219,5.6794,0.0000,0.0000,-12.1093,-23.6184,-33.8881,-44.0665,-53.0490,-61.1619,-69.7014,-77.9513,-85.9984,-94.1980,-101.9439,-110.0779,-119.5564,-128.6487,-139.8011,-151.0391,-163.4855,-176.3414,-189.8764,-204.2411,-219.4562,-236.8381
65,0.5000,SpendAwareDPRebalance (R65-aware),3.3300,7519.3557,250.3945,spend75p,254.1081,265.4947,278.5743,291.6772,305.9222,322.3535,339.3939,355.0525,372.6618,388.3239,406.3689,422.8458,435.5601,447.6131,455.2856,464.3948,469.7013,472.6764,473.8581,472.1023,431.6490,424.6548,420.7977,418.1051,414.3984,118.2343,106.3737,93.9438,77.8169,62.8847,49.4719,34.2733,19.5080,6.4303,0.0000,0.0000,0.0000,-5.0058,-15.3647,-26.1009,-34.9160,-43.4470,-51.7694,-61.0240,-71.3551,-84.3473,-97.6361,-111.4010,-122.3015,-134.0542,-145.6616,-157.2912,-168.7557,-180.8409,-193.6763
65,0.5000,No dynamic rebalance,3.6600,6841.3810,250.3945,survival,1.0000,1.0000,1.0000,1.0000,1.0000,1.0000,1.0000,1.0000,0.9995,0.9975,0.9960,0.9900,0.9800,0.9605,0.9445,0.9295,0.9040,0.8795,0.8565,0.8335,0.8105,0.7850,0.7620,0.7400,0.7185,0.7135,0.7070,0.7040,0.7005,0.6990,0.6970,0.6940,0.6920,0.6905,0.6900,0.6900,0.6890,0.6890,0.6890,0.6890,0.6890,0.6890,0.6885,0.6885,0.6885,0.6885,0.6885,0.6885,0.6885,0.6885,0.6885,0.6885,0.6885,0.6885,0.6885
65,0.5000,No dynamic rebalance,3.6600,6841.3810,250.3945,spend25p,250.5060,254.6860,258.4409,262.3834,265.8682,270.1113,274.1916,278.8020,281.9229,283.5359,285.1189,285.6796,283.3926,279.6488,274.3845,266.4481,255.2208,237.9214,222.8404,203.7117,169.4820,149.6195,116.8207,0.0000,0.0000,0.0000,0.0000,0.0000,0.0000,0.0000,-7.3451,-17.5362,-29.0563,-39.7048,-49.3988,-58.4935,-67.5751,-75.0058,-82.5282,-89.4979,-95.8623,-102.6448,-109.3973,-116.7231,-125.0269,-134.2265,-144.2147,-156.5317,-169.0396,-181.7427,-197.1530,-212.6658,-230.6463,-250.4981,-271.6806
65,0.5000,No dynamic rebalance,3.6600,6841.3810,250.3945,spend50p,252.3443,260.1265,268.3098,276.8258,285.7399,295.0718,304.7472,314.7011,324.7905,333.7778,341.1312,347.9154,352.9930,353.8890,352.4448,351.2563,343.9643,335.0946,324.1969,314.4218,278.6713,271.2142,260.5276,250.3253,239.1455,32.4161,22.7723,13.4499,3.7744,0.0000,0.0000,0.0000,0.0000,0.0000,-6.4262,-18.7923,-29.4410,-39.2074,-48.3197,-57.2542,-65.7010,-74.0609,-83.0194,-91.9689,-101.2021,-110.5715,-120.0775,-130.3225,-140.6458,-150.9948,-162.3088,-175.1612,-188.9558,-202.5189,-216.9448
65,0.5000,No dynamic rebalance,3.6600,6841.3810,250.3945,spend75p,254.1081,265.4947,278.5743,291.6772,305.9222,322.3535,339.3939,355.0525,372.5217,388.1049,406.1142,421.4017,432.5327,438.1956,446.2435,450.2380,450.5739,441.8654,438.4416,430.5292,390.0656,385.4765,380.8108,373.2117,361.8211,90.0936,80.1494,69.5202,57.8300,45.6568,32.5565,18.1049,5.0674,0.0000,0.0000,0.0000,0.0000,0.0000,0.0000,0.0000,0.0000,0.0000,0.0000,0.0000,0.0000,0.0000,0.0000,0.0000,0.0000,0.0000,0.0000,0.0000,0.0000,0.0000,0.0000
65,0.5000,固定最適比率,3.6600,6841.3810,250.3945,survival,1.0000,1.0000,1.0000,1.0000,1.0000,1.0000,1.0000,1.0000,1.0000,0.9990,0.9965,0.9930,0.9865,0.9700,0.9550,0.9390,0.9195,0.8925,0.8725,0.8525,0.8250,0.8065,0.7795,0.7580,0.7335,0.7285,0.7225,0.7200,0.7155,0.7125,0.7105,0.7085,0.7060,0.7050,0.7045,0.7045,0.7040,0.7030,0.7030,0.7030,0.7030,0.7020,0.7020,0.7020,0.7020,0.7020,0.7020,0.7020,0.7020,0.7020,0.7020,0.7020,0.7020,0.7020,0.7020
65,0.5000,固定最適比率,3.6600,6841.3810,250.3945,spend25p,250.5060,254.6860,258.4409,262.3834,265.8682,270.1113,274.1916,278.8020,281.9625,283.8829,285.1806,285.9906,284.7801,282.2451,277.9489,270.2570,260.5040,245.7657,230.6377,215.0484,177.4967,162.3957,140.1767,104.9016,0.0000,0.0000,0.0000,0.0000,0.0000,0.0000,-8.2370,-18.5745,-29.9310,-40.7205,-50.0229,-58.9906,-68.0280,-75.8919,-83.1683,-89.9715,-96.5184,-102.9792,-109.6913,-117.0887,-125.8512,-134.8118,-144.9168,-156.9313,-169.3430,-182.4456,-197.3656,-214.1135,-231.3061,-251.3559,-273.1034
65,0.5000,固定最適比率,3.6600,6841.3810,250.3945,spend50p,252.3443,260.1265,268.3098,276.8258,285.7399,295.0718,304.7472,314.7011,324.9372,334.2637,341.1312,348.1584,354.0971,356.0060,354.5105,353.1100,348.0070,339.5376,329.4934,320.7442,282.2213,275.6041,265.5717,254.6897,243.4871,33.9608,25.2356,15.6077,6.2531,0.0000,0.0000,0.0000,0.0000,0.0000,-9.3846,-20.9550,-31.6582,-40.7742,-49.8932,-58.9445,-66.7628,-76.2012,-84.5586,-93.0844,-102.1268,-111.3919,-120.8338,-131.3043,-141.3660,-151.9963,-163.4672,-176.4918,-189.9786,-204.0429,-218.4778
65,0.5000,固定最適比率,3.6600,6841.3810,250.3945,spend75p,254.1081,265.4947,278.5743,291.6772,305.9222,322.3535,339.3939,355.0525,372.6618,388.3239,406.1142,421.7930,433.5037,440.9228,448.1947,451.0960,452.3703,444.9617,441.2519,435.3732,391.3824,391.0105,383.1054,375.6750,365.2585,92.3043,81.8141,70.7049,59.2519,46.2546,33.5063,19.5144,5.5729,0.0000,0.0000,0.0000,0.0000,0.0000,0.0000,0.0000,0.0000,0.0000,0.0000,0.0000,0.0000,0.0000,0.0000,0.0000,0.0000,0.0000,0.0000,0.0000,0.0000,0.0000,0.0000
65,0.5000,DynamicV1Rebalance,3.6600,6841.3810,250.3945,survival,1.0000,1.0000,1.0000,1.0000,1.0000,1.0000,1.0000,1.0000,0.9995,0.9980,0.9965,0.9905,0.9810,0.9610,0.9480,0.9340,0.9085,0.8825,0.8650,0.8435,0.8200,0.7985,0.7780,0.7585,0.7390,0.7315,0.7270,0.7235,0.7210,0.7165,0.7150,0.7135,0.7125,0.7115,0.7115,0.7110,0.7100,0.7095,0.7095,0.7090,0.7090,0.7085,0.7085,0.7085,0.7080,0.7080,0.7080,0.7080,0.7080,0.7080,0.7080,0.7080,0.7080,0.7080,0.7080
65,0.5000,DynamicV1Rebalance,3.6600,6841.3810,250.3945,spend25p,250.5060,254.6860,258.4409,262.3834,265.8682,270.1113,274.1916,278.8020,281.9229,283.6135,285.1806,285.8700,283.6453,279.6778,275.4743,267.3927,256.8547,239.0980,227.1613,211.4417,174.3219,156.6531,136.2327,105.2798,0.0000,0.0000,0.0000,0.0000,0.0000,0.0000,-8.2370,-18.4403,-29.8491,-40.7205,-50.0612,-58.9842,-67.9615,-75.8653,-82.9431,-89.9275,-96.6322,-103.0012,-109.7677,-117.1131,-125.9674,-134.9234,-144.9168,-156.9723,-169.4384,-183.0776,-197.5459,-214.7163,-232.0205,-251.6467,-273.7011
65,0.5000,DynamicV1Rebalance,3.6600,6841.3810,250.3945,spend50p,252.3443,260.1265,268.3098,276.8258,285.7399,295.0718,304.7472,314.7011,324.7905,334.0608,341.1312,348.0555,353.1038,353.9893,353.3666,353.0271,345.2476,336.7999,327.9260,319.2074,282.6070,274.6688,266.1031,255.8805,245.4026,34.8460,25.6602,16.1465,6.8892,0.0000,0.0000,0.0000,0.0000,0.0000,-9.5812,-21.3458,-31.7911,-41.1163,-50.3861,-59.2889,-67.3032,-76.8397,-85.1337,-93.7800,-102.9932,-112.0417,-121.5448,-131.6361,-141.9146,-152.8510,-164.1058,-177.3172,-190.8477,-205.5109,-219.5901
65,0.5000,DynamicV1Rebalance,3.6600,6841.3810,250.3945,spend75p,254.1081,265.4947,278.5743,291.6772,305.9222,322.3535,339.3939,355.0525,372.5217,388.2070,406.1142,421.4921,432.7596,438.1956,446.5768,451.0960,451.3130,443.3162,439.9401,434.3573,391.8820,390.5170,384.1708,379.9603,371.8329,93.8768,82.7213,72.0284,60.7674,47.5806,34.9703,20.4916,6.4384,0.0000,0.0000,0.0000,0.0000,0.0000,0.0000,0.0000,0.0000,0.0000,0.0000,0.0000,0.0000,0.0000,0.0000,0.0000,0.0000,0.0000,0.0000,0.0000,0.0000,0.0000,0.0000
65,0.5000,SpendAwareDPRebalance (R65-aware),3.6600,6841.3810,250.3945,survival,1.0000,1.0000,1.0000,1.0000,1.0000,1.0000,1.0000,1.0000,0.9995,0.9980,0.9965,0.9930,0.9885,0.9810,0.9705,0.9655,0.9530,0.9430,0.9320,0.9195,0.9055,0.8895,0.8770,0.8670,0.8575,0.8520,0.8470,0.8375,0.8245,0.8145,0.8085,0.8040,0.7965,0.7915,0.7905,0.7880,0.7875,0.7865,0.7860,0.7860,0.7855,0.7855,0.7855,0.7855,0.7855,0.7855,0.7855,0.7855,0.7855,0.7855,0.7855,0.7855,0.7855,0.7855,0.7855
65,0.5000,SpendAwareDPRebalance (R65-aware),3.6600,6841.3810,250.3945,spend25p,250.5060,254.6860,258.4409,262.3834,265.8682,270.1113,274.1916,278.8020,281.9229,283.6135,285.1806,286.1513,285.1536,285.5277,283.9406,280.5379,274.2100,267.6055,259.4626,248.6287,220.7608,210.0995,200.2063,190.5513,182.1035,3.5365,0.0000,0.0000,0.0000,-1.1011,-11.7124,-22.4214,-33.4069,-43.4644,-53.4278,-62.1045,-69.8367,-77.8690,-84.6628,-91.8526,-98.6056,-105.2445,-112.6418,-120.5975,-128.9314,-137.3368,-148.4494,-159.8740,-172.2184,-186.5716,-202.0312,-218.8401,-236.6626,-257.3030,-277.5242
65,0.5000,SpendAwareDPRebalance (R65-aware),3.6600,6841.3810,250.3945,spend50p,252.3443,260.1265,268.3098,276.8258,285.7399,295.0718,304.7472,314.7011,324.7905,334.0608,341.1312,348.2606,355.3147,358.4710,360.5575,360.0261,357.6053,352.7897,347.7350,341.6968,308.1918,300.3778,292.8217,286.8511,281.0531,53.3038,44.6379,33.9128,21.5203,9.1497,0.0000,0.0000,0.0000,-10.0232,-21.7916,-32.6353,-42.0910,-51.0095,-59.3094,-68.1048,-76.3162,-84.4046,-92.7772,-100.3803,-108.5265,-118.0241,-127.1145,-137.5838,-148.1456,-159.6148,-172.6004,-185.0766,-199.0798,-213.5234,-229.6000
65,0.5000,SpendAwareDPRebalance (R65-aware),3.6600,6841.3810,250.3945,spend75p,254.1081,265.4947,278.5743,291.6772,305.9222,322.3535,339.3939,355.0525,372.5217,388.2070,406.1142,422.0763,433.7592,443.9202,452.1993,457.1095,459.9145,462.4703,460.7781,457.7398,416.0712,407.8238,405.6706,403.1020,398.9269,110.2712,99.0489,84.9589,70.0453,55.9151,40.7831,26.0434,10.3413,0.0000,0.0000,0.0000,0.0000,0.0000,0.0000,0.0000,-5.2037,-11.2724,-21.1360,-27.6943,-38.6658,-49.6710,-67.0801,-84.0798,-100.4683,-117.4307,-130.5776,-142.7519,-155.3167,-165.6560,-173.3780
65,0.5000,No dynamic rebalance,4.0000,6259.8637,250.3945,survival,1.0000,1.0000,1.0000,1.0000,1.0000,1.0000,1.0000,1.0000,0.9990,0.9965,0.9930,0.9830,0.9610,0.9410,0.9255,0.8990,0.8695,0.8440,0.8120,0.7785,0.7485,0.7205,0.6985,0.6775,0.6570,0.6530,0.6495,0.6470,0.6440,0.6440,0.6430,0.6430,0.6410,0.6400,0.6395,0.6390,0.6390,0.6385,0.6380,0.6375,0.6375,0.6375,0.6375,0.6375,0.6375,0.6375,0.6375,0.6375,0.6375,0.6375,0.6375,0.6375,0.6375,0.6375,0.6375
65,0.5000,No dynamic rebalance,4.0000,6259.8637,250.3945,spend25p,250.5060,254.6860,258.4409,262.3834,265.8682,270.1113,274.1916,278.8020,281.7636,283.3416,284.6446,284.1035,279.3317,274.5694,269.7767,257.2962,238.1512,222.7795,197.4500,164.5026,0.0000,0.0000,0.0000,0.0000,0.0000,0.0000,0.0000,0.0000,0.0000,0.0000,-4.8879,-15.5339,-26.6217,-37.3189,-47.4946,-56.2660,-64.6747,-72.7940,-80.4161,-87.8361,-94.3060,-100.8552,-107.5189,-115.1123,-123.3566,-132.0261,-142.0775,-153.2522,-165.9550,-179.0908,-193.2623,-209.0931,-226.3082,-244.4696,-264.4870
65,0.5000,No dynamic rebalance,4.0000,6259.8637,250.3945,spend50p,252.3443,260.1265,268.3098,276.8258,285.7399,295.0718,304.7472,314.7011,324.7225,333.5670,340.5301,346.6450,348.2439,349.2817,347.8605,341.3971,333.0297,325.9932,312.0854,299.4572,262.1988,248.6880,239.5092,225.9019,213.6532,19.8656,10.8838,1.9493,0.0000,0.0000,0.0000,0.0000,0.0000,0.0000,0.0000,-9.3586,-20.0302,-30.8915,-42.4526,-50.2564,-58.0036,-67.0426,-75.7157,-84.2490,-94.3050,-104.1998,-114.7962,-124.7796,-135.3263,-145.3875,-156.8763,-169.0529,-181.1187,-194.4086,-207.7693
65,0.5000,No dynamic rebalance,4.0000,6259.8637,250.3945,spend75p,254.1081,265.4947,278.5743,291.6772,305.9222,322.3535,339.3939,355.0525,372.4222,388.1049,405.3364,420.0453,427.3165,434.1682,440.6184,442.9497,439.2393,436.0145,426.4155,415.2620,375.5984,368.6528,359.9692,351.8379,340.9268,80.2151,71.0122,61.4680,49.4837,37.0972,24.9751,12.3132,0.0000,0.0000,0.0000,0.0000,0.0000,0.0000,0.0000,0.0000,0.0000,0.0000,0.0000,0.0000,0.0000,0.0000,0.0000,0.0000,0.0000,0.0000,0.0000,0.0000,0.0000,0.0000,0.0000
65,0.5000,固定最適比率,4.0000,6259.8637,250.3945,survival,1.0000,1.0000,1.0000,1.0000,1.0000,1.0000,1.0000,1.0000,0.9990,0.9965,0.9930,0.9830,0.9610,0.9410,0.9255,0.8990,0.8695,0.8440,0.8120,0.7785,0.7485,0.7205,0.6985,0.6775,0.6570,0.6530,0.6495,0.6470,0.6440,0.6440,0.6430,0.6430,0.6410,0.6400,0.6395,0.6390,0.6390,0.6385,0.6380,0.6375,0.6375,0.6375,0.6375,0.6375,0.6375,0.6375,0.6375,0.6375,0.6375,0.6375,0.6375,0.6375,0.6375,0.6375,0.6375
65,0.5000,固定最適比率,4.0000,6259.8637,250.3945,spend25p,250.5060,254.6860,258.4409,262.3834,265.8682,270.1113,274.1916,278.8020,281.7636,283.3416,284.6446,284.1035,279.3317,274.5694,269.7767,257.2962,238.1512,222.7795,197.4500,164.5026,0.0000,0.0000,0.0000,0.0000,0.0000,0.0000,0.0000,0.0000,0.0000,0.0000,-4.8879,-15.5339,-26.6217,-37.3189,-47.4946,-56.2660,-64.6747,-72.7940,-80.4161,-87.8361,-94.3060,-100.8552,-107.5189,-115.1123,-123.3566,-132.0261,-142.0775,-153.2522,-165.9550,-179.0908,-193.2623,-209.0931,-226.3082,-244.4696,-264.4870
65,0.5000,固定最適比率,4.0000,6259.8637,250.3945,spend50p,252.3443,260.1265,268.3098,276.8258,285.7399,295.0718,304.7472,314.7011,324.7225,333.5670,340.5301,346.6450,348.2439,349.2817,347.8605,341.3971,333.0297,325.9932,312.0854,299.4572,262.1988,248.6880,239.5092,225.9019,213.6532,19.8656,10.8838,1.9493,0.0000,0.0000,0.0000,0.0000,0.0000,0.0000,0.0000,-9.3586,-20.0302,-30.8915,-42.4526,-50.2564,-58.0036,-67.0426,-75.7157,-84.2490,-94.3050,-104.1998,-114.7962,-124.7796,-135.3263,-145.3875,-156.8763,-169.0529,-181.1187,-194.4086,-207.7693
65,0.5000,固定最適比率,4.0000,6259.8637,250.3945,spend75p,254.1081,265.4947,278.5743,291.6772,305.9222,322.3535,339.3939,355.0525,372.4222,388.1049,405.3364,420.0453,427.3165,434.1682,440.6184,442.9497,439.2393,436.0145,426.4155,415.2620,375.5984,368.6528,359.9692,351.8379,340.9268,80.2151,71.0122,61.4680,49.4837,37.0972,24.9751,12.3132,0.0000,0.0000,0.0000,0.0000,0.0000,0.0000,0.0000,0.0000,0.0000,0.0000,0.0000,0.0000,0.0000,0.0000,0.0000,0.0000,0.0000,0.0000,0.0000,0.0000,0.0000,0.0000,0.0000
65,0.5000,DynamicV1Rebalance,4.0000,6259.8637,250.3945,survival,1.0000,1.0000,1.0000,1.0000,1.0000,1.0000,1.0000,1.0000,0.9990,0.9965,0.9930,0.9830,0.9615,0.9415,0.9265,0.8995,0.8725,0.8460,0.8155,0.7855,0.7590,0.7320,0.7105,0.6880,0.6665,0.6615,0.6600,0.6585,0.6545,0.6530,0.6520,0.6520,0.6505,0.6500,0.6490,0.6490,0.6490,0.6485,0.6485,0.6485,0.6485,0.6485,0.6485,0.6485,0.6485,0.6485,0.6485,0.6485,0.6485,0.6485,0.6485,0.6485,0.6485,0.6485,0.6485
65,0.5000,DynamicV1Rebalance,4.0000,6259.8637,250.3945,spend25p,250.5060,254.6860,258.4409,262.3834,265.8682,270.1113,274.1916,278.8020,281.7636,283.3416,284.6446,284.1035,279.3499,274.9719,269.9408,258.1300,239.3778,224.1176,201.5444,171.9374,120.8771,0.0000,0.0000,0.0000,0.0000,0.0000,0.0000,0.0000,0.0000,0.0000,-5.1432,-16.3260,-27.0942,-37.5216,-47.7726,-56.5656,-65.1106,-72.9217,-80.6159,-88.0537,-94.4918,-101.0687,-107.6526,-115.1384,-123.4915,-132.6585,-142.6668,-154.3613,-166.7886,-179.6299,-193.9443,-210.0332,-227.2392,-245.9659,-265.9190
65,0.5000,DynamicV1Rebalance,4.0000,6259.8637,250.3945,spend50p,252.3443,260.1265,268.3098,276.8258,285.7399,295.0718,304.7472,314.7011,324.7225,333.5670,340.5301,346.6450,348.3284,349.4113,348.0041,341.6832,334.2228,326.5663,313.5741,301.0369,264.3637,253.0481,243.4398,231.9619,217.3396,21.4135,14.1563,4.8925,0.0000,0.0000,0.0000,0.0000,0.0000,0.0000,0.0000,-10.5446,-22.0868,-33.7927,-43.1627,-51.5121,-59.6743,-68.9424,-77.7343,-85.6168,-95.7103,-105.4846,-115.6289,-125.6540,-135.9978,-146.6126,-157.6781,-170.0653,-182.4689,-195.8688,-210.0172
65,0.5000,DynamicV1Rebalance,4.0000,6259.8637,250.3945,spend75p,254.1081,265.4947,278.5743,291.6772,305.9222,322.3535,339.3939,355.0525,372.4222,388.1049,405.3364,420.0453,427.3165,434.2921,440.6184,443.3791,439.8720,437.4719,428.0898,416.1947,379.4477,370.9326,365.9095,355.5261,345.4532,81.3220,73.1647,62.8192,51.0258,38.8107,26.4008,13.9819,0.6974,0.0000,0.0000,0.0000,0.0000,0.0000,0.0000,0.0000,0.0000,0.0000,0.0000,0.0000,0.0000,0.0000,0.0000,0.0000,0.0000,0.0000,0.0000,0.0000,0.0000,0.0000,0.0000
65,0.5000,SpendAwareDPRebalance (R65-aware),4.0000,6259.8637,250.3945,survival,1.0000,1.0000,1.0000,1.0000,1.0000,1.0000,1.0000,1.0000,0.9990,0.9965,0.9945,0.9880,0.9765,0.9645,0.9520,0.9400,0.9210,0.9085,0.8890,0.8725,0.8525,0.8355,0.8170,0.7995,0.7845,0.7800,0.7730,0.7665,0.7540,0.7480,0.7430,0.7350,0.7305,0.7250,0.7225,0.7215,0.7205,0.7195,0.7195,0.7185,0.7185,0.7180,0.7175,0.7175,0.7170,0.7170,0.7170,0.7170,0.7170,0.7170,0.7170,0.7170,0.7170,0.7170,0.7170
65,0.5000,SpendAwareDPRebalance (R65-aware),4.0000,6259.8637,250.3945,spend25p,250.5060,254.6860,258.4409,262.3834,265.8682,270.1113,274.1916,278.8020,281.7636,283.3416,284.8583,285.3424,282.6467,281.7805,277.2453,271.0442,261.3012,253.6430,240.3031,228.4884,195.9345,178.8773,164.3650,150.5707,135.3868,0.0000,0.0000,0.0000,0.0000,-0.3789,-10.2076,-21.1652,-31.9533,-42.3153,-51.9165,-60.6883,-69.1499,-77.1818,-84.1547,-90.9632,-97.3140,-104.1587,-111.1584,-118.5900,-127.0229,-135.5438,-146.1744,-157.4197,-170.1936,-183.6366,-197.8562,-214.7051,-230.8179,-250.2173,-270.4399
65,0.5000,SpendAwareDPRebalance (R65-aware),4.0000,6259.8637,250.3945,spend50p,252.3443,260.1265,268.3098,276.8258,285.7399,295.0718,304.7472,314.7011,324.7225,333.5670,340.8876,347.6111,351.9826,355.3815,354.3962,354.1732,348.8598,345.4298,334.7284,327.1503,292.5174,283.2700,275.4517,267.1475,260.1292,42.2423,32.5193,21.5932,10.1500,0.0000,0.0000,0.0000,0.0000,-6.2559,-18.3218,-28.5377,-38.5858,-47.6077,-55.8376,-64.6724,-73.2098,-81.0561,-89.8876,-97.7147,-105.8851,-114.7479,-124.0461,-134.0528,-144.3763,-155.1153,-166.2279,-178.6083,-192.7442,-206.8866,-220.3087
65,0.5000,SpendAwareDPRebalance (R65-aware),4.0000,6259.8637,250.3945,spend75p,254.1081,265.4947,278.5743,291.6772,305.9222,322.3535,339.3939,355.0525,372.4222,388.1049,405.8069,421.1152,432.0903,440.0515,448.3289,452.2505,452.3703,451.8180,445.4770,439.0836,397.4829,393.1040,387.0699,380.0802,372.4050,95.3139,84.3617,72.4274,59.2519,45.3359,31.1300,17.1407,3.0100,0.0000,0.0000,0.0000,0.0000,0.0000,0.0000,0.0000,0.0000,0.0000,0.0000,0.0000,0.0000,0.0000,0.0000,0.0000,0.0000,0.0000,0.0000,0.0000,0.0000,0.0000,0.0000
65,0.5000,No dynamic rebalance,5.0000,5007.8909,250.3945,survival,1.0000,1.0000,1.0000,1.0000,1.0000,1.0000,1.0000,0.9985,0.9935,0.9860,0.9615,0.9355,0.9040,0.8620,0.8245,0.7725,0.7300,0.6855,0.6505,0.6170,0.5910,0.5645,0.5435,0.5240,0.5005,0.4920,0.4880,0.4855,0.4825,0.4815,0.4800,0.4785,0.4765,0.4755,0.4745,0.4745,0.4745,0.4745,0.4745,0.4745,0.4745,0.4745,0.4745,0.4745,0.4745,0.4745,0.4745,0.4740,0.4740,0.4740,0.4740,0.4740,0.4740,0.4735,0.4735
65,0.5000,No dynamic rebalance,5.0000,5007.8909,250.3945,spend25p,250.5060,254.6860,258.4409,262.3834,265.8682,270.1113,274.1916,278.5822,281.1978,281.9858,277.9775,273.4106,263.7541,247.9617,227.2171,182.9685,0.0000,0.0000,0.0000,0.0000,0.0000,0.0000,0.0000,0.0000,0.0000,0.0000,0.0000,0.0000,0.0000,0.0000,0.0000,-3.6709,-16.8934,-27.8542,-38.0783,-46.9785,-56.0339,-64.1253,-72.1153,-79.5455,-86.5795,-93.6953,-101.0961,-109.1008,-116.4547,-125.0403,-135.0407,-145.4734,-156.6555,-168.6103,-181.5054,-194.4287,-208.6603,-224.1067,-240.3945
65,0.5000,No dynamic rebalance,5.0000,5007.8909,250.3945,spend50p,252.3443,260.1265,268.3098,276.8258,285.7399,295.0718,304.7472,314.6291,323.6976,331.3960,336.2125,337.6563,337.3642,331.2485,321.2277,305.8435,291.2976,274.7601,257.2126,233.6329,198.7540,171.0280,153.5712,133.1568,68.9676,0.0000,0.0000,0.0000,0.0000,0.0000,0.0000,0.0000,0.0000,0.0000,0.0000,0.0000,0.0000,0.0000,0.0000,0.0000,0.0000,0.0000,0.0000,0.0000,0.0000,0.0000,0.0000,0.0000,0.0000,0.0000,0.0000,0.0000,0.0000,0.0000,0.0000
65,0.5000,No dynamic rebalance,5.0000,5007.8909,250.3945,spend75p,254.1081,265.4947,278.5743,291.6772,305.9222,322.3535,339.3939,354.7883,371.9722,385.8208,399.9433,410.2204,417.4958,420.5174,421.5534,413.0317,402.9513,385.4043,374.3998,363.0230,322.9066,314.6319,304.1061,295.1751,286.2699,54.3494,44.6895,34.8033,25.7545,14.4860,2.8808,0.0000,0.0000,0.0000,0.0000,0.0000,0.0000,0.0000,0.0000,0.0000,0.0000,0.0000,0.0000,0.0000,0.0000,0.0000,0.0000,0.0000,0.0000,0.0000,0.0000,0.0000,0.0000,0.0000,0.0000
65,0.5000,固定最適比率,5.0000,5007.8909,250.3945,survival,1.0000,1.0000,1.0000,1.0000,1.0000,1.0000,1.0000,0.9985,0.9935,0.9860,0.9615,0.9355,0.9040,0.8620,0.8245,0.7725,0.7300,0.6855,0.6505,0.6170,0.5910,0.5645,0.5435,0.5240,0.5005,0.4920,0.4880,0.4855,0.4825,0.4815,0.4800,0.4785,0.4765,0.4755,0.4745,0.4745,0.4745,0.4745,0.4745,0.4745,0.4745,0.4745,0.4745,0.4745,0.4745,0.4745,0.4745,0.4740,0.4740,0.4740,0.4740,0.4740,0.4740,0.4735,0.4735
65,0.5000,固定最適比率,5.0000,5007.8909,250.3945,spend25p,250.5060,254.6860,258.4409,262.3834,265.8682,270.1113,274.1916,278.5822,281.1978,281.9858,277.9775,273.4106,263.7541,247.9617,227.2171,182.9685,0.0000,0.0000,0.0000,0.0000,0.0000,0.0000,0.0000,0.0000,0.0000,0.0000,0.0000,0.0000,0.0000,0.0000,0.0000,-3.6709,-16.8934,-27.8542,-38.0783,-46.9785,-56.0339,-64.1253,-72.1153,-79.5455,-86.5795,-93.6953,-101.0961,-109.1008,-116.4547,-125.0403,-135.0407,-145.4734,-156.6555,-168.6103,-181.5054,-194.4287,-208.6603,-224.1067,-240.3945
65,0.5000,固定最適比率,5.0000,5007.8909,250.3945,spend50p,252.3443,260.1265,268.3098,276.8258,285.7399,295.0718,304.7472,314.6291,323.6976,331.3960,336.2125,337.6563,337.3642,331.2485,321.2277,305.8435,291.2976,274.7601,257.2126,233.6329,198.7540,171.0280,153.5712,133.1568,68.9676,0.0000,0.0000,0.0000,0.0000,0.0000,0.0000,0.0000,0.0000,0.0000,0.0000,0.0000,0.0000,0.0000,0.0000,0.0000,0.0000,0.0000,0.0000,0.0000,0.0000,0.0000,0.0000,0.0000,0.0000,0.0000,0.0000,0.0000,0.0000,0.0000,0.0000
65,0.5000,固定最適比率,5.0000,5007.8909,250.3945,spend75p,254.1081,265.4947,278.5743,291.6772,305.9222,322.3535,339.3939,354.7883,371.9722,385.8208,399.9433,410.2204,417.4958,420.5174,421.5534,413.0317,402.9513,385.4043,374.3998,363.0230,322.9066,314.6319,304.1061,295.1751,286.2699,54.3494,44.6895,34.8033,25.7545,14.4860,2.8808,0.0000,0.0000,0.0000,0.0000,0.0000,0.0000,0.0000,0.0000,0.0000,0.0000,0.0000,0.0000,0.0000,0.0000,0.0000,0.0000,0.0000,0.0000,0.0000,0.0000,0.0000,0.0000,0.0000,0.0000
65,0.5000,DynamicV1Rebalance,5.0000,5007.8909,250.3945,survival,1.0000,1.0000,1.0000,1.0000,1.0000,1.0000,1.0000,0.9985,0.9935,0.9850,0.9610,0.9350,0.9045,0.8620,0.8230,0.7725,0.7310,0.6875,0.6520,0.6185,0.5930,0.5690,0.5445,0.5265,0.5060,0.4960,0.4925,0.4890,0.4855,0.4850,0.4845,0.4830,0.4815,0.4810,0.4810,0.4810,0.4810,0.4810,0.4800,0.4795,0.4795,0.4795,0.4795,0.4795,0.4795,0.4795,0.4795,0.4795,0.4790,0.4790,0.4790,0.4790,0.4790,0.4790,0.4790
65,0.5000,DynamicV1Rebalance,5.0000,5007.8909,250.3945,spend25p,250.5060,254.6860,258.4409,262.3834,265.8682,270.1113,274.1916,278.5822,281.1978,281.8875,277.9590,273.0023,263.7930,247.9617,226.6392,182.9685,0.0000,0.0000,0.0000,0.0000,0.0000,0.0000,0.0000,0.0000,0.0000,0.0000,0.0000,0.0000,0.0000,0.0000,0.0000,-3.8896,-17.1418,-28.0373,-38.1731,-47.0180,-56.1342,-64.3222,-72.5369,-79.6935,-86.6658,-94.1682,-101.6425,-109.3755,-116.7218,-125.2070,-135.3745,-145.9229,-157.1380,-169.1937,-182.2802,-195.9960,-209.9150,-225.0993,-241.4599
65,0.5000,DynamicV1Rebalance,5.0000,5007.8909,250.3945,spend50p,252.3443,260.1265,268.3098,276.8258,285.7399,295.0718,304.7472,314.6291,323.6976,331.3265,336.1487,337.6352,337.3642,331.2485,320.6896,305.8435,291.5728,275.5455,257.5482,234.9258,199.9737,173.2905,153.7848,134.7970,99.1002,0.0000,0.0000,0.0000,0.0000,0.0000,0.0000,0.0000,0.0000,0.0000,0.0000,0.0000,0.0000,0.0000,0.0000,0.0000,0.0000,0.0000,0.0000,0.0000,0.0000,0.0000,0.0000,0.0000,0.0000,0.0000,0.0000,0.0000,0.0000,0.0000,0.0000
65,0.5000,DynamicV1Rebalance,5.0000,5007.8909,250.3945,spend75p,254.1081,265.4947,278.5743,291.6772,305.9222,322.3535,339.3939,354.7883,371.9722,385.6272,399.8639,410.0111,417.4958,420.5174,420.7476,413.0317,402.9918,386.3425,375.4910,363.5730,323.2534,316.7582,304.7853,295.3031,288.1040,55.7028,46.4891,35.3762,26.3974,14.9811,3.3919,0.0000,0.0000,0.0000,0.0000,0.0000,0.0000,0.0000,0.0000,0.0000,0.0000,0.0000,0.0000,0.0000,0.0000,0.0000,0.0000,0.0000,0.0000,0.0000,0.0000,0.0000,0.0000,0.0000,0.0000
65,0.5000,SpendAwareDPRebalance (R65-aware),5.0000,5007.8909,250.3945,survival,1.0000,1.0000,1.0000,1.0000,1.0000,1.0000,1.0000,0.9985,0.9935,0.9860,0.9635,0.9375,0.9090,0.8715,0.8360,0.7970,0.7605,0.7300,0.6985,0.6700,0.6485,0.6290,0.6135,0.6005,0.5845,0.5780,0.5725,0.5665,0.5580,0.5510,0.5445,0.5385,0.5345,0.5325,0.5310,0.5305,0.5300,0.5300,0.5300,0.5300,0.5295,0.5295,0.5295,0.5295,0.5295,0.5295,0.5295,0.5295,0.5295,0.5295,0.5295,0.5295,0.5295,0.5295,0.5295
65,0.5000,SpendAwareDPRebalance (R65-aware),5.0000,5007.8909,250.3945,spend25p,250.5060,254.6860,258.4409,262.3834,265.8682,270.1113,274.1916,278.5822,281.1978,281.9858,278.2727,273.8110,265.7196,251.1561,232.2077,205.6320,156.0359,0.0000,0.0000,0.0000,0.0000,0.0000,0.0000,0.0000,0.0000,0.0000,0.0000,0.0000,0.0000,0.0000,-1.8594,-13.2000,-24.0405,-34.4703,-44.1200,-53.6027,-62.2362,-70.1347,-77.8566,-85.5666,-92.1765,-98.2935,-105.6678,-112.9570,-121.1368,-129.4957,-138.8479,-149.4948,-161.2420,-174.1855,-187.7125,-201.7105,-215.7187,-230.7238,-246.8218
65,0.5000,SpendAwareDPRebalance (R65-aware),5.0000,5007.8909,250.3945,spend50p,252.3443,260.1265,268.3098,276.8258,285.7399,295.0718,304.7472,314.6291,323.6976,331.3960,336.5840,337.9379,338.7457,332.9002,324.5766,312.8661,300.3258,288.7384,275.5907,262.4629,226.8973,213.2932,202.3937,191.7797,177.1634,0.3982,0.0000,0.0000,0.0000,0.0000,0.0000,0.0000,0.0000,0.0000,0.0000,0.0000,0.0000,-11.9647,-20.9499,-29.0167,-36.9338,-45.0062,-52.2494,-61.2508,-70.8480,-81.5277,-94.5246,-107.9008,-118.0576,-128.5794,-137.5701,-148.1132,-158.1402,-167.2658,-174.0368
65,0.5000,SpendAwareDPRebalance (R65-aware),5.0000,5007.8909,250.3945,spend75p,254.1081,265.4947,278.5743,291.6772,305.9222,322.3535,339.3939,354.7883,371.9722,385.8208,400.4203,410.8540,418.2639,421.6728,423.5805,420.2833,412.2685,402.6139,390.1141,376.2725,340.8013,333.1455,325.7252,318.6142,306.0395,65.8533,56.2640,45.6875,33.1841,21.1052,8.2716,0.0000,0.0000,0.0000,0.0000,0.0000,0.0000,0.0000,0.0000,0.0000,0.0000,0.0000,0.0000,0.0000,0.0000,0.0000,0.0000,0.0000,0.0000,0.0000,0.0000,0.0000,0.0000,0.0000,0.0000
65,0.5000,No dynamic rebalance,6.0000,4173.2424,250.3945,survival,1.0000,1.0000,1.0000,1.0000,1.0000,1.0000,0.9985,0.9925,0.9775,0.9460,0.9085,0.8610,0.8005,0.7475,0.6825,0.6280,0.5830,0.5425,0.5015,0.4605,0.4335,0.4100,0.3875,0.3725,0.3560,0.3520,0.3495,0.3460,0.3440,0.3440,0.3425,0.3425,0.3425,0.3420,0.3415,0.3410,0.3410,0.3410,0.3400,0.3400,0.3400,0.3400,0.3395,0.3395,0.3395,0.3395,0.3395,0.3395,0.3395,0.3395,0.3395,0.3395,0.3395,0.3395,0.3395
65,0.5000,No dynamic rebalance,6.0000,4173.2424,250.3945,spend25p,250.5060,254.6860,258.4409,262.3834,265.8682,270.1113,273.7925,277.1470,277.8771,273.8790,265.4382,250.3510,223.2923,0.0000,0.0000,0.0000,0.0000,0.0000,0.0000,0.0000,0.0000,0.0000,0.0000,0.0000,0.0000,0.0000,0.0000,0.0000,0.0000,0.0000,0.0000,0.0000,0.0000,-3.8426,-15.6273,-25.8838,-34.9475,-44.3803,-53.5655,-62.5641,-70.7101,-79.4523,-87.9527,-95.8863,-103.9740,-112.1996,-120.5772,-130.3476,-140.5968,-150.5495,-160.8793,-171.5840,-183.1089,-196.1101,-210.3066
65,0.5000,No dynamic rebalance,6.0000,4173.2424,250.3945,spend50p,252.3443,260.1265,268.3098,276.8258,285.7399,295.0718,304.4961,313.8479,321.9020,326.7372,328.4555,324.1857,312.2173,299.6905,279.6352,256.9855,226.5670,195.2260,101.3101,0.0000,0.0000,0.0000,0.0000,0.0000,0.0000,0.0000,0.0000,0.0000,0.0000,0.0000,0.0000,0.0000,0.0000,0.0000,0.0000,0.0000,0.0000,0.0000,0.0000,0.0000,0.0000,0.0000,0.0000,0.0000,0.0000,0.0000,0.0000,0.0000,0.0000,0.0000,0.0000,0.0000,0.0000,0.0000,0.0000
65,0.5000,No dynamic rebalance,6.0000,4173.2424,250.3945,spend75p,254.1081,265.4947,278.5743,291.6772,305.9222,322.3535,339.3048,354.2377,369.0955,380.9498,392.2928,401.6756,400.5844,397.6141,386.8741,372.2107,357.3500,346.5931,328.3464,304.5201,270.7780,254.6903,241.6400,229.4170,215.5314,20.8752,13.1082,1.9083,0.0000,0.0000,0.0000,0.0000,0.0000,0.0000,0.0000,0.0000,0.0000,0.0000,0.0000,0.0000,0.0000,0.0000,0.0000,0.0000,0.0000,0.0000,0.0000,0.0000,0.0000,0.0000,0.0000,0.0000,0.0000,0.0000,0.0000
65,0.5000,固定最適比率,6.0000,4173.2424,250.3945,survival,1.0000,1.0000,1.0000,1.0000,1.0000,1.0000,0.9985,0.9925,0.9775,0.9460,0.9085,0.8610,0.8005,0.7475,0.6825,0.6280,0.5830,0.5425,0.5015,0.4605,0.4335,0.4100,0.3875,0.3725,0.3560,0.3520,0.3495,0.3460,0.3440,0.3440,0.3425,0.3425,0.3425,0.3420,0.3415,0.3410,0.3410,0.3410,0.3400,0.3400,0.3400,0.3400,0.3395,0.3395,0.3395,0.3395,0.3395,0.3395,0.3395,0.3395,0.3395,0.3395,0.3395,0.3395,0.3395
65,0.5000,固定最適比率,6.0000,4173.2424,250.3945,spend25p,250.5060,254.6860,258.4409,262.3834,265.8682,270.1113,273.7925,277.1470,277.8771,273.8790,265.4382,250.3510,223.2923,0.0000,0.0000,0.0000,0.0000,0.0000,0.0000,0.0000,0.0000,0.0000,0.0000,0.0000,0.0000,0.0000,0.0000,0.0000,0.0000,0.0000,0.0000,0.0000,0.0000,-3.8426,-15.6273,-25.8838,-34.9475,-44.3803,-53.5655,-62.5641,-70.7101,-79.4523,-87.9527,-95.8863,-103.9740,-112.1996,-120.5772,-130.3476,-140.5968,-150.5495,-160.8793,-171.5840,-183.1089,-196.1101,-210.3066
65,0.5000,固定最適比率,6.0000,4173.2424,250.3945,spend50p,252.3443,260.1265,268.3098,276.8258,285.7399,295.0718,304.4961,313.8479,321.9020,326.7372,328.4555,324.1857,312.2173,299.6905,279.6352,256.9855,226.5670,195.2260,101.3101,0.0000,0.0000,0.0000,0.0000,0.0000,0.0000,0.0000,0.0000,0.0000,0.0000,0.0000,0.0000,0.0000,0.0000,0.0000,0.0000,0.0000,0.0000,0.0000,0.0000,0.0000,0.0000,0.0000,0.0000,0.0000,0.0000,0.0000,0.0000,0.0000,0.0000,0.0000,0.0000,0.0000,0.0000,0.0000,0.0000
65,0.5000,固定最適比率,6.0000,4173.2424,250.3945,spend75p,254.1081,265.4947,278.5743,291.6772,305.9222,322.3535,339.3048,354.2377,369.0955,380.9498,392.2928,401.6756,400.5844,397.6141,386.8741,372.2107,357.3500,346.5931,328.3464,304.5201,270.7780,254.6903,241.6400,229.4170,215.5314,20.8752,13.1082,1.9083,0.0000,0.0000,0.0000,0.0000,0.0000,0.0000,0.0000,0.0000,0.0000,0.0000,0.0000,0.0000,0.0000,0.0000,0.0000,0.0000,0.0000,0.0000,0.0000,0.0000,0.0000,0.0000,0.0000,0.0000,0.0000,0.0000,0.0000
65,0.5000,DynamicV1Rebalance,6.0000,4173.2424,250.3945,survival,1.0000,1.0000,1.0000,1.0000,1.0000,1.0000,0.9985,0.9925,0.9785,0.9470,0.9070,0.8605,0.8005,0.7475,0.6815,0.6280,0.5815,0.5415,0.5010,0.4605,0.4350,0.4110,0.3900,0.3735,0.3575,0.3540,0.3520,0.3495,0.3470,0.3465,0.3450,0.3450,0.3445,0.3440,0.3435,0.3430,0.3425,0.3425,0.3425,0.3425,0.3420,0.3420,0.3415,0.3415,0.3415,0.3415,0.3415,0.3415,0.3415,0.3415,0.3415,0.3415,0.3415,0.3415,0.3415
65,0.5000,DynamicV1Rebalance,6.0000,4173.2424,250.3945,spend25p,250.5060,254.6860,258.4409,262.3834,265.8682,270.1113,273.7925,277.1470,278.4767,273.9516,264.8936,250.2896,223.2923,0.0000,0.0000,0.0000,0.0000,0.0000,0.0000,0.0000,0.0000,0.0000,0.0000,0.0000,0.0000,0.0000,0.0000,0.0000,0.0000,0.0000,0.0000,0.0000,0.0000,-3.8426,-15.6638,-25.9531,-35.5277,-44.4182,-53.5864,-62.7735,-70.8989,-79.4553,-88.3914,-95.9834,-104.3246,-112.3519,-120.7941,-130.4665,-140.6834,-150.8711,-161.5999,-172.0133,-183.4479,-196.7020,-210.7982
65,0.5000,DynamicV1Rebalance,6.0000,4173.2424,250.3945,spend50p,252.3443,260.1265,268.3098,276.8258,285.7399,295.0718,304.4961,313.8479,322.1262,326.9380,327.7631,324.0729,312.2173,299.6905,279.0935,256.9855,226.1877,194.3429,98.7530,0.0000,0.0000,0.0000,0.0000,0.0000,0.0000,0.0000,0.0000,0.0000,0.0000,0.0000,0.0000,0.0000,0.0000,0.0000,0.0000,0.0000,0.0000,0.0000,0.0000,0.0000,0.0000,0.0000,0.0000,0.0000,0.0000,0.0000,0.0000,0.0000,0.0000,0.0000,0.0000,0.0000,0.0000,0.0000,0.0000
65,0.5000,DynamicV1Rebalance,6.0000,4173.2424,250.3945,spend75p,254.1081,265.4947,278.5743,291.6772,305.9222,322.3535,339.3048,354.2377,369.5572,380.9104,392.1524,401.5557,400.5844,396.9027,386.7405,372.1850,357.1768,346.4016,328.3464,304.5201,270.7780,254.6903,242.4849,230.7566,216.6800,22.4724,14.2844,4.7532,0.0000,0.0000,0.0000,0.0000,0.0000,0.0000,0.0000,0.0000,0.0000,0.0000,0.0000,0.0000,0.0000,0.0000,0.0000,0.0000,0.0000,0.0000,0.0000,0.0000,0.0000,0.0000,0.0000,0.0000,0.0000,0.0000,0.0000
65,0.5000,SpendAwareDPRebalance (R65-aware),6.0000,4173.2424,250.3945,survival,1.0000,1.0000,1.0000,1.0000,1.0000,1.0000,0.9985,0.9925,0.9775,0.9460,0.9085,0.8620,0.8030,0.7490,0.6905,0.6385,0.6015,0.5645,0.5245,0.4930,0.4720,0.4575,0.4395,0.4260,0.4105,0.4080,0.4020,0.4005,0.3925,0.3875,0.3835,0.3790,0.3770,0.3750,0.3745,0.3735,0.3735,0.3735,0.3735,0.3735,0.3735,0.3735,0.3735,0.3735,0.3735,0.3735,0.3735,0.3735,0.3735,0.3735,0.3735,0.3735,0.3735,0.3735,0.3735
65,0.5000,SpendAwareDPRebalance (R65-aware),6.0000,4173.2424,250.3945,spend25p,250.5060,254.6860,258.4409,262.3834,265.8682,270.1113,273.7925,277.1470,277.8771,273.8790,265.4382,251.2750,224.2219,0.0000,0.0000,0.0000,0.0000,0.0000,0.0000,0.0000,0.0000,0.0000,0.0000,0.0000,0.0000,0.0000,0.0000,0.0000,0.0000,0.0000,0.0000,0.0000,-6.2769,-18.3021,-29.8931,-39.2514,-47.7128,-55.9592,-64.1159,-73.0744,-80.5038,-88.6963,-95.7577,-103.7008,-111.1040,-119.9543,-128.6168,-138.2882,-148.1622,-158.5142,-169.5777,-181.4336,-194.5664,-207.4089,-220.4885
65,0.5000,SpendAwareDPRebalance (R65-aware),6.0000,4173.2424,250.3945,spend50p,252.3443,260.1265,268.3098,276.8258,285.7399,295.0718,304.4961,313.8479,321.9020,326.7372,328.4555,324.6974,312.9999,300.3538,281.4234,261.5574,238.0468,213.9405,168.7686,0.0000,0.0000,0.0000,0.0000,0.0000,0.0000,0.0000,0.0000,0.0000,0.0000,0.0000,0.0000,0.0000,0.0000,0.0000,0.0000,0.0000,0.0000,0.0000,0.0000,0.0000,0.0000,0.0000,0.0000,0.0000,0.0000,0.0000,0.0000,0.0000,0.0000,0.0000,0.0000,0.0000,0.0000,0.0000,0.0000
65,0.5000,SpendAwareDPRebalance (R65-aware),6.0000,4173.2424,250.3945,spend75p,254.1081,265.4947,278.5743,291.6772,305.9222,322.3535,339.3048,354.2377,369.0955,380.9498,392.2928,402.4036,400.8675,398.1676,388.5708,374.3905,363.0331,353.2080,337.1972,323.3114,285.5611,275.4960,266.1866,256.9739,244.8316,35.2064,25.3422,15.4471,4.1899,0.0000,0.0000,0.0000,0.0000,0.0000,0.0000,0.0000,0.0000,0.0000,0.0000,0.0000,0.0000,0.0000,0.0000,0.0000,0.0000,0.0000,0.0000,0.0000,0.0000,0.0000,0.0000,0.0000,0.0000,0.0000,0.0000
65,0.5000,No dynamic rebalance,7.0000,3577.0649,250.3945,survival,1.0000,1.0000,1.0000,1.0000,1.0000,0.9995,0.9940,0.9770,0.9405,0.8875,0.8285,0.7580,0.6740,0.6040,0.5340,0.4900,0.4390,0.3950,0.3660,0.3315,0.3105,0.2880,0.2745,0.2580,0.2415,0.2365,0.2335,0.2320,0.2315,0.2290,0.2290,0.2290,0.2290,0.2285,0.2275,0.2275,0.2275,0.2275,0.2275,0.2275,0.2275,0.2275,0.2275,0.2275,0.2275,0.2275,0.2275,0.2275,0.2275,0.2275,0.2275,0.2275,0.2275,0.2275,0.2275
65,0.5000,No dynamic rebalance,7.0000,3577.0649,250.3945,spend25p,250.5060,254.6860,258.4409,262.3834,265.8682,270.0451,273.3496,274.4942,271.3133,260.2176,241.4166,180.7427,0.0000,0.0000,0.0000,0.0000,0.0000,0.0000,0.0000,0.0000,0.0000,0.0000,0.0000,0.0000,0.0000,0.0000,0.0000,0.0000,0.0000,0.0000,0.0000,0.0000,0.0000,0.0000,0.0000,0.0000,0.0000,0.0000,0.0000,0.0000,0.0000,0.0000,0.0000,0.0000,0.0000,0.0000,0.0000,0.0000,0.0000,0.0000,0.0000,0.0000,0.0000,0.0000,0.0000
65,0.5000,No dynamic rebalance,7.0000,3577.0649,250.3945,spend50p,252.3443,260.1265,268.3098,276.8258,285.7399,295.0657,304.1897,312.6317,316.4890,317.2403,311.9405,298.8255,277.5780,251.3939,204.5155,0.0000,0.0000,0.0000,0.0000,0.0000,0.0000,0.0000,0.0000,0.0000,0.0000,0.0000,0.0000,0.0000,0.0000,0.0000,0.0000,0.0000,0.0000,0.0000,0.0000,0.0000,0.0000,0.0000,0.0000,0.0000,0.0000,0.0000,0.0000,0.0000,0.0000,0.0000,0.0000,0.0000,0.0000,0.0000,0.0000,0.0000,0.0000,0.0000,0.0000
65,0.5000,No dynamic rebalance,7.0000,3577.0649,250.3945,spend75p,254.1081,265.4947,278.5743,291.6772,305.9222,322.2368,339.0738,352.0892,362.7912,374.2538,382.7366,380.4536,371.1512,359.5950,340.6277,328.0126,303.9820,282.8908,266.3682,234.3815,197.9594,165.8845,151.3627,109.2239,0.0000,0.0000,0.0000,0.0000,0.0000,0.0000,0.0000,0.0000,0.0000,0.0000,0.0000,0.0000,0.0000,0.0000,0.0000,0.0000,0.0000,0.0000,0.0000,0.0000,0.0000,0.0000,0.0000,0.0000,0.0000,0.0000,0.0000,0.0000,0.0000,0.0000,0.0000
65,0.5000,固定最適比率,7.0000,3577.0649,250.3945,survival,1.0000,1.0000,1.0000,1.0000,1.0000,0.9995,0.9940,0.9770,0.9405,0.8875,0.8285,0.7580,0.6740,0.6040,0.5340,0.4900,0.4390,0.3950,0.3660,0.3315,0.3105,0.2880,0.2745,0.2580,0.2415,0.2365,0.2335,0.2320,0.2315,0.2290,0.2290,0.2290,0.2290,0.2285,0.2275,0.2275,0.2275,0.2275,0.2275,0.2275,0.2275,0.2275,0.2275,0.2275,0.2275,0.2275,0.2275,0.2275,0.2275,0.2275,0.2275,0.2275,0.2275,0.2275,0.2275
65,0.5000,固定最適比率,7.0000,3577.0649,250.3945,spend25p,250.5060,254.6860,258.4409,262.3834,265.8682,270.0451,273.3496,274.4942,271.3133,260.2176,241.4166,180.7427,0.0000,0.0000,0.0000,0.0000,0.0000,0.0000,0.0000,0.0000,0.0000,0.0000,0.0000,0.0000,0.0000,0.0000,0.0000,0.0000,0.0000,0.0000,0.0000,0.0000,0.0000,0.0000,0.0000,0.0000,0.0000,0.0000,0.0000,0.0000,0.0000,0.0000,0.0000,0.0000,0.0000,0.0000,0.0000,0.0000,0.0000,0.0000,0.0000,0.0000,0.0000,0.0000,0.0000
65,0.5000,固定最適比率,7.0000,3577.0649,250.3945,spend50p,252.3443,260.1265,268.3098,276.8258,285.7399,295.0657,304.1897,312.6317,316.4890,317.2403,311.9405,298.8255,277.5780,251.3939,204.5155,0.0000,0.0000,0.0000,0.0000,0.0000,0.0000,0.0000,0.0000,0.0000,0.0000,0.0000,0.0000,0.0000,0.0000,0.0000,0.0000,0.0000,0.0000,0.0000,0.0000,0.0000,0.0000,0.0000,0.0000,0.0000,0.0000,0.0000,0.0000,0.0000,0.0000,0.0000,0.0000,0.0000,0.0000,0.0000,0.0000,0.0000,0.0000,0.0000,0.0000
65,0.5000,固定最適比率,7.0000,3577.0649,250.3945,spend75p,254.1081,265.4947,278.5743,291.6772,305.9222,322.2368,339.0738,352.0892,362.7912,374.2538,382.7366,380.4536,371.1512,359.5950,340.6277,328.0126,303.9820,282.8908,266.3682,234.3815,197.9594,165.8845,151.3627,109.2239,0.0000,0.0000,0.0000,0.0000,0.0000,0.0000,0.0000,0.0000,0.0000,0.0000,0.0000,0.0000,0.0000,0.0000,0.0000,0.0000,0.0000,0.0000,0.0000,0.0000,0.0000,0.0000,0.0000,0.0000,0.0000,0.0000,0.0000,0.0000,0.0000,0.0000,0.0000
65,0.5000,DynamicV1Rebalance,7.0000,3577.0649,250.3945,survival,1.0000,1.0000,1.0000,1.0000,1.0000,0.9995,0.9935,0.9770,0.9395,0.8875,0.8285,0.7565,0.6735,0.6040,0.5315,0.4885,0.4380,0.3950,0.3655,0.3315,0.3115,0.2890,0.2745,0.2585,0.2425,0.2370,0.2355,0.2345,0.2340,0.2315,0.2310,0.2310,0.2310,0.2305,0.2295,0.2295,0.2295,0.2295,0.2295,0.2295,0.2295,0.2295,0.2295,0.2295,0.2295,0.2295,0.2295,0.2295,0.2295,0.2295,0.2295,0.2295,0.2295,0.2295,0.2295
65,0.5000,DynamicV1Rebalance,7.0000,3577.0649,250.3945,spend25p,250.5060,254.6860,258.4409,262.3834,265.8682,270.0451,273.2893,274.4942,271.1977,260.2176,241.4166,175.8469,0.0000,0.0000,0.0000,0.0000,0.0000,0.0000,0.0000,0.0000,0.0000,0.0000,0.0000,0.0000,0.0000,0.0000,0.0000,0.0000,0.0000,0.0000,0.0000,0.0000,0.0000,0.0000,0.0000,0.0000,0.0000,0.0000,0.0000,0.0000,0.0000,0.0000,0.0000,0.0000,0.0000,0.0000,0.0000,0.0000,0.0000,0.0000,0.0000,0.0000,0.0000,0.0000,0.0000
65,0.5000,DynamicV1Rebalance,7.0000,3577.0649,250.3945,spend50p,252.3443,260.1265,268.3098,276.8258,285.7399,295.0657,304.1148,312.5891,316.3890,317.3031,311.9405,298.8255,277.1424,251.3939,202.5951,0.0000,0.0000,0.0000,0.0000,0.0000,0.0000,0.0000,0.0000,0.0000,0.0000,0.0000,0.0000,0.0000,0.0000,0.0000,0.0000,0.0000,0.0000,0.0000,0.0000,0.0000,0.0000,0.0000,0.0000,0.0000,0.0000,0.0000,0.0000,0.0000,0.0000,0.0000,0.0000,0.0000,0.0000,0.0000,0.0000,0.0000,0.0000,0.0000,0.0000
65,0.5000,DynamicV1Rebalance,7.0000,3577.0649,250.3945,spend75p,254.1081,265.4947,278.5743,291.6772,305.9222,322.2368,338.9948,351.9628,362.7385,374.4696,382.7366,380.6755,370.7318,359.5950,340.1613,327.6439,302.9396,282.8908,265.5436,234.3815,198.7162,166.4719,151.3627,111.5007,0.0000,0.0000,0.0000,0.0000,0.0000,0.0000,0.0000,0.0000,0.0000,0.0000,0.0000,0.0000,0.0000,0.0000,0.0000,0.0000,0.0000,0.0000,0.0000,0.0000,0.0000,0.0000,0.0000,0.0000,0.0000,0.0000,0.0000,0.0000,0.0000,0.0000,0.0000
65,0.5000,SpendAwareDPRebalance (R65-aware),7.0000,3577.0649,250.3945,survival,1.0000,1.0000,1.0000,1.0000,1.0000,0.9995,0.9940,0.9770,0.9405,0.8875,0.8285,0.7580,0.6750,0.6055,0.5355,0.4940,0.4435,0.4045,0.3800,0.3515,0.3320,0.3130,0.3035,0.2925,0.2785,0.2760,0.2720,0.2695,0.2650,0.2625,0.2620,0.2605,0.2585,0.2575,0.2570,0.2565,0.2565,0.2565,0.2565,0.2560,0.2560,0.2560,0.2560,0.2560,0.2560,0.2560,0.2560,0.2560,0.2560,0.2560,0.2560,0.2560,0.2560,0.2560,0.2560
65,0.5000,SpendAwareDPRebalance (R65-aware),7.0000,3577.0649,250.3945,spend25p,250.5060,254.6860,258.4409,262.3834,265.8682,270.0451,273.3496,274.4942,271.3133,260.2176,241.4166,180.7427,0.0000,0.0000,0.0000,0.0000,0.0000,0.0000,0.0000,0.0000,0.0000,0.0000,0.0000,0.0000,0.0000,0.0000,0.0000,0.0000,0.0000,0.0000,0.0000,0.0000,0.0000,0.0000,0.0000,0.0000,0.0000,-2.8102,-11.4150,-21.5640,-27.4561,-35.6617,-45.1609,-51.4402,-58.6511,-70.3609,-82.0874,-97.3956,-109.9351,-118.6965,-127.4669,-135.1728,-143.7212,-151.5707,-157.5694
65,0.5000,SpendAwareDPRebalance (R65-aware),7.0000,3577.0649,250.3945,spend50p,252.3443,260.1265,268.3098,276.8258,285.7399,295.0657,304.1897,312.6317,316.4890,317.2403,311.9405,298.8255,277.6210,251.7016,207.2237,0.0000,0.0000,0.0000,0.0000,0.0000,0.0000,0.0000,0.0000,0.0000,0.0000,0.0000,0.0000,0.0000,0.0000,0.0000,0.0000,0.0000,0.0000,0.0000,0.0000,0.0000,0.0000,0.0000,0.0000,0.0000,0.0000,0.0000,0.0000,0.0000,0.0000,0.0000,0.0000,0.0000,0.0000,0.0000,0.0000,0.0000,0.0000,0.0000,0.0000
65,0.5000,SpendAwareDPRebalance (R65-aware),7.0000,3577.0649,250.3945,spend75p,254.1081,265.4947,278.5743,291.6772,305.9222,322.2368,339.0738,352.0892,362.7912,374.2538,382.7366,380.4536,371.4242,360.4290,341.9322,329.7319,308.2569,287.6593,275.3400,254.1953,214.7931,194.6332,182.7742,168.6254,148.2875,0.0000,0.0000,0.0000,0.0000,0.0000,0.0000,0.0000,0.0000,0.0000,0.0000,0.0000,0.0000,0.0000,0.0000,0.0000,0.0000,0.0000,0.0000,0.0000,0.0000,0.0000,0.0000,0.0000,0.0000,0.0000,0.0000,0.0000,0.0000,0.0000,0.0000
65,0.7500,No dynamic rebalance,2.5000,14593.6728,364.8418,survival,1.0000,1.0000,1.0000,1.0000,1.0000,1.0000,1.0000,1.0000,1.0000,1.0000,1.0000,0.9985,0.9980,0.9960,0.9895,0.9880,0.9765,0.9705,0.9640,0.9535,0.9420,0.9310,0.9235,0.9105,0.8985,0.8930,0.8870,0.8840,0.8790,0.8730,0.8660,0.8620,0.8595,0.8570,0.8525,0.8495,0.8465,0.8435,0.8410,0.8395,0.8375,0.8355,0.8350,0.8330,0.8320,0.8300,0.8295,0.8285,0.8280,0.8270,0.8260,0.8250,0.8245,0.8240,0.8235
65,0.7500,No dynamic rebalance,2.5000,14593.6728,364.8418,spend25p,365.0041,371.3183,377.0097,382.9719,388.2631,394.6590,400.8131,407.7328,412.5172,416.3490,418.6515,420.9234,422.4524,422.5008,423.0519,419.3666,411.6716,405.1850,395.9420,386.3136,352.1258,340.4677,329.6468,315.9606,302.3082,109.7016,97.7995,86.9526,74.5271,61.5731,46.7628,33.5597,22.4965,11.9717,2.3000,0.0000,0.0000,0.0000,0.0000,0.0000,0.0000,-1.6181,-8.7912,-15.4687,-23.1279,-31.3127,-39.6210,-49.1499,-59.1547,-69.7926,-81.3832,-93.7302,-104.9715,-117.2240,-128.6660
65,0.7500,No dynamic rebalance,2.5000,14593.6728,364.8418,spend50p,367.6828,379.2502,391.4063,404.0518,417.2829,431.1286,445.4792,460.2334,475.3901,489.2513,500.4965,511.2611,523.2696,531.1756,536.6224,538.3634,529.9315,525.2719,520.2946,512.4150,478.0169,470.9445,466.2402,456.9055,448.2348,209.1069,198.2301,186.3093,172.9197,158.7642,142.6762,128.5129,113.3096,99.4421,85.0622,73.6738,63.6772,57.2809,48.8826,41.6720,34.5778,24.4087,17.5409,10.4954,3.6584,0.0000,0.0000,0.0000,0.0000,0.0000,0.0000,-16.4760,-32.2101,-48.9704,-66.4235
65,0.7500,No dynamic rebalance,2.5000,14593.6728,364.8418,spend75p,370.2527,387.0767,406.3800,425.7289,446.7564,470.9899,496.1257,519.2451,545.2122,569.3562,595.3258,619.1639,638.6533,655.9093,670.5073,685.3809,687.8114,694.6326,699.1916,696.0431,656.1711,648.9204,644.0867,642.6391,637.3770,334.6639,323.2913,308.6204,293.3943,275.5158,254.9625,238.2811,220.8464,206.7357,193.4453,179.9481,170.2879,160.6088,154.4987,150.6782,143.1779,135.2272,129.6461,120.7409,113.0743,105.7934,94.5759,81.4817,69.3395,54.7609,39.9161,21.5212,4.3299,0.0000,0.0000
65,0.7500,固定最適比率,2.5000,14593.6728,364.8418,survival,1.0000,1.0000,1.0000,1.0000,1.0000,1.0000,1.0000,1.0000,1.0000,1.0000,1.0000,1.0000,1.0000,1.0000,1.0000,1.0000,1.0000,1.0000,1.0000,0.9975,0.9960,0.9945,0.9935,0.9905,0.9840,0.9800,0.9775,0.9715,0.9680,0.9650,0.9615,0.9565,0.9535,0.9470,0.9420,0.9395,0.9345,0.9320,0.9285,0.9240,0.9205,0.9175,0.9145,0.9100,0.9080,0.9070,0.9040,0.9020,0.9015,0.8985,0.8970,0.8960,0.8940,0.8930,0.8900
65,0.7500,固定最適比率,2.5000,14593.6728,364.8418,spend25p,365.0041,371.3183,377.0097,382.9719,388.2631,394.6590,400.8131,407.7328,412.5172,416.3490,418.6515,421.5958,422.7867,424.3471,426.8043,425.2487,421.4297,418.2208,414.1470,407.1349,379.0548,371.1584,368.1268,363.0067,354.9452,147.9938,137.6006,122.8953,110.4940,96.1460,82.6990,69.5997,56.2460,43.5703,31.1102,21.4275,11.7507,3.3720,0.0000,0.0000,0.0000,-4.7984,-12.3995,-18.6550,-26.1274,-34.0120,-43.0877,-52.3530,-62.3544,-73.0291,-84.8199,-95.2807,-106.9385,-118.7659,-130.9622
65,0.7500,固定最適比率,2.5000,14593.6728,364.8418,spend50p,367.6828,379.2502,391.4063,404.0518,417.2829,431.1286,445.4792,460.2334,475.3901,489.2513,500.4965,511.8232,523.8936,533.6442,541.7771,542.5247,541.1837,537.4115,537.6420,536.7970,505.9979,501.8552,499.6059,493.8969,485.3623,235.6801,226.3500,212.1572,199.9623,184.6165,168.6302,151.8969,136.7717,120.7158,107.9613,98.1444,87.1103,77.5853,68.9912,60.8706,53.1310,46.5121,39.6271,30.4386,21.4336,10.7914,1.4328,0.0000,0.0000,-1.8158,-16.2841,-30.3484,-46.3541,-62.0833,-80.3783
65,0.7500,固定最適比率,2.5000,14593.6728,364.8418,spend75p,370.2527,387.0767,406.3800,425.7289,446.7564,470.9899,496.1257,519.2451,545.2122,569.3562,595.3258,619.4590,639.3085,657.2640,675.0627,687.8879,698.8373,713.5524,719.0384,723.0765,685.3844,689.4995,693.3126,687.9709,687.0347,365.2464,354.3127,340.6571,324.6342,308.7037,290.3958,268.1697,249.6751,229.8241,215.8506,202.4136,191.0905,183.0154,175.1422,164.5595,158.1495,151.7559,143.5927,134.7242,126.2398,118.4269,105.7190,93.0878,82.8525,66.5274,49.0947,31.6981,15.1071,0.0000,0.0000
65,0.7500,DynamicV1Rebalance,2.5000,14593.6728,364.8418,survival,1.0000,1.0000,1.0000,1.0000,1.0000,1.0000,1.0000,1.0000,1.0000,1.0000,1.0000,0.9995,0.9985,0.9975,0.9940,0.9900,0.9880,0.9825,0.9770,0.9730,0.9690,0.9605,0.9525,0.9455,0.9385,0.9350,0.9310,0.9255,0.9230,0.9200,0.9190,0.9155,0.9120,0.9055,0.9030,0.9005,0.8985,0.8970,0.8940,0.8935,0.8905,0.8870,0.8870,0.8865,0.8845,0.8820,0.8810,0.8810,0.8805,0.8790,0.8780,0.8775,0.8775,0.8775,0.8770
65,0.7500,DynamicV1Rebalance,2.5000,14593.6728,364.8418,spend25p,365.0041,371.3183,377.0097,382.9719,388.2631,394.6590,400.8131,407.7328,412.5172,416.3490,418.6515,421.5120,422.5782,423.2561,424.2240,420.1554,417.4485,412.1081,402.2650,396.0241,366.8450,356.1112,346.7555,336.3019,327.5399,128.8687,117.7561,105.1003,91.5500,78.1934,66.6999,54.4163,42.5206,30.4322,19.5148,10.1305,2.1762,0.0000,0.0000,0.0000,0.0000,-3.2176,-10.5852,-16.6494,-24.0357,-32.6335,-41.5591,-50.7335,-60.3022,-71.9520,-83.5643,-94.6411,-106.2481,-118.1597,-130.0791
65,0.7500,DynamicV1Rebalance,2.5000,14593.6728,364.8418,spend50p,367.6828,379.2502,391.4063,404.0518,417.2829,431.1286,445.4792,460.2334,475.3901,489.2513,500.4965,511.7613,523.5174,531.8654,538.6396,538.5965,534.8479,530.9482,528.5026,524.6283,492.8494,485.5040,481.5748,472.5087,465.5207,223.9485,212.3898,200.2887,187.6296,173.2066,157.9013,142.1966,126.8599,111.5954,99.4267,88.3651,78.4501,70.0361,61.6851,55.3694,48.0319,40.4894,34.5759,27.7373,17.9007,7.7909,0.0000,0.0000,0.0000,0.0000,-7.5895,-24.1773,-40.7633,-57.4893,-75.4828
65,0.7500,DynamicV1Rebalance,2.5000,14593.6728,364.8418,spend75p,370.2527,387.0767,406.3800,425.7289,446.7564,470.9899,496.1257,519.2451,545.2122,569.3562,595.3258,619.2497,638.8000,656.9165,672.0116,685.5128,695.2778,702.8537,707.1682,708.4248,671.8255,667.5036,661.2560,659.3222,659.4394,350.3209,341.4321,327.1324,310.9870,294.3625,276.2668,257.4202,239.5345,222.7022,208.6021,197.9961,187.0911,180.1528,174.5073,165.7427,158.7837,153.6008,144.8567,141.7807,134.2771,122.7249,107.8479,95.7350,86.8268,70.9609,53.4418,35.6201,18.2840,0.9578,0.0000
65,0.7500,SpendAwareDPRebalance (R65-aware),2.5000,14593.6728,364.8418,survival,1.0000,1.0000,1.0000,1.0000,1.0000,1.0000,1.0000,1.0000,1.0000,1.0000,1.0000,1.0000,1.0000,1.0000,0.9995,0.9995,0.9975,0.9960,0.9935,0.9915,0.9885,0.9850,0.9825,0.9795,0.9760,0.9720,0.9705,0.9680,0.9680,0.9670,0.9655,0.9625,0.9590,0.9560,0.9510,0.9490,0.9450,0.9425,0.9395,0.9350,0.9325,0.9285,0.9240,0.9195,0.9130,0.9110,0.9085,0.9075,0.9070,0.9060,0.9040,0.9035,0.9035,0.9010,0.9000
65,0.7500,SpendAwareDPRebalance (R65-aware),2.5000,14593.6728,364.8418,spend25p,365.0041,371.3183,377.0097,382.9719,388.2631,394.6590,400.8131,407.7328,412.5172,416.3490,418.6515,421.5958,422.7867,424.3471,426.5252,424.9103,420.7361,416.7004,410.4923,404.2142,375.3257,367.8509,362.9123,355.3816,349.7841,144.9513,134.8085,122.1324,110.4940,96.5384,83.8749,70.9822,58.0388,46.0629,34.3455,24.4409,14.9361,6.1639,0.0000,0.0000,0.0000,-4.7241,-12.3309,-18.6419,-25.8031,-33.6336,-42.5231,-52.2494,-61.7612,-72.8565,-84.5255,-95.2807,-106.7651,-118.6076,-130.6092
65,0.7500,SpendAwareDPRebalance (R65-aware),2.5000,14593.6728,364.8418,spend50p,367.6828,379.2502,391.4063,404.0518,417.2829,431.1286,445.4792,460.2334,475.3901,489.2513,500.4965,511.8232,523.8936,533.6442,541.6742,542.0286,539.7154,535.3237,535.5661,532.3767,504.1309,498.4036,492.6545,488.6776,480.5656,233.0024,223.6566,211.7821,199.9623,185.7685,170.9423,154.5289,138.8696,123.6868,111.4866,100.1266,90.9519,81.1978,73.3145,64.6261,57.9286,50.0945,43.8233,34.7740,24.2387,12.4484,3.1133,0.0000,0.0000,-0.7704,-15.7534,-29.5415,-46.3353,-62.1161,-80.3783
65,0.7500,SpendAwareDPRebalance (R65-aware),2.5000,14593.6728,364.8418,spend75p,370.2527,387.0767,406.3800,425.7289,446.7564,470.9899,496.1257,519.2451,545.2122,569.3562,595.3258,619.4590,639.3085,657.2640,674.9547,687.7324,697.7588,710.5359,713.4776,716.6200,680.2157,682.2373,681.7028,678.0001,676.8001,360.4679,351.5470,340.3641,326.6292,311.9312,293.0242,272.9861,253.6056,240.2076,224.4619,210.7674,201.6514,190.8532,183.3382,171.8010,165.4086,159.0378,153.5017,145.0532,135.1752,124.2457,108.4600,96.9791,87.8184,72.8665,53.5542,36.7870,19.9924,1.0865,0.0000
65,0.7500,No dynamic rebalance,2.8000,13030.0650,364.8418,survival,1.0000,1.0000,1.0000,1.0000,1.0000,1.0000,1.0000,1.0000,1.0000,1.0000,0.9995,0.9975,0.9955,0.9900,0.9860,0.9720,0.9640,0.9555,0.9420,0.9295,0.9160,0.9025,0.8850,0.8750,0.8605,0.8525,0.8435,0.8355,0.8290,0.8235,0.8210,0.8185,0.8135,0.8090,0.8060,0.8030,0.8000,0.7980,0.7960,0.7940,0.7930,0.7910,0.7895,0.7885,0.7850,0.7850,0.7835,0.7815,0.7815,0.7805,0.7805,0.7800,0.7790,0.7785,0.7785
65,0.7500,No dynamic rebalance,2.8000,13030.0650,364.8418,spend25p,365.0041,371.3183,377.0097,382.9719,388.2631,394.6590,400.8131,407.7328,412.5172,416.3490,418.4245,420.6311,421.2190,420.0285,421.6949,413.9824,406.1063,396.6215,382.7246,370.2825,337.5633,321.2218,304.3685,293.7341,275.0167,91.6804,77.5173,65.5648,52.9211,40.0306,28.4405,16.9491,4.8473,0.0000,0.0000,0.0000,0.0000,0.0000,0.0000,0.0000,0.0000,-0.4356,-6.9867,-13.6513,-21.2904,-29.6474,-37.8523,-47.0944,-57.0114,-68.3825,-80.0956,-92.0218,-103.4891,-115.6583,-127.2334
65,0.7500,No dynamic rebalance,2.8000,13030.0650,364.8418,spend50p,367.6828,379.2502,391.4063,404.0518,417.2829,431.1286,445.4792,460.2334,475.3901,489.2513,500.3738,510.9805,522.0572,527.4547,534.4000,530.4726,525.8339,518.9929,510.5771,503.0610,467.5946,458.2410,445.1609,437.7304,431.2757,196.5546,183.9934,169.5772,156.5045,143.0744,129.1324,113.5578,97.1357,83.3739,71.2408,61.4562,52.6272,42.6888,34.1696,25.8897,19.8853,13.1018,6.2160,0.0000,0.0000,0.0000,0.0000,0.0000,0.0000,0.0000,0.0000,-4.3628,-20.6943,-40.3575,-57.6916
65,0.7500,No dynamic rebalance,2.8000,13030.0650,364.8418,spend75p,370.2527,387.0767,406.3800,425.7289,446.7564,470.9899,496.1257,519.2451,545.2122,569.3562,595.0825,619.0323,637.7974,654.6481,666.9321,673.2602,679.5983,683.8873,682.8481,681.3165,642.4735,630.9502,622.4984,622.8149,617.3001,320.5191,306.2147,291.6424,272.4205,256.1843,241.4963,227.1529,209.4286,192.9095,179.6081,166.5820,155.4520,145.7023,140.6200,133.8375,128.0698,119.9189,114.6406,108.8592,99.2604,90.7737,81.8739,67.8478,53.8070,42.3640,28.6467,10.7299,0.0000,0.0000,0.0000
65,0.7500,固定最適比率,2.8000,13030.0650,364.8418,survival,1.0000,1.0000,1.0000,1.0000,1.0000,1.0000,1.0000,1.0000,1.0000,1.0000,1.0000,1.0000,1.0000,1.0000,1.0000,0.9995,0.9995,0.9975,0.9935,0.9865,0.9825,0.9745,0.9655,0.9580,0.9490,0.9400,0.9360,0.9295,0.9245,0.9195,0.9170,0.9110,0.9075,0.9030,0.8995,0.8965,0.8930,0.8880,0.8855,0.8830,0.8810,0.8785,0.8750,0.8715,0.8685,0.8675,0.8655,0.8645,0.8630,0.8630,0.8620,0.8605,0.8595,0.8580,0.8575
65,0.7500,固定最適比率,2.8000,13030.0650,364.8418,spend25p,365.0041,371.3183,377.0097,382.9719,388.2631,394.6590,400.8131,407.7328,412.5172,416.3490,418.6515,421.5958,422.7867,424.3471,426.8043,424.9103,421.3634,417.1790,410.4923,402.2497,372.9765,363.4143,352.9270,342.3455,331.1733,129.4686,119.5325,105.7179,91.5500,77.6610,65.9105,52.6039,40.3205,28.4824,17.7262,8.8367,0.0000,0.0000,0.0000,0.0000,0.0000,-3.8254,-11.0231,-17.4553,-24.4142,-33.0552,-41.7203,-51.3189,-60.6388,-72.0427,-83.7492,-94.6411,-106.2459,-118.1061,-129.9023
65,0.7500,固定最適比率,2.8000,13030.0650,364.8418,spend50p,367.6828,379.2502,391.4063,404.0518,417.2829,431.1286,445.4792,460.2334,475.3901,489.2513,500.4965,511.8232,523.8936,533.6442,541.7771,542.0286,540.7499,535.8179,535.5661,530.1054,500.9858,494.2104,485.3190,475.6932,467.7317,223.9485,212.3898,199.9928,186.2115,170.8084,154.8587,138.6219,123.2153,108.5809,95.5034,83.9763,73.7762,64.5246,58.0941,51.6591,44.3586,36.1292,27.8671,20.1651,11.0266,2.6545,0.0000,0.0000,0.0000,0.0000,-9.3300,-25.2343,-41.7042,-57.7892,-75.6047
65,0.7500,固定最適比率,2.8000,13030.0650,364.8418,spend75p,370.2527,387.0767,406.3800,425.7289,446.7564,470.9899,496.1257,519.2451,545.2122,569.3562,595.3258,619.4590,639.3085,657.2640,675.0627,687.7324,698.7716,711.1008,712.6196,712.5922,673.8947,672.3550,664.1427,659.4805,657.9564,347.3019,336.5394,320.0122,301.6215,282.9477,265.0490,246.2458,227.8618,212.5036,198.8535,186.3438,176.1390,168.9273,161.4221,153.8950,146.9720,141.7020,132.7964,123.7236,116.8405,106.6317,94.9755,84.2781,72.0634,58.0216,41.7671,25.0064,8.2810,0.0000,0.0000
65,0.7500,DynamicV1Rebalance,2.8000,13030.0650,364.8418,survival,1.0000,1.0000,1.0000,1.0000,1.0000,1.0000,1.0000,1.0000,1.0000,1.0000,0.9995,0.9980,0.9965,0.9915,0.9880,0.9825,0.9725,0.9675,0.9585,0.9470,0.9360,0.9290,0.9185,0.9085,0.8980,0.8905,0.8860,0.8790,0.8695,0.8645,0.8600,0.8570,0.8535,0.8510,0.8460,0.8440,0.8440,0.8420,0.8390,0.8360,0.8340,0.8330,0.8310,0.8295,0.8285,0.8265,0.8260,0.8255,0.8245,0.8235,0.8235,0.8230,0.8230,0.8230,0.8230
65,0.7500,DynamicV1Rebalance,2.8000,13030.0650,364.8418,spend25p,365.0041,371.3183,377.0097,382.9719,388.2631,394.6590,400.8131,407.7328,412.5172,416.3490,418.4245,420.8048,421.4736,421.1805,421.9815,418.2760,410.5259,403.1521,394.1632,382.0266,349.1750,338.2580,326.2758,312.4950,300.6006,109.2535,97.2825,85.0897,70.7436,58.1585,43.9524,32.1435,19.3747,9.8806,0.0000,0.0000,0.0000,0.0000,0.0000,0.0000,0.0000,-2.2684,-9.7409,-16.0067,-23.5485,-32.1292,-40.5626,-49.6096,-59.6205,-69.8384,-81.8332,-93.7875,-105.0156,-117.2240,-128.7135
65,0.7500,DynamicV1Rebalance,2.8000,13030.0650,364.8418,spend50p,367.6828,379.2502,391.4063,404.0518,417.2829,431.1286,445.4792,460.2334,475.3901,489.2513,500.3738,511.0044,522.7113,528.9499,535.5919,535.7454,528.7002,523.5490,517.7107,509.6122,475.0628,470.9445,462.9331,454.8122,446.9846,207.6646,196.7339,184.1997,168.0292,154.9954,140.4134,126.1717,111.1844,97.8382,82.3329,71.5305,63.0182,55.5629,47.4115,39.4842,32.3922,22.4647,15.9014,9.1318,1.7472,0.0000,0.0000,0.0000,0.0000,0.0000,0.0000,-16.7937,-32.5325,-48.5177,-66.4235
65,0.7500,DynamicV1Rebalance,2.8000,13030.0650,364.8418,spend75p,370.2527,387.0767,406.3800,425.7289,446.7564,470.9899,496.1257,519.2451,545.2122,569.3562,595.0825,619.1188,638.3580,654.9098,669.4743,681.8749,685.9642,691.0681,694.1277,693.3278,653.1079,650.5412,643.4740,641.1161,637.1680,332.6916,322.7289,304.7472,285.2833,268.8870,251.9747,233.7556,217.2229,203.1650,187.5549,176.0142,166.6151,157.9763,150.9361,147.0201,137.0565,131.9719,123.8792,117.5411,109.2159,101.9762,91.4499,79.5627,66.2192,52.1877,38.7788,20.6211,3.5934,0.0000,0.0000
65,0.7500,SpendAwareDPRebalance (R65-aware),2.8000,13030.0650,364.8418,survival,1.0000,1.0000,1.0000,1.0000,1.0000,1.0000,1.0000,1.0000,1.0000,1.0000,1.0000,1.0000,0.9990,0.9980,0.9970,0.9935,0.9905,0.9870,0.9840,0.9780,0.9745,0.9685,0.9600,0.9515,0.9450,0.9400,0.9370,0.9335,0.9295,0.9255,0.9215,0.9165,0.9120,0.9090,0.9070,0.9030,0.9005,0.8975,0.8940,0.8885,0.8820,0.8775,0.8740,0.8685,0.8660,0.8605,0.8565,0.8525,0.8495,0.8485,0.8465,0.8455,0.8445,0.8440,0.8435
65,0.7500,SpendAwareDPRebalance (R65-aware),2.8000,13030.0650,364.8418,spend25p,365.0041,371.3183,377.0097,382.9719,388.2631,394.6590,400.8131,407.7328,412.5172,416.3490,418.6515,421.5958,422.6172,423.3486,425.1094,421.2856,418.3447,413.5837,405.4189,398.7545,369.2745,360.1131,349.2645,338.4449,329.5994,130.2095,120.3776,108.6948,94.2688,80.3748,67.7403,54.7521,42.4673,31.2727,21.0819,10.5973,2.2461,0.0000,0.0000,0.0000,0.0000,-3.7071,-11.4098,-17.4553,-24.4142,-33.1279,-41.9341,-51.6317,-60.9441,-72.0721,-83.8605,-94.7347,-106.3371,-118.1597,-130.0651
65,0.7500,SpendAwareDPRebalance (R65-aware),2.8000,13030.0650,364.8418,spend50p,367.6828,379.2502,391.4063,404.0518,417.2829,431.1286,445.4792,460.2334,475.3901,489.2513,500.4965,511.8232,523.6591,532.1604,540.6830,539.8484,536.0895,532.9409,532.3570,526.4680,495.9994,490.2609,483.3627,473.3950,467.4234,224.5798,213.5755,202.4292,189.5049,174.1313,157.4406,141.3086,124.3993,111.4559,99.4267,87.6453,77.8968,69.1114,60.1426,53.6279,44.6763,36.0495,27.8007,18.9117,10.0393,0.5378,0.0000,0.0000,0.0000,0.0000,-9.7028,-25.9889,-41.9724,-57.9809,-75.7282
65,0.7500,SpendAwareDPRebalance (R65-aware),2.8000,13030.0650,364.8418,spend75p,370.2527,387.0767,406.3800,425.7289,446.7564,470.9899,496.1257,519.2451,545.2122,569.3562,595.3258,619.4590,638.9974,656.9165,673.1917,686.6560,695.2778,701.8827,708.2163,709.1677,672.1275,672.2247,663.3267,659.1570,657.9564,348.0360,339.2739,325.0086,310.1580,290.2419,271.0373,251.7123,235.0477,217.3521,203.6614,190.9309,182.5736,175.6254,165.2780,155.5966,146.9720,138.7448,130.5835,120.5860,109.8650,101.0203,88.5279,75.0555,60.8747,47.0666,32.5525,16.4435,0.0000,0.0000,0.0000
65,0.7500,No dynamic rebalance,3.0000,12161.3940,364.8418,survival,1.0000,1.0000,1.0000,1.0000,1.0000,1.0000,1.0000,1.0000,1.0000,1.0000,0.9985,0.9965,0.9930,0.9875,0.9745,0.9660,0.9555,0.9405,0.9270,0.9095,0.8950,0.8740,0.8615,0.8455,0.8290,0.8200,0.8135,0.8090,0.8030,0.7935,0.7895,0.7820,0.7750,0.7720,0.7700,0.7685,0.7650,0.7635,0.7610,0.7590,0.7575,0.7555,0.7530,0.7515,0.7495,0.7470,0.7470,0.7455,0.7440,0.7430,0.7425,0.7415,0.7410,0.7410,0.7410
65,0.7500,No dynamic rebalance,3.0000,12161.3940,364.8418,spend25p,365.0041,371.3183,377.0097,382.9719,388.2631,394.6590,400.8131,407.7328,412.5172,416.3490,418.0848,420.1994,420.7203,419.3658,416.3157,410.6488,402.0394,389.9767,376.4560,357.8038,321.5408,301.6869,287.0477,268.8715,252.0962,74.5349,61.8007,50.2929,37.4297,22.2934,9.9938,0.0000,0.0000,0.0000,0.0000,0.0000,0.0000,0.0000,0.0000,0.0000,0.0000,0.0000,-5.2497,-12.5479,-19.7785,-28.3013,-36.5321,-45.2213,-55.9253,-66.4964,-78.8408,-91.0003,-102.2894,-114.4143,-126.0325
65,0.7500,No dynamic rebalance,3.0000,12161.3940,364.8418,spend50p,367.6828,379.2502,391.4063,404.0518,417.2829,431.1286,445.4792,460.2334,475.3901,489.2513,500.1892,510.9356,521.6227,526.4995,528.2614,526.1177,523.1028,513.9486,505.7412,495.3007,460.4709,444.8822,435.7516,423.2844,414.1322,184.0304,173.7880,163.1851,149.0438,132.3342,117.3401,100.1836,85.5083,71.6364,62.0491,51.5014,41.2832,32.7334,23.6068,16.1239,10.8224,3.0604,0.0000,0.0000,0.0000,0.0000,0.0000,0.0000,0.0000,0.0000,0.0000,0.0000,-13.2738,-31.7190,-49.2636
65,0.7500,No dynamic rebalance,3.0000,12161.3940,364.8418,spend75p,370.2527,387.0767,406.3800,425.7289,446.7564,470.9899,496.1257,519.2451,545.2122,569.3562,594.8827,619.0323,637.3851,654.1955,663.2136,669.1127,675.8223,675.4684,673.3768,669.0770,624.5297,612.6671,614.4271,607.9076,600.4563,307.5440,295.1175,279.8174,263.5998,247.8286,232.8371,216.6277,197.6689,181.1076,167.3687,157.8194,146.2825,137.4068,128.9444,122.9979,118.8992,110.9333,104.9470,99.7829,91.2387,82.9304,72.3927,59.5326,45.5300,32.5643,17.4668,0.0329,0.0000,0.0000,0.0000
65,0.7500,固定最適比率,3.0000,12161.3940,364.8418,survival,1.0000,1.0000,1.0000,1.0000,1.0000,1.0000,1.0000,1.0000,1.0000,1.0000,1.0000,1.0000,1.0000,1.0000,0.9985,0.9955,0.9900,0.9830,0.9745,0.9660,0.9540,0.9425,0.9320,0.9185,0.9090,0.9045,0.8920,0.8835,0.8765,0.8660,0.8625,0.8560,0.8535,0.8470,0.8445,0.8405,0.8390,0.8365,0.8340,0.8305,0.8280,0.8260,0.8235,0.8210,0.8195,0.8175,0.8160,0.8140,0.8140,0.8115,0.8090,0.8080,0.8070,0.8060,0.8055
65,0.7500,固定最適比率,3.0000,12161.3940,364.8418,spend25p,365.0041,371.3183,377.0097,382.9719,388.2631,394.6590,400.8131,407.7328,412.5172,416.3490,418.6515,421.5958,422.7867,424.3471,426.1066,421.8069,417.9977,412.1081,400.6694,391.8935,358.1001,346.4637,334.3569,319.3174,307.9560,116.1670,99.6759,86.7141,73.4893,58.5942,44.9124,31.2679,19.2769,8.4815,0.0000,0.0000,0.0000,0.0000,0.0000,0.0000,0.0000,-3.2176,-10.5518,-16.5125,-23.9560,-32.3868,-40.9085,-50.0755,-60.0708,-71.1492,-82.5128,-94.0556,-105.3298,-117.7243,-129.3481
65,0.7500,固定最適比率,3.0000,12161.3940,364.8418,spend50p,367.6828,379.2502,391.4063,404.0518,417.2829,431.1286,445.4792,460.2334,475.3901,489.2513,500.4965,511.8232,523.8936,533.6442,541.4371,540.1795,535.1158,529.7209,524.2739,516.3737,480.9473,475.1494,467.1492,455.9997,448.3692,209.6681,195.9738,183.1904,168.2148,152.9909,139.3465,124.0466,107.8103,91.6605,79.8399,68.9524,61.3048,51.4674,44.8783,36.6788,26.1974,19.1015,11.2058,5.3063,0.0000,0.0000,0.0000,0.0000,0.0000,0.0000,-1.7261,-18.2420,-34.7353,-50.9841,-67.4367
65,0.7500,固定最適比率,3.0000,12161.3940,364.8418,spend75p,370.2527,387.0767,406.3800,425.7289,446.7564,470.9899,496.1257,519.2451,545.2122,569.3562,595.3258,619.4590,639.3085,657.2640,674.3335,686.8422,695.2778,699.7131,698.5419,696.2983,656.1711,650.3469,641.1443,634.6046,632.0611,330.7591,316.2360,299.8721,281.9983,261.1312,246.1294,227.6630,212.6323,195.7699,182.5888,171.3048,159.1563,151.3298,144.6777,136.8661,129.3514,122.4237,115.7749,109.0550,100.6749,92.4694,83.3061,69.2400,57.2260,43.8365,28.7108,11.3640,0.0000,0.0000,0.0000
65,0.7500,DynamicV1Rebalance,3.0000,12161.3940,364.8418,survival,1.0000,1.0000,1.0000,1.0000,1.0000,1.0000,1.0000,1.0000,1.0000,1.0000,0.9985,0.9965,0.9935,0.9880,0.9815,0.9715,0.9635,0.9530,0.9420,0.9280,0.9160,0.9035,0.8875,0.8765,0.8590,0.8515,0.8480,0.8400,0.8325,0.8285,0.8225,0.8200,0.8175,0.8145,0.8115,0.8080,0.8045,0.8005,0.7980,0.7960,0.7930,0.7930,0.7905,0.7895,0.7860,0.7860,0.7845,0.7845,0.7840,0.7835,0.7830,0.7830,0.7825,0.7825,0.7825
65,0.7500,DynamicV1Rebalance,3.0000,12161.3940,364.8418,spend25p,365.0041,371.3183,377.0097,382.9719,388.2631,394.6590,400.8131,407.7328,412.5172,416.3490,418.0848,420.1994,420.9451,419.5332,419.7448,413.9824,405.7296,394.9341,382.7471,369.9141,337.5633,321.5407,304.6348,294.1109,273.9200,91.4735,79.6231,67.2197,54.5101,41.7909,29.1100,17.6785,7.3358,0.0000,0.0000,0.0000,0.0000,0.0000,0.0000,0.0000,0.0000,-0.8164,-7.7818,-13.9775,-21.3817,-29.8751,-38.2517,-47.5480,-57.4273,-68.5281,-80.2592,-92.0510,-103.8084,-115.7932,-127.3063
65,0.7500,DynamicV1Rebalance,3.0000,12161.3940,364.8418,spend50p,367.6828,379.2502,391.4063,404.0518,417.2829,431.1286,445.4792,460.2334,475.3901,489.2513,500.1892,510.9356,521.7793,526.5618,531.3841,529.5638,525.8339,518.4403,512.3688,503.0610,467.1271,458.1754,445.7525,438.4852,428.4764,195.1853,184.1692,169.6485,156.8352,144.2009,129.6961,113.7487,99.3078,84.7915,72.9003,62.9343,53.9069,43.1443,35.2244,26.2292,19.2754,13.1697,5.7291,0.0000,0.0000,0.0000,0.0000,0.0000,0.0000,0.0000,0.0000,-5.6545,-21.4752,-40.6283,-58.3315
65,0.7500,DynamicV1Rebalance,3.0000,12161.3940,364.8418,spend75p,370.2527,387.0767,406.3800,425.7289,446.7564,470.9899,496.1257,519.2451,545.2122,569.3562,594.8827,619.0323,637.3851,654.1955,665.2877,671.7003,679.0810,683.5195,683.9947,681.7916,642.4735,628.7529,622.4263,620.6160,610.9460,319.4256,305.6855,290.0919,269.2857,254.6663,238.6907,223.9142,208.0692,192.3029,178.1403,165.8305,155.5957,145.5091,138.7480,133.1020,125.9582,118.5272,113.6888,107.3803,97.9106,90.2108,80.8939,67.4708,53.0707,42.1080,28.3762,10.7299,0.0000,0.0000,0.0000
65,0.7500,SpendAwareDPRebalance (R65-aware),3.0000,12161.3940,364.8418,survival,1.0000,1.0000,1.0000,1.0000,1.0000,1.0000,1.0000,1.0000,1.0000,1.0000,0.9990,0.9980,0.9975,0.9955,0.9915,0.9885,0.9845,0.9790,0.9730,0.9680,0.9610,0.9490,0.9415,0.9340,0.9230,0.9195,0.9155,0.9105,0.9070,0.9040,0.9000,0.8955,0.8910,0.8880,0.8855,0.8795,0.8760,0.8690,0.8615,0.8550,0.8510,0.8455,0.8425,0.8325,0.8270,0.8235,0.8200,0.8180,0.8140,0.8130,0.8100,0.8085,0.8070,0.8060,0.8055
65,0.7500,SpendAwareDPRebalance (R65-aware),3.0000,12161.3940,364.8418,spend25p,365.0041,371.3183,377.0097,382.9719,388.2631,394.6590,400.8131,407.7328,412.5172,416.3490,418.2755,420.9234,422.4524,422.5008,423.1105,419.5251,415.0897,409.3910,400.6694,393.4606,363.0008,350.5665,340.1073,330.1368,316.9775,122.5501,111.8288,97.8944,83.9576,72.6651,58.9539,47.2600,34.4531,22.0880,13.0275,0.9178,0.0000,0.0000,0.0000,0.0000,0.0000,-3.3916,-10.8315,-16.7457,-24.0998,-32.8140,-41.6654,-51.2228,-60.5625,-71.6992,-83.2607,-94.5152,-105.8545,-117.9235,-129.6483
65,0.7500,SpendAwareDPRebalance (R65-aware),3.0000,12161.3940,364.8418,spend50p,367.6828,379.2502,391.4063,404.0518,417.2829,431.1286,445.4792,460.2334,475.3901,489.2513,500.2623,511.2611,523.2696,531.4707,537.3406,538.4616,533.4992,529.2564,525.6085,520.3606,485.0466,478.7917,474.5720,465.1114,455.7119,216.5266,206.7964,193.1954,180.7219,164.3927,151.5889,135.0650,119.1243,105.4673,92.3290,79.3945,69.3963,61.5885,52.5551,43.8344,35.4766,25.6223,17.2613,8.3503,0.0000,0.0000,0.0000,0.0000,0.0000,0.0000,-8.7107,-24.2349,-40.7633,-57.0523,-74.4254
65,0.7500,SpendAwareDPRebalance (R65-aware),3.0000,12161.3940,364.8418,spend75p,370.2527,387.0767,406.3800,425.7289,446.7564,470.9899,496.1257,519.2451,545.2122,569.3562,594.8827,619.1639,638.6533,656.1780,670.8070,684.9747,692.3398,699.0947,703.1831,700.6051,665.3717,656.7749,649.8328,651.6322,643.0236,338.5321,326.8686,313.1106,296.5979,278.9651,259.1541,242.7206,223.8032,209.4498,196.4822,184.0186,172.2439,160.2178,149.6104,142.8621,131.4845,122.4237,116.0607,106.4976,96.4960,87.0039,75.3584,61.8121,47.4398,34.8723,19.2442,1.9956,0.0000,0.0000,0.0000
65,0.7500,No dynamic rebalance,3.3300,10956.2108,364.8418,survival,1.0000,1.0000,1.0000,1.0000,1.0000,1.0000,1.0000,1.0000,1.0000,0.9990,0.9965,0.9945,0.9880,0.9765,0.9610,0.9480,0.9345,0.9140,0.8905,0.8705,0.8530,0.8360,0.8160,0.7915,0.7735,0.7655,0.7555,0.7490,0.7425,0.7370,0.7310,0.7255,0.7215,0.7195,0.7155,0.7115,0.7080,0.7070,0.7065,0.7035,0.7010,0.7005,0.6990,0.6970,0.6940,0.6925,0.6920,0.6915,0.6910,0.6905,0.6895,0.6890,0.6880,0.6875,0.6870
65,0.7500,No dynamic rebalance,3.3300,10956.2108,364.8418,spend25p,365.0041,371.3183,377.0097,382.9719,388.2631,394.6590,400.8131,407.7328,412.5172,415.4656,417.4754,419.3344,417.1779,417.1025,409.7576,402.0007,390.9264,372.8433,351.5522,329.1341,293.1294,268.1844,244.6624,217.7633,182.2963,28.5144,3.3007,0.0000,0.0000,0.0000,0.0000,0.0000,0.0000,0.0000,0.0000,0.0000,0.0000,0.0000,0.0000,0.0000,0.0000,0.0000,-2.1570,-9.8862,-18.2269,-24.5583,-33.3107,-42.9546,-53.5651,-64.3082,-76.1058,-88.0237,-100.1804,-111.9290,-124.5462
65,0.7500,No dynamic rebalance,3.3300,10956.2108,364.8418,spend50p,367.6828,379.2502,391.4063,404.0518,417.2829,431.1286,445.4792,460.2334,475.3901,489.1984,499.3814,510.0966,520.2694,523.6245,522.8855,520.5706,515.6799,507.1670,490.3549,477.1642,440.6803,425.5573,415.4627,399.5120,389.2844,167.5573,154.1884,139.8389,126.1258,112.5154,97.5125,82.1161,68.2712,57.1174,44.6047,34.8289,25.1354,17.7807,9.3886,0.8923,0.0000,0.0000,0.0000,0.0000,0.0000,0.0000,0.0000,0.0000,0.0000,0.0000,0.0000,0.0000,0.0000,-11.8254,-30.1177
65,0.7500,No dynamic rebalance,3.3300,10956.2108,364.8418,spend75p,370.2527,387.0767,406.3800,425.7289,446.7564,470.9899,496.1257,519.2451,545.2122,568.3161,594.5100,618.5846,635.4036,647.5650,657.6298,664.3479,666.2614,666.9260,657.0260,643.5679,602.4399,598.0187,591.7209,583.2816,573.9038,290.5468,274.0139,258.1247,245.6026,231.4123,212.8841,192.6451,176.9767,162.5079,148.1881,136.9734,128.2423,121.2776,115.3952,108.2299,101.1589,96.0021,91.1119,82.9092,73.5120,62.9174,53.5064,45.3877,31.8142,16.7731,1.4225,0.0000,0.0000,0.0000,0.0000
65,0.7500,固定最適比率,3.3300,10956.2108,364.8418,survival,1.0000,1.0000,1.0000,1.0000,1.0000,1.0000,1.0000,1.0000,1.0000,1.0000,1.0000,0.9990,0.9965,0.9920,0.9845,0.9725,0.9610,0.9460,0.9305,0.9130,0.8980,0.8780,0.8565,0.8375,0.8220,0.8115,0.8010,0.7930,0.7835,0.7770,0.7705,0.7635,0.7585,0.7540,0.7525,0.7485,0.7450,0.7420,0.7400,0.7385,0.7370,0.7345,0.7310,0.7280,0.7255,0.7240,0.7230,0.7225,0.7215,0.7200,0.7185,0.7180,0.7180,0.7180,0.7175
65,0.7500,固定最適比率,3.3300,10956.2108,364.8418,spend25p,365.0041,371.3183,377.0097,382.9719,388.2631,394.6590,400.8131,407.7328,412.5172,416.3490,418.6515,421.2001,421.3357,420.6277,421.2605,413.9824,404.1158,391.8412,378.2179,359.0734,324.6446,304.2661,282.3152,262.4587,244.0247,69.4878,55.4451,40.1370,25.2282,10.2925,0.0000,0.0000,0.0000,0.0000,0.0000,0.0000,0.0000,0.0000,0.0000,0.0000,0.0000,0.0000,-6.1535,-12.8930,-20.1093,-28.6845,-36.7451,-45.2828,-56.0172,-66.8386,-78.8720,-91.0900,-102.3061,-114.3061,-125.9045
65,0.7500,固定最適比率,3.3300,10956.2108,364.8418,spend50p,367.6828,379.2502,391.4063,404.0518,417.2829,431.1286,445.4792,460.2334,475.3901,489.2513,500.4965,511.6141,522.2614,527.4547,533.2161,528.0475,524.3084,515.0623,505.5035,494.4213,457.4194,443.8593,428.3334,417.8491,404.5191,179.8803,167.4252,155.3326,140.2835,124.8809,109.0051,94.3693,79.7797,66.0406,54.1161,42.0220,33.4653,23.8553,17.7085,10.7156,3.4552,0.0000,0.0000,0.0000,0.0000,0.0000,0.0000,0.0000,0.0000,0.0000,0.0000,0.0000,-10.8038,-27.5818,-46.2825
65,0.7500,固定最適比率,3.3300,10956.2108,364.8418,spend75p,370.2527,387.0767,406.3800,425.7289,446.7564,470.9899,496.1257,519.2451,545.2122,569.3562,595.3258,619.1639,637.7974,654.5933,666.2625,670.5194,675.8223,674.9987,671.9051,666.3944,619.7073,609.8691,599.9651,597.9300,590.3435,299.5069,283.5251,267.1992,250.8925,235.5581,218.9903,199.8939,182.6975,167.7757,155.5709,143.6430,134.0451,125.4587,120.0220,113.4452,107.0104,100.5840,94.4195,86.1421,79.2643,70.5914,59.4862,48.2105,36.0229,20.1826,4.1175,0.0000,0.0000,0.0000,0.0000
65,0.7500,DynamicV1Rebalance,3.3300,10956.2108,364.8418,survival,1.0000,1.0000,1.0000,1.0000,1.0000,1.0000,1.0000,1.0000,1.0000,0.9990,0.9965,0.9945,0.9880,0.9790,0.9625,0.9535,0.9415,0.9230,0.9050,0.8865,0.8675,0.8530,0.8380,0.8185,0.8040,0.7950,0.7860,0.7805,0.7725,0.7630,0.7565,0.7525,0.7490,0.7465,0.7420,0.7395,0.7375,0.7365,0.7340,0.7305,0.7265,0.7240,0.7215,0.7205,0.7195,0.7190,0.7175,0.7170,0.7170,0.7165,0.7160,0.7150,0.7150,0.7150,0.7150
65,0.7500,DynamicV1Rebalance,3.3300,10956.2108,364.8418,spend25p,365.0041,371.3183,377.0097,382.9719,388.2631,394.6590,400.8131,407.7328,412.5172,415.4656,417.4754,419.3344,417.1779,417.7466,410.3048,404.8233,394.6943,378.3751,360.4446,340.8872,303.6705,286.1439,266.5645,247.2617,227.4338,58.3197,45.1559,32.2977,15.4931,0.0000,0.0000,0.0000,0.0000,0.0000,0.0000,0.0000,0.0000,0.0000,0.0000,0.0000,0.0000,0.0000,-4.4637,-12.0680,-18.9013,-26.7736,-35.2772,-44.0948,-55.1463,-65.4184,-77.5278,-89.8726,-101.4567,-113.7548,-125.5773
65,0.7500,DynamicV1Rebalance,3.3300,10956.2108,364.8418,spend50p,367.6828,379.2502,391.4063,404.0518,417.2829,431.1286,445.4792,460.2334,475.3901,489.1984,499.3814,510.0966,520.2694,524.3069,523.2286,523.3348,517.5961,509.3724,495.8502,485.4258,447.1732,433.2726,424.4853,412.5692,398.7490,178.1930,164.9397,153.4113,139.4576,122.3837,104.8821,92.7391,78.6596,65.7367,51.7900,41.1873,32.3398,23.5375,17.3131,9.3858,1.6835,0.0000,0.0000,0.0000,0.0000,0.0000,0.0000,0.0000,0.0000,0.0000,0.0000,0.0000,-6.9365,-24.5305,-42.6305
65,0.7500,DynamicV1Rebalance,3.3300,10956.2108,364.8418,spend75p,370.2527,387.0767,406.3800,425.7289,446.7564,470.9899,496.1257,519.2451,545.2122,568.3161,594.5100,618.5846,635.4036,649.0604,657.9303,666.3102,669.3291,671.7679,664.2559,658.0385,609.1573,606.5144,598.6988,594.5387,584.9530,298.5193,283.9809,268.6109,252.8752,237.0213,221.8103,202.9243,188.2454,171.1094,156.7251,144.8517,135.1668,127.3855,120.2594,113.3922,105.5401,98.8692,93.0116,86.1421,79.3201,70.7759,59.2162,48.3761,37.0097,21.3361,6.3488,0.0000,0.0000,0.0000,0.0000
65,0.7500,SpendAwareDPRebalance (R65-aware),3.3300,10956.2108,364.8418,survival,1.0000,1.0000,1.0000,1.0000,1.0000,1.0000,1.0000,1.0000,1.0000,0.9990,0.9975,0.9960,0.9915,0.9875,0.9795,0.9720,0.9670,0.9545,0.9465,0.9410,0.9305,0.9185,0.9065,0.8905,0.8805,0.8740,0.8710,0.8665,0.8630,0.8580,0.8510,0.8415,0.8365,0.8315,0.8245,0.8185,0.8125,0.8030,0.7975,0.7935,0.7880,0.7835,0.7755,0.7695,0.7660,0.7620,0.7605,0.7575,0.7555,0.7540,0.7530,0.7510,0.7490,0.7470,0.7460
65,0.7500,SpendAwareDPRebalance (R65-aware),3.3300,10956.2108,364.8418,spend25p,365.0041,371.3183,377.0097,382.9719,388.2631,394.6590,400.8131,407.7328,412.5172,415.4656,417.8781,419.9802,419.5254,419.3658,418.5999,413.9824,407.7253,396.1935,386.5728,379.7993,345.9556,331.5851,316.1575,301.0338,289.0733,101.6742,91.5113,79.1232,67.7505,53.9096,39.7634,25.4170,13.8316,2.5390,0.0000,0.0000,0.0000,0.0000,0.0000,0.0000,0.0000,-2.4479,-9.7409,-15.8455,-23.4993,-31.8802,-40.5626,-49.5441,-59.6205,-69.8384,-82.0897,-93.8675,-105.0156,-117.0363,-128.6660
65,0.7500,SpendAwareDPRebalance (R65-aware),3.3300,10956.2108,364.8418,spend50p,367.6828,379.2502,391.4063,404.0518,417.2829,431.1286,445.4792,460.2334,475.3901,489.1984,499.8908,510.9356,521.3505,526.4995,530.4431,531.4768,528.1378,519.4970,514.5299,507.0435,473.3338,464.7589,454.7708,442.9011,435.6473,199.5276,190.3826,178.1223,164.9372,151.0451,137.1852,118.4490,102.3119,86.6032,73.6334,63.2570,53.2328,41.0629,30.3395,22.1641,14.7332,7.7587,0.0000,0.0000,0.0000,0.0000,0.0000,0.0000,0.0000,0.0000,0.0000,-17.0138,-32.2101,-47.9830,-65.2436
65,0.7500,SpendAwareDPRebalance (R65-aware),3.3300,10956.2108,364.8418,spend75p,370.2527,387.0767,406.3800,425.7289,446.7564,470.9899,496.1257,519.2451,545.2122,568.3161,594.6989,619.0323,635.9212,653.7542,663.8692,671.7003,683.3073,683.5195,685.2340,689.7712,647.4199,636.1530,630.1880,622.9886,617.8403,320.5999,310.0061,297.0045,276.2001,259.0816,243.0360,224.8886,207.4860,190.6786,176.7530,160.3984,148.1565,134.3685,124.2441,117.4106,110.1018,103.8219,93.6974,84.4957,76.9670,66.0719,54.4364,45.3025,31.1086,16.4202,1.0254,0.0000,0.0000,0.0000,0.0000
65,0.7500,No dynamic rebalance,3.6600,9968.3557,364.8418,survival,1.0000,1.0000,1.0000,1.0000,1.0000,1.0000,1.0000,1.0000,0.9995,0.9975,0.9955,0.9900,0.9795,0.9600,0.9435,0.9285,0.9035,0.8780,0.8560,0.8315,0.8075,0.7815,0.7585,0.7325,0.7150,0.7025,0.6940,0.6840,0.6770,0.6730,0.6665,0.6630,0.6600,0.6585,0.6545,0.6510,0.6490,0.6480,0.6455,0.6440,0.6435,0.6430,0.6405,0.6385,0.6375,0.6370,0.6370,0.6355,0.6340,0.6340,0.6320,0.6320,0.6320,0.6315,0.6315
65,0.7500,No dynamic rebalance,3.6600,9968.3557,364.8418,spend25p,365.0041,371.3183,377.0097,382.9719,388.2631,394.6590,400.8131,407.7328,412.4592,414.9577,417.2907,418.2840,414.9762,409.4436,401.4218,389.4202,373.2295,347.1094,325.1921,296.1785,251.0789,219.6266,164.4875,0.0000,0.0000,0.0000,0.0000,0.0000,0.0000,0.0000,0.0000,0.0000,0.0000,0.0000,0.0000,0.0000,0.0000,0.0000,0.0000,0.0000,0.0000,0.0000,0.0000,-5.3388,-14.3260,-21.8496,-28.9316,-38.2275,-48.2271,-59.7685,-72.4345,-82.7471,-95.5520,-108.0518,-121.1271
65,0.7500,No dynamic rebalance,3.6600,9968.3557,364.8418,spend50p,367.6828,379.2502,391.4063,404.0518,417.2829,431.1286,445.4792,460.2334,475.1754,488.4873,499.2450,509.4078,516.8930,518.0434,515.7705,513.7286,503.2291,489.4186,473.9346,457.9086,416.4788,405.3870,389.0071,371.4793,357.6895,145.7278,131.8928,116.7767,103.2301,88.7615,73.5162,60.3048,47.7503,36.9938,25.9557,16.1120,7.3921,0.4516,0.0000,0.0000,0.0000,0.0000,0.0000,0.0000,0.0000,0.0000,0.0000,0.0000,0.0000,0.0000,0.0000,0.0000,0.0000,0.0000,-0.2719
65,0.7500,No dynamic rebalance,3.6600,9968.3557,364.8418,spend75p,370.2527,387.0767,406.3800,425.7289,446.7564,470.9899,496.1257,519.2451,545.0072,567.9956,594.0601,617.0044,633.3643,641.6554,653.0820,659.0042,659.0548,645.6097,640.9457,627.8487,584.3010,575.4112,569.8466,556.3160,541.8273,263.2188,250.4620,238.6078,221.4657,205.7658,189.7956,174.6947,159.9205,146.0111,134.7344,121.9680,113.0117,106.4302,97.9287,92.5226,87.6023,80.7716,67.5358,61.6581,54.8765,46.4423,36.5807,24.4885,11.8690,0.0000,0.0000,0.0000,0.0000,0.0000,0.0000
65,0.7500,固定最適比率,3.6600,9968.3557,364.8418,survival,1.0000,1.0000,1.0000,1.0000,1.0000,1.0000,1.0000,1.0000,1.0000,0.9990,0.9965,0.9930,0.9865,0.9700,0.9535,0.9385,0.9185,0.8905,0.8725,0.8515,0.8245,0.8005,0.7770,0.7530,0.7290,0.7190,0.7070,0.6990,0.6900,0.6860,0.6820,0.6775,0.6735,0.6700,0.6660,0.6620,0.6595,0.6575,0.6550,0.6545,0.6525,0.6515,0.6490,0.6470,0.6465,0.6455,0.6440,0.6440,0.6435,0.6425,0.6415,0.6405,0.6400,0.6395,0.6380
65,0.7500,固定最適比率,3.6600,9968.3557,364.8418,spend25p,365.0041,371.3183,377.0097,382.9719,388.2631,394.6590,400.8131,407.7328,412.5172,415.4656,417.4754,418.7393,417.0079,413.2951,406.8138,395.2268,380.8234,356.0110,337.1630,314.0150,266.1888,236.7873,201.9488,134.2441,0.0000,0.0000,0.0000,0.0000,0.0000,0.0000,0.0000,0.0000,0.0000,0.0000,0.0000,0.0000,0.0000,0.0000,0.0000,0.0000,0.0000,0.0000,0.0000,-7.3802,-16.2327,-23.2263,-30.6433,-39.9601,-50.2187,-61.4277,-73.7237,-83.8704,-96.8662,-109.7464,-122.6456
65,0.7500,固定最適比率,3.6600,9968.3557,364.8418,spend50p,367.6828,379.2502,391.4063,404.0518,417.2829,431.1286,445.4792,460.2334,475.3901,489.1984,499.3814,509.7637,518.5099,521.3042,518.8196,516.7579,509.1011,496.3016,481.6773,468.4324,422.8526,410.8405,397.3262,380.1176,362.2890,150.5401,137.0363,122.0816,106.5414,93.9959,79.2176,65.7474,51.8131,39.6109,28.5548,19.1951,8.8473,2.0314,0.0000,0.0000,0.0000,0.0000,0.0000,0.0000,0.0000,0.0000,0.0000,0.0000,0.0000,0.0000,0.0000,0.0000,0.0000,0.0000,-8.0017
65,0.7500,固定最適比率,3.6600,9968.3557,364.8418,spend75p,370.2527,387.0767,406.3800,425.7289,446.7564,470.9899,496.1257,519.2451,545.2122,568.3161,594.5100,617.5774,634.7861,645.6490,654.7065,660.0732,661.6854,650.8110,645.0541,636.1076,587.0735,582.1184,573.8918,561.3050,544.7905,266.4945,251.4264,240.5726,224.6117,208.4420,191.9159,175.6414,161.2424,147.1919,136.0712,123.8618,114.3410,107.4620,101.1771,94.4586,89.4062,82.0258,69.8661,63.0176,55.9623,47.4833,37.8439,26.5120,13.7557,0.0463,0.0000,0.0000,0.0000,0.0000,0.0000
65,0.7500,DynamicV1Rebalance,3.6600,9968.3557,364.8418,survival,1.0000,1.0000,1.0000,1.0000,1.0000,1.0000,1.0000,1.0000,0.9995,0.9980,0.9965,0.9895,0.9805,0.9610,0.9465,0.9335,0.9070,0.8815,0.8635,0.8400,0.8180,0.7965,0.7735,0.7555,0.7330,0.7245,0.7150,0.7070,0.6990,0.6945,0.6895,0.6855,0.6815,0.6805,0.6785,0.6755,0.6740,0.6685,0.6650,0.6645,0.6625,0.6610,0.6590,0.6570,0.6555,0.6545,0.6545,0.6540,0.6540,0.6540,0.6540,0.6535,0.6525,0.6525,0.6520
65,0.7500,DynamicV1Rebalance,3.6600,9968.3557,364.8418,spend25p,365.0041,371.3183,377.0097,382.9719,388.2631,394.6590,400.8131,407.7328,412.4592,415.0713,417.4754,418.1761,415.3462,409.5358,402.5547,391.2589,374.5539,348.6672,330.9779,304.9437,259.8428,232.3747,197.7529,149.2101,0.0000,0.0000,0.0000,0.0000,0.0000,0.0000,0.0000,0.0000,0.0000,0.0000,0.0000,0.0000,0.0000,0.0000,0.0000,0.0000,0.0000,0.0000,0.0000,-7.4593,-16.3181,-23.2508,-30.6897,-40.5441,-50.2838,-61.5572,-73.9013,-83.9452,-96.9192,-110.1165,-123.1767
65,0.7500,DynamicV1Rebalance,3.6600,9968.3557,364.8418,spend50p,367.6828,379.2502,391.4063,404.0518,417.2829,431.1286,445.4792,460.2334,475.1754,488.9014,499.3814,509.2604,517.0554,518.3511,516.9008,516.6156,504.6802,491.3371,479.0128,464.6037,422.5729,411.0628,398.3576,381.4055,365.2307,152.6210,139.3725,125.4218,110.5398,95.7674,82.1553,69.5985,54.9938,43.7485,33.9760,23.7743,14.9267,4.7935,0.0000,0.0000,0.0000,0.0000,0.0000,0.0000,0.0000,0.0000,0.0000,0.0000,0.0000,0.0000,0.0000,0.0000,0.0000,0.0000,-14.2904
65,0.7500,DynamicV1Rebalance,3.6600,9968.3557,364.8418,spend75p,370.2527,387.0767,406.3800,425.7289,446.7564,470.9899,496.1257,519.2451,545.0072,568.1450,594.5100,616.9558,633.6965,641.6554,653.5649,660.0732,660.1258,647.2501,643.0779,632.0620,587.2722,584.6924,575.0859,568.1408,554.8220,270.7843,255.2718,243.7901,231.0331,212.0747,196.9559,179.0042,163.6866,151.2631,138.3297,127.9689,120.6363,110.1886,103.2056,97.0927,91.2874,83.2891,74.3478,67.2507,58.2942,50.6464,41.8351,30.0269,19.1404,4.6786,0.0000,0.0000,0.0000,0.0000,0.0000
65,0.7500,SpendAwareDPRebalance (R65-aware),3.6600,9968.3557,364.8418,survival,1.0000,1.0000,1.0000,1.0000,1.0000,1.0000,1.0000,1.0000,0.9995,0.9975,0.9960,0.9915,0.9850,0.9750,0.9650,0.9550,0.9440,0.9265,0.9145,0.9035,0.8830,0.8675,0.8510,0.8330,0.8200,0.8165,0.8130,0.8060,0.7995,0.7915,0.7865,0.7780,0.7705,0.7655,0.7585,0.7505,0.7490,0.7430,0.7400,0.7345,0.7235,0.7175,0.7135,0.7080,0.7025,0.6985,0.6975,0.6960,0.6925,0.6915,0.6905,0.6900,0.6880,0.6875,0.6845
65,0.7500,SpendAwareDPRebalance (R65-aware),3.6600,9968.3557,364.8418,spend25p,365.0041,371.3183,377.0097,382.9719,388.2631,394.6590,400.8131,407.7328,412.4592,414.9577,417.3851,418.6923,416.8087,416.4469,411.9730,405.4448,397.5049,379.8737,368.3631,354.3425,314.3280,297.5275,278.9431,259.6858,243.2997,73.0217,61.8007,48.3031,33.9766,20.6481,7.1014,0.0000,0.0000,0.0000,0.0000,0.0000,0.0000,0.0000,0.0000,0.0000,0.0000,-0.9133,-7.8142,-14.2539,-21.9429,-29.8751,-38.2267,-47.0944,-56.8682,-67.7074,-79.2372,-91.4859,-103.3910,-115.1478,-126.5933
65,0.7500,SpendAwareDPRebalance (R65-aware),3.6600,9968.3557,364.8418,spend50p,367.6828,379.2502,391.4063,404.0518,417.2829,431.1286,445.4792,460.2334,475.1754,488.4873,499.3814,509.7383,517.9956,523.3284,525.3605,524.0640,519.4952,509.8765,499.7319,491.4049,452.5065,439.5119,427.1595,416.8068,404.3877,181.4594,170.9197,158.7400,144.6393,129.0603,114.3095,97.0001,81.2863,67.7123,54.4231,41.4459,33.4260,23.0575,16.6412,7.7092,0.0000,0.0000,0.0000,0.0000,0.0000,0.0000,0.0000,0.0000,0.0000,0.0000,0.0000,-0.3365,-16.7166,-34.2879,-52.1673
65,0.7500,SpendAwareDPRebalance (R65-aware),3.6600,9968.3557,364.8418,spend75p,370.2527,387.0767,406.3800,425.7289,446.7564,470.9899,496.1257,519.2451,545.0072,567.9956,594.5100,617.1368,634.2267,647.5650,658.9197,666.9768,670.2607,669.1596,665.6553,663.1098,611.3767,605.5539,598.1749,591.6197,582.5613,298.1356,286.1201,268.7764,253.2696,237.4400,221.5715,199.8939,181.2032,165.3849,148.1881,133.3347,125.9457,117.3212,109.4365,101.4444,91.4751,82.9848,74.3442,64.7717,55.8507,45.7646,34.7541,22.6096,9.1543,0.0000,0.0000,0.0000,0.0000,0.0000,0.0000
65,0.7500,No dynamic rebalance,4.0000,9121.0455,364.8418,survival,1.0000,1.0000,1.0000,1.0000,1.0000,1.0000,1.0000,1.0000,0.9990,0.9965,0.9925,0.9830,0.9605,0.9410,0.9250,0.8985,0.8685,0.8415,0.8085,0.7760,0.7465,0.7160,0.6955,0.6735,0.6535,0.6445,0.6375,0.6325,0.6265,0.6200,0.6155,0.6100,0.6070,0.6025,0.5975,0.5955,0.5920,0.5900,0.5885,0.5865,0.5845,0.5845,0.5840,0.5830,0.5825,0.5810,0.5800,0.5800,0.5795,0.5790,0.5785,0.5785,0.5780,0.5775,0.5765
65,0.7500,No dynamic rebalance,4.0000,9121.0455,364.8418,spend25p,365.0041,371.3183,377.0097,382.9719,388.2631,394.6590,400.8131,407.7328,412.2262,414.6733,416.5598,415.9764,408.8830,402.0554,394.7811,376.3275,347.5440,325.1894,284.0462,238.4662,0.0000,0.0000,0.0000,0.0000,0.0000,0.0000,0.0000,0.0000,0.0000,0.0000,0.0000,0.0000,0.0000,0.0000,0.0000,0.0000,0.0000,0.0000,0.0000,0.0000,0.0000,0.0000,0.0000,0.0000,-4.8563,-13.1432,-22.3704,-30.6698,-42.3745,-53.3362,-65.6688,-77.9953,-90.2517,-103.5339,-117.2018
65,0.7500,No dynamic rebalance,4.0000,9121.0455,364.8418,spend50p,367.6828,379.2502,391.4063,404.0518,417.2829,431.1286,445.4792,460.2334,475.0761,488.1788,498.4567,507.5477,509.9389,511.4577,509.1409,499.4385,487.3134,476.6200,454.5089,437.0973,392.0609,371.0951,357.2406,336.6556,316.7381,121.2663,108.4308,94.0995,80.5729,67.2548,54.2175,41.1326,28.4475,17.0218,5.6491,0.0000,0.0000,0.0000,0.0000,0.0000,0.0000,0.0000,0.0000,0.0000,0.0000,0.0000,0.0000,0.0000,0.0000,0.0000,0.0000,0.0000,0.0000,0.0000,0.0000
65,0.7500,No dynamic rebalance,4.0000,9121.0455,364.8418,spend75p,370.2527,387.0767,406.3800,425.7289,446.7564,470.9899,496.1257,519.2451,544.8617,567.9956,593.2044,615.0184,625.7262,635.7581,644.7403,648.3858,642.7272,637.5445,621.7124,605.6661,562.3223,552.4930,537.0745,526.1743,509.9186,245.6437,234.7317,222.5024,206.3844,190.6393,175.7804,159.3975,143.4288,129.7497,115.9457,103.8566,95.2125,85.9618,77.4678,71.2532,66.0639,60.9398,55.1298,46.4626,38.0159,29.4035,18.5290,6.7623,0.0000,0.0000,0.0000,0.0000,0.0000,0.0000,0.0000
65,0.7500,固定最適比率,4.0000,9121.0455,364.8418,survival,1.0000,1.0000,1.0000,1.0000,1.0000,1.0000,1.0000,1.0000,0.9990,0.9965,0.9925,0.9830,0.9605,0.9410,0.9250,0.8985,0.8685,0.8415,0.8085,0.7760,0.7465,0.7160,0.6955,0.6735,0.6535,0.6445,0.6375,0.6325,0.6265,0.6200,0.6155,0.6100,0.6070,0.6025,0.5975,0.5955,0.5920,0.5900,0.5885,0.5865,0.5845,0.5845,0.5840,0.5830,0.5825,0.5810,0.5800,0.5800,0.5795,0.5790,0.5785,0.5785,0.5780,0.5775,0.5765
65,0.7500,固定最適比率,4.0000,9121.0455,364.8418,spend25p,365.0041,371.3183,377.0097,382.9719,388.2631,394.6590,400.8131,407.7328,412.2262,414.6733,416.5598,415.9764,408.8830,402.0554,394.7811,376.3275,347.5440,325.1894,284.0462,238.4662,0.0000,0.0000,0.0000,0.0000,0.0000,0.0000,0.0000,0.0000,0.0000,0.0000,0.0000,0.0000,0.0000,0.0000,0.0000,0.0000,0.0000,0.0000,0.0000,0.0000,0.0000,0.0000,0.0000,0.0000,-4.8563,-13.1432,-22.3704,-30.6698,-42.3745,-53.3362,-65.6688,-77.9953,-90.2517,-103.5339,-117.2018
65,0.7500,固定最適比率,4.0000,9121.0455,364.8418,spend50p,367.6828,379.2502,391.4063,404.0518,417.2829,431.1286,445.4792,460.2334,475.0761,488.1788,498.4567,507.5477,509.9389,511.4577,509.1409,499.4385,487.3134,476.6200,454.5089,437.0973,392.0609,371.0951,357.2406,336.6556,316.7381,121.2663,108.4308,94.0995,80.5729,67.2548,54.2175,41.1326,28.4475,17.0218,5.6491,0.0000,0.0000,0.0000,0.0000,0.0000,0.0000,0.0000,0.0000,0.0000,0.0000,0.0000,0.0000,0.0000,0.0000,0.0000,0.0000,0.0000,0.0000,0.0000,0.0000
65,0.7500,固定最適比率,4.0000,9121.0455,364.8418,spend75p,370.2527,387.0767,406.3800,425.7289,446.7564,470.9899,496.1257,519.2451,544.8617,567.9956,593.2044,615.0184,625.7262,635.7581,644.7403,648.3858,642.7272,637.5445,621.7124,605.6661,562.3223,552.4930,537.0745,526.1743,509.9186,245.6437,234.7317,222.5024,206.3844,190.6393,175.7804,159.3975,143.4288,129.7497,115.9457,103.8566,95.2125,85.9618,77.4678,71.2532,66.0639,60.9398,55.1298,46.4626,38.0159,29.4035,18.5290,6.7623,0.0000,0.0000,0.0000,0.0000,0.0000,0.0000,0.0000
65,0.7500,DynamicV1Rebalance,4.0000,9121.0455,364.8418,survival,1.0000,1.0000,1.0000,1.0000,1.0000,1.0000,1.0000,1.0000,0.9990,0.9965,0.9930,0.9825,0.9605,0.9410,0.9260,0.8990,0.8715,0.8440,0.8120,0.7830,0.7570,0.7280,0.7085,0.6835,0.6630,0.6535,0.6470,0.6425,0.6380,0.6325,0.6275,0.6225,0.6175,0.6145,0.6080,0.6040,0.6025,0.6000,0.5975,0.5965,0.5945,0.5940,0.5940,0.5940,0.5930,0.5925,0.5925,0.5915,0.5915,0.5915,0.5905,0.5905,0.5905,0.5905,0.5905
65,0.7500,DynamicV1Rebalance,4.0000,9121.0455,364.8418,spend25p,365.0041,371.3183,377.0097,382.9719,388.2631,394.6590,400.8131,407.7328,412.2262,414.6733,416.6908,415.6931,409.0298,402.0554,395.0824,376.6279,350.1630,326.0498,288.6467,247.3893,173.2391,0.0000,0.0000,0.0000,0.0000,0.0000,0.0000,0.0000,0.0000,0.0000,0.0000,0.0000,0.0000,0.0000,0.0000,0.0000,0.0000,0.0000,0.0000,0.0000,0.0000,0.0000,0.0000,0.0000,-7.6373,-15.7543,-23.4361,-32.0012,-43.2012,-55.0872,-66.7345,-79.8155,-91.6229,-104.8446,-118.1511
65,0.7500,DynamicV1Rebalance,4.0000,9121.0455,364.8418,spend50p,367.6828,379.2502,391.4063,404.0518,417.2829,431.1286,445.4792,460.2334,475.0761,488.1788,498.5015,507.3464,510.0627,511.4577,509.3178,499.7340,489.0593,477.1726,456.2291,438.9307,396.0817,376.3643,364.2429,343.4658,325.0446,124.8824,112.2578,98.7580,85.7737,71.9407,58.3096,46.0769,31.9658,21.0429,8.6193,0.0000,0.0000,0.0000,0.0000,0.0000,0.0000,0.0000,0.0000,0.0000,0.0000,0.0000,0.0000,0.0000,0.0000,0.0000,0.0000,0.0000,0.0000,0.0000,0.0000
65,0.7500,DynamicV1Rebalance,4.0000,9121.0455,364.8418,spend75p,370.2527,387.0767,406.3800,425.7289,446.7564,470.9899,496.1257,519.2451,544.8617,567.9956,593.3713,614.0825,625.7262,635.7581,645.1288,649.0143,643.6530,639.2113,623.3651,607.5563,568.3612,553.5649,547.7316,531.0902,513.9431,248.7718,237.3677,225.0710,210.6533,193.6896,180.1535,162.7220,146.0705,132.8137,119.2046,106.4248,98.1093,90.4059,79.6261,73.6729,68.6159,63.1329,58.4411,51.0700,40.6761,32.8547,23.9212,13.2091,0.0000,0.0000,0.0000,0.0000,0.0000,0.0000,0.0000
65,0.7500,SpendAwareDPRebalance (R65-aware),4.0000,9121.0455,364.8418,survival,1.0000,1.0000,1.0000,1.0000,1.0000,1.0000,1.0000,1.0000,0.9990,0.9965,0.9925,0.9845,0.9685,0.9555,0.9435,0.9255,0.9025,0.8795,0.8560,0.8395,0.8180,0.8005,0.7790,0.7615,0.7465,0.7395,0.7360,0.7285,0.7215,0.7165,0.7095,0.7000,0.6960,0.6920,0.6885,0.6825,0.6785,0.6730,0.6675,0.6590,0.6525,0.6465,0.6425,0.6375,0.6335,0.6320,0.6290,0.6255,0.6230,0.6210,0.6205,0.6185,0.6175,0.6170,0.6165
65,0.7500,SpendAwareDPRebalance (R65-aware),4.0000,9121.0455,364.8418,spend25p,365.0041,371.3183,377.0097,382.9719,388.2631,394.6590,400.8131,407.7328,412.2262,414.6733,416.5598,416.3685,410.6506,408.4115,401.4218,388.2782,373.2295,348.6672,326.8310,306.5088,260.8847,238.0343,210.2651,166.3580,0.0000,0.0000,0.0000,0.0000,0.0000,0.0000,0.0000,0.0000,0.0000,0.0000,0.0000,0.0000,0.0000,0.0000,0.0000,0.0000,0.0000,0.0000,-0.8415,-9.3937,-17.2314,-24.0681,-31.9159,-41.0450,-51.9094,-63.5016,-75.0073,-86.3605,-98.6634,-110.6938,-123.7022
65,0.7500,SpendAwareDPRebalance (R65-aware),4.0000,9121.0455,364.8418,spend50p,367.6828,379.2502,391.4063,404.0518,417.2829,431.1286,445.4792,460.2334,475.0761,488.1788,498.4567,508.2415,512.6318,517.0894,516.4044,510.7667,503.3138,493.3018,477.4561,465.0182,422.5729,411.1638,398.4887,384.0630,373.4063,157.2656,145.3758,131.1839,116.6967,103.2791,89.2887,72.7207,60.6361,47.5363,36.9753,26.0142,15.9711,6.1997,0.0000,0.0000,0.0000,0.0000,0.0000,0.0000,0.0000,0.0000,0.0000,0.0000,0.0000,0.0000,0.0000,0.0000,0.0000,-9.6528,-28.1141
65,0.7500,SpendAwareDPRebalance (R65-aware),4.0000,9121.0455,364.8418,spend75p,370.2527,387.0767,406.3800,425.7289,446.7564,470.9899,496.1257,519.2451,544.8617,567.9956,593.2044,615.5903,629.7738,641.2160,653.4601,657.4392,658.2946,647.8942,640.5524,630.1276,585.0984,582.1184,569.1703,558.5947,544.7905,269.8777,258.5135,244.4971,232.6428,215.5735,197.6607,176.6389,160.2984,144.5643,131.2070,120.5268,109.8538,99.6527,92.5581,81.2145,71.2782,63.9350,57.4476,46.2988,35.8338,26.7751,14.6231,2.0159,0.0000,0.0000,0.0000,0.0000,0.0000,0.0000,0.0000
65,0.7500,No dynamic rebalance,5.0000,7296.8364,364.8418,survival,1.0000,1.0000,1.0000,1.0000,1.0000,1.0000,1.0000,0.9985,0.9935,0.9850,0.9610,0.9340,0.9020,0.8610,0.8210,0.7710,0.7270,0.6830,0.6475,0.6150,0.5895,0.5595,0.5390,0.5160,0.4930,0.4815,0.4735,0.4655,0.4605,0.4545,0.4510,0.4480,0.4465,0.4440,0.4400,0.4385,0.4375,0.4340,0.4305,0.4295,0.4290,0.4280,0.4275,0.4260,0.4260,0.4250,0.4240,0.4240,0.4235,0.4230,0.4230,0.4225,0.4220,0.4210,0.4210
65,0.7500,No dynamic rebalance,5.0000,7296.8364,364.8418,spend25p,365.0041,371.3183,377.0097,382.9719,388.2631,394.6590,400.8131,407.4114,411.3984,412.5452,406.9037,399.0018,385.7873,362.7617,331.1220,266.8591,0.0000,0.0000,0.0000,0.0000,0.0000,0.0000,0.0000,0.0000,0.0000,0.0000,0.0000,0.0000,0.0000,0.0000,0.0000,0.0000,0.0000,0.0000,0.0000,0.0000,0.0000,0.0000,0.0000,0.0000,0.0000,0.0000,0.0000,0.0000,0.0000,0.0000,0.0000,0.0000,-5.1727,-17.4161,-30.8089,-44.8643,-60.9205,-75.6622,-92.8402
65,0.7500,No dynamic rebalance,5.0000,7296.8364,364.8418,spend50p,367.6828,379.2502,391.4063,404.0518,417.2829,431.1286,445.4792,460.1281,473.5765,484.8998,492.0876,494.1514,493.5169,484.9498,468.9217,447.1095,425.2641,400.5711,373.0624,340.2814,296.4114,251.6200,227.4190,182.6805,0.0000,0.0000,0.0000,0.0000,0.0000,0.0000,0.0000,0.0000,0.0000,0.0000,0.0000,0.0000,0.0000,0.0000,0.0000,0.0000,0.0000,0.0000,0.0000,0.0000,0.0000,0.0000,0.0000,0.0000,0.0000,0.0000,0.0000,0.0000,0.0000,0.0000,0.0000
65,0.7500,No dynamic rebalance,5.0000,7296.8364,364.8418,spend75p,370.2527,387.0767,406.3800,425.7289,446.7564,470.9899,496.1257,518.8586,544.2033,564.3694,585.4764,600.3266,611.1000,615.7690,615.5197,603.1678,588.1178,562.2930,544.1794,529.5588,482.9979,470.0884,452.4710,439.3772,422.6439,188.6884,175.7477,164.1390,149.2568,133.0373,117.5664,101.2827,87.9626,74.7795,64.3009,54.4164,45.7029,34.9143,24.6270,18.3306,11.5268,5.6546,0.0000,0.0000,0.0000,0.0000,0.0000,0.0000,0.0000,0.0000,0.0000,0.0000,0.0000,0.0000,0.0000
65,0.7500,固定最適比率,5.0000,7296.8364,364.8418,survival,1.0000,1.0000,1.0000,1.0000,1.0000,1.0000,1.0000,0.9985,0.9935,0.9850,0.9610,0.9340,0.9020,0.8610,0.8210,0.7710,0.7270,0.6830,0.6475,0.6150,0.5895,0.5595,0.5390,0.5160,0.4930,0.4815,0.4735,0.4655,0.4605,0.4545,0.4510,0.4480,0.4465,0.4440,0.4400,0.4385,0.4375,0.4340,0.4305,0.4295,0.4290,0.4280,0.4275,0.4260,0.4260,0.4250,0.4240,0.4240,0.4235,0.4230,0.4230,0.4225,0.4220,0.4210,0.4210
65,0.7500,固定最適比率,5.0000,7296.8364,364.8418,spend25p,365.0041,371.3183,377.0097,382.9719,388.2631,394.6590,400.8131,407.4114,411.3984,412.5452,406.9037,399.0018,385.7873,362.7617,331.1220,266.8591,0.0000,0.0000,0.0000,0.0000,0.0000,0.0000,0.0000,0.0000,0.0000,0.0000,0.0000,0.0000,0.0000,0.0000,0.0000,0.0000,0.0000,0.0000,0.0000,0.0000,0.0000,0.0000,0.0000,0.0000,0.0000,0.0000,0.0000,0.0000,0.0000,0.0000,0.0000,0.0000,-5.1727,-17.4161,-30.8089,-44.8643,-60.9205,-75.6622,-92.8402
65,0.7500,固定最適比率,5.0000,7296.8364,364.8418,spend50p,367.6828,379.2502,391.4063,404.0518,417.2829,431.1286,445.4792,460.1281,473.5765,484.8998,492.0876,494.1514,493.5169,484.9498,468.9217,447.1095,425.2641,400.5711,373.0624,340.2814,296.4114,251.6200,227.4190,182.6805,0.0000,0.0000,0.0000,0.0000,0.0000,0.0000,0.0000,0.0000,0.0000,0.0000,0.0000,0.0000,0.0000,0.0000,0.0000,0.0000,0.0000,0.0000,0.0000,0.0000,0.0000,0.0000,0.0000,0.0000,0.0000,0.0000,0.0000,0.0000,0.0000,0.0000,0.0000
65,0.7500,固定最適比率,5.0000,7296.8364,364.8418,spend75p,370.2527,387.0767,406.3800,425.7289,446.7564,470.9899,496.1257,518.8586,544.2033,564.3694,585.4764,600.3266,611.1000,615.7690,615.5197,603.1678,588.1178,562.2930,544.1794,529.5588,482.9979,470.0884,452.4710,439.3772,422.6439,188.6884,175.7477,164.1390,149.2568,133.0373,117.5664,101.2827,87.9626,74.7795,64.3009,54.4164,45.7029,34.9143,24.6270,18.3306,11.5268,5.6546,0.0000,0.0000,0.0000,0.0000,0.0000,0.0000,0.0000,0.0000,0.0000,0.0000,0.0000,0.0000,0.0000
65,0.7500,DynamicV1Rebalance,5.0000,7296.8364,364.8418,survival,1.0000,1.0000,1.0000,1.0000,1.0000,1.0000,1.0000,0.9985,0.9935,0.9850,0.9610,0.9345,0.9025,0.8615,0.8190,0.7705,0.7285,0.6850,0.6485,0.6170,0.5910,0.5645,0.5410,0.5205,0.4985,0.4860,0.4780,0.4700,0.4665,0.4615,0.4570,0.4545,0.4525,0.4490,0.4445,0.4420,0.4405,0.4385,0.4360,0.4350,0.4340,0.4340,0.4340,0.4335,0.4330,0.4330,0.4320,0.4320,0.4320,0.4320,0.4320,0.4315,0.4315,0.4310,0.4310
65,0.7500,DynamicV1Rebalance,5.0000,7296.8364,364.8418,spend25p,365.0041,371.3183,377.0097,382.9719,388.2631,394.6590,400.8131,407.4114,411.3984,412.5452,406.9037,399.1037,385.8781,362.8131,329.9436,265.7429,0.0000,0.0000,0.0000,0.0000,0.0000,0.0000,0.0000,0.0000,0.0000,0.0000,0.0000,0.0000,0.0000,0.0000,0.0000,0.0000,0.0000,0.0000,0.0000,0.0000,0.0000,0.0000,0.0000,0.0000,0.0000,0.0000,0.0000,0.0000,0.0000,0.0000,0.0000,0.0000,-7.9698,-20.2386,-33.2649,-48.0152,-62.3507,-77.6460,-94.1525
65,0.7500,DynamicV1Rebalance,5.0000,7296.8364,364.8418,spend50p,367.6828,379.2502,391.4063,404.0518,417.2829,431.1286,445.4792,460.1281,473.5765,484.8998,492.0876,494.1514,493.5528,485.0515,467.9803,447.0005,426.0603,401.7551,373.9049,341.3523,298.1310,256.5421,229.9557,189.4342,0.0000,0.0000,0.0000,0.0000,0.0000,0.0000,0.0000,0.0000,0.0000,0.0000,0.0000,0.0000,0.0000,0.0000,0.0000,0.0000,0.0000,0.0000,0.0000,0.0000,0.0000,0.0000,0.0000,0.0000,0.0000,0.0000,0.0000,0.0000,0.0000,0.0000,0.0000
65,0.7500,DynamicV1Rebalance,5.0000,7296.8364,364.8418,spend75p,370.2527,387.0767,406.3800,425.7289,446.7564,470.9899,496.1257,518.8586,544.2033,564.3694,585.3601,600.1869,611.1000,615.7690,614.5565,602.9899,588.8938,562.7378,545.4699,530.3994,484.3598,473.2476,455.3063,441.9884,429.4048,190.7081,179.5584,165.6621,151.7744,138.1413,121.8193,105.9951,89.8003,77.5924,65.1627,55.1399,46.5446,36.9750,27.1634,20.2329,12.6656,7.1736,2.1302,0.0000,0.0000,0.0000,0.0000,0.0000,0.0000,0.0000,0.0000,0.0000,0.0000,0.0000,0.0000
65,0.7500,SpendAwareDPRebalance (R65-aware),5.0000,7296.8364,364.8418,survival,1.0000,1.0000,1.0000,1.0000,1.0000,1.0000,1.0000,0.9985,0.9935,0.9850,0.9615,0.9345,0.9035,0.8645,0.8245,0.7785,0.7395,0.7035,0.6750,0.6445,0.6215,0.5990,0.5800,0.5625,0.5455,0.5395,0.5330,0.5260,0.5225,0.5205,0.5140,0.5070,0.5020,0.4970,0.4930,0.4895,0.4870,0.4825,0.4780,0.4720,0.4680,0.4620,0.4600,0.4575,0.4530,0.4500,0.4470,0.4445,0.4430,0.4420,0.4420,0.4410,0.4395,0.4390,0.4390
65,0.7500,SpendAwareDPRebalance (R65-aware),5.0000,7296.8364,364.8418,spend25p,365.0041,371.3183,377.0097,382.9719,388.2631,394.6590,400.8131,407.4114,411.3984,412.5452,406.9308,399.1037,386.1080,364.2354,332.6785,277.5774,0.0000,0.0000,0.0000,0.0000,0.0000,0.0000,0.0000,0.0000,0.0000,0.0000,0.0000,0.0000,0.0000,0.0000,0.0000,0.0000,0.0000,0.0000,0.0000,0.0000,0.0000,0.0000,0.0000,0.0000,0.0000,0.0000,0.0000,0.0000,0.0000,0.0000,-5.7910,-16.3671,-26.0183,-37.3043,-49.7292,-62.9484,-75.8611,-90.3006,-105.5177
65,0.7500,SpendAwareDPRebalance (R65-aware),5.0000,7296.8364,364.8418,spend50p,367.6828,379.2502,391.4063,404.0518,417.2829,431.1286,445.4792,460.1281,473.5765,484.8998,492.1809,494.3559,493.6679,485.6197,470.0241,451.9688,430.9245,413.2021,390.5013,364.9993,321.4942,298.0870,273.4147,248.5823,226.6355,59.3041,46.2493,31.1772,18.2550,7.9814,0.0000,0.0000,0.0000,0.0000,0.0000,0.0000,0.0000,0.0000,0.0000,0.0000,0.0000,0.0000,0.0000,0.0000,0.0000,0.0000,0.0000,0.0000,0.0000,0.0000,0.0000,0.0000,0.0000,0.0000,0.0000
65,0.7500,SpendAwareDPRebalance (R65-aware),5.0000,7296.8364,364.8418,spend75p,370.2527,387.0767,406.3800,425.7289,446.7564,470.9899,496.1257,518.8586,544.2033,564.3694,585.5888,600.6330,611.3455,616.4445,616.9376,606.7019,594.5268,570.7935,560.0749,541.9765,503.1289,492.5183,478.9909,462.2635,448.8175,208.8593,197.4840,185.4341,171.1567,157.5347,141.0471,125.7477,108.5882,92.0021,78.2936,65.9457,58.5016,49.2768,38.0337,27.3886,19.7592,11.2981,3.7140,0.0000,0.0000,0.0000,0.0000,0.0000,0.0000,0.0000,0.0000,0.0000,0.0000,0.0000,0.0000
65,0.7500,No dynamic rebalance,6.0000,6080.6970,364.8418,survival,1.0000,1.0000,1.0000,1.0000,1.0000,1.0000,0.9985,0.9925,0.9775,0.9455,0.9060,0.8595,0.7985,0.7435,0.6795,0.6240,0.5775,0.5375,0.4975,0.4590,0.4300,0.4075,0.3825,0.3700,0.3530,0.3435,0.3360,0.3320,0.3285,0.3235,0.3190,0.3140,0.3110,0.3095,0.3060,0.3040,0.3015,0.3005,0.2980,0.2980,0.2945,0.2930,0.2915,0.2915,0.2915,0.2915,0.2915,0.2905,0.2895,0.2895,0.2885,0.2885,0.2880,0.2880,0.2880
65,0.7500,No dynamic rebalance,6.0000,6080.6970,364.8418,spend25p,365.0041,371.3183,377.0097,382.9719,388.2631,394.6590,400.2295,405.3126,406.5402,400.7767,386.9510,366.3458,325.8687,0.0000,0.0000,0.0000,0.0000,0.0000,0.0000,0.0000,0.0000,0.0000,0.0000,0.0000,0.0000,0.0000,0.0000,0.0000,0.0000,0.0000,0.0000,0.0000,0.0000,0.0000,0.0000,0.0000,0.0000,0.0000,0.0000,0.0000,0.0000,0.0000,0.0000,0.0000,0.0000,0.0000,0.0000,0.0000,0.0000,0.0000,0.0000,0.0000,0.0000,0.0000,0.0000
65,0.7500,No dynamic rebalance,6.0000,6080.6970,364.8418,spend50p,367.6828,379.2502,391.4063,404.0518,417.2829,431.1286,445.1120,458.9855,470.9495,478.1833,479.7005,473.9452,456.6077,437.5987,406.9987,372.6146,329.5698,279.5629,0.0000,0.0000,0.0000,0.0000,0.0000,0.0000,0.0000,0.0000,0.0000,0.0000,0.0000,0.0000,0.0000,0.0000,0.0000,0.0000,0.0000,0.0000,0.0000,0.0000,0.0000,0.0000,0.0000,0.0000,0.0000,0.0000,0.0000,0.0000,0.0000,0.0000,0.0000,0.0000,0.0000,0.0000,0.0000,0.0000,0.0000
65,0.7500,No dynamic rebalance,6.0000,6080.6970,364.8418,spend75p,370.2527,387.0767,406.3800,425.7289,446.7564,470.9899,495.9954,518.0535,539.9946,557.5239,574.1189,587.4203,585.4151,579.5558,565.4467,543.5207,521.2405,504.8534,478.7744,444.5077,401.4238,379.7925,357.1216,339.9373,322.0101,121.6531,106.6629,90.5694,77.6086,64.7925,50.4176,33.4684,19.5964,9.9488,0.0000,0.0000,0.0000,0.0000,0.0000,0.0000,0.0000,0.0000,0.0000,0.0000,0.0000,0.0000,0.0000,0.0000,0.0000,0.0000,0.0000,0.0000,0.0000,0.0000,0.0000
65,0.7500,固定最適比率,6.0000,6080.6970,364.8418,survival,1.0000,1.0000,1.0000,1.0000,1.0000,1.0000,0.9985,0.9925,0.9775,0.9455,0.9060,0.8595,0.7985,0.7435,0.6795,0.6240,0.5775,0.5375,0.4975,0.4590,0.4300,0.4075,0.3825,0.3700,0.3530,0.3435,0.3360,0.3320,0.3285,0.3235,0.3190,0.3140,0.3110,0.3095,0.3060,0.3040,0.3015,0.3005,0.2980,0.2980,0.2945,0.2930,0.2915,0.2915,0.2915,0.2915,0.2915,0.2905,0.2895,0.2895,0.2885,0.2885,0.2880,0.2880,0.2880
65,0.7500,固定最適比率,6.0000,6080.6970,364.8418,spend25p,365.0041,371.3183,377.0097,382.9719,388.2631,394.6590,400.2295,405.3126,406.5402,400.7767,386.9510,366.3458,325.8687,0.0000,0.0000,0.0000,0.0000,0.0000,0.0000,0.0000,0.0000,0.0000,0.0000,0.0000,0.0000,0.0000,0.0000,0.0000,0.0000,0.0000,0.0000,0.0000,0.0000,0.0000,0.0000,0.0000,0.0000,0.0000,0.0000,0.0000,0.0000,0.0000,0.0000,0.0000,0.0000,0.0000,0.0000,0.0000,0.0000,0.0000,0.0000,0.0000,0.0000,0.0000,0.0000
65,0.7500,固定最適比率,6.0000,6080.6970,364.8418,spend50p,367.6828,379.2502,391.4063,404.0518,417.2829,431.1286,445.1120,458.9855,470.9495,478.1833,479.7005,473.9452,456.6077,437.5987,406.9987,372.6146,329.5698,279.5629,0.0000,0.0000,0.0000,0.0000,0.0000,0.0000,0.0000,0.0000,0.0000,0.0000,0.0000,0.0000,0.0000,0.0000,0.0000,0.0000,0.0000,0.0000,0.0000,0.0000,0.0000,0.0000,0.0000,0.0000,0.0000,0.0000,0.0000,0.0000,0.0000,0.0000,0.0000,0.0000,0.0000,0.0000,0.0000,0.0000,0.0000
65,0.7500,固定最適比率,6.0000,6080.6970,364.8418,spend75p,370.2527,387.0767,406.3800,425.7289,446.7564,470.9899,495.9954,518.0535,539.9946,557.5239,574.1189,587.4203,585.4151,579.5558,565.4467,543.5207,521.2405,504.8534,478.7744,444.5077,401.4238,379.7925,357.1216,339.9373,322.0101,121.6531,106.6629,90.5694,77.6086,64.7925,50.4176,33.4684,19.5964,9.9488,0.0000,0.0000,0.0000,0.0000,0.0000,0.0000,0.0000,0.0000,0.0000,0.0000,0.0000,0.0000,0.0000,0.0000,0.0000,0.0000,0.0000,0.0000,0.0000,0.0000,0.0000
65,0.7500,DynamicV1Rebalance,6.0000,6080.6970,364.8418,survival,1.0000,1.0000,1.0000,1.0000,1.0000,1.0000,0.9985,0.9925,0.9775,0.9460,0.9060,0.8595,0.7980,0.7440,0.6785,0.6230,0.5775,0.5370,0.4970,0.4590,0.4315,0.4080,0.3840,0.3710,0.3545,0.3470,0.3395,0.3345,0.3315,0.3275,0.3225,0.3190,0.3160,0.3130,0.3080,0.3055,0.3030,0.3015,0.2980,0.2980,0.2960,0.2950,0.2945,0.2945,0.2945,0.2945,0.2945,0.2945,0.2945,0.2945,0.2945,0.2940,0.2940,0.2940,0.2940
65,0.7500,DynamicV1Rebalance,6.0000,6080.6970,364.8418,spend25p,365.0041,371.3183,377.0097,382.9719,388.2631,394.6590,400.2295,405.3126,406.5402,400.8247,386.9510,366.3458,325.7049,0.0000,0.0000,0.0000,0.0000,0.0000,0.0000,0.0000,0.0000,0.0000,0.0000,0.0000,0.0000,0.0000,0.0000,0.0000,0.0000,0.0000,0.0000,0.0000,0.0000,0.0000,0.0000,0.0000,0.0000,0.0000,0.0000,0.0000,0.0000,0.0000,0.0000,0.0000,0.0000,0.0000,0.0000,0.0000,0.0000,0.0000,0.0000,0.0000,0.0000,0.0000,0.0000
65,0.7500,DynamicV1Rebalance,6.0000,6080.6970,364.8418,spend50p,367.6828,379.2502,391.4063,404.0518,417.2829,431.1286,445.1120,458.9855,470.9495,478.3207,479.5460,473.9452,456.4852,437.8343,406.4542,371.9692,329.5698,279.1503,0.0000,0.0000,0.0000,0.0000,0.0000,0.0000,0.0000,0.0000,0.0000,0.0000,0.0000,0.0000,0.0000,0.0000,0.0000,0.0000,0.0000,0.0000,0.0000,0.0000,0.0000,0.0000,0.0000,0.0000,0.0000,0.0000,0.0000,0.0000,0.0000,0.0000,0.0000,0.0000,0.0000,0.0000,0.0000,0.0000,0.0000
65,0.7500,DynamicV1Rebalance,6.0000,6080.6970,364.8418,spend75p,370.2527,387.0767,406.3800,425.7289,446.7564,470.9899,495.9954,518.0535,539.9946,557.4663,574.0713,587.4203,585.9772,579.9017,564.4768,544.0933,521.2405,504.8534,478.7101,444.9231,401.4238,379.7925,358.8638,343.1003,323.2972,123.8552,109.0160,92.8148,80.4514,67.3974,53.2470,39.8099,25.7252,11.9823,0.9970,0.0000,0.0000,0.0000,0.0000,0.0000,0.0000,0.0000,0.0000,0.0000,0.0000,0.0000,0.0000,0.0000,0.0000,0.0000,0.0000,0.0000,0.0000,0.0000,0.0000
65,0.7500,SpendAwareDPRebalance (R65-aware),6.0000,6080.6970,364.8418,survival,1.0000,1.0000,1.0000,1.0000,1.0000,1.0000,0.9985,0.9925,0.9775,0.9455,0.9060,0.8600,0.7985,0.7430,0.6825,0.6290,0.5850,0.5460,0.5080,0.4740,0.4510,0.4290,0.4115,0.3945,0.3810,0.3760,0.3725,0.3695,0.3630,0.3575,0.3550,0.3510,0.3495,0.3460,0.3415,0.3370,0.3345,0.3315,0.3280,0.3275,0.3255,0.3225,0.3195,0.3170,0.3160,0.3150,0.3140,0.3125,0.3105,0.3090,0.3090,0.3085,0.3075,0.3075,0.3075
65,0.7500,SpendAwareDPRebalance (R65-aware),6.0000,6080.6970,364.8418,spend25p,365.0041,371.3183,377.0097,382.9719,388.2631,394.6590,400.2295,405.3126,406.5402,400.7767,386.9510,366.3671,325.8687,0.0000,0.0000,0.0000,0.0000,0.0000,0.0000,0.0000,0.0000,0.0000,0.0000,0.0000,0.0000,0.0000,0.0000,0.0000,0.0000,0.0000,0.0000,0.0000,0.0000,0.0000,0.0000,0.0000,0.0000,0.0000,0.0000,0.0000,0.0000,0.0000,0.0000,0.0000,0.0000,0.0000,0.0000,0.0000,0.0000,0.0000,0.0000,0.0000,-3.4129,-19.8314,-35.2849
65,0.7500,SpendAwareDPRebalance (R65-aware),6.0000,6080.6970,364.8418,spend50p,367.6828,379.2502,391.4063,404.0518,417.2829,431.1286,445.1120,458.9855,470.9495,478.1833,479.7005,474.2202,456.6077,437.3905,409.5521,378.2685,335.4772,290.5188,208.0051,0.0000,0.0000,0.0000,0.0000,0.0000,0.0000,0.0000,0.0000,0.0000,0.0000,0.0000,0.0000,0.0000,0.0000,0.0000,0.0000,0.0000,0.0000,0.0000,0.0000,0.0000,0.0000,0.0000,0.0000,0.0000,0.0000,0.0000,0.0000,0.0000,0.0000,0.0000,0.0000,0.0000,0.0000,0.0000,0.0000
65,0.7500,SpendAwareDPRebalance (R65-aware),6.0000,6080.6970,364.8418,spend75p,370.2527,387.0767,406.3800,425.7289,446.7564,470.9899,495.9954,518.0535,539.9946,557.5239,574.1189,587.5682,585.4151,579.3572,566.7307,544.8387,523.9529,508.6763,483.4199,457.8723,414.2488,398.0539,380.2574,362.0663,341.3972,139.3592,125.9456,115.8168,102.0931,86.4775,71.7413,56.1267,43.8228,32.9901,22.5512,10.1907,2.2351,0.0000,0.0000,0.0000,0.0000,0.0000,0.0000,0.0000,0.0000,0.0000,0.0000,0.0000,0.0000,0.0000,0.0000,0.0000,0.0000,0.0000,0.0000
65,0.7500,No dynamic rebalance,7.0000,5212.0260,364.8418,survival,1.0000,1.0000,1.0000,1.0000,1.0000,0.9995,0.9935,0.9770,0.9395,0.8855,0.8280,0.7560,0.6725,0.5985,0.5300,0.4860,0.4345,0.3940,0.3635,0.3285,0.3080,0.2855,0.2705,0.2555,0.2355,0.2290,0.2260,0.2240,0.2210,0.2170,0.2135,0.2095,0.2055,0.2035,0.2010,0.2000,0.1990,0.1985,0.1980,0.1965,0.1960,0.1940,0.1940,0.1940,0.1940,0.1940,0.1940,0.1935,0.1930,0.1925,0.1925,0.1925,0.1925,0.1920,0.1915
65,0.7500,No dynamic rebalance,7.0000,5212.0260,364.8418,spend25p,365.0041,371.3183,377.0097,382.9719,388.2631,394.5622,399.4940,401.4329,396.7681,379.9248,353.3830,256.9182,0.0000,0.0000,0.0000,0.0000,0.0000,0.0000,0.0000,0.0000,0.0000,0.0000,0.0000,0.0000,0.0000,0.0000,0.0000,0.0000,0.0000,0.0000,0.0000,0.0000,0.0000,0.0000,0.0000,0.0000,0.0000,0.0000,0.0000,0.0000,0.0000,0.0000,0.0000,0.0000,0.0000,0.0000,0.0000,0.0000,0.0000,0.0000,0.0000,0.0000,0.0000,0.0000,0.0000
65,0.7500,No dynamic rebalance,7.0000,5212.0260,364.8418,spend50p,367.6828,379.2502,391.4063,404.0518,417.2829,431.1198,444.5547,457.2070,462.6367,463.4213,456.4501,436.6582,405.6855,364.7648,295.6092,0.0000,0.0000,0.0000,0.0000,0.0000,0.0000,0.0000,0.0000,0.0000,0.0000,0.0000,0.0000,0.0000,0.0000,0.0000,0.0000,0.0000,0.0000,0.0000,0.0000,0.0000,0.0000,0.0000,0.0000,0.0000,0.0000,0.0000,0.0000,0.0000,0.0000,0.0000,0.0000,0.0000,0.0000,0.0000,0.0000,0.0000,0.0000,0.0000,0.0000
65,0.7500,No dynamic rebalance,7.0000,5212.0260,364.8418,spend75p,370.2527,387.0767,406.3800,425.7289,446.7564,470.8194,495.6577,514.9115,530.5769,547.5779,559.1174,556.7824,541.7542,525.1528,497.1105,478.3225,441.7518,413.1604,387.3014,339.1840,288.5382,246.6714,218.1785,154.8280,0.0000,0.0000,0.0000,0.0000,0.0000,0.0000,0.0000,0.0000,0.0000,0.0000,0.0000,0.0000,0.0000,0.0000,0.0000,0.0000,0.0000,0.0000,0.0000,0.0000,0.0000,0.0000,0.0000,0.0000,0.0000,0.0000,0.0000,0.0000,0.0000,0.0000,0.0000
65,0.7500,固定最適比率,7.0000,5212.0260,364.8418,survival,1.0000,1.0000,1.0000,1.0000,1.0000,0.9995,0.9935,0.9770,0.9395,0.8855,0.8280,0.7560,0.6725,0.5985,0.5300,0.4860,0.4345,0.3940,0.3635,0.3285,0.3080,0.2855,0.2705,0.2555,0.2355,0.2290,0.2260,0.2240,0.2210,0.2170,0.2135,0.2095,0.2055,0.2035,0.2010,0.2000,0.1990,0.1985,0.1980,0.1965,0.1960,0.1940,0.1940,0.1940,0.1940,0.1940,0.1940,0.1935,0.1930,0.1925,0.1925,0.1925,0.1925,0.1920,0.1915
65,0.7500,固定最適比率,7.0000,5212.0260,364.8418,spend25p,365.0041,371.3183,377.0097,382.9719,388.2631,394.5622,399.4940,401.4329,396.7681,379.9248,353.3830,256.9182,0.0000,0.0000,0.0000,0.0000,0.0000,0.0000,0.0000,0.0000,0.0000,0.0000,0.0000,0.0000,0.0000,0.0000,0.0000,0.0000,0.0000,0.0000,0.0000,0.0000,0.0000,0.0000,0.0000,0.0000,0.0000,0.0000,0.0000,0.0000,0.0000,0.0000,0.0000,0.0000,0.0000,0.0000,0.0000,0.0000,0.0000,0.0000,0.0000,0.0000,0.0000,0.0000,0.0000
65,0.7500,固定最適比率,7.0000,5212.0260,364.8418,spend50p,367.6828,379.2502,391.4063,404.0518,417.2829,431.1198,444.5547,457.2070,462.6367,463.4213,456.4501,436.6582,405.6855,364.7648,295.6092,0.0000,0.0000,0.0000,0.0000,0.0000,0.0000,0.0000,0.0000,0.0000,0.0000,0.0000,0.0000,0.0000,0.0000,0.0000,0.0000,0.0000,0.0000,0.0000,0.0000,0.0000,0.0000,0.0000,0.0000,0.0000,0.0000,0.0000,0.0000,0.0000,0.0000,0.0000,0.0000,0.0000,0.0000,0.0000,0.0000,0.0000,0.0000,0.0000,0.0000
65,0.7500,固定最適比率,7.0000,5212.0260,364.8418,spend75p,370.2527,387.0767,406.3800,425.7289,446.7564,470.8194,495.6577,514.9115,530.5769,547.5779,559.1174,556.7824,541.7542,525.1528,497.1105,478.3225,441.7518,413.1604,387.3014,339.1840,288.5382,246.6714,218.1785,154.8280,0.0000,0.0000,0.0000,0.0000,0.0000,0.0000,0.0000,0.0000,0.0000,0.0000,0.0000,0.0000,0.0000,0.0000,0.0000,0.0000,0.0000,0.0000,0.0000,0.0000,0.0000,0.0000,0.0000,0.0000,0.0000,0.0000,0.0000,0.0000,0.0000,0.0000,0.0000
65,0.7500,DynamicV1Rebalance,7.0000,5212.0260,364.8418,survival,1.0000,1.0000,1.0000,1.0000,1.0000,0.9995,0.9935,0.9770,0.9390,0.8845,0.8260,0.7540,0.6710,0.5975,0.5290,0.4855,0.4335,0.3940,0.3625,0.3285,0.3090,0.2860,0.2705,0.2560,0.2365,0.2320,0.2285,0.2265,0.2225,0.2185,0.2145,0.2115,0.2070,0.2050,0.2025,0.2005,0.1995,0.1985,0.1980,0.1970,0.1965,0.1950,0.1950,0.1950,0.1945,0.1945,0.1945,0.1940,0.1940,0.1940,0.1940,0.1940,0.1940,0.1940,0.1940
65,0.7500,DynamicV1Rebalance,7.0000,5212.0260,364.8418,spend25p,365.0041,371.3183,377.0097,382.9719,388.2631,394.5622,399.4940,401.4329,396.7681,379.6650,352.2187,246.9355,0.0000,0.0000,0.0000,0.0000,0.0000,0.0000,0.0000,0.0000,0.0000,0.0000,0.0000,0.0000,0.0000,0.0000,0.0000,0.0000,0.0000,0.0000,0.0000,0.0000,0.0000,0.0000,0.0000,0.0000,0.0000,0.0000,0.0000,0.0000,0.0000,0.0000,0.0000,0.0000,0.0000,0.0000,0.0000,0.0000,0.0000,0.0000,0.0000,0.0000,0.0000,0.0000,0.0000
65,0.7500,DynamicV1Rebalance,7.0000,5212.0260,364.8418,spend50p,367.6828,379.2502,391.4063,404.0518,417.2829,431.1198,444.5547,457.1447,462.8839,463.4213,456.0390,435.8791,405.1544,364.2194,292.3624,0.0000,0.0000,0.0000,0.0000,0.0000,0.0000,0.0000,0.0000,0.0000,0.0000,0.0000,0.0000,0.0000,0.0000,0.0000,0.0000,0.0000,0.0000,0.0000,0.0000,0.0000,0.0000,0.0000,0.0000,0.0000,0.0000,0.0000,0.0000,0.0000,0.0000,0.0000,0.0000,0.0000,0.0000,0.0000,0.0000,0.0000,0.0000,0.0000,0.0000
65,0.7500,DynamicV1Rebalance,7.0000,5212.0260,364.8418,spend75p,370.2527,387.0767,406.3800,425.7289,446.7564,470.8194,495.5422,514.7265,530.6943,547.5779,558.4058,556.7824,541.2704,524.4578,496.3208,478.3225,441.3431,413.1604,386.4408,339.1840,293.3906,247.1901,218.1785,156.7494,0.0000,0.0000,0.0000,0.0000,0.0000,0.0000,0.0000,0.0000,0.0000,0.0000,0.0000,0.0000,0.0000,0.0000,0.0000,0.0000,0.0000,0.0000,0.0000,0.0000,0.0000,0.0000,0.0000,0.0000,0.0000,0.0000,0.0000,0.0000,0.0000,0.0000,0.0000
65,0.7500,SpendAwareDPRebalance (R65-aware),7.0000,5212.0260,364.8418,survival,1.0000,1.0000,1.0000,1.0000,1.0000,0.9995,0.9935,0.9770,0.9395,0.8855,0.8280,0.7560,0.6725,0.5990,0.5300,0.4875,0.4365,0.3975,0.3670,0.3340,0.3165,0.2930,0.2795,0.2710,0.2550,0.2490,0.2475,0.2460,0.2420,0.2390,0.2365,0.2340,0.2330,0.2305,0.2285,0.2265,0.2230,0.2220,0.2205,0.2195,0.2180,0.2165,0.2130,0.2120,0.2115,0.2095,0.2090,0.2060,0.2055,0.2055,0.2045,0.2045,0.2035,0.2035,0.2035
65,0.7500,SpendAwareDPRebalance (R65-aware),7.0000,5212.0260,364.8418,spend25p,365.0041,371.3183,377.0097,382.9719,388.2631,394.5622,399.4940,401.4329,396.7681,379.9248,353.3830,256.9182,0.0000,0.0000,0.0000,0.0000,0.0000,0.0000,0.0000,0.0000,0.0000,0.0000,0.0000,0.0000,0.0000,0.0000,0.0000,0.0000,0.0000,0.0000,0.0000,0.0000,0.0000,0.0000,0.0000,0.0000,0.0000,0.0000,0.0000,0.0000,0.0000,0.0000,0.0000,0.0000,0.0000,0.0000,0.0000,0.0000,0.0000,0.0000,0.0000,0.0000,0.0000,0.0000,0.0000
65,0.7500,SpendAwareDPRebalance (R65-aware),7.0000,5212.0260,364.8418,spend50p,367.6828,379.2502,391.4063,404.0518,417.2829,431.1198,444.5547,457.2070,462.6367,463.4213,456.4501,436.6582,405.6855,364.9902,295.6092,0.0000,0.0000,0.0000,0.0000,0.0000,0.0000,0.0000,0.0000,0.0000,0.0000,0.0000,0.0000,0.0000,0.0000,0.0000,0.0000,0.0000,0.0000,0.0000,0.0000,0.0000,0.0000,0.0000,0.0000,0.0000,0.0000,0.0000,0.0000,0.0000,0.0000,0.0000,0.0000,0.0000,0.0000,0.0000,0.0000,0.0000,0.0000,0.0000,0.0000
65,0.7500,SpendAwareDPRebalance (R65-aware),7.0000,5212.0260,364.8418,spend75p,370.2527,387.0767,406.3800,425.7289,446.7564,470.8194,495.6577,514.9115,530.5769,547.5779,559.1174,556.7824,541.7542,525.7797,497.1105,479.6023,444.1566,414.5778,389.3964,343.9742,302.9238,255.7221,230.5959,212.5834,148.7967,0.0000,0.0000,0.0000,0.0000,0.0000,0.0000,0.0000,0.0000,0.0000,0.0000,0.0000,0.0000,0.0000,0.0000,0.0000,0.0000,0.0000,0.0000,0.0000,0.0000,0.0000,0.0000,0.0000,0.0000,0.0000,0.0000,0.0000,0.0000,0.0000,0.0000
65,1.0000,No dynamic rebalance,2.5000,19171.5637,479.2891,survival,1.0000,1.0000,1.0000,1.0000,1.0000,1.0000,1.0000,1.0000,1.0000,1.0000,1.0000,0.9985,0.9980,0.9960,0.9895,0.9880,0.9760,0.9705,0.9640,0.9530,0.9415,0.9300,0.9230,0.9100,0.8965,0.8910,0.8845,0.8780,0.8685,0.8620,0.8570,0.8500,0.8450,0.8420,0.8375,0.8330,0.8285,0.8250,0.8215,0.8180,0.8145,0.8130,0.8115,0.8080,0.8055,0.8040,0.8035,0.8020,0.8005,0.7980,0.7965,0.7950,0.7935,0.7920,0.7900
65,1.0000,No dynamic rebalance,2.5000,19171.5637,479.2891,spend25p,479.5023,487.9505,495.5784,503.5605,510.6579,519.2066,527.4345,536.6636,543.0719,548.2114,551.3190,554.3645,556.4065,556.4698,557.1623,552.2397,541.8289,533.3436,521.0382,508.0477,469.1009,451.6832,438.9711,419.9396,400.8008,206.7576,190.5873,176.1107,157.1304,140.7753,121.1804,102.2939,88.6743,74.9605,63.3152,50.6774,39.6158,30.1765,21.5187,12.0095,5.7191,0.0000,0.0000,0.0000,0.0000,0.0000,0.0000,0.0000,0.0000,0.0000,0.0000,0.0000,0.0000,-4.4306,-20.1178
65,1.0000,No dynamic rebalance,2.5000,19171.5637,479.2891,spend50p,483.0213,498.3738,514.5027,531.2779,548.8259,567.1855,586.2111,605.7656,625.8430,644.2027,659.1001,673.3411,689.1916,699.6038,706.7355,708.9398,697.5657,691.4136,684.6795,673.3204,637.1995,627.5377,620.6099,608.9465,596.3728,354.7442,342.7469,327.6583,310.0695,291.5829,275.9755,253.3446,236.2101,220.0920,202.7286,189.8758,180.0337,170.9486,163.8824,156.0489,149.6411,141.9696,135.1584,127.3107,120.6994,113.9332,106.2022,94.6871,85.1462,69.5472,57.5424,46.7109,32.9343,16.6505,1.9045
65,1.0000,No dynamic rebalance,2.5000,19171.5637,479.2891,spend75p,486.3974,508.6587,534.1857,559.7805,587.5905,619.6262,652.8574,683.4377,717.7626,749.6777,783.9801,815.4513,841.1620,863.8888,883.0628,902.5386,904.9014,914.3425,920.0982,915.3023,874.8948,864.5937,857.9653,856.8521,849.3803,545.9461,531.1971,516.0152,491.5458,470.4050,450.9010,431.5354,413.6858,398.9453,381.2888,368.3127,356.6147,351.2756,346.8517,346.5827,338.5356,334.8674,331.9586,328.2092,322.2231,320.4773,310.7716,300.3692,285.3372,271.8640,262.1117,250.1784,230.6377,213.3023,194.0910
65,1.0000,固定最適比率,2.5000,19171.5637,479.2891,survival,1.0000,1.0000,1.0000,1.0000,1.0000,1.0000,1.0000,1.0000,1.0000,1.0000,1.0000,1.0000,1.0000,1.0000,1.0000,1.0000,1.0000,1.0000,1.0000,0.9975,0.9960,0.9945,0.9930,0.9895,0.9815,0.9790,0.9735,0.9680,0.9645,0.9575,0.9525,0.9445,0.9370,0.9315,0.9260,0.9200,0.9120,0.9055,0.9000,0.8965,0.8935,0.8880,0.8835,0.8805,0.8750,0.8715,0.8640,0.8605,0.8575,0.8545,0.8495,0.8470,0.8445,0.8415,0.8385
65,1.0000,固定最適比率,2.5000,19171.5637,479.2891,spend25p,479.5023,487.9505,495.5784,503.5605,510.6579,519.2066,527.4345,536.6636,543.0719,548.2114,551.3190,555.2501,556.8469,558.9016,562.1043,559.9855,554.8546,550.5026,544.9951,535.6132,505.4064,494.8778,489.9430,482.4953,469.5707,261.9578,249.3434,230.5096,215.2512,195.9875,177.7381,160.8344,140.8592,127.3694,113.4998,98.6362,87.5193,75.2401,63.7284,56.1622,48.3801,38.3100,30.8588,22.3626,13.4175,3.5506,0.0000,0.0000,0.0000,0.0000,0.0000,0.0000,-0.5685,-13.1164,-27.3983
65,1.0000,固定最適比率,2.5000,19171.5637,479.2891,spend50p,483.0213,498.3738,514.5027,531.2779,548.8259,567.1855,586.2111,605.7656,625.8430,644.2027,659.1001,674.0814,690.0135,702.8552,713.5242,714.4196,712.5228,707.3929,707.5077,706.1923,674.6639,669.1403,665.7903,657.6788,645.0137,394.6918,384.0929,368.4214,354.2632,334.3226,315.4892,291.6488,273.5045,256.2202,239.1739,226.9540,212.7098,203.2273,197.7389,187.4242,179.6124,171.7375,163.2255,159.5922,146.7728,136.5911,125.5447,115.3752,103.1336,91.1808,74.6180,61.1718,47.9411,32.4718,16.5257
65,1.0000,固定最適比率,2.5000,19171.5637,479.2891,spend75p,486.3974,508.6587,534.1857,559.7805,587.5905,619.6262,652.8574,683.4377,717.7626,749.6777,783.9801,815.8399,842.0249,865.6731,889.0624,905.8399,920.0896,939.2466,946.2156,951.2555,913.8459,919.3327,923.5946,916.1970,911.4308,590.5589,579.9618,563.2076,548.9312,524.5986,500.0672,468.3896,447.0978,427.3794,413.7504,396.6200,384.4475,376.2196,368.1071,363.2893,356.5527,350.2559,344.1472,339.3849,328.6750,321.8475,309.6092,296.2566,282.3608,269.5650,255.2626,239.3528,224.3663,202.6179,183.5131
65,1.0000,DynamicV1Rebalance,2.5000,19171.5637,479.2891,survival,1.0000,1.0000,1.0000,1.0000,1.0000,1.0000,1.0000,1.0000,1.0000,1.0000,1.0000,0.9995,0.9985,0.9975,0.9940,0.9900,0.9880,0.9825,0.9770,0.9725,0.9690,0.9585,0.9515,0.9455,0.9380,0.9335,0.9265,0.9230,0.9180,0.9150,0.9105,0.9025,0.8960,0.8940,0.8900,0.8860,0.8800,0.8770,0.8740,0.8690,0.8675,0.8660,0.8640,0.8615,0.8605,0.8585,0.8575,0.8565,0.8560,0.8555,0.8550,0.8540,0.8540,0.8530,0.8525
65,1.0000,DynamicV1Rebalance,2.5000,19171.5637,479.2891,spend25p,479.5023,487.9505,495.5784,503.5605,510.6579,519.2066,527.4345,536.6636,543.0719,548.2114,551.3190,555.1397,556.5722,557.4646,558.7060,553.2785,549.6130,542.4565,529.3589,520.4997,489.1267,472.9283,462.0238,448.4026,436.6001,233.4432,219.5057,202.1566,186.0410,170.5847,152.4651,135.7849,119.9329,105.8347,94.4376,84.4057,71.8592,60.3676,51.6267,39.7922,31.6849,26.1780,20.5208,14.7089,6.4207,0.0000,0.0000,0.0000,0.0000,0.0000,0.0000,0.0000,0.0000,-7.9934,-24.0407
65,1.0000,DynamicV1Rebalance,2.5000,19171.5637,479.2891,spend50p,483.0213,498.3738,514.5027,531.2779,548.8259,567.1855,586.2111,605.7656,625.8430,644.2027,659.1001,673.9999,689.5179,700.5124,709.3921,709.2467,704.1811,698.8852,695.4808,689.6952,657.1325,646.2897,641.4743,630.0115,620.5670,377.8225,362.4776,349.4397,334.4305,317.5735,298.4909,277.6953,256.9883,241.8782,225.6007,212.6137,201.1066,195.1180,188.5834,180.0950,172.2428,166.3928,160.7992,155.3777,146.4095,136.9894,129.5464,118.8247,108.6459,98.7314,86.5076,72.5558,57.7413,47.0630,33.5872
65,1.0000,DynamicV1Rebalance,2.5000,19171.5637,479.2891,spend75p,486.3974,508.6587,534.1857,559.7805,587.5905,619.6262,652.8574,683.4377,717.7626,749.6777,783.9801,815.5642,841.3551,865.2154,885.0440,902.7123,915.4032,925.1639,930.5951,931.2173,895.7673,888.0230,879.0195,879.0962,879.1057,571.2713,559.0238,543.0561,521.4690,505.9397,481.3830,459.0528,437.8129,420.8917,411.3469,396.7116,386.3149,383.4143,376.0981,369.4164,367.2497,361.9921,361.5044,356.4398,357.2518,349.2205,339.1659,330.0907,320.5293,308.5583,295.2438,278.2674,263.1319,245.5928,224.5923
65,1.0000,SpendAwareDPRebalance (R65-aware),2.5000,19171.5637,479.2891,survival,1.0000,1.0000,1.0000,1.0000,1.0000,1.0000,1.0000,1.0000,1.0000,1.0000,1.0000,1.0000,1.0000,0.9995,0.9985,0.9980,0.9965,0.9945,0.9915,0.9885,0.9850,0.9790,0.9755,0.9710,0.9645,0.9620,0.9585,0.9540,0.9505,0.9470,0.9420,0.9405,0.9365,0.9330,0.9280,0.9255,0.9215,0.9200,0.9175,0.9145,0.9105,0.9075,0.9055,0.9035,0.9005,0.8960,0.8915,0.8880,0.8845,0.8805,0.8795,0.8730,0.8700,0.8685,0.8650
65,1.0000,SpendAwareDPRebalance (R65-aware),2.5000,19171.5637,479.2891,spend25p,479.5023,487.9505,495.5784,503.5605,510.6579,519.2066,527.4345,536.6636,543.0719,548.2114,551.3190,555.2501,556.8469,558.1752,561.1853,557.4626,553.0402,547.8199,539.2912,530.2131,498.5863,487.5632,479.4958,468.0596,454.0280,251.2853,237.6615,224.9816,207.0694,190.8512,172.1696,158.5304,140.8592,127.6675,115.2192,101.2609,91.0778,83.9082,75.2506,65.6979,57.9574,49.2551,42.1066,34.9258,26.3987,17.1165,7.6124,0.0000,0.0000,0.0000,0.0000,0.0000,-0.0830,-12.5591,-27.3046
65,1.0000,SpendAwareDPRebalance (R65-aware),2.5000,19171.5637,479.2891,spend50p,483.0213,498.3738,514.5027,531.2779,548.8259,567.1855,586.2111,605.7656,625.8430,644.2027,659.1001,674.0814,690.0135,702.5159,713.0764,712.4821,710.2058,704.1014,703.4638,698.9780,669.8797,661.5491,652.4138,647.8809,633.7444,388.3412,377.2990,364.9663,348.1685,330.8826,310.1519,292.1707,275.2933,258.8234,243.3254,230.7576,221.5813,211.9775,205.9662,200.3438,191.9593,185.6675,179.4726,175.6848,165.6901,154.5538,142.5652,130.0088,119.7036,104.7518,92.4607,76.0830,59.9790,47.8427,33.6983
65,1.0000,SpendAwareDPRebalance (R65-aware),2.5000,19171.5637,479.2891,spend75p,486.3974,508.6587,534.1857,559.7805,587.5905,619.6262,652.8574,683.4377,717.7626,749.6777,783.9801,815.8399,842.0249,865.2833,888.4812,905.1812,918.0358,931.6565,937.1539,942.0164,906.0278,906.9694,906.0888,897.7735,893.9031,581.1855,571.8176,556.1726,540.9476,522.1217,497.5303,476.0883,460.5963,441.5659,427.6421,414.1385,407.2765,399.9052,394.6945,387.4350,383.4744,382.0927,378.2771,374.1811,368.5558,360.8154,346.6342,333.3200,319.0503,304.3389,291.3372,267.8828,251.5437,231.5532,210.6829
65,1.0000,No dynamic rebalance,2.8000,17117.4676,479.2891,survival,1.0000,1.0000,1.0000,1.0000,1.0000,1.0000,1.0000,1.0000,1.0000,1.0000,0.9995,0.9975,0.9955,0.9900,0.9855,0.9720,0.9635,0.9550,0.9415,0.9290,0.9155,0.9010,0.8825,0.8740,0.8585,0.8470,0.8380,0.8280,0.8210,0.8180,0.8120,0.8025,0.7975,0.7930,0.7890,0.7840,0.7810,0.7780,0.7745,0.7720,0.7690,0.7665,0.7625,0.7590,0.7585,0.7525,0.7505,0.7495,0.7445,0.7405,0.7395,0.7385,0.7380,0.7375,0.7335
65,1.0000,No dynamic rebalance,2.8000,17117.4676,479.2891,spend25p,479.5023,487.9505,495.5784,503.5605,510.6579,519.2066,527.4345,536.6636,543.0719,548.2114,551.0201,553.9795,554.7821,553.2135,554.9072,545.1496,534.1838,521.9158,503.4120,486.7372,449.9634,427.1581,405.0698,391.2345,365.4962,176.9802,158.9259,137.7010,120.5465,105.4978,90.2300,70.6059,53.9003,40.6420,27.4950,15.0906,5.0766,0.0000,0.0000,0.0000,0.0000,0.0000,0.0000,0.0000,0.0000,0.0000,0.0000,0.0000,0.0000,0.0000,0.0000,0.0000,0.0000,-1.2851,-16.1691
65,1.0000,No dynamic rebalance,2.8000,17117.4676,479.2891,spend50p,483.0213,498.3738,514.5027,531.2779,548.8259,567.1855,586.2111,605.7656,625.8430,644.2027,658.9384,672.9715,687.5948,694.7030,703.8086,698.5489,692.0830,682.8953,671.8918,661.5062,623.1780,610.5231,592.9077,583.4782,573.7354,336.3462,320.1537,301.9444,284.7891,269.5487,250.2653,230.0054,209.5837,192.6571,180.6519,168.6931,159.4955,147.7762,138.9004,132.0189,127.7601,120.8910,112.3220,102.5732,95.3042,81.3366,72.7839,64.2229,52.4404,39.7555,29.5393,17.4077,5.6890,0.0000,0.0000
65,1.0000,No dynamic rebalance,2.8000,17117.4676,479.2891,spend75p,486.3974,508.6587,534.1857,559.7805,587.5905,619.6262,652.8574,683.4377,717.7626,749.6777,783.6597,815.2778,840.0346,862.2277,878.3542,886.5776,894.0785,899.7144,898.5912,896.0592,856.6314,838.8649,828.1699,829.8360,821.9975,522.7124,506.7878,488.2186,463.5640,446.0765,429.3837,409.9316,390.4675,370.6984,360.9317,347.5173,338.0754,329.3774,320.7904,313.8484,312.7235,306.7987,302.8354,299.3345,295.9299,284.8116,276.6867,265.9069,249.1928,236.4721,223.1875,210.2436,193.7264,178.1464,156.8703
65,1.0000,固定最適比率,2.8000,17117.4676,479.2891,survival,1.0000,1.0000,1.0000,1.0000,1.0000,1.0000,1.0000,1.0000,1.0000,1.0000,1.0000,1.0000,1.0000,1.0000,1.0000,0.9995,0.9995,0.9975,0.9930,0.9865,0.9825,0.9745,0.9650,0.9570,0.9475,0.9385,0.9295,0.9235,0.9190,0.9125,0.9050,0.8980,0.8925,0.8845,0.8780,0.8740,0.8690,0.8640,0.8585,0.8545,0.8500,0.8460,0.8410,0.8380,0.8360,0.8325,0.8290,0.8255,0.8225,0.8190,0.8170,0.8140,0.8120,0.8100,0.8090
65,1.0000,固定最適比率,2.8000,17117.4676,479.2891,spend25p,479.5023,487.9505,495.5784,503.5605,510.6579,519.2066,527.4345,536.6636,543.0719,548.2114,551.3190,555.2501,556.8469,558.9016,562.1043,559.5398,554.7673,549.1312,539.7568,529.1864,497.3020,484.5523,469.9989,455.7551,440.5956,235.0893,220.0100,201.4358,186.0410,168.4089,150.1809,134.2032,116.4333,100.1812,87.2819,73.9301,63.2147,50.2899,39.9564,31.5688,24.1213,17.8815,8.7256,0.0000,0.0000,0.0000,0.0000,0.0000,0.0000,0.0000,0.0000,0.0000,0.0000,-9.3122,-24.7234
65,1.0000,固定最適比率,2.8000,17117.4676,479.2891,spend50p,483.0213,498.3738,514.5027,531.2779,548.8259,567.1855,586.2111,605.7656,625.8430,644.2027,659.1001,674.0814,690.0135,702.8552,713.5242,713.7663,711.9516,705.2952,704.1403,697.3891,667.9811,658.9472,646.7209,633.4087,622.7140,377.3007,361.8536,345.7555,331.7857,312.4145,291.2552,273.1640,251.4504,233.4577,216.9075,204.1329,193.0888,184.5091,175.1776,169.2509,161.3604,151.2945,141.3575,134.9424,128.0482,121.9862,111.5030,99.2234,88.1952,73.4546,61.6167,49.1778,36.7785,20.3543,6.2277
65,1.0000,固定最適比率,2.8000,17117.4676,479.2891,spend75p,486.3974,508.6587,534.1857,559.7805,587.5905,619.6262,652.8574,683.4377,717.7626,749.6777,783.9801,815.8399,842.0249,865.6731,889.0624,905.6352,920.0032,936.0195,937.1539,937.4627,898.5263,896.4734,884.4356,879.0962,875.9346,563.9881,545.4881,532.4886,508.7163,484.3050,459.8816,438.6076,419.7317,403.3751,386.4602,373.2360,362.2995,353.8330,349.6678,347.5956,339.4847,332.8619,325.6995,318.7430,319.4178,309.9237,300.9188,289.6306,276.5430,263.0914,250.2112,233.0694,217.8913,200.0920,180.5760
65,1.0000,DynamicV1Rebalance,2.8000,17117.4676,479.2891,survival,1.0000,1.0000,1.0000,1.0000,1.0000,1.0000,1.0000,1.0000,1.0000,1.0000,0.9995,0.9975,0.9965,0.9915,0.9875,0.9820,0.9720,0.9675,0.9570,0.9465,0.9355,0.9285,0.9180,0.9070,0.8955,0.8880,0.8810,0.8695,0.8630,0.8555,0.8530,0.8480,0.8430,0.8380,0.8340,0.8275,0.8255,0.8215,0.8190,0.8150,0.8115,0.8100,0.8090,0.8065,0.8040,0.8020,0.8015,0.8010,0.7995,0.7995,0.7985,0.7975,0.7975,0.7975,0.7970
65,1.0000,DynamicV1Rebalance,2.8000,17117.4676,479.2891,spend25p,479.5023,487.9505,495.5784,503.5605,510.6579,519.2066,527.4345,536.6636,543.0719,548.2114,551.0201,553.9795,555.1174,554.7309,555.6018,550.4907,540.4311,530.6677,517.4438,502.4828,465.5349,449.4616,434.5762,414.7300,400.0670,204.9538,188.7026,169.3216,153.4135,133.3358,118.4848,101.5114,86.2782,72.3390,60.2923,46.4958,37.7305,28.7191,19.6607,11.0104,0.5091,0.0000,0.0000,0.0000,0.0000,0.0000,0.0000,0.0000,0.0000,0.0000,0.0000,0.0000,0.0000,-5.1913,-20.1303
65,1.0000,DynamicV1Rebalance,2.8000,17117.4676,479.2891,spend50p,483.0213,498.3738,514.5027,531.2779,548.8259,567.1855,586.2111,605.7656,625.8430,644.2027,658.9384,672.9715,688.4563,696.6725,704.9328,704.8165,696.0203,689.1457,681.0974,670.1947,633.4171,627.6186,616.9941,605.4169,593.9429,352.8181,340.2095,319.9770,304.0204,286.4949,271.8959,249.5735,233.2799,214.0519,198.7042,186.3685,176.5108,167.9065,161.5258,153.0281,144.6991,137.8989,132.6360,125.8469,118.4346,110.3947,102.6443,91.7500,82.5049,68.9268,57.5424,47.3278,34.4250,18.9732,5.1224
65,1.0000,DynamicV1Rebalance,2.8000,17117.4676,479.2891,spend75p,486.3974,508.6587,534.1857,559.7805,587.5905,619.6262,652.8574,683.4377,717.7626,749.6777,783.6597,815.2778,840.7731,862.5724,881.6682,895.8873,902.5749,909.6506,912.9131,912.0329,870.8106,867.3883,857.9653,852.9558,848.8085,543.6865,528.7947,507.0717,484.7847,463.5795,446.2342,424.9432,409.3850,390.4528,374.2518,359.7484,349.8489,341.6468,340.5922,338.8338,325.7316,324.0389,323.6504,318.1766,317.3805,309.5781,300.9188,292.3035,279.2040,269.4978,258.7715,245.7043,229.4639,213.7576,195.8663
65,1.0000,SpendAwareDPRebalance (R65-aware),2.8000,17117.4676,479.2891,survival,1.0000,1.0000,1.0000,1.0000,1.0000,1.0000,1.0000,1.0000,1.0000,1.0000,0.9995,0.9990,0.9985,0.9960,0.9945,0.9885,0.9855,0.9835,0.9790,0.9715,0.9670,0.9610,0.9540,0.9460,0.9385,0.9345,0.9270,0.9205,0.9165,0.9120,0.9090,0.9040,0.9005,0.8990,0.8920,0.8890,0.8840,0.8795,0.8750,0.8665,0.8625,0.8585,0.8555,0.8510,0.8465,0.8410,0.8385,0.8340,0.8300,0.8275,0.8225,0.8175,0.8130,0.8080,0.8025
65,1.0000,SpendAwareDPRebalance (R65-aware),2.8000,17117.4676,479.2891,spend25p,479.5023,487.9505,495.5784,503.5605,510.6579,519.2066,527.4345,536.6636,543.0719,548.2114,551.0201,554.7290,556.5722,556.9509,558.9721,552.4484,547.3443,543.4161,530.3582,519.9159,487.2300,474.8150,463.0099,448.4026,436.7199,233.9950,219.8297,200.3872,185.6551,168.6551,151.2597,136.4195,123.4043,109.4218,95.1012,85.4332,73.2924,61.4796,51.9274,38.6816,30.1638,22.4211,16.3340,9.4963,0.0000,0.0000,0.0000,0.0000,0.0000,0.0000,0.0000,0.0000,0.0000,-11.0609,-25.9831
65,1.0000,SpendAwareDPRebalance (R65-aware),2.8000,17117.4676,479.2891,spend50p,483.0213,498.3738,514.5027,531.2779,548.8259,567.1855,586.2111,605.7656,625.8430,644.2027,658.9384,673.8060,689.5179,699.9925,710.6194,709.2083,703.3859,699.5113,697.0984,687.7292,654.7085,647.7958,643.0709,630.0115,620.5670,378.3071,362.4776,347.3423,333.6591,314.5348,297.4074,277.1921,257.7591,242.6339,225.3578,212.6137,201.6759,194.2653,187.1752,177.2125,168.5493,161.0627,154.5092,142.8193,133.6358,125.3854,116.1311,104.2663,90.8581,78.0885,64.6379,49.6364,36.3289,17.5263,1.7671
65,1.0000,SpendAwareDPRebalance (R65-aware),2.8000,17117.4676,479.2891,spend75p,486.3974,508.6587,534.1857,559.7805,587.5905,619.6262,652.8574,683.4377,717.7626,749.6777,783.6597,815.4513,841.3551,864.2427,885.8448,902.5386,912.5648,925.1639,931.1821,925.1496,891.7673,888.0230,879.0195,878.5555,874.7068,567.4666,553.5191,536.9143,517.9300,495.7242,474.2012,454.3225,435.7935,418.8677,403.2346,393.7838,379.5159,370.5437,365.8408,357.4971,347.7765,343.2207,336.8976,334.2768,322.3631,315.1131,305.5803,290.3154,275.5644,262.6427,245.8744,226.4385,211.9167,188.5063,164.1457
65,1.0000,No dynamic rebalance,3.0000,15976.3031,479.2891,survival,1.0000,1.0000,1.0000,1.0000,1.0000,1.0000,1.0000,1.0000,1.0000,1.0000,0.9985,0.9965,0.9930,0.9875,0.9745,0.9660,0.9555,0.9405,0.9255,0.9095,0.8940,0.8725,0.8605,0.8430,0.8265,0.8160,0.8100,0.7995,0.7905,0.7805,0.7720,0.7675,0.7615,0.7545,0.7510,0.7485,0.7455,0.7395,0.7340,0.7300,0.7290,0.7265,0.7235,0.7210,0.7165,0.7135,0.7115,0.7100,0.7095,0.7070,0.7060,0.7045,0.7025,0.7020,0.7020
65,1.0000,No dynamic rebalance,3.0000,15976.3031,479.2891,spend25p,479.5023,487.9505,495.5784,503.5605,510.6579,519.2066,527.4345,536.6636,543.0719,548.2114,550.5727,553.4110,554.1252,552.3407,548.2907,540.7598,529.3253,513.3249,494.9934,470.7149,428.5393,401.1017,381.6971,356.7300,334.0518,149.9704,132.9555,112.1995,91.8463,70.5092,49.7968,35.9237,12.9113,0.0000,0.0000,0.0000,0.0000,0.0000,0.0000,0.0000,0.0000,0.0000,0.0000,0.0000,0.0000,0.0000,0.0000,0.0000,0.0000,0.0000,0.0000,0.0000,0.0000,0.0000,-12.9910
65,1.0000,No dynamic rebalance,3.0000,15976.3031,479.2891,spend50p,483.0213,498.3738,514.5027,531.2779,548.8259,567.1855,586.2111,605.7656,625.8430,644.2027,658.6953,672.9124,687.0224,693.4450,695.7239,692.8141,688.7175,676.5087,665.2153,651.6012,613.3126,592.4638,580.7639,562.9934,549.9569,317.1727,302.7281,287.8099,270.9170,250.2237,229.7631,211.2633,192.6903,177.1060,160.8066,150.0870,137.8389,130.1840,120.7017,110.0009,104.0279,98.8026,91.3247,83.1730,73.8324,62.9982,53.2004,44.8878,35.8728,22.9820,12.1415,0.0000,0.0000,0.0000,0.0000
65,1.0000,No dynamic rebalance,3.0000,15976.3031,479.2891,spend75p,486.3974,508.6587,534.1857,559.7805,587.5905,619.6262,652.8574,683.4377,717.7626,749.6777,783.3966,815.2778,839.4917,861.6317,873.4570,881.1160,889.7881,889.1167,885.3388,880.2155,832.7063,816.1243,817.7712,808.9543,797.8538,503.7544,490.2932,470.9777,448.4534,431.7289,412.3760,394.6119,369.1530,352.4738,338.9494,328.0737,320.4102,309.7133,300.1172,297.5206,296.8620,291.1431,286.6628,287.0748,277.0941,267.5471,255.1138,245.5130,234.5111,217.1089,208.4357,193.4326,176.2764,159.3850,140.9476
65,1.0000,固定最適比率,3.0000,15976.3031,479.2891,survival,1.0000,1.0000,1.0000,1.0000,1.0000,1.0000,1.0000,1.0000,1.0000,1.0000,1.0000,1.0000,1.0000,0.9995,0.9985,0.9955,0.9895,0.9830,0.9745,0.9660,0.9535,0.9410,0.9315,0.9175,0.9080,0.8990,0.8855,0.8750,0.8655,0.8575,0.8510,0.8420,0.8380,0.8320,0.8275,0.8195,0.8145,0.8100,0.8065,0.8025,0.7990,0.7955,0.7930,0.7885,0.7835,0.7805,0.7775,0.7750,0.7730,0.7710,0.7705,0.7695,0.7670,0.7655,0.7650
65,1.0000,固定最適比率,3.0000,15976.3031,479.2891,spend25p,479.5023,487.9505,495.5784,503.5605,510.6579,519.2066,527.4345,536.6636,543.0719,548.2114,551.3190,555.2501,556.8469,558.1752,561.1853,555.4532,550.0886,542.4565,527.2592,515.5621,477.3044,461.6742,445.7272,425.0769,409.0482,210.8971,190.5873,173.4495,156.2423,135.1714,117.1894,97.9819,83.6184,68.4263,53.6607,41.3501,30.0903,20.2221,9.7989,1.1524,0.0000,0.0000,0.0000,0.0000,0.0000,0.0000,0.0000,0.0000,0.0000,0.0000,0.0000,0.0000,0.0000,-7.9934,-23.8769
65,1.0000,固定最適比率,3.0000,15976.3031,479.2891,spend50p,483.0213,498.3738,514.5027,531.2779,548.8259,567.1855,586.2111,605.7656,625.8430,644.2027,659.1001,674.0814,690.0135,702.5159,713.0764,711.3312,704.4220,697.2698,689.9161,679.3241,640.9993,630.5855,622.4761,607.6347,597.6464,354.0947,339.0193,319.7885,302.4449,283.9028,266.9687,245.7437,227.6840,209.4035,193.1283,179.8338,170.4107,159.5735,149.0066,140.3790,133.9246,127.3678,120.3846,113.7770,101.7185,91.2183,82.0464,69.8350,59.6193,49.3737,36.9327,25.3882,14.0579,0.0000,0.0000
65,1.0000,固定最適比率,3.0000,15976.3031,479.2891,spend75p,486.3974,508.6587,534.1857,559.7805,587.5905,619.6262,652.8574,683.4377,717.7626,749.6777,783.9801,815.8399,842.0249,865.2833,888.1019,904.4629,914.8414,921.0300,919.2433,916.0269,873.3233,863.0710,854.0309,845.6392,842.3633,537.5420,520.7796,498.9245,471.1495,449.9358,432.8238,415.1849,397.3070,377.7394,363.8607,349.2945,338.0754,329.2311,320.3085,312.3842,311.4347,301.6680,301.1502,297.7547,292.3059,284.0782,270.3001,260.2049,245.1692,233.2368,221.5765,208.3025,189.5284,172.3655,155.2930
65,1.0000,DynamicV1Rebalance,3.0000,15976.3031,479.2891,survival,1.0000,1.0000,1.0000,1.0000,1.0000,1.0000,1.0000,1.0000,1.0000,1.0000,0.9985,0.9965,0.9935,0.9880,0.9815,0.9710,0.9630,0.9525,0.9410,0.9280,0.9145,0.9025,0.8865,0.8750,0.8555,0.8495,0.8410,0.8305,0.8250,0.8205,0.8145,0.8095,0.8025,0.7960,0.7935,0.7875,0.7830,0.7785,0.7750,0.7720,0.7675,0.7645,0.7625,0.7600,0.7590,0.7555,0.7540,0.7535,0.7530,0.7525,0.7505,0.7490,0.7485,0.7480,0.7470
65,1.0000,DynamicV1Rebalance,3.0000,15976.3031,479.2891,spend25p,479.5023,487.9505,495.5784,503.5605,510.6579,519.2066,527.4345,536.6636,543.0719,548.2114,550.5727,553.4110,554.4213,552.5613,552.8068,544.8420,533.9261,519.5074,502.9410,486.6467,449.7574,427.7074,405.9345,391.3430,361.4546,178.6022,160.6133,141.1918,123.6693,108.0109,92.4688,76.3968,57.8587,43.1320,32.0680,19.1406,5.7231,0.0000,0.0000,0.0000,0.0000,0.0000,0.0000,0.0000,0.0000,0.0000,0.0000,0.0000,0.0000,0.0000,0.0000,0.0000,0.0000,-1.2851,-15.5090
65,1.0000,DynamicV1Rebalance,3.0000,15976.3031,479.2891,spend50p,483.0213,498.3738,514.5027,531.2779,548.8259,567.1855,586.2111,605.7656,625.8430,644.2027,658.6953,672.9124,687.2288,693.5270,699.8365,696.1068,692.0830,682.1671,672.3235,661.8103,622.6891,610.8262,594.0462,583.5761,566.2952,334.4885,320.0499,301.9444,286.1910,270.0826,252.4791,233.4990,211.3676,192.9165,182.1718,169.9876,159.8277,147.7183,138.6537,132.2528,126.6917,119.6562,112.1144,103.4037,95.6969,84.1947,75.4027,67.2287,57.4182,47.2910,34.5672,23.7012,11.3704,0.0000,0.0000
65,1.0000,DynamicV1Rebalance,3.0000,15976.3031,479.2891,spend75p,486.3974,508.6587,534.1857,559.7805,587.5905,619.6262,652.8574,683.4377,717.7626,749.6777,783.3966,815.2778,839.4917,861.6317,876.1886,884.1767,892.9786,899.7144,899.6845,896.9424,852.8167,837.9617,829.6203,825.7340,813.2267,521.1351,503.9893,482.9062,460.7077,445.2186,426.6699,410.8138,389.9764,367.0001,358.7650,344.5063,332.1473,325.9037,318.1256,312.1630,310.6696,300.6381,300.4294,297.7547,293.8307,285.4826,279.0310,268.0626,256.6832,245.5209,231.0666,216.6830,201.8164,183.1899,164.1457
65,1.0000,SpendAwareDPRebalance (R65-aware),3.0000,15976.3031,479.2891,survival,1.0000,1.0000,1.0000,1.0000,1.0000,1.0000,1.0000,1.0000,1.0000,1.0000,0.9990,0.9975,0.9965,0.9915,0.9860,0.9830,0.9775,0.9745,0.9630,0.9545,0.9470,0.9415,0.9340,0.9230,0.9125,0.9070,0.8990,0.8920,0.8885,0.8850,0.8815,0.8750,0.8690,0.8670,0.8600,0.8565,0.8505,0.8460,0.8410,0.8355,0.8310,0.8250,0.8205,0.8165,0.8110,0.8080,0.8030,0.8010,0.7960,0.7880,0.7830,0.7755,0.7725,0.7700,0.7675
65,1.0000,SpendAwareDPRebalance (R65-aware),3.0000,15976.3031,479.2891,spend25p,479.5023,487.9505,495.5784,503.5605,510.6579,519.2066,527.4345,536.6636,543.0719,548.2114,550.8239,554.2083,555.1174,554.7309,555.3752,551.0919,542.6571,535.1483,520.9090,508.7203,472.9900,461.9723,447.9021,428.4132,413.7121,218.1597,201.8205,183.3078,167.1396,152.1398,138.9863,119.4309,103.7097,91.3854,77.9646,64.9640,50.9421,40.6918,31.9611,22.4036,15.2557,4.4081,0.0000,0.0000,0.0000,0.0000,0.0000,0.0000,0.0000,0.0000,0.0000,0.0000,0.0000,-7.9510,-23.8769
65,1.0000,SpendAwareDPRebalance (R65-aware),3.0000,15976.3031,479.2891,spend50p,483.0213,498.3738,514.5027,531.2779,548.8259,567.1855,586.2111,605.7656,625.8430,644.2027,658.7917,673.0029,688.4563,697.4248,704.0989,706.0562,698.1297,693.6553,686.0135,676.5363,640.9993,636.6745,627.5148,614.6057,602.5044,363.1592,347.4721,330.8691,316.4717,299.5912,283.8190,264.7344,244.5267,228.1445,211.3824,198.2202,187.6671,178.7621,170.6409,161.7033,154.6064,143.2556,135.7000,128.3467,119.4394,110.3947,100.0376,89.6263,76.0063,58.6970,47.4338,31.0139,17.1330,2.0030,0.0000
65,1.0000,SpendAwareDPRebalance (R65-aware),3.0000,15976.3031,479.2891,spend75p,486.3974,508.6587,534.1857,559.7805,587.5905,619.6262,652.8574,683.4377,717.7626,749.6777,783.3966,815.3918,840.7731,862.5724,878.3542,897.9218,907.3921,915.0060,916.3194,915.2156,879.4407,873.3872,863.9189,861.8380,856.0231,548.2673,535.3106,516.0152,497.8139,476.7109,455.5691,434.6567,416.9961,402.9032,385.0464,372.8763,361.1424,351.5586,346.0148,340.5201,326.1888,317.7323,314.7395,309.1919,301.8987,293.8853,282.0662,271.1587,252.8693,234.5907,217.8247,200.1471,180.6866,162.5134,141.1596
65,1.0000,No dynamic rebalance,3.3300,14393.0658,479.2891,survival,1.0000,1.0000,1.0000,1.0000,1.0000,1.0000,1.0000,1.0000,1.0000,0.9990,0.9965,0.9945,0.9880,0.9760,0.9610,0.9475,0.9335,0.9135,0.8900,0.8700,0.8530,0.8350,0.8140,0.7900,0.7710,0.7610,0.7505,0.7415,0.7315,0.7240,0.7155,0.7110,0.7025,0.6980,0.6935,0.6885,0.6860,0.6825,0.6785,0.6755,0.6735,0.6720,0.6690,0.6625,0.6600,0.6570,0.6550,0.6525,0.6505,0.6485,0.6480,0.6465,0.6460,0.6440,0.6430
65,1.0000,No dynamic rebalance,3.3300,14393.0658,479.2891,spend25p,479.5023,487.9505,495.5784,503.5605,510.6579,519.2066,527.4345,536.6636,543.0719,547.0482,549.7702,552.2718,549.4596,548.9675,539.6537,529.2778,514.2621,490.6135,462.2819,431.8124,390.8392,357.1996,323.6659,286.6594,238.8553,74.4281,16.8255,0.0000,0.0000,0.0000,0.0000,0.0000,0.0000,0.0000,0.0000,0.0000,0.0000,0.0000,0.0000,0.0000,0.0000,0.0000,0.0000,0.0000,0.0000,0.0000,0.0000,0.0000,0.0000,0.0000,0.0000,0.0000,0.0000,0.0000,-4.7787
65,1.0000,No dynamic rebalance,3.3300,14393.0658,479.2891,spend50p,483.0213,498.3738,514.5027,531.2779,548.8259,567.1855,586.2111,605.7656,625.8430,644.1331,657.6316,671.8074,685.2401,689.2684,688.6439,685.1975,677.3063,667.3544,644.4029,627.6139,587.5737,567.4097,553.3762,532.3042,517.6783,292.2661,273.9052,255.3284,236.3355,214.8704,196.6121,179.8325,162.1659,147.6236,132.3623,122.5780,111.0632,100.1128,91.2423,83.5334,74.7825,68.9151,59.6823,49.5714,40.7071,33.1401,23.1500,12.1459,2.7203,0.0000,0.0000,0.0000,0.0000,0.0000,0.0000
65,1.0000,No dynamic rebalance,3.3300,14393.0658,479.2891,spend75p,486.3974,508.6587,534.1857,559.7805,587.5905,619.6262,652.8574,683.4377,717.7626,748.3082,782.9057,814.6882,836.8818,852.1937,866.1031,874.4131,876.8500,877.0038,864.3866,846.2396,803.2531,797.3582,788.4400,773.8934,764.4308,476.1207,457.0751,437.7573,422.8372,401.7210,374.6172,356.0887,339.9963,323.8882,309.7066,295.1042,288.3691,280.8233,275.6278,269.7226,267.5834,262.9338,253.4974,242.6784,236.4864,231.8756,225.4392,213.9783,202.5917,189.0841,176.1637,155.8984,138.5382,122.2834,104.4861
65,1.0000,固定最適比率,3.3300,14393.0658,479.2891,survival,1.0000,1.0000,1.0000,1.0000,1.0000,1.0000,1.0000,1.0000,1.0000,1.0000,0.9995,0.9990,0.9965,0.9920,0.9845,0.9715,0.9610,0.9460,0.9305,0.9120,0.8975,0.8760,0.8550,0.8350,0.8190,0.8050,0.7945,0.7815,0.7720,0.7610,0.7540,0.7460,0.7420,0.7355,0.7285,0.7225,0.7195,0.7170,0.7130,0.7075,0.7040,0.7005,0.6975,0.6945,0.6915,0.6895,0.6875,0.6845,0.6825,0.6800,0.6785,0.6760,0.6745,0.6730,0.6730
65,1.0000,固定最適比率,3.3300,14393.0658,479.2891,spend25p,479.5023,487.9505,495.5784,503.5605,510.6579,519.2066,527.4345,536.6636,543.0719,548.2114,551.0201,554.7290,554.9358,554.0028,554.8030,543.9056,532.0591,515.7792,497.7142,471.7775,431.5377,402.8815,374.6161,347.0652,321.5713,141.6814,118.7466,94.4610,69.7327,44.0869,3.7695,0.0000,0.0000,0.0000,0.0000,0.0000,0.0000,0.0000,0.0000,0.0000,0.0000,0.0000,0.0000,0.0000,0.0000,0.0000,0.0000,0.0000,0.0000,0.0000,0.0000,0.0000,0.0000,0.0000,-13.1987
65,1.0000,固定最適比率,3.3300,14393.0658,479.2891,spend50p,483.0213,498.3738,514.5027,531.2779,548.8259,567.1855,586.2111,605.7656,625.8430,644.2027,658.9384,673.8060,687.8637,694.7030,702.2494,694.4872,690.3048,677.9747,665.2153,650.2150,609.7451,590.5910,569.5460,555.7425,538.3704,309.2426,292.9350,276.5033,257.4351,235.1106,214.7264,198.4260,181.8047,162.4603,146.8737,133.8341,126.6145,117.4665,105.8061,95.2686,87.3587,79.2306,71.4384,63.1990,54.8996,47.8673,39.3156,27.6513,17.3753,5.1247,0.0000,0.0000,0.0000,0.0000,0.0000
65,1.0000,固定最適比率,3.3300,14393.0658,479.2891,spend75p,486.3974,508.6587,534.1857,559.7805,587.5905,619.6262,652.8574,683.4377,717.7626,749.6777,783.6597,815.4513,840.0346,862.1555,877.4724,881.1160,889.7881,888.4985,884.1907,876.2431,826.2764,813.0484,799.4172,793.6059,785.0138,488.9415,468.8207,445.1239,430.0437,410.9326,392.2401,365.4794,347.9484,330.2452,314.3238,299.1549,294.2824,286.9215,283.5022,276.2966,272.8436,269.7613,261.9507,254.5555,245.8772,240.4488,234.6420,221.1637,208.6421,197.4272,179.6280,164.2644,147.0275,131.8824,111.2929
65,1.0000,DynamicV1Rebalance,3.3300,14393.0658,479.2891,survival,1.0000,1.0000,1.0000,1.0000,1.0000,1.0000,1.0000,1.0000,1.0000,0.9990,0.9965,0.9945,0.9880,0.9785,0.9625,0.9530,0.9405,0.9230,0.9035,0.8840,0.8675,0.8520,0.8360,0.8170,0.8020,0.7900,0.7805,0.7705,0.7585,0.7525,0.7465,0.7400,0.7350,0.7315,0.7260,0.7190,0.7150,0.7105,0.7050,0.7040,0.7010,0.6985,0.6955,0.6935,0.6910,0.6885,0.6875,0.6865,0.6850,0.6840,0.6835,0.6820,0.6815,0.6810,0.6810
65,1.0000,DynamicV1Rebalance,3.3300,14393.0658,479.2891,spend25p,479.5023,487.9505,495.5784,503.5605,510.6579,519.2066,527.4345,536.6636,543.0719,547.0482,549.7702,552.2718,549.4596,550.1950,540.3743,532.6952,519.4611,498.0539,473.6290,446.7961,404.8939,380.7759,352.5709,327.5804,300.0101,123.8328,103.1623,74.5904,47.8357,5.6286,0.0000,0.0000,0.0000,0.0000,0.0000,0.0000,0.0000,0.0000,0.0000,0.0000,0.0000,0.0000,0.0000,0.0000,0.0000,0.0000,0.0000,0.0000,0.0000,0.0000,0.0000,0.0000,0.0000,0.0000,-9.4291
65,1.0000,DynamicV1Rebalance,3.3300,14393.0658,479.2891,spend50p,483.0213,498.3738,514.5027,531.2779,548.8259,567.1855,586.2111,605.7656,625.8430,644.1331,657.6316,671.8074,685.2401,690.5222,689.0957,688.9750,681.2426,670.4851,651.8799,636.5675,596.2310,577.1391,565.4383,548.9735,530.9761,307.6539,291.1542,272.0739,252.5118,233.5223,213.8645,197.3276,180.5190,162.6995,149.3726,134.2106,126.7555,116.3729,104.1421,96.1623,88.8350,80.3680,73.0891,64.9308,56.6991,49.9139,40.9367,30.8624,20.8440,9.2715,0.0000,0.0000,0.0000,0.0000,0.0000
65,1.0000,DynamicV1Rebalance,3.3300,14393.0658,479.2891,spend75p,486.3974,508.6587,534.1857,559.7805,587.5905,619.6262,652.8574,683.4377,717.7626,748.3082,782.9057,814.6882,836.8818,853.7942,866.4988,877.2774,881.2391,884.2458,872.5890,864.2386,812.2097,806.8970,797.5665,791.9422,778.2830,489.3681,471.4438,449.4996,432.2490,416.9473,396.2660,369.2491,351.2046,334.8753,317.9845,306.8517,296.8459,287.4444,283.2162,278.9443,276.3271,272.8618,266.7149,263.9758,254.2160,246.9006,242.9212,231.0576,221.5733,211.2902,196.9217,179.2343,166.8882,146.2537,127.9060
65,1.0000,SpendAwareDPRebalance (R65-aware),3.3300,14393.0658,479.2891,survival,1.0000,1.0000,1.0000,1.0000,1.0000,1.0000,1.0000,1.0000,1.0000,0.9990,0.9965,0.9955,0.9900,0.9835,0.9760,0.9655,0.9595,0.9475,0.9355,0.9210,0.9135,0.9030,0.8855,0.8715,0.8625,0.8535,0.8440,0.8365,0.8300,0.8240,0.8150,0.8090,0.8040,0.8005,0.7950,0.7870,0.7845,0.7805,0.7750,0.7705,0.7660,0.7640,0.7595,0.7535,0.7515,0.7465,0.7435,0.7390,0.7320,0.7275,0.7240,0.7175,0.7150,0.7120,0.7095
65,1.0000,SpendAwareDPRebalance (R65-aware),3.3300,14393.0658,479.2891,spend25p,479.5023,487.9505,495.5784,503.5605,510.6579,519.2066,527.4345,536.6636,543.0719,547.0482,549.7702,552.6595,550.9164,551.1269,550.0665,540.2306,531.8435,516.4321,500.4268,479.1544,448.2380,428.3324,405.7382,385.9377,366.9086,180.7358,161.9280,144.5192,128.8188,111.7329,92.7636,76.3968,59.2604,46.2673,33.9392,19.0427,6.5644,0.0000,0.0000,0.0000,0.0000,0.0000,0.0000,0.0000,0.0000,0.0000,0.0000,0.0000,0.0000,0.0000,0.0000,0.0000,0.0000,-4.4306,-20.0870
65,1.0000,SpendAwareDPRebalance (R65-aware),3.3300,14393.0658,479.2891,spend50p,483.0213,498.3738,514.5027,531.2779,548.8259,567.1855,586.2111,605.7656,625.8430,644.1331,657.6316,672.4451,685.8526,692.8140,697.4371,693.0065,690.8726,681.6097,670.3926,657.6467,620.1794,610.8262,592.9077,580.5539,572.4945,334.9258,319.3011,301.9870,284.7891,268.4536,247.6419,227.6656,208.2969,192.5691,179.9696,165.6374,155.9931,145.8876,134.4703,128.7705,121.8597,113.6881,105.4673,94.2635,85.6135,74.6992,64.9982,54.6832,42.3956,29.5108,16.4564,0.3588,0.0000,0.0000,0.0000
65,1.0000,SpendAwareDPRebalance (R65-aware),3.3300,14393.0658,479.2891,spend75p,486.3974,508.6587,534.1857,559.7805,587.5905,619.6262,652.8574,683.4377,717.7626,748.3082,782.9057,815.2778,837.2146,857.5041,874.0806,880.7957,892.3436,896.0615,889.3830,886.7762,845.1056,836.2374,824.3697,817.7301,812.7243,517.5962,497.7677,475.4376,454.9722,438.8711,419.6038,402.1400,379.9784,363.5762,352.6057,334.0104,322.3947,311.9628,302.0668,297.1217,290.8984,289.1060,285.2216,276.9651,271.9567,258.1493,249.8769,233.4290,220.5857,203.9118,186.8384,165.4450,145.7531,127.3556,107.0407
65,1.0000,No dynamic rebalance,3.6600,13095.3304,479.2891,survival,1.0000,1.0000,1.0000,1.0000,1.0000,1.0000,1.0000,1.0000,0.9995,0.9975,0.9955,0.9900,0.9795,0.9595,0.9430,0.9285,0.9030,0.8775,0.8555,0.8310,0.8060,0.7785,0.7545,0.7310,0.7125,0.6970,0.6850,0.6765,0.6685,0.6615,0.6570,0.6525,0.6445,0.6380,0.6340,0.6295,0.6260,0.6225,0.6190,0.6160,0.6115,0.6095,0.6075,0.6065,0.6055,0.6055,0.6035,0.6010,0.6000,0.5980,0.5960,0.5940,0.5925,0.5905,0.5890
65,1.0000,No dynamic rebalance,3.6600,13095.3304,479.2891,spend25p,479.5023,487.9505,495.5784,503.5605,510.6579,519.2066,527.4345,536.6636,542.9956,546.3795,549.5270,550.8884,546.5597,539.1117,528.4605,512.8050,490.9706,456.4899,427.7753,389.5281,332.2853,283.0948,199.6095,0.0000,0.0000,0.0000,0.0000,0.0000,0.0000,0.0000,0.0000,0.0000,0.0000,0.0000,0.0000,0.0000,0.0000,0.0000,0.0000,0.0000,0.0000,0.0000,0.0000,0.0000,0.0000,0.0000,0.0000,0.0000,0.0000,0.0000,0.0000,0.0000,0.0000,0.0000,0.0000
65,1.0000,No dynamic rebalance,3.6600,13095.3304,479.2891,spend50p,483.0213,498.3738,514.5027,531.2779,548.8259,567.1855,586.2111,605.7656,625.5604,643.1968,657.4520,670.9002,680.7931,682.3076,678.6846,676.4996,662.4120,644.1239,622.4375,602.4093,555.0814,537.8000,515.4187,494.0616,476.0955,255.9573,236.7282,218.0276,198.8725,179.7718,163.6655,144.5329,128.1327,112.7888,98.2301,88.3113,78.0824,67.1203,57.0711,46.8009,37.9411,32.3140,24.0410,18.8122,10.7589,2.6492,0.0000,0.0000,0.0000,0.0000,0.0000,0.0000,0.0000,0.0000,0.0000
65,1.0000,No dynamic rebalance,3.6600,13095.3304,479.2891,spend75p,486.3974,508.6587,534.1857,559.7805,587.5905,619.6262,652.8574,683.4377,717.4928,747.8862,782.3132,812.6072,834.1958,845.1152,858.5090,867.8046,867.2709,849.8138,843.3070,825.9769,778.9098,765.9525,755.3228,741.7065,720.0685,437.9345,420.6839,404.9717,386.6649,362.6643,349.5209,330.4230,309.4464,294.2736,279.2058,266.3372,257.6628,249.7169,243.8011,234.8169,230.1838,224.5566,221.9988,216.7772,212.1668,202.6873,195.7602,186.5341,173.9492,158.7008,143.3411,130.4094,115.7503,97.6013,81.8433
65,1.0000,固定最適比率,3.6600,13095.3304,479.2891,survival,1.0000,1.0000,1.0000,1.0000,1.0000,1.0000,1.0000,1.0000,1.0000,0.9990,0.9965,0.9930,0.9860,0.9700,0.9530,0.9385,0.9170,0.8900,0.8715,0.8500,0.8240,0.7990,0.7755,0.7515,0.7280,0.7115,0.7000,0.6890,0.6810,0.6730,0.6680,0.6610,0.6550,0.6485,0.6450,0.6415,0.6375,0.6310,0.6270,0.6260,0.6230,0.6200,0.6175,0.6145,0.6135,0.6130,0.6110,0.6095,0.6080,0.6070,0.6035,0.6010,0.5995,0.5985,0.5970
65,1.0000,固定最適比率,3.6600,13095.3304,479.2891,spend25p,479.5023,487.9505,495.5784,503.5605,510.6579,519.2066,527.4345,536.6636,543.0719,547.0482,549.7702,551.4880,549.1378,544.3451,535.4040,520.4514,500.7856,468.6160,442.6775,410.7618,354.2823,314.1610,266.4219,152.8492,0.0000,0.0000,0.0000,0.0000,0.0000,0.0000,0.0000,0.0000,0.0000,0.0000,0.0000,0.0000,0.0000,0.0000,0.0000,0.0000,0.0000,0.0000,0.0000,0.0000,0.0000,0.0000,0.0000,0.0000,0.0000,0.0000,0.0000,0.0000,0.0000,0.0000,0.0000
65,1.0000,固定最適比率,3.6600,13095.3304,479.2891,spend50p,483.0213,498.3738,514.5027,531.2779,548.8259,567.1855,586.2111,605.7656,625.8430,644.1331,657.6316,671.3689,682.6103,686.6023,683.1925,680.4887,669.0931,653.2800,633.1004,615.4457,563.4306,546.6073,528.4853,506.5386,482.3972,263.4514,245.6711,226.6571,204.6798,185.2636,168.0269,147.8471,131.8981,118.5498,103.9976,93.1801,83.1147,72.0275,60.0545,52.5101,43.2968,35.3497,29.8100,21.6150,14.0062,6.5521,0.0000,0.0000,0.0000,0.0000,0.0000,0.0000,0.0000,0.0000,0.0000
65,1.0000,固定最適比率,3.6600,13095.3304,479.2891,spend75p,486.3974,508.6587,534.1857,559.7805,587.5905,619.6262,652.8574,683.4377,717.7626,748.3082,782.9057,813.3618,835.7268,850.3751,862.2530,869.2124,869.7033,856.6602,848.5751,834.8894,782.7647,774.5314,764.7345,747.6454,725.8112,440.4233,423.4581,407.6359,388.0335,368.7119,352.7428,333.9161,311.9855,295.7864,280.8984,270.9910,262.8290,249.7169,244.1852,236.8263,231.0137,228.1075,223.8627,217.3233,212.8794,203.9390,196.2861,187.8804,174.8236,162.5522,144.3907,132.2382,117.2592,99.2390,82.9046
65,1.0000,DynamicV1Rebalance,3.6600,13095.3304,479.2891,survival,1.0000,1.0000,1.0000,1.0000,1.0000,1.0000,1.0000,1.0000,0.9995,0.9980,0.9965,0.9895,0.9805,0.9605,0.9460,0.9335,0.9060,0.8815,0.8630,0.8395,0.8145,0.7950,0.7720,0.7515,0.7320,0.7175,0.7085,0.6985,0.6900,0.6815,0.6780,0.6725,0.6670,0.6600,0.6530,0.6465,0.6415,0.6380,0.6355,0.6335,0.6310,0.6300,0.6275,0.6260,0.6250,0.6220,0.6215,0.6205,0.6200,0.6195,0.6190,0.6170,0.6165,0.6155,0.6145
65,1.0000,DynamicV1Rebalance,3.6600,13095.3304,479.2891,spend25p,479.5023,487.9505,495.5784,503.5605,510.6579,519.2066,527.4345,536.6636,542.9956,546.5290,549.7702,550.7463,547.0471,539.3378,529.8822,515.2263,492.7637,458.9495,435.1695,400.2733,341.9352,308.3049,258.5357,152.8492,0.0000,0.0000,0.0000,0.0000,0.0000,0.0000,0.0000,0.0000,0.0000,0.0000,0.0000,0.0000,0.0000,0.0000,0.0000,0.0000,0.0000,0.0000,0.0000,0.0000,0.0000,0.0000,0.0000,0.0000,0.0000,0.0000,0.0000,0.0000,0.0000,0.0000,0.0000
65,1.0000,DynamicV1Rebalance,3.6600,13095.3304,479.2891,spend50p,483.0213,498.3738,514.5027,531.2779,548.8259,567.1855,586.2111,605.7656,625.5604,643.7420,657.6316,670.7062,681.0069,682.7129,680.1082,680.3013,664.2109,646.7453,630.0465,610.9785,561.7458,547.2163,529.7683,506.5498,485.6444,269.1200,252.3208,230.2636,211.9094,191.6141,174.0648,157.2876,138.8968,124.0410,109.8725,94.4892,85.8010,74.7131,66.2534,57.0188,49.6867,44.1114,35.0423,27.6453,20.9484,11.8134,3.8773,0.0000,0.0000,0.0000,0.0000,0.0000,0.0000,0.0000,0.0000
65,1.0000,DynamicV1Rebalance,3.6600,13095.3304,479.2891,spend75p,486.3974,508.6587,534.1857,559.7805,587.5905,619.6262,652.8574,683.4377,717.4928,748.0830,782.9057,812.5430,834.6334,845.1152,860.6115,869.2124,869.1220,851.9730,846.2558,831.5198,781.8530,778.9831,766.8268,751.3500,739.1344,444.6306,428.1326,416.1617,397.1813,374.4620,357.7745,338.1357,320.1603,301.6996,286.4256,274.7350,268.0272,261.1904,253.1685,247.5256,242.8997,237.6505,234.7241,227.0474,220.5558,209.9459,207.2667,197.9571,186.6761,178.2300,161.3019,141.7046,127.3526,111.0953,95.8217
65,1.0000,SpendAwareDPRebalance (R65-aware),3.6600,13095.3304,479.2891,survival,1.0000,1.0000,1.0000,1.0000,1.0000,1.0000,1.0000,1.0000,0.9995,0.9975,0.9960,0.9910,0.9825,0.9665,0.9560,0.9465,0.9295,0.9120,0.8930,0.8725,0.8535,0.8405,0.8210,0.8035,0.7920,0.7815,0.7740,0.7650,0.7575,0.7490,0.7415,0.7370,0.7320,0.7285,0.7210,0.7170,0.7125,0.7080,0.7040,0.6990,0.6940,0.6895,0.6860,0.6835,0.6805,0.6755,0.6730,0.6675,0.6615,0.6570,0.6530,0.6455,0.6405,0.6380,0.6340
65,1.0000,SpendAwareDPRebalance (R65-aware),3.6600,13095.3304,479.2891,spend25p,479.5023,487.9505,495.5784,503.5605,510.6579,519.2066,527.4345,536.6636,542.9956,546.3795,549.6513,551.3912,547.9937,543.6611,536.4242,529.0194,513.1751,490.1477,464.0862,439.1835,394.0893,366.0492,335.5391,305.1854,280.7216,114.4272,88.0869,66.7172,39.9824,0.0000,0.0000,0.0000,0.0000,0.0000,0.0000,0.0000,0.0000,0.0000,0.0000,0.0000,0.0000,0.0000,0.0000,0.0000,0.0000,0.0000,0.0000,0.0000,0.0000,0.0000,0.0000,0.0000,0.0000,0.0000,-10.4654
65,1.0000,SpendAwareDPRebalance (R65-aware),3.6600,13095.3304,479.2891,spend50p,483.0213,498.3738,514.5027,531.2779,548.8259,567.1855,586.2111,605.7656,625.5604,643.1968,657.6316,671.1706,681.7254,685.5203,686.2340,685.5095,676.7410,665.8525,646.7668,629.5288,589.1242,569.7888,556.1831,540.5616,526.4844,300.2731,286.8797,267.6909,249.7851,228.5379,209.0218,192.2374,177.4811,161.6506,144.7921,133.5308,125.7630,114.6970,103.9881,94.3094,84.9443,75.3531,68.3516,61.2573,51.1894,42.2668,33.7816,21.7783,7.3113,0.0000,0.0000,0.0000,0.0000,0.0000,0.0000
65,1.0000,SpendAwareDPRebalance (R65-aware),3.6600,13095.3304,479.2891,spend75p,486.3974,508.6587,534.1857,559.7805,587.5905,619.6262,652.8574,683.4377,717.4928,747.8862,782.9057,812.7814,835.1007,849.9208,865.1097,874.4131,876.0916,875.1319,862.7286,848.6713,801.2812,798.1353,789.1862,778.3957,768.6864,479.8163,464.5659,442.7040,428.3712,407.1420,384.5593,362.0193,344.4421,329.0619,310.7794,295.3509,287.8687,280.4250,274.0886,267.9185,261.4482,253.9740,247.8864,241.2207,231.5320,222.0478,213.3278,199.2444,182.6302,167.7227,149.6983,129.5601,112.1026,96.2205,76.5659
65,1.0000,No dynamic rebalance,4.0000,11982.2273,479.2891,survival,1.0000,1.0000,1.0000,1.0000,1.0000,1.0000,1.0000,1.0000,0.9990,0.9965,0.9925,0.9830,0.9605,0.9410,0.9235,0.8970,0.8675,0.8415,0.8080,0.7755,0.7455,0.7135,0.6935,0.6705,0.6505,0.6400,0.6335,0.6240,0.6175,0.6085,0.5995,0.5920,0.5855,0.5840,0.5810,0.5775,0.5710,0.5670,0.5635,0.5605,0.5590,0.5560,0.5535,0.5500,0.5480,0.5450,0.5420,0.5405,0.5395,0.5385,0.5375,0.5365,0.5360,0.5350,0.5340
65,1.0000,No dynamic rebalance,4.0000,11982.2273,479.2891,spend25p,479.5023,487.9505,495.5784,503.5605,510.6579,519.2066,527.4345,536.6636,542.6888,546.0051,548.5645,547.8492,538.5345,529.5415,517.7538,494.9126,457.3271,428.0457,372.8694,312.6212,0.0000,0.0000,0.0000,0.0000,0.0000,0.0000,0.0000,0.0000,0.0000,0.0000,0.0000,0.0000,0.0000,0.0000,0.0000,0.0000,0.0000,0.0000,0.0000,0.0000,0.0000,0.0000,0.0000,0.0000,0.0000,0.0000,0.0000,0.0000,0.0000,0.0000,0.0000,0.0000,0.0000,0.0000,0.0000
65,1.0000,No dynamic rebalance,4.0000,11982.2273,479.2891,spend50p,483.0213,498.3738,514.5027,531.2779,548.8259,567.1855,586.2111,605.7656,625.4296,642.7905,656.4139,668.4505,671.6339,673.6336,669.2479,657.4613,640.7706,627.3732,597.7168,574.5534,522.4505,493.7745,474.9933,447.4709,421.3634,220.7763,206.3206,183.6345,166.5876,149.2670,128.2117,107.7811,90.9245,79.6884,66.2281,54.1109,41.8999,32.5070,23.0734,13.0548,7.1778,0.0000,0.0000,0.0000,0.0000,0.0000,0.0000,0.0000,0.0000,0.0000,0.0000,0.0000,0.0000,0.0000,0.0000
65,1.0000,No dynamic rebalance,4.0000,11982.2273,479.2891,spend75p,486.3974,508.6587,534.1857,559.7805,587.5905,619.6262,652.8574,683.4377,717.3012,747.8862,781.1865,809.9915,824.1358,837.3480,846.4357,853.8218,845.4955,839.1975,817.6518,796.1351,749.2590,735.4136,714.3233,700.8422,679.2287,410.0322,396.5889,378.6260,359.1074,340.2593,319.8819,298.7161,280.7254,265.5158,252.1424,241.1499,230.2441,219.9471,212.8081,208.7120,205.7838,198.3177,194.1352,184.2485,178.1767,169.3532,158.7886,146.1699,133.8203,123.5094,111.9163,96.8612,84.9027,67.5452,49.3823
65,1.0000,固定最適比率,4.0000,11982.2273,479.2891,survival,1.0000,1.0000,1.0000,1.0000,1.0000,1.0000,1.0000,1.0000,0.9990,0.9965,0.9925,0.9830,0.9605,0.9410,0.9235,0.8970,0.8675,0.8415,0.8080,0.7755,0.7455,0.7135,0.6935,0.6705,0.6505,0.6400,0.6335,0.6240,0.6175,0.6085,0.5995,0.5920,0.5855,0.5840,0.5810,0.5775,0.5710,0.5670,0.5635,0.5605,0.5590,0.5560,0.5535,0.5500,0.5480,0.5450,0.5420,0.5405,0.5395,0.5385,0.5375,0.5365,0.5360,0.5350,0.5340
65,1.0000,固定最適比率,4.0000,11982.2273,479.2891,spend25p,479.5023,487.9505,495.5784,503.5605,510.6579,519.2066,527.4345,536.6636,542.6888,546.0051,548.5645,547.8492,538.5345,529.5415,517.7538,494.9126,457.3271,428.0457,372.8694,312.6212,0.0000,0.0000,0.0000,0.0000,0.0000,0.0000,0.0000,0.0000,0.0000,0.0000,0.0000,0.0000,0.0000,0.0000,0.0000,0.0000,0.0000,0.0000,0.0000,0.0000,0.0000,0.0000,0.0000,0.0000,0.0000,0.0000,0.0000,0.0000,0.0000,0.0000,0.0000,0.0000,0.0000,0.0000,0.0000
65,1.0000,固定最適比率,4.0000,11982.2273,479.2891,spend50p,483.0213,498.3738,514.5027,531.2779,548.8259,567.1855,586.2111,605.7656,625.4296,642.7905,656.4139,668.4505,671.6339,673.6336,669.2479,657.4613,640.7706,627.3732,597.7168,574.5534,522.4505,493.7745,474.9933,447.4709,421.3634,220.7763,206.3206,183.6345,166.5876,149.2670,128.2117,107.7811,90.9245,79.6884,66.2281,54.1109,41.8999,32.5070,23.0734,13.0548,7.1778,0.0000,0.0000,0.0000,0.0000,0.0000,0.0000,0.0000,0.0000,0.0000,0.0000,0.0000,0.0000,0.0000,0.0000
65,1.0000,固定最適比率,4.0000,11982.2273,479.2891,spend75p,486.3974,508.6587,534.1857,559.7805,587.5905,619.6262,652.8574,683.4377,717.3012,747.8862,781.1865,809.9915,824.1358,837.3480,846.4357,853.8218,845.4955,839.1975,817.6518,796.1351,749.2590,735.4136,714.3233,700.8422,679.2287,410.0322,396.5889,378.6260,359.1074,340.2593,319.8819,298.7161,280.7254,265.5158,252.1424,241.1499,230.2441,219.9471,212.8081,208.7120,205.7838,198.3177,194.1352,184.2485,178.1767,169.3532,158.7886,146.1699,133.8203,123.5094,111.9163,96.8612,84.9027,67.5452,49.3823
65,1.0000,DynamicV1Rebalance,4.0000,11982.2273,479.2891,survival,1.0000,1.0000,1.0000,1.0000,1.0000,1.0000,1.0000,1.0000,0.9990,0.9965,0.9925,0.9825,0.9605,0.9410,0.9260,0.8980,0.8700,0.8435,0.8115,0.7825,0.7545,0.7250,0.7055,0.6810,0.6595,0.6505,0.6415,0.6360,0.6285,0.6205,0.6130,0.6045,0.5980,0.5965,0.5930,0.5890,0.5825,0.5810,0.5785,0.5750,0.5715,0.5690,0.5660,0.5655,0.5640,0.5625,0.5615,0.5605,0.5600,0.5595,0.5585,0.5575,0.5570,0.5565,0.5560
65,1.0000,DynamicV1Rebalance,4.0000,11982.2273,479.2891,spend25p,479.5023,487.9505,495.5784,503.5605,510.6579,519.2066,527.4345,536.6636,542.6888,546.0051,548.5645,547.4761,538.7278,529.5415,520.3263,495.4342,460.5323,428.9052,378.0102,324.3011,218.0542,0.0000,0.0000,0.0000,0.0000,0.0000,0.0000,0.0000,0.0000,0.0000,0.0000,0.0000,0.0000,0.0000,0.0000,0.0000,0.0000,0.0000,0.0000,0.0000,0.0000,0.0000,0.0000,0.0000,0.0000,0.0000,0.0000,0.0000,0.0000,0.0000,0.0000,0.0000,0.0000,0.0000,0.0000
65,1.0000,DynamicV1Rebalance,4.0000,11982.2273,479.2891,spend50p,483.0213,498.3738,514.5027,531.2779,548.8259,567.1855,586.2111,605.7656,625.4296,642.7905,656.4139,668.1853,671.7969,673.6336,670.7751,657.6818,642.7762,627.6842,600.0411,577.0669,526.3113,498.9908,483.8260,455.4662,431.0452,229.1294,211.6296,193.7749,172.8416,155.0947,138.4260,116.8953,99.7078,89.1361,76.9053,62.4728,48.1849,40.3784,32.3482,23.3596,15.4919,7.9343,0.5147,0.0000,0.0000,0.0000,0.0000,0.0000,0.0000,0.0000,0.0000,0.0000,0.0000,0.0000,0.0000
65,1.0000,DynamicV1Rebalance,4.0000,11982.2273,479.2891,spend75p,486.3974,508.6587,534.1857,559.7805,587.5905,619.6262,652.8574,683.4377,717.3012,747.8862,781.1865,808.7589,824.1358,837.3480,849.6391,854.6496,846.7721,839.8824,818.6336,799.2027,755.3391,737.3056,727.7519,707.7940,682.6042,414.1642,398.6579,385.3556,366.1591,345.3422,326.0293,304.1984,287.8308,273.1500,261.0526,248.7719,233.7039,226.4990,217.4500,214.5393,211.2593,203.6279,201.1914,197.4567,186.1422,181.6303,170.2953,158.5159,148.4752,137.9590,126.6165,113.0914,99.8707,84.3121,65.4812
65,1.0000,SpendAwareDPRebalance (R65-aware),4.0000,11982.2273,479.2891,survival,1.0000,1.0000,1.0000,1.0000,1.0000,1.0000,1.0000,1.0000,0.9990,0.9965,0.9925,0.9830,0.9630,0.9470,0.9310,0.9075,0.8830,0.8575,0.8330,0.8075,0.7910,0.7720,0.7490,0.7340,0.7195,0.7100,0.6995,0.6860,0.6770,0.6720,0.6660,0.6585,0.6525,0.6485,0.6450,0.6390,0.6360,0.6290,0.6245,0.6205,0.6185,0.6160,0.6120,0.6080,0.6055,0.6030,0.6005,0.5960,0.5890,0.5860,0.5825,0.5780,0.5770,0.5745,0.5715
65,1.0000,SpendAwareDPRebalance (R65-aware),4.0000,11982.2273,479.2891,spend25p,479.5023,487.9505,495.5784,503.5605,510.6579,519.2066,527.4345,536.6636,542.6888,546.0051,548.5645,547.8492,539.1954,533.0223,523.6538,503.8059,473.5529,440.2728,405.2858,359.8089,313.1568,269.4307,0.0000,0.0000,0.0000,0.0000,0.0000,0.0000,0.0000,0.0000,0.0000,0.0000,0.0000,0.0000,0.0000,0.0000,0.0000,0.0000,0.0000,0.0000,0.0000,0.0000,0.0000,0.0000,0.0000,0.0000,0.0000,0.0000,0.0000,0.0000,0.0000,0.0000,0.0000,0.0000,0.0000
65,1.0000,SpendAwareDPRebalance (R65-aware),4.0000,11982.2273,479.2891,spend50p,483.0213,498.3738,514.5027,531.2779,548.8259,567.1855,586.2111,605.7656,625.4296,642.7905,656.4139,668.4505,672.7353,676.8418,674.1759,663.1667,650.5808,633.6901,613.9202,590.0444,551.4373,535.1934,510.3172,496.5676,480.3558,264.6855,247.8477,226.7543,203.3199,185.4648,168.3662,147.9867,133.3805,121.5221,107.5122,93.2373,85.4248,72.3018,61.1499,50.7689,42.8562,35.3497,28.9633,19.5166,10.8238,1.9474,0.0000,0.0000,0.0000,0.0000,0.0000,0.0000,0.0000,0.0000,0.0000
65,1.0000,SpendAwareDPRebalance (R65-aware),4.0000,11982.2273,479.2891,spend75p,486.3974,508.6587,534.1857,559.7805,587.5905,619.6262,652.8574,683.4377,717.3012,747.8862,781.1865,809.9915,824.8865,839.8445,852.4711,859.4950,853.3679,846.5203,831.3766,813.9878,774.7693,763.6741,747.3774,736.8921,717.3653,441.5825,423.4581,407.6359,386.6649,366.4226,348.2703,328.7277,308.5623,293.4887,278.5118,263.7602,255.6984,243.8543,233.3207,225.9568,223.4626,219.7387,214.9749,209.5164,201.7930,190.2586,180.5193,169.3966,151.0038,137.5319,123.5385,108.2450,95.3396,76.5100,58.5897
65,1.0000,No dynamic rebalance,5.0000,9585.7818,479.2891,survival,1.0000,1.0000,1.0000,1.0000,1.0000,1.0000,1.0000,0.9985,0.9935,0.9850,0.9610,0.9335,0.9005,0.8605,0.8190,0.7705,0.7265,0.6825,0.6465,0.6130,0.5880,0.5575,0.5375,0.5135,0.4915,0.4765,0.4665,0.4605,0.4510,0.4440,0.4400,0.4350,0.4305,0.4265,0.4200,0.4175,0.4110,0.4095,0.4060,0.4035,0.4015,0.3980,0.3945,0.3930,0.3900,0.3875,0.3850,0.3840,0.3825,0.3805,0.3795,0.3775,0.3765,0.3755,0.3740
65,1.0000,No dynamic rebalance,5.0000,9585.7818,479.2891,spend25p,479.5023,487.9505,495.5784,503.5605,510.6579,519.2066,527.4345,536.2407,541.5990,543.2030,535.8484,525.1721,507.4211,477.6168,434.5381,349.9415,0.0000,0.0000,0.0000,0.0000,0.0000,0.0000,0.0000,0.0000,0.0000,0.0000,0.0000,0.0000,0.0000,0.0000,0.0000,0.0000,0.0000,0.0000,0.0000,0.0000,0.0000,0.0000,0.0000,0.0000,0.0000,0.0000,0.0000,0.0000,0.0000,0.0000,0.0000,0.0000,0.0000,0.0000,0.0000,0.0000,0.0000,0.0000,0.0000
65,1.0000,No dynamic rebalance,5.0000,9585.7818,479.2891,spend50p,483.0213,498.3738,514.5027,531.2779,548.8259,567.1855,586.2111,605.6270,623.4554,638.4731,648.0264,650.8073,649.4755,638.5740,616.3334,588.6292,559.9029,526.3988,490.0697,445.6189,392.3681,334.1535,301.2017,234.2197,0.0000,0.0000,0.0000,0.0000,0.0000,0.0000,0.0000,0.0000,0.0000,0.0000,0.0000,0.0000,0.0000,0.0000,0.0000,0.0000,0.0000,0.0000,0.0000,0.0000,0.0000,0.0000,0.0000,0.0000,0.0000,0.0000,0.0000,0.0000,0.0000,0.0000,0.0000
65,1.0000,No dynamic rebalance,5.0000,9585.7818,479.2891,spend75p,486.3974,508.6587,534.1857,559.7805,587.5905,619.6262,652.8574,682.9290,716.4345,743.1115,771.0094,790.6421,804.2587,810.9091,809.3752,794.0427,774.3163,739.4577,715.1123,695.0907,641.8552,623.2085,599.8107,583.7754,560.9440,322.7060,304.0830,290.2534,271.2064,249.5130,231.0360,211.2542,194.4309,180.0966,165.9368,154.8080,137.2878,131.3167,122.0642,110.6414,104.3364,98.8198,90.2219,83.1168,73.2355,62.4054,50.1377,43.5833,31.2711,21.2803,9.6953,0.0000,0.0000,0.0000,0.0000
65,1.0000,固定最適比率,5.0000,9585.7818,479.2891,survival,1.0000,1.0000,1.0000,1.0000,1.0000,1.0000,1.0000,0.9985,0.9935,0.9850,0.9610,0.9335,0.9005,0.8605,0.8190,0.7705,0.7265,0.6825,0.6465,0.6130,0.5880,0.5575,0.5375,0.5135,0.4915,0.4765,0.4665,0.4605,0.4510,0.4440,0.4400,0.4350,0.4305,0.4265,0.4200,0.4175,0.4110,0.4095,0.4060,0.4035,0.4015,0.3980,0.3945,0.3930,0.3900,0.3875,0.3850,0.3840,0.3825,0.3805,0.3795,0.3775,0.3765,0.3755,0.3740
65,1.0000,固定最適比率,5.0000,9585.7818,479.2891,spend25p,479.5023,487.9505,495.5784,503.5605,510.6579,519.2066,527.4345,536.2407,541.5990,543.2030,535.8484,525.1721,507.4211,477.6168,434.5381,349.9415,0.0000,0.0000,0.0000,0.0000,0.0000,0.0000,0.0000,0.0000,0.0000,0.0000,0.0000,0.0000,0.0000,0.0000,0.0000,0.0000,0.0000,0.0000,0.0000,0.0000,0.0000,0.0000,0.0000,0.0000,0.0000,0.0000,0.0000,0.0000,0.0000,0.0000,0.0000,0.0000,0.0000,0.0000,0.0000,0.0000,0.0000,0.0000,0.0000
65,1.0000,固定最適比率,5.0000,9585.7818,479.2891,spend50p,483.0213,498.3738,514.5027,531.2779,548.8259,567.1855,586.2111,605.6270,623.4554,638.4731,648.0264,650.8073,649.4755,638.5740,616.3334,588.6292,559.9029,526.3988,490.0697,445.6189,392.3681,334.1535,301.2017,234.2197,0.0000,0.0000,0.0000,0.0000,0.0000,0.0000,0.0000,0.0000,0.0000,0.0000,0.0000,0.0000,0.0000,0.0000,0.0000,0.0000,0.0000,0.0000,0.0000,0.0000,0.0000,0.0000,0.0000,0.0000,0.0000,0.0000,0.0000,0.0000,0.0000,0.0000,0.0000
65,1.0000,固定最適比率,5.0000,9585.7818,479.2891,spend75p,486.3974,508.6587,534.1857,559.7805,587.5905,619.6262,652.8574,682.9290,716.4345,743.1115,771.0094,790.6421,804.2587,810.9091,809.3752,794.0427,774.3163,739.4577,715.1123,695.0907,641.8552,623.2085,599.8107,583.7754,560.9440,322.7060,304.0830,290.2534,271.2064,249.5130,231.0360,211.2542,194.4309,180.0966,165.9368,154.8080,137.2878,131.3167,122.0642,110.6414,104.3364,98.8198,90.2219,83.1168,73.2355,62.4054,50.1377,43.5833,31.2711,21.2803,9.6953,0.0000,0.0000,0.0000,0.0000
65,1.0000,DynamicV1Rebalance,5.0000,9585.7818,479.2891,survival,1.0000,1.0000,1.0000,1.0000,1.0000,1.0000,1.0000,0.9985,0.9935,0.9850,0.9605,0.9335,0.9025,0.8605,0.8185,0.7705,0.7280,0.6840,0.6475,0.6150,0.5890,0.5615,0.5390,0.5180,0.4955,0.4810,0.4710,0.4650,0.4580,0.4505,0.4440,0.4365,0.4345,0.4315,0.4260,0.4240,0.4205,0.4190,0.4165,0.4145,0.4125,0.4095,0.4070,0.4065,0.4050,0.4030,0.4025,0.4015,0.4015,0.4010,0.4000,0.3995,0.3995,0.3985,0.3975
65,1.0000,DynamicV1Rebalance,5.0000,9585.7818,479.2891,spend25p,479.5023,487.9505,495.5784,503.5605,510.6579,519.2066,527.4345,536.2407,541.5990,543.2030,535.7763,525.1721,508.2350,477.6168,433.7693,349.9415,0.0000,0.0000,0.0000,0.0000,0.0000,0.0000,0.0000,0.0000,0.0000,0.0000,0.0000,0.0000,0.0000,0.0000,0.0000,0.0000,0.0000,0.0000,0.0000,0.0000,0.0000,0.0000,0.0000,0.0000,0.0000,0.0000,0.0000,0.0000,0.0000,0.0000,0.0000,0.0000,0.0000,0.0000,0.0000,0.0000,0.0000,0.0000,0.0000
65,1.0000,DynamicV1Rebalance,5.0000,9585.7818,479.2891,spend50p,483.0213,498.3738,514.5027,531.2779,548.8259,567.1855,586.2111,605.6270,623.4554,638.4731,647.7214,650.4667,650.0520,638.7205,616.3334,588.6292,560.9512,528.3812,490.9299,447.6629,394.0130,337.8377,303.2254,249.2184,0.0000,0.0000,0.0000,0.0000,0.0000,0.0000,0.0000,0.0000,0.0000,0.0000,0.0000,0.0000,0.0000,0.0000,0.0000,0.0000,0.0000,0.0000,0.0000,0.0000,0.0000,0.0000,0.0000,0.0000,0.0000,0.0000,0.0000,0.0000,0.0000,0.0000,0.0000
65,1.0000,DynamicV1Rebalance,5.0000,9585.7818,479.2891,spend75p,486.3974,508.6587,534.1857,559.7805,587.5905,619.6262,652.8574,682.9290,716.4345,743.1115,770.8563,790.4581,804.8719,811.0206,809.3752,794.0427,775.3380,740.3738,716.1106,696.6700,643.5403,628.9319,604.0532,586.8528,566.1237,325.8468,310.2537,294.4337,276.0186,254.7968,233.9069,211.3798,196.1457,182.7421,170.7577,158.0820,146.4993,136.1006,130.5783,124.3419,114.6825,105.9895,100.2938,93.4012,84.1447,73.2032,64.8042,55.7670,49.4354,39.8769,28.8584,17.3931,5.8469,0.0000,0.0000
65,1.0000,SpendAwareDPRebalance (R65-aware),5.0000,9585.7818,479.2891,survival,1.0000,1.0000,1.0000,1.0000,1.0000,1.0000,1.0000,0.9985,0.9935,0.9850,0.9610,0.9335,0.9010,0.8635,0.8205,0.7740,0.7320,0.6910,0.6595,0.6290,0.6065,0.5805,0.5600,0.5425,0.5285,0.5140,0.5070,0.4975,0.4930,0.4870,0.4810,0.4770,0.4735,0.4660,0.4610,0.4585,0.4535,0.4505,0.4460,0.4445,0.4425,0.4395,0.4360,0.4330,0.4305,0.4290,0.4260,0.4240,0.4200,0.4180,0.4160,0.4105,0.4080,0.4070,0.4050
65,1.0000,SpendAwareDPRebalance (R65-aware),5.0000,9585.7818,479.2891,spend25p,479.5023,487.9505,495.5784,503.5605,510.6579,519.2066,527.4345,536.2407,541.5990,543.2030,535.8484,525.1721,507.7326,479.5605,435.9483,354.9847,0.0000,0.0000,0.0000,0.0000,0.0000,0.0000,0.0000,0.0000,0.0000,0.0000,0.0000,0.0000,0.0000,0.0000,0.0000,0.0000,0.0000,0.0000,0.0000,0.0000,0.0000,0.0000,0.0000,0.0000,0.0000,0.0000,0.0000,0.0000,0.0000,0.0000,0.0000,0.0000,0.0000,0.0000,0.0000,0.0000,0.0000,0.0000,0.0000
65,1.0000,SpendAwareDPRebalance (R65-aware),5.0000,9585.7818,479.2891,spend50p,483.0213,498.3738,514.5027,531.2779,548.8259,567.1855,586.2111,605.6270,623.4554,638.4731,648.0264,650.8073,649.7538,639.2181,617.5731,590.6836,563.1516,533.5814,501.5215,466.0632,413.7799,371.3637,328.7138,297.7976,267.4545,81.7461,56.9829,0.0000,0.0000,0.0000,0.0000,0.0000,0.0000,0.0000,0.0000,0.0000,0.0000,0.0000,0.0000,0.0000,0.0000,0.0000,0.0000,0.0000,0.0000,0.0000,0.0000,0.0000,0.0000,0.0000,0.0000,0.0000,0.0000,0.0000,0.0000
65,1.0000,SpendAwareDPRebalance (R65-aware),5.0000,9585.7818,479.2891,spend75p,486.3974,508.6587,534.1857,559.7805,587.5905,619.6262,652.8574,682.9290,716.4345,743.1115,771.0094,790.6421,804.8719,811.7839,810.6438,797.6346,776.3824,744.7402,726.9106,708.2660,662.1351,644.7784,626.7790,610.5731,592.5640,348.3723,334.2105,316.8575,299.9612,281.4838,264.9495,244.8494,227.6438,205.3196,188.4857,177.0719,164.9063,155.8047,143.3266,139.5096,132.0983,125.1841,115.8871,109.9034,99.1672,86.0855,73.8363,65.1468,55.7559,45.1965,32.8800,16.2837,0.1591,0.0000,0.0000
65,1.0000,No dynamic rebalance,6.0000,7988.1515,479.2891,survival,1.0000,1.0000,1.0000,1.0000,1.0000,1.0000,0.9985,0.9925,0.9775,0.9455,0.9055,0.8590,0.7970,0.7415,0.6780,0.6225,0.5775,0.5350,0.4955,0.4575,0.4275,0.4030,0.3805,0.3660,0.3515,0.3390,0.3315,0.3260,0.3165,0.3105,0.3040,0.2970,0.2925,0.2890,0.2860,0.2830,0.2805,0.2785,0.2760,0.2745,0.2705,0.2690,0.2650,0.2625,0.2615,0.2610,0.2610,0.2595,0.2580,0.2580,0.2575,0.2565,0.2555,0.2550,0.2550
65,1.0000,No dynamic rebalance,6.0000,7988.1515,479.2891,spend25p,479.5023,487.9505,495.5784,503.5605,510.6579,519.2066,526.6666,533.4781,535.2033,527.7072,509.4424,482.3939,428.2095,0.0000,0.0000,0.0000,0.0000,0.0000,0.0000,0.0000,0.0000,0.0000,0.0000,0.0000,0.0000,0.0000,0.0000,0.0000,0.0000,0.0000,0.0000,0.0000,0.0000,0.0000,0.0000,0.0000,0.0000,0.0000,0.0000,0.0000,0.0000,0.0000,0.0000,0.0000,0.0000,0.0000,0.0000,0.0000,0.0000,0.0000,0.0000,0.0000,0.0000,0.0000,0.0000
65,1.0000,No dynamic rebalance,6.0000,7988.1515,479.2891,spend50p,483.0213,498.3738,514.5027,531.2779,548.8259,567.1855,585.7280,604.1232,619.9970,629.6294,631.5106,624.0832,601.0685,574.4316,535.3031,488.8827,433.9118,366.1168,0.0000,0.0000,0.0000,0.0000,0.0000,0.0000,0.0000,0.0000,0.0000,0.0000,0.0000,0.0000,0.0000,0.0000,0.0000,0.0000,0.0000,0.0000,0.0000,0.0000,0.0000,0.0000,0.0000,0.0000,0.0000,0.0000,0.0000,0.0000,0.0000,0.0000,0.0000,0.0000,0.0000,0.0000,0.0000,0.0000,0.0000
65,1.0000,No dynamic rebalance,6.0000,7988.1515,479.2891,spend75p,486.3974,508.6587,534.1857,559.7805,587.5905,619.6262,652.6860,681.8694,710.8938,734.0981,755.9901,773.5646,770.7689,762.0734,743.4199,715.7311,686.2655,662.9232,629.7279,584.5260,532.7836,498.9539,474.7644,450.3707,424.8587,218.2176,198.7764,180.2735,158.5838,138.5528,114.5917,89.7417,72.2775,56.2774,40.0093,29.3086,19.1711,8.7500,0.0000,0.0000,0.0000,0.0000,0.0000,0.0000,0.0000,0.0000,0.0000,0.0000,0.0000,0.0000,0.0000,0.0000,0.0000,0.0000,0.0000
65,1.0000,固定最適比率,6.0000,7988.1515,479.2891,survival,1.0000,1.0000,1.0000,1.0000,1.0000,1.0000,0.9985,0.9925,0.9775,0.9455,0.9055,0.8590,0.7970,0.7415,0.6780,0.6225,0.5775,0.5350,0.4955,0.4575,0.4275,0.4030,0.3805,0.3660,0.3515,0.3390,0.3315,0.3260,0.3165,0.3105,0.3040,0.2970,0.2925,0.2890,0.2860,0.2830,0.2805,0.2785,0.2760,0.2745,0.2705,0.2690,0.2650,0.2625,0.2615,0.2610,0.2610,0.2595,0.2580,0.2580,0.2575,0.2565,0.2555,0.2550,0.2550
65,1.0000,固定最適比率,6.0000,7988.1515,479.2891,spend25p,479.5023,487.9505,495.5784,503.5605,510.6579,519.2066,526.6666,533.4781,535.2033,527.7072,509.4424,482.3939,428.2095,0.0000,0.0000,0.0000,0.0000,0.0000,0.0000,0.0000,0.0000,0.0000,0.0000,0.0000,0.0000,0.0000,0.0000,0.0000,0.0000,0.0000,0.0000,0.0000,0.0000,0.0000,0.0000,0.0000,0.0000,0.0000,0.0000,0.0000,0.0000,0.0000,0.0000,0.0000,0.0000,0.0000,0.0000,0.0000,0.0000,0.0000,0.0000,0.0000,0.0000,0.0000,0.0000
65,1.0000,固定最適比率,6.0000,7988.1515,479.2891,spend50p,483.0213,498.3738,514.5027,531.2779,548.8259,567.1855,585.7280,604.1232,619.9970,629.6294,631.5106,624.0832,601.0685,574.4316,535.3031,488.8827,433.9118,366.1168,0.0000,0.0000,0.0000,0.0000,0.0000,0.0000,0.0000,0.0000,0.0000,0.0000,0.0000,0.0000,0.0000,0.0000,0.0000,0.0000,0.0000,0.0000,0.0000,0.0000,0.0000,0.0000,0.0000,0.0000,0.0000,0.0000,0.0000,0.0000,0.0000,0.0000,0.0000,0.0000,0.0000,0.0000,0.0000,0.0000,0.0000
65,1.0000,固定最適比率,6.0000,7988.1515,479.2891,spend75p,486.3974,508.6587,534.1857,559.7805,587.5905,619.6262,652.6860,681.8694,710.8938,734.0981,755.9901,773.5646,770.7689,762.0734,743.4199,715.7311,686.2655,662.9232,629.7279,584.5260,532.7836,498.9539,474.7644,450.3707,424.8587,218.2176,198.7764,180.2735,158.5838,138.5528,114.5917,89.7417,72.2775,56.2774,40.0093,29.3086,19.1711,8.7500,0.0000,0.0000,0.0000,0.0000,0.0000,0.0000,0.0000,0.0000,0.0000,0.0000,0.0000,0.0000,0.0000,0.0000,0.0000,0.0000,0.0000
65,1.0000,DynamicV1Rebalance,6.0000,7988.1515,479.2891,survival,1.0000,1.0000,1.0000,1.0000,1.0000,1.0000,0.9985,0.9925,0.9775,0.9455,0.9050,0.8590,0.7945,0.7420,0.6770,0.6215,0.5765,0.5355,0.4950,0.4580,0.4285,0.4035,0.3820,0.3680,0.3535,0.3420,0.3350,0.3280,0.3205,0.3145,0.3075,0.2985,0.2930,0.2890,0.2865,0.2835,0.2820,0.2805,0.2785,0.2775,0.2740,0.2735,0.2705,0.2675,0.2665,0.2655,0.2655,0.2640,0.2630,0.2630,0.2630,0.2630,0.2630,0.2630,0.2630
65,1.0000,DynamicV1Rebalance,6.0000,7988.1515,479.2891,spend25p,479.5023,487.9505,495.5784,503.5605,510.6579,519.2066,526.6666,533.4781,535.2033,527.7072,509.1299,482.3939,424.7070,0.0000,0.0000,0.0000,0.0000,0.0000,0.0000,0.0000,0.0000,0.0000,0.0000,0.0000,0.0000,0.0000,0.0000,0.0000,0.0000,0.0000,0.0000,0.0000,0.0000,0.0000,0.0000,0.0000,0.0000,0.0000,0.0000,0.0000,0.0000,0.0000,0.0000,0.0000,0.0000,0.0000,0.0000,0.0000,0.0000,0.0000,0.0000,0.0000,0.0000,0.0000,0.0000
65,1.0000,DynamicV1Rebalance,6.0000,7988.1515,479.2891,spend50p,483.0213,498.3738,514.5027,531.2779,548.8259,567.1855,585.7280,604.1232,619.9970,629.6294,631.3084,624.0832,599.1634,574.9807,534.0489,487.8561,433.2996,366.3441,0.0000,0.0000,0.0000,0.0000,0.0000,0.0000,0.0000,0.0000,0.0000,0.0000,0.0000,0.0000,0.0000,0.0000,0.0000,0.0000,0.0000,0.0000,0.0000,0.0000,0.0000,0.0000,0.0000,0.0000,0.0000,0.0000,0.0000,0.0000,0.0000,0.0000,0.0000,0.0000,0.0000,0.0000,0.0000,0.0000,0.0000
65,1.0000,DynamicV1Rebalance,6.0000,7988.1515,479.2891,spend75p,486.3974,508.6587,534.1857,559.7805,587.5905,619.6262,652.6860,681.8694,710.8938,734.0222,755.5707,773.6443,769.0937,762.9722,742.6828,715.1414,685.8733,663.8857,627.6162,584.7796,532.7836,498.9539,476.1621,451.8736,431.0440,222.5477,207.0594,183.3794,162.8142,145.3609,119.7642,91.7531,74.0743,56.2774,41.2423,29.5643,20.5211,12.1003,2.0734,0.0000,0.0000,0.0000,0.0000,0.0000,0.0000,0.0000,0.0000,0.0000,0.0000,0.0000,0.0000,0.0000,0.0000,0.0000,0.0000
65,1.0000,SpendAwareDPRebalance (R65-aware),6.0000,7988.1515,479.2891,survival,1.0000,1.0000,1.0000,1.0000,1.0000,1.0000,0.9985,0.9925,0.9775,0.9455,0.9055,0.8590,0.7970,0.7415,0.6805,0.6235,0.5790,0.5365,0.4990,0.4625,0.4350,0.4140,0.3950,0.3835,0.3700,0.3600,0.3535,0.3460,0.3415,0.3370,0.3325,0.3235,0.3200,0.3185,0.3140,0.3130,0.3105,0.3095,0.3070,0.3050,0.3005,0.2985,0.2955,0.2945,0.2920,0.2900,0.2875,0.2860,0.2830,0.2815,0.2795,0.2765,0.2745,0.2735,0.2720
65,1.0000,SpendAwareDPRebalance (R65-aware),6.0000,7988.1515,479.2891,spend25p,479.5023,487.9505,495.5784,503.5605,510.6579,519.2066,526.6666,533.4781,535.2033,527.7072,509.4424,482.3939,428.2095,0.0000,0.0000,0.0000,0.0000,0.0000,0.0000,0.0000,0.0000,0.0000,0.0000,0.0000,0.0000,0.0000,0.0000,0.0000,0.0000,0.0000,0.0000,0.0000,0.0000,0.0000,0.0000,0.0000,0.0000,0.0000,0.0000,0.0000,0.0000,0.0000,0.0000,0.0000,0.0000,0.0000,0.0000,0.0000,0.0000,0.0000,0.0000,0.0000,0.0000,0.0000,0.0000
65,1.0000,SpendAwareDPRebalance (R65-aware),6.0000,7988.1515,479.2891,spend50p,483.0213,498.3738,514.5027,531.2779,548.8259,567.1855,585.7280,604.1232,619.9970,629.6294,631.5106,624.0832,601.0685,574.4316,538.1726,490.6747,434.9725,366.9411,0.0000,0.0000,0.0000,0.0000,0.0000,0.0000,0.0000,0.0000,0.0000,0.0000,0.0000,0.0000,0.0000,0.0000,0.0000,0.0000,0.0000,0.0000,0.0000,0.0000,0.0000,0.0000,0.0000,0.0000,0.0000,0.0000,0.0000,0.0000,0.0000,0.0000,0.0000,0.0000,0.0000,0.0000,0.0000,0.0000,0.0000
65,1.0000,SpendAwareDPRebalance (R65-aware),6.0000,7988.1515,479.2891,spend75p,486.3974,508.6587,534.1857,559.7805,587.5905,619.6262,652.6860,681.8694,710.8938,734.0981,755.9901,773.5646,770.7689,762.0734,745.7470,716.4851,686.7253,664.5368,631.1404,589.6016,542.3626,517.0095,492.9179,473.3667,450.0265,239.1593,222.3181,203.0472,186.8956,166.1534,147.5869,126.2277,107.7737,94.6101,77.8246,65.1471,52.1079,43.7836,35.8550,28.1444,13.7221,6.4492,0.0000,0.0000,0.0000,0.0000,0.0000,0.0000,0.0000,0.0000,0.0000,0.0000,0.0000,0.0000,0.0000
65,1.0000,No dynamic rebalance,7.0000,6846.9870,479.2891,survival,1.0000,1.0000,1.0000,1.0000,1.0000,0.9995,0.9935,0.9765,0.9390,0.8855,0.8260,0.7535,0.6705,0.5975,0.5280,0.4845,0.4325,0.3925,0.3620,0.3280,0.3070,0.2815,0.2680,0.2535,0.2330,0.2275,0.2240,0.2195,0.2110,0.2055,0.2015,0.1955,0.1910,0.1900,0.1880,0.1865,0.1855,0.1835,0.1825,0.1815,0.1800,0.1775,0.1765,0.1750,0.1735,0.1715,0.1705,0.1700,0.1695,0.1685,0.1675,0.1675,0.1660,0.1660,0.1655
65,1.0000,No dynamic rebalance,7.0000,6846.9870,479.2891,spend25p,479.5023,487.9505,495.5784,503.5605,510.6579,519.0793,525.6987,528.2217,522.1064,500.2513,463.8342,309.5442,0.0000,0.0000,0.0000,0.0000,0.0000,0.0000,0.0000,0.0000,0.0000,0.0000,0.0000,0.0000,0.0000,0.0000,0.0000,0.0000,0.0000,0.0000,0.0000,0.0000,0.0000,0.0000,0.0000,0.0000,0.0000,0.0000,0.0000,0.0000,0.0000,0.0000,0.0000,0.0000,0.0000,0.0000,0.0000,0.0000,0.0000,0.0000,0.0000,0.0000,0.0000,0.0000,0.0000
65,1.0000,No dynamic rebalance,7.0000,6846.9870,479.2891,spend50p,483.0213,498.3738,514.5027,531.2779,548.8259,567.1739,584.9946,601.7002,609.0533,610.1921,600.5543,573.5165,533.6235,479.7083,382.7933,0.0000,0.0000,0.0000,0.0000,0.0000,0.0000,0.0000,0.0000,0.0000,0.0000,0.0000,0.0000,0.0000,0.0000,0.0000,0.0000,0.0000,0.0000,0.0000,0.0000,0.0000,0.0000,0.0000,0.0000,0.0000,0.0000,0.0000,0.0000,0.0000,0.0000,0.0000,0.0000,0.0000,0.0000,0.0000,0.0000,0.0000,0.0000,0.0000,0.0000
65,1.0000,No dynamic rebalance,7.0000,6846.9870,479.2891,spend75p,486.3974,508.6587,534.1857,559.7805,587.5905,619.4020,652.2417,677.5893,698.4955,721.0021,735.3603,733.0515,712.5228,690.7559,653.1589,629.0267,579.5247,543.1478,508.5351,445.3199,380.3981,321.8966,281.9086,188.4623,0.0000,0.0000,0.0000,0.0000,0.0000,0.0000,0.0000,0.0000,0.0000,0.0000,0.0000,0.0000,0.0000,0.0000,0.0000,0.0000,0.0000,0.0000,0.0000,0.0000,0.0000,0.0000,0.0000,0.0000,0.0000,0.0000,0.0000,0.0000,0.0000,0.0000,0.0000
65,1.0000,固定最適比率,7.0000,6846.9870,479.2891,survival,1.0000,1.0000,1.0000,1.0000,1.0000,0.9995,0.9935,0.9765,0.9390,0.8855,0.8260,0.7535,0.6705,0.5975,0.5280,0.4845,0.4325,0.3925,0.3620,0.3280,0.3070,0.2815,0.2680,0.2535,0.2330,0.2275,0.2240,0.2195,0.2110,0.2055,0.2015,0.1955,0.1910,0.1900,0.1880,0.1865,0.1855,0.1835,0.1825,0.1815,0.1800,0.1775,0.1765,0.1750,0.1735,0.1715,0.1705,0.1700,0.1695,0.1685,0.1675,0.1675,0.1660,0.1660,0.1655
65,1.0000,固定最適比率,7.0000,6846.9870,479.2891,spend25p,479.5023,487.9505,495.5784,503.5605,510.6579,519.0793,525.6987,528.2217,522.1064,500.2513,463.8342,309.5442,0.0000,0.0000,0.0000,0.0000,0.0000,0.0000,0.0000,0.0000,0.0000,0.0000,0.0000,0.0000,0.0000,0.0000,0.0000,0.0000,0.0000,0.0000,0.0000,0.0000,0.0000,0.0000,0.0000,0.0000,0.0000,0.0000,0.0000,0.0000,0.0000,0.0000,0.0000,0.0000,0.0000,0.0000,0.0000,0.0000,0.0000,0.0000,0.0000,0.0000,0.0000,0.0000,0.0000
65,1.0000,固定最適比率,7.0000,6846.9870,479.2891,spend50p,483.0213,498.3738,514.5027,531.2779,548.8259,567.1739,584.9946,601.7002,609.0533,610.1921,600.5543,573.5165,533.6235,479.7083,382.7933,0.0000,0.0000,0.0000,0.0000,0.0000,0.0000,0.0000,0.0000,0.0000,0.0000,0.0000,0.0000,0.0000,0.0000,0.0000,0.0000,0.0000,0.0000,0.0000,0.0000,0.0000,0.0000,0.0000,0.0000,0.0000,0.0000,0.0000,0.0000,0.0000,0.0000,0.0000,0.0000,0.0000,0.0000,0.0000,0.0000,0.0000,0.0000,0.0000,0.0000
65,1.0000,固定最適比率,7.0000,6846.9870,479.2891,spend75p,486.3974,508.6587,534.1857,559.7805,587.5905,619.4020,652.2417,677.5893,698.4955,721.0021,735.3603,733.0515,712.5228,690.7559,653.1589,629.0267,579.5247,543.1478,508.5351,445.3199,380.3981,321.8966,281.9086,188.4623,0.0000,0.0000,0.0000,0.0000,0.0000,0.0000,0.0000,0.0000,0.0000,0.0000,0.0000,0.0000,0.0000,0.0000,0.0000,0.0000,0.0000,0.0000,0.0000,0.0000,0.0000,0.0000,0.0000,0.0000,0.0000,0.0000,0.0000,0.0000,0.0000,0.0000,0.0000
65,1.0000,DynamicV1Rebalance,7.0000,6846.9870,479.2891,survival,1.0000,1.0000,1.0000,1.0000,1.0000,0.9995,0.9930,0.9770,0.9390,0.8845,0.8255,0.7520,0.6690,0.5960,0.5280,0.4830,0.4325,0.3920,0.3615,0.3285,0.3080,0.2825,0.2685,0.2540,0.2345,0.2295,0.2260,0.2210,0.2115,0.2075,0.2025,0.1965,0.1920,0.1905,0.1895,0.1875,0.1865,0.1845,0.1835,0.1825,0.1815,0.1810,0.1805,0.1790,0.1785,0.1780,0.1760,0.1745,0.1735,0.1730,0.1720,0.1720,0.1720,0.1720,0.1720
65,1.0000,DynamicV1Rebalance,7.0000,6846.9870,479.2891,spend25p,479.5023,487.9505,495.5784,503.5605,510.6579,519.0793,525.6864,528.3717,522.3385,499.9092,463.2659,296.4287,0.0000,0.0000,0.0000,0.0000,0.0000,0.0000,0.0000,0.0000,0.0000,0.0000,0.0000,0.0000,0.0000,0.0000,0.0000,0.0000,0.0000,0.0000,0.0000,0.0000,0.0000,0.0000,0.0000,0.0000,0.0000,0.0000,0.0000,0.0000,0.0000,0.0000,0.0000,0.0000,0.0000,0.0000,0.0000,0.0000,0.0000,0.0000,0.0000,0.0000,0.0000,0.0000,0.0000
65,1.0000,DynamicV1Rebalance,7.0000,6846.9870,479.2891,spend50p,483.0213,498.3738,514.5027,531.2779,548.8259,567.1739,584.8054,601.7002,609.3788,610.1921,600.3236,572.9208,532.8481,479.2352,382.7933,0.0000,0.0000,0.0000,0.0000,0.0000,0.0000,0.0000,0.0000,0.0000,0.0000,0.0000,0.0000,0.0000,0.0000,0.0000,0.0000,0.0000,0.0000,0.0000,0.0000,0.0000,0.0000,0.0000,0.0000,0.0000,0.0000,0.0000,0.0000,0.0000,0.0000,0.0000,0.0000,0.0000,0.0000,0.0000,0.0000,0.0000,0.0000,0.0000,0.0000
65,1.0000,DynamicV1Rebalance,7.0000,6846.9870,479.2891,spend75p,486.3974,508.6587,534.1857,559.7805,587.5905,619.4020,652.0897,677.4903,698.6500,721.0021,735.0567,732.7906,712.3138,690.5478,653.3213,628.9585,579.5247,543.1478,508.5351,446.2191,384.7176,323.8754,283.9945,191.5305,0.0000,0.0000,0.0000,0.0000,0.0000,0.0000,0.0000,0.0000,0.0000,0.0000,0.0000,0.0000,0.0000,0.0000,0.0000,0.0000,0.0000,0.0000,0.0000,0.0000,0.0000,0.0000,0.0000,0.0000,0.0000,0.0000,0.0000,0.0000,0.0000,0.0000,0.0000
65,1.0000,SpendAwareDPRebalance (R65-aware),7.0000,6846.9870,479.2891,survival,1.0000,1.0000,1.0000,1.0000,1.0000,0.9995,0.9935,0.9765,0.9390,0.8855,0.8260,0.7535,0.6705,0.5975,0.5285,0.4850,0.4330,0.3940,0.3640,0.3310,0.3090,0.2865,0.2725,0.2610,0.2425,0.2380,0.2350,0.2295,0.2245,0.2220,0.2170,0.2125,0.2090,0.2045,0.2040,0.2025,0.2005,0.1985,0.1975,0.1960,0.1940,0.1920,0.1915,0.1910,0.1890,0.1880,0.1850,0.1850,0.1830,0.1820,0.1815,0.1795,0.1775,0.1770,0.1745
65,1.0000,SpendAwareDPRebalance (R65-aware),7.0000,6846.9870,479.2891,spend25p,479.5023,487.9505,495.5784,503.5605,510.6579,519.0793,525.6987,528.2217,522.1064,500.2513,463.8342,309.5442,0.0000,0.0000,0.0000,0.0000,0.0000,0.0000,0.0000,0.0000,0.0000,0.0000,0.0000,0.0000,0.0000,0.0000,0.0000,0.0000,0.0000,0.0000,0.0000,0.0000,0.0000,0.0000,0.0000,0.0000,0.0000,0.0000,0.0000,0.0000,0.0000,0.0000,0.0000,0.0000,0.0000,0.0000,0.0000,0.0000,0.0000,0.0000,0.0000,0.0000,0.0000,0.0000,0.0000
65,1.0000,SpendAwareDPRebalance (R65-aware),7.0000,6846.9870,479.2891,spend50p,483.0213,498.3738,514.5027,531.2779,548.8259,567.1739,584.9946,601.7002,609.0533,610.1921,600.5543,573.5165,533.6235,479.7083,383.3437,0.0000,0.0000,0.0000,0.0000,0.0000,0.0000,0.0000,0.0000,0.0000,0.0000,0.0000,0.0000,0.0000,0.0000,0.0000,0.0000,0.0000,0.0000,0.0000,0.0000,0.0000,0.0000,0.0000,0.0000,0.0000,0.0000,0.0000,0.0000,0.0000,0.0000,0.0000,0.0000,0.0000,0.0000,0.0000,0.0000,0.0000,0.0000,0.0000,0.0000
65,1.0000,SpendAwareDPRebalance (R65-aware),7.0000,6846.9870,479.2891,spend75p,486.3974,508.6587,534.1857,559.7805,587.5905,619.4020,652.2417,677.5893,698.4955,721.0021,735.3603,733.0515,712.5228,690.7559,653.3213,629.3701,580.3469,543.5690,508.9568,448.4275,386.9739,331.7689,294.4734,233.7502,0.0000,0.0000,0.0000,0.0000,0.0000,0.0000,0.0000,0.0000,0.0000,0.0000,0.0000,0.0000,0.0000,0.0000,0.0000,0.0000,0.0000,0.0000,0.0000,0.0000,0.0000,0.0000,0.0000,0.0000,0.0000,0.0000,0.0000,0.0000,0.0000,0.0000,0.0000
65,1.5000,No dynamic rebalance,2.5000,28327.3455,708.1836,survival,1.0000,1.0000,1.0000,1.0000,1.0000,1.0000,1.0000,1.0000,1.0000,1.0000,1.0000,0.9985,0.9980,0.9960,0.9895,0.9870,0.9760,0.9700,0.9640,0.9520,0.9410,0.9295,0.9210,0.9095,0.8955,0.8875,0.8795,0.8705,0.8590,0.8530,0.8455,0.8400,0.8335,0.8250,0.8180,0.8140,0.8105,0.8055,0.8020,0.8005,0.7975,0.7940,0.7915,0.7890,0.7850,0.7795,0.7745,0.7695,0.7660,0.7600,0.7575,0.7555,0.7520,0.7510,0.7495
65,1.5000,No dynamic rebalance,2.5000,28327.3455,708.1836,spend25p,708.4987,721.2149,732.7160,744.7375,755.4477,768.3019,780.6773,794.5253,804.1812,811.9363,816.6540,821.2467,824.3148,824.4078,825.3831,817.6418,802.4142,789.0796,771.2307,750.0117,702.3347,677.3591,655.2861,629.1024,600.7234,398.1527,374.0853,348.7361,319.6969,293.5156,264.1233,240.1227,217.5960,193.5842,170.2264,153.8543,140.7768,127.4077,115.3185,103.5010,92.4272,80.0380,68.9959,57.2873,47.8287,35.7510,21.1736,10.2608,0.0000,0.0000,0.0000,0.0000,0.0000,0.0000,0.0000
65,1.5000,No dynamic rebalance,2.5000,28327.3455,708.1836,spend50p,713.6982,736.6212,760.6956,785.7300,811.9119,839.2992,867.6750,896.8302,926.7489,954.1056,976.3073,997.5010,1021.0355,1036.4603,1046.9616,1049.9924,1033.0505,1023.0356,1013.4493,995.1516,955.0372,941.2645,927.1565,912.5823,893.9691,645.9593,631.3995,607.2888,580.8136,558.9565,534.5805,507.0716,479.0726,453.2204,429.9586,417.1226,405.5405,399.1183,386.7675,379.3940,376.2457,369.6076,361.0341,356.7973,349.1806,334.9111,320.5567,306.3589,292.8484,279.2719,266.3459,251.0493,239.5850,225.2170,211.2775
65,1.5000,No dynamic rebalance,2.5000,28327.3455,708.1836,spend75p,718.6866,751.8226,789.7971,827.8837,869.2588,916.8990,966.3209,1011.8228,1062.8635,1110.3208,1161.2886,1208.0259,1246.1793,1279.8478,1308.1738,1333.9192,1340.1015,1352.3735,1361.9116,1353.2364,1309.9849,1296.8905,1284.8156,1283.5305,1271.2480,964.8061,947.8663,927.6599,890.0748,866.3421,839.8874,814.0849,796.0770,772.3612,752.7832,739.7044,726.6227,722.2102,724.7622,732.1843,727.1851,720.6189,732.0690,737.7865,744.7701,729.1868,710.3695,707.9873,694.3638,677.6355,670.8618,654.5338,640.4345,631.4312,615.0666
65,1.5000,固定最適比率,2.5000,28327.3455,708.1836,survival,1.0000,1.0000,1.0000,1.0000,1.0000,1.0000,1.0000,1.0000,1.0000,1.0000,1.0000,1.0000,1.0000,1.0000,1.0000,1.0000,1.0000,1.0000,1.0000,0.9970,0.9960,0.9945,0.9925,0.9890,0.9815,0.9775,0.9705,0.9650,0.9570,0.9505,0.9385,0.9320,0.9210,0.9140,0.9045,0.8980,0.8930,0.8845,0.8760,0.8700,0.8630,0.8545,0.8490,0.8450,0.8375,0.8295,0.8220,0.8160,0.8110,0.8080,0.7970,0.7880,0.7835,0.7815,0.7780
65,1.5000,固定最適比率,2.5000,28327.3455,708.1836,spend25p,708.4987,721.2149,732.7160,744.7375,755.4477,768.3019,780.6773,794.5253,804.1812,811.9363,816.6540,822.5586,824.9672,828.0104,832.7042,829.4592,821.7044,815.0662,806.6911,792.5221,758.1096,742.3168,733.8449,723.1943,704.3560,491.3117,469.6565,448.0636,419.2105,391.0817,363.7328,338.9361,309.6693,291.1749,265.4330,248.0285,233.7555,219.9404,196.3859,182.9280,166.5981,152.3915,143.9652,131.0670,118.9507,98.3121,75.5550,61.1814,46.2728,37.0816,17.5055,0.0000,0.0000,0.0000,0.0000
65,1.5000,固定最適比率,2.5000,28327.3455,708.1836,spend50p,713.6982,736.6212,760.6956,785.7300,811.9119,839.2992,867.6750,896.8302,926.7489,954.1056,976.3073,998.5977,1022.2532,1041.2771,1057.0184,1058.2093,1055.2010,1047.3557,1047.2392,1043.2986,1011.9959,1003.7105,997.4441,986.2037,967.5205,717.2523,700.2678,679.8609,656.2963,634.2211,598.2707,569.6327,540.2707,516.2058,490.2652,474.3256,462.1792,451.8923,440.2327,429.8335,417.8107,404.9032,401.1819,389.3494,381.0334,366.7197,352.6432,338.6730,321.7742,310.9931,284.9730,264.7121,248.0634,234.9089,217.7025
65,1.5000,固定最適比率,2.5000,28327.3455,708.1836,spend75p,718.6866,751.8226,789.7971,827.8837,869.2588,916.8990,966.3209,1011.8228,1062.8635,1110.3208,1161.2886,1208.6016,1247.4578,1282.4912,1317.0616,1341.7440,1362.5943,1390.6349,1400.5700,1407.1812,1370.7689,1378.9990,1384.0006,1373.8878,1367.1462,1042.5227,1025.8611,1008.1443,985.8914,953.3228,907.4754,873.0627,839.6453,818.4483,791.6932,778.2719,766.8548,755.1837,744.3004,742.4459,732.9831,722.6011,721.2853,727.1464,714.1295,695.1873,689.1925,672.8880,660.4030,647.4637,624.1527,594.0835,577.6127,560.5724,537.6131
65,1.5000,DynamicV1Rebalance,2.5000,28327.3455,708.1836,survival,1.0000,1.0000,1.0000,1.0000,1.0000,1.0000,1.0000,1.0000,1.0000,1.0000,1.0000,0.9995,0.9985,0.9975,0.9940,0.9900,0.9875,0.9825,0.9765,0.9725,0.9685,0.9580,0.9510,0.9435,0.9380,0.9315,0.9250,0.9195,0.9125,0.9070,0.8970,0.8895,0.8870,0.8810,0.8735,0.8690,0.8650,0.8610,0.8580,0.8535,0.8490,0.8450,0.8430,0.8415,0.8410,0.8395,0.8375,0.8375,0.8355,0.8340,0.8305,0.8290,0.8280,0.8270,0.8270
65,1.5000,DynamicV1Rebalance,2.5000,28327.3455,708.1836,spend25p,708.4987,721.2149,732.7160,744.7375,755.4477,768.3019,780.6773,794.5253,804.1812,811.9363,816.6540,822.3951,824.5603,825.8816,827.6700,819.5246,813.4445,803.1532,782.4339,770.2056,732.9140,708.8440,692.4196,671.9274,654.9001,443.0903,425.1079,397.8645,371.1839,347.0198,322.2508,298.1183,278.7580,255.1301,237.7508,220.9293,204.5791,186.1156,173.5338,160.8383,150.8837,144.7860,136.6460,129.8527,123.5954,113.3605,98.8677,89.8448,76.9717,65.7798,49.9326,42.3605,30.0558,20.6872,6.9208
65,1.5000,DynamicV1Rebalance,2.5000,28327.3455,708.1836,spend50p,713.6982,736.6212,760.6956,785.7300,811.9119,839.2992,867.6750,896.8302,926.7489,954.1056,976.3073,998.4770,1021.5190,1037.8063,1050.8971,1050.5471,1042.8476,1034.7594,1029.4372,1020.5714,985.0195,968.6099,961.7078,942.4797,930.8505,685.4172,664.7371,648.7635,626.8888,603.6281,573.6827,546.4738,521.4256,496.6990,475.4819,460.1028,450.1848,442.3888,433.4894,426.3504,417.8107,412.3643,411.3936,410.1656,404.0780,394.7841,384.1104,378.0014,363.5155,355.7624,338.0805,326.9993,318.5040,304.2760,290.1699
65,1.5000,DynamicV1Rebalance,2.5000,28327.3455,708.1836,spend75p,718.6866,751.8226,789.7971,827.8837,869.2588,916.8990,966.3209,1011.8228,1062.8635,1110.3208,1161.2886,1208.1932,1246.4655,1281.8132,1311.1088,1337.1113,1355.6540,1369.7843,1377.4488,1377.9621,1343.0028,1331.1311,1317.3492,1317.9511,1318.6586,1010.7588,995.9159,976.7912,950.5722,925.1345,887.0464,861.3361,838.2342,819.0038,798.6257,793.2642,782.1716,777.3964,779.6242,772.4535,770.0981,774.3608,777.1349,780.9559,788.8523,788.3196,788.4695,786.9963,775.3000,766.7210,755.6101,743.7833,734.3190,711.8531,697.0476
65,1.5000,SpendAwareDPRebalance (R65-aware),2.5000,28327.3455,708.1836,survival,1.0000,1.0000,1.0000,1.0000,1.0000,1.0000,1.0000,1.0000,1.0000,1.0000,1.0000,0.9990,0.9990,0.9985,0.9960,0.9945,0.9890,0.9865,0.9850,0.9815,0.9780,0.9725,0.9685,0.9635,0.9580,0.9490,0.9465,0.9415,0.9370,0.9320,0.9290,0.9245,0.9220,0.9160,0.9125,0.9105,0.9070,0.9030,0.8980,0.8945,0.8880,0.8830,0.8815,0.8730,0.8685,0.8665,0.8605,0.8550,0.8515,0.8495,0.8485,0.8440,0.8415,0.8380,0.8310
65,1.5000,SpendAwareDPRebalance (R65-aware),2.5000,28327.3455,708.1836,spend25p,708.4987,721.2149,732.7160,744.7375,755.4477,768.3019,780.6773,794.5253,804.1812,811.9363,816.6540,821.7867,824.6364,826.4093,829.2271,822.4603,814.6464,805.8952,791.6864,779.6687,740.9563,726.6128,710.8000,695.9481,673.7532,461.2974,442.2622,422.9919,399.2143,375.8919,351.7181,331.8845,310.9763,292.2370,274.1844,260.7611,248.3596,235.6552,220.6285,206.7451,195.8695,184.0359,175.5960,161.7072,150.9439,138.3587,124.0445,110.5402,97.1062,85.7683,72.1851,58.0512,43.5002,28.8192,10.6029
65,1.5000,SpendAwareDPRebalance (R65-aware),2.5000,28327.3455,708.1836,spend50p,713.6982,736.6212,760.6956,785.7300,811.9119,839.2992,867.6750,896.8302,926.7489,954.1056,976.3073,998.1897,1021.7956,1039.4574,1054.2750,1053.6347,1043.7594,1039.0871,1037.4835,1029.0749,1000.9471,988.5292,975.5236,963.4448,948.8938,695.7373,684.1410,666.0541,646.8776,626.7397,598.2707,570.5480,548.9353,529.4979,507.0600,493.7662,484.3239,476.7311,472.9054,463.3348,458.6257,452.3367,445.0922,432.9503,421.4344,414.7643,401.7393,387.8335,372.7917,359.5737,346.2977,334.7637,323.0898,305.7566,284.8544
65,1.5000,SpendAwareDPRebalance (R65-aware),2.5000,28327.3455,708.1836,spend75p,718.6866,751.8226,789.7971,827.8837,869.2588,916.8990,966.3209,1011.8228,1062.8635,1110.3208,1161.2886,1208.0259,1246.4655,1281.8407,1313.4112,1339.7043,1356.3847,1372.1626,1384.8730,1391.9293,1355.0952,1356.5689,1350.6414,1341.2848,1336.2222,1022.8757,1014.9732,995.9764,977.3790,952.6571,924.9495,886.2707,876.9144,855.5461,845.6723,834.0120,830.7700,818.7616,815.7863,813.4822,814.1167,807.4448,809.0869,791.2410,799.1985,798.9987,789.9838,768.4064,754.7941,749.4619,742.6638,728.2592,717.2994,689.2814,665.2837
65,1.5000,No dynamic rebalance,2.8000,25292.2728,708.1836,survival,1.0000,1.0000,1.0000,1.0000,1.0000,1.0000,1.0000,1.0000,1.0000,1.0000,0.9995,0.9975,0.9955,0.9900,0.9855,0.9720,0.9635,0.9550,0.9405,0.9285,0.9155,0.9000,0.8815,0.8730,0.8555,0.8445,0.8295,0.8230,0.8175,0.8070,0.7970,0.7890,0.7850,0.7780,0.7705,0.7630,0.7575,0.7510,0.7460,0.7415,0.7380,0.7340,0.7295,0.7240,0.7210,0.7175,0.7140,0.7110,0.7095,0.7060,0.7035,0.7010,0.6990,0.6960,0.6945
65,1.5000,No dynamic rebalance,2.8000,25292.2728,708.1836,spend25p,708.4987,721.2149,732.7160,744.7375,755.4477,768.3019,780.6773,794.5253,804.1812,811.9363,816.2113,820.6764,821.9083,819.5837,822.0424,807.4840,791.0923,772.7409,744.3491,720.1119,674.9452,638.9227,606.6858,584.9639,544.2248,347.7949,309.7191,286.0926,260.7843,227.4679,196.3691,169.8957,148.3334,119.3071,96.4184,65.2216,38.6935,0.0000,0.0000,0.0000,0.0000,0.0000,0.0000,0.0000,0.0000,0.0000,0.0000,0.0000,0.0000,0.0000,0.0000,0.0000,0.0000,0.0000,0.0000
65,1.5000,No dynamic rebalance,2.8000,25292.2728,708.1836,spend50p,713.6982,736.6212,760.6956,785.7300,811.9119,839.2992,867.6750,896.8302,926.7489,954.1056,976.0678,996.9535,1018.6699,1029.1998,1042.6257,1034.7013,1024.9310,1011.0849,994.2159,978.2757,934.7670,914.6587,888.9401,874.3541,857.7624,614.4628,587.9544,566.2680,541.9569,517.9418,489.8789,460.4182,436.4827,412.4438,394.9850,373.0560,359.9696,346.0106,336.8755,328.7265,323.2455,316.4563,303.9770,288.4713,282.9415,270.1447,256.3362,250.2847,240.2058,221.1799,207.1661,191.6946,176.7235,162.3754,150.7898
65,1.5000,No dynamic rebalance,2.8000,25292.2728,708.1836,spend75p,718.6866,751.8226,789.7971,827.8837,869.2588,916.8990,966.3209,1011.8228,1062.8635,1110.3208,1160.8140,1207.7690,1244.5092,1277.3869,1301.1985,1313.2123,1324.0734,1332.1041,1329.4608,1325.1510,1284.9471,1257.5059,1240.7404,1241.2319,1229.9684,926.4174,903.8449,875.6490,850.4867,825.2333,798.4719,779.8542,753.7449,729.6814,718.0472,696.3169,696.4437,678.6907,672.5697,669.6989,677.2613,671.5985,670.5652,666.3317,670.9662,663.6042,658.8891,643.6227,632.7470,617.4386,606.2274,593.5640,579.4450,569.2723,549.2970
65,1.5000,固定最適比率,2.8000,25292.2728,708.1836,survival,1.0000,1.0000,1.0000,1.0000,1.0000,1.0000,1.0000,1.0000,1.0000,1.0000,1.0000,1.0000,1.0000,1.0000,1.0000,0.9995,0.9995,0.9970,0.9930,0.9865,0.9820,0.9735,0.9640,0.9560,0.9450,0.9365,0.9255,0.9190,0.9125,0.9010,0.8940,0.8825,0.8730,0.8665,0.8590,0.8535,0.8460,0.8380,0.8300,0.8260,0.8205,0.8135,0.8095,0.8025,0.7980,0.7945,0.7875,0.7835,0.7800,0.7765,0.7750,0.7730,0.7695,0.7625,0.7580
65,1.5000,固定最適比率,2.8000,25292.2728,708.1836,spend25p,708.4987,721.2149,732.7160,744.7375,755.4477,768.3019,780.6773,794.5253,804.1812,811.9363,816.6540,822.5586,824.9672,828.0104,832.7042,828.7990,821.5751,812.7971,798.9376,783.0597,745.2618,726.6128,703.9085,681.8276,658.3655,446.6086,424.9605,395.6879,370.4460,340.3162,317.8235,288.9424,260.8277,242.7899,219.9051,198.4709,177.6200,162.9605,145.1963,135.0390,124.4354,106.0513,93.6161,74.9567,63.4332,51.0611,36.6883,25.2839,14.1799,1.8539,0.0000,0.0000,0.0000,0.0000,0.0000
65,1.5000,固定最適比率,2.8000,25292.2728,708.1836,spend50p,713.6982,736.6212,760.6956,785.7300,811.9119,839.2992,867.6750,896.8302,926.7489,954.1056,976.3073,998.5977,1022.2532,1041.2771,1057.0184,1057.2416,1054.3551,1043.6364,1042.2548,1031.9564,1001.7347,985.1834,969.9063,949.4275,931.6082,682.8768,661.3955,640.8438,621.3842,591.8773,562.4916,533.4468,504.7894,478.8347,454.9015,439.3115,428.9366,412.7565,402.5792,388.7190,382.4222,373.2765,362.2075,354.9365,347.1974,335.6866,319.0858,305.7330,292.2690,281.9242,269.8089,256.2644,241.8809,222.6596,205.7207
65,1.5000,固定最適比率,2.8000,25292.2728,708.1836,spend75p,718.6866,751.8226,789.7971,827.8837,869.2588,916.8990,966.3209,1011.8228,1062.8635,1110.3208,1161.2886,1208.6016,1247.4578,1282.4912,1317.0616,1341.4407,1362.4663,1384.7560,1387.1571,1387.2035,1347.7895,1344.4494,1322.8879,1318.1036,1311.4025,997.3760,972.3000,951.4759,922.8031,884.2340,856.1811,819.8930,796.5508,778.1277,754.6402,740.8510,724.4706,715.5905,712.7099,713.6387,709.1912,702.1211,702.1052,707.5588,696.5530,689.7969,681.4263,668.3031,659.0836,643.2919,638.5063,621.2512,603.3861,578.4450,560.5901
65,1.5000,DynamicV1Rebalance,2.8000,25292.2728,708.1836,survival,1.0000,1.0000,1.0000,1.0000,1.0000,1.0000,1.0000,1.0000,1.0000,1.0000,0.9995,0.9975,0.9965,0.9915,0.9875,0.9820,0.9720,0.9670,0.9570,0.9460,0.9350,0.9275,0.9160,0.9055,0.8930,0.8860,0.8745,0.8630,0.8565,0.8490,0.8450,0.8360,0.8315,0.8250,0.8185,0.8135,0.8080,0.8030,0.7985,0.7975,0.7940,0.7925,0.7885,0.7870,0.7850,0.7830,0.7805,0.7795,0.7765,0.7765,0.7755,0.7735,0.7725,0.7705,0.7690
65,1.5000,DynamicV1Rebalance,2.8000,25292.2728,708.1836,spend25p,708.4987,721.2149,732.7160,744.7375,755.4477,768.3019,780.6773,794.5253,804.1812,811.9363,816.2113,820.6764,822.4050,821.8316,823.0714,815.3953,800.3441,785.2457,765.9103,743.2700,697.3727,673.6380,647.2040,620.6315,597.1305,395.8773,368.6834,339.9352,314.0614,287.9929,263.0271,236.2202,216.4175,193.5842,170.9352,153.5028,137.9120,125.6368,106.3926,101.0326,87.2330,77.7350,65.1405,55.8315,47.8287,38.8637,30.6932,22.4019,9.7774,2.6651,0.0000,0.0000,0.0000,0.0000,0.0000
65,1.5000,DynamicV1Rebalance,2.8000,25292.2728,708.1836,spend50p,713.6982,736.6212,760.6956,785.7300,811.9119,839.2992,867.6750,896.8302,926.7489,954.1056,976.0678,996.9535,1019.9463,1032.1175,1044.2910,1043.9850,1030.7619,1019.7602,1008.1472,991.4643,949.9443,941.2645,922.7214,905.5331,887.6071,643.6590,622.0550,596.9895,573.8960,550.1565,530.1110,499.4886,473.2937,449.9767,426.3379,412.8248,401.8184,389.8183,380.7577,375.1468,371.3914,366.5987,355.5816,351.5918,347.8424,339.9295,328.1221,319.2672,309.3901,296.0572,283.1735,272.7294,257.2978,245.9941,230.9405
65,1.5000,DynamicV1Rebalance,2.8000,25292.2728,708.1836,spend75p,718.6866,751.8226,789.7971,827.8837,869.2588,916.8990,966.3209,1011.8228,1062.8635,1110.3208,1160.8140,1207.7690,1245.6031,1277.8977,1306.1079,1327.0020,1336.6561,1346.8155,1351.2762,1349.0145,1305.1980,1300.6937,1283.0797,1275.7765,1268.0431,962.9974,938.7862,909.9284,877.6071,847.9797,831.5946,803.0375,785.5043,764.6348,738.9813,727.9960,717.2731,710.2558,705.9603,713.6387,712.3209,712.1424,715.9537,728.4138,728.4153,724.8784,709.1289,712.0919,697.8686,696.9420,688.8486,677.4539,667.2684,652.4831,635.1217
65,1.5000,SpendAwareDPRebalance (R65-aware),2.8000,25292.2728,708.1836,survival,1.0000,1.0000,1.0000,1.0000,1.0000,1.0000,1.0000,1.0000,1.0000,1.0000,0.9995,0.9980,0.9965,0.9915,0.9890,0.9855,0.9785,0.9735,0.9690,0.9610,0.9515,0.9455,0.9390,0.9305,0.9230,0.9125,0.9050,0.9010,0.8930,0.8905,0.8860,0.8805,0.8760,0.8715,0.8680,0.8610,0.8555,0.8510,0.8490,0.8435,0.8410,0.8365,0.8330,0.8235,0.8190,0.8130,0.8095,0.8070,0.8015,0.7995,0.7980,0.7945,0.7940,0.7885,0.7840
65,1.5000,SpendAwareDPRebalance (R65-aware),2.8000,25292.2728,708.1836,spend25p,708.4987,721.2149,732.7160,744.7375,755.4477,768.3019,780.6773,794.5253,804.1812,811.9363,816.2113,821.0154,822.4050,821.8316,824.9928,817.0965,804.5074,792.3328,778.1918,759.4120,715.5009,697.8229,679.9616,654.5214,634.9181,429.3787,407.8565,382.3974,349.8047,331.1511,311.2246,288.1821,265.3363,248.0602,230.8710,209.1523,190.3057,173.2444,164.8979,154.0057,145.0396,137.3177,129.6511,106.9756,92.2124,75.7977,63.4263,51.7079,40.0605,29.4707,19.4006,7.2402,0.0000,0.0000,0.0000
65,1.5000,SpendAwareDPRebalance (R65-aware),2.8000,25292.2728,708.1836,spend50p,713.6982,736.6212,760.6956,785.7300,811.9119,839.2992,867.6750,896.8302,926.7489,954.1056,976.0678,997.0001,1019.9463,1032.1175,1045.9091,1049.8262,1034.9538,1027.0160,1019.9840,1006.7020,965.1769,957.5834,951.2002,931.0241,913.6118,668.6824,649.6631,630.6495,607.2795,588.5906,561.3782,539.2685,512.1887,489.7736,469.3528,452.8124,440.6728,432.5869,424.0367,416.8956,410.9344,399.1737,398.2608,379.2416,374.5980,362.6096,351.6857,341.0411,324.1584,311.7516,298.5483,284.3964,273.6244,253.0124,235.0398
65,1.5000,SpendAwareDPRebalance (R65-aware),2.8000,25292.2728,708.1836,spend75p,718.6866,751.8226,789.7971,827.8837,869.2588,916.8990,966.3209,1011.8228,1062.8635,1110.3208,1160.8140,1207.9379,1245.6031,1277.8977,1306.1584,1333.0697,1344.0410,1356.5539,1364.7301,1357.8832,1324.4696,1321.0914,1304.2727,1305.3916,1299.8840,985.9290,968.5861,951.4759,916.7179,891.9379,868.3789,853.2012,823.4358,804.6216,790.4304,775.8168,759.6685,753.4505,755.8701,753.9918,748.5477,740.8105,744.7927,736.0623,743.9910,727.6372,709.1289,707.3745,686.8914,675.3298,670.8618,653.1715,638.0770,618.2220,596.0096
65,1.5000,No dynamic rebalance,3.0000,23606.1213,708.1836,survival,1.0000,1.0000,1.0000,1.0000,1.0000,1.0000,1.0000,1.0000,1.0000,0.9995,0.9985,0.9965,0.9925,0.9875,0.9745,0.9655,0.9550,0.9405,0.9255,0.9090,0.8935,0.8715,0.8595,0.8415,0.8245,0.8130,0.8025,0.7910,0.7795,0.7690,0.7595,0.7525,0.7465,0.7410,0.7330,0.7270,0.7230,0.7170,0.7130,0.7085,0.7050,0.6965,0.6920,0.6895,0.6870,0.6845,0.6790,0.6775,0.6750,0.6705,0.6660,0.6625,0.6615,0.6590,0.6575
65,1.5000,No dynamic rebalance,3.0000,23606.1213,708.1836,spend25p,708.4987,721.2149,732.7160,744.7375,755.4477,768.3019,780.6773,794.5253,804.1812,811.3097,815.5486,819.8342,819.5819,818.2906,812.2407,800.1979,783.6107,760.0215,732.6796,695.8417,642.3440,600.2229,570.1853,529.8438,496.3054,301.9932,270.3043,236.9519,198.4527,160.0537,118.7737,51.2817,0.0000,0.0000,0.0000,0.0000,0.0000,0.0000,0.0000,0.0000,0.0000,0.0000,0.0000,0.0000,0.0000,0.0000,0.0000,0.0000,0.0000,0.0000,0.0000,0.0000,0.0000,0.0000,0.0000
65,1.5000,No dynamic rebalance,3.0000,23606.1213,708.1836,spend50p,713.6982,736.6212,760.6956,785.7300,811.9119,839.2992,867.6750,896.8302,926.7489,954.0862,975.7077,996.8659,1017.8220,1027.3360,1030.6491,1026.1635,1019.4630,1001.6290,984.6387,963.7918,919.3317,886.5356,870.0924,842.6784,822.7505,584.6610,560.1496,539.6391,512.1001,485.4075,452.9047,425.0799,403.3714,380.1291,359.9162,338.8305,329.5686,315.9006,302.1619,290.4256,276.1574,263.4629,252.4739,246.2733,241.0361,233.4281,217.8738,204.8472,197.5277,182.7458,160.5036,147.1112,136.5164,121.6534,111.0273
65,1.5000,No dynamic rebalance,3.0000,23606.1213,708.1836,spend75p,718.6866,751.8226,789.7971,827.8837,869.2588,916.8990,966.3209,1011.8228,1062.8635,1108.9931,1160.4243,1207.7690,1243.7048,1276.5039,1293.9437,1304.6659,1317.7197,1316.4133,1310.4613,1302.4925,1248.2953,1224.1865,1225.9441,1212.4632,1194.9012,898.6737,878.4494,846.9591,817.9250,795.5630,770.4869,736.9378,710.6301,698.9805,673.2936,658.0575,655.2678,638.9569,632.8926,631.5860,636.0289,633.9236,632.2707,632.6687,630.9914,628.1167,620.3949,612.3250,601.8189,588.5465,565.3022,557.4420,539.3487,519.6956,507.4033
65,1.5000,固定最適比率,3.0000,23606.1213,708.1836,survival,1.0000,1.0000,1.0000,1.0000,1.0000,1.0000,1.0000,1.0000,1.0000,1.0000,1.0000,1.0000,1.0000,0.9995,0.9985,0.9950,0.9890,0.9830,0.9745,0.9660,0.9525,0.9410,0.9290,0.9160,0.9065,0.8920,0.8780,0.8675,0.8545,0.8450,0.8375,0.8295,0.8195,0.8100,0.8060,0.7980,0.7895,0.7830,0.7795,0.7725,0.7685,0.7635,0.7550,0.7510,0.7460,0.7430,0.7375,0.7320,0.7290,0.7240,0.7215,0.7165,0.7120,0.7105,0.7075
65,1.5000,固定最適比率,3.0000,23606.1213,708.1836,spend25p,708.4987,721.2149,732.7160,744.7375,755.4477,768.3019,780.6773,794.5253,804.1812,811.9363,816.6540,822.5586,824.9672,826.9343,831.3429,822.4603,814.4003,803.1532,780.4389,762.8992,714.9370,692.5113,665.8171,637.1916,612.0461,400.9152,371.8197,344.6068,312.9457,280.1795,254.5882,227.3970,199.7765,170.1336,154.5871,135.6062,113.4966,95.9423,78.6309,58.5234,48.2794,31.3704,0.0000,0.0000,0.0000,0.0000,0.0000,0.0000,0.0000,0.0000,0.0000,0.0000,0.0000,0.0000,0.0000
65,1.5000,固定最適比率,3.0000,23606.1213,708.1836,spend50p,713.6982,736.6212,760.6956,785.7300,811.9119,839.2992,867.6750,896.8302,926.7489,954.1056,976.3073,998.5977,1022.2532,1040.7745,1056.3551,1053.1836,1042.8476,1032.3675,1021.2004,1005.2249,960.9177,945.8782,927.1565,909.6244,895.1312,643.4399,618.5637,595.3671,566.7710,540.5189,516.7910,491.1358,456.8893,427.1877,414.1527,394.9447,378.3608,360.0858,354.1646,347.2022,336.4669,330.4643,318.0437,306.4755,297.1038,286.4556,270.1952,258.7850,248.9350,233.8606,217.1166,198.1587,182.9785,170.8730,153.8115
65,1.5000,固定最適比率,3.0000,23606.1213,708.1836,spend75p,718.6866,751.8226,789.7971,827.8837,869.2588,916.8990,966.3209,1011.8228,1062.8635,1110.3208,1161.2886,1208.6016,1247.4578,1281.9138,1315.6388,1339.4519,1352.7645,1363.6636,1360.6461,1355.4842,1307.7457,1294.6065,1276.2977,1264.7219,1262.4599,948.4651,922.7620,894.3464,855.4478,828.3509,809.1681,785.8626,755.5264,724.2046,714.1198,693.0570,679.6239,665.9493,666.0228,661.4844,657.4627,662.2128,650.2629,654.9297,655.5950,653.5049,639.7709,620.5850,613.0437,597.8235,584.2552,571.0149,546.2426,529.2040,511.0970
65,1.5000,DynamicV1Rebalance,3.0000,23606.1213,708.1836,survival,1.0000,1.0000,1.0000,1.0000,1.0000,1.0000,1.0000,1.0000,1.0000,0.9995,0.9985,0.9965,0.9930,0.9880,0.9815,0.9710,0.9630,0.9525,0.9405,0.9275,0.9145,0.9015,0.8850,0.8715,0.8540,0.8465,0.8345,0.8260,0.8205,0.8105,0.8040,0.7930,0.7865,0.7805,0.7735,0.7675,0.7630,0.7600,0.7550,0.7505,0.7480,0.7465,0.7440,0.7410,0.7385,0.7365,0.7335,0.7300,0.7290,0.7280,0.7255,0.7255,0.7250,0.7240,0.7230
65,1.5000,DynamicV1Rebalance,3.0000,23606.1213,708.1836,spend25p,708.4987,721.2149,732.7160,744.7375,755.4477,768.3019,780.6773,794.5253,804.1812,811.3097,815.5486,819.8342,820.9351,818.6173,818.9308,807.0284,790.7106,769.1751,744.3491,719.8706,674.6361,641.1673,608.3318,580.3525,537.6306,352.1071,320.6230,290.9538,265.3315,232.9815,207.4248,175.6172,152.2485,122.8461,101.6510,77.6273,57.6491,41.4564,19.2767,0.0000,0.0000,0.0000,0.0000,0.0000,0.0000,0.0000,0.0000,0.0000,0.0000,0.0000,0.0000,0.0000,0.0000,0.0000,0.0000
65,1.5000,DynamicV1Rebalance,3.0000,23606.1213,708.1836,spend50p,713.6982,736.6212,760.6956,785.7300,811.9119,839.2992,867.6750,896.8302,926.7489,954.0862,975.7077,996.8659,1017.8220,1027.4575,1036.7414,1031.0841,1024.9310,1010.0067,995.1602,978.8589,934.0336,915.1132,889.6065,873.1582,847.4811,611.7902,589.2299,566.3915,542.7873,518.7171,494.2052,461.5782,436.4265,413.1795,396.5480,374.7987,361.5758,351.2400,342.8893,336.7805,328.7233,324.0830,319.1461,306.4755,299.0747,290.6488,281.3666,265.5225,258.6985,249.1038,234.9692,224.9681,209.5033,196.4363,180.5725
65,1.5000,DynamicV1Rebalance,3.0000,23606.1213,708.1836,spend75p,718.6866,751.8226,789.7971,827.8837,869.2588,916.8990,966.3209,1011.8228,1062.8635,1108.9931,1160.4243,1207.7690,1243.7048,1276.5039,1297.9903,1309.6562,1322.4447,1332.1041,1331.6956,1327.2440,1279.2250,1254.3561,1242.2549,1236.6644,1219.0864,924.6655,903.8449,868.9207,843.1069,821.9884,798.7812,773.6673,738.1697,719.1285,707.2149,689.3118,680.4077,673.7985,670.4953,666.0152,675.0044,672.5779,679.2354,678.3255,680.9721,675.1273,670.1524,663.7197,645.0325,634.5833,633.7509,613.3649,600.6933,587.0793,573.9687
65,1.5000,SpendAwareDPRebalance (R65-aware),3.0000,23606.1213,708.1836,survival,1.0000,1.0000,1.0000,1.0000,1.0000,1.0000,1.0000,1.0000,1.0000,0.9995,0.9985,0.9965,0.9930,0.9890,0.9830,0.9770,0.9690,0.9625,0.9530,0.9410,0.9300,0.9195,0.9120,0.9025,0.8915,0.8835,0.8720,0.8685,0.8625,0.8540,0.8475,0.8420,0.8330,0.8275,0.8240,0.8175,0.8120,0.8085,0.8040,0.7975,0.7935,0.7860,0.7805,0.7750,0.7720,0.7695,0.7655,0.7630,0.7565,0.7535,0.7505,0.7480,0.7460,0.7405,0.7355
65,1.5000,SpendAwareDPRebalance (R65-aware),3.0000,23606.1213,708.1836,spend25p,708.4987,721.2149,732.7160,744.7375,755.4477,768.3019,780.6773,794.5253,804.1812,811.3097,815.5486,819.8342,820.9351,818.8215,820.2053,811.0995,797.1450,782.0225,759.5148,739.3554,691.0840,664.8728,641.2172,617.3461,594.4392,389.5231,366.4962,346.2913,325.0265,295.9721,267.9653,242.9940,217.5960,194.5850,175.2966,156.4375,141.5049,129.7960,116.9389,99.8662,86.0638,68.0185,52.4424,37.8529,31.7378,22.7418,5.1332,0.0000,0.0000,0.0000,0.0000,0.0000,0.0000,0.0000,0.0000
65,1.5000,SpendAwareDPRebalance (R65-aware),3.0000,23606.1213,708.1836,spend50p,713.6982,736.6212,760.6956,785.7300,811.9119,839.2992,867.6750,896.8302,926.7489,954.0862,975.7077,996.8659,1017.8220,1027.7617,1038.2032,1038.7684,1029.7642,1017.3320,1007.5577,987.0617,946.6676,931.6668,919.9595,903.4401,881.5510,641.2840,620.0306,602.2601,579.8548,554.7443,532.6039,505.3746,475.2220,452.0766,431.3828,415.5553,402.8595,394.1521,383.6971,373.1684,368.1339,356.4227,342.4558,335.8993,325.3757,315.0756,299.4675,291.8064,273.7662,265.9886,249.8910,236.5459,223.4321,202.9736,182.1069
65,1.5000,SpendAwareDPRebalance (R65-aware),3.0000,23606.1213,708.1836,spend75p,718.6866,751.8226,789.7971,827.8837,869.2588,916.8990,966.3209,1011.8228,1062.8635,1108.9931,1160.4243,1207.7690,1243.7048,1277.0725,1299.8922,1318.5486,1329.4502,1342.5262,1345.4530,1342.7779,1302.5708,1285.5131,1276.2977,1270.1136,1262.4599,960.7533,935.7399,914.2740,883.8220,849.5911,831.5946,808.5449,785.2898,762.5843,744.2871,730.8601,716.7404,709.4076,704.4966,703.7698,699.6123,685.1743,688.9887,685.7776,682.8559,675.2485,669.7507,663.7222,642.8876,628.0573,614.7622,594.5861,578.7091,560.2523,534.9846
65,1.5000,No dynamic rebalance,3.3300,21266.7759,708.1836,survival,1.0000,1.0000,1.0000,1.0000,1.0000,1.0000,1.0000,1.0000,1.0000,0.9990,0.9965,0.9945,0.9880,0.9760,0.9610,0.9475,0.9330,0.9125,0.8900,0.8700,0.8520,0.8340,0.8120,0.7880,0.7690,0.7575,0.7435,0.7325,0.7220,0.7115,0.7000,0.6935,0.6900,0.6810,0.6730,0.6660,0.6610,0.6535,0.6485,0.6380,0.6355,0.6330,0.6295,0.6265,0.6245,0.6200,0.6165,0.6120,0.6100,0.6085,0.6070,0.6035,0.6005,0.5990,0.5975
65,1.5000,No dynamic rebalance,3.3300,21266.7759,708.1836,spend25p,708.4987,721.2149,732.7160,744.7375,755.4477,768.3019,780.6773,794.5253,804.1812,810.2135,814.3599,818.1465,814.0230,813.2932,799.4458,783.9745,761.4486,725.1704,684.2608,638.9713,584.0185,533.3790,483.2565,427.6615,354.9576,164.1592,0.0000,0.0000,0.0000,0.0000,0.0000,0.0000,0.0000,0.0000,0.0000,0.0000,0.0000,0.0000,0.0000,0.0000,0.0000,0.0000,0.0000,0.0000,0.0000,0.0000,0.0000,0.0000,0.0000,0.0000,0.0000,0.0000,0.0000,0.0000,0.0000
65,1.5000,No dynamic rebalance,3.3300,21266.7759,708.1836,spend50p,713.6982,736.6212,760.6956,785.7300,811.9119,839.2992,867.6750,896.8302,926.7489,954.0025,974.1321,995.2290,1015.1815,1021.1484,1020.1606,1014.9251,1002.4890,987.4316,953.8327,928.7071,879.6102,850.7294,827.7027,797.3584,775.6459,540.7720,508.7872,482.4988,455.3569,424.3665,391.2500,365.3014,345.5377,319.8396,301.5834,283.1814,265.5062,250.7592,237.0474,220.6444,210.5374,204.1402,192.3998,179.8630,172.8140,158.5337,144.6241,133.1699,119.3923,111.4198,96.6826,83.1870,67.4931,55.8356,43.7753
65,1.5000,No dynamic rebalance,3.3300,21266.7759,708.1836,spend75p,718.6866,751.8226,789.7971,827.8837,869.2588,916.8990,966.3209,1011.8228,1062.8635,1108.2926,1159.6972,1206.8956,1239.8383,1262.5216,1283.0496,1295.1941,1297.8882,1297.5731,1279.4483,1252.2169,1204.8797,1196.0373,1182.6601,1158.3797,1146.2143,851.2563,818.7332,795.1293,768.2448,740.0227,704.0718,681.7808,664.5437,638.1873,617.8900,601.5737,596.7218,592.1125,580.3417,572.8821,569.1954,567.9257,569.4913,564.2168,559.5898,560.9196,551.5875,546.3458,531.0365,522.6137,516.7185,491.9517,472.8106,453.4190,438.4328
65,1.5000,固定最適比率,3.3300,21266.7759,708.1836,survival,1.0000,1.0000,1.0000,1.0000,1.0000,1.0000,1.0000,1.0000,1.0000,1.0000,0.9995,0.9990,0.9965,0.9920,0.9845,0.9715,0.9600,0.9460,0.9305,0.9115,0.8965,0.8745,0.8540,0.8340,0.8165,0.8000,0.7860,0.7725,0.7605,0.7500,0.7390,0.7310,0.7215,0.7165,0.7075,0.6975,0.6925,0.6855,0.6795,0.6755,0.6715,0.6660,0.6610,0.6555,0.6495,0.6460,0.6420,0.6370,0.6325,0.6315,0.6280,0.6245,0.6240,0.6215,0.6195
65,1.5000,固定最適比率,3.3300,21266.7759,708.1836,spend25p,708.4987,721.2149,732.7160,744.7375,755.4477,768.3019,780.6773,794.5253,804.1812,811.9363,816.2113,821.7867,822.1360,820.7530,821.8880,805.6414,787.5229,763.6552,736.7069,697.6514,645.9448,602.6877,560.6987,519.9513,474.0116,279.0789,237.8720,190.5198,145.1616,33.2071,0.0000,0.0000,0.0000,0.0000,0.0000,0.0000,0.0000,0.0000,0.0000,0.0000,0.0000,0.0000,0.0000,0.0000,0.0000,0.0000,0.0000,0.0000,0.0000,0.0000,0.0000,0.0000,0.0000,0.0000,0.0000
65,1.5000,固定最適比率,3.3300,21266.7759,708.1836,spend50p,713.6982,736.6212,760.6956,785.7300,811.9119,839.2992,867.6750,896.8302,926.7489,954.1056,976.0678,998.1897,1019.0683,1029.1998,1040.3158,1028.6852,1021.3942,1003.7995,984.6387,961.4234,914.0879,884.6806,852.9987,833.2799,805.1502,566.3367,544.7608,516.1388,488.3094,457.4917,425.9401,398.5871,372.5315,350.6467,327.3753,312.1610,298.1555,275.0384,264.4594,255.8134,243.2534,229.0852,221.6618,210.7421,197.2822,184.3871,171.9057,158.9221,139.8697,127.4765,113.3850,98.7600,87.4659,70.4579,57.4899
65,1.5000,固定最適比率,3.3300,21266.7759,708.1836,spend75p,718.6866,751.8226,789.7971,827.8837,869.2588,916.8990,966.3209,1011.8228,1062.8635,1110.3208,1160.8140,1208.0259,1244.5092,1277.2800,1299.8922,1305.1225,1316.9641,1315.4980,1308.7619,1294.9986,1237.7089,1219.2343,1196.8245,1189.8985,1172.5546,870.8892,838.0980,807.5730,783.7058,757.5203,724.8193,693.4743,669.0823,649.8979,630.0275,613.4996,606.7433,600.1498,596.5060,593.6635,583.8020,580.0971,578.1042,567.8061,561.9610,563.1750,559.9928,552.1025,531.1532,523.6569,515.4076,491.1243,475.3347,457.9519,441.3895
65,1.5000,DynamicV1Rebalance,3.3300,21266.7759,708.1836,survival,1.0000,1.0000,1.0000,1.0000,1.0000,1.0000,1.0000,1.0000,1.0000,0.9990,0.9965,0.9945,0.9880,0.9785,0.9625,0.9530,0.9400,0.9225,0.9030,0.8835,0.8670,0.8515,0.8355,0.8150,0.7995,0.7855,0.7750,0.7575,0.7500,0.7420,0.7340,0.7260,0.7200,0.7105,0.7010,0.6935,0.6890,0.6870,0.6820,0.6770,0.6750,0.6740,0.6720,0.6690,0.6675,0.6665,0.6640,0.6625,0.6610,0.6570,0.6545,0.6535,0.6520,0.6505,0.6500
65,1.5000,DynamicV1Rebalance,3.3300,21266.7759,708.1836,spend25p,708.4987,721.2149,732.7160,744.7375,755.4477,768.3019,780.6773,794.5253,804.1812,810.2135,814.3599,818.1465,814.0230,815.1117,800.5133,789.0363,768.7420,737.0349,700.1748,660.2965,607.0084,568.7077,528.8563,482.7560,440.3547,250.4978,207.8507,140.0906,45.6368,0.0000,0.0000,0.0000,0.0000,0.0000,0.0000,0.0000,0.0000,0.0000,0.0000,0.0000,0.0000,0.0000,0.0000,0.0000,0.0000,0.0000,0.0000,0.0000,0.0000,0.0000,0.0000,0.0000,0.0000,0.0000,0.0000
65,1.5000,DynamicV1Rebalance,3.3300,21266.7759,708.1836,spend50p,713.6982,736.6212,760.6956,785.7300,811.9119,839.2992,867.6750,896.8302,926.7489,954.0025,974.1321,995.2290,1015.1815,1023.0060,1020.8299,1020.5204,1008.2779,992.2829,964.2691,941.4220,894.2726,864.1796,848.1575,822.2988,793.7374,563.7061,543.9348,506.3037,486.1354,456.0804,425.9401,398.5871,377.8048,349.8779,326.9886,312.1610,299.0837,287.4768,271.0726,260.4040,251.3893,245.2601,234.0732,227.9680,219.4197,211.3861,202.3438,193.9794,182.0555,167.7671,155.0229,139.1571,129.3563,113.7307,99.8180
65,1.5000,DynamicV1Rebalance,3.3300,21266.7759,708.1836,spend75p,718.6866,751.8226,789.7971,827.8837,869.2588,916.8990,966.3209,1011.8228,1062.8635,1108.2926,1159.6972,1206.8956,1239.8383,1264.8927,1283.6358,1299.4368,1304.3379,1308.4911,1290.3465,1278.8508,1217.2065,1210.3455,1196.3498,1186.0510,1165.7724,872.3386,845.1855,811.3108,796.2055,769.4074,738.6660,701.8310,685.0810,656.9194,636.5753,621.6213,611.9855,612.2579,605.4182,602.8291,608.0748,609.0761,606.2033,601.3475,594.6217,594.9844,596.2175,588.5377,580.9599,576.2211,557.7374,551.2234,527.5665,514.1657,502.0473
65,1.5000,SpendAwareDPRebalance (R65-aware),3.3300,21266.7759,708.1836,survival,1.0000,1.0000,1.0000,1.0000,1.0000,1.0000,1.0000,1.0000,1.0000,0.9990,0.9965,0.9945,0.9880,0.9795,0.9655,0.9565,0.9480,0.9330,0.9180,0.9010,0.8835,0.8705,0.8545,0.8425,0.8260,0.8175,0.8100,0.8015,0.7905,0.7815,0.7740,0.7680,0.7620,0.7555,0.7510,0.7450,0.7400,0.7355,0.7310,0.7240,0.7200,0.7135,0.7115,0.7050,0.7010,0.6970,0.6950,0.6925,0.6860,0.6825,0.6790,0.6740,0.6720,0.6675,0.6620
65,1.5000,SpendAwareDPRebalance (R65-aware),3.3300,21266.7759,708.1836,spend25p,708.4987,721.2149,732.7160,744.7375,755.4477,768.3019,780.6773,794.5253,804.1812,810.2135,814.3599,818.1465,814.0230,815.4133,803.7680,791.2624,778.9689,751.3972,722.9330,686.9850,628.6561,598.7969,562.4874,534.5948,498.6466,306.2447,281.3247,249.9375,217.1422,186.4687,156.5809,130.2444,99.6833,50.9471,12.3242,0.0000,0.0000,0.0000,0.0000,0.0000,0.0000,0.0000,0.0000,0.0000,0.0000,0.0000,0.0000,0.0000,0.0000,0.0000,0.0000,0.0000,0.0000,0.0000,0.0000
65,1.5000,SpendAwareDPRebalance (R65-aware),3.3300,21266.7759,708.1836,spend50p,713.6982,736.6212,760.6956,785.7300,811.9119,839.2992,867.6750,896.8302,926.7489,954.0025,974.1321,995.2290,1015.1815,1023.4405,1024.4369,1022.0909,1013.8455,997.8864,976.7976,956.0162,906.1412,885.2596,860.7340,842.6784,823.2706,588.6295,565.6047,546.8910,519.2745,493.7344,465.5052,440.5463,417.8265,392.3299,373.5379,357.4464,341.6976,332.6152,325.9198,307.4717,300.3197,286.9448,278.0136,262.8144,254.8812,244.8889,243.0723,229.2644,210.6969,196.1887,177.8824,159.8102,142.5386,130.5084,111.3945
65,1.5000,SpendAwareDPRebalance (R65-aware),3.3300,21266.7759,708.1836,spend75p,718.6866,751.8226,789.7971,827.8837,869.2588,916.8990,966.3209,1011.8228,1062.8635,1108.2926,1159.6972,1206.8956,1239.8383,1266.4840,1285.5661,1300.9563,1308.7858,1313.1512,1308.2847,1293.5319,1230.6942,1223.3588,1220.0274,1209.9081,1192.0372,901.0370,881.9094,857.0400,820.6073,802.7104,782.6367,747.6993,721.1499,703.1661,681.6979,667.0908,659.5755,645.4247,638.8387,630.5448,633.8355,633.9236,632.8667,626.7268,608.6846,606.9556,604.3959,591.7660,575.0068,568.1102,552.2105,525.1072,513.6693,488.2000,465.2005
65,1.5000,No dynamic rebalance,3.6600,19349.2797,708.1836,survival,1.0000,1.0000,1.0000,1.0000,1.0000,1.0000,1.0000,1.0000,0.9995,0.9975,0.9955,0.9895,0.9790,0.9595,0.9425,0.9280,0.9015,0.8760,0.8545,0.8310,0.8055,0.7775,0.7535,0.7285,0.7095,0.6920,0.6790,0.6695,0.6595,0.6510,0.6445,0.6330,0.6270,0.6200,0.6125,0.6080,0.6020,0.5980,0.5940,0.5915,0.5880,0.5835,0.5805,0.5755,0.5695,0.5665,0.5615,0.5595,0.5565,0.5545,0.5535,0.5505,0.5470,0.5455,0.5440
65,1.5000,No dynamic rebalance,3.6600,19349.2797,708.1836,spend25p,708.4987,721.2149,732.7160,744.7375,755.4477,768.3019,780.6773,794.5253,804.0683,809.2232,813.9996,815.8866,809.4292,798.6919,782.4302,758.7812,726.1372,673.5581,632.3085,576.4013,498.1860,423.2420,277.3456,0.0000,0.0000,0.0000,0.0000,0.0000,0.0000,0.0000,0.0000,0.0000,0.0000,0.0000,0.0000,0.0000,0.0000,0.0000,0.0000,0.0000,0.0000,0.0000,0.0000,0.0000,0.0000,0.0000,0.0000,0.0000,0.0000,0.0000,0.0000,0.0000,0.0000,0.0000,0.0000
65,1.5000,No dynamic rebalance,3.6600,19349.2797,708.1836,spend50p,713.6982,736.6212,760.6956,785.7300,811.9119,839.2992,867.6750,896.8302,926.3303,952.6157,973.8660,993.5976,1008.4832,1010.8360,1004.7831,1001.2986,979.9319,952.2833,920.4532,891.4108,832.6221,806.0812,770.9680,739.2557,704.7113,475.2495,446.7178,417.4436,389.1523,360.4175,335.4320,305.6048,283.9942,260.1366,240.9423,222.7826,206.3408,188.4804,171.2250,163.7831,153.7280,146.9899,139.9519,129.0518,113.6018,100.7073,79.0430,67.8537,55.8236,43.4008,34.9004,22.2450,7.5352,0.0000,0.0000
65,1.5000,No dynamic rebalance,3.6600,19349.2797,708.1836,spend75p,718.6866,751.8226,789.7971,827.8837,869.2588,916.8990,966.3209,1011.8228,1062.4639,1107.6675,1158.8195,1203.7176,1235.6143,1252.0348,1271.7996,1284.7982,1283.5441,1257.8684,1248.2466,1222.2332,1168.3647,1148.6265,1130.2578,1111.7585,1073.8988,783.0802,755.9064,741.3788,708.4093,677.1452,658.9634,633.1675,608.2063,588.6746,565.7910,553.1888,539.0826,530.0607,523.5890,525.0644,527.1465,524.9415,521.4635,517.4029,505.1242,498.9956,482.2633,475.8859,464.7421,449.8632,439.6677,427.2527,413.3547,396.9018,378.0328
65,1.5000,固定最適比率,3.6600,19349.2797,708.1836,survival,1.0000,1.0000,1.0000,1.0000,1.0000,1.0000,1.0000,1.0000,1.0000,0.9990,0.9965,0.9930,0.9855,0.9690,0.9520,0.9375,0.9170,0.8900,0.8715,0.8490,0.8240,0.7980,0.7735,0.7460,0.7260,0.7050,0.6925,0.6800,0.6710,0.6615,0.6535,0.6450,0.6380,0.6300,0.6230,0.6185,0.6135,0.6090,0.6035,0.5990,0.5960,0.5905,0.5885,0.5830,0.5785,0.5735,0.5695,0.5685,0.5665,0.5640,0.5610,0.5595,0.5575,0.5555,0.5535
65,1.5000,固定最適比率,3.6600,19349.2797,708.1836,spend25p,708.4987,721.2149,732.7160,744.7375,755.4477,768.3019,780.6773,794.5253,804.1812,810.2135,814.3599,816.9855,813.3026,806.1870,791.5058,769.5682,741.6317,693.8261,655.2427,606.4278,531.4235,469.1897,395.5057,0.0000,0.0000,0.0000,0.0000,0.0000,0.0000,0.0000,0.0000,0.0000,0.0000,0.0000,0.0000,0.0000,0.0000,0.0000,0.0000,0.0000,0.0000,0.0000,0.0000,0.0000,0.0000,0.0000,0.0000,0.0000,0.0000,0.0000,0.0000,0.0000,0.0000,0.0000,0.0000
65,1.5000,固定最適比率,3.6600,19349.2797,708.1836,spend50p,713.6982,736.6212,760.6956,785.7300,811.9119,839.2992,867.6750,896.8302,926.7489,954.0025,974.1321,994.5794,1010.7447,1016.6565,1011.2652,1007.6727,990.8844,967.2369,937.1030,909.5767,845.1458,819.0307,791.9633,755.8912,722.6636,488.0157,458.8419,427.5461,399.2111,371.0182,344.6422,314.7412,294.1079,269.2366,251.6034,235.0757,217.2320,204.1739,186.6225,170.3818,160.6336,152.0657,144.8583,131.4915,122.7903,105.9530,88.8596,78.1698,67.0058,53.2505,41.4426,29.6169,16.6476,4.9622,0.0000
65,1.5000,固定最適比率,3.6600,19349.2797,708.1836,spend75p,718.6866,751.8226,789.7971,827.8837,869.2588,916.8990,966.3209,1011.8228,1062.8635,1108.2926,1159.6972,1204.9305,1237.7144,1259.1543,1277.3460,1286.9576,1287.9754,1268.3588,1256.0444,1232.7934,1174.1471,1158.6467,1145.3370,1115.0441,1085.6047,787.6061,761.5998,742.5997,716.2741,685.3241,662.6842,636.7059,611.5605,591.5443,569.6212,555.7032,542.9362,535.5467,528.2534,526.6346,527.4184,524.3831,522.6727,519.0162,510.4649,498.9956,489.0721,482.7764,469.3586,457.4679,439.9564,432.1236,418.3700,399.4560,382.7618
65,1.5000,DynamicV1Rebalance,3.6600,19349.2797,708.1836,survival,1.0000,1.0000,1.0000,1.0000,1.0000,1.0000,1.0000,1.0000,0.9995,0.9980,0.9960,0.9890,0.9805,0.9605,0.9460,0.9330,0.9055,0.8810,0.8610,0.8390,0.8140,0.7925,0.7710,0.7500,0.7290,0.7135,0.7025,0.6910,0.6780,0.6710,0.6650,0.6530,0.6460,0.6370,0.6305,0.6225,0.6175,0.6160,0.6120,0.6065,0.6030,0.6010,0.5995,0.5975,0.5950,0.5935,0.5910,0.5895,0.5855,0.5850,0.5835,0.5825,0.5820,0.5815,0.5815
65,1.5000,DynamicV1Rebalance,3.6600,19349.2797,708.1836,spend25p,708.4987,721.2149,732.7160,744.7375,755.4477,768.3019,780.6773,794.5253,804.0683,809.4446,814.1837,815.6795,810.4489,799.0268,784.9703,762.9096,729.0603,679.4134,641.0928,589.5886,512.6439,457.6295,383.5185,157.7213,0.0000,0.0000,0.0000,0.0000,0.0000,0.0000,0.0000,0.0000,0.0000,0.0000,0.0000,0.0000,0.0000,0.0000,0.0000,0.0000,0.0000,0.0000,0.0000,0.0000,0.0000,0.0000,0.0000,0.0000,0.0000,0.0000,0.0000,0.0000,0.0000,0.0000,0.0000
65,1.5000,DynamicV1Rebalance,3.6600,19349.2797,708.1836,spend50p,713.6982,736.6212,760.6956,785.7300,811.9119,839.2992,867.6750,896.8302,926.3303,953.4232,973.8660,993.4463,1008.9100,1011.4364,1007.5158,1007.6727,983.4640,956.2447,932.3520,903.0251,842.6187,817.4023,792.7280,759.6261,725.2536,497.1407,472.4115,442.6810,406.4215,379.2561,353.9325,322.5563,300.7405,277.7920,257.4713,240.5628,222.2712,214.8360,196.4378,185.6056,172.5919,165.1087,159.8225,152.5107,141.7382,131.0744,121.3909,109.5670,94.7314,84.1121,71.6824,59.4603,48.5638,34.1885,25.5279
65,1.5000,DynamicV1Rebalance,3.6600,19349.2797,708.1836,spend75p,718.6866,751.8226,789.7971,827.8837,869.2588,916.8990,966.3209,1011.8228,1062.4639,1107.9589,1158.8195,1203.4726,1236.5073,1252.0348,1274.9143,1287.4907,1286.2100,1260.3454,1250.5655,1229.2523,1172.7795,1165.0488,1150.1718,1127.1511,1103.6518,797.1390,776.6176,755.6409,720.8602,695.7162,680.5263,651.5561,623.4021,600.7216,577.4815,560.8051,552.6147,552.5578,541.9898,538.1568,537.7466,540.7309,538.1289,540.9844,538.0283,528.2905,517.9603,514.9078,511.2563,502.1011,488.4046,476.3322,458.0959,442.1345,428.8934
65,1.5000,SpendAwareDPRebalance (R65-aware),3.6600,19349.2797,708.1836,survival,1.0000,1.0000,1.0000,1.0000,1.0000,1.0000,1.0000,1.0000,0.9995,0.9975,0.9955,0.9895,0.9805,0.9605,0.9460,0.9325,0.9090,0.8870,0.8680,0.8480,0.8240,0.8095,0.7895,0.7685,0.7540,0.7450,0.7365,0.7270,0.7200,0.7130,0.7080,0.7000,0.6950,0.6875,0.6820,0.6745,0.6705,0.6650,0.6595,0.6560,0.6520,0.6460,0.6430,0.6390,0.6345,0.6315,0.6270,0.6235,0.6205,0.6190,0.6170,0.6150,0.6135,0.6090,0.6040
65,1.5000,SpendAwareDPRebalance (R65-aware),3.6600,19349.2797,708.1836,spend25p,708.4987,721.2149,732.7160,744.7375,755.4477,768.3019,780.6773,794.5253,804.0683,809.2232,813.9996,815.8866,810.4489,799.0268,784.9703,762.6298,733.2188,688.0066,650.9362,606.4278,532.4900,494.5414,441.3897,365.7433,268.3869,0.0000,0.0000,0.0000,0.0000,0.0000,0.0000,0.0000,0.0000,0.0000,0.0000,0.0000,0.0000,0.0000,0.0000,0.0000,0.0000,0.0000,0.0000,0.0000,0.0000,0.0000,0.0000,0.0000,0.0000,0.0000,0.0000,0.0000,0.0000,0.0000,0.0000
65,1.5000,SpendAwareDPRebalance (R65-aware),3.6600,19349.2797,708.1836,spend50p,713.6982,736.6212,760.6956,785.7300,811.9119,839.2992,867.6750,896.8302,926.3303,952.6157,973.8660,993.5976,1008.9100,1011.4364,1007.5158,1007.3493,986.2489,965.5278,937.1030,913.2238,853.3450,834.6445,807.9795,777.2970,753.8121,528.2313,503.7167,476.4130,452.2196,425.7340,399.9503,375.5463,354.1100,329.1737,310.6235,293.6566,277.3219,260.6014,245.5670,236.9146,226.6523,211.8076,204.5688,197.0091,181.8469,173.0921,162.1085,144.6105,130.7899,120.6619,106.8214,90.9391,80.2949,64.2498,48.2405
65,1.5000,SpendAwareDPRebalance (R65-aware),3.6600,19349.2797,708.1836,spend75p,718.6866,751.8226,789.7971,827.8837,869.2588,916.8990,966.3209,1011.8228,1062.4639,1107.6675,1158.8195,1203.7176,1236.5073,1252.5756,1275.1188,1287.4907,1289.3802,1271.6256,1260.9330,1241.8045,1180.4822,1177.6148,1164.7768,1144.6907,1123.6186,832.7822,806.3717,786.6712,767.0538,743.2243,716.7069,688.5975,669.1320,642.3851,621.7661,601.5737,594.9688,588.7963,580.0913,578.8144,571.8233,563.8675,566.6666,563.3949,551.2896,550.6789,541.0924,531.8531,523.4410,509.8930,496.7613,483.4720,460.5717,437.5478,413.1275
65,1.5000,No dynamic rebalance,4.0000,17704.5910,708.1836,survival,1.0000,1.0000,1.0000,1.0000,1.0000,1.0000,1.0000,1.0000,0.9990,0.9965,0.9920,0.9825,0.9595,0.9405,0.9230,0.8965,0.8670,0.8405,0.8070,0.7750,0.7440,0.7120,0.6910,0.6680,0.6480,0.6365,0.6255,0.6160,0.6050,0.5925,0.5845,0.5765,0.5705,0.5655,0.5595,0.5510,0.5465,0.5425,0.5385,0.5325,0.5270,0.5200,0.5170,0.5140,0.5135,0.5115,0.5080,0.5065,0.5020,0.5005,0.4990,0.4960,0.4945,0.4935,0.4905
65,1.5000,No dynamic rebalance,4.0000,17704.5910,708.1836,spend25p,708.4987,721.2149,732.7160,744.7375,755.4477,768.3019,780.6773,794.5253,803.6139,808.6686,812.2358,811.0421,796.8504,784.4257,765.1702,732.3040,677.1259,632.7207,549.9814,460.5992,0.0000,0.0000,0.0000,0.0000,0.0000,0.0000,0.0000,0.0000,0.0000,0.0000,0.0000,0.0000,0.0000,0.0000,0.0000,0.0000,0.0000,0.0000,0.0000,0.0000,0.0000,0.0000,0.0000,0.0000,0.0000,0.0000,0.0000,0.0000,0.0000,0.0000,0.0000,0.0000,0.0000,0.0000,0.0000
65,1.5000,No dynamic rebalance,4.0000,17704.5910,708.1836,spend50p,713.6982,736.6212,760.6956,785.7300,811.9119,839.2992,867.6750,896.8302,926.1366,952.0141,972.3283,989.8632,994.7801,997.6689,991.0196,973.3570,947.6193,927.3717,884.1417,849.6938,783.0395,739.8291,710.2434,668.0094,630.6790,417.1434,389.1919,361.4755,333.0593,298.9490,271.1265,239.2076,217.2794,194.4621,171.6247,147.7532,134.4553,122.2012,104.8598,90.0887,72.2883,49.7618,38.2835,28.3750,21.3916,2.0577,0.0000,0.0000,0.0000,0.0000,0.0000,0.0000,0.0000,0.0000,0.0000
65,1.5000,No dynamic rebalance,4.0000,17704.5910,708.1836,spend75p,718.6866,751.8226,789.7971,827.8837,869.2588,916.8990,966.3209,1011.8228,1062.1801,1107.6675,1157.1505,1198.1117,1220.2776,1240.4199,1253.9142,1264.6940,1252.1251,1242.2368,1209.3409,1178.0751,1123.8884,1101.1061,1070.0311,1043.2853,1017.6217,740.7146,717.4091,691.6078,662.9724,636.4256,609.7014,580.6699,557.8238,538.7013,522.0613,497.1104,486.8908,479.5720,477.9233,468.5158,463.3634,453.8096,444.2050,436.0659,436.0345,435.5611,425.1096,412.9789,397.5921,387.1699,372.4417,356.5630,342.7032,331.2104,306.0416
65,1.5000,固定最適比率,4.0000,17704.5910,708.1836,survival,1.0000,1.0000,1.0000,1.0000,1.0000,1.0000,1.0000,1.0000,0.9990,0.9965,0.9920,0.9825,0.9595,0.9405,0.9230,0.8965,0.8670,0.8405,0.8070,0.7750,0.7440,0.7120,0.6910,0.6680,0.6480,0.6365,0.6255,0.6160,0.6050,0.5925,0.5845,0.5765,0.5705,0.5655,0.5595,0.5510,0.5465,0.5425,0.5385,0.5325,0.5270,0.5200,0.5170,0.5140,0.5135,0.5115,0.5080,0.5065,0.5020,0.5005,0.4990,0.4960,0.4945,0.4935,0.4905
65,1.5000,固定最適比率,4.0000,17704.5910,708.1836,spend25p,708.4987,721.2149,732.7160,744.7375,755.4477,768.3019,780.6773,794.5253,803.6139,808.6686,812.2358,811.0421,796.8504,784.4257,765.1702,732.3040,677.1259,632.7207,549.9814,460.5992,0.0000,0.0000,0.0000,0.0000,0.0000,0.0000,0.0000,0.0000,0.0000,0.0000,0.0000,0.0000,0.0000,0.0000,0.0000,0.0000,0.0000,0.0000,0.0000,0.0000,0.0000,0.0000,0.0000,0.0000,0.0000,0.0000,0.0000,0.0000,0.0000,0.0000,0.0000,0.0000,0.0000,0.0000,0.0000
65,1.5000,固定最適比率,4.0000,17704.5910,708.1836,spend50p,713.6982,736.6212,760.6956,785.7300,811.9119,839.2992,867.6750,896.8302,926.1366,952.0141,972.3283,989.8632,994.7801,997.6689,991.0196,973.3570,947.6193,927.3717,884.1417,849.6938,783.0395,739.8291,710.2434,668.0094,630.6790,417.1434,389.1919,361.4755,333.0593,298.9490,271.1265,239.2076,217.2794,194.4621,171.6247,147.7532,134.4553,122.2012,104.8598,90.0887,72.2883,49.7618,38.2835,28.3750,21.3916,2.0577,0.0000,0.0000,0.0000,0.0000,0.0000,0.0000,0.0000,0.0000,0.0000
65,1.5000,固定最適比率,4.0000,17704.5910,708.1836,spend75p,718.6866,751.8226,789.7971,827.8837,869.2588,916.8990,966.3209,1011.8228,1062.1801,1107.6675,1157.1505,1198.1117,1220.2776,1240.4199,1253.9142,1264.6940,1252.1251,1242.2368,1209.3409,1178.0751,1123.8884,1101.1061,1070.0311,1043.2853,1017.6217,740.7146,717.4091,691.6078,662.9724,636.4256,609.7014,580.6699,557.8238,538.7013,522.0613,497.1104,486.8908,479.5720,477.9233,468.5158,463.3634,453.8096,444.2050,436.0659,436.0345,435.5611,425.1096,412.9789,397.5921,387.1699,372.4417,356.5630,342.7032,331.2104,306.0416
65,1.5000,DynamicV1Rebalance,4.0000,17704.5910,708.1836,survival,1.0000,1.0000,1.0000,1.0000,1.0000,1.0000,1.0000,1.0000,0.9990,0.9965,0.9925,0.9825,0.9600,0.9405,0.9255,0.8970,0.8695,0.8435,0.8115,0.7820,0.7530,0.7230,0.7025,0.6790,0.6580,0.6450,0.6370,0.6280,0.6170,0.6055,0.5970,0.5900,0.5840,0.5805,0.5750,0.5675,0.5620,0.5565,0.5535,0.5495,0.5455,0.5410,0.5395,0.5365,0.5340,0.5325,0.5310,0.5310,0.5295,0.5290,0.5265,0.5250,0.5225,0.5225,0.5215
65,1.5000,DynamicV1Rebalance,4.0000,17704.5910,708.1836,spend25p,708.4987,721.2149,732.7160,744.7375,755.4477,768.3019,780.6773,794.5253,803.6139,808.6686,812.5738,811.0421,797.8374,784.4257,770.6376,733.0721,680.0229,635.0308,559.5233,478.8842,295.1396,0.0000,0.0000,0.0000,0.0000,0.0000,0.0000,0.0000,0.0000,0.0000,0.0000,0.0000,0.0000,0.0000,0.0000,0.0000,0.0000,0.0000,0.0000,0.0000,0.0000,0.0000,0.0000,0.0000,0.0000,0.0000,0.0000,0.0000,0.0000,0.0000,0.0000,0.0000,0.0000,0.0000,0.0000
65,1.5000,DynamicV1Rebalance,4.0000,17704.5910,708.1836,spend50p,713.6982,736.6212,760.6956,785.7300,811.9119,839.2992,867.6750,896.8302,926.1366,952.0141,972.3283,989.8632,995.2654,997.6689,993.3446,973.8418,951.6093,929.3402,888.1693,853.3598,789.3451,748.2727,724.3995,678.2761,645.0571,432.4737,408.8632,377.0028,345.3482,317.6376,288.4288,259.6029,233.8802,216.3899,194.0892,169.3164,152.6056,136.5816,127.0205,112.3225,103.1856,87.5487,75.4161,66.2305,55.0781,44.9083,37.3607,31.9182,23.8668,12.1833,0.0000,0.0000,0.0000,0.0000,0.0000
65,1.5000,DynamicV1Rebalance,4.0000,17704.5910,708.1836,spend75p,718.6866,751.8226,789.7971,827.8837,869.2588,916.8990,966.3209,1011.8228,1062.1801,1107.6675,1157.1505,1198.1117,1220.9550,1240.4199,1258.6597,1265.3729,1254.0157,1243.5178,1211.7256,1182.6144,1133.0087,1105.9584,1086.7261,1058.9348,1022.9408,745.2219,724.2624,701.7968,670.1233,643.3795,620.5695,590.0249,569.4041,552.9449,533.4689,508.3673,492.6112,486.0537,485.3918,481.9073,479.8958,473.7184,473.5848,466.3496,464.0694,457.6305,456.3135,444.8777,432.4905,423.4376,410.4330,397.8186,379.2041,365.2461,349.0224
65,1.5000,SpendAwareDPRebalance (R65-aware),4.0000,17704.5910,708.1836,survival,1.0000,1.0000,1.0000,1.0000,1.0000,1.0000,1.0000,1.0000,0.9990,0.9965,0.9920,0.9825,0.9600,0.9415,0.9250,0.8985,0.8715,0.8480,0.8140,0.7850,0.7615,0.7375,0.7170,0.6950,0.6790,0.6705,0.6595,0.6520,0.6450,0.6350,0.6270,0.6185,0.6135,0.6080,0.6045,0.5975,0.5950,0.5915,0.5885,0.5830,0.5790,0.5720,0.5685,0.5650,0.5635,0.5610,0.5595,0.5545,0.5500,0.5490,0.5470,0.5450,0.5435,0.5405,0.5370
65,1.5000,SpendAwareDPRebalance (R65-aware),4.0000,17704.5910,708.1836,spend25p,708.4987,721.2149,732.7160,744.7375,755.4477,768.3019,780.6773,794.5253,803.6139,808.6686,812.2358,811.0421,797.8374,785.6638,770.2262,734.0369,682.7484,640.7677,565.2420,488.2982,378.0246,0.0000,0.0000,0.0000,0.0000,0.0000,0.0000,0.0000,0.0000,0.0000,0.0000,0.0000,0.0000,0.0000,0.0000,0.0000,0.0000,0.0000,0.0000,0.0000,0.0000,0.0000,0.0000,0.0000,0.0000,0.0000,0.0000,0.0000,0.0000,0.0000,0.0000,0.0000,0.0000,0.0000,0.0000
65,1.5000,SpendAwareDPRebalance (R65-aware),4.0000,17704.5910,708.1836,spend50p,713.6982,736.6212,760.6956,785.7300,811.9119,839.2992,867.6750,896.8302,926.1366,952.0141,972.3283,989.8632,995.0239,998.3559,993.2014,974.1684,953.5688,933.4557,892.8992,856.7829,797.5529,766.7662,738.0426,701.5575,666.6743,456.8471,428.6506,400.7828,377.9280,345.4810,320.2597,295.6680,270.7718,249.2771,232.2105,214.3698,199.3748,180.9372,167.5565,158.2180,146.1265,136.1224,125.7854,111.3298,102.1751,84.9211,75.0275,61.0604,45.6972,37.3916,25.3564,15.5314,4.8007,0.0000,0.0000
65,1.5000,SpendAwareDPRebalance (R65-aware),4.0000,17704.5910,708.1836,spend75p,718.6866,751.8226,789.7971,827.8837,869.2588,916.8990,966.3209,1011.8228,1062.1801,1107.6675,1157.1505,1198.1117,1220.2776,1240.5277,1257.9018,1265.9623,1254.9958,1248.0184,1218.2869,1183.0520,1139.6517,1115.8800,1099.4282,1081.6662,1050.3020,772.0124,748.1637,725.6129,698.6845,664.4621,640.1614,613.9910,596.5848,571.6912,564.2945,543.9130,533.4758,521.9040,515.1313,514.0898,512.7955,500.3191,498.3181,495.5092,485.5694,481.7743,477.4528,461.9039,439.4373,429.4798,417.5385,401.9270,389.3422,365.8528,342.8211
65,1.5000,No dynamic rebalance,5.0000,14163.6728,708.1836,survival,1.0000,1.0000,1.0000,1.0000,1.0000,1.0000,1.0000,0.9985,0.9935,0.9850,0.9600,0.9330,0.9000,0.8595,0.8170,0.7695,0.7265,0.6805,0.6465,0.6125,0.5850,0.5560,0.5345,0.5115,0.4870,0.4725,0.4605,0.4505,0.4420,0.4330,0.4270,0.4205,0.4100,0.4050,0.3970,0.3920,0.3860,0.3805,0.3760,0.3725,0.3685,0.3635,0.3580,0.3550,0.3530,0.3500,0.3460,0.3415,0.3380,0.3355,0.3350,0.3320,0.3290,0.3270,0.3245
65,1.5000,No dynamic rebalance,5.0000,14163.6728,708.1836,spend25p,708.4987,721.2149,732.7160,744.7375,755.4477,768.3019,780.6773,793.8991,802.0002,804.5185,793.5012,777.3465,751.3990,706.0669,640.0882,514.2294,0.0000,0.0000,0.0000,0.0000,0.0000,0.0000,0.0000,0.0000,0.0000,0.0000,0.0000,0.0000,0.0000,0.0000,0.0000,0.0000,0.0000,0.0000,0.0000,0.0000,0.0000,0.0000,0.0000,0.0000,0.0000,0.0000,0.0000,0.0000,0.0000,0.0000,0.0000,0.0000,0.0000,0.0000,0.0000,0.0000,0.0000,0.0000,0.0000
65,1.5000,No dynamic rebalance,5.0000,14163.6728,708.1836,spend50p,713.6982,736.6212,760.6956,785.7300,811.9119,839.2992,867.6750,896.6249,923.2133,945.6196,959.0264,963.6144,962.0645,946.0008,911.9651,871.4437,829.1807,776.1207,725.3917,658.4686,576.1838,499.1858,441.2530,337.9602,0.0000,0.0000,0.0000,0.0000,0.0000,0.0000,0.0000,0.0000,0.0000,0.0000,0.0000,0.0000,0.0000,0.0000,0.0000,0.0000,0.0000,0.0000,0.0000,0.0000,0.0000,0.0000,0.0000,0.0000,0.0000,0.0000,0.0000,0.0000,0.0000,0.0000,0.0000
65,1.5000,No dynamic rebalance,5.0000,14163.6728,708.1836,spend75p,718.6866,751.8226,789.7971,827.8837,869.2588,916.8990,966.3209,1011.0698,1060.8967,1100.5959,1141.7798,1171.0005,1191.0395,1200.4491,1197.3552,1174.1177,1146.7133,1093.2103,1058.4953,1028.5554,961.4241,934.1714,898.8689,875.0778,837.4617,590.7818,563.4096,536.8017,512.2814,486.7312,452.8180,429.1541,397.9426,377.5852,356.6110,333.2792,326.3850,310.5016,290.5965,280.8966,263.9495,248.8746,234.4411,226.3625,215.5857,203.1710,186.8211,171.3816,153.5250,134.5043,126.0616,111.4447,85.8306,69.8656,54.5088
65,1.5000,固定最適比率,5.0000,14163.6728,708.1836,survival,1.0000,1.0000,1.0000,1.0000,1.0000,1.0000,1.0000,0.9985,0.9935,0.9850,0.9600,0.9330,0.9000,0.8595,0.8170,0.7695,0.7265,0.6805,0.6465,0.6125,0.5850,0.5560,0.5345,0.5115,0.4870,0.4725,0.4605,0.4505,0.4420,0.4330,0.4270,0.4205,0.4100,0.4050,0.3970,0.3920,0.3860,0.3805,0.3760,0.3725,0.3685,0.3635,0.3580,0.3550,0.3530,0.3500,0.3460,0.3415,0.3380,0.3355,0.3350,0.3320,0.3290,0.3270,0.3245
65,1.5000,固定最適比率,5.0000,14163.6728,708.1836,spend25p,708.4987,721.2149,732.7160,744.7375,755.4477,768.3019,780.6773,793.8991,802.0002,804.5185,793.5012,777.3465,751.3990,706.0669,640.0882,514.2294,0.0000,0.0000,0.0000,0.0000,0.0000,0.0000,0.0000,0.0000,0.0000,0.0000,0.0000,0.0000,0.0000,0.0000,0.0000,0.0000,0.0000,0.0000,0.0000,0.0000,0.0000,0.0000,0.0000,0.0000,0.0000,0.0000,0.0000,0.0000,0.0000,0.0000,0.0000,0.0000,0.0000,0.0000,0.0000,0.0000,0.0000,0.0000,0.0000
65,1.5000,固定最適比率,5.0000,14163.6728,708.1836,spend50p,713.6982,736.6212,760.6956,785.7300,811.9119,839.2992,867.6750,896.6249,923.2133,945.6196,959.0264,963.6144,962.0645,946.0008,911.9651,871.4437,829.1807,776.1207,725.3917,658.4686,576.1838,499.1858,441.2530,337.9602,0.0000,0.0000,0.0000,0.0000,0.0000,0.0000,0.0000,0.0000,0.0000,0.0000,0.0000,0.0000,0.0000,0.0000,0.0000,0.0000,0.0000,0.0000,0.0000,0.0000,0.0000,0.0000,0.0000,0.0000,0.0000,0.0000,0.0000,0.0000,0.0000,0.0000,0.0000
65,1.5000,固定最適比率,5.0000,14163.6728,708.1836,spend75p,718.6866,751.8226,789.7971,827.8837,869.2588,916.8990,966.3209,1011.0698,1060.8967,1100.5959,1141.7798,1171.0005,1191.0395,1200.4491,1197.3552,1174.1177,1146.7133,1093.2103,1058.4953,1028.5554,961.4241,934.1714,898.8689,875.0778,837.4617,590.7818,563.4096,536.8017,512.2814,486.7312,452.8180,429.1541,397.9426,377.5852,356.6110,333.2792,326.3850,310.5016,290.5965,280.8966,263.9495,248.8746,234.4411,226.3625,215.5857,203.1710,186.8211,171.3816,153.5250,134.5043,126.0616,111.4447,85.8306,69.8656,54.5088
65,1.5000,DynamicV1Rebalance,5.0000,14163.6728,708.1836,survival,1.0000,1.0000,1.0000,1.0000,1.0000,1.0000,1.0000,0.9985,0.9935,0.9850,0.9600,0.9325,0.9000,0.8595,0.8170,0.7695,0.7275,0.6820,0.6465,0.6140,0.5860,0.5585,0.5365,0.5155,0.4915,0.4775,0.4645,0.4575,0.4475,0.4370,0.4315,0.4275,0.4185,0.4150,0.4090,0.4050,0.4000,0.3960,0.3905,0.3865,0.3805,0.3770,0.3745,0.3715,0.3705,0.3700,0.3680,0.3660,0.3635,0.3610,0.3595,0.3570,0.3560,0.3550,0.3545
65,1.5000,DynamicV1Rebalance,5.0000,14163.6728,708.1836,spend25p,708.4987,721.2149,732.7160,744.7375,755.4477,768.3019,780.6773,793.8991,802.0002,804.5185,793.5012,776.9083,751.3990,706.0669,640.0882,514.2294,0.0000,0.0000,0.0000,0.0000,0.0000,0.0000,0.0000,0.0000,0.0000,0.0000,0.0000,0.0000,0.0000,0.0000,0.0000,0.0000,0.0000,0.0000,0.0000,0.0000,0.0000,0.0000,0.0000,0.0000,0.0000,0.0000,0.0000,0.0000,0.0000,0.0000,0.0000,0.0000,0.0000,0.0000,0.0000,0.0000,0.0000,0.0000,0.0000
65,1.5000,DynamicV1Rebalance,5.0000,14163.6728,708.1836,spend50p,713.6982,736.6212,760.6956,785.7300,811.9119,839.2992,867.6750,896.6249,923.2133,945.6196,959.0264,963.4195,962.0645,946.0008,911.9651,871.4437,830.1532,778.9491,725.3917,660.8622,578.5206,502.5328,447.8277,360.6522,0.0000,0.0000,0.0000,0.0000,0.0000,0.0000,0.0000,0.0000,0.0000,0.0000,0.0000,0.0000,0.0000,0.0000,0.0000,0.0000,0.0000,0.0000,0.0000,0.0000,0.0000,0.0000,0.0000,0.0000,0.0000,0.0000,0.0000,0.0000,0.0000,0.0000,0.0000
65,1.5000,DynamicV1Rebalance,5.0000,14163.6728,708.1836,spend75p,718.6866,751.8226,789.7971,827.8837,869.2588,916.8990,966.3209,1011.0698,1060.8967,1100.5959,1141.7798,1170.6935,1190.8558,1200.4491,1197.3552,1174.7275,1147.0345,1095.8469,1059.2310,1030.1185,961.7717,941.2466,904.9420,878.7543,841.8531,597.6085,566.0204,549.9619,516.3740,487.4060,455.6384,434.4783,409.4964,389.0886,368.7695,355.9485,337.8686,331.1272,314.5218,293.7886,276.0381,268.5374,255.4500,247.8647,245.4267,240.7149,231.4278,216.0987,203.7525,194.1505,177.9638,159.7673,142.9933,134.3299,122.0392
65,1.5000,SpendAwareDPRebalance (R65-aware),5.0000,14163.6728,708.1836,survival,1.0000,1.0000,1.0000,1.0000,1.0000,1.0000,1.0000,0.9985,0.9935,0.9850,0.9600,0.9330,0.9005,0.8595,0.8170,0.7705,0.7285,0.6855,0.6510,0.6180,0.5910,0.5660,0.5460,0.5275,0.5050,0.4920,0.4785,0.4710,0.4645,0.4550,0.4500,0.4445,0.4385,0.4355,0.4305,0.4255,0.4225,0.4195,0.4165,0.4120,0.4080,0.4020,0.3960,0.3930,0.3915,0.3905,0.3870,0.3845,0.3815,0.3810,0.3800,0.3800,0.3790,0.3770,0.3735
65,1.5000,SpendAwareDPRebalance (R65-aware),5.0000,14163.6728,708.1836,spend25p,708.4987,721.2149,732.7160,744.7375,755.4477,768.3019,780.6773,793.8991,802.0002,804.5185,793.5012,777.3465,751.7431,706.0669,640.0882,518.3388,0.0000,0.0000,0.0000,0.0000,0.0000,0.0000,0.0000,0.0000,0.0000,0.0000,0.0000,0.0000,0.0000,0.0000,0.0000,0.0000,0.0000,0.0000,0.0000,0.0000,0.0000,0.0000,0.0000,0.0000,0.0000,0.0000,0.0000,0.0000,0.0000,0.0000,0.0000,0.0000,0.0000,0.0000,0.0000,0.0000,0.0000,0.0000,0.0000
65,1.5000,SpendAwareDPRebalance (R65-aware),5.0000,14163.6728,708.1836,spend50p,713.6982,736.6212,760.6956,785.7300,811.9119,839.2992,867.6750,896.6249,923.2133,945.6196,959.0264,963.6144,962.1962,946.0008,911.9651,871.8867,831.0990,783.2007,733.1731,667.0587,596.2620,514.7193,468.7871,406.6978,291.0885,0.0000,0.0000,0.0000,0.0000,0.0000,0.0000,0.0000,0.0000,0.0000,0.0000,0.0000,0.0000,0.0000,0.0000,0.0000,0.0000,0.0000,0.0000,0.0000,0.0000,0.0000,0.0000,0.0000,0.0000,0.0000,0.0000,0.0000,0.0000,0.0000,0.0000
65,1.5000,SpendAwareDPRebalance (R65-aware),5.0000,14163.6728,708.1836,spend75p,718.6866,751.8226,789.7971,827.8837,869.2588,916.8990,966.3209,1011.0698,1060.8967,1100.5959,1141.7798,1171.0005,1191.5072,1200.4491,1197.3552,1174.7275,1149.6576,1098.5909,1066.0999,1032.5288,968.0100,948.2774,920.3549,892.7112,864.2042,615.0155,586.7137,565.9315,537.3915,508.8992,488.2552,456.7564,429.5012,412.3009,396.9761,375.7669,362.9272,355.0395,345.1777,338.7091,326.3301,307.3289,294.7125,279.5736,272.1238,263.6410,249.0709,244.3655,224.9171,214.2662,204.8501,191.8313,177.0416,162.9384,146.3300
65,1.5000,No dynamic rebalance,6.0000,11803.0606,708.1836,survival,1.0000,1.0000,1.0000,1.0000,1.0000,1.0000,0.9985,0.9925,0.9775,0.9445,0.9045,0.8590,0.7940,0.7415,0.6750,0.6215,0.5765,0.5325,0.4920,0.4550,0.4245,0.4000,0.3790,0.3630,0.3490,0.3350,0.3270,0.3145,0.3050,0.2945,0.2905,0.2855,0.2800,0.2745,0.2720,0.2650,0.2610,0.2580,0.2545,0.2490,0.2460,0.2440,0.2420,0.2410,0.2390,0.2375,0.2365,0.2315,0.2300,0.2275,0.2270,0.2240,0.2235,0.2230,0.2205
65,1.5000,No dynamic rebalance,6.0000,11803.0606,708.1836,spend25p,708.4987,721.2149,732.7160,744.7375,755.4477,768.3019,779.5407,789.8091,792.5294,781.1607,754.1604,714.6280,629.2023,0.0000,0.0000,0.0000,0.0000,0.0000,0.0000,0.0000,0.0000,0.0000,0.0000,0.0000,0.0000,0.0000,0.0000,0.0000,0.0000,0.0000,0.0000,0.0000,0.0000,0.0000,0.0000,0.0000,0.0000,0.0000,0.0000,0.0000,0.0000,0.0000,0.0000,0.0000,0.0000,0.0000,0.0000,0.0000,0.0000,0.0000,0.0000,0.0000,0.0000,0.0000,0.0000
65,1.5000,No dynamic rebalance,6.0000,11803.0606,708.1836,spend50p,713.6982,736.6212,760.6956,785.7300,811.9119,839.2992,866.9599,894.3985,918.0921,932.1065,935.1402,924.5294,888.8265,851.0181,789.2931,722.6200,641.6892,531.3499,0.0000,0.0000,0.0000,0.0000,0.0000,0.0000,0.0000,0.0000,0.0000,0.0000,0.0000,0.0000,0.0000,0.0000,0.0000,0.0000,0.0000,0.0000,0.0000,0.0000,0.0000,0.0000,0.0000,0.0000,0.0000,0.0000,0.0000,0.0000,0.0000,0.0000,0.0000,0.0000,0.0000,0.0000,0.0000,0.0000,0.0000
65,1.5000,No dynamic rebalance,6.0000,11803.0606,708.1836,spend75p,718.6866,751.8226,789.7971,827.8837,869.2588,916.8990,966.0672,1009.5010,1052.6921,1087.1340,1119.2066,1145.9742,1141.7309,1129.0088,1099.8746,1059.2784,1015.7348,979.2720,925.2542,862.2611,796.2312,744.8771,710.5761,669.3444,632.5360,405.6374,382.9050,349.5249,311.6303,255.6657,231.7204,202.7107,166.6027,141.3807,116.0253,88.8344,61.5056,42.5752,20.5327,0.0000,0.0000,0.0000,0.0000,0.0000,0.0000,0.0000,0.0000,0.0000,0.0000,0.0000,0.0000,0.0000,0.0000,0.0000,0.0000
65,1.5000,固定最適比率,6.0000,11803.0606,708.1836,survival,1.0000,1.0000,1.0000,1.0000,1.0000,1.0000,0.9985,0.9925,0.9775,0.9445,0.9045,0.8590,0.7940,0.7415,0.6750,0.6215,0.5765,0.5325,0.4920,0.4550,0.4245,0.4000,0.3790,0.3630,0.3490,0.3350,0.3270,0.3145,0.3050,0.2945,0.2905,0.2855,0.2800,0.2745,0.2720,0.2650,0.2610,0.2580,0.2545,0.2490,0.2460,0.2440,0.2420,0.2410,0.2390,0.2375,0.2365,0.2315,0.2300,0.2275,0.2270,0.2240,0.2235,0.2230,0.2205
65,1.5000,固定最適比率,6.0000,11803.0606,708.1836,spend25p,708.4987,721.2149,732.7160,744.7375,755.4477,768.3019,779.5407,789.8091,792.5294,781.1607,754.1604,714.6280,629.2023,0.0000,0.0000,0.0000,0.0000,0.0000,0.0000,0.0000,0.0000,0.0000,0.0000,0.0000,0.0000,0.0000,0.0000,0.0000,0.0000,0.0000,0.0000,0.0000,0.0000,0.0000,0.0000,0.0000,0.0000,0.0000,0.0000,0.0000,0.0000,0.0000,0.0000,0.0000,0.0000,0.0000,0.0000,0.0000,0.0000,0.0000,0.0000,0.0000,0.0000,0.0000,0.0000
65,1.5000,固定最適比率,6.0000,11803.0606,708.1836,spend50p,713.6982,736.6212,760.6956,785.7300,811.9119,839.2992,866.9599,894.3985,918.0921,932.1065,935.1402,924.5294,888.8265,851.0181,789.2931,722.6200,641.6892,531.3499,0.0000,0.0000,0.0000,0.0000,0.0000,0.0000,0.0000,0.0000,0.0000,0.0000,0.0000,0.0000,0.0000,0.0000,0.0000,0.0000,0.0000,0.0000,0.0000,0.0000,0.0000,0.0000,0.0000,0.0000,0.0000,0.0000,0.0000,0.0000,0.0000,0.0000,0.0000,0.0000,0.0000,0.0000,0.0000,0.0000,0.0000
65,1.5000,固定最適比率,6.0000,11803.0606,708.1836,spend75p,718.6866,751.8226,789.7971,827.8837,869.2588,916.8990,966.0672,1009.5010,1052.6921,1087.1340,1119.2066,1145.9742,1141.7309,1129.0088,1099.8746,1059.2784,1015.7348,979.2720,925.2542,862.2611,796.2312,744.8771,710.5761,669.3444,632.5360,405.6374,382.9050,349.5249,311.6303,255.6657,231.7204,202.7107,166.6027,141.3807,116.0253,88.8344,61.5056,42.5752,20.5327,0.0000,0.0000,0.0000,0.0000,0.0000,0.0000,0.0000,0.0000,0.0000,0.0000,0.0000,0.0000,0.0000,0.0000,0.0000,0.0000
65,1.5000,DynamicV1Rebalance,6.0000,11803.0606,708.1836,survival,1.0000,1.0000,1.0000,1.0000,1.0000,1.0000,0.9985,0.9925,0.9775,0.9455,0.9040,0.8585,0.7925,0.7400,0.6760,0.6205,0.5750,0.5325,0.4915,0.4555,0.4255,0.4005,0.3800,0.3650,0.3515,0.3390,0.3285,0.3185,0.3085,0.2970,0.2915,0.2860,0.2815,0.2770,0.2745,0.2695,0.2660,0.2625,0.2595,0.2545,0.2520,0.2505,0.2485,0.2475,0.2465,0.2455,0.2450,0.2435,0.2410,0.2390,0.2370,0.2355,0.2350,0.2350,0.2340
65,1.5000,DynamicV1Rebalance,6.0000,11803.0606,708.1836,spend25p,708.4987,721.2149,732.7160,744.7375,755.4477,768.3019,779.5407,789.8091,792.5294,781.5683,753.3670,714.3668,625.0428,0.0000,0.0000,0.0000,0.0000,0.0000,0.0000,0.0000,0.0000,0.0000,0.0000,0.0000,0.0000,0.0000,0.0000,0.0000,0.0000,0.0000,0.0000,0.0000,0.0000,0.0000,0.0000,0.0000,0.0000,0.0000,0.0000,0.0000,0.0000,0.0000,0.0000,0.0000,0.0000,0.0000,0.0000,0.0000,0.0000,0.0000,0.0000,0.0000,0.0000,0.0000,0.0000
65,1.5000,DynamicV1Rebalance,6.0000,11803.0606,708.1836,spend50p,713.6982,736.6212,760.6956,785.7300,811.9119,839.2992,866.9599,894.3985,918.0921,932.5215,934.1532,924.2751,886.2152,848.8898,790.5420,720.5439,638.9846,531.3499,0.0000,0.0000,0.0000,0.0000,0.0000,0.0000,0.0000,0.0000,0.0000,0.0000,0.0000,0.0000,0.0000,0.0000,0.0000,0.0000,0.0000,0.0000,0.0000,0.0000,0.0000,0.0000,0.0000,0.0000,0.0000,0.0000,0.0000,0.0000,0.0000,0.0000,0.0000,0.0000,0.0000,0.0000,0.0000,0.0000,0.0000
65,1.5000,DynamicV1Rebalance,6.0000,11803.0606,708.1836,spend75p,718.6866,751.8226,789.7971,827.8837,869.2588,916.8990,966.0672,1009.5010,1052.6921,1087.1340,1118.5156,1145.9742,1138.2548,1127.2168,1100.2142,1056.4752,1012.3848,979.2720,921.6338,863.1924,796.2312,744.8771,711.1348,672.9811,637.2881,423.6338,387.7171,355.1836,324.6647,264.9920,232.1869,205.8734,168.1534,145.2319,125.3954,101.9881,82.2594,66.9743,45.6573,14.4438,0.0000,0.0000,0.0000,0.0000,0.0000,0.0000,0.0000,0.0000,0.0000,0.0000,0.0000,0.0000,0.0000,0.0000,0.0000
65,1.5000,SpendAwareDPRebalance (R65-aware),6.0000,11803.0606,708.1836,survival,1.0000,1.0000,1.0000,1.0000,1.0000,1.0000,0.9985,0.9925,0.9775,0.9445,0.9045,0.8590,0.7940,0.7415,0.6755,0.6215,0.5770,0.5330,0.4925,0.4565,0.4265,0.4035,0.3835,0.3685,0.3570,0.3425,0.3350,0.3250,0.3165,0.3060,0.3020,0.2985,0.2925,0.2870,0.2840,0.2805,0.2765,0.2735,0.2700,0.2675,0.2655,0.2635,0.2620,0.2585,0.2575,0.2555,0.2530,0.2495,0.2475,0.2470,0.2450,0.2435,0.2425,0.2405,0.2380
65,1.5000,SpendAwareDPRebalance (R65-aware),6.0000,11803.0606,708.1836,spend25p,708.4987,721.2149,732.7160,744.7375,755.4477,768.3019,779.5407,789.8091,792.5294,781.1607,754.1604,714.6280,629.2023,0.0000,0.0000,0.0000,0.0000,0.0000,0.0000,0.0000,0.0000,0.0000,0.0000,0.0000,0.0000,0.0000,0.0000,0.0000,0.0000,0.0000,0.0000,0.0000,0.0000,0.0000,0.0000,0.0000,0.0000,0.0000,0.0000,0.0000,0.0000,0.0000,0.0000,0.0000,0.0000,0.0000,0.0000,0.0000,0.0000,0.0000,0.0000,0.0000,0.0000,0.0000,0.0000
65,1.5000,SpendAwareDPRebalance (R65-aware),6.0000,11803.0606,708.1836,spend50p,713.6982,736.6212,760.6956,785.7300,811.9119,839.2992,866.9599,894.3985,918.0921,932.1065,935.1402,924.5294,888.8265,851.0181,790.1009,722.6200,642.0242,533.4971,0.0000,0.0000,0.0000,0.0000,0.0000,0.0000,0.0000,0.0000,0.0000,0.0000,0.0000,0.0000,0.0000,0.0000,0.0000,0.0000,0.0000,0.0000,0.0000,0.0000,0.0000,0.0000,0.0000,0.0000,0.0000,0.0000,0.0000,0.0000,0.0000,0.0000,0.0000,0.0000,0.0000,0.0000,0.0000,0.0000,0.0000
65,1.5000,SpendAwareDPRebalance (R65-aware),6.0000,11803.0606,708.1836,spend75p,718.6866,751.8226,789.7971,827.8837,869.2588,916.8990,966.0672,1009.5010,1052.6921,1087.1340,1119.2066,1145.9742,1141.7309,1129.0088,1100.2142,1059.2784,1016.3157,980.7319,926.1169,864.8261,796.9687,748.2560,718.2502,677.1766,650.0401,427.6757,408.3775,362.5142,333.4892,294.1200,260.8259,229.5134,202.0469,172.4282,155.6540,137.6485,116.2159,100.0201,86.6136,69.4510,58.0327,45.4200,36.5180,10.9113,1.3349,0.0000,0.0000,0.0000,0.0000,0.0000,0.0000,0.0000,0.0000,0.0000,0.0000
65,1.5000,No dynamic rebalance,7.0000,10116.9091,708.1836,survival,1.0000,1.0000,1.0000,1.0000,1.0000,0.9995,0.9930,0.9765,0.9390,0.8855,0.8245,0.7510,0.6680,0.5960,0.5270,0.4825,0.4305,0.3915,0.3610,0.3270,0.3060,0.2810,0.2675,0.2495,0.2300,0.2255,0.2205,0.2105,0.2015,0.1965,0.1890,0.1870,0.1845,0.1825,0.1810,0.1780,0.1760,0.1705,0.1685,0.1655,0.1635,0.1620,0.1590,0.1560,0.1540,0.1525,0.1510,0.1500,0.1490,0.1445,0.1435,0.1425,0.1410,0.1395,0.1385
65,1.5000,No dynamic rebalance,7.0000,10116.9091,708.1836,spend25p,708.4987,721.2149,732.7160,744.7375,755.4477,768.1136,778.0899,782.0271,773.1355,740.9044,685.7711,400.4335,0.0000,0.0000,0.0000,0.0000,0.0000,0.0000,0.0000,0.0000,0.0000,0.0000,0.0000,0.0000,0.0000,0.0000,0.0000,0.0000,0.0000,0.0000,0.0000,0.0000,0.0000,0.0000,0.0000,0.0000,0.0000,0.0000,0.0000,0.0000,0.0000,0.0000,0.0000,0.0000,0.0000,0.0000,0.0000,0.0000,0.0000,0.0000,0.0000,0.0000,0.0000,0.0000,0.0000
65,1.5000,No dynamic rebalance,7.0000,10116.9091,708.1836,spend50p,713.6982,736.6212,760.6956,785.7300,811.9119,839.2820,865.5944,890.8113,901.8867,903.7336,888.4117,848.7364,788.6965,709.9851,564.6575,0.0000,0.0000,0.0000,0.0000,0.0000,0.0000,0.0000,0.0000,0.0000,0.0000,0.0000,0.0000,0.0000,0.0000,0.0000,0.0000,0.0000,0.0000,0.0000,0.0000,0.0000,0.0000,0.0000,0.0000,0.0000,0.0000,0.0000,0.0000,0.0000,0.0000,0.0000,0.0000,0.0000,0.0000,0.0000,0.0000,0.0000,0.0000,0.0000,0.0000
65,1.5000,No dynamic rebalance,7.0000,10116.9091,708.1836,spend75p,718.6866,751.8226,789.7971,827.8837,869.2588,916.5671,965.1845,1003.1644,1034.3326,1067.8503,1087.8172,1085.5707,1055.4350,1022.3723,967.3734,930.5766,856.7604,804.1767,751.8262,658.3460,568.8946,482.3215,418.8710,0.0000,0.0000,0.0000,0.0000,0.0000,0.0000,0.0000,0.0000,0.0000,0.0000,0.0000,0.0000,0.0000,0.0000,0.0000,0.0000,0.0000,0.0000,0.0000,0.0000,0.0000,0.0000,0.0000,0.0000,0.0000,0.0000,0.0000,0.0000,0.0000,0.0000,0.0000,0.0000
65,1.5000,固定最適比率,7.0000,10116.9091,708.1836,survival,1.0000,1.0000,1.0000,1.0000,1.0000,0.9995,0.9930,0.9765,0.9390,0.8855,0.8245,0.7510,0.6680,0.5960,0.5270,0.4825,0.4305,0.3915,0.3610,0.3270,0.3060,0.2810,0.2675,0.2495,0.2300,0.2255,0.2205,0.2105,0.2015,0.1965,0.1890,0.1870,0.1845,0.1825,0.1810,0.1780,0.1760,0.1705,0.1685,0.1655,0.1635,0.1620,0.1590,0.1560,0.1540,0.1525,0.1510,0.1500,0.1490,0.1445,0.1435,0.1425,0.1410,0.1395,0.1385
65,1.5000,固定最適比率,7.0000,10116.9091,708.1836,spend25p,708.4987,721.2149,732.7160,744.7375,755.4477,768.1136,778.0899,782.0271,773.1355,740.9044,685.7711,400.4335,0.0000,0.0000,0.0000,0.0000,0.0000,0.0000,0.0000,0.0000,0.0000,0.0000,0.0000,0.0000,0.0000,0.0000,0.0000,0.0000,0.0000,0.0000,0.0000,0.0000,0.0000,0.0000,0.0000,0.0000,0.0000,0.0000,0.0000,0.0000,0.0000,0.0000,0.0000,0.0000,0.0000,0.0000,0.0000,0.0000,0.0000,0.0000,0.0000,0.0000,0.0000,0.0000,0.0000
65,1.5000,固定最適比率,7.0000,10116.9091,708.1836,spend50p,713.6982,736.6212,760.6956,785.7300,811.9119,839.2820,865.5944,890.8113,901.8867,903.7336,888.4117,848.7364,788.6965,709.9851,564.6575,0.0000,0.0000,0.0000,0.0000,0.0000,0.0000,0.0000,0.0000,0.0000,0.0000,0.0000,0.0000,0.0000,0.0000,0.0000,0.0000,0.0000,0.0000,0.0000,0.0000,0.0000,0.0000,0.0000,0.0000,0.0000,0.0000,0.0000,0.0000,0.0000,0.0000,0.0000,0.0000,0.0000,0.0000,0.0000,0.0000,0.0000,0.0000,0.0000,0.0000
65,1.5000,固定最適比率,7.0000,10116.9091,708.1836,spend75p,718.6866,751.8226,789.7971,827.8837,869.2588,916.5671,965.1845,1003.1644,1034.3326,1067.8503,1087.8172,1085.5707,1055.4350,1022.3723,967.3734,930.5766,856.7604,804.1767,751.8262,658.3460,568.8946,482.3215,418.8710,0.0000,0.0000,0.0000,0.0000,0.0000,0.0000,0.0000,0.0000,0.0000,0.0000,0.0000,0.0000,0.0000,0.0000,0.0000,0.0000,0.0000,0.0000,0.0000,0.0000,0.0000,0.0000,0.0000,0.0000,0.0000,0.0000,0.0000,0.0000,0.0000,0.0000,0.0000,0.0000
65,1.5000,DynamicV1Rebalance,7.0000,10116.9091,708.1836,survival,1.0000,1.0000,1.0000,1.0000,1.0000,0.9995,0.9930,0.9765,0.9390,0.8840,0.8245,0.7480,0.6680,0.5940,0.5260,0.4820,0.4305,0.3915,0.3610,0.3270,0.3070,0.2820,0.2680,0.2505,0.2325,0.2275,0.2220,0.2110,0.2030,0.1970,0.1905,0.1875,0.1860,0.1825,0.1805,0.1785,0.1770,0.1740,0.1725,0.1695,0.1675,0.1660,0.1620,0.1620,0.1595,0.1585,0.1575,0.1555,0.1555,0.1535,0.1535,0.1525,0.1520,0.1515,0.1515
65,1.5000,DynamicV1Rebalance,7.0000,10116.9091,708.1836,spend25p,708.4987,721.2149,732.7160,744.7375,755.4477,768.1136,778.0899,782.0271,773.4792,739.8530,685.7711,0.0000,0.0000,0.0000,0.0000,0.0000,0.0000,0.0000,0.0000,0.0000,0.0000,0.0000,0.0000,0.0000,0.0000,0.0000,0.0000,0.0000,0.0000,0.0000,0.0000,0.0000,0.0000,0.0000,0.0000,0.0000,0.0000,0.0000,0.0000,0.0000,0.0000,0.0000,0.0000,0.0000,0.0000,0.0000,0.0000,0.0000,0.0000,0.0000,0.0000,0.0000,0.0000,0.0000,0.0000
65,1.5000,DynamicV1Rebalance,7.0000,10116.9091,708.1836,spend50p,713.6982,736.6212,760.6956,785.7300,811.9119,839.2820,865.5944,890.8113,902.3685,903.4364,888.4117,845.5028,788.2596,707.9095,558.2719,0.0000,0.0000,0.0000,0.0000,0.0000,0.0000,0.0000,0.0000,0.0000,0.0000,0.0000,0.0000,0.0000,0.0000,0.0000,0.0000,0.0000,0.0000,0.0000,0.0000,0.0000,0.0000,0.0000,0.0000,0.0000,0.0000,0.0000,0.0000,0.0000,0.0000,0.0000,0.0000,0.0000,0.0000,0.0000,0.0000,0.0000,0.0000,0.0000,0.0000
65,1.5000,DynamicV1Rebalance,7.0000,10116.9091,708.1836,spend75p,718.6866,751.8226,789.7971,827.8837,869.2588,916.5671,965.1845,1003.0178,1034.5615,1067.8503,1087.8172,1085.4554,1054.7880,1021.8342,967.3734,929.9387,856.7604,804.1767,751.8262,658.3460,570.5971,483.4964,422.8629,219.2408,0.0000,0.0000,0.0000,0.0000,0.0000,0.0000,0.0000,0.0000,0.0000,0.0000,0.0000,0.0000,0.0000,0.0000,0.0000,0.0000,0.0000,0.0000,0.0000,0.0000,0.0000,0.0000,0.0000,0.0000,0.0000,0.0000,0.0000,0.0000,0.0000,0.0000,0.0000
65,1.5000,SpendAwareDPRebalance (R65-aware),7.0000,10116.9091,708.1836,survival,1.0000,1.0000,1.0000,1.0000,1.0000,0.9995,0.9930,0.9765,0.9390,0.8855,0.8245,0.7510,0.6680,0.5960,0.5275,0.4825,0.4305,0.3915,0.3610,0.3275,0.3070,0.2830,0.2700,0.2535,0.2355,0.2325,0.2275,0.2165,0.2100,0.2045,0.1980,0.1965,0.1945,0.1910,0.1875,0.1865,0.1845,0.1825,0.1810,0.1775,0.1760,0.1750,0.1730,0.1720,0.1690,0.1670,0.1655,0.1650,0.1645,0.1635,0.1610,0.1600,0.1595,0.1580,0.1550
65,1.5000,SpendAwareDPRebalance (R65-aware),7.0000,10116.9091,708.1836,spend25p,708.4987,721.2149,732.7160,744.7375,755.4477,768.1136,778.0899,782.0271,773.1355,740.9044,685.7711,400.4335,0.0000,0.0000,0.0000,0.0000,0.0000,0.0000,0.0000,0.0000,0.0000,0.0000,0.0000,0.0000,0.0000,0.0000,0.0000,0.0000,0.0000,0.0000,0.0000,0.0000,0.0000,0.0000,0.0000,0.0000,0.0000,0.0000,0.0000,0.0000,0.0000,0.0000,0.0000,0.0000,0.0000,0.0000,0.0000,0.0000,0.0000,0.0000,0.0000,0.0000,0.0000,0.0000,0.0000
65,1.5000,SpendAwareDPRebalance (R65-aware),7.0000,10116.9091,708.1836,spend50p,713.6982,736.6212,760.6956,785.7300,811.9119,839.2820,865.5944,890.8113,901.8867,903.7336,888.4117,848.7364,788.6965,709.9851,565.8488,0.0000,0.0000,0.0000,0.0000,0.0000,0.0000,0.0000,0.0000,0.0000,0.0000,0.0000,0.0000,0.0000,0.0000,0.0000,0.0000,0.0000,0.0000,0.0000,0.0000,0.0000,0.0000,0.0000,0.0000,0.0000,0.0000,0.0000,0.0000,0.0000,0.0000,0.0000,0.0000,0.0000,0.0000,0.0000,0.0000,0.0000,0.0000,0.0000,0.0000
65,1.5000,SpendAwareDPRebalance (R65-aware),7.0000,10116.9091,708.1836,spend75p,718.6866,751.8226,789.7971,827.8837,869.2588,916.5671,965.1845,1003.1644,1034.3326,1067.8503,1087.8172,1085.5707,1055.4350,1022.3723,967.5929,930.5766,856.7604,804.1767,751.8262,658.4445,570.5971,488.9814,435.1038,282.6934,0.0000,0.0000,0.0000,0.0000,0.0000,0.0000,0.0000,0.0000,0.0000,0.0000,0.0000,0.0000,0.0000,0.0000,0.0000,0.0000,0.0000,0.0000,0.0000,0.0000,0.0000,0.0000,0.0000,0.0000,0.0000,0.0000,0.0000,0.0000,0.0000,0.0000,0.0000
65,2.0000,No dynamic rebalance,2.5000,37483.1274,937.0782,survival,1.0000,1.0000,1.0000,1.0000,1.0000,1.0000,1.0000,1.0000,1.0000,1.0000,1.0000,0.9985,0.9980,0.9960,0.9895,0.9870,0.9755,0.9700,0.9640,0.9520,0.9405,0.9295,0.9210,0.9090,0.8955,0.8870,0.8770,0.8660,0.8575,0.8475,0.8405,0.8340,0.8240,0.8165,0.8135,0.8095,0.8035,0.7995,0.7965,0.7925,0.7870,0.7840,0.7790,0.7715,0.7640,0.7585,0.7550,0.7500,0.7480,0.7455,0.7435,0.7410,0.7390,0.7365,0.7345
65,2.0000,No dynamic rebalance,2.5000,37483.1274,937.0782,spend25p,937.4951,954.4794,969.8535,985.9145,1000.2375,1017.3972,1033.9201,1052.3870,1065.2906,1075.6612,1081.9889,1088.1289,1092.2231,1092.3458,1093.6039,1083.2762,1062.8533,1045.2082,1021.4231,993.1707,936.0379,903.1454,873.7148,838.8032,800.9646,590.1583,556.9418,522.5600,481.8935,439.1511,406.8912,374.4989,334.6496,303.6973,283.7088,261.7178,240.9799,223.0059,208.0108,187.1547,167.7902,153.4955,134.2370,115.9244,83.3076,50.2322,14.5529,0.0000,0.0000,0.0000,0.0000,0.0000,0.0000,0.0000,0.0000
65,2.0000,No dynamic rebalance,2.5000,37483.1274,937.0782,spend50p,944.3751,974.8685,1006.8886,1040.1821,1074.9979,1111.4129,1149.1389,1187.8947,1227.6547,1264.0084,1293.5144,1321.6610,1352.8795,1373.3168,1387.1877,1391.1125,1368.1601,1355.1042,1342.2191,1317.7866,1273.3829,1255.0194,1236.2087,1216.7764,1191.9589,940.6627,919.7438,887.4701,858.5755,821.7483,790.0356,756.7167,716.7907,686.6544,661.3175,645.7911,631.1479,622.3397,614.2868,605.3902,603.2372,596.4205,578.9988,567.5038,551.5260,535.7212,525.3415,511.0607,500.9255,492.3077,472.1233,456.6394,442.2202,426.1566,417.0553
65,2.0000,No dynamic rebalance,2.5000,37483.1274,937.0782,spend75p,950.9758,994.9866,1045.4084,1095.9870,1150.9270,1214.1718,1279.7844,1340.2080,1407.9643,1470.9639,1538.5971,1600.6006,1651.1966,1695.8069,1733.2848,1767.2811,1775.3017,1791.3425,1803.7249,1791.9649,1746.6466,1729.1874,1713.0874,1711.3740,1694.9973,1385.3127,1366.3599,1332.0000,1293.5575,1251.5987,1226.4893,1203.4125,1174.5121,1146.6724,1123.2405,1110.6422,1093.8889,1092.1406,1103.1531,1114.1489,1111.3508,1113.1342,1121.8113,1138.5127,1122.9122,1109.2517,1118.0345,1097.6489,1084.7407,1086.0188,1078.8013,1078.0834,1067.6292,1054.6366,1031.3709
65,2.0000,固定最適比率,2.5000,37483.1274,937.0782,survival,1.0000,1.0000,1.0000,1.0000,1.0000,1.0000,1.0000,1.0000,1.0000,1.0000,1.0000,1.0000,1.0000,1.0000,1.0000,1.0000,1.0000,1.0000,1.0000,0.9970,0.9960,0.9945,0.9925,0.9890,0.9810,0.9770,0.9690,0.9630,0.9555,0.9435,0.9330,0.9240,0.9145,0.9045,0.8970,0.8885,0.8790,0.8685,0.8620,0.8555,0.8470,0.8395,0.8320,0.8215,0.8150,0.8065,0.7975,0.7880,0.7810,0.7760,0.7720,0.7665,0.7630,0.7560,0.7500
65,2.0000,固定最適比率,2.5000,37483.1274,937.0782,spend25p,937.4951,954.4794,969.8535,985.9145,1000.2375,1017.3972,1033.9201,1052.3870,1065.2906,1075.6612,1081.9889,1089.8672,1093.0876,1097.1193,1103.3041,1098.9328,1088.5542,1079.6298,1068.3872,1049.4631,1010.8128,989.7557,978.4598,964.2591,937.8084,720.3117,690.3183,661.4336,624.5328,584.9705,544.8115,511.6508,476.4647,447.5523,423.2660,395.6848,366.9018,338.1345,317.8535,297.2328,275.9397,263.7164,246.1647,218.5334,191.3787,162.9498,139.0976,121.4467,92.6126,77.6902,64.0527,35.4343,10.2724,0.0000,0.0000
65,2.0000,固定最適比率,2.5000,37483.1274,937.0782,spend50p,944.3751,974.8685,1006.8886,1040.1821,1074.9979,1111.4129,1149.1389,1187.8947,1227.6547,1264.0084,1293.5144,1323.1141,1354.4930,1379.6991,1400.5127,1401.9989,1397.8792,1387.3185,1386.9707,1381.5432,1349.3278,1338.2806,1329.9254,1314.9383,1288.5981,1038.9327,1015.4413,990.3957,960.0951,929.0515,881.6896,844.7810,809.2822,774.1853,748.0893,721.1646,707.8656,694.8654,673.3861,665.5755,650.9503,634.1513,627.0142,612.3061,600.7719,584.4543,557.2206,535.5234,518.9181,502.0821,487.6627,460.5904,446.9994,425.0611,406.4463
65,2.0000,固定最適比率,2.5000,37483.1274,937.0782,spend75p,950.9758,994.9866,1045.4084,1095.9870,1150.9270,1214.1718,1279.7844,1340.2080,1407.9643,1470.9639,1538.5971,1601.3633,1652.8906,1699.3094,1745.0608,1777.6481,1805.0989,1842.0233,1854.9244,1863.3990,1827.6918,1838.6654,1845.3342,1831.8504,1822.4820,1494.6637,1473.1284,1450.2333,1427.7752,1371.1013,1311.5912,1277.4266,1234.4786,1197.6447,1180.1505,1159.0127,1131.2359,1117.2997,1118.9681,1117.7648,1107.5673,1094.0449,1090.9988,1084.5702,1079.9201,1069.1680,1056.8115,1029.6627,1014.8549,995.8480,976.7934,957.4656,936.1447,915.0896,894.7909
65,2.0000,DynamicV1Rebalance,2.5000,37483.1274,937.0782,survival,1.0000,1.0000,1.0000,1.0000,1.0000,1.0000,1.0000,1.0000,1.0000,1.0000,1.0000,0.9995,0.9985,0.9975,0.9940,0.9900,0.9870,0.9820,0.9765,0.9730,0.9685,0.9580,0.9510,0.9430,0.9375,0.9305,0.9225,0.9180,0.9120,0.9015,0.8905,0.8865,0.8810,0.8725,0.8670,0.8610,0.8570,0.8535,0.8460,0.8445,0.8410,0.8380,0.8375,0.8355,0.8330,0.8315,0.8295,0.8260,0.8240,0.8230,0.8220,0.8200,0.8195,0.8180,0.8155
65,2.0000,DynamicV1Rebalance,2.5000,37483.1274,937.0782,spend25p,937.4951,954.4794,969.8535,985.9145,1000.2375,1017.3972,1033.9201,1052.3870,1065.2906,1075.6612,1081.9889,1089.6505,1092.5484,1094.2986,1096.6340,1085.7706,1077.0209,1062.0689,1036.2607,1020.8844,977.2187,945.1254,923.2262,895.1104,872.6111,652.6853,626.7097,593.2915,558.6084,521.0201,485.7151,461.8271,428.6324,399.9047,377.4633,352.5230,326.6665,309.8999,288.3040,279.1188,270.3579,262.4158,257.0356,247.9509,234.1961,221.4735,206.0524,185.6555,170.2969,160.3561,147.2527,135.0448,124.1259,111.4122,96.4090
65,2.0000,DynamicV1Rebalance,2.5000,37483.1274,937.0782,spend50p,944.3751,974.8685,1006.8886,1040.1821,1074.9979,1111.4129,1149.1389,1187.8947,1227.6547,1264.0084,1293.5144,1322.9541,1353.5201,1375.1003,1392.4021,1391.8475,1381.5140,1370.6335,1363.3936,1352.4047,1313.3594,1291.4799,1282.2771,1256.2122,1240.2684,989.9458,965.5490,947.5743,922.0215,888.6071,845.1872,815.1697,783.3994,749.7469,721.5919,705.1248,698.3581,691.9202,671.3778,667.5019,664.8302,656.9973,658.5735,655.9742,655.1305,648.9164,634.7391,626.9364,607.7356,595.3584,584.1234,581.9783,573.5690,560.0725,544.2381
65,2.0000,DynamicV1Rebalance,2.5000,37483.1274,937.0782,spend75p,950.9758,994.9866,1045.4084,1095.9870,1150.9270,1214.1718,1279.7844,1340.2080,1407.9643,1470.9639,1538.5971,1600.8223,1651.5758,1698.4111,1737.1735,1771.5103,1795.9048,1814.4047,1824.3025,1824.7068,1790.6704,1774.8415,1756.4656,1757.1110,1757.1141,1451.0492,1428.0659,1408.1796,1377.3656,1331.3609,1284.2091,1268.7302,1237.9303,1209.3408,1191.1610,1177.3731,1173.7784,1178.1730,1166.6595,1173.3736,1168.8215,1174.2384,1194.9889,1208.4237,1220.9557,1225.8479,1234.3671,1226.7107,1209.0551,1214.6516,1205.7413,1205.7170,1205.8321,1177.2607,1168.3414
65,2.0000,SpendAwareDPRebalance (R65-aware),2.5000,37483.1274,937.0782,survival,1.0000,1.0000,1.0000,1.0000,1.0000,1.0000,1.0000,1.0000,1.0000,1.0000,1.0000,0.9990,0.9990,0.9975,0.9960,0.9915,0.9885,0.9855,0.9825,0.9785,0.9750,0.9685,0.9635,0.9595,0.9520,0.9455,0.9420,0.9350,0.9285,0.9250,0.9210,0.9165,0.9140,0.9100,0.9040,0.8995,0.8970,0.8910,0.8865,0.8810,0.8785,0.8715,0.8690,0.8625,0.8565,0.8555,0.8515,0.8465,0.8420,0.8385,0.8330,0.8295,0.8265,0.8220,0.8180
65,2.0000,SpendAwareDPRebalance (R65-aware),2.5000,37483.1274,937.0782,spend25p,937.4951,954.4794,969.8535,985.9145,1000.2375,1017.3972,1033.9201,1052.3870,1065.2906,1075.6612,1081.9889,1088.8444,1092.6492,1094.2986,1098.6971,1086.8918,1078.8781,1066.9738,1044.4453,1028.7884,984.7947,960.3016,939.9978,917.8606,889.7225,674.6428,647.3071,617.7641,590.0976,559.4878,532.5279,497.6901,476.6915,457.3045,429.0502,412.5155,399.8153,377.9710,358.1394,339.1557,331.6528,312.4293,305.0862,290.7497,270.1579,259.8009,245.4865,230.0953,209.1211,187.8520,165.6556,149.4355,135.4757,117.4513,97.3824
65,2.0000,SpendAwareDPRebalance (R65-aware),2.5000,37483.1274,937.0782,spend50p,944.3751,974.8685,1006.8886,1040.1821,1074.9979,1111.4129,1149.1389,1187.8947,1227.6547,1264.0084,1293.5144,1322.5735,1353.8866,1375.1003,1396.8777,1393.6092,1382.2058,1374.3920,1372.5660,1359.9121,1327.5560,1308.7220,1297.3415,1279.3862,1258.4418,1005.8998,992.3590,966.8074,942.3511,914.6176,879.4873,845.2319,821.3993,795.0288,761.6856,745.8530,743.2306,726.9176,726.6453,714.5187,714.7851,701.6392,704.7313,695.8949,678.9861,670.2561,657.1517,645.2813,622.9852,616.2445,589.5870,584.6896,570.4962,553.0575,527.8284
65,2.0000,SpendAwareDPRebalance (R65-aware),2.5000,37483.1274,937.0782,spend75p,950.9758,994.9866,1045.4084,1095.9870,1150.9270,1214.1718,1279.7844,1340.2080,1407.9643,1470.9639,1538.5971,1600.6006,1651.5758,1698.4111,1740.2241,1771.5103,1796.8728,1817.0993,1832.9408,1836.9444,1797.0526,1799.6832,1792.8238,1775.5325,1774.0487,1465.9325,1454.2465,1431.3508,1396.6336,1377.0391,1342.6972,1299.4003,1289.1327,1269.8824,1253.1334,1241.6441,1230.8919,1223.9268,1216.5005,1209.2842,1217.9565,1212.3203,1221.9662,1223.0610,1227.2527,1235.3741,1234.3671,1217.6345,1202.3591,1192.5416,1180.9175,1166.4330,1153.8659,1144.3655,1116.6883
65,2.0000,No dynamic rebalance,2.8000,33467.0780,937.0782,survival,1.0000,1.0000,1.0000,1.0000,1.0000,1.0000,1.0000,1.0000,1.0000,1.0000,0.9995,0.9975,0.9955,0.9900,0.9850,0.9720,0.9635,0.9550,0.9405,0.9285,0.9150,0.8990,0.8805,0.8725,0.8550,0.8430,0.8285,0.8215,0.8110,0.8015,0.7905,0.7850,0.7750,0.7655,0.7590,0.7540,0.7470,0.7410,0.7355,0.7310,0.7265,0.7215,0.7150,0.7100,0.7070,0.7015,0.6985,0.6940,0.6905,0.6865,0.6835,0.6810,0.6775,0.6750,0.6735
65,2.0000,No dynamic rebalance,2.8000,33467.0780,937.0782,spend25p,937.4951,954.4794,969.8535,985.9145,1000.2375,1017.3972,1033.9201,1052.3870,1065.2906,1075.6612,1081.4024,1087.3733,1089.0344,1085.9538,1089.1096,1069.8184,1048.0008,1023.5661,985.8210,953.5772,899.5148,850.2027,808.2448,777.8115,724.2707,517.9402,464.8573,432.3448,387.5034,353.0065,305.8128,268.9678,225.7503,186.6328,138.6444,86.1214,0.0000,0.0000,0.0000,0.0000,0.0000,0.0000,0.0000,0.0000,0.0000,0.0000,0.0000,0.0000,0.0000,0.0000,0.0000,0.0000,0.0000,0.0000,0.0000
65,2.0000,No dynamic rebalance,2.8000,33467.0780,937.0782,spend50p,944.3751,974.8685,1006.8886,1040.1821,1074.9979,1111.4129,1149.1389,1187.8947,1227.6547,1264.0084,1293.1971,1320.9355,1349.7450,1363.6966,1380.9619,1370.8537,1357.7790,1339.2745,1316.7463,1295.4394,1246.3560,1216.2023,1184.3321,1164.6672,1143.6831,891.7239,858.2883,832.5895,796.9006,763.3263,725.2600,691.4354,654.9283,623.3560,595.4958,578.2441,554.3283,545.0972,537.1619,520.8114,516.4216,500.6175,476.5317,470.2582,456.9043,447.3349,436.9833,425.9760,404.8419,391.2781,370.9679,353.6098,331.1919,320.3175,304.5267
65,2.0000,No dynamic rebalance,2.8000,33467.0780,937.0782,spend75p,950.9758,994.9866,1045.4084,1095.9870,1150.9270,1214.1718,1279.7844,1340.2080,1407.9643,1470.9639,1537.9684,1600.2602,1648.9837,1692.5461,1723.5481,1739.8470,1754.0684,1764.4939,1760.7468,1754.7741,1713.2628,1672.9992,1654.3205,1654.4064,1639.9579,1329.2882,1300.7734,1265.7868,1232.6922,1204.0056,1171.1596,1145.2351,1100.6815,1075.5516,1060.3686,1047.2096,1037.8324,1025.9699,1024.7421,1019.6993,1024.4721,1029.9509,1023.6736,1031.5127,1033.8486,1035.8862,1032.9610,1015.1310,1009.5736,991.9014,979.7146,971.1880,941.4148,940.1978,926.7344
65,2.0000,固定最適比率,2.8000,33467.0780,937.0782,survival,1.0000,1.0000,1.0000,1.0000,1.0000,1.0000,1.0000,1.0000,1.0000,1.0000,1.0000,1.0000,1.0000,1.0000,1.0000,0.9995,0.9995,0.9970,0.9930,0.9865,0.9820,0.9730,0.9635,0.9560,0.9450,0.9335,0.9240,0.9190,0.9070,0.8965,0.8840,0.8725,0.8650,0.8585,0.8515,0.8405,0.8315,0.8265,0.8190,0.8115,0.8035,0.7990,0.7920,0.7860,0.7805,0.7750,0.7700,0.7660,0.7620,0.7560,0.7490,0.7455,0.7410,0.7365,0.7330
65,2.0000,固定最適比率,2.8000,33467.0780,937.0782,spend25p,937.4951,954.4794,969.8535,985.9145,1000.2375,1017.3972,1033.9201,1052.3870,1065.2906,1075.6612,1081.9889,1089.8672,1093.0876,1097.1193,1103.3041,1098.0582,1088.3830,1076.6242,1058.1184,1036.9330,993.6825,968.3083,937.9721,909.1035,877.8207,654.9452,626.7097,592.3260,551.8223,513.8543,477.2684,436.4435,405.3195,377.6223,344.9851,315.3500,288.0149,269.4705,248.9326,229.8305,206.8948,191.4121,161.3027,138.6770,124.9361,108.3465,90.0553,71.5357,41.6383,0.4745,0.0000,0.0000,0.0000,0.0000,0.0000
65,2.0000,固定最適比率,2.8000,33467.0780,937.0782,spend50p,944.3751,974.8685,1006.8886,1040.1821,1074.9979,1111.4129,1149.1389,1187.8947,1227.6547,1264.0084,1293.5144,1323.1141,1354.4930,1379.6991,1400.5127,1400.7168,1396.7587,1382.3919,1380.3693,1366.5238,1335.6463,1313.4000,1292.7645,1265.9033,1242.1442,987.6884,961.1196,936.8026,901.4329,869.5267,827.4813,788.2649,756.3101,719.4375,691.7573,671.3022,648.9391,640.0112,625.5535,609.7883,604.1936,594.7123,575.0289,566.3858,555.6128,538.6295,525.3415,512.3749,497.0594,483.2557,455.4332,439.9409,420.3446,402.9170,382.3402
65,2.0000,固定最適比率,2.8000,33467.0780,937.0782,spend75p,950.9758,994.9866,1045.4084,1095.9870,1150.9270,1214.1718,1279.7844,1340.2080,1407.9643,1470.9639,1538.5971,1601.3633,1652.8906,1699.3094,1745.0608,1777.2463,1804.9294,1834.2360,1837.1602,1836.9444,1797.0526,1791.4233,1763.3493,1757.4715,1748.5367,1424.1027,1397.7551,1376.7690,1325.1019,1286.0703,1238.9093,1203.7860,1175.0946,1146.8670,1121.5975,1103.5831,1087.0509,1078.3883,1076.0245,1078.0105,1069.6569,1066.3590,1068.9451,1068.6967,1070.8613,1064.7119,1059.9260,1049.9701,1031.3770,1013.5803,996.8427,985.9563,946.4880,935.3367,920.2090
65,2.0000,DynamicV1Rebalance,2.8000,33467.0780,937.0782,survival,1.0000,1.0000,1.0000,1.0000,1.0000,1.0000,1.0000,1.0000,1.0000,1.0000,0.9995,0.9975,0.9965,0.9915,0.9875,0.9820,0.9720,0.9665,0.9570,0.9460,0.9350,0.9275,0.9160,0.9055,0.8930,0.8830,0.8685,0.8610,0.8530,0.8465,0.8385,0.8315,0.8250,0.8175,0.8095,0.8030,0.7980,0.7965,0.7935,0.7900,0.7855,0.7845,0.7820,0.7790,0.7760,0.7715,0.7690,0.7670,0.7655,0.7640,0.7625,0.7605,0.7570,0.7555,0.7535
65,2.0000,DynamicV1Rebalance,2.8000,33467.0780,937.0782,spend25p,937.4951,954.4794,969.8535,985.9145,1000.2375,1017.3972,1033.9201,1052.3870,1065.2906,1075.6612,1081.4024,1087.3733,1089.6926,1088.9324,1090.5409,1080.2999,1060.2571,1039.7748,1014.3768,984.2433,929.8303,898.1840,862.9386,827.5087,796.1740,578.7079,543.5787,510.2622,477.7607,437.9095,404.0874,369.1676,339.8930,305.1071,275.6826,251.5479,232.3718,216.4985,202.9958,185.0208,165.1509,154.9686,139.5310,128.8174,117.2989,101.3160,89.3682,75.6841,63.4343,44.1576,25.0707,9.2578,0.0000,0.0000,0.0000
65,2.0000,DynamicV1Rebalance,2.8000,33467.0780,937.0782,spend50p,944.3751,974.8685,1006.8886,1040.1821,1074.9979,1111.4129,1149.1389,1187.8947,1227.6547,1264.0084,1293.1971,1320.9355,1351.4362,1367.5625,1383.6493,1383.1536,1365.5034,1350.3469,1335.1970,1312.9038,1266.5924,1255.0194,1230.2952,1207.3775,1183.8427,933.2864,899.9105,872.9233,841.1508,814.7265,785.6456,750.4023,711.8344,678.5738,653.6121,636.2406,621.1610,606.9075,602.3434,596.7281,597.9052,593.7926,581.6184,578.1011,569.4845,557.9587,545.8749,534.9235,523.6049,512.8719,502.5664,487.8697,470.4488,455.8045,441.8290
65,2.0000,DynamicV1Rebalance,2.8000,33467.0780,937.0782,spend75p,950.9758,994.9866,1045.4084,1095.9870,1150.9270,1214.1718,1279.7844,1340.2080,1407.9643,1470.9639,1537.9684,1600.2602,1650.4332,1693.2229,1730.5475,1758.1167,1770.7373,1783.1498,1789.6394,1786.3742,1740.2641,1734.2583,1710.7730,1701.9602,1691.7064,1380.8705,1348.2714,1315.8251,1272.5915,1240.6448,1206.6340,1182.0719,1161.3298,1129.2968,1107.1797,1091.2833,1084.0271,1077.9857,1081.7136,1096.3109,1094.8967,1100.5304,1104.4708,1133.3455,1125.5884,1111.2693,1125.9457,1119.0749,1113.5388,1110.9816,1115.9623,1103.1144,1089.1737,1077.2152,1055.0629
65,2.0000,SpendAwareDPRebalance (R65-aware),2.8000,33467.0780,937.0782,survival,1.0000,1.0000,1.0000,1.0000,1.0000,1.0000,1.0000,1.0000,1.0000,1.0000,0.9995,0.9975,0.9965,0.9915,0.9880,0.9830,0.9760,0.9715,0.9645,0.9570,0.9500,0.9430,0.9325,0.9275,0.9140,0.9080,0.8975,0.8945,0.8835,0.8800,0.8755,0.8680,0.8640,0.8595,0.8550,0.8475,0.8425,0.8355,0.8315,0.8260,0.8205,0.8175,0.8100,0.8035,0.7970,0.7945,0.7905,0.7850,0.7835,0.7795,0.7745,0.7730,0.7720,0.7645,0.7595
65,2.0000,SpendAwareDPRebalance (R65-aware),2.8000,33467.0780,937.0782,spend25p,937.4951,954.4794,969.8535,985.9145,1000.2375,1017.3972,1033.9201,1052.3870,1065.2906,1075.6612,1081.4024,1087.3733,1089.6926,1088.9324,1090.8370,1081.6322,1063.3491,1047.5486,1022.9888,1000.5397,948.6136,925.3225,894.9168,869.0648,830.0160,626.7841,587.1336,561.9282,520.7212,494.3291,465.0280,429.6905,405.8451,383.2838,356.7291,324.5304,303.7478,284.1764,268.5077,253.3968,237.0099,223.7474,200.7527,175.7540,154.9897,143.3163,130.9460,112.4305,97.2293,84.2283,68.5683,57.3263,43.1635,8.5294,0.0000
65,2.0000,SpendAwareDPRebalance (R65-aware),2.8000,33467.0780,937.0782,spend50p,944.3751,974.8685,1006.8886,1040.1821,1074.9979,1111.4129,1149.1389,1187.8947,1227.6547,1264.0084,1293.1971,1320.9355,1351.4362,1367.5625,1383.6493,1385.6649,1368.9503,1359.1609,1346.2843,1325.9116,1285.7172,1275.8901,1254.0784,1235.3007,1210.1173,964.1960,938.4837,918.4311,883.8451,855.8059,828.0559,794.6267,765.6780,734.1914,709.0588,690.0535,678.5567,658.3683,654.9191,644.2229,633.2877,626.1963,614.1663,600.2188,590.0503,583.2052,567.7578,547.7649,539.7027,523.3167,504.5861,490.4583,472.1116,452.2137,434.6759
65,2.0000,SpendAwareDPRebalance (R65-aware),2.8000,33467.0780,937.0782,spend75p,950.9758,994.9866,1045.4084,1095.9870,1150.9270,1214.1718,1279.7844,1340.2080,1407.9643,1470.9639,1537.9684,1600.2602,1650.4332,1693.2229,1730.5475,1763.6680,1776.6190,1793.1820,1800.8969,1793.5876,1763.2050,1747.8421,1728.9692,1739.7387,1720.5942,1410.1238,1390.4316,1368.7875,1316.1925,1291.4078,1262.6732,1225.5138,1203.5882,1187.4038,1174.3504,1148.5105,1133.6145,1123.2825,1133.2271,1132.3202,1129.7726,1128.2865,1121.8113,1133.3455,1121.0752,1109.2331,1110.6650,1093.4777,1084.1488,1078.1257,1056.1264,1042.4444,1035.3809,1002.6659,980.1080
65,2.0000,No dynamic rebalance,3.0000,31235.9395,937.0782,survival,1.0000,1.0000,1.0000,1.0000,1.0000,1.0000,1.0000,1.0000,1.0000,0.9995,0.9985,0.9965,0.9925,0.9875,0.9745,0.9645,0.9540,0.9405,0.9245,0.9085,0.8930,0.8705,0.8575,0.8400,0.8235,0.8115,0.8005,0.7880,0.7740,0.7625,0.7540,0.7465,0.7405,0.7315,0.7250,0.7175,0.7110,0.7065,0.7005,0.6945,0.6865,0.6830,0.6785,0.6735,0.6705,0.6655,0.6615,0.6575,0.6535,0.6510,0.6495,0.6455,0.6425,0.6400,0.6385
65,2.0000,No dynamic rebalance,3.0000,31235.9395,937.0782,spend25p,937.4951,954.4794,969.8535,985.9145,1000.2375,1017.3972,1033.9201,1052.3870,1065.2906,1074.8311,1080.5245,1086.2574,1085.9520,1084.2405,1076.1907,1058.7288,1037.0620,1006.7180,969.0813,921.1881,856.1595,798.3958,757.3090,704.2325,658.5661,454.9811,409.2085,359.0990,295.8315,245.1259,145.6291,0.0000,0.0000,0.0000,0.0000,0.0000,0.0000,0.0000,0.0000,0.0000,0.0000,0.0000,0.0000,0.0000,0.0000,0.0000,0.0000,0.0000,0.0000,0.0000,0.0000,0.0000,0.0000,0.0000,0.0000
65,2.0000,No dynamic rebalance,3.0000,31235.9395,937.0782,spend50p,944.3751,974.8685,1006.8886,1040.1821,1074.9979,1111.4129,1149.1389,1187.8947,1227.6547,1263.9827,1292.7200,1320.8195,1348.6215,1361.2270,1365.5742,1359.1850,1350.1110,1326.7493,1303.5298,1275.2904,1223.8160,1181.1819,1158.0471,1122.2735,1095.9507,851.6768,819.5429,789.0205,752.3160,712.2946,676.7983,639.9428,609.7650,579.5320,554.6364,529.0622,517.2579,498.3403,478.7717,460.9433,441.3147,429.5307,416.4352,405.3061,394.4465,382.0526,368.6405,351.2973,331.6204,315.3390,305.5384,287.0004,267.7126,248.8103,236.5876
65,2.0000,No dynamic rebalance,3.0000,31235.9395,937.0782,spend75p,950.9758,994.9866,1045.4084,1095.9870,1150.9270,1214.1718,1279.7844,1340.2080,1407.9643,1469.2049,1537.4520,1600.2602,1647.9178,1691.3761,1714.4304,1726.3591,1744.9248,1743.7098,1734.8090,1724.7695,1662.7088,1632.2487,1631.0926,1614.1140,1589.3830,1292.6413,1265.4217,1224.2355,1184.6697,1160.0743,1123.0558,1075.2055,1054.3271,1025.9729,1011.0448,991.2841,980.4799,972.9496,965.4252,967.6591,971.9454,969.6381,972.5412,968.9429,954.5686,959.2548,967.8948,953.2159,944.5606,941.5033,924.7280,919.2724,897.6242,875.7585,863.9949
65,2.0000,固定最適比率,3.0000,31235.9395,937.0782,survival,1.0000,1.0000,1.0000,1.0000,1.0000,1.0000,1.0000,1.0000,1.0000,1.0000,1.0000,1.0000,1.0000,0.9995,0.9985,0.9950,0.9890,0.9830,0.9740,0.9655,0.9525,0.9410,0.9280,0.9155,0.9060,0.8915,0.8745,0.8620,0.8510,0.8405,0.8315,0.8195,0.8100,0.8010,0.7910,0.7855,0.7775,0.7675,0.7630,0.7575,0.7495,0.7435,0.7390,0.7335,0.7260,0.7190,0.7135,0.7085,0.7045,0.6965,0.6945,0.6915,0.6875,0.6840,0.6820
65,2.0000,固定最適比率,3.0000,31235.9395,937.0782,spend25p,937.4951,954.4794,969.8535,985.9145,1000.2375,1017.3972,1033.9201,1052.3870,1065.2906,1075.6612,1081.9889,1089.8672,1093.0876,1095.6935,1101.5004,1089.6602,1078.8781,1063.8500,1033.5217,1009.5899,953.2493,923.3484,884.5644,849.0166,814.4539,593.6534,550.9199,510.7244,473.3166,430.1245,389.0379,346.5028,308.8341,273.7905,239.9146,213.8698,182.6977,138.7175,111.2715,81.0920,0.0000,0.0000,0.0000,0.0000,0.0000,0.0000,0.0000,0.0000,0.0000,0.0000,0.0000,0.0000,0.0000,0.0000,0.0000
65,2.0000,固定最適比率,3.0000,31235.9395,937.0782,spend50p,944.3751,974.8685,1006.8886,1040.1821,1074.9979,1111.4129,1149.1389,1187.8947,1227.6547,1264.0084,1293.5144,1323.1141,1354.4930,1379.0331,1399.6338,1395.3405,1381.5140,1367.4653,1351.5352,1331.1257,1281.2236,1261.1710,1234.7270,1212.2411,1192.7456,935.4277,897.6758,869.8414,833.5576,801.2500,766.8717,727.6822,682.7310,649.4549,624.7821,603.1696,581.9394,562.5301,554.7711,543.8225,531.0235,515.8271,501.2511,490.6536,473.8408,454.6536,442.8633,430.8190,412.2797,392.0549,376.1244,356.3918,337.7922,321.9886,309.7827
65,2.0000,固定最適比率,3.0000,31235.9395,937.0782,spend75p,950.9758,994.9866,1045.4084,1095.9870,1150.9270,1214.1718,1279.7844,1340.2080,1407.9643,1470.9639,1538.5971,1601.3633,1652.8906,1698.5443,1743.1756,1774.6114,1792.0770,1806.2973,1801.6908,1794.9414,1743.6610,1726.1420,1699.7420,1686.2959,1681.6310,1362.4819,1327.3473,1281.1138,1242.0066,1208.5374,1178.7278,1145.2351,1097.0531,1073.0295,1051.9399,1034.8600,1012.9590,1002.9773,996.7146,998.6685,996.3622,1006.8672,1003.1767,1004.5560,1009.1674,987.6088,982.4401,969.6820,961.9179,944.7791,931.5310,919.8749,900.3527,883.6189,876.4073
65,2.0000,DynamicV1Rebalance,3.0000,31235.9395,937.0782,survival,1.0000,1.0000,1.0000,1.0000,1.0000,1.0000,1.0000,1.0000,1.0000,0.9995,0.9985,0.9965,0.9930,0.9880,0.9815,0.9705,0.9630,0.9525,0.9405,0.9275,0.9145,0.8990,0.8835,0.8700,0.8535,0.8435,0.8320,0.8235,0.8145,0.8060,0.7970,0.7865,0.7795,0.7715,0.7650,0.7605,0.7570,0.7525,0.7470,0.7435,0.7425,0.7335,0.7305,0.7285,0.7255,0.7230,0.7200,0.7155,0.7145,0.7120,0.7120,0.7120,0.7095,0.7075,0.7070
65,2.0000,DynamicV1Rebalance,3.0000,31235.9395,937.0782,spend25p,937.4951,954.4794,969.8535,985.9145,1000.2375,1017.3972,1033.9201,1052.3870,1065.2906,1074.8311,1080.5245,1086.2574,1087.7450,1084.6734,1085.0549,1067.3771,1047.4952,1018.8428,985.8210,953.2576,899.5148,850.2027,809.8159,769.0483,716.7320,519.7229,476.7724,439.8425,399.7214,356.9830,316.0194,276.9373,234.9653,198.8923,164.3984,133.2546,103.5496,43.2125,0.0000,0.0000,0.0000,0.0000,0.0000,0.0000,0.0000,0.0000,0.0000,0.0000,0.0000,0.0000,0.0000,0.0000,0.0000,0.0000,0.0000
65,2.0000,DynamicV1Rebalance,3.0000,31235.9395,937.0782,spend50p,944.3751,974.8685,1006.8886,1040.1821,1074.9979,1111.4129,1149.1389,1187.8947,1227.6547,1263.9827,1292.7200,1320.8195,1348.6215,1361.3880,1373.6464,1364.5867,1357.7790,1337.8463,1317.9969,1296.2117,1245.3781,1213.9172,1185.5613,1161.2002,1129.9748,887.9286,858.2883,832.5895,798.2946,764.7043,732.3698,688.9412,658.9389,626.8553,598.5479,582.5666,565.5317,554.0786,545.2443,536.3401,539.9523,518.9132,507.9641,498.7019,495.7549,484.3266,471.7956,458.8226,453.2663,435.6347,428.1672,415.3909,397.4534,383.5951,372.8105
65,2.0000,DynamicV1Rebalance,3.0000,31235.9395,937.0782,spend75p,950.9758,994.9866,1045.4084,1095.9870,1150.9270,1214.1718,1279.7844,1340.2080,1407.9643,1469.2049,1537.4520,1600.2602,1647.9178,1691.3761,1719.7921,1734.9352,1751.9107,1764.4939,1763.7066,1757.5456,1705.6333,1668.6938,1649.8059,1645.3291,1625.4486,1326.6815,1299.6321,1257.4687,1220.9152,1200.2064,1171.1596,1128.5500,1091.6913,1071.6509,1045.3416,1035.0669,1032.5014,1025.9699,1022.0036,1021.3972,1036.9929,1029.4252,1024.8026,1038.0711,1053.3020,1051.6742,1056.2364,1040.2964,1029.9693,1014.9704,1019.6458,1008.1890,992.5939,974.6099,972.2085
65,2.0000,SpendAwareDPRebalance (R65-aware),3.0000,31235.9395,937.0782,survival,1.0000,1.0000,1.0000,1.0000,1.0000,1.0000,1.0000,1.0000,1.0000,0.9995,0.9985,0.9965,0.9930,0.9890,0.9820,0.9740,0.9670,0.9565,0.9470,0.9380,0.9265,0.9160,0.9055,0.8945,0.8845,0.8730,0.8605,0.8535,0.8490,0.8420,0.8340,0.8265,0.8220,0.8160,0.8105,0.8030,0.8015,0.7920,0.7875,0.7800,0.7745,0.7675,0.7600,0.7550,0.7515,0.7485,0.7425,0.7390,0.7360,0.7325,0.7280,0.7235,0.7225,0.7185,0.7100
65,2.0000,SpendAwareDPRebalance (R65-aware),3.0000,31235.9395,937.0782,spend25p,937.4951,954.4794,969.8535,985.9145,1000.2375,1017.3972,1033.9201,1052.3870,1065.2906,1074.8311,1080.5245,1086.2574,1087.7450,1084.9440,1085.3683,1072.6226,1052.0832,1024.5921,997.4855,972.6372,916.7393,876.7298,842.7184,808.1075,778.3181,566.8064,524.1273,496.8806,469.3465,431.6598,396.0227,361.3167,332.3003,302.9220,278.1199,251.5479,236.2991,211.2911,191.0244,161.1822,137.2102,115.7719,77.3749,40.3853,0.0000,0.0000,0.0000,0.0000,0.0000,0.0000,0.0000,0.0000,0.0000,0.0000,0.0000
65,2.0000,SpendAwareDPRebalance (R65-aware),3.0000,31235.9395,937.0782,spend50p,944.3751,974.8685,1006.8886,1040.1821,1074.9979,1111.4129,1149.1389,1187.8947,1227.6547,1263.9827,1292.7200,1320.8195,1348.6215,1361.7911,1374.0331,1373.5780,1359.9956,1340.4971,1325.5468,1305.8453,1256.4702,1234.0930,1212.7221,1189.1669,1167.1268,915.6475,888.6305,866.1241,838.4241,807.4263,778.6321,742.6075,708.9216,678.5738,654.2228,635.8906,624.9366,601.2553,588.0065,583.6413,571.8482,559.6895,552.0490,536.2758,521.6024,505.9316,493.5732,480.2328,470.5932,454.2523,437.8796,416.8908,406.2012,387.1687,356.9246
65,2.0000,SpendAwareDPRebalance (R65-aware),3.0000,31235.9395,937.0782,spend75p,950.9758,994.9866,1045.4084,1095.9870,1150.9270,1214.1718,1279.7844,1340.2080,1407.9643,1469.2049,1537.4520,1600.2602,1647.9178,1692.1296,1722.3120,1739.8470,1759.0722,1765.8750,1767.7183,1766.2386,1729.5879,1701.2973,1683.1909,1679.9702,1675.8658,1358.3277,1338.2526,1303.1174,1269.2664,1228.5018,1202.6949,1178.5753,1157.7802,1130.0858,1109.3389,1092.2661,1087.0509,1069.9555,1057.6246,1055.0036,1063.6376,1050.3180,1047.3274,1046.8128,1050.8405,1050.5125,1048.1751,1035.2776,1023.3884,1007.0111,987.7369,966.9327,945.3573,928.0073,899.5621
65,2.0000,No dynamic rebalance,3.3300,28140.4860,937.0782,survival,1.0000,1.0000,1.0000,1.0000,1.0000,1.0000,1.0000,1.0000,1.0000,0.9990,0.9965,0.9945,0.9880,0.9760,0.9605,0.9475,0.9325,0.9125,0.8900,0.8695,0.8520,0.8325,0.8115,0.7870,0.7685,0.7540,0.7410,0.7275,0.7165,0.7030,0.6965,0.6880,0.6785,0.6710,0.6605,0.6540,0.6460,0.6375,0.6330,0.6300,0.6240,0.6185,0.6140,0.6115,0.6090,0.6050,0.6005,0.5990,0.5955,0.5910,0.5880,0.5855,0.5840,0.5820,0.5800
65,2.0000,No dynamic rebalance,3.3300,28140.4860,937.0782,spend25p,937.4951,954.4794,969.8535,985.9145,1000.2375,1017.3972,1033.9201,1052.3870,1065.2906,1073.3788,1078.9495,1084.0213,1078.5863,1077.6189,1058.9508,1038.6711,1008.5202,960.5546,906.2396,845.3673,778.6913,706.7375,643.8836,565.7475,472.2266,221.6010,0.0000,0.0000,0.0000,0.0000,0.0000,0.0000,0.0000,0.0000,0.0000,0.0000,0.0000,0.0000,0.0000,0.0000,0.0000,0.0000,0.0000,0.0000,0.0000,0.0000,0.0000,0.0000,0.0000,0.0000,0.0000,0.0000,0.0000,0.0000,0.0000
65,2.0000,No dynamic rebalance,3.3300,28140.4860,937.0782,spend50p,944.3751,974.8685,1006.8886,1040.1821,1074.9979,1111.4129,1149.1389,1187.8947,1227.6547,1263.8719,1290.6325,1318.6506,1345.1228,1353.0284,1350.6059,1344.6526,1327.7964,1307.9435,1263.2625,1229.5908,1172.8136,1132.1064,1103.6037,1062.0173,1030.9885,785.6783,748.4565,708.9306,669.0164,623.9523,588.5566,556.0020,523.2768,489.2280,468.0164,438.7166,416.4204,396.1878,379.7575,367.4495,351.4476,338.7158,320.4404,312.6313,297.8906,280.3940,264.3835,247.8500,233.0745,216.0425,199.4535,180.6402,172.1916,153.5190,134.4202
65,2.0000,No dynamic rebalance,3.3300,28140.4860,937.0782,spend75p,950.9758,994.9866,1045.4084,1095.9870,1150.9270,1214.1718,1279.7844,1340.2080,1407.9643,1468.2769,1536.4886,1599.1029,1642.7947,1672.8495,1699.9961,1715.9751,1719.3794,1718.7543,1694.5099,1657.6449,1606.5063,1589.5717,1576.8801,1544.5063,1528.2858,1214.6957,1180.8960,1141.3125,1116.2464,1076.3729,1035.1894,1011.0127,980.9214,951.9625,921.7171,903.4507,895.0970,888.3816,883.3508,888.2955,883.6768,882.7902,884.3865,888.1346,879.0749,874.7820,862.8974,869.1451,866.8165,842.7364,827.7520,806.2501,791.7219,774.8016,751.8040
65,2.0000,固定最適比率,3.3300,28140.4860,937.0782,survival,1.0000,1.0000,1.0000,1.0000,1.0000,1.0000,1.0000,1.0000,1.0000,1.0000,0.9995,0.9990,0.9965,0.9920,0.9845,0.9715,0.9600,0.9460,0.9300,0.9115,0.8960,0.8740,0.8535,0.8325,0.8160,0.7980,0.7815,0.7670,0.7545,0.7420,0.7320,0.7205,0.7135,0.7035,0.6930,0.6840,0.6785,0.6720,0.6675,0.6600,0.6495,0.6450,0.6410,0.6360,0.6305,0.6265,0.6245,0.6210,0.6190,0.6170,0.6140,0.6115,0.6080,0.6045,0.6035
65,2.0000,固定最適比率,3.3300,28140.4860,937.0782,spend25p,937.4951,954.4794,969.8535,985.9145,1000.2375,1017.3972,1033.9201,1052.3870,1065.2906,1075.6612,1081.4024,1088.8444,1089.3362,1087.5032,1088.9730,1067.3771,1043.2722,1011.5312,975.3779,923.8347,859.3290,802.9308,745.8913,691.5052,631.8277,418.1425,354.1761,280.6905,176.2507,0.0000,0.0000,0.0000,0.0000,0.0000,0.0000,0.0000,0.0000,0.0000,0.0000,0.0000,0.0000,0.0000,0.0000,0.0000,0.0000,0.0000,0.0000,0.0000,0.0000,0.0000,0.0000,0.0000,0.0000,0.0000,0.0000
65,2.0000,固定最適比率,3.3300,28140.4860,937.0782,spend50p,944.3751,974.8685,1006.8886,1040.1821,1074.9979,1111.4129,1149.1389,1187.8947,1227.6547,1264.0084,1293.1971,1322.5735,1350.2729,1363.6966,1378.3823,1362.8831,1353.0936,1329.6243,1303.5298,1273.1235,1218.7839,1178.8905,1136.7127,1106.7196,1072.9795,825.0523,796.2072,754.2791,720.6558,672.8062,634.8577,593.7793,563.3729,531.9619,501.8890,483.8035,456.9197,433.3071,417.8882,402.5841,376.5203,364.3567,352.6691,340.9946,326.6784,307.6920,295.7247,277.6648,268.9028,255.0668,241.0034,221.9155,206.6321,185.6236,170.0820
65,2.0000,固定最適比率,3.3300,28140.4860,937.0782,spend75p,950.9758,994.9866,1045.4084,1095.9870,1150.9270,1214.1718,1279.7844,1340.2080,1407.9643,1470.9639,1537.9684,1600.6006,1648.9837,1692.4044,1722.3120,1729.1291,1744.6502,1742.4975,1732.7012,1714.8459,1650.2786,1625.6457,1595.1331,1584.9032,1561.4125,1250.7619,1204.6470,1169.3453,1136.4571,1097.1458,1053.7053,1021.7234,994.3941,964.0302,940.4062,915.8545,918.9240,912.7279,904.0274,898.7644,885.1071,888.2128,894.8283,895.1685,883.7409,875.5077,865.8607,867.8966,866.8165,848.1111,833.5349,825.2649,799.2646,777.4961,757.9017
65,2.0000,DynamicV1Rebalance,3.3300,28140.4860,937.0782,survival,1.0000,1.0000,1.0000,1.0000,1.0000,1.0000,1.0000,1.0000,1.0000,0.9990,0.9965,0.9945,0.9880,0.9785,0.9620,0.9530,0.9400,0.9225,0.9030,0.8830,0.8670,0.8510,0.8345,0.8135,0.7985,0.7820,0.7705,0.7540,0.7475,0.7375,0.7270,0.7185,0.7095,0.6975,0.6890,0.6850,0.6795,0.6770,0.6740,0.6700,0.6655,0.6610,0.6595,0.6560,0.6505,0.6485,0.6445,0.6435,0.6415,0.6395,0.6355,0.6350,0.6325,0.6305,0.6300
65,2.0000,DynamicV1Rebalance,3.3300,28140.4860,937.0782,spend25p,937.4951,954.4794,969.8535,985.9145,1000.2375,1017.3972,1033.9201,1052.3870,1065.2906,1073.3788,1078.9495,1084.0213,1078.5863,1080.0284,1060.4631,1045.3774,1018.3922,976.2702,927.3162,873.7695,809.3445,756.1986,703.8899,635.9017,584.7149,374.5360,301.9941,182.4714,0.0000,0.0000,0.0000,0.0000,0.0000,0.0000,0.0000,0.0000,0.0000,0.0000,0.0000,0.0000,0.0000,0.0000,0.0000,0.0000,0.0000,0.0000,0.0000,0.0000,0.0000,0.0000,0.0000,0.0000,0.0000,0.0000,0.0000
65,2.0000,DynamicV1Rebalance,3.3300,28140.4860,937.0782,spend50p,944.3751,974.8685,1006.8886,1040.1821,1074.9979,1111.4129,1149.1389,1187.8947,1227.6547,1263.8719,1290.6325,1318.6506,1345.1228,1355.4897,1352.1247,1352.0658,1335.7178,1314.3696,1277.0845,1245.7429,1192.3635,1149.8519,1130.0768,1093.2512,1057.8495,816.8555,792.1693,743.3589,719.9807,675.5167,634.8577,598.2729,569.4176,528.5885,500.4212,489.8326,460.7261,444.9103,437.9224,428.5350,419.2362,399.9462,395.4189,386.4098,367.8022,357.7945,345.4742,336.7681,322.1165,304.9953,285.5887,273.5168,253.4107,240.2015,225.2708
65,2.0000,DynamicV1Rebalance,3.3300,28140.4860,937.0782,spend75p,950.9758,994.9866,1045.4084,1095.9870,1150.9270,1214.1718,1279.7844,1340.2080,1407.9643,1468.2769,1536.4886,1599.1029,1642.7947,1675.9912,1700.7728,1721.5962,1727.9238,1733.2163,1708.9437,1693.4630,1622.9421,1613.4108,1595.1331,1575.8960,1554.3631,1250.7619,1213.6675,1176.5722,1157.9144,1118.3051,1076.6015,1038.3521,1015.6895,970.7619,948.1587,935.6467,929.9739,928.8825,929.5298,930.9332,925.6536,934.8387,939.7880,940.7576,927.2461,937.0544,934.1332,931.6342,921.1432,918.5304,907.5323,891.9121,879.6018,845.0333,836.8672
65,2.0000,SpendAwareDPRebalance (R65-aware),3.3300,28140.4860,937.0782,survival,1.0000,1.0000,1.0000,1.0000,1.0000,1.0000,1.0000,1.0000,1.0000,0.9990,0.9965,0.9945,0.9880,0.9785,0.9645,0.9550,0.9455,0.9280,0.9080,0.8930,0.8780,0.8650,0.8475,0.8320,0.8195,0.8060,0.7990,0.7865,0.7775,0.7670,0.7570,0.7480,0.7460,0.7380,0.7330,0.7245,0.7180,0.7155,0.7110,0.7055,0.6975,0.6955,0.6885,0.6815,0.6780,0.6765,0.6715,0.6670,0.6625,0.6595,0.6565,0.6540,0.6525,0.6470,0.6425
65,2.0000,SpendAwareDPRebalance (R65-aware),3.3300,28140.4860,937.0782,spend25p,937.4951,954.4794,969.8535,985.9145,1000.2375,1017.3972,1033.9201,1052.3870,1065.2906,1073.3788,1078.9495,1084.0213,1078.5863,1080.0284,1064.0608,1046.8607,1029.2846,983.0232,941.5366,888.7717,828.5957,788.2949,731.4834,691.5052,646.9931,445.3304,404.3764,351.8232,306.5630,255.4139,179.1505,0.0000,0.0000,0.0000,0.0000,0.0000,0.0000,0.0000,0.0000,0.0000,0.0000,0.0000,0.0000,0.0000,0.0000,0.0000,0.0000,0.0000,0.0000,0.0000,0.0000,0.0000,0.0000,0.0000,0.0000
65,2.0000,SpendAwareDPRebalance (R65-aware),3.3300,28140.4860,937.0782,spend50p,944.3751,974.8685,1006.8886,1040.1821,1074.9979,1111.4129,1149.1389,1187.8947,1227.6547,1263.8719,1290.6325,1318.6506,1345.1228,1355.4897,1355.5896,1353.1882,1341.3571,1317.1498,1283.6572,1257.2647,1201.7672,1173.6712,1140.1774,1116.4245,1092.3185,842.1120,815.6114,782.4244,753.5690,721.2195,678.3077,643.5788,621.0416,588.5383,565.6778,538.3173,525.2810,519.6797,497.7734,485.3369,457.4627,449.4952,432.9371,424.5217,405.0766,399.9614,383.4607,375.1420,351.7873,336.9044,321.6502,304.2803,290.7992,265.6102,243.8330
65,2.0000,SpendAwareDPRebalance (R65-aware),3.3300,28140.4860,937.0782,spend75p,950.9758,994.9866,1045.4084,1095.9870,1150.9270,1214.1718,1279.7844,1340.2080,1407.9643,1468.2769,1536.4886,1599.1029,1642.7947,1675.9912,1703.3304,1723.0599,1732.4506,1735.9333,1718.8007,1706.2818,1640.9256,1628.6586,1622.5067,1608.1734,1589.3830,1290.2643,1264.0698,1218.0592,1192.5510,1166.1676,1123.0558,1074.4564,1060.0276,1032.9792,1007.5215,984.7311,976.0165,971.0880,960.0001,963.5490,969.6980,970.8008,966.9414,947.8965,942.5592,948.2759,941.8882,931.6342,912.9289,915.9188,906.0937,877.0586,871.7658,837.8993,802.2539
65,2.0000,No dynamic rebalance,3.6600,25603.2291,937.0782,survival,1.0000,1.0000,1.0000,1.0000,1.0000,1.0000,1.0000,1.0000,0.9995,0.9975,0.9955,0.9895,0.9790,0.9595,0.9425,0.9280,0.9010,0.8760,0.8540,0.8305,0.8050,0.7760,0.7520,0.7280,0.7080,0.6900,0.6755,0.6640,0.6560,0.6460,0.6340,0.6280,0.6160,0.6085,0.6035,0.5970,0.5925,0.5875,0.5835,0.5785,0.5735,0.5685,0.5640,0.5585,0.5525,0.5505,0.5465,0.5430,0.5410,0.5385,0.5365,0.5350,0.5320,0.5300,0.5275
65,2.0000,No dynamic rebalance,3.6600,25603.2291,937.0782,spend25p,937.4951,954.4794,969.8535,985.9145,1000.2375,1017.3972,1033.9201,1052.3870,1065.1410,1072.0668,1078.4721,1081.0270,1072.4995,1058.2720,1036.6928,1005.2931,961.2165,892.1894,836.3345,763.1902,663.6304,559.8881,344.8051,0.0000,0.0000,0.0000,0.0000,0.0000,0.0000,0.0000,0.0000,0.0000,0.0000,0.0000,0.0000,0.0000,0.0000,0.0000,0.0000,0.0000,0.0000,0.0000,0.0000,0.0000,0.0000,0.0000,0.0000,0.0000,0.0000,0.0000,0.0000,0.0000,0.0000,0.0000,0.0000
65,2.0000,No dynamic rebalance,3.6600,25603.2291,937.0782,spend50p,944.3751,974.8685,1006.8886,1040.1821,1074.9979,1111.4129,1149.1389,1187.8947,1227.1002,1262.0346,1290.2800,1316.4891,1336.2475,1339.3644,1331.3027,1326.5992,1297.3027,1261.3863,1218.7511,1180.4122,1109.5602,1073.0346,1025.1454,985.1046,937.6952,694.5537,651.6093,614.3604,581.7959,542.3451,502.4495,472.1742,429.2506,401.1236,378.0521,354.2331,326.5675,304.4171,289.4827,272.2993,259.7433,250.1332,232.9191,217.3283,188.0965,175.5566,158.0951,144.7100,134.2109,121.2777,105.8268,93.3650,77.4011,57.0866,44.0601
65,2.0000,No dynamic rebalance,3.6600,25603.2291,937.0782,spend75p,950.9758,994.9866,1045.4084,1095.9870,1150.9270,1214.1718,1279.7844,1340.2080,1407.4349,1467.4488,1535.3258,1594.8922,1637.1980,1658.9545,1685.0903,1702.2018,1699.8788,1666.1618,1652.5636,1618.4896,1557.3854,1529.7599,1507.0104,1481.1355,1426.6844,1129.1524,1095.9705,1068.6360,1035.5239,995.5198,967.3239,939.1403,899.2448,865.3805,856.7481,838.2186,820.6629,806.2968,802.5027,813.6738,817.9210,798.4334,810.4646,808.6716,792.0729,791.4903,783.8955,766.2190,750.9258,736.3582,719.7651,713.4477,693.5232,677.5787,652.6729
65,2.0000,固定最適比率,3.6600,25603.2291,937.0782,survival,1.0000,1.0000,1.0000,1.0000,1.0000,1.0000,1.0000,1.0000,1.0000,0.9990,0.9965,0.9930,0.9855,0.9685,0.9520,0.9375,0.9165,0.8895,0.8710,0.8475,0.8225,0.7980,0.7720,0.7450,0.7235,0.7040,0.6890,0.6760,0.6665,0.6570,0.6490,0.6380,0.6280,0.6185,0.6130,0.6075,0.6010,0.5955,0.5890,0.5855,0.5815,0.5765,0.5705,0.5655,0.5615,0.5590,0.5565,0.5525,0.5490,0.5435,0.5395,0.5360,0.5310,0.5295,0.5270
65,2.0000,固定最適比率,3.6600,25603.2291,937.0782,spend25p,937.4951,954.4794,969.8535,985.9145,1000.2375,1017.3972,1033.9201,1052.3870,1065.2906,1073.3788,1078.9495,1082.4829,1077.6318,1068.0458,1048.7177,1019.5845,981.6506,917.9663,866.0139,801.0225,703.2297,625.5863,517.0713,0.0000,0.0000,0.0000,0.0000,0.0000,0.0000,0.0000,0.0000,0.0000,0.0000,0.0000,0.0000,0.0000,0.0000,0.0000,0.0000,0.0000,0.0000,0.0000,0.0000,0.0000,0.0000,0.0000,0.0000,0.0000,0.0000,0.0000,0.0000,0.0000,0.0000,0.0000,0.0000
65,2.0000,固定最適比率,3.6600,25603.2291,937.0782,spend50p,944.3751,974.8685,1006.8886,1040.1821,1074.9979,1111.4129,1149.1389,1187.8947,1227.6547,1263.8719,1290.6325,1317.7899,1339.2441,1346.5192,1339.8913,1335.0442,1312.6757,1278.9300,1240.7817,1203.0244,1125.9878,1092.0409,1052.3152,1005.7963,960.7115,712.9227,676.4100,630.1427,597.1389,555.1242,525.9485,483.3561,451.5553,412.0270,387.2239,366.5227,340.3867,319.8382,296.0899,284.5627,273.2678,262.2809,244.5849,229.5662,212.0841,187.8938,174.8765,158.9548,144.1850,127.4676,115.8372,95.1739,74.4727,54.5996,41.1079
65,2.0000,固定最適比率,3.6600,25603.2291,937.0782,spend75p,950.9758,994.9866,1045.4084,1095.9870,1150.9270,1214.1718,1279.7844,1340.2080,1407.9643,1468.2769,1536.4886,1596.4992,1639.9805,1668.3878,1692.4391,1705.0628,1706.2475,1680.0573,1662.7146,1629.8188,1565.4057,1544.8623,1524.9670,1484.4131,1445.1477,1139.0007,1097.9323,1075.6163,1044.9025,1000.7318,977.8705,942.9123,909.1114,874.2475,857.1073,840.6705,825.5378,809.9473,803.9141,817.0260,820.3028,810.4664,810.4646,808.6716,795.0012,795.1637,791.7278,779.7269,756.0563,735.0031,713.3418,700.2082,677.2544,660.3145,645.0992
65,2.0000,DynamicV1Rebalance,3.6600,25603.2291,937.0782,survival,1.0000,1.0000,1.0000,1.0000,1.0000,1.0000,1.0000,1.0000,0.9995,0.9980,0.9955,0.9890,0.9805,0.9600,0.9460,0.9330,0.9050,0.8810,0.8605,0.8385,0.8140,0.7920,0.7705,0.7500,0.7290,0.7100,0.6980,0.6855,0.6740,0.6665,0.6555,0.6450,0.6325,0.6250,0.6170,0.6130,0.6085,0.6040,0.6010,0.5975,0.5940,0.5910,0.5885,0.5855,0.5830,0.5815,0.5790,0.5780,0.5775,0.5765,0.5745,0.5735,0.5715,0.5700,0.5700
65,2.0000,DynamicV1Rebalance,3.6600,25603.2291,937.0782,spend25p,937.4951,954.4794,969.8535,985.9145,1000.2375,1017.3972,1033.9201,1052.3870,1065.1410,1072.3601,1078.4721,1080.7525,1073.8507,1058.5874,1040.0583,1010.7627,965.6584,899.9453,848.8805,778.9574,683.5253,609.9229,510.3309,210.2951,0.0000,0.0000,0.0000,0.0000,0.0000,0.0000,0.0000,0.0000,0.0000,0.0000,0.0000,0.0000,0.0000,0.0000,0.0000,0.0000,0.0000,0.0000,0.0000,0.0000,0.0000,0.0000,0.0000,0.0000,0.0000,0.0000,0.0000,0.0000,0.0000,0.0000,0.0000
65,2.0000,DynamicV1Rebalance,3.6600,25603.2291,937.0782,spend50p,944.3751,974.8685,1006.8886,1040.1821,1074.9979,1111.4129,1149.1389,1187.8947,1227.1002,1263.1044,1290.2800,1316.2886,1336.8131,1339.7801,1334.9234,1335.0442,1302.5919,1266.6336,1234.5747,1195.7921,1123.4915,1089.3320,1055.9510,1012.8348,967.0048,726.2654,690.0817,651.3376,606.9217,570.8828,533.0411,490.3027,460.1779,427.4730,401.1445,375.2103,361.0607,340.2163,322.8384,304.5191,295.7257,285.4584,278.9198,269.2510,258.8103,245.1585,232.3675,224.1057,208.7966,192.9266,176.7308,163.2433,148.1912,134.7922,122.8336
65,2.0000,DynamicV1Rebalance,3.6600,25603.2291,937.0782,spend75p,950.9758,994.9866,1045.4084,1095.9870,1150.9270,1214.1718,1279.7844,1340.2080,1407.4349,1467.8348,1535.3258,1594.5676,1638.3812,1658.7156,1689.2172,1705.7691,1703.4248,1669.4428,1656.2574,1627.7843,1563.7060,1552.3157,1532.4214,1502.8681,1471.5358,1149.7649,1115.4494,1092.7144,1052.8602,1026.2475,994.9885,955.2255,915.2687,891.4392,867.4741,851.4193,838.4182,827.1119,827.3925,830.0138,842.6302,843.8869,844.1392,848.9957,858.5530,832.4876,832.2165,832.3731,838.5775,833.8303,803.4273,793.3525,776.9868,760.7814,744.5178
65,2.0000,SpendAwareDPRebalance (R65-aware),3.6600,25603.2291,937.0782,survival,1.0000,1.0000,1.0000,1.0000,1.0000,1.0000,1.0000,1.0000,0.9995,0.9975,0.9955,0.9895,0.9805,0.9600,0.9440,0.9310,0.9060,0.8835,0.8625,0.8440,0.8200,0.7990,0.7815,0.7605,0.7470,0.7335,0.7225,0.7135,0.7030,0.6950,0.6840,0.6795,0.6745,0.6695,0.6595,0.6550,0.6500,0.6450,0.6410,0.6375,0.6330,0.6300,0.6220,0.6170,0.6125,0.6120,0.6085,0.6035,0.6010,0.5980,0.5960,0.5935,0.5920,0.5885,0.5840
65,2.0000,SpendAwareDPRebalance (R65-aware),3.6600,25603.2291,937.0782,spend25p,937.4951,954.4794,969.8535,985.9145,1000.2375,1017.3972,1033.9201,1052.3870,1065.1410,1072.0668,1078.4721,1081.0270,1073.8507,1058.5874,1038.1515,1009.6537,966.7398,905.1204,853.0895,796.6746,698.7990,628.3219,567.4723,436.7474,0.0000,0.0000,0.0000,0.0000,0.0000,0.0000,0.0000,0.0000,0.0000,0.0000,0.0000,0.0000,0.0000,0.0000,0.0000,0.0000,0.0000,0.0000,0.0000,0.0000,0.0000,0.0000,0.0000,0.0000,0.0000,0.0000,0.0000,0.0000,0.0000,0.0000,0.0000
65,2.0000,SpendAwareDPRebalance (R65-aware),3.6600,25603.2291,937.0782,spend50p,944.3751,974.8685,1006.8886,1040.1821,1074.9979,1111.4129,1149.1389,1187.8947,1227.1002,1262.0346,1290.2800,1316.4891,1336.8131,1339.7801,1333.7174,1329.1426,1303.0974,1273.4500,1235.7234,1203.9881,1132.5530,1097.3025,1065.9045,1023.5221,995.7500,760.8171,725.2135,691.6285,645.3867,613.1154,574.2191,545.8155,518.8469,489.2280,468.9925,442.4954,426.3646,407.8079,395.1714,379.9808,367.1106,354.8769,338.6224,318.1342,303.8600,293.3077,273.2541,254.5361,240.6654,225.7018,218.6162,202.1877,180.4402,167.0232,143.2219
65,2.0000,SpendAwareDPRebalance (R65-aware),3.6600,25603.2291,937.0782,spend75p,950.9758,994.9866,1045.4084,1095.9870,1150.9270,1214.1718,1279.7844,1340.2080,1407.4349,1467.4488,1535.3258,1594.8922,1638.3812,1658.9545,1688.9706,1704.6521,1705.1070,1680.0573,1659.1178,1639.7799,1567.5280,1559.8124,1539.8966,1519.4207,1487.9380,1183.8535,1151.7124,1127.6392,1094.5930,1063.5042,1023.0842,1000.5999,968.5166,947.9427,914.8469,902.7000,892.4556,888.3816,886.0168,883.9045,880.5786,882.7902,880.5202,869.8740,864.8552,863.2073,849.3304,839.9235,843.6121,833.8565,803.9605,788.9886,775.8790,757.3252,727.7151
65,2.0000,No dynamic rebalance,4.0000,23426.9546,937.0782,survival,1.0000,1.0000,1.0000,1.0000,1.0000,1.0000,1.0000,1.0000,0.9990,0.9965,0.9920,0.9825,0.9595,0.9405,0.9230,0.8960,0.8665,0.8395,0.8060,0.7745,0.7440,0.7115,0.6895,0.6665,0.6460,0.6350,0.6225,0.6125,0.5955,0.5865,0.5770,0.5690,0.5645,0.5545,0.5465,0.5395,0.5320,0.5265,0.5225,0.5165,0.5120,0.5090,0.5060,0.5025,0.4965,0.4940,0.4900,0.4880,0.4840,0.4815,0.4805,0.4755,0.4725,0.4710,0.4675
65,2.0000,No dynamic rebalance,4.0000,23426.9546,937.0782,spend25p,937.4951,954.4794,969.8535,985.9145,1000.2375,1017.3972,1033.9201,1052.3870,1064.5391,1071.3321,1076.1353,1074.6081,1055.8325,1039.3693,1013.8239,968.9068,896.2337,834.6203,726.3459,607.8518,0.0000,0.0000,0.0000,0.0000,0.0000,0.0000,0.0000,0.0000,0.0000,0.0000,0.0000,0.0000,0.0000,0.0000,0.0000,0.0000,0.0000,0.0000,0.0000,0.0000,0.0000,0.0000,0.0000,0.0000,0.0000,0.0000,0.0000,0.0000,0.0000,0.0000,0.0000,0.0000,0.0000,0.0000,0.0000
65,2.0000,No dynamic rebalance,4.0000,23426.9546,937.0782,spend50p,944.3751,974.8685,1006.8886,1040.1821,1074.9979,1111.4129,1149.1389,1187.8947,1226.8436,1261.2376,1288.2427,1311.5411,1318.0908,1321.9179,1313.0665,1288.6312,1254.1674,1227.5141,1170.7129,1124.5383,1044.0527,985.7799,942.9894,887.4228,833.8720,613.8044,576.4938,537.5558,495.3665,449.1333,406.7151,368.0025,340.6759,297.4179,265.2370,236.5849,208.2257,181.3311,151.7300,129.9631,109.7351,84.3505,49.7247,9.1153,0.0000,0.0000,0.0000,0.0000,0.0000,0.0000,0.0000,0.0000,0.0000,0.0000,0.0000
65,2.0000,No dynamic rebalance,4.0000,23426.9546,937.0782,spend75p,950.9758,994.9866,1045.4084,1095.9870,1150.9270,1214.1718,1279.7844,1340.2080,1407.0591,1467.4488,1533.1145,1587.4645,1616.8767,1643.5646,1661.3928,1675.5662,1658.7547,1643.1242,1600.4106,1559.2654,1498.5179,1467.2487,1424.1688,1384.1025,1353.0165,1069.3039,1037.9218,1003.3819,959.7529,936.2613,903.4305,861.2317,831.8172,809.8866,776.0573,753.3012,739.5474,729.1102,727.1950,712.9545,706.0576,700.5320,696.6844,696.2137,684.2205,675.8828,665.5383,648.5176,638.3331,625.9610,621.8567,592.2012,578.9324,561.6922,547.2929
65,2.0000,固定最適比率,4.0000,23426.9546,937.0782,survival,1.0000,1.0000,1.0000,1.0000,1.0000,1.0000,1.0000,1.0000,0.9990,0.9965,0.9920,0.9825,0.9595,0.9405,0.9230,0.8960,0.8665,0.8395,0.8060,0.7745,0.7440,0.7115,0.6895,0.6665,0.6460,0.6350,0.6225,0.6125,0.5955,0.5865,0.5770,0.5690,0.5645,0.5545,0.5465,0.5395,0.5320,0.5265,0.5225,0.5165,0.5120,0.5090,0.5060,0.5025,0.4965,0.4940,0.4900,0.4880,0.4840,0.4815,0.4805,0.4755,0.4725,0.4710,0.4675
65,2.0000,固定最適比率,4.0000,23426.9546,937.0782,spend25p,937.4951,954.4794,969.8535,985.9145,1000.2375,1017.3972,1033.9201,1052.3870,1064.5391,1071.3321,1076.1353,1074.6081,1055.8325,1039.3693,1013.8239,968.9068,896.2337,834.6203,726.3459,607.8518,0.0000,0.0000,0.0000,0.0000,0.0000,0.0000,0.0000,0.0000,0.0000,0.0000,0.0000,0.0000,0.0000,0.0000,0.0000,0.0000,0.0000,0.0000,0.0000,0.0000,0.0000,0.0000,0.0000,0.0000,0.0000,0.0000,0.0000,0.0000,0.0000,0.0000,0.0000,0.0000,0.0000,0.0000,0.0000
65,2.0000,固定最適比率,4.0000,23426.9546,937.0782,spend50p,944.3751,974.8685,1006.8886,1040.1821,1074.9979,1111.4129,1149.1389,1187.8947,1226.8436,1261.2376,1288.2427,1311.5411,1318.0908,1321.9179,1313.0665,1288.6312,1254.1674,1227.5141,1170.7129,1124.5383,1044.0527,985.7799,942.9894,887.4228,833.8720,613.8044,576.4938,537.5558,495.3665,449.1333,406.7151,368.0025,340.6759,297.4179,265.2370,236.5849,208.2257,181.3311,151.7300,129.9631,109.7351,84.3505,49.7247,9.1153,0.0000,0.0000,0.0000,0.0000,0.0000,0.0000,0.0000,0.0000,0.0000,0.0000,0.0000
65,2.0000,固定最適比率,4.0000,23426.9546,937.0782,spend75p,950.9758,994.9866,1045.4084,1095.9870,1150.9270,1214.1718,1279.7844,1340.2080,1407.0591,1467.4488,1533.1145,1587.4645,1616.8767,1643.5646,1661.3928,1675.5662,1658.7547,1643.1242,1600.4106,1559.2654,1498.5179,1467.2487,1424.1688,1384.1025,1353.0165,1069.3039,1037.9218,1003.3819,959.7529,936.2613,903.4305,861.2317,831.8172,809.8866,776.0573,753.3012,739.5474,729.1102,727.1950,712.9545,706.0576,700.5320,696.6844,696.2137,684.2205,675.8828,665.5383,648.5176,638.3331,625.9610,621.8567,592.2012,578.9324,561.6922,547.2929
65,2.0000,DynamicV1Rebalance,4.0000,23426.9546,937.0782,survival,1.0000,1.0000,1.0000,1.0000,1.0000,1.0000,1.0000,1.0000,0.9990,0.9965,0.9925,0.9825,0.9600,0.9405,0.9255,0.8965,0.8690,0.8435,0.8100,0.7810,0.7530,0.7220,0.7015,0.6770,0.6565,0.6440,0.6335,0.6245,0.6115,0.5985,0.5915,0.5840,0.5805,0.5715,0.5620,0.5535,0.5475,0.5440,0.5405,0.5375,0.5360,0.5330,0.5305,0.5285,0.5235,0.5215,0.5190,0.5170,0.5160,0.5135,0.5115,0.5080,0.5070,0.5055,0.5050
65,2.0000,DynamicV1Rebalance,4.0000,23426.9546,937.0782,spend25p,937.4951,954.4794,969.8535,985.9145,1000.2375,1017.3972,1033.9201,1052.3870,1064.5391,1071.3321,1076.5831,1074.6081,1057.1404,1039.3693,1021.0680,970.2140,900.1255,841.1564,738.0234,629.1182,393.5195,0.0000,0.0000,0.0000,0.0000,0.0000,0.0000,0.0000,0.0000,0.0000,0.0000,0.0000,0.0000,0.0000,0.0000,0.0000,0.0000,0.0000,0.0000,0.0000,0.0000,0.0000,0.0000,0.0000,0.0000,0.0000,0.0000,0.0000,0.0000,0.0000,0.0000,0.0000,0.0000,0.0000,0.0000
65,2.0000,DynamicV1Rebalance,4.0000,23426.9546,937.0782,spend50p,944.3751,974.8685,1006.8886,1040.1821,1074.9979,1111.4129,1149.1389,1187.8947,1226.8436,1261.2376,1288.2427,1311.5411,1318.7339,1321.9179,1316.1470,1289.5800,1259.9135,1230.9961,1174.3002,1129.1352,1052.4601,996.9508,964.1724,902.3797,856.5529,637.5684,605.3738,562.9250,516.7788,474.3347,435.5917,401.9120,371.0077,334.6184,297.4899,269.5171,246.1200,232.0711,213.3690,198.2496,184.7390,166.4102,153.2926,137.4998,121.1121,110.9085,98.0327,86.9805,77.1084,59.1452,27.0950,0.0000,0.0000,0.0000,0.0000
65,2.0000,DynamicV1Rebalance,4.0000,23426.9546,937.0782,spend75p,950.9758,994.9866,1045.4084,1095.9870,1150.9270,1214.1718,1279.7844,1340.2080,1407.0591,1467.4488,1533.1145,1587.4645,1617.7743,1643.5646,1667.6804,1676.4657,1661.2592,1647.1531,1603.9413,1565.6273,1510.6782,1474.3687,1445.3148,1410.8011,1363.7072,1076.6900,1048.1896,1013.9420,976.9711,943.5788,912.6377,876.6397,848.9779,819.0389,787.1486,766.2039,748.9062,749.4221,747.6969,747.1956,750.4501,746.7290,753.7206,743.0230,744.7972,741.4039,741.3324,722.1212,716.6279,702.3127,696.0701,673.9481,651.0233,636.2258,633.1562
65,2.0000,SpendAwareDPRebalance (R65-aware),4.0000,23426.9546,937.0782,survival,1.0000,1.0000,1.0000,1.0000,1.0000,1.0000,1.0000,1.0000,0.9990,0.9965,0.9920,0.9825,0.9600,0.9405,0.9240,0.8970,0.8695,0.8450,0.8120,0.7830,0.7580,0.7280,0.7115,0.6900,0.6715,0.6625,0.6520,0.6425,0.6315,0.6210,0.6150,0.6110,0.6070,0.6010,0.5935,0.5875,0.5800,0.5775,0.5715,0.5660,0.5635,0.5590,0.5530,0.5480,0.5450,0.5425,0.5405,0.5335,0.5310,0.5295,0.5265,0.5220,0.5205,0.5160,0.5115
65,2.0000,SpendAwareDPRebalance (R65-aware),4.0000,23426.9546,937.0782,spend25p,937.4951,954.4794,969.8535,985.9145,1000.2375,1017.3972,1033.9201,1052.3870,1064.5391,1071.3321,1076.1353,1074.6081,1057.1404,1039.3693,1017.9825,971.2316,900.8614,844.8103,744.6304,637.7285,471.9997,0.0000,0.0000,0.0000,0.0000,0.0000,0.0000,0.0000,0.0000,0.0000,0.0000,0.0000,0.0000,0.0000,0.0000,0.0000,0.0000,0.0000,0.0000,0.0000,0.0000,0.0000,0.0000,0.0000,0.0000,0.0000,0.0000,0.0000,0.0000,0.0000,0.0000,0.0000,0.0000,0.0000,0.0000
65,2.0000,SpendAwareDPRebalance (R65-aware),4.0000,23426.9546,937.0782,spend50p,944.3751,974.8685,1006.8886,1040.1821,1074.9979,1111.4129,1149.1389,1187.8947,1226.8436,1261.2376,1288.2427,1311.5411,1318.4138,1321.9179,1313.6066,1290.2222,1260.6459,1233.0276,1178.6480,1132.0946,1058.5335,1008.2700,976.1640,928.1421,877.5350,658.2093,627.1564,587.1742,546.5039,505.8109,477.2950,451.7967,422.1617,394.1546,365.0481,339.3649,308.8992,290.6399,274.2307,255.7687,244.7176,226.6801,208.1804,181.4566,166.6194,157.0762,144.1282,126.8210,114.7313,100.5337,75.2523,58.4498,44.0585,18.5130,0.0000
65,2.0000,SpendAwareDPRebalance (R65-aware),4.0000,23426.9546,937.0782,spend75p,950.9758,994.9866,1045.4084,1095.9870,1150.9270,1214.1718,1279.7844,1340.2080,1407.0591,1467.4488,1533.1145,1587.4645,1616.8767,1643.5646,1662.8485,1677.1906,1661.2592,1652.3595,1610.7142,1566.1793,1517.3958,1476.1858,1461.5453,1425.6786,1386.5236,1101.1400,1070.6896,1043.7239,1001.3243,966.0401,935.6403,913.9405,888.9714,857.7002,843.8457,824.5981,798.4644,790.0366,782.8113,785.4475,786.5082,785.7986,779.0409,766.6356,768.0603,766.0337,763.2453,731.3608,716.6279,706.7260,696.6573,677.2793,653.8536,635.0041,612.1199
65,2.0000,No dynamic rebalance,5.0000,18741.5637,937.0782,survival,1.0000,1.0000,1.0000,1.0000,1.0000,1.0000,1.0000,0.9985,0.9935,0.9850,0.9600,0.9330,0.9000,0.8595,0.8165,0.7695,0.7265,0.6790,0.6450,0.6125,0.5850,0.5560,0.5335,0.5105,0.4850,0.4700,0.4575,0.4470,0.4365,0.4290,0.4205,0.4080,0.4025,0.3930,0.3855,0.3800,0.3750,0.3685,0.3620,0.3565,0.3535,0.3485,0.3440,0.3395,0.3370,0.3300,0.3250,0.3230,0.3205,0.3160,0.3140,0.3125,0.3095,0.3085,0.3060
65,2.0000,No dynamic rebalance,5.0000,18741.5637,937.0782,spend25p,937.4951,954.4794,969.8535,985.9145,1000.2375,1017.3972,1033.9201,1051.5575,1062.4014,1065.8340,1051.3137,1029.9624,995.6091,935.5433,847.6787,681.2916,0.0000,0.0000,0.0000,0.0000,0.0000,0.0000,0.0000,0.0000,0.0000,0.0000,0.0000,0.0000,0.0000,0.0000,0.0000,0.0000,0.0000,0.0000,0.0000,0.0000,0.0000,0.0000,0.0000,0.0000,0.0000,0.0000,0.0000,0.0000,0.0000,0.0000,0.0000,0.0000,0.0000,0.0000,0.0000,0.0000,0.0000,0.0000,0.0000
65,2.0000,No dynamic rebalance,5.0000,18741.5637,937.0782,spend50p,944.3751,974.8685,1006.8886,1040.1821,1074.9979,1111.4129,1149.1389,1187.6228,1222.9711,1252.7661,1270.6190,1276.7622,1274.7425,1253.4574,1207.7754,1154.5572,1098.4585,1025.5991,957.2361,871.9486,768.2450,665.5811,584.6857,442.0518,0.0000,0.0000,0.0000,0.0000,0.0000,0.0000,0.0000,0.0000,0.0000,0.0000,0.0000,0.0000,0.0000,0.0000,0.0000,0.0000,0.0000,0.0000,0.0000,0.0000,0.0000,0.0000,0.0000,0.0000,0.0000,0.0000,0.0000,0.0000,0.0000,0.0000,0.0000
65,2.0000,No dynamic rebalance,5.0000,18741.5637,937.0782,spend75p,950.9758,994.9866,1045.4084,1095.9870,1150.9270,1214.1718,1279.7844,1339.2106,1405.3589,1458.0802,1512.7498,1551.5429,1578.1360,1590.6030,1586.0984,1555.5636,1519.1103,1445.4372,1401.2637,1362.0201,1281.8988,1245.5619,1195.7754,1164.5359,1114.7508,860.1316,818.8339,782.8719,753.3297,715.6936,677.7173,632.2752,599.3502,567.0798,532.4380,515.4384,503.4346,474.2512,439.7842,428.2746,420.4742,394.5075,375.8772,366.0982,349.8610,311.3104,283.2401,273.5183,259.1158,236.0767,221.7145,207.2387,178.0064,166.8675,143.1359
65,2.0000,固定最適比率,5.0000,18741.5637,937.0782,survival,1.0000,1.0000,1.0000,1.0000,1.0000,1.0000,1.0000,0.9985,0.9935,0.9850,0.9600,0.9330,0.9000,0.8595,0.8165,0.7695,0.7265,0.6790,0.6450,0.6125,0.5850,0.5560,0.5335,0.5105,0.4850,0.4700,0.4575,0.4470,0.4365,0.4290,0.4205,0.4080,0.4025,0.3930,0.3855,0.3800,0.3750,0.3685,0.3620,0.3565,0.3535,0.3485,0.3440,0.3395,0.3370,0.3300,0.3250,0.3230,0.3205,0.3160,0.3140,0.3125,0.3095,0.3085,0.3060
65,2.0000,固定最適比率,5.0000,18741.5637,937.0782,spend25p,937.4951,954.4794,969.8535,985.9145,1000.2375,1017.3972,1033.9201,1051.5575,1062.4014,1065.8340,1051.3137,1029.9624,995.6091,935.5433,847.6787,681.2916,0.0000,0.0000,0.0000,0.0000,0.0000,0.0000,0.0000,0.0000,0.0000,0.0000,0.0000,0.0000,0.0000,0.0000,0.0000,0.0000,0.0000,0.0000,0.0000,0.0000,0.0000,0.0000,0.0000,0.0000,0.0000,0.0000,0.0000,0.0000,0.0000,0.0000,0.0000,0.0000,0.0000,0.0000,0.0000,0.0000,0.0000,0.0000,0.0000
65,2.0000,固定最適比率,5.0000,18741.5637,937.0782,spend50p,944.3751,974.8685,1006.8886,1040.1821,1074.9979,1111.4129,1149.1389,1187.6228,1222.9711,1252.7661,1270.6190,1276.7622,1274.7425,1253.4574,1207.7754,1154.5572,1098.4585,1025.5991,957.2361,871.9486,768.2450,665.5811,584.6857,442.0518,0.0000,0.0000,0.0000,0.0000,0.0000,0.0000,0.0000,0.0000,0.0000,0.0000,0.0000,0.0000,0.0000,0.0000,0.0000,0.0000,0.0000,0.0000,0.0000,0.0000,0.0000,0.0000,0.0000,0.0000,0.0000,0.0000,0.0000,0.0000,0.0000,0.0000,0.0000
65,2.0000,固定最適比率,5.0000,18741.5637,937.0782,spend75p,950.9758,994.9866,1045.4084,1095.9870,1150.9270,1214.1718,1279.7844,1339.2106,1405.3589,1458.0802,1512.7498,1551.5429,1578.1360,1590.6030,1586.0984,1555.5636,1519.1103,1445.4372,1401.2637,1362.0201,1281.8988,1245.5619,1195.7754,1164.5359,1114.7508,860.1316,818.8339,782.8719,753.3297,715.6936,677.7173,632.2752,599.3502,567.0798,532.4380,515.4384,503.4346,474.2512,439.7842,428.2746,420.4742,394.5075,375.8772,366.0982,349.8610,311.3104,283.2401,273.5183,259.1158,236.0767,221.7145,207.2387,178.0064,166.8675,143.1359
65,2.0000,DynamicV1Rebalance,5.0000,18741.5637,937.0782,survival,1.0000,1.0000,1.0000,1.0000,1.0000,1.0000,1.0000,0.9985,0.9935,0.9850,0.9600,0.9325,0.9000,0.8590,0.8165,0.7695,0.7270,0.6800,0.6445,0.6140,0.5850,0.5580,0.5355,0.5140,0.4890,0.4750,0.4625,0.4530,0.4410,0.4325,0.4270,0.4170,0.4115,0.4045,0.4000,0.3910,0.3860,0.3800,0.3740,0.3700,0.3670,0.3625,0.3610,0.3565,0.3530,0.3515,0.3495,0.3470,0.3455,0.3455,0.3445,0.3435,0.3435,0.3420,0.3395
65,2.0000,DynamicV1Rebalance,5.0000,18741.5637,937.0782,spend25p,937.4951,954.4794,969.8535,985.9145,1000.2375,1017.3972,1033.9201,1051.5575,1062.4014,1065.8340,1051.3137,1029.3818,995.6091,934.4912,847.6787,681.2916,0.0000,0.0000,0.0000,0.0000,0.0000,0.0000,0.0000,0.0000,0.0000,0.0000,0.0000,0.0000,0.0000,0.0000,0.0000,0.0000,0.0000,0.0000,0.0000,0.0000,0.0000,0.0000,0.0000,0.0000,0.0000,0.0000,0.0000,0.0000,0.0000,0.0000,0.0000,0.0000,0.0000,0.0000,0.0000,0.0000,0.0000,0.0000,0.0000
65,2.0000,DynamicV1Rebalance,5.0000,18741.5637,937.0782,spend50p,944.3751,974.8685,1006.8886,1040.1821,1074.9979,1111.4129,1149.1389,1187.6228,1222.9711,1252.7661,1270.6190,1276.5039,1274.7425,1253.4574,1207.7754,1154.5572,1098.9146,1026.7180,956.1930,875.1182,768.2450,669.5668,590.4990,468.4393,0.0000,0.0000,0.0000,0.0000,0.0000,0.0000,0.0000,0.0000,0.0000,0.0000,0.0000,0.0000,0.0000,0.0000,0.0000,0.0000,0.0000,0.0000,0.0000,0.0000,0.0000,0.0000,0.0000,0.0000,0.0000,0.0000,0.0000,0.0000,0.0000,0.0000,0.0000
65,2.0000,DynamicV1Rebalance,5.0000,18741.5637,937.0782,spend75p,950.9758,994.9866,1045.4084,1095.9870,1150.9270,1214.1718,1279.7844,1339.2106,1405.3589,1458.0802,1512.7498,1551.1362,1577.8925,1590.6030,1586.4540,1556.3715,1519.1103,1446.2800,1401.5985,1364.0900,1281.8988,1253.5691,1199.6214,1167.5508,1120.1552,867.8969,828.0682,796.1033,759.7244,724.3404,682.2549,650.6761,621.3891,587.7329,567.0310,531.2172,523.6252,507.0546,474.5897,459.4690,441.2301,426.3792,417.0094,405.2922,391.7579,377.0023,371.9370,358.0315,333.5315,322.9475,317.8225,301.4177,287.7377,270.6111,245.4649
65,2.0000,SpendAwareDPRebalance (R65-aware),5.0000,18741.5637,937.0782,survival,1.0000,1.0000,1.0000,1.0000,1.0000,1.0000,1.0000,0.9985,0.9935,0.9850,0.9600,0.9330,0.9000,0.8595,0.8165,0.7705,0.7285,0.6830,0.6480,0.6150,0.5890,0.5620,0.5400,0.5215,0.4970,0.4820,0.4695,0.4615,0.4500,0.4455,0.4395,0.4315,0.4280,0.4215,0.4185,0.4130,0.4070,0.4020,0.3970,0.3930,0.3900,0.3860,0.3830,0.3780,0.3750,0.3730,0.3680,0.3650,0.3640,0.3610,0.3600,0.3585,0.3555,0.3545,0.3530
65,2.0000,SpendAwareDPRebalance (R65-aware),5.0000,18741.5637,937.0782,spend25p,937.4951,954.4794,969.8535,985.9145,1000.2375,1017.3972,1033.9201,1051.5575,1062.4014,1065.8340,1051.3137,1029.9624,995.6091,935.5433,847.6787,686.7360,0.0000,0.0000,0.0000,0.0000,0.0000,0.0000,0.0000,0.0000,0.0000,0.0000,0.0000,0.0000,0.0000,0.0000,0.0000,0.0000,0.0000,0.0000,0.0000,0.0000,0.0000,0.0000,0.0000,0.0000,0.0000,0.0000,0.0000,0.0000,0.0000,0.0000,0.0000,0.0000,0.0000,0.0000,0.0000,0.0000,0.0000,0.0000,0.0000
65,2.0000,SpendAwareDPRebalance (R65-aware),5.0000,18741.5637,937.0782,spend50p,944.3751,974.8685,1006.8886,1040.1821,1074.9979,1111.4129,1149.1389,1187.6228,1222.9711,1252.7661,1270.6190,1276.7622,1274.7425,1253.4574,1207.7754,1155.1441,1100.9998,1034.0673,963.4462,877.1890,788.0260,677.2149,611.7498,514.4337,0.0000,0.0000,0.0000,0.0000,0.0000,0.0000,0.0000,0.0000,0.0000,0.0000,0.0000,0.0000,0.0000,0.0000,0.0000,0.0000,0.0000,0.0000,0.0000,0.0000,0.0000,0.0000,0.0000,0.0000,0.0000,0.0000,0.0000,0.0000,0.0000,0.0000,0.0000
65,2.0000,SpendAwareDPRebalance (R65-aware),5.0000,18741.5637,937.0782,spend75p,950.9758,994.9866,1045.4084,1095.9870,1150.9270,1214.1718,1279.7844,1339.2106,1405.3589,1458.0802,1512.7498,1551.5429,1578.1360,1590.6030,1586.0984,1556.3715,1523.0108,1450.2030,1402.8527,1364.0900,1285.3014,1259.3204,1216.4244,1179.9803,1142.3894,880.1464,847.4988,816.9004,771.2960,745.4502,711.0321,671.0598,646.1820,615.4365,595.3477,578.7178,551.5556,543.9120,527.6883,506.0026,496.2549,471.8545,464.5299,440.3205,435.4574,423.6505,400.9013,384.8056,380.5398,363.1113,341.4392,328.2883,306.5064,286.3312,271.2578
65,2.0000,No dynamic rebalance,6.0000,15617.9697,937.0782,survival,1.0000,1.0000,1.0000,1.0000,1.0000,1.0000,0.9985,0.9925,0.9775,0.9440,0.9040,0.8585,0.7935,0.7410,0.6750,0.6215,0.5760,0.5325,0.4910,0.4540,0.4230,0.3995,0.3785,0.3620,0.3480,0.3330,0.3240,0.3100,0.2985,0.2915,0.2855,0.2785,0.2740,0.2675,0.2620,0.2570,0.2515,0.2480,0.2405,0.2385,0.2375,0.2345,0.2330,0.2300,0.2270,0.2245,0.2225,0.2205,0.2185,0.2175,0.2155,0.2105,0.2100,0.2085,0.2065
65,2.0000,No dynamic rebalance,6.0000,15617.9697,937.0782,spend25p,937.4951,954.4794,969.8535,985.9145,1000.2375,1017.3972,1032.4149,1046.1402,1049.8555,1034.4683,998.4298,946.5160,832.4807,0.0000,0.0000,0.0000,0.0000,0.0000,0.0000,0.0000,0.0000,0.0000,0.0000,0.0000,0.0000,0.0000,0.0000,0.0000,0.0000,0.0000,0.0000,0.0000,0.0000,0.0000,0.0000,0.0000,0.0000,0.0000,0.0000,0.0000,0.0000,0.0000,0.0000,0.0000,0.0000,0.0000,0.0000,0.0000,0.0000,0.0000,0.0000,0.0000,0.0000,0.0000,0.0000
65,2.0000,No dynamic rebalance,6.0000,15617.9697,937.0782,spend50p,944.3751,974.8685,1006.8886,1040.1821,1074.9979,1111.4129,1148.1918,1184.6739,1216.1871,1234.7512,1238.5913,1224.6386,1176.1546,1126.7039,1045.7860,957.3838,849.7758,703.8216,0.0000,0.0000,0.0000,0.0000,0.0000,0.0000,0.0000,0.0000,0.0000,0.0000,0.0000,0.0000,0.0000,0.0000,0.0000,0.0000,0.0000,0.0000,0.0000,0.0000,0.0000,0.0000,0.0000,0.0000,0.0000,0.0000,0.0000,0.0000,0.0000,0.0000,0.0000,0.0000,0.0000,0.0000,0.0000,0.0000,0.0000
65,2.0000,No dynamic rebalance,6.0000,15617.9697,937.0782,spend75p,950.9758,994.9866,1045.4084,1095.9870,1150.9270,1214.1718,1279.4484,1337.1326,1394.4903,1440.1803,1482.3619,1518.3838,1511.3644,1493.5698,1457.2957,1403.4154,1345.2192,1297.1354,1220.6180,1141.2715,1057.4413,992.4717,947.1149,887.5079,842.5808,598.7319,567.9252,516.7483,450.5145,386.5148,347.0780,294.3078,254.8368,202.2952,175.4000,133.1594,41.9662,0.0000,0.0000,0.0000,0.0000,0.0000,0.0000,0.0000,0.0000,0.0000,0.0000,0.0000,0.0000,0.0000,0.0000,0.0000,0.0000,0.0000,0.0000
65,2.0000,固定最適比率,6.0000,15617.9697,937.0782,survival,1.0000,1.0000,1.0000,1.0000,1.0000,1.0000,0.9985,0.9925,0.9775,0.9440,0.9040,0.8585,0.7935,0.7410,0.6750,0.6215,0.5760,0.5325,0.4910,0.4540,0.4230,0.3995,0.3785,0.3620,0.3480,0.3330,0.3240,0.3100,0.2985,0.2915,0.2855,0.2785,0.2740,0.2675,0.2620,0.2570,0.2515,0.2480,0.2405,0.2385,0.2375,0.2345,0.2330,0.2300,0.2270,0.2245,0.2225,0.2205,0.2185,0.2175,0.2155,0.2105,0.2100,0.2085,0.2065
65,2.0000,固定最適比率,6.0000,15617.9697,937.0782,spend25p,937.4951,954.4794,969.8535,985.9145,1000.2375,1017.3972,1032.4149,1046.1402,1049.8555,1034.4683,998.4298,946.5160,832.4807,0.0000,0.0000,0.0000,0.0000,0.0000,0.0000,0.0000,0.0000,0.0000,0.0000,0.0000,0.0000,0.0000,0.0000,0.0000,0.0000,0.0000,0.0000,0.0000,0.0000,0.0000,0.0000,0.0000,0.0000,0.0000,0.0000,0.0000,0.0000,0.0000,0.0000,0.0000,0.0000,0.0000,0.0000,0.0000,0.0000,0.0000,0.0000,0.0000,0.0000,0.0000,0.0000
65,2.0000,固定最適比率,6.0000,15617.9697,937.0782,spend50p,944.3751,974.8685,1006.8886,1040.1821,1074.9979,1111.4129,1148.1918,1184.6739,1216.1871,1234.7512,1238.5913,1224.6386,1176.1546,1126.7039,1045.7860,957.3838,849.7758,703.8216,0.0000,0.0000,0.0000,0.0000,0.0000,0.0000,0.0000,0.0000,0.0000,0.0000,0.0000,0.0000,0.0000,0.0000,0.0000,0.0000,0.0000,0.0000,0.0000,0.0000,0.0000,0.0000,0.0000,0.0000,0.0000,0.0000,0.0000,0.0000,0.0000,0.0000,0.0000,0.0000,0.0000,0.0000,0.0000,0.0000,0.0000
65,2.0000,固定最適比率,6.0000,15617.9697,937.0782,spend75p,950.9758,994.9866,1045.4084,1095.9870,1150.9270,1214.1718,1279.4484,1337.1326,1394.4903,1440.1803,1482.3619,1518.3838,1511.3644,1493.5698,1457.2957,1403.4154,1345.2192,1297.1354,1220.6180,1141.2715,1057.4413,992.4717,947.1149,887.5079,842.5808,598.7319,567.9252,516.7483,450.5145,386.5148,347.0780,294.3078,254.8368,202.2952,175.4000,133.1594,41.9662,0.0000,0.0000,0.0000,0.0000,0.0000,0.0000,0.0000,0.0000,0.0000,0.0000,0.0000,0.0000,0.0000,0.0000,0.0000,0.0000,0.0000,0.0000
65,2.0000,DynamicV1Rebalance,6.0000,15617.9697,937.0782,survival,1.0000,1.0000,1.0000,1.0000,1.0000,1.0000,0.9985,0.9920,0.9770,0.9450,0.9040,0.8580,0.7915,0.7395,0.6755,0.6200,0.5745,0.5320,0.4910,0.4545,0.4240,0.4000,0.3795,0.3640,0.3510,0.3365,0.3255,0.3135,0.3010,0.2935,0.2875,0.2800,0.2760,0.2705,0.2665,0.2620,0.2570,0.2535,0.2480,0.2455,0.2435,0.2395,0.2390,0.2375,0.2345,0.2330,0.2320,0.2315,0.2300,0.2285,0.2270,0.2270,0.2265,0.2255,0.2245
65,2.0000,DynamicV1Rebalance,6.0000,15617.9697,937.0782,spend25p,937.4951,954.4794,969.8535,985.9145,1000.2375,1017.3972,1032.4149,1045.7871,1048.8052,1035.2393,998.1397,945.5605,824.8775,0.0000,0.0000,0.0000,0.0000,0.0000,0.0000,0.0000,0.0000,0.0000,0.0000,0.0000,0.0000,0.0000,0.0000,0.0000,0.0000,0.0000,0.0000,0.0000,0.0000,0.0000,0.0000,0.0000,0.0000,0.0000,0.0000,0.0000,0.0000,0.0000,0.0000,0.0000,0.0000,0.0000,0.0000,0.0000,0.0000,0.0000,0.0000,0.0000,0.0000,0.0000,0.0000
65,2.0000,DynamicV1Rebalance,6.0000,15617.9697,937.0782,spend50p,944.3751,974.8685,1006.8886,1040.1821,1074.9979,1111.4129,1148.1918,1184.5692,1215.8080,1235.4136,1237.6642,1224.6386,1173.5311,1123.9235,1046.8562,953.6096,844.9610,701.2401,0.0000,0.0000,0.0000,0.0000,0.0000,0.0000,0.0000,0.0000,0.0000,0.0000,0.0000,0.0000,0.0000,0.0000,0.0000,0.0000,0.0000,0.0000,0.0000,0.0000,0.0000,0.0000,0.0000,0.0000,0.0000,0.0000,0.0000,0.0000,0.0000,0.0000,0.0000,0.0000,0.0000,0.0000,0.0000,0.0000,0.0000
65,2.0000,DynamicV1Rebalance,6.0000,15617.9697,937.0782,spend75p,950.9758,994.9866,1045.4084,1095.9870,1150.9270,1214.1718,1279.4484,1336.9023,1394.3649,1440.2458,1481.9270,1518.3838,1504.1570,1493.5698,1457.7456,1398.7285,1339.6865,1291.8073,1220.6180,1141.8120,1057.4413,992.4717,947.4348,893.9312,847.5116,613.7933,569.4575,530.4655,457.5106,397.1717,356.6485,296.4055,268.1673,216.9199,191.3437,153.9623,117.8914,82.1849,0.0000,0.0000,0.0000,0.0000,0.0000,0.0000,0.0000,0.0000,0.0000,0.0000,0.0000,0.0000,0.0000,0.0000,0.0000,0.0000,0.0000
65,2.0000,SpendAwareDPRebalance (R65-aware),6.0000,15617.9697,937.0782,survival,1.0000,1.0000,1.0000,1.0000,1.0000,1.0000,0.9985,0.9925,0.9775,0.9440,0.9040,0.8585,0.7935,0.7410,0.6755,0.6215,0.5765,0.5330,0.4910,0.4545,0.4250,0.4020,0.3820,0.3660,0.3535,0.3395,0.3305,0.3190,0.3075,0.3015,0.2950,0.2895,0.2845,0.2780,0.2735,0.2665,0.2640,0.2600,0.2560,0.2545,0.2520,0.2500,0.2470,0.2460,0.2440,0.2410,0.2385,0.2370,0.2345,0.2340,0.2325,0.2320,0.2300,0.2280,0.2245
65,2.0000,SpendAwareDPRebalance (R65-aware),6.0000,15617.9697,937.0782,spend25p,937.4951,954.4794,969.8535,985.9145,1000.2375,1017.3972,1032.4149,1046.1402,1049.8555,1034.4683,998.4298,946.5160,832.4807,0.0000,0.0000,0.0000,0.0000,0.0000,0.0000,0.0000,0.0000,0.0000,0.0000,0.0000,0.0000,0.0000,0.0000,0.0000,0.0000,0.0000,0.0000,0.0000,0.0000,0.0000,0.0000,0.0000,0.0000,0.0000,0.0000,0.0000,0.0000,0.0000,0.0000,0.0000,0.0000,0.0000,0.0000,0.0000,0.0000,0.0000,0.0000,0.0000,0.0000,0.0000,0.0000
65,2.0000,SpendAwareDPRebalance (R65-aware),6.0000,15617.9697,937.0782,spend50p,944.3751,974.8685,1006.8886,1040.1821,1074.9979,1111.4129,1148.1918,1184.6739,1216.1871,1234.7512,1238.5913,1224.6386,1176.1546,1126.7039,1046.8562,957.3838,850.0787,706.6657,0.0000,0.0000,0.0000,0.0000,0.0000,0.0000,0.0000,0.0000,0.0000,0.0000,0.0000,0.0000,0.0000,0.0000,0.0000,0.0000,0.0000,0.0000,0.0000,0.0000,0.0000,0.0000,0.0000,0.0000,0.0000,0.0000,0.0000,0.0000,0.0000,0.0000,0.0000,0.0000,0.0000,0.0000,0.0000,0.0000,0.0000
65,2.0000,SpendAwareDPRebalance (R65-aware),6.0000,15617.9697,937.0782,spend75p,950.9758,994.9866,1045.4084,1095.9870,1150.9270,1214.1718,1279.4484,1337.1326,1394.4903,1440.1803,1482.3619,1518.3838,1511.3644,1493.5698,1457.7456,1403.4154,1345.5962,1299.0691,1220.6180,1141.8120,1058.4427,995.9627,952.3242,896.2669,858.6935,625.3051,587.5150,537.4856,495.7451,433.6958,380.8445,343.8292,298.1240,261.5820,213.6301,178.3088,158.6112,127.1866,90.2676,72.3959,11.0192,0.0000,0.0000,0.0000,0.0000,0.0000,0.0000,0.0000,0.0000,0.0000,0.0000,0.0000,0.0000,0.0000,0.0000
65,2.0000,No dynamic rebalance,7.0000,13386.8312,937.0782,survival,1.0000,1.0000,1.0000,1.0000,1.0000,0.9995,0.9930,0.9765,0.9390,0.8855,0.8245,0.7485,0.6670,0.5930,0.5260,0.4820,0.4305,0.3915,0.3605,0.3250,0.3050,0.2805,0.2670,0.2480,0.2300,0.2240,0.2165,0.2080,0.1990,0.1900,0.1870,0.1845,0.1820,0.1790,0.1745,0.1695,0.1645,0.1615,0.1585,0.1550,0.1525,0.1500,0.1475,0.1465,0.1425,0.1405,0.1390,0.1375,0.1360,0.1335,0.1325,0.1325,0.1315,0.1295,0.1290
65,2.0000,No dynamic rebalance,7.0000,13386.8312,937.0782,spend25p,937.4951,954.4794,969.8535,985.9145,1000.2375,1017.1478,1030.4934,1035.8325,1024.1647,981.5574,908.5816,0.0000,0.0000,0.0000,0.0000,0.0000,0.0000,0.0000,0.0000,0.0000,0.0000,0.0000,0.0000,0.0000,0.0000,0.0000,0.0000,0.0000,0.0000,0.0000,0.0000,0.0000,0.0000,0.0000,0.0000,0.0000,0.0000,0.0000,0.0000,0.0000,0.0000,0.0000,0.0000,0.0000,0.0000,0.0000,0.0000,0.0000,0.0000,0.0000,0.0000,0.0000,0.0000,0.0000,0.0000
65,2.0000,No dynamic rebalance,7.0000,13386.8312,937.0782,spend50p,944.3751,974.8685,1006.8886,1040.1821,1074.9979,1111.3902,1146.3834,1179.9225,1194.7200,1197.2752,1177.0611,1121.0603,1044.0370,936.8396,739.6909,0.0000,0.0000,0.0000,0.0000,0.0000,0.0000,0.0000,0.0000,0.0000,0.0000,0.0000,0.0000,0.0000,0.0000,0.0000,0.0000,0.0000,0.0000,0.0000,0.0000,0.0000,0.0000,0.0000,0.0000,0.0000,0.0000,0.0000,0.0000,0.0000,0.0000,0.0000,0.0000,0.0000,0.0000,0.0000,0.0000,0.0000,0.0000,0.0000,0.0000
65,2.0000,No dynamic rebalance,7.0000,13386.8312,937.0782,spend75p,950.9758,994.9866,1045.4084,1095.9870,1150.9270,1213.7323,1278.2794,1328.7395,1370.1698,1414.6986,1441.2545,1437.7656,1397.6017,1353.7929,1278.9742,1232.0560,1134.9947,1065.2057,995.2386,869.3340,753.8717,639.6272,542.6355,0.0000,0.0000,0.0000,0.0000,0.0000,0.0000,0.0000,0.0000,0.0000,0.0000,0.0000,0.0000,0.0000,0.0000,0.0000,0.0000,0.0000,0.0000,0.0000,0.0000,0.0000,0.0000,0.0000,0.0000,0.0000,0.0000,0.0000,0.0000,0.0000,0.0000,0.0000,0.0000
65,2.0000,固定最適比率,7.0000,13386.8312,937.0782,survival,1.0000,1.0000,1.0000,1.0000,1.0000,0.9995,0.9930,0.9765,0.9390,0.8855,0.8245,0.7485,0.6670,0.5930,0.5260,0.4820,0.4305,0.3915,0.3605,0.3250,0.3050,0.2805,0.2670,0.2480,0.2300,0.2240,0.2165,0.2080,0.1990,0.1900,0.1870,0.1845,0.1820,0.1790,0.1745,0.1695,0.1645,0.1615,0.1585,0.1550,0.1525,0.1500,0.1475,0.1465,0.1425,0.1405,0.1390,0.1375,0.1360,0.1335,0.1325,0.1325,0.1315,0.1295,0.1290
65,2.0000,固定最適比率,7.0000,13386.8312,937.0782,spend25p,937.4951,954.4794,969.8535,985.9145,1000.2375,1017.1478,1030.4934,1035.8325,1024.1647,981.5574,908.5816,0.0000,0.0000,0.0000,0.0000,0.0000,0.0000,0.0000,0.0000,0.0000,0.0000,0.0000,0.0000,0.0000,0.0000,0.0000,0.0000,0.0000,0.0000,0.0000,0.0000,0.0000,0.0000,0.0000,0.0000,0.0000,0.0000,0.0000,0.0000,0.0000,0.0000,0.0000,0.0000,0.0000,0.0000,0.0000,0.0000,0.0000,0.0000,0.0000,0.0000,0.0000,0.0000,0.0000,0.0000
65,2.0000,固定最適比率,7.0000,13386.8312,937.0782,spend50p,944.3751,974.8685,1006.8886,1040.1821,1074.9979,1111.3902,1146.3834,1179.9225,1194.7200,1197.2752,1177.0611,1121.0603,1044.0370,936.8396,739.6909,0.0000,0.0000,0.0000,0.0000,0.0000,0.0000,0.0000,0.0000,0.0000,0.0000,0.0000,0.0000,0.0000,0.0000,0.0000,0.0000,0.0000,0.0000,0.0000,0.0000,0.0000,0.0000,0.0000,0.0000,0.0000,0.0000,0.0000,0.0000,0.0000,0.0000,0.0000,0.0000,0.0000,0.0000,0.0000,0.0000,0.0000,0.0000,0.0000,0.0000
65,2.0000,固定最適比率,7.0000,13386.8312,937.0782,spend75p,950.9758,994.9866,1045.4084,1095.9870,1150.9270,1213.7323,1278.2794,1328.7395,1370.1698,1414.6986,1441.2545,1437.7656,1397.6017,1353.7929,1278.9742,1232.0560,1134.9947,1065.2057,995.2386,869.3340,753.8717,639.6272,542.6355,0.0000,0.0000,0.0000,0.0000,0.0000,0.0000,0.0000,0.0000,0.0000,0.0000,0.0000,0.0000,0.0000,0.0000,0.0000,0.0000,0.0000,0.0000,0.0000,0.0000,0.0000,0.0000,0.0000,0.0000,0.0000,0.0000,0.0000,0.0000,0.0000,0.0000,0.0000,0.0000
65,2.0000,DynamicV1Rebalance,7.0000,13386.8312,937.0782,survival,1.0000,1.0000,1.0000,1.0000,1.0000,0.9995,0.9930,0.9765,0.9380,0.8840,0.8235,0.7455,0.6675,0.5930,0.5250,0.4815,0.4295,0.3915,0.3605,0.3255,0.3060,0.2815,0.2670,0.2490,0.2325,0.2260,0.2180,0.2085,0.2000,0.1915,0.1875,0.1855,0.1820,0.1795,0.1760,0.1720,0.1690,0.1655,0.1620,0.1590,0.1565,0.1555,0.1510,0.1500,0.1485,0.1480,0.1465,0.1455,0.1445,0.1440,0.1425,0.1420,0.1415,0.1410,0.1405
65,2.0000,DynamicV1Rebalance,7.0000,13386.8312,937.0782,spend25p,937.4951,954.4794,969.8535,985.9145,1000.2375,1017.1478,1030.4934,1035.8325,1024.1264,980.1646,907.3244,0.0000,0.0000,0.0000,0.0000,0.0000,0.0000,0.0000,0.0000,0.0000,0.0000,0.0000,0.0000,0.0000,0.0000,0.0000,0.0000,0.0000,0.0000,0.0000,0.0000,0.0000,0.0000,0.0000,0.0000,0.0000,0.0000,0.0000,0.0000,0.0000,0.0000,0.0000,0.0000,0.0000,0.0000,0.0000,0.0000,0.0000,0.0000,0.0000,0.0000,0.0000,0.0000,0.0000,0.0000
65,2.0000,DynamicV1Rebalance,7.0000,13386.8312,937.0782,spend50p,944.3751,974.8685,1006.8886,1040.1821,1074.9979,1111.3902,1146.3834,1179.9225,1193.7137,1196.8814,1175.8553,1118.7400,1044.0370,936.8396,733.7286,0.0000,0.0000,0.0000,0.0000,0.0000,0.0000,0.0000,0.0000,0.0000,0.0000,0.0000,0.0000,0.0000,0.0000,0.0000,0.0000,0.0000,0.0000,0.0000,0.0000,0.0000,0.0000,0.0000,0.0000,0.0000,0.0000,0.0000,0.0000,0.0000,0.0000,0.0000,0.0000,0.0000,0.0000,0.0000,0.0000,0.0000,0.0000,0.0000,0.0000
65,2.0000,DynamicV1Rebalance,7.0000,13386.8312,937.0782,spend75p,950.9758,994.9866,1045.4084,1095.9870,1150.9270,1213.7323,1278.2794,1328.5454,1369.9628,1414.6986,1440.5538,1434.7061,1396.0944,1353.7929,1280.3077,1230.9221,1134.1111,1065.2057,995.2386,870.9329,758.5261,643.7932,542.6355,0.0000,0.0000,0.0000,0.0000,0.0000,0.0000,0.0000,0.0000,0.0000,0.0000,0.0000,0.0000,0.0000,0.0000,0.0000,0.0000,0.0000,0.0000,0.0000,0.0000,0.0000,0.0000,0.0000,0.0000,0.0000,0.0000,0.0000,0.0000,0.0000,0.0000,0.0000,0.0000
65,2.0000,SpendAwareDPRebalance (R65-aware),7.0000,13386.8312,937.0782,survival,1.0000,1.0000,1.0000,1.0000,1.0000,0.9995,0.9930,0.9765,0.9390,0.8855,0.8245,0.7485,0.6670,0.5930,0.5260,0.4820,0.4305,0.3915,0.3605,0.3255,0.3060,0.2820,0.2685,0.2505,0.2345,0.2300,0.2235,0.2130,0.2050,0.1970,0.1940,0.1925,0.1895,0.1855,0.1825,0.1795,0.1745,0.1710,0.1690,0.1670,0.1660,0.1655,0.1635,0.1620,0.1585,0.1570,0.1545,0.1535,0.1520,0.1510,0.1495,0.1480,0.1475,0.1470,0.1450
65,2.0000,SpendAwareDPRebalance (R65-aware),7.0000,13386.8312,937.0782,spend25p,937.4951,954.4794,969.8535,985.9145,1000.2375,1017.1478,1030.4934,1035.8325,1024.1647,981.5574,908.5816,0.0000,0.0000,0.0000,0.0000,0.0000,0.0000,0.0000,0.0000,0.0000,0.0000,0.0000,0.0000,0.0000,0.0000,0.0000,0.0000,0.0000,0.0000,0.0000,0.0000,0.0000,0.0000,0.0000,0.0000,0.0000,0.0000,0.0000,0.0000,0.0000,0.0000,0.0000,0.0000,0.0000,0.0000,0.0000,0.0000,0.0000,0.0000,0.0000,0.0000,0.0000,0.0000,0.0000,0.0000
65,2.0000,SpendAwareDPRebalance (R65-aware),7.0000,13386.8312,937.0782,spend50p,944.3751,974.8685,1006.8886,1040.1821,1074.9979,1111.3902,1146.3834,1179.9225,1194.7200,1197.2752,1177.0611,1121.0603,1044.0370,936.8396,739.6909,0.0000,0.0000,0.0000,0.0000,0.0000,0.0000,0.0000,0.0000,0.0000,0.0000,0.0000,0.0000,0.0000,0.0000,0.0000,0.0000,0.0000,0.0000,0.0000,0.0000,0.0000,0.0000,0.0000,0.0000,0.0000,0.0000,0.0000,0.0000,0.0000,0.0000,0.0000,0.0000,0.0000,0.0000,0.0000,0.0000,0.0000,0.0000,0.0000,0.0000
65,2.0000,SpendAwareDPRebalance (R65-aware),7.0000,13386.8312,937.0782,spend75p,950.9758,994.9866,1045.4084,1095.9870,1150.9270,1213.7323,1278.2794,1328.7395,1370.1698,1414.6986,1441.2545,1437.7656,1397.6017,1353.7929,1278.9742,1232.0560,1134.9947,1065.2057,995.2386,870.9329,758.5261,644.6618,567.9890,292.3211,0.0000,0.0000,0.0000,0.0000,0.0000,0.0000,0.0000,0.0000,0.0000,0.0000,0.0000,0.0000,0.0000,0.0000,0.0000,0.0000,0.0000,0.0000,0.0000,0.0000,0.0000,0.0000,0.0000,0.0000,0.0000,0.0000,0.0000,0.0000,0.0000,0.0000,0.0000
65,3.0000,No dynamic rebalance,2.5000,55794.6911,1394.8673,survival,1.0000,1.0000,1.0000,1.0000,1.0000,1.0000,1.0000,1.0000,1.0000,1.0000,1.0000,0.9985,0.9980,0.9960,0.9895,0.9870,0.9750,0.9695,0.9625,0.9520,0.9405,0.9295,0.9205,0.9085,0.8930,0.8855,0.8755,0.8630,0.8545,0.8445,0.8365,0.8240,0.8180,0.8140,0.8075,0.8015,0.7955,0.7920,0.7870,0.7820,0.7740,0.7665,0.7605,0.7560,0.7510,0.7455,0.7405,0.7360,0.7340,0.7300,0.7265,0.7240,0.7185,0.7135,0.7105
65,3.0000,No dynamic rebalance,2.5000,55794.6911,1394.8673,spend25p,1395.4879,1421.0083,1444.1286,1468.2686,1489.8170,1515.5878,1540.4058,1568.1104,1587.5094,1603.1110,1612.6589,1621.8933,1628.0397,1628.2218,1630.0455,1614.5450,1583.3594,1555.2158,1520.2750,1479.4885,1404.0569,1354.7181,1307.7874,1254.8325,1199.5815,972.0586,924.8182,864.0360,809.0018,745.7014,693.4189,625.8863,581.6127,546.1102,496.6134,469.3673,434.1842,413.4678,378.6179,348.7459,297.3139,258.4435,213.7873,158.9952,43.8653,0.0000,0.0000,0.0000,0.0000,0.0000,0.0000,0.0000,0.0000,0.0000,0.0000
65,3.0000,No dynamic rebalance,2.5000,55794.6911,1394.8673,spend50p,1405.7289,1451.3631,1499.2744,1549.0863,1601.1699,1655.6403,1712.0666,1770.0237,1829.4663,1883.8141,1927.9287,1969.9809,2016.5674,2047.0297,2067.6400,2073.3529,2038.9458,2016.7320,1998.2622,1963.0565,1910.0743,1882.5290,1854.3131,1823.9989,1781.3530,1529.5176,1497.7677,1445.7316,1409.1227,1353.9192,1311.8988,1250.3580,1198.4932,1157.5362,1123.8642,1097.9070,1075.4677,1060.4335,1048.0181,1042.7165,1040.0606,1017.8284,997.1096,992.1926,967.7586,951.1055,935.2820,917.1160,911.1954,897.2808,873.1321,859.5077,828.3042,797.8322,776.7944
65,3.0000,No dynamic rebalance,2.5000,55794.6911,1394.8673,spend75p,1415.5543,1481.3146,1556.6312,1632.1935,1714.2636,1808.7173,1906.7114,1996.9784,2098.1659,2192.2502,2293.2142,2385.7499,2461.2313,2527.7250,2583.5069,2634.0051,2645.7019,2667.8751,2684.3210,2669.4219,2619.9699,2593.7811,2569.6312,2565.6229,2536.0862,2229.0005,2204.3594,2151.1402,2100.5228,2033.4854,2008.3903,1959.2695,1932.1692,1897.1134,1859.7076,1848.8547,1839.2078,1841.6119,1852.8163,1872.6522,1878.4356,1875.5784,1875.4585,1910.0081,1906.3286,1909.7817,1918.7509,1903.6475,1905.6313,1891.1771,1888.9858,1900.6064,1884.3747,1862.1608,1836.9507
65,3.0000,固定最適比率,2.5000,55794.6911,1394.8673,survival,1.0000,1.0000,1.0000,1.0000,1.0000,1.0000,1.0000,1.0000,1.0000,1.0000,1.0000,1.0000,1.0000,1.0000,1.0000,1.0000,1.0000,1.0000,1.0000,0.9970,0.9960,0.9945,0.9925,0.9890,0.9805,0.9765,0.9670,0.9610,0.9510,0.9375,0.9285,0.9170,0.9055,0.8965,0.8865,0.8755,0.8645,0.8585,0.8505,0.8395,0.8305,0.8205,0.8115,0.8000,0.7875,0.7820,0.7740,0.7680,0.7590,0.7495,0.7420,0.7360,0.7270,0.7205,0.7095
65,3.0000,固定最適比率,2.5000,55794.6911,1394.8673,spend25p,1395.4879,1421.0083,1444.1286,1468.2686,1489.8170,1515.5878,1540.4058,1568.1104,1587.5094,1603.1110,1612.6589,1624.4843,1629.3283,1635.3371,1644.5039,1637.8801,1622.2538,1608.7570,1591.7793,1563.3453,1516.2192,1484.6335,1467.6897,1446.3887,1406.5801,1176.6184,1132.5259,1093.3718,1029.0628,969.6616,912.3831,851.3561,807.1064,764.8665,719.1037,671.6100,627.9640,591.4673,550.9361,517.5617,495.5072,458.6242,420.8262,360.0227,314.6687,292.3647,251.0883,223.2475,142.3910,0.0000,0.0000,0.0000,0.0000,0.0000,0.0000
65,3.0000,固定最適比率,2.5000,55794.6911,1394.8673,spend50p,1405.7289,1451.3631,1499.2744,1549.0863,1601.1699,1655.6403,1712.0666,1770.0237,1829.4663,1883.8141,1927.9287,1972.1468,2018.9724,2056.5431,2087.5011,2089.5783,2083.2356,2067.2441,2066.4336,2058.0323,2023.9917,2007.4210,1994.8882,1972.4074,1932.3088,1677.3941,1647.8593,1608.7079,1559.9126,1519.8355,1454.8857,1394.7583,1336.7280,1290.8693,1248.8369,1219.3913,1196.4508,1179.8166,1154.7290,1135.2627,1110.9924,1094.3093,1067.2829,1043.5768,1013.5925,1000.7048,969.0120,951.7242,919.6295,893.2979,854.8765,834.4012,795.0229,754.3878,714.9389
65,3.0000,固定最適比率,2.5000,55794.6911,1394.8673,spend75p,1415.5543,1481.3146,1556.6312,1632.1935,1714.2636,1808.7173,1906.7114,1996.9784,2098.1659,2192.2502,2293.2142,2386.8868,2463.7563,2532.9457,2601.0593,2649.4562,2690.1083,2744.7999,2763.6332,2775.8346,2741.5377,2757.9980,2768.0013,2747.7755,2730.1946,2400.4680,2369.3151,2339.4701,2282.4217,2207.8486,2129.7236,2086.9545,2015.6627,1974.8999,1939.1001,1894.6921,1866.2827,1855.1405,1859.2384,1852.6503,1828.3568,1814.0276,1829.9455,1806.6508,1796.9476,1787.7103,1755.6296,1747.7974,1724.7270,1708.1582,1671.2763,1660.4728,1612.0493,1578.3329,1527.0209
65,3.0000,DynamicV1Rebalance,2.5000,55794.6911,1394.8673,survival,1.0000,1.0000,1.0000,1.0000,1.0000,1.0000,1.0000,1.0000,1.0000,1.0000,1.0000,0.9995,0.9985,0.9975,0.9940,0.9900,0.9870,0.9820,0.9760,0.9725,0.9685,0.9580,0.9505,0.9430,0.9370,0.9290,0.9210,0.9135,0.9075,0.8945,0.8880,0.8805,0.8720,0.8665,0.8590,0.8560,0.8500,0.8450,0.8420,0.8385,0.8355,0.8330,0.8290,0.8285,0.8260,0.8230,0.8200,0.8175,0.8135,0.8115,0.8065,0.8055,0.8030,0.8025,0.8005
65,3.0000,DynamicV1Rebalance,2.5000,55794.6911,1394.8673,spend25p,1395.4879,1421.0083,1444.1286,1468.2686,1489.8170,1515.5878,1540.4058,1568.1104,1587.5094,1603.1110,1612.6589,1624.1614,1628.5246,1631.1326,1634.5619,1618.2628,1605.0659,1582.5895,1542.0222,1519.3234,1465.8281,1417.6881,1383.8285,1342.6656,1306.2851,1072.7838,1031.7353,975.8445,927.7814,867.5270,824.5100,778.9973,728.0882,692.0385,648.7768,620.2732,584.3942,551.1385,536.5277,515.8505,505.8606,498.5633,481.9430,475.0287,449.5697,421.5587,397.0878,373.9555,363.6474,345.3513,322.8102,310.8958,293.5618,281.8537,254.8175
65,3.0000,DynamicV1Rebalance,2.5000,55794.6911,1394.8673,spend50p,1405.7289,1451.3631,1499.2744,1549.0863,1601.1699,1655.6403,1712.0666,1770.0237,1829.4663,1883.8141,1927.9287,1971.9083,2017.5223,2049.6882,2075.4122,2074.4483,2058.8468,2042.3817,2029.8339,2013.2001,1970.0391,1937.2199,1921.5229,1884.3183,1856.1702,1604.4839,1568.7514,1537.1346,1502.4244,1445.5288,1398.9845,1347.4436,1298.9124,1256.9350,1210.7953,1201.3167,1190.1488,1178.1328,1165.6265,1156.4042,1153.1141,1150.3286,1149.1840,1147.2493,1157.6571,1142.7331,1133.2585,1116.9034,1106.7006,1079.5870,1062.0179,1061.5615,1043.4699,1038.5677,1022.3075
65,3.0000,DynamicV1Rebalance,2.5000,55794.6911,1394.8673,spend75p,1415.5543,1481.3146,1556.6312,1632.1935,1714.2636,1808.7173,1906.7114,1996.9784,2098.1659,2192.2502,2293.2142,2386.0803,2461.7965,2531.6067,2589.3030,2640.3083,2676.4065,2703.6455,2717.5739,2717.3592,2686.0056,2662.2622,2633.4873,2635.6665,2632.7961,2328.2223,2295.8356,2263.6353,2220.3726,2139.3001,2101.9258,2086.9545,2026.2205,1993.2822,1973.7118,1962.1658,1938.0132,1960.8664,1968.4223,1979.5649,1984.0584,1984.0532,2010.2065,2048.4521,2075.6977,2091.1945,2097.4609,2088.8238,2068.3817,2079.0412,2073.4566,2089.3819,2064.3097,2087.4213,2100.7016
65,3.0000,SpendAwareDPRebalance (R65-aware),2.5000,55794.6911,1394.8673,survival,1.0000,1.0000,1.0000,1.0000,1.0000,1.0000,1.0000,1.0000,1.0000,1.0000,1.0000,0.9990,0.9990,0.9970,0.9930,0.9905,0.9865,0.9825,0.9810,0.9755,0.9710,0.9650,0.9595,0.9525,0.9440,0.9395,0.9335,0.9285,0.9215,0.9165,0.9105,0.9065,0.9025,0.8980,0.8935,0.8905,0.8870,0.8815,0.8770,0.8740,0.8700,0.8645,0.8560,0.8510,0.8445,0.8405,0.8370,0.8305,0.8250,0.8195,0.8155,0.8120,0.8070,0.8045,0.8000
65,3.0000,SpendAwareDPRebalance (R65-aware),2.5000,55794.6911,1394.8673,spend25p,1395.4879,1421.0083,1444.1286,1468.2686,1489.8170,1515.5878,1540.4058,1568.1104,1587.5094,1603.1110,1612.6589,1622.9598,1628.6748,1630.4377,1632.5723,1618.9684,1604.3977,1585.2435,1555.3796,1527.9750,1470.2525,1433.4455,1398.7210,1356.7509,1316.8550,1101.2072,1056.3500,1013.7338,968.6016,923.9892,880.8362,832.9818,803.6660,769.8190,737.2121,708.5019,689.8912,666.9199,627.6660,612.0908,592.3500,571.0779,547.4020,527.1547,504.7509,484.0237,460.8175,423.6736,387.2628,363.6558,342.8647,327.0003,299.6783,285.3117,251.4145
65,3.0000,SpendAwareDPRebalance (R65-aware),2.5000,55794.6911,1394.8673,spend50p,1405.7289,1451.3631,1499.2744,1549.0863,1601.1699,1655.6403,1712.0666,1770.0237,1829.4663,1883.8141,1927.9287,1971.3410,2018.0685,2048.7793,2073.6001,2075.5936,2057.9228,2044.2114,2043.2963,2019.7864,1974.2564,1960.8380,1939.8850,1906.1871,1874.2053,1619.9041,1595.9985,1570.5247,1531.1557,1492.8387,1434.3137,1393.5617,1351.5518,1316.1592,1275.5553,1257.6891,1259.0974,1238.0130,1233.7300,1236.5565,1226.6956,1229.0571,1213.3368,1211.4574,1188.3129,1178.5807,1162.9296,1147.6205,1124.1965,1097.3018,1073.1249,1063.2687,1040.2604,1024.9984,1003.5320
65,3.0000,SpendAwareDPRebalance (R65-aware),2.5000,55794.6911,1394.8673,spend75p,1415.5543,1481.3146,1556.6312,1632.1935,1714.2636,1808.7173,1906.7114,1996.9784,2098.1659,2192.2502,2293.2142,2385.7499,2461.7965,2529.8733,2588.0655,2641.4385,2674.7638,2699.9103,2725.4546,2724.3116,2691.6257,2691.1787,2681.1149,2651.8008,2645.9379,2347.5704,2323.4511,2296.9329,2256.1876,2212.9506,2154.3205,2116.0907,2086.5150,2065.0931,2064.9259,2053.5793,2036.8989,2048.3709,2049.6644,2056.1655,2059.6325,2063.6912,2066.8493,2079.8241,2097.8433,2102.8129,2109.8650,2080.8495,2055.3040,2042.3546,2057.7755,2039.5839,2013.8430,2028.8199,1992.9669
65,3.0000,No dynamic rebalance,2.8000,49816.6885,1394.8673,survival,1.0000,1.0000,1.0000,1.0000,1.0000,1.0000,1.0000,1.0000,1.0000,1.0000,0.9995,0.9975,0.9955,0.9900,0.9850,0.9720,0.9635,0.9550,0.9400,0.9285,0.9150,0.8985,0.8805,0.8705,0.8530,0.8385,0.8270,0.8170,0.8060,0.7955,0.7850,0.7760,0.7640,0.7565,0.7520,0.7435,0.7360,0.7290,0.7250,0.7180,0.7110,0.7070,0.7020,0.6965,0.6890,0.6865,0.6825,0.6800,0.6755,0.6680,0.6645,0.6625,0.6605,0.6570,0.6540
65,3.0000,No dynamic rebalance,2.8000,49816.6885,1394.8673,spend25p,1395.4879,1421.0083,1444.1286,1468.2686,1489.8170,1515.5878,1540.4058,1568.1104,1587.5094,1603.1110,1611.7847,1620.7671,1623.2868,1618.6940,1623.3467,1594.4871,1561.8178,1525.2165,1468.2500,1420.5076,1349.2722,1273.9301,1212.3672,1157.8131,1075.2611,845.2093,776.5999,718.6690,650.8414,581.5614,520.0125,452.2697,372.7315,247.0978,178.6998,0.0000,0.0000,0.0000,0.0000,0.0000,0.0000,0.0000,0.0000,0.0000,0.0000,0.0000,0.0000,0.0000,0.0000,0.0000,0.0000,0.0000,0.0000,0.0000,0.0000
65,3.0000,No dynamic rebalance,2.8000,49816.6885,1394.8673,spend50p,1405.7289,1451.3631,1499.2744,1549.0863,1601.1699,1655.6403,1712.0666,1770.0237,1829.4663,1883.8141,1927.4558,1968.8995,2011.8953,2032.6901,2058.3601,2043.1586,2023.4750,1995.6537,1960.9753,1929.7667,1869.5341,1820.9265,1776.4982,1746.3164,1705.4904,1441.5567,1396.3928,1360.1634,1300.6036,1256.0093,1198.1372,1139.4755,1092.0372,1047.0042,1005.7489,979.7788,954.3327,946.8398,923.3019,897.4691,855.6532,839.6380,834.0982,818.3379,793.6784,794.7958,779.5503,757.1169,745.8855,707.6360,671.9416,658.5080,642.5350,603.6409,594.4578
65,3.0000,No dynamic rebalance,2.8000,49816.6885,1394.8673,spend75p,1415.5543,1481.3146,1556.6312,1632.1935,1714.2636,1808.7173,1906.7114,1996.9784,2098.1659,2192.2502,2292.2771,2385.2425,2457.9327,2522.8645,2568.9939,2593.1165,2614.0583,2629.2733,2622.5053,2614.0201,2569.8942,2507.6495,2481.4807,2481.0513,2444.7569,2131.4471,2100.8260,2046.3302,1987.0542,1957.3991,1914.1868,1867.0026,1807.5919,1770.2504,1754.8054,1741.7770,1705.9607,1711.3269,1721.9778,1715.4261,1720.9612,1736.1578,1736.4132,1740.8853,1743.7752,1768.1084,1775.3171,1765.4290,1763.4086,1739.7519,1720.5176,1712.6756,1692.6899,1686.3381,1674.5315
65,3.0000,固定最適比率,2.8000,49816.6885,1394.8673,survival,1.0000,1.0000,1.0000,1.0000,1.0000,1.0000,1.0000,1.0000,1.0000,1.0000,1.0000,1.0000,1.0000,1.0000,1.0000,0.9995,0.9995,0.9970,0.9930,0.9865,0.9820,0.9730,0.9625,0.9560,0.9435,0.9325,0.9225,0.9135,0.9015,0.8900,0.8780,0.8680,0.8570,0.8500,0.8375,0.8280,0.8210,0.8135,0.8035,0.7965,0.7875,0.7815,0.7785,0.7700,0.7640,0.7575,0.7505,0.7420,0.7355,0.7310,0.7260,0.7195,0.7150,0.7120,0.7045
65,3.0000,固定最適比率,2.8000,49816.6885,1394.8673,spend25p,1395.4879,1421.0083,1444.1286,1468.2686,1489.8170,1515.5878,1540.4058,1568.1104,1587.5094,1603.1110,1612.6589,1624.4843,1629.3283,1635.3371,1644.5039,1636.5765,1621.9986,1604.2783,1576.4799,1544.6797,1490.5237,1452.4625,1404.2441,1363.6553,1315.5689,1074.4134,1031.7353,974.7049,917.3203,856.6057,799.6380,742.5900,687.7903,639.9769,584.8151,539.6513,503.6071,470.0120,429.5269,399.0677,348.8263,315.4212,298.9727,266.2474,211.1575,157.8941,19.5024,0.0000,0.0000,0.0000,0.0000,0.0000,0.0000,0.0000,0.0000
65,3.0000,固定最適比率,2.8000,49816.6885,1394.8673,spend50p,1405.7289,1451.3631,1499.2744,1549.0863,1601.1699,1655.6403,1712.0666,1770.0237,1829.4663,1883.8141,1927.9287,1972.1468,2018.9724,2056.5431,2087.5011,2087.6674,2081.5657,2059.9030,2056.5983,2035.6584,2003.4695,1970.1000,1936.4620,1898.8549,1860.4026,1598.8425,1558.4936,1523.9814,1471.5508,1411.7757,1365.1685,1306.0640,1248.2631,1202.0254,1153.4423,1120.1157,1095.5976,1086.6589,1055.7771,1042.2603,1027.3243,1015.7129,1003.8523,986.4069,963.1584,929.7287,916.3405,885.5636,872.0306,843.5929,829.6307,794.4120,772.7340,746.1008,713.1636
65,3.0000,固定最適比率,2.8000,49816.6885,1394.8673,spend75p,1415.5543,1481.3146,1556.6312,1632.1935,1714.2636,1808.7173,1906.7114,1996.9784,2098.1659,2192.2502,2293.2142,2386.8868,2463.7563,2532.9457,2601.0593,2648.8574,2689.8556,2733.1961,2737.1665,2736.4262,2695.5790,2687.1349,2638.8013,2636.2072,2617.9224,2283.8880,2251.4608,2213.2355,2131.0128,2070.0128,2016.6234,1970.9684,1926.9461,1893.8388,1846.8778,1819.6270,1814.5495,1798.0351,1777.8549,1770.8536,1774.7768,1778.7680,1794.5320,1794.0822,1810.8474,1806.8848,1793.4604,1750.6853,1745.6979,1741.9059,1719.1935,1692.5704,1668.5713,1661.2941,1622.0850
65,3.0000,DynamicV1Rebalance,2.8000,49816.6885,1394.8673,survival,1.0000,1.0000,1.0000,1.0000,1.0000,1.0000,1.0000,1.0000,1.0000,1.0000,0.9995,0.9975,0.9965,0.9915,0.9875,0.9820,0.9720,0.9665,0.9570,0.9460,0.9350,0.9270,0.9155,0.9050,0.8930,0.8825,0.8660,0.8585,0.8500,0.8430,0.8335,0.8255,0.8175,0.8085,0.8030,0.7975,0.7950,0.7895,0.7870,0.7820,0.7775,0.7720,0.7670,0.7650,0.7610,0.7575,0.7540,0.7505,0.7465,0.7425,0.7395,0.7380,0.7350,0.7320,0.7300
65,3.0000,DynamicV1Rebalance,2.8000,49816.6885,1394.8673,spend25p,1395.4879,1421.0083,1444.1286,1468.2686,1489.8170,1515.5878,1540.4058,1568.1104,1587.5094,1603.1110,1611.7847,1620.7671,1624.2679,1623.1338,1625.4801,1610.1090,1580.0831,1549.3690,1511.3098,1466.1898,1394.7454,1346.6192,1293.1435,1240.1034,1194.2610,956.0799,888.5900,850.2814,794.4448,741.5000,685.1255,628.5037,581.6127,523.4775,486.7750,453.7214,430.6402,405.0408,378.6179,348.7459,308.3634,285.8710,260.3567,235.9969,189.9565,157.8941,94.8304,18.0698,0.0000,0.0000,0.0000,0.0000,0.0000,0.0000,0.0000
65,3.0000,DynamicV1Rebalance,2.8000,49816.6885,1394.8673,spend50p,1405.7289,1451.3631,1499.2744,1549.0863,1601.1699,1655.6403,1712.0666,1770.0237,1829.4663,1883.8141,1927.4558,1968.8995,2014.4161,2038.4526,2062.3659,2061.4906,2034.9865,2012.1527,1989.2965,1955.7827,1899.8887,1881.0549,1844.0712,1811.0663,1775.7641,1514.8791,1463.1507,1429.9546,1379.0768,1340.3099,1293.9097,1242.3346,1184.2310,1136.1562,1111.8037,1090.8287,1071.6758,1045.7041,1044.2593,1038.3061,1039.7861,1021.0919,1007.2279,1006.7295,993.7139,971.8116,965.0249,954.8084,929.9654,925.9884,897.7438,885.5342,872.8538,863.8576,848.0697
65,3.0000,DynamicV1Rebalance,2.8000,49816.6885,1394.8673,spend75p,1415.5543,1481.3146,1556.6312,1632.1935,1714.2636,1808.7173,1906.7114,1996.9784,2098.1659,2192.2502,2292.2771,2385.2425,2460.0933,2523.8733,2579.4268,2620.3461,2638.8998,2657.0726,2666.3657,2661.0936,2610.3961,2595.6815,2565.6650,2552.9404,2537.5597,2219.4513,2171.7514,2122.5012,2058.5232,2009.0506,1970.7419,1938.4044,1905.6916,1855.1583,1835.2023,1812.6432,1824.6757,1812.5965,1825.4385,1842.6178,1847.6641,1855.9338,1867.1823,1895.0109,1903.2018,1909.9569,1923.7836,1910.0169,1902.3790,1894.4139,1888.1634,1904.8563,1888.3691,1863.5573,1836.9507
65,3.0000,SpendAwareDPRebalance (R65-aware),2.8000,49816.6885,1394.8673,survival,1.0000,1.0000,1.0000,1.0000,1.0000,1.0000,1.0000,1.0000,1.0000,1.0000,0.9995,0.9975,0.9965,0.9915,0.9880,0.9810,0.9745,0.9675,0.9610,0.9515,0.9430,0.9335,0.9260,0.9135,0.9065,0.8960,0.8880,0.8785,0.8725,0.8670,0.8580,0.8530,0.8460,0.8410,0.8360,0.8275,0.8235,0.8190,0.8150,0.8095,0.8060,0.8010,0.7905,0.7870,0.7790,0.7745,0.7710,0.7650,0.7610,0.7555,0.7525,0.7495,0.7460,0.7415,0.7365
65,3.0000,SpendAwareDPRebalance (R65-aware),2.8000,49816.6885,1394.8673,spend25p,1395.4879,1421.0083,1444.1286,1468.2686,1489.8170,1515.5878,1540.4058,1568.1104,1587.5094,1603.1110,1611.7847,1620.7671,1624.2679,1623.1338,1625.9214,1609.3261,1583.3594,1550.7926,1519.1314,1478.8084,1412.0674,1370.4199,1326.7862,1269.8750,1224.0923,989.1218,948.3945,894.8633,854.9451,815.3683,754.2288,713.1704,669.5905,620.5346,584.0928,536.7123,505.6464,477.6516,463.4365,441.7691,422.7907,395.8345,341.0487,318.1771,288.4885,260.6657,243.0303,203.1707,154.6303,78.5948,38.4123,0.0000,0.0000,0.0000,0.0000
65,3.0000,SpendAwareDPRebalance (R65-aware),2.8000,49816.6885,1394.8673,spend50p,1405.7289,1451.3631,1499.2744,1549.0863,1601.1699,1655.6403,1712.0666,1770.0237,1829.4663,1883.8141,1927.4558,1968.8995,2014.4161,2038.4526,2062.3659,2060.9416,2038.9458,2014.7221,1997.8585,1961.6640,1916.7919,1891.7565,1869.9910,1828.9345,1799.2009,1538.4461,1505.7462,1460.8485,1427.1846,1379.8612,1343.3521,1293.9505,1244.1823,1205.3291,1166.1844,1142.2964,1127.7430,1109.1990,1104.5357,1090.2136,1090.4569,1080.7995,1047.3841,1045.7788,1018.0179,1011.2919,989.3877,970.1032,949.8251,937.2004,912.8226,888.1937,873.9220,861.0073,835.4688
65,3.0000,SpendAwareDPRebalance (R65-aware),2.8000,49816.6885,1394.8673,spend75p,1415.5543,1481.3146,1556.6312,1632.1935,1714.2636,1808.7173,1906.7114,1996.9784,2098.1659,2192.2502,2292.2771,2385.2425,2460.0933,2523.8733,2579.4268,2626.2969,2643.8668,2658.6460,2670.7275,2662.1973,2626.4625,2611.2943,2584.2837,2572.2838,2572.0945,2236.3099,2209.7313,2160.8224,2111.0513,2068.1610,2023.8637,1993.3769,1953.1834,1940.8386,1915.9318,1886.4849,1871.1167,1872.7561,1891.8083,1906.4794,1915.8983,1906.4456,1896.4837,1925.7321,1895.4012,1900.5024,1908.2057,1880.1495,1878.3883,1845.6344,1852.5754,1821.1211,1791.2018,1773.4811,1767.7656
65,3.0000,No dynamic rebalance,3.0000,46495.5759,1394.8673,survival,1.0000,1.0000,1.0000,1.0000,1.0000,1.0000,1.0000,1.0000,1.0000,0.9995,0.9985,0.9965,0.9920,0.9875,0.9740,0.9640,0.9540,0.9405,0.9240,0.9085,0.8910,0.8700,0.8570,0.8395,0.8220,0.8105,0.7960,0.7845,0.7700,0.7560,0.7485,0.7405,0.7295,0.7235,0.7170,0.7080,0.7005,0.6925,0.6860,0.6780,0.6735,0.6675,0.6635,0.6580,0.6535,0.6520,0.6475,0.6420,0.6380,0.6360,0.6320,0.6280,0.6240,0.6195,0.6180
65,3.0000,No dynamic rebalance,3.0000,46495.5759,1394.8673,spend25p,1395.4879,1421.0083,1444.1286,1468.2686,1489.8170,1515.5878,1540.4058,1568.1104,1587.5094,1601.8738,1610.4762,1619.1038,1618.0676,1616.1402,1603.6982,1577.2725,1545.5158,1500.1111,1440.6107,1372.2589,1281.6176,1195.8915,1134.3876,1055.3379,978.0340,759.5790,674.5694,594.2338,497.2913,335.4360,0.0000,0.0000,0.0000,0.0000,0.0000,0.0000,0.0000,0.0000,0.0000,0.0000,0.0000,0.0000,0.0000,0.0000,0.0000,0.0000,0.0000,0.0000,0.0000,0.0000,0.0000,0.0000,0.0000,0.0000,0.0000
65,3.0000,No dynamic rebalance,3.0000,46495.5759,1394.8673,spend50p,1405.7289,1451.3631,1499.2744,1549.0863,1601.1699,1655.6403,1712.0666,1770.0237,1829.4663,1883.7759,1926.7447,1968.7266,2009.9305,2029.0091,2034.3170,2025.4664,2012.0475,1976.9899,1941.2136,1899.7516,1829.6776,1771.0408,1734.6199,1682.6463,1638.4777,1382.7502,1330.3820,1286.0954,1235.5406,1170.2651,1111.0365,1067.2196,1015.7362,978.8605,943.9896,903.8385,885.5590,849.3874,819.6103,793.9874,777.7467,759.0803,746.8838,724.8972,708.5668,697.1264,673.3928,652.4032,628.4540,606.0589,568.7294,549.9266,526.1436,504.6156,486.5488
65,3.0000,No dynamic rebalance,3.0000,46495.5759,1394.8673,spend75p,1415.5543,1481.3146,1556.6312,1632.1935,1714.2636,1808.7173,1906.7114,1996.9784,2098.1659,2189.6286,2291.5074,2385.2425,2454.6096,2521.1206,2554.0202,2573.0138,2600.4318,2598.3030,2584.6745,2569.3235,2492.5675,2447.4114,2446.0403,2419.8162,2376.8738,2079.3639,2037.1926,1971.7508,1923.7937,1875.4837,1832.4054,1765.4255,1724.6482,1692.2178,1667.4094,1652.9333,1640.3038,1627.4333,1626.0151,1615.6464,1624.9041,1626.9138,1653.7831,1644.7726,1626.5243,1651.3196,1658.5317,1646.7559,1643.4605,1640.2448,1639.4447,1614.6826,1603.5513,1567.1104,1552.7263
65,3.0000,固定最適比率,3.0000,46495.5759,1394.8673,survival,1.0000,1.0000,1.0000,1.0000,1.0000,1.0000,1.0000,1.0000,1.0000,1.0000,1.0000,1.0000,1.0000,0.9995,0.9985,0.9950,0.9890,0.9830,0.9740,0.9650,0.9525,0.9405,0.9280,0.9145,0.9060,0.8880,0.8730,0.8575,0.8450,0.8340,0.8225,0.8120,0.8010,0.7890,0.7820,0.7710,0.7615,0.7555,0.7480,0.7400,0.7340,0.7265,0.7170,0.7085,0.7030,0.6990,0.6940,0.6875,0.6835,0.6770,0.6720,0.6660,0.6600,0.6580,0.6540
65,3.0000,固定最適比率,3.0000,46495.5759,1394.8673,spend25p,1395.4879,1421.0083,1444.1286,1468.2686,1489.8170,1515.5878,1540.4058,1568.1104,1587.5094,1603.1110,1612.6589,1624.4843,1629.3283,1633.2118,1641.8155,1624.0599,1607.8337,1585.2435,1539.8336,1503.4612,1429.8739,1384.4885,1326.8466,1271.2240,1221.6808,973.9664,914.8285,845.7835,775.9467,717.3909,645.3390,585.6864,518.9050,449.6065,403.8115,338.8470,267.2813,205.3661,0.0000,0.0000,0.0000,0.0000,0.0000,0.0000,0.0000,0.0000,0.0000,0.0000,0.0000,0.0000,0.0000,0.0000,0.0000,0.0000,0.0000
65,3.0000,固定最適比率,3.0000,46495.5759,1394.8673,spend50p,1405.7289,1451.3631,1499.2744,1549.0863,1601.1699,1655.6403,1712.0666,1770.0237,1829.4663,1883.8141,1927.9287,1972.1468,2018.9724,2055.5503,2086.1911,2079.6544,2058.8468,2037.6608,2013.6388,1981.7054,1921.8354,1891.0484,1852.0905,1816.2506,1789.1184,1511.0084,1463.1507,1414.7689,1354.8842,1313.6961,1255.9968,1192.9381,1136.8623,1092.7995,1056.9600,1015.4779,978.0554,961.6633,945.9853,913.5687,901.6454,868.4024,849.8798,822.3637,808.0238,798.4410,780.9839,753.1080,738.1118,711.3554,671.9416,648.2440,608.6598,589.0654,569.3514
65,3.0000,固定最適比率,3.0000,46495.5759,1394.8673,spend75p,1415.5543,1481.3146,1556.6312,1632.1935,1714.2636,1808.7173,1906.7114,1996.9784,2098.1659,2192.2502,2293.2142,2386.8868,2463.7563,2531.8052,2598.2493,2644.9302,2670.7018,2691.5647,2684.3210,2672.8761,2615.4915,2581.7525,2549.6130,2525.8323,2522.4465,2180.3367,2137.2257,2064.4067,1995.9043,1961.8177,1920.0765,1861.0309,1805.0359,1762.8340,1733.9012,1716.9408,1688.8776,1679.6914,1659.8743,1662.8226,1684.1127,1696.9573,1677.3666,1671.0368,1640.4008,1666.0284,1669.9774,1651.4439,1649.9615,1646.7704,1640.3240,1605.7405,1573.6603,1552.0134,1513.2617
65,3.0000,DynamicV1Rebalance,3.0000,46495.5759,1394.8673,survival,1.0000,1.0000,1.0000,1.0000,1.0000,1.0000,1.0000,1.0000,1.0000,0.9995,0.9985,0.9965,0.9930,0.9880,0.9815,0.9705,0.9630,0.9525,0.9405,0.9270,0.9145,0.8990,0.8835,0.8695,0.8530,0.8410,0.8305,0.8210,0.8095,0.8025,0.7900,0.7800,0.7725,0.7665,0.7590,0.7560,0.7495,0.7415,0.7375,0.7295,0.7260,0.7225,0.7180,0.7155,0.7130,0.7110,0.7095,0.7060,0.7040,0.7010,0.6985,0.6950,0.6915,0.6905,0.6870
65,3.0000,DynamicV1Rebalance,3.0000,46495.5759,1394.8673,spend25p,1395.4879,1421.0083,1444.1286,1468.2686,1489.8170,1515.5878,1540.4058,1568.1104,1587.5094,1601.8738,1610.4762,1619.1038,1621.3647,1616.7855,1617.3030,1590.8486,1561.0643,1518.1782,1468.7647,1418.6777,1349.2722,1275.3041,1214.7239,1152.9809,1075.0140,850.5017,794.0460,733.1722,660.3970,610.3492,538.7184,469.0982,410.0530,360.8058,284.2575,223.4463,0.0000,0.0000,0.0000,0.0000,0.0000,0.0000,0.0000,0.0000,0.0000,0.0000,0.0000,0.0000,0.0000,0.0000,0.0000,0.0000,0.0000,0.0000,0.0000
65,3.0000,DynamicV1Rebalance,3.0000,46495.5759,1394.8673,spend50p,1405.7289,1451.3631,1499.2744,1549.0863,1601.1699,1655.6403,1712.0666,1770.0237,1829.4663,1883.7759,1926.7447,1968.7266,2010.2206,2029.2491,2047.4562,2033.8180,2023.4750,1993.5256,1963.6703,1929.7667,1868.0672,1820.8758,1778.3419,1741.7681,1693.2035,1440.4745,1396.3928,1360.4904,1304.2151,1258.7932,1199.6461,1144.5819,1103.4926,1057.5946,1015.7510,997.5177,971.2453,953.4915,948.7019,916.4336,913.9771,895.4509,877.1833,880.0429,866.3627,865.4692,851.5586,841.0390,828.5053,807.7478,793.9902,770.8617,737.1346,726.2891,707.3162
65,3.0000,DynamicV1Rebalance,3.0000,46495.5759,1394.8673,spend75p,1415.5543,1481.3146,1556.6312,1632.1935,1714.2636,1808.7173,1906.7114,1996.9784,2098.1659,2189.6286,2291.5074,2385.2425,2456.3440,2521.1206,2563.3955,2585.7957,2610.8427,2629.2733,2627.7287,2616.3241,2558.4500,2503.0407,2474.7089,2465.2710,2438.1729,2127.3023,2090.7647,2031.2965,1974.0196,1957.1005,1901.7178,1849.2760,1801.5698,1770.0778,1736.9940,1735.4579,1711.7653,1709.0660,1715.7091,1705.2313,1726.6162,1753.4092,1757.0352,1770.8284,1805.1950,1804.6254,1816.5181,1798.1516,1803.8451,1789.2314,1804.7648,1767.8510,1726.9787,1741.2335,1734.9614
65,3.0000,SpendAwareDPRebalance (R65-aware),3.0000,46495.5759,1394.8673,survival,1.0000,1.0000,1.0000,1.0000,1.0000,1.0000,1.0000,1.0000,1.0000,0.9995,0.9985,0.9965,0.9925,0.9875,0.9795,0.9700,0.9620,0.9545,0.9440,0.9325,0.9210,0.9115,0.8940,0.8820,0.8705,0.8610,0.8465,0.8375,0.8315,0.8230,0.8135,0.8105,0.8025,0.7955,0.7910,0.7860,0.7815,0.7765,0.7725,0.7645,0.7600,0.7525,0.7455,0.7400,0.7370,0.7345,0.7310,0.7265,0.7200,0.7160,0.7115,0.7060,0.7025,0.6980,0.6920
65,3.0000,SpendAwareDPRebalance (R65-aware),3.0000,46495.5759,1394.8673,spend25p,1395.4879,1421.0083,1444.1286,1468.2686,1489.8170,1515.5878,1540.4058,1568.1104,1587.5094,1601.8738,1610.4762,1619.1038,1618.6922,1616.1402,1612.8917,1588.1349,1557.4353,1524.0250,1480.8446,1433.4574,1361.5270,1312.1796,1237.6821,1191.9442,1139.9398,906.8350,846.4968,778.3132,744.8611,682.1844,623.9162,582.2409,520.8707,484.0356,450.1012,410.4944,383.2559,342.2360,305.2346,262.4262,225.8243,99.6235,0.0000,0.0000,0.0000,0.0000,0.0000,0.0000,0.0000,0.0000,0.0000,0.0000,0.0000,0.0000,0.0000
65,3.0000,SpendAwareDPRebalance (R65-aware),3.0000,46495.5759,1394.8673,spend50p,1405.7289,1451.3631,1499.2744,1549.0863,1601.1699,1655.6403,1712.0666,1770.0237,1829.4663,1883.7759,1926.7447,1968.7266,2009.9305,2029.0091,2043.8305,2033.8180,2023.2497,1995.0923,1972.4016,1938.2624,1877.8314,1844.9750,1796.3830,1763.0994,1732.9786,1473.4188,1429.8050,1384.9656,1342.0100,1303.6732,1255.9968,1219.6658,1160.3786,1115.8179,1101.2758,1064.5108,1045.8933,1026.3669,1022.4419,1005.6045,994.0530,979.4436,959.2823,926.3991,925.3053,914.9859,900.6894,880.6345,865.6105,835.5299,824.0102,786.0058,762.3387,733.8697,706.6134
65,3.0000,SpendAwareDPRebalance (R65-aware),3.0000,46495.5759,1394.8673,spend75p,1415.5543,1481.3146,1556.6312,1632.1935,1714.2636,1808.7173,1906.7114,1996.9784,2098.1659,2189.6286,2291.5074,2385.2425,2454.6096,2521.1206,2560.9300,2584.8338,2608.9861,2627.3173,2628.9421,2620.9934,2577.9005,2540.7568,2509.8637,2504.6719,2482.3650,2171.0490,2135.2114,2073.1209,2030.4152,1981.5768,1937.1666,1914.5484,1871.4544,1841.4740,1827.0625,1798.6543,1805.6096,1796.6334,1790.1864,1771.4358,1795.9302,1791.9277,1792.6926,1798.1767,1815.1602,1822.8204,1818.0986,1799.2199,1783.3505,1775.4201,1753.3762,1723.2946,1693.9997,1681.1615,1657.0778
65,3.0000,No dynamic rebalance,3.3300,41887.9062,1394.8673,survival,1.0000,1.0000,1.0000,1.0000,1.0000,1.0000,1.0000,1.0000,1.0000,0.9990,0.9965,0.9945,0.9880,0.9760,0.9605,0.9475,0.9325,0.9120,0.8900,0.8690,0.8515,0.8325,0.8105,0.7860,0.7670,0.7530,0.7375,0.7235,0.7115,0.6990,0.6870,0.6795,0.6685,0.6585,0.6480,0.6390,0.6350,0.6275,0.6245,0.6160,0.6105,0.6065,0.6035,0.5980,0.5960,0.5930,0.5895,0.5835,0.5810,0.5760,0.5740,0.5685,0.5655,0.5640,0.5600
65,3.0000,No dynamic rebalance,3.3300,41887.9062,1394.8673,spend25p,1395.4879,1421.0083,1444.1286,1468.2686,1489.8170,1515.5878,1540.4058,1568.1104,1587.5094,1599.7094,1608.1288,1615.7708,1607.7131,1606.2702,1578.3941,1548.0643,1502.9805,1431.3230,1350.1972,1258.1647,1162.1551,1060.1063,961.9818,839.3748,694.2872,369.6452,0.0000,0.0000,0.0000,0.0000,0.0000,0.0000,0.0000,0.0000,0.0000,0.0000,0.0000,0.0000,0.0000,0.0000,0.0000,0.0000,0.0000,0.0000,0.0000,0.0000,0.0000,0.0000,0.0000,0.0000,0.0000,0.0000,0.0000,0.0000,0.0000
65,3.0000,No dynamic rebalance,3.3300,41887.9062,1394.8673,spend50p,1405.7289,1451.3631,1499.2744,1549.0863,1601.1699,1655.6403,1712.0666,1770.0237,1829.4663,1883.6106,1923.6333,1965.4939,2005.0055,2016.7884,2013.1138,2004.1077,1978.7924,1948.9674,1882.1221,1831.3410,1757.2157,1698.1596,1653.8813,1591.6599,1537.8723,1281.5609,1222.8463,1162.6557,1098.2804,1028.6620,973.8966,924.7938,871.4972,825.7714,782.7097,749.2070,727.3116,696.5312,663.3739,632.9414,612.8795,601.7327,591.6397,567.0239,553.2136,530.7598,505.8941,478.6797,458.5987,427.2954,398.9865,373.2417,352.2322,336.1718,307.1790
65,3.0000,No dynamic rebalance,3.3300,41887.9062,1394.8673,spend75p,1415.5543,1481.3146,1556.6312,1632.1935,1714.2636,1808.7173,1906.7114,1996.9784,2098.1659,2188.2455,2290.0715,2383.5175,2448.7076,2493.5053,2533.8892,2557.5370,2562.3620,2561.1167,2524.6333,2469.3305,2409.4268,2384.3575,2363.2328,2312.5352,2291.5425,1954.7574,1903.7370,1851.4554,1814.6653,1751.7859,1689.6237,1664.6714,1607.0579,1568.8995,1526.1196,1495.6939,1494.1327,1484.1242,1499.7419,1495.9934,1508.1351,1510.0869,1527.4522,1513.8054,1519.2873,1502.2086,1498.6143,1502.3012,1505.8156,1472.8885,1458.5597,1429.4968,1414.0720,1395.3724,1379.0472
65,3.0000,固定最適比率,3.3300,41887.9062,1394.8673,survival,1.0000,1.0000,1.0000,1.0000,1.0000,1.0000,1.0000,1.0000,1.0000,1.0000,0.9995,0.9990,0.9965,0.9920,0.9840,0.9710,0.9600,0.9450,0.9290,0.9115,0.8960,0.8730,0.8530,0.8320,0.8140,0.7960,0.7775,0.7645,0.7485,0.7355,0.7225,0.7105,0.7005,0.6895,0.6810,0.6755,0.6645,0.6560,0.6475,0.6405,0.6340,0.6315,0.6260,0.6230,0.6195,0.6160,0.6080,0.6025,0.5990,0.5955,0.5945,0.5890,0.5855,0.5825,0.5795
65,3.0000,固定最適比率,3.3300,41887.9062,1394.8673,spend25p,1395.4879,1421.0083,1444.1286,1468.2686,1489.8170,1515.5878,1540.4058,1568.1104,1587.5094,1603.1110,1611.7847,1622.9598,1623.7365,1621.0035,1622.0428,1588.1349,1554.7709,1506.7461,1451.1923,1376.2015,1288.9934,1202.2930,1117.8440,1035.7800,942.7661,693.3536,590.6181,485.6629,0.0000,0.0000,0.0000,0.0000,0.0000,0.0000,0.0000,0.0000,0.0000,0.0000,0.0000,0.0000,0.0000,0.0000,0.0000,0.0000,0.0000,0.0000,0.0000,0.0000,0.0000,0.0000,0.0000,0.0000,0.0000,0.0000,0.0000
65,3.0000,固定最適比率,3.3300,41887.9062,1394.8673,spend50p,1405.7289,1451.3631,1499.2744,1549.0863,1601.1699,1655.6403,1712.0666,1770.0237,1829.4663,1883.8141,1927.4558,1971.3410,2012.6821,2032.6901,2050.3431,2029.7950,2016.4925,1979.0324,1939.5647,1896.5235,1828.1759,1767.2097,1704.8689,1660.0794,1603.2507,1340.3234,1297.0737,1234.8219,1177.2508,1105.2505,1049.7977,984.9002,933.7916,883.4865,850.3784,816.9154,779.4451,744.6145,711.8070,684.1175,661.4408,647.7268,626.1121,611.4310,589.2597,574.0621,541.3057,509.9412,489.0482,468.0393,456.9938,417.5815,399.1853,375.0724,351.2184
65,3.0000,固定最適比率,3.3300,41887.9062,1394.8673,spend75p,1415.5543,1481.3146,1556.6312,1632.1935,1714.2636,1808.7173,1906.7114,1996.9784,2098.1659,2192.2502,2292.2771,2385.7499,2457.9327,2522.6534,2566.5770,2576.2405,2600.0226,2594.2345,2578.7643,2554.5407,2475.4178,2438.1611,2391.5023,2377.3548,2334.8490,2013.9961,1937.6565,1892.5129,1845.0565,1786.4103,1721.6686,1679.6643,1634.5781,1593.2166,1551.4055,1540.3193,1523.4219,1508.6046,1497.4054,1498.0773,1514.4281,1519.4665,1527.4522,1526.6447,1521.0520,1507.8573,1497.7428,1502.3012,1496.5946,1468.5712,1457.2929,1425.3712,1404.6653,1381.5473,1368.0756
65,3.0000,DynamicV1Rebalance,3.3300,41887.9062,1394.8673,survival,1.0000,1.0000,1.0000,1.0000,1.0000,1.0000,1.0000,1.0000,1.0000,0.9990,0.9965,0.9945,0.9880,0.9785,0.9620,0.9530,0.9400,0.9225,0.9020,0.8815,0.8660,0.8505,0.8335,0.8130,0.7970,0.7810,0.7660,0.7515,0.7415,0.7325,0.7200,0.7095,0.6955,0.6870,0.6835,0.6760,0.6710,0.6660,0.6605,0.6530,0.6515,0.6480,0.6440,0.6405,0.6380,0.6360,0.6335,0.6285,0.6265,0.6245,0.6220,0.6195,0.6190,0.6165,0.6140
65,3.0000,DynamicV1Rebalance,3.3300,41887.9062,1394.8673,spend25p,1395.4879,1421.0083,1444.1286,1468.2686,1489.8170,1515.5878,1540.4058,1568.1104,1587.5094,1599.7094,1608.1288,1615.7708,1607.7131,1609.8618,1580.6482,1558.0596,1517.6925,1454.7408,1379.9647,1298.2205,1212.7695,1131.7034,1055.1270,953.1870,870.5715,627.7011,509.7286,281.7194,0.0000,0.0000,0.0000,0.0000,0.0000,0.0000,0.0000,0.0000,0.0000,0.0000,0.0000,0.0000,0.0000,0.0000,0.0000,0.0000,0.0000,0.0000,0.0000,0.0000,0.0000,0.0000,0.0000,0.0000,0.0000,0.0000,0.0000
65,3.0000,DynamicV1Rebalance,3.3300,41887.9062,1394.8673,spend50p,1405.7289,1451.3631,1499.2744,1549.0863,1601.1699,1655.6403,1712.0666,1770.0237,1829.4663,1883.6106,1923.6333,1965.4939,2005.0055,2020.4572,2015.3776,2015.1565,1990.5975,1958.5428,1900.4702,1853.9085,1786.8456,1723.8619,1691.8368,1638.9311,1585.9410,1329.2645,1282.0269,1222.7559,1176.5945,1109.3396,1052.1556,996.4961,931.8362,885.9407,858.7393,838.4570,796.2557,771.3733,746.5493,722.3985,714.5352,698.3091,687.1995,678.3265,669.1055,659.5003,640.8661,621.3138,602.9443,576.0662,555.3471,532.4998,523.7870,503.1281,482.7726
65,3.0000,DynamicV1Rebalance,3.3300,41887.9062,1394.8673,spend75p,1415.5543,1481.3146,1556.6312,1632.1935,1714.2636,1808.7173,1906.7114,1996.9784,2098.1659,2188.2455,2290.0715,2383.5175,2448.7076,2498.1882,2535.0468,2565.9149,2575.0954,2582.6666,2544.4385,2517.2400,2428.0872,2417.2756,2388.5865,2361.7302,2330.2451,2019.0662,1956.0044,1907.5116,1865.2959,1804.3011,1749.5390,1705.9806,1641.6882,1608.0911,1581.0933,1549.3969,1560.3273,1562.4656,1557.0349,1562.7964,1561.8810,1581.3764,1594.7958,1596.4227,1608.3615,1617.2794,1636.5178,1609.9902,1607.1179,1612.6797,1622.6781,1588.5888,1573.9337,1529.8122,1497.1547
65,3.0000,SpendAwareDPRebalance (R65-aware),3.3300,41887.9062,1394.8673,survival,1.0000,1.0000,1.0000,1.0000,1.0000,1.0000,1.0000,1.0000,1.0000,0.9990,0.9965,0.9945,0.9885,0.9775,0.9620,0.9510,0.9390,0.9190,0.9015,0.8840,0.8700,0.8545,0.8375,0.8220,0.8030,0.7910,0.7800,0.7690,0.7575,0.7485,0.7385,0.7310,0.7245,0.7200,0.7135,0.7080,0.7020,0.6980,0.6930,0.6885,0.6855,0.6790,0.6710,0.6660,0.6610,0.6580,0.6560,0.6500,0.6445,0.6410,0.6370,0.6320,0.6295,0.6260,0.6220
65,3.0000,SpendAwareDPRebalance (R65-aware),3.3300,41887.9062,1394.8673,spend25p,1395.4879,1421.0083,1444.1286,1468.2686,1489.8170,1515.5878,1540.4058,1568.1104,1587.5094,1599.7094,1608.1288,1615.7708,1609.1657,1609.2104,1580.6482,1552.8084,1514.9496,1450.1814,1379.6459,1304.1847,1220.1206,1156.0592,1066.2582,995.0358,909.0119,673.6038,597.2908,503.6013,397.3651,0.0000,0.0000,0.0000,0.0000,0.0000,0.0000,0.0000,0.0000,0.0000,0.0000,0.0000,0.0000,0.0000,0.0000,0.0000,0.0000,0.0000,0.0000,0.0000,0.0000,0.0000,0.0000,0.0000,0.0000,0.0000,0.0000
65,3.0000,SpendAwareDPRebalance (R65-aware),3.3300,41887.9062,1394.8673,spend50p,1405.7289,1451.3631,1499.2744,1549.0863,1601.1699,1655.6403,1712.0666,1770.0237,1829.4663,1883.6106,1923.6333,1965.4939,2005.0952,2019.4216,2015.3776,2011.8716,1989.0627,1956.5481,1901.1697,1858.1221,1792.6459,1738.7417,1700.6499,1660.0794,1599.6454,1345.0828,1315.3318,1265.3541,1212.1402,1152.9605,1092.6111,1044.2334,1004.1604,976.3315,940.7535,909.4446,897.3258,869.6630,845.7278,818.5020,805.7975,784.7911,763.8591,751.0385,725.0199,706.6926,694.3922,669.8828,645.6709,622.8558,589.8944,563.3246,544.2730,520.7418,494.3187
65,3.0000,SpendAwareDPRebalance (R65-aware),3.3300,41887.9062,1394.8673,spend75p,1415.5543,1481.3146,1556.6312,1632.1935,1714.2636,1808.7173,1906.7114,1996.9784,2098.1659,2188.2455,2290.0715,2383.5175,2449.6814,2496.5162,2535.0468,2565.9149,2575.0954,2574.7824,2546.1379,2526.9343,2448.3677,2437.3728,2404.2951,2391.7199,2357.4265,2052.8086,2003.9958,1940.5251,1907.0461,1875.3046,1816.1678,1755.0230,1716.7491,1685.2919,1661.5421,1648.4804,1636.0784,1624.1228,1624.8487,1620.5002,1640.4107,1645.6186,1644.7806,1626.0200,1619.5920,1627.9443,1652.2218,1628.9292,1614.8516,1612.6797,1610.4718,1566.4620,1557.2946,1519.8260,1480.4103
65,3.0000,No dynamic rebalance,3.6600,38111.1278,1394.8673,survival,1.0000,1.0000,1.0000,1.0000,1.0000,1.0000,1.0000,1.0000,0.9995,0.9975,0.9955,0.9895,0.9790,0.9595,0.9425,0.9275,0.9005,0.8755,0.8535,0.8300,0.8035,0.7750,0.7510,0.7265,0.7055,0.6870,0.6735,0.6600,0.6500,0.6400,0.6285,0.6180,0.6070,0.6020,0.5940,0.5900,0.5820,0.5770,0.5720,0.5650,0.5580,0.5555,0.5490,0.5420,0.5390,0.5360,0.5325,0.5295,0.5250,0.5210,0.5185,0.5160,0.5125,0.5105,0.5070
65,3.0000,No dynamic rebalance,3.6600,38111.1278,1394.8673,spend25p,1395.4879,1421.0083,1444.1286,1468.2686,1489.8170,1515.5878,1540.4058,1568.1104,1587.2864,1597.7541,1607.4173,1611.3077,1598.6403,1577.4323,1545.2181,1497.5733,1431.9251,1327.8968,1244.9538,1136.1074,989.4316,830.4428,464.9906,0.0000,0.0000,0.0000,0.0000,0.0000,0.0000,0.0000,0.0000,0.0000,0.0000,0.0000,0.0000,0.0000,0.0000,0.0000,0.0000,0.0000,0.0000,0.0000,0.0000,0.0000,0.0000,0.0000,0.0000,0.0000,0.0000,0.0000,0.0000,0.0000,0.0000,0.0000,0.0000
65,3.0000,No dynamic rebalance,3.6600,38111.1278,1394.8673,spend50p,1405.7289,1451.3631,1499.2744,1549.0863,1601.1699,1655.6403,1712.0666,1770.0237,1828.6400,1880.8725,1923.1079,1962.2720,1991.7762,1996.4212,1984.3418,1977.2004,1933.3482,1878.8769,1815.3695,1758.4152,1662.7007,1608.2062,1536.4479,1474.4548,1401.2099,1135.1890,1070.5097,1011.3558,957.9047,902.5265,836.3031,795.8008,731.3665,687.1485,647.7940,611.5193,570.4637,542.2714,515.7247,490.9728,457.6268,438.5148,398.2813,359.8725,339.4022,323.0477,309.6325,281.4303,259.1002,231.6812,209.3174,187.8197,136.4305,105.6297,58.5686
65,3.0000,No dynamic rebalance,3.6600,38111.1278,1394.8673,spend75p,1415.5543,1481.3146,1556.6312,1632.1935,1714.2636,1808.7173,1906.7114,1996.9784,2097.3771,2187.0114,2288.3385,2377.2414,2440.3652,2472.7937,2511.6717,2537.0091,2533.3005,2482.7486,2460.7744,2411.0024,2336.0782,2293.5332,2258.8005,2220.3434,2130.7899,1820.6024,1770.7220,1733.0661,1679.5290,1633.2512,1579.0032,1531.5315,1489.0451,1441.3229,1424.6513,1408.9416,1366.8564,1360.7789,1359.1014,1369.8441,1362.4258,1383.4765,1385.0718,1367.9298,1369.1415,1373.9923,1363.9121,1344.3731,1309.7726,1308.0086,1289.1811,1282.4143,1240.7562,1233.5894,1220.8364
65,3.0000,固定最適比率,3.6600,38111.1278,1394.8673,survival,1.0000,1.0000,1.0000,1.0000,1.0000,1.0000,1.0000,1.0000,1.0000,0.9990,0.9965,0.9930,0.9855,0.9685,0.9520,0.9375,0.9165,0.8885,0.8710,0.8475,0.8215,0.7970,0.7705,0.7440,0.7215,0.7015,0.6860,0.6720,0.6620,0.6515,0.6405,0.6295,0.6170,0.6115,0.6030,0.5965,0.5890,0.5835,0.5790,0.5745,0.5670,0.5615,0.5540,0.5500,0.5430,0.5385,0.5345,0.5300,0.5255,0.5220,0.5190,0.5150,0.5135,0.5105,0.5065
65,3.0000,固定最適比率,3.6600,38111.1278,1394.8673,spend25p,1395.4879,1421.0083,1444.1286,1468.2686,1489.8170,1515.5878,1540.4058,1568.1104,1587.5094,1599.7094,1608.1288,1613.4778,1606.2903,1592.0008,1563.1414,1519.6172,1462.9372,1364.3075,1290.2653,1193.2528,1048.8075,933.4958,765.4963,0.0000,0.0000,0.0000,0.0000,0.0000,0.0000,0.0000,0.0000,0.0000,0.0000,0.0000,0.0000,0.0000,0.0000,0.0000,0.0000,0.0000,0.0000,0.0000,0.0000,0.0000,0.0000,0.0000,0.0000,0.0000,0.0000,0.0000,0.0000,0.0000,0.0000,0.0000,0.0000
65,3.0000,固定最適比率,3.6600,38111.1278,1394.8673,spend50p,1405.7289,1451.3631,1499.2744,1549.0863,1601.1699,1655.6403,1712.0666,1770.0237,1829.4663,1883.6106,1923.6333,1964.2110,1996.2428,2007.0860,1997.1434,1989.7871,1956.2584,1901.8722,1848.6282,1792.0996,1687.0279,1634.8047,1574.4959,1506.4532,1434.8730,1160.2439,1105.7813,1034.2532,980.0712,925.9555,869.7206,808.7249,746.0816,708.7534,667.0914,631.3776,587.0249,548.7581,530.3236,510.2736,482.5112,456.9706,428.2424,394.1164,353.1474,333.0243,314.6911,283.8601,259.3126,236.0165,215.5661,176.3815,145.6067,105.6297,53.1319
65,3.0000,固定最適比率,3.6600,38111.1278,1394.8673,spend75p,1415.5543,1481.3146,1556.6312,1632.1935,1714.2636,1808.7173,1906.7114,1996.9784,2098.1659,2188.2455,2290.0715,2379.6367,2444.5129,2486.8548,2522.6252,2541.2731,2542.7916,2503.4543,2477.2617,2427.8790,2347.8999,2312.8593,2283.4811,2225.2640,2162.1007,1833.4512,1775.5512,1743.6009,1697.0516,1637.9331,1593.8007,1540.8796,1492.8560,1449.6843,1427.8331,1410.4235,1373.6161,1364.9927,1361.7032,1379.6597,1381.9899,1372.6083,1371.0077,1380.5378,1355.9385,1358.3762,1342.8620,1315.3079,1293.2396,1273.3295,1265.6589,1236.8168,1225.5574,1213.1202,1188.5274
65,3.0000,DynamicV1Rebalance,3.6600,38111.1278,1394.8673,survival,1.0000,1.0000,1.0000,1.0000,1.0000,1.0000,1.0000,1.0000,0.9995,0.9980,0.9955,0.9890,0.9805,0.9600,0.9455,0.9320,0.9045,0.8810,0.8600,0.8375,0.8125,0.7905,0.7700,0.7490,0.7275,0.7095,0.6965,0.6780,0.6700,0.6590,0.6470,0.6350,0.6220,0.6175,0.6105,0.6065,0.6015,0.5955,0.5915,0.5895,0.5860,0.5830,0.5790,0.5765,0.5740,0.5730,0.5710,0.5685,0.5650,0.5620,0.5590,0.5565,0.5540,0.5515,0.5495
65,3.0000,DynamicV1Rebalance,3.6600,38111.1278,1394.8673,spend25p,1395.4879,1421.0083,1444.1286,1468.2686,1489.8170,1515.5878,1540.4058,1568.1104,1587.2864,1598.1912,1607.4173,1610.8986,1600.6543,1577.9025,1549.4189,1505.5523,1438.3561,1341.0090,1264.0133,1158.3020,1021.6176,909.5182,765.1655,0.0000,0.0000,0.0000,0.0000,0.0000,0.0000,0.0000,0.0000,0.0000,0.0000,0.0000,0.0000,0.0000,0.0000,0.0000,0.0000,0.0000,0.0000,0.0000,0.0000,0.0000,0.0000,0.0000,0.0000,0.0000,0.0000,0.0000,0.0000,0.0000,0.0000,0.0000,0.0000
65,3.0000,DynamicV1Rebalance,3.6600,38111.1278,1394.8673,spend50p,1405.7289,1451.3631,1499.2744,1549.0863,1601.1699,1655.6403,1712.0666,1770.0237,1828.6400,1882.4668,1923.1079,1961.9732,1992.6192,1997.0409,1988.7099,1989.4319,1941.2306,1887.4115,1835.1086,1777.2797,1684.4988,1632.5736,1580.5759,1519.0724,1447.1916,1184.3386,1132.1381,1054.0130,1005.3896,941.6050,888.8385,823.7494,771.7482,726.5885,685.9965,661.4969,631.0057,596.8737,567.0039,554.7283,545.8197,531.5956,518.7329,506.2638,490.4937,481.4264,453.6520,424.3925,396.0207,375.4030,356.5897,337.5537,319.3095,301.2273,285.4919
65,3.0000,DynamicV1Rebalance,3.6600,38111.1278,1394.8673,spend75p,1415.5543,1481.3146,1556.6312,1632.1935,1714.2636,1808.7173,1906.7114,1996.9784,2097.3771,2187.5867,2288.3385,2376.7575,2442.1289,2472.4377,2517.4554,2541.2731,2538.5850,2487.6377,2466.9771,2424.8483,2345.5590,2319.0950,2297.6773,2254.3021,2205.8900,1856.7474,1809.8151,1762.8631,1712.4305,1667.7722,1626.3050,1564.1500,1515.6144,1484.1306,1455.0924,1427.9779,1410.0365,1398.0199,1400.1176,1426.4892,1447.1106,1452.9837,1447.8172,1459.9602,1477.4825,1458.3863,1456.3587,1482.0290,1490.9253,1453.1408,1431.5294,1403.9430,1400.8227,1369.5873,1352.6000
65,3.0000,SpendAwareDPRebalance (R65-aware),3.6600,38111.1278,1394.8673,survival,1.0000,1.0000,1.0000,1.0000,1.0000,1.0000,1.0000,1.0000,0.9995,0.9975,0.9955,0.9895,0.9795,0.9600,0.9435,0.9300,0.9035,0.8795,0.8615,0.8400,0.8125,0.7905,0.7705,0.7520,0.7360,0.7190,0.7090,0.6975,0.6875,0.6795,0.6695,0.6590,0.6490,0.6430,0.6365,0.6310,0.6250,0.6210,0.6155,0.6125,0.6090,0.6025,0.5965,0.5920,0.5875,0.5855,0.5840,0.5790,0.5745,0.5705,0.5695,0.5660,0.5630,0.5605,0.5560
65,3.0000,SpendAwareDPRebalance (R65-aware),3.6600,38111.1278,1394.8673,spend25p,1395.4879,1421.0083,1444.1286,1468.2686,1489.8170,1515.5878,1540.4058,1568.1104,1587.2864,1597.7541,1607.4173,1611.3077,1599.2281,1577.9025,1546.7036,1502.8266,1436.7118,1338.5993,1266.2091,1171.0146,1021.6176,909.5182,765.4963,491.7543,0.0000,0.0000,0.0000,0.0000,0.0000,0.0000,0.0000,0.0000,0.0000,0.0000,0.0000,0.0000,0.0000,0.0000,0.0000,0.0000,0.0000,0.0000,0.0000,0.0000,0.0000,0.0000,0.0000,0.0000,0.0000,0.0000,0.0000,0.0000,0.0000,0.0000,0.0000
65,3.0000,SpendAwareDPRebalance (R65-aware),3.6600,38111.1278,1394.8673,spend50p,1405.7289,1451.3631,1499.2744,1549.0863,1601.1699,1655.6403,1712.0666,1770.0237,1828.6400,1880.8725,1923.1079,1962.2720,1991.9936,1997.0409,1987.2962,1980.4151,1937.4591,1885.3175,1840.1910,1785.7170,1685.5229,1632.8805,1583.9265,1520.8227,1468.9098,1219.3545,1166.7660,1109.4808,1040.1871,998.4729,937.7582,886.7279,831.5157,800.3698,760.0426,731.1876,700.8546,676.0100,643.3841,625.8111,612.0631,585.3454,568.1596,551.4803,528.6904,510.9237,493.2737,469.5584,437.6447,391.9494,383.3519,363.0670,342.6767,318.2050,294.9619
65,3.0000,SpendAwareDPRebalance (R65-aware),3.6600,38111.1278,1394.8673,spend75p,1415.5543,1481.3146,1556.6312,1632.1935,1714.2636,1808.7173,1906.7114,1996.9784,2097.3771,2187.0114,2288.3385,2377.2414,2440.8484,2472.7937,2516.3660,2538.4013,2538.5850,2486.0338,2471.9029,2437.0178,2345.5590,2330.0975,2294.9523,2257.8080,2217.8661,1880.8467,1842.9537,1806.2083,1757.3612,1720.6278,1669.0286,1626.7569,1570.6589,1536.2887,1502.1545,1473.0430,1450.3212,1467.3672,1468.0048,1467.8816,1491.4539,1478.0976,1472.3877,1473.0951,1477.4825,1457.9928,1456.3587,1466.6067,1462.3516,1405.5488,1424.6121,1393.4274,1371.9722,1362.1340,1330.9048
65,3.0000,No dynamic rebalance,4.0000,34871.6819,1394.8673,survival,1.0000,1.0000,1.0000,1.0000,1.0000,1.0000,1.0000,1.0000,0.9990,0.9965,0.9920,0.9825,0.9595,0.9405,0.9215,0.8955,0.8665,0.8390,0.8045,0.7735,0.7430,0.7110,0.6885,0.6665,0.6450,0.6330,0.6185,0.6065,0.5910,0.5805,0.5720,0.5655,0.5530,0.5420,0.5350,0.5280,0.5205,0.5150,0.5090,0.5040,0.5005,0.4945,0.4915,0.4885,0.4835,0.4800,0.4750,0.4720,0.4670,0.4620,0.4565,0.4535,0.4485,0.4455,0.4420
65,3.0000,No dynamic rebalance,4.0000,34871.6819,1394.8673,spend25p,1395.4879,1421.0083,1444.1286,1468.2686,1489.8170,1515.5878,1540.4058,1568.1104,1586.3895,1596.6590,1603.9343,1601.7400,1573.7968,1549.2564,1507.0064,1442.3297,1335.6418,1242.2200,1069.4319,900.7927,0.0000,0.0000,0.0000,0.0000,0.0000,0.0000,0.0000,0.0000,0.0000,0.0000,0.0000,0.0000,0.0000,0.0000,0.0000,0.0000,0.0000,0.0000,0.0000,0.0000,0.0000,0.0000,0.0000,0.0000,0.0000,0.0000,0.0000,0.0000,0.0000,0.0000,0.0000,0.0000,0.0000,0.0000,0.0000
65,3.0000,No dynamic rebalance,4.0000,34871.6819,1394.8673,spend50p,1405.7289,1451.3631,1499.2744,1549.0863,1601.1699,1655.6403,1712.0666,1770.0237,1828.2576,1879.6846,1920.0714,1954.8968,1964.7123,1970.4159,1956.3603,1919.8744,1869.0643,1828.1688,1741.9051,1674.4641,1564.0065,1477.9188,1410.1981,1331.1342,1246.8731,1007.5447,942.2750,888.7918,812.6099,745.6082,687.2704,631.0161,549.3150,491.7021,448.7649,393.1609,324.5157,287.6981,232.3949,169.0584,53.1343,0.0000,0.0000,0.0000,0.0000,0.0000,0.0000,0.0000,0.0000,0.0000,0.0000,0.0000,0.0000,0.0000,0.0000
65,3.0000,No dynamic rebalance,4.0000,34871.6819,1394.8673,spend75p,1415.5543,1481.3146,1556.6312,1632.1935,1714.2636,1808.7173,1906.7114,1996.9784,2096.8170,2187.0114,2285.0426,2366.1702,2410.0748,2449.8539,2476.3498,2494.7423,2472.0140,2447.7457,2381.9623,2320.2973,2245.9138,2196.1760,2136.2533,2076.1538,2025.8280,1724.4262,1676.2614,1624.2205,1561.1034,1528.5388,1489.5309,1436.3378,1372.7818,1328.1890,1280.5597,1261.6791,1233.8480,1227.7996,1212.4393,1197.4729,1203.3854,1191.7563,1185.3442,1196.8776,1178.8877,1176.7753,1155.9208,1145.9354,1119.7501,1080.8072,1060.1863,1052.0008,1024.6067,1008.4764,972.9075
65,3.0000,固定最適比率,4.0000,34871.6819,1394.8673,survival,1.0000,1.0000,1.0000,1.0000,1.0000,1.0000,1.0000,1.0000,0.9990,0.9965,0.9920,0.9825,0.9595,0.9405,0.9215,0.8955,0.8665,0.8390,0.8045,0.7735,0.7430,0.7110,0.6885,0.6665,0.6450,0.6330,0.6185,0.6065,0.5910,0.5805,0.5720,0.5655,0.5530,0.5420,0.5350,0.5280,0.5205,0.5150,0.5090,0.5040,0.5005,0.4945,0.4915,0.4885,0.4835,0.4800,0.4750,0.4720,0.4670,0.4620,0.4565,0.4535,0.4485,0.4455,0.4420
65,3.0000,固定最適比率,4.0000,34871.6819,1394.8673,spend25p,1395.4879,1421.0083,1444.1286,1468.2686,1489.8170,1515.5878,1540.4058,1568.1104,1586.3895,1596.6590,1603.9343,1601.7400,1573.7968,1549.2564,1507.0064,1442.3297,1335.6418,1242.2200,1069.4319,900.7927,0.0000,0.0000,0.0000,0.0000,0.0000,0.0000,0.0000,0.0000,0.0000,0.0000,0.0000,0.0000,0.0000,0.0000,0.0000,0.0000,0.0000,0.0000,0.0000,0.0000,0.0000,0.0000,0.0000,0.0000,0.0000,0.0000,0.0000,0.0000,0.0000,0.0000,0.0000,0.0000,0.0000,0.0000,0.0000
65,3.0000,固定最適比率,4.0000,34871.6819,1394.8673,spend50p,1405.7289,1451.3631,1499.2744,1549.0863,1601.1699,1655.6403,1712.0666,1770.0237,1828.2576,1879.6846,1920.0714,1954.8968,1964.7123,1970.4159,1956.3603,1919.8744,1869.0643,1828.1688,1741.9051,1674.4641,1564.0065,1477.9188,1410.1981,1331.1342,1246.8731,1007.5447,942.2750,888.7918,812.6099,745.6082,687.2704,631.0161,549.3150,491.7021,448.7649,393.1609,324.5157,287.6981,232.3949,169.0584,53.1343,0.0000,0.0000,0.0000,0.0000,0.0000,0.0000,0.0000,0.0000,0.0000,0.0000,0.0000,0.0000,0.0000,0.0000
65,3.0000,固定最適比率,4.0000,34871.6819,1394.8673,spend75p,1415.5543,1481.3146,1556.6312,1632.1935,1714.2636,1808.7173,1906.7114,1996.9784,2096.8170,2187.0114,2285.0426,2366.1702,2410.0748,2449.8539,2476.3498,2494.7423,2472.0140,2447.7457,2381.9623,2320.2973,2245.9138,2196.1760,2136.2533,2076.1538,2025.8280,1724.4262,1676.2614,1624.2205,1561.1034,1528.5388,1489.5309,1436.3378,1372.7818,1328.1890,1280.5597,1261.6791,1233.8480,1227.7996,1212.4393,1197.4729,1203.3854,1191.7563,1185.3442,1196.8776,1178.8877,1176.7753,1155.9208,1145.9354,1119.7501,1080.8072,1060.1863,1052.0008,1024.6067,1008.4764,972.9075
65,3.0000,DynamicV1Rebalance,4.0000,34871.6819,1394.8673,survival,1.0000,1.0000,1.0000,1.0000,1.0000,1.0000,1.0000,1.0000,0.9990,0.9965,0.9925,0.9820,0.9600,0.9405,0.9240,0.8965,0.8690,0.8435,0.8095,0.7805,0.7530,0.7215,0.7005,0.6750,0.6550,0.6415,0.6310,0.6200,0.6045,0.5935,0.5855,0.5815,0.5690,0.5560,0.5495,0.5440,0.5395,0.5360,0.5325,0.5295,0.5260,0.5205,0.5165,0.5150,0.5125,0.5110,0.5105,0.5095,0.5045,0.5025,0.4985,0.4965,0.4925,0.4895,0.4880
65,3.0000,DynamicV1Rebalance,4.0000,34871.6819,1394.8673,spend25p,1395.4879,1421.0083,1444.1286,1468.2686,1489.8170,1515.5878,1540.4058,1568.1104,1586.3895,1596.6590,1604.6017,1601.3555,1575.7463,1549.2564,1517.3298,1446.0340,1341.4418,1253.4076,1096.7223,932.4733,590.2792,0.0000,0.0000,0.0000,0.0000,0.0000,0.0000,0.0000,0.0000,0.0000,0.0000,0.0000,0.0000,0.0000,0.0000,0.0000,0.0000,0.0000,0.0000,0.0000,0.0000,0.0000,0.0000,0.0000,0.0000,0.0000,0.0000,0.0000,0.0000,0.0000,0.0000,0.0000,0.0000,0.0000,0.0000
65,3.0000,DynamicV1Rebalance,4.0000,34871.6819,1394.8673,spend50p,1405.7289,1451.3631,1499.2744,1549.0863,1601.1699,1655.6403,1712.0666,1770.0237,1828.2576,1879.6846,1920.0714,1954.1469,1965.6709,1970.4159,1959.8805,1922.0260,1877.6277,1834.3080,1749.5781,1681.7300,1578.6901,1495.4262,1440.5920,1348.9837,1277.3834,1049.4687,986.0762,920.8934,853.9169,794.5442,740.1132,690.8137,620.9380,550.9919,504.6886,470.8575,435.6316,414.6625,382.3264,361.4334,329.9686,292.8577,268.1984,253.8865,236.2458,196.5925,182.7126,167.4787,79.2339,45.7099,0.0000,0.0000,0.0000,0.0000,0.0000
65,3.0000,DynamicV1Rebalance,4.0000,34871.6819,1394.8673,spend75p,1415.5543,1481.3146,1556.6312,1632.1935,1714.2636,1808.7173,1906.7114,1996.9784,2096.8170,2187.0114,2285.0426,2366.1702,2411.4128,2449.8539,2485.7217,2498.6511,2475.7464,2454.4238,2389.6960,2332.2554,2266.0173,2211.5530,2164.6573,2111.0275,2043.2286,1737.1583,1695.9714,1647.7347,1586.9693,1545.8949,1504.1524,1455.4702,1395.4271,1358.1583,1299.4080,1275.7441,1266.4386,1262.6986,1278.9380,1276.4520,1278.7718,1273.9926,1286.3338,1285.1892,1283.5982,1291.3108,1305.1416,1274.8045,1245.6417,1246.2356,1222.4439,1209.9265,1193.4019,1166.7352,1148.5805
65,3.0000,SpendAwareDPRebalance (R65-aware),4.0000,34871.6819,1394.8673,survival,1.0000,1.0000,1.0000,1.0000,1.0000,1.0000,1.0000,1.0000,0.9990,0.9965,0.9920,0.9825,0.9595,0.9405,0.9220,0.8970,0.8695,0.8425,0.8095,0.7790,0.7505,0.7235,0.7050,0.6840,0.6640,0.6530,0.6415,0.6310,0.6175,0.6080,0.6030,0.5980,0.5870,0.5815,0.5755,0.5675,0.5615,0.5575,0.5525,0.5475,0.5410,0.5355,0.5305,0.5275,0.5235,0.5195,0.5170,0.5120,0.5090,0.5050,0.5010,0.4975,0.4960,0.4950,0.4890
65,3.0000,SpendAwareDPRebalance (R65-aware),4.0000,34871.6819,1394.8673,spend25p,1395.4879,1421.0083,1444.1286,1468.2686,1489.8170,1515.5878,1540.4058,1568.1104,1586.3895,1596.6590,1603.9343,1601.7400,1573.7968,1549.2564,1509.9237,1447.5506,1342.5384,1251.8739,1096.7223,923.3382,469.9508,0.0000,0.0000,0.0000,0.0000,0.0000,0.0000,0.0000,0.0000,0.0000,0.0000,0.0000,0.0000,0.0000,0.0000,0.0000,0.0000,0.0000,0.0000,0.0000,0.0000,0.0000,0.0000,0.0000,0.0000,0.0000,0.0000,0.0000,0.0000,0.0000,0.0000,0.0000,0.0000,0.0000,0.0000
65,3.0000,SpendAwareDPRebalance (R65-aware),4.0000,34871.6819,1394.8673,spend50p,1405.7289,1451.3631,1499.2744,1549.0863,1601.1699,1655.6403,1712.0666,1770.0237,1828.2576,1879.6846,1920.0714,1954.8968,1964.7123,1970.4159,1956.6016,1922.9832,1879.3144,1833.9919,1752.5537,1680.6340,1576.7016,1496.9724,1451.0535,1373.4938,1301.7130,1066.5881,1016.3011,958.1913,887.7187,833.2045,792.4376,742.5633,678.5191,636.8112,596.8045,546.4839,505.4814,478.9942,458.7045,434.8290,394.4830,358.4899,324.7274,311.2047,290.0887,260.2015,238.5454,202.2210,146.7812,73.5380,10.1816,0.0000,0.0000,0.0000,0.0000
65,3.0000,SpendAwareDPRebalance (R65-aware),4.0000,34871.6819,1394.8673,spend75p,1415.5543,1481.3146,1556.6312,1632.1935,1714.2636,1808.7173,1906.7114,1996.9784,2096.8170,2187.0114,2285.0426,2366.1702,2410.0748,2449.8539,2478.5197,2499.7316,2475.7464,2453.1152,2391.0015,2331.3363,2256.6076,2211.0485,2181.0548,2125.7883,2074.0059,1763.6738,1723.7602,1682.5154,1612.9022,1563.3467,1530.9675,1492.9484,1436.7673,1409.7638,1393.1153,1344.7258,1324.6952,1321.0684,1316.8175,1324.4198,1315.9294,1325.2908,1319.0257,1304.7041,1295.0264,1300.1223,1298.2552,1254.3753,1240.6865,1221.4307,1206.4228,1178.9395,1171.6084,1160.6730,1120.9562
65,3.0000,No dynamic rebalance,5.0000,27897.3455,1394.8673,survival,1.0000,1.0000,1.0000,1.0000,1.0000,1.0000,1.0000,0.9985,0.9935,0.9850,0.9600,0.9320,0.9000,0.8590,0.8160,0.7690,0.7255,0.6775,0.6430,0.6120,0.5845,0.5520,0.5320,0.5090,0.4835,0.4675,0.4535,0.4415,0.4315,0.4230,0.4105,0.3995,0.3915,0.3830,0.3780,0.3695,0.3610,0.3540,0.3510,0.3440,0.3405,0.3355,0.3290,0.3245,0.3205,0.3165,0.3125,0.3070,0.3035,0.3020,0.2990,0.2975,0.2960,0.2945,0.2915
65,3.0000,No dynamic rebalance,5.0000,27897.3455,1394.8673,spend25p,1395.4879,1421.0083,1444.1286,1468.2686,1489.8170,1515.5878,1540.4058,1566.8744,1583.2037,1588.4650,1566.9388,1533.8698,1484.0293,1392.9279,1263.0388,1006.7824,0.0000,0.0000,0.0000,0.0000,0.0000,0.0000,0.0000,0.0000,0.0000,0.0000,0.0000,0.0000,0.0000,0.0000,0.0000,0.0000,0.0000,0.0000,0.0000,0.0000,0.0000,0.0000,0.0000,0.0000,0.0000,0.0000,0.0000,0.0000,0.0000,0.0000,0.0000,0.0000,0.0000,0.0000,0.0000,0.0000,0.0000,0.0000,0.0000
65,3.0000,No dynamic rebalance,5.0000,27897.3455,1394.8673,spend50p,1405.7289,1451.3631,1499.2744,1549.0863,1601.1699,1655.6403,1712.0666,1769.6186,1822.4868,1867.0592,1893.8040,1901.9372,1900.0984,1867.6750,1799.7853,1719.9455,1634.7050,1526.0868,1419.1558,1298.7158,1149.3262,984.2936,871.1414,643.6996,0.0000,0.0000,0.0000,0.0000,0.0000,0.0000,0.0000,0.0000,0.0000,0.0000,0.0000,0.0000,0.0000,0.0000,0.0000,0.0000,0.0000,0.0000,0.0000,0.0000,0.0000,0.0000,0.0000,0.0000,0.0000,0.0000,0.0000,0.0000,0.0000,0.0000,0.0000
65,3.0000,No dynamic rebalance,5.0000,27897.3455,1394.8673,spend75p,1415.5543,1481.3146,1556.6312,1632.1935,1714.2636,1808.7173,1906.7114,1995.4922,2094.2834,2173.0489,2254.6899,2312.0215,2352.3290,2369.0689,2364.1216,2318.4553,2259.6532,2153.8468,2084.4238,2026.3243,1922.8482,1848.7056,1793.1618,1746.3528,1666.0627,1392.7770,1330.4631,1279.6272,1231.2289,1175.9784,1098.4486,1033.2997,987.0587,926.4187,885.9020,872.5228,803.8031,763.0116,746.4092,715.7159,702.5017,667.9395,639.4101,610.9166,577.0563,549.8964,516.9885,481.3476,464.4372,447.4265,405.3951,383.3273,371.8042,351.5761,321.6886
65,3.0000,固定最適比率,5.0000,27897.3455,1394.8673,survival,1.0000,1.0000,1.0000,1.0000,1.0000,1.0000,1.0000,0.9985,0.9935,0.9850,0.9600,0.9320,0.9000,0.8590,0.8160,0.7690,0.7255,0.6775,0.6430,0.6120,0.5845,0.5520,0.5320,0.5090,0.4835,0.4675,0.4535,0.4415,0.4315,0.4230,0.4105,0.3995,0.3915,0.3830,0.3780,0.3695,0.3610,0.3540,0.3510,0.3440,0.3405,0.3355,0.3290,0.3245,0.3205,0.3165,0.3125,0.3070,0.3035,0.3020,0.2990,0.2975,0.2960,0.2945,0.2915
65,3.0000,固定最適比率,5.0000,27897.3455,1394.8673,spend25p,1395.4879,1421.0083,1444.1286,1468.2686,1489.8170,1515.5878,1540.4058,1566.8744,1583.2037,1588.4650,1566.9388,1533.8698,1484.0293,1392.9279,1263.0388,1006.7824,0.0000,0.0000,0.0000,0.0000,0.0000,0.0000,0.0000,0.0000,0.0000,0.0000,0.0000,0.0000,0.0000,0.0000,0.0000,0.0000,0.0000,0.0000,0.0000,0.0000,0.0000,0.0000,0.0000,0.0000,0.0000,0.0000,0.0000,0.0000,0.0000,0.0000,0.0000,0.0000,0.0000,0.0000,0.0000,0.0000,0.0000,0.0000,0.0000
65,3.0000,固定最適比率,5.0000,27897.3455,1394.8673,spend50p,1405.7289,1451.3631,1499.2744,1549.0863,1601.1699,1655.6403,1712.0666,1769.6186,1822.4868,1867.0592,1893.8040,1901.9372,1900.0984,1867.6750,1799.7853,1719.9455,1634.7050,1526.0868,1419.1558,1298.7158,1149.3262,984.2936,871.1414,643.6996,0.0000,0.0000,0.0000,0.0000,0.0000,0.0000,0.0000,0.0000,0.0000,0.0000,0.0000,0.0000,0.0000,0.0000,0.0000,0.0000,0.0000,0.0000,0.0000,0.0000,0.0000,0.0000,0.0000,0.0000,0.0000,0.0000,0.0000,0.0000,0.0000,0.0000,0.0000
65,3.0000,固定最適比率,5.0000,27897.3455,1394.8673,spend75p,1415.5543,1481.3146,1556.6312,1632.1935,1714.2636,1808.7173,1906.7114,1995.4922,2094.2834,2173.0489,2254.6899,2312.0215,2352.3290,2369.0689,2364.1216,2318.4553,2259.6532,2153.8468,2084.4238,2026.3243,1922.8482,1848.7056,1793.1618,1746.3528,1666.0627,1392.7770,1330.4631,1279.6272,1231.2289,1175.9784,1098.4486,1033.2997,987.0587,926.4187,885.9020,872.5228,803.8031,763.0116,746.4092,715.7159,702.5017,667.9395,639.4101,610.9166,577.0563,549.8964,516.9885,481.3476,464.4372,447.4265,405.3951,383.3273,371.8042,351.5761,321.6886
65,3.0000,DynamicV1Rebalance,5.0000,27897.3455,1394.8673,survival,1.0000,1.0000,1.0000,1.0000,1.0000,1.0000,1.0000,0.9985,0.9935,0.9850,0.9590,0.9320,0.8990,0.8580,0.8160,0.7665,0.7265,0.6785,0.6440,0.6130,0.5845,0.5540,0.5345,0.5125,0.4875,0.4725,0.4590,0.4465,0.4350,0.4285,0.4195,0.4090,0.4020,0.3975,0.3885,0.3795,0.3710,0.3660,0.3610,0.3585,0.3550,0.3495,0.3480,0.3455,0.3430,0.3410,0.3380,0.3370,0.3345,0.3330,0.3295,0.3275,0.3260,0.3245,0.3225
65,3.0000,DynamicV1Rebalance,5.0000,27897.3455,1394.8673,spend25p,1395.4879,1421.0083,1444.1286,1468.2686,1489.8170,1515.5878,1540.4058,1566.8744,1583.2037,1588.4650,1565.0773,1533.8698,1481.3382,1389.7665,1263.0388,998.8990,0.0000,0.0000,0.0000,0.0000,0.0000,0.0000,0.0000,0.0000,0.0000,0.0000,0.0000,0.0000,0.0000,0.0000,0.0000,0.0000,0.0000,0.0000,0.0000,0.0000,0.0000,0.0000,0.0000,0.0000,0.0000,0.0000,0.0000,0.0000,0.0000,0.0000,0.0000,0.0000,0.0000,0.0000,0.0000,0.0000,0.0000,0.0000,0.0000
65,3.0000,DynamicV1Rebalance,5.0000,27897.3455,1394.8673,spend50p,1405.7289,1451.3631,1499.2744,1549.0863,1601.1699,1655.6403,1712.0666,1769.6186,1822.4868,1867.0592,1893.6435,1901.9372,1896.5294,1866.6322,1799.7853,1716.1213,1637.0140,1527.4867,1422.4013,1300.7485,1149.3262,989.5326,882.5059,680.1879,0.0000,0.0000,0.0000,0.0000,0.0000,0.0000,0.0000,0.0000,0.0000,0.0000,0.0000,0.0000,0.0000,0.0000,0.0000,0.0000,0.0000,0.0000,0.0000,0.0000,0.0000,0.0000,0.0000,0.0000,0.0000,0.0000,0.0000,0.0000,0.0000,0.0000,0.0000
65,3.0000,DynamicV1Rebalance,5.0000,27897.3455,1394.8673,spend75p,1415.5543,1481.3146,1556.6312,1632.1935,1714.2636,1808.7173,1906.7114,1995.4922,2094.2834,2173.0489,2251.8372,2312.0215,2351.3416,2367.9598,2364.1216,2315.9737,2260.7113,2154.3300,2087.7287,2028.9495,1921.4038,1859.3823,1797.7377,1750.9102,1677.7592,1404.7312,1351.1150,1284.4575,1240.8056,1185.9440,1127.3083,1067.8683,1016.3272,984.0427,940.0572,901.7071,872.4934,826.5625,796.7018,797.3494,774.8136,749.9328,742.5162,717.9524,696.4238,689.4061,659.7892,646.0091,632.1972,603.8781,561.7578,536.4149,523.5746,497.8316,465.3287
65,3.0000,SpendAwareDPRebalance (R65-aware),5.0000,27897.3455,1394.8673,survival,1.0000,1.0000,1.0000,1.0000,1.0000,1.0000,1.0000,0.9985,0.9935,0.9850,0.9600,0.9320,0.9000,0.8590,0.8160,0.7695,0.7265,0.6800,0.6445,0.6140,0.5875,0.5585,0.5370,0.5150,0.4900,0.4755,0.4630,0.4525,0.4440,0.4370,0.4265,0.4195,0.4135,0.4090,0.4035,0.3975,0.3910,0.3840,0.3810,0.3775,0.3745,0.3705,0.3675,0.3640,0.3590,0.3555,0.3530,0.3475,0.3450,0.3415,0.3395,0.3375,0.3360,0.3345,0.3305
65,3.0000,SpendAwareDPRebalance (R65-aware),5.0000,27897.3455,1394.8673,spend25p,1395.4879,1421.0083,1444.1286,1468.2686,1489.8170,1515.5878,1540.4058,1566.8744,1583.2037,1588.4650,1566.9388,1533.8698,1484.0293,1392.9279,1263.0388,1015.4160,0.0000,0.0000,0.0000,0.0000,0.0000,0.0000,0.0000,0.0000,0.0000,0.0000,0.0000,0.0000,0.0000,0.0000,0.0000,0.0000,0.0000,0.0000,0.0000,0.0000,0.0000,0.0000,0.0000,0.0000,0.0000,0.0000,0.0000,0.0000,0.0000,0.0000,0.0000,0.0000,0.0000,0.0000,0.0000,0.0000,0.0000,0.0000,0.0000
65,3.0000,SpendAwareDPRebalance (R65-aware),5.0000,27897.3455,1394.8673,spend50p,1405.7289,1451.3631,1499.2744,1549.0863,1601.1699,1655.6403,1712.0666,1769.6186,1822.4868,1867.0592,1893.8040,1901.9372,1900.0984,1867.6750,1799.7853,1720.7842,1637.0140,1529.9131,1424.6223,1303.6303,1173.8867,1005.0656,903.6050,710.5175,0.0000,0.0000,0.0000,0.0000,0.0000,0.0000,0.0000,0.0000,0.0000,0.0000,0.0000,0.0000,0.0000,0.0000,0.0000,0.0000,0.0000,0.0000,0.0000,0.0000,0.0000,0.0000,0.0000,0.0000,0.0000,0.0000,0.0000,0.0000,0.0000,0.0000,0.0000
65,3.0000,SpendAwareDPRebalance (R65-aware),5.0000,27897.3455,1394.8673,spend75p,1415.5543,1481.3146,1556.6312,1632.1935,1714.2636,1808.7173,1906.7114,1995.4922,2094.2834,2173.0489,2254.6899,2312.0215,2352.3290,2369.0689,2364.1216,2319.6594,2260.7113,2155.1026,2087.7287,2030.6263,1925.5657,1880.3536,1814.6031,1757.5087,1682.8319,1411.3250,1366.4466,1303.7363,1268.1864,1212.2480,1149.4561,1103.5499,1059.0067,1016.6259,988.9556,960.0838,942.9560,917.2254,893.3630,863.2439,831.0636,808.9267,787.5975,788.0369,756.8149,729.7569,718.1282,677.1509,651.7043,624.1324,593.4699,577.5635,559.1192,524.1474,493.9475
65,3.0000,No dynamic rebalance,6.0000,23247.7879,1394.8673,survival,1.0000,1.0000,1.0000,1.0000,1.0000,1.0000,0.9985,0.9925,0.9775,0.9435,0.9040,0.8585,0.7925,0.7410,0.6750,0.6205,0.5750,0.5320,0.4910,0.4540,0.4225,0.3975,0.3780,0.3610,0.3450,0.3320,0.3190,0.3065,0.2940,0.2875,0.2790,0.2720,0.2655,0.2585,0.2525,0.2475,0.2420,0.2365,0.2355,0.2330,0.2295,0.2250,0.2230,0.2195,0.2170,0.2140,0.2105,0.2090,0.2070,0.2030,0.2010,0.1975,0.1965,0.1920,0.1915
65,3.0000,No dynamic rebalance,6.0000,23247.7879,1394.8673,spend25p,1395.4879,1421.0083,1444.1286,1468.2686,1489.8170,1515.5878,1538.1631,1558.8022,1564.5078,1541.3321,1488.1175,1410.8145,1234.4731,0.0000,0.0000,0.0000,0.0000,0.0000,0.0000,0.0000,0.0000,0.0000,0.0000,0.0000,0.0000,0.0000,0.0000,0.0000,0.0000,0.0000,0.0000,0.0000,0.0000,0.0000,0.0000,0.0000,0.0000,0.0000,0.0000,0.0000,0.0000,0.0000,0.0000,0.0000,0.0000,0.0000,0.0000,0.0000,0.0000,0.0000,0.0000,0.0000,0.0000,0.0000,0.0000
65,3.0000,No dynamic rebalance,6.0000,23247.7879,1394.8673,spend50p,1405.7289,1451.3631,1499.2744,1549.0863,1601.1699,1655.6403,1710.6556,1765.2246,1812.3772,1839.9368,1846.0681,1825.3658,1750.2943,1679.4351,1558.7716,1422.8121,1261.5185,1044.9182,0.0000,0.0000,0.0000,0.0000,0.0000,0.0000,0.0000,0.0000,0.0000,0.0000,0.0000,0.0000,0.0000,0.0000,0.0000,0.0000,0.0000,0.0000,0.0000,0.0000,0.0000,0.0000,0.0000,0.0000,0.0000,0.0000,0.0000,0.0000,0.0000,0.0000,0.0000,0.0000,0.0000,0.0000,0.0000,0.0000,0.0000
65,3.0000,No dynamic rebalance,6.0000,23247.7879,1394.8673,spend75p,1415.5543,1481.3146,1556.6312,1632.1935,1714.2636,1808.7173,1906.2107,1992.3958,2078.0869,2145.9654,2209.3979,2263.2030,2250.3603,2226.2757,2172.1377,2086.1540,1998.7056,1924.9228,1818.5865,1700.1088,1586.1619,1485.1727,1420.6724,1328.4848,1253.8551,983.8793,925.8039,846.2816,710.7333,638.5477,552.8536,481.5656,407.5512,316.4178,200.1894,0.0000,0.0000,0.0000,0.0000,0.0000,0.0000,0.0000,0.0000,0.0000,0.0000,0.0000,0.0000,0.0000,0.0000,0.0000,0.0000,0.0000,0.0000,0.0000,0.0000
65,3.0000,固定最適比率,6.0000,23247.7879,1394.8673,survival,1.0000,1.0000,1.0000,1.0000,1.0000,1.0000,0.9985,0.9925,0.9775,0.9435,0.9040,0.8585,0.7925,0.7410,0.6750,0.6205,0.5750,0.5320,0.4910,0.4540,0.4225,0.3975,0.3780,0.3610,0.3450,0.3320,0.3190,0.3065,0.2940,0.2875,0.2790,0.2720,0.2655,0.2585,0.2525,0.2475,0.2420,0.2365,0.2355,0.2330,0.2295,0.2250,0.2230,0.2195,0.2170,0.2140,0.2105,0.2090,0.2070,0.2030,0.2010,0.1975,0.1965,0.1920,0.1915
65,3.0000,固定最適比率,6.0000,23247.7879,1394.8673,spend25p,1395.4879,1421.0083,1444.1286,1468.2686,1489.8170,1515.5878,1538.1631,1558.8022,1564.5078,1541.3321,1488.1175,1410.8145,1234.4731,0.0000,0.0000,0.0000,0.0000,0.0000,0.0000,0.0000,0.0000,0.0000,0.0000,0.0000,0.0000,0.0000,0.0000,0.0000,0.0000,0.0000,0.0000,0.0000,0.0000,0.0000,0.0000,0.0000,0.0000,0.0000,0.0000,0.0000,0.0000,0.0000,0.0000,0.0000,0.0000,0.0000,0.0000,0.0000,0.0000,0.0000,0.0000,0.0000,0.0000,0.0000,0.0000
65,3.0000,固定最適比率,6.0000,23247.7879,1394.8673,spend50p,1405.7289,1451.3631,1499.2744,1549.0863,1601.1699,1655.6403,1710.6556,1765.2246,1812.3772,1839.9368,1846.0681,1825.3658,1750.2943,1679.4351,1558.7716,1422.8121,1261.5185,1044.9182,0.0000,0.0000,0.0000,0.0000,0.0000,0.0000,0.0000,0.0000,0.0000,0.0000,0.0000,0.0000,0.0000,0.0000,0.0000,0.0000,0.0000,0.0000,0.0000,0.0000,0.0000,0.0000,0.0000,0.0000,0.0000,0.0000,0.0000,0.0000,0.0000,0.0000,0.0000,0.0000,0.0000,0.0000,0.0000,0.0000,0.0000
65,3.0000,固定最適比率,6.0000,23247.7879,1394.8673,spend75p,1415.5543,1481.3146,1556.6312,1632.1935,1714.2636,1808.7173,1906.2107,1992.3958,2078.0869,2145.9654,2209.3979,2263.2030,2250.3603,2226.2757,2172.1377,2086.1540,1998.7056,1924.9228,1818.5865,1700.1088,1586.1619,1485.1727,1420.6724,1328.4848,1253.8551,983.8793,925.8039,846.2816,710.7333,638.5477,552.8536,481.5656,407.5512,316.4178,200.1894,0.0000,0.0000,0.0000,0.0000,0.0000,0.0000,0.0000,0.0000,0.0000,0.0000,0.0000,0.0000,0.0000,0.0000,0.0000,0.0000,0.0000,0.0000,0.0000,0.0000
65,3.0000,DynamicV1Rebalance,6.0000,23247.7879,1394.8673,survival,1.0000,1.0000,1.0000,1.0000,1.0000,1.0000,0.9985,0.9920,0.9770,0.9445,0.9040,0.8580,0.7915,0.7375,0.6745,0.6195,0.5745,0.5310,0.4900,0.4540,0.4230,0.3985,0.3790,0.3630,0.3485,0.3360,0.3215,0.3095,0.2970,0.2885,0.2805,0.2745,0.2695,0.2640,0.2585,0.2525,0.2490,0.2430,0.2395,0.2370,0.2350,0.2320,0.2305,0.2290,0.2275,0.2255,0.2250,0.2235,0.2210,0.2190,0.2180,0.2165,0.2155,0.2150,0.2150
65,3.0000,DynamicV1Rebalance,6.0000,23247.7879,1394.8673,spend25p,1395.4879,1421.0083,1444.1286,1468.2686,1489.8170,1515.5878,1538.1631,1558.2762,1562.9426,1542.3467,1487.6852,1409.3903,1229.5413,0.0000,0.0000,0.0000,0.0000,0.0000,0.0000,0.0000,0.0000,0.0000,0.0000,0.0000,0.0000,0.0000,0.0000,0.0000,0.0000,0.0000,0.0000,0.0000,0.0000,0.0000,0.0000,0.0000,0.0000,0.0000,0.0000,0.0000,0.0000,0.0000,0.0000,0.0000,0.0000,0.0000,0.0000,0.0000,0.0000,0.0000,0.0000,0.0000,0.0000,0.0000,0.0000
65,3.0000,DynamicV1Rebalance,6.0000,23247.7879,1394.8673,spend50p,1405.7289,1451.3631,1499.2744,1549.0863,1601.1699,1655.6403,1710.6556,1765.0686,1811.8122,1840.8164,1844.6864,1825.3658,1749.2353,1672.4940,1557.2768,1420.4709,1259.2310,1036.6230,0.0000,0.0000,0.0000,0.0000,0.0000,0.0000,0.0000,0.0000,0.0000,0.0000,0.0000,0.0000,0.0000,0.0000,0.0000,0.0000,0.0000,0.0000,0.0000,0.0000,0.0000,0.0000,0.0000,0.0000,0.0000,0.0000,0.0000,0.0000,0.0000,0.0000,0.0000,0.0000,0.0000,0.0000,0.0000,0.0000,0.0000
65,3.0000,DynamicV1Rebalance,6.0000,23247.7879,1394.8673,spend75p,1415.5543,1481.3146,1556.6312,1632.1935,1714.2636,1808.7173,1906.2107,1992.0526,2077.9000,2146.4693,2208.7497,2263.2030,2242.0577,2226.2757,2171.8499,2083.4769,1996.5120,1922.4218,1813.3919,1700.1088,1584.6437,1486.2065,1421.1523,1338.6887,1266.3907,1013.4123,937.0910,867.4584,748.8071,643.4438,555.6244,500.8132,431.2179,373.4663,306.5702,180.2932,0.0000,0.0000,0.0000,0.0000,0.0000,0.0000,0.0000,0.0000,0.0000,0.0000,0.0000,0.0000,0.0000,0.0000,0.0000,0.0000,0.0000,0.0000,0.0000
65,3.0000,SpendAwareDPRebalance (R65-aware),6.0000,23247.7879,1394.8673,survival,1.0000,1.0000,1.0000,1.0000,1.0000,1.0000,0.9985,0.9925,0.9775,0.9435,0.9040,0.8585,0.7925,0.7410,0.6750,0.6205,0.5755,0.5320,0.4910,0.4545,0.4245,0.3995,0.3800,0.3625,0.3490,0.3360,0.3240,0.3130,0.3010,0.2940,0.2855,0.2790,0.2735,0.2690,0.2655,0.2615,0.2575,0.2545,0.2510,0.2485,0.2455,0.2415,0.2410,0.2380,0.2350,0.2330,0.2300,0.2280,0.2265,0.2225,0.2210,0.2175,0.2160,0.2145,0.2110
65,3.0000,SpendAwareDPRebalance (R65-aware),6.0000,23247.7879,1394.8673,spend25p,1395.4879,1421.0083,1444.1286,1468.2686,1489.8170,1515.5878,1538.1631,1558.8022,1564.5078,1541.3321,1488.1175,1410.8145,1234.4731,0.0000,0.0000,0.0000,0.0000,0.0000,0.0000,0.0000,0.0000,0.0000,0.0000,0.0000,0.0000,0.0000,0.0000,0.0000,0.0000,0.0000,0.0000,0.0000,0.0000,0.0000,0.0000,0.0000,0.0000,0.0000,0.0000,0.0000,0.0000,0.0000,0.0000,0.0000,0.0000,0.0000,0.0000,0.0000,0.0000,0.0000,0.0000,0.0000,0.0000,0.0000,0.0000
65,3.0000,SpendAwareDPRebalance (R65-aware),6.0000,23247.7879,1394.8673,spend50p,1405.7289,1451.3631,1499.2744,1549.0863,1601.1699,1655.6403,1710.6556,1765.2246,1812.3772,1839.9368,1846.0681,1825.3658,1750.2943,1679.4351,1558.7716,1422.8121,1264.3126,1044.9182,0.0000,0.0000,0.0000,0.0000,0.0000,0.0000,0.0000,0.0000,0.0000,0.0000,0.0000,0.0000,0.0000,0.0000,0.0000,0.0000,0.0000,0.0000,0.0000,0.0000,0.0000,0.0000,0.0000,0.0000,0.0000,0.0000,0.0000,0.0000,0.0000,0.0000,0.0000,0.0000,0.0000,0.0000,0.0000,0.0000,0.0000
65,3.0000,SpendAwareDPRebalance (R65-aware),6.0000,23247.7879,1394.8673,spend75p,1415.5543,1481.3146,1556.6312,1632.1935,1714.2636,1808.7173,1906.2107,1992.3958,2078.0869,2145.9654,2209.3979,2263.2030,2250.3603,2226.2757,2172.1377,2086.1540,2002.6722,1924.9228,1818.5865,1700.9139,1587.6641,1486.8619,1424.2931,1331.2618,1266.3907,1011.0010,944.6028,888.3311,774.6572,681.1355,602.6802,527.4497,460.1899,396.9168,361.5086,307.4016,258.4797,213.2807,79.5290,0.0000,0.0000,0.0000,0.0000,0.0000,0.0000,0.0000,0.0000,0.0000,0.0000,0.0000,0.0000,0.0000,0.0000,0.0000,0.0000
65,3.0000,No dynamic rebalance,7.0000,19926.6754,1394.8673,survival,1.0000,1.0000,1.0000,1.0000,1.0000,0.9995,0.9930,0.9765,0.9380,0.8850,0.8240,0.7485,0.6670,0.5920,0.5255,0.4815,0.4305,0.3905,0.3590,0.3240,0.3045,0.2790,0.2660,0.2470,0.2300,0.2225,0.2135,0.2025,0.1955,0.1880,0.1835,0.1810,0.1780,0.1705,0.1645,0.1600,0.1565,0.1545,0.1520,0.1490,0.1460,0.1410,0.1405,0.1400,0.1380,0.1340,0.1335,0.1305,0.1275,0.1270,0.1260,0.1240,0.1225,0.1205,0.1195
65,3.0000,No dynamic rebalance,7.0000,19926.6754,1394.8673,spend25p,1395.4879,1421.0083,1444.1286,1468.2686,1489.8170,1515.2163,1535.3005,1543.4433,1525.8221,1462.2953,1352.8209,0.0000,0.0000,0.0000,0.0000,0.0000,0.0000,0.0000,0.0000,0.0000,0.0000,0.0000,0.0000,0.0000,0.0000,0.0000,0.0000,0.0000,0.0000,0.0000,0.0000,0.0000,0.0000,0.0000,0.0000,0.0000,0.0000,0.0000,0.0000,0.0000,0.0000,0.0000,0.0000,0.0000,0.0000,0.0000,0.0000,0.0000,0.0000,0.0000,0.0000,0.0000,0.0000,0.0000,0.0000
65,3.0000,No dynamic rebalance,7.0000,19926.6754,1394.8673,spend50p,1405.7289,1451.3631,1499.2744,1549.0863,1601.1699,1655.6065,1707.9613,1758.1447,1778.1802,1783.7714,1753.5044,1670.9786,1556.2148,1394.1170,1094.7229,0.0000,0.0000,0.0000,0.0000,0.0000,0.0000,0.0000,0.0000,0.0000,0.0000,0.0000,0.0000,0.0000,0.0000,0.0000,0.0000,0.0000,0.0000,0.0000,0.0000,0.0000,0.0000,0.0000,0.0000,0.0000,0.0000,0.0000,0.0000,0.0000,0.0000,0.0000,0.0000,0.0000,0.0000,0.0000,0.0000,0.0000,0.0000,0.0000,0.0000
65,3.0000,No dynamic rebalance,7.0000,19926.6754,1394.8673,spend75p,1415.5543,1481.3146,1556.6312,1632.1935,1714.2636,1808.0627,1904.4692,1979.8897,2039.9946,2108.0809,2148.1292,2143.0388,2083.2293,2014.2815,1903.1199,1834.6005,1691.4633,1580.5516,1475.3072,1290.3253,1127.6156,946.8057,795.2649,0.0000,0.0000,0.0000,0.0000,0.0000,0.0000,0.0000,0.0000,0.0000,0.0000,0.0000,0.0000,0.0000,0.0000,0.0000,0.0000,0.0000,0.0000,0.0000,0.0000,0.0000,0.0000,0.0000,0.0000,0.0000,0.0000,0.0000,0.0000,0.0000,0.0000,0.0000,0.0000
65,3.0000,固定最適比率,7.0000,19926.6754,1394.8673,survival,1.0000,1.0000,1.0000,1.0000,1.0000,0.9995,0.9930,0.9765,0.9380,0.8850,0.8240,0.7485,0.6670,0.5920,0.5255,0.4815,0.4305,0.3905,0.3590,0.3240,0.3045,0.2790,0.2660,0.2470,0.2300,0.2225,0.2135,0.2025,0.1955,0.1880,0.1835,0.1810,0.1780,0.1705,0.1645,0.1600,0.1565,0.1545,0.1520,0.1490,0.1460,0.1410,0.1405,0.1400,0.1380,0.1340,0.1335,0.1305,0.1275,0.1270,0.1260,0.1240,0.1225,0.1205,0.1195
65,3.0000,固定最適比率,7.0000,19926.6754,1394.8673,spend25p,1395.4879,1421.0083,1444.1286,1468.2686,1489.8170,1515.2163,1535.3005,1543.4433,1525.8221,1462.2953,1352.8209,0.0000,0.0000,0.0000,0.0000,0.0000,0.0000,0.0000,0.0000,0.0000,0.0000,0.0000,0.0000,0.0000,0.0000,0.0000,0.0000,0.0000,0.0000,0.0000,0.0000,0.0000,0.0000,0.0000,0.0000,0.0000,0.0000,0.0000,0.0000,0.0000,0.0000,0.0000,0.0000,0.0000,0.0000,0.0000,0.0000,0.0000,0.0000,0.0000,0.0000,0.0000,0.0000,0.0000,0.0000
65,3.0000,固定最適比率,7.0000,19926.6754,1394.8673,spend50p,1405.7289,1451.3631,1499.2744,1549.0863,1601.1699,1655.6065,1707.9613,1758.1447,1778.1802,1783.7714,1753.5044,1670.9786,1556.2148,1394.1170,1094.7229,0.0000,0.0000,0.0000,0.0000,0.0000,0.0000,0.0000,0.0000,0.0000,0.0000,0.0000,0.0000,0.0000,0.0000,0.0000,0.0000,0.0000,0.0000,0.0000,0.0000,0.0000,0.0000,0.0000,0.0000,0.0000,0.0000,0.0000,0.0000,0.0000,0.0000,0.0000,0.0000,0.0000,0.0000,0.0000,0.0000,0.0000,0.0000,0.0000,0.0000
65,3.0000,固定最適比率,7.0000,19926.6754,1394.8673,spend75p,1415.5543,1481.3146,1556.6312,1632.1935,1714.2636,1808.0627,1904.4692,1979.8897,2039.9946,2108.0809,2148.1292,2143.0388,2083.2293,2014.2815,1903.1199,1834.6005,1691.4633,1580.5516,1475.3072,1290.3253,1127.6156,946.8057,795.2649,0.0000,0.0000,0.0000,0.0000,0.0000,0.0000,0.0000,0.0000,0.0000,0.0000,0.0000,0.0000,0.0000,0.0000,0.0000,0.0000,0.0000,0.0000,0.0000,0.0000,0.0000,0.0000,0.0000,0.0000,0.0000,0.0000,0.0000,0.0000,0.0000,0.0000,0.0000,0.0000
65,3.0000,DynamicV1Rebalance,7.0000,19926.6754,1394.8673,survival,1.0000,1.0000,1.0000,1.0000,1.0000,0.9995,0.9930,0.9765,0.9380,0.8840,0.8230,0.7445,0.6665,0.5930,0.5240,0.4800,0.4295,0.3905,0.3575,0.3245,0.3055,0.2800,0.2665,0.2480,0.2320,0.2245,0.2145,0.2045,0.1960,0.1890,0.1855,0.1815,0.1780,0.1725,0.1685,0.1650,0.1605,0.1570,0.1550,0.1525,0.1495,0.1480,0.1460,0.1460,0.1450,0.1415,0.1400,0.1385,0.1375,0.1355,0.1350,0.1330,0.1325,0.1315,0.1315
65,3.0000,DynamicV1Rebalance,7.0000,19926.6754,1394.8673,spend25p,1395.4879,1421.0083,1444.1286,1468.2686,1489.8170,1515.2163,1535.3005,1543.4433,1526.1660,1460.7876,1351.7428,0.0000,0.0000,0.0000,0.0000,0.0000,0.0000,0.0000,0.0000,0.0000,0.0000,0.0000,0.0000,0.0000,0.0000,0.0000,0.0000,0.0000,0.0000,0.0000,0.0000,0.0000,0.0000,0.0000,0.0000,0.0000,0.0000,0.0000,0.0000,0.0000,0.0000,0.0000,0.0000,0.0000,0.0000,0.0000,0.0000,0.0000,0.0000,0.0000,0.0000,0.0000,0.0000,0.0000,0.0000
65,3.0000,DynamicV1Rebalance,7.0000,19926.6754,1394.8673,spend50p,1405.7289,1451.3631,1499.2744,1549.0863,1601.1699,1655.6065,1707.9613,1758.1447,1778.8871,1783.7714,1751.8431,1667.4387,1555.4533,1396.4284,1089.5108,0.0000,0.0000,0.0000,0.0000,0.0000,0.0000,0.0000,0.0000,0.0000,0.0000,0.0000,0.0000,0.0000,0.0000,0.0000,0.0000,0.0000,0.0000,0.0000,0.0000,0.0000,0.0000,0.0000,0.0000,0.0000,0.0000,0.0000,0.0000,0.0000,0.0000,0.0000,0.0000,0.0000,0.0000,0.0000,0.0000,0.0000,0.0000,0.0000,0.0000
65,3.0000,DynamicV1Rebalance,7.0000,19926.6754,1394.8673,spend75p,1415.5543,1481.3146,1556.6312,1632.1935,1714.2636,1808.0627,1904.4692,1979.6004,2041.5356,2108.3952,2146.5431,2138.4785,2080.3189,2017.9279,1903.1199,1831.2235,1690.1465,1580.5516,1467.9009,1293.5396,1136.6581,959.4408,799.1922,0.0000,0.0000,0.0000,0.0000,0.0000,0.0000,0.0000,0.0000,0.0000,0.0000,0.0000,0.0000,0.0000,0.0000,0.0000,0.0000,0.0000,0.0000,0.0000,0.0000,0.0000,0.0000,0.0000,0.0000,0.0000,0.0000,0.0000,0.0000,0.0000,0.0000,0.0000,0.0000
65,3.0000,SpendAwareDPRebalance (R65-aware),7.0000,19926.6754,1394.8673,survival,1.0000,1.0000,1.0000,1.0000,1.0000,0.9995,0.9930,0.9765,0.9380,0.8850,0.8240,0.7485,0.6670,0.5920,0.5255,0.4815,0.4305,0.3905,0.3590,0.3245,0.3055,0.2805,0.2680,0.2490,0.2330,0.2265,0.2180,0.2075,0.1990,0.1925,0.1890,0.1860,0.1825,0.1770,0.1735,0.1705,0.1675,0.1650,0.1630,0.1620,0.1585,0.1565,0.1560,0.1535,0.1520,0.1490,0.1450,0.1440,0.1430,0.1425,0.1425,0.1400,0.1390,0.1390,0.1375
65,3.0000,SpendAwareDPRebalance (R65-aware),7.0000,19926.6754,1394.8673,spend25p,1395.4879,1421.0083,1444.1286,1468.2686,1489.8170,1515.2163,1535.3005,1543.4433,1525.8221,1462.2953,1352.8209,0.0000,0.0000,0.0000,0.0000,0.0000,0.0000,0.0000,0.0000,0.0000,0.0000,0.0000,0.0000,0.0000,0.0000,0.0000,0.0000,0.0000,0.0000,0.0000,0.0000,0.0000,0.0000,0.0000,0.0000,0.0000,0.0000,0.0000,0.0000,0.0000,0.0000,0.0000,0.0000,0.0000,0.0000,0.0000,0.0000,0.0000,0.0000,0.0000,0.0000,0.0000,0.0000,0.0000,0.0000
65,3.0000,SpendAwareDPRebalance (R65-aware),7.0000,19926.6754,1394.8673,spend50p,1405.7289,1451.3631,1499.2744,1549.0863,1601.1699,1655.6065,1707.9613,1758.1447,1778.1802,1783.7714,1753.5044,1670.9786,1556.2148,1394.1170,1094.7229,0.0000,0.0000,0.0000,0.0000,0.0000,0.0000,0.0000,0.0000,0.0000,0.0000,0.0000,0.0000,0.0000,0.0000,0.0000,0.0000,0.0000,0.0000,0.0000,0.0000,0.0000,0.0000,0.0000,0.0000,0.0000,0.0000,0.0000,0.0000,0.0000,0.0000,0.0000,0.0000,0.0000,0.0000,0.0000,0.0000,0.0000,0.0000,0.0000,0.0000
65,3.0000,SpendAwareDPRebalance (R65-aware),7.0000,19926.6754,1394.8673,spend75p,1415.5543,1481.3146,1556.6312,1632.1935,1714.2636,1808.0627,1904.4692,1979.8897,2039.9946,2108.0809,2148.1292,2143.0388,2083.2293,2014.2815,1903.1199,1834.6005,1691.4633,1580.5516,1475.3072,1293.5396,1136.6581,964.6431,845.7258,0.0000,0.0000,0.0000,0.0000,0.0000,0.0000,0.0000,0.0000,0.0000,0.0000,0.0000,0.0000,0.0000,0.0000,0.0000,0.0000,0.0000,0.0000,0.0000,0.0000,0.0000,0.0000,0.0000,0.0000,0.0000,0.0000,0.0000,0.0000,0.0000,0.0000,0.0000,0.0000
