pension_start_age,spend_multiplier,strategy,spending_rule,initial_money,initial_annual_cost,value_type,1,2,3,4,5,6,7,8,9,10,11,12,13,14,15,16,17,18,19,20,21,22,23,24,25,26,27,28,29,30,31,32,33,34,35,36,37,38,39,40,41,42,43,44,45,46,47,48,49,50,51,52,53,54,55
65,0.5000,SpendAwareDPRebalance (R65-aware),1.5000,16692.9697,250.3945,survival,1.0000,1.0000,1.0000,1.0000,1.0000,1.0000,1.0000,1.0000,1.0000,1.0000,1.0000,1.0000,1.0000,1.0000,1.0000,1.0000,1.0000,1.0000,1.0000,1.0000,1.0000,1.0000,1.0000,1.0000,1.0000,1.0000,0.9995,0.9990,0.9980,0.9975,0.9970,0.9945,0.9915,0.9905,0.9890,0.9870,0.9860,0.9860,0.9860,0.9850,0.9830,0.9815,0.9800,0.9795,0.9785,0.9775,0.9770,0.9750,0.9720,0.9700,0.9690,0.9685,0.9675,0.9665,0.9660
65,0.5000,SpendAwareDPRebalance (R65-aware),1.5000,16692.9697,250.3945,spend25p,252.6931,259.4700,266.1696,272.4318,279.1763,285.5810,292.0799,300.1872,307.2179,312.2888,317.6691,321.9614,325.5504,328.7092,333.1027,336.2344,336.2392,337.1979,336.0739,334.3262,311.8848,310.9599,308.7171,310.3270,309.3082,103.1314,97.1256,89.8456,81.0752,72.3082,63.8890,54.2584,44.3199,35.1281,26.9232,19.5215,14.1068,8.7178,4.3421,0.0094,0.0000,-3.3658,-8.0944,-10.2893,-14.2163,-19.6269,-24.8755,-29.7438,-36.3617,-44.3334,-51.9995,-60.7962,-69.9782,-80.1933,-89.7883
65,0.5000,SpendAwareDPRebalance (R65-aware),1.5000,16692.9697,250.3945,spend50p,252.8509,263.2807,274.0971,285.3324,297.6409,309.8529,322.4966,336.8871,351.0636,363.2614,376.6860,388.4990,400.3264,410.8500,421.4742,427.3498,430.1819,431.5991,434.9537,439.5665,414.0060,417.9316,418.9291,420.1340,424.1836,172.1406,166.9953,162.1674,154.0420,143.9024,134.8202,124.0691,112.2970,101.5619,94.3979,86.3416,81.7310,78.7804,75.5981,74.2957,72.0022,70.6238,69.7270,66.7252,61.0100,57.5745,53.1040,46.5692,38.7842,30.2571,20.9621,10.8639,0.9812,0.0000,-5.7807
65,0.5000,SpendAwareDPRebalance (R65-aware),1.5000,16692.9697,250.3945,spend75p,253.0024,267.2282,282.4526,299.0980,317.1453,336.0857,356.9071,377.4918,398.9937,421.4736,444.6119,467.5697,486.0068,506.1291,523.0817,538.9700,551.6699,566.9581,582.0541,589.8206,559.6889,567.3676,579.5513,588.0387,596.1446,274.7842,271.5216,266.7705,261.7066,252.1430,239.4521,227.0706,214.5467,203.8119,197.7817,191.9280,188.8469,185.2739,184.0139,184.3227,186.4262,189.2440,191.3618,192.1661,193.3579,195.1693,192.6169,186.9888,185.3467,180.0661,170.2207,161.4244,153.4176,138.3094,130.7038
65,0.5000,SpendAwareDPRebalance (R65-aware),1.6600,15084.0088,250.3945,survival,1.0000,1.0000,1.0000,1.0000,1.0000,1.0000,1.0000,1.0000,1.0000,1.0000,1.0000,1.0000,1.0000,1.0000,1.0000,1.0000,1.0000,1.0000,1.0000,1.0000,1.0000,0.9995,0.9990,0.9990,0.9985,0.9980,0.9980,0.9960,0.9960,0.9935,0.9925,0.9915,0.9885,0.9865,0.9855,0.9830,0.9820,0.9815,0.9810,0.9795,0.9775,0.9750,0.9735,0.9720,0.9705,0.9685,0.9665,0.9655,0.9625,0.9610,0.9605,0.9600,0.9580,0.9565,0.9550
65,0.5000,SpendAwareDPRebalance (R65-aware),1.6600,15084.0088,250.3945,spend25p,252.6931,259.4700,266.1696,272.4318,279.1763,285.5574,292.0799,300.1872,307.2179,312.2888,317.6691,321.9614,325.5504,328.7092,333.1027,336.2344,336.2392,337.1979,336.0739,334.1718,311.8848,310.2381,307.8172,310.2530,308.2802,102.5554,96.5765,89.3748,80.9121,71.2799,61.9918,53.3182,43.1835,34.3006,25.8460,18.5925,12.2578,7.5674,2.6704,0.0000,-0.0001,-3.9445,-8.5288,-10.7996,-14.5024,-19.7292,-25.0474,-29.8248,-36.3617,-44.5864,-52.1096,-61.0557,-70.0273,-80.1933,-89.7918
65,0.5000,SpendAwareDPRebalance (R65-aware),1.6600,15084.0088,250.3945,spend50p,252.8509,263.2807,274.0971,285.3324,297.6409,309.8529,322.4584,336.8248,351.0636,363.2614,376.6860,388.4990,400.3264,410.7986,421.4742,427.3498,430.1819,431.5991,434.9537,439.5665,414.0060,417.8465,418.5007,419.8343,423.6865,171.6036,166.1387,160.9513,153.3103,142.4891,133.1219,122.4902,110.8978,100.2600,93.0868,85.2207,80.4313,76.2414,74.0274,71.5532,69.3223,67.8198,67.4892,62.7639,58.7541,52.8589,47.9537,42.1489,33.8927,26.9132,18.1165,8.7128,0.0000,0.0000,-5.9473
65,0.5000,SpendAwareDPRebalance (R65-aware),1.6600,15084.0088,250.3945,spend75p,253.0024,267.2173,282.4411,299.0887,317.1453,336.0857,356.9071,377.4918,398.9937,421.4736,444.6119,467.5697,486.0068,506.1291,523.0817,538.9700,551.6480,566.9581,582.0541,589.3251,559.6889,567.2428,578.4700,586.7517,594.9304,272.7280,269.5095,263.7619,258.5483,249.3246,235.1636,223.4310,210.8902,201.3617,194.5267,188.2882,186.1061,181.7622,180.6010,179.1462,182.2187,183.3150,184.7491,187.0169,188.1064,187.8450,184.7119,181.4116,177.8463,170.9589,163.5420,154.0184,147.6521,134.8147,119.1778
65,0.5000,SpendAwareDPRebalance (R65-aware),1.8000,13910.8081,250.3945,survival,1.0000,1.0000,1.0000,1.0000,1.0000,1.0000,1.0000,1.0000,1.0000,1.0000,1.0000,1.0000,1.0000,1.0000,1.0000,1.0000,1.0000,1.0000,1.0000,1.0000,0.9995,0.9990,0.9990,0.9985,0.9980,0.9980,0.9980,0.9970,0.9940,0.9930,0.9920,0.9905,0.9875,0.9845,0.9820,0.9800,0.9790,0.9785,0.9760,0.9740,0.9715,0.9690,0.9680,0.9660,0.9640,0.9620,0.9610,0.9595,0.9575,0.9555,0.9540,0.9515,0.9485,0.9475,0.9455
65,0.5000,SpendAwareDPRebalance (R65-aware),1.8000,13910.8081,250.3945,spend25p,252.6931,259.4700,266.1696,272.3881,279.1763,285.5008,292.0799,300.1872,307.2179,312.2005,317.5820,321.9614,325.5504,328.7092,333.1027,335.8380,336.2392,336.6600,335.6733,334.1718,311.8490,310.0704,307.8172,310.0572,308.0169,102.4318,96.3872,89.5346,80.3304,71.0466,61.8796,52.6158,42.7113,33.4134,24.4815,16.7696,11.1485,5.3906,1.4250,0.0000,-0.3022,-4.8337,-8.8557,-10.9493,-15.1776,-19.8179,-25.3393,-30.7097,-37.5612,-45.1877,-52.8835,-62.1416,-71.3487,-80.9664,-90.6674
65,0.5000,SpendAwareDPRebalance (R65-aware),1.8000,13910.8081,250.3945,spend50p,252.8509,263.2548,274.0927,285.3005,297.6221,309.8050,322.4584,336.7701,350.9134,363.2614,376.6860,387.9271,400.3264,410.6915,420.9356,427.3498,430.0200,431.4857,434.7461,439.2830,413.5236,417.7502,418.5007,419.6147,423.6693,171.3858,165.4105,160.9056,152.6277,141.5405,132.0275,120.4561,109.2671,97.3942,90.3845,82.9079,76.9102,74.0088,70.7147,67.0964,65.2217,64.0583,64.0762,59.3803,55.3312,49.1526,44.4810,37.8679,29.8303,23.1541,12.6926,2.9333,0.0000,0.0000,-7.1816
65,0.5000,SpendAwareDPRebalance (R65-aware),1.8000,13910.8081,250.3945,spend75p,253.0024,267.2173,282.4411,299.0658,317.1453,336.0857,356.9071,377.4008,398.9937,421.2735,444.5812,467.5697,486.0068,506.1291,522.9296,538.9700,551.6480,566.5205,582.0541,588.6525,557.2575,566.3423,578.2854,585.9737,592.0033,270.1110,267.7731,261.4586,252.9269,244.4642,231.7057,220.3826,209.4606,197.5335,191.2487,185.3508,181.7660,177.2728,176.2632,174.8521,175.9589,177.2457,179.7801,182.5151,184.4462,183.1247,181.0339,176.9010,172.2659,163.3237,154.0080,144.7978,134.4151,124.7184,107.6413
65,0.5000,SpendAwareDPRebalance (R65-aware),1.8900,13248.3887,250.3945,survival,1.0000,1.0000,1.0000,1.0000,1.0000,1.0000,1.0000,1.0000,1.0000,1.0000,1.0000,1.0000,1.0000,1.0000,1.0000,1.0000,1.0000,1.0000,1.0000,1.0000,0.9995,0.9990,0.9990,0.9975,0.9970,0.9970,0.9955,0.9940,0.9930,0.9915,0.9910,0.9880,0.9855,0.9820,0.9790,0.9775,0.9755,0.9730,0.9705,0.9670,0.9660,0.9630,0.9620,0.9610,0.9575,0.9555,0.9520,0.9510,0.9475,0.9445,0.9425,0.9400,0.9370,0.9350,0.9335
65,0.5000,SpendAwareDPRebalance (R65-aware),1.8900,13248.3887,250.3945,spend25p,252.6931,259.4588,266.1568,272.2571,279.1763,285.3547,292.0756,300.1549,307.2179,312.2005,317.4380,321.9614,325.5504,328.7092,333.1027,335.3815,335.8152,336.5880,335.6733,334.1718,311.8490,309.8451,307.8172,309.7902,307.5793,102.0680,95.6284,88.6377,80.2226,70.4273,61.4750,51.0954,41.6378,31.9580,22.6686,16.0717,9.8882,3.9081,0.0000,0.0000,-0.5172,-5.2202,-8.9328,-11.7565,-15.4318,-20.1016,-25.8290,-31.6517,-38.9125,-45.5612,-53.3295,-62.4215,-71.6599,-81.1579,-90.8978
65,0.5000,SpendAwareDPRebalance (R65-aware),1.8900,13248.3887,250.3945,spend50p,252.8509,263.2317,274.0364,285.3005,297.5166,309.6762,322.3576,336.6435,350.8077,363.2327,376.5331,387.4741,400.0239,410.6915,420.9356,427.1808,429.8761,431.3344,434.6516,439.2830,413.4130,417.4906,418.5007,419.3662,422.3944,170.9827,164.7015,159.0016,150.8928,140.4731,131.5069,118.9517,108.1714,96.8858,88.2409,81.3901,75.4450,72.5414,69.0789,63.3011,63.5151,61.5029,60.9119,57.3383,52.5932,46.2295,39.7332,34.4260,26.0633,17.9772,8.0004,0.0000,0.0000,0.0000,-7.1816
65,0.5000,SpendAwareDPRebalance (R65-aware),1.8900,13248.3887,250.3945,spend75p,253.0024,267.2010,282.4072,299.0658,317.1135,336.0857,356.9071,377.3929,398.9937,421.2735,444.4272,467.5697,485.9331,506.1291,522.6482,538.9700,551.6480,566.5205,580.7698,588.3740,557.1710,564.8205,576.7378,582.7300,590.9014,269.5233,266.2638,259.9509,252.8336,243.4867,230.6709,218.3402,207.2557,194.8987,188.2303,183.5036,177.6270,174.3966,173.6389,171.8324,173.0851,173.5737,175.3185,178.2888,179.9412,179.7013,176.7107,172.8666,164.5270,154.4504,146.3639,137.6532,124.7627,115.6643,101.3147
65,0.5000,SpendAwareDPRebalance (R65-aware),2.0000,12519.7273,250.3945,survival,1.0000,1.0000,1.0000,1.0000,1.0000,1.0000,1.0000,1.0000,1.0000,1.0000,1.0000,1.0000,1.0000,1.0000,1.0000,1.0000,1.0000,1.0000,1.0000,1.0000,0.9995,0.9995,0.9980,0.9970,0.9945,0.9945,0.9935,0.9920,0.9910,0.9890,0.9875,0.9840,0.9830,0.9810,0.9785,0.9750,0.9705,0.9665,0.9645,0.9625,0.9605,0.9580,0.9535,0.9500,0.9465,0.9430,0.9390,0.9360,0.9345,0.9315,0.9295,0.9285,0.9265,0.9250,0.9230
65,0.5000,SpendAwareDPRebalance (R65-aware),2.0000,12519.7273,250.3945,spend25p,252.6931,259.4086,266.0592,272.1185,279.1156,285.2966,291.9436,299.9650,307.0558,312.0643,317.2525,321.5254,325.4767,328.5541,332.9335,334.8281,335.6332,336.5142,335.3093,334.1718,311.7528,309.8451,306.4697,309.4221,305.3064,101.2653,95.0968,87.8320,78.9114,69.0636,60.0143,49.1832,40.7934,31.8468,22.0725,14.4326,7.3260,2.1411,0.0000,0.0000,-2.0639,-6.1833,-10.6068,-13.6429,-16.7071,-21.3064,-26.8600,-32.7648,-40.1263,-46.4067,-54.3194,-62.7483,-72.1709,-82.1711,-91.9224
65,0.5000,SpendAwareDPRebalance (R65-aware),2.0000,12519.7273,250.3945,spend50p,252.8509,263.1976,274.0188,285.1802,297.4089,309.6408,322.1878,336.6435,350.7150,362.8786,376.4385,386.8644,399.5724,410.6915,420.5976,426.4024,429.5540,431.1175,434.4394,438.7169,413.0625,417.0627,417.7389,418.2016,419.5385,168.9407,163.6873,157.3838,149.1698,139.2898,129.5871,116.4902,105.6478,95.5665,86.6259,79.1622,72.7757,69.5547,64.6766,60.9735,58.2390,57.9915,54.2483,50.3442,45.3493,40.2189,33.7409,26.1226,19.5532,10.4978,1.8753,0.0000,0.0000,0.0000,-8.5097
65,0.5000,SpendAwareDPRebalance (R65-aware),2.0000,12519.7273,250.3945,spend75p,253.0024,267.1799,282.3820,299.0536,317.1135,335.9402,356.3397,377.0897,398.6537,421.1813,443.7043,466.8562,485.7647,505.6268,522.2463,538.1004,550.6837,565.2818,578.5412,586.0125,555.9246,563.8001,575.0476,579.8748,586.0174,266.0515,263.3743,256.3895,247.3147,240.0721,227.9891,213.0719,203.5227,193.4818,184.8091,180.0301,173.7401,169.1872,166.9600,167.9789,168.1979,166.7740,166.4226,169.0201,170.6416,167.8814,164.1557,158.2411,152.2803,143.8850,140.1662,128.2856,116.2122,107.3826,96.9645
65,0.5000,SpendAwareDPRebalance (R65-aware),2.1300,11755.6125,250.3945,survival,1.0000,1.0000,1.0000,1.0000,1.0000,1.0000,1.0000,1.0000,1.0000,1.0000,1.0000,1.0000,1.0000,1.0000,1.0000,1.0000,1.0000,1.0000,1.0000,1.0000,0.9995,0.9990,0.9975,0.9960,0.9955,0.9955,0.9945,0.9940,0.9920,0.9875,0.9860,0.9855,0.9820,0.9770,0.9710,0.9680,0.9635,0.9605,0.9590,0.9550,0.9500,0.9470,0.9425,0.9395,0.9350,0.9320,0.9290,0.9265,0.9235,0.9200,0.9180,0.9150,0.9120,0.9090,0.9080
65,0.5000,SpendAwareDPRebalance (R65-aware),2.1300,11755.6125,250.3945,spend25p,252.6931,259.2960,265.9960,271.8777,278.9584,285.1457,291.7737,299.5117,306.8001,311.5938,317.2051,321.4521,324.4733,328.5541,332.8996,334.1560,335.3633,336.5142,335.3093,333.7714,311.4018,309.3144,305.5809,308.7405,305.7069,100.7764,94.9031,87.7933,78.3832,68.3796,58.7286,48.2872,39.1865,28.6138,19.2606,11.5305,3.8672,0.0000,0.0000,0.0000,-3.2173,-8.1697,-11.2426,-14.5763,-18.3555,-22.9448,-28.6900,-34.0318,-42.0383,-47.5954,-55.5314,-64.5671,-73.0638,-83.4141,-92.8408
65,0.5000,SpendAwareDPRebalance (R65-aware),2.1300,11755.6125,250.3945,spend50p,252.8509,263.0607,273.9742,285.1076,296.9778,309.4099,322.1575,336.3715,350.3300,362.7526,376.1094,386.5863,399.0488,410.4357,420.0079,425.4193,429.2650,429.8538,434.4367,437.4197,412.1878,415.7995,417.1731,416.6738,419.1620,167.6222,161.5281,156.2001,147.4773,137.1760,126.4062,114.1869,103.7086,92.4288,81.5339,75.3900,69.5474,65.0113,60.0173,57.1276,53.6066,51.1038,47.0015,45.7161,40.5279,33.9838,26.8094,20.8738,12.0714,5.0593,0.0000,0.0000,0.0000,-0.7272,-12.5258
65,0.5000,SpendAwareDPRebalance (R65-aware),2.1300,11755.6125,250.3945,spend75p,253.0024,267.1013,282.2151,298.8775,316.7541,335.5446,355.7042,376.3563,397.6120,419.8336,442.6508,464.4345,484.5408,504.2382,520.5105,535.2099,547.9636,562.3370,576.7248,584.4083,553.5796,561.1373,571.3959,573.4915,585.0206,261.9898,258.3511,251.8381,244.4898,232.8745,221.8442,209.0354,194.9776,185.9625,175.7379,170.1884,165.9672,161.3263,160.8674,160.3068,157.7749,157.5141,158.2164,156.9304,154.8091,154.0794,151.2354,145.2050,137.9880,133.4221,126.0373,115.7025,103.0957,94.4509,81.5485
65,0.5000,SpendAwareDPRebalance (R65-aware),2.2200,11279.0336,250.3945,survival,1.0000,1.0000,1.0000,1.0000,1.0000,1.0000,1.0000,1.0000,1.0000,1.0000,1.0000,1.0000,1.0000,1.0000,1.0000,1.0000,1.0000,1.0000,1.0000,1.0000,0.9995,0.9985,0.9960,0.9955,0.9950,0.9950,0.9950,0.9930,0.9900,0.9875,0.9855,0.9845,0.9785,0.9725,0.9640,0.9580,0.9530,0.9495,0.9490,0.9435,0.9405,0.9375,0.9330,0.9275,0.9235,0.9200,0.9170,0.9120,0.9100,0.9075,0.9065,0.9025,0.9020,0.8995,0.8990
65,0.5000,SpendAwareDPRebalance (R65-aware),2.2200,11279.0336,250.3945,spend25p,252.6931,259.2208,265.9075,271.7666,278.7728,285.0648,291.7314,298.7948,306.2575,311.4047,317.0994,320.8876,323.9253,328.2773,332.7497,334.1560,334.9408,335.8204,334.6286,333.7045,310.5824,308.8140,304.2532,307.9958,303.9399,100.2152,94.6057,86.3564,77.0778,67.7319,57.3944,47.5898,37.2594,26.7242,16.8867,8.3740,1.1978,0.0000,0.0000,-0.5826,-5.2674,-9.1345,-12.7233,-16.4103,-19.9536,-25.4434,-30.6513,-36.4324,-43.5165,-49.6513,-57.1847,-66.6845,-74.4879,-83.8533,-93.6295
65,0.5000,SpendAwareDPRebalance (R65-aware),2.2200,11279.0336,250.3945,spend50p,252.8509,263.0271,273.8502,284.9824,296.6885,309.0558,322.0028,336.0778,349.8740,361.8441,375.5401,385.5113,398.3867,409.3389,419.2919,424.7650,427.3288,429.7578,433.6800,435.8615,411.9254,414.6024,414.9431,415.4766,417.2067,165.3897,160.5862,153.4842,145.5887,134.6781,124.1156,112.4799,99.8951,88.4766,79.1161,70.2487,64.3907,59.8537,55.2487,51.1997,48.6928,45.9409,43.1901,38.7310,35.6295,27.8562,21.6379,14.4620,7.4258,0.0000,0.0000,0.0000,0.0000,-1.9055,-12.8792
65,0.5000,SpendAwareDPRebalance (R65-aware),2.2200,11279.0336,250.3945,spend75p,253.0024,267.0055,282.0196,298.6768,316.2517,335.1745,355.2948,375.1823,395.6890,419.0204,441.3431,463.6836,484.0771,503.0980,518.1403,534.8063,546.9564,560.4329,573.0925,582.3277,549.8683,557.0309,567.5733,570.3608,580.5808,259.2989,255.8396,249.9526,240.3532,229.0652,216.2665,205.9256,191.3352,180.3217,170.4594,162.8580,158.1759,153.9530,154.0784,151.4775,150.7303,150.6918,150.8955,145.9053,145.7125,142.9856,141.7239,134.1668,125.9890,121.5676,115.5842,104.2805,94.1451,85.5229,75.2840
65,0.5000,SpendAwareDPRebalance (R65-aware),2.3800,10520.7793,250.3945,survival,1.0000,1.0000,1.0000,1.0000,1.0000,1.0000,1.0000,1.0000,1.0000,1.0000,1.0000,1.0000,1.0000,1.0000,1.0000,1.0000,1.0000,1.0000,1.0000,0.9995,0.9985,0.9975,0.9935,0.9925,0.9915,0.9915,0.9910,0.9895,0.9850,0.9835,0.9815,0.9795,0.9700,0.9610,0.9550,0.9520,0.9485,0.9440,0.9370,0.9325,0.9265,0.9200,0.9155,0.9140,0.9115,0.9085,0.9055,0.9025,0.9000,0.8980,0.8950,0.8940,0.8930,0.8905,0.8895
65,0.5000,SpendAwareDPRebalance (R65-aware),2.3800,10520.7793,250.3945,spend25p,252.6931,259.0106,265.3351,271.1757,277.7596,284.4020,291.1129,298.6078,304.8009,310.8606,316.3637,320.1514,323.0797,327.9584,332.2889,333.8685,334.6027,334.3150,334.3107,331.9382,309.3665,306.2643,302.8410,304.5770,301.7796,97.3692,91.1723,83.8869,73.9466,64.9741,54.7075,44.8238,31.8517,21.7459,12.2137,4.3886,0.0000,0.0000,0.0000,-4.3428,-8.1565,-12.3310,-15.2343,-20.0288,-22.5847,-27.8281,-34.0232,-39.5716,-46.3160,-54.4051,-61.5651,-70.0862,-77.9983,-87.4482,-96.2213
65,0.5000,SpendAwareDPRebalance (R65-aware),2.3800,10520.7793,250.3945,spend50p,252.8509,262.8180,273.5530,284.5505,295.9276,308.3856,321.6362,334.6770,348.7149,361.0918,374.4038,384.6525,395.8172,406.0606,417.1330,423.0166,425.3186,428.8683,431.2215,434.4427,409.5443,410.7788,410.9123,413.2976,413.4446,160.9285,156.6105,150.1734,141.4043,131.4488,120.1886,108.5914,93.1331,81.9333,73.2403,65.2917,58.9123,53.0902,48.4585,43.9043,41.3844,36.5112,33.4727,28.5881,23.9971,18.8359,13.8417,8.2086,0.0418,0.0000,0.0000,0.0000,0.0000,-7.3284,-16.8039
65,0.5000,SpendAwareDPRebalance (R65-aware),2.3800,10520.7793,250.3945,spend75p,253.0024,266.8224,281.6876,298.0750,315.3306,333.7738,353.3778,373.2471,393.7273,415.9881,440.0049,461.3972,479.5764,497.5534,513.5797,528.7468,540.7970,554.9484,563.7557,574.1700,540.5146,550.4209,557.1184,562.5530,567.7371,253.5060,249.0195,242.5122,232.5895,221.1542,207.6046,194.6566,180.3844,168.6286,160.6970,151.5056,148.2703,144.3033,140.1940,137.1901,137.2080,136.3820,133.7271,134.3988,131.9926,129.2331,128.0184,124.7867,117.5527,110.4950,101.9502,92.0666,81.9902,71.5377,60.3156
65,0.5000,SpendAwareDPRebalance (R65-aware),2.5000,10015.7818,250.3945,survival,1.0000,1.0000,1.0000,1.0000,1.0000,1.0000,1.0000,1.0000,1.0000,1.0000,1.0000,1.0000,1.0000,1.0000,1.0000,1.0000,1.0000,1.0000,1.0000,0.9995,0.9985,0.9960,0.9935,0.9920,0.9905,0.9900,0.9895,0.9885,0.9860,0.9830,0.9775,0.9730,0.9640,0.9555,0.9495,0.9435,0.9400,0.9335,0.9280,0.9215,0.9160,0.9100,0.9065,0.9025,0.8995,0.8955,0.8910,0.8880,0.8840,0.8825,0.8800,0.8785,0.8760,0.8755,0.8725
65,0.5000,SpendAwareDPRebalance (R65-aware),2.5000,10015.7818,250.3945,spend25p,252.6931,258.7501,264.7997,270.6247,277.1108,283.6230,290.4475,296.9897,303.7113,310.0193,315.2160,319.3026,322.7631,327.0688,329.6940,332.4260,333.9188,332.9622,332.9048,330.6869,307.5904,304.3967,302.0480,303.4162,300.5901,96.1719,88.7327,81.5857,72.7050,63.8268,52.2686,40.4661,29.0181,18.7538,9.2245,0.6525,0.0000,0.0000,-2.2358,-6.5359,-10.4423,-14.2856,-17.7753,-21.9906,-25.6921,-29.7740,-36.1611,-41.0845,-48.1689,-55.7331,-64.5115,-72.4070,-79.5639,-90.0039,-99.0125
65,0.5000,SpendAwareDPRebalance (R65-aware),2.5000,10015.7818,250.3945,spend50p,252.8509,262.7367,273.0020,283.9529,295.2530,307.6038,320.3566,333.5663,347.1104,359.7429,372.4924,383.2220,395.0146,403.9389,414.3187,421.0490,423.1106,425.1276,429.1269,431.0629,403.9303,405.4696,407.9141,410.7521,409.8054,158.2036,152.7985,145.9643,137.3937,128.0242,115.5345,102.3769,88.3768,77.7735,68.2698,59.0510,52.9446,46.2143,42.9828,38.7616,34.6881,30.5493,26.0084,20.0993,16.2618,10.7135,5.7623,0.0156,0.0000,0.0000,0.0000,0.0000,-1.5402,-12.5670,-23.1946
65,0.5000,SpendAwareDPRebalance (R65-aware),2.5000,10015.7818,250.3945,spend75p,253.0024,266.6354,281.1895,297.4904,314.4562,332.1561,351.6415,371.4197,391.7142,413.2312,437.4748,458.4544,476.4081,492.6853,509.5694,523.3078,536.2089,548.8880,558.5072,567.1528,538.0768,544.7075,550.3625,556.0589,559.1799,246.1659,242.2451,237.0998,227.0318,213.2244,200.5023,184.9335,170.1637,160.3857,150.2560,144.5093,137.7871,134.1100,131.0563,126.5300,126.3863,124.7469,123.5349,123.0418,121.0530,116.2741,113.1381,108.4226,100.1960,92.6576,88.1487,80.9848,68.7220,56.9611,44.7839
65,0.5000,SpendAwareDPRebalance (R65-aware),2.8000,8942.6624,250.3945,survival,1.0000,1.0000,1.0000,1.0000,1.0000,1.0000,1.0000,1.0000,1.0000,1.0000,1.0000,1.0000,1.0000,1.0000,1.0000,1.0000,1.0000,0.9995,0.9980,0.9965,0.9955,0.9935,0.9915,0.9875,0.9850,0.9850,0.9840,0.9825,0.9800,0.9760,0.9685,0.9635,0.9555,0.9500,0.9430,0.9325,0.9280,0.9240,0.9200,0.9150,0.9100,0.9055,0.9025,0.8970,0.8930,0.8895,0.8865,0.8825,0.8815,0.8800,0.8780,0.8755,0.8725,0.8705,0.8690
65,0.5000,SpendAwareDPRebalance (R65-aware),2.8000,8942.6624,250.3945,spend25p,250.4041,255.7506,261.1527,266.6771,272.1960,278.3819,284.5757,290.9269,297.3081,303.1271,308.0102,311.8817,316.2725,319.5198,322.7486,324.0140,325.7675,323.4106,324.0086,322.0523,298.4477,295.3772,294.1065,291.9549,288.3483,82.3934,76.6124,68.7299,59.7852,49.6942,38.8166,28.9919,16.6212,6.5806,0.0000,0.0000,-4.9355,-9.7336,-14.0599,-18.7428,-23.1957,-26.9298,-30.7846,-34.5568,-38.2248,-43.2495,-49.1794,-56.0272,-63.5217,-70.1939,-78.3237,-86.1085,-95.0116,-103.7968,-113.2216
65,0.5000,SpendAwareDPRebalance (R65-aware),2.8000,8942.6624,250.3945,spend50p,250.5620,259.6300,269.2046,279.2598,289.9028,301.6109,313.4849,326.0856,339.1560,350.4270,363.1814,374.1141,384.5162,394.4190,402.9237,407.9020,410.2118,414.2004,415.3012,417.8021,389.2770,391.5726,393.4142,395.1599,393.7440,140.9428,135.8964,129.7154,120.6795,109.6267,97.2322,86.3107,73.4930,61.9253,51.5825,42.2375,35.8464,30.2423,25.4921,19.7958,13.9997,11.0981,7.4595,1.9393,0.0000,0.0000,0.0000,0.0000,0.0000,0.0000,-6.1566,-14.2704,-25.5494,-34.6865,-45.6093
65,0.5000,SpendAwareDPRebalance (R65-aware),2.8000,8942.6624,250.3945,spend75p,250.7134,263.4122,277.2765,292.3552,308.8344,325.8409,342.9971,361.8906,381.9095,403.3021,424.4848,444.7544,460.6499,478.0410,492.8531,506.3525,518.1664,527.0468,534.6711,543.3308,507.5640,515.5907,525.1029,529.7579,537.1181,221.1010,217.6574,209.3395,197.9068,185.4724,171.4539,159.0741,146.3039,132.8799,123.1132,114.2942,107.9739,103.1854,101.1569,96.4569,96.0454,96.3200,94.1086,94.1924,91.8794,88.7308,82.7706,75.7435,71.3584,62.7597,55.6002,46.1801,32.9072,19.7692,9.3116
65,0.5000,SpendAwareDPRebalance (R65-aware),3.0000,8346.4849,250.3945,survival,1.0000,1.0000,1.0000,1.0000,1.0000,1.0000,1.0000,1.0000,1.0000,1.0000,1.0000,1.0000,1.0000,1.0000,1.0000,0.9990,0.9975,0.9970,0.9955,0.9940,0.9910,0.9870,0.9850,0.9795,0.9775,0.9770,0.9745,0.9730,0.9710,0.9665,0.9595,0.9550,0.9485,0.9390,0.9330,0.9250,0.9215,0.9175,0.9145,0.9050,0.8980,0.8930,0.8885,0.8855,0.8830,0.8795,0.8750,0.8725,0.8695,0.8685,0.8660,0.8645,0.8635,0.8605,0.8595
65,0.5000,SpendAwareDPRebalance (R65-aware),3.0000,8346.4849,250.3945,spend25p,250.4041,255.0964,260.0084,264.7341,269.6584,275.6246,281.8188,286.9881,294.0123,299.3477,303.7278,309.3873,313.1469,315.6681,318.3133,320.3504,320.8576,319.2587,319.5448,317.7208,293.0059,288.8796,287.9670,284.3169,281.5405,73.8416,67.4821,60.7996,51.3984,40.8494,30.6605,20.8943,9.5420,0.0000,0.0000,-4.7785,-11.0722,-16.2876,-21.4368,-25.2125,-29.9103,-33.8621,-39.4200,-43.0360,-46.7802,-52.1826,-57.6318,-62.1699,-70.2230,-77.0850,-85.4624,-93.8259,-102.1030,-111.1544,-121.0594
65,0.5000,SpendAwareDPRebalance (R65-aware),3.0000,8346.4849,250.3945,spend50p,250.5620,258.9939,267.7726,277.2873,287.8273,297.9480,310.2720,321.7025,333.0199,345.5238,356.8086,368.6697,378.9000,388.1102,394.4316,399.5619,403.0993,404.7800,407.5347,409.0774,378.7281,378.4482,381.1047,382.0172,381.5273,129.9661,123.3014,115.9733,107.9311,98.3335,85.3950,73.4589,60.8989,48.5192,39.0105,31.3452,24.4415,18.4175,14.4280,8.4622,2.7105,0.0000,0.0000,0.0000,0.0000,0.0000,0.0000,0.0000,-3.7940,-11.0917,-18.0164,-29.1917,-38.9098,-49.1508,-60.0363
65,0.5000,SpendAwareDPRebalance (R65-aware),3.0000,8346.4849,250.3945,spend75p,250.7134,262.8428,276.1310,290.1256,305.7185,321.7288,338.4207,356.4931,376.2187,395.5560,414.9660,433.9673,448.6312,466.0603,479.4488,491.7236,502.8581,512.1993,519.7521,526.2461,490.6961,497.4135,503.9948,511.6833,517.3552,202.5789,198.1433,188.4431,177.7608,166.5841,152.4199,138.5256,125.3692,115.2627,104.5943,97.1825,90.3042,86.3187,83.1458,80.7286,78.4967,75.9593,74.0285,70.8222,70.7964,64.7494,59.4370,53.7069,45.3319,38.1884,29.1823,19.6259,8.5283,0.0000,0.0000
65,0.5000,SpendAwareDPRebalance (R65-aware),3.3300,7519.3557,250.3945,survival,1.0000,1.0000,1.0000,1.0000,1.0000,1.0000,1.0000,1.0000,1.0000,1.0000,1.0000,0.9990,0.9980,0.9980,0.9960,0.9945,0.9920,0.9900,0.9885,0.9850,0.9820,0.9765,0.9705,0.9615,0.9600,0.9590,0.9580,0.9565,0.9540,0.9500,0.9485,0.9455,0.9410,0.9340,0.9240,0.9145,0.9065,0.9020,0.8950,0.8900,0.8850,0.8815,0.8780,0.8750,0.8730,0.8705,0.8680,0.8660,0.8645,0.8615,0.8595,0.8575,0.8570,0.8545,0.8535
65,0.5000,SpendAwareDPRebalance (R65-aware),3.3300,7519.3557,250.3945,spend25p,250.4041,253.7291,257.5099,261.6894,266.0156,271.0468,275.2391,281.5634,286.7212,292.9768,296.3653,302.0350,305.0365,308.0031,310.0995,310.2922,310.5016,310.0384,308.7214,307.2605,280.0325,275.8009,273.0186,267.3664,267.3409,57.7671,51.5937,43.8276,34.9164,25.7765,16.9882,8.0645,0.0000,-0.7416,-9.6638,-16.9402,-23.4102,-27.9710,-32.2826,-37.3820,-41.4339,-46.2380,-50.3082,-55.0631,-59.4278,-65.3578,-71.5862,-76.8533,-83.8142,-90.9544,-99.0381,-106.7644,-115.7294,-124.9731,-135.0700
65,0.5000,SpendAwareDPRebalance (R65-aware),3.3300,7519.3557,250.3945,spend50p,250.5620,257.6569,265.1796,273.7108,282.3738,291.5545,302.8177,313.6703,324.0305,334.8362,345.1592,356.6989,367.1966,373.8751,378.8778,383.0669,386.1370,387.7136,390.3993,389.6965,361.4477,359.9918,359.6014,357.7753,361.1240,109.1680,103.3312,96.4767,87.1461,77.8068,66.5200,55.4431,43.9625,33.2009,22.4706,12.9654,5.3891,0.0000,0.0000,0.0000,0.0000,0.0000,0.0000,-0.5666,-4.5405,-8.8740,-14.3903,-19.1697,-25.8337,-33.1862,-41.5074,-51.3674,-62.6581,-71.3700,-84.9910
65,0.5000,SpendAwareDPRebalance (R65-aware),3.3300,7519.3557,250.3945,spend75p,250.7134,261.6858,273.4603,286.4519,300.3512,314.8366,330.4937,346.8925,364.8582,382.6207,399.4567,413.9840,429.2385,445.3628,457.3185,468.7380,477.4057,484.6614,491.4255,495.0870,459.4660,467.7978,473.1517,476.9982,482.6190,169.2710,165.1312,157.6775,149.1344,138.4981,127.8086,114.4302,101.9828,91.3416,81.3544,71.5133,63.5816,58.9375,53.1479,48.6028,46.1899,45.1486,42.7785,39.7155,35.8630,32.0121,28.3020,19.8986,14.7043,6.2909,0.0000,0.0000,0.0000,0.0000,0.0000
65,0.5000,SpendAwareDPRebalance (R65-aware),3.6600,6841.3810,250.3945,survival,1.0000,1.0000,1.0000,1.0000,1.0000,1.0000,1.0000,1.0000,1.0000,0.9995,0.9985,0.9975,0.9965,0.9930,0.9905,0.9860,0.9840,0.9795,0.9765,0.9710,0.9655,0.9610,0.9560,0.9480,0.9450,0.9440,0.9435,0.9425,0.9425,0.9390,0.9365,0.9345,0.9285,0.9250,0.9205,0.9140,0.9110,0.9055,0.9010,0.8970,0.8930,0.8910,0.8890,0.8870,0.8835,0.8815,0.8795,0.8780,0.8755,0.8740,0.8740,0.8725,0.8715,0.8705,0.8670
65,0.5000,SpendAwareDPRebalance (R65-aware),3.6600,6841.3810,250.3945,spend25p,245.8262,248.1458,250.7494,253.9560,257.7231,261.3728,265.1068,270.5741,275.6985,280.9814,285.1489,287.8769,291.3029,293.6301,296.2692,296.3923,295.1587,293.9698,292.9771,289.6947,263.8021,260.6677,255.4555,250.6826,247.9194,39.3875,33.6727,26.3123,18.0318,8.3052,0.0000,0.0000,-7.6871,-16.7573,-24.3605,-30.9899,-37.4305,-43.8698,-48.6549,-53.0841,-58.0125,-62.7066,-67.2892,-71.3479,-76.0539,-82.2429,-87.6481,-93.7347,-100.8131,-108.5327,-116.4352,-124.0319,-134.1777,-145.1937,-154.7883
65,0.5000,SpendAwareDPRebalance (R65-aware),3.6600,6841.3810,250.3945,spend50p,245.9841,251.9930,258.4593,265.7019,273.4241,281.5146,290.9408,300.5086,310.1735,319.6998,329.8260,339.0564,348.4249,355.1646,360.4118,361.6581,365.2295,366.5378,367.8519,368.8042,338.9830,337.3166,338.0412,337.3543,336.1865,85.5689,79.7447,72.4953,65.6095,55.8216,44.6843,32.9802,22.4168,12.5564,3.4448,0.0000,0.0000,-0.3511,-4.7460,-8.6649,-11.3832,-13.6904,-17.8177,-21.7556,-25.9105,-31.2182,-37.1417,-43.4049,-50.6277,-59.3965,-68.7420,-77.8510,-87.7249,-97.9993,-110.0333
65,0.5000,SpendAwareDPRebalance (R65-aware),3.6600,6841.3810,250.3945,spend75p,246.1355,255.6883,266.3474,277.2230,290.6675,304.4052,317.8147,331.4936,347.6254,363.9562,379.7774,392.7940,405.8090,418.7018,430.2201,438.9737,447.4809,452.4592,456.6270,461.9438,429.6149,431.3723,436.2297,440.8831,447.7741,140.0740,134.6510,128.4879,119.7714,110.5247,100.0957,88.8034,75.4127,62.5948,54.5100,46.1723,39.8547,33.7521,29.7173,24.4208,22.8932,20.2182,17.5435,14.3449,9.2799,5.7646,0.0000,0.0000,0.0000,0.0000,0.0000,0.0000,0.0000,0.0000,0.0000
65,0.5000,SpendAwareDPRebalance (R65-aware),4.0000,6259.8637,250.3945,survival,1.0000,1.0000,1.0000,1.0000,1.0000,1.0000,1.0000,1.0000,1.0000,0.9990,0.9965,0.9945,0.9920,0.9845,0.9805,0.9730,0.9670,0.9600,0.9550,0.9480,0.9455,0.9365,0.9245,0.9185,0.9125,0.9110,0.9105,0.9095,0.9090,0.9080,0.9075,0.9055,0.9045,0.9030,0.8985,0.8945,0.8915,0.8875,0.8850,0.8815,0.8755,0.8745,0.8730,0.8705,0.8700,0.8680,0.8670,0.8660,0.8635,0.8615,0.8605,0.8590,0.8580,0.8565,0.8560
65,0.5000,SpendAwareDPRebalance (R65-aware),4.0000,6259.8637,250.3945,spend25p,245.8262,246.9301,248.2042,250.5512,252.5855,256.5000,259.5087,264.5381,268.3449,272.3503,275.5249,278.8617,280.7911,282.4862,283.9125,281.4918,279.1445,277.6815,273.4624,268.4463,243.3663,238.1208,231.4393,227.6330,223.0802,23.7642,17.1888,10.2433,2.6523,0.0000,0.0000,-6.3804,-16.4426,-25.3554,-32.9871,-40.1676,-46.5652,-51.1560,-57.3211,-61.9512,-66.8397,-71.7369,-76.1015,-80.7066,-85.7046,-90.9556,-96.2816,-103.4240,-111.0251,-119.4047,-127.0685,-137.3547,-146.5301,-157.6871,-170.5169
65,0.5000,SpendAwareDPRebalance (R65-aware),4.0000,6259.8637,250.3945,spend50p,245.9841,250.6336,255.8414,262.1199,268.7596,275.3675,283.3687,291.7243,300.9385,308.7653,318.1797,325.6840,333.8890,338.9065,342.6534,345.6867,348.7208,349.7736,350.9969,350.2581,318.8343,317.2327,315.6690,313.7680,314.9013,69.5100,63.1433,56.9563,48.3876,39.6034,29.4908,19.0074,8.1547,0.0000,0.0000,-0.0978,-7.9055,-13.0667,-17.1993,-21.4025,-24.7499,-29.1554,-32.9378,-35.2526,-40.0809,-45.6471,-51.7484,-58.4908,-66.9604,-75.2802,-83.9110,-94.6539,-104.6466,-115.5468,-125.5368
65,0.5000,SpendAwareDPRebalance (R65-aware),4.0000,6259.8637,250.3945,spend75p,246.1355,254.5007,263.6379,273.5396,285.2036,296.7314,308.8341,322.1580,336.5235,350.3250,364.7803,377.8661,389.4003,399.9953,410.5393,418.4305,424.1962,428.2171,432.0371,438.0748,401.7569,406.8553,407.4002,411.3719,416.0406,114.8760,111.3444,105.5581,97.7929,88.4420,78.1944,66.7896,54.5503,44.6895,35.1768,26.3952,21.4145,16.0505,11.3218,7.5742,3.4341,0.0000,0.0000,0.0000,0.0000,0.0000,0.0000,0.0000,0.0000,0.0000,0.0000,0.0000,-5.3019,-13.4091,-21.6134
65,0.5000,SpendAwareDPRebalance (R65-aware),4.3300,5782.7840,250.3945,survival,1.0000,1.0000,1.0000,1.0000,1.0000,1.0000,1.0000,1.0000,0.9995,0.9970,0.9955,0.9915,0.9830,0.9740,0.9640,0.9605,0.9465,0.9375,0.9275,0.9200,0.9115,0.9010,0.8885,0.8790,0.8695,0.8685,0.8685,0.8675,0.8670,0.8660,0.8655,0.8655,0.8640,0.8625,0.8605,0.8585,0.8560,0.8530,0.8505,0.8470,0.8425,0.8400,0.8390,0.8380,0.8350,0.8340,0.8335,0.8310,0.8295,0.8295,0.8275,0.8275,0.8270,0.8260,0.8260
65,0.5000,SpendAwareDPRebalance (R65-aware),4.3300,5782.7840,250.3945,spend25p,245.8262,246.1982,246.7220,248.3540,249.4076,252.0585,255.0956,258.3672,261.8322,265.3275,267.4874,269.6448,270.4639,271.3764,268.5823,267.4632,264.1160,259.1092,253.4012,247.1498,222.3557,215.8431,209.4651,203.2757,198.7015,7.7768,0.8518,0.0000,0.0000,0.0000,-5.9233,-15.2085,-24.5855,-34.3229,-42.0099,-48.7642,-54.8520,-61.0108,-65.9047,-70.5915,-74.6571,-79.3420,-84.0286,-88.9422,-93.7747,-99.5815,-106.0900,-111.9650,-119.2597,-128.4120,-137.4318,-147.6538,-158.9949,-170.1812,-182.1532
65,0.5000,SpendAwareDPRebalance (R65-aware),4.3300,5782.7840,250.3945,spend50p,245.9841,249.9227,254.1802,259.2789,265.5155,271.2733,277.7917,285.0166,292.4996,299.7750,308.0225,314.7025,320.7328,324.5762,326.7770,331.1893,331.9345,333.8738,332.0391,331.5433,301.8103,298.8722,297.8629,295.6881,292.9463,51.8032,45.8459,38.0556,30.9906,21.9915,13.0896,2.2579,0.0000,0.0000,-1.3558,-8.9359,-14.2628,-20.6244,-26.1008,-30.2184,-34.3494,-38.3941,-42.0019,-46.5235,-51.0313,-56.3141,-62.4073,-69.0325,-78.1658,-86.7810,-95.7643,-104.9885,-114.5027,-124.2139,-134.5496
65,0.5000,SpendAwareDPRebalance (R65-aware),4.3300,5782.7840,250.3945,spend75p,246.1355,253.6060,261.8440,270.6626,280.9627,291.6735,303.3382,314.5257,327.5169,339.3783,352.9343,364.3426,374.5832,383.0870,393.0476,401.1015,403.4851,406.8687,408.2044,410.6359,377.4973,382.3175,381.8283,384.6541,388.6579,94.4309,89.8698,84.3224,75.6984,67.7378,57.6724,46.9027,37.4448,27.4193,18.8489,10.7508,3.6766,0.0000,0.0000,0.0000,0.0000,0.0000,0.0000,0.0000,0.0000,0.0000,0.0000,0.0000,0.0000,0.0000,0.0000,-1.2314,-10.8793,-17.8710,-31.7481
65,0.5000,SpendAwareDPRebalance (R65-aware),4.6600,5373.2735,250.3945,survival,1.0000,1.0000,1.0000,1.0000,1.0000,1.0000,1.0000,1.0000,0.9985,0.9965,0.9920,0.9850,0.9705,0.9580,0.9470,0.9340,0.9140,0.8990,0.8825,0.8710,0.8625,0.8510,0.8400,0.8310,0.8215,0.8215,0.8210,0.8210,0.8210,0.8210,0.8210,0.8195,0.8190,0.8185,0.8180,0.8160,0.8155,0.8130,0.8105,0.8100,0.8090,0.8060,0.8045,0.8020,0.8005,0.8005,0.7990,0.7975,0.7970,0.7965,0.7955,0.7955,0.7950,0.7945,0.7945
65,0.5000,SpendAwareDPRebalance (R65-aware),4.6600,5373.2735,250.3945,spend25p,245.8262,245.8313,245.8568,246.5123,247.2837,249.1311,251.4251,253.7781,257.1506,259.0899,259.7879,261.8501,260.6600,258.7618,256.4727,252.5640,242.9462,237.5253,228.8567,222.5489,198.2498,190.0075,180.6818,174.9219,168.3907,0.0000,0.0000,0.0000,0.0000,-3.9372,-12.3435,-21.7898,-31.3912,-40.0149,-48.1884,-54.7119,-60.5420,-66.7153,-71.3446,-76.0646,-80.3614,-84.4347,-89.5010,-94.3983,-99.3656,-105.0166,-111.5186,-118.0582,-125.3068,-134.3471,-143.5735,-154.6055,-165.9750,-176.3023,-190.1840
65,0.5000,SpendAwareDPRebalance (R65-aware),4.6600,5373.2735,250.3945,spend50p,245.9841,249.4076,253.0188,257.2403,262.7662,267.8084,273.6384,279.9220,286.5497,292.9771,299.7653,305.5127,309.9188,312.0082,314.8272,315.2920,316.2155,317.1174,313.6982,310.1104,280.8805,280.4918,278.0220,276.2596,272.4103,37.0929,30.9008,23.9772,15.7795,7.3277,0.0000,0.0000,0.0000,0.0000,-7.4730,-15.3412,-20.9798,-26.8256,-31.9403,-36.9262,-40.0403,-44.0536,-47.9340,-51.5273,-56.4160,-62.1293,-68.7727,-76.1122,-83.9293,-90.7579,-100.6875,-110.2000,-119.5077,-129.6066,-139.7428
65,0.5000,SpendAwareDPRebalance (R65-aware),4.6600,5373.2735,250.3945,spend75p,246.1355,253.1027,260.6312,269.2397,278.6739,288.7413,298.5563,309.7037,322.4547,333.7350,343.6488,355.4367,364.3437,371.3349,379.4000,385.8808,388.2039,389.2812,389.8276,389.8444,357.0060,357.6127,360.9637,364.3568,366.7765,79.9661,75.7961,69.0321,61.3483,52.2184,42.6936,32.1351,22.7609,13.3112,4.6967,0.0000,0.0000,0.0000,0.0000,0.0000,0.0000,0.0000,0.0000,0.0000,0.0000,0.0000,0.0000,0.0000,0.0000,0.0000,0.0000,0.0000,0.0000,-2.6914,-13.2034
65,0.5000,SpendAwareDPRebalance (R65-aware),5.0000,5007.8909,250.3945,survival,1.0000,1.0000,1.0000,1.0000,1.0000,1.0000,1.0000,0.9995,0.9975,0.9940,0.9875,0.9715,0.9535,0.9370,0.9175,0.8965,0.8770,0.8565,0.8395,0.8205,0.8055,0.7910,0.7760,0.7645,0.7550,0.7545,0.7545,0.7540,0.7540,0.7540,0.7540,0.7540,0.7535,0.7535,0.7530,0.7515,0.7515,0.7495,0.7485,0.7450,0.7435,0.7425,0.7415,0.7415,0.7400,0.7395,0.7395,0.7390,0.7385,0.7385,0.7380,0.7370,0.7370,0.7370,0.7365
65,0.5000,SpendAwareDPRebalance (R65-aware),5.0000,5007.8909,250.3945,spend25p,245.8262,245.6091,245.4151,244.9649,245.8104,247.2940,248.9875,250.6469,252.2614,254.1782,254.5346,253.5607,251.1095,247.7258,241.1178,233.8404,224.7774,215.1437,204.7751,187.7417,161.8801,148.4919,134.1186,116.7344,95.1387,0.0000,0.0000,0.0000,0.0000,-5.6524,-14.5418,-23.9519,-33.1464,-41.6593,-49.2863,-56.7330,-62.9477,-68.1586,-72.9879,-77.5406,-81.7890,-86.4749,-91.3041,-96.8227,-102.0279,-107.8374,-114.8571,-121.2126,-127.6214,-136.7301,-146.2950,-157.2634,-167.3136,-178.8274,-190.4753
65,0.5000,SpendAwareDPRebalance (R65-aware),5.0000,5007.8909,250.3945,spend50p,245.9841,249.2615,252.6751,256.2687,260.7741,265.4237,271.2704,276.0114,281.9563,288.3568,294.2548,296.4512,299.4268,301.2618,302.3313,302.8433,302.1729,298.4409,296.4790,291.2956,264.4276,260.0343,256.8452,254.3758,249.4302,24.7015,18.2192,11.5810,4.2045,0.0000,0.0000,0.0000,0.0000,0.0000,-6.3735,-13.1961,-18.8533,-23.8719,-29.7120,-34.5400,-37.8339,-42.0191,-46.7258,-49.9361,-54.4874,-59.3812,-65.6462,-72.9630,-81.4247,-90.7871,-99.3903,-108.6233,-117.8265,-127.6044,-139.3899
65,0.5000,SpendAwareDPRebalance (R65-aware),5.0000,5007.8909,250.3945,spend75p,246.1355,252.9845,260.1739,268.4990,277.2585,286.9206,296.5770,306.9258,317.9562,328.4181,339.3267,349.5089,354.9421,360.8216,367.1789,370.8048,372.3820,371.7357,370.4961,369.4301,337.8852,341.4730,343.9462,345.6627,345.8826,68.3923,63.6283,56.7682,49.8352,41.3431,31.7791,21.9966,11.9810,2.5213,0.0000,0.0000,0.0000,0.0000,0.0000,0.0000,0.0000,0.0000,0.0000,0.0000,0.0000,0.0000,0.0000,0.0000,0.0000,0.0000,0.0000,0.0000,0.0000,0.0000,0.0000
65,0.7500,SpendAwareDPRebalance (R65-aware),1.5000,24322.7879,364.8418,survival,1.0000,1.0000,1.0000,1.0000,1.0000,1.0000,1.0000,1.0000,1.0000,1.0000,1.0000,1.0000,1.0000,1.0000,1.0000,1.0000,1.0000,1.0000,1.0000,1.0000,1.0000,1.0000,0.9995,0.9995,0.9995,0.9995,0.9995,0.9995,0.9995,0.9990,0.9980,0.9980,0.9975,0.9970,0.9965,0.9960,0.9955,0.9950,0.9950,0.9940,0.9935,0.9910,0.9900,0.9895,0.9890,0.9875,0.9835,0.9780,0.9755,0.9710,0.9690,0.9660,0.9605,0.9580,0.9510
65,0.7500,SpendAwareDPRebalance (R65-aware),1.5000,24322.7879,364.8418,spend25p,368.2848,378.4348,388.6048,397.8930,408.2406,417.6911,427.8128,439.6239,450.4933,457.9749,466.1354,472.6595,478.1519,482.5741,489.2130,493.7531,493.6943,494.2663,492.5425,490.3213,467.8272,465.8152,462.0445,465.3795,462.9919,256.9967,250.6749,243.5550,232.1297,222.3864,212.2191,201.1465,190.0657,181.0476,172.0900,163.3105,159.7328,156.9611,153.4662,149.2177,147.2334,145.0234,145.0208,143.1066,141.1927,135.3023,129.4855,121.8680,116.0395,106.7339,97.8613,86.3245,73.5440,65.8639,52.1322
65,0.7500,SpendAwareDPRebalance (R65-aware),1.5000,24322.7879,364.8418,spend50p,368.4427,383.9060,400.0707,416.7780,435.1303,453.4332,472.0168,493.2780,514.4899,532.6553,552.8093,569.3008,587.7252,602.9484,618.1621,627.5679,631.5402,633.9118,638.0556,644.6542,621.0090,626.8973,628.0946,630.0643,635.8638,384.3971,380.4663,378.2142,368.8077,357.7466,346.0229,336.5757,325.2991,311.5460,309.4650,304.6364,304.2936,305.6218,303.4967,308.5379,314.8065,317.3336,318.5073,323.3781,321.8726,323.1035,320.0922,312.1772,310.7572,303.2938,296.0973,288.9417,275.2280,269.3747,253.3132
65,0.7500,SpendAwareDPRebalance (R65-aware),1.5000,24322.7879,364.8418,spend75p,368.5941,389.6538,412.1956,436.8552,463.6244,491.5218,522.4130,552.7674,584.7837,618.0811,651.8122,686.2165,713.5492,743.1960,767.5959,791.2690,809.7258,831.6703,853.6887,863.5701,836.9727,850.0990,866.5246,878.9605,892.5919,574.9798,571.8066,569.7299,566.9812,560.4149,548.9807,536.5514,528.2461,519.1453,517.9481,514.8799,523.6394,527.0429,534.6358,539.2999,548.4889,561.0734,568.0640,588.2832,601.4387,610.2154,615.3723,615.8009,612.4708,612.2048,610.9373,611.6573,606.3601,594.6969,581.4276
65,0.7500,SpendAwareDPRebalance (R65-aware),1.6600,21978.4228,364.8418,survival,1.0000,1.0000,1.0000,1.0000,1.0000,1.0000,1.0000,1.0000,1.0000,1.0000,1.0000,1.0000,1.0000,1.0000,1.0000,1.0000,1.0000,1.0000,1.0000,1.0000,1.0000,1.0000,0.9995,0.9995,0.9995,0.9995,0.9980,0.9975,0.9975,0.9975,0.9970,0.9970,0.9970,0.9965,0.9955,0.9950,0.9935,0.9930,0.9930,0.9915,0.9910,0.9890,0.9875,0.9865,0.9845,0.9815,0.9765,0.9700,0.9670,0.9600,0.9570,0.9535,0.9490,0.9470,0.9405
65,0.7500,SpendAwareDPRebalance (R65-aware),1.6600,21978.4228,364.8418,spend25p,368.2848,378.3437,388.4847,397.7302,408.2198,417.6262,427.6896,439.5003,450.3032,457.9040,465.6445,472.1417,478.1519,482.3751,489.1927,492.7049,492.8760,494.0663,492.1543,490.3213,467.6291,465.3571,461.3984,465.1982,462.4203,256.3126,249.6566,241.7016,230.9358,221.6674,209.8939,199.5967,189.8719,178.9066,169.8019,162.8171,158.2599,155.8569,151.1764,148.4310,145.5055,142.2376,139.1862,138.5717,134.9870,127.8009,122.5088,112.2165,108.7881,96.3283,84.2533,71.7818,61.6076,52.7940,41.1196
65,0.7500,SpendAwareDPRebalance (R65-aware),1.6600,21978.4228,364.8418,spend50p,368.4427,383.8534,399.9872,416.6892,434.9432,452.9549,471.8224,493.1747,514.0336,532.1668,552.4052,567.9392,586.7322,602.9308,618.1621,626.0767,631.2397,633.1499,637.7983,643.6069,620.1194,625.8366,627.1947,629.4221,635.6103,383.4223,377.9770,376.1638,366.4748,354.8017,343.6932,332.3504,321.3611,309.7726,304.3222,301.5504,297.8008,301.2477,299.8580,301.2718,306.1685,310.1067,310.4859,311.2158,313.7702,311.1007,304.6710,298.1437,291.6655,280.7851,272.7759,266.7999,260.8227,249.8128,236.2342
65,0.7500,SpendAwareDPRebalance (R65-aware),1.6600,21978.4228,364.8418,spend75p,368.5941,389.5978,412.1036,436.7873,463.5111,491.4822,521.6668,552.5228,584.2491,617.4642,650.8985,686.2165,712.9161,742.6700,767.2848,790.1467,808.0740,830.8876,850.0150,860.4378,835.2618,849.1026,863.2933,873.4125,886.7016,568.7673,565.6111,566.8433,560.3891,556.8770,540.2308,527.3586,520.3336,510.4354,506.6584,504.7876,506.5128,512.0814,518.7671,526.2525,538.3743,547.9347,555.5772,568.3562,581.0249,592.0472,591.6822,592.5814,590.8451,588.7829,585.0708,576.9665,569.9469,565.2319,562.1150
65,0.7500,SpendAwareDPRebalance (R65-aware),1.8000,20268.9900,364.8418,survival,1.0000,1.0000,1.0000,1.0000,1.0000,1.0000,1.0000,1.0000,1.0000,1.0000,1.0000,1.0000,1.0000,1.0000,1.0000,1.0000,1.0000,1.0000,1.0000,1.0000,1.0000,1.0000,0.9995,0.9995,0.9980,0.9980,0.9975,0.9975,0.9975,0.9965,0.9965,0.9950,0.9950,0.9940,0.9940,0.9935,0.9935,0.9930,0.9925,0.9915,0.9900,0.9880,0.9850,0.9815,0.9805,0.9755,0.9700,0.9645,0.9595,0.9555,0.9485,0.9455,0.9415,0.9355,0.9255
65,0.7500,SpendAwareDPRebalance (R65-aware),1.8000,20268.9900,364.8418,spend25p,368.2848,378.2548,388.3559,397.4320,407.9430,417.2981,427.3587,438.9650,449.7402,456.9169,465.5494,472.0064,476.5429,482.2788,489.1487,491.1044,492.7953,493.8987,492.1543,489.7731,467.6291,465.1056,460.8730,464.8098,460.9476,255.8944,249.3423,241.0629,230.6926,220.7526,208.8445,196.8255,187.1835,176.8910,167.6933,161.4395,156.6323,155.4143,150.3839,146.6495,141.9253,138.4500,133.2634,130.0199,127.7473,120.9980,114.2236,106.0091,96.9515,86.1010,73.0329,63.0029,49.9667,39.2877,22.1316
65,0.7500,SpendAwareDPRebalance (R65-aware),1.8000,20268.9900,364.8418,spend50p,368.4427,383.7232,399.9524,416.5853,434.2928,452.6778,471.6641,492.8560,513.7656,531.8469,551.9781,567.3296,585.7421,602.4677,616.6588,624.9794,630.4096,630.9923,636.7596,641.8917,618.3435,624.5059,626.7285,628.7617,631.6463,378.5662,374.7906,373.7992,362.2816,350.7213,340.1513,327.6281,317.8855,306.7530,300.2044,297.1984,295.7201,294.1158,297.1890,296.6051,299.8492,304.1165,303.0487,300.7524,301.5178,295.1425,289.6401,283.1195,274.4246,264.0041,257.2738,248.9383,239.9262,229.6313,213.3181
65,0.7500,SpendAwareDPRebalance (R65-aware),1.8000,20268.9900,364.8418,spend75p,368.5941,389.5332,411.9108,436.5899,462.9638,490.7579,520.7066,551.2187,582.6282,615.5583,649.5922,681.9809,711.2872,740.6768,765.1334,787.1343,805.2166,825.1232,844.2551,856.6697,830.4970,842.5400,860.4187,869.8122,881.2519,555.4285,556.8393,554.7176,550.5149,546.1009,529.4502,515.6943,509.8232,499.0808,492.6517,490.4243,491.6205,492.9950,502.8721,510.1346,524.4141,528.1223,532.5296,545.9266,557.2572,564.0107,569.1897,567.5643,559.4808,560.5291,554.6486,548.4036,543.1904,535.8665,529.3834
65,0.7500,SpendAwareDPRebalance (R65-aware),1.8900,19303.8000,364.8418,survival,1.0000,1.0000,1.0000,1.0000,1.0000,1.0000,1.0000,1.0000,1.0000,1.0000,1.0000,1.0000,1.0000,1.0000,1.0000,1.0000,1.0000,1.0000,1.0000,1.0000,1.0000,1.0000,1.0000,0.9995,0.9975,0.9970,0.9965,0.9965,0.9965,0.9965,0.9965,0.9955,0.9945,0.9935,0.9930,0.9930,0.9930,0.9925,0.9910,0.9905,0.9890,0.9865,0.9840,0.9805,0.9750,0.9710,0.9660,0.9620,0.9585,0.9495,0.9440,0.9385,0.9305,0.9270,0.9225
65,0.7500,SpendAwareDPRebalance (R65-aware),1.8900,19303.8000,364.8418,spend25p,368.2848,378.1729,388.2315,396.9403,407.5999,417.1272,427.0772,437.8619,448.7849,456.7638,465.1166,470.8921,475.8482,481.9474,488.6542,490.7974,491.8597,492.9263,491.1900,489.6383,465.9495,463.9716,458.8295,464.6113,459.0305,254.7943,247.8182,239.4559,229.4590,218.6768,207.6629,196.1378,185.5766,175.6690,166.5869,160.5324,155.4250,152.7978,147.7152,143.8261,138.9444,134.1551,131.7882,127.6320,120.2398,115.6846,107.4445,99.8027,89.4412,76.0722,67.2542,55.4584,37.8163,28.2429,17.2471
65,0.7500,SpendAwareDPRebalance (R65-aware),1.8900,19303.8000,364.8418,spend50p,368.4427,383.6105,399.7582,416.2742,433.6889,452.1251,471.5233,492.2453,512.8229,530.8894,550.8691,565.9095,584.5277,601.2332,615.4835,623.6931,627.2961,630.5999,635.7484,638.9239,617.9974,622.7220,624.8806,626.8721,627.3663,375.8513,373.4363,368.3478,359.2666,348.1189,338.6991,326.8199,315.4239,301.3615,297.6683,293.7576,291.2412,290.8881,289.6764,290.2390,292.3873,295.0211,294.8903,296.0338,293.0865,286.6449,280.8647,276.3580,264.9150,256.8413,248.9335,236.7850,223.6020,217.9452,204.4747
65,0.7500,SpendAwareDPRebalance (R65-aware),1.8900,19303.8000,364.8418,spend75p,368.5941,389.3499,411.6452,436.3185,462.4225,490.3478,519.9530,549.4041,579.8094,614.1711,647.3713,680.3503,710.2419,737.7179,760.4067,785.1924,800.2235,820.3615,838.6293,854.0252,824.4822,835.5463,855.2735,867.5730,873.1079,549.9355,552.5431,549.0726,541.9783,534.1788,523.4223,509.6527,495.8398,488.7963,482.5275,480.7806,478.6601,481.3291,488.5512,493.0560,500.6838,512.3187,518.8109,528.6093,538.0059,541.9402,541.1815,542.2260,544.1525,544.9436,536.5796,527.0533,520.0280,517.5156,513.0774
65,0.7500,SpendAwareDPRebalance (R65-aware),2.0000,18242.0910,364.8418,survival,1.0000,1.0000,1.0000,1.0000,1.0000,1.0000,1.0000,1.0000,1.0000,1.0000,1.0000,1.0000,1.0000,1.0000,1.0000,1.0000,1.0000,1.0000,1.0000,1.0000,1.0000,1.0000,1.0000,0.9980,0.9965,0.9965,0.9965,0.9965,0.9965,0.9965,0.9960,0.9950,0.9930,0.9930,0.9925,0.9925,0.9915,0.9915,0.9905,0.9890,0.9880,0.9845,0.9815,0.9775,0.9720,0.9675,0.9630,0.9585,0.9530,0.9450,0.9385,0.9325,0.9240,0.9160,0.9095
65,0.7500,SpendAwareDPRebalance (R65-aware),2.0000,18242.0910,364.8418,spend25p,368.2848,377.8622,387.4705,396.5531,406.5627,416.2805,426.6916,437.7871,447.4716,456.1262,464.3588,470.2664,474.5808,481.7400,488.0941,490.4609,491.4598,491.5505,490.9293,487.9548,464.8048,462.0754,456.7546,462.6867,455.5240,253.0497,245.2783,237.1804,227.6648,216.7647,203.3996,191.0479,180.0814,171.9047,165.1991,157.1159,151.3967,150.1991,145.1271,139.7339,135.4246,130.1241,125.5030,121.6169,115.6878,110.3232,102.3420,93.8987,83.5798,71.8039,57.4015,45.4937,30.3091,13.9227,2.1611
65,0.7500,SpendAwareDPRebalance (R65-aware),2.0000,18242.0910,364.8418,spend50p,368.4427,383.4470,399.5095,415.8235,432.9516,451.4581,470.9042,490.4434,511.2249,530.0269,549.8737,564.5178,581.8879,598.0195,612.8925,621.4226,625.0023,629.7734,633.0618,637.5360,616.4937,619.2289,622.4367,623.3935,625.0043,371.4446,368.4172,361.2015,355.7237,342.8924,333.6232,320.9403,308.2926,296.4104,293.2491,288.6181,283.4927,283.9053,282.3975,281.1892,284.9368,286.8614,285.0458,284.3540,277.7933,271.5003,269.3227,260.5175,251.0334,243.9406,231.6035,222.9815,213.9156,203.6130,191.5128
65,0.7500,SpendAwareDPRebalance (R65-aware),2.0000,18242.0910,364.8418,spend75p,368.5941,389.0945,411.1578,435.6050,461.2350,488.9231,517.3886,547.3028,577.7595,611.1811,646.7116,677.5756,704.9631,733.7001,755.7054,778.8869,795.0023,814.9876,830.5008,843.3200,816.4423,826.7285,845.3017,849.0938,858.7224,544.0990,544.0522,537.9023,531.9769,523.4011,513.5762,500.4806,485.0576,474.5424,470.6586,468.6805,467.3087,469.6247,475.1327,480.9732,486.8260,497.2764,504.1179,506.1580,512.1260,518.0504,520.4461,526.6837,520.1439,512.2989,509.8570,506.5799,497.6988,491.0855,473.1880
65,0.7500,SpendAwareDPRebalance (R65-aware),2.1300,17128.7239,364.8418,survival,1.0000,1.0000,1.0000,1.0000,1.0000,1.0000,1.0000,1.0000,1.0000,1.0000,1.0000,1.0000,1.0000,1.0000,1.0000,1.0000,1.0000,1.0000,1.0000,1.0000,1.0000,0.9995,0.9990,0.9975,0.9965,0.9955,0.9950,0.9940,0.9935,0.9935,0.9935,0.9930,0.9920,0.9905,0.9905,0.9905,0.9900,0.9900,0.9880,0.9875,0.9855,0.9835,0.9785,0.9735,0.9690,0.9610,0.9545,0.9500,0.9420,0.9355,0.9305,0.9255,0.9160,0.9085,0.8965
65,0.7500,SpendAwareDPRebalance (R65-aware),2.1300,17128.7239,364.8418,spend25p,368.2848,377.5959,386.8268,395.5717,405.2563,415.3919,425.4459,436.0292,445.1395,455.0342,462.5368,468.8675,473.8387,480.5717,484.1871,488.7969,490.7907,489.0622,489.5076,485.2664,463.4638,457.5455,455.1633,456.9300,453.5977,249.1843,242.0361,233.4677,221.8630,211.3173,199.0783,187.7431,176.1127,168.0350,158.7271,154.2481,147.5626,145.8853,140.1558,135.1667,130.6932,127.1045,121.0527,116.8020,109.4232,101.2833,91.6340,83.4227,73.1457,60.8906,47.4780,36.8701,21.4586,6.5279,0.0000
65,0.7500,SpendAwareDPRebalance (R65-aware),2.1300,17128.7239,364.8418,spend50p,368.4427,383.2250,398.7588,414.8676,431.7219,450.1415,469.0067,488.6995,508.9335,527.3702,546.0042,562.1927,579.6731,593.3669,607.7694,617.3030,621.2091,625.0283,630.0793,633.4913,608.2489,611.9508,616.9029,618.9974,620.1669,364.3627,360.5177,355.5334,347.3724,338.4473,325.6344,313.3410,301.4492,291.2014,284.0430,279.9038,277.2671,273.7861,270.8526,274.5617,275.1816,273.9535,271.5275,268.6657,263.6658,258.9856,250.6921,244.0890,230.9118,225.3096,218.5798,209.9590,194.4541,187.6325,169.4839
65,0.7500,SpendAwareDPRebalance (R65-aware),2.1300,17128.7239,364.8418,spend75p,368.5941,388.8803,410.5226,434.6428,459.5763,485.8500,514.5108,543.5877,573.0749,605.8908,641.0757,672.6532,699.4731,725.4933,747.9372,769.0852,786.6213,805.7625,819.9334,833.5649,806.4643,821.5756,832.1651,835.2322,844.8571,527.1865,528.9225,526.4641,518.8908,508.4250,495.3877,481.5565,465.0087,457.9545,453.2351,449.6507,447.6485,447.0826,451.7384,456.6740,466.1506,470.6599,472.6704,476.7707,482.8352,485.9574,484.5970,483.5705,479.6567,483.0374,475.4208,471.5169,461.9671,456.9930,445.2763
65,0.7500,SpendAwareDPRebalance (R65-aware),2.2200,16434.3162,364.8418,survival,1.0000,1.0000,1.0000,1.0000,1.0000,1.0000,1.0000,1.0000,1.0000,1.0000,1.0000,1.0000,1.0000,1.0000,1.0000,1.0000,1.0000,1.0000,1.0000,1.0000,1.0000,0.9995,0.9990,0.9965,0.9955,0.9955,0.9945,0.9935,0.9935,0.9935,0.9935,0.9930,0.9920,0.9910,0.9905,0.9905,0.9890,0.9890,0.9885,0.9860,0.9855,0.9815,0.9775,0.9740,0.9675,0.9610,0.9515,0.9460,0.9400,0.9335,0.9260,0.9170,0.9090,0.9050,0.8940
65,0.7500,SpendAwareDPRebalance (R65-aware),2.2200,16434.3162,364.8418,spend25p,368.2848,377.2236,386.2751,394.8574,404.0075,413.8991,424.3431,433.9609,444.4506,452.6693,461.0722,466.4571,472.0947,478.0145,483.5809,486.6199,488.3244,486.8743,487.2583,483.4533,460.5452,456.4344,453.4439,454.3265,452.6694,246.3035,239.3555,230.6121,219.8652,208.7541,197.0910,184.4718,172.9606,164.8758,157.1853,148.2325,142.4790,140.1253,136.9620,129.4507,127.0977,121.0385,116.5367,111.9144,103.4300,95.9862,84.7581,74.0244,65.5200,54.7807,40.1329,26.6349,11.2816,0.0000,0.0000
65,0.7500,SpendAwareDPRebalance (R65-aware),2.2200,16434.3162,364.8418,spend50p,368.4427,382.9117,397.9512,414.2152,430.2859,448.5016,467.1966,486.3107,505.7846,524.9235,543.6332,559.6336,576.1833,589.2469,604.3765,614.1045,616.3538,621.6539,626.1290,630.1650,602.5833,606.4301,610.3508,613.5496,616.3612,357.5444,355.0453,348.3147,340.5481,333.3406,318.1753,305.3599,295.1087,284.7632,276.3683,271.3141,267.5418,263.8850,261.7861,264.4392,265.6672,262.6101,261.4987,257.6631,252.5021,247.3180,238.4207,232.4512,222.2040,213.0476,202.2946,192.8166,181.7818,176.2620,159.8128
65,0.7500,SpendAwareDPRebalance (R65-aware),2.2200,16434.3162,364.8418,spend75p,368.5941,388.6316,409.8246,433.4210,458.4638,484.1404,512.6542,542.3962,572.4724,604.1937,637.5650,668.9592,695.8360,719.8225,743.3697,764.1511,781.2671,798.0771,812.5619,822.9697,793.6860,810.3315,820.9923,819.1007,832.7656,517.4325,519.6592,514.7346,509.9167,495.5219,484.5456,469.0552,455.4358,445.8577,439.3522,433.5103,430.0876,434.9121,435.2457,437.7004,446.5608,447.3241,453.8740,456.6824,457.2919,465.9855,462.0173,465.8292,457.2196,454.6025,452.2161,441.9822,430.7121,428.6965,419.3454
65,0.7500,SpendAwareDPRebalance (R65-aware),2.3800,15329.4882,364.8418,survival,1.0000,1.0000,1.0000,1.0000,1.0000,1.0000,1.0000,1.0000,1.0000,1.0000,1.0000,1.0000,1.0000,1.0000,1.0000,1.0000,1.0000,1.0000,1.0000,1.0000,1.0000,0.9995,0.9980,0.9960,0.9940,0.9935,0.9930,0.9925,0.9915,0.9910,0.9910,0.9910,0.9890,0.9880,0.9875,0.9875,0.9875,0.9865,0.9860,0.9840,0.9815,0.9800,0.9715,0.9685,0.9650,0.9605,0.9525,0.9440,0.9380,0.9300,0.9225,0.9175,0.9105,0.9060,0.8935
65,0.7500,SpendAwareDPRebalance (R65-aware),2.3800,15329.4882,364.8418,spend25p,366.1029,374.3750,382.7744,391.4440,400.0053,409.0816,418.1682,427.6476,437.6783,446.5917,453.6928,460.2952,466.1244,471.1610,475.7507,477.7363,480.6004,477.4138,478.8565,476.8347,453.0372,449.7827,446.5628,444.1299,441.0941,235.1061,226.6631,220.0572,210.5135,198.1883,186.4037,174.0556,162.6718,153.3123,144.6976,137.9148,132.8253,128.4364,124.0983,119.1277,115.2964,112.6694,101.9121,96.7729,92.9957,86.1744,75.9622,64.4705,53.6470,41.0168,27.1936,16.2951,1.9077,0.0000,0.0000
65,0.7500,SpendAwareDPRebalance (R65-aware),2.3800,15329.4882,364.8418,spend50p,366.2607,379.9721,394.3953,409.7683,425.7672,443.0030,461.0322,478.9034,499.5027,517.2223,535.7821,551.8600,567.5768,581.7835,593.9909,601.6855,604.3904,610.6225,612.4231,616.1786,587.9823,593.4470,599.7200,599.0195,601.3520,343.6164,340.0071,332.8384,324.9417,314.8434,304.2538,293.1062,279.1047,268.6326,260.2005,252.2152,247.8104,244.6191,245.7052,245.5867,244.7470,245.7877,240.1854,236.5870,234.5131,227.3736,220.1888,211.4217,200.3788,189.5947,178.5672,169.4637,159.5605,152.9623,135.1118
65,0.7500,SpendAwareDPRebalance (R65-aware),2.3800,15329.4882,364.8418,spend75p,366.4122,385.4408,406.1764,428.8300,453.0841,478.7110,504.3451,532.6610,562.8709,594.5761,626.0165,655.7596,681.2978,704.8819,726.2318,746.8160,764.1089,776.6564,788.2212,803.2167,770.0843,782.1547,791.8143,797.9404,807.3755,493.8671,494.4600,490.6336,480.6618,467.6645,454.9425,441.9832,428.2729,416.2148,410.5469,406.5134,403.7697,403.4997,405.5865,408.9870,411.3702,418.1687,417.6240,423.3276,425.4550,430.7691,430.1886,428.9006,423.1027,416.7203,402.2184,397.5780,389.0796,381.9900,368.3542
65,0.7500,SpendAwareDPRebalance (R65-aware),2.5000,14593.6728,364.8418,survival,1.0000,1.0000,1.0000,1.0000,1.0000,1.0000,1.0000,1.0000,1.0000,1.0000,1.0000,1.0000,1.0000,1.0000,1.0000,1.0000,1.0000,0.9995,0.9995,0.9990,0.9985,0.9970,0.9955,0.9935,0.9930,0.9925,0.9910,0.9905,0.9900,0.9895,0.9895,0.9885,0.9875,0.9865,0.9865,0.9860,0.9860,0.9855,0.9845,0.9845,0.9810,0.9790,0.9735,0.9695,0.9640,0.9595,0.9525,0.9470,0.9395,0.9340,0.9255,0.9170,0.9100,0.8995,0.8920
65,0.7500,SpendAwareDPRebalance (R65-aware),2.5000,14593.6728,364.8418,spend25p,364.8514,372.5016,380.5641,387.9591,396.3985,405.4720,413.7823,423.4915,433.0160,441.4589,448.2253,455.3758,461.6248,465.5216,470.8620,473.6546,474.7647,473.1259,473.3496,469.9124,446.9222,439.9628,438.3690,437.2608,434.8107,226.8295,218.5284,209.7701,201.6749,189.0013,179.0744,166.0844,154.3975,144.7308,135.1596,126.6480,122.9756,118.5470,113.7684,110.5477,107.2656,102.2673,94.6554,91.8965,85.3238,76.1111,66.0102,58.4775,45.9055,36.5712,22.6087,7.7373,0.0000,0.0000,0.0000
65,0.7500,SpendAwareDPRebalance (R65-aware),2.5000,14593.6728,364.8418,spend50p,365.0092,378.0995,391.9429,406.6547,422.1088,438.5590,456.3853,473.9932,491.7375,510.6287,528.0047,544.7872,559.9888,574.4559,585.9411,591.1274,596.8880,601.6185,605.2203,607.2904,577.6826,581.4115,585.9427,587.5408,586.7759,330.7799,326.7352,319.0197,312.0487,300.5807,290.1148,277.7983,266.5929,257.5546,248.8490,240.7276,234.0167,230.9575,230.0624,230.4721,231.1446,227.5720,225.4670,221.0295,215.4640,210.3019,203.6071,196.8146,186.0822,178.5651,166.2328,154.2249,146.8466,133.0698,118.4805
65,0.7500,SpendAwareDPRebalance (R65-aware),2.5000,14593.6728,364.8418,spend75p,365.1607,383.5827,403.8291,424.9717,448.7838,473.6213,499.0404,525.4390,555.7007,586.0665,617.5417,645.4210,667.7410,693.0000,714.2499,732.6329,747.5841,759.5176,774.0275,782.3259,747.0958,760.6116,770.0441,777.9096,787.1614,474.4029,472.9653,467.2241,456.1147,444.5827,429.8978,419.7356,407.6902,396.1145,387.6702,384.3811,382.4342,379.6629,379.4598,385.9877,387.9574,392.9317,395.4098,401.1214,406.6264,408.2812,405.4063,409.5606,397.0620,392.5923,377.2294,365.1501,357.7552,346.7628,337.6712
65,0.7500,SpendAwareDPRebalance (R65-aware),2.8000,13030.0650,364.8418,survival,1.0000,1.0000,1.0000,1.0000,1.0000,1.0000,1.0000,1.0000,1.0000,1.0000,1.0000,1.0000,1.0000,1.0000,0.9995,0.9990,0.9980,0.9975,0.9965,0.9950,0.9940,0.9920,0.9890,0.9875,0.9860,0.9850,0.9835,0.9830,0.9830,0.9825,0.9825,0.9800,0.9800,0.9790,0.9785,0.9775,0.9775,0.9765,0.9755,0.9745,0.9730,0.9715,0.9675,0.9625,0.9590,0.9545,0.9465,0.9395,0.9325,0.9255,0.9170,0.9055,0.8990,0.8950,0.8850
65,0.7500,SpendAwareDPRebalance (R65-aware),2.8000,13030.0650,364.8418,spend25p,364.8514,370.5948,377.5450,383.9609,390.2173,398.1880,405.6026,414.6878,423.6007,430.8606,436.7353,445.1830,450.5926,454.8115,457.5441,458.3660,461.7826,458.0212,458.0954,455.2364,430.3909,425.6853,423.4380,418.9172,416.2170,207.7545,201.9191,192.6595,181.5491,169.9187,157.9591,144.5141,134.5855,125.2336,116.3911,110.0888,103.0905,99.9528,94.0290,90.1521,85.9229,82.4625,77.0797,69.9604,64.0706,56.6181,47.2209,37.6487,27.9917,14.9991,1.6775,0.0000,0.0000,0.0000,0.0000
65,0.7500,SpendAwareDPRebalance (R65-aware),2.8000,13030.0650,364.8418,spend50p,365.0092,376.3353,388.4918,401.6634,415.7596,430.0900,445.7066,463.3853,478.7710,495.9349,510.6885,526.0704,542.5684,554.6529,562.2179,568.3690,573.4807,575.5633,578.4053,580.2531,553.1575,553.8273,553.8626,556.6092,556.6707,304.2553,296.4583,290.8855,279.4813,269.8336,258.4144,246.1684,236.8957,225.7013,215.6736,207.3894,203.0894,199.3739,196.5236,195.7900,193.4321,190.7290,186.6464,183.3136,180.0477,175.0114,165.3074,158.8443,145.3280,138.9216,125.5939,113.7298,102.3936,93.0443,76.1404
65,0.7500,SpendAwareDPRebalance (R65-aware),2.8000,13030.0650,364.8418,spend75p,365.1607,382.0854,400.1995,419.6393,441.6004,463.9229,487.6733,512.9088,539.6255,565.8881,593.3626,617.3825,638.5146,662.1924,679.9356,695.9436,711.0575,722.2370,732.2443,736.2446,704.7825,714.1727,724.5105,731.7105,737.5039,421.7438,419.5585,416.2594,403.3893,394.2714,378.7427,362.7243,350.8292,339.7192,333.1416,325.6137,324.5880,321.8441,324.3545,328.7680,336.6081,340.9069,343.1531,343.5872,337.4320,340.0717,334.7931,329.1481,320.3038,317.7830,305.9700,288.7400,276.8475,268.9552,258.8217
65,0.7500,SpendAwareDPRebalance (R65-aware),3.0000,12161.3940,364.8418,survival,1.0000,1.0000,1.0000,1.0000,1.0000,1.0000,1.0000,1.0000,1.0000,1.0000,1.0000,1.0000,0.9990,0.9985,0.9980,0.9970,0.9960,0.9950,0.9925,0.9910,0.9885,0.9865,0.9845,0.9815,0.9765,0.9755,0.9740,0.9725,0.9715,0.9700,0.9695,0.9690,0.9685,0.9675,0.9665,0.9655,0.9650,0.9640,0.9630,0.9620,0.9605,0.9585,0.9555,0.9510,0.9475,0.9440,0.9380,0.9290,0.9220,0.9175,0.9085,0.8985,0.8910,0.8855,0.8795
65,0.7500,SpendAwareDPRebalance (R65-aware),3.0000,12161.3940,364.8418,spend25p,364.8514,369.5102,374.8910,380.3640,386.0484,393.1114,399.3065,407.9110,415.1908,424.0265,429.9969,437.6741,441.1535,445.1853,450.0463,449.7229,450.5217,448.7893,447.4918,445.3598,418.3788,413.3373,411.3948,405.1123,400.4405,193.1250,185.9286,177.4047,165.7207,153.1807,142.5935,131.4808,121.4575,109.8466,101.3688,92.7981,87.7322,83.3496,77.6349,74.3405,71.2366,66.6842,60.2265,53.1609,47.3714,41.9965,31.9512,21.3346,11.6825,1.4863,0.0000,0.0000,0.0000,0.0000,-8.3238
65,0.7500,SpendAwareDPRebalance (R65-aware),3.0000,12161.3940,364.8418,spend50p,365.0092,374.9992,385.7356,397.5236,410.0285,423.4279,439.2332,454.8768,469.6225,484.7842,500.0545,516.1510,528.1101,538.6212,546.5909,551.0532,556.2553,559.2438,559.8116,558.3328,530.7491,530.5430,534.3835,533.7955,534.6509,279.5406,273.9025,265.7970,258.3644,245.3673,234.5538,224.2684,212.5826,200.9067,191.9726,186.7836,181.5860,177.8685,174.8415,173.0730,170.6755,169.0947,164.6611,161.2914,158.0960,149.8172,142.8467,133.2899,123.2265,114.2427,102.4036,89.1656,78.8456,68.7715,52.7421
65,0.7500,SpendAwareDPRebalance (R65-aware),3.0000,12161.3940,364.8418,spend75p,365.1607,380.9826,398.0569,415.9429,435.7148,456.9225,479.0835,501.7505,526.2707,553.3841,577.7664,598.4774,618.6858,639.7916,658.2487,673.2372,684.2011,693.8932,699.9010,706.1660,674.1642,682.1639,689.2342,695.1659,705.3664,388.9386,381.3443,376.5216,368.4363,359.0147,348.4023,334.6821,320.1588,311.1475,306.0057,294.5232,292.1993,294.2344,296.1175,296.7455,301.6475,304.3048,302.4353,302.5806,302.5024,299.5149,296.1051,284.4488,275.9217,270.3509,262.0156,252.3170,238.4429,226.7921,215.5510
65,0.7500,SpendAwareDPRebalance (R65-aware),3.3300,10956.2108,364.8418,survival,1.0000,1.0000,1.0000,1.0000,1.0000,1.0000,1.0000,1.0000,1.0000,1.0000,0.9995,0.9990,0.9980,0.9965,0.9945,0.9910,0.9875,0.9845,0.9835,0.9800,0.9775,0.9755,0.9705,0.9645,0.9610,0.9585,0.9575,0.9555,0.9550,0.9540,0.9530,0.9520,0.9515,0.9505,0.9505,0.9500,0.9500,0.9495,0.9485,0.9485,0.9475,0.9470,0.9435,0.9410,0.9380,0.9365,0.9335,0.9285,0.9240,0.9215,0.9165,0.9110,0.9040,0.8990,0.8935
65,0.7500,SpendAwareDPRebalance (R65-aware),3.3300,10956.2108,364.8418,spend25p,357.9845,360.8216,364.4455,368.4899,372.4914,377.3718,383.8427,389.9406,397.5628,404.9850,410.1151,415.4174,418.5446,423.2794,426.7932,426.5615,425.2544,423.7794,421.9118,417.2967,389.2833,385.8980,379.1250,373.4950,370.4550,164.3541,156.7762,148.2614,138.2680,127.2715,115.5358,105.3077,92.2294,82.8671,74.4687,67.0572,61.2501,55.8044,50.6633,47.6750,43.7265,38.0030,34.0736,28.6598,23.4296,17.3249,9.1447,0.3324,0.0000,0.0000,0.0000,-4.0298,-13.9738,-25.6802,-36.5479
65,0.7500,SpendAwareDPRebalance (R65-aware),3.3300,10956.2108,364.8418,spend50p,358.1424,366.3118,375.3103,385.5139,395.7812,406.9949,420.2774,433.4320,446.2834,459.6961,474.0268,484.8709,497.6710,508.5357,515.2382,518.4823,521.4536,521.6602,525.8592,526.4106,494.1838,495.0558,496.1843,497.3458,495.3969,242.2054,235.4997,227.9651,220.4453,209.7230,199.0041,187.9566,175.9368,166.9369,157.0457,149.1333,144.7445,140.4129,137.5552,136.0074,134.2036,132.7678,128.6883,126.9533,123.9215,117.1814,110.4513,103.5870,93.2586,84.7956,74.9072,64.4783,46.8050,32.1909,21.1043
65,0.7500,SpendAwareDPRebalance (R65-aware),3.3300,10956.2108,364.8418,spend75p,358.2938,371.7389,386.8584,402.2167,420.8834,440.0703,459.5889,478.5696,502.7070,524.3285,546.6702,565.3266,584.1020,600.4340,615.6046,627.0142,635.6292,640.1011,646.8624,654.6447,620.0275,626.3571,633.4919,638.3738,647.7442,332.8388,327.2849,320.7846,313.9963,305.4523,294.6240,281.5346,271.4743,258.7308,251.8928,245.0451,242.2637,240.9586,238.2662,242.5137,245.4446,247.1650,246.6765,245.8711,245.7669,240.5965,234.0309,230.4368,221.1310,215.5473,204.9009,197.2786,180.7442,173.2595,159.4584
65,0.7500,SpendAwareDPRebalance (R65-aware),3.6600,9968.3557,364.8418,survival,1.0000,1.0000,1.0000,1.0000,1.0000,1.0000,1.0000,1.0000,1.0000,0.9995,0.9985,0.9965,0.9930,0.9920,0.9845,0.9810,0.9775,0.9705,0.9650,0.9590,0.9545,0.9515,0.9465,0.9410,0.9360,0.9345,0.9325,0.9315,0.9305,0.9295,0.9275,0.9275,0.9270,0.9270,0.9270,0.9265,0.9265,0.9265,0.9260,0.9255,0.9250,0.9240,0.9225,0.9220,0.9200,0.9175,0.9140,0.9100,0.9060,0.9015,0.8955,0.8880,0.8830,0.8800,0.8750
65,0.7500,SpendAwareDPRebalance (R65-aware),3.6600,9968.3557,364.8418,spend25p,357.9845,359.0437,360.3658,363.2651,365.4408,369.8087,374.1128,381.0103,385.6823,391.1781,395.9341,399.9257,402.8591,408.2434,407.0244,405.5883,402.7482,399.6290,395.9597,386.8505,360.6353,356.7671,349.1606,343.9308,338.3220,136.5597,128.7214,120.1273,110.6536,100.9996,90.5051,80.7056,68.5700,59.5636,51.6022,43.6689,37.0517,30.8652,25.0838,21.0090,16.7708,11.8916,8.6353,4.2271,0.0000,0.0000,0.0000,0.0000,0.0000,-6.4851,-14.8160,-24.3750,-33.0129,-41.7507,-52.5316
65,0.7500,SpendAwareDPRebalance (R65-aware),3.6600,9968.3557,364.8418,spend50p,358.1424,364.5131,371.5975,379.8147,388.7210,398.3811,408.3664,420.1858,430.8645,442.6223,455.5118,466.2846,476.8219,484.7247,489.2931,491.3520,497.5191,498.0516,498.6495,498.1483,465.7411,463.8702,465.1003,464.6988,464.0040,213.2963,206.3515,198.1305,190.4201,180.8001,171.2484,158.7687,146.8615,135.1560,126.6272,119.6123,112.4368,109.2843,105.7785,102.8652,100.6477,97.9124,96.1484,94.8352,93.3950,87.5255,81.1094,73.6447,64.2450,56.2514,42.9700,28.9373,18.0689,5.3859,0.0000
65,0.7500,SpendAwareDPRebalance (R65-aware),3.6600,9968.3557,364.8418,spend75p,358.2938,370.1257,382.8102,396.2253,412.9966,430.0757,446.1393,465.5952,485.0174,504.7324,524.9282,540.8846,556.8788,572.3086,585.0917,594.6199,601.7736,606.3721,608.3331,612.8898,579.1756,586.3779,589.4330,596.0993,598.4193,290.9483,287.4235,281.4680,274.7682,266.0519,255.5561,244.0523,233.9245,224.1116,217.5389,209.8203,205.8951,203.5837,206.5288,206.1880,208.5309,207.1806,207.4273,206.9037,203.6922,197.0637,194.6140,185.7238,176.6723,169.0326,157.4684,146.7801,136.4047,126.1246,115.9480
65,0.7500,SpendAwareDPRebalance (R65-aware),4.0000,9121.0455,364.8418,survival,1.0000,1.0000,1.0000,1.0000,1.0000,1.0000,1.0000,1.0000,1.0000,0.9990,0.9965,0.9940,0.9890,0.9815,0.9740,0.9675,0.9595,0.9510,0.9420,0.9340,0.9285,0.9215,0.9165,0.9075,0.9000,0.8965,0.8945,0.8930,0.8920,0.8920,0.8915,0.8910,0.8900,0.8900,0.8900,0.8900,0.8890,0.8890,0.8890,0.8890,0.8890,0.8885,0.8875,0.8865,0.8860,0.8845,0.8820,0.8800,0.8770,0.8760,0.8680,0.8650,0.8615,0.8535,0.8495
65,0.7500,SpendAwareDPRebalance (R65-aware),4.0000,9121.0455,364.8418,spend25p,357.9845,358.1878,358.4722,359.9575,361.7708,364.5224,367.9277,372.0968,376.8014,380.9727,382.8316,386.3227,387.7767,388.2061,387.4288,383.4363,381.0294,374.9937,366.6362,358.1764,331.8093,322.4981,315.8856,310.5535,302.7697,111.0580,103.9788,94.3706,85.6224,73.9446,63.1881,53.4028,41.6890,33.1727,25.6603,18.2807,11.6684,6.1528,0.8127,0.0000,0.0000,0.0000,0.0000,0.0000,0.0000,0.0000,-0.4748,-6.7848,-13.7870,-20.4626,-28.0690,-38.2978,-47.9061,-57.2512,-68.0204
65,0.7500,SpendAwareDPRebalance (R65-aware),4.0000,9121.0455,364.8418,spend50p,358.1424,363.4507,369.2923,375.7537,384.0217,391.3861,400.6268,409.8224,419.8682,430.7916,439.8028,449.5019,458.7130,463.3301,465.0606,469.7150,469.6568,472.1496,471.1499,471.1745,438.3560,435.6881,436.5924,433.9849,432.9521,184.8059,177.4138,170.9163,161.1325,150.5264,141.2792,128.9731,119.6712,107.0901,99.4716,90.7428,84.7450,81.7721,78.8822,74.8907,73.1539,70.5539,67.9196,66.7439,64.1699,58.8726,53.2491,44.9063,38.6241,30.5272,18.1109,6.3967,0.0000,0.0000,0.0000
65,0.7500,SpendAwareDPRebalance (R65-aware),4.0000,9121.0455,364.8418,spend75p,358.2938,368.8221,380.1066,392.9980,407.2267,422.0311,438.0621,454.2257,472.4446,488.1892,504.9367,521.8561,535.9708,548.1635,557.0746,565.9485,571.8528,574.0839,576.4622,575.2623,541.2882,546.5541,550.6380,553.6423,556.8612,254.9124,251.5814,245.7020,239.1375,231.2177,222.0975,210.8405,201.8470,192.5923,184.7612,178.4896,173.8508,170.2058,169.0839,170.0291,172.4481,171.4139,173.6577,171.3237,170.1660,166.5958,160.8452,154.4173,145.9211,140.7038,126.0427,117.3929,108.4057,94.3444,78.8090
65,0.7500,SpendAwareDPRebalance (R65-aware),4.3300,8425.9081,364.8418,survival,1.0000,1.0000,1.0000,1.0000,1.0000,1.0000,1.0000,1.0000,0.9995,0.9970,0.9950,0.9900,0.9810,0.9675,0.9560,0.9480,0.9335,0.9180,0.9070,0.8960,0.8820,0.8725,0.8635,0.8515,0.8460,0.8415,0.8380,0.8380,0.8365,0.8360,0.8360,0.8355,0.8355,0.8355,0.8355,0.8355,0.8355,0.8355,0.8355,0.8355,0.8355,0.8355,0.8350,0.8340,0.8340,0.8330,0.8320,0.8305,0.8290,0.8265,0.8215,0.8185,0.8150,0.8085,0.8025
65,0.7500,SpendAwareDPRebalance (R65-aware),4.3300,8425.9081,364.8418,spend25p,357.9845,357.7979,357.5933,357.4437,357.9357,360.5966,363.2673,365.8118,369.8278,371.9690,373.8253,375.3044,375.2546,372.9801,368.6836,364.2823,354.1326,344.9374,336.1580,326.9535,298.0067,287.7710,279.2844,266.0527,262.1846,78.3370,71.1798,63.7236,54.3564,44.4279,35.3762,26.6944,16.4143,8.0546,0.0000,0.0000,0.0000,0.0000,0.0000,0.0000,0.0000,0.0000,0.0000,0.0000,0.0000,-0.9201,-8.5333,-14.2222,-19.6353,-27.0923,-34.7688,-45.0803,-55.4307,-65.0339,-75.9521
65,0.7500,SpendAwareDPRebalance (R65-aware),4.3300,8425.9081,364.8418,spend50p,358.1424,363.0444,367.9220,373.4176,380.3529,387.1627,395.2602,402.9415,411.8370,420.8377,430.1612,438.0610,443.1951,445.7376,447.1857,448.7220,449.7780,450.2111,445.5107,441.7101,409.0187,409.0244,407.6221,401.7427,399.9218,161.2034,153.6300,147.3908,138.8864,127.7460,117.1506,106.2432,93.9008,84.3004,75.1541,68.4884,61.4457,56.6380,53.6735,51.8442,48.6423,46.3013,42.1942,38.4814,35.1395,31.2001,28.2096,20.5753,11.6572,3.7837,0.0000,0.0000,0.0000,0.0000,0.0000
65,0.7500,SpendAwareDPRebalance (R65-aware),4.3300,8425.9081,364.8418,spend75p,358.2938,368.4052,379.0858,391.2270,404.0901,418.0261,431.4721,447.6591,464.6042,479.4661,494.3359,509.2323,521.1745,529.2980,538.6619,543.7159,548.7897,551.7569,553.3786,549.1410,511.5514,513.7349,518.6731,520.9328,524.3709,231.3738,225.6953,221.5545,212.9815,206.8635,195.7883,184.8056,173.7908,164.8422,156.7098,151.6717,146.5514,144.1752,142.6241,142.4529,144.9855,145.4585,146.2513,143.8929,143.6743,140.1812,134.3436,129.8793,120.2016,112.8035,102.7204,90.2687,78.4841,66.4129,51.1161
65,0.7500,SpendAwareDPRebalance (R65-aware),4.6600,7829.2236,364.8418,survival,1.0000,1.0000,1.0000,1.0000,1.0000,1.0000,1.0000,1.0000,0.9985,0.9965,0.9920,0.9845,0.9665,0.9520,0.9380,0.9180,0.8990,0.8840,0.8640,0.8475,0.8300,0.8185,0.8105,0.7970,0.7815,0.7780,0.7750,0.7730,0.7720,0.7710,0.7705,0.7700,0.7700,0.7700,0.7700,0.7695,0.7695,0.7695,0.7695,0.7695,0.7695,0.7695,0.7690,0.7690,0.7690,0.7685,0.7675,0.7655,0.7650,0.7625,0.7610,0.7590,0.7565,0.7500,0.7475
65,0.7500,SpendAwareDPRebalance (R65-aware),4.6600,7829.2236,364.8418,spend25p,357.9845,357.5954,357.0829,356.2868,356.4673,357.6358,360.0954,361.4209,363.1686,365.4874,366.8023,366.5633,362.4620,358.7604,350.3825,341.5625,328.9199,318.2760,306.7309,288.8827,253.3645,238.4968,227.1384,209.6764,190.4269,31.0768,18.7974,10.2134,3.0489,0.0000,0.0000,0.0000,0.0000,0.0000,0.0000,0.0000,0.0000,0.0000,0.0000,0.0000,0.0000,0.0000,0.0000,0.0000,0.0000,-2.5810,-8.4616,-14.6269,-20.7190,-28.5708,-38.0892,-47.4541,-57.6550,-66.3119,-77.7028
65,0.7500,SpendAwareDPRebalance (R65-aware),4.6600,7829.2236,364.8418,spend50p,358.1424,362.8729,367.7378,372.8075,378.5687,384.6852,392.0646,398.9445,406.8313,415.2864,422.9405,428.5774,431.0662,432.3751,431.6600,432.3227,430.6793,427.6354,422.9289,416.5852,386.2403,382.1165,378.8204,373.7101,369.6590,140.5814,134.0825,126.1933,116.9987,105.4844,94.2381,83.1216,72.7197,63.1165,55.3610,48.5169,41.6863,35.9419,31.4275,27.1585,24.0416,20.0051,16.9838,13.0331,8.8407,4.3599,0.0000,0.0000,0.0000,0.0000,0.0000,0.0000,0.0000,0.0000,0.0000
65,0.7500,SpendAwareDPRebalance (R65-aware),4.6600,7829.2236,364.8418,spend75p,358.2938,368.3004,378.6698,390.2358,402.7833,416.1322,431.0975,445.4804,459.9777,473.0258,490.3027,503.0209,511.4176,515.6161,523.2975,527.2537,528.7100,528.8222,525.1767,521.2067,487.0343,491.6215,496.5093,496.8487,497.2194,213.6698,208.1147,204.1559,195.6588,184.3797,174.5505,165.1585,152.1849,143.3421,136.7902,131.6808,125.7605,123.6005,123.5161,121.2459,121.8634,122.6402,120.8583,122.0137,120.7240,116.7468,112.0179,105.1481,98.4540,93.2181,82.9706,71.9142,60.4868,46.9472,35.7565
65,0.7500,SpendAwareDPRebalance (R65-aware),5.0000,7296.8364,364.8418,survival,1.0000,1.0000,1.0000,1.0000,1.0000,1.0000,1.0000,0.9995,0.9975,0.9940,0.9870,0.9705,0.9510,0.9315,0.9110,0.8860,0.8630,0.8375,0.8155,0.7930,0.7730,0.7565,0.7435,0.7305,0.7190,0.7165,0.7150,0.7150,0.7150,0.7145,0.7145,0.7145,0.7145,0.7145,0.7145,0.7145,0.7140,0.7140,0.7140,0.7140,0.7140,0.7140,0.7135,0.7135,0.7130,0.7125,0.7120,0.7105,0.7090,0.7075,0.7060,0.7040,0.7035,0.7000,0.6965
65,0.7500,SpendAwareDPRebalance (R65-aware),5.0000,7296.8364,364.8418,spend25p,357.9845,357.5688,356.9709,355.9207,355.7364,355.9367,357.6065,357.0910,359.7479,360.8919,359.4841,356.1255,350.8527,343.1747,334.4912,319.0582,302.7170,283.5021,259.3680,233.6754,191.6706,154.4880,0.0000,0.0000,0.0000,0.0000,0.0000,0.0000,0.0000,0.0000,0.0000,0.0000,0.0000,0.0000,0.0000,0.0000,0.0000,0.0000,0.0000,0.0000,0.0000,0.0000,0.0000,0.0000,-2.1811,-7.1385,-12.4188,-18.7945,-24.3697,-31.5937,-40.7339,-49.5954,-58.9946,-70.2413,-81.9103
65,0.7500,SpendAwareDPRebalance (R65-aware),5.0000,7296.8364,364.8418,spend50p,358.1424,362.8113,367.5236,372.3908,378.1506,383.6203,390.8240,397.6870,405.2397,412.3023,419.0849,421.3419,422.6207,422.0562,420.2870,415.3847,411.0965,404.5102,397.9222,389.7159,357.6305,350.2860,342.4672,334.5258,329.0084,115.4997,108.6796,101.7869,94.1669,81.3054,70.0712,60.6639,51.1272,41.2419,34.0020,27.0301,19.4280,13.4859,9.6156,6.1976,0.8085,0.0000,0.0000,0.0000,0.0000,0.0000,0.0000,0.0000,0.0000,0.0000,0.0000,0.0000,0.0000,0.0000,0.0000
65,0.7500,SpendAwareDPRebalance (R65-aware),5.0000,7296.8364,364.8418,spend75p,358.2938,368.1920,378.6132,390.0837,402.5834,415.5359,429.4118,442.0567,455.9748,469.6130,483.0571,495.3217,499.9895,506.2377,510.8076,513.1253,511.8151,510.2005,505.0568,499.7076,464.6207,467.8847,468.1326,469.3607,469.1611,194.6230,191.0494,184.5140,176.7346,166.7189,157.8087,147.1059,135.6007,127.0151,119.3323,113.3448,109.7790,105.0560,102.9715,103.3815,102.2139,101.4513,99.9660,98.5026,100.7046,96.3603,92.6747,86.4462,77.6845,69.5917,62.6334,53.1321,40.9200,27.8071,14.7075
65,1.0000,SpendAwareDPRebalance (R65-aware),1.5000,31952.6062,479.2891,survival,1.0000,1.0000,1.0000,1.0000,1.0000,1.0000,1.0000,1.0000,1.0000,1.0000,1.0000,1.0000,1.0000,1.0000,1.0000,1.0000,1.0000,1.0000,1.0000,1.0000,1.0000,1.0000,1.0000,0.9995,0.9995,0.9995,0.9995,0.9995,0.9995,0.9995,0.9990,0.9985,0.9985,0.9980,0.9975,0.9975,0.9965,0.9965,0.9965,0.9960,0.9955,0.9955,0.9950,0.9950,0.9950,0.9950,0.9945,0.9940,0.9930,0.9910,0.9895,0.9890,0.9875,0.9845,0.9785
65,1.0000,SpendAwareDPRebalance (R65-aware),1.5000,31952.6062,479.2891,spend25p,483.8765,497.2076,510.7503,523.0192,536.9399,549.5340,562.8866,578.4993,593.3004,603.0703,613.7984,622.4714,629.1309,636.0336,645.3122,648.0240,650.0343,651.2139,648.9993,645.7880,622.9313,619.5549,614.7943,619.5804,615.5976,411.2856,403.4838,394.1434,383.5520,369.8820,357.9624,345.0458,334.9256,322.8710,315.6949,307.9864,302.4113,301.3158,302.6950,297.8925,295.8135,298.7938,299.0567,302.8335,301.8432,302.5890,296.8917,293.5167,293.2333,287.2026,276.0095,269.4235,262.3737,255.6260,241.4071
65,1.0000,SpendAwareDPRebalance (R65-aware),1.5000,31952.6062,479.2891,spend50p,484.0344,504.4610,525.9149,548.0507,571.9869,596.1672,621.1660,649.3297,676.9042,701.2387,727.2898,747.9839,772.5021,794.8353,813.3037,823.7579,829.4785,832.1308,838.5233,844.2176,824.1811,832.6745,835.9059,838.3489,844.7888,593.1372,589.2536,590.3913,580.0011,564.4787,553.4486,541.5398,529.9728,521.4554,518.6183,514.4433,517.1480,522.1016,527.7485,535.8756,548.9563,560.0312,569.9408,574.2067,583.0508,586.8184,594.4209,595.6895,599.4288,595.9756,591.3131,589.3411,577.4560,572.6302,561.0775
65,1.0000,SpendAwareDPRebalance (R65-aware),1.5000,31952.6062,479.2891,spend75p,484.1858,511.9631,541.7271,574.3358,609.4094,646.1363,686.0830,725.9106,767.7261,811.6331,856.6249,899.4670,938.6553,976.9651,1008.7977,1036.1088,1060.6991,1086.3292,1113.2530,1127.3186,1105.6194,1121.3455,1141.7797,1157.4425,1175.0025,853.2795,860.5847,866.0536,862.6580,860.7711,837.9731,827.0111,820.7891,815.1397,817.8402,818.8621,823.2001,833.4546,856.2691,878.2458,898.2314,919.6072,941.5518,967.7433,981.8453,1008.0781,1026.5837,1040.6399,1049.6024,1058.7407,1061.0101,1083.0314,1100.0426,1087.6093,1093.2379
65,1.0000,SpendAwareDPRebalance (R65-aware),1.6600,28872.8369,479.2891,survival,1.0000,1.0000,1.0000,1.0000,1.0000,1.0000,1.0000,1.0000,1.0000,1.0000,1.0000,1.0000,1.0000,1.0000,1.0000,1.0000,1.0000,1.0000,1.0000,1.0000,1.0000,1.0000,1.0000,0.9995,0.9995,0.9995,0.9990,0.9990,0.9980,0.9980,0.9980,0.9970,0.9970,0.9960,0.9955,0.9955,0.9955,0.9950,0.9950,0.9950,0.9940,0.9930,0.9930,0.9925,0.9925,0.9925,0.9925,0.9905,0.9890,0.9875,0.9860,0.9840,0.9820,0.9790,0.9740
65,1.0000,SpendAwareDPRebalance (R65-aware),1.6600,28872.8369,479.2891,spend25p,483.8765,496.8686,509.8914,521.9561,535.8707,548.6019,561.9534,576.7002,590.4249,601.4993,613.0528,620.7681,626.9015,635.7208,643.4564,647.3815,648.4306,648.8081,647.2278,643.3468,619.8568,615.8870,609.4853,617.6197,610.2378,408.1489,402.0678,391.5490,380.0516,366.3011,356.0809,341.4117,330.5692,317.8307,309.7278,301.0853,298.2980,298.2620,296.3929,293.5906,287.2182,285.1825,289.7223,290.2168,293.3561,291.7860,291.5474,285.7671,282.3581,275.8791,266.3155,258.8325,249.1744,239.2532,225.4201
65,1.0000,SpendAwareDPRebalance (R65-aware),1.6600,28872.8369,479.2891,spend50p,484.0344,504.0825,525.4198,547.3545,570.1559,594.8256,620.6746,646.8529,674.4772,698.7319,724.8723,745.1539,768.2345,789.2839,807.8922,819.7263,824.5263,830.2515,834.9021,840.5217,819.4893,824.4006,831.0289,832.6692,838.2415,584.8297,584.5409,579.6910,568.0321,555.1474,544.6710,534.5456,522.5325,510.5921,505.1814,506.6175,505.7945,509.1352,514.8075,523.9885,531.0108,541.7690,550.5946,554.4977,561.9758,569.4991,569.1428,572.7743,571.4809,570.5885,565.9429,556.6899,552.2500,548.2552,537.9165
65,1.0000,SpendAwareDPRebalance (R65-aware),1.6600,28872.8369,479.2891,spend75p,484.1858,511.5159,540.7602,573.3930,607.5674,644.2075,681.9436,720.8724,761.6045,807.4151,852.7623,894.7041,930.8004,968.6441,997.1451,1028.4352,1048.5070,1075.3871,1100.4212,1114.2546,1090.2063,1106.0594,1132.1143,1132.4307,1150.1671,835.6311,844.6157,844.1124,838.5127,827.7974,820.3292,803.6482,797.6472,787.6613,786.1687,787.2446,796.3654,807.2226,820.8980,843.1749,863.0471,883.5630,899.6521,924.3977,946.1523,966.6326,988.6006,996.3797,1010.3044,1020.1763,1031.7241,1037.9894,1039.6661,1032.7068,1045.1640
65,1.0000,SpendAwareDPRebalance (R65-aware),1.8000,26627.1718,479.2891,survival,1.0000,1.0000,1.0000,1.0000,1.0000,1.0000,1.0000,1.0000,1.0000,1.0000,1.0000,1.0000,1.0000,1.0000,1.0000,1.0000,1.0000,1.0000,1.0000,1.0000,1.0000,1.0000,1.0000,1.0000,1.0000,0.9995,0.9975,0.9970,0.9970,0.9970,0.9970,0.9965,0.9965,0.9955,0.9955,0.9950,0.9950,0.9935,0.9935,0.9930,0.9930,0.9930,0.9925,0.9925,0.9925,0.9925,0.9910,0.9895,0.9885,0.9875,0.9860,0.9835,0.9805,0.9755,0.9685
65,1.0000,SpendAwareDPRebalance (R65-aware),1.8000,26627.1718,479.2891,spend25p,483.8765,496.3655,508.8232,520.7411,533.6317,547.1203,560.5872,575.3936,587.4916,600.4223,610.0800,618.2667,624.4078,634.2233,638.9354,645.0203,646.6038,645.1977,644.4998,640.5161,617.9517,610.9141,606.8844,611.7923,608.2906,402.9335,394.7466,385.7212,375.4607,360.6416,348.7320,333.8603,321.2656,310.7487,302.4329,295.7206,294.3395,292.7892,286.0018,283.3441,280.7890,279.8800,280.4734,284.9905,284.0933,280.8137,278.6871,279.1548,274.3944,266.9068,259.9753,250.3413,236.5746,225.1289,206.0380
65,1.0000,SpendAwareDPRebalance (R65-aware),1.8000,26627.1718,479.2891,spend50p,484.0344,503.7638,524.5875,546.2410,568.3300,592.6090,617.6328,644.0762,670.8240,694.1711,719.7071,741.0671,764.1538,780.5840,801.1307,813.6143,818.4080,823.0730,829.4447,835.3030,810.7089,818.3344,822.2248,828.2342,830.5037,572.7853,570.2296,564.6843,557.8777,546.8611,535.9026,522.9222,511.3119,496.4202,496.1078,496.0441,491.3744,493.6957,496.4965,506.3596,520.6139,526.3875,531.2165,538.2756,545.7137,549.8735,549.8740,554.6818,555.3708,551.2424,537.2788,539.4043,532.5608,526.7464,511.6493
65,1.0000,SpendAwareDPRebalance (R65-aware),1.8000,26627.1718,479.2891,spend75p,484.1858,511.0972,539.8312,571.8810,604.8455,640.3750,678.4737,716.5233,755.9861,799.4059,846.4296,888.9164,923.3287,958.4278,988.2404,1014.7070,1039.0205,1062.8478,1082.8198,1097.0704,1076.5523,1090.4653,1106.4747,1118.9965,1131.6392,814.7249,820.1515,816.7126,809.7980,800.3285,790.4791,771.8773,760.8124,755.9126,758.4370,760.5764,761.9461,777.4264,791.3118,810.8979,826.6362,847.5651,863.4444,879.4262,903.3611,921.6859,942.6960,944.8353,962.9346,972.3891,992.3284,990.3704,985.8591,984.1011,978.2009
65,1.0000,SpendAwareDPRebalance (R65-aware),1.8900,25359.2112,479.2891,survival,1.0000,1.0000,1.0000,1.0000,1.0000,1.0000,1.0000,1.0000,1.0000,1.0000,1.0000,1.0000,1.0000,1.0000,1.0000,1.0000,1.0000,1.0000,1.0000,1.0000,1.0000,1.0000,1.0000,1.0000,0.9990,0.9985,0.9975,0.9970,0.9970,0.9970,0.9965,0.9960,0.9955,0.9955,0.9955,0.9950,0.9940,0.9930,0.9920,0.9920,0.9920,0.9920,0.9920,0.9910,0.9905,0.9900,0.9900,0.9880,0.9870,0.9850,0.9835,0.9825,0.9790,0.9760,0.9670
65,1.0000,SpendAwareDPRebalance (R65-aware),1.8900,25359.2112,479.2891,spend25p,483.8765,495.9124,508.1659,519.5109,531.9880,545.0068,559.0380,572.0093,585.8402,597.0287,606.9786,615.1669,622.9807,630.1440,637.0694,641.5936,644.2579,642.8334,642.2214,637.2271,613.7349,608.4018,604.6635,608.1682,604.2323,399.9471,391.1085,383.5379,371.4200,358.1243,344.3662,328.5101,318.0955,308.1589,298.8004,292.7856,286.6198,288.7848,280.5194,278.6803,275.8589,276.4090,275.8552,272.9484,272.4956,270.9181,273.5394,272.5387,265.2594,257.7158,251.8098,243.2091,229.8761,220.3977,201.7242
65,1.0000,SpendAwareDPRebalance (R65-aware),1.8900,25359.2112,479.2891,spend50p,484.0344,503.2785,523.4066,544.8524,566.4406,590.1720,615.2257,639.8541,666.3676,691.6101,716.1987,737.3279,759.2787,777.2971,793.5130,805.9622,811.1515,818.1714,825.1956,826.8408,802.4170,808.4257,815.6217,820.1299,823.1765,564.3841,560.7639,555.4030,549.6017,539.8219,525.8679,510.1735,497.0220,487.5350,485.8689,486.1622,482.1809,481.0429,480.6968,495.1687,507.6346,511.2131,519.2286,526.3072,532.1926,531.7936,536.3066,538.0269,535.9207,529.9511,522.9357,521.5295,520.6988,514.1148,496.9570
65,1.0000,SpendAwareDPRebalance (R65-aware),1.8900,25359.2112,479.2891,spend75p,484.1858,510.7842,538.8293,569.9594,603.6282,637.4476,674.9008,713.4963,753.0960,794.8168,839.7230,881.8322,917.9541,950.2198,979.7805,1008.3677,1029.2605,1049.9791,1067.9656,1085.5744,1058.8479,1080.7260,1090.8327,1101.8648,1111.3042,797.7650,800.9213,799.4773,794.6206,785.1599,772.3343,752.7948,743.2445,737.0149,736.7319,743.4984,745.1800,751.8468,769.5579,783.0029,809.7655,822.9481,839.6172,850.1162,868.3767,888.2868,905.1775,914.6885,936.9710,951.7429,954.0463,953.0126,949.2124,953.2165,934.6041
65,1.0000,SpendAwareDPRebalance (R65-aware),2.0000,23964.4546,479.2891,survival,1.0000,1.0000,1.0000,1.0000,1.0000,1.0000,1.0000,1.0000,1.0000,1.0000,1.0000,1.0000,1.0000,1.0000,1.0000,1.0000,1.0000,1.0000,1.0000,1.0000,1.0000,1.0000,1.0000,1.0000,0.9990,0.9985,0.9970,0.9970,0.9965,0.9955,0.9955,0.9945,0.9945,0.9945,0.9945,0.9940,0.9940,0.9930,0.9925,0.9915,0.9915,0.9915,0.9910,0.9910,0.9910,0.9905,0.9900,0.9880,0.9860,0.9840,0.9825,0.9815,0.9805,0.9755,0.9685
65,1.0000,SpendAwareDPRebalance (R65-aware),2.0000,23964.4546,479.2891,spend25p,483.8765,495.1784,506.5297,518.3227,530.2379,542.5555,555.6249,567.9384,581.5440,593.4540,602.5454,611.7803,619.7513,625.6426,632.1211,635.7085,638.5609,635.4118,636.4992,634.6952,608.9427,605.8001,601.7876,603.0577,599.7755,394.0307,384.2394,376.9176,361.9913,346.5812,334.7708,319.2217,308.3781,302.7467,291.4784,286.0377,281.3739,278.3146,275.4922,270.6402,271.2871,267.9929,267.0198,264.6590,264.9273,264.1766,265.3296,261.0697,257.0608,248.4228,238.4950,229.4489,222.3043,208.6187,192.8814
65,1.0000,SpendAwareDPRebalance (R65-aware),2.0000,23964.4546,479.2891,spend50p,484.0344,502.5514,521.8338,542.4713,564.3875,587.9010,612.0449,635.3103,662.7599,687.0488,711.2997,731.0162,752.3382,772.2628,787.3276,796.1478,801.9218,810.2342,813.0959,817.3108,790.4355,798.1097,806.4540,806.9018,811.3955,554.0745,549.5839,543.2562,536.5753,527.2971,513.5548,496.1777,487.6122,474.5648,472.3346,470.8943,468.4241,461.5879,468.7805,477.7218,484.2655,491.8040,496.2274,505.2085,511.8843,513.9600,521.4150,522.1990,512.5276,507.4693,500.4019,499.8445,499.6244,488.0606,474.3667
65,1.0000,SpendAwareDPRebalance (R65-aware),2.0000,23964.4546,479.2891,spend75p,484.1858,509.9114,537.7948,567.9323,600.2687,634.4373,669.3686,707.8773,746.7321,790.7690,833.8699,872.0026,906.1123,936.5519,963.8555,992.3325,1015.9726,1029.5640,1049.6335,1067.3707,1041.1574,1053.3440,1065.8132,1077.2418,1091.8932,774.2628,774.6305,777.5491,775.3054,761.4349,748.7666,731.9325,717.6540,712.9724,712.5242,714.9286,718.0113,718.5923,731.4697,752.0470,772.5249,787.4776,801.3341,812.9591,832.8982,851.5067,860.7679,874.3473,883.5556,893.1259,894.9438,902.5582,914.9708,909.5058,900.0197
65,1.0000,SpendAwareDPRebalance (R65-aware),2.1300,22501.8353,479.2891,survival,1.0000,1.0000,1.0000,1.0000,1.0000,1.0000,1.0000,1.0000,1.0000,1.0000,1.0000,1.0000,1.0000,1.0000,1.0000,1.0000,1.0000,1.0000,1.0000,1.0000,1.0000,1.0000,1.0000,0.9990,0.9985,0.9970,0.9970,0.9960,0.9950,0.9950,0.9950,0.9945,0.9945,0.9940,0.9935,0.9935,0.9935,0.9920,0.9920,0.9920,0.9915,0.9915,0.9910,0.9905,0.9900,0.9890,0.9875,0.9875,0.9865,0.9840,0.9815,0.9800,0.9765,0.9745,0.9670
65,1.0000,SpendAwareDPRebalance (R65-aware),2.1300,22501.8353,479.2891,spend25p,479.2987,489.8802,500.5193,510.6197,522.2493,534.3994,545.9156,558.3516,571.3245,582.4111,591.3213,600.5295,609.2897,614.2763,620.9292,623.4674,626.5758,624.5675,624.4915,619.8288,595.0765,589.6772,588.9264,587.3417,583.0510,376.2987,369.1513,359.4746,345.6841,332.5285,319.5679,304.7397,295.0059,287.0273,275.6585,269.2050,266.4132,262.0284,256.6915,255.4984,256.4165,255.0722,253.7146,252.2437,249.0794,249.8112,246.9663,245.0719,238.0243,231.9909,222.3658,208.9334,198.9812,190.5424,173.1955
65,1.0000,SpendAwareDPRebalance (R65-aware),2.1300,22501.8353,479.2891,spend50p,479.4565,497.0253,515.5105,535.1429,556.2598,578.0590,601.2324,624.7234,648.7612,673.6616,698.6216,718.2449,737.4684,757.6481,769.9943,779.7335,785.9271,793.0404,797.5392,800.2770,772.4904,781.2875,786.7208,790.3803,788.7189,534.1843,529.6837,520.3321,512.5195,503.9779,490.2575,476.0515,466.2023,455.3542,447.6031,444.5108,445.5610,441.4964,444.9164,450.9354,458.0488,464.3474,470.3967,476.7032,482.0991,483.7693,489.9563,493.1368,482.2637,476.9934,471.7418,469.8274,461.7835,456.3419,440.5001
65,1.0000,SpendAwareDPRebalance (R65-aware),2.1300,22501.8353,479.2891,spend75p,479.6080,504.2115,531.0662,559.3131,592.0382,624.6036,658.7743,694.2151,732.9386,773.1035,814.9818,852.0708,885.0679,914.0144,941.8536,967.6762,988.2241,1002.4605,1021.7664,1032.7978,998.4686,1015.3103,1025.5244,1038.9561,1057.8832,739.7892,737.7542,740.8449,727.8417,717.6429,702.2492,693.0982,681.5292,678.7358,669.4161,670.5117,667.9166,674.1946,686.4504,706.5304,718.3304,738.0683,747.3783,769.5067,782.3819,795.6716,817.1150,816.0034,823.8288,838.5116,845.2317,848.8916,850.2590,848.8064,836.4331
65,1.0000,SpendAwareDPRebalance (R65-aware),2.2200,21589.5988,479.2891,survival,1.0000,1.0000,1.0000,1.0000,1.0000,1.0000,1.0000,1.0000,1.0000,1.0000,1.0000,1.0000,1.0000,1.0000,1.0000,1.0000,1.0000,1.0000,1.0000,1.0000,1.0000,0.9995,0.9990,0.9985,0.9975,0.9965,0.9965,0.9950,0.9940,0.9935,0.9930,0.9925,0.9925,0.9925,0.9920,0.9920,0.9920,0.9915,0.9905,0.9905,0.9900,0.9895,0.9890,0.9890,0.9890,0.9890,0.9885,0.9875,0.9860,0.9855,0.9830,0.9815,0.9800,0.9765,0.9670
65,1.0000,SpendAwareDPRebalance (R65-aware),2.2200,21589.5988,479.2891,spend25p,479.2987,489.0337,499.2812,509.1071,519.2682,530.9327,542.5931,553.9792,567.5721,577.9977,587.1451,597.3818,602.9516,610.1475,614.8139,619.1124,622.3702,617.4565,618.0603,614.8528,590.7032,585.3299,580.2519,579.8160,577.7530,369.4540,360.7614,351.1777,339.4457,324.2232,312.6103,297.0876,285.9653,275.6591,265.8583,259.7027,255.1631,250.5794,246.5852,247.6208,249.6942,246.3115,244.4826,241.2439,242.8220,240.6546,238.6938,234.6400,229.5225,222.6477,213.0649,202.8228,195.5937,182.4233,161.9415
65,1.0000,SpendAwareDPRebalance (R65-aware),2.2200,21589.5988,479.2891,spend50p,479.4565,496.3998,513.9942,532.7226,553.3563,574.5593,597.4690,620.8336,642.4402,666.9756,689.3034,711.8660,732.1934,749.8168,761.2377,771.6671,778.4009,782.6772,786.6519,790.2069,759.5658,769.1410,770.9579,775.7868,775.8312,518.5589,520.4155,510.9982,501.5782,488.0835,475.7884,461.0809,452.2114,442.1234,437.5401,430.6734,433.2291,427.6604,430.4219,434.7200,441.2345,449.4742,450.4642,455.5913,458.9819,465.3001,471.2773,470.2251,465.1054,463.5409,455.9180,453.4305,448.4325,440.7528,420.4272
65,1.0000,SpendAwareDPRebalance (R65-aware),2.2200,21589.5988,479.2891,spend75p,479.6080,503.7870,529.7316,557.4176,588.0248,620.4295,652.9958,688.3958,727.4899,766.1981,805.1639,841.5583,870.1874,901.4513,927.3933,951.0362,970.6323,985.4443,1002.0068,1015.5976,977.1689,997.6307,1007.3128,1017.0749,1035.5816,714.4482,718.8123,718.8321,703.0698,693.0469,677.6629,669.0018,657.7507,649.6541,643.0920,643.4801,645.3564,651.9211,664.7559,678.0103,691.7661,707.7510,721.2695,732.2244,751.4138,766.7913,780.3608,789.1541,793.6243,805.8119,810.1306,807.5390,813.2738,805.9310,795.7725
65,1.0000,SpendAwareDPRebalance (R65-aware),2.3800,20138.1972,479.2891,survival,1.0000,1.0000,1.0000,1.0000,1.0000,1.0000,1.0000,1.0000,1.0000,1.0000,1.0000,1.0000,1.0000,1.0000,1.0000,1.0000,1.0000,1.0000,1.0000,0.9990,0.9985,0.9980,0.9970,0.9965,0.9945,0.9945,0.9945,0.9935,0.9930,0.9925,0.9920,0.9915,0.9910,0.9910,0.9905,0.9900,0.9895,0.9890,0.9890,0.9885,0.9875,0.9870,0.9870,0.9870,0.9870,0.9870,0.9860,0.9845,0.9835,0.9830,0.9815,0.9790,0.9780,0.9765,0.9690
65,1.0000,SpendAwareDPRebalance (R65-aware),2.3800,20138.1972,479.2891,spend25p,479.2987,487.4313,496.9432,505.6440,514.3243,525.2994,535.6265,546.8788,559.3793,569.6956,576.7952,587.4321,594.9759,601.0684,605.8865,608.0810,609.1823,606.4192,606.7882,601.7765,574.8559,570.4667,569.4657,566.4633,561.0798,352.9857,348.4445,336.1809,324.8903,310.3964,298.6299,280.8420,269.9640,261.1416,250.4548,244.1254,237.7258,234.6983,232.8199,231.1414,233.2555,229.0282,224.2167,224.7691,225.0312,224.0419,219.7829,213.2686,207.6880,201.8617,190.6786,180.4181,171.5711,161.5016,144.5181
65,1.0000,SpendAwareDPRebalance (R65-aware),2.3800,20138.1972,479.2891,spend50p,479.4565,494.9936,511.1904,529.2731,548.5460,567.1339,588.3336,611.9254,632.5413,654.5164,675.8093,696.2646,715.8615,732.3836,745.1670,750.8457,758.0917,764.0096,767.5964,767.7128,739.4848,745.2035,746.3620,750.6559,749.8103,494.2895,489.6268,485.4168,474.1614,463.6400,448.3272,437.1875,426.5359,417.7885,407.9329,403.3973,402.2961,402.3451,404.4148,407.6971,411.1736,416.6827,421.1670,423.3884,427.2501,429.7295,432.0529,432.6094,428.0332,425.7364,422.3884,423.6285,411.3879,400.1963,389.0409
65,1.0000,SpendAwareDPRebalance (R65-aware),2.3800,20138.1972,479.2891,spend75p,479.6080,502.6235,527.0279,553.0485,582.9375,612.4175,644.9636,677.5964,713.4772,750.3734,784.4292,818.2104,845.9735,877.4434,900.3978,922.8068,941.1084,955.2740,970.1601,975.2533,944.7672,955.9354,971.3847,983.9245,995.6414,682.4818,678.8127,671.2935,661.2892,650.4023,635.0505,623.0916,610.5309,602.0985,601.3209,597.1519,601.5660,607.9729,621.9995,632.4630,640.9015,649.7115,667.2656,686.1548,706.7599,721.6504,728.9448,730.3215,735.6452,738.6466,743.6643,734.8855,733.5785,737.7236,730.2884
65,1.0000,SpendAwareDPRebalance (R65-aware),2.5000,19171.5637,479.2891,survival,1.0000,1.0000,1.0000,1.0000,1.0000,1.0000,1.0000,1.0000,1.0000,1.0000,1.0000,1.0000,1.0000,1.0000,1.0000,1.0000,1.0000,0.9995,0.9985,0.9975,0.9970,0.9970,0.9955,0.9945,0.9930,0.9920,0.9910,0.9900,0.9895,0.9885,0.9880,0.9875,0.9870,0.9870,0.9860,0.9855,0.9845,0.9845,0.9835,0.9835,0.9825,0.9825,0.9825,0.9825,0.9825,0.9825,0.9815,0.9810,0.9800,0.9790,0.9775,0.9745,0.9725,0.9705,0.9640
65,1.0000,SpendAwareDPRebalance (R65-aware),2.5000,19171.5637,479.2891,spend25p,479.2987,486.5375,494.9057,502.8574,511.2879,521.3481,530.5126,542.1911,552.4406,563.0306,570.6108,582.1302,587.7580,593.1671,598.7931,600.1572,600.6847,598.4622,597.5845,595.7152,568.1504,562.7122,560.4703,556.5093,552.4276,342.0130,336.8622,324.1917,311.2829,296.1485,283.5705,269.6742,257.6428,245.3548,236.6220,228.7534,223.1431,221.8835,218.9001,217.1670,214.4777,212.8462,209.5148,209.2651,209.2567,208.7373,203.4525,197.6871,188.8490,182.3718,172.7021,164.0069,154.4235,144.0573,129.2457
65,1.0000,SpendAwareDPRebalance (R65-aware),2.5000,19171.5637,479.2891,spend50p,479.4565,494.1033,509.2725,526.0066,543.3810,561.9090,582.7948,604.2747,624.7621,646.4449,666.1172,685.5090,704.8624,720.3321,731.0043,739.1182,745.2154,746.9602,750.1064,750.8041,723.5799,726.7891,726.9013,730.7722,730.7840,476.2163,469.1483,463.5662,453.9873,441.4864,429.4769,416.6649,406.5878,394.7619,387.7446,382.1210,379.3002,380.5311,381.4877,385.3833,388.6569,390.8159,391.3770,395.6035,400.1430,404.8169,403.2321,405.7742,398.8382,401.2139,395.5071,392.4600,384.5725,374.2859,361.9679
65,1.0000,SpendAwareDPRebalance (R65-aware),2.5000,19171.5637,479.2891,spend75p,479.6080,501.4139,524.9703,550.2794,578.0062,605.9662,635.9450,668.7147,704.1831,738.9581,771.5917,800.8488,826.8811,858.1922,883.9927,906.5193,920.7166,935.9181,947.0812,951.9568,916.6234,930.3169,946.3074,952.6482,966.5047,647.7346,647.0165,644.8294,631.9916,623.6734,607.6368,593.8999,580.0657,576.5781,570.9208,570.4152,571.2630,576.1090,579.8185,589.7246,605.6395,619.0417,629.9875,649.1668,663.8187,676.8082,679.2679,685.7767,686.9078,690.1995,686.1710,678.8102,682.7259,678.9106,669.0890
65,1.0000,SpendAwareDPRebalance (R65-aware),2.8000,17117.4676,479.2891,survival,1.0000,1.0000,1.0000,1.0000,1.0000,1.0000,1.0000,1.0000,1.0000,1.0000,1.0000,1.0000,0.9995,0.9985,0.9985,0.9980,0.9970,0.9960,0.9945,0.9920,0.9915,0.9905,0.9885,0.9870,0.9855,0.9840,0.9830,0.9805,0.9795,0.9780,0.9770,0.9770,0.9765,0.9765,0.9755,0.9750,0.9745,0.9740,0.9740,0.9730,0.9730,0.9720,0.9720,0.9715,0.9715,0.9715,0.9715,0.9705,0.9700,0.9690,0.9680,0.9670,0.9665,0.9655,0.9595
65,1.0000,SpendAwareDPRebalance (R65-aware),2.8000,17117.4676,479.2891,spend25p,478.7938,483.6055,488.7384,494.6192,500.7996,507.8679,515.8265,526.6062,535.3927,543.7935,551.5443,558.1345,563.4380,569.4809,574.8962,576.5945,575.0065,574.6806,570.1798,565.5591,538.5216,534.4791,528.8263,522.3604,519.4642,310.2935,301.3743,290.3961,276.9161,262.4895,249.4745,236.6858,223.3064,214.2570,203.6450,197.2766,192.6936,186.4138,182.8343,179.8145,178.6969,176.2805,172.3841,171.9229,167.1171,162.7612,161.7357,154.5646,147.9429,139.2117,131.2779,123.5572,114.8648,103.0137,87.5284
65,1.0000,SpendAwareDPRebalance (R65-aware),2.8000,17117.4676,479.2891,spend50p,478.9516,490.8852,503.5794,517.7542,531.0677,547.5808,566.0410,584.3834,602.1579,620.3440,638.2855,654.6729,669.7598,683.4888,693.8005,700.1657,706.8138,707.6561,710.0524,707.1807,678.5586,677.9566,682.2405,684.1742,685.6265,428.6532,422.5374,415.5306,404.4669,393.2934,382.0907,367.5929,356.9890,346.7676,337.1946,332.2449,328.4103,326.9362,330.5631,327.5487,334.9649,335.7463,337.1867,340.9933,346.8173,351.5035,349.2503,347.0834,343.1641,337.6817,332.7905,328.8416,322.9173,315.4136,304.0403
65,1.0000,SpendAwareDPRebalance (R65-aware),2.8000,17117.4676,479.2891,spend75p,479.1031,498.1651,519.0775,540.5888,566.2451,592.0635,617.9625,644.8145,676.6197,707.0530,737.3085,764.1826,788.4953,811.3418,832.8994,847.9830,856.6377,869.7089,871.4498,882.7627,857.3895,863.6954,873.8264,878.3698,891.9376,570.6667,567.3457,559.2328,554.4292,547.5861,533.6829,521.2789,509.0175,503.5303,498.9531,493.6314,491.5166,497.5043,507.7597,512.8719,523.1652,535.8449,545.6143,553.1001,565.4122,571.0154,582.3777,584.3587,582.7955,586.6967,587.1437,578.9638,582.5687,584.3497,573.2158
65,1.0000,SpendAwareDPRebalance (R65-aware),3.0000,15976.3031,479.2891,survival,1.0000,1.0000,1.0000,1.0000,1.0000,1.0000,1.0000,1.0000,1.0000,1.0000,1.0000,0.9995,0.9990,0.9985,0.9980,0.9955,0.9935,0.9910,0.9870,0.9865,0.9845,0.9835,0.9815,0.9780,0.9755,0.9735,0.9725,0.9715,0.9705,0.9690,0.9680,0.9670,0.9660,0.9650,0.9650,0.9640,0.9640,0.9630,0.9630,0.9630,0.9620,0.9620,0.9620,0.9620,0.9620,0.9610,0.9605,0.9595,0.9595,0.9595,0.9585,0.9575,0.9565,0.9560,0.9515
65,1.0000,SpendAwareDPRebalance (R65-aware),3.0000,15976.3031,479.2891,spend25p,470.1429,473.4507,476.9510,482.1216,487.1956,493.6901,500.5077,508.8082,517.7473,525.4366,532.1644,540.0177,543.0174,548.0994,553.7548,553.1082,551.3325,551.5713,544.1401,540.0163,513.2399,508.3532,502.3629,496.5433,490.6246,283.9008,274.2552,267.2159,254.2585,240.7269,228.7460,212.2919,202.0769,189.7157,181.0774,173.9645,167.7707,162.9666,160.2908,156.1355,155.1825,151.0161,150.4018,146.3395,142.0932,136.1672,133.4460,125.7150,120.8369,115.4682,106.1474,97.9917,89.4046,77.8654,62.0390
65,1.0000,SpendAwareDPRebalance (R65-aware),3.0000,15976.3031,479.2891,spend50p,470.3007,480.4738,491.5404,504.2963,516.9064,530.2929,546.6082,564.4526,580.5901,595.8050,614.9538,628.4937,642.5070,656.4542,664.4226,668.5639,673.5870,675.8165,678.7703,677.4544,646.0734,646.4283,646.6372,651.2282,651.4089,394.6557,390.9120,380.9577,371.2724,358.8568,346.7173,335.6490,323.2413,312.5950,304.0013,299.2109,296.1544,292.4031,293.8553,296.4664,297.0636,300.5191,305.6767,307.1110,310.0005,311.0771,307.9156,304.1672,303.4250,300.5302,297.3969,289.3662,277.3937,271.7475,259.9259
65,1.0000,SpendAwareDPRebalance (R65-aware),3.0000,15976.3031,479.2891,spend75p,470.4522,487.7742,506.2319,526.6143,550.6045,573.8725,599.3608,622.9952,651.5822,680.2739,708.6440,731.4873,754.5413,775.7658,796.9808,809.9109,818.4431,827.4267,830.7728,843.1950,808.8070,817.4710,828.0134,834.5434,844.8009,522.5717,520.9584,515.1735,509.3903,498.0261,489.7863,475.9915,460.9503,457.8650,450.8818,445.9180,445.0156,447.9794,455.6452,466.2047,468.6295,483.8819,491.5902,505.8997,516.4013,520.8770,523.6123,530.7108,529.9908,537.8355,532.5800,533.7533,529.0726,523.8632,510.2004
65,1.0000,SpendAwareDPRebalance (R65-aware),3.3300,14393.0658,479.2891,survival,1.0000,1.0000,1.0000,1.0000,1.0000,1.0000,1.0000,1.0000,1.0000,1.0000,0.9995,0.9985,0.9965,0.9935,0.9910,0.9870,0.9835,0.9810,0.9765,0.9730,0.9675,0.9625,0.9575,0.9545,0.9525,0.9505,0.9485,0.9475,0.9455,0.9445,0.9440,0.9435,0.9435,0.9425,0.9410,0.9405,0.9400,0.9400,0.9395,0.9395,0.9390,0.9390,0.9390,0.9390,0.9390,0.9385,0.9380,0.9380,0.9380,0.9375,0.9370,0.9365,0.9350,0.9335,0.9295
65,1.0000,SpendAwareDPRebalance (R65-aware),3.3300,14393.0658,479.2891,spend25p,470.1429,471.1857,472.4233,475.4574,477.6569,482.4655,488.2020,494.9038,499.5294,506.2221,511.0659,515.7852,522.4598,525.9718,526.9483,525.4128,520.9660,518.3655,512.1876,503.8131,473.7703,471.5606,462.7189,456.0080,453.2212,246.0795,237.7004,228.5369,214.8964,203.0259,191.7362,179.2184,166.6357,155.8735,146.2845,140.2770,133.7903,127.3447,123.8226,117.6156,117.8397,111.0533,109.5059,106.6978,104.5279,100.7685,94.4822,87.6564,80.8479,74.9867,65.6083,57.9199,50.3253,39.3903,24.8987
65,1.0000,SpendAwareDPRebalance (R65-aware),3.3300,14393.0658,479.2891,spend50p,470.3007,478.3322,486.9539,496.2725,507.7189,519.0818,531.7518,543.8282,558.3340,572.5280,587.3465,602.9036,614.4351,622.5865,625.8512,632.5008,635.7602,638.1991,636.9113,636.4540,604.7535,604.1845,603.8798,603.3720,606.3423,354.0434,347.5989,339.1741,327.8597,317.0663,305.7910,294.6181,282.0331,268.7786,261.7422,251.7612,246.8656,244.2863,246.7550,247.5611,248.2018,249.8900,251.1941,253.1680,255.6407,258.2839,258.5774,255.2393,249.3945,241.0563,234.2195,228.6825,218.0048,209.0649,197.7884
65,1.0000,SpendAwareDPRebalance (R65-aware),3.3300,14393.0658,479.2891,spend75p,470.4522,485.3822,500.9963,518.1414,538.6793,560.0153,581.4430,603.6278,629.1951,652.0319,676.9878,698.6835,718.3744,734.9149,753.4767,766.2860,773.1265,773.7568,776.5376,785.8565,752.0546,758.0451,766.1603,771.7234,775.5410,457.4821,458.4358,452.9274,443.9175,439.2074,427.7697,415.9671,406.2916,396.5425,389.7026,384.4597,386.6497,390.5965,395.4233,398.5576,409.4851,416.5549,429.1469,438.1812,440.9335,440.2726,442.9936,444.4271,445.8623,446.8045,446.1004,438.5594,432.2436,425.9248,417.2498
65,1.0000,SpendAwareDPRebalance (R65-aware),3.6600,13095.3304,479.2891,survival,1.0000,1.0000,1.0000,1.0000,1.0000,1.0000,1.0000,1.0000,1.0000,0.9995,0.9970,0.9965,0.9920,0.9885,0.9815,0.9765,0.9725,0.9640,0.9575,0.9520,0.9435,0.9375,0.9315,0.9290,0.9230,0.9200,0.9170,0.9150,0.9140,0.9130,0.9120,0.9110,0.9100,0.9100,0.9090,0.9085,0.9085,0.9080,0.9080,0.9080,0.9075,0.9075,0.9070,0.9070,0.9070,0.9065,0.9065,0.9065,0.9065,0.9065,0.9060,0.9045,0.9045,0.9030,0.8990
65,1.0000,SpendAwareDPRebalance (R65-aware),3.6600,13095.3304,479.2891,spend25p,470.1429,470.1978,470.0779,471.0690,472.3523,475.3637,479.1002,483.8905,488.4933,493.9411,495.8678,499.6044,502.0981,505.0017,500.8421,498.9943,496.1213,488.8267,477.9880,469.6883,439.6550,428.8438,420.3251,412.1107,404.1274,209.6773,199.9440,188.4406,178.6574,167.6832,157.5764,144.4219,132.1193,120.6443,111.7990,104.5085,98.5327,92.3202,85.9438,81.3660,78.6202,74.9057,73.1144,70.0871,63.9014,57.6876,50.6410,44.2972,38.3949,32.2358,22.3576,13.3080,6.0334,0.0000,0.0000
65,1.0000,SpendAwareDPRebalance (R65-aware),3.6600,13095.3304,479.2891,spend50p,470.3007,476.9820,483.7764,491.5263,501.7284,510.2205,521.3294,530.8743,544.0528,557.2365,567.3390,579.6973,589.8487,596.0371,599.3416,601.9029,603.5089,604.2606,602.5672,602.3898,569.0872,565.6955,566.3097,566.6660,566.6053,315.7898,308.0889,300.6127,289.6365,280.5726,266.8308,254.9937,241.5519,229.5754,220.8605,214.3290,210.0926,207.2039,206.0045,204.9604,206.9333,206.7928,207.1388,209.1356,209.4979,206.5255,208.9867,205.8711,202.1903,197.3844,186.3661,177.1803,170.7704,159.8776,150.2237
65,1.0000,SpendAwareDPRebalance (R65-aware),3.6600,13095.3304,479.2891,spend75p,470.4522,483.8970,498.3844,514.6420,532.6155,550.6871,568.7780,589.2724,612.8302,634.0427,652.5571,674.4110,691.6236,707.2272,719.7805,726.3702,735.2871,735.8648,736.9663,736.8932,700.9712,705.6981,708.7809,717.6388,722.0130,415.2198,411.0614,408.0691,400.3520,392.0493,379.2151,367.9377,359.7167,350.0569,345.6670,341.7746,342.3302,342.9898,345.9523,349.6948,357.4083,365.1415,370.9133,376.3366,383.0276,386.0764,388.4941,386.6231,389.5381,389.8622,388.8585,384.2181,374.2854,372.8696,359.1353
65,1.0000,SpendAwareDPRebalance (R65-aware),4.0000,11982.2273,479.2891,survival,1.0000,1.0000,1.0000,1.0000,1.0000,1.0000,1.0000,1.0000,1.0000,0.9990,0.9965,0.9930,0.9885,0.9785,0.9670,0.9590,0.9495,0.9385,0.9265,0.9155,0.9070,0.8985,0.8875,0.8805,0.8735,0.8705,0.8665,0.8630,0.8610,0.8605,0.8590,0.8575,0.8565,0.8565,0.8555,0.8555,0.8550,0.8550,0.8550,0.8550,0.8550,0.8550,0.8545,0.8545,0.8545,0.8545,0.8545,0.8540,0.8540,0.8540,0.8535,0.8530,0.8530,0.8525,0.8500
65,1.0000,SpendAwareDPRebalance (R65-aware),4.0000,11982.2273,479.2891,spend25p,470.1429,469.7733,469.1431,468.0048,468.5215,469.4637,472.4630,474.7038,478.5120,481.5690,482.6808,484.3105,487.0289,483.1426,477.1999,472.0628,463.9170,452.7608,441.0020,428.3003,397.5672,386.3987,374.0081,365.5428,359.2136,169.5174,158.3494,147.9889,137.3921,124.4434,111.8810,98.9685,88.4823,78.3332,70.3311,61.6609,54.4920,48.7921,42.9531,39.9195,35.2238,30.8660,27.0104,20.1917,18.1629,13.7285,6.7412,0.6432,0.0000,0.0000,0.0000,0.0000,0.0000,0.0000,0.0000
65,1.0000,SpendAwareDPRebalance (R65-aware),4.0000,11982.2273,479.2891,spend50p,470.3007,476.5671,482.8998,489.7257,497.3361,505.5702,515.0952,524.4159,533.5031,545.4476,555.9305,565.1306,571.7111,575.3103,576.4376,577.4142,576.9764,576.8067,571.8404,566.1169,532.9307,530.0170,527.5626,523.5197,522.2696,277.6475,271.8449,263.8979,252.7622,241.3026,227.1038,213.7329,200.3829,191.9235,183.8056,176.2969,170.2584,166.3451,165.0425,164.4900,165.0282,167.7342,164.9641,164.1540,161.9600,159.9098,157.5084,153.6183,147.8357,144.0129,138.0043,130.0448,117.8912,111.3100,99.3782
65,1.0000,SpendAwareDPRebalance (R65-aware),4.0000,11982.2273,479.2891,spend75p,470.4522,483.6852,497.2970,512.6719,529.2300,546.7068,564.9954,582.8446,604.0375,620.7334,642.5492,661.8017,675.2455,684.9453,693.6495,698.2682,702.7264,707.1227,709.2340,701.8082,664.7748,668.2540,671.6837,673.6367,676.8156,379.5662,377.1082,372.8819,361.0473,353.1358,341.2936,328.9973,319.4465,310.0662,304.8632,299.2515,300.7818,302.7290,303.1193,307.8462,313.1559,317.9520,322.6681,326.2238,335.9303,337.3828,339.7205,339.2982,337.8702,335.7876,335.9531,330.6316,325.7670,317.3236,311.2864
65,1.0000,SpendAwareDPRebalance (R65-aware),4.3300,11069.0322,479.2891,survival,1.0000,1.0000,1.0000,1.0000,1.0000,1.0000,1.0000,1.0000,0.9995,0.9970,0.9950,0.9895,0.9795,0.9635,0.9500,0.9405,0.9210,0.9055,0.8920,0.8770,0.8635,0.8480,0.8360,0.8245,0.8155,0.8115,0.8080,0.8035,0.8020,0.8000,0.7980,0.7970,0.7960,0.7950,0.7950,0.7940,0.7940,0.7940,0.7935,0.7935,0.7935,0.7930,0.7930,0.7930,0.7930,0.7930,0.7930,0.7930,0.7930,0.7930,0.7930,0.7930,0.7930,0.7920,0.7910
65,1.0000,SpendAwareDPRebalance (R65-aware),4.3300,11069.0322,479.2891,spend25p,470.1429,469.6076,468.8255,467.1350,467.0689,466.9763,469.5690,469.4201,472.7076,473.9969,474.0595,475.0159,471.9392,467.7523,458.5237,448.7037,435.0419,419.9063,407.3251,388.3595,353.3141,334.4408,319.7783,306.1104,292.0607,113.2658,105.7111,90.1895,82.4364,70.4878,59.1269,48.5042,38.7967,28.9515,20.9660,13.0625,6.9272,0.0000,0.0000,0.0000,0.0000,0.0000,0.0000,0.0000,0.0000,0.0000,0.0000,0.0000,0.0000,0.0000,0.0000,0.0000,0.0000,0.0000,0.0000
65,1.0000,SpendAwareDPRebalance (R65-aware),4.3300,11069.0322,479.2891,spend50p,470.3007,476.4479,482.6817,488.9337,496.5478,503.3893,511.9052,521.0229,530.4623,539.6740,549.8637,555.6042,560.9561,560.4133,556.8355,557.9810,555.1872,549.9477,543.8185,534.9002,503.4306,495.5957,491.1336,482.8911,482.8927,249.5505,242.1378,232.6929,222.7378,211.6352,198.0453,184.6276,171.4428,161.7740,154.1925,147.1646,142.5718,137.2016,132.0214,127.9460,127.6251,126.2866,124.2789,122.5252,117.8303,114.9605,110.1499,105.0403,101.7982,95.2242,91.2906,82.4805,72.3560,61.8447,51.5986
65,1.0000,SpendAwareDPRebalance (R65-aware),4.3300,11069.0322,479.2891,spend75p,470.4522,483.5791,497.0799,512.2777,528.5802,545.2482,564.0838,580.1650,598.8895,616.5710,634.7972,652.9229,662.1755,667.8690,672.5094,677.8644,679.6485,676.3505,672.5316,665.8947,633.3268,631.2961,636.4537,635.4835,635.7568,355.3222,351.0512,338.7373,330.5422,321.6073,309.4452,297.7518,288.3024,280.1955,274.5812,270.8632,268.0799,268.1790,269.0349,270.6622,277.8054,284.3779,290.6750,293.9903,301.3938,302.3055,306.1154,299.5674,293.7824,297.4478,293.4557,289.0871,281.5850,277.6347,267.1622
65,1.0000,SpendAwareDPRebalance (R65-aware),4.6600,10285.1737,479.2891,survival,1.0000,1.0000,1.0000,1.0000,1.0000,1.0000,1.0000,1.0000,0.9985,0.9965,0.9920,0.9845,0.9645,0.9480,0.9320,0.9115,0.8930,0.8695,0.8505,0.8295,0.8115,0.7940,0.7840,0.7675,0.7515,0.7475,0.7420,0.7405,0.7400,0.7385,0.7370,0.7370,0.7370,0.7360,0.7360,0.7360,0.7360,0.7350,0.7350,0.7350,0.7350,0.7350,0.7350,0.7350,0.7350,0.7350,0.7350,0.7350,0.7350,0.7350,0.7350,0.7350,0.7350,0.7350,0.7340
65,1.0000,SpendAwareDPRebalance (R65-aware),4.6600,10285.1737,479.2891,spend25p,470.1429,469.5227,468.6789,466.7362,465.7912,464.9195,466.9773,466.7883,467.0642,468.2625,467.4305,464.2122,457.4925,447.8334,438.5207,422.5619,408.3910,386.4562,366.6313,334.8920,293.7958,267.5938,248.6509,214.7854,152.8970,0.0000,0.0000,0.0000,0.0000,0.0000,0.0000,0.0000,0.0000,0.0000,0.0000,0.0000,0.0000,0.0000,0.0000,0.0000,0.0000,0.0000,0.0000,0.0000,0.0000,0.0000,0.0000,0.0000,0.0000,0.0000,0.0000,0.0000,0.0000,0.0000,0.0000
65,1.0000,SpendAwareDPRebalance (R65-aware),4.6600,10285.1737,479.2891,spend50p,470.3007,476.3733,482.5125,488.6679,496.3823,502.9994,510.6088,519.7233,527.1051,536.6412,544.6293,549.0137,549.9165,547.2263,544.4743,539.8824,532.7580,524.1611,516.9677,505.9386,471.7517,461.8720,456.1916,443.4161,435.4752,215.0130,206.9418,200.8377,188.4009,175.8262,161.0171,147.5516,137.4922,127.4327,120.0502,113.6925,106.5104,101.7586,97.9460,95.1503,92.3296,90.3871,87.6133,85.0860,82.4896,79.5302,75.7584,68.5562,65.6836,58.0504,50.4287,44.9071,34.4749,25.1535,16.4519
65,1.0000,SpendAwareDPRebalance (R65-aware),4.6600,10285.1737,479.2891,spend75p,470.4522,483.5045,497.0617,512.0611,528.3193,545.0812,562.3928,579.2102,596.0840,613.2390,629.2429,645.8121,652.3388,656.5957,659.2961,663.5369,662.0547,657.0564,654.9497,646.0128,606.0856,604.4669,607.4691,609.2476,605.2724,326.2984,320.5309,314.6487,304.4588,295.2716,283.3971,272.7345,262.2069,254.5546,247.5473,242.9413,239.0748,238.2859,240.3759,243.5787,247.1034,251.2176,253.3300,258.5284,263.3539,263.7666,265.9065,266.1700,259.1897,257.7730,253.8187,249.2508,240.9889,235.5634,228.0855
65,1.0000,SpendAwareDPRebalance (R65-aware),5.0000,9585.7818,479.2891,survival,1.0000,1.0000,1.0000,1.0000,1.0000,1.0000,1.0000,0.9995,0.9975,0.9940,0.9870,0.9705,0.9500,0.9300,0.9065,0.8820,0.8565,0.8310,0.8050,0.7790,0.7570,0.7350,0.7205,0.7070,0.6940,0.6905,0.6885,0.6855,0.6820,0.6810,0.6795,0.6790,0.6780,0.6770,0.6765,0.6760,0.6760,0.6760,0.6760,0.6760,0.6760,0.6760,0.6760,0.6760,0.6760,0.6760,0.6760,0.6760,0.6760,0.6760,0.6760,0.6760,0.6760,0.6760,0.6755
65,1.0000,SpendAwareDPRebalance (R65-aware),5.0000,9585.7818,479.2891,spend25p,470.1429,469.5227,468.6680,466.7362,465.4709,464.2336,464.1701,466.0563,464.6444,464.5380,460.9654,454.9320,445.1523,435.3349,421.6046,402.2797,379.4124,351.9854,312.9921,268.2094,202.2367,0.0000,0.0000,0.0000,0.0000,0.0000,0.0000,0.0000,0.0000,0.0000,0.0000,0.0000,0.0000,0.0000,0.0000,0.0000,0.0000,0.0000,0.0000,0.0000,0.0000,0.0000,0.0000,0.0000,0.0000,0.0000,0.0000,0.0000,0.0000,0.0000,0.0000,0.0000,0.0000,0.0000,0.0000
65,1.0000,SpendAwareDPRebalance (R65-aware),5.0000,9585.7818,479.2891,spend50p,470.3007,476.3733,482.4716,488.5757,496.1279,502.4109,510.0657,518.6560,526.7022,533.1217,538.1962,540.5769,538.4208,535.1752,529.8234,521.7934,512.8239,499.6818,485.3451,472.4177,436.5906,421.8937,412.0858,403.2691,391.8751,181.8280,174.8093,164.4807,153.7117,142.4261,132.6359,118.9941,108.3091,99.5961,90.7822,82.3091,77.0269,71.5964,67.2647,63.6820,60.6325,55.5581,53.8035,52.5150,46.6920,40.5553,34.5105,28.1865,23.4476,17.0625,9.8823,0.0000,0.0000,0.0000,0.0000
65,1.0000,SpendAwareDPRebalance (R65-aware),5.0000,9585.7818,479.2891,spend75p,470.4522,483.5045,497.0617,512.0611,528.1356,544.1128,562.3476,578.4967,595.1820,610.6415,625.8166,637.0196,640.3813,647.7958,648.2431,649.6876,647.8611,638.3276,631.6669,622.8309,581.7114,579.3208,578.5855,578.0897,576.6349,304.6876,300.4898,290.8992,281.1006,270.0221,260.5733,248.4678,237.5132,225.1084,220.8066,217.1302,214.9564,212.8241,215.5519,218.0882,221.8269,223.9289,228.1906,228.4477,230.9744,233.2270,232.4930,229.4730,226.6285,219.4245,212.6140,206.5989,196.7277,191.2622,179.3443
65,1.5000,SpendAwareDPRebalance (R65-aware),1.5000,47212.2426,708.1836,survival,1.0000,1.0000,1.0000,1.0000,1.0000,1.0000,1.0000,1.0000,1.0000,1.0000,1.0000,1.0000,1.0000,1.0000,1.0000,1.0000,1.0000,1.0000,1.0000,1.0000,1.0000,1.0000,1.0000,1.0000,1.0000,1.0000,0.9995,0.9995,0.9995,0.9995,0.9990,0.9990,0.9985,0.9980,0.9980,0.9970,0.9960,0.9960,0.9960,0.9960,0.9955,0.9955,0.9945,0.9940,0.9935,0.9935,0.9935,0.9935,0.9935,0.9935,0.9915,0.9900,0.9895,0.9885,0.9860
65,1.5000,SpendAwareDPRebalance (R65-aware),1.5000,47212.2426,708.1836,spend25p,715.0600,734.3256,753.6599,771.7367,792.1721,811.1027,831.8288,854.0897,872.8210,891.6947,906.4154,919.2188,928.0385,941.0586,953.2673,958.3844,961.5293,960.9810,957.9887,951.6278,928.5272,920.6264,911.5080,920.3880,914.4643,712.7031,704.8342,690.9432,679.9946,659.9821,644.7512,629.4530,611.6410,601.8595,594.2873,582.4755,581.9431,583.3069,586.3967,581.9991,580.7274,576.9216,584.9517,596.9008,601.1613,608.5598,611.2639,611.8253,612.8354,611.6442,600.6504,605.4683,598.4850,595.3903,583.3200
65,1.5000,SpendAwareDPRebalance (R65-aware),1.5000,47212.2426,708.1836,spend50p,715.2179,745.0129,777.0227,809.3171,842.7318,879.3510,917.1530,955.7053,997.5600,1032.3393,1070.8024,1102.3013,1135.0834,1162.3151,1188.8257,1209.2425,1217.0340,1223.3312,1231.0441,1241.7662,1216.5643,1226.3166,1233.2616,1243.4338,1249.7599,994.3582,995.7530,990.9743,981.4181,966.7594,954.9936,943.8949,930.1516,922.9935,926.5786,925.6607,928.4896,940.4971,954.3117,971.7410,999.3719,1022.4349,1039.8146,1051.1708,1063.4726,1084.3693,1094.7548,1115.1403,1135.6916,1138.8231,1140.3507,1139.2902,1140.7648,1159.4278,1148.5744
65,1.5000,SpendAwareDPRebalance (R65-aware),1.5000,47212.2426,708.1836,spend75p,715.3693,756.0313,799.5226,847.5480,897.7001,951.5886,1007.4366,1065.1923,1126.0115,1188.1148,1257.9505,1323.3352,1375.9986,1429.5115,1471.6040,1509.2518,1545.9432,1580.6582,1611.6184,1637.3628,1618.7566,1643.1513,1667.1906,1681.2007,1703.6054,1395.8609,1414.0421,1424.5294,1419.6475,1412.7963,1402.7015,1381.0856,1376.9227,1377.2519,1384.7845,1396.0252,1412.1746,1438.3320,1462.0230,1513.2346,1561.2181,1592.0524,1633.9289,1680.8383,1731.4221,1763.9452,1815.6767,1856.6494,1879.3948,1920.1229,1940.4515,1980.4682,2002.7158,2022.1453,2081.6061
65,1.5000,SpendAwareDPRebalance (R65-aware),1.6600,42661.6650,708.1836,survival,1.0000,1.0000,1.0000,1.0000,1.0000,1.0000,1.0000,1.0000,1.0000,1.0000,1.0000,1.0000,1.0000,1.0000,1.0000,1.0000,1.0000,1.0000,1.0000,1.0000,1.0000,1.0000,1.0000,1.0000,1.0000,1.0000,0.9995,0.9995,0.9990,0.9990,0.9985,0.9975,0.9965,0.9965,0.9955,0.9955,0.9950,0.9950,0.9945,0.9940,0.9935,0.9935,0.9935,0.9930,0.9930,0.9920,0.9920,0.9920,0.9920,0.9915,0.9890,0.9875,0.9870,0.9860,0.9845
65,1.5000,SpendAwareDPRebalance (R65-aware),1.6600,42661.6650,708.1836,spend25p,715.0600,733.3465,751.7828,768.7573,787.4447,807.0504,827.6900,847.8259,868.4511,883.5797,898.1845,912.3434,923.4163,934.1986,943.5248,950.7974,953.6190,950.9350,949.6973,942.1698,915.8374,910.8773,906.3736,910.2487,904.4145,699.4776,690.3086,681.8010,666.2622,648.8671,632.1564,611.8473,598.1296,584.5868,575.5055,571.2344,565.7848,570.9745,563.5428,558.2927,562.9622,561.5784,565.5743,582.0802,588.7357,587.1379,587.0028,597.4756,597.0159,593.2274,582.0383,576.2491,575.3886,563.3111,555.4434
65,1.5000,SpendAwareDPRebalance (R65-aware),1.6600,42661.6650,708.1836,spend50p,715.2179,744.1824,774.3024,806.3445,838.4566,874.0519,910.9529,946.9037,987.0604,1023.9492,1060.1643,1092.0344,1123.8737,1152.9205,1176.0052,1188.7386,1199.0800,1209.5142,1216.9346,1218.7250,1193.2975,1209.8091,1218.4005,1219.0046,1222.9489,969.9942,968.1692,963.7447,958.0886,948.8452,934.0681,913.8407,905.0343,887.6243,896.4382,899.9928,903.6661,910.1977,920.6856,938.3038,967.7261,985.8299,1001.0175,1014.3315,1036.0781,1036.2187,1057.5057,1066.1478,1082.4234,1087.1062,1086.5198,1090.3943,1094.8281,1106.8438,1101.3567
65,1.5000,SpendAwareDPRebalance (R65-aware),1.6600,42661.6650,708.1836,spend75p,715.3693,755.0696,796.8373,843.5313,893.5858,943.9035,998.7005,1057.0930,1113.7862,1177.2632,1243.4875,1302.7027,1352.9240,1401.3991,1446.8778,1489.5226,1521.2189,1545.9839,1572.8375,1597.8771,1575.8082,1603.7670,1621.1431,1635.4867,1654.9784,1345.2150,1357.7534,1358.1092,1361.3467,1356.7094,1339.8773,1321.0816,1309.0868,1304.4763,1318.6142,1327.6011,1341.5476,1366.2632,1403.6791,1439.2379,1485.6057,1529.2167,1556.8733,1589.5715,1639.0077,1685.3570,1719.7834,1760.1004,1796.5058,1841.9287,1870.0936,1870.7223,1894.9150,1928.9665,1945.2825
65,1.5000,SpendAwareDPRebalance (R65-aware),1.8000,39343.5355,708.1836,survival,1.0000,1.0000,1.0000,1.0000,1.0000,1.0000,1.0000,1.0000,1.0000,1.0000,1.0000,1.0000,1.0000,1.0000,1.0000,1.0000,1.0000,1.0000,1.0000,1.0000,1.0000,1.0000,1.0000,1.0000,1.0000,0.9995,0.9995,0.9995,0.9995,0.9985,0.9980,0.9965,0.9965,0.9960,0.9960,0.9955,0.9955,0.9945,0.9945,0.9930,0.9925,0.9925,0.9915,0.9910,0.9905,0.9905,0.9905,0.9895,0.9890,0.9890,0.9875,0.9860,0.9845,0.9835,0.9810
65,1.5000,SpendAwareDPRebalance (R65-aware),1.8000,39343.5355,708.1836,spend25p,710.8058,727.5680,744.4346,761.7675,778.9473,797.2560,816.6913,833.3949,854.1831,870.8453,885.1553,898.0244,911.1338,919.0618,928.3858,931.0777,935.6410,931.3918,930.5944,926.1922,900.2740,893.8179,890.8074,890.6357,887.5435,682.3435,672.8466,659.9948,645.8477,628.0023,610.0030,588.9204,576.0584,566.6863,556.6120,547.0899,547.8851,546.9817,540.4477,543.4405,546.3129,546.8672,550.1406,550.9082,557.2739,561.1406,569.3395,570.4288,569.1980,568.7933,555.3625,551.8993,544.6661,533.9864,520.5489
65,1.5000,SpendAwareDPRebalance (R65-aware),1.8000,39343.5355,708.1836,spend50p,710.9636,738.2682,766.9449,797.1098,829.2703,862.3855,898.7915,933.1093,971.9513,1006.2970,1043.0488,1072.2199,1102.6660,1131.5626,1152.6833,1163.7688,1174.5940,1185.4552,1191.1370,1192.5040,1166.4832,1176.2978,1189.9654,1192.5641,1195.2358,942.5336,938.7853,936.5594,925.1058,914.5396,900.2670,878.7512,867.0653,856.6089,857.5727,857.8315,860.5194,866.9374,883.8652,903.1012,920.6889,936.6264,952.3275,967.1896,985.6700,988.6990,1010.1820,1014.7945,1029.0967,1029.7640,1026.0216,1037.7024,1043.0876,1039.6751,1033.2281
65,1.5000,SpendAwareDPRebalance (R65-aware),1.8000,39343.5355,708.1836,spend75p,711.1151,748.9279,789.9026,834.4446,882.6708,931.6094,982.6339,1038.0780,1096.0390,1155.6172,1220.0267,1273.6222,1324.7722,1365.6478,1409.9542,1448.1084,1476.9135,1500.8611,1529.5070,1549.3738,1518.9428,1534.8662,1559.4912,1578.6384,1608.0198,1286.2308,1299.4091,1308.9502,1306.3598,1292.2074,1273.8757,1258.6534,1247.3135,1250.0672,1253.2389,1267.2777,1280.4016,1301.0740,1325.5311,1370.3777,1413.7604,1444.7316,1481.3966,1501.2482,1557.6297,1600.8325,1625.4096,1663.0818,1694.1450,1720.6226,1750.7393,1765.9944,1788.6260,1816.9920,1829.8674
65,1.5000,SpendAwareDPRebalance (R65-aware),1.8900,37470.0338,708.1836,survival,1.0000,1.0000,1.0000,1.0000,1.0000,1.0000,1.0000,1.0000,1.0000,1.0000,1.0000,1.0000,1.0000,1.0000,1.0000,1.0000,1.0000,1.0000,1.0000,1.0000,1.0000,1.0000,1.0000,1.0000,1.0000,1.0000,0.9995,0.9995,0.9990,0.9980,0.9970,0.9960,0.9960,0.9950,0.9950,0.9950,0.9945,0.9935,0.9930,0.9925,0.9915,0.9905,0.9905,0.9905,0.9905,0.9905,0.9895,0.9885,0.9885,0.9885,0.9870,0.9845,0.9835,0.9825,0.9785
65,1.5000,SpendAwareDPRebalance (R65-aware),1.8900,37470.0338,708.1836,spend25p,708.1932,724.1033,740.1268,755.5180,771.9172,790.1049,806.7250,824.8029,843.8131,862.5878,875.2509,887.3080,898.1859,909.4024,916.7286,922.3899,927.1141,920.5971,919.2573,916.0544,887.1939,879.9970,876.2245,877.9654,873.2820,667.0943,658.2047,645.7234,628.4854,610.0611,595.8547,576.5421,563.3573,551.3623,540.2334,533.1448,532.8701,529.1685,527.3314,531.3680,532.4994,530.7133,531.5353,536.7907,543.7490,542.3905,552.8554,550.9811,547.5555,548.0940,534.2120,530.1602,523.8237,514.2144,500.5067
65,1.5000,SpendAwareDPRebalance (R65-aware),1.8900,37470.0338,708.1836,spend50p,708.3511,734.6091,762.2702,791.4899,822.4855,854.7027,889.2515,923.4437,958.1159,994.6685,1029.4919,1059.8892,1087.9598,1115.2662,1133.5041,1144.9698,1160.0096,1165.4716,1174.1843,1174.1123,1146.3156,1157.7745,1165.1770,1174.2772,1172.9015,917.5277,920.1127,917.1561,904.7662,890.4674,878.8411,856.3915,847.5437,834.0890,835.1516,835.0662,835.0740,842.7278,857.4749,870.1282,885.6676,907.5268,922.2767,937.6073,949.6975,961.9517,976.9148,984.0161,990.2767,999.8290,995.5988,1009.5440,1010.5670,996.8191,998.7906
65,1.5000,SpendAwareDPRebalance (R65-aware),1.8900,37470.0338,708.1836,spend75p,708.5025,745.1676,785.2441,827.5511,875.3629,924.1775,974.2500,1026.1367,1081.7294,1140.8853,1200.0191,1254.2011,1299.3672,1344.2814,1383.6706,1421.2102,1447.6161,1465.9974,1495.4029,1513.1978,1479.6643,1500.9385,1512.4990,1538.6965,1560.0798,1256.8549,1258.1713,1265.6288,1260.1996,1242.4383,1230.8955,1218.5587,1209.3118,1203.1197,1211.2077,1220.2099,1236.6091,1253.3694,1282.1136,1315.8733,1349.9121,1392.6707,1413.2682,1454.4048,1490.4426,1535.4643,1567.4244,1593.7890,1628.4032,1657.9368,1681.4400,1693.4553,1717.7812,1732.2289,1744.0056
65,1.5000,SpendAwareDPRebalance (R65-aware),2.0000,35409.1819,708.1836,survival,1.0000,1.0000,1.0000,1.0000,1.0000,1.0000,1.0000,1.0000,1.0000,1.0000,1.0000,1.0000,1.0000,1.0000,1.0000,1.0000,1.0000,1.0000,1.0000,1.0000,1.0000,1.0000,1.0000,0.9995,0.9995,0.9995,0.9990,0.9975,0.9975,0.9965,0.9955,0.9950,0.9945,0.9935,0.9930,0.9925,0.9910,0.9910,0.9910,0.9900,0.9895,0.9890,0.9890,0.9890,0.9885,0.9880,0.9875,0.9870,0.9865,0.9860,0.9855,0.9845,0.9835,0.9815,0.9775
65,1.5000,SpendAwareDPRebalance (R65-aware),2.0000,35409.1819,708.1836,spend25p,708.1932,722.3563,737.2708,750.8395,766.3129,783.4049,799.7796,817.4450,835.2629,851.5691,863.5263,881.0091,889.0773,895.9428,904.7958,910.1439,915.8517,908.7177,906.5382,900.7094,873.6352,863.0988,864.1998,858.0431,858.5971,649.2026,639.3107,624.0273,614.0486,592.9737,580.2237,560.6196,549.6140,533.1986,519.0608,514.5980,512.9374,511.0679,511.5923,511.0502,514.3393,512.9117,517.0153,515.5549,522.8310,528.2642,531.5395,525.8677,521.8033,520.0370,513.2913,503.8531,502.7412,489.2820,475.5762
65,1.5000,SpendAwareDPRebalance (R65-aware),2.0000,35409.1819,708.1836,spend50p,708.3511,733.2274,759.1656,786.5117,817.3536,846.2562,881.9182,914.1792,946.7761,979.6099,1012.8480,1043.6644,1071.9000,1097.2758,1115.3576,1124.3573,1139.2141,1144.8034,1154.2874,1153.9678,1123.1950,1131.4328,1140.7956,1144.0005,1144.6944,890.0765,893.8883,885.1746,876.5087,860.3967,844.1776,831.2983,819.0935,804.5315,800.0561,795.1761,807.4934,813.3087,822.8517,832.9907,847.7624,868.9561,883.0408,892.2287,905.8810,916.9547,935.9445,949.5062,951.0654,952.6861,948.3983,957.7458,959.0643,960.0985,952.7143
65,1.5000,SpendAwareDPRebalance (R65-aware),2.0000,35409.1819,708.1836,spend75p,708.5025,744.1191,782.1034,822.8113,868.4534,915.0639,962.3679,1013.4509,1069.1953,1125.4547,1178.9105,1230.6091,1271.4122,1319.9133,1356.3407,1387.9157,1419.2346,1438.0881,1456.5604,1473.0546,1437.4907,1456.5813,1477.1013,1498.7867,1516.2155,1209.7692,1214.5952,1213.2701,1202.9730,1191.2997,1181.9457,1175.6107,1161.9369,1157.5800,1153.2712,1162.3394,1188.3032,1201.7163,1235.6250,1260.0138,1295.0398,1329.6335,1356.3837,1391.3477,1434.7911,1473.1908,1508.3733,1531.3673,1554.7983,1577.1956,1604.1741,1617.7143,1645.6759,1669.4339,1661.1455
65,1.5000,SpendAwareDPRebalance (R65-aware),2.1300,33248.0581,708.1836,survival,1.0000,1.0000,1.0000,1.0000,1.0000,1.0000,1.0000,1.0000,1.0000,1.0000,1.0000,1.0000,1.0000,1.0000,1.0000,1.0000,1.0000,1.0000,1.0000,1.0000,0.9995,0.9990,0.9985,0.9980,0.9970,0.9970,0.9965,0.9950,0.9940,0.9935,0.9925,0.9925,0.9920,0.9915,0.9915,0.9910,0.9910,0.9905,0.9900,0.9895,0.9880,0.9875,0.9870,0.9870,0.9865,0.9865,0.9865,0.9860,0.9855,0.9850,0.9845,0.9840,0.9835,0.9820,0.9780
65,1.5000,SpendAwareDPRebalance (R65-aware),2.1300,33248.0581,708.1836,spend25p,708.1932,720.3249,734.4449,747.7269,759.7593,775.7824,791.2349,807.9035,825.6461,840.1989,851.3690,865.3296,874.7694,884.7125,890.3585,895.3926,895.2257,891.5329,892.7404,888.2021,855.5183,849.6204,846.2862,839.9535,836.6774,628.7751,622.4636,605.3960,586.7478,569.0219,558.3595,540.8231,523.7299,509.9302,495.3962,489.7821,487.1305,487.5639,489.3725,490.0308,490.1203,492.1042,492.1133,496.5342,503.0131,503.4557,505.2801,502.9089,497.4073,488.7882,485.9810,478.2713,471.1535,459.2897,444.5304
65,1.5000,SpendAwareDPRebalance (R65-aware),2.1300,33248.0581,708.1836,spend50p,708.3511,731.3270,755.4952,782.3193,810.6017,838.2378,868.6231,902.2847,931.6086,961.3616,992.1412,1022.3116,1051.8250,1071.3304,1093.0980,1099.3668,1112.7019,1112.9658,1120.7276,1119.7321,1093.9780,1095.6569,1102.1446,1107.9839,1107.2170,856.6428,855.2317,848.8004,840.4184,822.4711,807.9546,794.9812,781.8074,773.2316,765.9902,766.9278,768.6025,772.0647,777.8905,792.0739,807.9235,824.0657,835.9835,848.9467,853.4841,862.9352,887.1112,892.1633,898.4016,903.2068,905.7914,905.6497,907.4435,908.8509,901.9212
65,1.5000,SpendAwareDPRebalance (R65-aware),2.1300,33248.0581,708.1836,spend75p,708.5025,742.6003,778.9466,816.9008,860.4833,903.5608,951.1191,999.5314,1050.4478,1103.0557,1153.1320,1199.9379,1241.0396,1284.9227,1319.1963,1353.9484,1376.4359,1398.2176,1414.4387,1420.2771,1390.3261,1407.9683,1432.0797,1455.2964,1464.1981,1157.2663,1158.1975,1153.6686,1141.3172,1132.0116,1124.7681,1114.2220,1094.6464,1093.8916,1092.3899,1102.3277,1112.6147,1137.5514,1159.9540,1184.5461,1210.8452,1248.5825,1275.5663,1316.4646,1352.8117,1387.8579,1415.8526,1449.0782,1460.6477,1474.3697,1514.1961,1527.3829,1545.1912,1563.6611,1568.5815
65,1.5000,SpendAwareDPRebalance (R65-aware),2.2200,31900.1639,708.1836,survival,1.0000,1.0000,1.0000,1.0000,1.0000,1.0000,1.0000,1.0000,1.0000,1.0000,1.0000,1.0000,1.0000,1.0000,1.0000,1.0000,1.0000,1.0000,1.0000,0.9995,0.9990,0.9985,0.9975,0.9970,0.9960,0.9955,0.9955,0.9955,0.9940,0.9925,0.9915,0.9910,0.9910,0.9905,0.9905,0.9890,0.9890,0.9885,0.9880,0.9865,0.9855,0.9850,0.9845,0.9845,0.9835,0.9835,0.9835,0.9830,0.9830,0.9820,0.9810,0.9810,0.9805,0.9780,0.9730
65,1.5000,SpendAwareDPRebalance (R65-aware),2.2200,31900.1639,708.1836,spend25p,708.1932,719.2327,731.9411,744.0396,756.5224,771.3485,784.2025,799.5116,814.9163,833.4677,841.4546,858.4318,866.5088,875.9623,880.4545,884.3379,884.6493,882.3983,880.2431,879.9141,847.2901,839.8912,836.8420,828.6343,826.4326,615.7771,608.6821,592.3282,577.6356,560.5191,538.6354,525.0249,509.2136,492.2572,484.0109,474.5685,471.2304,469.2756,469.0434,473.6839,473.9214,475.5420,476.5344,480.8928,481.8051,482.9918,483.3662,481.5783,479.6494,470.5367,463.6167,456.4406,449.5294,433.2188,422.3164
65,1.5000,SpendAwareDPRebalance (R65-aware),2.2200,31900.1639,708.1836,spend50p,708.3511,730.2613,753.2342,778.0803,803.6918,831.5507,861.7533,892.1738,922.1112,954.4881,980.6721,1012.8117,1038.8742,1057.4309,1075.0819,1082.0074,1094.5996,1095.0619,1098.2720,1101.5875,1073.7439,1076.1479,1080.5638,1079.4458,1083.0877,831.9176,831.1208,824.3813,809.6064,794.3900,784.0728,772.7115,759.6473,749.9549,742.9737,747.4757,743.5305,749.1300,758.5380,765.1416,779.1396,795.2197,805.4007,812.2032,820.3495,836.5182,851.3246,852.3176,858.3421,863.5399,868.4998,876.8783,874.5022,872.2591,873.7520
65,1.5000,SpendAwareDPRebalance (R65-aware),2.2200,31900.1639,708.1836,spend75p,708.5025,741.1427,776.1786,813.7949,855.2987,895.0376,939.8833,985.3526,1038.6981,1088.4239,1137.6728,1181.4000,1217.7366,1265.4313,1299.3659,1330.1315,1353.4259,1369.9448,1375.9133,1387.3502,1356.5525,1379.3249,1400.4131,1416.7358,1432.6871,1120.3712,1120.6112,1113.1520,1096.5587,1090.9186,1077.3798,1065.7489,1051.8780,1049.4754,1053.7765,1058.8244,1070.3126,1090.1518,1110.1134,1135.8239,1162.8009,1196.7483,1232.5341,1280.3406,1306.0648,1336.8799,1362.9151,1390.9633,1414.7842,1431.9315,1452.3865,1478.7934,1471.2975,1498.0204,1495.1626
65,1.5000,SpendAwareDPRebalance (R65-aware),2.3800,29755.6151,708.1836,survival,1.0000,1.0000,1.0000,1.0000,1.0000,1.0000,1.0000,1.0000,1.0000,1.0000,1.0000,1.0000,1.0000,1.0000,0.9995,0.9995,0.9990,0.9990,0.9985,0.9965,0.9960,0.9960,0.9945,0.9940,0.9935,0.9925,0.9925,0.9910,0.9900,0.9880,0.9870,0.9865,0.9860,0.9850,0.9835,0.9825,0.9825,0.9820,0.9820,0.9810,0.9800,0.9790,0.9785,0.9780,0.9775,0.9775,0.9775,0.9775,0.9775,0.9765,0.9745,0.9740,0.9740,0.9720,0.9680
65,1.5000,SpendAwareDPRebalance (R65-aware),2.3800,29755.6151,708.1836,spend25p,708.1932,717.1356,726.5187,736.6869,748.0607,761.1816,772.5066,789.0649,800.8911,815.6333,826.9892,840.7849,847.3734,855.3522,863.4013,863.2462,866.3045,861.9385,857.5334,852.3614,822.6174,817.8285,812.4877,800.9460,798.1681,588.3026,581.4547,567.2499,550.9958,534.4508,512.7942,496.6781,486.5037,470.2522,457.1043,447.4253,439.8195,444.6707,441.5296,440.2288,439.4380,440.1355,441.9037,446.2691,451.0554,448.0021,447.5649,449.2188,435.8723,429.6967,421.9687,412.7288,405.8978,396.2751,386.0630
65,1.5000,SpendAwareDPRebalance (R65-aware),2.3800,29755.6151,708.1836,spend50p,708.3511,727.7459,748.6434,771.0152,794.5874,820.7426,848.1078,875.1614,904.1428,930.5213,959.8273,987.8147,1011.1275,1028.2181,1041.4431,1048.2879,1056.4646,1061.7698,1064.6235,1059.1780,1035.8485,1034.4574,1035.7212,1040.7037,1045.9031,790.9479,789.8466,779.5697,771.3143,756.7111,739.7486,726.7364,717.9697,704.4028,698.1126,696.8630,698.8238,704.0798,710.4828,720.2141,728.8647,743.0291,754.7622,761.9228,773.0721,783.4074,795.5871,802.4222,797.8274,803.0244,806.4293,821.6301,815.8693,810.2171,805.9184
65,1.5000,SpendAwareDPRebalance (R65-aware),2.3800,29755.6151,708.1836,spend75p,708.5025,739.0699,772.1175,806.8667,844.5494,884.5761,926.5623,968.5459,1018.2050,1064.8956,1108.6960,1149.5751,1184.8742,1224.6849,1256.2624,1277.7574,1296.4790,1311.3062,1320.6565,1334.6438,1304.5361,1313.5455,1332.8929,1347.2917,1366.9301,1049.3895,1040.5840,1042.3991,1030.1099,1025.0577,1008.2193,997.7249,987.5647,987.9839,987.5341,990.9835,996.5571,1014.7744,1040.6243,1070.4419,1092.2890,1126.1091,1148.7522,1191.9968,1219.8371,1247.9592,1274.6765,1293.4179,1307.6356,1319.9143,1325.5756,1341.4465,1352.5173,1377.5969,1370.5201
65,1.5000,SpendAwareDPRebalance (R65-aware),2.5000,28327.3455,708.1836,survival,1.0000,1.0000,1.0000,1.0000,1.0000,1.0000,1.0000,1.0000,1.0000,1.0000,1.0000,1.0000,1.0000,1.0000,0.9990,0.9985,0.9985,0.9975,0.9960,0.9960,0.9945,0.9945,0.9930,0.9920,0.9900,0.9885,0.9880,0.9865,0.9855,0.9840,0.9825,0.9825,0.9825,0.9815,0.9800,0.9790,0.9785,0.9780,0.9775,0.9765,0.9765,0.9750,0.9745,0.9740,0.9735,0.9735,0.9730,0.9730,0.9725,0.9720,0.9710,0.9700,0.9695,0.9685,0.9645
65,1.5000,SpendAwareDPRebalance (R65-aware),2.5000,28327.3455,708.1836,spend25p,706.8814,714.1244,721.8622,730.4300,740.0857,750.0992,762.3807,776.5377,789.9278,801.3125,812.9386,824.4893,832.9436,840.4759,843.8777,847.3638,845.4987,842.9913,836.8290,831.5558,801.3247,796.3292,786.7584,778.1960,776.9367,566.2169,557.6715,545.4883,527.5762,511.7298,490.5185,472.1782,461.0558,445.3018,434.2114,425.4712,421.6761,420.8324,419.1662,419.4809,415.6247,415.4824,417.9750,420.8325,421.9889,417.3784,417.4575,415.5973,410.4909,403.7830,390.7783,382.3452,376.3235,368.7444,355.9806
65,1.5000,SpendAwareDPRebalance (R65-aware),2.5000,28327.3455,708.1836,spend50p,707.0392,724.9327,743.7187,764.7510,785.2368,807.7007,835.0328,862.3041,888.5825,912.9052,941.5399,964.1026,987.6359,1006.8875,1015.4428,1021.0793,1032.2305,1032.9032,1038.6085,1039.4531,1006.1505,1006.1758,1010.3423,1015.0367,1016.2821,759.7427,758.1939,748.8000,735.5061,722.6129,708.8863,692.4905,679.1808,670.4337,664.4450,664.1133,661.0831,662.0060,670.2223,679.9159,692.0470,704.0227,716.5062,728.4824,738.0360,751.1302,760.1833,757.5831,759.7520,758.1451,761.6447,772.7953,766.5493,761.7534,761.3270
65,1.5000,SpendAwareDPRebalance (R65-aware),2.5000,28327.3455,708.1836,spend75p,707.1907,735.5883,766.7595,798.8604,836.8239,874.5830,911.7513,951.0326,995.8654,1040.6951,1086.4103,1123.0927,1157.6312,1190.6208,1217.7883,1241.9529,1259.3242,1270.0837,1283.3528,1300.2621,1276.0853,1279.5479,1286.4572,1304.1526,1322.2470,998.0933,995.2066,995.9851,984.1618,974.9755,964.9931,956.8626,951.1588,938.7595,944.5534,940.0781,951.8946,967.5516,989.6097,1012.8176,1036.5351,1069.7974,1100.1524,1135.5513,1164.6770,1184.2556,1214.1903,1224.8585,1243.9160,1246.1271,1262.2002,1280.6813,1296.8647,1308.6084,1304.6308
65,1.5000,SpendAwareDPRebalance (R65-aware),2.8000,25292.2728,708.1836,survival,1.0000,1.0000,1.0000,1.0000,1.0000,1.0000,1.0000,1.0000,1.0000,1.0000,1.0000,0.9995,0.9990,0.9985,0.9980,0.9950,0.9930,0.9910,0.9885,0.9865,0.9840,0.9840,0.9820,0.9800,0.9780,0.9755,0.9745,0.9740,0.9730,0.9715,0.9705,0.9695,0.9690,0.9675,0.9655,0.9650,0.9640,0.9640,0.9640,0.9635,0.9625,0.9625,0.9615,0.9615,0.9610,0.9610,0.9605,0.9595,0.9590,0.9580,0.9570,0.9565,0.9560,0.9555,0.9515
65,1.5000,SpendAwareDPRebalance (R65-aware),2.8000,25292.2728,708.1836,spend25p,694.4595,697.8516,701.3424,707.5534,713.7595,722.2544,730.3961,742.5836,752.4276,760.9380,772.1056,778.5076,785.7563,793.8458,801.0903,799.2776,793.7634,789.8068,780.8040,779.4822,746.7112,740.2928,730.0086,720.5765,717.6573,504.1345,493.8979,481.6475,467.9627,450.8265,433.0118,415.8197,400.2461,391.4164,377.7624,370.8047,364.2836,359.7793,360.4071,357.9366,356.9577,359.9395,354.7039,356.4716,352.7567,354.1423,351.5058,347.1656,343.4305,337.2698,323.9031,316.0296,307.1429,305.6390,291.1829
65,1.5000,SpendAwareDPRebalance (R65-aware),2.8000,25292.2728,708.1836,spend50p,694.6174,708.3178,723.3421,739.8515,757.2714,776.1254,796.7714,820.5207,843.0159,864.7430,891.0637,909.7470,929.1410,944.3773,952.8945,957.8808,966.9388,967.3378,968.7705,968.5818,934.4704,931.7467,937.9542,938.9028,940.6640,684.5152,681.8177,670.8031,657.4563,646.2950,631.6511,615.8323,602.0213,593.1825,585.6031,582.3734,581.8155,580.9391,590.0240,599.0601,608.1155,617.2267,627.3241,639.0099,650.5122,655.9989,660.9395,660.8123,656.9625,661.1820,655.9167,669.8231,662.3507,654.4089,653.9377
65,1.5000,SpendAwareDPRebalance (R65-aware),2.8000,25292.2728,708.1836,spend75p,694.7688,718.9776,744.4068,771.8796,805.1209,838.2515,872.1082,908.2851,944.5154,984.0780,1022.5874,1056.3752,1089.3497,1114.1128,1142.3354,1161.1307,1167.0753,1178.0650,1184.9069,1197.3421,1160.4861,1171.1689,1180.6374,1192.4485,1200.4972,888.0571,886.9421,882.4770,878.9114,866.9117,858.2217,850.5010,835.0472,828.1101,822.6390,823.4433,834.5641,853.2162,870.5874,890.0715,914.3871,947.8371,963.6185,988.3570,1009.4454,1027.2799,1047.5360,1066.3557,1079.0315,1100.6065,1114.9281,1120.0488,1138.5914,1147.4433,1149.0707
65,1.5000,SpendAwareDPRebalance (R65-aware),3.0000,23606.1213,708.1836,survival,1.0000,1.0000,1.0000,1.0000,1.0000,1.0000,1.0000,1.0000,1.0000,1.0000,1.0000,0.9990,0.9985,0.9970,0.9930,0.9900,0.9885,0.9850,0.9825,0.9800,0.9770,0.9750,0.9705,0.9685,0.9650,0.9630,0.9615,0.9595,0.9575,0.9555,0.9550,0.9545,0.9535,0.9515,0.9500,0.9495,0.9490,0.9490,0.9480,0.9470,0.9465,0.9465,0.9465,0.9450,0.9450,0.9440,0.9440,0.9440,0.9430,0.9430,0.9420,0.9420,0.9400,0.9385,0.9360
65,1.5000,SpendAwareDPRebalance (R65-aware),3.0000,23606.1213,708.1836,spend25p,694.4595,695.6507,697.6777,701.6333,705.2308,712.2679,720.4918,729.7896,736.9214,746.6220,753.2518,757.7864,766.9556,771.3100,774.6231,772.3272,763.5212,759.5781,749.0135,741.9813,705.5516,700.3443,688.3516,685.1599,680.3369,468.1275,460.9079,447.5929,430.9050,413.1027,398.9660,380.6387,366.9522,355.2533,343.9344,338.1020,328.3060,320.4236,320.0347,321.6708,318.5642,313.5441,316.9709,315.9761,316.8134,310.9654,307.5658,306.0859,294.7198,287.3766,275.4660,267.0273,265.1333,257.0500,246.6658
65,1.5000,SpendAwareDPRebalance (R65-aware),3.0000,23606.1213,708.1836,spend50p,694.6174,706.3212,719.1524,732.5246,748.5703,764.8130,783.7652,801.9509,822.5314,843.3980,865.0295,885.0269,901.0967,912.7270,917.6727,925.2313,930.0239,928.9635,929.8946,927.6926,896.0080,894.9764,896.3776,895.7553,899.1064,645.5498,637.1754,627.9699,616.5442,603.1228,588.6944,573.4913,561.2049,544.3074,537.4926,535.1896,532.9299,532.3760,538.7111,548.6817,556.5512,565.1133,577.9562,586.8147,596.1360,601.6511,609.4486,612.1141,606.6296,604.0620,603.8331,595.5918,590.5190,585.1146,578.9934
65,1.5000,SpendAwareDPRebalance (R65-aware),3.0000,23606.1213,708.1836,spend75p,694.7688,716.5802,739.9288,765.3103,794.8655,825.4834,857.9529,889.8370,924.5001,959.1761,993.5327,1023.4143,1052.0780,1078.3644,1098.0494,1114.9962,1124.7110,1130.8090,1132.5829,1146.0738,1111.6228,1116.0044,1126.5377,1136.5123,1144.3705,829.4496,825.2838,823.6731,817.9253,809.9510,803.5779,789.9076,774.4451,769.3799,768.5144,766.8515,774.0005,789.0068,799.5085,817.9511,847.2245,871.6968,891.0902,912.9450,930.5275,943.3030,963.1132,973.7090,993.7650,1008.5608,1017.8450,1036.0489,1044.6595,1056.9157,1054.8179
65,1.5000,SpendAwareDPRebalance (R65-aware),3.3300,21266.7759,708.1836,survival,1.0000,1.0000,1.0000,1.0000,1.0000,1.0000,1.0000,1.0000,1.0000,1.0000,0.9995,0.9975,0.9965,0.9920,0.9890,0.9830,0.9795,0.9725,0.9675,0.9605,0.9550,0.9505,0.9440,0.9400,0.9355,0.9325,0.9310,0.9285,0.9265,0.9235,0.9230,0.9225,0.9195,0.9190,0.9170,0.9140,0.9135,0.9125,0.9120,0.9105,0.9085,0.9080,0.9075,0.9075,0.9075,0.9075,0.9075,0.9075,0.9070,0.9065,0.9055,0.9055,0.9045,0.9045,0.9010
65,1.5000,SpendAwareDPRebalance (R65-aware),3.3300,21266.7759,708.1836,spend25p,694.4595,694.4036,694.1199,694.8720,697.1261,701.2547,707.7405,711.2028,718.4769,724.2292,729.5103,733.1391,735.5329,738.3226,734.6253,731.3507,725.4977,712.6958,698.7450,687.7059,656.4216,642.9832,631.3529,620.5758,604.6968,408.5694,397.5103,383.8248,366.6383,351.6462,337.5782,324.3386,308.0000,296.0746,283.2478,273.4004,260.0279,254.5934,250.3810,246.1960,245.3711,241.1933,239.9533,236.5560,235.3298,228.4136,219.2227,218.1933,213.4150,207.5489,198.7488,191.5135,183.7480,177.1531,167.6958
65,1.5000,SpendAwareDPRebalance (R65-aware),3.3300,21266.7759,708.1836,spend50p,694.6174,704.3896,714.3197,724.7295,739.2685,752.2547,767.0978,782.3252,800.3258,817.3232,836.3132,850.4338,863.6703,871.8160,873.8061,877.8914,881.7444,881.5942,878.0720,876.4666,840.8065,834.0673,833.6699,834.2322,836.5299,588.2139,578.1472,566.7870,553.6683,540.3811,527.0999,512.8847,498.4682,486.8885,478.4818,468.7349,463.5659,464.5489,469.9897,472.1473,479.3456,489.2351,491.9947,495.9121,503.4116,509.2620,510.1834,515.2589,517.8434,512.1192,508.7637,506.0472,502.3242,491.9770,481.3441
65,1.5000,SpendAwareDPRebalance (R65-aware),3.3300,21266.7759,708.1836,spend75p,694.7688,714.5842,735.6395,759.7988,784.8486,811.8352,837.9133,867.5234,897.7613,927.9124,958.0474,988.2928,1016.1310,1033.9485,1051.8144,1060.5772,1071.8753,1075.5787,1078.7548,1072.5140,1036.6535,1042.1491,1044.0117,1047.4623,1056.2721,759.7184,754.4972,749.3740,743.6906,728.0216,716.1360,702.4289,693.6948,685.6411,685.2365,684.4838,693.6741,702.3472,713.0900,733.5762,756.4393,768.7989,783.9152,803.8478,820.5293,833.5834,847.3234,863.1086,877.6302,892.0858,899.7321,905.5672,917.2134,929.1013,925.1796
65,1.5000,SpendAwareDPRebalance (R65-aware),3.6600,19349.2797,708.1836,survival,1.0000,1.0000,1.0000,1.0000,1.0000,1.0000,1.0000,1.0000,1.0000,0.9995,0.9970,0.9960,0.9910,0.9880,0.9765,0.9695,0.9615,0.9520,0.9455,0.9360,0.9255,0.9160,0.9085,0.9010,0.8960,0.8890,0.8865,0.8835,0.8815,0.8790,0.8750,0.8730,0.8715,0.8685,0.8675,0.8655,0.8640,0.8635,0.8620,0.8610,0.8605,0.8605,0.8595,0.8590,0.8590,0.8590,0.8590,0.8590,0.8585,0.8580,0.8575,0.8565,0.8555,0.8555,0.8535
65,1.5000,SpendAwareDPRebalance (R65-aware),3.6600,19349.2797,708.1836,spend25p,694.4595,693.7297,692.9662,691.2534,691.6437,693.1278,697.6361,700.3925,704.7217,707.4812,708.9613,711.8289,715.0838,712.1612,704.8139,695.8460,682.5494,665.4802,655.8195,639.2656,598.4935,583.5240,567.4447,560.8915,545.7215,344.4307,331.0881,318.2756,303.8468,285.9308,267.8821,250.0579,233.7622,222.7238,214.1340,200.9602,192.9236,186.8800,179.3781,174.4457,173.8576,170.4659,164.5602,160.8795,162.4979,158.4802,151.3902,147.4951,140.3458,130.8196,128.0522,118.5313,111.1152,103.6326,91.3985
65,1.5000,SpendAwareDPRebalance (R65-aware),3.6600,19349.2797,708.1836,spend50p,694.6174,703.7961,712.9916,722.8481,734.0347,745.0727,758.7979,773.8699,787.5678,803.3757,818.8138,830.3953,838.6258,845.4161,843.9174,844.3201,843.9324,841.2093,836.1910,827.6946,791.6410,785.1044,780.2970,774.3473,772.5027,520.8176,509.3031,498.8767,490.9179,480.0708,461.3760,444.4182,432.4799,423.8319,409.4695,402.2130,396.0490,395.6094,398.2938,401.5723,408.0133,408.3366,407.4844,409.4148,414.5077,419.3618,423.6693,422.1839,423.8573,419.6910,418.7723,413.1280,406.6446,400.1712,394.1312
65,1.5000,SpendAwareDPRebalance (R65-aware),3.6600,19349.2797,708.1836,spend75p,694.7688,714.2904,734.3326,756.8846,781.1743,806.8007,835.1492,859.5420,889.0426,912.1475,946.0757,972.9377,995.4128,1008.3168,1017.6336,1021.5413,1025.5613,1027.5082,1036.2380,1028.1034,989.2441,986.4342,992.7882,990.7881,998.2319,697.6589,693.8701,688.7002,685.0537,674.0401,660.1266,643.5482,630.5415,623.6876,620.4757,616.3594,621.7333,630.4210,643.3337,655.8759,672.6254,686.6915,702.7655,718.2584,738.7670,746.8520,761.8859,775.1796,778.4361,788.2104,798.3887,805.2283,807.2396,817.3205,812.0984
65,1.5000,SpendAwareDPRebalance (R65-aware),4.0000,17704.5910,708.1836,survival,1.0000,1.0000,1.0000,1.0000,1.0000,1.0000,1.0000,1.0000,1.0000,0.9990,0.9965,0.9930,0.9885,0.9765,0.9615,0.9510,0.9415,0.9275,0.9125,0.8990,0.8870,0.8730,0.8625,0.8525,0.8435,0.8360,0.8315,0.8245,0.8225,0.8195,0.8160,0.8125,0.8110,0.8075,0.8050,0.8015,0.8000,0.7990,0.7985,0.7975,0.7965,0.7955,0.7955,0.7940,0.7935,0.7935,0.7935,0.7935,0.7935,0.7930,0.7925,0.7925,0.7920,0.7920,0.7900
65,1.5000,SpendAwareDPRebalance (R65-aware),4.0000,17704.5910,708.1836,spend25p,694.4595,693.5881,692.5419,690.1712,689.7298,688.6581,691.5716,692.2895,694.9395,698.2276,696.3920,697.0854,694.2972,688.8726,673.1371,657.5470,644.7314,625.9161,605.5776,583.6417,538.7138,514.3961,492.5940,478.7175,466.3519,266.6626,251.0182,235.1966,220.2916,207.8998,192.5374,170.2504,158.7313,142.3767,128.5907,118.7596,111.8867,101.4415,95.4314,90.3330,83.3477,76.3790,72.1753,64.5805,61.3959,59.1714,55.4378,52.7331,41.0981,32.1566,21.7761,16.1098,7.3411,0.4053,0.0000
65,1.5000,SpendAwareDPRebalance (R65-aware),4.0000,17704.5910,708.1836,spend50p,694.6174,703.7063,712.8697,722.2916,733.3064,743.5257,756.3151,769.7314,782.1394,795.8136,809.5058,817.2702,824.7810,824.5714,818.1253,815.7605,813.9457,808.1288,794.1923,779.5202,742.0231,733.0001,719.8121,713.2979,709.0100,471.6332,462.4202,452.8629,440.9508,425.5965,409.1751,389.5756,377.0082,361.9085,351.7873,344.3333,339.8096,340.3065,339.2269,336.4101,334.3388,337.2505,341.2272,337.0892,337.0057,338.0902,336.4620,339.9353,338.0234,330.2184,324.2559,322.8617,312.3535,305.2683,294.8553
65,1.5000,SpendAwareDPRebalance (R65-aware),4.0000,17704.5910,708.1836,spend75p,694.7688,714.0732,734.1769,756.4540,780.2854,805.2549,831.3777,855.5207,882.0086,906.8652,932.4805,959.4997,977.1454,986.4405,991.4348,996.6260,998.6020,996.4348,988.1057,977.7450,941.3022,933.9398,936.9951,935.1579,940.4891,654.3218,649.0754,641.7193,625.0757,613.4978,601.1216,585.3379,572.6013,566.1596,559.3075,556.4710,561.0787,569.7088,580.1838,587.4670,599.9784,612.9088,627.6283,646.7973,658.9798,671.9490,686.2887,696.5577,702.9840,712.0858,720.1536,720.3443,718.3456,725.9074,719.9489
65,1.5000,SpendAwareDPRebalance (R65-aware),4.3300,16355.2803,708.1836,survival,1.0000,1.0000,1.0000,1.0000,1.0000,1.0000,1.0000,1.0000,0.9995,0.9970,0.9950,0.9900,0.9790,0.9610,0.9455,0.9355,0.9130,0.8960,0.8790,0.8615,0.8455,0.8320,0.8150,0.7960,0.7845,0.7790,0.7710,0.7675,0.7630,0.7585,0.7540,0.7515,0.7485,0.7470,0.7470,0.7460,0.7450,0.7445,0.7440,0.7420,0.7415,0.7410,0.7405,0.7405,0.7405,0.7405,0.7405,0.7405,0.7400,0.7395,0.7385,0.7375,0.7375,0.7375,0.7355
65,1.5000,SpendAwareDPRebalance (R65-aware),4.3300,16355.2803,708.1836,spend25p,694.4595,693.5321,692.2743,689.3503,688.9086,686.5335,688.0378,689.4115,688.2765,689.1125,686.5352,684.7250,675.0720,664.0893,645.5607,634.8041,609.6444,580.9697,555.6878,523.1544,475.4433,451.2558,418.2915,368.1129,347.1890,176.1514,146.5469,127.0968,99.5162,68.8047,54.3068,38.1587,0.0000,0.0000,0.0000,0.0000,0.0000,0.0000,0.0000,0.0000,0.0000,0.0000,0.0000,0.0000,0.0000,0.0000,0.0000,0.0000,0.0000,0.0000,0.0000,0.0000,0.0000,0.0000,0.0000
65,1.5000,SpendAwareDPRebalance (R65-aware),4.3300,16355.2803,708.1836,spend50p,694.6174,703.6635,712.6982,721.6900,732.8291,742.8169,754.0955,767.7255,778.1321,789.9398,800.1477,806.7085,810.6293,805.4792,799.2012,797.7719,783.8007,771.7789,753.3778,735.2160,698.0233,687.0815,672.3411,655.2826,645.4751,424.8868,410.7346,398.6732,382.1291,365.7197,351.2028,335.1318,317.1953,302.5761,294.9857,283.4456,280.9260,278.0240,276.6158,271.0304,272.5382,270.8798,271.9643,270.0244,274.1414,273.2284,268.4498,263.2485,258.0791,258.9684,246.2907,241.5922,236.2901,232.7029,225.8536
65,1.5000,SpendAwareDPRebalance (R65-aware),4.3300,16355.2803,708.1836,spend75p,694.7688,714.0732,734.1025,756.3362,780.1267,804.7710,830.2835,854.4648,878.5959,903.1161,927.2292,952.9770,963.4225,970.1274,970.8774,976.0408,974.7324,965.7543,957.9027,946.8280,900.5368,902.8021,899.1483,895.8396,889.8514,613.7436,601.8225,595.3398,580.3256,566.0143,555.6103,539.5918,529.9598,521.3549,516.0073,512.7335,511.9606,515.7521,525.0475,537.3202,552.6494,564.8724,578.5388,596.7562,600.5897,614.4874,621.0139,627.9299,632.9976,640.2942,636.4782,635.3494,641.5170,645.5513,628.0251
65,1.5000,SpendAwareDPRebalance (R65-aware),4.6600,15197.0738,708.1836,survival,1.0000,1.0000,1.0000,1.0000,1.0000,1.0000,1.0000,1.0000,0.9985,0.9965,0.9920,0.9840,0.9650,0.9475,0.9315,0.9085,0.8890,0.8635,0.8445,0.8240,0.7990,0.7775,0.7620,0.7455,0.7285,0.7215,0.7155,0.7125,0.7090,0.7025,0.7010,0.6975,0.6950,0.6925,0.6920,0.6900,0.6890,0.6875,0.6860,0.6855,0.6840,0.6840,0.6835,0.6830,0.6830,0.6830,0.6830,0.6825,0.6825,0.6820,0.6810,0.6800,0.6800,0.6800,0.6795
65,1.5000,SpendAwareDPRebalance (R65-aware),4.6600,15197.0738,708.1836,spend25p,694.4595,693.5321,692.2743,689.1371,687.5525,685.8084,685.0384,686.2943,684.6492,682.2707,677.1741,671.5000,658.6352,645.2965,627.5706,602.6043,574.4211,540.8778,510.2183,465.3841,401.5397,351.9060,293.0875,0.0000,0.0000,0.0000,0.0000,0.0000,0.0000,0.0000,0.0000,0.0000,0.0000,0.0000,0.0000,0.0000,0.0000,0.0000,0.0000,0.0000,0.0000,0.0000,0.0000,0.0000,0.0000,0.0000,0.0000,0.0000,0.0000,0.0000,0.0000,0.0000,0.0000,0.0000,0.0000
65,1.5000,SpendAwareDPRebalance (R65-aware),4.6600,15197.0738,708.1836,spend50p,694.6174,703.6635,712.6390,721.9206,732.9163,742.2989,752.3776,765.4031,775.7960,786.2504,793.6888,796.5593,796.6586,791.4694,782.1444,771.0788,756.8297,735.8399,723.0154,703.6400,657.7291,638.7983,619.6092,608.1817,588.2266,371.6902,361.1095,348.5926,334.8920,315.3518,302.0089,285.7889,272.0926,258.7448,247.9673,242.0422,233.5408,229.2843,221.3795,221.2762,217.7411,215.3684,213.6325,212.2167,211.7133,208.9734,200.4867,199.2807,195.0775,189.8599,180.3960,174.3342,167.1625,163.0804,155.2974
65,1.5000,SpendAwareDPRebalance (R65-aware),4.6600,15197.0738,708.1836,spend75p,694.7688,714.0732,734.1025,756.3362,780.1267,803.6356,830.4584,854.7128,878.7452,902.6266,924.4374,944.9538,950.9677,952.5649,951.2591,955.6589,951.3877,937.7487,932.8556,920.3248,871.4287,868.3965,860.6844,856.2851,846.1713,573.0515,566.3401,555.2200,542.9382,530.1114,516.7739,498.5835,487.8137,480.0652,475.5994,468.5863,469.1611,468.0458,479.0042,485.1849,497.2940,512.2357,518.4599,525.9307,537.5550,545.6944,555.9044,560.8406,562.3268,558.9077,556.3131,554.2017,552.1395,553.9893,552.4888
65,1.5000,SpendAwareDPRebalance (R65-aware),5.0000,14163.6728,708.1836,survival,1.0000,1.0000,1.0000,1.0000,1.0000,1.0000,1.0000,0.9995,0.9975,0.9940,0.9875,0.9705,0.9500,0.9300,0.9065,0.8815,0.8535,0.8280,0.7995,0.7715,0.7465,0.7225,0.7065,0.6910,0.6745,0.6680,0.6615,0.6580,0.6515,0.6505,0.6480,0.6455,0.6435,0.6405,0.6385,0.6360,0.6340,0.6335,0.6320,0.6310,0.6310,0.6310,0.6310,0.6305,0.6305,0.6300,0.6300,0.6300,0.6300,0.6300,0.6300,0.6290,0.6290,0.6290,0.6280
65,1.5000,SpendAwareDPRebalance (R65-aware),5.0000,14163.6728,708.1836,spend25p,694.4595,693.5321,692.2743,689.1371,687.0693,684.8322,682.6696,683.1941,680.8416,675.5531,668.2023,656.3894,644.4863,624.1951,604.7475,577.5018,535.1396,488.2764,434.8668,365.4727,0.0000,0.0000,0.0000,0.0000,0.0000,0.0000,0.0000,0.0000,0.0000,0.0000,0.0000,0.0000,0.0000,0.0000,0.0000,0.0000,0.0000,0.0000,0.0000,0.0000,0.0000,0.0000,0.0000,0.0000,0.0000,0.0000,0.0000,0.0000,0.0000,0.0000,0.0000,0.0000,0.0000,0.0000,0.0000
65,1.5000,SpendAwareDPRebalance (R65-aware),5.0000,14163.6728,708.1836,spend50p,694.6174,703.6635,712.6390,721.7973,732.7438,742.1159,751.4145,763.8082,774.1980,781.5594,786.1578,787.6953,781.1142,774.1245,764.9365,748.5603,728.1242,707.6311,683.4853,656.7621,610.8332,588.3767,567.0724,549.9855,530.1068,321.7707,309.3748,296.0494,277.1688,262.8154,247.0616,231.9768,216.6381,203.5402,191.8128,182.7886,175.4376,169.4376,164.2820,163.6265,159.9005,157.0527,157.0461,150.5706,149.0452,144.1524,140.9399,138.0582,132.7527,128.2247,119.9884,111.4579,103.1713,96.2668,88.3139
65,1.5000,SpendAwareDPRebalance (R65-aware),5.0000,14163.6728,708.1836,spend75p,694.7688,714.0732,734.1025,756.3795,780.0090,803.6356,830.2835,854.2846,878.5265,901.1786,921.8467,936.3291,938.5533,942.8305,944.3983,936.6921,928.2251,917.8751,897.4049,875.8420,827.8073,820.4894,812.4690,805.5208,791.9290,532.7443,521.7583,514.3525,496.8318,482.6412,472.0594,462.5183,447.6528,437.4024,434.3089,429.0516,431.4803,429.4709,440.5137,442.0189,448.7454,458.6383,468.1094,472.5783,481.3283,489.6011,491.8765,500.4064,497.8559,492.8534,490.0069,489.9995,477.9078,478.7179,473.2365
65,2.0000,SpendAwareDPRebalance (R65-aware),1.5000,62471.8790,937.0782,survival,1.0000,1.0000,1.0000,1.0000,1.0000,1.0000,1.0000,1.0000,1.0000,1.0000,1.0000,1.0000,1.0000,1.0000,1.0000,1.0000,1.0000,1.0000,1.0000,1.0000,1.0000,1.0000,1.0000,1.0000,1.0000,1.0000,1.0000,1.0000,1.0000,1.0000,1.0000,0.9995,0.9995,0.9995,0.9985,0.9980,0.9980,0.9975,0.9965,0.9960,0.9955,0.9945,0.9945,0.9945,0.9945,0.9935,0.9935,0.9935,0.9935,0.9930,0.9915,0.9905,0.9890,0.9885,0.9860
65,2.0000,SpendAwareDPRebalance (R65-aware),1.5000,62471.8790,937.0782,spend25p,946.2435,971.3190,996.3614,1019.6378,1045.8647,1071.7554,1099.6463,1127.5170,1151.6046,1176.4945,1195.6753,1213.1493,1225.5113,1245.4675,1254.5365,1262.5665,1267.2812,1264.2649,1262.4766,1255.6045,1228.6977,1219.3765,1212.2784,1216.3364,1209.3961,1009.6863,998.1379,986.8078,968.5182,948.1289,930.7422,911.5950,890.9145,875.4315,866.2896,858.7565,859.8638,860.9803,856.8807,858.0196,862.0634,856.7383,868.4704,891.0480,900.0153,909.2336,916.1547,925.8588,930.5973,929.9043,925.7489,928.9650,927.6599,916.4435,907.6164
65,2.0000,SpendAwareDPRebalance (R65-aware),1.5000,62471.8790,937.0782,spend50p,946.4014,985.6336,1026.8888,1069.5338,1113.6019,1160.4555,1210.3756,1260.2988,1312.5837,1359.8183,1410.8588,1451.5142,1495.2686,1532.5207,1563.1686,1585.5069,1600.0696,1609.8648,1621.9857,1625.1563,1605.1708,1620.6237,1630.8392,1640.2814,1646.9372,1391.8465,1396.0015,1389.8224,1386.7572,1373.0157,1356.5940,1342.4185,1325.5307,1322.1562,1324.9101,1331.7845,1335.1053,1351.4892,1374.9703,1403.3760,1450.5911,1476.8344,1503.3438,1528.1111,1549.0639,1573.8785,1591.2728,1623.5026,1647.9673,1680.4585,1666.3324,1686.5489,1692.9079,1710.4052,1711.1160
65,2.0000,SpendAwareDPRebalance (R65-aware),1.5000,62471.8790,937.0782,spend75p,946.5528,999.7011,1056.4129,1119.0830,1184.3709,1253.8993,1327.4319,1403.5341,1482.1020,1568.8348,1654.8412,1736.1285,1808.1660,1874.7971,1936.6946,1986.0423,2030.1508,2069.0506,2103.3839,2133.4718,2125.0804,2163.2630,2182.3791,2207.6534,2228.0401,1936.6862,1956.2017,1965.9330,1968.8293,1967.9686,1963.3551,1938.9315,1933.6883,1949.8039,1958.9210,1986.4205,1998.5659,2038.7643,2081.3737,2153.8905,2217.2469,2286.0382,2335.8968,2398.2453,2452.4122,2522.1589,2592.5066,2650.7654,2691.5452,2752.8784,2802.9785,2854.1983,2899.3918,2928.6324,2993.4281
65,2.0000,SpendAwareDPRebalance (R65-aware),1.6600,56450.4930,937.0782,survival,1.0000,1.0000,1.0000,1.0000,1.0000,1.0000,1.0000,1.0000,1.0000,1.0000,1.0000,1.0000,1.0000,1.0000,1.0000,1.0000,1.0000,1.0000,1.0000,1.0000,1.0000,1.0000,1.0000,1.0000,1.0000,1.0000,1.0000,0.9995,0.9995,0.9995,0.9990,0.9985,0.9975,0.9970,0.9955,0.9955,0.9955,0.9955,0.9950,0.9945,0.9940,0.9940,0.9935,0.9930,0.9925,0.9925,0.9925,0.9925,0.9915,0.9910,0.9890,0.9880,0.9870,0.9860,0.9840
65,2.0000,SpendAwareDPRebalance (R65-aware),1.6600,56450.4930,937.0782,spend25p,946.2435,969.0358,991.6251,1015.5192,1039.0612,1063.5479,1089.2992,1111.9530,1139.9488,1162.1137,1182.9687,1201.8924,1216.1913,1229.5341,1239.1837,1244.3655,1249.6443,1242.6549,1247.7913,1237.2219,1210.3776,1206.1390,1198.6016,1201.0888,1191.1288,991.3963,975.8330,963.0342,946.1342,922.5995,903.9382,881.3641,866.0307,854.7315,843.9203,834.1107,836.7288,839.6504,832.9472,837.2880,839.1772,839.5939,846.7807,857.7027,868.2463,879.8107,883.2457,900.5159,893.9195,893.5356,883.3938,884.6183,876.3423,876.9772,863.9017
65,2.0000,SpendAwareDPRebalance (R65-aware),1.6600,56450.4930,937.0782,spend50p,946.4014,983.4037,1021.7940,1062.7873,1105.7560,1150.5547,1199.3615,1245.3598,1296.6879,1343.0136,1392.3315,1433.3505,1473.8558,1512.1196,1539.3341,1555.5040,1568.4311,1583.3228,1592.1195,1592.7379,1571.5859,1586.8064,1599.9914,1603.4254,1609.8690,1354.6987,1358.0759,1352.5936,1349.0479,1334.8689,1314.5415,1297.4036,1281.4428,1262.4124,1272.5002,1276.3497,1288.5701,1301.3266,1318.0662,1351.0032,1381.1724,1409.8489,1443.6159,1465.3345,1488.9632,1514.9575,1538.9089,1559.3064,1582.4924,1601.1596,1599.8696,1604.7009,1621.9944,1625.8815,1623.6084
65,2.0000,SpendAwareDPRebalance (R65-aware),1.6600,56450.4930,937.0782,spend75p,946.5528,997.6420,1052.8265,1112.1903,1176.3587,1242.8706,1311.5632,1388.3200,1461.7306,1543.9826,1629.0445,1707.5054,1771.9334,1827.8672,1884.9041,1940.3961,1976.5656,2007.4325,2045.6272,2075.3328,2056.0572,2078.3113,2111.3263,2127.4370,2161.3720,1854.5177,1876.8309,1882.4449,1895.5987,1878.9437,1861.6269,1852.1237,1837.8308,1843.2784,1845.7832,1869.4477,1891.0807,1927.6219,1988.5339,2065.6747,2119.9401,2173.7635,2221.6698,2250.2808,2325.7143,2398.3938,2454.0226,2511.7404,2575.2892,2612.7325,2660.7428,2701.0573,2727.6995,2788.0767,2827.5166
65,2.0000,SpendAwareDPRebalance (R65-aware),1.8000,52059.8991,937.0782,survival,1.0000,1.0000,1.0000,1.0000,1.0000,1.0000,1.0000,1.0000,1.0000,1.0000,1.0000,1.0000,1.0000,1.0000,1.0000,1.0000,1.0000,1.0000,1.0000,1.0000,1.0000,1.0000,1.0000,1.0000,1.0000,1.0000,0.9995,0.9995,0.9995,0.9995,0.9985,0.9970,0.9960,0.9955,0.9955,0.9955,0.9955,0.9945,0.9940,0.9930,0.9920,0.9920,0.9915,0.9915,0.9915,0.9915,0.9915,0.9910,0.9900,0.9895,0.9880,0.9860,0.9845,0.9830,0.9800
65,2.0000,SpendAwareDPRebalance (R65-aware),1.8000,52059.8991,937.0782,spend25p,937.0878,957.5724,979.3505,999.4913,1021.1338,1045.4678,1067.7535,1089.4027,1115.9526,1139.1330,1156.1979,1175.3188,1187.0835,1202.6498,1211.7822,1218.5525,1227.8649,1217.6822,1215.1174,1208.4409,1177.6167,1172.9404,1164.3513,1166.9859,1159.6867,954.0833,942.3890,930.0197,907.0099,888.2123,869.4926,844.2072,826.8527,817.3382,801.3048,797.0785,798.1894,797.3764,794.7396,800.2281,805.6688,804.6789,811.8307,818.2996,831.3593,832.0395,844.7305,856.0593,854.7949,859.7736,846.1557,836.5803,829.8581,822.2095,807.1328
65,2.0000,SpendAwareDPRebalance (R65-aware),1.8000,52059.8991,937.0782,spend50p,937.2456,972.0195,1007.6034,1046.4009,1086.9329,1130.1215,1175.2434,1219.3202,1265.8134,1312.5754,1359.9772,1400.5289,1438.2052,1474.3376,1496.3512,1514.2765,1532.8348,1540.6391,1552.1637,1550.8076,1518.0842,1538.2167,1545.0425,1556.4247,1559.2967,1300.4832,1304.6877,1307.2632,1296.4690,1279.4433,1264.3648,1243.6459,1227.6374,1214.7197,1219.3694,1218.8637,1231.5586,1244.7106,1269.8273,1284.7050,1312.8778,1348.2005,1368.3100,1398.2104,1417.5199,1437.5819,1472.5741,1479.3958,1499.7888,1510.6657,1512.8081,1534.9331,1539.9448,1529.9357,1534.5147
65,2.0000,SpendAwareDPRebalance (R65-aware),1.8000,52059.8991,937.0782,spend75p,937.3970,985.8968,1038.7527,1094.3299,1157.4033,1220.8534,1286.4554,1353.9320,1431.6839,1509.0191,1584.5198,1658.3357,1717.7661,1776.8520,1832.0782,1873.8166,1908.3239,1934.3018,1971.2007,1991.2724,1961.7600,1986.1564,2004.2988,2040.9499,2074.2219,1772.2197,1780.7466,1790.2878,1792.3075,1778.7366,1771.7918,1752.4880,1737.1129,1738.3670,1756.8266,1775.0324,1803.6138,1826.9085,1870.0712,1937.4279,1990.6559,2049.6681,2080.5842,2131.0862,2193.5488,2269.6433,2316.4331,2364.6467,2414.7335,2459.9780,2510.7609,2533.8469,2602.9311,2613.7730,2624.3491
65,2.0000,SpendAwareDPRebalance (R65-aware),1.8900,49580.8563,937.0782,survival,1.0000,1.0000,1.0000,1.0000,1.0000,1.0000,1.0000,1.0000,1.0000,1.0000,1.0000,1.0000,1.0000,1.0000,1.0000,1.0000,1.0000,1.0000,1.0000,1.0000,1.0000,1.0000,1.0000,1.0000,1.0000,0.9995,0.9990,0.9990,0.9990,0.9985,0.9975,0.9960,0.9955,0.9945,0.9945,0.9945,0.9940,0.9935,0.9930,0.9925,0.9925,0.9915,0.9915,0.9910,0.9905,0.9905,0.9900,0.9890,0.9890,0.9875,0.9865,0.9835,0.9825,0.9810,0.9775
65,2.0000,SpendAwareDPRebalance (R65-aware),1.8900,49580.8563,937.0782,spend25p,937.0878,955.8158,975.7765,994.1860,1014.7341,1035.7753,1057.3840,1081.4190,1106.6121,1127.9671,1144.2950,1167.1315,1177.8776,1187.7904,1199.7869,1205.0909,1212.7453,1201.6072,1198.0445,1192.1840,1160.9924,1148.2714,1148.8165,1144.0575,1140.4683,934.0671,925.0571,913.4797,891.2327,869.9172,850.6832,826.7091,815.5072,798.2798,779.1262,777.6376,779.3037,779.6320,779.4660,784.6232,792.1624,784.5484,792.8645,801.6925,808.8196,811.8065,828.8649,823.7914,832.7867,834.8628,818.1027,804.8198,798.0827,800.5556,778.0304
65,2.0000,SpendAwareDPRebalance (R65-aware),1.8900,49580.8563,937.0782,spend50p,937.2456,970.1242,1004.7900,1041.1159,1081.7015,1120.7368,1165.7959,1209.2511,1251.7124,1297.6842,1341.0107,1381.1682,1416.2505,1450.0733,1473.1133,1488.5235,1508.1105,1509.7140,1522.2693,1528.5499,1495.8886,1507.5888,1518.4245,1522.8248,1524.6861,1272.9743,1276.5354,1267.2707,1261.1538,1245.0353,1231.5651,1210.0782,1190.2892,1186.3079,1178.4424,1179.0094,1192.2738,1206.8721,1226.5835,1245.3865,1275.0034,1299.3816,1329.4668,1352.3077,1369.4769,1389.0933,1422.6301,1440.1505,1445.0406,1459.3515,1459.4676,1473.6997,1481.4034,1475.6904,1477.1436
65,2.0000,SpendAwareDPRebalance (R65-aware),1.8900,49580.8563,937.0782,spend75p,937.3970,984.7718,1034.8242,1089.1026,1149.4574,1211.9938,1273.8232,1341.6720,1414.4344,1488.9101,1559.9517,1629.5144,1684.3253,1747.6963,1796.1250,1839.1122,1879.3861,1903.0174,1928.3894,1945.6788,1911.4093,1937.7494,1959.7704,1994.4431,2018.6986,1714.8822,1727.4189,1732.2567,1719.9228,1714.6505,1707.4720,1697.6622,1686.8833,1681.1404,1684.4187,1704.3964,1738.4760,1759.8502,1814.9784,1870.2529,1919.6434,1958.0848,2002.1846,2054.9136,2120.4388,2185.3114,2235.1209,2295.9894,2333.3041,2365.3136,2409.0394,2434.7000,2484.1820,2516.2881,2518.1841
65,2.0000,SpendAwareDPRebalance (R65-aware),2.0000,46853.9092,937.0782,survival,1.0000,1.0000,1.0000,1.0000,1.0000,1.0000,1.0000,1.0000,1.0000,1.0000,1.0000,1.0000,1.0000,1.0000,1.0000,1.0000,1.0000,1.0000,1.0000,1.0000,1.0000,0.9995,0.9995,0.9990,0.9985,0.9980,0.9975,0.9970,0.9965,0.9965,0.9950,0.9935,0.9930,0.9925,0.9925,0.9925,0.9915,0.9910,0.9905,0.9900,0.9895,0.9885,0.9880,0.9875,0.9870,0.9870,0.9870,0.9865,0.9860,0.9850,0.9845,0.9830,0.9810,0.9790,0.9750
65,2.0000,SpendAwareDPRebalance (R65-aware),2.0000,46853.9092,937.0782,spend25p,937.0878,953.5898,972.5884,990.0049,1006.6515,1027.5822,1047.9397,1071.6097,1094.5195,1114.8067,1128.4505,1148.6080,1161.5311,1173.5595,1179.8116,1187.1350,1185.5912,1181.5190,1181.8106,1176.9458,1140.6911,1132.9466,1131.0768,1122.7411,1121.0324,911.5556,902.8129,883.4662,867.1769,843.0975,827.5783,807.4034,789.6421,772.6857,756.4700,749.4916,745.8840,753.5882,753.1101,757.8132,753.0274,760.2594,767.5777,768.2542,782.4695,787.3088,796.7902,796.1613,791.6065,786.7621,787.6709,774.7686,765.2162,761.0547,734.6283
65,2.0000,SpendAwareDPRebalance (R65-aware),2.0000,46853.9092,937.0782,spend50p,937.2456,968.1305,1000.5639,1036.1085,1073.9561,1110.5999,1151.1690,1196.2399,1234.2329,1274.8856,1315.2263,1357.0454,1396.0413,1419.8095,1448.8938,1457.4572,1474.6556,1478.7500,1486.3074,1485.6864,1460.8564,1468.2948,1474.7593,1482.1687,1486.0454,1232.5998,1234.8817,1227.1708,1216.3428,1200.3675,1189.1955,1163.6336,1149.7210,1138.6320,1136.8662,1136.4084,1153.2296,1159.8215,1177.0956,1193.1356,1221.1731,1244.4226,1267.2952,1290.2420,1310.2862,1332.4512,1362.4924,1379.7862,1386.7453,1393.0987,1395.8208,1410.3713,1417.9072,1417.2871,1418.9789
65,2.0000,SpendAwareDPRebalance (R65-aware),2.0000,46853.9092,937.0782,spend75p,937.3970,982.8379,1031.4485,1081.8857,1140.5770,1196.9590,1260.7492,1325.6094,1394.0531,1463.4239,1531.0648,1593.8201,1648.3203,1708.1798,1756.0174,1797.5559,1830.3745,1855.3149,1874.9864,1878.2015,1856.0542,1877.3230,1912.1417,1938.6953,1959.5106,1654.4644,1655.5102,1655.1127,1649.0619,1643.3408,1639.3067,1620.4768,1610.3586,1612.8931,1618.7308,1630.1579,1656.6699,1688.6570,1742.1771,1780.0203,1826.1848,1866.3102,1909.1540,1962.6663,2030.4031,2091.3247,2147.6517,2185.3821,2224.1455,2246.8530,2297.5620,2331.6030,2375.5577,2384.3071,2420.1217
65,2.0000,SpendAwareDPRebalance (R65-aware),2.1300,43994.2810,937.0782,survival,1.0000,1.0000,1.0000,1.0000,1.0000,1.0000,1.0000,1.0000,1.0000,1.0000,1.0000,1.0000,1.0000,1.0000,1.0000,1.0000,1.0000,1.0000,1.0000,1.0000,0.9990,0.9990,0.9990,0.9975,0.9965,0.9965,0.9955,0.9955,0.9955,0.9955,0.9930,0.9920,0.9915,0.9905,0.9905,0.9905,0.9900,0.9890,0.9885,0.9875,0.9860,0.9860,0.9855,0.9855,0.9845,0.9845,0.9845,0.9845,0.9835,0.9825,0.9815,0.9800,0.9775,0.9755,0.9720
65,2.0000,SpendAwareDPRebalance (R65-aware),2.1300,43994.2810,937.0782,spend25p,937.0878,951.3488,967.3147,983.0254,998.8879,1017.8332,1035.4327,1055.8697,1074.8448,1096.9808,1110.8988,1131.2481,1141.7355,1153.7997,1159.6648,1162.7778,1168.6567,1161.4541,1158.5386,1155.9753,1119.9485,1112.2404,1107.5589,1095.9058,1092.0906,882.7294,875.7077,853.9487,837.5475,815.1613,794.4805,773.6291,755.5051,736.1320,728.3021,713.6690,708.0429,712.9235,715.9004,719.7214,722.5264,728.3166,737.0982,736.3719,747.0414,747.5850,754.4457,760.7561,750.9174,743.1763,744.2932,727.6494,720.5938,716.4018,700.8156
65,2.0000,SpendAwareDPRebalance (R65-aware),2.1300,43994.2810,937.0782,spend50p,937.2456,965.7805,995.4132,1027.7246,1060.7363,1097.6520,1137.3596,1177.0757,1217.6784,1255.4475,1291.8360,1333.7491,1367.0126,1391.9125,1413.2693,1423.3487,1434.4985,1437.7958,1443.4664,1447.3699,1417.4227,1418.7818,1428.3004,1426.3222,1432.4484,1184.8444,1186.0652,1178.2225,1167.0493,1149.8843,1132.7945,1116.6817,1105.6574,1094.4812,1087.8756,1095.4464,1104.5894,1109.4815,1126.1612,1143.2555,1166.1143,1188.0639,1204.4271,1214.7666,1240.5326,1259.4399,1283.1086,1284.7215,1305.0110,1319.2620,1328.2524,1334.6923,1330.0006,1342.9906,1343.5108
65,2.0000,SpendAwareDPRebalance (R65-aware),2.1300,43994.2810,937.0782,spend75p,937.3970,980.2410,1026.4531,1075.4585,1128.4724,1183.1139,1240.3436,1299.9681,1369.7941,1434.8776,1498.7499,1554.5141,1606.6461,1662.9227,1702.3239,1745.8452,1777.3093,1795.5857,1807.3007,1817.8332,1796.1354,1813.4373,1841.5287,1862.9684,1893.3469,1578.5908,1576.7084,1573.1770,1561.8931,1559.3401,1547.3917,1535.3057,1511.6189,1517.7770,1530.8523,1537.2656,1562.2647,1594.3895,1630.1414,1669.3181,1701.6475,1759.9193,1810.8884,1882.8887,1930.0268,1978.9459,2020.7304,2074.5660,2097.0425,2127.8220,2169.5759,2203.5281,2209.2164,2251.0361,2264.6054
65,2.0000,SpendAwareDPRebalance (R65-aware),2.2200,42210.7290,937.0782,survival,1.0000,1.0000,1.0000,1.0000,1.0000,1.0000,1.0000,1.0000,1.0000,1.0000,1.0000,1.0000,1.0000,1.0000,1.0000,1.0000,1.0000,0.9990,0.9990,0.9985,0.9985,0.9975,0.9965,0.9960,0.9945,0.9945,0.9945,0.9945,0.9940,0.9930,0.9910,0.9910,0.9910,0.9900,0.9895,0.9880,0.9870,0.9860,0.9850,0.9840,0.9840,0.9830,0.9820,0.9820,0.9815,0.9815,0.9815,0.9815,0.9810,0.9795,0.9780,0.9780,0.9755,0.9730,0.9685
65,2.0000,SpendAwareDPRebalance (R65-aware),2.2200,42210.7290,937.0782,spend25p,937.0878,949.7163,963.3881,977.3156,991.7464,1009.5261,1026.0274,1047.2203,1064.7307,1084.7454,1097.7542,1117.2069,1128.5041,1135.8075,1150.2676,1147.7620,1154.5234,1145.3473,1143.5877,1135.8408,1101.8975,1091.3318,1087.7952,1070.9038,1071.5362,861.9844,855.3344,837.7246,816.7434,794.2353,770.8417,754.6363,736.6965,719.0058,706.1281,694.3621,689.8161,689.3371,691.8435,694.1467,698.3472,701.5657,711.8705,712.9619,719.8511,722.1616,732.3649,729.9543,726.5220,713.6706,710.6058,703.3800,688.4180,679.5999,667.3971
65,2.0000,SpendAwareDPRebalance (R65-aware),2.2200,42210.7290,937.0782,spend50p,937.2456,963.6060,991.8891,1022.2915,1053.6721,1089.1596,1126.1930,1164.3991,1200.4746,1236.1298,1274.8704,1312.2629,1344.0798,1368.9804,1385.2956,1399.8458,1407.9451,1410.6904,1417.2887,1415.8090,1388.8865,1389.4148,1390.1776,1394.7518,1405.3385,1151.2675,1152.8235,1143.8789,1134.0868,1114.5786,1101.3188,1088.5198,1075.2413,1061.1353,1056.0749,1057.7414,1061.6998,1077.4006,1086.2894,1100.7436,1131.6050,1144.7437,1161.5388,1183.8137,1203.0958,1220.6171,1242.1248,1244.0016,1257.7173,1268.1188,1275.9948,1295.7678,1294.7946,1295.5288,1291.5782
65,2.0000,SpendAwareDPRebalance (R65-aware),2.2200,42210.7290,937.0782,spend75p,937.3970,978.8913,1023.4386,1070.3533,1120.5954,1173.8438,1230.4748,1288.6267,1352.0106,1418.6228,1475.3061,1531.4336,1579.2907,1636.1269,1672.2667,1702.4331,1735.4679,1749.3062,1763.4512,1787.9603,1756.9548,1773.0545,1789.2921,1815.0291,1835.0072,1522.8209,1522.2484,1524.2594,1509.5859,1501.5235,1489.6804,1475.7444,1467.8672,1472.4765,1470.9664,1476.1311,1498.1889,1533.5251,1567.3453,1607.3381,1648.3372,1699.5507,1747.9178,1809.2493,1866.7216,1913.6261,1946.6896,1987.7819,2018.1586,2041.3773,2075.9107,2084.5668,2102.2789,2126.7117,2147.9075
65,2.0000,SpendAwareDPRebalance (R65-aware),2.3800,39373.0330,937.0782,survival,1.0000,1.0000,1.0000,1.0000,1.0000,1.0000,1.0000,1.0000,1.0000,1.0000,1.0000,1.0000,1.0000,1.0000,0.9995,0.9990,0.9990,0.9985,0.9975,0.9965,0.9960,0.9955,0.9955,0.9945,0.9940,0.9935,0.9915,0.9910,0.9900,0.9875,0.9860,0.9840,0.9835,0.9830,0.9825,0.9820,0.9810,0.9810,0.9805,0.9805,0.9775,0.9765,0.9760,0.9755,0.9755,0.9750,0.9750,0.9750,0.9740,0.9730,0.9725,0.9715,0.9700,0.9675,0.9635
65,2.0000,SpendAwareDPRebalance (R65-aware),2.3800,39373.0330,937.0782,spend25p,934.3545,943.9831,954.0241,965.4195,977.3212,991.3206,1007.1060,1026.0208,1043.2029,1058.8099,1073.7827,1086.5202,1096.2730,1106.1561,1113.2252,1117.9801,1114.4680,1112.8245,1104.2436,1097.0634,1064.0322,1057.4307,1046.7303,1035.5608,1032.3868,823.6028,809.5149,793.9219,776.9259,754.4874,728.9879,704.9443,692.4676,670.7756,658.9558,653.3751,643.8514,652.4757,653.8609,652.5085,655.9101,656.1952,664.6858,670.9664,672.3445,673.4161,673.7850,679.4241,670.5083,659.6133,650.6340,645.1164,635.4525,631.9900,618.7370
65,2.0000,SpendAwareDPRebalance (R65-aware),2.3800,39373.0330,937.0782,spend50p,934.5124,958.2343,982.8045,1010.5483,1037.3551,1067.5489,1103.3770,1139.3101,1174.1689,1206.2853,1242.2616,1273.6740,1303.0771,1329.2190,1339.7077,1345.7689,1359.2018,1360.5468,1368.1083,1367.0728,1333.0046,1337.7514,1338.7200,1345.9164,1348.8229,1095.4411,1096.3915,1080.2192,1070.2978,1052.4188,1041.3573,1018.8852,1006.5249,993.6479,995.0367,995.5266,999.7975,1007.9457,1016.2840,1037.5897,1053.6015,1073.1470,1095.6459,1111.1181,1132.2568,1152.0314,1167.0584,1166.9970,1172.7132,1177.0648,1192.5845,1207.6063,1211.7183,1206.1469,1204.0409
65,2.0000,SpendAwareDPRebalance (R65-aware),2.3800,39373.0330,937.0782,spend75p,934.6638,972.2740,1013.4429,1055.8116,1105.5075,1155.5381,1204.9343,1256.8761,1315.8313,1374.2146,1432.6234,1483.4016,1531.3521,1573.1429,1607.6032,1637.2521,1653.2123,1673.1531,1683.3485,1711.1099,1689.2726,1697.7936,1706.3168,1728.4516,1751.6384,1431.5219,1426.9567,1422.2163,1417.2372,1410.9473,1398.2491,1388.0349,1386.3525,1373.4910,1385.7589,1384.4143,1397.8488,1438.7789,1470.0809,1511.8124,1542.1614,1588.3022,1633.3978,1688.2892,1733.5285,1778.3169,1821.3618,1846.9876,1866.7845,1893.2473,1922.0223,1944.3800,1959.7108,1983.8766,1990.0922
65,2.0000,SpendAwareDPRebalance (R65-aware),2.5000,37483.1274,937.0782,survival,1.0000,1.0000,1.0000,1.0000,1.0000,1.0000,1.0000,1.0000,1.0000,1.0000,1.0000,1.0000,1.0000,0.9995,0.9985,0.9985,0.9985,0.9980,0.9955,0.9955,0.9945,0.9940,0.9930,0.9910,0.9905,0.9880,0.9875,0.9870,0.9850,0.9835,0.9820,0.9815,0.9815,0.9815,0.9810,0.9805,0.9795,0.9780,0.9760,0.9750,0.9745,0.9735,0.9725,0.9725,0.9725,0.9715,0.9715,0.9710,0.9700,0.9695,0.9685,0.9670,0.9665,0.9645,0.9600
65,2.0000,SpendAwareDPRebalance (R65-aware),2.5000,37483.1274,937.0782,spend25p,918.7762,926.1993,934.7492,944.5094,956.1884,968.6484,981.8867,999.1991,1014.9342,1028.2997,1040.7140,1054.7983,1065.0878,1078.3126,1083.3471,1084.2715,1083.3400,1077.9031,1070.9722,1060.9714,1033.1648,1023.5121,1013.4847,1000.3173,997.4021,786.2045,777.0330,758.8421,740.1334,716.3051,693.8696,674.1822,661.2194,643.6403,627.1071,620.3755,617.1961,617.6970,616.5019,613.8581,617.3975,620.3388,624.0754,629.3753,636.8398,631.1923,633.3353,628.0288,628.3431,620.1173,604.3260,596.3827,593.2649,584.9768,573.2716
65,2.0000,SpendAwareDPRebalance (R65-aware),2.5000,37483.1274,937.0782,spend50p,918.9340,940.1226,963.4156,990.1595,1013.5430,1040.8521,1072.5292,1107.0958,1140.7043,1174.1313,1207.3760,1236.5838,1262.8731,1284.2797,1297.8371,1303.5531,1314.3955,1317.5827,1320.9761,1322.0670,1286.2529,1289.2224,1289.7202,1298.1368,1302.0388,1045.5781,1045.4666,1034.2452,1016.9550,1001.3995,985.9635,974.4615,951.6914,946.1451,942.2272,943.6021,944.7730,950.4780,964.4262,980.5928,1004.3840,1026.5748,1039.3121,1054.2163,1078.3843,1094.3744,1097.6212,1104.5006,1100.4701,1114.4167,1126.0479,1144.7712,1140.0648,1141.8981,1139.3299
65,2.0000,SpendAwareDPRebalance (R65-aware),2.5000,37483.1274,937.0782,spend75p,919.0855,954.2770,992.4895,1032.2517,1081.0864,1128.4578,1174.6586,1223.5649,1278.3084,1334.0539,1385.5570,1432.9606,1481.1424,1518.3526,1557.4333,1582.7209,1603.6175,1613.8518,1620.2531,1642.8405,1616.2186,1627.5204,1639.2520,1660.0823,1673.2295,1356.2501,1349.5040,1348.4643,1343.6143,1332.3747,1326.1614,1323.1180,1323.0083,1312.8523,1314.8954,1311.6520,1329.1181,1355.7548,1384.9055,1424.4804,1456.3619,1503.9162,1545.4107,1591.6093,1637.8278,1675.4001,1722.0220,1742.5580,1768.7313,1795.8606,1827.6546,1845.2377,1874.9314,1893.6580,1885.3499
65,2.0000,SpendAwareDPRebalance (R65-aware),2.8000,33467.0780,937.0782,survival,1.0000,1.0000,1.0000,1.0000,1.0000,1.0000,1.0000,1.0000,1.0000,1.0000,1.0000,0.9995,0.9990,0.9980,0.9970,0.9945,0.9910,0.9880,0.9870,0.9860,0.9825,0.9820,0.9795,0.9770,0.9750,0.9720,0.9705,0.9700,0.9675,0.9645,0.9620,0.9615,0.9610,0.9600,0.9585,0.9575,0.9565,0.9565,0.9555,0.9545,0.9540,0.9525,0.9525,0.9515,0.9505,0.9490,0.9490,0.9475,0.9470,0.9465,0.9460,0.9445,0.9425,0.9405,0.9360
65,2.0000,SpendAwareDPRebalance (R65-aware),2.8000,33467.0780,937.0782,spend25p,918.7762,921.1343,923.8504,931.1085,936.7415,944.8485,955.6088,970.3645,982.3211,993.3307,1000.1745,1010.1527,1019.1370,1029.4653,1035.5200,1032.2429,1021.4005,1011.9338,1002.6313,992.3681,956.2147,951.2428,936.4055,930.7282,926.5967,711.1013,699.3932,689.3287,663.4905,641.8914,621.1431,602.1227,584.9418,567.3962,555.1106,548.5178,538.1603,540.1314,538.2225,537.9964,534.9714,535.5330,538.8329,539.0175,539.0621,539.9078,539.5094,534.7171,527.3531,527.6976,511.8663,509.1286,498.6070,492.7041,478.7101
65,2.0000,SpendAwareDPRebalance (R65-aware),2.8000,33467.0780,937.0782,spend50p,918.9340,935.1475,952.3225,971.3215,993.9688,1016.3624,1041.4232,1066.5802,1092.2256,1121.0622,1150.5234,1176.9351,1201.9803,1217.4896,1226.3710,1234.3000,1237.9206,1240.8816,1241.3638,1241.8401,1205.4211,1205.3234,1205.9309,1205.2452,1206.5470,957.1313,947.7959,943.1502,929.2694,911.3595,895.4135,873.6201,859.2174,849.9911,847.2022,841.6653,845.7751,847.0594,857.1470,869.0970,890.2397,910.9216,927.4571,951.9652,965.7472,984.9690,991.5421,995.8830,988.8742,990.9653,1000.9241,997.1857,991.4980,990.9632,981.1823
65,2.0000,SpendAwareDPRebalance (R65-aware),2.8000,33467.0780,937.0782,spend75p,919.0855,948.9226,980.5892,1014.3628,1055.2003,1096.2742,1137.0333,1181.2181,1228.9880,1277.1815,1322.6588,1365.1861,1401.6844,1437.4291,1468.0106,1491.3514,1499.5692,1508.2484,1508.3594,1521.8172,1490.6481,1505.8832,1514.3619,1525.4445,1542.4130,1227.7961,1226.9054,1226.5432,1221.5564,1213.5035,1202.8387,1190.8750,1187.2409,1173.4112,1181.3440,1179.4346,1197.1376,1220.7516,1241.5404,1267.5116,1305.6329,1343.2508,1370.2041,1417.7039,1447.6152,1471.8315,1510.8544,1527.9634,1556.7847,1583.2212,1620.4059,1642.7649,1656.8534,1679.6372,1687.0236
65,2.0000,SpendAwareDPRebalance (R65-aware),3.0000,31235.9395,937.0782,survival,1.0000,1.0000,1.0000,1.0000,1.0000,1.0000,1.0000,1.0000,1.0000,1.0000,1.0000,0.9990,0.9980,0.9970,0.9925,0.9900,0.9875,0.9845,0.9810,0.9790,0.9755,0.9730,0.9685,0.9670,0.9605,0.9585,0.9575,0.9555,0.9525,0.9500,0.9470,0.9460,0.9455,0.9450,0.9435,0.9425,0.9410,0.9395,0.9380,0.9365,0.9355,0.9340,0.9330,0.9330,0.9315,0.9315,0.9305,0.9300,0.9290,0.9280,0.9270,0.9260,0.9245,0.9230,0.9190
65,2.0000,SpendAwareDPRebalance (R65-aware),3.0000,31235.9395,937.0782,spend25p,918.7762,919.5914,920.0608,924.1834,928.4887,934.4739,942.6533,951.3803,963.3121,973.9135,979.0801,984.3530,990.6723,997.2394,998.0357,996.1535,985.1877,974.6038,958.6769,948.6297,914.3887,902.2696,891.4470,886.0910,870.5614,661.6983,650.9712,636.4362,610.2588,589.9444,570.0274,551.5880,536.1246,520.6868,506.4655,497.1671,490.2764,484.9663,479.7595,478.6588,467.5387,475.8385,474.7479,477.8938,475.5987,473.2657,470.4273,471.2139,468.6422,457.2178,443.8598,435.9978,432.2237,421.5921,405.2692
65,2.0000,SpendAwareDPRebalance (R65-aware),3.0000,31235.9395,937.0782,spend50p,918.9340,932.9847,947.3332,963.8957,983.5456,1002.6072,1025.1218,1045.8724,1071.3197,1095.7486,1119.8431,1145.9706,1163.9103,1177.2418,1187.4013,1187.6965,1191.8245,1196.7113,1192.9963,1193.2671,1158.2451,1153.4965,1154.2753,1157.1507,1151.4118,902.7038,898.7254,887.5103,876.9607,858.1714,833.7779,820.8642,800.2169,794.5870,785.3994,781.5344,780.8454,783.5868,793.4701,806.0536,817.6775,833.6257,850.4747,866.5795,877.1272,889.3998,896.6969,902.8796,899.6905,902.5421,900.7125,894.5785,890.7812,890.2875,883.0023
65,2.0000,SpendAwareDPRebalance (R65-aware),3.0000,31235.9395,937.0782,spend75p,919.0855,946.5505,975.5293,1007.9011,1044.1331,1080.2793,1119.4762,1160.7199,1206.8476,1244.3817,1284.7854,1327.8655,1365.0533,1395.2975,1417.1847,1435.6649,1450.3253,1453.0912,1454.7025,1458.5130,1428.2221,1436.3750,1449.5598,1448.1189,1457.2749,1153.4705,1159.7612,1154.6017,1148.8318,1136.0578,1125.2310,1113.6801,1103.2195,1100.2056,1104.3146,1113.5437,1123.8417,1138.4824,1162.0044,1196.5569,1231.9399,1264.2325,1291.9748,1326.0791,1351.2609,1373.9854,1398.6932,1422.7620,1453.9752,1471.8662,1489.0303,1514.7487,1539.2115,1546.2706,1567.4047
65,2.0000,SpendAwareDPRebalance (R65-aware),3.3300,28140.4860,937.0782,survival,1.0000,1.0000,1.0000,1.0000,1.0000,1.0000,1.0000,1.0000,1.0000,1.0000,0.9995,0.9975,0.9960,0.9915,0.9880,0.9820,0.9765,0.9690,0.9625,0.9570,0.9505,0.9465,0.9405,0.9370,0.9325,0.9280,0.9235,0.9210,0.9165,0.9140,0.9105,0.9065,0.9040,0.9025,0.9015,0.8995,0.8970,0.8965,0.8960,0.8960,0.8945,0.8940,0.8935,0.8920,0.8910,0.8905,0.8900,0.8895,0.8885,0.8880,0.8860,0.8850,0.8850,0.8845,0.8805
65,2.0000,SpendAwareDPRebalance (R65-aware),3.3300,28140.4860,937.0782,spend25p,918.7762,918.1815,917.3800,915.2811,917.2714,919.8909,926.3928,932.1816,936.9980,943.0184,949.1810,952.3337,956.9072,957.2831,947.6136,940.9095,930.1308,915.6716,895.1843,878.1843,840.8088,824.6952,810.9690,799.4907,781.5561,578.0615,559.9639,542.7287,523.6407,505.8852,484.2893,465.1027,448.8450,433.2944,421.9956,405.9795,394.4845,386.1912,379.1289,375.5026,370.1202,368.5264,373.7445,372.4080,367.1888,362.2809,351.2205,344.1187,341.2404,339.6632,328.4288,318.8326,316.5996,308.0135,293.3538
65,2.0000,SpendAwareDPRebalance (R65-aware),3.3300,28140.4860,937.0782,spend50p,918.9340,931.3470,943.7875,957.5915,972.3835,990.3376,1007.0923,1027.1324,1046.9708,1068.3667,1087.5662,1106.3879,1120.3824,1130.0962,1134.0487,1134.4915,1133.3609,1131.1339,1126.1204,1125.8702,1085.4881,1080.4825,1079.3740,1078.0973,1074.7445,822.7617,808.6718,796.0212,779.8390,765.3131,750.9847,727.7169,713.9000,697.4439,690.6344,687.7709,682.1777,684.2608,693.1920,698.2502,714.0554,726.8148,730.0299,737.0124,751.1879,755.9805,757.7411,764.5464,769.3071,771.3489,767.1324,764.2279,764.2525,764.4888,757.8997
65,2.0000,SpendAwareDPRebalance (R65-aware),3.3300,28140.4860,937.0782,spend75p,919.0855,945.0345,972.0035,1002.3704,1035.9535,1068.4985,1105.5469,1140.3761,1178.4777,1213.4616,1254.2248,1290.3745,1319.4397,1344.8090,1361.8436,1375.4014,1383.1843,1385.8106,1388.0447,1387.8720,1341.2102,1345.6475,1349.0365,1355.1675,1359.5619,1057.0079,1059.0442,1059.5141,1049.6867,1039.6163,1024.6356,1008.7600,994.1385,987.3513,983.6984,996.0546,1003.6031,1025.2836,1044.2967,1074.1393,1102.4156,1124.0167,1142.2950,1181.6147,1210.0290,1229.2041,1251.9046,1275.4965,1294.6455,1316.1849,1318.7560,1351.6100,1366.8418,1383.1799,1389.1794
65,2.0000,SpendAwareDPRebalance (R65-aware),3.6600,25603.2291,937.0782,survival,1.0000,1.0000,1.0000,1.0000,1.0000,1.0000,1.0000,1.0000,1.0000,0.9995,0.9970,0.9960,0.9910,0.9880,0.9765,0.9685,0.9600,0.9500,0.9435,0.9335,0.9200,0.9115,0.9020,0.8945,0.8845,0.8785,0.8740,0.8715,0.8675,0.8605,0.8580,0.8545,0.8525,0.8505,0.8490,0.8445,0.8425,0.8410,0.8410,0.8405,0.8390,0.8380,0.8370,0.8360,0.8345,0.8345,0.8335,0.8330,0.8315,0.8315,0.8300,0.8295,0.8295,0.8285,0.8245
65,2.0000,SpendAwareDPRebalance (R65-aware),3.6600,25603.2291,937.0782,spend25p,918.7762,917.7346,916.2641,913.6580,913.1787,912.4027,918.1262,918.9835,924.9676,927.7156,927.3557,930.9723,927.0341,926.7309,916.8926,901.9853,877.2839,860.3034,842.1867,818.8694,771.3773,752.8415,728.2750,712.6129,689.4573,491.7720,473.4101,456.5894,434.0874,412.9775,391.0300,366.2057,343.5187,326.7118,317.4944,301.9404,291.0319,284.5989,280.9128,272.2744,266.8572,264.8359,261.9557,255.4805,252.0921,253.2116,245.7083,240.0113,225.5178,221.7222,208.4680,196.3419,193.2034,185.1667,167.4935
65,2.0000,SpendAwareDPRebalance (R65-aware),3.6600,25603.2291,937.0782,spend50p,918.9340,931.0206,943.0378,955.7531,970.3768,983.7967,1000.6671,1018.2343,1036.3175,1053.2628,1070.9414,1087.5422,1096.6608,1103.3085,1096.5764,1097.6799,1094.1145,1090.5446,1080.6446,1069.8261,1022.7516,1015.1442,1006.4842,997.7225,983.6269,742.0135,726.3746,713.6372,700.7382,685.1813,665.9478,645.8415,629.1317,621.3299,605.7374,600.3458,597.7255,595.9799,605.8352,599.2871,605.1400,611.4511,615.0970,624.3243,625.3847,628.2377,632.0871,638.0391,635.3134,641.6491,643.3640,643.7689,638.0180,638.9055,628.5128
65,2.0000,SpendAwareDPRebalance (R65-aware),3.6600,25603.2291,937.0782,spend75p,919.0855,944.8179,971.3631,1001.0178,1032.8748,1065.7884,1101.9811,1133.8110,1169.2067,1203.5254,1240.4560,1274.5278,1301.2840,1316.2903,1323.6830,1330.8128,1334.9738,1334.5716,1330.6409,1328.0534,1281.1461,1275.9066,1277.1157,1274.1512,1279.3334,985.0784,986.3799,979.9117,967.2626,953.2800,943.6238,924.4845,910.7246,905.8753,901.4778,903.3802,913.0028,933.1590,951.5445,970.4906,989.9737,1016.0746,1036.4409,1076.5734,1091.2360,1111.2732,1126.5515,1143.5031,1159.1695,1179.6248,1199.3474,1207.1338,1223.1577,1235.5790,1240.0501
65,2.0000,SpendAwareDPRebalance (R65-aware),4.0000,23426.9546,937.0782,survival,1.0000,1.0000,1.0000,1.0000,1.0000,1.0000,1.0000,1.0000,1.0000,0.9990,0.9965,0.9930,0.9885,0.9755,0.9615,0.9510,0.9395,0.9260,0.9105,0.8980,0.8820,0.8685,0.8565,0.8455,0.8340,0.8270,0.8200,0.8125,0.8070,0.8025,0.7970,0.7915,0.7895,0.7890,0.7865,0.7850,0.7815,0.7790,0.7780,0.7770,0.7750,0.7740,0.7730,0.7725,0.7725,0.7720,0.7715,0.7700,0.7690,0.7685,0.7670,0.7665,0.7665,0.7660,0.7615
65,2.0000,SpendAwareDPRebalance (R65-aware),4.0000,23426.9546,937.0782,spend25p,918.7762,917.5586,916.0261,912.3074,911.6188,908.4550,911.6236,912.3261,912.3326,915.6146,910.9914,910.2694,904.6598,895.8197,871.4185,856.9577,836.0196,805.2663,783.1273,753.6239,693.2052,661.2178,634.7230,611.0567,585.1480,386.3475,363.4529,339.8509,315.6202,287.0574,260.3087,235.6676,213.7433,198.5195,185.2699,174.6397,159.0533,149.1795,144.3541,136.1203,124.6433,118.6010,114.2854,110.3796,102.2591,95.4592,88.5757,76.9871,69.5225,59.7022,49.6688,36.9751,27.7860,20.3688,4.6103
65,2.0000,SpendAwareDPRebalance (R65-aware),4.0000,23426.9546,937.0782,spend50p,918.9340,930.8818,942.8742,955.1643,969.9588,982.8360,997.2983,1015.3023,1029.1439,1046.5263,1063.2998,1071.9524,1082.2954,1080.3695,1070.6687,1066.1538,1058.8126,1046.3794,1026.6779,1006.2562,958.1412,945.0001,932.8391,921.9262,905.9531,677.8214,658.8207,643.3635,634.5147,613.2289,588.3768,566.3716,551.7305,537.1203,525.0588,515.4561,515.7746,513.4660,518.9925,516.9707,513.9294,513.1983,517.8143,514.6971,515.9754,517.4969,523.5653,516.8287,517.3992,517.4208,511.9379,508.3727,505.7413,506.9045,495.5999
65,2.0000,SpendAwareDPRebalance (R65-aware),4.0000,23426.9546,937.0782,spend75p,919.0855,944.6762,971.1462,1000.6246,1032.1015,1064.9495,1098.4022,1131.3426,1162.7562,1195.2597,1228.8498,1261.3248,1280.1807,1292.4698,1292.1816,1304.3925,1301.6367,1297.0954,1283.1425,1267.4612,1216.4426,1215.8136,1214.9066,1209.5744,1209.7873,921.6040,920.5358,913.9563,901.1097,883.0218,871.6026,852.6028,838.6637,830.6753,823.8185,823.3403,831.5065,842.8519,857.2542,875.3550,891.1941,915.6028,934.2375,968.2359,990.2561,1008.5361,1024.2873,1037.4913,1050.3816,1072.1404,1090.2931,1101.2019,1094.9705,1110.5981,1107.3065
65,2.0000,SpendAwareDPRebalance (R65-aware),4.3300,21641.5285,937.0782,survival,1.0000,1.0000,1.0000,1.0000,1.0000,1.0000,1.0000,1.0000,0.9995,0.9970,0.9950,0.9900,0.9790,0.9610,0.9450,0.9350,0.9130,0.8945,0.8780,0.8605,0.8440,0.8290,0.8110,0.7920,0.7785,0.7725,0.7650,0.7590,0.7515,0.7470,0.7440,0.7405,0.7385,0.7335,0.7300,0.7285,0.7280,0.7260,0.7250,0.7240,0.7225,0.7210,0.7200,0.7195,0.7185,0.7175,0.7170,0.7165,0.7160,0.7160,0.7140,0.7140,0.7135,0.7135,0.7110
65,2.0000,SpendAwareDPRebalance (R65-aware),4.3300,21641.5285,937.0782,spend25p,918.7762,917.5586,915.9340,912.1945,910.0173,907.4490,906.9907,908.9903,906.7776,903.7750,900.8732,894.0775,883.9798,869.9867,845.1992,824.3836,795.4773,758.0641,720.9368,672.8949,621.3630,589.5267,536.0433,476.1406,433.8347,257.5733,209.9523,172.9485,123.7540,0.0000,0.0000,0.0000,0.0000,0.0000,0.0000,0.0000,0.0000,0.0000,0.0000,0.0000,0.0000,0.0000,0.0000,0.0000,0.0000,0.0000,0.0000,0.0000,0.0000,0.0000,0.0000,0.0000,0.0000,0.0000,0.0000
65,2.0000,SpendAwareDPRebalance (R65-aware),4.3300,21641.5285,937.0782,spend50p,918.9340,930.8818,942.8460,954.7794,969.4411,982.1094,995.0514,1013.1952,1026.5792,1041.4192,1050.8021,1060.2682,1062.6956,1055.7968,1044.9094,1038.7594,1021.6917,999.7089,970.5541,949.3807,908.0921,892.9150,872.2667,848.8259,833.5134,605.8268,592.1622,575.8986,553.3196,536.8756,515.7747,491.5216,471.2609,457.1334,444.6329,440.8067,434.6846,429.9452,428.1751,426.4538,422.8826,423.9322,421.1208,420.4338,429.6305,431.5803,425.6997,421.1530,415.3403,413.2485,405.0458,403.6326,395.8944,392.2816,386.9683
65,2.0000,SpendAwareDPRebalance (R65-aware),4.3300,21641.5285,937.0782,spend75p,919.0855,944.6762,971.1462,1000.6246,1031.9096,1062.8241,1098.2305,1130.4233,1162.5078,1192.2951,1223.9939,1251.5298,1266.8816,1270.0528,1271.4078,1279.3092,1270.1213,1263.9420,1245.5130,1232.8868,1180.0706,1176.6859,1168.4089,1164.8501,1156.1809,876.1799,868.8139,859.7771,841.2678,826.3274,811.6487,790.5400,777.7467,768.6237,760.7607,757.4298,761.9416,763.1807,780.0623,804.8076,825.2427,843.9101,872.8909,896.6317,906.4764,916.7425,937.0151,949.9243,944.3708,968.9606,979.1516,992.4528,1001.7989,993.0117,990.3883
65,2.0000,SpendAwareDPRebalance (R65-aware),4.6600,20108.9739,937.0782,survival,1.0000,1.0000,1.0000,1.0000,1.0000,1.0000,1.0000,1.0000,0.9985,0.9965,0.9920,0.9840,0.9650,0.9480,0.9315,0.9085,0.8885,0.8640,0.8445,0.8225,0.7970,0.7750,0.7595,0.7425,0.7270,0.7140,0.7085,0.7045,0.6960,0.6920,0.6870,0.6815,0.6760,0.6740,0.6725,0.6705,0.6700,0.6670,0.6660,0.6650,0.6635,0.6620,0.6610,0.6610,0.6610,0.6600,0.6600,0.6600,0.6600,0.6590,0.6580,0.6570,0.6565,0.6565,0.6540
65,2.0000,SpendAwareDPRebalance (R65-aware),4.6600,20108.9739,937.0782,spend25p,918.7762,917.5586,915.9340,911.7130,909.2526,906.2803,903.5832,904.1795,901.2598,896.9241,889.6609,881.2343,864.5922,841.5958,823.8562,790.9038,749.5081,706.7014,663.6027,603.2741,517.2957,451.2992,373.4488,0.0000,0.0000,0.0000,0.0000,0.0000,0.0000,0.0000,0.0000,0.0000,0.0000,0.0000,0.0000,0.0000,0.0000,0.0000,0.0000,0.0000,0.0000,0.0000,0.0000,0.0000,0.0000,0.0000,0.0000,0.0000,0.0000,0.0000,0.0000,0.0000,0.0000,0.0000,0.0000
65,2.0000,SpendAwareDPRebalance (R65-aware),4.6600,20108.9739,937.0782,spend50p,918.9340,930.8818,942.7886,954.9729,969.3818,981.9438,993.8080,1010.5529,1025.2720,1035.1294,1044.6502,1049.8851,1047.3520,1036.7404,1027.7732,1008.9433,985.1193,961.6884,933.5656,910.3796,858.6895,831.3446,807.5063,780.2501,764.0783,535.7163,522.5987,511.8881,492.2148,475.0394,454.3300,430.3480,410.3281,395.1520,381.6862,371.7008,362.6152,354.0274,347.3210,343.2690,336.9428,337.4140,340.0760,340.6165,338.6085,339.3819,335.4673,332.9457,326.1119,320.8690,313.6296,310.1187,303.1881,300.6684,291.1443
65,2.0000,SpendAwareDPRebalance (R65-aware),4.6600,20108.9739,937.0782,spend75p,919.0855,944.6762,971.1462,1000.6246,1031.8808,1063.1583,1098.2305,1130.1708,1161.7527,1191.9222,1221.9614,1243.5293,1252.0357,1254.6718,1255.1989,1248.1704,1240.5280,1220.0745,1214.8163,1188.8716,1135.1450,1126.9479,1118.4778,1110.5387,1102.5969,818.0357,808.8804,791.6357,780.0141,767.6834,753.7404,731.4875,718.3485,702.1744,701.4696,698.9302,700.9409,706.6678,721.5159,734.1666,740.0958,763.3560,778.5774,794.3711,811.9938,831.2384,844.0292,852.1157,855.7645,858.4039,862.2215,863.3769,863.2415,873.5601,869.6460
65,2.0000,SpendAwareDPRebalance (R65-aware),5.0000,18741.5637,937.0782,survival,1.0000,1.0000,1.0000,1.0000,1.0000,1.0000,1.0000,0.9995,0.9975,0.9940,0.9875,0.9705,0.9500,0.9300,0.9075,0.8810,0.8530,0.8270,0.8000,0.7710,0.7465,0.7205,0.7050,0.6895,0.6715,0.6640,0.6545,0.6460,0.6440,0.6390,0.6345,0.6290,0.6245,0.6215,0.6200,0.6180,0.6165,0.6145,0.6145,0.6140,0.6130,0.6130,0.6130,0.6125,0.6125,0.6125,0.6115,0.6115,0.6110,0.6105,0.6100,0.6090,0.6080,0.6075,0.6055
65,2.0000,SpendAwareDPRebalance (R65-aware),5.0000,18741.5637,937.0782,spend25p,918.7762,917.5586,915.9340,911.7425,909.0319,904.7352,901.4766,903.0278,899.4006,888.9382,880.5017,860.9131,841.5405,822.1769,793.3760,751.4668,696.4464,634.6914,567.7465,476.8901,0.0000,0.0000,0.0000,0.0000,0.0000,0.0000,0.0000,0.0000,0.0000,0.0000,0.0000,0.0000,0.0000,0.0000,0.0000,0.0000,0.0000,0.0000,0.0000,0.0000,0.0000,0.0000,0.0000,0.0000,0.0000,0.0000,0.0000,0.0000,0.0000,0.0000,0.0000,0.0000,0.0000,0.0000,0.0000
65,2.0000,SpendAwareDPRebalance (R65-aware),5.0000,18741.5637,937.0782,spend50p,918.9340,930.8818,942.7886,954.6376,969.4411,981.5660,993.8080,1009.4807,1022.7454,1029.4568,1036.6473,1035.2963,1028.7384,1017.6281,1002.6092,977.4402,955.5884,923.8598,890.2311,852.9229,799.5147,768.6733,736.3776,714.5407,687.3370,475.3709,455.3758,429.8873,411.7246,387.0193,364.9247,347.5959,328.9154,315.1560,299.7187,286.1501,271.4499,266.4038,263.5110,262.8851,256.8365,255.5244,255.5299,251.5700,249.7867,249.0161,241.6462,239.7687,236.9877,232.7898,220.9821,211.7954,200.5861,193.3668,177.0391
65,2.0000,SpendAwareDPRebalance (R65-aware),5.0000,18741.5637,937.0782,spend75p,919.0855,944.6762,971.1462,1000.6246,1031.8808,1062.8235,1098.0915,1129.6441,1160.6466,1191.0393,1217.8729,1235.0929,1238.5195,1240.9128,1244.3530,1231.1068,1211.3282,1193.9260,1166.3931,1136.6241,1081.6588,1066.8034,1057.0827,1042.9584,1025.2211,765.8559,747.4340,733.6597,718.9839,700.8982,693.5477,675.0507,655.4453,648.9386,646.9578,642.4315,643.1451,649.6091,665.7156,667.3295,689.8010,700.8580,712.4512,722.9102,737.7418,736.7633,747.5777,765.8157,760.2477,766.7922,756.2645,755.8261,754.6164,760.7264,761.8842
65,3.0000,SpendAwareDPRebalance (R65-aware),1.5000,92991.1518,1394.8673,survival,1.0000,1.0000,1.0000,1.0000,1.0000,1.0000,1.0000,1.0000,1.0000,1.0000,1.0000,1.0000,1.0000,1.0000,1.0000,1.0000,1.0000,1.0000,1.0000,1.0000,1.0000,1.0000,1.0000,1.0000,1.0000,1.0000,1.0000,1.0000,1.0000,0.9995,0.9995,0.9990,0.9985,0.9985,0.9985,0.9975,0.9970,0.9965,0.9960,0.9955,0.9945,0.9935,0.9935,0.9935,0.9935,0.9935,0.9935,0.9925,0.9925,0.9915,0.9900,0.9895,0.9880,0.9870,0.9845
65,3.0000,SpendAwareDPRebalance (R65-aware),1.5000,92991.1518,1394.8673,spend25p,1408.6105,1444.7468,1480.7085,1515.4922,1552.5810,1591.3732,1630.8303,1667.2179,1711.7882,1742.8784,1771.0147,1797.6961,1825.0147,1843.0957,1859.0354,1867.4112,1876.5231,1867.7045,1869.3417,1856.6610,1822.2271,1816.8288,1808.1648,1812.8473,1800.8606,1594.4387,1584.3288,1568.0109,1551.5690,1517.1699,1492.4050,1462.4396,1434.0880,1428.4959,1416.0468,1397.5419,1407.9716,1413.0266,1415.8587,1421.1409,1422.5903,1418.5143,1439.8171,1469.3544,1495.6273,1511.6541,1533.1488,1547.6185,1554.1581,1549.4178,1543.4785,1557.4317,1571.9494,1563.9686,1551.4937
65,3.0000,SpendAwareDPRebalance (R65-aware),1.5000,92991.1518,1394.8673,spend50p,1408.7684,1465.6243,1525.3732,1588.8614,1651.5231,1720.7927,1794.5628,1867.0076,1944.4223,2015.0084,2087.6370,2151.0531,2212.6332,2269.4916,2313.9109,2341.0142,2355.6171,2381.1815,2391.8374,2395.1487,2378.0593,2403.7442,2421.0262,2427.3276,2430.3547,2181.3716,2190.2470,2181.1120,2186.8616,2168.1716,2160.2449,2136.8409,2117.7287,2088.1169,2116.3966,2136.1081,2148.9534,2167.5912,2213.5728,2267.3713,2331.4822,2369.0232,2424.0407,2452.0214,2522.0044,2551.4707,2592.3267,2634.9170,2693.3319,2742.4173,2736.9066,2766.0989,2774.7111,2808.6354,2819.6552
65,3.0000,SpendAwareDPRebalance (R65-aware),1.5000,92991.1518,1394.8673,spend75p,1408.9198,1487.3673,1570.2296,1661.1740,1758.9614,1859.6074,1968.7378,2077.0339,2191.2273,2317.7928,2445.3100,2560.8726,2664.0296,2753.3249,2839.6893,2922.0139,2982.4892,3040.4701,3087.4805,3142.4347,3129.8381,3167.8062,3209.4351,3231.2787,3276.7890,2991.5048,3031.1815,3053.4856,3070.0406,3080.9569,3062.2847,3031.9393,3051.0618,3068.8254,3096.3405,3115.4553,3171.7855,3221.6823,3310.6989,3433.7168,3546.8409,3626.7059,3696.2083,3791.6881,3914.2930,4032.2477,4125.3098,4211.1518,4324.4325,4446.6322,4518.1097,4568.6617,4667.5366,4721.1738,4833.8044
65,3.0000,SpendAwareDPRebalance (R65-aware),1.6600,84028.1492,1394.8673,survival,1.0000,1.0000,1.0000,1.0000,1.0000,1.0000,1.0000,1.0000,1.0000,1.0000,1.0000,1.0000,1.0000,1.0000,1.0000,1.0000,1.0000,1.0000,1.0000,1.0000,1.0000,1.0000,1.0000,1.0000,1.0000,1.0000,1.0000,1.0000,0.9995,0.9995,0.9995,0.9985,0.9985,0.9975,0.9965,0.9955,0.9955,0.9950,0.9945,0.9945,0.9940,0.9935,0.9935,0.9935,0.9925,0.9915,0.9915,0.9910,0.9910,0.9905,0.9890,0.9880,0.9865,0.9850,0.9820
65,3.0000,SpendAwareDPRebalance (R65-aware),1.6600,84028.1492,1394.8673,spend25p,1394.8768,1427.2920,1459.5638,1490.6758,1523.6772,1559.6616,1595.6838,1631.5529,1669.9611,1704.9582,1732.2362,1757.0153,1781.4600,1798.7451,1815.6430,1821.0446,1833.5648,1827.2303,1819.4745,1811.2353,1772.9438,1765.0261,1754.6223,1761.5222,1749.9954,1543.6130,1528.8453,1508.0859,1484.5723,1453.7025,1434.9753,1400.5480,1387.5109,1371.4642,1351.1923,1345.4717,1353.9449,1353.7662,1344.1019,1358.8757,1369.2716,1373.7865,1388.8309,1409.2022,1428.5188,1435.4201,1456.3273,1465.2935,1484.3304,1492.2646,1476.8432,1488.8194,1469.9911,1471.5026,1464.8292
65,3.0000,SpendAwareDPRebalance (R65-aware),1.6600,84028.1492,1394.8673,spend50p,1395.0347,1447.9465,1503.2440,1561.7677,1624.6045,1688.1087,1757.2716,1826.8062,1892.5572,1967.1388,2036.0245,2095.2827,2151.6939,2206.0369,2243.4902,2268.5960,2292.8532,2304.9470,2322.9263,2324.0694,2291.6368,2311.7928,2329.8095,2347.5818,2352.8219,2105.4538,2114.9072,2119.3123,2104.1438,2089.9384,2072.0754,2044.6288,2018.2558,2006.3485,2015.3588,2022.2004,2045.5427,2071.6207,2109.6730,2144.5809,2206.9565,2257.3282,2307.0130,2359.7649,2387.4398,2436.9319,2475.0605,2528.3414,2555.8488,2576.4338,2593.9304,2613.7932,2639.4293,2671.3270,2668.6918
65,3.0000,SpendAwareDPRebalance (R65-aware),1.6600,84028.1492,1394.8673,spend75p,1395.1861,1468.6024,1548.6537,1634.8422,1728.4069,1823.2603,1924.4136,2027.1655,2139.6393,2256.7451,2373.6534,2479.6515,2579.5641,2665.0138,2739.3458,2816.4369,2881.5789,2910.6205,2959.4256,3001.7065,2981.3096,3017.5398,3042.5919,3085.9594,3135.7771,2850.0318,2866.7586,2903.7824,2904.9995,2911.4176,2879.6594,2884.4928,2862.3381,2873.2318,2898.2986,2942.2946,2991.3381,3047.2532,3141.1244,3255.6701,3338.4059,3403.2202,3500.0125,3553.4424,3679.0982,3797.8304,3880.4325,3977.7045,4090.3373,4164.0439,4225.4058,4293.5662,4393.7117,4458.9169,4541.9681
65,3.0000,SpendAwareDPRebalance (R65-aware),1.8000,77492.6265,1394.8673,survival,1.0000,1.0000,1.0000,1.0000,1.0000,1.0000,1.0000,1.0000,1.0000,1.0000,1.0000,1.0000,1.0000,1.0000,1.0000,1.0000,1.0000,1.0000,1.0000,1.0000,1.0000,1.0000,1.0000,1.0000,1.0000,1.0000,0.9995,0.9990,0.9990,0.9990,0.9985,0.9975,0.9975,0.9960,0.9960,0.9955,0.9950,0.9945,0.9940,0.9940,0.9925,0.9920,0.9915,0.9910,0.9910,0.9905,0.9905,0.9895,0.9895,0.9875,0.9855,0.9850,0.9825,0.9820,0.9775
65,3.0000,SpendAwareDPRebalance (R65-aware),1.8000,77492.6265,1394.8673,spend25p,1394.8768,1422.6984,1451.9887,1479.5872,1510.1574,1540.4118,1573.6753,1607.8685,1647.0326,1677.0290,1701.8263,1734.8984,1749.4303,1769.3729,1784.8691,1791.3847,1796.7104,1785.4606,1780.9252,1773.6190,1734.0976,1716.9239,1714.3590,1712.5332,1703.8129,1503.3448,1483.4433,1471.3610,1437.2599,1406.6506,1387.3415,1354.7505,1339.0881,1315.3713,1298.3225,1296.2033,1305.4108,1309.3725,1306.8265,1316.5590,1327.0500,1333.0761,1344.2004,1361.5021,1380.7649,1381.6313,1408.5473,1423.6569,1434.4022,1436.4088,1419.7152,1418.4676,1408.1934,1407.8454,1383.3163
65,3.0000,SpendAwareDPRebalance (R65-aware),1.8000,77492.6265,1394.8673,spend50p,1395.0347,1444.1225,1495.1019,1549.7638,1608.7802,1667.1797,1734.0418,1796.8974,1861.0687,1925.0335,1989.1418,2048.7025,2107.2664,2153.3244,2185.2407,2205.9116,2236.6581,2241.0687,2258.8095,2262.1878,2233.9808,2252.5370,2263.0842,2271.6484,2277.9896,2026.4877,2038.2030,2027.8211,2022.3403,1998.3844,1993.3917,1963.2694,1937.5537,1937.1110,1929.4092,1930.2625,1958.9811,1987.0974,2026.3059,2058.8043,2113.9883,2159.3646,2210.1052,2265.3248,2293.5063,2321.9795,2376.6468,2421.1690,2455.5713,2466.7998,2461.1467,2506.4782,2513.5362,2518.4693,2513.7482
65,3.0000,SpendAwareDPRebalance (R65-aware),1.8000,77492.6265,1394.8673,spend75p,1395.1861,1465.8709,1540.4326,1620.7008,1711.6767,1801.2101,1894.7334,1992.6678,2099.3211,2208.1379,2315.8226,2421.0903,2496.5895,2595.6246,2667.3442,2729.3484,2786.9822,2823.0007,2857.5358,2877.4254,2849.8224,2889.5878,2924.4146,2971.7498,3021.3058,2707.9767,2756.1323,2753.4348,2739.6723,2738.6866,2741.2957,2738.0127,2728.4020,2725.4478,2745.7022,2782.7774,2836.4312,2863.2280,2970.1918,3069.2040,3176.6245,3247.3780,3293.5797,3382.3490,3485.0327,3598.0536,3695.8046,3795.7399,3880.1153,3939.6170,3984.1874,4040.1652,4121.9328,4203.0477,4231.7722
65,3.0000,SpendAwareDPRebalance (R65-aware),1.8900,73802.5014,1394.8673,survival,1.0000,1.0000,1.0000,1.0000,1.0000,1.0000,1.0000,1.0000,1.0000,1.0000,1.0000,1.0000,1.0000,1.0000,1.0000,1.0000,1.0000,1.0000,1.0000,1.0000,1.0000,1.0000,1.0000,0.9995,0.9990,0.9985,0.9980,0.9970,0.9970,0.9970,0.9965,0.9960,0.9950,0.9930,0.9930,0.9930,0.9920,0.9915,0.9910,0.9905,0.9900,0.9885,0.9885,0.9885,0.9880,0.9870,0.9870,0.9865,0.9855,0.9850,0.9830,0.9815,0.9800,0.9785,0.9745
65,3.0000,SpendAwareDPRebalance (R65-aware),1.8900,73802.5014,1394.8673,spend25p,1394.8768,1419.7139,1448.5934,1474.5010,1500.2213,1530.5519,1560.4985,1596.8386,1628.7968,1658.6505,1678.6840,1707.8179,1728.9381,1747.7681,1758.2090,1767.4145,1763.5803,1758.1722,1758.0654,1751.5307,1711.4571,1694.3272,1695.7308,1681.6258,1676.4528,1470.9705,1461.5076,1435.0158,1413.5973,1378.1674,1353.7368,1330.9175,1307.8877,1287.8699,1265.8588,1259.4362,1259.7815,1271.8264,1273.8877,1282.0294,1281.3099,1287.6083,1308.8983,1325.7764,1337.5182,1347.0564,1360.3324,1365.8242,1372.8470,1399.0472,1383.1381,1367.4541,1373.0241,1360.9175,1328.0958
65,3.0000,SpendAwareDPRebalance (R65-aware),1.8900,73802.5014,1394.8673,spend50p,1395.0347,1441.2151,1489.8980,1543.1043,1599.8299,1654.6806,1715.5382,1780.0455,1838.6683,1898.5760,1960.9392,2022.4731,2081.4253,2115.5271,2155.4271,2169.7444,2197.6276,2198.0609,2210.2193,2210.4493,2189.2954,2202.1889,2202.4659,2221.1120,2221.2684,1980.3962,1994.3011,1979.6811,1959.0843,1943.7063,1930.4137,1910.1726,1885.2191,1868.7347,1879.2640,1873.6910,1901.8072,1925.4710,1959.9175,1997.0624,2045.0407,2083.7558,2124.2861,2170.0713,2201.5056,2242.6115,2291.7205,2326.8150,2347.9186,2376.2929,2371.3389,2409.1031,2422.6447,2435.7975,2431.8253
65,3.0000,SpendAwareDPRebalance (R65-aware),1.8900,73802.5014,1394.8673,spend75p,1395.1861,1463.2403,1535.6823,1611.5479,1698.6804,1783.4214,1877.7639,1975.1800,2077.2590,2178.9612,2281.4294,2374.4996,2451.6830,2545.2100,2609.1737,2677.9361,2728.9815,2765.5109,2789.9443,2798.5775,2786.9321,2809.5922,2860.7051,2911.2010,2939.8216,2631.8243,2656.4641,2658.3504,2648.5230,2653.6269,2650.0875,2644.7753,2635.2488,2631.1268,2639.0103,2677.7857,2728.7709,2780.9996,2873.0784,2948.1318,3049.6449,3100.5453,3172.2405,3270.6156,3387.0260,3450.4790,3561.6255,3646.0276,3693.7086,3785.7652,3850.2746,3921.4081,3986.9812,4031.3820,4074.8865
65,3.0000,SpendAwareDPRebalance (R65-aware),2.0000,69743.3638,1394.8673,survival,1.0000,1.0000,1.0000,1.0000,1.0000,1.0000,1.0000,1.0000,1.0000,1.0000,1.0000,1.0000,1.0000,1.0000,1.0000,1.0000,1.0000,1.0000,1.0000,1.0000,1.0000,1.0000,0.9995,0.9990,0.9980,0.9970,0.9965,0.9965,0.9960,0.9950,0.9945,0.9930,0.9925,0.9915,0.9915,0.9910,0.9905,0.9900,0.9900,0.9885,0.9880,0.9865,0.9860,0.9860,0.9855,0.9850,0.9850,0.9845,0.9840,0.9825,0.9810,0.9795,0.9785,0.9765,0.9720
65,3.0000,SpendAwareDPRebalance (R65-aware),2.0000,69743.3638,1394.8673,spend25p,1394.8768,1416.7645,1441.6055,1466.3195,1490.0446,1517.8522,1544.1386,1575.7902,1603.0154,1634.6165,1654.8069,1687.6282,1704.1557,1722.3823,1729.4440,1734.6369,1741.8509,1731.0395,1727.1848,1720.7221,1683.5484,1677.7990,1661.3799,1650.8982,1640.4082,1430.3801,1425.9436,1395.9037,1367.4570,1336.8510,1312.5304,1289.3986,1257.2955,1234.2024,1216.6317,1216.5411,1204.9107,1221.3798,1227.6171,1231.6723,1235.2723,1244.7129,1262.2619,1272.6577,1297.5656,1308.7645,1318.7415,1327.9175,1334.2319,1325.2355,1314.9421,1311.0916,1307.4213,1285.4157,1267.4063
65,3.0000,SpendAwareDPRebalance (R65-aware),2.0000,69743.3638,1394.8673,spend50p,1395.0347,1438.5566,1484.0549,1532.7393,1582.8947,1637.4571,1696.1319,1756.3902,1815.3866,1873.8627,1925.1096,1988.2374,2042.1547,2076.8792,2109.8279,2126.3048,2145.0286,2146.4698,2154.2393,2159.8351,2127.4006,2137.7844,2143.7579,2147.1926,2155.6508,1913.2606,1916.5124,1912.9926,1903.8696,1888.3998,1861.6743,1838.9471,1817.0343,1806.7146,1808.5347,1822.9965,1838.4821,1858.6044,1890.6415,1932.7758,1975.4585,2004.5194,2036.9576,2073.5094,2113.4235,2144.0351,2192.3175,2209.7582,2240.7430,2262.4847,2286.9303,2279.0088,2314.5892,2340.9271,2315.0608
65,3.0000,SpendAwareDPRebalance (R65-aware),2.0000,69743.3638,1394.8673,spend75p,1395.1861,1459.7344,1529.1969,1603.2857,1683.8652,1763.9328,1851.5355,1939.6315,2042.9135,2143.6278,2235.7570,2326.5127,2400.1424,2478.4657,2540.1397,2607.7239,2660.7820,2687.6395,2697.4215,2713.1446,2704.0268,2726.4564,2768.3682,2807.1514,2846.3028,2538.5080,2556.7648,2556.0782,2543.9845,2530.2009,2536.0494,2520.7528,2506.9487,2520.1471,2528.2741,2556.5057,2608.1969,2669.0122,2739.4414,2803.0699,2893.6473,2954.1359,3025.8893,3139.8377,3221.6854,3311.0536,3400.7292,3478.4058,3548.1263,3606.8899,3681.2023,3741.4015,3807.8933,3844.5332,3899.4983
65,3.0000,SpendAwareDPRebalance (R65-aware),2.1300,65486.7266,1394.8673,survival,1.0000,1.0000,1.0000,1.0000,1.0000,1.0000,1.0000,1.0000,1.0000,1.0000,1.0000,1.0000,1.0000,1.0000,1.0000,1.0000,1.0000,1.0000,0.9990,0.9990,0.9985,0.9985,0.9965,0.9965,0.9955,0.9950,0.9945,0.9945,0.9945,0.9935,0.9920,0.9905,0.9900,0.9895,0.9895,0.9875,0.9865,0.9865,0.9860,0.9845,0.9845,0.9825,0.9825,0.9815,0.9815,0.9815,0.9815,0.9810,0.9805,0.9790,0.9770,0.9755,0.9735,0.9715,0.9680
65,3.0000,SpendAwareDPRebalance (R65-aware),2.1300,65486.7266,1394.8673,spend25p,1394.8768,1413.2950,1432.2778,1452.6509,1473.2555,1501.1844,1523.2573,1552.7519,1580.6819,1610.8165,1627.8510,1658.0489,1668.6275,1685.4417,1701.1248,1702.1254,1703.0199,1692.0843,1688.8898,1684.8005,1639.0271,1629.6319,1620.0530,1600.0827,1595.9320,1383.4702,1372.0569,1346.3231,1326.1438,1294.8190,1259.9854,1234.1145,1220.6749,1195.5831,1178.6671,1164.7388,1158.2307,1159.9919,1168.3560,1182.6075,1195.0490,1197.7606,1208.4091,1222.3444,1230.2487,1241.5640,1263.5014,1264.1237,1271.9386,1261.6559,1243.4449,1237.0374,1214.4107,1211.9289,1201.4494
65,3.0000,SpendAwareDPRebalance (R65-aware),2.1300,65486.7266,1394.8673,spend50p,1395.0347,1434.0733,1475.5380,1520.3444,1567.5571,1618.6354,1671.4401,1726.0275,1782.3041,1831.4211,1888.1096,1940.6700,1992.0064,2027.5078,2052.1927,2063.4250,2083.6743,2087.8769,2094.3238,2092.1582,2064.6226,2061.3975,2074.5144,2076.0835,2087.1792,1838.4796,1846.3430,1837.6665,1833.1832,1807.8351,1786.1086,1766.1137,1747.0939,1734.3527,1733.4899,1741.3563,1749.3819,1779.3717,1805.2961,1836.7293,1882.7188,1914.7140,1939.7770,1970.8822,2021.5799,2050.7428,2082.9436,2100.6222,2125.5048,2143.5310,2150.6865,2178.2939,2208.9681,2219.5590,2222.0620
65,3.0000,SpendAwareDPRebalance (R65-aware),2.1300,65486.7266,1394.8673,spend75p,1395.1861,1456.4372,1521.9867,1590.5595,1666.0420,1744.3626,1828.8896,1912.3904,2005.2022,2102.2388,2184.8321,2264.2192,2340.4953,2419.8549,2468.8274,2517.3068,2556.9189,2582.5391,2603.2719,2632.5155,2610.9881,2625.3439,2659.9603,2698.4524,2715.9966,2420.4549,2415.4741,2422.0599,2411.2662,2411.5565,2389.4905,2381.1995,2374.3023,2387.6470,2413.2702,2418.8588,2454.7548,2511.9275,2567.4473,2641.2376,2708.5685,2795.5829,2882.3623,2978.9101,3081.1733,3159.2766,3236.9750,3291.0858,3339.6055,3393.9680,3446.2046,3496.5121,3533.1019,3592.5587,3641.4767
65,3.0000,SpendAwareDPRebalance (R65-aware),2.2200,62831.8593,1394.8673,survival,1.0000,1.0000,1.0000,1.0000,1.0000,1.0000,1.0000,1.0000,1.0000,1.0000,1.0000,1.0000,1.0000,1.0000,1.0000,0.9995,0.9990,0.9990,0.9990,0.9975,0.9970,0.9960,0.9960,0.9960,0.9950,0.9945,0.9940,0.9940,0.9935,0.9925,0.9900,0.9890,0.9880,0.9875,0.9865,0.9865,0.9860,0.9860,0.9845,0.9830,0.9810,0.9805,0.9795,0.9795,0.9790,0.9790,0.9790,0.9780,0.9775,0.9755,0.9735,0.9730,0.9715,0.9690,0.9650
65,3.0000,SpendAwareDPRebalance (R65-aware),2.2200,62831.8593,1394.8673,spend25p,1394.8768,1410.1717,1426.9744,1444.8681,1464.9744,1486.2302,1509.9214,1540.1379,1562.3322,1583.5283,1607.2244,1628.0187,1643.5724,1655.7488,1669.3447,1678.3113,1673.9904,1670.5139,1661.9876,1647.6772,1610.5651,1598.7142,1587.6241,1569.4326,1559.7614,1353.0318,1335.6582,1315.0672,1289.3387,1268.8829,1227.0783,1202.9245,1183.1640,1160.3866,1143.7300,1136.7378,1128.5541,1135.0452,1134.9571,1143.4988,1154.9431,1161.3002,1167.0401,1182.1198,1190.2062,1197.9466,1214.1597,1216.5513,1221.7225,1215.5017,1192.2607,1183.7897,1174.7912,1158.7690,1156.8017
65,3.0000,SpendAwareDPRebalance (R65-aware),2.2200,62831.8593,1394.8673,spend50p,1395.0347,1431.5625,1470.0063,1512.4169,1553.8434,1601.4886,1654.3700,1707.6742,1760.3269,1807.7276,1862.4752,1911.0283,1961.2781,1993.6852,2007.1501,2016.8006,2041.3715,2043.8026,2048.6934,2048.9312,2015.0953,2014.2857,2019.9432,2036.9093,2040.6497,1793.1079,1797.7816,1785.6924,1771.9843,1752.3981,1730.1012,1706.9459,1690.8521,1676.8940,1677.4118,1682.7965,1702.5260,1725.8256,1746.0602,1784.5889,1816.2058,1854.5709,1881.2547,1917.9872,1954.1188,1997.3933,2004.8914,2026.0668,2053.5975,2067.4579,2079.9069,2127.2334,2141.8972,2134.2967,2149.0555
65,3.0000,SpendAwareDPRebalance (R65-aware),2.2200,62831.8593,1394.8673,spend75p,1395.1861,1453.1957,1515.6181,1581.2107,1655.7647,1730.3479,1808.2940,1885.5912,1976.4364,2064.7533,2154.1481,2225.1579,2295.6581,2366.3639,2411.8369,2458.7282,2491.6266,2517.7156,2545.9211,2568.7251,2553.0797,2565.6694,2583.9644,2617.6254,2652.2139,2328.7484,2331.8093,2335.6289,2333.5833,2326.0951,2313.9259,2305.1562,2301.7992,2306.0787,2316.6520,2331.7162,2360.9294,2427.3218,2478.5447,2546.0478,2619.4753,2696.1448,2772.9462,2863.8519,2954.4530,3036.3144,3115.8399,3180.5045,3220.2612,3273.6069,3316.2463,3351.7147,3405.0671,3470.5194,3480.5023
65,3.0000,SpendAwareDPRebalance (R65-aware),2.3800,58607.8688,1394.8673,survival,1.0000,1.0000,1.0000,1.0000,1.0000,1.0000,1.0000,1.0000,1.0000,1.0000,1.0000,1.0000,1.0000,1.0000,0.9995,0.9985,0.9985,0.9980,0.9970,0.9960,0.9955,0.9950,0.9950,0.9930,0.9920,0.9915,0.9890,0.9875,0.9875,0.9860,0.9845,0.9825,0.9820,0.9815,0.9810,0.9805,0.9805,0.9800,0.9790,0.9770,0.9760,0.9755,0.9745,0.9740,0.9730,0.9730,0.9725,0.9715,0.9715,0.9700,0.9685,0.9660,0.9650,0.9630,0.9580
65,3.0000,SpendAwareDPRebalance (R65-aware),2.3800,58607.8688,1394.8673,spend25p,1367.4095,1378.4006,1390.8519,1405.1475,1422.9470,1441.4927,1461.3598,1484.9757,1509.9140,1526.8614,1548.7729,1568.4797,1579.5846,1597.9822,1606.2037,1607.0020,1605.7568,1600.1671,1588.1754,1572.7202,1541.1209,1528.5516,1513.6055,1498.8331,1494.8578,1277.6250,1257.9797,1239.3110,1215.4006,1190.0438,1152.7971,1124.5949,1110.3387,1082.9652,1059.4134,1057.2481,1055.7864,1064.7872,1069.3287,1070.3836,1077.8261,1081.6486,1095.0631,1105.4395,1112.7023,1116.0690,1123.2305,1128.9898,1117.1921,1112.5534,1106.1195,1091.2009,1084.7264,1078.4779,1066.3132
65,3.0000,SpendAwareDPRebalance (R65-aware),2.3800,58607.8688,1394.8673,spend50p,1367.5673,1398.9959,1433.9119,1472.7187,1509.1066,1549.1739,1594.4119,1646.4528,1696.7496,1744.3014,1792.1008,1832.0414,1871.6789,1908.7193,1926.5137,1931.6350,1946.0926,1951.3463,1965.6083,1959.3346,1923.5750,1921.9420,1929.6408,1935.5467,1943.5294,1694.6152,1696.6926,1677.3406,1662.1255,1640.2929,1621.4894,1603.5452,1580.7078,1566.3504,1566.9322,1577.7045,1597.4985,1621.5102,1634.9427,1660.1410,1700.3447,1737.5311,1768.3474,1800.1627,1839.3907,1856.2127,1877.2082,1895.6347,1900.6715,1922.2625,1947.2641,1979.1397,1984.9247,1988.3526,2002.5498
65,3.0000,SpendAwareDPRebalance (R65-aware),2.3800,58607.8688,1394.8673,spend75p,1367.7188,1420.0561,1476.9313,1536.5744,1607.9464,1678.7260,1748.7267,1819.0242,1899.4525,1984.4216,2060.4986,2134.3108,2195.4602,2256.0571,2314.8999,2348.0589,2380.2319,2393.0055,2401.1343,2439.0060,2414.2133,2430.0579,2444.6956,2472.7534,2496.1770,2188.7507,2182.7682,2186.0192,2177.9501,2174.0126,2161.4527,2163.5778,2163.6472,2149.8510,2165.6682,2174.1539,2213.5710,2268.6065,2313.0118,2368.2988,2443.0098,2511.5960,2582.7569,2676.7019,2737.6749,2825.6481,2886.6188,2950.1932,2996.1526,3054.8841,3098.3715,3142.0860,3186.6590,3231.9974,3248.3136
65,3.0000,SpendAwareDPRebalance (R65-aware),2.5000,55794.6911,1394.8673,survival,1.0000,1.0000,1.0000,1.0000,1.0000,1.0000,1.0000,1.0000,1.0000,1.0000,1.0000,1.0000,0.9995,0.9990,0.9985,0.9985,0.9975,0.9965,0.9945,0.9925,0.9915,0.9905,0.9875,0.9865,0.9850,0.9850,0.9845,0.9825,0.9820,0.9785,0.9760,0.9745,0.9740,0.9740,0.9730,0.9725,0.9715,0.9705,0.9700,0.9680,0.9670,0.9660,0.9650,0.9645,0.9645,0.9635,0.9630,0.9620,0.9610,0.9590,0.9575,0.9555,0.9540,0.9515,0.9475
65,3.0000,SpendAwareDPRebalance (R65-aware),2.5000,55794.6911,1394.8673,spend25p,1367.4095,1375.0329,1383.6115,1395.2276,1410.2653,1426.0101,1442.2002,1465.0517,1486.9663,1503.1240,1525.1620,1542.7420,1551.0243,1564.4907,1571.8631,1575.4692,1563.9452,1557.5083,1541.9833,1537.0115,1498.1726,1478.2149,1465.6380,1448.5277,1443.8571,1232.1738,1216.9707,1203.2192,1173.6764,1144.6331,1108.0248,1088.4773,1068.6725,1046.4846,1025.5539,1017.5651,1008.7589,1017.7875,1014.2451,1026.3971,1032.0634,1033.0275,1042.2571,1048.5305,1057.3856,1052.3802,1056.4185,1059.9723,1062.0984,1053.6890,1039.9315,1035.6588,1027.8578,1020.4275,1010.8836
65,3.0000,SpendAwareDPRebalance (R65-aware),2.5000,55794.6911,1394.8673,spend50p,1367.5673,1395.5974,1425.9712,1459.3827,1494.1494,1530.4076,1573.0183,1620.1385,1664.9575,1708.2127,1755.3933,1797.6687,1835.0498,1859.3567,1882.6617,1888.3128,1902.3680,1904.6473,1907.4474,1902.6372,1862.4050,1856.8443,1870.2351,1880.7303,1885.9621,1638.0380,1626.6621,1618.2597,1599.8015,1578.1557,1557.8651,1538.1464,1521.5160,1508.4592,1507.6759,1519.4320,1524.8501,1546.7656,1568.1089,1602.1432,1629.0373,1674.8187,1697.3539,1737.9900,1765.9983,1780.2271,1792.8043,1816.2609,1831.2993,1833.1842,1843.7714,1874.8260,1885.5614,1887.8620,1893.7769
65,3.0000,SpendAwareDPRebalance (R65-aware),2.5000,55794.6911,1394.8673,spend75p,1367.7188,1416.3703,1467.6876,1524.0879,1589.6265,1654.1731,1722.5507,1791.8593,1867.9914,1946.3549,2018.6896,2082.7639,2151.6421,2211.8246,2250.9414,2289.1981,2308.7952,2326.9728,2343.9980,2361.4907,2328.6425,2351.4235,2360.5689,2390.0139,2404.4787,2111.0036,2106.1091,2107.5704,2097.9971,2097.1934,2093.1953,2090.5278,2080.4040,2068.4371,2059.8546,2070.9270,2114.8761,2159.1649,2210.7643,2258.3217,2332.0635,2413.8645,2475.0762,2551.4068,2623.8257,2708.5692,2760.5522,2803.2397,2851.1616,2893.0548,2938.2632,2981.4806,3041.8517,3094.2590,3142.3003
65,3.0000,SpendAwareDPRebalance (R65-aware),2.8000,49816.6885,1394.8673,survival,1.0000,1.0000,1.0000,1.0000,1.0000,1.0000,1.0000,1.0000,1.0000,1.0000,1.0000,0.9995,0.9985,0.9975,0.9960,0.9930,0.9900,0.9875,0.9850,0.9845,0.9815,0.9785,0.9760,0.9730,0.9715,0.9690,0.9675,0.9670,0.9635,0.9600,0.9575,0.9555,0.9545,0.9540,0.9530,0.9500,0.9495,0.9485,0.9470,0.9450,0.9445,0.9425,0.9415,0.9415,0.9405,0.9400,0.9400,0.9385,0.9370,0.9365,0.9350,0.9330,0.9310,0.9280,0.9240
65,3.0000,SpendAwareDPRebalance (R65-aware),2.8000,49816.6885,1394.8673,spend25p,1367.4095,1369.0257,1370.4273,1376.7548,1384.4058,1395.5038,1407.2714,1424.4366,1438.9561,1453.5847,1461.6894,1475.1329,1486.8892,1492.5066,1494.9732,1500.4083,1479.0110,1461.3178,1440.0099,1430.6879,1393.3761,1378.7826,1358.4982,1346.6237,1333.6801,1125.7002,1110.5112,1096.3386,1053.3237,1024.1507,996.2016,966.2710,940.7053,927.1279,913.8896,902.8253,890.3535,887.0347,884.2616,897.2322,889.6256,889.2219,896.9670,914.6651,921.7058,918.6020,921.7532,914.4861,907.8283,900.4239,883.4703,883.1748,877.9408,864.3621,854.0905
65,3.0000,SpendAwareDPRebalance (R65-aware),2.8000,49816.6885,1394.8673,spend50p,1367.5673,1389.2612,1412.0809,1436.6285,1466.2676,1495.4086,1528.9100,1562.2117,1599.9637,1639.2010,1674.4416,1713.6692,1743.5694,1763.2572,1777.2246,1792.6751,1794.9127,1794.7850,1790.5842,1787.2375,1752.2503,1747.6591,1746.0563,1750.3326,1755.8752,1512.9960,1499.1125,1487.1108,1475.5358,1452.5193,1422.9011,1404.9954,1386.7657,1373.4007,1362.6888,1361.0892,1371.2243,1377.1236,1406.1579,1428.1605,1460.6009,1485.6516,1514.9792,1546.7566,1577.7775,1599.0834,1620.0124,1630.6496,1627.2902,1641.7162,1652.0623,1651.8809,1666.4192,1660.6645,1662.4975
65,3.0000,SpendAwareDPRebalance (R65-aware),2.8000,49816.6885,1394.8673,spend75p,1367.7188,1409.5293,1453.9323,1502.9072,1557.1026,1614.4233,1673.9253,1734.5376,1800.9662,1861.8719,1919.6513,1989.0501,2042.4050,2083.8532,2126.0512,2153.1699,2168.8058,2173.6588,2177.0693,2191.3610,2164.4073,2178.8745,2200.2920,2206.0409,2219.5190,1913.6052,1912.9652,1925.8893,1915.5244,1905.4516,1902.0356,1890.1652,1877.6807,1873.8481,1893.4543,1896.2388,1930.0247,1954.0543,2004.2467,2060.6768,2121.2771,2178.1521,2231.9248,2316.5533,2357.3761,2423.1660,2447.3712,2477.1668,2504.7004,2564.7647,2630.7635,2658.7992,2719.7247,2749.3840,2787.9214
65,3.0000,SpendAwareDPRebalance (R65-aware),3.0000,46495.5759,1394.8673,survival,1.0000,1.0000,1.0000,1.0000,1.0000,1.0000,1.0000,1.0000,1.0000,1.0000,1.0000,0.9985,0.9980,0.9970,0.9915,0.9895,0.9870,0.9830,0.9805,0.9770,0.9705,0.9670,0.9640,0.9600,0.9555,0.9535,0.9505,0.9480,0.9465,0.9400,0.9380,0.9370,0.9350,0.9340,0.9315,0.9300,0.9290,0.9270,0.9265,0.9245,0.9240,0.9235,0.9215,0.9205,0.9200,0.9195,0.9190,0.9175,0.9160,0.9155,0.9140,0.9125,0.9110,0.9080,0.9030
65,3.0000,SpendAwareDPRebalance (R65-aware),3.0000,46495.5759,1394.8673,spend25p,1367.4095,1367.3758,1366.8380,1368.4347,1373.3459,1381.0032,1390.3910,1399.1515,1411.5087,1425.1274,1435.8316,1441.9222,1449.3944,1456.6958,1441.9852,1444.2648,1429.1019,1407.4132,1387.9006,1373.1517,1328.0125,1312.2886,1290.4525,1264.0745,1246.5755,1036.6781,1022.1444,1001.7089,974.0414,939.7808,910.1439,884.3791,869.8978,846.7609,825.0531,812.4298,794.8184,797.3547,794.6923,785.3713,782.0828,792.7262,799.0839,805.2363,808.4477,801.3558,799.3062,791.7157,789.2564,782.9400,766.7661,756.1773,754.2882,740.9989,722.9144
65,3.0000,SpendAwareDPRebalance (R65-aware),3.0000,46495.5759,1394.8673,spend50p,1367.5673,1386.9381,1406.7852,1427.5329,1456.6869,1481.7184,1511.4952,1539.2393,1573.0041,1607.5734,1641.0163,1664.2885,1695.8374,1707.5948,1716.5766,1724.1834,1728.5546,1730.9355,1726.3758,1725.7025,1682.3152,1676.0808,1675.4187,1675.8799,1674.5134,1423.3980,1412.7604,1403.3116,1393.2358,1367.7811,1339.9909,1316.1234,1294.5524,1272.6634,1266.9057,1269.7400,1264.9939,1280.5929,1306.3436,1325.3862,1350.2330,1374.8852,1390.1234,1419.1600,1446.4900,1461.1554,1486.2353,1487.1946,1493.7069,1514.0822,1518.3699,1512.7713,1517.7362,1507.4171,1514.3466
65,3.0000,SpendAwareDPRebalance (R65-aware),3.0000,46495.5759,1394.8673,spend75p,1367.7188,1407.0677,1448.6650,1496.1178,1545.4523,1598.9121,1647.8989,1706.0223,1764.3829,1821.5439,1879.6535,1944.6153,1997.2049,2033.6524,2068.6708,2083.6439,2108.2771,2117.4412,2119.3999,2112.0663,2082.7030,2085.2588,2097.3263,2098.8882,2117.3966,1822.5816,1818.0720,1823.5708,1810.8141,1789.8379,1776.9330,1768.9443,1747.8574,1751.2301,1773.0744,1797.8169,1815.6446,1849.8550,1889.4222,1938.7078,1999.7044,2050.2847,2086.7006,2149.6453,2201.0303,2236.5380,2293.9177,2322.1187,2354.1641,2393.7725,2426.4790,2481.9261,2527.7047,2556.3078,2577.9138
65,3.0000,SpendAwareDPRebalance (R65-aware),3.3300,41887.9062,1394.8673,survival,1.0000,1.0000,1.0000,1.0000,1.0000,1.0000,1.0000,1.0000,1.0000,1.0000,0.9995,0.9975,0.9960,0.9910,0.9880,0.9795,0.9745,0.9655,0.9600,0.9545,0.9475,0.9390,0.9345,0.9305,0.9235,0.9175,0.9140,0.9090,0.9050,0.8995,0.8945,0.8925,0.8905,0.8880,0.8860,0.8840,0.8825,0.8810,0.8800,0.8790,0.8775,0.8750,0.8740,0.8720,0.8715,0.8710,0.8710,0.8695,0.8690,0.8680,0.8650,0.8640,0.8640,0.8610,0.8555
65,3.0000,SpendAwareDPRebalance (R65-aware),3.3300,41887.9062,1394.8673,spend25p,1367.4095,1365.8853,1364.2980,1360.8778,1361.2860,1363.5394,1370.7290,1376.7393,1383.9686,1389.3836,1392.5881,1397.3700,1402.0198,1395.6936,1390.5963,1369.8723,1353.4430,1320.3617,1295.0240,1264.6329,1219.9150,1194.6355,1171.4488,1150.0612,1130.5450,912.8320,894.3221,871.4256,836.1806,802.4466,771.2655,751.6703,727.2678,703.3058,688.7202,675.1497,668.2780,650.8450,634.5433,622.1000,626.5109,621.1623,628.4946,626.1838,632.1935,624.3806,616.4253,616.2764,606.5262,597.9515,587.5361,582.2685,571.4962,559.9255,538.6030
65,3.0000,SpendAwareDPRebalance (R65-aware),3.3300,41887.9062,1394.8673,spend50p,1367.5673,1385.6389,1403.5901,1422.4104,1444.1858,1465.7510,1491.1663,1520.4643,1547.2184,1574.1468,1602.5066,1626.3627,1645.6376,1656.8925,1663.1425,1660.5738,1654.7734,1645.9270,1636.0851,1625.8240,1578.5403,1569.1963,1558.4603,1561.9168,1557.2449,1294.3229,1279.2042,1257.6508,1236.3342,1219.3085,1189.4793,1164.5924,1144.7670,1135.6582,1138.5258,1128.4093,1125.0923,1129.5829,1147.2388,1159.1145,1180.2130,1194.5359,1216.8025,1230.4726,1246.3621,1269.5236,1280.0094,1273.1744,1290.1435,1302.0781,1298.5659,1287.6010,1286.0500,1288.2536,1286.6768
65,3.0000,SpendAwareDPRebalance (R65-aware),3.3300,41887.9062,1394.8673,spend75p,1367.7188,1406.1633,1445.7078,1490.1420,1537.6587,1587.9686,1641.9947,1689.2142,1747.4834,1792.3308,1846.6690,1903.2857,1940.7515,1965.8100,2000.4756,1999.9754,2019.9181,2013.0626,2016.0737,2021.7853,1968.0783,1963.0085,1973.6202,1975.7971,1986.3447,1680.7698,1687.0417,1686.2115,1664.2592,1657.7080,1641.3602,1620.1472,1599.4502,1599.5346,1602.6640,1607.3324,1633.4333,1673.8071,1708.3395,1751.7298,1791.8817,1845.4586,1896.7343,1930.6771,1969.2222,2010.8408,2058.8346,2099.3277,2128.7893,2161.6035,2195.6579,2229.9594,2268.8137,2287.4467,2320.7251
65,3.0000,SpendAwareDPRebalance (R65-aware),3.6600,38111.1278,1394.8673,survival,1.0000,1.0000,1.0000,1.0000,1.0000,1.0000,1.0000,1.0000,1.0000,0.9995,0.9970,0.9960,0.9910,0.9880,0.9760,0.9670,0.9585,0.9465,0.9395,0.9305,0.9170,0.9065,0.8950,0.8855,0.8755,0.8655,0.8630,0.8600,0.8540,0.8495,0.8450,0.8415,0.8355,0.8335,0.8320,0.8265,0.8240,0.8235,0.8230,0.8200,0.8175,0.8160,0.8150,0.8140,0.8125,0.8120,0.8085,0.8060,0.8045,0.8030,0.8010,0.8000,0.7990,0.7965,0.7930
65,3.0000,SpendAwareDPRebalance (R65-aware),3.6600,38111.1278,1394.8673,spend25p,1367.4095,1365.7189,1363.5846,1359.0579,1357.5609,1353.8804,1359.1301,1359.4281,1364.5089,1369.9452,1369.0319,1367.3830,1364.3686,1359.4199,1338.4333,1312.2315,1278.2954,1241.2368,1213.8562,1181.4839,1129.3730,1090.2891,1052.4288,1019.8971,981.6231,773.3681,743.0765,715.4339,686.7884,653.0124,623.0441,592.0394,569.4919,544.0648,514.3710,489.3449,482.9531,475.7933,466.4207,453.8193,443.3260,435.4847,439.2463,433.8485,419.9446,414.4750,406.7936,395.2865,388.1430,386.8912,363.0863,342.4178,333.1351,311.2712,288.9409
65,3.0000,SpendAwareDPRebalance (R65-aware),3.6600,38111.1278,1394.8673,spend50p,1367.5673,1385.4532,1403.4581,1421.8179,1443.4979,1463.7410,1486.4524,1513.1571,1535.5662,1560.1502,1584.5875,1599.9557,1615.8801,1622.3489,1613.8961,1608.7354,1601.5883,1588.0964,1568.9703,1544.2805,1493.1217,1475.7203,1459.9831,1441.6874,1426.7664,1180.1756,1168.8770,1143.8059,1121.7910,1098.0612,1074.9028,1043.0143,1019.4139,1006.9179,996.5110,986.2124,994.8124,1004.2374,1007.8273,1002.0386,1008.7297,1017.2951,1034.2744,1043.4095,1048.5240,1056.1788,1062.8402,1068.2511,1081.4759,1099.0517,1096.9517,1098.2964,1101.0242,1096.5196,1089.1547
65,3.0000,SpendAwareDPRebalance (R65-aware),3.6600,38111.1278,1394.8673,spend75p,1367.7188,1405.8431,1445.5091,1489.3957,1536.0987,1584.6424,1635.4453,1683.4943,1732.7646,1781.2294,1828.4957,1881.0733,1914.0844,1939.0991,1949.4539,1959.6966,1961.5629,1955.9893,1944.1667,1934.3495,1880.2720,1867.3078,1863.7760,1872.8777,1860.6331,1562.1004,1568.7582,1560.3691,1542.4347,1529.4292,1513.3875,1495.9722,1482.4296,1476.9804,1483.4706,1474.3479,1491.6708,1516.8056,1564.6423,1588.4425,1628.6442,1658.7450,1704.2054,1771.9118,1808.2094,1833.7645,1863.2636,1902.3163,1941.7701,1996.5737,2019.5100,2058.9114,2060.2816,2078.4514,2100.3689
65,3.0000,SpendAwareDPRebalance (R65-aware),4.0000,34871.6819,1394.8673,survival,1.0000,1.0000,1.0000,1.0000,1.0000,1.0000,1.0000,1.0000,1.0000,0.9990,0.9965,0.9930,0.9880,0.9750,0.9615,0.9495,0.9385,0.9235,0.9090,0.8930,0.8770,0.8640,0.8520,0.8410,0.8305,0.8220,0.8095,0.8030,0.7925,0.7850,0.7810,0.7765,0.7750,0.7670,0.7660,0.7645,0.7625,0.7580,0.7560,0.7550,0.7505,0.7505,0.7495,0.7470,0.7460,0.7450,0.7435,0.7425,0.7415,0.7405,0.7385,0.7370,0.7365,0.7345,0.7310
65,3.0000,SpendAwareDPRebalance (R65-aware),4.0000,34871.6819,1394.8673,spend25p,1367.4095,1365.6572,1363.3030,1357.5145,1354.5442,1350.5628,1350.9791,1353.9494,1352.3885,1350.8338,1349.6587,1341.4896,1329.4770,1309.3142,1284.5660,1253.1049,1214.7975,1182.4323,1144.3155,1087.9151,1010.3615,966.0733,926.1456,884.8691,839.9208,635.0366,578.0961,539.8243,496.2060,450.5588,412.5442,375.1539,356.5078,301.2294,290.7741,265.4861,239.4539,194.0206,166.2362,145.5905,80.8263,68.9499,0.0000,0.0000,0.0000,0.0000,0.0000,0.0000,0.0000,0.0000,0.0000,0.0000,0.0000,0.0000,0.0000
65,3.0000,SpendAwareDPRebalance (R65-aware),4.0000,34871.6819,1394.8673,spend50p,1367.5673,1385.3918,1403.2125,1420.7805,1442.8624,1461.8823,1481.2890,1508.2972,1530.1487,1552.2946,1568.9612,1584.8204,1596.4394,1590.2851,1576.7528,1564.6827,1545.9818,1523.5275,1498.5203,1460.3615,1400.8026,1380.5598,1360.5999,1340.4651,1322.0834,1083.0430,1056.4738,1032.9821,1005.1837,977.8623,947.2059,915.3097,889.1198,869.3274,854.5855,847.7182,848.0374,851.4114,853.6248,862.7899,859.5754,866.9570,870.6859,867.6993,885.0536,888.1470,890.6117,892.4940,899.5856,903.0144,892.3352,893.9426,892.0719,906.6349,887.2494
65,3.0000,SpendAwareDPRebalance (R65-aware),4.0000,34871.6819,1394.8673,spend75p,1367.7188,1405.8431,1445.2267,1489.1850,1535.7205,1582.2039,1634.3758,1681.9297,1729.8495,1773.8619,1822.7973,1867.2639,1895.6926,1913.4885,1908.6874,1919.3827,1915.5792,1908.6051,1887.3647,1854.1132,1802.6232,1800.4289,1788.5189,1781.0230,1776.8042,1480.9201,1480.8833,1475.3401,1446.8383,1422.6845,1408.6572,1392.7980,1386.5009,1356.4280,1354.9717,1354.8414,1367.9170,1383.9342,1417.1204,1460.5956,1490.9621,1530.5193,1571.3889,1622.2042,1654.5380,1685.5782,1706.8480,1733.9773,1765.5094,1804.6902,1827.3410,1847.7116,1853.0982,1860.5926,1876.5242
65,3.0000,SpendAwareDPRebalance (R65-aware),4.3300,32214.0249,1394.8673,survival,1.0000,1.0000,1.0000,1.0000,1.0000,1.0000,1.0000,1.0000,0.9995,0.9970,0.9950,0.9900,0.9790,0.9610,0.9450,0.9350,0.9130,0.8965,0.8770,0.8595,0.8430,0.8255,0.8060,0.7870,0.7745,0.7665,0.7600,0.7505,0.7430,0.7365,0.7305,0.7250,0.7225,0.7185,0.7155,0.7110,0.7085,0.7070,0.7025,0.7000,0.6975,0.6950,0.6925,0.6920,0.6920,0.6905,0.6895,0.6890,0.6860,0.6850,0.6825,0.6810,0.6805,0.6780,0.6745
65,3.0000,SpendAwareDPRebalance (R65-aware),4.3300,32214.0249,1394.8673,spend25p,1367.4095,1365.6572,1363.3030,1356.9539,1353.3837,1349.5881,1345.2878,1347.5896,1342.1112,1337.8621,1327.9649,1321.2418,1305.5818,1277.4421,1239.8477,1209.1660,1157.9384,1109.1034,1055.2861,984.0844,908.8098,851.9390,775.7170,681.5138,622.8544,395.4147,353.2833,226.7892,0.0000,0.0000,0.0000,0.0000,0.0000,0.0000,0.0000,0.0000,0.0000,0.0000,0.0000,0.0000,0.0000,0.0000,0.0000,0.0000,0.0000,0.0000,0.0000,0.0000,0.0000,0.0000,0.0000,0.0000,0.0000,0.0000,0.0000
65,3.0000,SpendAwareDPRebalance (R65-aware),4.3300,32214.0249,1394.8673,spend50p,1367.5673,1385.3918,1402.9539,1421.0862,1442.7966,1461.5940,1479.0781,1504.5607,1525.3420,1545.0742,1556.6229,1569.7867,1571.4960,1562.6470,1542.1188,1530.1118,1494.7761,1466.1528,1422.0752,1394.1647,1335.9241,1304.1253,1266.3975,1231.5215,1207.8157,973.5732,958.4566,938.0512,901.0398,880.5015,850.2068,818.9471,795.1661,773.0108,757.0941,741.4456,731.7972,728.5257,720.9437,711.5436,710.4406,717.3133,716.6695,727.5788,742.7009,729.3407,738.3069,738.6008,721.0019,709.5175,704.0580,699.4688,691.8210,685.9352,675.0044
65,3.0000,SpendAwareDPRebalance (R65-aware),4.3300,32214.0249,1394.8673,spend75p,1367.7188,1405.8431,1445.2267,1489.1850,1535.7934,1582.2039,1634.1806,1681.6817,1728.6880,1773.5435,1820.2083,1859.8168,1875.0429,1881.3002,1872.9986,1881.4603,1869.0835,1845.9159,1825.4001,1803.5942,1749.5726,1742.1683,1720.8074,1709.1192,1696.1680,1408.5368,1399.1103,1384.9299,1357.7582,1340.9278,1318.8381,1294.1964,1277.8278,1259.6089,1253.3538,1261.7288,1263.8478,1273.6063,1301.9235,1340.6814,1363.0569,1395.6187,1434.6326,1459.5402,1496.3428,1522.8390,1550.7096,1585.5974,1600.8203,1614.1883,1628.2801,1647.1799,1657.3257,1661.6421,1660.4754
65,3.0000,SpendAwareDPRebalance (R65-aware),4.6600,29932.7742,1394.8673,survival,1.0000,1.0000,1.0000,1.0000,1.0000,1.0000,1.0000,1.0000,0.9985,0.9965,0.9925,0.9840,0.9650,0.9480,0.9315,0.9085,0.8885,0.8630,0.8425,0.8200,0.7950,0.7750,0.7560,0.7400,0.7225,0.7100,0.7045,0.6930,0.6875,0.6795,0.6700,0.6675,0.6615,0.6585,0.6560,0.6515,0.6490,0.6470,0.6450,0.6415,0.6390,0.6375,0.6370,0.6360,0.6345,0.6335,0.6330,0.6325,0.6310,0.6290,0.6270,0.6260,0.6245,0.6230,0.6210
65,3.0000,SpendAwareDPRebalance (R65-aware),4.6600,29932.7742,1394.8673,spend25p,1367.4095,1365.6572,1363.3030,1357.0026,1352.9806,1346.5785,1341.4201,1344.8970,1339.2919,1328.8823,1317.6840,1299.6950,1274.3183,1239.4911,1214.4113,1161.4184,1104.1795,1031.7913,970.2440,874.6014,760.4273,670.9668,527.9099,0.0000,0.0000,0.0000,0.0000,0.0000,0.0000,0.0000,0.0000,0.0000,0.0000,0.0000,0.0000,0.0000,0.0000,0.0000,0.0000,0.0000,0.0000,0.0000,0.0000,0.0000,0.0000,0.0000,0.0000,0.0000,0.0000,0.0000,0.0000,0.0000,0.0000,0.0000,0.0000
65,3.0000,SpendAwareDPRebalance (R65-aware),4.6600,29932.7742,1394.8673,spend50p,1367.5673,1385.3918,1402.9539,1420.9263,1442.7966,1461.4297,1478.2289,1502.5523,1523.2887,1537.3225,1547.6064,1552.0799,1546.1951,1528.2219,1518.8321,1484.2309,1449.2135,1403.9630,1369.4511,1328.4010,1258.6442,1225.1502,1178.1897,1142.8481,1109.4509,873.1774,851.7064,821.6591,801.6949,770.5332,721.5619,705.6791,680.9157,657.5775,648.5910,623.3146,610.5527,601.8442,591.5664,591.0207,593.5607,591.0400,584.9454,591.9776,591.2295,586.9813,584.8291,579.8646,576.8389,565.3390,552.6514,550.4723,535.7291,530.3739,520.7563
65,3.0000,SpendAwareDPRebalance (R65-aware),4.6600,29932.7742,1394.8673,spend75p,1367.7188,1405.8431,1445.2267,1489.3059,1535.7205,1582.2039,1634.0266,1681.5840,1728.2696,1772.9616,1817.3861,1845.7448,1855.5163,1859.8588,1859.3048,1847.1454,1830.6851,1802.4921,1777.9544,1749.7505,1674.1087,1652.3377,1635.2479,1622.5667,1594.5959,1318.9507,1311.7483,1280.9269,1262.0585,1232.3492,1203.9942,1191.1496,1172.9807,1161.9228,1170.4365,1166.4328,1172.1952,1192.7249,1214.9949,1239.4825,1259.6174,1294.4189,1323.4974,1351.7604,1375.0867,1390.0615,1405.6538,1419.7836,1437.8523,1448.4792,1443.5933,1471.8457,1472.2705,1484.2467,1482.3408
65,3.0000,SpendAwareDPRebalance (R65-aware),5.0000,27897.3455,1394.8673,survival,1.0000,1.0000,1.0000,1.0000,1.0000,1.0000,1.0000,0.9995,0.9975,0.9940,0.9875,0.9705,0.9500,0.9300,0.9075,0.8795,0.8520,0.8290,0.8000,0.7710,0.7450,0.7190,0.7020,0.6870,0.6670,0.6575,0.6485,0.6410,0.6340,0.6300,0.6245,0.6160,0.6145,0.6100,0.6075,0.6055,0.6025,0.6000,0.5975,0.5950,0.5940,0.5930,0.5930,0.5915,0.5895,0.5880,0.5875,0.5865,0.5855,0.5835,0.5825,0.5800,0.5795,0.5775,0.5765
65,3.0000,SpendAwareDPRebalance (R65-aware),5.0000,27897.3455,1394.8673,spend25p,1367.4095,1365.6572,1363.3030,1357.0026,1352.9806,1346.2176,1339.9440,1341.1782,1336.3769,1319.7536,1301.7989,1273.6578,1239.5564,1209.6644,1163.3422,1100.0344,1023.8504,935.0211,827.2514,702.1256,0.0000,0.0000,0.0000,0.0000,0.0000,0.0000,0.0000,0.0000,0.0000,0.0000,0.0000,0.0000,0.0000,0.0000,0.0000,0.0000,0.0000,0.0000,0.0000,0.0000,0.0000,0.0000,0.0000,0.0000,0.0000,0.0000,0.0000,0.0000,0.0000,0.0000,0.0000,0.0000,0.0000,0.0000,0.0000
65,3.0000,SpendAwareDPRebalance (R65-aware),5.0000,27897.3455,1394.8673,spend50p,1367.5673,1385.3918,1402.9539,1420.6932,1442.0936,1460.4143,1477.9298,1502.1460,1520.7656,1531.0761,1540.7034,1534.8463,1526.1474,1507.2037,1487.6989,1434.6558,1406.6774,1359.7646,1306.0692,1250.7076,1180.9851,1132.2020,1082.5166,1042.1456,1002.2020,778.8315,743.0762,714.4489,674.6530,644.9327,614.8525,578.9185,563.7698,539.2073,513.0714,499.6810,488.6989,479.6377,471.8291,464.9582,462.1872,457.0897,450.3377,443.4393,444.0449,432.1643,429.2260,418.8183,414.5014,408.4664,400.5839,391.8692,389.9419,379.5061,364.0293
65,3.0000,SpendAwareDPRebalance (R65-aware),5.0000,27897.3455,1394.8673,spend75p,1367.7188,1405.8431,1445.2267,1489.1850,1535.6921,1581.8832,1633.8595,1680.9999,1725.8350,1770.3044,1808.1754,1835.2815,1839.3850,1837.6732,1844.6476,1814.8270,1797.2353,1765.6227,1712.6689,1668.0636,1604.8816,1563.3277,1549.9830,1536.1312,1508.0398,1230.9735,1208.1068,1184.3982,1160.4398,1139.0217,1122.4935,1094.4982,1077.1754,1065.0560,1065.5892,1065.8060,1077.6450,1082.9998,1098.8492,1124.7206,1157.0234,1177.4934,1193.6472,1219.0531,1220.5785,1234.4548,1262.7324,1273.9597,1284.9866,1287.5813,1296.4680,1295.6154,1298.8158,1314.9878,1311.7858
