pension_start_age,spend_multiplier,strategy,spending_rule,initial_money,initial_annual_cost,value_type,1,2,3,4,5,6,7,8,9,10,11,12,13,14,15,16,17,18,19,20,21,22,23,24,25,26,27,28,29,30,31,32,33,34,35,36,37,38,39,40,41,42,43,44,45,46,47,48,49,50,51,52,53,54,55
70,0.7500,No dynamic rebalance,2.5000,14593.6728,364.8418,survival,1.0000,1.0000,1.0000,1.0000,1.0000,1.0000,1.0000,1.0000,1.0000,1.0000,1.0000,0.9985,0.9980,0.9960,0.9895,0.9880,0.9765,0.9705,0.9640,0.9535,0.9420,0.9310,0.9235,0.9105,0.8985,0.8895,0.8775,0.8655,0.8550,0.8440,0.8410,0.8405,0.8400,0.8395,0.8385,0.8380,0.8370,0.8355,0.8345,0.8340,0.8340,0.8335,0.8330,0.8330,0.8325,0.8320,0.8320,0.8320,0.8320,0.8320,0.8320,0.8320,0.8320,0.8320,0.8320
70,0.7500,No dynamic rebalance,2.5000,14593.6728,364.8418,spend25p,365.0041,371.3183,377.0097,382.9719,388.2631,394.6590,400.8131,407.7328,412.5172,416.3490,418.6515,420.9234,422.4524,422.5008,423.0519,419.3666,411.6716,405.1850,395.9420,386.3136,352.1258,340.4677,329.6468,315.9606,302.3082,289.2890,277.8991,264.9295,249.3084,232.8094,0.0000,-13.2763,-28.3989,-43.9259,-57.4798,-70.4594,-82.2220,-93.8870,-103.9775,-113.8420,-123.9843,-132.9590,-142.6424,-153.3711,-165.1820,-177.4754,-190.8410,-206.3681,-223.9596,-241.4874,-260.6184,-283.0470,-308.2322,-333.9541,-364.9783
70,0.7500,No dynamic rebalance,2.5000,14593.6728,364.8418,spend50p,367.6828,379.2502,391.4063,404.0518,417.2829,431.1286,445.4792,460.2334,475.3901,489.2513,500.4965,511.2611,523.2696,531.1756,536.6224,538.3634,529.9315,525.2719,520.2946,512.4150,478.0169,470.9445,466.2402,456.9055,448.2348,442.3609,434.1963,424.3879,413.9425,400.8312,26.0955,8.4183,0.0000,0.0000,-3.2259,-18.5878,-32.7631,-45.4818,-56.3070,-68.4978,-80.5324,-92.6065,-104.0063,-117.1753,-129.6281,-143.9256,-157.4804,-172.8303,-187.8128,-204.2056,-221.8404,-240.3820,-261.3143,-282.6893,-304.8485
70,0.7500,No dynamic rebalance,2.5000,14593.6728,364.8418,spend75p,370.2527,387.0767,406.3800,425.7289,446.7564,470.9899,496.1257,519.2451,545.2122,569.3562,595.3258,619.1639,638.6533,655.9093,670.5073,685.3809,687.8114,694.6326,699.1916,696.0431,656.1711,648.9204,644.0867,642.6391,637.3770,634.0577,629.3527,617.9940,605.1187,590.9864,104.7543,84.2899,62.0575,43.5492,24.2862,6.3161,0.0000,0.0000,0.0000,0.0000,0.0000,0.0000,0.0000,-13.2767,-32.8334,-47.7877,-65.2443,-87.2602,-110.8054,-134.4462,-161.3221,-185.5965,-207.8572,-225.1479,-243.6649
70,0.7500,固定最適比率,2.5000,14593.6728,364.8418,survival,1.0000,1.0000,1.0000,1.0000,1.0000,1.0000,1.0000,1.0000,1.0000,1.0000,1.0000,1.0000,1.0000,1.0000,1.0000,1.0000,1.0000,1.0000,1.0000,0.9975,0.9960,0.9945,0.9935,0.9905,0.9840,0.9775,0.9690,0.9630,0.9530,0.9375,0.9345,0.9325,0.9315,0.9300,0.9280,0.9260,0.9235,0.9225,0.9220,0.9210,0.9185,0.9185,0.9185,0.9165,0.9155,0.9150,0.9150,0.9150,0.9150,0.9150,0.9150,0.9150,0.9150,0.9150,0.9150
70,0.7500,固定最適比率,2.5000,14593.6728,364.8418,spend25p,365.0041,371.3183,377.0097,382.9719,388.2631,394.6590,400.8131,407.7328,412.5172,416.3490,418.6515,421.5958,422.7867,424.3471,426.8043,425.2487,421.4297,418.2208,414.1470,407.1349,379.0548,371.1584,368.1268,363.0067,354.9452,343.4213,334.9061,325.3717,309.8674,294.0404,-0.3012,-15.7239,-31.6783,-46.5029,-60.1528,-72.8602,-84.9777,-95.2925,-106.0787,-115.7251,-125.4701,-134.4684,-144.2695,-154.7279,-166.9884,-179.6084,-193.7578,-209.0453,-225.9845,-244.0450,-263.4526,-287.8291,-312.4560,-339.6457,-370.1858
70,0.7500,固定最適比率,2.5000,14593.6728,364.8418,spend50p,367.6828,379.2502,391.4063,404.0518,417.2829,431.1286,445.4792,460.2334,475.3901,489.2513,500.4965,511.8232,523.8936,533.6442,541.7771,542.5247,541.1837,537.4115,537.6420,536.7970,505.9979,501.8552,499.6059,493.8969,485.3623,482.2244,477.1401,468.6184,458.0171,447.4277,44.4497,26.1797,6.3953,0.0000,-11.2914,-26.5352,-39.7143,-52.7975,-65.0002,-75.7146,-87.9135,-99.8417,-111.5261,-123.9464,-136.1458,-149.2231,-161.8096,-177.3397,-192.4661,-210.2879,-228.5562,-249.1284,-269.7270,-291.1727,-314.4784
70,0.7500,固定最適比率,2.5000,14593.6728,364.8418,spend75p,370.2527,387.0767,406.3800,425.7289,446.7564,470.9899,496.1257,519.2451,545.2122,569.3562,595.3258,619.4590,639.3085,657.2640,675.0627,687.8879,698.8373,713.5524,719.0384,723.0765,685.3844,689.4995,693.3126,687.9709,687.0347,682.0146,673.8439,670.8954,660.7288,637.6797,122.8503,99.5140,76.8759,55.4212,36.8437,18.9750,3.2321,0.0000,0.0000,-10.4700,-22.6211,-34.5217,-46.8906,-60.6566,-75.4900,-92.2068,-111.4056,-133.8869,-153.1394,-172.1391,-190.4335,-208.9181,-227.6259,-247.1480,-267.5173
70,0.7500,DynamicV1Rebalance,2.5000,14593.6728,364.8418,survival,1.0000,1.0000,1.0000,1.0000,1.0000,1.0000,1.0000,1.0000,1.0000,1.0000,1.0000,0.9995,0.9985,0.9980,0.9940,0.9905,0.9875,0.9830,0.9800,0.9745,0.9680,0.9605,0.9510,0.9455,0.9390,0.9325,0.9255,0.9200,0.9085,0.9005,0.8985,0.8980,0.8970,0.8955,0.8945,0.8930,0.8925,0.8920,0.8910,0.8900,0.8900,0.8900,0.8900,0.8900,0.8900,0.8900,0.8895,0.8895,0.8895,0.8895,0.8890,0.8890,0.8885,0.8885,0.8885
70,0.7500,DynamicV1Rebalance,2.5000,14593.6728,364.8418,spend25p,365.0041,371.3183,377.0097,382.9719,388.2631,394.6590,400.8131,407.7328,412.5172,416.3490,418.6515,421.5120,422.5782,423.3486,424.2240,420.3386,417.1934,412.4750,403.9794,396.8420,366.0358,356.5726,346.2098,336.3019,327.7270,317.3761,307.5917,296.0869,281.3283,271.1842,0.0000,-14.8544,-29.9964,-45.6883,-58.6180,-71.9517,-83.2004,-94.5361,-104.8045,-115.0430,-124.7228,-133.7626,-143.2537,-154.0066,-166.0109,-178.5170,-192.2534,-208.1502,-225.4344,-243.2470,-262.7550,-287.1847,-311.2111,-338.1252,-369.4634
70,0.7500,DynamicV1Rebalance,2.5000,14593.6728,364.8418,spend50p,367.6828,379.2502,391.4063,404.0518,417.2829,431.1286,445.4792,460.2334,475.3901,489.2513,500.4965,511.7613,523.5174,532.1604,538.6396,538.6468,534.8479,531.4238,530.5532,525.6793,492.0591,485.8468,480.8539,472.1407,465.8041,461.9699,454.4708,449.6730,440.5707,431.8296,38.9638,19.5803,1.8045,0.0000,-7.6463,-22.2886,-35.9109,-48.7629,-61.1416,-72.8877,-84.6663,-96.2723,-108.4109,-120.1847,-133.3468,-146.4877,-159.7737,-175.0995,-190.5554,-207.7877,-226.3100,-246.0664,-266.7277,-288.2119,-311.9663
70,0.7500,DynamicV1Rebalance,2.5000,14593.6728,364.8418,spend75p,370.2527,387.0767,406.3800,425.7289,446.7564,470.9899,496.1257,519.2451,545.2122,569.3562,595.3258,619.2497,638.8000,656.9306,672.0116,685.5128,695.2778,703.3679,708.7182,709.1677,670.7995,666.9228,658.6746,659.3222,659.7404,661.3758,656.6471,653.3001,641.0513,627.7085,118.0240,96.7432,74.5996,52.8028,35.4852,17.9068,2.6992,0.0000,0.0000,0.0000,-8.9468,-19.6320,-32.2595,-44.0097,-57.3787,-76.7027,-98.5458,-119.3243,-139.7553,-161.7168,-181.2485,-201.6233,-221.2469,-240.9367,-259.9033
70,0.7500,SpendAwareDPRebalance (R70-aware),2.5000,14593.6728,364.8418,survival,1.0000,1.0000,1.0000,1.0000,1.0000,1.0000,1.0000,1.0000,1.0000,1.0000,1.0000,1.0000,1.0000,1.0000,0.9995,0.9980,0.9970,0.9955,0.9935,0.9925,0.9880,0.9855,0.9830,0.9815,0.9785,0.9730,0.9685,0.9665,0.9635,0.9570,0.9525,0.9470,0.9425,0.9380,0.9370,0.9355,0.9350,0.9335,0.9325,0.9315,0.9305,0.9300,0.9290,0.9290,0.9290,0.9290,0.9290,0.9290,0.9290,0.9290,0.9285,0.9285,0.9285,0.9285,0.9285
70,0.7500,SpendAwareDPRebalance (R70-aware),2.5000,14593.6728,364.8418,spend25p,365.0041,371.3183,377.0097,382.9719,388.2631,394.6590,400.8131,407.7328,412.5172,416.3490,418.6515,421.5958,422.7867,424.3471,426.5252,423.3328,420.2503,416.5863,410.4923,405.0946,375.2163,367.9323,363.1627,358.1315,350.8044,340.0451,334.8343,327.5201,315.0211,305.2609,-0.0828,-15.6941,-31.3359,-46.5029,-60.1528,-72.8602,-84.9340,-95.2190,-106.0105,-115.7251,-125.5298,-134.5857,-144.1694,-154.7016,-166.8112,-179.4616,-193.6613,-209.0453,-226.0314,-244.2176,-263.7764,-288.8365,-313.1032,-340.5310,-371.7915
70,0.7500,SpendAwareDPRebalance (R70-aware),2.5000,14593.6728,364.8418,spend50p,367.6828,379.2502,391.4063,404.0518,417.2829,431.1286,445.4792,460.2334,475.3901,489.2513,500.4965,511.8232,523.8936,533.6442,541.6742,541.0534,539.5313,535.1996,535.5661,533.3360,504.1309,499.1159,492.7002,490.2033,481.8140,478.6263,477.1401,470.6131,463.7053,455.2334,48.4152,29.3059,9.3615,0.0000,-11.0524,-26.0757,-39.3488,-52.0760,-64.6112,-75.6308,-87.6622,-99.4986,-110.9766,-123.8285,-135.9845,-149.1188,-162.0086,-177.4509,-192.7524,-210.5921,-229.0075,-249.3432,-270.5760,-292.1694,-316.5301
70,0.7500,SpendAwareDPRebalance (R70-aware),2.5000,14593.6728,364.8418,spend75p,370.2527,387.0767,406.3800,425.7289,446.7564,470.9899,496.1257,519.2451,545.2122,569.3562,595.3258,619.4590,639.3085,657.2640,674.9547,687.3877,697.7588,710.0271,713.4776,718.0949,680.2157,683.3772,684.3314,680.3276,682.5486,677.4683,674.7626,678.6353,677.7688,666.5356,130.7394,105.7538,82.7562,60.9515,40.2327,23.1930,7.3200,0.0000,0.0000,-10.1824,-22.4832,-34.5217,-46.3408,-60.7576,-75.7668,-92.7419,-112.6188,-134.6385,-154.0829,-172.2478,-190.9121,-210.0295,-229.2419,-247.9821,-268.5862
70,0.7500,No dynamic rebalance,2.8000,13030.0650,364.8418,survival,1.0000,1.0000,1.0000,1.0000,1.0000,1.0000,1.0000,1.0000,1.0000,1.0000,0.9995,0.9975,0.9955,0.9900,0.9860,0.9720,0.9640,0.9555,0.9420,0.9295,0.9160,0.9025,0.8850,0.8750,0.8605,0.8440,0.8285,0.8200,0.8075,0.7960,0.7915,0.7890,0.7885,0.7885,0.7875,0.7870,0.7865,0.7865,0.7865,0.7855,0.7850,0.7845,0.7840,0.7835,0.7830,0.7830,0.7830,0.7830,0.7830,0.7830,0.7830,0.7830,0.7830,0.7830,0.7830
70,0.7500,No dynamic rebalance,2.8000,13030.0650,364.8418,spend25p,365.0041,371.3183,377.0097,382.9719,388.2631,394.6590,400.8131,407.7328,412.5172,416.3490,418.4245,420.6311,421.2190,420.0285,421.6949,413.9824,406.1063,396.6215,382.7246,370.2825,337.5633,321.2218,304.3685,293.7341,275.0167,258.9478,237.4797,222.9922,204.2782,186.7555,0.0000,-11.8950,-27.0084,-42.2379,-56.0621,-68.8192,-81.0292,-93.0781,-103.2426,-112.8930,-122.9015,-132.2817,-141.4579,-151.8904,-163.6231,-175.9313,-188.9130,-204.5380,-222.0422,-239.6448,-258.3568,-280.6139,-304.8012,-330.2385,-361.0317
70,0.7500,No dynamic rebalance,2.8000,13030.0650,364.8418,spend50p,367.6828,379.2502,391.4063,404.0518,417.2829,431.1286,445.4792,460.2334,475.3901,489.2513,500.3738,510.9805,522.0572,527.4547,534.4000,530.4726,525.8339,518.9929,510.5771,503.0610,467.5946,458.2410,445.1609,437.7304,431.2757,419.1189,407.2057,399.9361,385.0088,374.0270,15.4001,0.0000,0.0000,0.0000,0.0000,-13.0618,-27.9824,-41.0263,-52.5587,-63.9486,-76.5089,-88.0443,-100.4875,-113.1953,-126.6224,-140.4605,-154.7999,-170.5617,-186.1128,-201.5617,-218.2072,-235.6367,-256.6851,-276.7269,-298.6375
70,0.7500,No dynamic rebalance,2.8000,13030.0650,364.8418,spend75p,370.2527,387.0767,406.3800,425.7289,446.7564,470.9899,496.1257,519.2451,545.2122,569.3562,595.0825,619.0323,637.7974,654.6481,666.9321,673.2602,679.5983,683.8873,682.8481,681.3165,642.4735,630.9502,622.4984,622.8149,617.3001,610.7778,600.3258,589.5047,576.2689,569.2504,92.5320,73.0991,53.1475,32.7971,14.0546,0.0000,0.0000,0.0000,0.0000,0.0000,0.0000,0.0000,0.0000,0.0000,0.0000,0.0000,0.0000,0.0000,-17.5846,-50.7655,-86.3440,-124.8037,-160.4018,-192.9568,-218.4336
70,0.7500,固定最適比率,2.8000,13030.0650,364.8418,survival,1.0000,1.0000,1.0000,1.0000,1.0000,1.0000,1.0000,1.0000,1.0000,1.0000,1.0000,1.0000,1.0000,1.0000,1.0000,0.9995,0.9995,0.9975,0.9935,0.9865,0.9825,0.9745,0.9655,0.9580,0.9490,0.9375,0.9245,0.9165,0.9020,0.8905,0.8855,0.8840,0.8825,0.8820,0.8795,0.8790,0.8770,0.8770,0.8770,0.8765,0.8745,0.8740,0.8740,0.8735,0.8735,0.8735,0.8735,0.8735,0.8735,0.8735,0.8735,0.8735,0.8735,0.8735,0.8735
70,0.7500,固定最適比率,2.8000,13030.0650,364.8418,spend25p,365.0041,371.3183,377.0097,382.9719,388.2631,394.6590,400.8131,407.7328,412.5172,416.3490,418.6515,421.5958,422.7867,424.3471,426.8043,424.9103,421.3634,417.1790,410.4923,402.2497,372.9765,363.4143,352.9270,342.3455,331.1733,321.1887,306.6901,292.9533,278.2995,262.8839,0.0000,-15.3654,-30.6440,-45.8646,-59.3511,-72.5334,-84.3089,-94.7528,-105.2072,-115.3615,-124.8808,-133.9649,-143.4027,-154.0712,-165.9751,-178.2674,-191.8382,-207.8836,-225.2238,-242.3565,-261.6722,-284.8745,-310.1993,-336.6671,-367.4302
70,0.7500,固定最適比率,2.8000,13030.0650,364.8418,spend50p,367.6828,379.2502,391.4063,404.0518,417.2829,431.1286,445.4792,460.2334,475.3901,489.2513,500.4965,511.8232,523.8936,533.6442,541.7771,542.0286,540.7499,535.8179,535.5661,530.1054,500.9858,494.2104,485.3190,475.6932,467.7317,461.7594,451.4638,444.6771,432.0155,418.0914,33.6400,15.6163,0.0000,0.0000,-9.3367,-24.0340,-37.3962,-50.3603,-62.5416,-73.8804,-85.6506,-97.6794,-109.0881,-120.5197,-133.9010,-146.7347,-159.8646,-175.1296,-190.5317,-207.4219,-225.0690,-245.1852,-264.5806,-287.1923,-310.5988
70,0.7500,固定最適比率,2.8000,13030.0650,364.8418,spend75p,370.2527,387.0767,406.3800,425.7289,446.7564,470.9899,496.1257,519.2451,545.2122,569.3562,595.3258,619.4590,639.3085,657.2640,675.0627,687.7324,698.7716,711.1008,712.6196,712.5922,673.8947,672.3550,664.1427,659.4805,657.9564,652.5968,643.6460,636.6974,615.1913,602.8744,107.7453,86.1213,64.0685,44.9427,26.3138,8.7688,0.0000,0.0000,0.0000,0.0000,-10.4016,-20.7823,-31.5401,-44.0097,-57.2512,-76.7027,-98.1951,-119.9097,-139.4411,-161.6186,-180.4290,-201.2125,-220.3151,-238.5278,-257.6149
70,0.7500,DynamicV1Rebalance,2.8000,13030.0650,364.8418,survival,1.0000,1.0000,1.0000,1.0000,1.0000,1.0000,1.0000,1.0000,1.0000,1.0000,0.9995,0.9985,0.9965,0.9915,0.9880,0.9830,0.9730,0.9685,0.9590,0.9475,0.9360,0.9300,0.9200,0.9065,0.9000,0.8885,0.8730,0.8650,0.8525,0.8440,0.8405,0.8390,0.8380,0.8375,0.8375,0.8355,0.8350,0.8350,0.8345,0.8340,0.8335,0.8335,0.8335,0.8335,0.8335,0.8335,0.8335,0.8335,0.8335,0.8335,0.8335,0.8335,0.8330,0.8330,0.8330
70,0.7500,DynamicV1Rebalance,2.8000,13030.0650,364.8418,spend25p,365.0041,371.3183,377.0097,382.9719,388.2631,394.6590,400.8131,407.7328,412.5172,416.3490,418.4245,420.9234,421.4736,421.1805,421.9815,418.4949,410.9990,403.5809,394.3620,382.7256,349.1750,338.7624,326.9468,310.9113,302.3082,288.5547,273.7139,263.2564,247.3909,232.9083,0.0000,-14.0273,-29.0686,-44.5628,-57.6733,-70.9923,-82.3494,-94.2249,-104.4963,-114.5849,-124.2451,-133.3145,-143.0004,-153.5307,-165.4933,-177.7047,-191.1162,-207.0249,-224.0454,-241.5172,-260.7161,-283.1274,-308.2322,-333.6049,-364.2982
70,0.7500,DynamicV1Rebalance,2.8000,13030.0650,364.8418,spend50p,367.6828,379.2502,391.4063,404.0518,417.2829,431.1286,445.4792,460.2334,475.3901,489.2513,500.3738,511.2611,522.7113,528.9499,535.5919,536.1737,528.7559,524.2801,518.1940,509.6122,475.0628,471.7066,463.5783,453.4930,448.0070,441.4146,429.1007,420.9212,410.0378,398.8612,25.1038,7.6544,0.0000,0.0000,-4.4481,-19.6818,-33.5997,-46.9853,-57.3494,-69.6211,-81.2757,-94.0437,-104.8225,-117.5656,-130.2703,-144.0322,-158.0470,-173.0444,-188.1723,-204.4054,-222.0241,-240.4992,-261.2252,-282.7587,-305.5065
70,0.7500,DynamicV1Rebalance,2.8000,13030.0650,364.8418,spend75p,370.2527,387.0767,406.3800,425.7289,446.7564,470.9899,496.1257,519.2451,545.2122,569.3562,595.0825,619.1639,638.3580,654.9098,669.4743,682.2656,686.0885,691.3471,694.1277,693.2623,652.2267,650.5412,644.2754,639.2010,638.5886,633.2475,625.4421,612.5990,595.7404,586.5001,102.5762,80.3015,59.8165,40.6826,21.4285,3.4852,0.0000,0.0000,0.0000,0.0000,0.0000,0.0000,-4.9922,-17.1156,-34.2929,-51.8060,-70.8637,-91.3694,-112.4089,-136.4027,-163.2101,-186.1135,-208.8306,-225.3287,-245.1284
70,0.7500,SpendAwareDPRebalance (R70-aware),2.8000,13030.0650,364.8418,survival,1.0000,1.0000,1.0000,1.0000,1.0000,1.0000,1.0000,1.0000,1.0000,1.0000,1.0000,0.9995,0.9985,0.9975,0.9965,0.9920,0.9895,0.9870,0.9855,0.9810,0.9770,0.9705,0.9630,0.9575,0.9510,0.9440,0.9380,0.9305,0.9225,0.9165,0.9110,0.9030,0.8990,0.8925,0.8900,0.8885,0.8870,0.8845,0.8840,0.8835,0.8830,0.8815,0.8810,0.8810,0.8810,0.8805,0.8805,0.8805,0.8805,0.8800,0.8800,0.8795,0.8795,0.8795,0.8795
70,0.7500,SpendAwareDPRebalance (R70-aware),2.8000,13030.0650,364.8418,spend25p,365.0041,371.3183,377.0097,382.9719,388.2631,394.6590,400.8131,407.7328,412.5172,416.3490,418.6515,421.5120,422.5782,423.2561,425.1094,420.7508,417.9977,413.5837,406.5035,400.1522,369.9361,361.7012,351.9543,342.8800,332.7563,324.8633,313.5893,302.7280,291.4344,280.9197,0.0000,-15.1342,-30.3737,-45.8281,-59.2690,-72.5334,-84.3089,-94.8819,-105.3152,-115.4265,-125.0546,-134.0694,-143.6945,-154.3227,-166.1701,-178.8152,-192.3723,-208.1502,-225.3865,-243.0972,-262.7126,-286.9087,-310.9681,-337.3483,-368.2624
70,0.7500,SpendAwareDPRebalance (R70-aware),2.8000,13030.0650,364.8418,spend50p,367.6828,379.2502,391.4063,404.0518,417.2829,431.1286,445.4792,460.2334,475.3901,489.2513,500.4965,511.7613,523.5174,531.8654,540.6830,539.4526,535.3156,532.9409,532.6335,528.1259,497.9082,491.2140,485.0407,477.1933,470.0971,465.4151,462.3774,455.5301,445.7024,438.5244,40.3791,19.2884,0.6665,0.0000,-9.7974,-24.2776,-38.3783,-51.0374,-63.3530,-74.5694,-86.0028,-98.3728,-109.7981,-121.5537,-134.3893,-147.1382,-160.3115,-175.7673,-191.1177,-208.0440,-226.3755,-246.2199,-266.5159,-287.8950,-311.0430
70,0.7500,SpendAwareDPRebalance (R70-aware),2.8000,13030.0650,364.8418,spend75p,370.2527,387.0767,406.3800,425.7289,446.7564,470.9899,496.1257,519.2451,545.2122,569.3562,595.3258,619.2497,638.8000,656.4667,673.1917,685.5128,695.6525,703.8975,709.8914,712.5922,673.2777,674.0758,666.6290,661.7962,661.2469,661.4131,655.7284,649.1777,636.4006,626.7026,115.4344,92.6214,68.7297,46.5841,28.6953,11.1872,0.0000,0.0000,0.0000,-1.8076,-15.0421,-26.8339,-36.8195,-49.8168,-62.1462,-80.4232,-101.7907,-122.5018,-141.9314,-164.5501,-183.2280,-202.1011,-221.2068,-239.9021,-258.6610
70,0.7500,No dynamic rebalance,3.0000,12161.3940,364.8418,survival,1.0000,1.0000,1.0000,1.0000,1.0000,1.0000,1.0000,1.0000,1.0000,1.0000,0.9985,0.9965,0.9930,0.9875,0.9745,0.9660,0.9555,0.9405,0.9270,0.9095,0.8950,0.8740,0.8615,0.8455,0.8290,0.8145,0.8020,0.7865,0.7715,0.7570,0.7540,0.7525,0.7505,0.7500,0.7495,0.7490,0.7485,0.7485,0.7485,0.7485,0.7485,0.7485,0.7485,0.7485,0.7485,0.7480,0.7475,0.7475,0.7475,0.7475,0.7475,0.7475,0.7475,0.7475,0.7475
70,0.7500,No dynamic rebalance,3.0000,12161.3940,364.8418,spend25p,365.0041,371.3183,377.0097,382.9719,388.2631,394.6590,400.8131,407.7328,412.5172,416.3490,418.0848,420.1994,420.7203,419.3658,416.3157,410.6488,402.0394,389.9767,376.4560,357.8038,321.5408,301.6869,287.0477,268.8715,252.0962,232.0849,213.3418,189.4753,165.0088,122.9647,0.0000,-11.0038,-26.4871,-41.9290,-55.6641,-68.4992,-80.5349,-92.3060,-102.7705,-112.5899,-122.4098,-131.7602,-140.9136,-151.1759,-162.5458,-174.8975,-187.6517,-203.0306,-220.3938,-238.6548,-257.1339,-278.1366,-301.1054,-327.5769,-356.1953
70,0.7500,No dynamic rebalance,3.0000,12161.3940,364.8418,spend50p,367.6828,379.2502,391.4063,404.0518,417.2829,431.1286,445.4792,460.2334,475.3901,489.2513,500.1892,510.9356,521.6227,526.4995,528.2614,526.1177,523.1028,513.9486,505.7412,495.3007,460.4709,444.8822,435.7516,423.2844,414.1322,402.4981,393.3690,379.4428,365.7849,351.1906,5.2266,0.0000,0.0000,0.0000,0.0000,-8.3740,-23.1318,-36.0316,-48.3477,-59.5839,-71.9598,-85.0277,-97.1048,-109.8709,-123.1466,-136.9411,-152.8572,-166.7932,-182.4108,-198.3665,-214.8115,-232.0631,-250.6623,-272.0309,-292.5339
70,0.7500,No dynamic rebalance,3.0000,12161.3940,364.8418,spend75p,370.2527,387.0767,406.3800,425.7289,446.7564,470.9899,496.1257,519.2451,545.2122,569.3562,594.8827,619.0323,637.3851,654.1955,663.2136,669.1127,675.8223,675.4684,673.3768,669.0770,624.5297,612.6671,614.4271,607.9076,600.4563,591.6801,583.2490,570.3381,556.9634,549.1469,85.1964,63.8136,41.5841,23.3855,6.6270,0.0000,0.0000,0.0000,0.0000,0.0000,0.0000,0.0000,0.0000,0.0000,0.0000,0.0000,0.0000,0.0000,0.0000,0.0000,0.0000,0.0000,0.0000,0.0000,0.0000
70,0.7500,固定最適比率,3.0000,12161.3940,364.8418,survival,1.0000,1.0000,1.0000,1.0000,1.0000,1.0000,1.0000,1.0000,1.0000,1.0000,1.0000,1.0000,1.0000,1.0000,0.9985,0.9955,0.9900,0.9830,0.9745,0.9660,0.9540,0.9425,0.9320,0.9185,0.9090,0.8945,0.8760,0.8615,0.8465,0.8360,0.8330,0.8315,0.8280,0.8280,0.8260,0.8255,0.8250,0.8245,0.8230,0.8220,0.8220,0.8220,0.8220,0.8210,0.8210,0.8210,0.8210,0.8210,0.8210,0.8210,0.8210,0.8210,0.8205,0.8205,0.8205
70,0.7500,固定最適比率,3.0000,12161.3940,364.8418,spend25p,365.0041,371.3183,377.0097,382.9719,388.2631,394.6590,400.8131,407.7328,412.5172,416.3490,418.6515,421.5958,422.7867,424.3471,426.1066,421.8069,417.9977,412.1081,400.6694,391.8935,358.1001,346.4637,334.3569,319.3174,307.9560,290.8920,276.3993,260.6605,240.2321,226.7280,0.0000,-15.0382,-30.2125,-45.6883,-58.6180,-71.8410,-83.0245,-94.3587,-104.4963,-114.6843,-124.2451,-133.3145,-143.0004,-153.4590,-165.4603,-177.5967,-191.0288,-206.2953,-223.6390,-241.0279,-259.9590,-282.5133,-307.4530,-332.7714,-363.4648
70,0.7500,固定最適比率,3.0000,12161.3940,364.8418,spend50p,367.6828,379.2502,391.4063,404.0518,417.2829,431.1286,445.4792,460.2334,475.3901,489.2513,500.4965,511.8232,523.8936,533.6442,541.4371,540.1795,535.1158,529.7209,524.2739,516.3737,480.9473,475.1494,467.1492,455.9997,448.3692,440.4179,425.8344,415.1241,400.0193,391.5328,21.6700,3.9578,0.0000,0.0000,-5.7926,-20.7769,-34.6126,-47.6378,-58.9951,-71.2953,-82.9171,-94.9435,-106.7417,-118.1047,-131.4067,-144.1869,-158.4412,-173.1380,-188.4206,-204.4054,-221.8404,-240.3820,-260.6353,-281.3334,-303.5571
70,0.7500,固定最適比率,3.0000,12161.3940,364.8418,spend75p,370.2527,387.0767,406.3800,425.7289,446.7564,470.9899,496.1257,519.2451,545.2122,569.3562,595.3258,619.4590,639.3085,657.2640,674.3335,686.8422,695.2778,699.7131,698.5419,696.2983,656.1711,650.3469,641.1443,634.6046,632.0611,624.2814,613.2341,594.3578,578.2404,571.1299,94.2900,75.3764,54.1354,34.5514,16.1177,0.0000,0.0000,0.0000,0.0000,0.0000,0.0000,0.0000,-2.4937,-16.1979,-33.8902,-49.7369,-67.2935,-89.1722,-111.5420,-134.8573,-162.0942,-185.5965,-207.0186,-224.0565,-241.1726
70,0.7500,DynamicV1Rebalance,3.0000,12161.3940,364.8418,survival,1.0000,1.0000,1.0000,1.0000,1.0000,1.0000,1.0000,1.0000,1.0000,1.0000,0.9985,0.9965,0.9935,0.9885,0.9820,0.9715,0.9645,0.9530,0.9425,0.9275,0.9180,0.9045,0.8875,0.8760,0.8620,0.8500,0.8330,0.8255,0.8125,0.8040,0.8000,0.7975,0.7935,0.7925,0.7915,0.7905,0.7905,0.7895,0.7890,0.7885,0.7880,0.7880,0.7880,0.7875,0.7875,0.7870,0.7870,0.7870,0.7870,0.7870,0.7870,0.7870,0.7870,0.7870,0.7870
70,0.7500,DynamicV1Rebalance,3.0000,12161.3940,364.8418,spend25p,365.0041,371.3183,377.0097,382.9719,388.2631,394.6590,400.8131,407.7328,412.5172,416.3490,418.0848,420.1994,420.9451,419.5886,419.8660,413.9824,406.7782,394.9341,383.4136,369.7901,338.4676,322.3075,304.6348,293.9633,275.1814,263.3287,242.1998,229.0444,211.4699,194.0918,0.0000,-12.7104,-27.9220,-42.7538,-56.6481,-69.4794,-81.5356,-93.3197,-103.3172,-113.4526,-123.4997,-132.6473,-141.8837,-152.8931,-164.0053,-176.5578,-189.8929,-205.3334,-222.8849,-239.9202,-258.3568,-280.6139,-304.6835,-330.1642,-360.9252
70,0.7500,DynamicV1Rebalance,3.0000,12161.3940,364.8418,spend50p,367.6828,379.2502,391.4063,404.0518,417.2829,431.1286,445.4792,460.2334,475.3901,489.2513,500.1892,510.9356,521.7793,526.7177,531.5337,529.5638,526.1246,518.4403,512.7560,502.8298,467.5946,458.3104,445.7525,437.9270,430.3746,420.0412,407.7683,401.3940,385.5963,376.2899,16.7918,0.0000,0.0000,0.0000,-0.1059,-15.3959,-29.1161,-41.9247,-53.3133,-65.3637,-77.8805,-89.3628,-101.7408,-114.4081,-127.2765,-141.3941,-155.4066,-171.2411,-186.2270,-201.6617,-218.4595,-235.8959,-256.7516,-277.3096,-299.4042
70,0.7500,DynamicV1Rebalance,3.0000,12161.3940,364.8418,spend75p,370.2527,387.0767,406.3800,425.7289,446.7564,470.9899,496.1257,519.2451,545.2122,569.3562,594.8827,619.0323,637.3851,654.4870,666.1134,671.7003,679.6400,683.5195,683.9947,682.0606,643.4116,629.6429,622.1853,620.2628,611.1892,610.5415,599.5852,587.4963,572.3329,569.1849,92.7859,73.4077,51.7146,31.0229,13.1428,0.0000,0.0000,0.0000,0.0000,0.0000,0.0000,0.0000,0.0000,0.0000,0.0000,0.0000,0.0000,-14.4825,-36.9821,-68.0104,-106.9638,-144.5849,-178.1062,-201.4255,-225.9723
70,0.7500,SpendAwareDPRebalance (R70-aware),3.0000,12161.3940,364.8418,survival,1.0000,1.0000,1.0000,1.0000,1.0000,1.0000,1.0000,1.0000,1.0000,1.0000,0.9990,0.9980,0.9975,0.9950,0.9915,0.9855,0.9840,0.9805,0.9715,0.9665,0.9580,0.9500,0.9435,0.9350,0.9245,0.9155,0.9095,0.9040,0.8945,0.8885,0.8800,0.8730,0.8670,0.8620,0.8595,0.8580,0.8570,0.8560,0.8550,0.8535,0.8530,0.8520,0.8510,0.8505,0.8505,0.8500,0.8500,0.8500,0.8495,0.8495,0.8490,0.8485,0.8485,0.8485,0.8485
70,0.7500,SpendAwareDPRebalance (R70-aware),3.0000,12161.3940,364.8418,spend25p,365.0041,371.3183,377.0097,382.9719,388.2631,394.6590,400.8131,407.7328,412.5172,416.3490,418.2755,420.9234,422.4524,422.3802,423.1105,418.9106,415.0724,409.8501,400.5751,392.3613,361.0768,350.8528,340.6972,331.2894,317.8305,310.4222,300.0554,287.8941,274.2082,262.0328,0.0000,-15.2279,-30.3737,-45.7753,-58.7822,-72.0762,-83.6123,-94.5740,-105.0004,-115.2375,-124.8808,-133.9649,-143.3605,-154.0712,-165.9751,-178.2674,-191.9523,-207.8715,-225.0975,-242.1391,-261.5981,-284.5728,-309.9240,-335.8875,-365.2298
70,0.7500,SpendAwareDPRebalance (R70-aware),3.0000,12161.3940,364.8418,spend50p,367.6828,379.2502,391.4063,404.0518,417.2829,431.1286,445.4792,460.2334,475.3901,489.2513,500.2623,511.2611,523.2696,531.1756,537.3045,536.7671,533.0538,529.4740,524.5851,519.5360,484.3576,479.9403,476.9531,465.6815,456.0935,452.3997,446.0830,437.5910,430.2462,418.8992,32.9092,14.1291,0.0000,0.0000,-8.3907,-23.4536,-37.2030,-49.6492,-62.3612,-73.7423,-85.3179,-97.0397,-108.8537,-120.3441,-133.6837,-146.5775,-159.7737,-174.9147,-190.2595,-206.9281,-224.8878,-244.2143,-263.6214,-284.7804,-308.1747
70,0.7500,SpendAwareDPRebalance (R70-aware),3.0000,12161.3940,364.8418,spend75p,370.2527,387.0767,406.3800,425.7289,446.7564,470.9899,496.1257,519.2451,545.2122,569.3562,594.8827,619.1639,638.6533,655.9093,671.3911,682.4781,692.2746,700.0784,702.5594,699.8000,662.8835,660.5457,651.7568,652.4020,645.2228,638.2638,635.3281,631.6448,610.3609,603.3852,106.2666,83.1886,60.8803,40.6149,20.7172,2.7057,0.0000,0.0000,0.0000,0.0000,-7.5552,-18.9633,-27.2083,-41.4713,-54.5625,-73.9675,-94.1564,-114.4295,-136.5877,-157.0811,-176.2140,-196.9161,-216.1879,-234.5465,-252.5027
70,0.7500,No dynamic rebalance,3.3300,10956.2108,364.8418,survival,1.0000,1.0000,1.0000,1.0000,1.0000,1.0000,1.0000,1.0000,1.0000,0.9990,0.9965,0.9945,0.9880,0.9765,0.9610,0.9480,0.9345,0.9140,0.8905,0.8705,0.8530,0.8360,0.8160,0.7915,0.7735,0.7585,0.7410,0.7260,0.7135,0.6985,0.6965,0.6940,0.6935,0.6925,0.6925,0.6925,0.6925,0.6920,0.6910,0.6910,0.6905,0.6905,0.6900,0.6900,0.6895,0.6895,0.6895,0.6890,0.6890,0.6890,0.6890,0.6890,0.6890,0.6890,0.6890
70,0.7500,No dynamic rebalance,3.3300,10956.2108,364.8418,spend25p,365.0041,371.3183,377.0097,382.9719,388.2631,394.6590,400.8131,407.7328,412.5172,415.4656,417.4754,419.3344,417.1779,417.1025,409.7576,402.0007,390.9264,372.8433,351.5522,329.1341,293.1294,268.1844,244.6624,217.7633,182.2963,147.7174,0.0000,0.0000,0.0000,0.0000,0.0000,-7.3334,-23.8895,-39.5945,-53.5219,-66.0919,-78.5277,-89.2292,-100.4102,-110.5024,-120.5165,-130.4675,-139.1033,-148.9211,-159.5471,-172.0144,-184.9375,-199.2483,-216.2804,-234.3185,-253.3064,-272.8819,-295.5707,-321.4594,-347.7344
70,0.7500,No dynamic rebalance,3.3300,10956.2108,364.8418,spend50p,367.6828,379.2502,391.4063,404.0518,417.2829,431.1286,445.4792,460.2334,475.3901,489.1984,499.3814,510.0966,520.2694,523.6245,522.8855,520.5706,515.6799,507.1670,490.3549,477.1642,440.6803,425.5573,415.4627,399.5120,389.2844,376.5572,360.5070,344.6622,329.5373,311.7329,0.0000,0.0000,0.0000,0.0000,0.0000,0.0000,-12.4627,-25.7874,-37.8713,-50.8998,-63.2340,-75.5539,-88.2001,-101.1472,-114.0158,-127.6720,-143.1757,-159.5324,-176.2580,-192.2884,-207.2413,-225.3225,-243.6927,-262.7400,-283.1510
70,0.7500,No dynamic rebalance,3.3300,10956.2108,364.8418,spend75p,370.2527,387.0767,406.3800,425.7289,446.7564,470.9899,496.1257,519.2451,545.2122,568.3161,594.5100,618.5846,635.4036,647.5650,657.6298,664.3479,666.2614,666.9260,657.0260,643.5679,602.4399,598.0187,591.7209,583.2816,573.9038,563.5085,548.0812,536.1416,526.9074,512.7367,71.7447,51.8321,33.1163,13.6292,0.0000,0.0000,0.0000,0.0000,0.0000,0.0000,0.0000,0.0000,0.0000,0.0000,0.0000,0.0000,0.0000,0.0000,0.0000,0.0000,0.0000,0.0000,0.0000,0.0000,0.0000
70,0.7500,固定最適比率,3.3300,10956.2108,364.8418,survival,1.0000,1.0000,1.0000,1.0000,1.0000,1.0000,1.0000,1.0000,1.0000,1.0000,1.0000,0.9990,0.9965,0.9920,0.9845,0.9725,0.9610,0.9460,0.9305,0.9130,0.8980,0.8780,0.8565,0.8375,0.8220,0.8000,0.7830,0.7650,0.7495,0.7340,0.7330,0.7310,0.7295,0.7295,0.7280,0.7275,0.7275,0.7270,0.7265,0.7265,0.7265,0.7260,0.7260,0.7260,0.7260,0.7260,0.7260,0.7260,0.7260,0.7260,0.7260,0.7260,0.7260,0.7260,0.7260
70,0.7500,固定最適比率,3.3300,10956.2108,364.8418,spend25p,365.0041,371.3183,377.0097,382.9719,388.2631,394.6590,400.8131,407.7328,412.5172,416.3490,418.6515,421.2001,421.3357,420.6277,421.2605,413.9824,404.1158,391.8412,378.2179,359.0734,324.6446,304.2661,282.3152,262.4587,244.0247,215.4514,189.7811,156.7150,0.0000,0.0000,0.0000,-11.5276,-26.9002,-42.1817,-55.7990,-68.7188,-80.9461,-92.8115,-102.8487,-112.6194,-122.5009,-131.9910,-141.0591,-151.2282,-162.3208,-174.0115,-187.4493,-202.5299,-219.8017,-237.8951,-256.3977,-277.0069,-299.2916,-325.3905,-353.8792
70,0.7500,固定最適比率,3.3300,10956.2108,364.8418,spend50p,367.6828,379.2502,391.4063,404.0518,417.2829,431.1286,445.4792,460.2334,475.3901,489.2513,500.4965,511.6141,522.2614,527.4547,533.2161,528.0475,524.3084,515.0623,505.5035,494.4213,457.4194,443.8593,428.3334,417.8491,404.5191,390.2976,380.3310,364.2501,351.1908,330.8700,0.1191,0.0000,0.0000,0.0000,0.0000,-8.6644,-23.4958,-36.5317,-48.8135,-59.7633,-71.9598,-85.1635,-96.6571,-109.2431,-122.3601,-136.2592,-151.7986,-165.9408,-181.8449,-197.5354,-213.5233,-229.6723,-248.9358,-269.4360,-289.7601
70,0.7500,固定最適比率,3.3300,10956.2108,364.8418,spend75p,370.2527,387.0767,406.3800,425.7289,446.7564,470.9899,496.1257,519.2451,545.2122,569.3562,595.3258,619.1639,637.7974,654.5933,666.2625,670.5194,675.8223,674.9987,671.9051,666.3944,619.7073,609.8691,599.9651,597.9300,590.3435,578.8627,558.0954,543.6930,534.8055,519.6821,74.5806,54.1193,35.3638,16.2592,0.0000,0.0000,0.0000,0.0000,0.0000,0.0000,0.0000,0.0000,0.0000,0.0000,0.0000,0.0000,0.0000,0.0000,0.0000,0.0000,0.0000,0.0000,0.0000,0.0000,0.0000
70,0.7500,DynamicV1Rebalance,3.3300,10956.2108,364.8418,survival,1.0000,1.0000,1.0000,1.0000,1.0000,1.0000,1.0000,1.0000,1.0000,0.9990,0.9965,0.9945,0.9880,0.9795,0.9630,0.9530,0.9425,0.9230,0.9055,0.8870,0.8690,0.8530,0.8390,0.8200,0.8060,0.7860,0.7710,0.7555,0.7455,0.7325,0.7305,0.7285,0.7255,0.7250,0.7235,0.7230,0.7230,0.7225,0.7225,0.7220,0.7215,0.7215,0.7210,0.7210,0.7210,0.7210,0.7205,0.7205,0.7205,0.7205,0.7205,0.7205,0.7205,0.7205,0.7205
70,0.7500,DynamicV1Rebalance,3.3300,10956.2108,364.8418,spend25p,365.0041,371.3183,377.0097,382.9719,388.2631,394.6590,400.8131,407.7328,412.5172,415.4656,417.4754,419.3344,417.1779,417.8912,410.5764,404.5246,396.1080,378.3751,360.8109,340.9581,304.8198,286.1439,267.5945,247.8469,229.0342,198.2510,167.8851,127.1454,0.0000,0.0000,0.0000,-9.5777,-25.4353,-41.3627,-55.1769,-67.9924,-80.0298,-91.7926,-102.0459,-112.0744,-121.9571,-131.3159,-140.4250,-150.1904,-161.8112,-173.4121,-186.7534,-201.5051,-218.8348,-237.0565,-255.7210,-276.5187,-298.8159,-325.0597,-351.0639
70,0.7500,DynamicV1Rebalance,3.3300,10956.2108,364.8418,spend50p,367.6828,379.2502,391.4063,404.0518,417.2829,431.1286,445.4792,460.2334,475.3901,489.1984,499.3814,510.0966,520.2694,524.5031,523.4183,523.2024,518.0417,509.3724,496.0400,485.6757,447.6564,433.2726,424.6566,413.4086,400.3926,387.6424,377.8223,362.3495,352.9171,333.4213,0.7959,0.0000,0.0000,0.0000,0.0000,-5.3442,-20.6472,-33.3494,-45.8081,-57.5484,-70.5739,-82.7924,-94.7469,-107.4553,-120.9206,-134.6989,-150.1862,-165.1934,-180.8635,-196.7455,-212.8667,-229.1694,-248.3230,-268.6544,-289.1328
70,0.7500,DynamicV1Rebalance,3.3300,10956.2108,364.8418,spend75p,370.2527,387.0767,406.3800,425.7289,446.7564,470.9899,496.1257,519.2451,545.2122,568.3161,594.5100,618.5846,635.4036,649.9138,658.1411,666.1978,669.5451,671.7679,664.4685,658.6063,609.2172,606.5144,599.9651,594.5387,587.7769,578.9776,563.8823,551.3771,544.3299,531.0764,78.5076,56.5354,37.0399,17.8040,0.1825,0.0000,0.0000,0.0000,0.0000,0.0000,0.0000,0.0000,0.0000,0.0000,0.0000,0.0000,0.0000,0.0000,0.0000,0.0000,0.0000,0.0000,0.0000,0.0000,0.0000
70,0.7500,SpendAwareDPRebalance (R70-aware),3.3300,10956.2108,364.8418,survival,1.0000,1.0000,1.0000,1.0000,1.0000,1.0000,1.0000,1.0000,1.0000,0.9990,0.9970,0.9960,0.9910,0.9865,0.9795,0.9735,0.9650,0.9545,0.9475,0.9395,0.9265,0.9170,0.9090,0.8965,0.8840,0.8760,0.8650,0.8555,0.8410,0.8305,0.8235,0.8135,0.8105,0.8045,0.8015,0.7975,0.7940,0.7930,0.7925,0.7920,0.7920,0.7915,0.7870,0.7855,0.7855,0.7850,0.7845,0.7840,0.7840,0.7840,0.7840,0.7840,0.7840,0.7840,0.7840
70,0.7500,SpendAwareDPRebalance (R70-aware),3.3300,10956.2108,364.8418,spend25p,365.0041,371.3183,377.0097,382.9719,388.2631,394.6590,400.8131,407.7328,412.5172,415.4656,417.7482,419.9802,419.2151,418.9272,418.5999,414.3439,407.0193,395.8942,386.6629,377.3746,343.2942,329.5358,316.8126,304.5177,291.1081,281.6644,265.1879,255.1040,236.1511,220.1859,0.0000,-14.8544,-29.9964,-45.5305,-58.4406,-71.8410,-83.0245,-94.3587,-104.5437,-114.6843,-124.3658,-133.3145,-143.0004,-153.5307,-165.1700,-177.2202,-190.4003,-205.5726,-222.7460,-239.6156,-258.0884,-280.2669,-304.0549,-329.4814,-358.0321
70,0.7500,SpendAwareDPRebalance (R70-aware),3.3300,10956.2108,364.8418,spend50p,367.6828,379.2502,391.4063,404.0518,417.2829,431.1286,445.4792,460.2334,475.3901,489.1984,499.5152,510.9356,521.1341,526.3371,530.4431,531.5268,526.4253,519.4970,515.2028,506.5669,471.0501,462.3487,455.9212,446.1748,436.5182,430.0828,421.5810,414.3550,397.1034,387.4755,19.4347,0.0000,0.0000,0.0000,-6.1776,-20.7769,-34.6336,-47.7189,-59.5909,-71.2322,-82.6387,-94.4004,-105.4300,-117.6848,-130.2369,-143.9212,-157.2497,-172.5422,-187.3091,-203.7043,-220.6553,-237.8253,-257.5334,-277.7539,-299.4042
70,0.7500,SpendAwareDPRebalance (R70-aware),3.3300,10956.2108,364.8418,spend75p,370.2527,387.0767,406.3800,425.7289,446.7564,470.9899,496.1257,519.2451,545.2122,568.3161,594.5100,619.0323,635.9212,653.0152,664.4568,671.7003,680.6634,684.0546,686.0936,685.1173,643.4116,635.1892,631.7355,627.4890,620.1698,616.5352,610.9741,594.1068,575.5931,568.8063,90.7224,68.3366,47.4415,26.3351,7.3605,0.0000,0.0000,0.0000,0.0000,0.0000,0.0000,0.0000,0.0000,0.0000,-0.3488,-16.9548,-39.9682,-67.8780,-89.0622,-114.7939,-142.4135,-171.1192,-192.7086,-212.7682,-231.0179
70,0.7500,No dynamic rebalance,3.6600,9968.3557,364.8418,survival,1.0000,1.0000,1.0000,1.0000,1.0000,1.0000,1.0000,1.0000,0.9995,0.9975,0.9955,0.9900,0.9795,0.9600,0.9435,0.9285,0.9035,0.8780,0.8560,0.8315,0.8075,0.7815,0.7585,0.7325,0.7150,0.6930,0.6755,0.6630,0.6510,0.6405,0.6350,0.6315,0.6310,0.6295,0.6290,0.6290,0.6285,0.6280,0.6275,0.6275,0.6275,0.6275,0.6275,0.6275,0.6275,0.6275,0.6275,0.6275,0.6275,0.6270,0.6270,0.6270,0.6270,0.6270,0.6270
70,0.7500,No dynamic rebalance,3.6600,9968.3557,364.8418,spend25p,365.0041,371.3183,377.0097,382.9719,388.2631,394.6590,400.8131,407.7328,412.4592,414.9577,417.2907,418.2840,414.9762,409.4436,401.4218,389.4202,373.2295,347.1094,325.1921,296.1785,251.0789,219.6266,164.4875,0.0000,0.0000,0.0000,0.0000,0.0000,0.0000,0.0000,0.0000,-2.3957,-19.5789,-34.4799,-48.3574,-61.0511,-74.0083,-84.6486,-95.7633,-105.9623,-117.5287,-128.0419,-136.9795,-146.3680,-156.6392,-168.5040,-182.2210,-196.1512,-211.5364,-229.7808,-248.6785,-267.9917,-289.8094,-314.5495,-340.1213
70,0.7500,No dynamic rebalance,3.6600,9968.3557,364.8418,spend50p,367.6828,379.2502,391.4063,404.0518,417.2829,431.1286,445.4792,460.2334,475.1754,488.4873,499.2450,509.4078,516.8930,518.0434,515.7705,513.7286,503.2291,489.4186,473.9346,457.9086,416.4788,405.3870,389.0071,371.4793,357.6895,336.0627,319.6540,303.2658,289.3797,275.8885,0.0000,0.0000,0.0000,0.0000,0.0000,0.0000,0.0000,-7.6937,-21.4995,-34.8637,-45.8857,-57.1798,-69.1383,-80.6376,-93.2108,-110.4389,-129.1980,-147.9855,-165.2800,-181.4835,-197.4406,-214.4879,-232.5817,-251.1188,-269.6620
70,0.7500,No dynamic rebalance,3.6600,9968.3557,364.8418,spend75p,370.2527,387.0767,406.3800,425.7289,446.7564,470.9899,496.1257,519.2451,545.0072,567.9956,594.0601,617.0044,633.3643,641.6554,653.0820,659.0042,659.0548,645.6097,640.9457,627.8487,584.3010,575.4112,569.8466,556.3160,541.8273,525.4663,509.8623,503.9208,491.1610,478.7351,58.5516,39.9126,22.4507,3.5521,0.0000,0.0000,0.0000,0.0000,0.0000,0.0000,0.0000,0.0000,0.0000,0.0000,0.0000,0.0000,0.0000,0.0000,0.0000,0.0000,0.0000,0.0000,0.0000,0.0000,0.0000
70,0.7500,固定最適比率,3.6600,9968.3557,364.8418,survival,1.0000,1.0000,1.0000,1.0000,1.0000,1.0000,1.0000,1.0000,1.0000,0.9990,0.9965,0.9930,0.9865,0.9700,0.9535,0.9385,0.9185,0.8905,0.8725,0.8515,0.8245,0.8005,0.7770,0.7530,0.7290,0.7065,0.6905,0.6740,0.6630,0.6510,0.6490,0.6480,0.6470,0.6455,0.6450,0.6445,0.6440,0.6440,0.6440,0.6440,0.6440,0.6440,0.6440,0.6440,0.6435,0.6435,0.6435,0.6435,0.6435,0.6435,0.6435,0.6435,0.6435,0.6435,0.6435
70,0.7500,固定最適比率,3.6600,9968.3557,364.8418,spend25p,365.0041,371.3183,377.0097,382.9719,388.2631,394.6590,400.8131,407.7328,412.5172,415.4656,417.4754,418.7393,417.0079,413.2951,406.8138,395.2268,380.8234,356.0110,337.1630,314.0150,266.1888,236.7873,201.9488,134.2441,0.0000,0.0000,0.0000,0.0000,0.0000,0.0000,0.0000,-5.1058,-21.7199,-37.5480,-51.7374,-63.9262,-75.7572,-87.1529,-98.4620,-108.8544,-119.1396,-129.1486,-138.3445,-147.2000,-158.0928,-170.6337,-183.2858,-197.1244,-212.7971,-230.9271,-250.4728,-269.4312,-291.7131,-316.3588,-341.7755
70,0.7500,固定最適比率,3.6600,9968.3557,364.8418,spend50p,367.6828,379.2502,391.4063,404.0518,417.2829,431.1286,445.4792,460.2334,475.3901,489.1984,499.3814,509.7637,518.5099,521.3042,518.8196,516.7579,509.1011,496.3016,481.6773,468.4324,422.8526,410.8405,397.3262,380.1176,362.2890,342.3273,329.1578,312.1437,296.8885,281.5878,0.0000,0.0000,0.0000,0.0000,0.0000,0.0000,0.0000,-14.1831,-28.6062,-41.8009,-53.1037,-63.4886,-75.1634,-88.8638,-102.5917,-118.8680,-135.7894,-153.3659,-169.9168,-185.0687,-201.2361,-218.2894,-236.0884,-254.5077,-274.1696
70,0.7500,固定最適比率,3.6600,9968.3557,364.8418,spend75p,370.2527,387.0767,406.3800,425.7289,446.7564,470.9899,496.1257,519.2451,545.2122,568.3161,594.5100,617.5774,634.7861,645.6490,654.7065,660.0732,661.6854,650.8110,645.0541,636.1076,587.0735,582.1184,573.8918,561.3050,544.7905,527.5082,513.7356,505.3763,493.7420,478.9580,60.4049,41.7895,23.5019,5.2718,0.0000,0.0000,0.0000,0.0000,0.0000,0.0000,0.0000,0.0000,0.0000,0.0000,0.0000,0.0000,0.0000,0.0000,0.0000,0.0000,0.0000,0.0000,0.0000,0.0000,0.0000
70,0.7500,DynamicV1Rebalance,3.6600,9968.3557,364.8418,survival,1.0000,1.0000,1.0000,1.0000,1.0000,1.0000,1.0000,1.0000,0.9995,0.9980,0.9965,0.9900,0.9805,0.9610,0.9480,0.9345,0.9075,0.8825,0.8645,0.8400,0.8190,0.7980,0.7755,0.7545,0.7365,0.7155,0.6990,0.6845,0.6735,0.6590,0.6560,0.6530,0.6530,0.6525,0.6520,0.6510,0.6510,0.6500,0.6495,0.6495,0.6485,0.6485,0.6485,0.6485,0.6485,0.6485,0.6485,0.6485,0.6485,0.6485,0.6485,0.6485,0.6485,0.6485,0.6485
70,0.7500,DynamicV1Rebalance,3.6600,9968.3557,364.8418,spend25p,365.0041,371.3183,377.0097,382.9719,388.2631,394.6590,400.8131,407.7328,412.4592,415.0713,417.4754,418.2840,415.3462,409.5358,403.3340,391.4496,374.6079,349.7102,332.0128,304.9437,260.8847,234.5948,199.8164,142.7360,0.0000,0.0000,0.0000,0.0000,0.0000,0.0000,0.0000,-4.2627,-21.1633,-37.2389,-51.0569,-63.3669,-75.3039,-86.9116,-97.5770,-108.2791,-118.8479,-129.0342,-138.1491,-147.0331,-158.2431,-170.8254,-183.3889,-197.3439,-213.9832,-231.4795,-250.7238,-270.3471,-292.2093,-317.0596,-342.6400
70,0.7500,DynamicV1Rebalance,3.6600,9968.3557,364.8418,spend50p,367.6828,379.2502,391.4063,404.0518,417.2829,431.1286,445.4792,460.2334,475.1754,488.9014,499.3814,509.4078,517.0554,518.3511,517.3796,516.7579,504.6802,492.6110,479.3861,464.6037,423.3320,411.8365,398.5314,381.0341,367.2275,352.3665,335.3154,319.1333,303.6711,287.8784,0.0000,0.0000,0.0000,0.0000,0.0000,0.0000,-0.5271,-15.2005,-29.0858,-42.4975,-53.6773,-64.6071,-77.3334,-89.6233,-103.4795,-120.0419,-136.6380,-154.3686,-170.7715,-185.9128,-202.2832,-219.4960,-237.3630,-256.1786,-275.9274
70,0.7500,DynamicV1Rebalance,3.6600,9968.3557,364.8418,spend75p,370.2527,387.0767,406.3800,425.7289,446.7564,470.9899,496.1257,519.2451,545.0072,568.1450,594.5100,617.0044,633.6965,641.6554,653.8527,660.3102,660.1258,648.4042,643.1364,632.0620,587.5480,584.9297,575.3525,564.4520,557.0652,535.4372,521.7051,513.3381,499.5780,486.8319,63.4822,43.2263,25.3173,7.7148,0.0000,0.0000,0.0000,0.0000,0.0000,0.0000,0.0000,0.0000,0.0000,0.0000,0.0000,0.0000,0.0000,0.0000,0.0000,0.0000,0.0000,0.0000,0.0000,0.0000,0.0000
70,0.7500,SpendAwareDPRebalance (R70-aware),3.6600,9968.3557,364.8418,survival,1.0000,1.0000,1.0000,1.0000,1.0000,1.0000,1.0000,1.0000,0.9995,0.9975,0.9960,0.9920,0.9850,0.9740,0.9625,0.9520,0.9405,0.9260,0.9145,0.9005,0.8825,0.8700,0.8525,0.8370,0.8270,0.8150,0.8045,0.7910,0.7820,0.7680,0.7620,0.7530,0.7485,0.7420,0.7385,0.7365,0.7350,0.7325,0.7320,0.7315,0.7310,0.7305,0.7300,0.7280,0.7280,0.7275,0.7270,0.7270,0.7265,0.7265,0.7265,0.7265,0.7265,0.7265,0.7265
70,0.7500,SpendAwareDPRebalance (R70-aware),3.6600,9968.3557,364.8418,spend25p,365.0041,371.3183,377.0097,382.9719,388.2631,394.6590,400.8131,407.7328,412.4592,414.9577,417.3851,418.7242,416.8087,415.9596,410.5764,403.9043,394.5472,379.7134,368.3631,352.7882,314.0455,298.9729,279.7092,262.4587,250.5389,232.9809,216.1138,195.0130,178.2640,154.6440,0.0000,-13.0374,-28.3989,-43.2607,-56.8148,-69.9707,-81.5976,-93.3197,-103.3754,-113.4526,-123.3960,-132.5765,-141.8591,-152.7027,-163.6231,-175.7364,-187.9562,-202.9743,-219.8030,-237.5366,-255.7210,-276.7529,-299.0086,-325.0181,-350.4397
70,0.7500,SpendAwareDPRebalance (R70-aware),3.6600,9968.3557,364.8418,spend50p,367.6828,379.2502,391.4063,404.0518,417.2829,431.1286,445.4792,460.2334,475.1754,488.4873,499.3814,509.7637,518.2728,522.3186,523.9641,523.3348,518.0417,509.6783,499.7319,490.7375,451.5087,441.8024,427.5665,418.3475,410.1432,398.3347,388.3381,377.4881,366.6444,352.6813,5.1630,0.0000,0.0000,0.0000,-1.6588,-16.2122,-29.9593,-42.5890,-54.1029,-65.8629,-77.8883,-89.3628,-101.3341,-113.3977,-126.4414,-140.2350,-154.4329,-169.0449,-184.1730,-199.8236,-215.6161,-231.8281,-250.1970,-270.6741,-290.9373
70,0.7500,SpendAwareDPRebalance (R70-aware),3.6600,9968.3557,364.8418,spend75p,370.2527,387.0767,406.3800,425.7289,446.7564,470.9899,496.1257,519.2451,545.0072,567.9956,594.5100,617.5774,634.3151,647.0298,658.2227,666.1978,668.9592,669.0654,666.2718,661.6025,611.3767,609.3432,598.4123,593.9567,589.3566,581.8638,571.2625,552.5884,547.5222,533.5903,76.8676,53.7387,33.4873,13.2039,0.0000,0.0000,0.0000,0.0000,0.0000,0.0000,0.0000,0.0000,0.0000,0.0000,0.0000,0.0000,0.0000,0.0000,0.0000,0.0000,0.0000,0.0000,0.0000,0.0000,0.0000
70,0.7500,No dynamic rebalance,4.0000,9121.0455,364.8418,survival,1.0000,1.0000,1.0000,1.0000,1.0000,1.0000,1.0000,1.0000,0.9990,0.9965,0.9925,0.9830,0.9605,0.9410,0.9250,0.8985,0.8685,0.8415,0.8085,0.7760,0.7465,0.7160,0.6955,0.6735,0.6535,0.6365,0.6245,0.6115,0.5915,0.5800,0.5765,0.5760,0.5750,0.5745,0.5740,0.5735,0.5735,0.5735,0.5735,0.5735,0.5730,0.5730,0.5730,0.5730,0.5730,0.5730,0.5730,0.5730,0.5730,0.5730,0.5730,0.5730,0.5730,0.5730,0.5730
70,0.7500,No dynamic rebalance,4.0000,9121.0455,364.8418,spend25p,365.0041,371.3183,377.0097,382.9719,388.2631,394.6590,400.8131,407.7328,412.2262,414.6733,416.5598,415.9764,408.8830,402.0554,394.7811,376.3275,347.5440,325.1894,284.0462,238.4662,0.0000,0.0000,0.0000,0.0000,0.0000,0.0000,0.0000,0.0000,0.0000,0.0000,0.0000,0.0000,-15.1080,-29.3635,-43.5114,-56.8008,-69.1687,-81.3129,-91.5729,-102.7975,-112.5425,-123.1082,-133.3499,-143.0932,-154.0193,-165.5843,-178.7152,-192.6349,-207.9917,-224.9982,-243.4267,-263.7683,-284.6492,-309.2099,-333.2676
70,0.7500,No dynamic rebalance,4.0000,9121.0455,364.8418,spend50p,367.6828,379.2502,391.4063,404.0518,417.2829,431.1286,445.4792,460.2334,475.0761,488.1788,498.4567,507.5477,509.9389,511.4577,509.1409,499.4385,487.3134,476.6200,454.5089,437.0973,392.0609,371.0951,357.2406,336.6556,316.7381,300.8922,286.9264,271.6269,250.3545,232.1551,0.0000,0.0000,0.0000,0.0000,0.0000,0.0000,0.0000,0.0000,0.0000,-3.2828,-14.9704,-26.4053,-34.9933,-47.4319,-60.5917,-78.4455,-100.7669,-121.5548,-140.1382,-162.2580,-179.9744,-200.4779,-218.0770,-234.7563,-251.6796
70,0.7500,No dynamic rebalance,4.0000,9121.0455,364.8418,spend75p,370.2527,387.0767,406.3800,425.7289,446.7564,470.9899,496.1257,519.2451,544.8617,567.9956,593.2044,615.0184,625.7262,635.7581,644.7403,648.3858,642.7272,637.5445,621.7124,605.6661,562.3223,552.4930,537.0745,526.1743,509.9186,495.0044,485.5363,473.6926,457.9564,450.2292,46.1889,28.9653,10.7609,0.0000,0.0000,0.0000,0.0000,0.0000,0.0000,0.0000,0.0000,0.0000,0.0000,0.0000,0.0000,0.0000,0.0000,0.0000,0.0000,0.0000,0.0000,0.0000,0.0000,0.0000,0.0000
70,0.7500,固定最適比率,4.0000,9121.0455,364.8418,survival,1.0000,1.0000,1.0000,1.0000,1.0000,1.0000,1.0000,1.0000,0.9990,0.9965,0.9925,0.9830,0.9605,0.9410,0.9250,0.8985,0.8685,0.8415,0.8085,0.7760,0.7465,0.7160,0.6955,0.6735,0.6535,0.6365,0.6245,0.6115,0.5915,0.5800,0.5765,0.5760,0.5750,0.5745,0.5740,0.5735,0.5735,0.5735,0.5735,0.5735,0.5730,0.5730,0.5730,0.5730,0.5730,0.5730,0.5730,0.5730,0.5730,0.5730,0.5730,0.5730,0.5730,0.5730,0.5730
70,0.7500,固定最適比率,4.0000,9121.0455,364.8418,spend25p,365.0041,371.3183,377.0097,382.9719,388.2631,394.6590,400.8131,407.7328,412.2262,414.6733,416.5598,415.9764,408.8830,402.0554,394.7811,376.3275,347.5440,325.1894,284.0462,238.4662,0.0000,0.0000,0.0000,0.0000,0.0000,0.0000,0.0000,0.0000,0.0000,0.0000,0.0000,0.0000,-15.1080,-29.3635,-43.5114,-56.8008,-69.1687,-81.3129,-91.5729,-102.7975,-112.5425,-123.1082,-133.3499,-143.0932,-154.0193,-165.5843,-178.7152,-192.6349,-207.9917,-224.9982,-243.4267,-263.7683,-284.6492,-309.2099,-333.2676
70,0.7500,固定最適比率,4.0000,9121.0455,364.8418,spend50p,367.6828,379.2502,391.4063,404.0518,417.2829,431.1286,445.4792,460.2334,475.0761,488.1788,498.4567,507.5477,509.9389,511.4577,509.1409,499.4385,487.3134,476.6200,454.5089,437.0973,392.0609,371.0951,357.2406,336.6556,316.7381,300.8922,286.9264,271.6269,250.3545,232.1551,0.0000,0.0000,0.0000,0.0000,0.0000,0.0000,0.0000,0.0000,0.0000,-3.2828,-14.9704,-26.4053,-34.9933,-47.4319,-60.5917,-78.4455,-100.7669,-121.5548,-140.1382,-162.2580,-179.9744,-200.4779,-218.0770,-234.7563,-251.6796
70,0.7500,固定最適比率,4.0000,9121.0455,364.8418,spend75p,370.2527,387.0767,406.3800,425.7289,446.7564,470.9899,496.1257,519.2451,544.8617,567.9956,593.2044,615.0184,625.7262,635.7581,644.7403,648.3858,642.7272,637.5445,621.7124,605.6661,562.3223,552.4930,537.0745,526.1743,509.9186,495.0044,485.5363,473.6926,457.9564,450.2292,46.1889,28.9653,10.7609,0.0000,0.0000,0.0000,0.0000,0.0000,0.0000,0.0000,0.0000,0.0000,0.0000,0.0000,0.0000,0.0000,0.0000,0.0000,0.0000,0.0000,0.0000,0.0000,0.0000,0.0000,0.0000
70,0.7500,DynamicV1Rebalance,4.0000,9121.0455,364.8418,survival,1.0000,1.0000,1.0000,1.0000,1.0000,1.0000,1.0000,1.0000,0.9990,0.9965,0.9930,0.9825,0.9605,0.9415,0.9260,0.8990,0.8715,0.8445,0.8125,0.7830,0.7550,0.7290,0.7085,0.6835,0.6615,0.6470,0.6350,0.6245,0.6050,0.5940,0.5915,0.5910,0.5880,0.5875,0.5870,0.5860,0.5860,0.5860,0.5855,0.5855,0.5850,0.5850,0.5850,0.5850,0.5850,0.5850,0.5850,0.5850,0.5850,0.5850,0.5850,0.5850,0.5850,0.5850,0.5850
70,0.7500,DynamicV1Rebalance,4.0000,9121.0455,364.8418,spend25p,365.0041,371.3183,377.0097,382.9719,388.2631,394.6590,400.8131,407.7328,412.2262,414.6733,416.6908,415.6931,409.0298,402.6449,395.0824,376.6279,350.1630,326.9082,289.3083,247.3893,165.5599,0.0000,0.0000,0.0000,0.0000,0.0000,0.0000,0.0000,0.0000,0.0000,0.0000,-0.1806,-16.1558,-30.6731,-44.8055,-57.8478,-70.5899,-82.7214,-92.2449,-103.3392,-114.3748,-124.4896,-134.1840,-144.2448,-154.8109,-166.2632,-179.1345,-193.3100,-208.4579,-226.8253,-244.8248,-265.1043,-286.1530,-310.1712,-335.7911
70,0.7500,DynamicV1Rebalance,4.0000,9121.0455,364.8418,spend50p,367.6828,379.2502,391.4063,404.0518,417.2829,431.1286,445.4792,460.2334,475.0761,488.1788,498.5015,507.3464,510.0627,511.6474,509.3178,499.7340,489.0593,477.4686,456.3234,438.9307,394.9599,376.7654,364.2429,343.4658,324.1279,311.2010,297.7252,282.2928,261.1339,246.6114,0.0000,0.0000,0.0000,0.0000,0.0000,0.0000,0.0000,0.0000,0.0000,-9.7731,-24.8301,-36.9904,-47.3473,-60.7511,-72.6510,-90.4949,-109.4034,-130.6586,-149.0567,-167.3712,-185.2214,-204.0146,-221.5401,-238.7010,-256.0418
70,0.7500,DynamicV1Rebalance,4.0000,9121.0455,364.8418,spend75p,370.2527,387.0767,406.3800,425.7289,446.7564,470.9899,496.1257,519.2451,544.8617,567.9956,593.3713,614.0825,625.7262,635.9395,645.1288,649.0143,643.6530,639.2113,624.3734,607.5563,567.2187,554.3184,547.7316,531.0902,513.1062,500.4279,489.8795,478.2792,463.1244,454.2753,49.3644,30.8145,12.4809,0.0000,0.0000,0.0000,0.0000,0.0000,0.0000,0.0000,0.0000,0.0000,0.0000,0.0000,0.0000,0.0000,0.0000,0.0000,0.0000,0.0000,0.0000,0.0000,0.0000,0.0000,0.0000
70,0.7500,SpendAwareDPRebalance (R70-aware),4.0000,9121.0455,364.8418,survival,1.0000,1.0000,1.0000,1.0000,1.0000,1.0000,1.0000,1.0000,0.9990,0.9965,0.9925,0.9840,0.9690,0.9535,0.9425,0.9210,0.9025,0.8780,0.8600,0.8455,0.8250,0.8015,0.7825,0.7690,0.7505,0.7380,0.7235,0.7125,0.6975,0.6870,0.6775,0.6715,0.6680,0.6630,0.6570,0.6545,0.6525,0.6520,0.6505,0.6500,0.6500,0.6495,0.6485,0.6480,0.6480,0.6475,0.6470,0.6470,0.6470,0.6470,0.6470,0.6470,0.6470,0.6470,0.6470
70,0.7500,SpendAwareDPRebalance (R70-aware),4.0000,9121.0455,364.8418,spend25p,365.0041,371.3183,377.0097,382.9719,388.2631,394.6590,400.8131,407.7328,412.2262,414.6733,416.5598,416.2432,410.8294,407.2470,401.0363,387.0310,373.2295,348.2717,329.4406,310.7742,267.9914,240.6718,213.7205,183.4214,104.0024,0.0000,0.0000,0.0000,0.0000,0.0000,0.0000,-9.0468,-24.9490,-40.4812,-53.9324,-66.3943,-78.6180,-89.3934,-100.4620,-110.7481,-120.5931,-130.5730,-139.1973,-148.9729,-159.5218,-171.8591,-184.6018,-198.6887,-215.6500,-232.2465,-251.6313,-271.0714,-293.0511,-316.9375,-341.6125
70,0.7500,SpendAwareDPRebalance (R70-aware),4.0000,9121.0455,364.8418,spend50p,367.6828,379.2502,391.4063,404.0518,417.2829,431.1286,445.4792,460.2334,475.0761,488.1788,498.4567,508.2189,512.7767,516.1065,516.0299,508.0365,503.2291,491.3371,478.7785,467.8179,426.6887,411.4885,399.4688,387.6999,375.7433,364.2316,348.3659,334.2181,314.6423,301.3717,0.0000,0.0000,0.0000,0.0000,0.0000,-3.4054,-17.2089,-29.3592,-41.9052,-54.0736,-66.2404,-77.0960,-90.6998,-102.3209,-115.7319,-129.2457,-144.5356,-159.5388,-175.8346,-191.5273,-206.5423,-223.7356,-240.7019,-258.2387,-276.9763
70,0.7500,SpendAwareDPRebalance (R70-aware),4.0000,9121.0455,364.8418,spend75p,370.2527,387.0767,406.3800,425.7289,446.7564,470.9899,496.1257,519.2451,544.8617,567.9956,593.2044,615.2271,630.3657,640.1721,653.4601,655.2168,658.2946,646.6992,640.9457,633.2733,587.2722,580.4679,570.8703,561.7865,551.5589,535.4818,523.9189,514.8338,498.7671,483.3584,60.3265,39.4510,19.4424,0.7356,0.0000,0.0000,0.0000,0.0000,0.0000,0.0000,0.0000,0.0000,0.0000,0.0000,0.0000,0.0000,0.0000,0.0000,0.0000,0.0000,0.0000,0.0000,0.0000,0.0000,0.0000
70,0.7500,No dynamic rebalance,5.0000,7296.8364,364.8418,survival,1.0000,1.0000,1.0000,1.0000,1.0000,1.0000,1.0000,0.9985,0.9935,0.9850,0.9610,0.9340,0.9020,0.8610,0.8210,0.7710,0.7270,0.6830,0.6475,0.6150,0.5895,0.5595,0.5390,0.5160,0.4930,0.4735,0.4595,0.4460,0.4335,0.4250,0.4210,0.4190,0.4175,0.4165,0.4165,0.4160,0.4155,0.4150,0.4145,0.4145,0.4145,0.4140,0.4140,0.4140,0.4140,0.4140,0.4140,0.4140,0.4140,0.4140,0.4140,0.4140,0.4140,0.4140,0.4140
70,0.7500,No dynamic rebalance,5.0000,7296.8364,364.8418,spend25p,365.0041,371.3183,377.0097,382.9719,388.2631,394.6590,400.8131,407.4114,411.3984,412.5452,406.9037,399.0018,385.7873,362.7617,331.1220,266.8591,0.0000,0.0000,0.0000,0.0000,0.0000,0.0000,0.0000,0.0000,0.0000,0.0000,0.0000,0.0000,0.0000,0.0000,0.0000,0.0000,0.0000,-5.7293,-21.6531,-35.5790,-48.6740,-60.1571,-70.8224,-81.4875,-92.3749,-103.7282,-114.2463,-126.3081,-138.5792,-150.9825,-162.8631,-177.5637,-192.1040,-207.6428,-224.5649,-242.6158,-260.8651,-281.9228,-301.5012
70,0.7500,No dynamic rebalance,5.0000,7296.8364,364.8418,spend50p,367.6828,379.2502,391.4063,404.0518,417.2829,431.1286,445.4792,460.1281,473.5765,484.8998,492.0876,494.1514,493.5169,484.9498,468.9217,447.1095,425.2641,400.5711,373.0624,340.2814,296.4114,251.6200,227.4190,182.6805,0.0000,0.0000,0.0000,0.0000,0.0000,0.0000,0.0000,0.0000,0.0000,0.0000,0.0000,0.0000,0.0000,0.0000,0.0000,0.0000,0.0000,0.0000,0.0000,0.0000,0.0000,0.0000,0.0000,0.0000,0.0000,0.0000,0.0000,0.0000,0.0000,0.0000,0.0000
70,0.7500,No dynamic rebalance,5.0000,7296.8364,364.8418,spend75p,370.2527,387.0767,406.3800,425.7289,446.7564,470.9899,496.1257,518.8586,544.2033,564.3694,585.4764,600.3266,611.1000,615.7690,615.5197,603.1678,588.1178,562.2930,544.1794,529.5588,482.9979,470.0884,452.4710,439.3772,422.6439,407.1971,392.9849,377.9749,364.6473,352.6038,7.7266,0.0000,0.0000,0.0000,0.0000,0.0000,0.0000,0.0000,0.0000,0.0000,0.0000,0.0000,0.0000,0.0000,0.0000,0.0000,0.0000,0.0000,0.0000,0.0000,0.0000,0.0000,0.0000,0.0000,0.0000
70,0.7500,固定最適比率,5.0000,7296.8364,364.8418,survival,1.0000,1.0000,1.0000,1.0000,1.0000,1.0000,1.0000,0.9985,0.9935,0.9850,0.9610,0.9340,0.9020,0.8610,0.8210,0.7710,0.7270,0.6830,0.6475,0.6150,0.5895,0.5595,0.5390,0.5160,0.4930,0.4735,0.4595,0.4460,0.4335,0.4250,0.4210,0.4190,0.4175,0.4165,0.4165,0.4160,0.4155,0.4150,0.4145,0.4145,0.4145,0.4140,0.4140,0.4140,0.4140,0.4140,0.4140,0.4140,0.4140,0.4140,0.4140,0.4140,0.4140,0.4140,0.4140
70,0.7500,固定最適比率,5.0000,7296.8364,364.8418,spend25p,365.0041,371.3183,377.0097,382.9719,388.2631,394.6590,400.8131,407.4114,411.3984,412.5452,406.9037,399.0018,385.7873,362.7617,331.1220,266.8591,0.0000,0.0000,0.0000,0.0000,0.0000,0.0000,0.0000,0.0000,0.0000,0.0000,0.0000,0.0000,0.0000,0.0000,0.0000,0.0000,0.0000,-5.7293,-21.6531,-35.5790,-48.6740,-60.1571,-70.8224,-81.4875,-92.3749,-103.7282,-114.2463,-126.3081,-138.5792,-150.9825,-162.8631,-177.5637,-192.1040,-207.6428,-224.5649,-242.6158,-260.8651,-281.9228,-301.5012
70,0.7500,固定最適比率,5.0000,7296.8364,364.8418,spend50p,367.6828,379.2502,391.4063,404.0518,417.2829,431.1286,445.4792,460.1281,473.5765,484.8998,492.0876,494.1514,493.5169,484.9498,468.9217,447.1095,425.2641,400.5711,373.0624,340.2814,296.4114,251.6200,227.4190,182.6805,0.0000,0.0000,0.0000,0.0000,0.0000,0.0000,0.0000,0.0000,0.0000,0.0000,0.0000,0.0000,0.0000,0.0000,0.0000,0.0000,0.0000,0.0000,0.0000,0.0000,0.0000,0.0000,0.0000,0.0000,0.0000,0.0000,0.0000,0.0000,0.0000,0.0000,0.0000
70,0.7500,固定最適比率,5.0000,7296.8364,364.8418,spend75p,370.2527,387.0767,406.3800,425.7289,446.7564,470.9899,496.1257,518.8586,544.2033,564.3694,585.4764,600.3266,611.1000,615.7690,615.5197,603.1678,588.1178,562.2930,544.1794,529.5588,482.9979,470.0884,452.4710,439.3772,422.6439,407.1971,392.9849,377.9749,364.6473,352.6038,7.7266,0.0000,0.0000,0.0000,0.0000,0.0000,0.0000,0.0000,0.0000,0.0000,0.0000,0.0000,0.0000,0.0000,0.0000,0.0000,0.0000,0.0000,0.0000,0.0000,0.0000,0.0000,0.0000,0.0000,0.0000
70,0.7500,DynamicV1Rebalance,5.0000,7296.8364,364.8418,survival,1.0000,1.0000,1.0000,1.0000,1.0000,1.0000,1.0000,0.9985,0.9935,0.9850,0.9610,0.9345,0.9025,0.8615,0.8190,0.7705,0.7285,0.6850,0.6485,0.6170,0.5910,0.5645,0.5410,0.5205,0.4985,0.4780,0.4635,0.4530,0.4385,0.4310,0.4275,0.4260,0.4255,0.4250,0.4245,0.4235,0.4235,0.4235,0.4225,0.4225,0.4220,0.4220,0.4215,0.4215,0.4215,0.4215,0.4215,0.4215,0.4215,0.4215,0.4215,0.4215,0.4215,0.4215,0.4215
70,0.7500,DynamicV1Rebalance,5.0000,7296.8364,364.8418,spend25p,365.0041,371.3183,377.0097,382.9719,388.2631,394.6590,400.8131,407.4114,411.3984,412.5452,406.9037,399.1037,385.8781,362.8131,329.9436,265.7429,0.0000,0.0000,0.0000,0.0000,0.0000,0.0000,0.0000,0.0000,0.0000,0.0000,0.0000,0.0000,0.0000,0.0000,0.0000,0.0000,0.0000,-8.2543,-23.1923,-38.7874,-51.8483,-63.1909,-73.5835,-83.9038,-95.3508,-104.9170,-117.5620,-128.5433,-140.5471,-152.0518,-164.6444,-179.0156,-194.3871,-209.8118,-226.3208,-244.2334,-263.9388,-284.0231,-304.2158
70,0.7500,DynamicV1Rebalance,5.0000,7296.8364,364.8418,spend50p,367.6828,379.2502,391.4063,404.0518,417.2829,431.1286,445.4792,460.1281,473.5765,484.8998,492.0876,494.1514,493.5528,485.0515,467.9803,447.0005,426.0603,401.7551,373.9049,341.3523,298.1310,256.5421,229.9557,189.4342,0.0000,0.0000,0.0000,0.0000,0.0000,0.0000,0.0000,0.0000,0.0000,0.0000,0.0000,0.0000,0.0000,0.0000,0.0000,0.0000,0.0000,0.0000,0.0000,0.0000,0.0000,0.0000,0.0000,0.0000,0.0000,0.0000,0.0000,0.0000,0.0000,0.0000,0.0000
70,0.7500,DynamicV1Rebalance,5.0000,7296.8364,364.8418,spend75p,370.2527,387.0767,406.3800,425.7289,446.7564,470.9899,496.1257,518.8586,544.2033,564.3694,585.3601,600.1869,611.1000,615.7690,614.5565,602.9899,588.8938,562.7378,545.4699,530.3994,484.3598,473.2476,455.3063,441.9884,429.4048,410.0384,395.1830,383.2724,367.9640,356.2870,9.3959,0.0000,0.0000,0.0000,0.0000,0.0000,0.0000,0.0000,0.0000,0.0000,0.0000,0.0000,0.0000,0.0000,0.0000,0.0000,0.0000,0.0000,0.0000,0.0000,0.0000,0.0000,0.0000,0.0000,0.0000
70,0.7500,SpendAwareDPRebalance (R70-aware),5.0000,7296.8364,364.8418,survival,1.0000,1.0000,1.0000,1.0000,1.0000,1.0000,1.0000,0.9985,0.9935,0.9850,0.9615,0.9350,0.9030,0.8645,0.8270,0.7800,0.7405,0.7045,0.6780,0.6505,0.6255,0.6015,0.5850,0.5705,0.5550,0.5395,0.5285,0.5125,0.4960,0.4890,0.4835,0.4780,0.4730,0.4675,0.4640,0.4635,0.4625,0.4625,0.4620,0.4620,0.4610,0.4605,0.4600,0.4600,0.4600,0.4600,0.4600,0.4600,0.4600,0.4600,0.4600,0.4600,0.4600,0.4600,0.4600
70,0.7500,SpendAwareDPRebalance (R70-aware),5.0000,7296.8364,364.8418,spend25p,365.0041,371.3183,377.0097,382.9719,388.2631,394.6590,400.8131,407.4114,411.3984,412.5452,406.9308,399.7222,386.0277,364.2354,336.4054,280.5119,0.0000,0.0000,0.0000,0.0000,0.0000,0.0000,0.0000,0.0000,0.0000,0.0000,0.0000,0.0000,0.0000,0.0000,0.0000,0.0000,-7.1781,-22.8209,-37.6397,-50.6845,-63.0170,-73.8451,-85.5470,-95.8585,-105.8969,-116.2854,-126.3699,-137.7044,-148.3582,-159.7091,-172.4895,-185.6941,-200.0256,-216.8058,-233.7493,-253.8203,-272.5478,-292.0114,-312.2870
70,0.7500,SpendAwareDPRebalance (R70-aware),5.0000,7296.8364,364.8418,spend50p,367.6828,379.2502,391.4063,404.0518,417.2829,431.1286,445.4792,460.1281,473.5765,484.8998,492.1809,494.3868,493.5528,485.6197,471.6893,452.1890,431.3191,413.3116,394.3004,369.9668,325.4689,300.2461,279.1745,259.9190,235.9644,210.4810,187.5768,154.9352,0.0000,0.0000,0.0000,0.0000,0.0000,0.0000,0.0000,0.0000,0.0000,0.0000,0.0000,0.0000,0.0000,0.0000,0.0000,0.0000,0.0000,0.0000,0.0000,0.0000,0.0000,0.0000,0.0000,0.0000,0.0000,0.0000,0.0000
70,0.7500,SpendAwareDPRebalance (R70-aware),5.0000,7296.8364,364.8418,spend75p,370.2527,387.0767,406.3800,425.7289,446.7564,470.9899,496.1257,518.8586,544.2033,564.3694,585.5888,600.8191,611.1505,616.4445,617.5145,606.7475,594.6746,570.2118,562.6256,545.0211,505.0302,494.2815,481.7798,467.8664,452.6513,442.9187,432.1415,419.1342,397.1321,389.4454,19.6300,0.3429,0.0000,0.0000,0.0000,0.0000,0.0000,0.0000,0.0000,0.0000,0.0000,0.0000,0.0000,0.0000,0.0000,0.0000,0.0000,0.0000,0.0000,0.0000,0.0000,0.0000,0.0000,0.0000,0.0000
70,0.7500,No dynamic rebalance,6.0000,6080.6970,364.8418,survival,1.0000,1.0000,1.0000,1.0000,1.0000,1.0000,0.9985,0.9925,0.9775,0.9455,0.9060,0.8595,0.7985,0.7435,0.6795,0.6240,0.5775,0.5375,0.4975,0.4590,0.4300,0.4075,0.3825,0.3700,0.3530,0.3365,0.3265,0.3095,0.2955,0.2890,0.2850,0.2845,0.2845,0.2845,0.2830,0.2830,0.2830,0.2825,0.2825,0.2825,0.2825,0.2825,0.2825,0.2825,0.2825,0.2825,0.2825,0.2825,0.2825,0.2825,0.2825,0.2825,0.2825,0.2825,0.2825
70,0.7500,No dynamic rebalance,6.0000,6080.6970,364.8418,spend25p,365.0041,371.3183,377.0097,382.9719,388.2631,394.6590,400.2295,405.3126,406.5402,400.7767,386.9510,366.3458,325.8687,0.0000,0.0000,0.0000,0.0000,0.0000,0.0000,0.0000,0.0000,0.0000,0.0000,0.0000,0.0000,0.0000,0.0000,0.0000,0.0000,0.0000,0.0000,0.0000,0.0000,0.0000,0.0000,0.0000,0.0000,0.0000,-4.4357,-20.1022,-28.2521,-40.8707,-54.6119,-66.5866,-78.6587,-94.2472,-110.5366,-133.7882,-149.5357,-167.3581,-185.3536,-202.5944,-216.5263,-227.8713,-242.5249
70,0.7500,No dynamic rebalance,6.0000,6080.6970,364.8418,spend50p,367.6828,379.2502,391.4063,404.0518,417.2829,431.1286,445.1120,458.9855,470.9495,478.1833,479.7005,473.9452,456.6077,437.5987,406.9987,372.6146,329.5698,279.5629,0.0000,0.0000,0.0000,0.0000,0.0000,0.0000,0.0000,0.0000,0.0000,0.0000,0.0000,0.0000,0.0000,0.0000,0.0000,0.0000,0.0000,0.0000,0.0000,0.0000,0.0000,0.0000,0.0000,0.0000,0.0000,0.0000,0.0000,0.0000,0.0000,0.0000,0.0000,0.0000,0.0000,0.0000,0.0000,0.0000,0.0000
70,0.7500,No dynamic rebalance,6.0000,6080.6970,364.8418,spend75p,370.2527,387.0767,406.3800,425.7289,446.7564,470.9899,495.9954,518.0535,539.9946,557.5239,574.1189,587.4203,585.4151,579.5558,565.4467,543.5207,521.2405,504.8534,478.7744,444.5077,401.4238,379.7925,357.1216,339.9373,322.0101,297.7055,287.4066,263.0326,221.8830,204.3280,0.0000,0.0000,0.0000,0.0000,0.0000,0.0000,0.0000,0.0000,0.0000,0.0000,0.0000,0.0000,0.0000,0.0000,0.0000,0.0000,0.0000,0.0000,0.0000,0.0000,0.0000,0.0000,0.0000,0.0000,0.0000
70,0.7500,固定最適比率,6.0000,6080.6970,364.8418,survival,1.0000,1.0000,1.0000,1.0000,1.0000,1.0000,0.9985,0.9925,0.9775,0.9455,0.9060,0.8595,0.7985,0.7435,0.6795,0.6240,0.5775,0.5375,0.4975,0.4590,0.4300,0.4075,0.3825,0.3700,0.3530,0.3365,0.3265,0.3095,0.2955,0.2890,0.2850,0.2845,0.2845,0.2845,0.2830,0.2830,0.2830,0.2825,0.2825,0.2825,0.2825,0.2825,0.2825,0.2825,0.2825,0.2825,0.2825,0.2825,0.2825,0.2825,0.2825,0.2825,0.2825,0.2825,0.2825
70,0.7500,固定最適比率,6.0000,6080.6970,364.8418,spend25p,365.0041,371.3183,377.0097,382.9719,388.2631,394.6590,400.2295,405.3126,406.5402,400.7767,386.9510,366.3458,325.8687,0.0000,0.0000,0.0000,0.0000,0.0000,0.0000,0.0000,0.0000,0.0000,0.0000,0.0000,0.0000,0.0000,0.0000,0.0000,0.0000,0.0000,0.0000,0.0000,0.0000,0.0000,0.0000,0.0000,0.0000,0.0000,-4.4357,-20.1022,-28.2521,-40.8707,-54.6119,-66.5866,-78.6587,-94.2472,-110.5366,-133.7882,-149.5357,-167.3581,-185.3536,-202.5944,-216.5263,-227.8713,-242.5249
70,0.7500,固定最適比率,6.0000,6080.6970,364.8418,spend50p,367.6828,379.2502,391.4063,404.0518,417.2829,431.1286,445.1120,458.9855,470.9495,478.1833,479.7005,473.9452,456.6077,437.5987,406.9987,372.6146,329.5698,279.5629,0.0000,0.0000,0.0000,0.0000,0.0000,0.0000,0.0000,0.0000,0.0000,0.0000,0.0000,0.0000,0.0000,0.0000,0.0000,0.0000,0.0000,0.0000,0.0000,0.0000,0.0000,0.0000,0.0000,0.0000,0.0000,0.0000,0.0000,0.0000,0.0000,0.0000,0.0000,0.0000,0.0000,0.0000,0.0000,0.0000,0.0000
70,0.7500,固定最適比率,6.0000,6080.6970,364.8418,spend75p,370.2527,387.0767,406.3800,425.7289,446.7564,470.9899,495.9954,518.0535,539.9946,557.5239,574.1189,587.4203,585.4151,579.5558,565.4467,543.5207,521.2405,504.8534,478.7744,444.5077,401.4238,379.7925,357.1216,339.9373,322.0101,297.7055,287.4066,263.0326,221.8830,204.3280,0.0000,0.0000,0.0000,0.0000,0.0000,0.0000,0.0000,0.0000,0.0000,0.0000,0.0000,0.0000,0.0000,0.0000,0.0000,0.0000,0.0000,0.0000,0.0000,0.0000,0.0000,0.0000,0.0000,0.0000,0.0000
70,0.7500,DynamicV1Rebalance,6.0000,6080.6970,364.8418,survival,1.0000,1.0000,1.0000,1.0000,1.0000,1.0000,0.9985,0.9925,0.9775,0.9460,0.9060,0.8595,0.7985,0.7440,0.6785,0.6230,0.5775,0.5370,0.4970,0.4590,0.4315,0.4080,0.3840,0.3715,0.3545,0.3410,0.3280,0.3130,0.2985,0.2910,0.2880,0.2875,0.2870,0.2870,0.2850,0.2850,0.2850,0.2850,0.2850,0.2850,0.2850,0.2850,0.2850,0.2850,0.2850,0.2850,0.2850,0.2850,0.2850,0.2850,0.2850,0.2850,0.2850,0.2850,0.2850
70,0.7500,DynamicV1Rebalance,6.0000,6080.6970,364.8418,spend25p,365.0041,371.3183,377.0097,382.9719,388.2631,394.6590,400.2295,405.3126,406.5402,400.8247,386.9510,366.3458,325.8687,0.0000,0.0000,0.0000,0.0000,0.0000,0.0000,0.0000,0.0000,0.0000,0.0000,0.0000,0.0000,0.0000,0.0000,0.0000,0.0000,0.0000,0.0000,0.0000,0.0000,0.0000,0.0000,0.0000,0.0000,0.0000,-8.9568,-21.6640,-31.8648,-48.4144,-59.2312,-68.6130,-81.9131,-97.9237,-114.6518,-136.1990,-154.8967,-169.2315,-187.4618,-204.5417,-218.2713,-231.3070,-245.8750
70,0.7500,DynamicV1Rebalance,6.0000,6080.6970,364.8418,spend50p,367.6828,379.2502,391.4063,404.0518,417.2829,431.1286,445.1120,458.9855,470.9495,478.3207,479.5460,473.9452,456.6077,437.8343,406.4542,371.9692,329.5698,279.1503,0.0000,0.0000,0.0000,0.0000,0.0000,0.0000,0.0000,0.0000,0.0000,0.0000,0.0000,0.0000,0.0000,0.0000,0.0000,0.0000,0.0000,0.0000,0.0000,0.0000,0.0000,0.0000,0.0000,0.0000,0.0000,0.0000,0.0000,0.0000,0.0000,0.0000,0.0000,0.0000,0.0000,0.0000,0.0000,0.0000,0.0000
70,0.7500,DynamicV1Rebalance,6.0000,6080.6970,364.8418,spend75p,370.2527,387.0767,406.3800,425.7289,446.7564,470.9899,495.9954,518.0535,539.9946,557.4663,574.0713,587.4203,586.1970,579.9017,564.4768,544.0933,521.2405,504.8534,478.7101,444.9231,401.4238,379.7925,358.8638,343.3756,323.2972,306.6836,288.6281,267.5632,234.5008,207.6475,0.0000,0.0000,0.0000,0.0000,0.0000,0.0000,0.0000,0.0000,0.0000,0.0000,0.0000,0.0000,0.0000,0.0000,0.0000,0.0000,0.0000,0.0000,0.0000,0.0000,0.0000,0.0000,0.0000,0.0000,0.0000
70,0.7500,SpendAwareDPRebalance (R70-aware),6.0000,6080.6970,364.8418,survival,1.0000,1.0000,1.0000,1.0000,1.0000,1.0000,0.9985,0.9925,0.9775,0.9455,0.9060,0.8605,0.8000,0.7430,0.6840,0.6295,0.5855,0.5465,0.5090,0.4790,0.4540,0.4335,0.4170,0.4010,0.3890,0.3750,0.3650,0.3545,0.3465,0.3405,0.3365,0.3310,0.3270,0.3235,0.3220,0.3210,0.3205,0.3205,0.3205,0.3205,0.3200,0.3200,0.3200,0.3195,0.3195,0.3195,0.3195,0.3195,0.3195,0.3195,0.3195,0.3195,0.3195,0.3195,0.3195
70,0.7500,SpendAwareDPRebalance (R70-aware),6.0000,6080.6970,364.8418,spend25p,365.0041,371.3183,377.0097,382.9719,388.2631,394.6590,400.2295,405.3126,406.5402,400.7767,386.9510,366.4670,326.8987,0.0000,0.0000,0.0000,0.0000,0.0000,0.0000,0.0000,0.0000,0.0000,0.0000,0.0000,0.0000,0.0000,0.0000,0.0000,0.0000,0.0000,0.0000,0.0000,0.0000,0.0000,0.0000,-12.9553,-26.0154,-40.1680,-50.5263,-62.0791,-73.7778,-85.5048,-97.4186,-110.1148,-123.4681,-135.9438,-149.4471,-162.7423,-176.4887,-190.9726,-205.2015,-223.1711,-237.0929,-253.7503,-269.6612
70,0.7500,SpendAwareDPRebalance (R70-aware),6.0000,6080.6970,364.8418,spend50p,367.6828,379.2502,391.4063,404.0518,417.2829,431.1286,445.1120,458.9855,470.9495,478.1833,479.7005,474.4983,457.1845,437.3905,409.9129,378.5879,336.0572,291.4157,216.0636,0.0000,0.0000,0.0000,0.0000,0.0000,0.0000,0.0000,0.0000,0.0000,0.0000,0.0000,0.0000,0.0000,0.0000,0.0000,0.0000,0.0000,0.0000,0.0000,0.0000,0.0000,0.0000,0.0000,0.0000,0.0000,0.0000,0.0000,0.0000,0.0000,0.0000,0.0000,0.0000,0.0000,0.0000,0.0000,0.0000
70,0.7500,SpendAwareDPRebalance (R70-aware),6.0000,6080.6970,364.8418,spend75p,370.2527,387.0767,406.3800,425.7289,446.7564,470.9899,495.9954,518.0535,539.9946,557.5239,574.1189,587.9465,586.5819,579.3572,566.8571,544.8010,523.9529,508.4129,483.2407,461.0833,414.4502,400.3140,382.3856,369.3405,350.4525,331.6071,316.4859,300.3330,287.5331,274.5177,0.0000,0.0000,0.0000,0.0000,0.0000,0.0000,0.0000,0.0000,0.0000,0.0000,0.0000,0.0000,0.0000,0.0000,0.0000,0.0000,0.0000,0.0000,0.0000,0.0000,0.0000,0.0000,0.0000,0.0000,0.0000
70,0.7500,No dynamic rebalance,7.0000,5212.0260,364.8418,survival,1.0000,1.0000,1.0000,1.0000,1.0000,0.9995,0.9935,0.9770,0.9395,0.8855,0.8280,0.7560,0.6725,0.5985,0.5300,0.4860,0.4345,0.3940,0.3635,0.3285,0.3080,0.2855,0.2705,0.2555,0.2355,0.2265,0.2190,0.2060,0.1970,0.1890,0.1870,0.1865,0.1860,0.1860,0.1860,0.1860,0.1860,0.1855,0.1855,0.1855,0.1855,0.1855,0.1855,0.1855,0.1855,0.1855,0.1855,0.1855,0.1855,0.1855,0.1855,0.1855,0.1855,0.1855,0.1855
70,0.7500,No dynamic rebalance,7.0000,5212.0260,364.8418,spend25p,365.0041,371.3183,377.0097,382.9719,388.2631,394.5622,399.4940,401.4329,396.7681,379.9248,353.3830,256.9182,0.0000,0.0000,0.0000,0.0000,0.0000,0.0000,0.0000,0.0000,0.0000,0.0000,0.0000,0.0000,0.0000,0.0000,0.0000,0.0000,0.0000,0.0000,0.0000,0.0000,0.0000,0.0000,0.0000,0.0000,0.0000,0.0000,0.0000,0.0000,0.0000,0.0000,0.0000,0.0000,0.0000,0.0000,0.0000,0.0000,0.0000,0.0000,0.0000,0.0000,0.0000,0.0000,0.0000
70,0.7500,No dynamic rebalance,7.0000,5212.0260,364.8418,spend50p,367.6828,379.2502,391.4063,404.0518,417.2829,431.1198,444.5547,457.2070,462.6367,463.4213,456.4501,436.6582,405.6855,364.7648,295.6092,0.0000,0.0000,0.0000,0.0000,0.0000,0.0000,0.0000,0.0000,0.0000,0.0000,0.0000,0.0000,0.0000,0.0000,0.0000,0.0000,0.0000,0.0000,0.0000,0.0000,0.0000,0.0000,0.0000,0.0000,0.0000,0.0000,0.0000,0.0000,0.0000,0.0000,0.0000,0.0000,0.0000,0.0000,0.0000,0.0000,0.0000,0.0000,0.0000,0.0000
70,0.7500,No dynamic rebalance,7.0000,5212.0260,364.8418,spend75p,370.2527,387.0767,406.3800,425.7289,446.7564,470.8194,495.6577,514.9115,530.5769,547.5779,559.1174,556.7824,541.7542,525.1528,497.1105,478.3225,441.7518,413.1604,387.3014,339.1840,288.5382,246.6714,218.1785,154.8280,0.0000,0.0000,0.0000,0.0000,0.0000,0.0000,0.0000,0.0000,0.0000,0.0000,0.0000,0.0000,0.0000,0.0000,0.0000,0.0000,0.0000,0.0000,0.0000,0.0000,0.0000,0.0000,0.0000,0.0000,0.0000,0.0000,0.0000,0.0000,0.0000,0.0000,0.0000
70,0.7500,固定最適比率,7.0000,5212.0260,364.8418,survival,1.0000,1.0000,1.0000,1.0000,1.0000,0.9995,0.9935,0.9770,0.9395,0.8855,0.8280,0.7560,0.6725,0.5985,0.5300,0.4860,0.4345,0.3940,0.3635,0.3285,0.3080,0.2855,0.2705,0.2555,0.2355,0.2265,0.2190,0.2060,0.1970,0.1890,0.1870,0.1865,0.1860,0.1860,0.1860,0.1860,0.1860,0.1855,0.1855,0.1855,0.1855,0.1855,0.1855,0.1855,0.1855,0.1855,0.1855,0.1855,0.1855,0.1855,0.1855,0.1855,0.1855,0.1855,0.1855
70,0.7500,固定最適比率,7.0000,5212.0260,364.8418,spend25p,365.0041,371.3183,377.0097,382.9719,388.2631,394.5622,399.4940,401.4329,396.7681,379.9248,353.3830,256.9182,0.0000,0.0000,0.0000,0.0000,0.0000,0.0000,0.0000,0.0000,0.0000,0.0000,0.0000,0.0000,0.0000,0.0000,0.0000,0.0000,0.0000,0.0000,0.0000,0.0000,0.0000,0.0000,0.0000,0.0000,0.0000,0.0000,0.0000,0.0000,0.0000,0.0000,0.0000,0.0000,0.0000,0.0000,0.0000,0.0000,0.0000,0.0000,0.0000,0.0000,0.0000,0.0000,0.0000
70,0.7500,固定最適比率,7.0000,5212.0260,364.8418,spend50p,367.6828,379.2502,391.4063,404.0518,417.2829,431.1198,444.5547,457.2070,462.6367,463.4213,456.4501,436.6582,405.6855,364.7648,295.6092,0.0000,0.0000,0.0000,0.0000,0.0000,0.0000,0.0000,0.0000,0.0000,0.0000,0.0000,0.0000,0.0000,0.0000,0.0000,0.0000,0.0000,0.0000,0.0000,0.0000,0.0000,0.0000,0.0000,0.0000,0.0000,0.0000,0.0000,0.0000,0.0000,0.0000,0.0000,0.0000,0.0000,0.0000,0.0000,0.0000,0.0000,0.0000,0.0000,0.0000
70,0.7500,固定最適比率,7.0000,5212.0260,364.8418,spend75p,370.2527,387.0767,406.3800,425.7289,446.7564,470.8194,495.6577,514.9115,530.5769,547.5779,559.1174,556.7824,541.7542,525.1528,497.1105,478.3225,441.7518,413.1604,387.3014,339.1840,288.5382,246.6714,218.1785,154.8280,0.0000,0.0000,0.0000,0.0000,0.0000,0.0000,0.0000,0.0000,0.0000,0.0000,0.0000,0.0000,0.0000,0.0000,0.0000,0.0000,0.0000,0.0000,0.0000,0.0000,0.0000,0.0000,0.0000,0.0000,0.0000,0.0000,0.0000,0.0000,0.0000,0.0000,0.0000
70,0.7500,DynamicV1Rebalance,7.0000,5212.0260,364.8418,survival,1.0000,1.0000,1.0000,1.0000,1.0000,0.9995,0.9935,0.9770,0.9390,0.8845,0.8260,0.7545,0.6710,0.5975,0.5290,0.4855,0.4335,0.3940,0.3625,0.3285,0.3090,0.2860,0.2705,0.2560,0.2365,0.2290,0.2205,0.2080,0.1980,0.1900,0.1880,0.1875,0.1875,0.1875,0.1875,0.1875,0.1875,0.1870,0.1870,0.1870,0.1870,0.1870,0.1870,0.1870,0.1870,0.1870,0.1870,0.1870,0.1870,0.1870,0.1870,0.1870,0.1870,0.1870,0.1870
70,0.7500,DynamicV1Rebalance,7.0000,5212.0260,364.8418,spend25p,365.0041,371.3183,377.0097,382.9719,388.2631,394.5622,399.4940,401.4329,396.7681,379.6650,352.2187,251.1085,0.0000,0.0000,0.0000,0.0000,0.0000,0.0000,0.0000,0.0000,0.0000,0.0000,0.0000,0.0000,0.0000,0.0000,0.0000,0.0000,0.0000,0.0000,0.0000,0.0000,0.0000,0.0000,0.0000,0.0000,0.0000,0.0000,0.0000,0.0000,0.0000,0.0000,0.0000,0.0000,0.0000,0.0000,0.0000,0.0000,0.0000,0.0000,0.0000,0.0000,0.0000,0.0000,0.0000
70,0.7500,DynamicV1Rebalance,7.0000,5212.0260,364.8418,spend50p,367.6828,379.2502,391.4063,404.0518,417.2829,431.1198,444.5547,457.1447,462.8839,463.4213,456.0390,436.3016,405.1544,364.2194,292.3624,0.0000,0.0000,0.0000,0.0000,0.0000,0.0000,0.0000,0.0000,0.0000,0.0000,0.0000,0.0000,0.0000,0.0000,0.0000,0.0000,0.0000,0.0000,0.0000,0.0000,0.0000,0.0000,0.0000,0.0000,0.0000,0.0000,0.0000,0.0000,0.0000,0.0000,0.0000,0.0000,0.0000,0.0000,0.0000,0.0000,0.0000,0.0000,0.0000,0.0000
70,0.7500,DynamicV1Rebalance,7.0000,5212.0260,364.8418,spend75p,370.2527,387.0767,406.3800,425.7289,446.7564,470.8194,495.5422,514.7265,530.6943,547.5779,558.4058,556.7824,541.2704,524.4578,496.3208,478.3225,441.3431,413.1604,386.4408,339.1840,293.3906,247.1901,218.1785,156.7494,0.0000,0.0000,0.0000,0.0000,0.0000,0.0000,0.0000,0.0000,0.0000,0.0000,0.0000,0.0000,0.0000,0.0000,0.0000,0.0000,0.0000,0.0000,0.0000,0.0000,0.0000,0.0000,0.0000,0.0000,0.0000,0.0000,0.0000,0.0000,0.0000,0.0000,0.0000
70,0.7500,SpendAwareDPRebalance (R70-aware),7.0000,5212.0260,364.8418,survival,1.0000,1.0000,1.0000,1.0000,1.0000,0.9995,0.9935,0.9770,0.9395,0.8855,0.8280,0.7560,0.6730,0.5990,0.5300,0.4870,0.4360,0.3995,0.3715,0.3400,0.3190,0.2985,0.2850,0.2745,0.2580,0.2500,0.2420,0.2355,0.2295,0.2260,0.2225,0.2200,0.2180,0.2155,0.2140,0.2140,0.2135,0.2130,0.2130,0.2130,0.2130,0.2130,0.2130,0.2130,0.2130,0.2130,0.2130,0.2130,0.2130,0.2130,0.2130,0.2130,0.2130,0.2130,0.2130
70,0.7500,SpendAwareDPRebalance (R70-aware),7.0000,5212.0260,364.8418,spend25p,365.0041,371.3183,377.0097,382.9719,388.2631,394.5622,399.4940,401.4329,396.7681,379.9248,353.3830,256.9182,0.0000,0.0000,0.0000,0.0000,0.0000,0.0000,0.0000,0.0000,0.0000,0.0000,0.0000,0.0000,0.0000,0.0000,0.0000,0.0000,0.0000,0.0000,0.0000,0.0000,0.0000,0.0000,0.0000,0.0000,0.0000,0.0000,0.0000,0.0000,0.0000,0.0000,0.0000,0.0000,0.0000,0.0000,0.0000,0.0000,0.0000,0.0000,0.0000,0.0000,0.0000,0.0000,0.0000
70,0.7500,SpendAwareDPRebalance (R70-aware),7.0000,5212.0260,364.8418,spend50p,367.6828,379.2502,391.4063,404.0518,417.2829,431.1198,444.5547,457.2070,462.6367,463.4213,456.4501,436.6582,405.8239,364.9902,295.6092,0.0000,0.0000,0.0000,0.0000,0.0000,0.0000,0.0000,0.0000,0.0000,0.0000,0.0000,0.0000,0.0000,0.0000,0.0000,0.0000,0.0000,0.0000,0.0000,0.0000,0.0000,0.0000,0.0000,0.0000,0.0000,0.0000,0.0000,0.0000,0.0000,0.0000,0.0000,0.0000,0.0000,0.0000,0.0000,0.0000,0.0000,0.0000,0.0000,0.0000
70,0.7500,SpendAwareDPRebalance (R70-aware),7.0000,5212.0260,364.8418,spend75p,370.2527,387.0767,406.3800,425.7289,446.7564,470.8194,495.6577,514.9115,530.5769,547.5779,559.1174,556.7824,541.7542,525.7797,497.1105,478.5672,443.2834,416.8354,395.2784,357.4217,304.4135,261.5591,241.6995,218.3698,159.3456,24.7454,0.0000,0.0000,0.0000,0.0000,0.0000,0.0000,0.0000,0.0000,0.0000,0.0000,0.0000,0.0000,0.0000,0.0000,0.0000,0.0000,0.0000,0.0000,0.0000,0.0000,0.0000,0.0000,0.0000,0.0000,0.0000,0.0000,0.0000,0.0000,0.0000
70,1.0000,No dynamic rebalance,2.5000,19171.5637,479.2891,survival,1.0000,1.0000,1.0000,1.0000,1.0000,1.0000,1.0000,1.0000,1.0000,1.0000,1.0000,0.9985,0.9980,0.9960,0.9895,0.9880,0.9760,0.9705,0.9640,0.9530,0.9415,0.9300,0.9230,0.9100,0.8965,0.8865,0.8760,0.8620,0.8525,0.8415,0.8380,0.8360,0.8310,0.8265,0.8230,0.8210,0.8185,0.8165,0.8155,0.8140,0.8135,0.8125,0.8115,0.8110,0.8095,0.8095,0.8075,0.8070,0.8065,0.8060,0.8055,0.8055,0.8055,0.8055,0.8055
70,1.0000,No dynamic rebalance,2.5000,19171.5637,479.2891,spend25p,479.5023,487.9505,495.5784,503.5605,510.6579,519.2066,527.4345,536.6636,543.0719,548.2114,551.3190,554.3645,556.4065,556.4698,557.1623,552.2397,541.8289,533.3436,521.0382,508.0477,469.1009,451.6832,438.9711,419.9396,400.8008,383.8009,369.9871,348.8413,329.8546,308.2614,29.6201,15.1153,0.0000,0.0000,0.0000,0.0000,0.0000,0.0000,-0.2258,-10.1027,-19.5556,-29.8301,-39.4832,-48.2815,-60.3326,-72.2110,-84.5333,-98.0623,-112.2972,-127.6751,-142.3836,-157.8541,-172.3326,-190.1988,-209.7679
70,1.0000,No dynamic rebalance,2.5000,19171.5637,479.2891,spend50p,483.0213,498.3738,514.5027,531.2779,548.8259,567.1855,586.2111,605.7656,625.8430,644.2027,659.1001,673.3411,689.1916,699.6038,706.7355,708.9398,697.5657,691.4136,684.6795,673.3204,637.1995,627.5377,620.6099,608.9465,596.3728,588.7592,578.2528,562.0827,550.4197,533.3585,158.5132,137.9116,115.8835,94.3656,77.2004,61.9578,50.7739,39.4599,28.0309,16.5384,5.5668,0.0000,0.0000,0.0000,0.0000,0.0000,0.0000,0.0000,-2.5351,-23.7645,-46.8559,-67.4991,-91.2552,-114.4898,-137.2001
70,1.0000,No dynamic rebalance,2.5000,19171.5637,479.2891,spend75p,486.3974,508.6587,534.1857,559.7805,587.5905,619.6262,652.8574,683.4377,717.7626,749.6777,783.9801,815.4513,841.1620,863.8888,883.0628,902.5386,904.9014,914.3425,920.0982,915.3023,874.8948,864.5937,857.9653,856.8521,849.3803,843.3924,839.1370,821.5115,805.2255,787.9818,300.1255,276.4819,251.9530,229.4056,209.6544,194.7371,176.7548,165.5867,155.5991,147.8444,136.2031,126.2433,116.7515,106.4554,94.8606,83.6675,68.3511,50.7415,31.9476,13.1620,0.0000,0.0000,0.0000,0.0000,0.0000
70,1.0000,固定最適比率,2.5000,19171.5637,479.2891,survival,1.0000,1.0000,1.0000,1.0000,1.0000,1.0000,1.0000,1.0000,1.0000,1.0000,1.0000,1.0000,1.0000,1.0000,1.0000,1.0000,1.0000,1.0000,1.0000,0.9975,0.9960,0.9945,0.9930,0.9895,0.9815,0.9775,0.9680,0.9610,0.9500,0.9360,0.9315,0.9260,0.9200,0.9160,0.9125,0.9070,0.9030,0.8995,0.8965,0.8960,0.8940,0.8905,0.8880,0.8855,0.8825,0.8800,0.8780,0.8765,0.8755,0.8745,0.8740,0.8735,0.8720,0.8720,0.8710
70,1.0000,固定最適比率,2.5000,19171.5637,479.2891,spend25p,479.5023,487.9505,495.5784,503.5605,510.6579,519.2066,527.4345,536.6636,543.0719,548.2114,551.3190,555.2501,556.8469,558.9016,562.1043,559.9855,554.8546,550.5026,544.9951,535.6132,505.4064,494.8778,489.9430,482.4953,469.5707,457.8951,446.0409,431.8943,410.7022,389.3731,77.6921,58.3313,40.1884,24.7743,9.9326,0.0000,0.0000,0.0000,-4.8241,-14.0837,-24.4452,-34.0341,-43.2531,-53.2297,-64.3247,-76.2258,-88.7599,-102.4261,-116.1581,-131.9183,-145.7891,-160.8353,-176.2456,-194.5055,-212.4364
70,1.0000,固定最適比率,2.5000,19171.5637,479.2891,spend50p,483.0213,498.3738,514.5027,531.2779,548.8259,567.1855,586.2111,605.7656,625.8430,644.2027,659.1001,674.0814,690.0135,702.8552,713.5242,714.4196,712.5228,707.3929,707.5077,706.1923,674.6639,669.1403,665.7903,657.6788,645.0137,642.9659,634.9294,623.1731,608.7118,595.2284,188.0197,164.4610,141.9301,122.6332,106.2410,89.1542,73.5554,62.5874,50.0481,41.2729,30.2290,19.3241,9.2996,0.0000,0.0000,0.0000,0.0000,-9.6219,-27.2591,-46.3129,-65.6387,-86.1292,-108.5503,-132.6062,-157.7349
70,1.0000,固定最適比率,2.5000,19171.5637,479.2891,spend75p,486.3974,508.6587,534.1857,559.7805,587.5905,619.6262,652.8574,683.4377,717.7626,749.6777,783.9801,815.8399,842.0249,865.6731,889.0624,905.8399,920.0896,939.2466,946.2156,951.2555,913.8459,919.3327,923.5946,916.1970,911.4308,909.3528,898.0810,892.6885,876.1462,846.7385,329.7030,300.4103,275.8096,251.4341,230.9435,213.1706,196.1134,184.8710,171.7870,162.9411,151.5470,141.2994,127.4981,115.6356,100.8311,89.7459,72.6279,53.2963,35.3671,19.0710,0.0000,0.0000,0.0000,0.0000,0.0000
70,1.0000,DynamicV1Rebalance,2.5000,19171.5637,479.2891,survival,1.0000,1.0000,1.0000,1.0000,1.0000,1.0000,1.0000,1.0000,1.0000,1.0000,1.0000,0.9995,0.9985,0.9980,0.9940,0.9905,0.9875,0.9830,0.9800,0.9745,0.9680,0.9595,0.9510,0.9450,0.9385,0.9305,0.9240,0.9180,0.9070,0.8985,0.8970,0.8930,0.8885,0.8850,0.8850,0.8820,0.8785,0.8770,0.8750,0.8725,0.8700,0.8655,0.8640,0.8625,0.8615,0.8615,0.8610,0.8610,0.8610,0.8595,0.8595,0.8595,0.8595,0.8590,0.8590
70,1.0000,DynamicV1Rebalance,2.5000,19171.5637,479.2891,spend25p,479.5023,487.9505,495.5784,503.5605,510.6579,519.2066,527.4345,536.6636,543.0719,548.2114,551.3190,555.1397,556.5722,557.5865,558.7060,553.5197,549.2771,542.9395,531.6150,522.0722,488.0478,473.7016,461.6131,448.3120,436.7199,421.7424,409.7430,392.9342,374.3600,359.3278,60.2927,44.6967,25.8799,10.0843,0.0000,0.0000,0.0000,0.0000,-2.6528,-12.4837,-22.0147,-31.8654,-41.0397,-51.3675,-62.8146,-74.2829,-86.8406,-100.5850,-114.6445,-130.5740,-144.5650,-159.1296,-174.7325,-192.8657,-211.4824
70,1.0000,DynamicV1Rebalance,2.5000,19171.5637,479.2891,spend50p,483.0213,498.3738,514.5027,531.2779,548.8259,567.1855,586.2111,605.7656,625.8430,644.2027,659.1001,673.9999,689.5179,700.9009,709.3921,709.3129,704.1811,699.5113,698.1793,691.5662,656.0789,646.8266,641.1386,629.5209,620.6943,615.2598,605.6670,599.2206,586.0513,573.2575,178.2600,156.2274,135.1192,115.2585,99.5686,82.9862,68.1860,57.3714,47.3614,37.7567,27.0351,15.8316,4.5868,0.0000,0.0000,0.0000,0.0000,0.0000,-16.3133,-34.2753,-56.2505,-77.7190,-100.2041,-123.3625,-149.8392
70,1.0000,DynamicV1Rebalance,2.5000,19171.5637,479.2891,spend75p,486.3974,508.6587,534.1857,559.7805,587.5905,619.6262,652.8574,683.4377,717.7626,749.6777,783.9801,815.5642,841.3551,865.2340,885.0440,902.7123,915.4032,925.8407,932.6348,932.9575,894.3994,888.0230,878.2328,879.0962,879.6539,879.9673,873.3916,867.4380,851.9453,834.6747,322.1083,298.1261,275.0798,251.2926,235.5669,217.7188,202.5490,193.3823,182.5558,168.6123,157.9643,145.9462,136.6085,123.2109,111.2549,98.1827,81.6488,66.2484,49.0420,27.9496,4.7618,0.0000,0.0000,0.0000,0.0000
70,1.0000,SpendAwareDPRebalance (R70-aware),2.5000,19171.5637,479.2891,survival,1.0000,1.0000,1.0000,1.0000,1.0000,1.0000,1.0000,1.0000,1.0000,1.0000,1.0000,1.0000,1.0000,1.0000,0.9985,0.9975,0.9965,0.9945,0.9920,0.9905,0.9875,0.9855,0.9795,0.9765,0.9715,0.9675,0.9610,0.9575,0.9540,0.9485,0.9475,0.9430,0.9365,0.9275,0.9255,0.9220,0.9185,0.9145,0.9110,0.9065,0.9030,0.8995,0.8980,0.8945,0.8935,0.8930,0.8910,0.8895,0.8890,0.8880,0.8880,0.8865,0.8855,0.8830,0.8805
70,1.0000,SpendAwareDPRebalance (R70-aware),2.5000,19171.5637,479.2891,spend25p,479.5023,487.9505,495.5784,503.5605,510.6579,519.2066,527.4345,536.6636,543.0719,548.2114,551.3190,555.2501,556.8469,558.9016,561.1853,557.1985,553.0402,547.8199,539.2912,531.1678,500.1678,490.7901,483.0429,471.4963,463.3484,450.5429,440.6799,429.8524,414.1680,400.7349,85.6286,66.2329,47.9154,29.6745,14.6075,1.4971,0.0000,0.0000,-4.4596,-13.7088,-23.8408,-33.7087,-42.9781,-53.0225,-64.1789,-75.9408,-88.7181,-102.3732,-116.0790,-131.8574,-145.6067,-160.4394,-176.0107,-194.4201,-212.9199
70,1.0000,SpendAwareDPRebalance (R70-aware),2.5000,19171.5637,479.2891,spend50p,483.0213,498.3738,514.5027,531.2779,548.8259,567.1855,586.2111,605.7656,625.8430,644.2027,659.1001,674.0814,690.0135,702.8552,713.0764,712.2779,710.2058,704.1014,703.4638,699.6274,672.1745,665.6065,656.7921,651.0026,639.1210,634.4895,631.5678,622.0745,612.7973,604.5014,195.4176,172.0326,150.8237,128.4188,112.0478,97.3045,82.4616,68.2366,56.0795,44.4917,34.6454,23.9098,14.2439,2.7027,0.0000,0.0000,0.0000,-6.5794,-24.7824,-44.9079,-63.7978,-85.1589,-107.9729,-131.5023,-156.7884
70,1.0000,SpendAwareDPRebalance (R70-aware),2.5000,19171.5637,479.2891,spend75p,486.3974,508.6587,534.1857,559.7805,587.5905,619.6262,652.8574,683.4377,717.7626,749.6777,783.9801,815.8399,842.0249,865.6731,888.4812,905.1289,918.0358,932.5365,937.7688,942.3475,906.9542,912.3079,907.3264,904.0001,900.5266,900.6309,896.7669,894.9948,891.9500,882.1279,348.7778,318.4842,291.0687,264.7749,244.4070,226.4265,211.9803,198.6731,186.3221,173.1942,162.5146,150.3490,140.1065,125.7908,114.3223,103.6091,85.9217,68.7613,52.0740,29.7376,6.1656,0.0000,0.0000,0.0000,0.0000
70,1.0000,No dynamic rebalance,2.8000,17117.4676,479.2891,survival,1.0000,1.0000,1.0000,1.0000,1.0000,1.0000,1.0000,1.0000,1.0000,1.0000,0.9995,0.9975,0.9955,0.9900,0.9855,0.9720,0.9635,0.9550,0.9415,0.9290,0.9155,0.9010,0.8825,0.8740,0.8585,0.8440,0.8275,0.8185,0.8050,0.7920,0.7875,0.7845,0.7830,0.7775,0.7730,0.7715,0.7705,0.7685,0.7670,0.7655,0.7640,0.7605,0.7600,0.7585,0.7575,0.7555,0.7550,0.7540,0.7540,0.7535,0.7535,0.7525,0.7515,0.7515,0.7515
70,1.0000,No dynamic rebalance,2.8000,17117.4676,479.2891,spend25p,479.5023,487.9505,495.5784,503.5605,510.6579,519.2066,527.4345,536.6636,543.0719,548.2114,551.0201,553.9795,554.7821,553.2135,554.9072,545.1496,534.1838,521.9158,503.4120,486.7372,449.9634,427.1581,405.0698,391.2345,365.4962,345.2637,316.1426,296.1136,270.1066,243.8799,0.0000,0.0000,0.0000,0.0000,0.0000,0.0000,0.0000,0.0000,0.0000,-7.9905,-16.6605,-27.9099,-37.4148,-46.6880,-58.1274,-68.9132,-81.8347,-96.5207,-110.9474,-125.4754,-140.9790,-155.8183,-170.8348,-188.7790,-208.6199
70,1.0000,No dynamic rebalance,2.8000,17117.4676,479.2891,spend50p,483.0213,498.3738,514.5027,531.2779,548.8259,567.1855,586.2111,605.7656,625.8430,644.2027,658.9384,672.9715,687.5948,694.7030,703.8086,698.5489,692.0830,682.8953,671.8918,661.5062,623.1780,610.5231,592.9077,583.4782,573.7354,558.8252,542.0905,531.9064,511.0721,496.6497,134.6352,112.9140,94.2376,74.3507,60.6578,46.8799,33.6939,20.0670,7.8322,0.0000,0.0000,0.0000,0.0000,0.0000,0.0000,0.0000,0.0000,0.0000,0.0000,-9.2757,-31.2742,-52.7025,-78.2820,-103.1575,-127.9524
70,1.0000,No dynamic rebalance,2.8000,17117.4676,479.2891,spend75p,486.3974,508.6587,534.1857,559.7805,587.5905,619.6262,652.8574,683.4377,717.7626,749.6777,783.6597,815.2778,840.0346,862.2277,878.3542,886.5776,894.0785,899.7144,898.5912,896.0592,856.6314,838.8649,828.1699,829.8360,821.9975,814.3704,800.2745,783.6615,767.4574,757.8642,278.9097,258.8979,235.4628,211.6329,191.1328,174.7035,160.5324,147.6169,137.5536,128.7924,119.0862,106.7055,100.2625,89.6493,79.6120,67.0591,51.3144,31.0673,11.5143,0.0000,0.0000,0.0000,0.0000,0.0000,0.0000
70,1.0000,固定最適比率,2.8000,17117.4676,479.2891,survival,1.0000,1.0000,1.0000,1.0000,1.0000,1.0000,1.0000,1.0000,1.0000,1.0000,1.0000,1.0000,1.0000,1.0000,1.0000,0.9995,0.9995,0.9975,0.9930,0.9865,0.9825,0.9745,0.9650,0.9570,0.9475,0.9350,0.9230,0.9130,0.9010,0.8870,0.8820,0.8740,0.8725,0.8670,0.8630,0.8595,0.8585,0.8560,0.8540,0.8515,0.8505,0.8475,0.8465,0.8425,0.8400,0.8390,0.8385,0.8380,0.8375,0.8370,0.8370,0.8360,0.8355,0.8340,0.8330
70,1.0000,固定最適比率,2.8000,17117.4676,479.2891,spend25p,479.5023,487.9505,495.5784,503.5605,510.6579,519.2066,527.4345,536.6636,543.0719,548.2114,551.3190,555.2501,556.8469,558.9016,562.1043,559.5398,554.7673,549.1312,539.7568,529.1864,497.3020,484.5523,469.9989,455.7551,440.5956,424.1415,407.9613,389.0421,370.6518,348.6745,54.3047,34.0203,18.6818,2.7184,0.0000,0.0000,0.0000,0.0000,-3.4640,-13.0654,-23.0546,-32.6381,-41.3519,-52.2760,-63.7017,-75.0182,-87.5154,-101.0208,-115.2419,-131.0139,-144.5650,-159.1296,-174.8037,-192.8657,-211.0289
70,1.0000,固定最適比率,2.8000,17117.4676,479.2891,spend50p,483.0213,498.3738,514.5027,531.2779,548.8259,567.1855,586.2111,605.7656,625.8430,644.2027,659.1001,674.0814,690.0135,702.8552,713.5242,713.7663,711.9516,705.2952,704.1403,697.3891,667.9811,658.9472,646.7209,633.4087,622.7140,614.9536,601.3837,589.6618,575.8425,555.5143,169.4688,147.2319,127.6596,108.2626,87.0351,72.2398,59.5794,49.7338,38.0544,27.5126,17.2939,3.3687,0.0000,0.0000,0.0000,0.0000,0.0000,0.0000,-17.3021,-35.8038,-57.1629,-78.9058,-100.9278,-123.3625,-149.8392
70,1.0000,固定最適比率,2.8000,17117.4676,479.2891,spend75p,486.3974,508.6587,534.1857,559.7805,587.5905,619.6262,652.8574,683.4377,717.7626,749.6777,783.9801,815.8399,842.0249,865.6731,889.0624,905.6352,920.0032,936.0195,937.1539,937.4627,898.5263,896.4734,884.4356,879.0962,875.9346,866.1432,856.8977,844.3095,817.8121,798.1383,303.2511,276.5772,254.8739,230.7325,213.5581,195.8766,179.4517,167.2905,156.7478,149.0503,137.2683,125.0737,115.6924,104.9620,93.5908,80.2642,67.0278,49.4245,30.1257,11.7538,0.0000,0.0000,0.0000,0.0000,0.0000
70,1.0000,DynamicV1Rebalance,2.8000,17117.4676,479.2891,survival,1.0000,1.0000,1.0000,1.0000,1.0000,1.0000,1.0000,1.0000,1.0000,1.0000,0.9995,0.9985,0.9965,0.9910,0.9875,0.9830,0.9730,0.9685,0.9585,0.9470,0.9360,0.9300,0.9190,0.9060,0.8980,0.8870,0.8710,0.8625,0.8505,0.8420,0.8375,0.8360,0.8330,0.8295,0.8260,0.8255,0.8235,0.8215,0.8205,0.8175,0.8145,0.8140,0.8135,0.8125,0.8115,0.8115,0.8110,0.8100,0.8095,0.8080,0.8080,0.8080,0.8070,0.8070,0.8070
70,1.0000,DynamicV1Rebalance,2.8000,17117.4676,479.2891,spend25p,479.5023,487.9505,495.5784,503.5605,510.6579,519.2066,527.4345,536.6636,543.0719,548.2114,551.0201,554.3645,555.1174,554.0028,555.6018,551.0919,541.1216,531.2321,518.6974,502.5814,465.5667,451.6832,435.5400,414.1484,401.4122,383.8009,363.4829,348.5544,327.2980,309.0842,29.4849,15.1153,0.0000,0.0000,0.0000,0.0000,0.0000,0.0000,-1.4922,-11.5338,-21.0304,-30.8017,-40.1951,-49.5501,-61.6079,-73.2680,-85.2554,-98.9622,-113.7860,-128.3923,-143.3365,-158.3847,-172.6590,-190.8723,-210.0910
70,1.0000,DynamicV1Rebalance,2.8000,17117.4676,479.2891,spend50p,483.0213,498.3738,514.5027,531.2779,548.8259,567.1855,586.2111,605.7656,625.8430,644.2027,658.9384,673.3411,688.4563,695.6345,704.9328,706.0562,696.1604,690.1081,681.9152,670.4289,633.4171,628.9421,617.3635,604.0288,596.3728,587.4921,568.9473,559.2735,542.4151,530.3123,155.3917,135.6257,113.6983,94.0272,76.8456,62.2970,51.1875,39.6126,28.4426,15.9435,3.7893,0.0000,0.0000,0.0000,0.0000,0.0000,0.0000,0.0000,-7.2082,-28.1265,-48.9828,-72.6626,-93.1948,-117.0519,-141.0087
70,1.0000,DynamicV1Rebalance,2.8000,17117.4676,479.2891,spend75p,486.3974,508.6587,534.1857,559.7805,587.5905,619.6262,652.8574,683.4377,717.7626,749.6777,783.6597,815.4513,840.7731,862.2277,881.6682,898.4363,903.3046,910.0178,913.4345,912.0329,869.6356,867.3883,858.7823,850.9801,849.8360,843.3924,831.4209,813.9375,793.4254,780.5318,295.2307,272.9599,248.2717,227.6023,207.5847,193.0169,175.6443,160.8136,153.0945,145.1476,133.2976,121.0829,113.1683,103.8526,92.2048,79.3393,65.4080,46.9662,28.3961,9.4901,0.0000,0.0000,0.0000,0.0000,0.0000
70,1.0000,SpendAwareDPRebalance (R70-aware),2.8000,17117.4676,479.2891,survival,1.0000,1.0000,1.0000,1.0000,1.0000,1.0000,1.0000,1.0000,1.0000,1.0000,0.9995,0.9990,0.9985,0.9970,0.9965,0.9890,0.9875,0.9845,0.9825,0.9775,0.9715,0.9630,0.9550,0.9510,0.9445,0.9365,0.9285,0.9210,0.9140,0.9090,0.9065,0.9025,0.8960,0.8845,0.8790,0.8730,0.8695,0.8645,0.8600,0.8555,0.8510,0.8480,0.8450,0.8430,0.8395,0.8390,0.8365,0.8345,0.8330,0.8315,0.8310,0.8310,0.8300,0.8295,0.8280
70,1.0000,SpendAwareDPRebalance (R70-aware),2.8000,17117.4676,479.2891,spend25p,479.5023,487.9505,495.5784,503.5605,510.6579,519.2066,527.4345,536.6636,543.0719,548.2114,551.0201,554.7290,556.5722,557.4646,559.8721,552.5753,549.2771,543.7334,532.7820,524.2764,490.0842,476.1731,463.5476,451.2599,438.9517,428.2516,412.3821,395.6036,379.9410,367.9481,64.3393,46.6511,29.8019,9.8448,0.0000,0.0000,0.0000,0.0000,-3.4523,-13.0525,-23.0546,-32.6381,-42.1881,-52.3052,-63.7017,-75.3589,-87.7806,-101.2962,-115.7839,-131.1910,-145.0548,-159.4366,-175.1165,-193.5527,-211.5401
70,1.0000,SpendAwareDPRebalance (R70-aware),2.8000,17117.4676,479.2891,spend50p,483.0213,498.3738,514.5027,531.2779,548.8259,567.1855,586.2111,605.7656,625.8430,644.2027,658.9384,673.8060,689.5179,700.5124,712.0833,709.0691,703.8651,699.5113,699.5859,692.6038,657.8614,649.5063,643.0709,631.9810,623.6423,617.1386,607.5839,599.2206,588.7412,578.4473,180.8891,158.3580,136.5708,113.7086,94.4834,75.9821,63.3318,52.5383,40.8745,29.2008,18.3220,4.5112,0.0000,0.0000,0.0000,0.0000,0.0000,-1.2345,-20.0970,-38.1665,-59.1403,-80.4611,-103.6268,-126.1021,-151.8241
70,1.0000,SpendAwareDPRebalance (R70-aware),2.8000,17117.4676,479.2891,spend75p,486.3974,508.6587,534.1857,559.7805,587.5905,619.6262,652.8574,683.4377,717.7626,749.6777,783.6597,815.4513,841.3551,864.6230,886.5982,902.0037,913.4521,923.8858,932.6348,933.3124,895.3352,889.2304,879.0195,879.0962,878.5570,875.3197,866.8263,858.4308,844.2163,829.6207,319.1546,294.9647,268.1675,242.7836,221.9787,202.5703,188.0415,171.5775,158.7034,149.6690,135.9832,122.0133,112.9857,103.0550,91.2116,78.3425,62.2076,44.9270,26.0911,4.7145,0.0000,0.0000,0.0000,0.0000,0.0000
70,1.0000,No dynamic rebalance,3.0000,15976.3031,479.2891,survival,1.0000,1.0000,1.0000,1.0000,1.0000,1.0000,1.0000,1.0000,1.0000,1.0000,0.9985,0.9965,0.9930,0.9875,0.9745,0.9660,0.9555,0.9405,0.9255,0.9095,0.8940,0.8725,0.8605,0.8430,0.8265,0.8125,0.7990,0.7835,0.7675,0.7540,0.7495,0.7465,0.7450,0.7420,0.7405,0.7375,0.7360,0.7325,0.7295,0.7280,0.7275,0.7265,0.7235,0.7225,0.7210,0.7210,0.7195,0.7180,0.7165,0.7165,0.7165,0.7160,0.7160,0.7160,0.7160
70,1.0000,No dynamic rebalance,3.0000,15976.3031,479.2891,spend25p,479.5023,487.9505,495.5784,503.5605,510.6579,519.2066,527.4345,536.6636,543.0719,548.2114,550.5727,553.4110,554.1252,552.3407,548.2907,540.7598,529.3253,513.3249,494.9934,470.7149,428.5393,401.1017,381.6971,356.7300,334.0518,307.5976,280.4843,247.5951,211.5443,141.0731,0.0000,0.0000,0.0000,0.0000,0.0000,0.0000,0.0000,0.0000,0.0000,-6.5624,-15.2504,-25.8161,-36.0011,-46.1186,-55.9385,-67.7608,-79.1098,-94.1454,-109.1311,-124.5629,-139.1707,-154.6489,-169.3625,-187.2005,-207.6499
70,1.0000,No dynamic rebalance,3.0000,15976.3031,479.2891,spend50p,483.0213,498.3738,514.5027,531.2779,548.8259,567.1855,586.2111,605.7656,625.8430,644.2027,658.6953,672.9124,687.0224,693.4450,695.7239,692.8141,688.7175,676.5087,665.2153,651.6012,613.3126,592.4638,580.7639,562.9934,549.9569,534.5229,521.0753,503.5242,486.0578,466.8710,115.4027,97.4651,81.5715,61.4598,45.8608,31.0015,18.6455,6.1117,0.0000,0.0000,0.0000,0.0000,0.0000,0.0000,0.0000,0.0000,0.0000,0.0000,0.0000,0.0000,-16.1399,-40.6262,-65.2777,-88.7778,-117.8309
70,1.0000,No dynamic rebalance,3.0000,15976.3031,479.2891,spend75p,486.3974,508.6587,534.1857,559.7805,587.5905,619.6262,652.8574,683.4377,717.7626,749.6777,783.3966,815.2778,839.4917,861.6317,873.4570,881.1160,889.7881,889.1167,885.3388,880.2155,832.7063,816.1243,817.7712,808.9543,797.8538,788.3334,777.0907,754.4268,740.2236,729.2362,264.5694,238.2757,217.0455,195.6312,176.5317,162.0847,148.0737,134.2566,124.5903,115.5856,107.4909,99.3179,87.4219,78.0121,66.7534,51.5242,36.6283,19.9591,0.0000,0.0000,0.0000,0.0000,0.0000,0.0000,0.0000
70,1.0000,固定最適比率,3.0000,15976.3031,479.2891,survival,1.0000,1.0000,1.0000,1.0000,1.0000,1.0000,1.0000,1.0000,1.0000,1.0000,1.0000,1.0000,1.0000,0.9995,0.9985,0.9955,0.9895,0.9830,0.9745,0.9660,0.9535,0.9410,0.9315,0.9175,0.9080,0.8910,0.8745,0.8565,0.8440,0.8325,0.8255,0.8215,0.8155,0.8125,0.8085,0.8065,0.8050,0.8000,0.7980,0.7960,0.7950,0.7930,0.7905,0.7890,0.7885,0.7870,0.7860,0.7840,0.7820,0.7800,0.7790,0.7785,0.7780,0.7780,0.7780
70,1.0000,固定最適比率,3.0000,15976.3031,479.2891,spend25p,479.5023,487.9505,495.5784,503.5605,510.6579,519.2066,527.4345,536.6636,543.0719,548.2114,551.3190,555.2501,556.8469,558.1752,561.1853,555.4532,550.0886,542.4565,527.2592,515.5621,477.3044,461.6742,445.7272,425.0769,409.0482,385.9382,365.7124,341.1165,318.4373,296.6261,25.2620,9.0339,0.0000,0.0000,0.0000,0.0000,0.0000,0.0000,-2.2187,-12.2264,-21.6209,-31.5043,-40.8673,-51.3390,-62.8146,-74.2394,-86.5784,-99.8074,-114.0148,-129.1059,-143.6173,-158.4226,-173.1837,-190.8723,-209.9552
70,1.0000,固定最適比率,3.0000,15976.3031,479.2891,spend50p,483.0213,498.3738,514.5027,531.2779,548.8259,567.1855,586.2111,605.7656,625.8430,644.2027,659.1001,674.0814,690.0135,702.5159,713.0764,711.3312,704.4220,697.2698,689.9161,679.3241,640.9993,630.5855,622.4761,607.6347,597.6464,583.9846,567.4417,550.2036,530.2949,518.2894,146.3741,124.6279,102.0747,84.3741,68.4263,54.8369,42.6434,27.1008,14.4155,2.8427,0.0000,0.0000,0.0000,0.0000,0.0000,0.0000,0.0000,0.0000,-7.8979,-28.3732,-49.2166,-73.2082,-93.2531,-116.8715,-140.5501
70,1.0000,固定最適比率,3.0000,15976.3031,479.2891,spend75p,486.3974,508.6587,534.1857,559.7805,587.5905,619.6262,652.8574,683.4377,717.7626,749.6777,783.9801,815.8399,842.0249,865.2833,888.1019,904.4629,914.8414,921.0300,919.2433,916.0269,873.3233,863.0710,854.0309,845.6392,842.3633,830.2994,817.0859,790.3412,769.5607,759.4995,281.2519,260.0956,234.9574,212.3463,191.2397,174.7035,160.0554,144.6858,134.7557,126.1330,117.8082,106.4198,99.0081,87.9694,79.2656,67.0591,50.5898,29.7449,9.9855,0.0000,0.0000,0.0000,0.0000,0.0000,0.0000
70,1.0000,DynamicV1Rebalance,3.0000,15976.3031,479.2891,survival,1.0000,1.0000,1.0000,1.0000,1.0000,1.0000,1.0000,1.0000,1.0000,1.0000,0.9985,0.9965,0.9935,0.9885,0.9820,0.9715,0.9645,0.9530,0.9425,0.9260,0.9165,0.9035,0.8875,0.8750,0.8610,0.8470,0.8320,0.8235,0.8100,0.7990,0.7950,0.7890,0.7865,0.7820,0.7800,0.7765,0.7760,0.7745,0.7725,0.7705,0.7695,0.7690,0.7680,0.7660,0.7650,0.7650,0.7650,0.7640,0.7640,0.7635,0.7635,0.7630,0.7630,0.7625,0.7625
70,1.0000,DynamicV1Rebalance,3.0000,15976.3031,479.2891,spend25p,479.5023,487.9505,495.5784,503.5605,510.6579,519.2066,527.4345,536.6636,543.0719,548.2114,550.5727,553.4110,554.4213,552.6341,552.9664,545.1496,535.5644,519.8504,504.5516,484.3230,450.4182,428.7209,406.1797,391.3430,366.5329,348.2763,321.6683,304.1042,276.8231,254.5315,2.8821,0.0000,0.0000,0.0000,0.0000,0.0000,0.0000,0.0000,0.0000,-8.2779,-18.2579,-28.0271,-37.7772,-46.8792,-58.6257,-69.8594,-82.1185,-96.6646,-110.9474,-125.5955,-141.1213,-156.2690,-170.8753,-188.8531,-208.6199
70,1.0000,DynamicV1Rebalance,3.0000,15976.3031,479.2891,spend50p,483.0213,498.3738,514.5027,531.2779,548.8259,567.1855,586.2111,605.7656,625.8430,644.2027,658.6953,672.9124,687.2288,693.7323,700.0336,697.3521,692.6960,682.4212,674.7591,660.7607,622.9680,610.9005,594.3366,583.5761,573.3928,558.2985,542.4341,533.2481,512.7991,498.7026,136.2719,114.0586,94.4079,74.9045,62.0286,47.5598,34.5922,21.3119,8.6895,0.0000,0.0000,0.0000,0.0000,0.0000,0.0000,0.0000,0.0000,0.0000,0.0000,-12.1377,-33.3527,-59.2697,-81.8044,-106.4328,-130.6798
70,1.0000,DynamicV1Rebalance,3.0000,15976.3031,479.2891,spend75p,486.3974,508.6587,534.1857,559.7805,587.5905,619.6262,652.8574,683.4377,717.7626,749.6777,783.3966,815.2778,839.4917,862.0155,877.2761,884.5234,894.8144,899.7144,900.0999,896.0592,857.3097,838.8649,829.5803,824.6780,814.9190,810.2847,794.6802,781.9153,761.5358,757.7913,280.5142,257.5961,233.5141,209.3224,190.4269,173.0599,159.3122,146.7089,136.1669,128.4624,119.0862,109.5103,101.9319,90.4663,79.8018,68.4500,56.0319,34.6870,16.5081,0.0000,0.0000,0.0000,0.0000,0.0000,0.0000
70,1.0000,SpendAwareDPRebalance (R70-aware),3.0000,15976.3031,479.2891,survival,1.0000,1.0000,1.0000,1.0000,1.0000,1.0000,1.0000,1.0000,1.0000,1.0000,0.9990,0.9980,0.9975,0.9930,0.9890,0.9830,0.9805,0.9765,0.9665,0.9615,0.9555,0.9475,0.9390,0.9280,0.9220,0.9160,0.9055,0.8980,0.8900,0.8815,0.8805,0.8730,0.8650,0.8570,0.8465,0.8385,0.8350,0.8280,0.8230,0.8180,0.8150,0.8100,0.8070,0.8040,0.8010,0.7995,0.7970,0.7930,0.7915,0.7900,0.7895,0.7895,0.7875,0.7865,0.7865
70,1.0000,SpendAwareDPRebalance (R70-aware),3.0000,15976.3031,479.2891,spend25p,479.5023,487.9505,495.5784,503.5605,510.6579,519.2066,527.4345,536.6636,543.0719,548.2114,550.8239,554.3645,556.4065,555.7231,556.8988,551.0919,544.4118,536.0571,523.2595,513.2054,479.1846,466.6494,453.1165,434.8983,422.3394,414.3700,397.5905,377.9595,360.8931,346.2287,54.0155,33.7926,15.1858,0.0000,0.0000,0.0000,0.0000,0.0000,-2.8327,-12.6542,-22.2639,-32.0756,-41.3087,-51.7851,-63.4658,-74.6856,-87.3937,-100.9169,-114.5621,-129.9076,-144.4901,-158.7909,-174.4334,-191.7252,-210.4803
70,1.0000,SpendAwareDPRebalance (R70-aware),3.0000,15976.3031,479.2891,spend50p,483.0213,498.3738,514.5027,531.2779,548.8259,567.1855,586.2111,605.7656,625.8430,644.2027,658.7917,673.3411,689.1916,698.5654,705.3783,706.0562,699.8460,694.4452,686.9681,678.9055,645.2973,639.0181,632.7627,616.4877,607.7201,604.3456,592.2747,579.8517,570.7558,555.1585,169.9841,148.8514,126.1698,104.7864,82.2126,64.5384,53.3790,39.9119,26.4435,12.9222,0.6897,0.0000,0.0000,0.0000,0.0000,0.0000,0.0000,0.0000,-15.1663,-33.7341,-53.9605,-76.7490,-98.3976,-120.9764,-145.8308
70,1.0000,SpendAwareDPRebalance (R70-aware),3.0000,15976.3031,479.2891,spend75p,486.3974,508.6587,534.1857,559.7805,587.5905,619.6262,652.8574,683.4377,717.7626,749.6777,783.3966,815.4513,841.1620,863.2780,881.7023,897.9218,910.1342,916.6542,917.7623,916.0269,882.9798,877.2174,866.6869,866.9157,861.1044,854.8419,847.1041,837.0267,813.8146,801.9835,306.4836,279.7955,254.8739,230.3070,207.6517,186.8716,169.1751,153.1988,141.2932,129.1655,118.8765,106.0448,98.4835,87.0807,75.9690,63.8166,45.6663,26.1464,6.5516,0.0000,0.0000,0.0000,0.0000,0.0000,0.0000
70,1.0000,No dynamic rebalance,3.3300,14393.0658,479.2891,survival,1.0000,1.0000,1.0000,1.0000,1.0000,1.0000,1.0000,1.0000,1.0000,0.9990,0.9965,0.9945,0.9880,0.9760,0.9610,0.9475,0.9335,0.9135,0.8900,0.8700,0.8530,0.8350,0.8140,0.7900,0.7710,0.7560,0.7390,0.7230,0.7095,0.6970,0.6900,0.6880,0.6835,0.6805,0.6765,0.6755,0.6730,0.6695,0.6690,0.6655,0.6650,0.6640,0.6640,0.6635,0.6625,0.6615,0.6595,0.6585,0.6575,0.6570,0.6570,0.6565,0.6565,0.6565,0.6565
70,1.0000,No dynamic rebalance,3.3300,14393.0658,479.2891,spend25p,479.5023,487.9505,495.5784,503.5605,510.6579,519.2066,527.4345,536.6636,543.0719,547.0482,549.7702,552.2718,549.4596,548.9675,539.6537,529.2778,514.2621,490.6135,462.2819,431.8124,390.8392,357.1996,323.6659,286.6594,238.8553,189.2367,0.0000,0.0000,0.0000,0.0000,0.0000,0.0000,0.0000,0.0000,0.0000,0.0000,0.0000,0.0000,0.0000,-1.0079,-10.4075,-19.2934,-28.9869,-40.7742,-51.1879,-61.4393,-73.0070,-87.0603,-103.0486,-118.7513,-135.3244,-150.6635,-166.6287,-183.6761,-201.9281
70,1.0000,No dynamic rebalance,3.3300,14393.0658,479.2891,spend50p,483.0213,498.3738,514.5027,531.2779,548.8259,567.1855,586.2111,605.7656,625.8430,644.1331,657.6316,671.8074,685.2401,689.2684,688.6439,685.1975,677.3063,667.3544,644.4029,627.6139,587.5737,567.4097,553.3762,532.3042,517.6783,497.9803,478.8075,457.8317,435.2553,414.0256,90.4363,74.3100,54.9974,39.5024,23.4378,10.7510,0.0000,0.0000,0.0000,0.0000,0.0000,0.0000,0.0000,0.0000,0.0000,0.0000,0.0000,0.0000,0.0000,0.0000,0.0000,-10.3467,-35.5538,-63.3480,-91.2038
70,1.0000,No dynamic rebalance,3.3300,14393.0658,479.2891,spend75p,486.3974,508.6587,534.1857,559.7805,587.5905,619.6262,652.8574,683.4377,717.7626,748.3082,782.9057,814.6882,836.8818,852.1937,866.1031,874.4131,876.8500,877.0038,864.3866,846.2396,803.2531,797.3582,788.4400,773.8934,764.4308,747.5278,728.9771,713.1519,699.1742,682.5458,236.6472,213.1008,193.1698,174.7058,155.8253,140.7027,128.7208,116.2705,105.6159,94.7939,86.4294,77.3664,66.1665,55.3980,41.3091,31.0025,16.5993,0.0005,0.0000,0.0000,0.0000,0.0000,0.0000,0.0000,0.0000
70,1.0000,固定最適比率,3.3300,14393.0658,479.2891,survival,1.0000,1.0000,1.0000,1.0000,1.0000,1.0000,1.0000,1.0000,1.0000,1.0000,0.9995,0.9990,0.9965,0.9920,0.9845,0.9715,0.9610,0.9460,0.9305,0.9120,0.8975,0.8760,0.8550,0.8350,0.8190,0.7980,0.7790,0.7645,0.7475,0.7310,0.7255,0.7215,0.7185,0.7160,0.7140,0.7100,0.7080,0.7055,0.7025,0.7000,0.6995,0.6975,0.6965,0.6950,0.6940,0.6935,0.6925,0.6920,0.6910,0.6905,0.6900,0.6895,0.6895,0.6890,0.6890
70,1.0000,固定最適比率,3.3300,14393.0658,479.2891,spend25p,479.5023,487.9505,495.5784,503.5605,510.6579,519.2066,527.4345,536.6636,543.0719,548.2114,551.0201,554.7290,554.9358,554.0028,554.8030,543.9056,532.0591,515.7792,497.7142,471.7775,431.5377,402.8815,374.6161,347.0652,321.5713,284.5242,246.7594,208.6628,0.0000,0.0000,0.0000,0.0000,0.0000,0.0000,0.0000,0.0000,0.0000,0.0000,0.0000,-6.7064,-15.3459,-25.8278,-36.2085,-46.2124,-55.9385,-67.7608,-78.9727,-93.8767,-108.9691,-124.2595,-138.8445,-154.2829,-169.2271,-187.0580,-206.6839
70,1.0000,固定最適比率,3.3300,14393.0658,479.2891,spend50p,483.0213,498.3738,514.5027,531.2779,548.8259,567.1855,586.2111,605.7656,625.8430,644.2027,658.9384,673.8060,687.8637,694.7030,702.2494,694.4872,690.3048,677.9747,665.2153,650.2150,609.7451,590.5910,569.5460,555.7425,538.3704,518.8655,504.0247,485.3979,467.5603,440.0520,105.5763,85.6119,67.3436,50.5849,34.6392,21.4668,8.4815,0.0000,0.0000,0.0000,0.0000,0.0000,0.0000,0.0000,0.0000,0.0000,0.0000,0.0000,0.0000,0.0000,-9.8434,-33.9757,-60.3712,-83.5291,-110.3224
70,1.0000,固定最適比率,3.3300,14393.0658,479.2891,spend75p,486.3974,508.6587,534.1857,559.7805,587.5905,619.6262,652.8574,683.4377,717.7626,749.6777,783.6597,815.4513,840.0346,862.1555,877.4724,881.1160,889.7881,888.4985,884.1907,876.2431,826.2764,813.0484,799.4172,793.6059,785.0138,769.5499,741.0985,724.4383,711.1163,691.0480,240.0803,216.3486,194.3514,179.9019,160.2609,143.9463,132.3519,121.4529,108.9861,99.5090,91.2104,81.5028,72.4731,61.1673,45.2014,35.0118,21.8052,4.9816,0.0000,0.0000,0.0000,0.0000,0.0000,0.0000,0.0000
70,1.0000,DynamicV1Rebalance,3.3300,14393.0658,479.2891,survival,1.0000,1.0000,1.0000,1.0000,1.0000,1.0000,1.0000,1.0000,1.0000,0.9990,0.9965,0.9945,0.9880,0.9790,0.9625,0.9530,0.9420,0.9225,0.9055,0.8865,0.8680,0.8530,0.8370,0.8195,0.8035,0.7830,0.7680,0.7525,0.7405,0.7305,0.7235,0.7180,0.7140,0.7115,0.7080,0.7045,0.7020,0.7010,0.6995,0.6990,0.6990,0.6970,0.6965,0.6950,0.6950,0.6945,0.6930,0.6925,0.6925,0.6920,0.6920,0.6920,0.6920,0.6915,0.6915
70,1.0000,DynamicV1Rebalance,3.3300,14393.0658,479.2891,spend25p,479.5023,487.9505,495.5784,503.5605,510.6579,519.2066,527.4345,536.6636,543.0719,547.0482,549.7702,552.2718,549.4596,550.2081,540.3743,532.6952,519.9884,497.7996,474.8076,448.4599,405.5913,381.5252,354.3323,330.0219,303.0040,261.2238,217.5234,148.3122,0.0000,0.0000,0.0000,0.0000,0.0000,0.0000,0.0000,0.0000,0.0000,0.0000,0.0000,-3.8334,-13.2901,-22.5216,-32.3897,-43.7924,-52.7093,-63.5704,-76.0621,-91.3632,-106.9654,-122.6489,-137.2762,-152.5832,-168.1155,-185.4615,-205.4307
70,1.0000,DynamicV1Rebalance,3.3300,14393.0658,479.2891,spend50p,483.0213,498.3738,514.5027,531.2779,548.8259,567.1855,586.2111,605.7656,625.8430,644.1331,657.6316,671.8074,685.2401,690.5572,689.0957,688.9750,681.7123,670.1963,652.7617,638.6101,596.2714,577.6968,565.5513,551.2115,532.1397,514.8885,502.3683,480.6125,467.3507,442.6070,106.1808,86.9376,67.3436,50.5849,34.3163,18.6445,7.6487,0.0000,0.0000,0.0000,0.0000,0.0000,0.0000,0.0000,0.0000,0.0000,0.0000,0.0000,0.0000,0.0000,-6.6843,-32.0804,-58.2252,-82.5552,-109.0898
70,1.0000,DynamicV1Rebalance,3.3300,14393.0658,479.2891,spend75p,486.3974,508.6587,534.1857,559.7805,587.5905,619.6262,652.8574,683.4377,717.7626,748.3082,782.9057,814.6882,836.8818,854.8683,866.4988,877.2774,881.2391,883.7660,874.4046,865.6936,812.2097,808.6858,797.8830,792.7183,781.7031,770.1816,747.1135,733.5180,721.8931,705.7576,246.1147,225.3715,203.5729,182.6124,164.2026,147.4164,134.9350,123.0394,111.4621,101.8084,94.4358,83.2949,76.3676,63.6070,50.3529,37.6609,25.8024,10.8378,0.0000,0.0000,0.0000,0.0000,0.0000,0.0000,0.0000
70,1.0000,SpendAwareDPRebalance (R70-aware),3.3300,14393.0658,479.2891,survival,1.0000,1.0000,1.0000,1.0000,1.0000,1.0000,1.0000,1.0000,1.0000,0.9990,0.9970,0.9955,0.9905,0.9860,0.9775,0.9675,0.9600,0.9485,0.9415,0.9320,0.9225,0.9130,0.9020,0.8885,0.8750,0.8640,0.8575,0.8460,0.8390,0.8280,0.8250,0.8180,0.8095,0.7995,0.7925,0.7845,0.7790,0.7735,0.7680,0.7620,0.7555,0.7525,0.7500,0.7475,0.7435,0.7405,0.7370,0.7355,0.7335,0.7325,0.7305,0.7300,0.7295,0.7280,0.7275
70,1.0000,SpendAwareDPRebalance (R70-aware),3.3300,14393.0658,479.2891,spend25p,479.5023,487.9505,495.5784,503.5605,510.6579,519.2066,527.4345,536.6636,543.0719,547.0482,550.1295,552.6595,551.4469,551.7154,550.9073,541.9347,532.0591,516.9191,503.4120,490.0655,453.9312,437.5089,419.4687,400.4959,383.4052,366.3168,346.5962,330.5920,313.7019,290.9143,25.1403,6.6424,0.0000,0.0000,0.0000,0.0000,0.0000,0.0000,-2.1310,-11.8747,-21.4802,-31.4573,-40.7425,-51.2750,-62.0170,-74.1955,-85.6248,-99.3101,-113.7860,-128.3923,-143.0034,-158.1386,-172.4910,-190.3565,-209.1111
70,1.0000,SpendAwareDPRebalance (R70-aware),3.3300,14393.0658,479.2891,spend50p,483.0213,498.3738,514.5027,531.2779,548.8259,567.1855,586.2111,605.7656,625.8430,644.1331,657.8078,672.4451,686.1889,693.1268,698.0875,694.4872,691.2999,681.7423,674.7591,663.3620,626.6158,614.9917,603.1879,590.0733,577.6595,565.8303,557.9104,543.5804,528.8204,515.6373,146.9546,124.1092,99.5331,79.4375,62.6488,47.0777,30.7353,17.4454,4.9595,0.0000,0.0000,0.0000,0.0000,0.0000,0.0000,0.0000,0.0000,0.0000,-6.4058,-25.2230,-47.5059,-67.4991,-90.5972,-113.0571,-136.1936
70,1.0000,SpendAwareDPRebalance (R70-aware),3.3300,14393.0658,479.2891,spend75p,486.3974,508.6587,534.1857,559.7805,587.5905,619.6262,652.8574,683.4377,717.7626,748.3082,782.9057,815.2778,837.3739,859.9039,874.3204,881.1160,891.5910,895.3688,895.8470,896.3173,857.3097,844.7199,838.3533,830.4199,821.9975,814.0553,809.3849,786.0062,767.8442,758.4084,281.8744,258.8134,230.2958,203.5754,179.6248,159.6023,142.4556,130.1502,117.0096,105.6836,93.8739,83.3543,76.0842,63.6070,47.3891,35.0118,21.0001,4.1231,0.0000,0.0000,0.0000,0.0000,0.0000,0.0000,0.0000
70,1.0000,No dynamic rebalance,3.6600,13095.3304,479.2891,survival,1.0000,1.0000,1.0000,1.0000,1.0000,1.0000,1.0000,1.0000,0.9995,0.9975,0.9955,0.9900,0.9795,0.9595,0.9430,0.9285,0.9030,0.8775,0.8555,0.8310,0.8060,0.7785,0.7545,0.7310,0.7125,0.6910,0.6745,0.6610,0.6480,0.6345,0.6295,0.6265,0.6240,0.6205,0.6165,0.6135,0.6130,0.6120,0.6115,0.6100,0.6075,0.6065,0.6065,0.6060,0.6060,0.6050,0.6035,0.6030,0.6025,0.6020,0.6015,0.6015,0.6015,0.6010,0.6010
70,1.0000,No dynamic rebalance,3.6600,13095.3304,479.2891,spend25p,479.5023,487.9505,495.5784,503.5605,510.6579,519.2066,527.4345,536.6636,542.9956,546.3795,549.5270,550.8884,546.5597,539.1117,528.4605,512.8050,490.9706,456.4899,427.7753,389.5281,332.2853,283.0948,199.6095,0.0000,0.0000,0.0000,0.0000,0.0000,0.0000,0.0000,0.0000,0.0000,0.0000,0.0000,0.0000,0.0000,0.0000,0.0000,0.0000,0.0000,-2.8051,-11.3405,-21.4171,-32.3098,-43.5951,-55.4516,-65.7158,-80.3916,-95.0357,-111.7195,-128.1843,-144.5838,-161.1377,-178.5560,-196.6580
70,1.0000,No dynamic rebalance,3.6600,13095.3304,479.2891,spend50p,483.0213,498.3738,514.5027,531.2779,548.8259,567.1855,586.2111,605.7656,625.5604,643.1968,657.4520,670.9002,680.7931,682.3076,678.6846,676.4996,662.4120,644.1239,622.4375,602.4093,555.0814,537.8000,515.4187,494.0616,476.0955,446.6142,424.9705,403.2016,383.1002,363.7026,59.8418,44.0443,26.2576,10.0510,0.0000,0.0000,0.0000,0.0000,0.0000,0.0000,0.0000,0.0000,0.0000,0.0000,0.0000,0.0000,0.0000,0.0000,0.0000,0.0000,0.0000,0.0000,0.0000,-12.3195,-42.6998
70,1.0000,No dynamic rebalance,3.6600,13095.3304,479.2891,spend75p,486.3974,508.6587,534.1857,559.7805,587.5905,619.6262,652.8574,683.4377,717.4928,747.8862,782.3132,812.6072,834.1958,845.1152,858.5090,867.8046,867.2709,849.8138,843.3070,825.9769,778.9098,765.9525,755.3228,741.7065,720.0685,699.7541,679.4014,668.9987,652.9268,631.1265,215.1533,192.8149,169.9219,152.2726,134.1060,117.4629,103.8591,93.2126,85.3148,73.9678,63.1580,53.6073,44.4744,34.3352,22.2460,10.4329,0.0000,0.0000,0.0000,0.0000,0.0000,0.0000,0.0000,0.0000,0.0000
70,1.0000,固定最適比率,3.6600,13095.3304,479.2891,survival,1.0000,1.0000,1.0000,1.0000,1.0000,1.0000,1.0000,1.0000,1.0000,0.9990,0.9965,0.9930,0.9860,0.9700,0.9530,0.9385,0.9170,0.8900,0.8715,0.8500,0.8240,0.7990,0.7755,0.7515,0.7280,0.7045,0.6890,0.6720,0.6620,0.6480,0.6425,0.6380,0.6355,0.6320,0.6265,0.6235,0.6215,0.6205,0.6195,0.6190,0.6175,0.6155,0.6145,0.6140,0.6140,0.6140,0.6140,0.6120,0.6115,0.6105,0.6100,0.6100,0.6095,0.6095,0.6095
70,1.0000,固定最適比率,3.6600,13095.3304,479.2891,spend25p,479.5023,487.9505,495.5784,503.5605,510.6579,519.2066,527.4345,536.6636,543.0719,547.0482,549.7702,551.4880,549.1378,544.3451,535.4040,520.4514,500.7856,468.6160,442.6775,410.7618,354.2823,314.1610,266.4219,152.8492,0.0000,0.0000,0.0000,0.0000,0.0000,0.0000,0.0000,0.0000,0.0000,0.0000,0.0000,0.0000,0.0000,0.0000,0.0000,0.0000,-6.0367,-13.6201,-25.2071,-34.9261,-46.7055,-57.6196,-67.5026,-83.0333,-97.5483,-114.7109,-131.7969,-146.9721,-162.6838,-180.2066,-198.5974
70,1.0000,固定最適比率,3.6600,13095.3304,479.2891,spend50p,483.0213,498.3738,514.5027,531.2779,548.8259,567.1855,586.2111,605.7656,625.8430,644.1331,657.6316,671.3689,682.6103,686.6023,683.1925,680.4887,669.0931,653.2800,633.1004,615.4457,563.4306,546.6073,528.4853,506.5386,482.3972,453.7415,437.8892,412.4268,394.3776,373.7398,64.6705,46.9189,32.7363,16.2130,0.6705,0.0000,0.0000,0.0000,0.0000,0.0000,0.0000,0.0000,0.0000,0.0000,0.0000,0.0000,0.0000,0.0000,0.0000,0.0000,0.0000,0.0000,-1.0437,-28.1490,-56.0574
70,1.0000,固定最適比率,3.6600,13095.3304,479.2891,spend75p,486.3974,508.6587,534.1857,559.7805,587.5905,619.6262,652.8574,683.4377,717.7626,748.3082,782.9057,813.3618,835.7268,850.3751,862.2530,869.2124,869.7033,856.6602,848.5751,834.8894,782.7647,774.5314,764.7345,747.6454,725.8112,701.8518,682.3713,672.7821,658.0165,637.4266,217.2140,195.3782,173.7814,155.9445,136.6825,118.9608,105.1303,94.4065,86.0379,74.3890,64.3135,54.0021,44.4744,34.3352,22.7961,11.6213,0.0000,0.0000,0.0000,0.0000,0.0000,0.0000,0.0000,0.0000,0.0000
70,1.0000,DynamicV1Rebalance,3.6600,13095.3304,479.2891,survival,1.0000,1.0000,1.0000,1.0000,1.0000,1.0000,1.0000,1.0000,0.9995,0.9980,0.9965,0.9900,0.9805,0.9605,0.9465,0.9345,0.9055,0.8820,0.8635,0.8400,0.8165,0.7965,0.7735,0.7525,0.7350,0.7125,0.6970,0.6820,0.6690,0.6550,0.6505,0.6445,0.6410,0.6395,0.6365,0.6320,0.6310,0.6305,0.6295,0.6290,0.6275,0.6270,0.6260,0.6245,0.6235,0.6225,0.6225,0.6220,0.6220,0.6215,0.6210,0.6210,0.6210,0.6205,0.6205
70,1.0000,DynamicV1Rebalance,3.6600,13095.3304,479.2891,spend25p,479.5023,487.9505,495.5784,503.5605,510.6579,519.2066,527.4345,536.6636,542.9956,546.5290,549.7702,550.8884,547.0471,539.3378,530.1674,515.4774,492.2968,459.1715,435.5490,401.1738,344.8864,309.8329,263.6705,175.7263,0.0000,0.0000,0.0000,0.0000,0.0000,0.0000,0.0000,0.0000,0.0000,0.0000,0.0000,0.0000,0.0000,0.0000,0.0000,0.0000,-6.1127,-13.6201,-25.2071,-34.7845,-46.6236,-57.6196,-67.5026,-83.0333,-97.5483,-114.6067,-131.6181,-146.9721,-162.7778,-180.5115,-199.2177
70,1.0000,DynamicV1Rebalance,3.6600,13095.3304,479.2891,spend50p,483.0213,498.3738,514.5027,531.2779,548.8259,567.1855,586.2111,605.7656,625.5604,643.7420,657.6316,670.9002,681.0069,682.7129,680.7620,680.4887,664.0825,647.7626,630.3549,611.2172,562.9939,548.0837,531.1434,506.8235,488.3202,463.8782,446.3533,424.0469,403.3942,378.6200,69.6365,51.1092,34.2802,20.6390,5.2532,0.0000,0.0000,0.0000,0.0000,0.0000,0.0000,0.0000,0.0000,0.0000,0.0000,0.0000,0.0000,0.0000,0.0000,0.0000,0.0000,0.0000,-7.3718,-34.2257,-61.5469
70,1.0000,DynamicV1Rebalance,3.6600,13095.3304,479.2891,spend75p,486.3974,508.6587,534.1857,559.7805,587.5905,619.6262,652.8574,683.4377,717.4928,748.0830,782.9057,812.6072,834.6334,845.1152,860.7496,869.5245,869.1220,852.3796,846.2558,831.5198,782.7647,778.9831,766.8268,751.3500,742.7536,709.6754,693.5432,683.3441,665.0228,646.7828,221.0467,198.3256,176.7598,158.3518,139.6865,124.7962,111.6174,98.6984,91.2358,80.8506,72.4110,62.2649,51.1626,40.1322,31.4366,15.2024,2.0808,0.0000,0.0000,0.0000,0.0000,0.0000,0.0000,0.0000,0.0000
70,1.0000,SpendAwareDPRebalance (R70-aware),3.6600,13095.3304,479.2891,survival,1.0000,1.0000,1.0000,1.0000,1.0000,1.0000,1.0000,1.0000,0.9995,0.9975,0.9960,0.9910,0.9835,0.9700,0.9575,0.9480,0.9355,0.9215,0.9040,0.8885,0.8710,0.8540,0.8390,0.8240,0.8150,0.8030,0.7935,0.7800,0.7665,0.7545,0.7520,0.7460,0.7345,0.7280,0.7230,0.7165,0.7105,0.7040,0.6965,0.6890,0.6830,0.6780,0.6735,0.6700,0.6685,0.6665,0.6650,0.6650,0.6640,0.6635,0.6630,0.6630,0.6605,0.6605,0.6600
70,1.0000,SpendAwareDPRebalance (R70-aware),3.6600,13095.3304,479.2891,spend25p,479.5023,487.9505,495.5784,503.5605,510.6579,519.2066,527.4345,536.6636,542.9956,546.3795,549.6513,551.3912,548.4741,544.3451,538.6911,529.6024,515.5812,497.1207,473.6290,451.6061,407.4279,384.1987,356.7926,334.7772,315.4969,296.6728,271.8669,243.8699,208.0948,146.4985,0.0000,0.0000,0.0000,0.0000,0.0000,0.0000,0.0000,0.0000,0.0000,-8.1094,-17.5114,-27.2952,-37.2146,-46.5979,-57.5953,-68.5668,-80.3522,-95.2282,-109.2102,-124.3800,-138.8445,-154.2829,-169.2852,-186.5721,-206.3187
70,1.0000,SpendAwareDPRebalance (R70-aware),3.6600,13095.3304,479.2891,spend50p,483.0213,498.3738,514.5027,531.2779,548.8259,567.1855,586.2111,605.7656,625.5604,643.1968,657.6316,671.1706,681.8810,686.7899,686.8279,687.0883,680.1371,669.5137,651.4537,638.9388,596.5152,577.1391,565.5513,550.8627,538.8624,524.9250,513.5738,496.3317,479.6826,462.3015,114.8500,95.6251,74.5545,55.5319,38.0756,22.6549,8.5994,0.0000,0.0000,0.0000,0.0000,0.0000,0.0000,0.0000,0.0000,0.0000,0.0000,0.0000,0.0000,-1.8092,-22.7586,-46.1543,-67.2150,-91.9322,-120.1240
70,1.0000,SpendAwareDPRebalance (R70-aware),3.6600,13095.3304,479.2891,spend75p,486.3974,508.6587,534.1857,559.7805,587.5905,619.6262,652.8574,683.4377,717.4928,747.8862,782.9057,812.7814,835.2422,850.5373,865.4711,874.8415,877.4140,879.1667,869.1884,864.2386,808.7861,799.8117,794.0153,787.2434,779.9374,769.5499,752.4290,735.3220,723.8660,705.7576,248.6979,225.3715,193.9253,174.4774,154.4021,136.1561,120.3682,106.8707,94.3132,80.5247,69.5510,56.0852,45.7671,34.1978,19.8926,6.3235,0.0000,0.0000,0.0000,0.0000,0.0000,0.0000,0.0000,0.0000,0.0000
70,1.0000,No dynamic rebalance,4.0000,11982.2273,479.2891,survival,1.0000,1.0000,1.0000,1.0000,1.0000,1.0000,1.0000,1.0000,0.9990,0.9965,0.9925,0.9830,0.9605,0.9410,0.9235,0.8970,0.8675,0.8415,0.8080,0.7755,0.7455,0.7135,0.6935,0.6705,0.6505,0.6360,0.6195,0.6065,0.5895,0.5755,0.5725,0.5695,0.5685,0.5660,0.5640,0.5625,0.5605,0.5595,0.5580,0.5570,0.5555,0.5540,0.5535,0.5520,0.5505,0.5495,0.5490,0.5475,0.5465,0.5460,0.5460,0.5455,0.5450,0.5450,0.5450
70,1.0000,No dynamic rebalance,4.0000,11982.2273,479.2891,spend25p,479.5023,487.9505,495.5784,503.5605,510.6579,519.2066,527.4345,536.6636,542.6888,546.0051,548.5645,547.8492,538.5345,529.5415,517.7538,494.9126,457.3271,428.0457,372.8694,312.6212,0.0000,0.0000,0.0000,0.0000,0.0000,0.0000,0.0000,0.0000,0.0000,0.0000,0.0000,0.0000,0.0000,0.0000,0.0000,0.0000,0.0000,0.0000,0.0000,0.0000,0.0000,-3.5110,-13.0628,-21.7902,-30.7730,-44.1646,-59.3329,-72.4495,-86.9368,-102.9569,-119.1855,-137.3096,-155.1320,-173.3242,-190.6641
70,1.0000,No dynamic rebalance,4.0000,11982.2273,479.2891,spend50p,483.0213,498.3738,514.5027,531.2779,548.8259,567.1855,586.2111,605.7656,625.4296,642.7905,656.4139,668.4505,671.6339,673.6336,669.2479,657.4613,640.7706,627.3732,597.7168,574.5534,522.4505,493.7745,474.9933,447.4709,421.3634,400.7048,376.7870,358.4572,331.1881,304.1141,29.0029,13.3537,0.0000,0.0000,0.0000,0.0000,0.0000,0.0000,0.0000,0.0000,0.0000,0.0000,0.0000,0.0000,0.0000,0.0000,0.0000,0.0000,0.0000,0.0000,0.0000,0.0000,0.0000,0.0000,0.0000
70,1.0000,No dynamic rebalance,4.0000,11982.2273,479.2891,spend75p,486.3974,508.6587,534.1857,559.7805,587.5905,619.6262,652.8574,683.4377,717.3012,747.8862,781.1865,809.9915,824.1358,837.3480,846.4357,853.8218,845.4955,839.1975,817.6518,796.1351,749.2590,735.4136,714.3233,700.8422,679.2287,659.7223,643.2030,629.5308,610.1086,598.3869,192.5066,170.0296,148.5955,131.0101,114.0504,102.3362,86.7324,73.1470,63.6224,51.5440,41.8272,32.7136,24.9581,13.3801,2.7121,0.0000,0.0000,0.0000,0.0000,0.0000,0.0000,0.0000,0.0000,0.0000,0.0000
70,1.0000,固定最適比率,4.0000,11982.2273,479.2891,survival,1.0000,1.0000,1.0000,1.0000,1.0000,1.0000,1.0000,1.0000,0.9990,0.9965,0.9925,0.9830,0.9605,0.9410,0.9235,0.8970,0.8675,0.8415,0.8080,0.7755,0.7455,0.7135,0.6935,0.6705,0.6505,0.6360,0.6195,0.6065,0.5895,0.5755,0.5725,0.5695,0.5685,0.5660,0.5640,0.5625,0.5605,0.5595,0.5580,0.5570,0.5555,0.5540,0.5535,0.5520,0.5505,0.5495,0.5490,0.5475,0.5465,0.5460,0.5460,0.5455,0.5450,0.5450,0.5450
70,1.0000,固定最適比率,4.0000,11982.2273,479.2891,spend25p,479.5023,487.9505,495.5784,503.5605,510.6579,519.2066,527.4345,536.6636,542.6888,546.0051,548.5645,547.8492,538.5345,529.5415,517.7538,494.9126,457.3271,428.0457,372.8694,312.6212,0.0000,0.0000,0.0000,0.0000,0.0000,0.0000,0.0000,0.0000,0.0000,0.0000,0.0000,0.0000,0.0000,0.0000,0.0000,0.0000,0.0000,0.0000,0.0000,0.0000,0.0000,-3.5110,-13.0628,-21.7902,-30.7730,-44.1646,-59.3329,-72.4495,-86.9368,-102.9569,-119.1855,-137.3096,-155.1320,-173.3242,-190.6641
70,1.0000,固定最適比率,4.0000,11982.2273,479.2891,spend50p,483.0213,498.3738,514.5027,531.2779,548.8259,567.1855,586.2111,605.7656,625.4296,642.7905,656.4139,668.4505,671.6339,673.6336,669.2479,657.4613,640.7706,627.3732,597.7168,574.5534,522.4505,493.7745,474.9933,447.4709,421.3634,400.7048,376.7870,358.4572,331.1881,304.1141,29.0029,13.3537,0.0000,0.0000,0.0000,0.0000,0.0000,0.0000,0.0000,0.0000,0.0000,0.0000,0.0000,0.0000,0.0000,0.0000,0.0000,0.0000,0.0000,0.0000,0.0000,0.0000,0.0000,0.0000,0.0000
70,1.0000,固定最適比率,4.0000,11982.2273,479.2891,spend75p,486.3974,508.6587,534.1857,559.7805,587.5905,619.6262,652.8574,683.4377,717.3012,747.8862,781.1865,809.9915,824.1358,837.3480,846.4357,853.8218,845.4955,839.1975,817.6518,796.1351,749.2590,735.4136,714.3233,700.8422,679.2287,659.7223,643.2030,629.5308,610.1086,598.3869,192.5066,170.0296,148.5955,131.0101,114.0504,102.3362,86.7324,73.1470,63.6224,51.5440,41.8272,32.7136,24.9581,13.3801,2.7121,0.0000,0.0000,0.0000,0.0000,0.0000,0.0000,0.0000,0.0000,0.0000,0.0000
70,1.0000,DynamicV1Rebalance,4.0000,11982.2273,479.2891,survival,1.0000,1.0000,1.0000,1.0000,1.0000,1.0000,1.0000,1.0000,0.9990,0.9965,0.9930,0.9825,0.9605,0.9410,0.9260,0.8980,0.8710,0.8440,0.8120,0.7830,0.7550,0.7255,0.7065,0.6810,0.6590,0.6465,0.6325,0.6200,0.6025,0.5905,0.5875,0.5845,0.5820,0.5805,0.5775,0.5760,0.5750,0.5740,0.5735,0.5725,0.5710,0.5705,0.5695,0.5690,0.5685,0.5685,0.5680,0.5675,0.5670,0.5660,0.5660,0.5655,0.5655,0.5655,0.5655
70,1.0000,DynamicV1Rebalance,4.0000,11982.2273,479.2891,spend25p,479.5023,487.9505,495.5784,503.5605,510.6579,519.2066,527.4345,536.6636,542.6888,546.0051,548.7369,547.4761,538.7278,529.5415,520.3263,495.4342,460.9905,429.1783,379.8435,325.4571,220.7465,0.0000,0.0000,0.0000,0.0000,0.0000,0.0000,0.0000,0.0000,0.0000,0.0000,0.0000,0.0000,0.0000,0.0000,0.0000,0.0000,0.0000,0.0000,0.0000,0.0000,-5.6174,-15.5746,-24.3159,-35.6701,-47.3253,-61.5201,-74.8312,-89.4252,-104.5735,-121.3773,-140.6777,-157.3628,-175.0084,-191.6701
70,1.0000,DynamicV1Rebalance,4.0000,11982.2273,479.2891,spend50p,483.0213,498.3738,514.5027,531.2779,548.8259,567.1855,586.2111,605.7656,625.4296,642.7905,656.4728,668.1853,671.7969,673.6336,670.7751,657.6818,643.8958,628.1006,600.3728,577.4426,526.6132,499.1571,484.9921,455.4662,430.5542,414.6775,394.7971,371.5405,346.2492,325.6660,38.4293,21.4198,5.9322,0.0000,0.0000,0.0000,0.0000,0.0000,0.0000,0.0000,0.0000,0.0000,0.0000,0.0000,0.0000,0.0000,0.0000,0.0000,0.0000,0.0000,0.0000,0.0000,0.0000,0.0000,0.0000
70,1.0000,DynamicV1Rebalance,4.0000,11982.2273,479.2891,spend75p,486.3974,508.6587,534.1857,559.7805,587.5905,619.6262,652.8574,683.4377,717.3012,747.8862,781.4062,808.7589,824.1358,837.3480,849.6391,854.6496,847.4339,839.8824,820.3148,799.2809,756.2916,737.5553,728.2889,708.1202,682.6042,666.8673,651.1843,635.5139,616.0763,604.4993,196.7419,173.8813,154.0616,134.0073,116.8306,104.0250,91.2552,77.6296,67.6001,58.9645,47.9669,40.8105,29.1472,20.2526,9.5387,0.0000,0.0000,0.0000,0.0000,0.0000,0.0000,0.0000,0.0000,0.0000,0.0000
70,1.0000,SpendAwareDPRebalance (R70-aware),4.0000,11982.2273,479.2891,survival,1.0000,1.0000,1.0000,1.0000,1.0000,1.0000,1.0000,1.0000,0.9990,0.9965,0.9925,0.9835,0.9670,0.9510,0.9375,0.9140,0.8915,0.8700,0.8475,0.8295,0.8080,0.7890,0.7680,0.7480,0.7325,0.7195,0.7095,0.6945,0.6850,0.6740,0.6690,0.6635,0.6530,0.6455,0.6390,0.6305,0.6235,0.6200,0.6135,0.6070,0.6025,0.5980,0.5930,0.5905,0.5895,0.5885,0.5870,0.5855,0.5855,0.5850,0.5835,0.5830,0.5820,0.5815,0.5810
70,1.0000,SpendAwareDPRebalance (R70-aware),4.0000,11982.2273,479.2891,spend25p,479.5023,487.9505,495.5784,503.5605,510.6579,519.2066,527.4345,536.6636,542.6888,546.0051,548.5645,548.1343,539.9163,534.5328,525.9844,505.7622,478.4079,451.9052,421.4349,389.5281,337.4981,302.8078,252.1591,0.0000,0.0000,0.0000,0.0000,0.0000,0.0000,0.0000,0.0000,0.0000,0.0000,0.0000,0.0000,0.0000,0.0000,0.0000,0.0000,-0.1540,-9.4794,-18.4409,-27.6269,-38.9565,-50.7788,-60.4841,-71.6204,-84.5314,-99.2982,-115.8207,-133.1037,-148.2063,-164.9230,-181.2762,-199.9864
70,1.0000,SpendAwareDPRebalance (R70-aware),4.0000,11982.2273,479.2891,spend50p,483.0213,498.3738,514.5027,531.2779,548.8259,567.1855,586.2111,605.7656,625.4296,642.7905,656.4139,668.9913,675.0491,678.6135,675.9822,665.7419,654.7406,642.9353,620.3142,604.3583,556.0761,544.0926,524.8320,505.7067,486.3213,471.4180,453.9304,434.5989,412.9460,394.4197,80.3893,61.8510,40.5685,23.8415,7.7629,0.0000,0.0000,0.0000,0.0000,0.0000,0.0000,0.0000,0.0000,0.0000,0.0000,0.0000,0.0000,0.0000,0.0000,0.0000,0.0000,0.0000,-16.7007,-45.1695,-71.6166
70,1.0000,SpendAwareDPRebalance (R70-aware),4.0000,11982.2273,479.2891,spend75p,486.3974,508.6587,534.1857,559.7805,587.5905,619.6262,652.8574,683.4377,717.3012,747.8862,781.1865,809.9915,828.6006,842.3704,854.1332,860.4438,859.6763,849.5749,840.7333,823.0466,778.4271,767.5818,755.8498,739.6057,722.5739,708.1144,696.1355,683.1520,665.9179,645.1042,219.7211,196.6925,168.0600,148.0141,126.8713,106.8093,92.9265,77.3620,64.1622,50.5813,40.0515,28.5037,20.7117,9.0417,0.0000,0.0000,0.0000,0.0000,0.0000,0.0000,0.0000,0.0000,0.0000,0.0000,0.0000
70,1.0000,No dynamic rebalance,5.0000,9585.7818,479.2891,survival,1.0000,1.0000,1.0000,1.0000,1.0000,1.0000,1.0000,0.9985,0.9935,0.9850,0.9610,0.9335,0.9005,0.8605,0.8190,0.7705,0.7265,0.6825,0.6465,0.6130,0.5880,0.5575,0.5375,0.5135,0.4915,0.4715,0.4565,0.4425,0.4300,0.4185,0.4130,0.4085,0.4055,0.4050,0.4035,0.4020,0.3980,0.3960,0.3950,0.3925,0.3915,0.3915,0.3905,0.3895,0.3895,0.3885,0.3880,0.3880,0.3880,0.3875,0.3875,0.3875,0.3875,0.3875,0.3875
70,1.0000,No dynamic rebalance,5.0000,9585.7818,479.2891,spend25p,479.5023,487.9505,495.5784,503.5605,510.6579,519.2066,527.4345,536.2407,541.5990,543.2030,535.8484,525.1721,507.4211,477.6168,434.5381,349.9415,0.0000,0.0000,0.0000,0.0000,0.0000,0.0000,0.0000,0.0000,0.0000,0.0000,0.0000,0.0000,0.0000,0.0000,0.0000,0.0000,0.0000,0.0000,0.0000,0.0000,0.0000,0.0000,0.0000,0.0000,0.0000,0.0000,0.0000,0.0000,0.0000,0.0000,0.0000,-9.2354,-25.2362,-44.8959,-61.4290,-83.7962,-105.5173,-129.1753,-153.8278
70,1.0000,No dynamic rebalance,5.0000,9585.7818,479.2891,spend50p,483.0213,498.3738,514.5027,531.2779,548.8259,567.1855,586.2111,605.6270,623.4554,638.4731,648.0264,650.8073,649.4755,638.5740,616.3334,588.6292,559.9029,526.3988,490.0697,445.6189,392.3681,334.1535,301.2017,234.2197,0.0000,0.0000,0.0000,0.0000,0.0000,0.0000,0.0000,0.0000,0.0000,0.0000,0.0000,0.0000,0.0000,0.0000,0.0000,0.0000,0.0000,0.0000,0.0000,0.0000,0.0000,0.0000,0.0000,0.0000,0.0000,0.0000,0.0000,0.0000,0.0000,0.0000,0.0000
70,1.0000,No dynamic rebalance,5.0000,9585.7818,479.2891,spend75p,486.3974,508.6587,534.1857,559.7805,587.5905,619.6262,652.8574,682.9290,716.4345,743.1115,771.0094,790.6421,804.2587,810.9091,809.3752,794.0427,774.3163,739.4577,715.1123,695.0907,641.8552,623.2085,599.8107,583.7754,560.9440,541.2885,521.7685,502.0911,485.3574,466.3169,114.8189,96.1229,77.0643,60.1048,45.0468,30.0636,17.0077,3.0260,0.0000,0.0000,0.0000,0.0000,0.0000,0.0000,0.0000,0.0000,0.0000,0.0000,0.0000,0.0000,0.0000,0.0000,0.0000,0.0000,0.0000
70,1.0000,固定最適比率,5.0000,9585.7818,479.2891,survival,1.0000,1.0000,1.0000,1.0000,1.0000,1.0000,1.0000,0.9985,0.9935,0.9850,0.9610,0.9335,0.9005,0.8605,0.8190,0.7705,0.7265,0.6825,0.6465,0.6130,0.5880,0.5575,0.5375,0.5135,0.4915,0.4715,0.4565,0.4425,0.4300,0.4185,0.4130,0.4085,0.4055,0.4050,0.4035,0.4020,0.3980,0.3960,0.3950,0.3925,0.3915,0.3915,0.3905,0.3895,0.3895,0.3885,0.3880,0.3880,0.3880,0.3875,0.3875,0.3875,0.3875,0.3875,0.3875
70,1.0000,固定最適比率,5.0000,9585.7818,479.2891,spend25p,479.5023,487.9505,495.5784,503.5605,510.6579,519.2066,527.4345,536.2407,541.5990,543.2030,535.8484,525.1721,507.4211,477.6168,434.5381,349.9415,0.0000,0.0000,0.0000,0.0000,0.0000,0.0000,0.0000,0.0000,0.0000,0.0000,0.0000,0.0000,0.0000,0.0000,0.0000,0.0000,0.0000,0.0000,0.0000,0.0000,0.0000,0.0000,0.0000,0.0000,0.0000,0.0000,0.0000,0.0000,0.0000,0.0000,0.0000,-9.2354,-25.2362,-44.8959,-61.4290,-83.7962,-105.5173,-129.1753,-153.8278
70,1.0000,固定最適比率,5.0000,9585.7818,479.2891,spend50p,483.0213,498.3738,514.5027,531.2779,548.8259,567.1855,586.2111,605.6270,623.4554,638.4731,648.0264,650.8073,649.4755,638.5740,616.3334,588.6292,559.9029,526.3988,490.0697,445.6189,392.3681,334.1535,301.2017,234.2197,0.0000,0.0000,0.0000,0.0000,0.0000,0.0000,0.0000,0.0000,0.0000,0.0000,0.0000,0.0000,0.0000,0.0000,0.0000,0.0000,0.0000,0.0000,0.0000,0.0000,0.0000,0.0000,0.0000,0.0000,0.0000,0.0000,0.0000,0.0000,0.0000,0.0000,0.0000
70,1.0000,固定最適比率,5.0000,9585.7818,479.2891,spend75p,486.3974,508.6587,534.1857,559.7805,587.5905,619.6262,652.8574,682.9290,716.4345,743.1115,771.0094,790.6421,804.2587,810.9091,809.3752,794.0427,774.3163,739.4577,715.1123,695.0907,641.8552,623.2085,599.8107,583.7754,560.9440,541.2885,521.7685,502.0911,485.3574,466.3169,114.8189,96.1229,77.0643,60.1048,45.0468,30.0636,17.0077,3.0260,0.0000,0.0000,0.0000,0.0000,0.0000,0.0000,0.0000,0.0000,0.0000,0.0000,0.0000,0.0000,0.0000,0.0000,0.0000,0.0000,0.0000
70,1.0000,DynamicV1Rebalance,5.0000,9585.7818,479.2891,survival,1.0000,1.0000,1.0000,1.0000,1.0000,1.0000,1.0000,0.9985,0.9935,0.9850,0.9605,0.9335,0.9025,0.8605,0.8185,0.7705,0.7280,0.6835,0.6475,0.6155,0.5895,0.5625,0.5395,0.5180,0.4955,0.4760,0.4610,0.4485,0.4355,0.4260,0.4205,0.4175,0.4150,0.4145,0.4130,0.4115,0.4090,0.4070,0.4070,0.4060,0.4050,0.4050,0.4045,0.4020,0.4020,0.4020,0.4010,0.4010,0.4010,0.4010,0.4010,0.4005,0.4005,0.4005,0.4005
70,1.0000,DynamicV1Rebalance,5.0000,9585.7818,479.2891,spend25p,479.5023,487.9505,495.5784,503.5605,510.6579,519.2066,527.4345,536.2407,541.5990,543.2030,535.7763,525.1721,508.2350,477.6168,433.7693,349.9415,0.0000,0.0000,0.0000,0.0000,0.0000,0.0000,0.0000,0.0000,0.0000,0.0000,0.0000,0.0000,0.0000,0.0000,0.0000,0.0000,0.0000,0.0000,0.0000,0.0000,0.0000,0.0000,0.0000,0.0000,0.0000,0.0000,0.0000,0.0000,0.0000,0.0000,-1.9694,-17.6511,-34.8970,-51.1853,-69.3358,-88.9101,-112.4955,-136.3905,-159.2772
70,1.0000,DynamicV1Rebalance,5.0000,9585.7818,479.2891,spend50p,483.0213,498.3738,514.5027,531.2779,548.8259,567.1855,586.2111,605.6270,623.4554,638.4731,647.7214,650.4667,650.0520,638.7205,616.3334,588.6292,560.9512,528.1640,490.9299,448.1676,395.2152,339.6746,303.9249,249.2184,0.0000,0.0000,0.0000,0.0000,0.0000,0.0000,0.0000,0.0000,0.0000,0.0000,0.0000,0.0000,0.0000,0.0000,0.0000,0.0000,0.0000,0.0000,0.0000,0.0000,0.0000,0.0000,0.0000,0.0000,0.0000,0.0000,0.0000,0.0000,0.0000,0.0000,0.0000
70,1.0000,DynamicV1Rebalance,5.0000,9585.7818,479.2891,spend75p,486.3974,508.6587,534.1857,559.7805,587.5905,619.6262,652.8574,682.9290,716.4345,743.1115,770.8563,790.4581,804.8719,811.0206,809.3752,794.0427,775.3380,740.3738,716.1106,697.3409,643.9973,629.6602,604.8677,586.8528,566.1237,545.6030,526.2150,505.8415,488.8316,471.5422,118.0228,100.2783,83.5108,64.7522,49.6796,35.3795,19.9855,7.7323,0.0000,0.0000,0.0000,0.0000,0.0000,0.0000,0.0000,0.0000,0.0000,0.0000,0.0000,0.0000,0.0000,0.0000,0.0000,0.0000,0.0000
70,1.0000,SpendAwareDPRebalance (R70-aware),5.0000,9585.7818,479.2891,survival,1.0000,1.0000,1.0000,1.0000,1.0000,1.0000,1.0000,0.9985,0.9935,0.9850,0.9610,0.9340,0.9010,0.8625,0.8235,0.7740,0.7365,0.6985,0.6685,0.6390,0.6150,0.5940,0.5755,0.5585,0.5430,0.5260,0.5140,0.4995,0.4885,0.4770,0.4740,0.4700,0.4650,0.4595,0.4530,0.4480,0.4420,0.4370,0.4340,0.4300,0.4240,0.4215,0.4190,0.4160,0.4160,0.4150,0.4135,0.4125,0.4115,0.4115,0.4110,0.4105,0.4100,0.4100,0.4100
70,1.0000,SpendAwareDPRebalance (R70-aware),5.0000,9585.7818,479.2891,spend25p,479.5023,487.9505,495.5784,503.5605,510.6579,519.2066,527.4345,536.2407,541.5990,543.2030,535.8484,525.4933,507.7326,478.9942,437.4571,354.9847,0.0000,0.0000,0.0000,0.0000,0.0000,0.0000,0.0000,0.0000,0.0000,0.0000,0.0000,0.0000,0.0000,0.0000,0.0000,0.0000,0.0000,0.0000,0.0000,0.0000,0.0000,0.0000,0.0000,0.0000,0.0000,0.0000,0.0000,0.0000,-7.8460,-21.3009,-31.6719,-47.0012,-64.5388,-82.6136,-100.0541,-118.2341,-136.5486,-157.5664,-177.8487
70,1.0000,SpendAwareDPRebalance (R70-aware),5.0000,9585.7818,479.2891,spend50p,483.0213,498.3738,514.5027,531.2779,548.8259,567.1855,586.2111,605.6270,623.4554,638.4731,648.0264,651.0766,649.4755,638.9211,618.5307,590.6836,566.2284,539.3372,509.2109,473.6379,422.6577,390.6824,355.5541,326.6852,295.3516,255.0525,214.9138,0.0000,0.0000,0.0000,0.0000,0.0000,0.0000,0.0000,0.0000,0.0000,0.0000,0.0000,0.0000,0.0000,0.0000,0.0000,0.0000,0.0000,0.0000,0.0000,0.0000,0.0000,0.0000,0.0000,0.0000,0.0000,0.0000,0.0000,0.0000
70,1.0000,SpendAwareDPRebalance (R70-aware),5.0000,9585.7818,479.2891,spend75p,486.3974,508.6587,534.1857,559.7805,587.5905,619.6262,652.8574,682.9290,716.4345,743.1115,771.0094,791.0457,804.2587,811.7839,811.3224,797.6346,781.1124,748.5140,730.8527,710.6435,667.6670,653.4459,637.0676,616.0469,599.0234,586.5723,570.8773,553.4310,530.1763,509.7836,145.0780,123.0184,100.0250,80.0704,62.4345,47.1066,28.5401,15.4650,4.5054,0.0000,0.0000,0.0000,0.0000,0.0000,0.0000,0.0000,0.0000,0.0000,0.0000,0.0000,0.0000,0.0000,0.0000,0.0000,0.0000
70,1.0000,No dynamic rebalance,6.0000,7988.1515,479.2891,survival,1.0000,1.0000,1.0000,1.0000,1.0000,1.0000,0.9985,0.9925,0.9775,0.9455,0.9055,0.8590,0.7970,0.7415,0.6780,0.6225,0.5775,0.5350,0.4955,0.4575,0.4275,0.4030,0.3805,0.3660,0.3515,0.3335,0.3215,0.3070,0.2940,0.2855,0.2810,0.2790,0.2785,0.2780,0.2755,0.2730,0.2720,0.2710,0.2705,0.2695,0.2685,0.2675,0.2670,0.2655,0.2650,0.2630,0.2630,0.2630,0.2625,0.2625,0.2620,0.2620,0.2620,0.2620,0.2620
70,1.0000,No dynamic rebalance,6.0000,7988.1515,479.2891,spend25p,479.5023,487.9505,495.5784,503.5605,510.6579,519.2066,526.6666,533.4781,535.2033,527.7072,509.4424,482.3939,428.2095,0.0000,0.0000,0.0000,0.0000,0.0000,0.0000,0.0000,0.0000,0.0000,0.0000,0.0000,0.0000,0.0000,0.0000,0.0000,0.0000,0.0000,0.0000,0.0000,0.0000,0.0000,0.0000,0.0000,0.0000,0.0000,0.0000,0.0000,0.0000,0.0000,0.0000,0.0000,0.0000,0.0000,0.0000,0.0000,0.0000,0.0000,0.0000,0.0000,0.0000,0.0000,0.0000
70,1.0000,No dynamic rebalance,6.0000,7988.1515,479.2891,spend50p,483.0213,498.3738,514.5027,531.2779,548.8259,567.1855,585.7280,604.1232,619.9970,629.6294,631.5106,624.0832,601.0685,574.4316,535.3031,488.8827,433.9118,366.1168,0.0000,0.0000,0.0000,0.0000,0.0000,0.0000,0.0000,0.0000,0.0000,0.0000,0.0000,0.0000,0.0000,0.0000,0.0000,0.0000,0.0000,0.0000,0.0000,0.0000,0.0000,0.0000,0.0000,0.0000,0.0000,0.0000,0.0000,0.0000,0.0000,0.0000,0.0000,0.0000,0.0000,0.0000,0.0000,0.0000,0.0000
70,1.0000,No dynamic rebalance,6.0000,7988.1515,479.2891,spend75p,486.3974,508.6587,534.1857,559.7805,587.5905,619.6262,652.6860,681.8694,710.8938,734.0981,755.9901,773.5646,770.7689,762.0734,743.4199,715.7311,686.2655,662.9232,629.7279,584.5260,532.7836,498.9539,474.7644,450.3707,424.8587,392.4154,373.9954,343.6020,294.0135,264.1380,7.8703,0.0000,0.0000,0.0000,0.0000,0.0000,0.0000,0.0000,0.0000,0.0000,0.0000,0.0000,0.0000,0.0000,0.0000,0.0000,0.0000,0.0000,0.0000,0.0000,0.0000,0.0000,0.0000,0.0000,0.0000
70,1.0000,固定最適比率,6.0000,7988.1515,479.2891,survival,1.0000,1.0000,1.0000,1.0000,1.0000,1.0000,0.9985,0.9925,0.9775,0.9455,0.9055,0.8590,0.7970,0.7415,0.6780,0.6225,0.5775,0.5350,0.4955,0.4575,0.4275,0.4030,0.3805,0.3660,0.3515,0.3335,0.3215,0.3070,0.2940,0.2855,0.2810,0.2790,0.2785,0.2780,0.2755,0.2730,0.2720,0.2710,0.2705,0.2695,0.2685,0.2675,0.2670,0.2655,0.2650,0.2630,0.2630,0.2630,0.2625,0.2625,0.2620,0.2620,0.2620,0.2620,0.2620
70,1.0000,固定最適比率,6.0000,7988.1515,479.2891,spend25p,479.5023,487.9505,495.5784,503.5605,510.6579,519.2066,526.6666,533.4781,535.2033,527.7072,509.4424,482.3939,428.2095,0.0000,0.0000,0.0000,0.0000,0.0000,0.0000,0.0000,0.0000,0.0000,0.0000,0.0000,0.0000,0.0000,0.0000,0.0000,0.0000,0.0000,0.0000,0.0000,0.0000,0.0000,0.0000,0.0000,0.0000,0.0000,0.0000,0.0000,0.0000,0.0000,0.0000,0.0000,0.0000,0.0000,0.0000,0.0000,0.0000,0.0000,0.0000,0.0000,0.0000,0.0000,0.0000
70,1.0000,固定最適比率,6.0000,7988.1515,479.2891,spend50p,483.0213,498.3738,514.5027,531.2779,548.8259,567.1855,585.7280,604.1232,619.9970,629.6294,631.5106,624.0832,601.0685,574.4316,535.3031,488.8827,433.9118,366.1168,0.0000,0.0000,0.0000,0.0000,0.0000,0.0000,0.0000,0.0000,0.0000,0.0000,0.0000,0.0000,0.0000,0.0000,0.0000,0.0000,0.0000,0.0000,0.0000,0.0000,0.0000,0.0000,0.0000,0.0000,0.0000,0.0000,0.0000,0.0000,0.0000,0.0000,0.0000,0.0000,0.0000,0.0000,0.0000,0.0000,0.0000
70,1.0000,固定最適比率,6.0000,7988.1515,479.2891,spend75p,486.3974,508.6587,534.1857,559.7805,587.5905,619.6262,652.6860,681.8694,710.8938,734.0981,755.9901,773.5646,770.7689,762.0734,743.4199,715.7311,686.2655,662.9232,629.7279,584.5260,532.7836,498.9539,474.7644,450.3707,424.8587,392.4154,373.9954,343.6020,294.0135,264.1380,7.8703,0.0000,0.0000,0.0000,0.0000,0.0000,0.0000,0.0000,0.0000,0.0000,0.0000,0.0000,0.0000,0.0000,0.0000,0.0000,0.0000,0.0000,0.0000,0.0000,0.0000,0.0000,0.0000,0.0000,0.0000
70,1.0000,DynamicV1Rebalance,6.0000,7988.1515,479.2891,survival,1.0000,1.0000,1.0000,1.0000,1.0000,1.0000,0.9985,0.9925,0.9775,0.9455,0.9050,0.8590,0.7945,0.7420,0.6770,0.6215,0.5765,0.5355,0.4950,0.4580,0.4290,0.4035,0.3820,0.3680,0.3535,0.3380,0.3240,0.3100,0.2965,0.2880,0.2840,0.2815,0.2810,0.2805,0.2785,0.2760,0.2755,0.2745,0.2740,0.2735,0.2735,0.2730,0.2725,0.2705,0.2690,0.2670,0.2670,0.2670,0.2670,0.2665,0.2665,0.2665,0.2665,0.2665,0.2660
70,1.0000,DynamicV1Rebalance,6.0000,7988.1515,479.2891,spend25p,479.5023,487.9505,495.5784,503.5605,510.6579,519.2066,526.6666,533.4781,535.2033,527.7072,509.1299,482.3939,424.7070,0.0000,0.0000,0.0000,0.0000,0.0000,0.0000,0.0000,0.0000,0.0000,0.0000,0.0000,0.0000,0.0000,0.0000,0.0000,0.0000,0.0000,0.0000,0.0000,0.0000,0.0000,0.0000,0.0000,0.0000,0.0000,0.0000,0.0000,0.0000,0.0000,0.0000,0.0000,0.0000,0.0000,0.0000,0.0000,0.0000,0.0000,0.0000,0.0000,0.0000,0.0000,0.0000
70,1.0000,DynamicV1Rebalance,6.0000,7988.1515,479.2891,spend50p,483.0213,498.3738,514.5027,531.2779,548.8259,567.1855,585.7280,604.1232,619.9970,629.6294,631.3084,624.0832,599.1634,574.9807,534.0489,487.8561,433.2996,366.3441,0.0000,0.0000,0.0000,0.0000,0.0000,0.0000,0.0000,0.0000,0.0000,0.0000,0.0000,0.0000,0.0000,0.0000,0.0000,0.0000,0.0000,0.0000,0.0000,0.0000,0.0000,0.0000,0.0000,0.0000,0.0000,0.0000,0.0000,0.0000,0.0000,0.0000,0.0000,0.0000,0.0000,0.0000,0.0000,0.0000,0.0000
70,1.0000,DynamicV1Rebalance,6.0000,7988.1515,479.2891,spend75p,486.3974,508.6587,534.1857,559.7805,587.5905,619.6262,652.6860,681.8694,710.8938,734.0222,755.5707,773.6443,769.0937,762.9722,742.6828,715.1414,685.8733,663.8857,627.6162,584.7796,532.7836,498.9539,476.1621,451.8736,431.0440,402.3100,378.9687,355.2365,300.4399,270.1062,12.3683,0.0000,0.0000,0.0000,0.0000,0.0000,0.0000,0.0000,0.0000,0.0000,0.0000,0.0000,0.0000,0.0000,0.0000,0.0000,0.0000,0.0000,0.0000,0.0000,0.0000,0.0000,0.0000,0.0000,0.0000
70,1.0000,SpendAwareDPRebalance (R70-aware),6.0000,7988.1515,479.2891,survival,1.0000,1.0000,1.0000,1.0000,1.0000,1.0000,0.9985,0.9925,0.9775,0.9455,0.9055,0.8595,0.7970,0.7410,0.6810,0.6270,0.5825,0.5410,0.5030,0.4715,0.4455,0.4230,0.4015,0.3885,0.3805,0.3665,0.3575,0.3480,0.3390,0.3325,0.3300,0.3270,0.3225,0.3200,0.3140,0.3105,0.3055,0.3025,0.2995,0.2980,0.2960,0.2930,0.2920,0.2900,0.2895,0.2890,0.2860,0.2855,0.2840,0.2840,0.2835,0.2830,0.2825,0.2825,0.2825
70,1.0000,SpendAwareDPRebalance (R70-aware),6.0000,7988.1515,479.2891,spend25p,479.5023,487.9505,495.5784,503.5605,510.6579,519.2066,526.6666,533.4781,535.2033,527.7072,509.4424,482.4847,428.2095,0.0000,0.0000,0.0000,0.0000,0.0000,0.0000,0.0000,0.0000,0.0000,0.0000,0.0000,0.0000,0.0000,0.0000,0.0000,0.0000,0.0000,0.0000,0.0000,0.0000,0.0000,0.0000,0.0000,0.0000,0.0000,0.0000,0.0000,0.0000,0.0000,0.0000,0.0000,0.0000,0.0000,0.0000,0.0000,0.0000,0.0000,0.0000,-7.3495,-33.6391,-55.4465,-78.8272
70,1.0000,SpendAwareDPRebalance (R70-aware),6.0000,7988.1515,479.2891,spend50p,483.0213,498.3738,514.5027,531.2779,548.8259,567.1855,585.7280,604.1232,619.9970,629.6294,631.5106,624.1953,601.0685,573.9727,539.0269,495.3607,436.3386,373.3213,223.6284,0.0000,0.0000,0.0000,0.0000,0.0000,0.0000,0.0000,0.0000,0.0000,0.0000,0.0000,0.0000,0.0000,0.0000,0.0000,0.0000,0.0000,0.0000,0.0000,0.0000,0.0000,0.0000,0.0000,0.0000,0.0000,0.0000,0.0000,0.0000,0.0000,0.0000,0.0000,0.0000,0.0000,0.0000,0.0000,0.0000
70,1.0000,SpendAwareDPRebalance (R70-aware),6.0000,7988.1515,479.2891,spend75p,486.3974,508.6587,534.1857,559.7805,587.5905,619.6262,652.6860,681.8694,710.8938,734.0981,755.9901,773.6443,770.7689,760.8639,745.7470,717.4171,688.1178,667.2765,633.2787,599.8059,549.6371,525.7308,494.6995,477.7675,462.3663,437.1167,418.1271,397.5845,378.0735,361.8620,59.5887,41.6725,21.7839,5.6114,0.0000,0.0000,0.0000,0.0000,0.0000,0.0000,0.0000,0.0000,0.0000,0.0000,0.0000,0.0000,0.0000,0.0000,0.0000,0.0000,0.0000,0.0000,0.0000,0.0000,0.0000
70,1.0000,No dynamic rebalance,7.0000,6846.9870,479.2891,survival,1.0000,1.0000,1.0000,1.0000,1.0000,0.9995,0.9935,0.9765,0.9390,0.8855,0.8260,0.7535,0.6705,0.5975,0.5280,0.4845,0.4325,0.3925,0.3620,0.3280,0.3070,0.2815,0.2680,0.2535,0.2330,0.2260,0.2145,0.2030,0.1950,0.1870,0.1855,0.1845,0.1845,0.1830,0.1830,0.1820,0.1810,0.1810,0.1805,0.1800,0.1795,0.1795,0.1785,0.1785,0.1780,0.1770,0.1765,0.1760,0.1760,0.1750,0.1740,0.1735,0.1735,0.1735,0.1730
70,1.0000,No dynamic rebalance,7.0000,6846.9870,479.2891,spend25p,479.5023,487.9505,495.5784,503.5605,510.6579,519.0793,525.6987,528.2217,522.1064,500.2513,463.8342,309.5442,0.0000,0.0000,0.0000,0.0000,0.0000,0.0000,0.0000,0.0000,0.0000,0.0000,0.0000,0.0000,0.0000,0.0000,0.0000,0.0000,0.0000,0.0000,0.0000,0.0000,0.0000,0.0000,0.0000,0.0000,0.0000,0.0000,0.0000,0.0000,0.0000,0.0000,0.0000,0.0000,0.0000,0.0000,0.0000,0.0000,0.0000,0.0000,0.0000,0.0000,0.0000,0.0000,0.0000
70,1.0000,No dynamic rebalance,7.0000,6846.9870,479.2891,spend50p,483.0213,498.3738,514.5027,531.2779,548.8259,567.1739,584.9946,601.7002,609.0533,610.1921,600.5543,573.5165,533.6235,479.7083,382.7933,0.0000,0.0000,0.0000,0.0000,0.0000,0.0000,0.0000,0.0000,0.0000,0.0000,0.0000,0.0000,0.0000,0.0000,0.0000,0.0000,0.0000,0.0000,0.0000,0.0000,0.0000,0.0000,0.0000,0.0000,0.0000,0.0000,0.0000,0.0000,0.0000,0.0000,0.0000,0.0000,0.0000,0.0000,0.0000,0.0000,0.0000,0.0000,0.0000,0.0000
70,1.0000,No dynamic rebalance,7.0000,6846.9870,479.2891,spend75p,486.3974,508.6587,534.1857,559.7805,587.5905,619.4020,652.2417,677.5893,698.4955,721.0021,735.3603,733.0515,712.5228,690.7559,653.1589,629.0267,579.5247,543.1478,508.5351,445.3199,380.3981,321.8966,281.9086,188.4623,0.0000,0.0000,0.0000,0.0000,0.0000,0.0000,0.0000,0.0000,0.0000,0.0000,0.0000,0.0000,0.0000,0.0000,0.0000,0.0000,0.0000,0.0000,0.0000,0.0000,0.0000,0.0000,0.0000,0.0000,0.0000,0.0000,0.0000,0.0000,0.0000,0.0000,0.0000
70,1.0000,固定最適比率,7.0000,6846.9870,479.2891,survival,1.0000,1.0000,1.0000,1.0000,1.0000,0.9995,0.9935,0.9765,0.9390,0.8855,0.8260,0.7535,0.6705,0.5975,0.5280,0.4845,0.4325,0.3925,0.3620,0.3280,0.3070,0.2815,0.2680,0.2535,0.2330,0.2260,0.2145,0.2030,0.1950,0.1870,0.1855,0.1845,0.1845,0.1830,0.1830,0.1820,0.1810,0.1810,0.1805,0.1800,0.1795,0.1795,0.1785,0.1785,0.1780,0.1770,0.1765,0.1760,0.1760,0.1750,0.1740,0.1735,0.1735,0.1735,0.1730
70,1.0000,固定最適比率,7.0000,6846.9870,479.2891,spend25p,479.5023,487.9505,495.5784,503.5605,510.6579,519.0793,525.6987,528.2217,522.1064,500.2513,463.8342,309.5442,0.0000,0.0000,0.0000,0.0000,0.0000,0.0000,0.0000,0.0000,0.0000,0.0000,0.0000,0.0000,0.0000,0.0000,0.0000,0.0000,0.0000,0.0000,0.0000,0.0000,0.0000,0.0000,0.0000,0.0000,0.0000,0.0000,0.0000,0.0000,0.0000,0.0000,0.0000,0.0000,0.0000,0.0000,0.0000,0.0000,0.0000,0.0000,0.0000,0.0000,0.0000,0.0000,0.0000
70,1.0000,固定最適比率,7.0000,6846.9870,479.2891,spend50p,483.0213,498.3738,514.5027,531.2779,548.8259,567.1739,584.9946,601.7002,609.0533,610.1921,600.5543,573.5165,533.6235,479.7083,382.7933,0.0000,0.0000,0.0000,0.0000,0.0000,0.0000,0.0000,0.0000,0.0000,0.0000,0.0000,0.0000,0.0000,0.0000,0.0000,0.0000,0.0000,0.0000,0.0000,0.0000,0.0000,0.0000,0.0000,0.0000,0.0000,0.0000,0.0000,0.0000,0.0000,0.0000,0.0000,0.0000,0.0000,0.0000,0.0000,0.0000,0.0000,0.0000,0.0000,0.0000
70,1.0000,固定最適比率,7.0000,6846.9870,479.2891,spend75p,486.3974,508.6587,534.1857,559.7805,587.5905,619.4020,652.2417,677.5893,698.4955,721.0021,735.3603,733.0515,712.5228,690.7559,653.1589,629.0267,579.5247,543.1478,508.5351,445.3199,380.3981,321.8966,281.9086,188.4623,0.0000,0.0000,0.0000,0.0000,0.0000,0.0000,0.0000,0.0000,0.0000,0.0000,0.0000,0.0000,0.0000,0.0000,0.0000,0.0000,0.0000,0.0000,0.0000,0.0000,0.0000,0.0000,0.0000,0.0000,0.0000,0.0000,0.0000,0.0000,0.0000,0.0000,0.0000
70,1.0000,DynamicV1Rebalance,7.0000,6846.9870,479.2891,survival,1.0000,1.0000,1.0000,1.0000,1.0000,0.9995,0.9930,0.9770,0.9390,0.8845,0.8255,0.7520,0.6695,0.5960,0.5280,0.4830,0.4325,0.3920,0.3615,0.3285,0.3080,0.2830,0.2685,0.2540,0.2345,0.2280,0.2155,0.2055,0.1960,0.1880,0.1870,0.1860,0.1855,0.1830,0.1830,0.1820,0.1810,0.1810,0.1800,0.1795,0.1795,0.1795,0.1790,0.1785,0.1780,0.1775,0.1775,0.1770,0.1765,0.1765,0.1760,0.1760,0.1760,0.1760,0.1760
70,1.0000,DynamicV1Rebalance,7.0000,6846.9870,479.2891,spend25p,479.5023,487.9505,495.5784,503.5605,510.6579,519.0793,525.6864,528.3717,522.3385,499.9092,463.2659,296.4287,0.0000,0.0000,0.0000,0.0000,0.0000,0.0000,0.0000,0.0000,0.0000,0.0000,0.0000,0.0000,0.0000,0.0000,0.0000,0.0000,0.0000,0.0000,0.0000,0.0000,0.0000,0.0000,0.0000,0.0000,0.0000,0.0000,0.0000,0.0000,0.0000,0.0000,0.0000,0.0000,0.0000,0.0000,0.0000,0.0000,0.0000,0.0000,0.0000,0.0000,0.0000,0.0000,0.0000
70,1.0000,DynamicV1Rebalance,7.0000,6846.9870,479.2891,spend50p,483.0213,498.3738,514.5027,531.2779,548.8259,567.1739,584.8054,601.7002,609.3788,610.1921,600.3236,572.9208,533.1835,479.2352,382.7933,0.0000,0.0000,0.0000,0.0000,0.0000,0.0000,0.0000,0.0000,0.0000,0.0000,0.0000,0.0000,0.0000,0.0000,0.0000,0.0000,0.0000,0.0000,0.0000,0.0000,0.0000,0.0000,0.0000,0.0000,0.0000,0.0000,0.0000,0.0000,0.0000,0.0000,0.0000,0.0000,0.0000,0.0000,0.0000,0.0000,0.0000,0.0000,0.0000,0.0000
70,1.0000,DynamicV1Rebalance,7.0000,6846.9870,479.2891,spend75p,486.3974,508.6587,534.1857,559.7805,587.5905,619.4020,652.0897,677.4903,698.6500,721.0021,735.0567,732.7906,712.3138,690.5478,653.3213,628.9585,579.5247,543.1478,508.5351,446.2191,384.7176,325.9876,283.9945,191.5305,0.0000,0.0000,0.0000,0.0000,0.0000,0.0000,0.0000,0.0000,0.0000,0.0000,0.0000,0.0000,0.0000,0.0000,0.0000,0.0000,0.0000,0.0000,0.0000,0.0000,0.0000,0.0000,0.0000,0.0000,0.0000,0.0000,0.0000,0.0000,0.0000,0.0000,0.0000
70,1.0000,SpendAwareDPRebalance (R70-aware),7.0000,6846.9870,479.2891,survival,1.0000,1.0000,1.0000,1.0000,1.0000,0.9995,0.9935,0.9765,0.9390,0.8855,0.8260,0.7535,0.6705,0.5980,0.5285,0.4850,0.4335,0.3970,0.3655,0.3335,0.3140,0.2910,0.2770,0.2680,0.2495,0.2455,0.2375,0.2295,0.2225,0.2170,0.2160,0.2150,0.2105,0.2075,0.2025,0.2010,0.1975,0.1955,0.1930,0.1910,0.1905,0.1875,0.1860,0.1855,0.1830,0.1825,0.1825,0.1825,0.1825,0.1825,0.1825,0.1825,0.1825,0.1825,0.1825
70,1.0000,SpendAwareDPRebalance (R70-aware),7.0000,6846.9870,479.2891,spend25p,479.5023,487.9505,495.5784,503.5605,510.6579,519.0793,525.6987,528.2217,522.1064,500.2513,463.8342,309.5442,0.0000,0.0000,0.0000,0.0000,0.0000,0.0000,0.0000,0.0000,0.0000,0.0000,0.0000,0.0000,0.0000,0.0000,0.0000,0.0000,0.0000,0.0000,0.0000,0.0000,0.0000,0.0000,0.0000,0.0000,0.0000,0.0000,0.0000,0.0000,0.0000,0.0000,0.0000,0.0000,0.0000,0.0000,0.0000,0.0000,0.0000,0.0000,0.0000,0.0000,0.0000,0.0000,0.0000
70,1.0000,SpendAwareDPRebalance (R70-aware),7.0000,6846.9870,479.2891,spend50p,483.0213,498.3738,514.5027,531.2779,548.8259,567.1739,584.9946,601.7002,609.0533,610.1921,600.5543,573.5165,533.6235,479.9462,383.3437,0.0000,0.0000,0.0000,0.0000,0.0000,0.0000,0.0000,0.0000,0.0000,0.0000,0.0000,0.0000,0.0000,0.0000,0.0000,0.0000,0.0000,0.0000,0.0000,0.0000,0.0000,0.0000,0.0000,0.0000,0.0000,0.0000,0.0000,0.0000,0.0000,0.0000,0.0000,0.0000,0.0000,0.0000,0.0000,0.0000,0.0000,0.0000,0.0000,0.0000
70,1.0000,SpendAwareDPRebalance (R70-aware),7.0000,6846.9870,479.2891,spend75p,486.3974,508.6587,534.1857,559.7805,587.5905,619.4020,652.2417,677.5893,698.4955,721.0021,735.3603,733.0515,712.5228,691.3259,653.3213,629.3701,581.0726,545.1367,510.0577,452.0586,399.4364,340.5190,306.5811,268.0464,0.0000,0.0000,0.0000,0.0000,0.0000,0.0000,0.0000,0.0000,0.0000,0.0000,0.0000,0.0000,0.0000,0.0000,0.0000,0.0000,0.0000,0.0000,0.0000,0.0000,0.0000,0.0000,0.0000,0.0000,0.0000,0.0000,0.0000,0.0000,0.0000,0.0000,0.0000
70,1.5000,No dynamic rebalance,2.5000,28327.3455,708.1836,survival,1.0000,1.0000,1.0000,1.0000,1.0000,1.0000,1.0000,1.0000,1.0000,1.0000,1.0000,0.9985,0.9980,0.9960,0.9895,0.9870,0.9760,0.9700,0.9640,0.9520,0.9410,0.9295,0.9210,0.9095,0.8955,0.8860,0.8740,0.8595,0.8495,0.8390,0.8350,0.8270,0.8200,0.8155,0.8135,0.8110,0.8075,0.8035,0.7995,0.7980,0.7965,0.7940,0.7915,0.7890,0.7880,0.7855,0.7825,0.7790,0.7755,0.7725,0.7715,0.7690,0.7665,0.7650,0.7625
70,1.5000,No dynamic rebalance,2.5000,28327.3455,708.1836,spend25p,708.4987,721.2149,732.7160,744.7375,755.4477,768.3019,780.6773,794.5253,804.1812,811.9363,816.6540,821.2467,824.3148,824.4078,825.3831,817.6418,802.4142,789.0796,771.2307,750.0117,702.3347,677.3591,655.2861,629.1024,600.7234,575.3759,550.8751,517.8770,488.2418,457.2524,172.6990,148.1500,121.8430,101.2962,83.2533,66.2580,52.5748,41.4376,26.1271,15.1280,3.9804,0.0000,0.0000,0.0000,0.0000,0.0000,0.0000,0.0000,0.0000,0.0000,0.0000,0.0000,0.0000,0.0000,0.0000
70,1.5000,No dynamic rebalance,2.5000,28327.3455,708.1836,spend50p,713.6982,736.6212,760.6956,785.7300,811.9119,839.2992,867.6750,896.8302,926.7489,954.1056,976.3073,997.5010,1021.0355,1036.4603,1046.9616,1049.9924,1033.0505,1023.0356,1013.4493,995.1516,955.0372,941.2645,927.1565,912.5823,893.9691,882.8293,865.8261,841.8423,823.9451,797.7679,417.4086,387.3986,355.1337,331.6563,310.3752,295.4707,281.6524,264.5408,252.5222,240.6774,234.9767,225.3571,215.0813,206.8111,199.0206,188.8758,171.8905,155.8909,134.9990,116.5029,100.3012,83.5609,62.1907,44.4197,20.5733
70,1.5000,No dynamic rebalance,2.5000,28327.3455,708.1836,spend75p,718.6866,751.8226,789.7971,827.8837,869.2588,916.8990,966.3209,1011.8228,1062.8635,1110.3208,1161.2886,1208.0259,1246.1793,1279.8478,1308.1738,1333.9192,1340.1015,1352.3735,1361.9116,1353.2364,1309.9849,1296.8905,1284.8156,1283.5305,1271.2480,1264.3062,1258.2138,1229.0721,1202.3834,1176.0763,688.2683,658.8687,634.0885,609.2767,583.6712,569.2701,552.5510,541.4204,538.3640,536.7976,523.7407,518.4145,517.3604,516.5038,513.7985,500.1342,487.7575,470.5962,453.1977,434.6266,412.3757,391.4525,374.7916,349.6401,317.9822
70,1.5000,固定最適比率,2.5000,28327.3455,708.1836,survival,1.0000,1.0000,1.0000,1.0000,1.0000,1.0000,1.0000,1.0000,1.0000,1.0000,1.0000,1.0000,1.0000,1.0000,1.0000,1.0000,1.0000,1.0000,1.0000,0.9970,0.9960,0.9945,0.9925,0.9890,0.9815,0.9765,0.9670,0.9585,0.9460,0.9325,0.9265,0.9180,0.9110,0.9045,0.8975,0.8925,0.8850,0.8790,0.8710,0.8670,0.8605,0.8555,0.8515,0.8485,0.8435,0.8370,0.8320,0.8280,0.8230,0.8195,0.8140,0.8110,0.8090,0.8050,0.7990
70,1.5000,固定最適比率,2.5000,28327.3455,708.1836,spend25p,708.4987,721.2149,732.7160,744.7375,755.4477,768.3019,780.6773,794.5253,804.1812,811.9363,816.6540,822.5586,824.9672,828.0104,832.7042,829.4592,821.7044,815.0662,806.6911,792.5221,758.1096,742.3168,733.8449,723.1943,704.3560,685.9706,667.8472,644.7786,611.3552,581.3422,262.9400,231.9712,209.9248,186.9746,164.0132,149.7554,129.3254,110.4147,90.3790,78.1851,63.3842,51.2922,40.3564,31.7336,15.7920,0.0000,0.0000,0.0000,0.0000,0.0000,0.0000,0.0000,0.0000,0.0000,-4.4278
70,1.5000,固定最適比率,2.5000,28327.3455,708.1836,spend50p,713.6982,736.6212,760.6956,785.7300,811.9119,839.2992,867.6750,896.8302,926.7489,954.1056,976.3073,998.5977,1022.2532,1041.2771,1057.0184,1058.2093,1055.2010,1047.3557,1047.2392,1043.2986,1011.9959,1003.7105,997.4441,986.2037,967.5205,962.9356,951.5453,929.2496,909.9937,887.3006,471.6792,439.6523,412.5976,385.6415,360.4063,340.4359,321.6033,312.0586,294.7439,287.1206,272.7252,260.1067,246.9981,238.2775,224.8641,212.9925,197.9292,178.4905,161.2058,138.7291,120.4017,105.9502,87.2671,59.9178,35.8949
70,1.5000,固定最適比率,2.5000,28327.3455,708.1836,spend75p,718.6866,751.8226,789.7971,827.8837,869.2588,916.8990,966.3209,1011.8228,1062.8635,1110.3208,1161.2886,1208.6016,1247.4578,1282.4912,1317.0616,1341.7440,1362.5943,1390.6349,1400.5700,1407.1812,1370.7689,1378.9990,1384.0006,1373.8878,1367.1462,1359.7374,1346.0169,1334.2502,1304.2109,1259.1741,737.0788,701.3806,666.9963,644.5231,616.8403,596.1113,577.0039,563.9585,554.0236,550.1357,532.7436,518.6128,515.2172,510.6496,500.3984,481.4368,465.2901,451.5242,427.4117,409.9391,390.8502,370.1473,343.6860,314.3037,278.7316
70,1.5000,DynamicV1Rebalance,2.5000,28327.3455,708.1836,survival,1.0000,1.0000,1.0000,1.0000,1.0000,1.0000,1.0000,1.0000,1.0000,1.0000,1.0000,0.9995,0.9985,0.9975,0.9940,0.9905,0.9875,0.9830,0.9795,0.9735,0.9680,0.9585,0.9500,0.9450,0.9370,0.9300,0.9235,0.9145,0.9050,0.8970,0.8915,0.8860,0.8800,0.8765,0.8720,0.8660,0.8625,0.8595,0.8545,0.8505,0.8495,0.8475,0.8455,0.8440,0.8420,0.8405,0.8400,0.8390,0.8360,0.8355,0.8345,0.8335,0.8315,0.8295,0.8285
70,1.5000,DynamicV1Rebalance,2.5000,28327.3455,708.1836,spend25p,708.4987,721.2149,732.7160,744.7375,755.4477,768.3019,780.6773,794.5253,804.1812,811.9363,816.6540,822.3951,824.5603,825.8816,827.6700,819.8819,813.4445,803.8683,786.2126,771.6542,732.0717,709.3925,691.7405,672.4680,653.1426,632.5540,614.2123,585.5518,560.4255,537.1517,232.5576,206.7658,182.1084,162.5637,143.3646,124.8623,105.0844,90.8237,74.7125,63.7300,54.5258,46.8344,37.5432,27.4813,14.5600,0.0024,0.0000,0.0000,0.0000,0.0000,0.0000,0.0000,0.0000,0.0000,0.0000
70,1.5000,DynamicV1Rebalance,2.5000,28327.3455,708.1836,spend50p,713.6982,736.6212,760.6956,785.7300,811.9119,839.2992,867.6750,896.8302,926.7489,954.1056,976.3073,998.4770,1021.5190,1037.8063,1050.8971,1050.6451,1042.8476,1035.6863,1032.7249,1021.6376,984.1183,969.4346,960.0156,944.2813,928.0851,922.6785,908.3060,895.6478,877.2217,858.6622,454.3486,429.4652,397.9630,373.3265,349.7698,329.7041,315.6253,304.9101,290.5776,282.8095,275.7177,264.1858,255.6980,244.0498,234.8970,224.7409,213.0923,200.5266,183.9236,167.2037,152.0111,131.2787,113.7306,95.6237,74.9082
70,1.5000,DynamicV1Rebalance,2.5000,28327.3455,708.1836,spend75p,718.6866,751.8226,789.7971,827.8837,869.2588,916.8990,966.3209,1011.8228,1062.8635,1110.3208,1161.2886,1208.1932,1246.4655,1281.8132,1311.1088,1337.1113,1355.6540,1370.7864,1379.4904,1379.0908,1341.5990,1331.1311,1315.8511,1318.6443,1318.6586,1318.7185,1310.0874,1298.3554,1272.8012,1248.4699,732.2496,702.4181,673.0573,651.9515,629.2405,611.9520,597.0582,585.5559,582.3109,573.5909,564.7165,561.6176,559.6952,555.6894,548.9436,543.4926,532.4511,515.2726,500.3460,489.6175,473.2683,449.8719,426.6026,399.5800,374.3774
70,1.5000,SpendAwareDPRebalance (R70-aware),2.5000,28327.3455,708.1836,survival,1.0000,1.0000,1.0000,1.0000,1.0000,1.0000,1.0000,1.0000,1.0000,1.0000,1.0000,1.0000,0.9995,0.9985,0.9980,0.9975,0.9935,0.9900,0.9885,0.9855,0.9830,0.9790,0.9755,0.9700,0.9665,0.9600,0.9540,0.9475,0.9410,0.9375,0.9345,0.9320,0.9300,0.9275,0.9250,0.9235,0.9200,0.9145,0.9080,0.9005,0.8930,0.8915,0.8855,0.8795,0.8720,0.8680,0.8640,0.8595,0.8550,0.8515,0.8465,0.8435,0.8385,0.8380,0.8340
70,1.5000,SpendAwareDPRebalance (R70-aware),2.5000,28327.3455,708.1836,spend25p,708.4987,721.2149,732.7160,744.7375,755.4477,768.3019,780.6773,794.5253,804.1812,811.9363,816.6540,822.5586,824.8420,826.4093,830.7138,825.3310,818.4866,807.0990,794.7630,782.8786,746.7358,731.3448,719.2436,701.4365,683.2499,667.9132,652.4407,631.2959,607.8568,588.7830,269.4711,245.1543,223.3202,206.2397,187.8469,169.4427,156.1559,139.2591,121.9682,106.6425,93.0230,83.5290,67.0729,54.1933,39.2185,23.9557,10.5255,0.0000,0.0000,0.0000,0.0000,0.0000,0.0000,0.0000,-2.7177
70,1.5000,SpendAwareDPRebalance (R70-aware),2.5000,28327.3455,708.1836,spend50p,713.6982,736.6212,760.6956,785.7300,811.9119,839.2992,867.6750,896.8302,926.7489,954.1056,976.3073,998.5977,1021.9258,1039.4574,1055.7497,1055.0369,1047.9138,1040.9866,1040.1103,1032.2494,1003.7830,992.8449,981.6951,971.8214,954.7035,942.7745,941.3453,924.6427,910.5282,900.1309,481.7782,455.5547,432.6157,408.9113,387.3889,370.7341,358.1803,341.7383,331.2305,318.5129,304.0097,294.0324,284.6124,273.4449,253.7157,238.4711,225.3194,208.8210,189.5499,173.9547,152.7747,130.6110,111.3053,92.8037,69.0870
70,1.5000,SpendAwareDPRebalance (R70-aware),2.5000,28327.3455,708.1836,spend75p,718.6866,751.8226,789.7971,827.8837,869.2588,916.8990,966.3209,1011.8228,1062.8635,1110.3208,1161.2886,1208.6016,1246.8506,1281.8407,1315.6388,1340.6907,1358.2153,1376.4070,1386.7107,1393.6505,1359.9393,1362.9288,1360.4129,1346.9219,1344.6134,1343.5811,1342.2253,1333.7708,1317.8330,1302.6705,766.3917,730.2898,711.9274,687.6002,672.7572,655.3074,644.4511,632.1358,618.9893,602.1354,593.3732,592.0133,580.8861,568.4726,552.5548,544.2998,529.1376,505.7647,483.6915,465.9002,445.4818,426.1803,399.4314,373.3006,344.8541
70,1.5000,No dynamic rebalance,2.8000,25292.2728,708.1836,survival,1.0000,1.0000,1.0000,1.0000,1.0000,1.0000,1.0000,1.0000,1.0000,1.0000,0.9995,0.9975,0.9955,0.9900,0.9855,0.9720,0.9635,0.9550,0.9405,0.9285,0.9155,0.9000,0.8815,0.8730,0.8555,0.8390,0.8265,0.8145,0.8045,0.7895,0.7840,0.7765,0.7685,0.7635,0.7575,0.7550,0.7515,0.7470,0.7435,0.7400,0.7375,0.7345,0.7325,0.7310,0.7265,0.7225,0.7180,0.7170,0.7155,0.7140,0.7110,0.7105,0.7100,0.7075,0.7065
70,1.5000,No dynamic rebalance,2.8000,25292.2728,708.1836,spend25p,708.4987,721.2149,732.7160,744.7375,755.4477,768.3019,780.6773,794.5253,804.1812,811.9363,816.2113,820.6764,821.9083,819.5837,822.0424,807.4840,791.0923,772.7409,744.3491,720.1119,674.9452,638.9227,606.6858,584.9639,544.2248,506.7127,470.8752,440.1328,404.7999,360.2400,107.9496,79.9400,51.9458,26.2120,0.0000,0.0000,0.0000,0.0000,0.0000,0.0000,0.0000,0.0000,0.0000,0.0000,0.0000,0.0000,0.0000,0.0000,0.0000,0.0000,0.0000,0.0000,0.0000,0.0000,0.0000
70,1.5000,No dynamic rebalance,2.8000,25292.2728,708.1836,spend50p,713.6982,736.6212,760.6956,785.7300,811.9119,839.2992,867.6750,896.8302,926.7489,954.1056,976.0678,996.9535,1018.6699,1029.1998,1042.6257,1034.7013,1024.9310,1011.0849,994.2159,978.2757,934.7670,914.6587,888.9401,874.3541,857.7624,833.1545,812.5023,792.8997,765.1562,741.5543,371.6879,342.6023,314.6643,291.7859,269.5418,252.6832,237.4595,222.4277,212.4641,196.8308,187.6361,179.2987,170.2340,160.5692,145.8272,131.1188,114.6243,102.3072,87.2682,71.7043,52.4519,35.0305,15.8339,0.0000,0.0000
70,1.5000,No dynamic rebalance,2.8000,25292.2728,708.1836,spend75p,718.6866,751.8226,789.7971,827.8837,869.2588,916.8990,966.3209,1011.8228,1062.8635,1110.3208,1160.8140,1207.7690,1244.5092,1277.3869,1301.1985,1313.2123,1324.0734,1332.1041,1329.4608,1325.1510,1284.9471,1257.5059,1240.7404,1241.2319,1229.9684,1213.3441,1196.8083,1172.8729,1150.8340,1134.3250,652.2534,626.2226,586.9197,563.8597,546.5564,532.1552,515.3770,501.4646,495.8210,486.6559,483.8997,478.7096,476.8358,474.8863,464.3209,451.8606,434.4207,417.2220,401.0140,376.2404,363.9408,344.3862,317.7961,296.0228,267.2446
70,1.5000,固定最適比率,2.8000,25292.2728,708.1836,survival,1.0000,1.0000,1.0000,1.0000,1.0000,1.0000,1.0000,1.0000,1.0000,1.0000,1.0000,1.0000,1.0000,1.0000,1.0000,0.9995,0.9995,0.9970,0.9930,0.9865,0.9820,0.9735,0.9640,0.9560,0.9450,0.9330,0.9220,0.9120,0.8975,0.8835,0.8745,0.8685,0.8620,0.8555,0.8530,0.8440,0.8375,0.8315,0.8275,0.8245,0.8195,0.8135,0.8090,0.8070,0.8020,0.7970,0.7935,0.7910,0.7875,0.7850,0.7820,0.7805,0.7785,0.7765,0.7750
70,1.5000,固定最適比率,2.8000,25292.2728,708.1836,spend25p,708.4987,721.2149,732.7160,744.7375,755.4477,768.3019,780.6773,794.5253,804.1812,811.9363,816.6540,822.5586,824.9672,828.0104,832.7042,828.7990,821.5751,812.7971,798.9376,783.0597,745.2618,726.6128,703.9085,681.8276,658.3655,633.0334,610.7335,583.0306,551.7450,519.8648,215.9759,189.0393,164.0520,142.7336,126.6048,100.7418,83.9124,66.1178,54.0384,43.1509,30.2750,13.6919,1.3531,0.0000,0.0000,0.0000,0.0000,0.0000,0.0000,0.0000,0.0000,0.0000,0.0000,0.0000,-0.0468
70,1.5000,固定最適比率,2.8000,25292.2728,708.1836,spend50p,713.6982,736.6212,760.6956,785.7300,811.9119,839.2992,867.6750,896.8302,926.7489,954.1056,976.3073,998.5977,1022.2532,1041.2771,1057.0184,1057.2416,1054.3551,1043.6364,1042.2548,1031.9564,1001.7347,985.1834,969.9063,949.4275,931.6082,917.7805,900.5739,883.8181,860.0011,827.8925,436.9605,405.4360,378.8679,351.7531,330.7256,308.0375,291.6898,278.8172,268.4324,254.3001,242.8844,229.0112,217.6968,209.5631,197.8592,183.2780,168.8683,153.6306,133.1233,116.6616,98.9316,83.5609,64.2756,44.8840,21.7722
70,1.5000,固定最適比率,2.8000,25292.2728,708.1836,spend75p,718.6866,751.8226,789.7971,827.8837,869.2588,916.8990,966.3209,1011.8228,1062.8635,1110.3208,1161.2886,1208.6016,1247.4578,1282.4912,1317.0616,1341.4407,1362.4663,1384.7560,1387.1571,1387.2035,1347.7895,1344.4494,1322.8879,1318.1036,1311.4025,1298.6008,1283.0301,1264.8431,1217.9346,1189.3707,690.4781,661.5681,634.0885,605.1966,584.0037,568.3181,547.5244,535.5429,524.8267,519.8824,514.0857,499.4555,491.8203,494.9451,481.5490,470.2138,457.6124,441.5610,420.9321,404.4545,387.7471,364.5505,341.2188,314.3037,290.2799
70,1.5000,DynamicV1Rebalance,2.8000,25292.2728,708.1836,survival,1.0000,1.0000,1.0000,1.0000,1.0000,1.0000,1.0000,1.0000,1.0000,1.0000,0.9995,0.9985,0.9965,0.9910,0.9875,0.9830,0.9730,0.9680,0.9585,0.9465,0.9360,0.9285,0.9180,0.9060,0.8940,0.8830,0.8675,0.8585,0.8495,0.8395,0.8360,0.8300,0.8250,0.8215,0.8165,0.8125,0.8080,0.8030,0.8000,0.7975,0.7945,0.7940,0.7910,0.7875,0.7865,0.7850,0.7840,0.7835,0.7830,0.7810,0.7810,0.7805,0.7785,0.7785,0.7780
70,1.5000,DynamicV1Rebalance,2.8000,25292.2728,708.1836,spend25p,708.4987,721.2149,732.7160,744.7375,755.4477,768.3019,780.6773,794.5253,804.1812,811.9363,816.2113,821.2467,822.4050,820.7530,823.0714,816.2857,801.3667,786.2083,767.7659,743.5453,698.3501,674.1924,651.8643,621.2226,599.7908,568.9798,540.2284,514.0509,488.2418,458.9166,173.9906,151.0894,128.8245,106.7159,86.9753,68.6965,53.5148,41.0443,26.5047,14.7120,2.6631,0.0000,0.0000,0.0000,0.0000,0.0000,0.0000,0.0000,0.0000,0.0000,0.0000,0.0000,0.0000,0.0000,0.0000
70,1.5000,DynamicV1Rebalance,2.8000,25292.2728,708.1836,spend50p,713.6982,736.6212,760.6956,785.7300,811.9119,839.2992,867.6750,896.8302,926.7489,954.1056,976.0678,997.5010,1019.9463,1030.5797,1044.2910,1045.8213,1030.9693,1020.7458,1009.3576,991.7157,950.1257,941.4280,925.4911,906.0433,890.6765,875.3278,851.2198,834.1930,812.1148,791.8808,413.2850,385.4945,355.1337,332.1032,308.7140,294.1458,278.5681,262.1606,245.9365,237.0992,228.6846,223.6292,212.4212,202.1166,195.0643,183.2780,170.7379,158.8532,140.1764,123.0629,110.5318,93.3897,73.5083,55.7770,35.5452
70,1.5000,DynamicV1Rebalance,2.8000,25292.2728,708.1836,spend75p,718.6866,751.8226,789.7971,827.8837,869.2588,916.8990,966.3209,1011.8228,1062.8635,1110.3208,1160.8140,1208.0259,1245.6031,1277.3869,1306.1079,1330.7776,1337.7368,1347.3592,1352.0481,1349.5740,1304.4534,1297.8407,1285.7734,1276.4702,1273.2127,1260.3892,1239.8642,1212.1068,1189.5028,1166.7484,679.5261,652.8528,626.2975,601.8138,577.3426,566.1057,546.0681,535.0696,524.4138,519.4041,515.8665,507.6154,506.4176,505.0436,493.7004,489.7463,477.4162,463.6667,450.4081,436.7183,418.6734,402.2915,380.1648,358.2714,331.8021
70,1.5000,SpendAwareDPRebalance (R70-aware),2.8000,25292.2728,708.1836,survival,1.0000,1.0000,1.0000,1.0000,1.0000,1.0000,1.0000,1.0000,1.0000,1.0000,0.9995,0.9990,0.9980,0.9950,0.9920,0.9875,0.9825,0.9805,0.9770,0.9685,0.9630,0.9550,0.9485,0.9425,0.9370,0.9295,0.9215,0.9135,0.9040,0.8990,0.8955,0.8905,0.8870,0.8835,0.8795,0.8735,0.8635,0.8575,0.8515,0.8460,0.8390,0.8355,0.8315,0.8260,0.8205,0.8120,0.8010,0.7990,0.7940,0.7905,0.7855,0.7820,0.7760,0.7730,0.7685
70,1.5000,SpendAwareDPRebalance (R70-aware),2.8000,25292.2728,708.1836,spend25p,708.4987,721.2149,732.7160,744.7375,755.4477,768.3019,780.6773,794.5253,804.1812,811.9363,816.2113,821.7867,824.5603,824.1724,826.5496,817.7780,808.4583,798.7526,783.5468,765.9498,726.3566,704.8725,689.6677,671.2551,653.1426,632.2738,611.9419,584.0800,559.4637,540.0788,234.7565,211.8689,188.2726,166.4269,151.5736,129.1861,105.0844,88.1453,71.6997,60.2632,46.7308,34.3502,22.4533,6.5831,0.0000,0.0000,0.0000,0.0000,0.0000,0.0000,0.0000,0.0000,0.0000,0.0000,-0.2204
70,1.5000,SpendAwareDPRebalance (R70-aware),2.8000,25292.2728,708.1836,spend50p,713.6982,736.6212,760.6956,785.7300,811.9119,839.2992,867.6750,896.8302,926.7489,954.1056,976.0678,998.1897,1021.5190,1035.9714,1049.1196,1050.0437,1037.5179,1033.1055,1029.4372,1012.9861,974.3910,966.8973,960.0156,941.9970,930.2013,922.8897,906.3785,892.7059,872.8391,857.9328,454.5251,431.1692,398.8725,374.5035,353.4341,332.4858,313.8747,299.7863,285.2230,274.6114,261.0187,247.5854,236.9542,224.0148,214.2558,197.9157,175.1449,160.6882,140.1007,122.2436,103.1010,85.1684,61.0491,41.1712,16.9511
70,1.5000,SpendAwareDPRebalance (R70-aware),2.8000,25292.2728,708.1836,spend75p,718.6866,751.8226,789.7971,827.8837,869.2588,916.8990,966.3209,1011.8228,1062.8635,1110.3208,1160.8140,1208.0259,1246.4655,1279.3857,1310.4821,1333.9192,1349.6117,1365.9482,1374.8670,1363.0335,1332.2465,1327.1211,1314.6278,1314.8201,1313.9018,1312.9796,1302.7717,1287.5691,1257.1001,1235.0702,720.1866,698.2891,666.5512,648.2962,623.0287,603.6666,578.0262,563.9585,557.0603,552.4353,531.5961,523.6605,517.3604,511.6882,499.8527,481.6110,461.6096,445.0085,422.2128,402.6598,385.5667,357.1526,326.7530,299.6144,267.5407
70,1.5000,No dynamic rebalance,3.0000,23606.1213,708.1836,survival,1.0000,1.0000,1.0000,1.0000,1.0000,1.0000,1.0000,1.0000,1.0000,0.9995,0.9985,0.9965,0.9925,0.9875,0.9745,0.9655,0.9550,0.9405,0.9255,0.9090,0.8935,0.8715,0.8595,0.8415,0.8245,0.8105,0.7930,0.7795,0.7635,0.7525,0.7475,0.7410,0.7335,0.7280,0.7250,0.7195,0.7150,0.7110,0.7090,0.7065,0.7030,0.6995,0.6940,0.6915,0.6890,0.6865,0.6845,0.6825,0.6785,0.6760,0.6735,0.6725,0.6705,0.6690,0.6670
70,1.5000,No dynamic rebalance,3.0000,23606.1213,708.1836,spend25p,708.4987,721.2149,732.7160,744.7375,755.4477,768.3019,780.6773,794.5253,804.1812,811.3097,815.5486,819.8342,819.5819,818.2906,812.2407,800.1979,783.6107,760.0215,732.6796,695.8417,642.3440,600.2229,570.1853,529.8438,496.3054,457.7475,407.0977,364.8796,302.5619,200.2521,0.0000,0.0000,0.0000,0.0000,0.0000,0.0000,0.0000,0.0000,0.0000,0.0000,0.0000,0.0000,0.0000,0.0000,0.0000,0.0000,0.0000,0.0000,0.0000,0.0000,0.0000,0.0000,0.0000,0.0000,0.0000
70,1.5000,No dynamic rebalance,3.0000,23606.1213,708.1836,spend50p,713.6982,736.6212,760.6956,785.7300,811.9119,839.2992,867.6750,896.8302,926.7489,954.0862,975.7077,996.8659,1017.8220,1027.3360,1030.6491,1026.1635,1019.4630,1001.6290,984.6387,963.7918,919.3317,886.5356,870.0924,842.6784,822.7505,799.8692,772.7360,752.3925,724.5182,697.9351,338.2960,315.6134,288.4644,262.2754,244.3766,223.2681,211.3721,197.2903,183.6790,170.2153,157.4292,145.1384,132.7777,120.5291,109.8527,100.3185,88.0693,72.8252,55.0693,37.1959,18.5346,2.1361,0.0000,0.0000,0.0000
70,1.5000,No dynamic rebalance,3.0000,23606.1213,708.1836,spend75p,718.6866,751.8226,789.7971,827.8837,869.2588,916.8990,966.3209,1011.8228,1062.8635,1108.9931,1160.4243,1207.7690,1243.7048,1276.5039,1293.9437,1304.6659,1317.7197,1316.4133,1310.4613,1302.4925,1248.2953,1224.1865,1225.9441,1212.4632,1194.9012,1180.8310,1160.6048,1127.7262,1106.4080,1091.0007,622.7470,580.6106,554.9759,532.6344,513.9999,497.8360,482.6078,469.1015,462.9867,457.7599,455.9067,454.3315,440.5619,432.0181,417.6272,411.4051,404.6715,388.6775,371.4479,355.6275,330.2604,311.2856,285.4740,260.1445,230.0758
70,1.5000,固定最適比率,3.0000,23606.1213,708.1836,survival,1.0000,1.0000,1.0000,1.0000,1.0000,1.0000,1.0000,1.0000,1.0000,1.0000,1.0000,1.0000,1.0000,0.9995,0.9985,0.9950,0.9890,0.9830,0.9745,0.9660,0.9525,0.9410,0.9290,0.9160,0.9065,0.8880,0.8720,0.8540,0.8420,0.8280,0.8205,0.8130,0.8040,0.7975,0.7925,0.7870,0.7825,0.7775,0.7715,0.7660,0.7625,0.7585,0.7530,0.7505,0.7485,0.7455,0.7440,0.7415,0.7370,0.7350,0.7335,0.7330,0.7285,0.7260,0.7260
70,1.5000,固定最適比率,3.0000,23606.1213,708.1836,spend25p,708.4987,721.2149,732.7160,744.7375,755.4477,768.3019,780.6773,794.5253,804.1812,811.9363,816.6540,822.5586,824.9672,826.9343,831.3429,822.4603,814.4003,803.1532,780.4389,762.8992,714.9370,692.5113,665.8171,637.1916,612.0461,575.9777,546.0237,505.8294,473.0989,432.8784,159.9975,133.3529,102.8991,79.3940,60.4974,42.3672,23.3866,7.4605,0.0000,0.0000,0.0000,0.0000,0.0000,0.0000,0.0000,0.0000,0.0000,0.0000,0.0000,0.0000,0.0000,0.0000,0.0000,0.0000,0.0000
70,1.5000,固定最適比率,3.0000,23606.1213,708.1836,spend50p,713.6982,736.6212,760.6956,785.7300,811.9119,839.2992,867.6750,896.8302,926.7489,954.1056,976.3073,998.5977,1022.2532,1040.7745,1056.3551,1053.1836,1042.8476,1032.3675,1021.2004,1005.2249,960.9177,945.8782,927.1565,909.6244,895.1312,872.0838,849.8580,822.2263,793.2307,771.4090,392.3392,364.0781,330.8614,305.8635,287.3861,268.4238,252.6705,234.8324,220.7303,213.2213,199.0463,187.0859,178.3858,165.3955,154.3282,139.2469,124.8988,112.1085,95.2545,79.8737,64.1963,47.0262,23.4645,5.6323,0.0000
70,1.5000,固定最適比率,3.0000,23606.1213,708.1836,spend75p,718.6866,751.8226,789.7971,827.8837,869.2588,916.8990,966.3209,1011.8228,1062.8635,1110.3208,1161.2886,1208.6016,1247.4578,1281.9138,1315.6388,1339.4519,1352.7645,1363.6636,1360.6461,1355.4842,1307.7457,1294.6065,1276.2977,1264.7219,1262.4599,1240.1667,1222.7952,1180.6631,1152.5378,1136.9755,653.1143,625.6713,585.7506,562.7060,543.1135,521.3324,506.6227,492.1080,483.2355,476.7207,469.0863,469.4494,461.9257,454.2766,453.2919,435.1229,425.7511,404.2430,390.0348,369.9965,354.1079,331.3368,304.8911,274.8531,250.3159
70,1.5000,DynamicV1Rebalance,3.0000,23606.1213,708.1836,survival,1.0000,1.0000,1.0000,1.0000,1.0000,1.0000,1.0000,1.0000,1.0000,0.9995,0.9985,0.9965,0.9935,0.9885,0.9820,0.9715,0.9640,0.9530,0.9420,0.9260,0.9160,0.9020,0.8855,0.8720,0.8585,0.8430,0.8300,0.8195,0.8090,0.7975,0.7890,0.7840,0.7770,0.7730,0.7685,0.7660,0.7640,0.7590,0.7545,0.7510,0.7495,0.7485,0.7460,0.7410,0.7370,0.7335,0.7320,0.7320,0.7305,0.7300,0.7290,0.7280,0.7260,0.7255,0.7240
70,1.5000,DynamicV1Rebalance,3.0000,23606.1213,708.1836,spend25p,708.4987,721.2149,732.7160,744.7375,755.4477,768.3019,780.6773,794.5253,804.1812,811.3097,815.5486,819.8342,821.3738,818.7253,819.1673,807.4840,791.8269,769.6830,745.5291,716.6734,675.3335,641.3669,608.6073,580.9450,547.8400,515.7738,480.4373,445.9844,411.2511,376.5664,115.8224,89.0727,63.7606,44.6393,23.0726,3.5847,0.0000,0.0000,0.0000,0.0000,0.0000,0.0000,0.0000,0.0000,0.0000,0.0000,0.0000,0.0000,0.0000,0.0000,0.0000,0.0000,0.0000,0.0000,0.0000
70,1.5000,DynamicV1Rebalance,3.0000,23606.1213,708.1836,spend50p,713.6982,736.6212,760.6956,785.7300,811.9119,839.2992,867.6750,896.8302,926.7489,954.0862,975.7077,996.8659,1018.1277,1027.7617,1037.0333,1032.9286,1025.6362,1010.3830,998.0112,977.7558,934.3693,915.7835,889.6065,873.2429,857.7624,834.0015,812.5023,793.7171,766.6081,745.9618,375.3081,346.5435,319.7457,296.8375,276.7461,260.2160,245.3563,227.6900,218.0851,208.2875,198.2229,189.1270,180.7626,166.0469,152.8655,138.1689,123.4100,112.4322,99.2108,86.0119,69.6100,51.1601,33.4593,12.9539,0.0000
70,1.5000,DynamicV1Rebalance,3.0000,23606.1213,708.1836,spend75p,718.6866,751.8226,789.7971,827.8837,869.2588,916.8990,966.3209,1011.8228,1062.8635,1108.9931,1160.4243,1207.7690,1243.7048,1277.0725,1299.6013,1310.1696,1325.0821,1332.1041,1331.6956,1325.9371,1285.2501,1255.6422,1239.1275,1233.9968,1222.1227,1206.8903,1189.8860,1166.2756,1140.3721,1136.6869,651.3795,624.0643,586.4391,566.6450,549.3752,529.7360,518.3953,503.3648,495.8210,488.7837,491.5783,479.3908,478.5762,474.1801,464.3209,454.8562,441.1657,430.9252,406.3036,387.7698,373.3122,354.0027,326.7530,306.6035,282.1608
70,1.5000,SpendAwareDPRebalance (R70-aware),3.0000,23606.1213,708.1836,survival,1.0000,1.0000,1.0000,1.0000,1.0000,1.0000,1.0000,1.0000,1.0000,0.9995,0.9990,0.9970,0.9955,0.9910,0.9850,0.9800,0.9760,0.9695,0.9595,0.9515,0.9465,0.9385,0.9280,0.9200,0.9125,0.9020,0.8910,0.8850,0.8770,0.8700,0.8635,0.8585,0.8530,0.8470,0.8430,0.8370,0.8295,0.8240,0.8185,0.8105,0.8035,0.8005,0.7965,0.7930,0.7860,0.7795,0.7720,0.7640,0.7565,0.7530,0.7475,0.7440,0.7415,0.7385,0.7345
70,1.5000,SpendAwareDPRebalance (R70-aware),3.0000,23606.1213,708.1836,spend25p,708.4987,721.2149,732.7160,744.7375,755.4477,768.3019,780.6773,794.5253,804.1812,811.3097,815.9206,820.6764,821.9083,820.7530,821.9911,813.7298,802.4142,787.9399,768.2761,749.6669,709.2083,692.2443,667.3805,639.0994,620.5681,596.0956,571.6560,549.4968,523.9158,504.2425,205.9918,180.3755,155.4158,133.7030,113.9852,93.8748,74.9301,60.5538,44.7501,27.8083,10.0647,0.0000,0.0000,0.0000,0.0000,0.0000,0.0000,0.0000,0.0000,0.0000,0.0000,0.0000,0.0000,0.0000,0.0000
70,1.5000,SpendAwareDPRebalance (R70-aware),3.0000,23606.1213,708.1836,spend50p,713.6982,736.6212,760.6956,785.7300,811.9119,839.2992,867.6750,896.8302,926.7489,954.0862,975.8504,996.9535,1019.0683,1032.1175,1042.2627,1042.8359,1033.5402,1023.0356,1011.8447,995.4159,960.9177,952.5534,935.7319,920.2993,904.9264,889.6718,872.6716,858.4904,842.6939,818.6612,433.5755,401.6885,377.0460,348.9791,323.1895,306.8152,289.9212,276.6337,264.4497,243.2747,230.1304,223.0980,210.1951,201.4268,186.4028,163.7660,147.4598,127.3004,109.0834,92.0338,72.6825,51.6893,33.7478,11.8884,0.0000
70,1.5000,SpendAwareDPRebalance (R70-aware),3.0000,23606.1213,708.1836,spend75p,718.6866,751.8226,789.7971,827.8837,869.2588,916.8990,966.3209,1011.8228,1062.8635,1108.9931,1160.4243,1207.7690,1245.2615,1277.8977,1300.8251,1322.7115,1340.1015,1347.3592,1352.0481,1350.7258,1317.3436,1309.1884,1290.0261,1292.4040,1286.0472,1270.7063,1259.0264,1238.0818,1211.4218,1195.2332,694.4719,666.9459,641.4799,612.6926,590.1632,570.5319,549.2654,535.7071,522.9921,506.0099,500.2093,487.6448,484.8796,481.1306,470.7430,454.8562,436.2153,405.3580,387.9160,365.4009,337.8792,316.8527,289.8261,264.8104,232.5102
70,1.5000,No dynamic rebalance,3.3300,21266.7759,708.1836,survival,1.0000,1.0000,1.0000,1.0000,1.0000,1.0000,1.0000,1.0000,1.0000,0.9990,0.9965,0.9945,0.9880,0.9760,0.9610,0.9475,0.9330,0.9125,0.8900,0.8700,0.8520,0.8340,0.8120,0.7880,0.7690,0.7540,0.7355,0.7215,0.7055,0.6930,0.6860,0.6795,0.6720,0.6665,0.6595,0.6560,0.6520,0.6465,0.6405,0.6360,0.6340,0.6315,0.6305,0.6270,0.6235,0.6225,0.6220,0.6205,0.6195,0.6175,0.6155,0.6150,0.6130,0.6125,0.6125
70,1.5000,No dynamic rebalance,3.3300,21266.7759,708.1836,spend25p,708.4987,721.2149,732.7160,744.7375,755.4477,768.3019,780.6773,794.5253,804.1812,810.2135,814.3599,818.1465,814.0230,813.2932,799.4458,783.9745,761.4486,725.1704,684.2608,638.9713,584.0185,533.3790,483.2565,427.6615,354.9576,257.2445,0.0000,0.0000,0.0000,0.0000,0.0000,0.0000,0.0000,0.0000,0.0000,0.0000,0.0000,0.0000,0.0000,0.0000,0.0000,0.0000,0.0000,0.0000,0.0000,0.0000,0.0000,0.0000,0.0000,0.0000,0.0000,0.0000,0.0000,0.0000,0.0000
70,1.5000,No dynamic rebalance,3.3300,21266.7759,708.1836,spend50p,713.6982,736.6212,760.6956,785.7300,811.9119,839.2992,867.6750,896.8302,926.7489,954.0025,974.1321,995.2290,1015.1815,1021.1484,1020.1606,1014.9251,1002.4890,987.4316,953.8327,928.7071,879.6102,850.7294,827.7027,797.3584,775.6459,744.8016,714.0499,685.1166,646.4533,617.3793,285.4661,261.9960,231.7786,210.0271,190.9842,171.8727,156.2855,140.3427,122.6713,109.7519,97.9557,89.9202,79.6954,63.9200,52.1478,40.8967,29.6864,16.9298,4.1122,0.0000,0.0000,0.0000,0.0000,0.0000,0.0000
70,1.5000,No dynamic rebalance,3.3300,21266.7759,708.1836,spend75p,718.6866,751.8226,789.7971,827.8837,869.2588,916.8990,966.3209,1011.8228,1062.8635,1108.2926,1159.6972,1206.8956,1239.8383,1262.5216,1283.0496,1295.1941,1297.8882,1297.5731,1279.4483,1252.2169,1204.8797,1196.0373,1182.6601,1158.3797,1146.2143,1115.6029,1090.3802,1067.8153,1037.9252,1018.4123,565.5513,537.5868,508.2792,485.6042,462.7050,448.7066,436.2087,427.7921,417.6734,404.9664,397.7826,392.1934,388.3297,375.0136,365.5449,357.1854,352.7717,339.6454,319.4266,304.4578,278.5730,257.4371,235.1076,212.9659,191.4269
70,1.5000,固定最適比率,3.3300,21266.7759,708.1836,survival,1.0000,1.0000,1.0000,1.0000,1.0000,1.0000,1.0000,1.0000,1.0000,1.0000,0.9995,0.9990,0.9965,0.9920,0.9845,0.9715,0.9600,0.9460,0.9305,0.9115,0.8965,0.8745,0.8540,0.8340,0.8165,0.7965,0.7760,0.7585,0.7435,0.7280,0.7200,0.7120,0.7050,0.6990,0.6915,0.6875,0.6830,0.6795,0.6735,0.6715,0.6675,0.6640,0.6610,0.6555,0.6525,0.6515,0.6475,0.6455,0.6425,0.6390,0.6385,0.6370,0.6345,0.6345,0.6335
70,1.5000,固定最適比率,3.3300,21266.7759,708.1836,spend25p,708.4987,721.2149,732.7160,744.7375,755.4477,768.3019,780.6773,794.5253,804.1812,811.9363,816.2113,821.7867,822.1360,820.7530,821.8880,805.6414,787.5229,763.6552,736.7069,697.6514,645.9448,602.6877,560.6987,519.9513,474.0116,423.4554,364.9908,285.0913,0.0000,0.0000,0.0000,0.0000,0.0000,0.0000,0.0000,0.0000,0.0000,0.0000,0.0000,0.0000,0.0000,0.0000,0.0000,0.0000,0.0000,0.0000,0.0000,0.0000,0.0000,0.0000,0.0000,0.0000,0.0000,0.0000,0.0000
70,1.5000,固定最適比率,3.3300,21266.7759,708.1836,spend50p,713.6982,736.6212,760.6956,785.7300,811.9119,839.2992,867.6750,896.8302,926.7489,954.1056,976.0678,998.1897,1019.0683,1029.1998,1040.3158,1028.6852,1021.3942,1003.7995,984.6387,961.4234,914.0879,884.6806,852.9987,833.2799,805.1502,776.5968,754.0597,720.9188,696.5683,657.2811,313.5815,286.4073,259.0657,235.9881,212.0777,198.0400,177.2512,163.7897,149.3823,139.2104,122.4175,110.2965,98.5503,88.7292,76.0870,61.0632,49.8750,37.1019,21.3434,1.6887,0.0000,0.0000,0.0000,0.0000,0.0000
70,1.5000,固定最適比率,3.3300,21266.7759,708.1836,spend75p,718.6866,751.8226,789.7971,827.8837,869.2588,916.8990,966.3209,1011.8228,1062.8635,1110.3208,1160.8140,1208.0259,1244.5092,1277.2800,1299.8922,1305.1225,1316.9641,1315.4980,1308.7619,1294.9986,1237.7089,1219.2343,1196.8245,1189.8985,1172.5546,1149.3066,1109.6143,1084.2753,1061.5977,1032.9455,571.4729,543.5592,518.3152,494.3256,472.1366,454.7222,443.5710,440.6612,428.1891,422.5073,413.6454,404.1468,396.0896,383.1472,368.4081,363.8140,356.1516,342.8908,320.3807,304.4578,280.0130,258.4539,235.3363,215.1398,192.6922
70,1.5000,DynamicV1Rebalance,3.3300,21266.7759,708.1836,survival,1.0000,1.0000,1.0000,1.0000,1.0000,1.0000,1.0000,1.0000,1.0000,0.9990,0.9965,0.9945,0.9880,0.9790,0.9625,0.9530,0.9415,0.9225,0.9040,0.8860,0.8680,0.8520,0.8365,0.8175,0.8005,0.7820,0.7645,0.7510,0.7375,0.7275,0.7170,0.7080,0.7055,0.6985,0.6945,0.6905,0.6860,0.6825,0.6785,0.6765,0.6755,0.6740,0.6715,0.6700,0.6660,0.6650,0.6645,0.6635,0.6605,0.6600,0.6590,0.6585,0.6585,0.6580,0.6575
70,1.5000,DynamicV1Rebalance,3.3300,21266.7759,708.1836,spend25p,708.4987,721.2149,732.7160,744.7375,755.4477,768.3019,780.6773,794.5253,804.1812,810.2135,814.3599,818.1465,814.0230,815.1312,800.5133,789.0363,769.5757,737.0349,701.4559,663.3634,608.3869,571.1639,531.4985,493.3248,443.6895,387.6743,320.7620,200.1028,0.0000,0.0000,0.0000,0.0000,0.0000,0.0000,0.0000,0.0000,0.0000,0.0000,0.0000,0.0000,0.0000,0.0000,0.0000,0.0000,0.0000,0.0000,0.0000,0.0000,0.0000,0.0000,0.0000,0.0000,0.0000,0.0000,0.0000
70,1.5000,DynamicV1Rebalance,3.3300,21266.7759,708.1836,spend50p,713.6982,736.6212,760.6956,785.7300,811.9119,839.2992,867.6750,896.8302,926.7489,954.0025,974.1321,995.2290,1015.1815,1023.0577,1020.8299,1020.5204,1009.2098,992.2829,965.0388,944.2501,894.4071,865.7087,848.3269,824.3243,795.3689,772.0154,746.4502,719.3602,695.2109,661.7905,315.3958,286.8120,262.5576,239.8263,217.2366,203.4404,185.4824,169.9331,156.6004,145.2982,134.6895,125.7925,114.4921,105.6822,92.9882,80.7309,71.9360,57.3959,40.3126,26.2385,11.1428,0.0000,0.0000,0.0000,0.0000
70,1.5000,DynamicV1Rebalance,3.3300,21266.7759,708.1836,spend75p,718.6866,751.8226,789.7971,827.8837,869.2588,916.8990,966.3209,1011.8228,1062.8635,1108.2926,1159.6972,1206.8956,1239.8383,1266.4840,1283.6358,1299.4368,1305.0591,1308.4911,1291.5893,1281.0037,1218.3145,1210.3455,1196.8245,1187.9133,1167.4245,1154.3248,1119.3767,1099.2307,1076.8801,1057.9574,586.6415,555.8940,535.5423,500.9858,484.8254,469.5822,454.6070,447.9453,440.3848,435.1509,432.2701,430.4574,416.7583,410.9127,392.9167,390.2481,383.4553,369.7643,354.9216,341.2180,317.5841,297.9228,274.8161,254.3413,226.9552
70,1.5000,SpendAwareDPRebalance (R70-aware),3.3300,21266.7759,708.1836,survival,1.0000,1.0000,1.0000,1.0000,1.0000,1.0000,1.0000,1.0000,1.0000,0.9990,0.9965,0.9950,0.9900,0.9825,0.9725,0.9625,0.9545,0.9415,0.9305,0.9180,0.9100,0.8980,0.8805,0.8670,0.8555,0.8450,0.8335,0.8235,0.8160,0.8050,0.7995,0.7950,0.7870,0.7815,0.7790,0.7730,0.7675,0.7605,0.7520,0.7455,0.7380,0.7315,0.7260,0.7195,0.7140,0.7070,0.6970,0.6925,0.6910,0.6860,0.6835,0.6810,0.6780,0.6735,0.6700
70,1.5000,SpendAwareDPRebalance (R70-aware),3.3300,21266.7759,708.1836,spend25p,708.4987,721.2149,732.7160,744.7375,755.4477,768.3019,780.6773,794.5253,804.1812,810.2135,814.3599,818.5234,816.1812,816.4255,811.4465,798.3278,783.2176,761.3880,736.7069,705.2821,668.9973,635.6885,605.5642,570.9754,540.8921,518.1407,485.3699,456.9548,427.8197,391.6545,132.1701,106.0880,80.4657,58.2303,40.6199,20.1091,0.0000,0.0000,0.0000,0.0000,0.0000,0.0000,0.0000,0.0000,0.0000,0.0000,0.0000,0.0000,0.0000,0.0000,0.0000,0.0000,0.0000,0.0000,0.0000
70,1.5000,SpendAwareDPRebalance (R70-aware),3.3300,21266.7759,708.1836,spend50p,713.6982,736.6212,760.6956,785.7300,811.9119,839.2992,867.6750,896.8302,926.7489,954.0025,974.1321,995.5083,1016.0889,1026.2936,1030.6491,1025.7416,1019.4630,1004.8174,988.8290,968.4445,926.7171,908.2860,886.7307,864.3854,845.4401,833.4503,812.0620,795.0365,769.1987,748.0539,382.5423,353.0067,320.9187,299.0913,281.6149,260.8110,242.8963,225.4706,213.1715,194.7133,179.9496,169.2602,155.1805,143.1993,125.5321,108.9285,90.2440,74.9277,58.6077,38.4992,20.9326,2.6102,0.0000,0.0000,0.0000
70,1.5000,SpendAwareDPRebalance (R70-aware),3.3300,21266.7759,708.1836,spend75p,718.6866,751.8226,789.7971,827.8837,869.2588,916.8990,966.3209,1011.8228,1062.8635,1108.2926,1159.6972,1207.2769,1240.3313,1270.3890,1291.7413,1302.5405,1317.1713,1319.6795,1312.5188,1304.2286,1262.1098,1248.2639,1231.9940,1222.7427,1215.4555,1204.0543,1182.0379,1163.6072,1136.4376,1120.6733,645.3539,620.5034,579.5655,557.1141,533.3840,509.3045,496.4582,473.9517,462.4000,454.2455,446.0131,441.5639,428.9693,413.7934,393.3047,382.1155,362.2291,344.7745,324.4663,308.8033,280.4705,256.1203,232.1683,205.9520,184.8366
70,1.5000,No dynamic rebalance,3.6600,19349.2797,708.1836,survival,1.0000,1.0000,1.0000,1.0000,1.0000,1.0000,1.0000,1.0000,0.9995,0.9975,0.9955,0.9895,0.9790,0.9595,0.9425,0.9280,0.9015,0.8760,0.8545,0.8310,0.8055,0.7775,0.7535,0.7285,0.7095,0.6880,0.6730,0.6590,0.6445,0.6330,0.6240,0.6190,0.6100,0.6060,0.6020,0.6000,0.5960,0.5935,0.5910,0.5885,0.5860,0.5830,0.5795,0.5780,0.5735,0.5705,0.5690,0.5655,0.5635,0.5610,0.5590,0.5590,0.5575,0.5575,0.5575
70,1.5000,No dynamic rebalance,3.6600,19349.2797,708.1836,spend25p,708.4987,721.2149,732.7160,744.7375,755.4477,768.3019,780.6773,794.5253,804.0683,809.2232,813.9996,815.8866,809.4292,798.6919,782.4302,758.7812,726.1372,673.5581,632.3085,576.4013,498.1860,423.2420,277.3456,0.0000,0.0000,0.0000,0.0000,0.0000,0.0000,0.0000,0.0000,0.0000,0.0000,0.0000,0.0000,0.0000,0.0000,0.0000,0.0000,0.0000,0.0000,0.0000,0.0000,0.0000,0.0000,0.0000,0.0000,0.0000,0.0000,0.0000,0.0000,0.0000,0.0000,0.0000,0.0000
70,1.5000,No dynamic rebalance,3.6600,19349.2797,708.1836,spend50p,713.6982,736.6212,760.6956,785.7300,811.9119,839.2992,867.6750,896.8302,926.3303,952.6157,973.8660,993.5976,1008.4832,1010.8360,1004.7831,1001.2986,979.9319,952.2833,920.4532,891.4108,832.6221,806.0812,770.9680,739.2557,704.7113,667.5078,635.1386,603.5588,571.2350,543.9709,231.8863,207.2667,179.1851,157.8370,138.0821,122.7519,103.6769,89.1874,74.8616,65.0107,55.5971,46.9316,36.2260,24.2395,8.9596,0.0000,0.0000,0.0000,0.0000,0.0000,0.0000,0.0000,0.0000,0.0000,0.0000
70,1.5000,No dynamic rebalance,3.6600,19349.2797,708.1836,spend75p,718.6866,751.8226,789.7971,827.8837,869.2588,916.8990,966.3209,1011.8228,1062.4639,1107.6675,1158.8195,1203.7176,1235.6143,1252.0348,1271.7996,1284.7982,1283.5441,1257.8684,1248.2466,1222.2332,1168.3647,1148.6265,1130.2578,1111.7585,1073.8988,1044.9479,1017.4487,1003.1855,978.4644,945.8018,521.6407,495.2271,461.3168,441.4084,424.1131,406.0680,387.8100,376.6049,366.6505,360.9644,354.4925,351.6640,344.7030,341.2413,331.1547,317.1323,300.7680,278.1226,262.9463,245.3271,227.2537,209.4357,191.4091,169.7782,143.3286
70,1.5000,固定最適比率,3.6600,19349.2797,708.1836,survival,1.0000,1.0000,1.0000,1.0000,1.0000,1.0000,1.0000,1.0000,1.0000,0.9990,0.9965,0.9930,0.9855,0.9690,0.9520,0.9375,0.9170,0.8900,0.8715,0.8490,0.8240,0.7980,0.7735,0.7460,0.7260,0.7015,0.6845,0.6700,0.6590,0.6435,0.6365,0.6300,0.6200,0.6155,0.6135,0.6100,0.6045,0.6035,0.5985,0.5955,0.5935,0.5915,0.5885,0.5875,0.5835,0.5785,0.5760,0.5725,0.5710,0.5695,0.5685,0.5680,0.5665,0.5660,0.5655
70,1.5000,固定最適比率,3.6600,19349.2797,708.1836,spend25p,708.4987,721.2149,732.7160,744.7375,755.4477,768.3019,780.6773,794.5253,804.1812,810.2135,814.3599,816.9855,813.3026,806.1870,791.5058,769.5682,741.6317,693.8261,655.2427,606.4278,531.4235,469.1897,395.5057,0.0000,0.0000,0.0000,0.0000,0.0000,0.0000,0.0000,0.0000,0.0000,0.0000,0.0000,0.0000,0.0000,0.0000,0.0000,0.0000,0.0000,0.0000,0.0000,0.0000,0.0000,0.0000,0.0000,0.0000,0.0000,0.0000,0.0000,0.0000,0.0000,0.0000,0.0000,0.0000
70,1.5000,固定最適比率,3.6600,19349.2797,708.1836,spend50p,713.6982,736.6212,760.6956,785.7300,811.9119,839.2992,867.6750,896.8302,926.7489,954.0025,974.1321,994.5794,1010.7447,1016.6565,1011.2652,1007.6727,990.8844,967.2369,937.1030,909.5767,845.1458,819.0307,791.9633,755.8912,722.6636,677.4848,649.6635,615.8653,587.2164,552.9823,239.9641,215.4183,185.0060,163.1892,148.0295,127.9759,110.0643,97.4664,79.3045,69.1008,59.3848,50.8117,40.0975,33.1246,18.1565,0.0000,0.0000,0.0000,0.0000,0.0000,0.0000,0.0000,0.0000,0.0000,0.0000
70,1.5000,固定最適比率,3.6600,19349.2797,708.1836,spend75p,718.6866,751.8226,789.7971,827.8837,869.2588,916.8990,966.3209,1011.8228,1062.8635,1108.2926,1159.6972,1204.9305,1237.7144,1259.1543,1277.3460,1286.9576,1287.9754,1268.3588,1256.0444,1232.7934,1174.1471,1158.6467,1145.3370,1115.0441,1085.6047,1050.9326,1018.6940,1008.9001,983.0838,951.8531,525.0906,496.9846,467.2449,441.8502,427.9252,411.2172,389.1727,382.2397,369.6393,361.9619,355.0380,351.6640,346.4461,341.4478,332.9165,317.1323,299.5908,283.2705,263.4729,247.4930,229.6159,210.5617,192.5774,171.9393,146.3109
70,1.5000,DynamicV1Rebalance,3.6600,19349.2797,708.1836,survival,1.0000,1.0000,1.0000,1.0000,1.0000,1.0000,1.0000,1.0000,0.9995,0.9980,0.9965,0.9895,0.9805,0.9605,0.9465,0.9330,0.9050,0.8820,0.8605,0.8395,0.8155,0.7945,0.7720,0.7505,0.7310,0.7110,0.6940,0.6800,0.6670,0.6515,0.6420,0.6370,0.6295,0.6225,0.6195,0.6165,0.6145,0.6105,0.6075,0.6045,0.6020,0.6010,0.6000,0.5990,0.5960,0.5940,0.5930,0.5915,0.5910,0.5890,0.5885,0.5880,0.5880,0.5875,0.5870
70,1.5000,DynamicV1Rebalance,3.6600,19349.2797,708.1836,spend25p,708.4987,721.2149,732.7160,744.7375,755.4477,768.3019,780.6773,794.5253,804.0683,809.4446,814.3599,815.8866,810.4489,799.0268,785.3928,762.9096,728.9354,679.8427,640.9515,592.3015,514.7209,461.8642,387.8035,215.2903,0.0000,0.0000,0.0000,0.0000,0.0000,0.0000,0.0000,0.0000,0.0000,0.0000,0.0000,0.0000,0.0000,0.0000,0.0000,0.0000,0.0000,0.0000,0.0000,0.0000,0.0000,0.0000,0.0000,0.0000,0.0000,0.0000,0.0000,0.0000,0.0000,0.0000,0.0000
70,1.5000,DynamicV1Rebalance,3.6600,19349.2797,708.1836,spend50p,713.6982,736.6212,760.6956,785.7300,811.9119,839.2992,867.6750,896.8302,926.3303,953.4232,974.1321,993.5976,1008.9100,1011.4364,1008.4844,1007.6727,983.2725,959.0679,932.1718,904.0910,843.5140,819.9109,794.6524,759.7236,727.2657,694.3307,666.2196,632.3809,603.6552,565.0574,243.8499,221.3041,196.3713,172.0032,154.5580,138.6610,125.7086,108.5685,91.4720,79.4939,67.9308,59.7964,51.9914,43.6846,30.2069,17.1338,4.0758,0.0000,0.0000,0.0000,0.0000,0.0000,0.0000,0.0000,0.0000
70,1.5000,DynamicV1Rebalance,3.6600,19349.2797,708.1836,spend75p,718.6866,751.8226,789.7971,827.8837,869.2588,916.8990,966.3209,1011.8228,1062.4639,1107.9589,1159.6972,1203.7176,1236.5073,1252.0348,1275.1188,1287.4907,1286.2100,1262.0209,1250.5655,1230.4353,1174.0543,1165.4362,1150.1718,1127.0249,1106.3691,1063.0520,1037.2691,1023.6600,995.9820,966.7168,532.9816,510.3333,478.4261,451.5668,435.0377,417.8472,407.5401,394.7799,380.1923,370.0710,366.3252,364.1463,361.3380,358.6086,351.7436,335.0785,328.4182,311.8139,301.3331,279.1573,260.2932,240.2817,222.8358,199.7049,177.3288
70,1.5000,SpendAwareDPRebalance (R70-aware),3.6600,19349.2797,708.1836,survival,1.0000,1.0000,1.0000,1.0000,1.0000,1.0000,1.0000,1.0000,0.9995,0.9975,0.9960,0.9900,0.9815,0.9665,0.9525,0.9430,0.9245,0.9030,0.8860,0.8705,0.8550,0.8400,0.8185,0.8055,0.7890,0.7745,0.7645,0.7465,0.7345,0.7200,0.7175,0.7135,0.7115,0.7070,0.7035,0.6980,0.6915,0.6865,0.6780,0.6695,0.6620,0.6585,0.6510,0.6445,0.6380,0.6315,0.6255,0.6205,0.6160,0.6125,0.6075,0.6055,0.6025,0.5990,0.5970
70,1.5000,SpendAwareDPRebalance (R70-aware),3.6600,19349.2797,708.1836,spend25p,708.4987,721.2149,732.7160,744.7375,755.4477,768.3019,780.6773,794.5253,804.0683,809.2232,814.1837,816.0971,810.9387,805.4318,793.1503,777.8998,750.7788,717.3339,678.0898,647.4365,593.4699,547.1079,495.2858,463.7449,414.6104,362.4773,320.7620,0.0000,0.0000,0.0000,0.0000,0.0000,0.0000,0.0000,0.0000,0.0000,0.0000,0.0000,0.0000,0.0000,0.0000,0.0000,0.0000,0.0000,0.0000,0.0000,0.0000,0.0000,0.0000,0.0000,0.0000,0.0000,0.0000,0.0000,0.0000
70,1.5000,SpendAwareDPRebalance (R70-aware),3.6600,19349.2797,708.1836,spend50p,713.6982,736.6212,760.6956,785.7300,811.9119,839.2992,867.6750,896.8302,926.3303,952.6157,974.1321,993.8851,1009.4720,1015.5956,1011.7128,1011.5585,996.4187,973.5460,951.2748,929.6062,884.5313,854.6831,833.5655,813.3221,788.7632,766.1950,743.4989,709.4786,688.6408,650.2177,313.5815,288.5182,266.0893,244.8834,224.2763,208.1312,188.1160,171.4170,153.9568,136.7142,118.8758,105.5226,91.6115,77.2923,62.0568,46.3021,29.6864,11.5188,0.0000,0.0000,0.0000,0.0000,0.0000,0.0000,0.0000
70,1.5000,SpendAwareDPRebalance (R70-aware),3.6600,19349.2797,708.1836,spend75p,718.6866,751.8226,789.7971,827.8837,869.2588,916.8990,966.3209,1011.8228,1062.4639,1107.6675,1159.6972,1203.8126,1236.5073,1257.3378,1280.6853,1293.6013,1293.9752,1287.2303,1269.9332,1253.6450,1205.7290,1198.2114,1182.9584,1172.4772,1152.1558,1128.4012,1109.4788,1078.5716,1061.5977,1028.2170,577.0608,551.4617,529.8570,499.0869,476.0192,454.7222,440.8551,432.3301,417.6734,401.0141,387.1354,378.3841,365.5371,354.0582,340.9555,322.2467,301.3248,283.3554,262.4169,243.5699,219.8324,200.6280,181.5120,156.8121,133.9668
70,1.5000,No dynamic rebalance,4.0000,17704.5910,708.1836,survival,1.0000,1.0000,1.0000,1.0000,1.0000,1.0000,1.0000,1.0000,0.9990,0.9965,0.9920,0.9825,0.9595,0.9405,0.9230,0.8965,0.8670,0.8405,0.8070,0.7750,0.7440,0.7120,0.6910,0.6680,0.6480,0.6340,0.6190,0.6040,0.5870,0.5735,0.5690,0.5650,0.5585,0.5525,0.5445,0.5405,0.5380,0.5340,0.5300,0.5260,0.5225,0.5190,0.5175,0.5165,0.5150,0.5135,0.5120,0.5105,0.5090,0.5080,0.5060,0.5045,0.5035,0.5020,0.5005
70,1.5000,No dynamic rebalance,4.0000,17704.5910,708.1836,spend25p,708.4987,721.2149,732.7160,744.7375,755.4477,768.3019,780.6773,794.5253,803.6139,808.6686,812.2358,811.0421,796.8504,784.4257,765.1702,732.3040,677.1259,632.7207,549.9814,460.5992,0.0000,0.0000,0.0000,0.0000,0.0000,0.0000,0.0000,0.0000,0.0000,0.0000,0.0000,0.0000,0.0000,0.0000,0.0000,0.0000,0.0000,0.0000,0.0000,0.0000,0.0000,0.0000,0.0000,0.0000,0.0000,0.0000,0.0000,0.0000,0.0000,0.0000,0.0000,0.0000,0.0000,0.0000,0.0000
70,1.5000,No dynamic rebalance,4.0000,17704.5910,708.1836,spend50p,713.6982,736.6212,760.6956,785.7300,811.9119,839.2992,867.6750,896.8302,926.1366,952.0141,972.3283,989.8632,994.7801,997.6689,991.0196,973.3570,947.6193,927.3717,884.1417,849.6938,783.0395,739.8291,710.2434,668.0094,630.6790,595.6511,563.9569,533.8943,492.5985,453.3430,169.2556,148.0790,121.4011,92.6734,71.8497,55.8878,43.1219,24.3169,12.8677,0.0147,0.0000,0.0000,0.0000,0.0000,0.0000,0.0000,0.0000,0.0000,0.0000,0.0000,0.0000,0.0000,0.0000,0.0000,0.0000
70,1.5000,No dynamic rebalance,4.0000,17704.5910,708.1836,spend75p,718.6866,751.8226,789.7971,827.8837,869.2588,916.8990,966.3209,1011.8228,1062.1801,1107.6675,1157.1505,1198.1117,1220.2776,1240.4199,1253.9142,1264.6940,1252.1251,1242.2368,1209.3409,1178.0751,1123.8884,1101.1061,1070.0311,1043.2853,1017.6217,986.8298,963.3958,940.1688,912.5640,896.7496,480.5309,454.6966,427.8859,403.9226,376.4424,358.6550,342.5328,332.4270,328.2904,311.5554,301.2248,293.3218,284.2789,275.2585,265.3716,258.1776,243.4146,227.6635,213.4203,199.3406,177.0102,153.2487,134.3730,115.4701,97.9589
70,1.5000,固定最適比率,4.0000,17704.5910,708.1836,survival,1.0000,1.0000,1.0000,1.0000,1.0000,1.0000,1.0000,1.0000,0.9990,0.9965,0.9920,0.9825,0.9595,0.9405,0.9230,0.8965,0.8670,0.8405,0.8070,0.7750,0.7440,0.7120,0.6910,0.6680,0.6480,0.6340,0.6190,0.6040,0.5870,0.5735,0.5690,0.5650,0.5585,0.5525,0.5445,0.5405,0.5380,0.5340,0.5300,0.5260,0.5225,0.5190,0.5175,0.5165,0.5150,0.5135,0.5120,0.5105,0.5090,0.5080,0.5060,0.5045,0.5035,0.5020,0.5005
70,1.5000,固定最適比率,4.0000,17704.5910,708.1836,spend25p,708.4987,721.2149,732.7160,744.7375,755.4477,768.3019,780.6773,794.5253,803.6139,808.6686,812.2358,811.0421,796.8504,784.4257,765.1702,732.3040,677.1259,632.7207,549.9814,460.5992,0.0000,0.0000,0.0000,0.0000,0.0000,0.0000,0.0000,0.0000,0.0000,0.0000,0.0000,0.0000,0.0000,0.0000,0.0000,0.0000,0.0000,0.0000,0.0000,0.0000,0.0000,0.0000,0.0000,0.0000,0.0000,0.0000,0.0000,0.0000,0.0000,0.0000,0.0000,0.0000,0.0000,0.0000,0.0000
70,1.5000,固定最適比率,4.0000,17704.5910,708.1836,spend50p,713.6982,736.6212,760.6956,785.7300,811.9119,839.2992,867.6750,896.8302,926.1366,952.0141,972.3283,989.8632,994.7801,997.6689,991.0196,973.3570,947.6193,927.3717,884.1417,849.6938,783.0395,739.8291,710.2434,668.0094,630.6790,595.6511,563.9569,533.8943,492.5985,453.3430,169.2556,148.0790,121.4011,92.6734,71.8497,55.8878,43.1219,24.3169,12.8677,0.0147,0.0000,0.0000,0.0000,0.0000,0.0000,0.0000,0.0000,0.0000,0.0000,0.0000,0.0000,0.0000,0.0000,0.0000,0.0000
70,1.5000,固定最適比率,4.0000,17704.5910,708.1836,spend75p,718.6866,751.8226,789.7971,827.8837,869.2588,916.8990,966.3209,1011.8228,1062.1801,1107.6675,1157.1505,1198.1117,1220.2776,1240.4199,1253.9142,1264.6940,1252.1251,1242.2368,1209.3409,1178.0751,1123.8884,1101.1061,1070.0311,1043.2853,1017.6217,986.8298,963.3958,940.1688,912.5640,896.7496,480.5309,454.6966,427.8859,403.9226,376.4424,358.6550,342.5328,332.4270,328.2904,311.5554,301.2248,293.3218,284.2789,275.2585,265.3716,258.1776,243.4146,227.6635,213.4203,199.3406,177.0102,153.2487,134.3730,115.4701,97.9589
70,1.5000,DynamicV1Rebalance,4.0000,17704.5910,708.1836,survival,1.0000,1.0000,1.0000,1.0000,1.0000,1.0000,1.0000,1.0000,0.9990,0.9965,0.9925,0.9825,0.9600,0.9410,0.9255,0.8970,0.8700,0.8435,0.8115,0.7825,0.7525,0.7225,0.7030,0.6790,0.6580,0.6440,0.6305,0.6165,0.5995,0.5890,0.5830,0.5795,0.5730,0.5690,0.5645,0.5585,0.5570,0.5525,0.5495,0.5455,0.5425,0.5410,0.5390,0.5380,0.5355,0.5330,0.5320,0.5315,0.5310,0.5305,0.5290,0.5285,0.5275,0.5265,0.5255
70,1.5000,DynamicV1Rebalance,4.0000,17704.5910,708.1836,spend25p,708.4987,721.2149,732.7160,744.7375,755.4477,768.3019,780.6773,794.5253,803.6139,808.6686,812.5738,811.0421,797.8374,784.5136,770.6376,733.0721,682.0191,635.0308,559.5233,479.8822,284.6989,0.0000,0.0000,0.0000,0.0000,0.0000,0.0000,0.0000,0.0000,0.0000,0.0000,0.0000,0.0000,0.0000,0.0000,0.0000,0.0000,0.0000,0.0000,0.0000,0.0000,0.0000,0.0000,0.0000,0.0000,0.0000,0.0000,0.0000,0.0000,0.0000,0.0000,0.0000,0.0000,0.0000,0.0000
70,1.5000,DynamicV1Rebalance,4.0000,17704.5910,708.1836,spend50p,713.6982,736.6212,760.6956,785.7300,811.9119,839.2992,867.6750,896.8302,926.1366,952.0141,972.3283,989.8632,995.2654,997.9855,993.3446,973.8418,951.9108,929.3402,888.1693,853.9105,789.2859,748.1205,725.1107,678.2761,645.0571,620.8015,587.3562,549.5675,514.2572,485.0835,188.6458,164.3651,139.5883,118.0931,95.3823,74.8073,62.6264,48.0043,35.0596,18.4840,7.9740,0.0000,0.0000,0.0000,0.0000,0.0000,0.0000,0.0000,0.0000,0.0000,0.0000,0.0000,0.0000,0.0000,0.0000
70,1.5000,DynamicV1Rebalance,4.0000,17704.5910,708.1836,spend75p,718.6866,751.8226,789.7971,827.8837,869.2588,916.8990,966.3209,1011.8228,1062.1801,1107.6675,1157.1505,1198.1117,1220.9550,1240.5277,1258.6597,1265.3729,1254.2540,1243.5178,1211.7256,1182.7301,1133.0087,1105.7765,1087.8027,1060.9776,1022.9408,996.8378,976.3784,950.9645,919.4684,905.8154,489.6681,457.9383,433.4121,410.7995,386.7750,368.3360,355.9351,344.3601,335.2305,327.6912,316.8323,308.2460,303.5774,299.1860,290.7638,277.7313,271.1179,250.5921,236.5563,221.4742,205.9762,186.1294,169.1849,140.7497,116.6778
70,1.5000,SpendAwareDPRebalance (R70-aware),4.0000,17704.5910,708.1836,survival,1.0000,1.0000,1.0000,1.0000,1.0000,1.0000,1.0000,1.0000,0.9990,0.9965,0.9925,0.9825,0.9620,0.9445,0.9305,0.9045,0.8770,0.8555,0.8310,0.8080,0.7915,0.7645,0.7425,0.7295,0.7090,0.6980,0.6890,0.6770,0.6645,0.6510,0.6475,0.6420,0.6380,0.6325,0.6285,0.6230,0.6175,0.6135,0.6065,0.6015,0.5970,0.5905,0.5850,0.5765,0.5700,0.5640,0.5570,0.5525,0.5465,0.5410,0.5360,0.5330,0.5310,0.5275,0.5265
70,1.5000,SpendAwareDPRebalance (R70-aware),4.0000,17704.5910,708.1836,spend25p,708.4987,721.2149,732.7160,744.7375,755.4477,768.3019,780.6773,794.5253,803.6139,808.6686,812.5738,811.0421,798.6715,787.8438,775.1945,741.9676,688.6673,649.2571,598.2138,534.2749,471.1627,379.7397,0.0000,0.0000,0.0000,0.0000,0.0000,0.0000,0.0000,0.0000,0.0000,0.0000,0.0000,0.0000,0.0000,0.0000,0.0000,0.0000,0.0000,0.0000,0.0000,0.0000,0.0000,0.0000,0.0000,0.0000,0.0000,0.0000,0.0000,0.0000,0.0000,0.0000,0.0000,0.0000,0.0000
70,1.5000,SpendAwareDPRebalance (R70-aware),4.0000,17704.5910,708.1836,spend50p,713.6982,736.6212,760.6956,785.7300,811.9119,839.2992,867.6750,896.8302,926.1366,952.0141,972.3283,989.8632,995.9866,999.0716,998.2800,979.1611,957.7076,936.1854,907.3608,874.7926,827.3548,793.8337,758.7448,741.5908,704.0281,677.9176,659.9703,628.8717,600.8266,563.6956,248.6020,227.2095,206.6107,184.7043,164.0116,147.0703,129.5066,110.3553,90.1172,75.7026,64.7933,50.8117,38.1110,19.1029,1.7618,0.0000,0.0000,0.0000,0.0000,0.0000,0.0000,0.0000,0.0000,0.0000,0.0000
70,1.5000,SpendAwareDPRebalance (R70-aware),4.0000,17704.5910,708.1836,spend75p,718.6866,751.8226,789.7971,827.8837,869.2588,916.8990,966.3209,1011.8228,1062.1801,1107.6675,1157.1505,1198.1117,1221.4779,1241.3306,1262.8551,1269.9409,1257.9211,1250.8351,1229.6831,1205.2420,1164.2015,1133.7407,1116.3930,1104.3247,1063.6693,1050.9025,1027.9215,1013.4026,985.3311,942.9023,523.5971,495.8875,470.6611,443.8441,427.1412,404.1529,383.0328,370.7906,355.6645,348.3312,339.0608,326.5700,316.6143,300.4399,285.5805,265.7460,244.2959,225.9558,209.2670,187.8718,163.3623,144.1859,120.4418,99.9958,82.0443
70,1.5000,No dynamic rebalance,5.0000,14163.6728,708.1836,survival,1.0000,1.0000,1.0000,1.0000,1.0000,1.0000,1.0000,0.9985,0.9935,0.9850,0.9600,0.9330,0.9000,0.8595,0.8170,0.7695,0.7265,0.6805,0.6465,0.6125,0.5850,0.5560,0.5345,0.5115,0.4870,0.4675,0.4525,0.4395,0.4295,0.4150,0.4080,0.4010,0.3970,0.3890,0.3850,0.3820,0.3795,0.3765,0.3720,0.3690,0.3650,0.3635,0.3600,0.3560,0.3545,0.3545,0.3520,0.3500,0.3475,0.3465,0.3435,0.3425,0.3420,0.3415,0.3400
70,1.5000,No dynamic rebalance,5.0000,14163.6728,708.1836,spend25p,708.4987,721.2149,732.7160,744.7375,755.4477,768.3019,780.6773,793.8991,802.0002,804.5185,793.5012,777.3465,751.3990,706.0669,640.0882,514.2294,0.0000,0.0000,0.0000,0.0000,0.0000,0.0000,0.0000,0.0000,0.0000,0.0000,0.0000,0.0000,0.0000,0.0000,0.0000,0.0000,0.0000,0.0000,0.0000,0.0000,0.0000,0.0000,0.0000,0.0000,0.0000,0.0000,0.0000,0.0000,0.0000,0.0000,0.0000,0.0000,0.0000,0.0000,0.0000,0.0000,0.0000,0.0000,0.0000
70,1.5000,No dynamic rebalance,5.0000,14163.6728,708.1836,spend50p,713.6982,736.6212,760.6956,785.7300,811.9119,839.2992,867.6750,896.6249,923.2133,945.6196,959.0264,963.6144,962.0645,946.0008,911.9651,871.4437,829.1807,776.1207,725.3917,658.4686,576.1838,499.1858,441.2530,337.9602,0.0000,0.0000,0.0000,0.0000,0.0000,0.0000,0.0000,0.0000,0.0000,0.0000,0.0000,0.0000,0.0000,0.0000,0.0000,0.0000,0.0000,0.0000,0.0000,0.0000,0.0000,0.0000,0.0000,0.0000,0.0000,0.0000,0.0000,0.0000,0.0000,0.0000,0.0000
70,1.5000,No dynamic rebalance,5.0000,14163.6728,708.1836,spend75p,718.6866,751.8226,789.7971,827.8837,869.2588,916.8990,966.3209,1011.0698,1060.8967,1100.5959,1141.7798,1171.0005,1191.0395,1200.4491,1197.3552,1174.1177,1146.7133,1093.2103,1058.4953,1028.5554,961.4241,934.1714,898.8689,875.0778,837.4617,806.3671,775.1130,749.0858,725.5210,690.6135,332.8042,304.1544,282.1710,252.8127,232.1757,214.7794,201.9892,189.2451,172.2794,157.5601,140.4017,129.7995,116.6134,100.0132,92.1403,80.4428,68.3067,52.0468,35.2691,18.4245,0.7553,0.0000,0.0000,0.0000,0.0000
70,1.5000,固定最適比率,5.0000,14163.6728,708.1836,survival,1.0000,1.0000,1.0000,1.0000,1.0000,1.0000,1.0000,0.9985,0.9935,0.9850,0.9600,0.9330,0.9000,0.8595,0.8170,0.7695,0.7265,0.6805,0.6465,0.6125,0.5850,0.5560,0.5345,0.5115,0.4870,0.4675,0.4525,0.4395,0.4295,0.4150,0.4080,0.4010,0.3970,0.3890,0.3850,0.3820,0.3795,0.3765,0.3720,0.3690,0.3650,0.3635,0.3600,0.3560,0.3545,0.3545,0.3520,0.3500,0.3475,0.3465,0.3435,0.3425,0.3420,0.3415,0.3400
70,1.5000,固定最適比率,5.0000,14163.6728,708.1836,spend25p,708.4987,721.2149,732.7160,744.7375,755.4477,768.3019,780.6773,793.8991,802.0002,804.5185,793.5012,777.3465,751.3990,706.0669,640.0882,514.2294,0.0000,0.0000,0.0000,0.0000,0.0000,0.0000,0.0000,0.0000,0.0000,0.0000,0.0000,0.0000,0.0000,0.0000,0.0000,0.0000,0.0000,0.0000,0.0000,0.0000,0.0000,0.0000,0.0000,0.0000,0.0000,0.0000,0.0000,0.0000,0.0000,0.0000,0.0000,0.0000,0.0000,0.0000,0.0000,0.0000,0.0000,0.0000,0.0000
70,1.5000,固定最適比率,5.0000,14163.6728,708.1836,spend50p,713.6982,736.6212,760.6956,785.7300,811.9119,839.2992,867.6750,896.6249,923.2133,945.6196,959.0264,963.6144,962.0645,946.0008,911.9651,871.4437,829.1807,776.1207,725.3917,658.4686,576.1838,499.1858,441.2530,337.9602,0.0000,0.0000,0.0000,0.0000,0.0000,0.0000,0.0000,0.0000,0.0000,0.0000,0.0000,0.0000,0.0000,0.0000,0.0000,0.0000,0.0000,0.0000,0.0000,0.0000,0.0000,0.0000,0.0000,0.0000,0.0000,0.0000,0.0000,0.0000,0.0000,0.0000,0.0000
70,1.5000,固定最適比率,5.0000,14163.6728,708.1836,spend75p,718.6866,751.8226,789.7971,827.8837,869.2588,916.8990,966.3209,1011.0698,1060.8967,1100.5959,1141.7798,1171.0005,1191.0395,1200.4491,1197.3552,1174.1177,1146.7133,1093.2103,1058.4953,1028.5554,961.4241,934.1714,898.8689,875.0778,837.4617,806.3671,775.1130,749.0858,725.5210,690.6135,332.8042,304.1544,282.1710,252.8127,232.1757,214.7794,201.9892,189.2451,172.2794,157.5601,140.4017,129.7995,116.6134,100.0132,92.1403,80.4428,68.3067,52.0468,35.2691,18.4245,0.7553,0.0000,0.0000,0.0000,0.0000
70,1.5000,DynamicV1Rebalance,5.0000,14163.6728,708.1836,survival,1.0000,1.0000,1.0000,1.0000,1.0000,1.0000,1.0000,0.9985,0.9935,0.9850,0.9600,0.9325,0.9000,0.8595,0.8170,0.7695,0.7280,0.6815,0.6460,0.6145,0.5870,0.5595,0.5365,0.5155,0.4915,0.4730,0.4595,0.4450,0.4335,0.4220,0.4165,0.4095,0.4065,0.4020,0.3995,0.3950,0.3925,0.3885,0.3845,0.3825,0.3785,0.3770,0.3735,0.3715,0.3700,0.3675,0.3675,0.3655,0.3650,0.3630,0.3620,0.3600,0.3600,0.3600,0.3600
70,1.5000,DynamicV1Rebalance,5.0000,14163.6728,708.1836,spend25p,708.4987,721.2149,732.7160,744.7375,755.4477,768.3019,780.6773,793.8991,802.0002,804.5185,793.5012,776.9083,751.3990,706.0669,640.0882,514.2294,0.0000,0.0000,0.0000,0.0000,0.0000,0.0000,0.0000,0.0000,0.0000,0.0000,0.0000,0.0000,0.0000,0.0000,0.0000,0.0000,0.0000,0.0000,0.0000,0.0000,0.0000,0.0000,0.0000,0.0000,0.0000,0.0000,0.0000,0.0000,0.0000,0.0000,0.0000,0.0000,0.0000,0.0000,0.0000,0.0000,0.0000,0.0000,0.0000
70,1.5000,DynamicV1Rebalance,5.0000,14163.6728,708.1836,spend50p,713.6982,736.6212,760.6956,785.7300,811.9119,839.2992,867.6750,896.6249,923.2133,945.6196,959.0264,963.4195,962.0645,946.0008,911.9651,871.4437,830.7332,778.4927,724.3566,661.7075,585.6731,503.2400,447.8277,360.6522,0.0000,0.0000,0.0000,0.0000,0.0000,0.0000,0.0000,0.0000,0.0000,0.0000,0.0000,0.0000,0.0000,0.0000,0.0000,0.0000,0.0000,0.0000,0.0000,0.0000,0.0000,0.0000,0.0000,0.0000,0.0000,0.0000,0.0000,0.0000,0.0000,0.0000,0.0000
70,1.5000,DynamicV1Rebalance,5.0000,14163.6728,708.1836,spend75p,718.6866,751.8226,789.7971,827.8837,869.2588,916.8990,966.3209,1011.0698,1060.8967,1100.5959,1141.7798,1170.6935,1190.8558,1200.4491,1197.3552,1174.7275,1148.2263,1095.8469,1059.2310,1030.8923,962.7829,941.3034,904.9420,878.7543,841.8531,814.3942,788.8771,755.1633,729.9126,700.7537,340.4095,315.8947,292.0853,266.7097,251.1367,228.8704,217.0693,201.8251,185.9462,173.4092,156.1308,146.2618,132.6170,121.1915,110.4321,100.0604,89.2474,71.3284,56.7202,40.6281,23.5341,5.1490,0.0000,0.0000,0.0000
70,1.5000,SpendAwareDPRebalance (R70-aware),5.0000,14163.6728,708.1836,survival,1.0000,1.0000,1.0000,1.0000,1.0000,1.0000,1.0000,0.9985,0.9935,0.9850,0.9600,0.9330,0.9005,0.8610,0.8175,0.7725,0.7330,0.6910,0.6575,0.6280,0.6060,0.5820,0.5595,0.5435,0.5270,0.5095,0.4970,0.4845,0.4735,0.4670,0.4600,0.4545,0.4505,0.4480,0.4465,0.4405,0.4365,0.4305,0.4265,0.4230,0.4200,0.4155,0.4080,0.4020,0.3990,0.3955,0.3920,0.3890,0.3815,0.3765,0.3750,0.3730,0.3705,0.3675,0.3650
70,1.5000,SpendAwareDPRebalance (R70-aware),5.0000,14163.6728,708.1836,spend25p,708.4987,721.2149,732.7160,744.7375,755.4477,768.3019,780.6773,793.8991,802.0002,804.5185,793.5012,777.3465,751.7431,707.8415,641.1828,522.4052,0.0000,0.0000,0.0000,0.0000,0.0000,0.0000,0.0000,0.0000,0.0000,0.0000,0.0000,0.0000,0.0000,0.0000,0.0000,0.0000,0.0000,0.0000,0.0000,0.0000,0.0000,0.0000,0.0000,0.0000,0.0000,0.0000,0.0000,0.0000,0.0000,0.0000,0.0000,0.0000,0.0000,0.0000,0.0000,0.0000,0.0000,0.0000,0.0000
70,1.5000,SpendAwareDPRebalance (R70-aware),5.0000,14163.6728,708.1836,spend50p,713.6982,736.6212,760.6956,785.7300,811.9119,839.2992,867.6750,896.6249,923.2133,945.6196,959.0264,963.6144,962.1962,946.4603,912.6012,873.6072,835.0156,789.5442,739.9291,688.9698,619.7088,558.1169,493.0707,449.1801,394.2930,306.6234,0.0000,0.0000,0.0000,0.0000,0.0000,0.0000,0.0000,0.0000,0.0000,0.0000,0.0000,0.0000,0.0000,0.0000,0.0000,0.0000,0.0000,0.0000,0.0000,0.0000,0.0000,0.0000,0.0000,0.0000,0.0000,0.0000,0.0000,0.0000,0.0000
70,1.5000,SpendAwareDPRebalance (R70-aware),5.0000,14163.6728,708.1836,spend75p,718.6866,751.8226,789.7971,827.8837,869.2588,916.8990,966.3209,1011.0698,1060.8967,1100.5959,1141.7798,1171.0005,1191.5072,1201.7613,1198.1706,1177.1497,1149.9722,1103.4394,1074.7151,1045.8871,993.2026,968.2177,942.0814,915.0815,880.7311,864.1662,850.0034,822.0711,789.1865,765.8322,389.7387,357.0176,329.6214,309.5125,291.6647,269.6174,253.4114,233.3126,220.7385,211.2523,196.9137,182.3928,165.2295,147.4319,131.4944,117.0176,99.4166,87.9601,58.9799,39.9043,22.4959,4.2318,0.0000,0.0000,0.0000
70,1.5000,No dynamic rebalance,6.0000,11803.0606,708.1836,survival,1.0000,1.0000,1.0000,1.0000,1.0000,1.0000,0.9985,0.9925,0.9775,0.9445,0.9045,0.8590,0.7940,0.7415,0.6750,0.6215,0.5765,0.5325,0.4920,0.4550,0.4245,0.4000,0.3790,0.3630,0.3490,0.3320,0.3180,0.3040,0.2915,0.2825,0.2765,0.2730,0.2690,0.2635,0.2600,0.2565,0.2540,0.2525,0.2515,0.2485,0.2455,0.2440,0.2415,0.2400,0.2390,0.2360,0.2350,0.2340,0.2320,0.2310,0.2310,0.2300,0.2290,0.2280,0.2270
70,1.5000,No dynamic rebalance,6.0000,11803.0606,708.1836,spend25p,708.4987,721.2149,732.7160,744.7375,755.4477,768.3019,779.5407,789.8091,792.5294,781.1607,754.1604,714.6280,629.2023,0.0000,0.0000,0.0000,0.0000,0.0000,0.0000,0.0000,0.0000,0.0000,0.0000,0.0000,0.0000,0.0000,0.0000,0.0000,0.0000,0.0000,0.0000,0.0000,0.0000,0.0000,0.0000,0.0000,0.0000,0.0000,0.0000,0.0000,0.0000,0.0000,0.0000,0.0000,0.0000,0.0000,0.0000,0.0000,0.0000,0.0000,0.0000,0.0000,0.0000,0.0000,0.0000
70,1.5000,No dynamic rebalance,6.0000,11803.0606,708.1836,spend50p,713.6982,736.6212,760.6956,785.7300,811.9119,839.2992,866.9599,894.3985,918.0921,932.1065,935.1402,924.5294,888.8265,851.0181,789.2931,722.6200,641.6892,531.3499,0.0000,0.0000,0.0000,0.0000,0.0000,0.0000,0.0000,0.0000,0.0000,0.0000,0.0000,0.0000,0.0000,0.0000,0.0000,0.0000,0.0000,0.0000,0.0000,0.0000,0.0000,0.0000,0.0000,0.0000,0.0000,0.0000,0.0000,0.0000,0.0000,0.0000,0.0000,0.0000,0.0000,0.0000,0.0000,0.0000,0.0000
70,1.5000,No dynamic rebalance,6.0000,11803.0606,708.1836,spend75p,718.6866,751.8226,789.7971,827.8837,869.2588,916.8990,966.0672,1009.5010,1052.6921,1087.1340,1119.2066,1145.9742,1141.7309,1129.0088,1099.8746,1059.2784,1015.7348,979.2720,925.2542,862.2611,796.2312,744.8771,710.5761,669.3444,632.5360,582.8680,553.3169,503.1200,432.0157,384.6266,116.3540,90.5925,62.9425,32.2624,11.7778,0.0000,0.0000,0.0000,0.0000,0.0000,0.0000,0.0000,0.0000,0.0000,0.0000,0.0000,0.0000,0.0000,0.0000,0.0000,0.0000,0.0000,0.0000,0.0000,0.0000
70,1.5000,固定最適比率,6.0000,11803.0606,708.1836,survival,1.0000,1.0000,1.0000,1.0000,1.0000,1.0000,0.9985,0.9925,0.9775,0.9445,0.9045,0.8590,0.7940,0.7415,0.6750,0.6215,0.5765,0.5325,0.4920,0.4550,0.4245,0.4000,0.3790,0.3630,0.3490,0.3320,0.3180,0.3040,0.2915,0.2825,0.2765,0.2730,0.2690,0.2635,0.2600,0.2565,0.2540,0.2525,0.2515,0.2485,0.2455,0.2440,0.2415,0.2400,0.2390,0.2360,0.2350,0.2340,0.2320,0.2310,0.2310,0.2300,0.2290,0.2280,0.2270
70,1.5000,固定最適比率,6.0000,11803.0606,708.1836,spend25p,708.4987,721.2149,732.7160,744.7375,755.4477,768.3019,779.5407,789.8091,792.5294,781.1607,754.1604,714.6280,629.2023,0.0000,0.0000,0.0000,0.0000,0.0000,0.0000,0.0000,0.0000,0.0000,0.0000,0.0000,0.0000,0.0000,0.0000,0.0000,0.0000,0.0000,0.0000,0.0000,0.0000,0.0000,0.0000,0.0000,0.0000,0.0000,0.0000,0.0000,0.0000,0.0000,0.0000,0.0000,0.0000,0.0000,0.0000,0.0000,0.0000,0.0000,0.0000,0.0000,0.0000,0.0000,0.0000
70,1.5000,固定最適比率,6.0000,11803.0606,708.1836,spend50p,713.6982,736.6212,760.6956,785.7300,811.9119,839.2992,866.9599,894.3985,918.0921,932.1065,935.1402,924.5294,888.8265,851.0181,789.2931,722.6200,641.6892,531.3499,0.0000,0.0000,0.0000,0.0000,0.0000,0.0000,0.0000,0.0000,0.0000,0.0000,0.0000,0.0000,0.0000,0.0000,0.0000,0.0000,0.0000,0.0000,0.0000,0.0000,0.0000,0.0000,0.0000,0.0000,0.0000,0.0000,0.0000,0.0000,0.0000,0.0000,0.0000,0.0000,0.0000,0.0000,0.0000,0.0000,0.0000
70,1.5000,固定最適比率,6.0000,11803.0606,708.1836,spend75p,718.6866,751.8226,789.7971,827.8837,869.2588,916.8990,966.0672,1009.5010,1052.6921,1087.1340,1119.2066,1145.9742,1141.7309,1129.0088,1099.8746,1059.2784,1015.7348,979.2720,925.2542,862.2611,796.2312,744.8771,710.5761,669.3444,632.5360,582.8680,553.3169,503.1200,432.0157,384.6266,116.3540,90.5925,62.9425,32.2624,11.7778,0.0000,0.0000,0.0000,0.0000,0.0000,0.0000,0.0000,0.0000,0.0000,0.0000,0.0000,0.0000,0.0000,0.0000,0.0000,0.0000,0.0000,0.0000,0.0000,0.0000
70,1.5000,DynamicV1Rebalance,6.0000,11803.0606,708.1836,survival,1.0000,1.0000,1.0000,1.0000,1.0000,1.0000,0.9985,0.9925,0.9775,0.9455,0.9040,0.8585,0.7925,0.7400,0.6760,0.6200,0.5750,0.5325,0.4915,0.4555,0.4255,0.4005,0.3800,0.3650,0.3515,0.3355,0.3215,0.3065,0.2940,0.2850,0.2790,0.2760,0.2725,0.2680,0.2660,0.2620,0.2590,0.2580,0.2565,0.2545,0.2520,0.2500,0.2480,0.2460,0.2455,0.2425,0.2415,0.2415,0.2400,0.2390,0.2390,0.2385,0.2385,0.2385,0.2380
70,1.5000,DynamicV1Rebalance,6.0000,11803.0606,708.1836,spend25p,708.4987,721.2149,732.7160,744.7375,755.4477,768.3019,779.5407,789.8091,792.5294,781.5683,753.3670,714.3668,625.0428,0.0000,0.0000,0.0000,0.0000,0.0000,0.0000,0.0000,0.0000,0.0000,0.0000,0.0000,0.0000,0.0000,0.0000,0.0000,0.0000,0.0000,0.0000,0.0000,0.0000,0.0000,0.0000,0.0000,0.0000,0.0000,0.0000,0.0000,0.0000,0.0000,0.0000,0.0000,0.0000,0.0000,0.0000,0.0000,0.0000,0.0000,0.0000,0.0000,0.0000,0.0000,0.0000
70,1.5000,DynamicV1Rebalance,6.0000,11803.0606,708.1836,spend50p,713.6982,736.6212,760.6956,785.7300,811.9119,839.2992,866.9599,894.3985,918.0921,932.5215,934.1532,924.2751,886.2152,848.8898,790.5420,719.7713,638.9846,531.3499,0.0000,0.0000,0.0000,0.0000,0.0000,0.0000,0.0000,0.0000,0.0000,0.0000,0.0000,0.0000,0.0000,0.0000,0.0000,0.0000,0.0000,0.0000,0.0000,0.0000,0.0000,0.0000,0.0000,0.0000,0.0000,0.0000,0.0000,0.0000,0.0000,0.0000,0.0000,0.0000,0.0000,0.0000,0.0000,0.0000,0.0000
70,1.5000,DynamicV1Rebalance,6.0000,11803.0606,708.1836,spend75p,718.6866,751.8226,789.7971,827.8837,869.2588,916.8990,966.0672,1009.5010,1052.6921,1087.1340,1118.5156,1145.9742,1138.2548,1127.2168,1100.2142,1055.7408,1012.3848,979.2720,921.6338,863.1924,796.2312,744.8771,711.1348,672.9811,637.2881,596.3961,561.7099,515.4031,441.0202,395.2001,122.9050,99.5009,75.5815,47.4990,32.0371,3.6328,0.0000,0.0000,0.0000,0.0000,0.0000,0.0000,0.0000,0.0000,0.0000,0.0000,0.0000,0.0000,0.0000,0.0000,0.0000,0.0000,0.0000,0.0000,0.0000
70,1.5000,SpendAwareDPRebalance (R70-aware),6.0000,11803.0606,708.1836,survival,1.0000,1.0000,1.0000,1.0000,1.0000,1.0000,0.9985,0.9925,0.9775,0.9445,0.9045,0.8590,0.7940,0.7415,0.6770,0.6230,0.5785,0.5340,0.4970,0.4605,0.4325,0.4130,0.3930,0.3785,0.3695,0.3575,0.3465,0.3345,0.3265,0.3180,0.3130,0.3090,0.3055,0.3035,0.2985,0.2940,0.2900,0.2865,0.2820,0.2770,0.2750,0.2730,0.2680,0.2670,0.2640,0.2585,0.2575,0.2550,0.2525,0.2485,0.2440,0.2425,0.2395,0.2375,0.2370
70,1.5000,SpendAwareDPRebalance (R70-aware),6.0000,11803.0606,708.1836,spend25p,708.4987,721.2149,732.7160,744.7375,755.4477,768.3019,779.5407,789.8091,792.5294,781.1607,754.1604,714.6280,629.2023,0.0000,0.0000,0.0000,0.0000,0.0000,0.0000,0.0000,0.0000,0.0000,0.0000,0.0000,0.0000,0.0000,0.0000,0.0000,0.0000,0.0000,0.0000,0.0000,0.0000,0.0000,0.0000,0.0000,0.0000,0.0000,0.0000,0.0000,0.0000,0.0000,0.0000,0.0000,0.0000,0.0000,0.0000,0.0000,0.0000,0.0000,0.0000,0.0000,0.0000,0.0000,0.0000
70,1.5000,SpendAwareDPRebalance (R70-aware),6.0000,11803.0606,708.1836,spend50p,713.6982,736.6212,760.6956,785.7300,811.9119,839.2992,866.9599,894.3985,918.0921,932.1065,935.1402,924.5294,888.8265,851.0181,791.8858,725.5359,643.7367,541.4220,0.0000,0.0000,0.0000,0.0000,0.0000,0.0000,0.0000,0.0000,0.0000,0.0000,0.0000,0.0000,0.0000,0.0000,0.0000,0.0000,0.0000,0.0000,0.0000,0.0000,0.0000,0.0000,0.0000,0.0000,0.0000,0.0000,0.0000,0.0000,0.0000,0.0000,0.0000,0.0000,0.0000,0.0000,0.0000,0.0000,0.0000
70,1.5000,SpendAwareDPRebalance (R70-aware),6.0000,11803.0606,708.1836,spend75p,718.6866,751.8226,789.7971,827.8837,869.2588,916.8990,966.0672,1009.5010,1052.6921,1087.1340,1119.2066,1145.9742,1141.7309,1129.0088,1102.6543,1060.1519,1016.9966,980.7319,932.5747,869.7331,807.6710,767.6313,733.3225,699.3905,671.7313,642.7257,611.0623,577.7672,540.1194,505.7952,200.1512,171.6084,146.7950,125.7938,101.2034,80.8431,60.0623,45.3040,25.7548,8.7361,0.0000,0.0000,0.0000,0.0000,0.0000,0.0000,0.0000,0.0000,0.0000,0.0000,0.0000,0.0000,0.0000,0.0000,0.0000
70,1.5000,No dynamic rebalance,7.0000,10116.9091,708.1836,survival,1.0000,1.0000,1.0000,1.0000,1.0000,0.9995,0.9930,0.9765,0.9390,0.8855,0.8245,0.7510,0.6680,0.5960,0.5270,0.4825,0.4305,0.3915,0.3610,0.3270,0.3060,0.2810,0.2675,0.2495,0.2300,0.2225,0.2115,0.2015,0.1920,0.1870,0.1830,0.1815,0.1795,0.1770,0.1745,0.1715,0.1680,0.1645,0.1640,0.1635,0.1625,0.1610,0.1580,0.1565,0.1555,0.1555,0.1545,0.1540,0.1535,0.1520,0.1515,0.1505,0.1505,0.1505,0.1495
70,1.5000,No dynamic rebalance,7.0000,10116.9091,708.1836,spend25p,708.4987,721.2149,732.7160,744.7375,755.4477,768.1136,778.0899,782.0271,773.1355,740.9044,685.7711,400.4335,0.0000,0.0000,0.0000,0.0000,0.0000,0.0000,0.0000,0.0000,0.0000,0.0000,0.0000,0.0000,0.0000,0.0000,0.0000,0.0000,0.0000,0.0000,0.0000,0.0000,0.0000,0.0000,0.0000,0.0000,0.0000,0.0000,0.0000,0.0000,0.0000,0.0000,0.0000,0.0000,0.0000,0.0000,0.0000,0.0000,0.0000,0.0000,0.0000,0.0000,0.0000,0.0000,0.0000
70,1.5000,No dynamic rebalance,7.0000,10116.9091,708.1836,spend50p,713.6982,736.6212,760.6956,785.7300,811.9119,839.2820,865.5944,890.8113,901.8867,903.7336,888.4117,848.7364,788.6965,709.9851,564.6575,0.0000,0.0000,0.0000,0.0000,0.0000,0.0000,0.0000,0.0000,0.0000,0.0000,0.0000,0.0000,0.0000,0.0000,0.0000,0.0000,0.0000,0.0000,0.0000,0.0000,0.0000,0.0000,0.0000,0.0000,0.0000,0.0000,0.0000,0.0000,0.0000,0.0000,0.0000,0.0000,0.0000,0.0000,0.0000,0.0000,0.0000,0.0000,0.0000,0.0000
70,1.5000,No dynamic rebalance,7.0000,10116.9091,708.1836,spend75p,718.6866,751.8226,789.7971,827.8837,869.2588,916.5671,965.1845,1003.1644,1034.3326,1067.8503,1087.8172,1085.5707,1055.4350,1022.3723,967.3734,930.5766,856.7604,804.1767,751.8262,658.3460,568.8946,482.3215,418.8710,0.0000,0.0000,0.0000,0.0000,0.0000,0.0000,0.0000,0.0000,0.0000,0.0000,0.0000,0.0000,0.0000,0.0000,0.0000,0.0000,0.0000,0.0000,0.0000,0.0000,0.0000,0.0000,0.0000,0.0000,0.0000,0.0000,0.0000,0.0000,0.0000,0.0000,0.0000,0.0000
70,1.5000,固定最適比率,7.0000,10116.9091,708.1836,survival,1.0000,1.0000,1.0000,1.0000,1.0000,0.9995,0.9930,0.9765,0.9390,0.8855,0.8245,0.7510,0.6680,0.5960,0.5270,0.4825,0.4305,0.3915,0.3610,0.3270,0.3060,0.2810,0.2675,0.2495,0.2300,0.2225,0.2115,0.2015,0.1920,0.1870,0.1830,0.1815,0.1795,0.1770,0.1745,0.1715,0.1680,0.1645,0.1640,0.1635,0.1625,0.1610,0.1580,0.1565,0.1555,0.1555,0.1545,0.1540,0.1535,0.1520,0.1515,0.1505,0.1505,0.1505,0.1495
70,1.5000,固定最適比率,7.0000,10116.9091,708.1836,spend25p,708.4987,721.2149,732.7160,744.7375,755.4477,768.1136,778.0899,782.0271,773.1355,740.9044,685.7711,400.4335,0.0000,0.0000,0.0000,0.0000,0.0000,0.0000,0.0000,0.0000,0.0000,0.0000,0.0000,0.0000,0.0000,0.0000,0.0000,0.0000,0.0000,0.0000,0.0000,0.0000,0.0000,0.0000,0.0000,0.0000,0.0000,0.0000,0.0000,0.0000,0.0000,0.0000,0.0000,0.0000,0.0000,0.0000,0.0000,0.0000,0.0000,0.0000,0.0000,0.0000,0.0000,0.0000,0.0000
70,1.5000,固定最適比率,7.0000,10116.9091,708.1836,spend50p,713.6982,736.6212,760.6956,785.7300,811.9119,839.2820,865.5944,890.8113,901.8867,903.7336,888.4117,848.7364,788.6965,709.9851,564.6575,0.0000,0.0000,0.0000,0.0000,0.0000,0.0000,0.0000,0.0000,0.0000,0.0000,0.0000,0.0000,0.0000,0.0000,0.0000,0.0000,0.0000,0.0000,0.0000,0.0000,0.0000,0.0000,0.0000,0.0000,0.0000,0.0000,0.0000,0.0000,0.0000,0.0000,0.0000,0.0000,0.0000,0.0000,0.0000,0.0000,0.0000,0.0000,0.0000,0.0000
70,1.5000,固定最適比率,7.0000,10116.9091,708.1836,spend75p,718.6866,751.8226,789.7971,827.8837,869.2588,916.5671,965.1845,1003.1644,1034.3326,1067.8503,1087.8172,1085.5707,1055.4350,1022.3723,967.3734,930.5766,856.7604,804.1767,751.8262,658.3460,568.8946,482.3215,418.8710,0.0000,0.0000,0.0000,0.0000,0.0000,0.0000,0.0000,0.0000,0.0000,0.0000,0.0000,0.0000,0.0000,0.0000,0.0000,0.0000,0.0000,0.0000,0.0000,0.0000,0.0000,0.0000,0.0000,0.0000,0.0000,0.0000,0.0000,0.0000,0.0000,0.0000,0.0000,0.0000
70,1.5000,DynamicV1Rebalance,7.0000,10116.9091,708.1836,survival,1.0000,1.0000,1.0000,1.0000,1.0000,0.9995,0.9930,0.9765,0.9385,0.8840,0.8240,0.7475,0.6675,0.5940,0.5260,0.4820,0.4305,0.3915,0.3610,0.3275,0.3070,0.2825,0.2680,0.2505,0.2325,0.2245,0.2125,0.2040,0.1930,0.1880,0.1840,0.1810,0.1790,0.1765,0.1755,0.1720,0.1705,0.1680,0.1675,0.1665,0.1650,0.1635,0.1610,0.1600,0.1600,0.1590,0.1575,0.1570,0.1570,0.1565,0.1565,0.1565,0.1550,0.1550,0.1550
70,1.5000,DynamicV1Rebalance,7.0000,10116.9091,708.1836,spend25p,708.4987,721.2149,732.7160,744.7375,755.4477,768.1136,778.0899,782.0271,773.1355,739.8530,685.0714,0.0000,0.0000,0.0000,0.0000,0.0000,0.0000,0.0000,0.0000,0.0000,0.0000,0.0000,0.0000,0.0000,0.0000,0.0000,0.0000,0.0000,0.0000,0.0000,0.0000,0.0000,0.0000,0.0000,0.0000,0.0000,0.0000,0.0000,0.0000,0.0000,0.0000,0.0000,0.0000,0.0000,0.0000,0.0000,0.0000,0.0000,0.0000,0.0000,0.0000,0.0000,0.0000,0.0000,0.0000
70,1.5000,DynamicV1Rebalance,7.0000,10116.9091,708.1836,spend50p,713.6982,736.6212,760.6956,785.7300,811.9119,839.2820,865.5944,890.8113,901.8867,903.4364,887.9784,844.9760,787.9482,707.9095,558.2719,0.0000,0.0000,0.0000,0.0000,0.0000,0.0000,0.0000,0.0000,0.0000,0.0000,0.0000,0.0000,0.0000,0.0000,0.0000,0.0000,0.0000,0.0000,0.0000,0.0000,0.0000,0.0000,0.0000,0.0000,0.0000,0.0000,0.0000,0.0000,0.0000,0.0000,0.0000,0.0000,0.0000,0.0000,0.0000,0.0000,0.0000,0.0000,0.0000,0.0000
70,1.5000,DynamicV1Rebalance,7.0000,10116.9091,708.1836,spend75p,718.6866,751.8226,789.7971,827.8837,869.2588,916.5671,965.1845,1003.0178,1034.3326,1067.8503,1087.2884,1085.1290,1053.6504,1021.8342,967.3734,929.9387,856.7604,804.1767,751.8262,658.4445,570.5971,485.8130,422.8629,219.2408,0.0000,0.0000,0.0000,0.0000,0.0000,0.0000,0.0000,0.0000,0.0000,0.0000,0.0000,0.0000,0.0000,0.0000,0.0000,0.0000,0.0000,0.0000,0.0000,0.0000,0.0000,0.0000,0.0000,0.0000,0.0000,0.0000,0.0000,0.0000,0.0000,0.0000,0.0000
70,1.5000,SpendAwareDPRebalance (R70-aware),7.0000,10116.9091,708.1836,survival,1.0000,1.0000,1.0000,1.0000,1.0000,0.9995,0.9930,0.9765,0.9390,0.8855,0.8245,0.7510,0.6680,0.5960,0.5275,0.4830,0.4310,0.3930,0.3630,0.3290,0.3090,0.2850,0.2725,0.2575,0.2410,0.2350,0.2275,0.2205,0.2100,0.2060,0.2020,0.1995,0.1970,0.1955,0.1950,0.1915,0.1900,0.1890,0.1870,0.1835,0.1810,0.1785,0.1740,0.1715,0.1675,0.1655,0.1625,0.1610,0.1600,0.1560,0.1550,0.1510,0.1500,0.1490,0.1465
70,1.5000,SpendAwareDPRebalance (R70-aware),7.0000,10116.9091,708.1836,spend25p,708.4987,721.2149,732.7160,744.7375,755.4477,768.1136,778.0899,782.0271,773.1355,740.9044,685.7711,400.4335,0.0000,0.0000,0.0000,0.0000,0.0000,0.0000,0.0000,0.0000,0.0000,0.0000,0.0000,0.0000,0.0000,0.0000,0.0000,0.0000,0.0000,0.0000,0.0000,0.0000,0.0000,0.0000,0.0000,0.0000,0.0000,0.0000,0.0000,0.0000,0.0000,0.0000,0.0000,0.0000,0.0000,0.0000,0.0000,0.0000,0.0000,0.0000,0.0000,0.0000,0.0000,0.0000,0.0000
70,1.5000,SpendAwareDPRebalance (R70-aware),7.0000,10116.9091,708.1836,spend50p,713.6982,736.6212,760.6956,785.7300,811.9119,839.2820,865.5944,890.8113,901.8867,903.7336,888.4117,848.7364,788.6965,709.9851,565.8488,0.0000,0.0000,0.0000,0.0000,0.0000,0.0000,0.0000,0.0000,0.0000,0.0000,0.0000,0.0000,0.0000,0.0000,0.0000,0.0000,0.0000,0.0000,0.0000,0.0000,0.0000,0.0000,0.0000,0.0000,0.0000,0.0000,0.0000,0.0000,0.0000,0.0000,0.0000,0.0000,0.0000,0.0000,0.0000,0.0000,0.0000,0.0000,0.0000,0.0000
70,1.5000,SpendAwareDPRebalance (R70-aware),7.0000,10116.9091,708.1836,spend75p,718.6866,751.8226,789.7971,827.8837,869.2588,916.5671,965.1845,1003.1644,1034.3326,1067.8503,1087.8172,1085.5707,1055.4350,1022.3723,967.5929,931.6230,856.9995,804.8004,753.3480,660.2895,580.4608,493.3428,441.7101,318.6283,0.0000,0.0000,0.0000,0.0000,0.0000,0.0000,0.0000,0.0000,0.0000,0.0000,0.0000,0.0000,0.0000,0.0000,0.0000,0.0000,0.0000,0.0000,0.0000,0.0000,0.0000,0.0000,0.0000,0.0000,0.0000,0.0000,0.0000,0.0000,0.0000,0.0000,0.0000
70,2.0000,No dynamic rebalance,2.5000,37483.1274,937.0782,survival,1.0000,1.0000,1.0000,1.0000,1.0000,1.0000,1.0000,1.0000,1.0000,1.0000,1.0000,0.9985,0.9980,0.9960,0.9895,0.9870,0.9755,0.9700,0.9640,0.9520,0.9405,0.9295,0.9210,0.9090,0.8955,0.8845,0.8730,0.8590,0.8480,0.8385,0.8310,0.8220,0.8180,0.8130,0.8105,0.8045,0.8000,0.7960,0.7940,0.7915,0.7875,0.7835,0.7785,0.7745,0.7700,0.7630,0.7590,0.7555,0.7515,0.7485,0.7465,0.7445,0.7435,0.7415,0.7405
70,2.0000,No dynamic rebalance,2.5000,37483.1274,937.0782,spend25p,937.4951,954.4794,969.8535,985.9145,1000.2375,1017.3972,1033.9201,1052.3870,1065.2906,1075.6612,1081.9889,1088.1289,1092.2231,1092.3458,1093.6039,1083.2762,1062.8533,1045.2082,1021.4231,993.1707,936.0379,903.1454,873.7148,838.8032,800.9646,761.2798,731.4248,688.3743,646.7316,608.5182,312.1704,278.4798,248.2633,218.4068,198.0596,173.2569,152.6704,136.1308,118.8605,106.2148,88.0985,70.1211,50.4074,33.0174,21.4507,0.0000,0.0000,0.0000,0.0000,0.0000,0.0000,0.0000,0.0000,0.0000,0.0000
70,2.0000,No dynamic rebalance,2.5000,37483.1274,937.0782,spend50p,944.3751,974.8685,1006.8886,1040.1821,1074.9979,1111.4129,1149.1389,1187.8947,1227.6547,1264.0084,1293.5144,1321.6610,1352.8795,1373.3168,1387.1877,1391.1125,1368.1601,1355.1042,1342.2191,1317.7866,1273.3829,1255.0194,1236.2087,1216.7764,1191.9589,1174.9842,1150.8851,1121.8260,1096.5700,1062.8494,675.8924,635.6785,597.4294,567.8452,542.6391,522.0704,506.6548,489.8995,479.6678,470.9294,464.4785,455.0296,435.0397,425.7687,414.3431,389.1624,370.7554,356.2629,340.6735,324.0188,303.8691,286.0913,269.0392,245.1326,226.2617
70,2.0000,No dynamic rebalance,2.5000,37483.1274,937.0782,spend75p,950.9758,994.9866,1045.4084,1095.9870,1150.9270,1214.1718,1279.7844,1340.2080,1407.9643,1470.9639,1538.5971,1600.6006,1651.1966,1695.8069,1733.2848,1767.2811,1775.3017,1791.3425,1803.7249,1791.9649,1746.6466,1729.1874,1713.0874,1711.3740,1694.9973,1683.1127,1675.3261,1637.8976,1599.0967,1567.9367,1077.8824,1038.3136,1014.7153,984.3687,953.5170,937.8418,922.1038,912.7982,918.9031,920.5887,911.9724,904.8209,906.6621,919.8371,908.5320,891.0413,880.4225,869.8850,852.3160,838.7696,826.6187,805.8365,778.6504,764.6582,744.5802
70,2.0000,固定最適比率,2.5000,37483.1274,937.0782,survival,1.0000,1.0000,1.0000,1.0000,1.0000,1.0000,1.0000,1.0000,1.0000,1.0000,1.0000,1.0000,1.0000,1.0000,1.0000,1.0000,1.0000,1.0000,1.0000,0.9970,0.9960,0.9945,0.9925,0.9890,0.9810,0.9760,0.9670,0.9575,0.9445,0.9320,0.9235,0.9145,0.9045,0.8975,0.8905,0.8820,0.8725,0.8650,0.8600,0.8545,0.8480,0.8405,0.8345,0.8255,0.8185,0.8135,0.8065,0.7985,0.7910,0.7845,0.7785,0.7765,0.7745,0.7710,0.7660
70,2.0000,固定最適比率,2.5000,37483.1274,937.0782,spend25p,937.4951,954.4794,969.8535,985.9145,1000.2375,1017.3972,1033.9201,1052.3870,1065.2906,1075.6612,1081.9889,1089.8672,1093.0876,1097.1193,1103.3041,1098.9328,1088.5542,1079.6298,1068.3872,1049.4631,1010.8128,989.7557,978.4598,964.2591,937.8084,914.0733,890.4629,856.0822,814.2323,774.8350,445.5835,406.0978,375.4580,340.9971,318.5985,289.5580,262.3118,236.4293,212.7945,195.1480,179.8123,164.9046,152.5697,124.8188,98.7914,79.7830,57.0277,37.9936,14.5970,0.0000,0.0000,0.0000,0.0000,0.0000,0.0000
70,2.0000,固定最適比率,2.5000,37483.1274,937.0782,spend50p,944.3751,974.8685,1006.8886,1040.1821,1074.9979,1111.4129,1149.1389,1187.8947,1227.6547,1264.0084,1293.5144,1323.1141,1354.4930,1379.6991,1400.5127,1401.9989,1397.8792,1387.3185,1386.9707,1381.5432,1349.3278,1338.2806,1329.9254,1314.9383,1288.5981,1281.8595,1268.7271,1235.6548,1211.6359,1182.4283,756.6388,716.7045,676.8694,642.8198,615.9836,587.9302,567.4094,552.9074,537.0043,525.2757,510.5894,488.3786,479.9565,463.3015,448.3862,436.9543,413.6725,389.7110,368.6256,345.3869,318.8725,301.5890,285.2898,260.6354,231.5835
70,2.0000,固定最適比率,2.5000,37483.1274,937.0782,spend75p,950.9758,994.9866,1045.4084,1095.9870,1150.9270,1214.1718,1279.7844,1340.2080,1407.9643,1470.9639,1538.5971,1601.3633,1652.8906,1699.3094,1745.0608,1777.6481,1805.0989,1842.0233,1854.9244,1863.3990,1827.6918,1838.6654,1845.3342,1831.8504,1822.4820,1809.9626,1794.6891,1776.6269,1734.5006,1678.0792,1144.2115,1105.1570,1057.5141,1025.4030,1005.9899,972.8731,947.4505,931.6272,928.9985,923.0249,910.0190,899.8287,892.3386,887.0194,870.0516,859.9909,845.1506,824.4066,795.1800,768.4141,738.5243,722.8632,701.3667,675.3017,643.9666
70,2.0000,DynamicV1Rebalance,2.5000,37483.1274,937.0782,survival,1.0000,1.0000,1.0000,1.0000,1.0000,1.0000,1.0000,1.0000,1.0000,1.0000,1.0000,0.9995,0.9985,0.9975,0.9940,0.9905,0.9875,0.9830,0.9795,0.9735,0.9680,0.9580,0.9500,0.9445,0.9365,0.9285,0.9230,0.9140,0.9045,0.8965,0.8880,0.8820,0.8755,0.8705,0.8650,0.8600,0.8540,0.8490,0.8465,0.8440,0.8405,0.8385,0.8360,0.8325,0.8315,0.8290,0.8275,0.8265,0.8250,0.8245,0.8235,0.8220,0.8210,0.8200,0.8185
70,2.0000,DynamicV1Rebalance,2.5000,37483.1274,937.0782,spend25p,937.4951,954.4794,969.8535,985.9145,1000.2375,1017.3972,1033.9201,1052.3870,1065.2906,1075.6612,1081.9889,1089.6505,1092.5484,1094.2986,1096.6340,1086.2440,1077.6119,1064.7972,1041.2653,1021.8298,976.0955,945.1254,922.3207,896.2691,869.5665,841.4468,817.8404,779.4385,746.2935,714.2927,399.7786,368.8695,335.8547,309.9910,284.1560,259.1032,230.7398,206.7994,195.2454,186.9744,173.0207,163.4081,154.4360,135.4859,124.9833,110.2130,90.3640,77.2093,61.0153,48.3386,34.8271,19.3483,4.7273,0.0000,0.0000
70,2.0000,DynamicV1Rebalance,2.5000,37483.1274,937.0782,spend50p,944.3751,974.8685,1006.8886,1040.1821,1074.9979,1111.4129,1149.1389,1187.8947,1227.6547,1264.0084,1293.5144,1322.9541,1353.5201,1375.1003,1392.4021,1391.9774,1381.5140,1371.8614,1367.7479,1352.8595,1312.1577,1291.4799,1280.0209,1257.5263,1235.1999,1229.9073,1210.1944,1194.0107,1169.0270,1143.9104,729.3922,697.9051,658.7211,626.3910,596.7750,577.4036,560.0169,545.9209,536.0289,527.5403,519.7627,506.9128,504.7964,492.1509,484.4156,474.0334,463.5833,447.1924,429.6331,414.1223,400.4993,386.9316,375.8300,355.5341,327.9403
70,2.0000,DynamicV1Rebalance,2.5000,37483.1274,937.0782,spend75p,950.9758,994.9866,1045.4084,1095.9870,1150.9270,1214.1718,1279.7844,1340.2080,1407.9643,1470.9639,1538.5971,1600.8223,1651.5758,1698.4111,1737.1735,1771.5103,1795.9048,1815.7320,1827.0064,1826.2015,1788.7987,1774.8415,1754.4681,1757.7519,1757.1141,1754.8190,1745.6908,1730.3355,1696.0031,1663.3281,1132.1560,1110.0514,1065.7344,1042.9666,1018.1834,1001.7181,983.6723,972.2110,974.5430,976.8324,968.8681,963.9550,968.0493,974.6853,981.0931,979.5937,969.8239,958.3607,947.6530,939.1273,932.9954,916.1768,898.0787,872.3721,847.4354
70,2.0000,SpendAwareDPRebalance (R70-aware),2.5000,37483.1274,937.0782,survival,1.0000,1.0000,1.0000,1.0000,1.0000,1.0000,1.0000,1.0000,1.0000,1.0000,1.0000,0.9995,0.9990,0.9985,0.9980,0.9960,0.9910,0.9880,0.9855,0.9830,0.9825,0.9760,0.9710,0.9670,0.9605,0.9530,0.9505,0.9435,0.9400,0.9315,0.9285,0.9255,0.9215,0.9165,0.9135,0.9090,0.9055,0.9030,0.8980,0.8905,0.8830,0.8770,0.8715,0.8690,0.8655,0.8610,0.8565,0.8550,0.8520,0.8445,0.8405,0.8340,0.8300,0.8250,0.8190
70,2.0000,SpendAwareDPRebalance (R70-aware),2.5000,37483.1274,937.0782,spend25p,937.4951,954.4794,969.8535,985.9145,1000.2375,1017.3972,1033.9201,1052.3870,1065.2906,1075.6612,1081.9889,1089.6505,1092.6492,1094.9978,1100.6668,1091.0599,1081.7411,1068.5672,1048.6689,1034.0490,995.0457,971.6389,953.0016,931.6108,901.8322,878.9433,863.4361,833.9235,809.3689,774.8350,450.3178,423.4025,395.2224,370.2082,346.0876,326.0625,307.9570,291.5276,271.8980,247.8932,232.4330,212.6764,198.6073,186.6121,171.3128,153.5968,135.8766,122.2122,104.4498,78.1812,56.7195,35.2452,16.3228,0.0000,0.0000
70,2.0000,SpendAwareDPRebalance (R70-aware),2.5000,37483.1274,937.0782,spend50p,944.3751,974.8685,1006.8886,1040.1821,1074.9979,1111.4129,1149.1389,1187.8947,1227.6547,1264.0084,1293.5144,1322.9541,1353.8866,1377.2880,1398.8316,1397.1276,1385.1766,1376.5653,1374.0502,1363.5311,1338.3774,1321.1973,1302.6984,1287.5172,1265.7872,1253.1194,1250.8799,1229.9856,1214.0376,1193.5092,770.3596,735.7860,705.9448,677.3912,647.7542,626.7861,613.7259,602.0168,594.6461,578.9181,563.1360,555.2650,539.5253,534.4885,522.5814,506.3759,487.1783,476.8268,458.2231,435.5995,411.1117,390.1663,375.0661,346.8209,315.0302
70,2.0000,SpendAwareDPRebalance (R70-aware),2.5000,37483.1274,937.0782,spend75p,950.9758,994.9866,1045.4084,1095.9870,1150.9270,1214.1718,1279.7844,1340.2080,1407.9643,1470.9639,1538.5971,1600.8223,1651.5758,1698.4474,1743.1756,1775.7064,1798.2993,1818.2007,1833.1563,1843.2023,1813.2524,1812.8804,1800.8552,1788.9647,1784.8858,1784.7151,1787.8069,1771.7278,1764.7707,1727.4979,1188.4013,1147.7648,1128.2997,1096.8648,1091.4677,1060.9107,1048.8986,1050.0921,1040.5664,1026.6599,1012.0750,1003.4828,1001.9859,1000.9305,1008.5015,991.8787,983.5879,967.8420,955.0051,929.8995,911.3432,882.8606,866.6209,835.9249,798.2251
70,2.0000,No dynamic rebalance,2.8000,33467.0780,937.0782,survival,1.0000,1.0000,1.0000,1.0000,1.0000,1.0000,1.0000,1.0000,1.0000,1.0000,0.9995,0.9975,0.9955,0.9900,0.9850,0.9720,0.9635,0.9550,0.9405,0.9285,0.9150,0.8990,0.8805,0.8725,0.8550,0.8380,0.8250,0.8145,0.8045,0.7895,0.7815,0.7705,0.7630,0.7575,0.7545,0.7495,0.7435,0.7375,0.7320,0.7290,0.7250,0.7195,0.7150,0.7115,0.7070,0.7070,0.7030,0.6995,0.6970,0.6930,0.6900,0.6885,0.6860,0.6835,0.6795
70,2.0000,No dynamic rebalance,2.8000,33467.0780,937.0782,spend25p,937.4951,954.4794,969.8535,985.9145,1000.2375,1017.3972,1033.9201,1052.3870,1065.2906,1075.6612,1081.4024,1087.3733,1089.0344,1085.9538,1089.1096,1069.8184,1048.0008,1023.5661,985.8210,953.5772,899.5148,850.2027,808.2448,777.8115,724.2707,673.8159,625.4056,586.8437,539.7331,480.3200,214.7340,164.6773,124.8917,79.6430,41.7482,0.0000,0.0000,0.0000,0.0000,0.0000,0.0000,0.0000,0.0000,0.0000,0.0000,0.0000,0.0000,0.0000,0.0000,0.0000,0.0000,0.0000,0.0000,0.0000,0.0000
70,2.0000,No dynamic rebalance,2.8000,33467.0780,937.0782,spend50p,944.3751,974.8685,1006.8886,1040.1821,1074.9979,1111.4129,1149.1389,1187.8947,1227.6547,1264.0084,1293.1971,1320.9355,1349.7450,1363.6966,1380.9619,1370.8537,1357.7790,1339.2745,1316.7463,1295.4394,1246.3560,1216.2023,1184.3321,1164.6672,1143.6831,1109.7154,1081.1938,1057.1997,1020.2083,988.7391,608.4096,569.1509,537.2193,505.3918,479.3825,459.1847,436.6962,421.4916,409.4302,393.2407,382.9951,368.9986,347.5760,341.1011,319.7819,313.8255,299.6458,288.8716,267.5639,241.2659,222.0690,205.9312,182.7591,163.7370,145.3835
70,2.0000,No dynamic rebalance,2.8000,33467.0780,937.0782,spend75p,950.9758,994.9866,1045.4084,1095.9870,1150.9270,1214.1718,1279.7844,1340.2080,1407.9643,1470.9639,1537.9684,1600.2602,1648.9837,1692.5461,1723.5481,1739.8470,1754.0684,1764.4939,1760.7468,1754.7741,1713.2628,1672.9992,1654.3205,1654.4064,1639.9579,1616.4081,1586.5146,1563.8305,1534.4453,1512.4333,1022.1236,986.3793,939.0663,916.8345,901.3069,879.6771,860.5590,847.4251,844.1675,844.3814,843.4912,842.3523,828.8098,831.4148,831.7469,830.3709,818.7256,795.7282,783.7471,758.2258,738.5243,722.0539,701.8170,686.5707,652.3832
70,2.0000,固定最適比率,2.8000,33467.0780,937.0782,survival,1.0000,1.0000,1.0000,1.0000,1.0000,1.0000,1.0000,1.0000,1.0000,1.0000,1.0000,1.0000,1.0000,1.0000,1.0000,0.9995,0.9995,0.9970,0.9930,0.9865,0.9820,0.9730,0.9635,0.9560,0.9450,0.9320,0.9205,0.9115,0.8965,0.8830,0.8725,0.8650,0.8560,0.8515,0.8430,0.8335,0.8275,0.8225,0.8150,0.8095,0.8035,0.7970,0.7910,0.7865,0.7830,0.7790,0.7755,0.7700,0.7665,0.7635,0.7580,0.7555,0.7525,0.7470,0.7435
70,2.0000,固定最適比率,2.8000,33467.0780,937.0782,spend25p,937.4951,954.4794,969.8535,985.9145,1000.2375,1017.3972,1033.9201,1052.3870,1065.2906,1075.6612,1081.9889,1089.8672,1093.0876,1097.1193,1103.3041,1098.0582,1088.3830,1076.6242,1058.1184,1036.9330,993.6825,968.3083,937.9721,909.1035,877.8207,843.4847,812.2226,777.1018,734.2422,693.0563,377.2774,340.0844,307.7934,278.8873,246.2419,215.1205,192.0274,175.1457,157.3381,136.5059,117.3350,93.1506,71.7373,53.3914,39.8396,27.5877,10.8069,0.0000,0.0000,0.0000,0.0000,0.0000,0.0000,0.0000,0.0000
70,2.0000,固定最適比率,2.8000,33467.0780,937.0782,spend50p,944.3751,974.8685,1006.8886,1040.1821,1074.9979,1111.4129,1149.1389,1187.8947,1227.6547,1264.0084,1293.5144,1323.1141,1354.4930,1379.6991,1400.5127,1400.7168,1396.7587,1382.3919,1380.3693,1366.5238,1335.6463,1313.4000,1292.7645,1265.9033,1242.1442,1222.5064,1198.9095,1177.2849,1143.7075,1103.8567,706.4769,663.2376,627.5839,595.1470,562.9066,539.1485,518.4237,507.9661,487.7241,473.3722,465.1364,450.0251,431.1561,422.7607,408.4313,390.3598,372.4655,355.6820,340.6735,324.5504,299.4370,282.6725,259.5528,231.1836,207.9302
70,2.0000,固定最適比率,2.8000,33467.0780,937.0782,spend75p,950.9758,994.9866,1045.4084,1095.9870,1150.9270,1214.1718,1279.7844,1340.2080,1407.9643,1470.9639,1538.5971,1601.3633,1652.8906,1699.3094,1745.0608,1777.2463,1804.9294,1834.2360,1837.1602,1836.9444,1797.0526,1791.4233,1763.3493,1757.4715,1748.5367,1729.2779,1703.9636,1686.4575,1623.5453,1585.8277,1078.8737,1042.5313,1011.9500,980.5145,952.5123,929.5155,912.0748,903.4032,885.9662,884.5729,885.0531,866.4620,864.7130,865.2965,863.6240,850.5979,842.0384,822.6384,800.2177,783.9697,761.3396,737.2901,712.7722,690.8068,658.0618
70,2.0000,DynamicV1Rebalance,2.8000,33467.0780,937.0782,survival,1.0000,1.0000,1.0000,1.0000,1.0000,1.0000,1.0000,1.0000,1.0000,1.0000,0.9995,0.9975,0.9965,0.9910,0.9875,0.9830,0.9730,0.9675,0.9580,0.9465,0.9355,0.9280,0.9165,0.9060,0.8930,0.8810,0.8660,0.8570,0.8475,0.8380,0.8335,0.8265,0.8215,0.8160,0.8115,0.8050,0.7985,0.7950,0.7930,0.7910,0.7860,0.7835,0.7830,0.7780,0.7750,0.7735,0.7715,0.7685,0.7675,0.7640,0.7620,0.7615,0.7590,0.7580,0.7535
70,2.0000,DynamicV1Rebalance,2.8000,33467.0780,937.0782,spend25p,937.4951,954.4794,969.8535,985.9145,1000.2375,1017.3972,1033.9201,1052.3870,1065.2906,1075.6612,1081.4024,1087.3733,1089.6926,1087.5032,1090.5409,1081.4796,1061.6118,1040.7301,1016.2958,984.6078,931.0698,898.7046,864.2453,828.2968,796.1740,756.8062,714.0168,684.4221,645.2276,608.5182,316.5241,285.3564,253.0345,224.6736,200.6329,173.9367,150.6405,135.9703,116.4377,104.7207,85.1224,70.1211,57.7890,41.8128,28.7323,17.0433,6.6558,0.0000,0.0000,0.0000,0.0000,0.0000,0.0000,0.0000,0.0000
70,2.0000,DynamicV1Rebalance,2.8000,33467.0780,937.0782,spend50p,944.3751,974.8685,1006.8886,1040.1821,1074.9979,1111.4129,1149.1389,1187.8947,1227.6547,1264.0084,1293.1971,1320.9355,1351.4362,1365.5249,1383.6493,1385.5865,1365.7783,1351.5326,1336.8001,1313.2367,1266.5924,1255.0753,1230.8553,1208.0577,1183.8427,1162.7785,1134.1722,1109.2734,1077.2611,1054.3377,668.6835,635.2137,595.1641,563.6720,539.7912,520.4629,502.7618,483.4830,472.8229,464.1453,456.7987,446.9581,436.1102,425.9641,418.6353,402.8539,391.0325,374.7975,360.7182,343.2889,327.9689,307.8616,287.9035,272.3772,249.4538
70,2.0000,DynamicV1Rebalance,2.8000,33467.0780,937.0782,spend75p,950.9758,994.9866,1045.4084,1095.9870,1150.9270,1214.1718,1279.7844,1340.2080,1407.9643,1470.9639,1537.9684,1600.2602,1650.4332,1692.5461,1730.5475,1763.1189,1772.1689,1784.2058,1790.6616,1787.1151,1738.9557,1730.4543,1710.7730,1701.9602,1691.7064,1677.2880,1649.8271,1613.8909,1583.2929,1552.6954,1061.1479,1032.0950,1002.0535,973.3051,948.5579,929.5155,911.2042,904.0859,895.1151,903.0571,899.2090,891.9351,897.2717,906.4443,898.8525,893.1845,886.0644,877.7273,861.8364,849.0750,835.5427,815.4692,792.1357,779.5356,742.6335
70,2.0000,SpendAwareDPRebalance (R70-aware),2.8000,33467.0780,937.0782,survival,1.0000,1.0000,1.0000,1.0000,1.0000,1.0000,1.0000,1.0000,1.0000,1.0000,0.9995,0.9990,0.9965,0.9940,0.9900,0.9845,0.9805,0.9775,0.9730,0.9645,0.9570,0.9525,0.9440,0.9355,0.9280,0.9225,0.9155,0.9060,0.9005,0.8930,0.8860,0.8820,0.8785,0.8725,0.8635,0.8590,0.8545,0.8465,0.8430,0.8345,0.8295,0.8230,0.8175,0.8125,0.8075,0.8045,0.8005,0.7955,0.7905,0.7855,0.7820,0.7780,0.7710,0.7640,0.7620
70,2.0000,SpendAwareDPRebalance (R70-aware),2.8000,33467.0780,937.0782,spend25p,937.4951,954.4794,969.8535,985.9145,1000.2375,1017.3972,1033.9201,1052.3870,1065.2906,1075.6612,1081.4024,1088.8444,1089.6926,1090.9517,1093.6255,1081.9591,1068.0668,1054.0627,1033.4713,1009.2634,959.6190,938.7151,910.1983,885.4686,859.5786,834.0165,806.8032,771.4256,741.3035,704.8790,397.4361,368.0150,338.1551,312.7170,282.8792,256.4658,231.4217,205.2830,193.3176,172.6729,159.4592,141.8338,123.8168,102.6583,82.5336,67.3589,49.0019,32.2435,14.5970,0.0000,0.0000,0.0000,0.0000,0.0000,0.0000
70,2.0000,SpendAwareDPRebalance (R70-aware),2.8000,33467.0780,937.0782,spend50p,944.3751,974.8685,1006.8886,1040.1821,1074.9979,1111.4129,1149.1389,1187.8947,1227.6547,1264.0084,1293.1971,1322.5735,1351.4362,1371.2784,1388.4438,1387.1200,1373.0089,1365.5442,1355.9275,1336.9522,1291.6203,1288.9162,1276.0816,1248.8186,1224.0633,1219.2484,1200.7652,1177.2849,1159.0498,1129.0937,723.9542,692.7005,658.3365,623.4507,593.6977,571.1004,558.1533,538.6658,531.6696,514.2485,500.2339,481.9327,470.0266,456.4901,444.3834,435.6795,416.3847,397.3655,378.4745,354.8563,335.6130,312.5475,287.4911,263.3028,241.6868
70,2.0000,SpendAwareDPRebalance (R70-aware),2.8000,33467.0780,937.0782,spend75p,950.9758,994.9866,1045.4084,1095.9870,1150.9270,1214.1718,1279.7844,1340.2080,1407.9643,1470.9639,1537.9684,1600.6006,1650.4332,1694.9855,1733.2848,1764.2506,1785.5677,1800.3788,1814.9190,1801.7431,1767.6894,1770.3879,1747.2347,1746.6446,1743.6198,1739.2899,1729.3186,1703.7757,1668.8227,1638.8582,1115.3320,1092.5359,1059.1770,1030.3253,1005.9899,980.1766,966.4853,947.7434,950.2155,938.6538,927.4513,918.9702,907.4567,919.0850,905.3268,893.1652,881.5282,865.4094,847.4509,819.4032,803.0889,770.5773,731.9711,704.0162,673.4071
70,2.0000,No dynamic rebalance,3.0000,31235.9395,937.0782,survival,1.0000,1.0000,1.0000,1.0000,1.0000,1.0000,1.0000,1.0000,1.0000,0.9995,0.9985,0.9965,0.9925,0.9875,0.9745,0.9645,0.9540,0.9405,0.9245,0.9085,0.8930,0.8705,0.8575,0.8400,0.8235,0.8100,0.7920,0.7775,0.7630,0.7510,0.7445,0.7350,0.7290,0.7255,0.7195,0.7120,0.7085,0.7015,0.6960,0.6905,0.6860,0.6810,0.6775,0.6735,0.6690,0.6680,0.6660,0.6625,0.6590,0.6575,0.6550,0.6530,0.6505,0.6485,0.6475
70,2.0000,No dynamic rebalance,3.0000,31235.9395,937.0782,spend25p,937.4951,954.4794,969.8535,985.9145,1000.2375,1017.3972,1033.9201,1052.3870,1065.2906,1074.8311,1080.5245,1086.2574,1085.9520,1084.2405,1076.1907,1058.7288,1037.0620,1006.7180,969.0813,921.1881,856.1595,798.3958,757.3090,704.2325,658.5661,610.2767,540.1935,470.8685,399.3560,245.9382,0.0000,0.0000,0.0000,0.0000,0.0000,0.0000,0.0000,0.0000,0.0000,0.0000,0.0000,0.0000,0.0000,0.0000,0.0000,0.0000,0.0000,0.0000,0.0000,0.0000,0.0000,0.0000,0.0000,0.0000,0.0000
70,2.0000,No dynamic rebalance,3.0000,31235.9395,937.0782,spend50p,944.3751,974.8685,1006.8886,1040.1821,1074.9979,1111.4129,1149.1389,1187.8947,1227.6547,1263.9827,1292.7200,1320.8195,1348.6215,1361.2270,1365.5742,1359.1850,1350.1110,1326.7493,1303.5298,1275.2904,1223.8160,1181.1819,1158.0471,1122.2735,1095.9507,1064.6586,1029.4282,999.3104,965.0043,927.0916,558.3700,524.6844,494.0576,466.4776,438.1124,412.2021,400.9641,380.6654,359.8867,339.1636,323.1819,308.9091,295.2793,282.0695,265.6138,255.0422,242.3663,223.0903,203.0119,188.1457,170.2481,150.7611,130.6631,111.7226,89.3668
70,2.0000,No dynamic rebalance,3.0000,31235.9395,937.0782,spend75p,950.9758,994.9866,1045.4084,1095.9870,1150.9270,1214.1718,1279.7844,1340.2080,1407.9643,1469.2049,1537.4520,1600.2602,1647.9178,1691.3761,1714.4304,1726.3591,1744.9248,1743.7098,1734.8090,1724.7695,1662.7088,1632.2487,1631.0926,1614.1140,1589.3830,1573.6724,1546.1464,1498.8935,1475.2107,1449.5241,979.8414,922.0751,896.8104,871.9765,847.2636,825.5832,814.1546,799.0269,795.8929,790.9737,793.0936,785.0962,785.8681,772.6972,754.7771,757.0001,758.5567,736.9869,724.5358,720.1185,692.5274,681.7388,649.1888,625.8623,605.9401
70,2.0000,固定最適比率,3.0000,31235.9395,937.0782,survival,1.0000,1.0000,1.0000,1.0000,1.0000,1.0000,1.0000,1.0000,1.0000,1.0000,1.0000,1.0000,1.0000,0.9995,0.9985,0.9950,0.9890,0.9830,0.9740,0.9655,0.9525,0.9410,0.9280,0.9155,0.9060,0.8870,0.8705,0.8535,0.8410,0.8260,0.8185,0.8060,0.7975,0.7895,0.7835,0.7785,0.7660,0.7615,0.7585,0.7535,0.7470,0.7430,0.7405,0.7350,0.7280,0.7235,0.7150,0.7125,0.7085,0.7055,0.7030,0.6990,0.6980,0.6945,0.6915
70,2.0000,固定最適比率,3.0000,31235.9395,937.0782,spend25p,937.4951,954.4794,969.8535,985.9145,1000.2375,1017.3972,1033.9201,1052.3870,1065.2906,1075.6612,1081.9889,1089.8672,1093.0876,1095.6935,1101.5004,1089.6602,1078.8781,1063.8500,1033.5217,1009.5899,953.2493,923.3484,884.5644,849.0166,814.4539,767.1678,725.8313,673.9090,629.7362,572.4944,292.1172,247.6102,208.8329,175.6202,148.1551,121.3826,68.3284,47.7333,25.2659,0.0000,0.0000,0.0000,0.0000,0.0000,0.0000,0.0000,0.0000,0.0000,0.0000,0.0000,0.0000,0.0000,0.0000,0.0000,0.0000
70,2.0000,固定最適比率,3.0000,31235.9395,937.0782,spend50p,944.3751,974.8685,1006.8886,1040.1821,1074.9979,1111.4129,1149.1389,1187.8947,1227.6547,1264.0084,1293.5144,1323.1141,1354.4930,1379.0331,1399.6338,1395.3405,1381.5140,1367.4653,1351.5352,1331.1257,1281.2236,1261.1710,1234.7270,1212.2411,1192.7456,1160.5080,1130.3134,1094.7789,1056.4368,1026.5275,642.6651,596.7471,559.5337,527.0197,503.8534,479.5161,450.6101,433.4043,424.1043,411.5228,396.7989,381.2873,375.5343,356.5878,337.8136,321.2420,301.0388,292.5899,271.4364,245.6955,231.7923,208.5787,187.6287,168.7045,151.1890
70,2.0000,固定最適比率,3.0000,31235.9395,937.0782,spend75p,950.9758,994.9866,1045.4084,1095.9870,1150.9270,1214.1718,1279.7844,1340.2080,1407.9643,1470.9639,1538.5971,1601.3633,1652.8906,1698.5443,1743.1756,1774.6114,1792.0770,1806.2973,1801.6908,1794.9414,1743.6610,1726.1420,1699.7420,1686.2959,1681.6310,1651.4297,1628.2896,1572.4257,1534.9148,1515.5826,1023.7557,981.3160,936.2064,910.2550,879.5963,869.4885,844.9414,828.9799,823.1952,814.9320,810.6832,818.9574,816.2356,814.0733,799.0736,786.2665,768.8722,748.6257,735.0457,727.2494,702.3525,683.3837,652.6570,628.3631,608.3736
70,2.0000,DynamicV1Rebalance,3.0000,31235.9395,937.0782,survival,1.0000,1.0000,1.0000,1.0000,1.0000,1.0000,1.0000,1.0000,1.0000,0.9995,0.9985,0.9965,0.9935,0.9885,0.9820,0.9710,0.9640,0.9530,0.9420,0.9255,0.9160,0.9015,0.8845,0.8700,0.8585,0.8425,0.8285,0.8185,0.8075,0.7970,0.7870,0.7775,0.7730,0.7685,0.7655,0.7595,0.7565,0.7500,0.7465,0.7435,0.7370,0.7335,0.7320,0.7295,0.7270,0.7235,0.7215,0.7195,0.7175,0.7150,0.7150,0.7130,0.7120,0.7095,0.7080
70,2.0000,DynamicV1Rebalance,3.0000,31235.9395,937.0782,spend25p,937.4951,954.4794,969.8535,985.9145,1000.2375,1017.3972,1033.9201,1052.3870,1065.2906,1074.8311,1080.5245,1086.2574,1088.3262,1084.8164,1085.3683,1069.2148,1048.9739,1019.5156,987.3838,948.5755,900.4446,854.8897,810.5560,769.0483,730.4534,687.0047,633.6422,593.1436,544.7418,501.1377,228.6073,183.9221,152.8679,121.9915,100.4068,63.2426,32.7543,0.0000,0.0000,0.0000,0.0000,0.0000,0.0000,0.0000,0.0000,0.0000,0.0000,0.0000,0.0000,0.0000,0.0000,0.0000,0.0000,0.0000,0.0000
70,2.0000,DynamicV1Rebalance,3.0000,31235.9395,937.0782,spend50p,944.3751,974.8685,1006.8886,1040.1821,1074.9979,1111.4129,1149.1389,1187.8947,1227.6547,1263.9827,1292.7200,1320.8195,1349.0265,1361.7911,1374.0331,1366.0614,1358.7132,1338.3448,1321.7727,1294.6893,1245.8257,1220.1509,1185.8154,1161.2002,1143.6831,1111.2671,1081.1938,1057.1997,1019.7769,994.2064,614.1230,572.7795,542.7052,515.0196,489.1207,466.3707,443.8764,431.7671,421.9130,411.1968,397.5230,382.3789,377.1361,363.3073,353.7800,337.1095,321.4121,308.7278,299.2337,280.9033,261.0557,239.1745,217.4731,204.0039,179.4464
70,2.0000,DynamicV1Rebalance,3.0000,31235.9395,937.0782,spend75p,950.9758,994.9866,1045.4084,1095.9870,1150.9270,1214.1718,1279.7844,1340.2080,1407.9643,1469.2049,1537.4520,1600.2602,1647.9178,1692.1296,1721.9265,1735.1356,1755.4046,1764.4939,1763.7066,1754.7741,1713.6668,1672.4747,1649.1493,1642.9533,1629.4969,1608.7346,1584.6206,1555.0341,1519.7474,1515.5826,1019.9683,976.1121,939.6579,918.0131,899.6543,873.1246,866.4436,848.9142,848.2330,845.4659,841.0198,841.4331,836.6690,840.9256,841.3896,835.9485,830.5734,814.1349,797.6737,778.7334,771.4884,751.9155,725.4926,702.8944,675.4870
70,2.0000,SpendAwareDPRebalance (R70-aware),3.0000,31235.9395,937.0782,survival,1.0000,1.0000,1.0000,1.0000,1.0000,1.0000,1.0000,1.0000,1.0000,0.9995,0.9990,0.9965,0.9940,0.9900,0.9840,0.9790,0.9710,0.9630,0.9550,0.9470,0.9410,0.9295,0.9220,0.9135,0.9035,0.8915,0.8830,0.8715,0.8650,0.8575,0.8520,0.8490,0.8435,0.8350,0.8285,0.8245,0.8185,0.8115,0.8050,0.7965,0.7940,0.7885,0.7830,0.7785,0.7720,0.7680,0.7605,0.7545,0.7520,0.7480,0.7405,0.7345,0.7285,0.7250,0.7210
70,2.0000,SpendAwareDPRebalance (R70-aware),3.0000,31235.9395,937.0782,spend25p,937.4951,954.4794,969.8535,985.9145,1000.2375,1017.3972,1033.9201,1052.3870,1065.2906,1074.8311,1081.0173,1086.2574,1088.3262,1085.9538,1088.2348,1077.6655,1059.2168,1036.4184,1012.1693,986.6031,938.2018,903.3664,877.0966,846.5834,810.1402,772.0794,744.9104,712.1851,684.7719,653.1437,347.1704,321.4790,290.0803,254.7090,223.5190,203.4376,181.3715,158.7849,140.0077,114.5737,98.7098,77.6474,56.9676,41.8128,23.2457,5.2260,0.0000,0.0000,0.0000,0.0000,0.0000,0.0000,0.0000,0.0000,0.0000
70,2.0000,SpendAwareDPRebalance (R70-aware),3.0000,31235.9395,937.0782,spend50p,944.3751,974.8685,1006.8886,1040.1821,1074.9979,1111.4129,1149.1389,1187.8947,1227.6547,1263.9827,1292.9092,1320.8195,1349.0265,1363.6966,1378.3823,1380.5934,1365.6345,1347.9995,1335.5535,1314.9942,1275.4089,1256.9996,1241.2197,1219.2896,1196.3912,1177.5185,1159.3201,1128.4015,1106.7929,1076.0335,690.9795,654.4873,619.0935,582.8166,554.5941,536.5243,516.4626,501.7606,482.4601,464.1453,458.9064,445.9395,428.7178,419.0671,397.0871,378.7740,356.6062,337.5651,322.8877,304.7519,280.8887,253.5547,224.3951,206.4141,178.8763
70,2.0000,SpendAwareDPRebalance (R70-aware),3.0000,31235.9395,937.0782,spend75p,950.9758,994.9866,1045.4084,1095.9870,1150.9270,1214.1718,1279.7844,1340.2080,1407.9643,1469.2049,1537.4520,1600.2602,1648.9837,1692.4044,1722.6419,1750.9642,1770.7373,1775.9692,1785.0810,1785.4936,1750.9750,1726.1420,1713.0874,1713.7042,1702.7651,1686.7848,1672.7422,1633.5973,1599.0967,1567.9367,1074.2438,1048.3097,1020.2092,990.0622,953.8980,940.6650,920.9450,904.8319,887.6173,869.6181,881.4164,865.0247,865.3619,856.8054,849.8535,838.9146,819.7665,795.7282,782.1543,754.8312,725.3806,699.8813,668.9460,640.2486,613.7771
70,2.0000,No dynamic rebalance,3.3300,28140.4860,937.0782,survival,1.0000,1.0000,1.0000,1.0000,1.0000,1.0000,1.0000,1.0000,1.0000,0.9990,0.9965,0.9945,0.9880,0.9760,0.9605,0.9475,0.9325,0.9125,0.8900,0.8695,0.8520,0.8325,0.8115,0.7870,0.7685,0.7525,0.7350,0.7205,0.7030,0.6900,0.6835,0.6750,0.6670,0.6580,0.6510,0.6450,0.6375,0.6350,0.6295,0.6275,0.6225,0.6175,0.6145,0.6120,0.6095,0.6070,0.6035,0.6020,0.5995,0.5990,0.5975,0.5945,0.5920,0.5910,0.5905
70,2.0000,No dynamic rebalance,3.3300,28140.4860,937.0782,spend25p,937.4951,954.4794,969.8535,985.9145,1000.2375,1017.3972,1033.9201,1052.3870,1065.2906,1073.3788,1078.9495,1084.0213,1078.5863,1077.6189,1058.9508,1038.6711,1008.5202,960.5546,906.2396,845.3673,778.6913,706.7375,643.8836,565.7475,472.2266,322.7232,0.0000,0.0000,0.0000,0.0000,0.0000,0.0000,0.0000,0.0000,0.0000,0.0000,0.0000,0.0000,0.0000,0.0000,0.0000,0.0000,0.0000,0.0000,0.0000,0.0000,0.0000,0.0000,0.0000,0.0000,0.0000,0.0000,0.0000,0.0000,0.0000
70,2.0000,No dynamic rebalance,3.3300,28140.4860,937.0782,spend50p,944.3751,974.8685,1006.8886,1040.1821,1074.9979,1111.4129,1149.1389,1187.8947,1227.6547,1263.8719,1290.6325,1318.6506,1345.1228,1353.0284,1350.6059,1344.6526,1327.7964,1307.9435,1263.2625,1229.5908,1172.8136,1132.1064,1103.6037,1062.0173,1030.9885,991.3011,951.8296,911.3142,854.4550,817.3450,478.8467,447.3829,408.7037,381.0558,353.2471,328.0651,307.9561,292.5645,271.8099,255.0826,242.2547,222.4312,208.4653,198.0875,185.0644,169.6072,148.1535,133.2192,118.5046,102.7741,89.2331,70.2406,51.9102,37.4140,17.6659
70,2.0000,No dynamic rebalance,3.3300,28140.4860,937.0782,spend75p,950.9758,994.9866,1045.4084,1095.9870,1150.9270,1214.1718,1279.7844,1340.2080,1407.9643,1468.2769,1536.4886,1599.1029,1642.7947,1672.8495,1699.9961,1715.9751,1719.3794,1718.7543,1694.5099,1657.6449,1606.5063,1589.5717,1576.8801,1544.5063,1528.2858,1485.4510,1453.3525,1422.2133,1379.4811,1354.2969,896.5080,863.9754,826.4214,793.2365,770.5702,749.4363,729.9269,730.7143,721.3080,714.9865,703.3210,704.5334,703.2323,702.3684,692.9695,688.7764,669.9848,663.9264,654.0145,635.7964,621.0113,598.3924,562.5516,536.6808,516.6214
70,2.0000,固定最適比率,3.3300,28140.4860,937.0782,survival,1.0000,1.0000,1.0000,1.0000,1.0000,1.0000,1.0000,1.0000,1.0000,1.0000,0.9995,0.9990,0.9965,0.9920,0.9845,0.9715,0.9600,0.9460,0.9300,0.9115,0.8960,0.8740,0.8535,0.8325,0.8160,0.7945,0.7750,0.7555,0.7430,0.7270,0.7170,0.7085,0.6990,0.6900,0.6840,0.6795,0.6730,0.6665,0.6610,0.6540,0.6490,0.6445,0.6420,0.6360,0.6325,0.6305,0.6260,0.6240,0.6205,0.6185,0.6180,0.6170,0.6150,0.6115,0.6100
70,2.0000,固定最適比率,3.3300,28140.4860,937.0782,spend25p,937.4951,954.4794,969.8535,985.9145,1000.2375,1017.3972,1033.9201,1052.3870,1065.2906,1075.6612,1081.4024,1088.8444,1089.3362,1087.5032,1088.9730,1067.3771,1043.2722,1011.5312,975.3779,923.8347,859.3290,802.9308,745.8913,691.5052,631.8277,558.2111,480.7489,339.0545,0.0000,0.0000,0.0000,0.0000,0.0000,0.0000,0.0000,0.0000,0.0000,0.0000,0.0000,0.0000,0.0000,0.0000,0.0000,0.0000,0.0000,0.0000,0.0000,0.0000,0.0000,0.0000,0.0000,0.0000,0.0000,0.0000,0.0000
70,2.0000,固定最適比率,3.3300,28140.4860,937.0782,spend50p,944.3751,974.8685,1006.8886,1040.1821,1074.9979,1111.4129,1149.1389,1187.8947,1227.6547,1264.0084,1293.1971,1322.5735,1350.2729,1363.6966,1378.3823,1362.8831,1353.0936,1329.6243,1303.5298,1273.1235,1218.7839,1178.8905,1136.7127,1106.7196,1072.9795,1032.0670,1004.7365,958.0400,926.9478,874.0694,520.9643,485.0431,446.9448,411.9964,386.6281,368.8218,343.8775,322.6338,301.6310,281.8008,267.0234,252.6369,241.4811,224.2358,207.1673,194.6165,176.5910,157.3693,140.9572,125.6962,111.3343,91.6457,75.0296,55.2417,36.6729
70,2.0000,固定最適比率,3.3300,28140.4860,937.0782,spend75p,950.9758,994.9866,1045.4084,1095.9870,1150.9270,1214.1718,1279.7844,1340.2080,1407.9643,1470.9639,1537.9684,1600.6006,1648.9837,1692.4044,1722.3120,1729.1291,1744.6502,1742.4975,1732.7012,1714.8459,1650.2786,1625.6457,1595.1331,1584.9032,1561.4125,1530.7196,1479.2182,1435.4021,1415.4635,1375.3131,902.1853,873.3589,841.4725,808.0967,785.0619,764.9317,758.0925,746.5326,734.1879,724.2519,714.0941,710.7315,714.7672,707.3424,696.6962,694.5076,670.2647,663.9264,648.5725,627.1644,617.1228,598.6654,567.4331,535.2997,513.9664
70,2.0000,DynamicV1Rebalance,3.3300,28140.4860,937.0782,survival,1.0000,1.0000,1.0000,1.0000,1.0000,1.0000,1.0000,1.0000,1.0000,0.9990,0.9965,0.9945,0.9880,0.9790,0.9625,0.9530,0.9410,0.9215,0.9035,0.8850,0.8680,0.8510,0.8350,0.8165,0.7990,0.7805,0.7630,0.7500,0.7355,0.7245,0.7130,0.7065,0.6985,0.6930,0.6880,0.6830,0.6780,0.6735,0.6700,0.6655,0.6625,0.6600,0.6560,0.6545,0.6490,0.6455,0.6435,0.6425,0.6405,0.6390,0.6355,0.6355,0.6330,0.6315,0.6305
70,2.0000,DynamicV1Rebalance,3.3300,28140.4860,937.0782,spend25p,937.4951,954.4794,969.8535,985.9145,1000.2375,1017.3972,1033.9201,1052.3870,1065.2906,1073.3788,1078.9495,1084.0213,1078.5863,1080.0542,1060.6523,1045.3774,1019.4060,974.9387,928.4838,877.4772,811.1825,756.1986,704.1985,653.8377,585.4984,515.1870,420.0872,178.3418,0.0000,0.0000,0.0000,0.0000,0.0000,0.0000,0.0000,0.0000,0.0000,0.0000,0.0000,0.0000,0.0000,0.0000,0.0000,0.0000,0.0000,0.0000,0.0000,0.0000,0.0000,0.0000,0.0000,0.0000,0.0000,0.0000,0.0000
70,2.0000,DynamicV1Rebalance,3.3300,28140.4860,937.0782,spend50p,944.3751,974.8685,1006.8886,1040.1821,1074.9979,1111.4129,1149.1389,1187.8947,1227.6547,1263.8719,1290.6325,1318.6506,1345.1228,1355.5583,1352.5642,1352.0658,1336.6415,1313.6885,1277.9201,1248.7126,1192.5427,1149.8519,1130.0768,1097.9470,1058.7248,1028.2169,991.3319,958.0400,924.7223,879.0697,521.1869,486.9438,452.8729,422.2347,396.9041,381.2952,354.2251,336.3923,325.6998,310.2633,295.6117,281.9583,270.4046,262.5685,244.8468,227.4655,214.8377,199.8964,186.4256,166.4555,144.7380,130.2795,108.7995,88.9996,70.8045
70,2.0000,DynamicV1Rebalance,3.3300,28140.4860,937.0782,spend75p,950.9758,994.9866,1045.4084,1095.9870,1150.9270,1214.1718,1279.7844,1340.2080,1407.9643,1468.2769,1536.4886,1599.1029,1642.7947,1678.0997,1700.7728,1721.5962,1727.9238,1727.9252,1708.9437,1695.9016,1624.4194,1611.5170,1592.3910,1583.8845,1555.9830,1532.4088,1489.2259,1463.0805,1430.6125,1405.8853,926.7934,891.6872,859.4182,829.1415,804.8745,789.3000,773.7997,767.1953,764.3133,760.6308,750.6482,750.5412,744.7049,739.9037,732.8367,724.2162,726.9851,716.3293,703.8628,686.0023,668.0819,646.5903,628.6449,602.1660,571.0024
70,2.0000,SpendAwareDPRebalance (R70-aware),3.3300,28140.4860,937.0782,survival,1.0000,1.0000,1.0000,1.0000,1.0000,1.0000,1.0000,1.0000,1.0000,0.9990,0.9965,0.9950,0.9885,0.9820,0.9700,0.9590,0.9500,0.9355,0.9250,0.9140,0.8965,0.8825,0.8675,0.8560,0.8415,0.8290,0.8175,0.8090,0.7970,0.7840,0.7800,0.7725,0.7665,0.7585,0.7515,0.7475,0.7445,0.7410,0.7335,0.7295,0.7220,0.7175,0.7100,0.7025,0.6990,0.6930,0.6890,0.6845,0.6795,0.6740,0.6650,0.6590,0.6550,0.6495,0.6490
70,2.0000,SpendAwareDPRebalance (R70-aware),3.3300,28140.4860,937.0782,spend25p,937.4951,954.4794,969.8535,985.9145,1000.2375,1017.3972,1033.9201,1052.3870,1065.2906,1073.3788,1078.9495,1084.5206,1079.5609,1081.7631,1073.3266,1052.8115,1033.7406,998.8325,970.1546,927.5982,862.5120,822.7787,784.5845,736.8570,698.9016,653.0852,603.7238,568.2161,516.3907,466.5087,211.2951,175.2789,138.6100,81.7288,13.8218,0.0000,0.0000,0.0000,0.0000,0.0000,0.0000,0.0000,0.0000,0.0000,0.0000,0.0000,0.0000,0.0000,0.0000,0.0000,0.0000,0.0000,0.0000,0.0000,0.0000
70,2.0000,SpendAwareDPRebalance (R70-aware),3.3300,28140.4860,937.0782,spend50p,944.3751,974.8685,1006.8886,1040.1821,1074.9979,1111.4129,1149.1389,1187.8947,1227.6547,1263.8719,1290.6325,1319.0207,1345.1830,1359.4905,1361.7728,1355.3463,1345.7771,1323.4321,1303.5298,1278.0693,1227.9223,1195.4932,1165.0987,1136.4861,1114.6675,1089.1646,1064.5161,1036.5004,1008.4300,967.1221,600.7855,565.2231,534.7452,500.0136,471.3216,452.7988,430.8554,420.6574,405.8957,385.5967,367.3934,349.6934,336.0821,309.9459,303.7538,285.7398,273.8519,254.7894,234.1262,210.3080,180.8762,152.1010,130.6631,104.4850,86.0202
70,2.0000,SpendAwareDPRebalance (R70-aware),3.3300,28140.4860,937.0782,spend75p,950.9758,994.9866,1045.4084,1095.9870,1150.9270,1214.1718,1279.7844,1340.2080,1407.9643,1468.2769,1536.4886,1599.6081,1643.4480,1682.3592,1707.0393,1724.0372,1738.3112,1739.9900,1734.2000,1723.3307,1660.0469,1644.4572,1634.5922,1625.1733,1604.0021,1593.4918,1556.9763,1536.2543,1500.2822,1476.4857,997.6905,953.1279,918.0575,880.3993,849.1823,834.6182,820.2578,808.2003,798.1180,791.5940,793.0936,785.8447,780.8657,749.6702,742.6097,733.3913,726.0524,710.9078,682.6049,666.2271,631.4067,598.6654,565.8356,534.7447,513.1122
70,2.0000,No dynamic rebalance,3.6600,25603.2291,937.0782,survival,1.0000,1.0000,1.0000,1.0000,1.0000,1.0000,1.0000,1.0000,0.9995,0.9975,0.9955,0.9895,0.9790,0.9595,0.9425,0.9280,0.9010,0.8760,0.8540,0.8305,0.8050,0.7760,0.7520,0.7280,0.7080,0.6870,0.6730,0.6590,0.6435,0.6310,0.6220,0.6125,0.6060,0.6025,0.5990,0.5925,0.5890,0.5835,0.5795,0.5760,0.5740,0.5690,0.5655,0.5615,0.5575,0.5535,0.5505,0.5485,0.5455,0.5450,0.5420,0.5410,0.5395,0.5390,0.5370
70,2.0000,No dynamic rebalance,3.6600,25603.2291,937.0782,spend25p,937.4951,954.4794,969.8535,985.9145,1000.2375,1017.3972,1033.9201,1052.3870,1065.1410,1072.0668,1078.4721,1081.0270,1072.4995,1058.2720,1036.6928,1005.2931,961.2165,892.1894,836.3345,763.1902,663.6304,559.8881,344.8051,0.0000,0.0000,0.0000,0.0000,0.0000,0.0000,0.0000,0.0000,0.0000,0.0000,0.0000,0.0000,0.0000,0.0000,0.0000,0.0000,0.0000,0.0000,0.0000,0.0000,0.0000,0.0000,0.0000,0.0000,0.0000,0.0000,0.0000,0.0000,0.0000,0.0000,0.0000,0.0000
70,2.0000,No dynamic rebalance,3.6600,25603.2291,937.0782,spend50p,944.3751,974.8685,1006.8886,1040.1821,1074.9979,1111.4129,1149.1389,1187.8947,1227.1002,1262.0346,1290.2800,1316.4891,1336.2475,1339.3644,1331.3027,1326.5992,1297.3027,1261.3863,1218.7511,1180.4122,1109.5602,1073.0346,1025.1454,985.1046,937.6952,885.5393,846.8515,804.7451,758.3621,721.5365,402.7279,364.9946,331.9830,307.2952,282.2122,252.4961,228.8438,205.0623,191.9458,175.5043,169.9788,154.3376,135.7838,121.5943,101.7739,81.4335,65.2479,50.2698,35.3331,23.2456,5.6795,0.0000,0.0000,0.0000,0.0000
70,2.0000,No dynamic rebalance,3.6600,25603.2291,937.0782,spend75p,950.9758,994.9866,1045.4084,1095.9870,1150.9270,1214.1718,1279.7844,1340.2080,1407.4349,1467.4488,1535.3258,1594.8922,1637.1980,1658.9545,1685.0903,1702.2018,1699.8788,1666.1618,1652.5636,1618.4896,1557.3854,1529.7599,1507.0104,1481.1355,1426.6844,1390.4493,1356.5983,1337.5807,1301.6483,1257.7845,826.8153,790.8225,752.7005,726.8982,714.9124,691.6253,671.8095,649.3188,645.0192,648.3077,651.0522,636.1869,637.7019,636.5051,618.9869,606.7628,589.3129,577.8728,559.7799,541.6157,522.8529,505.9451,485.5502,462.8629,438.8203
70,2.0000,固定最適比率,3.6600,25603.2291,937.0782,survival,1.0000,1.0000,1.0000,1.0000,1.0000,1.0000,1.0000,1.0000,1.0000,0.9990,0.9965,0.9930,0.9855,0.9685,0.9520,0.9375,0.9165,0.8895,0.8710,0.8475,0.8225,0.7980,0.7720,0.7450,0.7235,0.7010,0.6825,0.6680,0.6560,0.6435,0.6350,0.6235,0.6145,0.6110,0.6060,0.6005,0.5945,0.5895,0.5865,0.5840,0.5800,0.5760,0.5725,0.5665,0.5630,0.5595,0.5585,0.5555,0.5540,0.5515,0.5480,0.5460,0.5430,0.5415,0.5385
70,2.0000,固定最適比率,3.6600,25603.2291,937.0782,spend25p,937.4951,954.4794,969.8535,985.9145,1000.2375,1017.3972,1033.9201,1052.3870,1065.2906,1073.3788,1078.9495,1082.4829,1077.6318,1068.0458,1048.7177,1019.5845,981.6506,917.9663,866.0139,801.0225,703.2297,625.5863,517.0713,0.0000,0.0000,0.0000,0.0000,0.0000,0.0000,0.0000,0.0000,0.0000,0.0000,0.0000,0.0000,0.0000,0.0000,0.0000,0.0000,0.0000,0.0000,0.0000,0.0000,0.0000,0.0000,0.0000,0.0000,0.0000,0.0000,0.0000,0.0000,0.0000,0.0000,0.0000,0.0000
70,2.0000,固定最適比率,3.6600,25603.2291,937.0782,spend50p,944.3751,974.8685,1006.8886,1040.1821,1074.9979,1111.4129,1149.1389,1187.8947,1227.6547,1263.8719,1290.6325,1317.7899,1339.2441,1346.5192,1339.8913,1335.0442,1312.6757,1278.9300,1240.7817,1203.0244,1125.9878,1092.0409,1052.3152,1005.7963,960.7115,902.6959,862.2029,816.3195,777.2284,737.3097,414.7963,374.2359,337.9285,312.9560,289.4643,266.9194,233.6097,213.9636,199.2601,188.5105,174.1235,163.1061,152.1227,129.0022,109.6649,87.3595,74.0164,60.8170,46.2239,28.5073,12.1667,0.0000,0.0000,0.0000,0.0000
70,2.0000,固定最適比率,3.6600,25603.2291,937.0782,spend75p,950.9758,994.9866,1045.4084,1095.9870,1150.9270,1214.1718,1279.7844,1340.2080,1407.9643,1468.2769,1536.4886,1596.4992,1639.9805,1668.3878,1692.4391,1705.0628,1706.2475,1680.0573,1662.7146,1629.8188,1565.4057,1544.8623,1524.9670,1484.4131,1445.1477,1400.8491,1356.5983,1343.7888,1310.2090,1269.1374,836.5285,794.8603,759.8507,729.3115,716.9010,698.0970,672.1365,653.7225,650.1224,650.1773,649.8997,643.5558,644.8009,627.3558,618.9869,607.1334,596.4024,580.3564,568.8047,547.3274,522.8529,504.5876,480.0443,446.6596,428.9468
70,2.0000,DynamicV1Rebalance,3.6600,25603.2291,937.0782,survival,1.0000,1.0000,1.0000,1.0000,1.0000,1.0000,1.0000,1.0000,0.9995,0.9980,0.9960,0.9890,0.9805,0.9600,0.9465,0.9330,0.9045,0.8820,0.8600,0.8390,0.8150,0.7945,0.7710,0.7500,0.7300,0.7095,0.6925,0.6785,0.6655,0.6490,0.6400,0.6320,0.6225,0.6180,0.6140,0.6080,0.6035,0.6020,0.6005,0.5970,0.5940,0.5910,0.5880,0.5845,0.5830,0.5800,0.5780,0.5770,0.5750,0.5745,0.5710,0.5705,0.5695,0.5685,0.5670
70,2.0000,DynamicV1Rebalance,3.6600,25603.2291,937.0782,spend25p,937.4951,954.4794,969.8535,985.9145,1000.2375,1017.3972,1033.9201,1052.3870,1065.1410,1072.3601,1078.7161,1080.7525,1073.8507,1058.5874,1040.6181,1010.7627,965.1564,900.5139,848.3938,780.7372,683.9504,615.8189,511.3580,210.2951,0.0000,0.0000,0.0000,0.0000,0.0000,0.0000,0.0000,0.0000,0.0000,0.0000,0.0000,0.0000,0.0000,0.0000,0.0000,0.0000,0.0000,0.0000,0.0000,0.0000,0.0000,0.0000,0.0000,0.0000,0.0000,0.0000,0.0000,0.0000,0.0000,0.0000,0.0000
70,2.0000,DynamicV1Rebalance,3.6600,25603.2291,937.0782,spend50p,944.3751,974.8685,1006.8886,1040.1821,1074.9979,1111.4129,1149.1389,1187.8947,1227.1002,1263.1044,1290.6325,1316.2886,1336.8131,1339.7801,1336.2068,1335.0442,1301.3214,1270.3732,1231.7075,1197.2035,1123.6819,1093.2146,1058.0908,1012.8348,967.3101,919.6614,883.4871,840.9154,802.2941,750.9008,421.3786,389.2755,354.3731,321.8991,306.2392,277.1033,256.8242,240.4637,224.9085,206.6798,194.3451,184.4317,174.9743,160.4772,146.5949,129.9599,115.4433,99.2415,84.2057,65.7749,46.0789,32.4910,16.7019,3.8695,0.0000
70,2.0000,DynamicV1Rebalance,3.6600,25603.2291,937.0782,spend75p,950.9758,994.9866,1045.4084,1095.9870,1150.9270,1214.1718,1279.7844,1340.2080,1407.4349,1467.8348,1536.4886,1594.5676,1638.3812,1658.7156,1689.4881,1705.7691,1703.4248,1671.6622,1656.2574,1629.3509,1565.2666,1553.9150,1532.4214,1502.3140,1471.6086,1416.2289,1382.0494,1362.0800,1327.9760,1282.8147,847.4607,816.7937,778.6843,748.3153,727.5750,708.1703,687.5513,675.8607,672.5081,666.7051,669.2607,668.9202,664.6523,663.7545,666.9806,642.2663,633.8988,622.8416,612.5977,596.5199,572.6860,553.8917,539.9953,514.5077,487.8866
70,2.0000,SpendAwareDPRebalance (R70-aware),3.6600,25603.2291,937.0782,survival,1.0000,1.0000,1.0000,1.0000,1.0000,1.0000,1.0000,1.0000,0.9995,0.9975,0.9955,0.9900,0.9810,0.9635,0.9500,0.9395,0.9165,0.8945,0.8785,0.8585,0.8390,0.8225,0.8065,0.7905,0.7745,0.7545,0.7425,0.7295,0.7185,0.7105,0.7040,0.6965,0.6905,0.6855,0.6790,0.6755,0.6710,0.6655,0.6590,0.6515,0.6485,0.6450,0.6365,0.6320,0.6285,0.6225,0.6180,0.6125,0.6085,0.6030,0.5955,0.5900,0.5860,0.5825,0.5795
70,2.0000,SpendAwareDPRebalance (R70-aware),3.6600,25603.2291,937.0782,spend25p,937.4951,954.4794,969.8535,985.9145,1000.2375,1017.3972,1033.9201,1052.3870,1065.1410,1072.0668,1078.4721,1081.3058,1074.2849,1063.7811,1047.1282,1023.8895,983.1984,934.6672,886.2847,826.7853,741.0478,685.8341,631.2003,577.1711,499.3629,348.1691,0.0000,0.0000,0.0000,0.0000,0.0000,0.0000,0.0000,0.0000,0.0000,0.0000,0.0000,0.0000,0.0000,0.0000,0.0000,0.0000,0.0000,0.0000,0.0000,0.0000,0.0000,0.0000,0.0000,0.0000,0.0000,0.0000,0.0000,0.0000,0.0000
70,2.0000,SpendAwareDPRebalance (R70-aware),3.6600,25603.2291,937.0782,spend50p,944.3751,974.8685,1006.8886,1040.1821,1074.9979,1111.4129,1149.1389,1187.8947,1227.1002,1262.0346,1290.2800,1316.8700,1337.0553,1341.8050,1338.8617,1337.3832,1312.1099,1284.3226,1249.6109,1217.7721,1157.4983,1126.2001,1101.6021,1064.8966,1037.6557,993.0689,959.4138,921.4458,886.4571,855.0635,507.4960,469.1816,441.2488,410.0984,384.8147,366.9692,344.4920,323.7522,302.3518,282.4697,268.3982,254.1376,238.0895,219.7203,206.0767,188.9191,167.5526,147.7150,126.7657,103.7063,82.6199,60.2477,36.0098,15.3317,0.0000
70,2.0000,SpendAwareDPRebalance (R70-aware),3.6600,25603.2291,937.0782,spend75p,950.9758,994.9866,1045.4084,1095.9870,1150.9270,1214.1718,1279.7844,1340.2080,1407.4349,1467.4488,1535.3258,1595.0181,1638.3812,1662.9365,1693.6492,1709.7999,1710.3754,1696.0996,1676.7628,1652.4428,1592.0328,1578.6952,1568.9519,1547.7869,1529.2100,1477.1069,1453.3525,1420.7610,1398.3484,1366.1607,901.7273,868.5124,830.4436,799.1189,774.4152,755.0013,748.1463,735.4359,724.4663,705.6939,700.1510,697.8637,676.3984,673.2726,671.5097,642.5071,630.2115,614.2114,588.4003,567.6279,532.6241,507.9385,482.8930,452.3194,437.3382
70,2.0000,No dynamic rebalance,4.0000,23426.9546,937.0782,survival,1.0000,1.0000,1.0000,1.0000,1.0000,1.0000,1.0000,1.0000,0.9990,0.9965,0.9920,0.9825,0.9595,0.9405,0.9230,0.8960,0.8665,0.8395,0.8060,0.7745,0.7440,0.7115,0.6895,0.6665,0.6460,0.6330,0.6170,0.6010,0.5860,0.5730,0.5675,0.5590,0.5500,0.5415,0.5380,0.5310,0.5265,0.5220,0.5190,0.5140,0.5090,0.5075,0.5060,0.5035,0.4995,0.4960,0.4950,0.4925,0.4905,0.4870,0.4855,0.4825,0.4815,0.4795,0.4775
70,2.0000,No dynamic rebalance,4.0000,23426.9546,937.0782,spend25p,937.4951,954.4794,969.8535,985.9145,1000.2375,1017.3972,1033.9201,1052.3870,1064.5391,1071.3321,1076.1353,1074.6081,1055.8325,1039.3693,1013.8239,968.9068,896.2337,834.6203,726.3459,607.8518,0.0000,0.0000,0.0000,0.0000,0.0000,0.0000,0.0000,0.0000,0.0000,0.0000,0.0000,0.0000,0.0000,0.0000,0.0000,0.0000,0.0000,0.0000,0.0000,0.0000,0.0000,0.0000,0.0000,0.0000,0.0000,0.0000,0.0000,0.0000,0.0000,0.0000,0.0000,0.0000,0.0000,0.0000,0.0000
70,2.0000,No dynamic rebalance,4.0000,23426.9546,937.0782,spend50p,944.3751,974.8685,1006.8886,1040.1821,1074.9979,1111.4129,1149.1389,1187.8947,1226.8436,1261.2376,1288.2427,1311.5411,1318.0908,1321.9179,1313.0665,1288.6312,1254.1674,1227.5141,1170.7129,1124.5383,1044.0527,985.7799,942.9894,887.4228,833.8720,792.9739,748.8497,709.3905,655.2419,603.6260,311.2416,271.6828,221.0630,190.6321,169.0099,137.8351,112.6140,88.3377,71.0654,46.7219,17.4661,0.0000,0.0000,0.0000,0.0000,0.0000,0.0000,0.0000,0.0000,0.0000,0.0000,0.0000,0.0000,0.0000,0.0000
70,2.0000,No dynamic rebalance,4.0000,23426.9546,937.0782,spend75p,950.9758,994.9866,1045.4084,1095.9870,1150.9270,1214.1718,1279.7844,1340.2080,1407.0591,1467.4488,1533.1145,1587.4645,1616.8767,1643.5646,1661.3928,1675.5662,1658.7547,1643.1242,1600.4106,1559.2654,1498.5179,1467.2487,1424.1688,1384.1025,1353.0165,1315.4730,1283.1055,1250.3999,1214.9876,1195.6662,772.7338,734.9354,693.6253,661.8780,635.9047,609.8747,595.9530,582.6581,584.1190,562.7114,549.6000,551.9554,532.9514,532.6659,514.7588,509.2867,500.5191,480.4480,464.7979,447.5324,420.6899,406.4128,391.2964,365.9090,337.4613
70,2.0000,固定最適比率,4.0000,23426.9546,937.0782,survival,1.0000,1.0000,1.0000,1.0000,1.0000,1.0000,1.0000,1.0000,0.9990,0.9965,0.9920,0.9825,0.9595,0.9405,0.9230,0.8960,0.8665,0.8395,0.8060,0.7745,0.7440,0.7115,0.6895,0.6665,0.6460,0.6330,0.6170,0.6010,0.5860,0.5730,0.5675,0.5590,0.5500,0.5415,0.5380,0.5310,0.5265,0.5220,0.5190,0.5140,0.5090,0.5075,0.5060,0.5035,0.4995,0.4960,0.4950,0.4925,0.4905,0.4870,0.4855,0.4825,0.4815,0.4795,0.4775
70,2.0000,固定最適比率,4.0000,23426.9546,937.0782,spend25p,937.4951,954.4794,969.8535,985.9145,1000.2375,1017.3972,1033.9201,1052.3870,1064.5391,1071.3321,1076.1353,1074.6081,1055.8325,1039.3693,1013.8239,968.9068,896.2337,834.6203,726.3459,607.8518,0.0000,0.0000,0.0000,0.0000,0.0000,0.0000,0.0000,0.0000,0.0000,0.0000,0.0000,0.0000,0.0000,0.0000,0.0000,0.0000,0.0000,0.0000,0.0000,0.0000,0.0000,0.0000,0.0000,0.0000,0.0000,0.0000,0.0000,0.0000,0.0000,0.0000,0.0000,0.0000,0.0000,0.0000,0.0000
70,2.0000,固定最適比率,4.0000,23426.9546,937.0782,spend50p,944.3751,974.8685,1006.8886,1040.1821,1074.9979,1111.4129,1149.1389,1187.8947,1226.8436,1261.2376,1288.2427,1311.5411,1318.0908,1321.9179,1313.0665,1288.6312,1254.1674,1227.5141,1170.7129,1124.5383,1044.0527,985.7799,942.9894,887.4228,833.8720,792.9739,748.8497,709.3905,655.2419,603.6260,311.2416,271.6828,221.0630,190.6321,169.0099,137.8351,112.6140,88.3377,71.0654,46.7219,17.4661,0.0000,0.0000,0.0000,0.0000,0.0000,0.0000,0.0000,0.0000,0.0000,0.0000,0.0000,0.0000,0.0000,0.0000
70,2.0000,固定最適比率,4.0000,23426.9546,937.0782,spend75p,950.9758,994.9866,1045.4084,1095.9870,1150.9270,1214.1718,1279.7844,1340.2080,1407.0591,1467.4488,1533.1145,1587.4645,1616.8767,1643.5646,1661.3928,1675.5662,1658.7547,1643.1242,1600.4106,1559.2654,1498.5179,1467.2487,1424.1688,1384.1025,1353.0165,1315.4730,1283.1055,1250.3999,1214.9876,1195.6662,772.7338,734.9354,693.6253,661.8780,635.9047,609.8747,595.9530,582.6581,584.1190,562.7114,549.6000,551.9554,532.9514,532.6659,514.7588,509.2867,500.5191,480.4480,464.7979,447.5324,420.6899,406.4128,391.2964,365.9090,337.4613
70,2.0000,DynamicV1Rebalance,4.0000,23426.9546,937.0782,survival,1.0000,1.0000,1.0000,1.0000,1.0000,1.0000,1.0000,1.0000,0.9990,0.9965,0.9925,0.9825,0.9600,0.9410,0.9255,0.8965,0.8690,0.8435,0.8100,0.7815,0.7525,0.7215,0.7020,0.6775,0.6560,0.6415,0.6290,0.6130,0.5985,0.5870,0.5815,0.5745,0.5685,0.5605,0.5550,0.5490,0.5450,0.5400,0.5375,0.5360,0.5330,0.5310,0.5280,0.5270,0.5245,0.5225,0.5210,0.5200,0.5180,0.5160,0.5135,0.5120,0.5095,0.5075,0.5065
70,2.0000,DynamicV1Rebalance,4.0000,23426.9546,937.0782,spend25p,937.4951,954.4794,969.8535,985.9145,1000.2375,1017.3972,1033.9201,1052.3870,1064.5391,1071.3321,1076.5831,1074.6081,1057.1404,1039.4858,1021.0680,970.2140,900.1255,841.1564,738.0234,632.3705,379.5985,0.0000,0.0000,0.0000,0.0000,0.0000,0.0000,0.0000,0.0000,0.0000,0.0000,0.0000,0.0000,0.0000,0.0000,0.0000,0.0000,0.0000,0.0000,0.0000,0.0000,0.0000,0.0000,0.0000,0.0000,0.0000,0.0000,0.0000,0.0000,0.0000,0.0000,0.0000,0.0000,0.0000,0.0000
70,2.0000,DynamicV1Rebalance,4.0000,23426.9546,937.0782,spend50p,944.3751,974.8685,1006.8886,1040.1821,1074.9979,1111.4129,1149.1389,1187.8947,1226.8436,1261.2376,1288.2427,1311.5411,1318.7339,1322.3374,1316.1470,1289.5800,1260.6459,1230.9961,1174.3002,1129.5321,1052.3812,996.9508,965.3582,903.1233,856.5529,823.6396,777.5124,724.4864,682.7645,641.7723,338.7273,301.7269,270.7257,234.1605,204.5268,179.3860,159.7059,140.8933,121.8269,110.1198,93.8761,77.6065,59.0976,49.0034,35.6906,26.0297,14.5177,2.0631,0.0000,0.0000,0.0000,0.0000,0.0000,0.0000,0.0000
70,2.0000,DynamicV1Rebalance,4.0000,23426.9546,937.0782,spend75p,950.9758,994.9866,1045.4084,1095.9870,1150.9270,1214.1718,1279.7844,1340.2080,1407.0591,1467.4488,1533.1145,1587.4645,1617.7743,1643.7074,1667.6804,1676.4657,1661.5751,1647.1531,1603.9413,1565.8501,1510.6782,1474.0323,1448.1335,1411.0023,1363.7072,1321.9864,1298.7807,1262.8947,1225.4817,1205.4965,785.5552,741.0829,712.5531,680.4821,649.5360,628.3575,615.2050,602.4031,602.3425,596.1885,586.7068,583.4487,578.0492,566.2518,561.1658,558.0453,557.5590,539.3314,515.2580,505.6224,484.9646,466.4244,435.8349,411.4157,396.2685
70,2.0000,SpendAwareDPRebalance (R70-aware),4.0000,23426.9546,937.0782,survival,1.0000,1.0000,1.0000,1.0000,1.0000,1.0000,1.0000,1.0000,0.9990,0.9965,0.9920,0.9825,0.9600,0.9435,0.9265,0.8990,0.8720,0.8500,0.8225,0.7990,0.7755,0.7490,0.7340,0.7165,0.6985,0.6875,0.6750,0.6585,0.6450,0.6345,0.6285,0.6190,0.6110,0.6075,0.6035,0.6000,0.5960,0.5900,0.5845,0.5770,0.5720,0.5680,0.5650,0.5605,0.5570,0.5510,0.5430,0.5395,0.5360,0.5305,0.5265,0.5210,0.5165,0.5120,0.5095
70,2.0000,SpendAwareDPRebalance (R70-aware),4.0000,23426.9546,937.0782,spend25p,937.4951,954.4794,969.8535,985.9145,1000.2375,1017.3972,1033.9201,1052.3870,1064.5391,1071.3321,1076.1353,1074.6081,1057.1404,1043.1372,1021.6890,973.2862,904.7617,849.8901,774.1153,684.8497,580.6183,0.0000,0.0000,0.0000,0.0000,0.0000,0.0000,0.0000,0.0000,0.0000,0.0000,0.0000,0.0000,0.0000,0.0000,0.0000,0.0000,0.0000,0.0000,0.0000,0.0000,0.0000,0.0000,0.0000,0.0000,0.0000,0.0000,0.0000,0.0000,0.0000,0.0000,0.0000,0.0000,0.0000,0.0000
70,2.0000,SpendAwareDPRebalance (R70-aware),4.0000,23426.9546,937.0782,spend50p,944.3751,974.8685,1006.8886,1040.1821,1074.9979,1111.4129,1149.1389,1187.8947,1226.8436,1261.2376,1288.2427,1311.5411,1318.4138,1323.3697,1316.6044,1291.4184,1264.1341,1237.2385,1194.4712,1145.8736,1086.7883,1037.1946,997.9704,971.7408,926.0635,891.5806,853.5262,806.2191,765.4363,731.0112,412.3438,377.3554,339.4997,312.8077,289.4643,269.7018,247.5485,218.9952,199.2601,178.6650,165.0000,150.7323,132.7330,119.2877,96.9808,75.0149,48.8615,35.2544,16.2373,0.0000,0.0000,0.0000,0.0000,0.0000,0.0000
70,2.0000,SpendAwareDPRebalance (R70-aware),4.0000,23426.9546,937.0782,spend75p,950.9758,994.9866,1045.4084,1095.9870,1150.9270,1214.1718,1279.7844,1340.2080,1407.0591,1467.4488,1533.1145,1587.4645,1616.8767,1644.5667,1668.4842,1677.6095,1664.7895,1653.1146,1624.8178,1583.0887,1536.9979,1494.8966,1481.6240,1462.0811,1411.4676,1392.0679,1358.8027,1330.3523,1291.7024,1252.8703,825.7377,790.1344,749.9543,722.7036,703.5074,684.3395,665.7647,645.5564,632.0263,625.8824,613.0379,610.6151,599.4190,589.7478,581.0930,558.8612,538.3514,513.2595,497.8090,471.4791,449.4050,419.7675,394.0418,370.4978,344.0747
70,2.0000,No dynamic rebalance,5.0000,18741.5637,937.0782,survival,1.0000,1.0000,1.0000,1.0000,1.0000,1.0000,1.0000,0.9985,0.9935,0.9850,0.9600,0.9330,0.9000,0.8595,0.8165,0.7695,0.7265,0.6790,0.6450,0.6125,0.5850,0.5560,0.5335,0.5105,0.4850,0.4665,0.4515,0.4375,0.4285,0.4145,0.4035,0.3975,0.3900,0.3835,0.3800,0.3755,0.3695,0.3640,0.3575,0.3535,0.3495,0.3475,0.3430,0.3410,0.3375,0.3350,0.3310,0.3280,0.3255,0.3230,0.3205,0.3195,0.3175,0.3155,0.3135
70,2.0000,No dynamic rebalance,5.0000,18741.5637,937.0782,spend25p,937.4951,954.4794,969.8535,985.9145,1000.2375,1017.3972,1033.9201,1051.5575,1062.4014,1065.8340,1051.3137,1029.9624,995.6091,935.5433,847.6787,681.2916,0.0000,0.0000,0.0000,0.0000,0.0000,0.0000,0.0000,0.0000,0.0000,0.0000,0.0000,0.0000,0.0000,0.0000,0.0000,0.0000,0.0000,0.0000,0.0000,0.0000,0.0000,0.0000,0.0000,0.0000,0.0000,0.0000,0.0000,0.0000,0.0000,0.0000,0.0000,0.0000,0.0000,0.0000,0.0000,0.0000,0.0000,0.0000,0.0000
70,2.0000,No dynamic rebalance,5.0000,18741.5637,937.0782,spend50p,944.3751,974.8685,1006.8886,1040.1821,1074.9979,1111.4129,1149.1389,1187.6228,1222.9711,1252.7661,1270.6190,1276.7622,1274.7425,1253.4574,1207.7754,1154.5572,1098.4585,1025.5991,957.2361,871.9486,768.2450,665.5811,584.6857,442.0518,0.0000,0.0000,0.0000,0.0000,0.0000,0.0000,0.0000,0.0000,0.0000,0.0000,0.0000,0.0000,0.0000,0.0000,0.0000,0.0000,0.0000,0.0000,0.0000,0.0000,0.0000,0.0000,0.0000,0.0000,0.0000,0.0000,0.0000,0.0000,0.0000,0.0000,0.0000
70,2.0000,No dynamic rebalance,5.0000,18741.5637,937.0782,spend75p,950.9758,994.9866,1045.4084,1095.9870,1150.9270,1214.1718,1279.7844,1339.2106,1405.3589,1458.0802,1512.7498,1551.5429,1578.1360,1590.6030,1586.0984,1555.5636,1519.1103,1445.4372,1401.2637,1362.0201,1281.8988,1245.5619,1195.7754,1164.5359,1114.7508,1070.6056,1029.8208,992.9475,965.8880,918.3214,546.4517,511.0587,478.3227,440.1071,415.0621,398.3132,381.3378,337.6986,323.5534,309.3108,293.9657,275.9504,258.0438,246.8244,227.6100,204.7451,185.7398,159.8811,141.9424,126.2907,104.0663,82.5682,63.3946,42.7380,18.8391
70,2.0000,固定最適比率,5.0000,18741.5637,937.0782,survival,1.0000,1.0000,1.0000,1.0000,1.0000,1.0000,1.0000,0.9985,0.9935,0.9850,0.9600,0.9330,0.9000,0.8595,0.8165,0.7695,0.7265,0.6790,0.6450,0.6125,0.5850,0.5560,0.5335,0.5105,0.4850,0.4665,0.4515,0.4375,0.4285,0.4145,0.4035,0.3975,0.3900,0.3835,0.3800,0.3755,0.3695,0.3640,0.3575,0.3535,0.3495,0.3475,0.3430,0.3410,0.3375,0.3350,0.3310,0.3280,0.3255,0.3230,0.3205,0.3195,0.3175,0.3155,0.3135
70,2.0000,固定最適比率,5.0000,18741.5637,937.0782,spend25p,937.4951,954.4794,969.8535,985.9145,1000.2375,1017.3972,1033.9201,1051.5575,1062.4014,1065.8340,1051.3137,1029.9624,995.6091,935.5433,847.6787,681.2916,0.0000,0.0000,0.0000,0.0000,0.0000,0.0000,0.0000,0.0000,0.0000,0.0000,0.0000,0.0000,0.0000,0.0000,0.0000,0.0000,0.0000,0.0000,0.0000,0.0000,0.0000,0.0000,0.0000,0.0000,0.0000,0.0000,0.0000,0.0000,0.0000,0.0000,0.0000,0.0000,0.0000,0.0000,0.0000,0.0000,0.0000,0.0000,0.0000
70,2.0000,固定最適比率,5.0000,18741.5637,937.0782,spend50p,944.3751,974.8685,1006.8886,1040.1821,1074.9979,1111.4129,1149.1389,1187.6228,1222.9711,1252.7661,1270.6190,1276.7622,1274.7425,1253.4574,1207.7754,1154.5572,1098.4585,1025.5991,957.2361,871.9486,768.2450,665.5811,584.6857,442.0518,0.0000,0.0000,0.0000,0.0000,0.0000,0.0000,0.0000,0.0000,0.0000,0.0000,0.0000,0.0000,0.0000,0.0000,0.0000,0.0000,0.0000,0.0000,0.0000,0.0000,0.0000,0.0000,0.0000,0.0000,0.0000,0.0000,0.0000,0.0000,0.0000,0.0000,0.0000
70,2.0000,固定最適比率,5.0000,18741.5637,937.0782,spend75p,950.9758,994.9866,1045.4084,1095.9870,1150.9270,1214.1718,1279.7844,1339.2106,1405.3589,1458.0802,1512.7498,1551.5429,1578.1360,1590.6030,1586.0984,1555.5636,1519.1103,1445.4372,1401.2637,1362.0201,1281.8988,1245.5619,1195.7754,1164.5359,1114.7508,1070.6056,1029.8208,992.9475,965.8880,918.3214,546.4517,511.0587,478.3227,440.1071,415.0621,398.3132,381.3378,337.6986,323.5534,309.3108,293.9657,275.9504,258.0438,246.8244,227.6100,204.7451,185.7398,159.8811,141.9424,126.2907,104.0663,82.5682,63.3946,42.7380,18.8391
70,2.0000,DynamicV1Rebalance,5.0000,18741.5637,937.0782,survival,1.0000,1.0000,1.0000,1.0000,1.0000,1.0000,1.0000,0.9985,0.9935,0.9850,0.9600,0.9325,0.8995,0.8590,0.8165,0.7695,0.7270,0.6795,0.6440,0.6145,0.5855,0.5595,0.5355,0.5140,0.4890,0.4710,0.4585,0.4430,0.4335,0.4210,0.4125,0.4065,0.4020,0.3975,0.3915,0.3870,0.3805,0.3755,0.3695,0.3660,0.3615,0.3610,0.3570,0.3550,0.3500,0.3490,0.3480,0.3480,0.3475,0.3470,0.3445,0.3430,0.3420,0.3415,0.3400
70,2.0000,DynamicV1Rebalance,5.0000,18741.5637,937.0782,spend25p,937.4951,954.4794,969.8535,985.9145,1000.2375,1017.3972,1033.9201,1051.5575,1062.4014,1065.8340,1051.3137,1029.3818,994.3376,934.4912,847.6787,681.2916,0.0000,0.0000,0.0000,0.0000,0.0000,0.0000,0.0000,0.0000,0.0000,0.0000,0.0000,0.0000,0.0000,0.0000,0.0000,0.0000,0.0000,0.0000,0.0000,0.0000,0.0000,0.0000,0.0000,0.0000,0.0000,0.0000,0.0000,0.0000,0.0000,0.0000,0.0000,0.0000,0.0000,0.0000,0.0000,0.0000,0.0000,0.0000,0.0000
70,2.0000,DynamicV1Rebalance,5.0000,18741.5637,937.0782,spend50p,944.3751,974.8685,1006.8886,1040.1821,1074.9979,1111.4129,1149.1389,1187.6228,1222.9711,1252.7661,1270.6190,1276.5039,1273.9336,1253.4574,1207.7754,1154.5572,1098.9146,1026.0437,954.7023,876.2376,770.0270,670.9867,590.4990,468.4393,0.0000,0.0000,0.0000,0.0000,0.0000,0.0000,0.0000,0.0000,0.0000,0.0000,0.0000,0.0000,0.0000,0.0000,0.0000,0.0000,0.0000,0.0000,0.0000,0.0000,0.0000,0.0000,0.0000,0.0000,0.0000,0.0000,0.0000,0.0000,0.0000,0.0000,0.0000
70,2.0000,DynamicV1Rebalance,5.0000,18741.5637,937.0782,spend75p,950.9758,994.9866,1045.4084,1095.9870,1150.9270,1214.1718,1279.7844,1339.2106,1405.3589,1458.0802,1512.7498,1551.1362,1577.8925,1590.6030,1586.4540,1556.3715,1519.1103,1446.2800,1401.2637,1365.1147,1282.3623,1255.0712,1199.6214,1167.5508,1120.1552,1080.4406,1048.7311,1006.1611,973.2168,932.6337,558.3923,529.6651,497.6023,467.7753,438.4911,416.2809,398.4472,382.4349,355.0745,335.1189,314.9257,304.4773,289.0326,280.8407,257.9052,243.6490,230.1031,219.8857,203.3757,188.5826,165.6496,146.9376,129.6060,111.2865,83.7319
70,2.0000,SpendAwareDPRebalance (R70-aware),5.0000,18741.5637,937.0782,survival,1.0000,1.0000,1.0000,1.0000,1.0000,1.0000,1.0000,0.9985,0.9935,0.9850,0.9600,0.9330,0.9005,0.8605,0.8170,0.7710,0.7315,0.6870,0.6540,0.6250,0.5970,0.5725,0.5515,0.5325,0.5140,0.4975,0.4845,0.4720,0.4635,0.4520,0.4465,0.4420,0.4385,0.4345,0.4310,0.4290,0.4210,0.4165,0.4090,0.4050,0.4000,0.3960,0.3905,0.3850,0.3820,0.3760,0.3715,0.3665,0.3625,0.3580,0.3555,0.3520,0.3470,0.3450,0.3425
70,2.0000,SpendAwareDPRebalance (R70-aware),5.0000,18741.5637,937.0782,spend25p,937.4951,954.4794,969.8535,985.9145,1000.2375,1017.3972,1033.9201,1051.5575,1062.4014,1065.8340,1051.3137,1029.9624,996.0651,937.5580,848.0946,689.6205,0.0000,0.0000,0.0000,0.0000,0.0000,0.0000,0.0000,0.0000,0.0000,0.0000,0.0000,0.0000,0.0000,0.0000,0.0000,0.0000,0.0000,0.0000,0.0000,0.0000,0.0000,0.0000,0.0000,0.0000,0.0000,0.0000,0.0000,0.0000,0.0000,0.0000,0.0000,0.0000,0.0000,0.0000,0.0000,0.0000,0.0000,0.0000,0.0000
70,2.0000,SpendAwareDPRebalance (R70-aware),5.0000,18741.5637,937.0782,spend50p,944.3751,974.8685,1006.8886,1040.1821,1074.9979,1111.4129,1149.1389,1187.6228,1222.9711,1252.7661,1270.6190,1276.7622,1274.9170,1253.8033,1208.3220,1155.4258,1104.8318,1039.6781,975.6882,905.6418,809.6655,709.2506,638.0556,567.7898,452.9015,0.0000,0.0000,0.0000,0.0000,0.0000,0.0000,0.0000,0.0000,0.0000,0.0000,0.0000,0.0000,0.0000,0.0000,0.0000,0.0000,0.0000,0.0000,0.0000,0.0000,0.0000,0.0000,0.0000,0.0000,0.0000,0.0000,0.0000,0.0000,0.0000,0.0000
70,2.0000,SpendAwareDPRebalance (R70-aware),5.0000,18741.5637,937.0782,spend75p,950.9758,994.9866,1045.4084,1095.9870,1150.9270,1214.1718,1279.7844,1339.2106,1405.3589,1458.0802,1512.7498,1551.5429,1578.7557,1592.0270,1586.4540,1556.3715,1523.4275,1459.4776,1416.8905,1380.8025,1306.4766,1276.2601,1243.0544,1200.5599,1161.9389,1132.9566,1109.3366,1066.5230,1033.1011,994.1454,616.2568,582.5296,550.6164,524.5624,505.0453,484.1505,458.4053,441.4451,420.1403,406.4629,389.4930,369.5677,343.6423,313.3416,306.6440,291.6531,266.1832,241.1211,220.2424,195.2963,174.8459,147.5550,127.3136,103.0822,74.5353
70,2.0000,No dynamic rebalance,6.0000,15617.9697,937.0782,survival,1.0000,1.0000,1.0000,1.0000,1.0000,1.0000,0.9985,0.9925,0.9775,0.9440,0.9040,0.8585,0.7935,0.7410,0.6750,0.6215,0.5760,0.5325,0.4910,0.4540,0.4230,0.3995,0.3785,0.3620,0.3480,0.3315,0.3165,0.3025,0.2905,0.2800,0.2745,0.2700,0.2635,0.2580,0.2550,0.2515,0.2475,0.2440,0.2370,0.2370,0.2365,0.2345,0.2330,0.2300,0.2275,0.2245,0.2235,0.2230,0.2210,0.2200,0.2180,0.2175,0.2170,0.2160,0.2135
70,2.0000,No dynamic rebalance,6.0000,15617.9697,937.0782,spend25p,937.4951,954.4794,969.8535,985.9145,1000.2375,1017.3972,1032.4149,1046.1402,1049.8555,1034.4683,998.4298,946.5160,832.4807,0.0000,0.0000,0.0000,0.0000,0.0000,0.0000,0.0000,0.0000,0.0000,0.0000,0.0000,0.0000,0.0000,0.0000,0.0000,0.0000,0.0000,0.0000,0.0000,0.0000,0.0000,0.0000,0.0000,0.0000,0.0000,0.0000,0.0000,0.0000,0.0000,0.0000,0.0000,0.0000,0.0000,0.0000,0.0000,0.0000,0.0000,0.0000,0.0000,0.0000,0.0000,0.0000
70,2.0000,No dynamic rebalance,6.0000,15617.9697,937.0782,spend50p,944.3751,974.8685,1006.8886,1040.1821,1074.9979,1111.4129,1148.1918,1184.6739,1216.1871,1234.7512,1238.5913,1224.6386,1176.1546,1126.7039,1045.7860,957.3838,849.7758,703.8216,0.0000,0.0000,0.0000,0.0000,0.0000,0.0000,0.0000,0.0000,0.0000,0.0000,0.0000,0.0000,0.0000,0.0000,0.0000,0.0000,0.0000,0.0000,0.0000,0.0000,0.0000,0.0000,0.0000,0.0000,0.0000,0.0000,0.0000,0.0000,0.0000,0.0000,0.0000,0.0000,0.0000,0.0000,0.0000,0.0000,0.0000
70,2.0000,No dynamic rebalance,6.0000,15617.9697,937.0782,spend75p,950.9758,994.9866,1045.4084,1095.9870,1150.9270,1214.1718,1279.4484,1337.1326,1394.4903,1440.1803,1482.3619,1518.3838,1511.3644,1493.5698,1457.2957,1403.4154,1345.2192,1297.1354,1220.6180,1141.2715,1057.4413,992.4717,947.1149,887.5079,842.5808,773.1030,731.2492,665.4380,571.6781,499.7346,229.3405,191.2227,140.2768,90.0771,50.6049,1.7010,0.0000,0.0000,0.0000,0.0000,0.0000,0.0000,0.0000,0.0000,0.0000,0.0000,0.0000,0.0000,0.0000,0.0000,0.0000,0.0000,0.0000,0.0000,0.0000
70,2.0000,固定最適比率,6.0000,15617.9697,937.0782,survival,1.0000,1.0000,1.0000,1.0000,1.0000,1.0000,0.9985,0.9925,0.9775,0.9440,0.9040,0.8585,0.7935,0.7410,0.6750,0.6215,0.5760,0.5325,0.4910,0.4540,0.4230,0.3995,0.3785,0.3620,0.3480,0.3315,0.3165,0.3025,0.2905,0.2800,0.2745,0.2700,0.2635,0.2580,0.2550,0.2515,0.2475,0.2440,0.2370,0.2370,0.2365,0.2345,0.2330,0.2300,0.2275,0.2245,0.2235,0.2230,0.2210,0.2200,0.2180,0.2175,0.2170,0.2160,0.2135
70,2.0000,固定最適比率,6.0000,15617.9697,937.0782,spend25p,937.4951,954.4794,969.8535,985.9145,1000.2375,1017.3972,1032.4149,1046.1402,1049.8555,1034.4683,998.4298,946.5160,832.4807,0.0000,0.0000,0.0000,0.0000,0.0000,0.0000,0.0000,0.0000,0.0000,0.0000,0.0000,0.0000,0.0000,0.0000,0.0000,0.0000,0.0000,0.0000,0.0000,0.0000,0.0000,0.0000,0.0000,0.0000,0.0000,0.0000,0.0000,0.0000,0.0000,0.0000,0.0000,0.0000,0.0000,0.0000,0.0000,0.0000,0.0000,0.0000,0.0000,0.0000,0.0000,0.0000
70,2.0000,固定最適比率,6.0000,15617.9697,937.0782,spend50p,944.3751,974.8685,1006.8886,1040.1821,1074.9979,1111.4129,1148.1918,1184.6739,1216.1871,1234.7512,1238.5913,1224.6386,1176.1546,1126.7039,1045.7860,957.3838,849.7758,703.8216,0.0000,0.0000,0.0000,0.0000,0.0000,0.0000,0.0000,0.0000,0.0000,0.0000,0.0000,0.0000,0.0000,0.0000,0.0000,0.0000,0.0000,0.0000,0.0000,0.0000,0.0000,0.0000,0.0000,0.0000,0.0000,0.0000,0.0000,0.0000,0.0000,0.0000,0.0000,0.0000,0.0000,0.0000,0.0000,0.0000,0.0000
70,2.0000,固定最適比率,6.0000,15617.9697,937.0782,spend75p,950.9758,994.9866,1045.4084,1095.9870,1150.9270,1214.1718,1279.4484,1337.1326,1394.4903,1440.1803,1482.3619,1518.3838,1511.3644,1493.5698,1457.2957,1403.4154,1345.2192,1297.1354,1220.6180,1141.2715,1057.4413,992.4717,947.1149,887.5079,842.5808,773.1030,731.2492,665.4380,571.6781,499.7346,229.3405,191.2227,140.2768,90.0771,50.6049,1.7010,0.0000,0.0000,0.0000,0.0000,0.0000,0.0000,0.0000,0.0000,0.0000,0.0000,0.0000,0.0000,0.0000,0.0000,0.0000,0.0000,0.0000,0.0000,0.0000
70,2.0000,DynamicV1Rebalance,6.0000,15617.9697,937.0782,survival,1.0000,1.0000,1.0000,1.0000,1.0000,1.0000,0.9985,0.9920,0.9770,0.9445,0.9040,0.8580,0.7920,0.7395,0.6755,0.6200,0.5745,0.5320,0.4910,0.4545,0.4240,0.4000,0.3795,0.3645,0.3510,0.3350,0.3190,0.3050,0.2930,0.2830,0.2780,0.2730,0.2685,0.2625,0.2600,0.2565,0.2525,0.2510,0.2460,0.2430,0.2420,0.2385,0.2370,0.2355,0.2345,0.2315,0.2310,0.2300,0.2290,0.2275,0.2265,0.2260,0.2260,0.2250,0.2245
70,2.0000,DynamicV1Rebalance,6.0000,15617.9697,937.0782,spend25p,937.4951,954.4794,969.8535,985.9145,1000.2375,1017.3972,1032.4149,1045.7871,1048.8052,1034.8894,998.1397,945.5605,825.8142,0.0000,0.0000,0.0000,0.0000,0.0000,0.0000,0.0000,0.0000,0.0000,0.0000,0.0000,0.0000,0.0000,0.0000,0.0000,0.0000,0.0000,0.0000,0.0000,0.0000,0.0000,0.0000,0.0000,0.0000,0.0000,0.0000,0.0000,0.0000,0.0000,0.0000,0.0000,0.0000,0.0000,0.0000,0.0000,0.0000,0.0000,0.0000,0.0000,0.0000,0.0000,0.0000
70,2.0000,DynamicV1Rebalance,6.0000,15617.9697,937.0782,spend50p,944.3751,974.8685,1006.8886,1040.1821,1074.9979,1111.4129,1148.1918,1184.5692,1215.8080,1235.1577,1237.6642,1224.6386,1173.8240,1123.9235,1046.8562,953.6096,844.9610,701.2401,0.0000,0.0000,0.0000,0.0000,0.0000,0.0000,0.0000,0.0000,0.0000,0.0000,0.0000,0.0000,0.0000,0.0000,0.0000,0.0000,0.0000,0.0000,0.0000,0.0000,0.0000,0.0000,0.0000,0.0000,0.0000,0.0000,0.0000,0.0000,0.0000,0.0000,0.0000,0.0000,0.0000,0.0000,0.0000,0.0000,0.0000
70,2.0000,DynamicV1Rebalance,6.0000,15617.9697,937.0782,spend75p,950.9758,994.9866,1045.4084,1095.9870,1150.9270,1214.1718,1279.4484,1336.9023,1394.3649,1440.2458,1481.9270,1518.3838,1505.3184,1493.5698,1457.7456,1398.7285,1339.6865,1291.8073,1220.6180,1141.8120,1057.4413,992.4717,947.4348,896.2669,847.5116,793.8813,738.8216,676.3991,584.3709,517.6116,235.2457,204.1072,158.5010,120.3667,94.4251,59.9060,5.9514,0.0000,0.0000,0.0000,0.0000,0.0000,0.0000,0.0000,0.0000,0.0000,0.0000,0.0000,0.0000,0.0000,0.0000,0.0000,0.0000,0.0000,0.0000
70,2.0000,SpendAwareDPRebalance (R70-aware),6.0000,15617.9697,937.0782,survival,1.0000,1.0000,1.0000,1.0000,1.0000,1.0000,0.9985,0.9925,0.9775,0.9440,0.9040,0.8585,0.7935,0.7410,0.6765,0.6215,0.5760,0.5330,0.4935,0.4585,0.4285,0.4070,0.3890,0.3770,0.3615,0.3470,0.3390,0.3240,0.3125,0.3065,0.3025,0.2975,0.2925,0.2880,0.2835,0.2810,0.2790,0.2735,0.2705,0.2680,0.2645,0.2610,0.2560,0.2525,0.2490,0.2470,0.2445,0.2415,0.2390,0.2360,0.2330,0.2300,0.2265,0.2245,0.2225
70,2.0000,SpendAwareDPRebalance (R70-aware),6.0000,15617.9697,937.0782,spend25p,937.4951,954.4794,969.8535,985.9145,1000.2375,1017.3972,1032.4149,1046.1402,1049.8555,1034.4683,998.4298,946.5160,832.4807,0.0000,0.0000,0.0000,0.0000,0.0000,0.0000,0.0000,0.0000,0.0000,0.0000,0.0000,0.0000,0.0000,0.0000,0.0000,0.0000,0.0000,0.0000,0.0000,0.0000,0.0000,0.0000,0.0000,0.0000,0.0000,0.0000,0.0000,0.0000,0.0000,0.0000,0.0000,0.0000,0.0000,0.0000,0.0000,0.0000,0.0000,0.0000,0.0000,0.0000,0.0000,0.0000
70,2.0000,SpendAwareDPRebalance (R70-aware),6.0000,15617.9697,937.0782,spend50p,944.3751,974.8685,1006.8886,1040.1821,1074.9979,1111.4129,1148.1918,1184.6739,1216.1871,1234.7512,1238.5913,1224.6386,1176.1546,1126.7039,1048.2368,957.3838,849.7758,706.6657,0.0000,0.0000,0.0000,0.0000,0.0000,0.0000,0.0000,0.0000,0.0000,0.0000,0.0000,0.0000,0.0000,0.0000,0.0000,0.0000,0.0000,0.0000,0.0000,0.0000,0.0000,0.0000,0.0000,0.0000,0.0000,0.0000,0.0000,0.0000,0.0000,0.0000,0.0000,0.0000,0.0000,0.0000,0.0000,0.0000,0.0000
70,2.0000,SpendAwareDPRebalance (R70-aware),6.0000,15617.9697,937.0782,spend75p,950.9758,994.9866,1045.4084,1095.9870,1150.9270,1214.1718,1279.4484,1337.1326,1394.4903,1440.1803,1482.3619,1518.3838,1511.3644,1493.5698,1459.1922,1403.4154,1345.2192,1297.1354,1228.5244,1148.7224,1066.6533,1011.6483,969.9395,932.5207,874.4678,834.4782,801.4496,735.3072,686.7569,635.0147,329.3230,286.2765,251.4054,216.7929,187.8295,167.0284,150.0971,116.6622,101.1129,81.0440,56.7969,36.5446,0.0000,0.0000,0.0000,0.0000,0.0000,0.0000,0.0000,0.0000,0.0000,0.0000,0.0000,0.0000,0.0000
70,2.0000,No dynamic rebalance,7.0000,13386.8312,937.0782,survival,1.0000,1.0000,1.0000,1.0000,1.0000,0.9995,0.9930,0.9765,0.9390,0.8855,0.8245,0.7485,0.6670,0.5930,0.5260,0.4820,0.4305,0.3915,0.3605,0.3250,0.3050,0.2805,0.2670,0.2480,0.2300,0.2225,0.2110,0.2000,0.1915,0.1865,0.1830,0.1795,0.1775,0.1725,0.1685,0.1620,0.1610,0.1580,0.1555,0.1535,0.1530,0.1520,0.1485,0.1470,0.1445,0.1425,0.1425,0.1415,0.1400,0.1365,0.1360,0.1355,0.1340,0.1325,0.1325
70,2.0000,No dynamic rebalance,7.0000,13386.8312,937.0782,spend25p,937.4951,954.4794,969.8535,985.9145,1000.2375,1017.1478,1030.4934,1035.8325,1024.1647,981.5574,908.5816,0.0000,0.0000,0.0000,0.0000,0.0000,0.0000,0.0000,0.0000,0.0000,0.0000,0.0000,0.0000,0.0000,0.0000,0.0000,0.0000,0.0000,0.0000,0.0000,0.0000,0.0000,0.0000,0.0000,0.0000,0.0000,0.0000,0.0000,0.0000,0.0000,0.0000,0.0000,0.0000,0.0000,0.0000,0.0000,0.0000,0.0000,0.0000,0.0000,0.0000,0.0000,0.0000,0.0000,0.0000
70,2.0000,No dynamic rebalance,7.0000,13386.8312,937.0782,spend50p,944.3751,974.8685,1006.8886,1040.1821,1074.9979,1111.3902,1146.3834,1179.9225,1194.7200,1197.2752,1177.0611,1121.0603,1044.0370,936.8396,739.6909,0.0000,0.0000,0.0000,0.0000,0.0000,0.0000,0.0000,0.0000,0.0000,0.0000,0.0000,0.0000,0.0000,0.0000,0.0000,0.0000,0.0000,0.0000,0.0000,0.0000,0.0000,0.0000,0.0000,0.0000,0.0000,0.0000,0.0000,0.0000,0.0000,0.0000,0.0000,0.0000,0.0000,0.0000,0.0000,0.0000,0.0000,0.0000,0.0000,0.0000
70,2.0000,No dynamic rebalance,7.0000,13386.8312,937.0782,spend75p,950.9758,994.9866,1045.4084,1095.9870,1150.9270,1213.7323,1278.2794,1328.7395,1370.1698,1414.6986,1441.2545,1437.7656,1397.6017,1353.7929,1278.9742,1232.0560,1134.9947,1065.2057,995.2386,869.3340,753.8717,639.6272,542.6355,0.0000,0.0000,0.0000,0.0000,0.0000,0.0000,0.0000,0.0000,0.0000,0.0000,0.0000,0.0000,0.0000,0.0000,0.0000,0.0000,0.0000,0.0000,0.0000,0.0000,0.0000,0.0000,0.0000,0.0000,0.0000,0.0000,0.0000,0.0000,0.0000,0.0000,0.0000,0.0000
70,2.0000,固定最適比率,7.0000,13386.8312,937.0782,survival,1.0000,1.0000,1.0000,1.0000,1.0000,0.9995,0.9930,0.9765,0.9390,0.8855,0.8245,0.7485,0.6670,0.5930,0.5260,0.4820,0.4305,0.3915,0.3605,0.3250,0.3050,0.2805,0.2670,0.2480,0.2300,0.2225,0.2110,0.2000,0.1915,0.1865,0.1830,0.1795,0.1775,0.1725,0.1685,0.1620,0.1610,0.1580,0.1555,0.1535,0.1530,0.1520,0.1485,0.1470,0.1445,0.1425,0.1425,0.1415,0.1400,0.1365,0.1360,0.1355,0.1340,0.1325,0.1325
70,2.0000,固定最適比率,7.0000,13386.8312,937.0782,spend25p,937.4951,954.4794,969.8535,985.9145,1000.2375,1017.1478,1030.4934,1035.8325,1024.1647,981.5574,908.5816,0.0000,0.0000,0.0000,0.0000,0.0000,0.0000,0.0000,0.0000,0.0000,0.0000,0.0000,0.0000,0.0000,0.0000,0.0000,0.0000,0.0000,0.0000,0.0000,0.0000,0.0000,0.0000,0.0000,0.0000,0.0000,0.0000,0.0000,0.0000,0.0000,0.0000,0.0000,0.0000,0.0000,0.0000,0.0000,0.0000,0.0000,0.0000,0.0000,0.0000,0.0000,0.0000,0.0000,0.0000
70,2.0000,固定最適比率,7.0000,13386.8312,937.0782,spend50p,944.3751,974.8685,1006.8886,1040.1821,1074.9979,1111.3902,1146.3834,1179.9225,1194.7200,1197.2752,1177.0611,1121.0603,1044.0370,936.8396,739.6909,0.0000,0.0000,0.0000,0.0000,0.0000,0.0000,0.0000,0.0000,0.0000,0.0000,0.0000,0.0000,0.0000,0.0000,0.0000,0.0000,0.0000,0.0000,0.0000,0.0000,0.0000,0.0000,0.0000,0.0000,0.0000,0.0000,0.0000,0.0000,0.0000,0.0000,0.0000,0.0000,0.0000,0.0000,0.0000,0.0000,0.0000,0.0000,0.0000,0.0000
70,2.0000,固定最適比率,7.0000,13386.8312,937.0782,spend75p,950.9758,994.9866,1045.4084,1095.9870,1150.9270,1213.7323,1278.2794,1328.7395,1370.1698,1414.6986,1441.2545,1437.7656,1397.6017,1353.7929,1278.9742,1232.0560,1134.9947,1065.2057,995.2386,869.3340,753.8717,639.6272,542.6355,0.0000,0.0000,0.0000,0.0000,0.0000,0.0000,0.0000,0.0000,0.0000,0.0000,0.0000,0.0000,0.0000,0.0000,0.0000,0.0000,0.0000,0.0000,0.0000,0.0000,0.0000,0.0000,0.0000,0.0000,0.0000,0.0000,0.0000,0.0000,0.0000,0.0000,0.0000,0.0000
70,2.0000,DynamicV1Rebalance,7.0000,13386.8312,937.0782,survival,1.0000,1.0000,1.0000,1.0000,1.0000,0.9995,0.9930,0.9765,0.9385,0.8840,0.8235,0.7455,0.6675,0.5930,0.5250,0.4815,0.4295,0.3915,0.3605,0.3255,0.3060,0.2820,0.2675,0.2490,0.2325,0.2240,0.2120,0.2025,0.1920,0.1875,0.1840,0.1790,0.1770,0.1735,0.1700,0.1665,0.1655,0.1610,0.1585,0.1580,0.1570,0.1560,0.1525,0.1515,0.1475,0.1465,0.1460,0.1450,0.1440,0.1440,0.1425,0.1420,0.1410,0.1405,0.1395
70,2.0000,DynamicV1Rebalance,7.0000,13386.8312,937.0782,spend25p,937.4951,954.4794,969.8535,985.9145,1000.2375,1017.1478,1030.4934,1035.8325,1024.1647,980.1646,907.3244,0.0000,0.0000,0.0000,0.0000,0.0000,0.0000,0.0000,0.0000,0.0000,0.0000,0.0000,0.0000,0.0000,0.0000,0.0000,0.0000,0.0000,0.0000,0.0000,0.0000,0.0000,0.0000,0.0000,0.0000,0.0000,0.0000,0.0000,0.0000,0.0000,0.0000,0.0000,0.0000,0.0000,0.0000,0.0000,0.0000,0.0000,0.0000,0.0000,0.0000,0.0000,0.0000,0.0000,0.0000
70,2.0000,DynamicV1Rebalance,7.0000,13386.8312,937.0782,spend50p,944.3751,974.8685,1006.8886,1040.1821,1074.9979,1111.3902,1146.3834,1179.9225,1194.7200,1196.8814,1175.8553,1118.7400,1044.0370,936.8396,733.7286,0.0000,0.0000,0.0000,0.0000,0.0000,0.0000,0.0000,0.0000,0.0000,0.0000,0.0000,0.0000,0.0000,0.0000,0.0000,0.0000,0.0000,0.0000,0.0000,0.0000,0.0000,0.0000,0.0000,0.0000,0.0000,0.0000,0.0000,0.0000,0.0000,0.0000,0.0000,0.0000,0.0000,0.0000,0.0000,0.0000,0.0000,0.0000,0.0000,0.0000
70,2.0000,DynamicV1Rebalance,7.0000,13386.8312,937.0782,spend75p,950.9758,994.9866,1045.4084,1095.9870,1150.9270,1213.7323,1278.2794,1328.5454,1370.1698,1414.6986,1440.5538,1434.7061,1396.0944,1353.7929,1280.3077,1230.9221,1134.1111,1065.2057,995.2386,870.9329,758.5261,644.6618,558.4947,0.0000,0.0000,0.0000,0.0000,0.0000,0.0000,0.0000,0.0000,0.0000,0.0000,0.0000,0.0000,0.0000,0.0000,0.0000,0.0000,0.0000,0.0000,0.0000,0.0000,0.0000,0.0000,0.0000,0.0000,0.0000,0.0000,0.0000,0.0000,0.0000,0.0000,0.0000,0.0000
70,2.0000,SpendAwareDPRebalance (R70-aware),7.0000,13386.8312,937.0782,survival,1.0000,1.0000,1.0000,1.0000,1.0000,0.9995,0.9930,0.9765,0.9390,0.8855,0.8245,0.7485,0.6670,0.5930,0.5265,0.4825,0.4305,0.3920,0.3615,0.3270,0.3075,0.2835,0.2715,0.2545,0.2385,0.2315,0.2230,0.2120,0.2040,0.1990,0.1955,0.1920,0.1910,0.1880,0.1855,0.1835,0.1820,0.1800,0.1790,0.1775,0.1740,0.1725,0.1690,0.1675,0.1650,0.1625,0.1595,0.1575,0.1550,0.1530,0.1515,0.1485,0.1465,0.1440,0.1425
70,2.0000,SpendAwareDPRebalance (R70-aware),7.0000,13386.8312,937.0782,spend25p,937.4951,954.4794,969.8535,985.9145,1000.2375,1017.1478,1030.4934,1035.8325,1024.1647,981.5574,908.5816,0.0000,0.0000,0.0000,0.0000,0.0000,0.0000,0.0000,0.0000,0.0000,0.0000,0.0000,0.0000,0.0000,0.0000,0.0000,0.0000,0.0000,0.0000,0.0000,0.0000,0.0000,0.0000,0.0000,0.0000,0.0000,0.0000,0.0000,0.0000,0.0000,0.0000,0.0000,0.0000,0.0000,0.0000,0.0000,0.0000,0.0000,0.0000,0.0000,0.0000,0.0000,0.0000,0.0000,0.0000
70,2.0000,SpendAwareDPRebalance (R70-aware),7.0000,13386.8312,937.0782,spend50p,944.3751,974.8685,1006.8886,1040.1821,1074.9979,1111.3902,1146.3834,1179.9225,1194.7200,1197.2752,1177.0611,1121.0603,1044.0370,936.8396,745.9465,0.0000,0.0000,0.0000,0.0000,0.0000,0.0000,0.0000,0.0000,0.0000,0.0000,0.0000,0.0000,0.0000,0.0000,0.0000,0.0000,0.0000,0.0000,0.0000,0.0000,0.0000,0.0000,0.0000,0.0000,0.0000,0.0000,0.0000,0.0000,0.0000,0.0000,0.0000,0.0000,0.0000,0.0000,0.0000,0.0000,0.0000,0.0000,0.0000,0.0000
70,2.0000,SpendAwareDPRebalance (R70-aware),7.0000,13386.8312,937.0782,spend75p,950.9758,994.9866,1045.4084,1095.9870,1150.9270,1213.7323,1278.2794,1328.7395,1370.1698,1414.6986,1441.2545,1437.7656,1397.6017,1353.7929,1280.3077,1232.9011,1134.9947,1065.2057,995.2386,871.9168,760.7961,651.9752,584.1072,391.2948,0.0000,0.0000,0.0000,0.0000,0.0000,0.0000,0.0000,0.0000,0.0000,0.0000,0.0000,0.0000,0.0000,0.0000,0.0000,0.0000,0.0000,0.0000,0.0000,0.0000,0.0000,0.0000,0.0000,0.0000,0.0000,0.0000,0.0000,0.0000,0.0000,0.0000,0.0000
70,3.0000,No dynamic rebalance,2.5000,55794.6911,1394.8673,survival,1.0000,1.0000,1.0000,1.0000,1.0000,1.0000,1.0000,1.0000,1.0000,1.0000,1.0000,0.9985,0.9980,0.9960,0.9895,0.9870,0.9750,0.9695,0.9625,0.9520,0.9405,0.9295,0.9205,0.9085,0.8930,0.8830,0.8715,0.8570,0.8475,0.8380,0.8285,0.8205,0.8135,0.8110,0.8035,0.7970,0.7935,0.7905,0.7865,0.7790,0.7730,0.7665,0.7625,0.7575,0.7520,0.7470,0.7425,0.7390,0.7365,0.7330,0.7310,0.7290,0.7265,0.7225,0.7180
70,3.0000,No dynamic rebalance,2.5000,55794.6911,1394.8673,spend25p,1395.4879,1421.0083,1444.1286,1468.2686,1489.8170,1515.5878,1540.4058,1568.1104,1587.5094,1603.1110,1612.6589,1621.8933,1628.0397,1628.2218,1630.0455,1614.5450,1583.3594,1555.2158,1520.2750,1479.4885,1404.0569,1354.7181,1307.7874,1254.8325,1199.5815,1140.1472,1094.4749,1026.6332,969.5358,911.3146,591.0951,536.1319,488.1042,454.4693,410.4478,375.5184,349.7011,326.9721,297.8304,253.8156,217.4553,185.5694,154.4045,104.0388,5.9890,0.0000,0.0000,0.0000,0.0000,0.0000,0.0000,0.0000,0.0000,0.0000,0.0000
70,3.0000,No dynamic rebalance,2.5000,55794.6911,1394.8673,spend50p,1405.7289,1451.3631,1499.2744,1549.0863,1601.1699,1655.6403,1712.0666,1770.0237,1829.4663,1883.8141,1927.9287,1969.9809,2016.5674,2047.0297,2067.6400,2073.3529,2038.9458,2016.7320,1998.2622,1963.0565,1910.0743,1882.5290,1854.3131,1823.9989,1781.3530,1759.9655,1721.8337,1678.2006,1643.0249,1594.2741,1187.2309,1133.2339,1078.2355,1036.9779,998.1713,971.8553,954.9846,929.9255,919.3533,906.9049,900.5912,880.3353,865.1637,850.7737,824.1175,802.0186,790.6668,771.3553,755.6735,743.7277,712.7363,694.5941,670.0414,646.5223,611.7815
70,3.0000,No dynamic rebalance,2.5000,55794.6911,1394.8673,spend75p,1415.5543,1481.3146,1556.6312,1632.1935,1714.2636,1808.7173,1906.7114,1996.9784,2098.1659,2192.2502,2293.2142,2385.7499,2461.2313,2527.7250,2583.5069,2634.0051,2645.7019,2667.8751,2684.3210,2669.4219,2619.9699,2593.7811,2569.6312,2565.6229,2536.0862,2523.8202,2511.7714,2450.3959,2395.4636,2351.9050,1848.3567,1804.0047,1768.0123,1734.8224,1695.7080,1675.0879,1664.7029,1655.8494,1668.0069,1682.4688,1677.4251,1670.3792,1686.5297,1716.6956,1705.0668,1687.8258,1692.7722,1671.2453,1659.0869,1656.7517,1638.3882,1625.2978,1613.3414,1591.2544,1558.1375
70,3.0000,固定最適比率,2.5000,55794.6911,1394.8673,survival,1.0000,1.0000,1.0000,1.0000,1.0000,1.0000,1.0000,1.0000,1.0000,1.0000,1.0000,1.0000,1.0000,1.0000,1.0000,1.0000,1.0000,1.0000,1.0000,0.9970,0.9960,0.9945,0.9925,0.9890,0.9805,0.9750,0.9665,0.9565,0.9430,0.9315,0.9205,0.9100,0.9005,0.8910,0.8815,0.8715,0.8630,0.8550,0.8480,0.8375,0.8300,0.8205,0.8110,0.8020,0.7920,0.7850,0.7780,0.7705,0.7665,0.7580,0.7500,0.7435,0.7380,0.7330,0.7260
70,3.0000,固定最適比率,2.5000,55794.6911,1394.8673,spend25p,1395.4879,1421.0083,1444.1286,1468.2686,1489.8170,1515.5878,1540.4058,1568.1104,1587.5094,1603.1110,1612.6589,1624.4843,1629.3283,1635.3371,1644.5039,1637.8801,1622.2538,1608.7570,1591.7793,1563.3453,1516.2192,1484.6335,1467.6897,1446.3887,1406.5801,1367.5437,1335.1387,1281.0142,1219.2690,1161.7747,812.7795,750.7905,710.9705,659.4094,617.4011,569.7632,527.3225,483.8059,452.2737,420.2130,401.5701,363.2135,321.5296,277.0474,238.1682,207.4071,177.9123,144.2332,113.7109,23.3650,0.0000,0.0000,0.0000,0.0000,0.0000
70,3.0000,固定最適比率,2.5000,55794.6911,1394.8673,spend50p,1405.7289,1451.3631,1499.2744,1549.0863,1601.1699,1655.6403,1712.0666,1770.0237,1829.4663,1883.8141,1927.9287,1972.1468,2018.9724,2056.5431,2087.5011,2089.5783,2083.2356,2067.2441,2066.4336,2058.0323,2023.9917,2007.4210,1994.8882,1972.4074,1932.3088,1916.4920,1900.8035,1852.6877,1815.6232,1773.3073,1322.7028,1268.3734,1212.1126,1156.9144,1112.3390,1079.6264,1057.8352,1036.9077,1016.6185,990.4977,968.4630,948.7405,921.2878,898.6137,875.4244,853.0338,821.8336,798.2994,777.0926,752.7964,710.0336,682.4573,649.2742,619.9524,585.2095
70,3.0000,固定最適比率,2.5000,55794.6911,1394.8673,spend75p,1415.5543,1481.3146,1556.6312,1632.1935,1714.2636,1808.7173,1906.7114,1996.9784,2098.1659,2192.2502,2293.2142,2386.8868,2463.7563,2532.9457,2601.0593,2649.4562,2690.1083,2744.7999,2763.6332,2775.8346,2741.5377,2757.9980,2768.0013,2747.7755,2730.1946,2709.8731,2691.0845,2662.5734,2588.3808,2516.3225,1952.7673,1896.9228,1836.1500,1796.1600,1762.8162,1720.0744,1686.7787,1671.0040,1665.2873,1657.8414,1643.9935,1617.6556,1625.0906,1605.3887,1593.7694,1587.8830,1561.8657,1532.6103,1521.2469,1500.0776,1463.8752,1426.0862,1392.2824,1361.9852,1334.0524
70,3.0000,DynamicV1Rebalance,2.5000,55794.6911,1394.8673,survival,1.0000,1.0000,1.0000,1.0000,1.0000,1.0000,1.0000,1.0000,1.0000,1.0000,1.0000,0.9995,0.9985,0.9975,0.9940,0.9905,0.9875,0.9830,0.9795,0.9735,0.9680,0.9580,0.9495,0.9440,0.9365,0.9275,0.9230,0.9140,0.9040,0.8945,0.8850,0.8780,0.8705,0.8645,0.8590,0.8535,0.8455,0.8430,0.8410,0.8390,0.8350,0.8305,0.8290,0.8280,0.8250,0.8235,0.8205,0.8195,0.8170,0.8150,0.8135,0.8125,0.8100,0.8075,0.8050
70,3.0000,DynamicV1Rebalance,2.5000,55794.6911,1394.8673,spend25p,1395.4879,1421.0083,1444.1286,1468.2686,1489.8170,1515.5878,1540.4058,1568.1104,1587.5094,1603.1110,1612.6589,1624.1614,1628.5246,1631.1326,1634.5619,1618.9684,1605.9468,1586.6548,1551.3707,1522.1810,1464.1433,1417.6881,1382.4363,1344.3602,1304.3498,1259.0542,1226.7605,1169.1577,1118.9273,1062.0473,733.6788,690.1784,638.2762,600.0950,562.7539,524.0839,480.8718,454.0185,440.5361,423.2628,407.3860,394.0001,381.6803,367.5251,345.4544,321.1028,295.9053,279.6495,258.8207,244.2782,224.5545,208.3312,190.6569,166.4642,148.3373
70,3.0000,DynamicV1Rebalance,2.5000,55794.6911,1394.8673,spend50p,1405.7289,1451.3631,1499.2744,1549.0863,1601.1699,1655.6403,1712.0666,1770.0237,1829.4663,1883.8141,1927.9287,1971.9083,2017.5223,2049.6882,2075.4122,2074.6419,2058.8468,2044.2114,2037.7938,2015.3032,1968.2366,1937.2199,1919.6484,1886.2895,1852.7999,1843.9095,1815.2915,1791.0161,1752.2890,1712.9373,1279.3545,1230.0243,1180.8586,1130.1081,1089.6810,1070.5806,1048.0418,1036.9077,1022.9716,1017.7687,1005.1062,992.4316,997.7667,989.3435,987.7578,979.2489,967.4237,957.0040,934.2297,910.1250,895.1393,889.5551,870.9931,856.2440,825.1788
70,3.0000,DynamicV1Rebalance,2.5000,55794.6911,1394.8673,spend75p,1415.5543,1481.3146,1556.6312,1632.1935,1714.2636,1808.7173,1906.7114,1996.9784,2098.1659,2192.2502,2293.2142,2386.0803,2461.7965,2531.6067,2589.3030,2640.3083,2676.4065,2705.6233,2722.0384,2720.4228,2683.1981,2662.2622,2631.7022,2636.6278,2635.6711,2631.6967,2618.5362,2595.5033,2544.0046,2491.4772,1942.5893,1910.6281,1861.5345,1821.1622,1803.1335,1777.9077,1739.8039,1743.1688,1770.2253,1783.2679,1769.9293,1761.1990,1790.9680,1820.8273,1839.7551,1859.1708,1843.6776,1834.1808,1835.9768,1828.7845,1833.9036,1827.9060,1814.8998,1797.3481,1787.2648
70,3.0000,SpendAwareDPRebalance (R70-aware),2.5000,55794.6911,1394.8673,survival,1.0000,1.0000,1.0000,1.0000,1.0000,1.0000,1.0000,1.0000,1.0000,1.0000,1.0000,0.9990,0.9990,0.9985,0.9965,0.9945,0.9895,0.9850,0.9820,0.9805,0.9780,0.9715,0.9655,0.9585,0.9535,0.9485,0.9430,0.9375,0.9315,0.9275,0.9215,0.9170,0.9110,0.9060,0.9030,0.8995,0.8965,0.8900,0.8835,0.8770,0.8700,0.8665,0.8615,0.8580,0.8555,0.8525,0.8455,0.8390,0.8340,0.8300,0.8275,0.8225,0.8180,0.8140,0.8090
70,3.0000,SpendAwareDPRebalance (R70-aware),2.5000,55794.6911,1394.8673,spend25p,1395.4879,1421.0083,1444.1286,1468.2686,1489.8170,1515.5878,1540.4058,1568.1104,1587.5094,1603.1110,1612.6589,1622.9598,1628.6748,1632.1748,1637.9733,1624.0599,1609.0428,1589.6369,1556.0477,1535.9997,1481.9126,1449.4009,1415.6601,1373.5820,1337.5162,1308.8044,1272.4286,1234.2713,1199.3604,1155.1374,815.0654,765.4689,727.5614,696.9543,660.9561,637.1483,617.2302,584.3912,546.5648,522.5662,489.6489,473.1758,460.1257,446.6100,424.4519,406.8011,374.6601,344.0145,306.8303,273.6501,256.2280,230.8900,201.9132,179.9399,151.4226
70,3.0000,SpendAwareDPRebalance (R70-aware),2.5000,55794.6911,1394.8673,spend50p,1405.7289,1451.3631,1499.2744,1549.0863,1601.1699,1655.6403,1712.0666,1770.0237,1829.4663,1883.8141,1927.9287,1971.3410,2018.0685,2052.9491,2083.2857,2079.6544,2060.6470,2045.3862,2043.2963,2029.0971,2001.8942,1976.8417,1946.7070,1913.0013,1887.6627,1872.9928,1867.7087,1837.4013,1811.1721,1787.5737,1341.8953,1293.1717,1246.4830,1204.8638,1162.7859,1141.2700,1137.7504,1110.6681,1109.2147,1091.1911,1071.7840,1074.3221,1060.1187,1061.8409,1044.6884,1027.0530,1004.6170,986.0538,951.9210,928.3855,912.1550,897.2754,870.9931,850.0480,810.8125
70,3.0000,SpendAwareDPRebalance (R70-aware),2.5000,55794.6911,1394.8673,spend75p,1415.5543,1481.3146,1556.6312,1632.1935,1714.2636,1808.7173,1906.7114,1996.9784,2098.1659,2192.2502,2293.2142,2385.7499,2461.7965,2531.6608,2596.6757,2645.4285,2678.3661,2705.6233,2725.4546,2742.1009,2710.1904,2710.3808,2690.2471,2655.4333,2661.0730,2666.1297,2661.2378,2654.7106,2628.4387,2597.2626,2035.8487,1975.6375,1943.5881,1902.5773,1906.7833,1892.3452,1872.2512,1869.3645,1859.7156,1853.4283,1846.6995,1853.6634,1862.3584,1873.6979,1889.2055,1884.8332,1873.0022,1828.1313,1806.6130,1802.9145,1799.2342,1772.2329,1743.8888,1735.7337,1700.1678
70,3.0000,No dynamic rebalance,2.8000,49816.6885,1394.8673,survival,1.0000,1.0000,1.0000,1.0000,1.0000,1.0000,1.0000,1.0000,1.0000,1.0000,0.9995,0.9975,0.9955,0.9900,0.9850,0.9720,0.9635,0.9550,0.9400,0.9285,0.9150,0.8985,0.8805,0.8705,0.8530,0.8365,0.8240,0.8135,0.8030,0.7870,0.7775,0.7670,0.7585,0.7540,0.7495,0.7395,0.7325,0.7265,0.7240,0.7175,0.7115,0.7060,0.7040,0.6975,0.6930,0.6880,0.6840,0.6810,0.6785,0.6740,0.6690,0.6655,0.6630,0.6620,0.6595
70,3.0000,No dynamic rebalance,2.8000,49816.6885,1394.8673,spend25p,1395.4879,1421.0083,1444.1286,1468.2686,1489.8170,1515.5878,1540.4058,1568.1104,1587.5094,1603.1110,1611.7847,1620.7671,1623.2868,1618.6940,1623.3467,1594.4871,1561.8178,1525.2165,1468.2500,1420.5076,1349.2722,1273.9301,1212.3672,1157.8131,1075.2611,1004.5301,935.2886,869.6730,803.8272,714.1284,416.2050,345.9716,248.1352,178.2136,0.0000,0.0000,0.0000,0.0000,0.0000,0.0000,0.0000,0.0000,0.0000,0.0000,0.0000,0.0000,0.0000,0.0000,0.0000,0.0000,0.0000,0.0000,0.0000,0.0000,0.0000
70,3.0000,No dynamic rebalance,2.8000,49816.6885,1394.8673,spend50p,1405.7289,1451.3631,1499.2744,1549.0863,1601.1699,1655.6403,1712.0666,1770.0237,1829.4663,1883.8141,1927.4558,1968.8995,2011.8953,2032.6901,2058.3601,2043.1586,2023.4750,1995.6537,1960.9753,1929.7667,1869.5341,1820.9265,1776.4982,1746.3164,1705.4904,1662.2755,1620.0169,1585.0948,1529.2714,1471.8960,1079.8262,1023.4708,977.3115,934.0888,893.3469,857.8153,834.2837,821.5692,805.2682,765.3337,734.8107,714.0445,715.4667,686.3246,676.3093,657.6244,643.7041,618.0155,605.7700,580.1168,539.8094,512.5503,490.3461,465.8246,446.9040
70,3.0000,No dynamic rebalance,2.8000,49816.6885,1394.8673,spend75p,1415.5543,1481.3146,1556.6312,1632.1935,1714.2636,1808.7173,1906.7114,1996.9784,2098.1659,2192.2502,2292.2771,2385.2425,2457.9327,2522.8645,2568.9939,2593.1165,2614.0583,2629.2733,2622.5053,2614.0201,2569.8942,2507.6495,2481.4807,2481.0513,2444.7569,2414.5632,2378.6274,2345.7458,2291.1584,2263.6982,1760.8141,1701.7659,1641.8477,1619.9464,1590.7623,1573.2284,1545.9986,1537.1178,1544.7295,1533.6589,1535.6388,1543.0841,1550.1350,1550.3290,1562.5163,1561.4150,1561.8657,1534.8999,1532.5188,1514.4478,1486.9546,1464.6353,1437.0752,1431.4846,1410.0848
70,3.0000,固定最適比率,2.8000,49816.6885,1394.8673,survival,1.0000,1.0000,1.0000,1.0000,1.0000,1.0000,1.0000,1.0000,1.0000,1.0000,1.0000,1.0000,1.0000,1.0000,1.0000,0.9995,0.9995,0.9970,0.9930,0.9865,0.9820,0.9730,0.9625,0.9560,0.9435,0.9310,0.9205,0.9090,0.8955,0.8805,0.8710,0.8615,0.8525,0.8440,0.8320,0.8255,0.8180,0.8105,0.8010,0.7940,0.7860,0.7820,0.7790,0.7720,0.7645,0.7600,0.7530,0.7460,0.7415,0.7345,0.7310,0.7265,0.7225,0.7170,0.7135
70,3.0000,固定最適比率,2.8000,49816.6885,1394.8673,spend25p,1395.4879,1421.0083,1444.1286,1468.2686,1489.8170,1515.5878,1540.4058,1568.1104,1587.5094,1603.1110,1612.6589,1624.4843,1629.3283,1635.3371,1644.5039,1636.5765,1621.9986,1604.2783,1576.4799,1544.6797,1490.5237,1452.4625,1404.2441,1363.6553,1315.5689,1264.5476,1218.3338,1159.6363,1099.6469,1032.1452,704.4416,644.9562,593.2523,542.1310,487.9219,442.8737,410.7484,376.4711,339.3630,302.6800,262.8411,236.1682,216.7368,189.9437,138.6171,94.5436,19.4956,0.0000,0.0000,0.0000,0.0000,0.0000,0.0000,0.0000,0.0000
70,3.0000,固定最適比率,2.8000,49816.6885,1394.8673,spend50p,1405.7289,1451.3631,1499.2744,1549.0863,1601.1699,1655.6403,1712.0666,1770.0237,1829.4663,1883.8141,1927.9287,1972.1468,2018.9724,2056.5431,2087.5011,2087.6674,2081.5657,2059.9030,2056.5983,2035.6584,2003.4695,1970.1000,1936.4620,1898.8549,1860.4026,1832.7590,1798.3642,1753.0549,1715.1926,1648.7019,1241.8968,1183.0089,1125.2232,1073.8404,1024.7961,996.3077,971.9600,955.5464,919.3533,904.4968,884.8306,879.1971,868.5483,848.9787,818.7237,796.5055,769.6344,747.1747,730.6938,692.7390,673.6815,650.2945,622.6273,590.8917,563.2492
70,3.0000,固定最適比率,2.8000,49816.6885,1394.8673,spend75p,1415.5543,1481.3146,1556.6312,1632.1935,1714.2636,1808.7173,1906.7114,1996.9784,2098.1659,2192.2502,2293.2142,2386.8868,2463.7563,2532.9457,2601.0593,2648.8574,2689.8556,2733.1961,2737.1665,2736.4262,2695.5790,2687.1349,2638.8013,2636.2072,2617.9224,2585.7520,2555.9454,2520.2296,2434.9945,2368.5110,1856.8716,1805.2593,1767.0536,1721.1886,1678.3395,1646.5151,1635.7443,1620.3017,1597.7483,1585.7117,1577.1436,1589.7836,1596.9028,1596.7191,1593.7694,1595.7103,1576.9754,1543.5214,1530.9150,1510.8632,1480.0833,1456.4290,1426.2713,1404.0999,1382.2303
70,3.0000,DynamicV1Rebalance,2.8000,49816.6885,1394.8673,survival,1.0000,1.0000,1.0000,1.0000,1.0000,1.0000,1.0000,1.0000,1.0000,1.0000,0.9995,0.9975,0.9965,0.9910,0.9875,0.9830,0.9730,0.9675,0.9575,0.9465,0.9350,0.9275,0.9150,0.9055,0.8930,0.8805,0.8650,0.8565,0.8460,0.8380,0.8315,0.8240,0.8170,0.8120,0.8030,0.7975,0.7940,0.7910,0.7875,0.7825,0.7770,0.7725,0.7695,0.7660,0.7600,0.7585,0.7545,0.7530,0.7465,0.7445,0.7445,0.7430,0.7395,0.7380,0.7380
70,3.0000,DynamicV1Rebalance,2.8000,49816.6885,1394.8673,spend25p,1395.4879,1421.0083,1444.1286,1468.2686,1489.8170,1515.5878,1540.4058,1568.1104,1587.5094,1603.1110,1611.7847,1620.7671,1624.2679,1621.0035,1625.4801,1611.8673,1582.1021,1550.7926,1512.0320,1466.7328,1394.7454,1347.2761,1290.6145,1241.2630,1194.2610,1134.5337,1067.5605,1025.8168,960.4725,912.7773,599.4305,551.6775,502.6791,458.3947,408.9149,376.5811,350.1940,327.2833,301.2077,268.9329,228.3098,209.3931,189.6485,164.1674,109.6058,89.7456,31.5467,5.4036,0.0000,0.0000,0.0000,0.0000,0.0000,0.0000,0.0000
70,3.0000,DynamicV1Rebalance,2.8000,49816.6885,1394.8673,spend50p,1405.7289,1451.3631,1499.2744,1549.0863,1601.1699,1655.6403,1712.0666,1770.0237,1829.4663,1883.8141,1927.4558,1968.8995,2014.4161,2035.4154,2062.3659,2065.1167,2035.3961,2013.9195,1989.8277,1956.2787,1899.8887,1882.5290,1842.0231,1812.0865,1775.7641,1742.4721,1699.7159,1662.1747,1611.3124,1581.5066,1183.4076,1130.5484,1073.7198,1028.9335,996.5430,965.7889,951.1773,924.0174,908.9535,905.6824,898.3301,887.1257,871.1222,866.5087,835.9881,829.4196,814.1973,798.6042,772.0485,762.2838,741.1053,718.0739,699.7448,683.0131,671.2019
70,3.0000,DynamicV1Rebalance,2.8000,49816.6885,1394.8673,spend75p,1415.5543,1481.3146,1556.6312,1632.1935,1714.2636,1808.7173,1906.7114,1996.9784,2098.1659,2192.2502,2292.2771,2385.2425,2460.0933,2522.8645,2579.4268,2627.8016,2641.0332,2658.6460,2666.3657,2662.1973,2608.4335,2595.6815,2565.6650,2552.9404,2537.5597,2511.0997,2466.0718,2420.8364,2369.2989,2329.0431,1829.8051,1788.3008,1753.3532,1707.2392,1678.3395,1646.5151,1650.6489,1640.1281,1646.7905,1657.2211,1659.9247,1659.5259,1666.0411,1676.2977,1673.9861,1681.7136,1680.9013,1674.0941,1653.0700,1651.0959,1637.4936,1625.2978,1605.8857,1583.4622,1578.2595
70,3.0000,SpendAwareDPRebalance (R70-aware),2.8000,49816.6885,1394.8673,survival,1.0000,1.0000,1.0000,1.0000,1.0000,1.0000,1.0000,1.0000,1.0000,1.0000,0.9995,0.9990,0.9965,0.9920,0.9885,0.9845,0.9785,0.9730,0.9650,0.9585,0.9510,0.9465,0.9370,0.9300,0.9220,0.9135,0.9050,0.8935,0.8865,0.8780,0.8725,0.8660,0.8620,0.8580,0.8510,0.8450,0.8400,0.8340,0.8305,0.8250,0.8190,0.8135,0.8050,0.7985,0.7935,0.7880,0.7830,0.7785,0.7750,0.7705,0.7660,0.7625,0.7595,0.7525,0.7495
70,3.0000,SpendAwareDPRebalance (R70-aware),2.8000,49816.6885,1394.8673,spend25p,1395.4879,1421.0083,1444.1286,1468.2686,1489.8170,1515.5878,1540.4058,1568.1104,1587.5094,1603.1110,1611.7847,1622.9598,1624.2679,1624.3962,1626.8145,1612.5819,1587.1204,1563.3162,1524.4961,1494.1543,1429.8739,1398.1207,1349.4685,1307.1500,1267.0182,1238.9824,1190.9170,1124.3252,1072.1329,1026.9484,706.6552,654.8631,618.7883,583.5127,534.2381,497.3175,465.6186,442.2988,419.7657,393.9952,369.6126,342.2819,301.6678,268.0117,241.3640,218.1063,197.3602,167.1295,147.1600,124.7218,88.4116,40.5296,13.7040,0.0000,0.0000
70,3.0000,SpendAwareDPRebalance (R70-aware),2.8000,49816.6885,1394.8673,spend50p,1405.7289,1451.3631,1499.2744,1549.0863,1601.1699,1655.6403,1712.0666,1770.0237,1829.4663,1883.8141,1927.4558,1971.3410,2014.4161,2040.6540,2063.6694,2067.4023,2043.2625,2025.9631,2005.8154,1976.3413,1930.1062,1917.0544,1891.8761,1860.4454,1826.2446,1813.0367,1781.4423,1738.5989,1714.3372,1666.5428,1258.0203,1204.3092,1161.5465,1114.7855,1073.7492,1052.5625,1031.2315,1009.5893,1001.0138,988.8600,970.4387,956.4768,927.5491,917.3152,898.5921,881.1079,853.8541,831.0091,815.1359,788.3941,769.9649,737.1018,717.5017,687.1497,670.3829
70,3.0000,SpendAwareDPRebalance (R70-aware),2.8000,49816.6885,1394.8673,spend75p,1415.5543,1481.3146,1556.6312,1632.1935,1714.2636,1808.7173,1906.7114,1996.9784,2098.1659,2192.2502,2292.2771,2385.7499,2460.0933,2525.9378,2579.5265,2629.4882,2653.4794,2673.9607,2681.4129,2672.8761,2646.8404,2648.0131,2603.5166,2614.7287,2599.7681,2588.2134,2569.5031,2526.5792,2467.9194,2423.7814,1907.3897,1857.0012,1828.3597,1800.7579,1770.0696,1740.0208,1722.5741,1712.7007,1723.5028,1728.5148,1723.7400,1716.3886,1701.3218,1725.7337,1706.4582,1687.8258,1693.3240,1662.2338,1653.0700,1612.7464,1606.5571,1568.4478,1546.4656,1507.0369,1484.9351
70,3.0000,No dynamic rebalance,3.0000,46495.5759,1394.8673,survival,1.0000,1.0000,1.0000,1.0000,1.0000,1.0000,1.0000,1.0000,1.0000,0.9995,0.9985,0.9965,0.9920,0.9875,0.9740,0.9640,0.9540,0.9405,0.9240,0.9085,0.8910,0.8700,0.8570,0.8395,0.8220,0.8080,0.7900,0.7755,0.7620,0.7505,0.7400,0.7315,0.7255,0.7205,0.7110,0.7040,0.6950,0.6900,0.6845,0.6775,0.6715,0.6680,0.6645,0.6605,0.6555,0.6525,0.6485,0.6450,0.6405,0.6370,0.6340,0.6320,0.6280,0.6270,0.6230
70,3.0000,No dynamic rebalance,3.0000,46495.5759,1394.8673,spend25p,1395.4879,1421.0083,1444.1286,1468.2686,1489.8170,1515.5878,1540.4058,1568.1104,1587.5094,1601.8738,1610.4762,1619.1038,1618.0676,1616.1402,1603.6982,1577.2725,1545.5158,1500.1111,1440.6107,1372.2589,1281.6176,1195.8915,1134.3876,1055.3379,978.0340,907.0993,792.1517,694.7428,582.3863,323.9219,0.0000,0.0000,0.0000,0.0000,0.0000,0.0000,0.0000,0.0000,0.0000,0.0000,0.0000,0.0000,0.0000,0.0000,0.0000,0.0000,0.0000,0.0000,0.0000,0.0000,0.0000,0.0000,0.0000,0.0000,0.0000
70,3.0000,No dynamic rebalance,3.0000,46495.5759,1394.8673,spend50p,1405.7289,1451.3631,1499.2744,1549.0863,1601.1699,1655.6403,1712.0666,1770.0237,1829.4663,1883.7759,1926.7447,1968.7266,2009.9305,2029.0091,2034.3170,2025.4664,2012.0475,1976.9899,1941.2136,1899.7516,1829.6776,1771.0408,1734.6199,1682.6463,1638.4777,1592.5841,1541.1995,1491.9324,1445.7156,1389.0350,995.2160,947.6789,904.8643,869.9033,816.0560,786.6425,761.1868,733.7403,702.8333,674.7957,658.9197,635.4445,622.9887,606.7962,587.6324,568.0065,547.9949,527.9783,497.6175,468.7023,438.7037,422.6998,390.4328,372.5734,343.8351
70,3.0000,No dynamic rebalance,3.0000,46495.5759,1394.8673,spend75p,1415.5543,1481.3146,1556.6312,1632.1935,1714.2636,1808.7173,1906.7114,1996.9784,2098.1659,2189.6286,2291.5074,2385.2425,2454.6096,2521.1206,2554.0202,2573.0138,2600.4318,2598.3030,2584.6745,2569.3235,2492.5675,2447.4114,2446.0403,2419.8162,2376.8738,2358.6076,2314.2358,2243.8501,2211.7266,2173.8088,1678.2039,1614.0880,1573.5301,1535.4204,1503.2849,1488.9939,1468.7989,1457.7797,1460.7600,1442.7932,1449.1235,1453.9176,1466.5090,1452.6799,1435.4397,1452.3484,1450.6730,1446.3040,1420.3791,1415.2885,1406.1331,1378.0944,1357.0325,1321.2708,1290.3777
70,3.0000,固定最適比率,3.0000,46495.5759,1394.8673,survival,1.0000,1.0000,1.0000,1.0000,1.0000,1.0000,1.0000,1.0000,1.0000,1.0000,1.0000,1.0000,1.0000,0.9995,0.9985,0.9950,0.9890,0.9830,0.9740,0.9650,0.9525,0.9405,0.9280,0.9145,0.9060,0.8865,0.8695,0.8530,0.8400,0.8255,0.8135,0.8020,0.7930,0.7820,0.7750,0.7635,0.7580,0.7525,0.7435,0.7380,0.7320,0.7250,0.7175,0.7100,0.7055,0.7005,0.6975,0.6930,0.6860,0.6830,0.6795,0.6725,0.6690,0.6630,0.6595
70,3.0000,固定最適比率,3.0000,46495.5759,1394.8673,spend25p,1395.4879,1421.0083,1444.1286,1468.2686,1489.8170,1515.5878,1540.4058,1568.1104,1587.5094,1603.1110,1612.6589,1624.4843,1629.3283,1633.2118,1641.8155,1624.0599,1607.8337,1585.2435,1539.8336,1503.4612,1429.8739,1384.4885,1326.8466,1271.2240,1221.6808,1149.1418,1086.7754,1010.1388,943.4500,858.5804,550.2087,472.1002,428.4639,346.9418,305.1559,227.7385,178.0744,74.9983,0.0000,0.0000,0.0000,0.0000,0.0000,0.0000,0.0000,0.0000,0.0000,0.0000,0.0000,0.0000,0.0000,0.0000,0.0000,0.0000,0.0000
70,3.0000,固定最適比率,3.0000,46495.5759,1394.8673,spend50p,1405.7289,1451.3631,1499.2744,1549.0863,1601.1699,1655.6403,1712.0666,1770.0237,1829.4663,1883.8141,1927.9287,1972.1468,2018.9724,2055.5503,2086.1911,2079.6544,2058.8468,2037.6608,2013.6388,1981.7054,1921.8354,1891.0484,1852.0905,1816.2506,1789.1184,1740.2398,1692.4614,1640.0228,1584.4825,1538.7479,1133.6660,1069.0535,1018.6477,963.8142,928.4064,887.7239,852.9048,836.8304,813.1019,787.0943,774.2631,742.8113,724.0366,691.5504,680.8642,661.8023,656.1610,623.9108,599.6250,580.8679,549.2620,512.5503,489.2227,446.1667,417.2589
70,3.0000,固定最適比率,3.0000,46495.5759,1394.8673,spend75p,1415.5543,1481.3146,1556.6312,1632.1935,1714.2636,1808.7173,1906.7114,1996.9784,2098.1659,2192.2502,2293.2142,2386.8868,2463.7563,2531.8052,2598.2493,2644.9302,2670.7018,2691.5647,2684.3210,2672.8761,2615.4915,2581.7525,2549.6130,2525.8323,2522.4465,2474.5255,2442.0511,2358.6385,2301.6679,2272.9457,1759.1927,1691.8719,1639.4950,1610.0960,1573.7754,1527.3001,1517.6517,1503.7781,1485.8356,1488.8360,1500.9239,1511.1773,1500.8505,1477.0278,1458.0106,1463.0880,1465.7416,1454.8141,1428.1942,1423.2033,1413.0631,1378.0944,1356.8664,1311.8530,1282.8693
70,3.0000,DynamicV1Rebalance,3.0000,46495.5759,1394.8673,survival,1.0000,1.0000,1.0000,1.0000,1.0000,1.0000,1.0000,1.0000,1.0000,0.9995,0.9985,0.9965,0.9935,0.9885,0.9820,0.9705,0.9635,0.9530,0.9410,0.9255,0.9140,0.9015,0.8845,0.8695,0.8560,0.8420,0.8280,0.8160,0.8070,0.7940,0.7845,0.7760,0.7695,0.7655,0.7595,0.7540,0.7450,0.7395,0.7350,0.7305,0.7280,0.7225,0.7200,0.7185,0.7145,0.7105,0.7085,0.7075,0.7050,0.7020,0.7005,0.6990,0.6960,0.6945,0.6930
70,3.0000,DynamicV1Rebalance,3.0000,46495.5759,1394.8673,spend25p,1395.4879,1421.0083,1444.1286,1468.2686,1489.8170,1515.5878,1540.4058,1568.1104,1587.5094,1601.8738,1610.4762,1619.1038,1622.2311,1616.9987,1617.7701,1590.8486,1561.8178,1519.1808,1468.9510,1413.0568,1348.6982,1282.3345,1215.8340,1152.9809,1088.4496,1029.2456,949.9188,882.5441,816.4088,739.4857,451.4978,385.3648,331.7291,292.7936,223.5011,141.6627,0.0000,0.0000,0.0000,0.0000,0.0000,0.0000,0.0000,0.0000,0.0000,0.0000,0.0000,0.0000,0.0000,0.0000,0.0000,0.0000,0.0000,0.0000,0.0000
70,3.0000,DynamicV1Rebalance,3.0000,46495.5759,1394.8673,spend50p,1405.7289,1451.3631,1499.2744,1549.0863,1601.1699,1655.6403,1712.0666,1770.0237,1829.4663,1883.7759,1926.7447,1968.7266,2010.8243,2029.8499,2048.0327,2033.8180,2024.1480,1994.2683,1965.9440,1928.6494,1868.0672,1830.2264,1778.7230,1741.7681,1702.5351,1665.3861,1621.1146,1581.7125,1529.2714,1485.1656,1089.1564,1033.7888,987.3464,951.1482,909.1917,882.2117,845.9078,833.2350,822.2858,798.1078,795.7291,766.7044,761.2253,755.6980,732.4988,718.8216,706.5567,704.5471,686.1083,652.6323,641.4532,616.7335,582.5521,566.4683,547.6894
70,3.0000,DynamicV1Rebalance,3.0000,46495.5759,1394.8673,spend75p,1415.5543,1481.3146,1556.6312,1632.1935,1714.2636,1808.7173,1906.7114,1996.9784,2098.1659,2189.6286,2291.5074,2385.2425,2456.3440,2522.2437,2566.5770,2585.7957,2614.0583,2629.2733,2627.2529,2614.0201,2558.4500,2508.7121,2473.7240,2462.9107,2439.6800,2412.7330,2376.9309,2326.7852,2277.0052,2268.2365,1758.6093,1696.7232,1646.7508,1619.9464,1585.8150,1577.5820,1545.9986,1539.5583,1527.6971,1534.2140,1552.9769,1565.3959,1569.0895,1589.7133,1593.1269,1595.5413,1594.5500,1580.5020,1572.3821,1552.5892,1546.0850,1539.3326,1486.8662,1486.4729,1465.0030
70,3.0000,SpendAwareDPRebalance (R70-aware),3.0000,46495.5759,1394.8673,survival,1.0000,1.0000,1.0000,1.0000,1.0000,1.0000,1.0000,1.0000,1.0000,0.9995,0.9990,0.9965,0.9930,0.9895,0.9825,0.9750,0.9680,0.9610,0.9495,0.9420,0.9290,0.9210,0.9115,0.9025,0.8910,0.8795,0.8700,0.8620,0.8530,0.8475,0.8380,0.8310,0.8220,0.8145,0.8080,0.8030,0.7955,0.7910,0.7885,0.7805,0.7750,0.7715,0.7650,0.7565,0.7525,0.7485,0.7440,0.7410,0.7370,0.7340,0.7285,0.7235,0.7195,0.7155,0.7080
70,3.0000,SpendAwareDPRebalance (R70-aware),3.0000,46495.5759,1394.8673,spend25p,1395.4879,1421.0083,1444.1286,1468.2686,1489.8170,1515.5878,1540.4058,1568.1104,1587.5094,1601.8738,1611.2107,1619.1038,1621.3647,1617.8251,1618.8398,1600.6332,1570.0568,1538.3452,1490.2944,1460.1564,1381.6112,1333.3185,1281.2370,1234.6921,1187.7841,1132.7500,1088.7469,1045.6633,990.6437,941.4633,619.8532,568.4419,513.1717,465.7018,421.6958,392.2345,352.2405,326.9721,302.8135,257.0459,222.2164,205.3691,170.2584,95.1398,29.6238,0.0000,0.0000,0.0000,0.0000,0.0000,0.0000,0.0000,0.0000,0.0000,0.0000
70,3.0000,SpendAwareDPRebalance (R70-aware),3.0000,46495.5759,1394.8673,spend50p,1405.7289,1451.3631,1499.2744,1549.0863,1601.1699,1655.6403,1712.0666,1770.0237,1829.4663,1883.7759,1927.0266,1968.7266,2010.2206,2031.3001,2048.7215,2049.0274,2030.2506,2004.8546,1982.0447,1949.3145,1890.7841,1868.1019,1839.1271,1806.8801,1761.6919,1735.2621,1704.6002,1676.6165,1632.3117,1599.3920,1195.7435,1142.0783,1081.5408,1028.4070,996.6516,970.8027,943.8392,916.4406,904.4050,894.8803,871.2410,863.8310,855.0990,820.5847,799.1279,777.7914,763.2689,747.2449,730.8158,708.2214,680.5586,653.4945,625.2461,599.0598,562.0838
70,3.0000,SpendAwareDPRebalance (R70-aware),3.0000,46495.5759,1394.8673,spend75p,1415.5543,1481.3146,1556.6312,1632.1935,1714.2636,1808.7173,1906.7114,1996.9784,2098.1659,2189.6286,2291.5074,2385.2425,2456.3440,2522.6534,2566.5770,2600.1821,2621.5154,2641.4004,2644.5618,2648.7912,2595.8507,2560.5282,2549.6130,2538.4183,2519.7657,2491.5004,2477.5133,2437.8164,2373.2649,2341.5953,1830.2699,1793.1838,1750.0497,1698.0614,1674.1800,1637.5816,1626.2848,1611.8938,1604.4771,1586.3032,1589.7099,1598.7933,1597.5387,1591.6486,1595.9705,1595.7103,1583.3077,1560.0362,1549.8943,1525.0920,1498.7043,1465.1823,1430.3358,1415.1436,1375.6621
70,3.0000,No dynamic rebalance,3.3300,41887.9062,1394.8673,survival,1.0000,1.0000,1.0000,1.0000,1.0000,1.0000,1.0000,1.0000,1.0000,0.9990,0.9965,0.9945,0.9880,0.9760,0.9605,0.9475,0.9325,0.9120,0.8900,0.8690,0.8515,0.8325,0.8105,0.7860,0.7670,0.7500,0.7330,0.7185,0.7005,0.6885,0.6800,0.6705,0.6590,0.6505,0.6430,0.6365,0.6295,0.6240,0.6185,0.6140,0.6105,0.6075,0.6035,0.6000,0.5980,0.5945,0.5905,0.5870,0.5840,0.5800,0.5755,0.5730,0.5705,0.5675,0.5645
70,3.0000,No dynamic rebalance,3.3300,41887.9062,1394.8673,spend25p,1395.4879,1421.0083,1444.1286,1468.2686,1489.8170,1515.5878,1540.4058,1568.1104,1587.5094,1599.7094,1608.1288,1615.7708,1607.7131,1606.2702,1578.3941,1548.0643,1502.9805,1431.3230,1350.1972,1258.1647,1162.1551,1060.1063,961.9818,839.3748,694.2872,296.9454,0.0000,0.0000,0.0000,0.0000,0.0000,0.0000,0.0000,0.0000,0.0000,0.0000,0.0000,0.0000,0.0000,0.0000,0.0000,0.0000,0.0000,0.0000,0.0000,0.0000,0.0000,0.0000,0.0000,0.0000,0.0000,0.0000,0.0000,0.0000,0.0000
70,3.0000,No dynamic rebalance,3.3300,41887.9062,1394.8673,spend50p,1405.7289,1451.3631,1499.2744,1549.0863,1601.1699,1655.6403,1712.0666,1770.0237,1829.4663,1883.6106,1923.6333,1965.4939,2005.0055,2016.7884,2013.1138,2004.1077,1978.7924,1948.9674,1882.1221,1831.3410,1757.2157,1698.1596,1653.8813,1591.6599,1537.8723,1482.3870,1423.3327,1364.4186,1269.9038,1220.3674,864.3206,819.3211,757.3054,719.7243,669.4115,644.4919,613.0965,586.2074,550.5632,527.0359,509.3084,494.9794,482.8902,464.1233,445.0902,417.8996,396.8183,372.7381,351.2669,325.2383,291.5918,264.1161,243.2398,217.6732,191.0886
70,3.0000,No dynamic rebalance,3.3300,41887.9062,1394.8673,spend75p,1415.5543,1481.3146,1556.6312,1632.1935,1714.2636,1808.7173,1906.7114,1996.9784,2098.1659,2188.2455,2290.0715,2383.5175,2448.7076,2493.5053,2533.8892,2557.5370,2562.3620,2561.1167,2524.6333,2469.3305,2409.4268,2384.3575,2363.2328,2312.5352,2291.5425,2219.5175,2172.5508,2130.0113,2065.9265,2021.9045,1554.9643,1515.7788,1457.5926,1413.5732,1368.9788,1341.1691,1330.3430,1330.8177,1330.4421,1321.1307,1332.1466,1338.8610,1345.3805,1338.9166,1337.0611,1324.4579,1303.6574,1292.7346,1298.2726,1278.0811,1241.3822,1223.1206,1203.0483,1173.8329,1144.1529
70,3.0000,固定最適比率,3.3300,41887.9062,1394.8673,survival,1.0000,1.0000,1.0000,1.0000,1.0000,1.0000,1.0000,1.0000,1.0000,1.0000,0.9995,0.9990,0.9965,0.9920,0.9840,0.9710,0.9600,0.9450,0.9290,0.9115,0.8960,0.8730,0.8530,0.8320,0.8140,0.7935,0.7735,0.7545,0.7395,0.7235,0.7105,0.7025,0.6905,0.6840,0.6780,0.6680,0.6610,0.6530,0.6475,0.6395,0.6345,0.6305,0.6280,0.6235,0.6195,0.6160,0.6100,0.6045,0.6015,0.5980,0.5960,0.5935,0.5920,0.5880,0.5845
70,3.0000,固定最適比率,3.3300,41887.9062,1394.8673,spend25p,1395.4879,1421.0083,1444.1286,1468.2686,1489.8170,1515.5878,1540.4058,1568.1104,1587.5094,1603.1110,1611.7847,1622.9598,1623.7365,1621.0035,1622.0428,1588.1349,1554.7709,1506.7461,1451.1923,1376.2015,1288.9934,1202.2930,1117.8440,1035.7800,942.7661,832.0935,695.5805,464.6892,0.0000,0.0000,0.0000,0.0000,0.0000,0.0000,0.0000,0.0000,0.0000,0.0000,0.0000,0.0000,0.0000,0.0000,0.0000,0.0000,0.0000,0.0000,0.0000,0.0000,0.0000,0.0000,0.0000,0.0000,0.0000,0.0000,0.0000
70,3.0000,固定最適比率,3.3300,41887.9062,1394.8673,spend50p,1405.7289,1451.3631,1499.2744,1549.0863,1601.1699,1655.6403,1712.0666,1770.0237,1829.4663,1883.8141,1927.4558,1971.3410,2012.6821,2032.6901,2050.3431,2029.7950,2016.4925,1979.0324,1939.5647,1896.5235,1828.1759,1767.2097,1704.8689,1660.0794,1603.2507,1546.8928,1500.5202,1435.1332,1382.7516,1301.2406,921.6247,872.6001,821.8768,773.6479,743.5322,692.9118,667.6369,631.5881,609.0177,577.8853,555.4950,537.7134,521.8743,498.9521,477.9214,456.0363,425.7098,393.6770,373.7728,352.3648,333.7550,305.6991,290.9081,259.5874,228.7491
70,3.0000,固定最適比率,3.3300,41887.9062,1394.8673,spend75p,1415.5543,1481.3146,1556.6312,1632.1935,1714.2636,1808.7173,1906.7114,1996.9784,2098.1659,2192.2502,2292.2771,2385.7499,2457.9327,2522.6534,2566.5770,2576.2405,2600.0226,2594.2345,2578.7643,2554.5407,2475.4178,2438.1611,2391.5023,2377.3548,2334.8490,2295.6035,2211.6157,2153.1032,2111.0279,2056.4340,1563.8180,1535.0393,1473.2394,1436.7763,1402.1681,1371.6200,1363.3557,1352.2589,1336.3716,1331.9084,1341.9403,1341.0239,1354.1385,1338.9166,1337.0611,1324.4579,1302.6443,1292.5830,1295.2528,1260.2003,1232.6679,1217.0305,1204.8649,1165.3798,1138.1206
70,3.0000,DynamicV1Rebalance,3.3300,41887.9062,1394.8673,survival,1.0000,1.0000,1.0000,1.0000,1.0000,1.0000,1.0000,1.0000,1.0000,0.9990,0.9965,0.9945,0.9880,0.9790,0.9620,0.9530,0.9410,0.9215,0.9035,0.8850,0.8670,0.8495,0.8335,0.8155,0.7970,0.7800,0.7615,0.7485,0.7350,0.7205,0.7100,0.7035,0.6940,0.6875,0.6810,0.6725,0.6700,0.6650,0.6575,0.6535,0.6490,0.6435,0.6395,0.6380,0.6355,0.6340,0.6315,0.6290,0.6255,0.6230,0.6210,0.6200,0.6180,0.6160,0.6130
70,3.0000,DynamicV1Rebalance,3.3300,41887.9062,1394.8673,spend25p,1395.4879,1421.0083,1444.1286,1468.2686,1489.8170,1515.5878,1540.4058,1568.1104,1587.5094,1599.7094,1608.1288,1615.7708,1607.7131,1609.9003,1580.6482,1558.0596,1519.2034,1452.7568,1383.3387,1307.1443,1214.0168,1127.4141,1055.1270,967.9010,869.1548,770.7945,614.1377,0.0000,0.0000,0.0000,0.0000,0.0000,0.0000,0.0000,0.0000,0.0000,0.0000,0.0000,0.0000,0.0000,0.0000,0.0000,0.0000,0.0000,0.0000,0.0000,0.0000,0.0000,0.0000,0.0000,0.0000,0.0000,0.0000,0.0000,0.0000
70,3.0000,DynamicV1Rebalance,3.3300,41887.9062,1394.8673,spend50p,1405.7289,1451.3631,1499.2744,1549.0863,1601.1699,1655.6403,1712.0666,1770.0237,1829.4663,1883.6106,1923.6333,1965.4939,2005.0055,2020.5594,2015.3776,2015.1565,1991.9741,1957.5280,1903.9603,1860.1596,1788.5453,1723.0148,1690.3023,1644.8274,1586.7742,1541.0049,1484.5684,1431.9524,1386.1558,1308.3391,940.6558,887.0687,830.8164,791.6660,753.8102,724.7721,693.6405,665.1479,632.2639,622.0298,601.5661,577.2834,563.1772,560.6295,540.8796,525.7127,510.3059,494.5783,467.2898,436.1933,411.1746,393.7953,373.7783,350.0342,325.0583
70,3.0000,DynamicV1Rebalance,3.3300,41887.9062,1394.8673,spend75p,1415.5543,1481.3146,1556.6312,1632.1935,1714.2636,1808.7173,1906.7114,1996.9784,2098.1659,2188.2455,2290.0715,2383.5175,2448.7076,2501.3311,2535.0468,2565.9149,2575.0954,2574.7824,2546.1379,2526.3200,2433.2595,2406.9289,2385.3734,2372.1021,2331.5447,2298.6132,2229.6378,2191.0291,2144.7396,2096.6247,1601.4756,1560.7093,1506.9516,1471.5335,1440.6547,1402.0597,1410.3299,1402.5702,1390.4529,1399.4222,1389.4790,1387.5238,1404.1364,1399.4684,1406.4151,1412.8078,1419.4549,1402.3822,1394.0492,1383.3159,1384.4903,1350.4168,1325.1935,1290.0538,1233.9365
70,3.0000,SpendAwareDPRebalance (R70-aware),3.3300,41887.9062,1394.8673,survival,1.0000,1.0000,1.0000,1.0000,1.0000,1.0000,1.0000,1.0000,1.0000,0.9990,0.9965,0.9945,0.9885,0.9805,0.9655,0.9575,0.9460,0.9310,0.9170,0.8995,0.8840,0.8710,0.8560,0.8470,0.8310,0.8165,0.8015,0.7910,0.7815,0.7720,0.7625,0.7520,0.7445,0.7365,0.7320,0.7240,0.7190,0.7155,0.7120,0.7070,0.7015,0.6965,0.6880,0.6840,0.6790,0.6740,0.6680,0.6645,0.6615,0.6555,0.6510,0.6480,0.6420,0.6355,0.6305
70,3.0000,SpendAwareDPRebalance (R70-aware),3.3300,41887.9062,1394.8673,spend25p,1395.4879,1421.0083,1444.1286,1468.2686,1489.8170,1515.5878,1540.4058,1568.1104,1587.5094,1599.7094,1608.1288,1615.7708,1609.1657,1611.2696,1587.3580,1566.5813,1534.6744,1472.1581,1423.3001,1352.8476,1258.0242,1198.3484,1131.3563,1080.4362,1015.6970,936.5776,853.3671,780.0519,712.2359,630.1219,346.0603,173.2237,0.0000,0.0000,0.0000,0.0000,0.0000,0.0000,0.0000,0.0000,0.0000,0.0000,0.0000,0.0000,0.0000,0.0000,0.0000,0.0000,0.0000,0.0000,0.0000,0.0000,0.0000,0.0000,0.0000
70,3.0000,SpendAwareDPRebalance (R70-aware),3.3300,41887.9062,1394.8673,spend50p,1405.7289,1451.3631,1499.2744,1549.0863,1601.1699,1655.6403,1712.0666,1770.0237,1829.4663,1883.6106,1923.6333,1965.4939,2005.0952,2022.8977,2023.1560,2018.8931,1999.0017,1967.7382,1924.2000,1880.1967,1814.7598,1771.0408,1726.8113,1691.4268,1659.0893,1612.6214,1563.2260,1518.4248,1476.6868,1433.6352,1040.1745,990.2901,942.5597,895.0940,865.5599,823.7288,807.2717,793.8418,768.0755,750.4603,711.3503,694.1321,663.9738,662.4642,631.3486,606.3947,588.6763,569.1649,539.3716,508.7851,488.6107,459.6180,425.1404,387.2328,353.4834
70,3.0000,SpendAwareDPRebalance (R70-aware),3.3300,41887.9062,1394.8673,spend75p,1415.5543,1481.3146,1556.6312,1632.1935,1714.2636,1808.7173,1906.7114,1996.9784,2098.1659,2188.2455,2290.0715,2383.5175,2449.6814,2505.0985,2538.8589,2568.9154,2581.4253,2587.7530,2576.5756,2545.1708,2471.8842,2444.5875,2440.6465,2430.1453,2391.0492,2366.7206,2315.7256,2268.7038,2241.2404,2214.7285,1709.7590,1638.2421,1590.7347,1544.9772,1519.3599,1496.0695,1474.7935,1467.4654,1465.8292,1467.9656,1477.6041,1473.9717,1456.4103,1450.1726,1427.1422,1427.1930,1424.8160,1411.9582,1394.5986,1381.1717,1352.0817,1330.2090,1288.1511,1239.5978,1188.8626
70,3.0000,No dynamic rebalance,3.6600,38111.1278,1394.8673,survival,1.0000,1.0000,1.0000,1.0000,1.0000,1.0000,1.0000,1.0000,0.9995,0.9975,0.9955,0.9895,0.9790,0.9595,0.9425,0.9275,0.9005,0.8755,0.8535,0.8300,0.8035,0.7750,0.7510,0.7265,0.7055,0.6860,0.6715,0.6585,0.6425,0.6275,0.6200,0.6075,0.6045,0.5975,0.5915,0.5855,0.5790,0.5745,0.5700,0.5630,0.5580,0.5540,0.5475,0.5420,0.5385,0.5370,0.5335,0.5310,0.5285,0.5245,0.5210,0.5190,0.5165,0.5135,0.5115
70,3.0000,No dynamic rebalance,3.6600,38111.1278,1394.8673,spend25p,1395.4879,1421.0083,1444.1286,1468.2686,1489.8170,1515.5878,1540.4058,1568.1104,1587.2864,1597.7541,1607.4173,1611.3077,1598.6403,1577.4323,1545.2181,1497.5733,1431.9251,1327.8968,1244.9538,1136.1074,989.4316,830.4428,464.9906,0.0000,0.0000,0.0000,0.0000,0.0000,0.0000,0.0000,0.0000,0.0000,0.0000,0.0000,0.0000,0.0000,0.0000,0.0000,0.0000,0.0000,0.0000,0.0000,0.0000,0.0000,0.0000,0.0000,0.0000,0.0000,0.0000,0.0000,0.0000,0.0000,0.0000,0.0000,0.0000
70,3.0000,No dynamic rebalance,3.6600,38111.1278,1394.8673,spend50p,1405.7289,1451.3631,1499.2744,1549.0863,1601.1699,1655.6403,1712.0666,1770.0237,1828.6400,1880.8725,1923.1079,1962.2720,1991.7762,1996.4212,1984.3418,1977.2004,1933.3482,1878.8769,1815.3695,1758.4152,1662.7007,1608.2062,1536.4479,1474.4548,1401.2099,1324.9453,1264.1238,1205.3795,1135.8634,1069.8106,740.1282,677.4039,638.8136,594.7961,548.7101,504.7225,468.9781,447.7596,421.5217,391.7916,366.5804,340.3912,304.3786,272.6479,251.2697,236.2649,213.3432,198.8111,178.1633,146.4259,124.2534,100.8607,69.4307,35.9010,2.7279
70,3.0000,No dynamic rebalance,3.6600,38111.1278,1394.8673,spend75p,1415.5543,1481.3146,1556.6312,1632.1935,1714.2636,1808.7173,1906.7114,1996.9784,2097.3771,2187.0114,2288.3385,2377.2414,2440.3652,2472.7937,2511.6717,2537.0091,2533.3005,2482.7486,2460.7744,2411.0024,2336.0782,2293.5332,2258.8005,2220.3434,2130.7899,2082.4849,2027.1914,2005.5689,1952.4725,1883.4032,1437.1645,1379.1089,1352.6286,1305.0574,1283.5703,1256.2138,1222.4448,1212.5367,1211.1833,1213.1820,1215.6127,1216.2058,1203.6810,1188.1446,1186.7505,1192.2099,1182.3431,1155.4696,1132.9561,1109.2794,1092.4194,1077.5151,1039.9508,1008.1546,1001.1484
70,3.0000,固定最適比率,3.6600,38111.1278,1394.8673,survival,1.0000,1.0000,1.0000,1.0000,1.0000,1.0000,1.0000,1.0000,1.0000,0.9990,0.9965,0.9930,0.9855,0.9685,0.9520,0.9375,0.9165,0.8885,0.8710,0.8475,0.8215,0.7970,0.7705,0.7440,0.7215,0.7005,0.6810,0.6665,0.6535,0.6410,0.6305,0.6180,0.6105,0.6055,0.5985,0.5910,0.5860,0.5830,0.5770,0.5720,0.5660,0.5605,0.5540,0.5500,0.5445,0.5395,0.5355,0.5320,0.5295,0.5260,0.5225,0.5195,0.5175,0.5150,0.5120
70,3.0000,固定最適比率,3.6600,38111.1278,1394.8673,spend25p,1395.4879,1421.0083,1444.1286,1468.2686,1489.8170,1515.5878,1540.4058,1568.1104,1587.5094,1599.7094,1608.1288,1613.4778,1606.2903,1592.0008,1563.1414,1519.6172,1462.9372,1364.3075,1290.2653,1193.2528,1048.8075,933.4958,765.4963,0.0000,0.0000,0.0000,0.0000,0.0000,0.0000,0.0000,0.0000,0.0000,0.0000,0.0000,0.0000,0.0000,0.0000,0.0000,0.0000,0.0000,0.0000,0.0000,0.0000,0.0000,0.0000,0.0000,0.0000,0.0000,0.0000,0.0000,0.0000,0.0000,0.0000,0.0000,0.0000
70,3.0000,固定最適比率,3.6600,38111.1278,1394.8673,spend50p,1405.7289,1451.3631,1499.2744,1549.0863,1601.1699,1655.6403,1712.0666,1770.0237,1829.4663,1883.6106,1923.6333,1964.2110,1996.2428,2007.0860,1997.1434,1989.7871,1956.2584,1901.8722,1848.6282,1792.0996,1687.0279,1634.8047,1574.4959,1506.4532,1434.8730,1353.4315,1288.2512,1217.6717,1161.1705,1101.9143,752.1286,695.1532,645.7425,609.1213,568.2020,519.0120,488.9996,457.6677,433.8259,408.7868,386.7221,359.0404,329.4608,292.4639,263.2212,241.9377,219.0897,203.5675,181.3623,150.5474,128.3197,102.4151,74.9679,40.0349,5.7215
70,3.0000,固定最適比率,3.6600,38111.1278,1394.8673,spend75p,1415.5543,1481.3146,1556.6312,1632.1935,1714.2636,1808.7173,1906.7114,1996.9784,2098.1659,2188.2455,2290.0715,2379.6367,2444.5129,2486.8548,2522.6252,2541.2731,2542.7916,2503.4543,2477.2617,2427.8790,2347.8999,2312.8593,2283.4811,2225.2640,2162.1007,2100.7952,2030.5971,2007.7530,1962.1350,1893.3796,1440.8803,1391.6813,1352.6286,1308.4820,1286.3476,1260.8566,1229.9703,1216.8018,1211.1833,1220.3240,1213.2328,1211.6214,1203.6810,1204.2528,1184.9247,1168.3223,1160.4258,1140.1460,1110.5151,1090.2190,1072.4086,1049.6460,1017.7050,998.0127,978.0164
70,3.0000,DynamicV1Rebalance,3.6600,38111.1278,1394.8673,survival,1.0000,1.0000,1.0000,1.0000,1.0000,1.0000,1.0000,1.0000,0.9995,0.9980,0.9955,0.9890,0.9805,0.9600,0.9465,0.9325,0.9040,0.8815,0.8595,0.8385,0.8125,0.7920,0.7700,0.7490,0.7270,0.7080,0.6900,0.6770,0.6640,0.6480,0.6370,0.6270,0.6195,0.6120,0.6080,0.6025,0.5990,0.5945,0.5900,0.5880,0.5815,0.5790,0.5755,0.5740,0.5695,0.5665,0.5650,0.5635,0.5615,0.5595,0.5575,0.5570,0.5555,0.5540,0.5515
70,3.0000,DynamicV1Rebalance,3.6600,38111.1278,1394.8673,spend25p,1395.4879,1421.0083,1444.1286,1468.2686,1489.8170,1515.5878,1540.4058,1568.1104,1587.2864,1598.1912,1607.4173,1610.8986,1600.6543,1577.9025,1551.0688,1505.9165,1437.5905,1341.2073,1263.5943,1160.3832,1021.6176,914.8844,765.1655,0.0000,0.0000,0.0000,0.0000,0.0000,0.0000,0.0000,0.0000,0.0000,0.0000,0.0000,0.0000,0.0000,0.0000,0.0000,0.0000,0.0000,0.0000,0.0000,0.0000,0.0000,0.0000,0.0000,0.0000,0.0000,0.0000,0.0000,0.0000,0.0000,0.0000,0.0000,0.0000
70,3.0000,DynamicV1Rebalance,3.6600,38111.1278,1394.8673,spend50p,1405.7289,1451.3631,1499.2744,1549.0863,1601.1699,1655.6403,1712.0666,1770.0237,1828.6400,1882.4668,1923.1079,1961.9732,1992.6192,1997.0409,1991.6515,1989.7871,1939.3372,1890.0110,1830.6031,1783.4285,1684.4988,1634.8047,1583.9265,1518.8092,1446.9696,1374.2555,1320.6158,1254.5597,1199.2959,1124.2661,772.6704,722.8163,673.6990,625.2829,592.1681,561.1315,527.2686,501.4120,469.6135,457.1002,429.3083,425.1377,408.6784,394.6787,371.9057,345.3412,319.4553,296.8023,268.7071,252.4124,235.0229,218.3890,201.1931,180.7623,159.0164
70,3.0000,DynamicV1Rebalance,3.6600,38111.1278,1394.8673,spend75p,1415.5543,1481.3146,1556.6312,1632.1935,1714.2636,1808.7173,1906.7114,1996.9784,2097.3771,2187.5867,2288.3385,2376.7575,2442.1289,2472.4377,2518.2267,2542.3258,2538.5850,2489.7566,2466.9771,2427.1820,2345.5590,2323.5941,2297.3185,2253.4709,2199.3824,2123.9261,2061.2833,2040.5985,1988.5943,1919.7697,1481.4774,1422.8618,1379.1763,1325.0283,1313.1199,1281.9372,1263.9472,1243.7085,1240.3695,1260.4872,1265.0708,1272.1011,1270.1696,1272.4688,1265.8681,1246.7315,1247.1957,1251.0744,1241.7591,1202.0991,1185.0470,1182.0694,1155.8129,1134.3608,1114.8449
70,3.0000,SpendAwareDPRebalance (R70-aware),3.6600,38111.1278,1394.8673,survival,1.0000,1.0000,1.0000,1.0000,1.0000,1.0000,1.0000,1.0000,0.9995,0.9975,0.9955,0.9895,0.9810,0.9615,0.9460,0.9325,0.9075,0.8875,0.8685,0.8485,0.8250,0.8105,0.7910,0.7715,0.7560,0.7400,0.7280,0.7165,0.7060,0.6980,0.6915,0.6805,0.6725,0.6695,0.6620,0.6550,0.6485,0.6415,0.6395,0.6335,0.6265,0.6225,0.6170,0.6115,0.6090,0.6065,0.6010,0.5975,0.5945,0.5900,0.5870,0.5830,0.5795,0.5715,0.5640
70,3.0000,SpendAwareDPRebalance (R70-aware),3.6600,38111.1278,1394.8673,spend25p,1395.4879,1421.0083,1444.1286,1468.2686,1489.8170,1515.5878,1540.4058,1568.1104,1587.2864,1597.7541,1607.4173,1611.3077,1601.3015,1578.7163,1550.2344,1505.9165,1442.0178,1358.6109,1286.1278,1199.0017,1068.8979,990.0531,887.9267,752.0583,587.6497,0.0000,0.0000,0.0000,0.0000,0.0000,0.0000,0.0000,0.0000,0.0000,0.0000,0.0000,0.0000,0.0000,0.0000,0.0000,0.0000,0.0000,0.0000,0.0000,0.0000,0.0000,0.0000,0.0000,0.0000,0.0000,0.0000,0.0000,0.0000,0.0000,0.0000
70,3.0000,SpendAwareDPRebalance (R70-aware),3.6600,38111.1278,1394.8673,spend50p,1405.7289,1451.3631,1499.2744,1549.0863,1601.1699,1655.6403,1712.0666,1770.0237,1828.6400,1880.8725,1923.1079,1962.2720,1992.9803,1998.1913,1988.7099,1989.1484,1942.7189,1903.0260,1848.1058,1804.4876,1713.4861,1670.5834,1619.6556,1561.8801,1510.5722,1465.7796,1412.3911,1354.3738,1301.9235,1248.8298,893.7279,834.8974,789.2516,749.7003,724.8999,678.2880,648.0324,620.6033,604.3507,577.0023,551.6379,535.1959,505.5206,482.9145,466.5250,442.2082,419.2919,391.0286,370.2011,345.7915,313.8659,287.8488,256.8232,220.6886,181.9653
70,3.0000,SpendAwareDPRebalance (R70-aware),3.6600,38111.1278,1394.8673,spend75p,1415.5543,1481.3146,1556.6312,1632.1935,1714.2636,1808.7173,1906.7114,1996.9784,2097.3771,2187.0114,2288.3385,2377.2414,2442.1289,2475.7656,2517.8229,2543.2387,2542.1256,2505.8196,2481.9697,2449.6091,2367.1304,2355.2297,2330.3611,2296.3139,2255.6810,2198.1614,2139.5890,2109.5600,2072.5412,2044.2395,1563.0248,1517.3781,1461.5979,1422.3425,1371.9188,1346.1736,1328.4541,1320.4291,1329.7763,1312.0717,1315.9439,1304.6914,1287.4639,1281.9762,1297.6641,1273.2385,1255.5326,1255.6112,1249.6886,1202.0991,1185.0470,1164.4137,1145.2876,1094.1226,1049.6484
70,3.0000,No dynamic rebalance,4.0000,34871.6819,1394.8673,survival,1.0000,1.0000,1.0000,1.0000,1.0000,1.0000,1.0000,1.0000,0.9990,0.9965,0.9920,0.9825,0.9595,0.9405,0.9215,0.8955,0.8665,0.8390,0.8045,0.7735,0.7430,0.7110,0.6885,0.6665,0.6450,0.6310,0.6165,0.5995,0.5845,0.5725,0.5640,0.5550,0.5435,0.5360,0.5285,0.5230,0.5190,0.5130,0.5090,0.5030,0.4990,0.4945,0.4910,0.4880,0.4840,0.4805,0.4765,0.4720,0.4685,0.4655,0.4600,0.4575,0.4540,0.4520,0.4495
70,3.0000,No dynamic rebalance,4.0000,34871.6819,1394.8673,spend25p,1395.4879,1421.0083,1444.1286,1468.2686,1489.8170,1515.5878,1540.4058,1568.1104,1586.3895,1596.6590,1603.9343,1601.7400,1573.7968,1549.2564,1507.0064,1442.3297,1335.6418,1242.2200,1069.4319,900.7927,0.0000,0.0000,0.0000,0.0000,0.0000,0.0000,0.0000,0.0000,0.0000,0.0000,0.0000,0.0000,0.0000,0.0000,0.0000,0.0000,0.0000,0.0000,0.0000,0.0000,0.0000,0.0000,0.0000,0.0000,0.0000,0.0000,0.0000,0.0000,0.0000,0.0000,0.0000,0.0000,0.0000,0.0000,0.0000
70,3.0000,No dynamic rebalance,4.0000,34871.6819,1394.8673,spend50p,1405.7289,1451.3631,1499.2744,1549.0863,1601.1699,1655.6403,1712.0666,1770.0237,1828.2576,1879.6846,1920.0714,1954.8968,1964.7123,1970.4159,1956.3603,1919.8744,1869.0643,1828.1688,1741.9051,1674.4641,1564.0065,1477.9188,1410.1981,1331.1342,1246.8731,1183.7022,1122.3597,1056.1836,972.4446,897.8325,581.5809,516.0178,441.7405,391.5451,330.5019,286.9042,247.6443,204.0291,164.7781,74.0441,0.0000,0.0000,0.0000,0.0000,0.0000,0.0000,0.0000,0.0000,0.0000,0.0000,0.0000,0.0000,0.0000,0.0000,0.0000
70,3.0000,No dynamic rebalance,4.0000,34871.6819,1394.8673,spend75p,1415.5543,1481.3146,1556.6312,1632.1935,1714.2636,1808.7173,1906.7114,1996.9784,2096.8170,2187.0114,2285.0426,2366.1702,2410.0748,2449.8539,2476.3498,2494.7423,2472.0140,2447.7457,2381.9623,2320.2973,2245.9138,2196.1760,2136.2533,2076.1538,2025.8280,1972.3662,1922.0306,1868.8100,1821.3305,1793.4993,1359.7538,1302.7617,1238.0405,1188.5508,1144.2422,1106.8548,1101.0091,1081.4424,1070.8258,1055.7942,1057.9425,1036.7122,1037.5950,1036.5679,1021.4223,1012.6031,982.5168,969.8823,942.5847,920.1354,888.4444,877.6617,853.5458,822.1848,787.0158
70,3.0000,固定最適比率,4.0000,34871.6819,1394.8673,survival,1.0000,1.0000,1.0000,1.0000,1.0000,1.0000,1.0000,1.0000,0.9990,0.9965,0.9920,0.9825,0.9595,0.9405,0.9215,0.8955,0.8665,0.8390,0.8045,0.7735,0.7430,0.7110,0.6885,0.6665,0.6450,0.6310,0.6165,0.5995,0.5845,0.5725,0.5640,0.5550,0.5435,0.5360,0.5285,0.5230,0.5190,0.5130,0.5090,0.5030,0.4990,0.4945,0.4910,0.4880,0.4840,0.4805,0.4765,0.4720,0.4685,0.4655,0.4600,0.4575,0.4540,0.4520,0.4495
70,3.0000,固定最適比率,4.0000,34871.6819,1394.8673,spend25p,1395.4879,1421.0083,1444.1286,1468.2686,1489.8170,1515.5878,1540.4058,1568.1104,1586.3895,1596.6590,1603.9343,1601.7400,1573.7968,1549.2564,1507.0064,1442.3297,1335.6418,1242.2200,1069.4319,900.7927,0.0000,0.0000,0.0000,0.0000,0.0000,0.0000,0.0000,0.0000,0.0000,0.0000,0.0000,0.0000,0.0000,0.0000,0.0000,0.0000,0.0000,0.0000,0.0000,0.0000,0.0000,0.0000,0.0000,0.0000,0.0000,0.0000,0.0000,0.0000,0.0000,0.0000,0.0000,0.0000,0.0000,0.0000,0.0000
70,3.0000,固定最適比率,4.0000,34871.6819,1394.8673,spend50p,1405.7289,1451.3631,1499.2744,1549.0863,1601.1699,1655.6403,1712.0666,1770.0237,1828.2576,1879.6846,1920.0714,1954.8968,1964.7123,1970.4159,1956.3603,1919.8744,1869.0643,1828.1688,1741.9051,1674.4641,1564.0065,1477.9188,1410.1981,1331.1342,1246.8731,1183.7022,1122.3597,1056.1836,972.4446,897.8325,581.5809,516.0178,441.7405,391.5451,330.5019,286.9042,247.6443,204.0291,164.7781,74.0441,0.0000,0.0000,0.0000,0.0000,0.0000,0.0000,0.0000,0.0000,0.0000,0.0000,0.0000,0.0000,0.0000,0.0000,0.0000
70,3.0000,固定最適比率,4.0000,34871.6819,1394.8673,spend75p,1415.5543,1481.3146,1556.6312,1632.1935,1714.2636,1808.7173,1906.7114,1996.9784,2096.8170,2187.0114,2285.0426,2366.1702,2410.0748,2449.8539,2476.3498,2494.7423,2472.0140,2447.7457,2381.9623,2320.2973,2245.9138,2196.1760,2136.2533,2076.1538,2025.8280,1972.3662,1922.0306,1868.8100,1821.3305,1793.4993,1359.7538,1302.7617,1238.0405,1188.5508,1144.2422,1106.8548,1101.0091,1081.4424,1070.8258,1055.7942,1057.9425,1036.7122,1037.5950,1036.5679,1021.4223,1012.6031,982.5168,969.8823,942.5847,920.1354,888.4444,877.6617,853.5458,822.1848,787.0158
70,3.0000,DynamicV1Rebalance,4.0000,34871.6819,1394.8673,survival,1.0000,1.0000,1.0000,1.0000,1.0000,1.0000,1.0000,1.0000,0.9990,0.9965,0.9925,0.9815,0.9600,0.9410,0.9235,0.8965,0.8690,0.8430,0.8095,0.7810,0.7520,0.7210,0.7010,0.6750,0.6545,0.6400,0.6290,0.6120,0.5965,0.5855,0.5800,0.5705,0.5625,0.5520,0.5460,0.5415,0.5375,0.5350,0.5305,0.5270,0.5230,0.5200,0.5155,0.5135,0.5125,0.5105,0.5085,0.5065,0.5035,0.5000,0.4980,0.4960,0.4925,0.4910,0.4900
70,3.0000,DynamicV1Rebalance,4.0000,34871.6819,1394.8673,spend25p,1395.4879,1421.0083,1444.1286,1468.2686,1489.8170,1515.5878,1540.4058,1568.1104,1586.3895,1596.6590,1604.6017,1600.5620,1575.7463,1549.4300,1514.7512,1446.0340,1341.4418,1252.4956,1096.7223,937.1734,555.2067,0.0000,0.0000,0.0000,0.0000,0.0000,0.0000,0.0000,0.0000,0.0000,0.0000,0.0000,0.0000,0.0000,0.0000,0.0000,0.0000,0.0000,0.0000,0.0000,0.0000,0.0000,0.0000,0.0000,0.0000,0.0000,0.0000,0.0000,0.0000,0.0000,0.0000,0.0000,0.0000,0.0000,0.0000
70,3.0000,DynamicV1Rebalance,4.0000,34871.6819,1394.8673,spend50p,1405.7289,1451.3631,1499.2744,1549.0863,1601.1699,1655.6403,1712.0666,1770.0237,1828.2576,1879.6846,1920.0714,1954.1469,1965.6709,1971.0413,1957.9654,1922.0260,1878.7192,1834.1110,1749.5781,1682.0297,1578.3103,1494.3767,1443.0827,1348.9837,1277.3834,1228.1743,1166.2685,1085.7341,1021.0296,954.4720,639.3278,570.7449,524.7917,457.7629,413.8728,385.6503,351.0188,331.4849,298.7441,270.3051,229.7329,210.2888,187.5006,168.9996,157.3197,106.4527,75.8731,40.2387,0.0000,0.0000,0.0000,0.0000,0.0000,0.0000,0.0000
70,3.0000,DynamicV1Rebalance,4.0000,34871.6819,1394.8673,spend75p,1415.5543,1481.3146,1556.6312,1632.1935,1714.2636,1808.7173,1906.7114,1996.9784,2096.8170,2187.0114,2285.0426,2366.1702,2411.4128,2450.0669,2485.7217,2498.6511,2476.2171,2453.1152,2389.6960,2332.5873,2264.4452,2210.3046,2167.9722,2114.1949,2043.2286,1982.9796,1948.1710,1893.8541,1836.4219,1805.2430,1377.5084,1310.4594,1262.7403,1211.1268,1165.7607,1144.1190,1131.5977,1126.1504,1122.4838,1122.7454,1119.4720,1119.6530,1113.9298,1107.5996,1109.9184,1112.8704,1108.0847,1081.0716,1052.8502,1029.1163,1024.7506,1005.3334,981.3440,964.3277,932.6443
70,3.0000,SpendAwareDPRebalance (R70-aware),4.0000,34871.6819,1394.8673,survival,1.0000,1.0000,1.0000,1.0000,1.0000,1.0000,1.0000,1.0000,0.9990,0.9965,0.9920,0.9825,0.9600,0.9420,0.9230,0.8965,0.8715,0.8485,0.8155,0.7885,0.7635,0.7390,0.7195,0.7030,0.6840,0.6720,0.6570,0.6425,0.6280,0.6175,0.6115,0.6045,0.5985,0.5905,0.5870,0.5825,0.5800,0.5745,0.5710,0.5650,0.5615,0.5555,0.5495,0.5440,0.5405,0.5375,0.5350,0.5305,0.5270,0.5230,0.5205,0.5150,0.5100,0.5030,0.4960
70,3.0000,SpendAwareDPRebalance (R70-aware),4.0000,34871.6819,1394.8673,spend25p,1395.4879,1421.0083,1444.1286,1468.2686,1489.8170,1515.5878,1540.4058,1568.1104,1586.3895,1596.6590,1603.9343,1601.7400,1575.7463,1553.1601,1511.1314,1446.0340,1347.9194,1264.8416,1132.4229,968.8423,774.6778,0.0000,0.0000,0.0000,0.0000,0.0000,0.0000,0.0000,0.0000,0.0000,0.0000,0.0000,0.0000,0.0000,0.0000,0.0000,0.0000,0.0000,0.0000,0.0000,0.0000,0.0000,0.0000,0.0000,0.0000,0.0000,0.0000,0.0000,0.0000,0.0000,0.0000,0.0000,0.0000,0.0000,0.0000
70,3.0000,SpendAwareDPRebalance (R70-aware),4.0000,34871.6819,1394.8673,spend50p,1405.7289,1451.3631,1499.2744,1549.0863,1601.1699,1655.6403,1712.0666,1770.0237,1828.2576,1879.6846,1920.0714,1954.8968,1965.1938,1972.0185,1957.1604,1920.6119,1882.5878,1842.4312,1763.9867,1697.0978,1598.4131,1533.6257,1477.6488,1418.5906,1344.4759,1299.1956,1236.6712,1168.1127,1112.9529,1048.9816,724.4369,677.4039,628.6049,576.4845,537.6307,502.6828,477.6206,448.9490,425.2418,398.3472,376.4197,349.4876,318.3149,278.9252,255.1217,238.8736,220.1138,198.8111,169.9642,138.1398,121.5404,82.6200,16.2966,0.0000,0.0000
70,3.0000,SpendAwareDPRebalance (R70-aware),4.0000,34871.6819,1394.8673,spend75p,1415.5543,1481.3146,1556.6312,1632.1935,1714.2636,1808.7173,1906.7114,1996.9784,2096.8170,2187.0114,2285.0426,2366.1702,2410.0748,2450.7658,2484.2249,2497.3106,2479.4545,2463.0356,2408.2959,2340.6024,2281.7674,2229.6007,2197.6401,2170.6022,2102.5339,2062.6087,1998.2826,1956.5332,1896.8127,1853.7620,1415.6643,1370.5831,1317.3767,1277.5913,1260.0431,1223.8410,1202.5134,1191.2086,1184.0116,1188.6024,1179.4639,1181.0793,1165.0268,1140.3263,1135.7779,1137.7483,1135.9159,1090.5647,1070.9324,1042.4559,1028.3655,990.0535,954.4938,910.0194,872.8074
70,3.0000,No dynamic rebalance,5.0000,27897.3455,1394.8673,survival,1.0000,1.0000,1.0000,1.0000,1.0000,1.0000,1.0000,0.9985,0.9935,0.9850,0.9600,0.9320,0.9000,0.8590,0.8160,0.7690,0.7255,0.6775,0.6430,0.6120,0.5845,0.5520,0.5320,0.5090,0.4835,0.4655,0.4510,0.4350,0.4260,0.4125,0.4000,0.3925,0.3850,0.3780,0.3720,0.3655,0.3565,0.3515,0.3480,0.3425,0.3395,0.3355,0.3290,0.3255,0.3210,0.3180,0.3155,0.3115,0.3075,0.3045,0.3030,0.3015,0.2980,0.2970,0.2960
70,3.0000,No dynamic rebalance,5.0000,27897.3455,1394.8673,spend25p,1395.4879,1421.0083,1444.1286,1468.2686,1489.8170,1515.5878,1540.4058,1566.8744,1583.2037,1588.4650,1566.9388,1533.8698,1484.0293,1392.9279,1263.0388,1006.7824,0.0000,0.0000,0.0000,0.0000,0.0000,0.0000,0.0000,0.0000,0.0000,0.0000,0.0000,0.0000,0.0000,0.0000,0.0000,0.0000,0.0000,0.0000,0.0000,0.0000,0.0000,0.0000,0.0000,0.0000,0.0000,0.0000,0.0000,0.0000,0.0000,0.0000,0.0000,0.0000,0.0000,0.0000,0.0000,0.0000,0.0000,0.0000,0.0000
70,3.0000,No dynamic rebalance,5.0000,27897.3455,1394.8673,spend50p,1405.7289,1451.3631,1499.2744,1549.0863,1601.1699,1655.6403,1712.0666,1769.6186,1822.4868,1867.0592,1893.8040,1901.9372,1900.0984,1867.6750,1799.7853,1719.9455,1634.7050,1526.0868,1419.1558,1298.7158,1149.3262,984.2936,871.1414,643.6996,0.0000,0.0000,0.0000,0.0000,0.0000,0.0000,0.0000,0.0000,0.0000,0.0000,0.0000,0.0000,0.0000,0.0000,0.0000,0.0000,0.0000,0.0000,0.0000,0.0000,0.0000,0.0000,0.0000,0.0000,0.0000,0.0000,0.0000,0.0000,0.0000,0.0000,0.0000
70,3.0000,No dynamic rebalance,5.0000,27897.3455,1394.8673,spend75p,1415.5543,1481.3146,1556.6312,1632.1935,1714.2636,1808.7173,1906.7114,1995.4922,2094.2834,2173.0489,2254.6899,2312.0215,2352.3290,2369.0689,2364.1216,2318.4553,2259.6532,2153.8468,2084.4238,2026.3243,1922.8482,1848.7056,1793.1618,1746.3528,1666.0627,1601.5328,1543.0696,1488.5420,1445.5404,1375.2771,972.7734,918.7844,866.3911,811.9595,774.7271,749.1056,680.1855,653.1228,628.2785,601.9832,584.5682,555.1368,528.0627,499.4334,463.9972,436.6291,419.6800,384.9047,363.6427,329.9561,300.1183,273.7255,246.0952,229.4360,210.9384
70,3.0000,固定最適比率,5.0000,27897.3455,1394.8673,survival,1.0000,1.0000,1.0000,1.0000,1.0000,1.0000,1.0000,0.9985,0.9935,0.9850,0.9600,0.9320,0.9000,0.8590,0.8160,0.7690,0.7255,0.6775,0.6430,0.6120,0.5845,0.5520,0.5320,0.5090,0.4835,0.4655,0.4510,0.4350,0.4260,0.4125,0.4000,0.3925,0.3850,0.3780,0.3720,0.3655,0.3565,0.3515,0.3480,0.3425,0.3395,0.3355,0.3290,0.3255,0.3210,0.3180,0.3155,0.3115,0.3075,0.3045,0.3030,0.3015,0.2980,0.2970,0.2960
70,3.0000,固定最適比率,5.0000,27897.3455,1394.8673,spend25p,1395.4879,1421.0083,1444.1286,1468.2686,1489.8170,1515.5878,1540.4058,1566.8744,1583.2037,1588.4650,1566.9388,1533.8698,1484.0293,1392.9279,1263.0388,1006.7824,0.0000,0.0000,0.0000,0.0000,0.0000,0.0000,0.0000,0.0000,0.0000,0.0000,0.0000,0.0000,0.0000,0.0000,0.0000,0.0000,0.0000,0.0000,0.0000,0.0000,0.0000,0.0000,0.0000,0.0000,0.0000,0.0000,0.0000,0.0000,0.0000,0.0000,0.0000,0.0000,0.0000,0.0000,0.0000,0.0000,0.0000,0.0000,0.0000
70,3.0000,固定最適比率,5.0000,27897.3455,1394.8673,spend50p,1405.7289,1451.3631,1499.2744,1549.0863,1601.1699,1655.6403,1712.0666,1769.6186,1822.4868,1867.0592,1893.8040,1901.9372,1900.0984,1867.6750,1799.7853,1719.9455,1634.7050,1526.0868,1419.1558,1298.7158,1149.3262,984.2936,871.1414,643.6996,0.0000,0.0000,0.0000,0.0000,0.0000,0.0000,0.0000,0.0000,0.0000,0.0000,0.0000,0.0000,0.0000,0.0000,0.0000,0.0000,0.0000,0.0000,0.0000,0.0000,0.0000,0.0000,0.0000,0.0000,0.0000,0.0000,0.0000,0.0000,0.0000,0.0000,0.0000
70,3.0000,固定最適比率,5.0000,27897.3455,1394.8673,spend75p,1415.5543,1481.3146,1556.6312,1632.1935,1714.2636,1808.7173,1906.7114,1995.4922,2094.2834,2173.0489,2254.6899,2312.0215,2352.3290,2369.0689,2364.1216,2318.4553,2259.6532,2153.8468,2084.4238,2026.3243,1922.8482,1848.7056,1793.1618,1746.3528,1666.0627,1601.5328,1543.0696,1488.5420,1445.5404,1375.2771,972.7734,918.7844,866.3911,811.9595,774.7271,749.1056,680.1855,653.1228,628.2785,601.9832,584.5682,555.1368,528.0627,499.4334,463.9972,436.6291,419.6800,384.9047,363.6427,329.9561,300.1183,273.7255,246.0952,229.4360,210.9384
70,3.0000,DynamicV1Rebalance,5.0000,27897.3455,1394.8673,survival,1.0000,1.0000,1.0000,1.0000,1.0000,1.0000,1.0000,0.9985,0.9935,0.9850,0.9590,0.9320,0.8990,0.8580,0.8160,0.7665,0.7265,0.6785,0.6435,0.6135,0.5850,0.5555,0.5345,0.5125,0.4875,0.4700,0.4575,0.4415,0.4315,0.4185,0.4090,0.4030,0.3970,0.3895,0.3815,0.3745,0.3660,0.3615,0.3600,0.3565,0.3515,0.3485,0.3465,0.3440,0.3420,0.3400,0.3380,0.3365,0.3345,0.3315,0.3305,0.3300,0.3290,0.3285,0.3270
70,3.0000,DynamicV1Rebalance,5.0000,27897.3455,1394.8673,spend25p,1395.4879,1421.0083,1444.1286,1468.2686,1489.8170,1515.5878,1540.4058,1566.8744,1583.2037,1588.4650,1565.0773,1533.8698,1481.3382,1389.7665,1263.0388,998.8990,0.0000,0.0000,0.0000,0.0000,0.0000,0.0000,0.0000,0.0000,0.0000,0.0000,0.0000,0.0000,0.0000,0.0000,0.0000,0.0000,0.0000,0.0000,0.0000,0.0000,0.0000,0.0000,0.0000,0.0000,0.0000,0.0000,0.0000,0.0000,0.0000,0.0000,0.0000,0.0000,0.0000,0.0000,0.0000,0.0000,0.0000,0.0000,0.0000
70,3.0000,DynamicV1Rebalance,5.0000,27897.3455,1394.8673,spend50p,1405.7289,1451.3631,1499.2744,1549.0863,1601.1699,1655.6403,1712.0666,1769.6186,1822.4868,1867.0592,1893.6435,1901.9372,1896.5294,1866.6322,1799.7853,1716.1213,1637.0140,1527.4867,1420.1229,1302.5076,1152.3675,996.1946,882.5059,680.1879,0.0000,0.0000,0.0000,0.0000,0.0000,0.0000,0.0000,0.0000,0.0000,0.0000,0.0000,0.0000,0.0000,0.0000,0.0000,0.0000,0.0000,0.0000,0.0000,0.0000,0.0000,0.0000,0.0000,0.0000,0.0000,0.0000,0.0000,0.0000,0.0000,0.0000,0.0000
70,3.0000,DynamicV1Rebalance,5.0000,27897.3455,1394.8673,spend75p,1415.5543,1481.3146,1556.6312,1632.1935,1714.2636,1808.7173,1906.7114,1995.4922,2094.2834,2173.0489,2251.8372,2312.0215,2351.3416,2367.9598,2364.1216,2315.9737,2260.7113,2154.3300,2086.6638,2030.6263,1922.8482,1863.6739,1797.7377,1750.9102,1677.7592,1618.7138,1571.9395,1506.2732,1457.0959,1392.3882,996.0418,948.2239,904.4451,851.0630,803.4446,773.8924,729.3693,685.2125,681.1302,668.9708,649.7845,621.0250,608.7572,586.6764,572.0365,550.6176,525.7023,500.3585,487.7955,449.9911,427.1167,409.3027,388.4727,356.6404,336.3924
70,3.0000,SpendAwareDPRebalance (R70-aware),5.0000,27897.3455,1394.8673,survival,1.0000,1.0000,1.0000,1.0000,1.0000,1.0000,1.0000,0.9985,0.9935,0.9850,0.9600,0.9320,0.9005,0.8600,0.8160,0.7700,0.7290,0.6835,0.6485,0.6175,0.5900,0.5640,0.5465,0.5280,0.5045,0.4900,0.4735,0.4645,0.4550,0.4420,0.4335,0.4310,0.4275,0.4230,0.4160,0.4105,0.4045,0.3975,0.3930,0.3875,0.3815,0.3765,0.3720,0.3670,0.3615,0.3580,0.3550,0.3515,0.3475,0.3445,0.3415,0.3360,0.3330,0.3285,0.3250
70,3.0000,SpendAwareDPRebalance (R70-aware),5.0000,27897.3455,1394.8673,spend25p,1395.4879,1421.0083,1444.1286,1468.2686,1489.8170,1515.5878,1540.4058,1566.8744,1583.2037,1588.4650,1566.9388,1533.8698,1484.7090,1395.7579,1263.0388,1018.7015,0.0000,0.0000,0.0000,0.0000,0.0000,0.0000,0.0000,0.0000,0.0000,0.0000,0.0000,0.0000,0.0000,0.0000,0.0000,0.0000,0.0000,0.0000,0.0000,0.0000,0.0000,0.0000,0.0000,0.0000,0.0000,0.0000,0.0000,0.0000,0.0000,0.0000,0.0000,0.0000,0.0000,0.0000,0.0000,0.0000,0.0000,0.0000,0.0000
70,3.0000,SpendAwareDPRebalance (R70-aware),5.0000,27897.3455,1394.8673,spend50p,1405.7289,1451.3631,1499.2744,1549.0863,1601.1699,1655.6403,1712.0666,1769.6186,1822.4868,1867.0592,1893.8040,1901.9372,1900.3585,1868.4574,1799.7853,1721.4161,1640.8013,1543.4759,1437.1080,1313.0952,1187.7863,1024.3045,939.8849,817.2013,543.5061,0.0000,0.0000,0.0000,0.0000,0.0000,0.0000,0.0000,0.0000,0.0000,0.0000,0.0000,0.0000,0.0000,0.0000,0.0000,0.0000,0.0000,0.0000,0.0000,0.0000,0.0000,0.0000,0.0000,0.0000,0.0000,0.0000,0.0000,0.0000,0.0000,0.0000
70,3.0000,SpendAwareDPRebalance (R70-aware),5.0000,27897.3455,1394.8673,spend75p,1415.5543,1481.3146,1556.6312,1632.1935,1714.2636,1808.7173,1906.7114,1995.4922,2094.2834,2173.0489,2254.6899,2312.0215,2353.2527,2372.7073,2364.1216,2319.6594,2269.7171,2166.2917,2096.5202,2036.3873,1931.9918,1891.5375,1845.1249,1786.7695,1728.4085,1674.2784,1614.3164,1581.1606,1517.8356,1459.3451,1057.4930,1020.2890,986.9177,942.4835,908.5028,881.2390,844.8855,831.0168,798.8263,761.0095,712.8236,693.5120,662.9858,652.6992,616.3749,590.2479,573.8469,541.6987,510.6748,480.5253,444.6205,406.0316,372.8937,340.7444,300.0976
70,3.0000,No dynamic rebalance,6.0000,23247.7879,1394.8673,survival,1.0000,1.0000,1.0000,1.0000,1.0000,1.0000,0.9985,0.9925,0.9775,0.9435,0.9040,0.8585,0.7925,0.7410,0.6750,0.6205,0.5750,0.5320,0.4910,0.4540,0.4225,0.3975,0.3780,0.3610,0.3450,0.3300,0.3150,0.2995,0.2895,0.2790,0.2735,0.2665,0.2580,0.2540,0.2500,0.2445,0.2390,0.2355,0.2335,0.2305,0.2290,0.2255,0.2230,0.2205,0.2180,0.2155,0.2130,0.2100,0.2085,0.2065,0.2050,0.2025,0.2010,0.1970,0.1950
70,3.0000,No dynamic rebalance,6.0000,23247.7879,1394.8673,spend25p,1395.4879,1421.0083,1444.1286,1468.2686,1489.8170,1515.5878,1538.1631,1558.8022,1564.5078,1541.3321,1488.1175,1410.8145,1234.4731,0.0000,0.0000,0.0000,0.0000,0.0000,0.0000,0.0000,0.0000,0.0000,0.0000,0.0000,0.0000,0.0000,0.0000,0.0000,0.0000,0.0000,0.0000,0.0000,0.0000,0.0000,0.0000,0.0000,0.0000,0.0000,0.0000,0.0000,0.0000,0.0000,0.0000,0.0000,0.0000,0.0000,0.0000,0.0000,0.0000,0.0000,0.0000,0.0000,0.0000,0.0000,0.0000
70,3.0000,No dynamic rebalance,6.0000,23247.7879,1394.8673,spend50p,1405.7289,1451.3631,1499.2744,1549.0863,1601.1699,1655.6403,1710.6556,1765.2246,1812.3772,1839.9368,1846.0681,1825.3658,1750.2943,1679.4351,1558.7716,1422.8121,1261.5185,1044.9182,0.0000,0.0000,0.0000,0.0000,0.0000,0.0000,0.0000,0.0000,0.0000,0.0000,0.0000,0.0000,0.0000,0.0000,0.0000,0.0000,0.0000,0.0000,0.0000,0.0000,0.0000,0.0000,0.0000,0.0000,0.0000,0.0000,0.0000,0.0000,0.0000,0.0000,0.0000,0.0000,0.0000,0.0000,0.0000,0.0000,0.0000
70,3.0000,No dynamic rebalance,6.0000,23247.7879,1394.8673,spend75p,1415.5543,1481.3146,1556.6312,1632.1935,1714.2636,1808.7173,1906.2107,1992.3958,2078.0869,2145.9654,2209.3979,2263.2030,2250.3603,2226.2757,2172.1377,2086.1540,1998.7056,1924.9228,1818.5865,1700.1088,1586.1619,1485.1727,1420.6724,1328.4848,1253.8551,1154.5171,1095.2532,960.2410,850.5745,747.6584,450.6006,376.9449,261.8403,181.0353,13.4127,0.0000,0.0000,0.0000,0.0000,0.0000,0.0000,0.0000,0.0000,0.0000,0.0000,0.0000,0.0000,0.0000,0.0000,0.0000,0.0000,0.0000,0.0000,0.0000,0.0000
70,3.0000,固定最適比率,6.0000,23247.7879,1394.8673,survival,1.0000,1.0000,1.0000,1.0000,1.0000,1.0000,0.9985,0.9925,0.9775,0.9435,0.9040,0.8585,0.7925,0.7410,0.6750,0.6205,0.5750,0.5320,0.4910,0.4540,0.4225,0.3975,0.3780,0.3610,0.3450,0.3300,0.3150,0.2995,0.2895,0.2790,0.2735,0.2665,0.2580,0.2540,0.2500,0.2445,0.2390,0.2355,0.2335,0.2305,0.2290,0.2255,0.2230,0.2205,0.2180,0.2155,0.2130,0.2100,0.2085,0.2065,0.2050,0.2025,0.2010,0.1970,0.1950
70,3.0000,固定最適比率,6.0000,23247.7879,1394.8673,spend25p,1395.4879,1421.0083,1444.1286,1468.2686,1489.8170,1515.5878,1538.1631,1558.8022,1564.5078,1541.3321,1488.1175,1410.8145,1234.4731,0.0000,0.0000,0.0000,0.0000,0.0000,0.0000,0.0000,0.0000,0.0000,0.0000,0.0000,0.0000,0.0000,0.0000,0.0000,0.0000,0.0000,0.0000,0.0000,0.0000,0.0000,0.0000,0.0000,0.0000,0.0000,0.0000,0.0000,0.0000,0.0000,0.0000,0.0000,0.0000,0.0000,0.0000,0.0000,0.0000,0.0000,0.0000,0.0000,0.0000,0.0000,0.0000
70,3.0000,固定最適比率,6.0000,23247.7879,1394.8673,spend50p,1405.7289,1451.3631,1499.2744,1549.0863,1601.1699,1655.6403,1710.6556,1765.2246,1812.3772,1839.9368,1846.0681,1825.3658,1750.2943,1679.4351,1558.7716,1422.8121,1261.5185,1044.9182,0.0000,0.0000,0.0000,0.0000,0.0000,0.0000,0.0000,0.0000,0.0000,0.0000,0.0000,0.0000,0.0000,0.0000,0.0000,0.0000,0.0000,0.0000,0.0000,0.0000,0.0000,0.0000,0.0000,0.0000,0.0000,0.0000,0.0000,0.0000,0.0000,0.0000,0.0000,0.0000,0.0000,0.0000,0.0000,0.0000,0.0000
70,3.0000,固定最適比率,6.0000,23247.7879,1394.8673,spend75p,1415.5543,1481.3146,1556.6312,1632.1935,1714.2636,1808.7173,1906.2107,1992.3958,2078.0869,2145.9654,2209.3979,2263.2030,2250.3603,2226.2757,2172.1377,2086.1540,1998.7056,1924.9228,1818.5865,1700.1088,1586.1619,1485.1727,1420.6724,1328.4848,1253.8551,1154.5171,1095.2532,960.2410,850.5745,747.6584,450.6006,376.9449,261.8403,181.0353,13.4127,0.0000,0.0000,0.0000,0.0000,0.0000,0.0000,0.0000,0.0000,0.0000,0.0000,0.0000,0.0000,0.0000,0.0000,0.0000,0.0000,0.0000,0.0000,0.0000,0.0000
70,3.0000,DynamicV1Rebalance,6.0000,23247.7879,1394.8673,survival,1.0000,1.0000,1.0000,1.0000,1.0000,1.0000,0.9985,0.9920,0.9770,0.9445,0.9040,0.8580,0.7915,0.7375,0.6745,0.6195,0.5745,0.5310,0.4900,0.4540,0.4230,0.3985,0.3790,0.3635,0.3485,0.3335,0.3175,0.3025,0.2925,0.2820,0.2770,0.2700,0.2630,0.2590,0.2545,0.2510,0.2465,0.2410,0.2370,0.2345,0.2340,0.2320,0.2295,0.2275,0.2250,0.2235,0.2220,0.2205,0.2180,0.2175,0.2165,0.2155,0.2140,0.2140,0.2140
70,3.0000,DynamicV1Rebalance,6.0000,23247.7879,1394.8673,spend25p,1395.4879,1421.0083,1444.1286,1468.2686,1489.8170,1515.5878,1538.1631,1558.2762,1562.9426,1542.3467,1487.6852,1409.3903,1229.5413,0.0000,0.0000,0.0000,0.0000,0.0000,0.0000,0.0000,0.0000,0.0000,0.0000,0.0000,0.0000,0.0000,0.0000,0.0000,0.0000,0.0000,0.0000,0.0000,0.0000,0.0000,0.0000,0.0000,0.0000,0.0000,0.0000,0.0000,0.0000,0.0000,0.0000,0.0000,0.0000,0.0000,0.0000,0.0000,0.0000,0.0000,0.0000,0.0000,0.0000,0.0000,0.0000
70,3.0000,DynamicV1Rebalance,6.0000,23247.7879,1394.8673,spend50p,1405.7289,1451.3631,1499.2744,1549.0863,1601.1699,1655.6403,1710.6556,1765.0686,1811.8122,1840.8164,1844.6864,1825.3658,1749.2353,1672.4940,1557.2768,1420.4709,1259.2310,1036.6230,0.0000,0.0000,0.0000,0.0000,0.0000,0.0000,0.0000,0.0000,0.0000,0.0000,0.0000,0.0000,0.0000,0.0000,0.0000,0.0000,0.0000,0.0000,0.0000,0.0000,0.0000,0.0000,0.0000,0.0000,0.0000,0.0000,0.0000,0.0000,0.0000,0.0000,0.0000,0.0000,0.0000,0.0000,0.0000,0.0000,0.0000
70,3.0000,DynamicV1Rebalance,6.0000,23247.7879,1394.8673,spend75p,1415.5543,1481.3146,1556.6312,1632.1935,1714.2636,1808.7173,1906.2107,1992.0526,2077.9000,2146.4693,2208.7497,2263.2030,2242.0577,2226.2757,2171.8499,2083.4769,1996.5120,1922.4218,1813.3919,1700.1088,1584.6437,1486.2065,1421.1523,1339.3073,1266.3907,1186.9589,1106.9709,998.1570,869.7231,770.6651,473.9439,404.3616,320.0695,258.6577,169.0800,91.3782,0.0000,0.0000,0.0000,0.0000,0.0000,0.0000,0.0000,0.0000,0.0000,0.0000,0.0000,0.0000,0.0000,0.0000,0.0000,0.0000,0.0000,0.0000,0.0000
70,3.0000,SpendAwareDPRebalance (R70-aware),6.0000,23247.7879,1394.8673,survival,1.0000,1.0000,1.0000,1.0000,1.0000,1.0000,0.9985,0.9925,0.9775,0.9435,0.9040,0.8585,0.7925,0.7410,0.6755,0.6205,0.5755,0.5320,0.4925,0.4560,0.4260,0.4030,0.3840,0.3680,0.3570,0.3390,0.3280,0.3135,0.3025,0.2965,0.2915,0.2840,0.2790,0.2755,0.2715,0.2665,0.2630,0.2590,0.2550,0.2525,0.2490,0.2460,0.2425,0.2400,0.2360,0.2330,0.2305,0.2270,0.2250,0.2225,0.2185,0.2175,0.2155,0.2135,0.2105
70,3.0000,SpendAwareDPRebalance (R70-aware),6.0000,23247.7879,1394.8673,spend25p,1395.4879,1421.0083,1444.1286,1468.2686,1489.8170,1515.5878,1538.1631,1558.8022,1564.5078,1541.3321,1488.1175,1410.8145,1234.4731,0.0000,0.0000,0.0000,0.0000,0.0000,0.0000,0.0000,0.0000,0.0000,0.0000,0.0000,0.0000,0.0000,0.0000,0.0000,0.0000,0.0000,0.0000,0.0000,0.0000,0.0000,0.0000,0.0000,0.0000,0.0000,0.0000,0.0000,0.0000,0.0000,0.0000,0.0000,0.0000,0.0000,0.0000,0.0000,0.0000,0.0000,0.0000,0.0000,0.0000,0.0000,0.0000
70,3.0000,SpendAwareDPRebalance (R70-aware),6.0000,23247.7879,1394.8673,spend50p,1405.7289,1451.3631,1499.2744,1549.0863,1601.1699,1655.6403,1710.6556,1765.2246,1812.3772,1839.9368,1846.0681,1825.3658,1750.2943,1679.4351,1560.3668,1422.8121,1264.3126,1044.9182,0.0000,0.0000,0.0000,0.0000,0.0000,0.0000,0.0000,0.0000,0.0000,0.0000,0.0000,0.0000,0.0000,0.0000,0.0000,0.0000,0.0000,0.0000,0.0000,0.0000,0.0000,0.0000,0.0000,0.0000,0.0000,0.0000,0.0000,0.0000,0.0000,0.0000,0.0000,0.0000,0.0000,0.0000,0.0000,0.0000,0.0000
70,3.0000,SpendAwareDPRebalance (R70-aware),6.0000,23247.7879,1394.8673,spend75p,1415.5543,1481.3146,1556.6312,1632.1935,1714.2636,1808.7173,1906.2107,1992.3958,2078.0869,2145.9654,2209.3979,2263.2030,2250.3603,2226.2757,2172.8083,2086.1540,2002.6722,1924.9228,1829.2060,1705.9737,1593.9373,1496.1222,1439.2088,1353.3593,1301.5487,1208.4222,1149.6264,1068.5761,960.2992,868.9455,564.2555,491.6193,432.7165,379.5994,326.1994,280.9342,240.9737,185.1390,135.6342,68.5956,0.0000,0.0000,0.0000,0.0000,0.0000,0.0000,0.0000,0.0000,0.0000,0.0000,0.0000,0.0000,0.0000,0.0000,0.0000
70,3.0000,No dynamic rebalance,7.0000,19926.6754,1394.8673,survival,1.0000,1.0000,1.0000,1.0000,1.0000,0.9995,0.9930,0.9765,0.9380,0.8850,0.8240,0.7485,0.6670,0.5920,0.5255,0.4815,0.4305,0.3905,0.3590,0.3240,0.3045,0.2790,0.2660,0.2470,0.2300,0.2225,0.2100,0.1990,0.1905,0.1855,0.1805,0.1785,0.1705,0.1670,0.1615,0.1585,0.1555,0.1540,0.1515,0.1485,0.1440,0.1420,0.1405,0.1405,0.1385,0.1350,0.1335,0.1330,0.1310,0.1290,0.1275,0.1270,0.1250,0.1240,0.1220
70,3.0000,No dynamic rebalance,7.0000,19926.6754,1394.8673,spend25p,1395.4879,1421.0083,1444.1286,1468.2686,1489.8170,1515.2163,1535.3005,1543.4433,1525.8221,1462.2953,1352.8209,0.0000,0.0000,0.0000,0.0000,0.0000,0.0000,0.0000,0.0000,0.0000,0.0000,0.0000,0.0000,0.0000,0.0000,0.0000,0.0000,0.0000,0.0000,0.0000,0.0000,0.0000,0.0000,0.0000,0.0000,0.0000,0.0000,0.0000,0.0000,0.0000,0.0000,0.0000,0.0000,0.0000,0.0000,0.0000,0.0000,0.0000,0.0000,0.0000,0.0000,0.0000,0.0000,0.0000,0.0000
70,3.0000,No dynamic rebalance,7.0000,19926.6754,1394.8673,spend50p,1405.7289,1451.3631,1499.2744,1549.0863,1601.1699,1655.6065,1707.9613,1758.1447,1778.1802,1783.7714,1753.5044,1670.9786,1556.2148,1394.1170,1094.7229,0.0000,0.0000,0.0000,0.0000,0.0000,0.0000,0.0000,0.0000,0.0000,0.0000,0.0000,0.0000,0.0000,0.0000,0.0000,0.0000,0.0000,0.0000,0.0000,0.0000,0.0000,0.0000,0.0000,0.0000,0.0000,0.0000,0.0000,0.0000,0.0000,0.0000,0.0000,0.0000,0.0000,0.0000,0.0000,0.0000,0.0000,0.0000,0.0000,0.0000
70,3.0000,No dynamic rebalance,7.0000,19926.6754,1394.8673,spend75p,1415.5543,1481.3146,1556.6312,1632.1935,1714.2636,1808.0627,1904.4692,1979.8897,2039.9946,2108.0809,2148.1292,2143.0388,2083.2293,2014.2815,1903.1199,1834.6005,1691.4633,1580.5516,1475.3072,1290.3253,1127.6156,946.8057,795.2649,0.0000,0.0000,0.0000,0.0000,0.0000,0.0000,0.0000,0.0000,0.0000,0.0000,0.0000,0.0000,0.0000,0.0000,0.0000,0.0000,0.0000,0.0000,0.0000,0.0000,0.0000,0.0000,0.0000,0.0000,0.0000,0.0000,0.0000,0.0000,0.0000,0.0000,0.0000,0.0000
70,3.0000,固定最適比率,7.0000,19926.6754,1394.8673,survival,1.0000,1.0000,1.0000,1.0000,1.0000,0.9995,0.9930,0.9765,0.9380,0.8850,0.8240,0.7485,0.6670,0.5920,0.5255,0.4815,0.4305,0.3905,0.3590,0.3240,0.3045,0.2790,0.2660,0.2470,0.2300,0.2225,0.2100,0.1990,0.1905,0.1855,0.1805,0.1785,0.1705,0.1670,0.1615,0.1585,0.1555,0.1540,0.1515,0.1485,0.1440,0.1420,0.1405,0.1405,0.1385,0.1350,0.1335,0.1330,0.1310,0.1290,0.1275,0.1270,0.1250,0.1240,0.1220
70,3.0000,固定最適比率,7.0000,19926.6754,1394.8673,spend25p,1395.4879,1421.0083,1444.1286,1468.2686,1489.8170,1515.2163,1535.3005,1543.4433,1525.8221,1462.2953,1352.8209,0.0000,0.0000,0.0000,0.0000,0.0000,0.0000,0.0000,0.0000,0.0000,0.0000,0.0000,0.0000,0.0000,0.0000,0.0000,0.0000,0.0000,0.0000,0.0000,0.0000,0.0000,0.0000,0.0000,0.0000,0.0000,0.0000,0.0000,0.0000,0.0000,0.0000,0.0000,0.0000,0.0000,0.0000,0.0000,0.0000,0.0000,0.0000,0.0000,0.0000,0.0000,0.0000,0.0000,0.0000
70,3.0000,固定最適比率,7.0000,19926.6754,1394.8673,spend50p,1405.7289,1451.3631,1499.2744,1549.0863,1601.1699,1655.6065,1707.9613,1758.1447,1778.1802,1783.7714,1753.5044,1670.9786,1556.2148,1394.1170,1094.7229,0.0000,0.0000,0.0000,0.0000,0.0000,0.0000,0.0000,0.0000,0.0000,0.0000,0.0000,0.0000,0.0000,0.0000,0.0000,0.0000,0.0000,0.0000,0.0000,0.0000,0.0000,0.0000,0.0000,0.0000,0.0000,0.0000,0.0000,0.0000,0.0000,0.0000,0.0000,0.0000,0.0000,0.0000,0.0000,0.0000,0.0000,0.0000,0.0000,0.0000
70,3.0000,固定最適比率,7.0000,19926.6754,1394.8673,spend75p,1415.5543,1481.3146,1556.6312,1632.1935,1714.2636,1808.0627,1904.4692,1979.8897,2039.9946,2108.0809,2148.1292,2143.0388,2083.2293,2014.2815,1903.1199,1834.6005,1691.4633,1580.5516,1475.3072,1290.3253,1127.6156,946.8057,795.2649,0.0000,0.0000,0.0000,0.0000,0.0000,0.0000,0.0000,0.0000,0.0000,0.0000,0.0000,0.0000,0.0000,0.0000,0.0000,0.0000,0.0000,0.0000,0.0000,0.0000,0.0000,0.0000,0.0000,0.0000,0.0000,0.0000,0.0000,0.0000,0.0000,0.0000,0.0000,0.0000
70,3.0000,DynamicV1Rebalance,7.0000,19926.6754,1394.8673,survival,1.0000,1.0000,1.0000,1.0000,1.0000,0.9995,0.9930,0.9765,0.9380,0.8840,0.8230,0.7445,0.6665,0.5930,0.5240,0.4800,0.4295,0.3905,0.3580,0.3245,0.3055,0.2805,0.2665,0.2480,0.2320,0.2240,0.2110,0.2010,0.1910,0.1870,0.1800,0.1780,0.1725,0.1690,0.1665,0.1620,0.1590,0.1570,0.1545,0.1500,0.1470,0.1465,0.1445,0.1445,0.1435,0.1410,0.1390,0.1375,0.1365,0.1355,0.1350,0.1345,0.1335,0.1320,0.1320
70,3.0000,DynamicV1Rebalance,7.0000,19926.6754,1394.8673,spend25p,1395.4879,1421.0083,1444.1286,1468.2686,1489.8170,1515.2163,1535.3005,1543.4433,1526.1660,1460.7876,1351.7428,0.0000,0.0000,0.0000,0.0000,0.0000,0.0000,0.0000,0.0000,0.0000,0.0000,0.0000,0.0000,0.0000,0.0000,0.0000,0.0000,0.0000,0.0000,0.0000,0.0000,0.0000,0.0000,0.0000,0.0000,0.0000,0.0000,0.0000,0.0000,0.0000,0.0000,0.0000,0.0000,0.0000,0.0000,0.0000,0.0000,0.0000,0.0000,0.0000,0.0000,0.0000,0.0000,0.0000,0.0000
70,3.0000,DynamicV1Rebalance,7.0000,19926.6754,1394.8673,spend50p,1405.7289,1451.3631,1499.2744,1549.0863,1601.1699,1655.6065,1707.9613,1758.1447,1778.8871,1783.7714,1751.8431,1667.4387,1555.4533,1396.4284,1089.5108,0.0000,0.0000,0.0000,0.0000,0.0000,0.0000,0.0000,0.0000,0.0000,0.0000,0.0000,0.0000,0.0000,0.0000,0.0000,0.0000,0.0000,0.0000,0.0000,0.0000,0.0000,0.0000,0.0000,0.0000,0.0000,0.0000,0.0000,0.0000,0.0000,0.0000,0.0000,0.0000,0.0000,0.0000,0.0000,0.0000,0.0000,0.0000,0.0000,0.0000
70,3.0000,DynamicV1Rebalance,7.0000,19926.6754,1394.8673,spend75p,1415.5543,1481.3146,1556.6312,1632.1935,1714.2636,1808.0627,1904.4692,1979.6004,2041.5356,2108.3952,2146.5431,2138.4785,2080.3189,2017.9279,1903.1199,1831.2235,1690.1465,1580.5516,1469.4303,1293.5396,1136.6581,964.6431,799.1922,0.0000,0.0000,0.0000,0.0000,0.0000,0.0000,0.0000,0.0000,0.0000,0.0000,0.0000,0.0000,0.0000,0.0000,0.0000,0.0000,0.0000,0.0000,0.0000,0.0000,0.0000,0.0000,0.0000,0.0000,0.0000,0.0000,0.0000,0.0000,0.0000,0.0000,0.0000,0.0000
70,3.0000,SpendAwareDPRebalance (R70-aware),7.0000,19926.6754,1394.8673,survival,1.0000,1.0000,1.0000,1.0000,1.0000,0.9995,0.9930,0.9765,0.9380,0.8850,0.8240,0.7485,0.6670,0.5920,0.5260,0.4815,0.4305,0.3905,0.3590,0.3245,0.3055,0.2810,0.2685,0.2510,0.2360,0.2290,0.2185,0.2090,0.1990,0.1960,0.1930,0.1885,0.1830,0.1800,0.1760,0.1740,0.1730,0.1695,0.1675,0.1650,0.1610,0.1595,0.1580,0.1545,0.1520,0.1505,0.1490,0.1470,0.1455,0.1445,0.1445,0.1430,0.1415,0.1410,0.1390
70,3.0000,SpendAwareDPRebalance (R70-aware),7.0000,19926.6754,1394.8673,spend25p,1395.4879,1421.0083,1444.1286,1468.2686,1489.8170,1515.2163,1535.3005,1543.4433,1525.8221,1462.2953,1352.8209,0.0000,0.0000,0.0000,0.0000,0.0000,0.0000,0.0000,0.0000,0.0000,0.0000,0.0000,0.0000,0.0000,0.0000,0.0000,0.0000,0.0000,0.0000,0.0000,0.0000,0.0000,0.0000,0.0000,0.0000,0.0000,0.0000,0.0000,0.0000,0.0000,0.0000,0.0000,0.0000,0.0000,0.0000,0.0000,0.0000,0.0000,0.0000,0.0000,0.0000,0.0000,0.0000,0.0000,0.0000
70,3.0000,SpendAwareDPRebalance (R70-aware),7.0000,19926.6754,1394.8673,spend50p,1405.7289,1451.3631,1499.2744,1549.0863,1601.1699,1655.6065,1707.9613,1758.1447,1778.1802,1783.7714,1753.5044,1670.9786,1556.2148,1394.1170,1102.5288,0.0000,0.0000,0.0000,0.0000,0.0000,0.0000,0.0000,0.0000,0.0000,0.0000,0.0000,0.0000,0.0000,0.0000,0.0000,0.0000,0.0000,0.0000,0.0000,0.0000,0.0000,0.0000,0.0000,0.0000,0.0000,0.0000,0.0000,0.0000,0.0000,0.0000,0.0000,0.0000,0.0000,0.0000,0.0000,0.0000,0.0000,0.0000,0.0000,0.0000
70,3.0000,SpendAwareDPRebalance (R70-aware),7.0000,19926.6754,1394.8673,spend75p,1415.5543,1481.3146,1556.6312,1632.1935,1714.2636,1808.0627,1904.4692,1979.8897,2039.9946,2108.0809,2148.1292,2143.0388,2083.2293,2014.2815,1906.3448,1834.6005,1691.4633,1580.5516,1475.3072,1293.5396,1136.6581,965.6898,851.9835,464.6751,0.0000,0.0000,0.0000,0.0000,0.0000,0.0000,0.0000,0.0000,0.0000,0.0000,0.0000,0.0000,0.0000,0.0000,0.0000,0.0000,0.0000,0.0000,0.0000,0.0000,0.0000,0.0000,0.0000,0.0000,0.0000,0.0000,0.0000,0.0000,0.0000,0.0000,0.0000
