pension_start_age,spend_multiplier,strategy,spending_rule,initial_money,initial_annual_cost,value_type,1,2,3,4,5,6,7,8,9,10,11,12,13,14,15,16,17,18,19,20,21,22,23,24,25,26,27,28,29,30,31,32,33,34,35,36,37,38,39,40,41,42,43,44,45
70,0.7500,SpendAwareDPRebalance (R70-aware),2.3800,18315.3578,435.9055,survival,1.0000,1.0000,1.0000,1.0000,1.0000,1.0000,1.0000,1.0000,1.0000,1.0000,1.0000,1.0000,1.0000,1.0000,1.0000,1.0000,1.0000,1.0000,1.0000,1.0000,1.0000,1.0000,1.0000,1.0000,1.0000,1.0000,1.0000,1.0000,1.0000,1.0000,1.0000,1.0000,1.0000,1.0000,1.0000,1.0000,1.0000,1.0000,1.0000,1.0000,1.0000,1.0000,1.0000,1.0000,1.0000
70,0.7500,SpendAwareDPRebalance (R70-aware),2.3800,18315.3578,435.9055,spend25p,435.9308,438.4389,438.0103,435.7995,431.6739,425.3373,417.0539,409.4567,397.9179,388.2884,358.6760,354.3386,348.4523,341.3484,334.5008,328.9055,321.1082,316.1787,308.6319,300.9051,-1.3727,-14.6578,-27.9620,-37.7470,-47.1104,-55.4207,-63.0815,-70.2090,-75.7905,-81.6104,-87.0725,-92.9411,-99.1581,-105.9421,-112.4380,-120.0775,-128.5898,-136.4231,-146.5349,-156.9931,-168.7543,-182.2628,-196.4751,-213.6590,-232.6474
70,0.7500,SpendAwareDPRebalance (R70-aware),2.3800,18315.3578,435.9055,spend50p,436.0790,444.5250,451.6956,456.1691,460.1214,461.8889,461.1147,460.7959,459.9306,455.3728,429.3079,427.4333,427.7780,427.0962,425.8005,422.5883,417.9385,413.0280,407.6738,401.5018,31.0141,16.2676,1.3675,-10.1123,-21.0305,-30.2801,-38.4653,-46.9091,-52.5026,-58.1014,-63.6930,-69.4147,-75.6798,-82.2932,-89.7032,-97.6172,-105.9088,-115.6432,-125.4464,-136.1126,-147.8652,-160.1549,-172.8702,-186.8855,-201.9160
70,0.7500,SpendAwareDPRebalance (R70-aware),2.3800,18315.3578,435.9055,spend75p,436.2312,450.6342,465.1992,479.2574,491.8031,500.6519,510.0060,517.6497,523.2387,528.9321,505.3060,510.3828,514.6572,519.0900,526.2791,529.3905,531.0949,537.2092,541.6577,541.1739,75.8251,58.0325,39.2338,24.6670,12.8698,1.9498,-6.6975,-12.9428,-20.3450,-25.5949,-31.1392,-35.0184,-41.0555,-47.5579,-54.5719,-62.8846,-72.1575,-82.8648,-94.5523,-108.0289,-121.7736,-135.6259,-148.8604,-163.0835,-177.7116
70,0.7500,SpendAwareDPRebalance (R70-aware),2.5000,17436.2206,435.9055,survival,1.0000,1.0000,1.0000,1.0000,1.0000,1.0000,1.0000,1.0000,1.0000,1.0000,1.0000,1.0000,1.0000,1.0000,1.0000,1.0000,1.0000,1.0000,1.0000,1.0000,1.0000,1.0000,1.0000,1.0000,1.0000,1.0000,1.0000,1.0000,1.0000,1.0000,1.0000,1.0000,1.0000,1.0000,1.0000,1.0000,1.0000,1.0000,1.0000,1.0000,1.0000,1.0000,1.0000,1.0000,1.0000
70,0.7500,SpendAwareDPRebalance (R70-aware),2.5000,17436.2206,435.9055,spend25p,435.9308,438.4389,438.0103,435.7995,431.6739,425.3373,417.0539,409.4567,397.9179,388.2884,358.6760,354.3386,348.4523,341.3484,334.5008,328.9055,321.1082,316.1787,308.6319,300.9051,-1.3727,-14.6578,-27.9620,-37.7470,-47.1104,-55.4207,-63.0815,-70.2090,-75.7905,-81.6104,-87.0725,-92.9411,-99.1581,-105.9421,-112.4380,-120.0775,-128.5898,-136.4231,-146.5349,-156.9931,-168.7543,-182.2628,-196.4751,-213.7724,-232.6681
70,0.7500,SpendAwareDPRebalance (R70-aware),2.5000,17436.2206,435.9055,spend50p,436.0790,444.5250,451.6956,456.1691,460.1214,461.8889,461.1147,460.7959,459.9306,455.3728,429.3079,427.4333,427.7780,427.0962,425.8005,422.5883,417.9385,413.0280,407.6738,401.5018,31.0141,16.2676,1.3675,-10.1123,-21.0305,-30.2801,-38.4653,-46.9091,-52.5026,-58.1014,-63.6930,-69.4147,-75.6798,-82.3100,-89.8118,-97.6172,-105.9866,-115.6432,-125.4464,-136.1126,-147.8652,-160.1549,-172.9474,-187.0175,-201.9891
70,0.7500,SpendAwareDPRebalance (R70-aware),2.5000,17436.2206,435.9055,spend75p,436.2312,450.6342,465.1992,479.2574,491.8031,500.6519,510.0060,517.6497,523.2387,528.9321,505.3060,510.3828,514.6572,519.0900,526.2791,529.3905,531.0949,537.2092,541.6577,541.1739,75.8251,58.0325,39.2338,24.6670,12.8698,1.9498,-6.6975,-12.9428,-20.3450,-25.5949,-31.1392,-35.0184,-41.0555,-47.5579,-54.5719,-62.9967,-72.1575,-82.8648,-94.5523,-108.0289,-121.7736,-135.6523,-148.8961,-163.1721,-177.9224
70,0.7500,SpendAwareDPRebalance (R70-aware),2.8000,15568.0541,435.9055,survival,1.0000,1.0000,1.0000,1.0000,1.0000,1.0000,1.0000,1.0000,1.0000,1.0000,1.0000,1.0000,1.0000,1.0000,1.0000,1.0000,1.0000,1.0000,1.0000,1.0000,1.0000,1.0000,1.0000,1.0000,1.0000,1.0000,1.0000,1.0000,1.0000,1.0000,1.0000,1.0000,1.0000,1.0000,1.0000,1.0000,1.0000,1.0000,1.0000,1.0000,1.0000,1.0000,1.0000,1.0000,1.0000
70,0.7500,SpendAwareDPRebalance (R70-aware),2.8000,15568.0541,435.9055,spend25p,435.9308,438.4389,438.0103,435.7995,431.6739,425.3373,417.0539,409.4567,397.9179,388.2884,358.6760,354.3386,348.4523,341.3484,334.5008,328.9055,321.1082,316.1787,308.6319,300.9051,-1.3727,-14.6578,-27.9620,-37.7470,-47.1104,-55.4207,-63.1602,-70.2148,-75.8600,-81.6403,-87.0758,-93.0386,-99.2370,-105.9728,-112.5288,-120.1082,-128.5960,-136.4231,-146.5582,-156.9931,-168.9445,-182.4453,-196.5519,-213.9261,-232.7184
70,0.7500,SpendAwareDPRebalance (R70-aware),2.8000,15568.0541,435.9055,spend50p,436.0790,444.5250,451.6956,456.1691,460.1214,461.8889,461.1147,460.7959,459.9306,455.1189,429.3079,427.4333,427.7780,427.0962,425.8005,422.5883,417.9385,413.0280,407.6738,401.5018,31.0141,16.2439,1.3675,-10.1123,-21.0305,-30.3239,-38.5306,-47.0076,-52.5886,-58.1423,-63.7571,-69.4956,-75.8418,-82.3249,-89.8118,-97.7838,-106.1063,-115.7092,-125.4692,-136.2139,-148.0076,-160.3433,-173.0372,-187.2757,-202.2723
70,0.7500,SpendAwareDPRebalance (R70-aware),2.8000,15568.0541,435.9055,spend75p,436.2312,450.6342,465.1992,479.2574,491.8031,500.6519,510.0060,517.6497,523.2387,528.9321,505.3060,510.3828,514.6572,519.0900,526.2791,529.3905,531.0949,537.2092,541.6577,541.1739,75.8251,58.0325,39.1293,24.6330,12.7768,1.8582,-6.8414,-13.2798,-20.5913,-26.0276,-31.4355,-35.3700,-41.4408,-47.9413,-55.0032,-63.0527,-72.5727,-83.6930,-94.7455,-108.3894,-121.9322,-135.8350,-149.0908,-163.2871,-178.0078
70,0.7500,SpendAwareDPRebalance (R70-aware),3.0000,14530.1838,435.9055,survival,1.0000,1.0000,1.0000,1.0000,1.0000,1.0000,1.0000,1.0000,1.0000,1.0000,1.0000,1.0000,1.0000,1.0000,1.0000,1.0000,1.0000,1.0000,0.9995,0.9995,0.9995,0.9995,0.9995,0.9995,0.9995,0.9995,0.9995,0.9995,0.9995,0.9995,0.9995,0.9995,0.9995,0.9995,0.9995,0.9995,0.9995,0.9995,0.9995,0.9995,0.9995,0.9995,0.9995,0.9995,0.9995
70,0.7500,SpendAwareDPRebalance (R70-aware),3.0000,14530.1838,435.9055,spend25p,435.9308,438.4389,438.0103,435.7995,431.6739,425.3373,417.0539,409.4567,397.9179,388.2884,358.6760,354.3386,348.4523,341.3484,334.5008,328.9055,321.1082,316.1787,308.5234,300.8835,-1.3727,-14.6578,-27.9620,-37.7470,-47.1706,-55.4410,-63.0815,-70.2090,-75.8600,-81.6403,-87.0725,-93.0386,-99.2736,-105.9757,-112.7127,-120.3641,-128.7438,-136.5825,-146.8190,-157.1219,-169.0396,-182.4937,-196.6454,-213.9394,-232.9241
70,0.7500,SpendAwareDPRebalance (R70-aware),3.0000,14530.1838,435.9055,spend50p,436.0790,444.5250,451.6956,456.1691,460.1214,461.8889,461.1147,460.7959,459.9306,455.1189,429.2905,427.4333,427.7780,427.0962,425.8005,422.5883,417.9385,413.0280,407.5050,401.2315,30.8156,16.2211,1.2598,-10.1701,-21.1650,-30.4367,-38.7977,-47.1450,-52.7078,-58.3312,-63.9578,-69.6662,-76.0565,-82.4789,-90.0074,-97.9294,-106.2394,-115.8257,-125.6543,-136.3059,-148.0382,-160.3433,-173.0975,-187.3086,-202.2723
70,0.7500,SpendAwareDPRebalance (R70-aware),3.0000,14530.1838,435.9055,spend75p,436.2312,450.6193,465.1734,479.2574,491.7320,500.6021,510.0060,517.0459,523.2083,528.9321,505.3060,510.2376,514.5052,519.0900,526.2791,529.3905,531.0949,537.2092,540.4292,540.9453,75.7065,57.9782,38.9468,24.4078,11.9167,1.6081,-6.8994,-13.4386,-20.7184,-26.1313,-31.4661,-35.4718,-41.7161,-48.3845,-55.1344,-63.3496,-72.7259,-83.7926,-94.7455,-108.6806,-121.9322,-136.0666,-149.1229,-163.2871,-178.0886
70,0.7500,SpendAwareDPRebalance (R70-aware),3.3300,13090.2557,435.9055,survival,1.0000,1.0000,1.0000,1.0000,1.0000,1.0000,1.0000,1.0000,1.0000,1.0000,1.0000,1.0000,1.0000,1.0000,1.0000,1.0000,1.0000,0.9990,0.9985,0.9975,0.9975,0.9975,0.9975,0.9975,0.9975,0.9975,0.9975,0.9975,0.9975,0.9975,0.9975,0.9970,0.9970,0.9970,0.9970,0.9970,0.9970,0.9970,0.9970,0.9970,0.9970,0.9970,0.9970,0.9970,0.9970
70,0.7500,SpendAwareDPRebalance (R70-aware),3.3300,13090.2557,435.9055,spend25p,435.9308,438.4306,437.9868,435.6650,431.3493,425.3373,417.0539,409.4567,397.9179,388.2884,358.6760,354.3386,348.4523,341.3484,334.5008,328.8444,321.1082,316.0165,308.0206,299.5392,-1.4722,-14.7374,-28.2046,-37.9250,-47.4153,-55.5752,-63.5126,-70.3729,-76.4857,-81.9593,-87.5731,-93.5838,-99.4755,-106.2235,-113.1664,-120.5656,-128.9625,-136.9913,-146.9381,-157.2539,-169.4989,-183.0527,-197.1256,-214.3547,-233.3245
70,0.7500,SpendAwareDPRebalance (R70-aware),3.3300,13090.2557,435.9055,spend50p,436.0790,444.5171,451.6786,456.0642,460.1214,461.7830,460.9404,460.6909,459.9306,455.1189,429.2905,427.3506,427.7780,426.9915,425.8005,422.5883,417.7822,412.8262,405.5713,400.3741,30.2075,15.9670,0.9920,-10.7030,-21.7302,-31.0152,-38.9680,-47.7211,-52.9065,-58.6240,-64.1444,-69.8397,-76.3146,-82.6905,-90.1820,-98.2976,-106.4424,-116.0430,-125.9068,-136.7008,-148.2274,-160.5913,-173.3129,-187.4343,-202.4247
70,0.7500,SpendAwareDPRebalance (R70-aware),3.3300,13090.2557,435.9055,spend75p,436.2312,450.5996,465.0635,479.1587,491.6811,500.5357,509.6650,517.0459,522.8571,528.1917,504.2811,510.2376,513.9037,518.5652,525.4224,527.6153,529.5985,536.4654,539.2390,538.4389,74.3515,56.3869,37.5125,23.6909,11.1888,0.5592,-7.3228,-13.9522,-20.8404,-26.3719,-31.6674,-35.8739,-42.0603,-48.5563,-56.0853,-63.6360,-73.0648,-83.9828,-95.3110,-109.0162,-122.2190,-136.4467,-149.1873,-163.6185,-178.3716
70,0.7500,SpendAwareDPRebalance (R70-aware),3.6600,11909.9868,435.9055,survival,1.0000,1.0000,1.0000,1.0000,1.0000,1.0000,1.0000,1.0000,1.0000,1.0000,1.0000,1.0000,1.0000,1.0000,1.0000,0.9995,0.9980,0.9975,0.9965,0.9955,0.9955,0.9955,0.9955,0.9955,0.9955,0.9955,0.9955,0.9955,0.9955,0.9955,0.9955,0.9955,0.9955,0.9955,0.9955,0.9955,0.9955,0.9955,0.9955,0.9955,0.9955,0.9955,0.9955,0.9955,0.9955
70,0.7500,SpendAwareDPRebalance (R70-aware),3.6600,11909.9868,435.9055,spend25p,435.9308,438.3648,437.7965,435.4673,431.0525,425.2986,416.6895,409.3874,397.7945,388.2134,358.2392,354.1678,348.2061,341.1601,334.1499,328.8007,320.6694,315.2554,306.3269,298.8466,-1.6413,-14.8447,-28.8691,-38.3077,-47.8310,-56.1436,-63.9688,-70.8611,-76.9972,-82.4356,-88.0467,-94.4131,-100.1615,-106.6039,-113.8984,-121.3722,-129.5653,-137.4303,-147.9938,-158.0774,-171.0314,-184.1257,-199.0562,-215.8593,-235.2009
70,0.7500,SpendAwareDPRebalance (R70-aware),3.6600,11909.9868,435.9055,spend50p,436.0790,444.3975,451.4987,455.9878,459.7065,460.9066,460.8677,460.6351,459.7919,454.7444,428.9291,427.2143,427.6237,426.9561,425.5770,421.3149,416.9908,411.7099,404.2461,399.2199,29.1308,14.4857,0.0183,-11.7754,-22.3619,-31.4207,-39.7461,-48.1720,-53.6875,-59.4308,-65.0563,-70.4465,-77.2261,-83.6736,-90.8122,-98.5621,-107.3770,-116.3677,-126.5300,-137.5331,-148.8958,-161.0439,-173.8405,-188.4787,-203.9929
70,0.7500,SpendAwareDPRebalance (R70-aware),3.6600,11909.9868,435.9055,spend75p,436.2312,450.5202,464.9276,478.9186,491.1226,500.2037,509.4965,515.9849,522.0354,527.8404,502.8972,508.5983,513.2469,517.4205,525.3971,526.5572,527.2960,534.9124,538.0004,536.6652,73.2957,54.7959,36.7864,22.8136,10.2931,0.0000,-8.2122,-14.9534,-21.9093,-27.4047,-32.0439,-36.7812,-43.8092,-49.6647,-57.0547,-65.2547,-74.1598,-85.4215,-97.1747,-110.1292,-123.9774,-138.0347,-150.1360,-164.4014,-179.5090
70,0.7500,SpendAwareDPRebalance (R70-aware),4.0000,10897.6379,435.9055,survival,1.0000,1.0000,1.0000,1.0000,1.0000,1.0000,1.0000,1.0000,1.0000,1.0000,1.0000,1.0000,1.0000,0.9995,0.9980,0.9965,0.9960,0.9950,0.9940,0.9920,0.9920,0.9920,0.9920,0.9920,0.9920,0.9920,0.9920,0.9920,0.9920,0.9920,0.9920,0.9920,0.9920,0.9920,0.9920,0.9920,0.9920,0.9920,0.9920,0.9920,0.9920,0.9920,0.9920,0.9915,0.9915
70,0.7500,SpendAwareDPRebalance (R70-aware),4.0000,10897.6379,435.9055,spend25p,435.9308,437.9228,437.2336,434.4840,430.6693,425.0366,415.9727,408.0199,396.4335,387.9887,357.9189,353.4153,348.0044,340.8335,332.7953,327.6315,319.3626,314.0844,304.8840,297.1471,-1.9717,-15.4420,-29.6678,-38.6856,-48.5835,-56.7701,-64.7902,-71.9317,-78.2764,-83.5437,-88.9315,-95.0908,-101.0348,-107.5981,-114.7483,-122.2881,-130.4806,-138.5274,-148.9841,-159.3903,-172.5261,-185.6238,-200.9622,-217.2782,-237.2201
70,0.7500,SpendAwareDPRebalance (R70-aware),4.0000,10897.6379,435.9055,spend50p,436.0790,444.1359,450.9465,455.3039,458.9418,460.2261,460.1098,459.9377,458.7005,454.4463,428.1142,426.4465,426.5839,425.2971,424.3496,418.8141,415.5690,409.3129,401.9180,396.3375,27.3733,12.9041,-0.9264,-13.9374,-23.5456,-32.7990,-41.0112,-49.4382,-54.9836,-61.0269,-66.4603,-72.0771,-78.5896,-85.1143,-91.4663,-99.9057,-108.6796,-117.4648,-127.8399,-139.1371,-150.0197,-162.2086,-174.6807,-189.5779,-204.7417
70,0.7500,SpendAwareDPRebalance (R70-aware),4.0000,10897.6379,435.9055,spend75p,436.2312,450.4216,464.6158,478.3741,489.4285,498.9241,508.1153,513.7016,519.2909,526.1908,501.8633,506.5730,512.0589,516.1917,523.2068,524.9617,526.2272,533.9605,535.2405,534.3948,70.7223,52.6813,34.1996,20.5487,8.0769,-1.3479,-10.0598,-17.9769,-24.2319,-29.9057,-34.7957,-40.2082,-45.3713,-51.7846,-59.0591,-67.1376,-75.6645,-87.1943,-99.1954,-112.0654,-125.1163,-138.9968,-151.7131,-165.1774,-180.3555
70,0.7500,SpendAwareDPRebalance (R70-aware),4.3300,10067.1020,435.9055,survival,1.0000,1.0000,1.0000,1.0000,1.0000,1.0000,1.0000,1.0000,1.0000,1.0000,1.0000,0.9990,0.9975,0.9970,0.9965,0.9950,0.9905,0.9885,0.9880,0.9860,0.9860,0.9860,0.9860,0.9860,0.9860,0.9860,0.9860,0.9860,0.9860,0.9860,0.9860,0.9860,0.9860,0.9860,0.9860,0.9860,0.9860,0.9860,0.9860,0.9860,0.9860,0.9860,0.9855,0.9855,0.9855
70,0.7500,SpendAwareDPRebalance (R70-aware),4.3300,10067.1020,435.9055,spend25p,435.9308,437.4050,436.4218,433.6477,429.3215,423.6300,414.8767,406.5648,395.7636,386.7713,357.7361,352.7933,346.3757,339.9217,332.3182,326.0201,316.2526,310.8454,301.6265,293.0611,-3.3476,-17.4982,-31.1262,-41.3668,-50.9635,-59.4660,-67.1690,-74.0414,-80.4441,-85.6808,-91.2601,-97.1205,-103.1619,-110.0965,-117.1970,-124.8137,-132.2646,-141.1110,-151.6612,-162.9060,-175.9556,-189.5329,-204.6617,-221.4350,-241.7097
70,0.7500,SpendAwareDPRebalance (R70-aware),4.3300,10067.1020,435.9055,spend50p,436.0790,443.6739,450.2758,454.9300,457.5556,458.7030,459.1945,458.1443,457.2602,453.6051,426.6261,424.1242,422.5153,422.4230,421.9651,417.8223,412.8141,406.4682,398.1267,393.3890,25.4048,8.6673,-4.1990,-16.2371,-26.3936,-35.6952,-43.9569,-51.0149,-57.4024,-63.3101,-68.7717,-74.9765,-81.3845,-86.9966,-93.7122,-101.7734,-110.3208,-119.7963,-129.6859,-140.8835,-151.5411,-164.7549,-176.8245,-191.1821,-206.8465
70,0.7500,SpendAwareDPRebalance (R70-aware),4.3300,10067.1020,435.9055,spend75p,436.2312,449.9295,463.6905,477.6478,488.5513,498.1287,506.3891,511.8850,517.5502,523.1652,498.7070,503.1437,507.9353,511.2476,517.3847,519.4373,521.1676,526.5915,527.9418,526.9215,64.3687,47.5887,30.5582,17.0063,4.4346,-3.8701,-13.5044,-21.1763,-27.7002,-33.1888,-37.7881,-43.2264,-49.7503,-56.0511,-62.0665,-70.4900,-79.6213,-90.3946,-101.1786,-114.0419,-126.6461,-140.7069,-153.9401,-167.2771,-181.7523
70,0.7500,SpendAwareDPRebalance (R70-aware),4.6600,9354.1956,435.9055,survival,1.0000,1.0000,1.0000,1.0000,1.0000,1.0000,1.0000,1.0000,1.0000,0.9985,0.9975,0.9975,0.9960,0.9945,0.9935,0.9915,0.9865,0.9845,0.9815,0.9770,0.9770,0.9770,0.9770,0.9770,0.9770,0.9770,0.9770,0.9770,0.9770,0.9770,0.9770,0.9770,0.9770,0.9770,0.9770,0.9770,0.9770,0.9770,0.9770,0.9770,0.9770,0.9765,0.9765,0.9765,0.9765
70,0.7500,SpendAwareDPRebalance (R70-aware),4.6600,9354.1956,435.9055,spend25p,435.9308,436.4573,435.1600,432.3179,427.3859,421.7332,412.8619,404.1941,394.4900,384.1920,355.6981,349.8054,343.8501,335.7106,329.4379,322.0190,314.1413,307.9991,298.4146,288.3366,-6.5507,-20.6768,-33.4224,-44.0930,-53.6828,-62.5745,-70.1001,-77.3198,-82.9035,-88.8010,-94.5024,-100.1777,-106.3008,-113.0442,-119.6288,-127.6337,-135.3581,-144.6834,-155.8181,-167.4016,-179.8341,-193.4521,-209.5039,-226.7433,-247.6106
70,0.7500,SpendAwareDPRebalance (R70-aware),4.6600,9354.1956,435.9055,spend50p,436.0790,443.0774,448.9285,453.3456,455.9373,456.6869,457.0918,455.9366,455.4572,450.5372,423.7472,420.6714,418.3648,419.2862,415.2188,413.8947,408.1799,402.4387,393.7607,386.2526,20.1263,4.5762,-7.6069,-19.2588,-30.0358,-38.8917,-47.1535,-54.4132,-60.5082,-66.7850,-72.2295,-78.5913,-84.8825,-90.8404,-98.0684,-104.9281,-113.2907,-122.3677,-132.5983,-143.0271,-154.4988,-167.2407,-180.3916,-194.3859,-209.8728
70,0.7500,SpendAwareDPRebalance (R70-aware),4.6600,9354.1956,435.9055,spend75p,436.2312,449.1865,462.7465,475.2246,486.1250,495.7972,503.1772,508.3579,513.4157,518.8764,493.0409,497.1589,501.6780,505.1680,510.3881,514.1691,515.5957,518.9659,518.4425,515.2618,58.1053,40.8569,23.6266,9.5947,0.0000,-8.5100,-17.1877,-24.0123,-30.8944,-37.0381,-41.5844,-47.1427,-52.8909,-58.2278,-66.2369,-73.8821,-82.7139,-92.7955,-103.8286,-116.8437,-129.6951,-142.7432,-155.9242,-169.0521,-183.5776
70,0.7500,SpendAwareDPRebalance (R70-aware),5.0000,8718.1103,435.9055,survival,1.0000,1.0000,1.0000,1.0000,1.0000,1.0000,1.0000,1.0000,0.9990,0.9965,0.9955,0.9955,0.9935,0.9905,0.9880,0.9820,0.9775,0.9740,0.9695,0.9645,0.9645,0.9645,0.9645,0.9645,0.9645,0.9645,0.9645,0.9645,0.9645,0.9645,0.9645,0.9645,0.9645,0.9645,0.9645,0.9645,0.9645,0.9645,0.9645,0.9645,0.9640,0.9640,0.9640,0.9640,0.9640
70,0.7500,SpendAwareDPRebalance (R70-aware),5.0000,8718.1103,435.9055,spend25p,431.0324,430.8969,429.3821,425.2941,420.5633,414.4822,406.5257,398.2063,388.0273,378.1803,349.4029,343.4095,335.0834,328.0277,321.3564,313.5159,307.9376,298.4104,289.8359,279.6676,-11.8827,-25.5904,-38.3982,-49.6188,-59.3084,-67.9743,-75.3175,-82.5874,-88.8949,-93.9903,-99.9196,-105.6397,-111.8857,-118.6598,-125.2913,-133.5073,-142.1808,-152.0246,-162.8384,-175.0530,-188.9708,-202.5749,-217.9968,-238.6495,-258.9478
70,0.7500,SpendAwareDPRebalance (R70-aware),5.0000,8718.1103,435.9055,spend50p,431.1806,437.1907,442.3852,446.5272,448.4837,448.9993,448.7411,447.9732,445.1692,441.6092,415.3931,412.6604,410.6948,408.5471,405.1803,402.5134,397.1634,390.4769,383.6385,372.5908,11.4177,0.0000,-14.6980,-25.4979,-36.8851,-46.0770,-53.7191,-61.7099,-67.6026,-73.7834,-79.0177,-85.1028,-91.8869,-97.9729,-104.4496,-112.6076,-120.7191,-129.5155,-139.7239,-150.2949,-161.3191,-174.5554,-188.0560,-203.6412,-218.7660
70,0.7500,SpendAwareDPRebalance (R70-aware),5.0000,8718.1103,435.9055,spend75p,431.3328,443.5238,456.1075,467.4135,478.0998,487.3312,494.3047,499.3740,502.5417,508.3821,482.2519,485.7414,490.5050,494.0615,498.1747,502.7114,502.3613,505.5393,504.8370,500.7670,46.9824,30.3625,13.0945,0.0000,-8.0825,-17.2556,-25.3030,-33.1569,-39.7603,-45.8087,-51.5882,-57.1471,-62.5536,-68.4304,-75.6612,-84.9912,-93.4009,-103.4112,-114.3735,-126.4675,-138.4603,-151.3943,-164.2563,-176.8994,-191.1828
70,0.7500,SpendAwareDPRebalance (R70-aware),5.5000,7925.5548,435.9055,survival,1.0000,1.0000,1.0000,1.0000,1.0000,1.0000,1.0000,0.9985,0.9975,0.9955,0.9930,0.9865,0.9805,0.9750,0.9655,0.9590,0.9530,0.9465,0.9365,0.9315,0.9310,0.9310,0.9310,0.9310,0.9310,0.9310,0.9310,0.9310,0.9310,0.9310,0.9310,0.9310,0.9310,0.9310,0.9310,0.9310,0.9310,0.9310,0.9310,0.9310,0.9310,0.9310,0.9310,0.9310,0.9310
70,0.7500,SpendAwareDPRebalance (R70-aware),5.5000,7925.5548,435.9055,spend25p,429.7147,427.9655,425.2327,421.2432,415.8557,408.6673,399.8806,390.4595,380.6642,370.5640,343.4013,335.1147,326.9973,316.3616,309.4420,300.7753,291.5903,283.3043,272.9807,263.0402,-17.6296,-30.7124,-44.1632,-55.0041,-64.6821,-73.3795,-81.0668,-88.0308,-94.1390,-100.1680,-105.9605,-111.9087,-117.6918,-124.6741,-132.6394,-140.5743,-150.0901,-159.3772,-171.6996,-184.3140,-198.1370,-213.8666,-231.1666,-249.1797,-269.0267
70,0.7500,SpendAwareDPRebalance (R70-aware),5.5000,7925.5548,435.9055,spend50p,429.8629,434.3325,438.2978,440.5606,442.1083,442.5843,440.2256,438.6840,436.2658,433.1891,406.3416,403.2179,399.4252,396.3579,392.0730,387.3592,381.7453,375.3156,366.8716,355.7957,1.3867,-7.1654,-21.6322,-33.3904,-44.0146,-53.8861,-61.6986,-68.9605,-75.5278,-81.1512,-86.4395,-91.5485,-98.6382,-104.6098,-111.1579,-119.4017,-127.4660,-136.4113,-146.3291,-157.0937,-168.8679,-181.7319,-194.5957,-211.0311,-226.7119
70,0.7500,SpendAwareDPRebalance (R70-aware),5.5000,7925.5548,435.9055,spend75p,430.0151,440.5285,451.7963,462.0101,470.5491,478.0187,483.5828,488.2497,491.4264,495.3154,471.5903,473.8237,476.2273,478.2103,478.6695,480.9771,482.0720,482.1752,476.4514,476.6846,33.8076,16.8787,0.2016,-1.7796,-14.5951,-23.1294,-31.9473,-39.7040,-46.0965,-52.7512,-57.4156,-62.4019,-69.0317,-75.7900,-82.5652,-90.9458,-100.6216,-110.3730,-121.0215,-132.8572,-144.6471,-157.4071,-168.2705,-180.7735,-194.5553
70,0.7500,SpendAwareDPRebalance (R70-aware),6.0000,7265.0919,435.9055,survival,1.0000,1.0000,1.0000,1.0000,1.0000,1.0000,0.9990,0.9980,0.9945,0.9885,0.9810,0.9735,0.9600,0.9510,0.9440,0.9315,0.9205,0.9085,0.8950,0.8860,0.8860,0.8860,0.8860,0.8860,0.8860,0.8860,0.8860,0.8860,0.8860,0.8860,0.8860,0.8860,0.8860,0.8860,0.8860,0.8860,0.8860,0.8860,0.8860,0.8860,0.8860,0.8860,0.8860,0.8860,0.8860
70,0.7500,SpendAwareDPRebalance (R70-aware),6.0000,7265.0919,435.9055,spend25p,429.7147,426.8409,422.8024,417.7790,411.0319,404.0484,394.8422,384.9180,373.2612,361.9168,333.7831,323.6344,312.5336,303.1295,295.6045,285.4450,274.3257,262.2378,251.2265,239.8109,-22.4175,-35.8471,-48.5988,-59.4237,-69.4445,-78.2992,-85.9541,-92.8166,-98.9413,-105.3202,-110.7103,-117.1770,-123.9073,-131.0461,-138.8878,-147.7572,-156.8597,-167.5090,-179.2695,-191.8934,-205.3719,-223.2216,-240.1054,-258.5188,-277.9767
70,0.7500,SpendAwareDPRebalance (R70-aware),6.0000,7265.0919,435.9055,spend50p,429.8629,433.1004,435.3930,436.5103,436.8672,436.6029,433.7016,431.4259,427.5632,424.1924,395.1806,390.0997,386.0229,382.6915,377.0119,371.4150,364.7690,356.1075,346.5747,336.1228,0.0000,-13.1693,-28.0279,-39.9473,-49.9233,-59.0881,-66.8815,-74.2043,-80.4056,-86.4959,-91.6321,-97.6473,-104.1847,-110.2569,-116.3772,-124.4026,-132.7733,-141.8257,-151.2621,-163.0192,-174.1276,-187.6704,-200.6331,-216.3194,-230.7168
70,0.7500,SpendAwareDPRebalance (R70-aware),6.0000,7265.0919,435.9055,spend75p,430.0151,439.1895,448.4124,457.2204,465.5068,471.0228,474.4123,479.1798,482.9734,484.7946,459.1209,459.0627,459.2615,461.8330,459.9583,461.6543,458.5694,456.8656,453.3026,447.6628,18.8875,3.5154,0.0000,-6.8955,-18.8436,-29.4711,-37.6931,-46.1808,-52.5637,-58.4352,-63.3931,-68.6930,-74.7033,-81.1682,-88.1879,-96.3418,-104.2191,-115.3209,-125.5738,-136.7233,-148.1579,-159.2498,-171.1013,-183.2268,-195.8792
70,0.7500,SpendAwareDPRebalance (R70-aware),7.0000,6227.2216,435.9055,survival,1.0000,1.0000,1.0000,1.0000,1.0000,0.9995,0.9975,0.9930,0.9800,0.9650,0.9420,0.9205,0.8940,0.8635,0.8355,0.8140,0.7875,0.7670,0.7510,0.7385,0.7375,0.7375,0.7375,0.7375,0.7375,0.7375,0.7375,0.7375,0.7375,0.7375,0.7375,0.7375,0.7375,0.7375,0.7375,0.7375,0.7375,0.7375,0.7375,0.7375,0.7375,0.7375,0.7375,0.7375,0.7375
70,0.7500,SpendAwareDPRebalance (R70-aware),7.0000,6227.2216,435.9055,spend25p,429.7147,426.1752,420.0510,412.7970,404.6442,396.6484,385.2749,373.7288,361.0482,345.9219,312.2646,299.5318,284.2227,264.6346,243.1726,227.2664,199.3471,167.1888,119.4535,0.0000,-27.6733,-41.3181,-53.7140,-64.1082,-74.0507,-81.8729,-90.0958,-97.3160,-102.9707,-108.9503,-114.8746,-120.4625,-127.4381,-134.3673,-142.5964,-151.3825,-160.9130,-171.0932,-184.2440,-196.9191,-211.5631,-227.5291,-243.9369,-262.3020,-281.9830
70,0.7500,SpendAwareDPRebalance (R70-aware),7.0000,6227.2216,435.9055,spend50p,429.8629,432.0479,433.2657,432.4629,430.6844,427.4992,423.8480,419.1292,413.0629,406.4398,374.1515,365.4598,356.8366,347.1346,337.0326,327.1185,316.1145,304.1414,292.1581,280.9733,-0.4920,-14.9416,-30.3615,-42.8419,-53.1607,-62.3818,-70.3656,-78.1693,-84.0497,-89.5832,-95.8905,-101.1767,-107.0283,-113.1343,-119.5513,-127.0216,-135.8980,-145.3724,-154.5967,-164.9634,-176.6413,-188.6262,-202.1475,-215.7800,-230.6422
70,0.7500,SpendAwareDPRebalance (R70-aware),7.0000,6227.2216,435.9055,spend75p,430.0151,438.0866,446.0425,453.3521,459.1920,463.0728,465.6403,468.1509,468.3860,466.3331,436.0975,435.3273,433.5930,427.6427,424.9195,420.8504,415.1723,409.8743,404.6589,398.2766,0.0000,0.0000,0.0000,0.0000,0.0000,0.0000,0.0000,0.0000,0.0000,0.0000,0.0000,0.0000,0.0000,0.0000,0.0000,0.0000,0.0000,0.0000,0.0000,0.0000,0.0000,0.0000,0.0000,0.0000,0.0000
70,1.0000,SpendAwareDPRebalance (R70-aware),2.3800,24119.3566,574.0407,survival,1.0000,1.0000,1.0000,1.0000,1.0000,1.0000,1.0000,1.0000,1.0000,1.0000,1.0000,1.0000,1.0000,1.0000,1.0000,1.0000,1.0000,1.0000,1.0000,1.0000,1.0000,1.0000,1.0000,1.0000,1.0000,1.0000,1.0000,1.0000,1.0000,1.0000,1.0000,1.0000,1.0000,1.0000,1.0000,1.0000,1.0000,1.0000,1.0000,1.0000,1.0000,1.0000,1.0000,1.0000,1.0000
70,1.0000,SpendAwareDPRebalance (R70-aware),2.3800,24119.3566,574.0407,spend25p,565.7778,560.8642,552.2734,541.5199,528.7072,513.3826,496.0888,479.9937,459.6759,442.0514,404.9856,394.0869,381.7272,368.3357,355.5326,344.3417,331.1358,321.1615,308.7933,296.5465,-9.7438,-27.3759,-44.9587,-59.4375,-74.1748,-87.2233,-100.5649,-113.9213,-128.1265,-143.5414,-159.9705,-177.9156,-197.0625,-217.7250,-240.3139,-264.6127,-290.1603,-308.1275,-331.3835,-353.3003,-376.5365,-402.7204,-430.8233,-456.2346,-485.2954
70,1.0000,SpendAwareDPRebalance (R70-aware),2.3800,24119.3566,574.0407,spend50p,565.9260,568.6265,569.4793,566.8295,563.5384,557.4840,548.4762,540.0937,531.3077,518.4577,484.7370,475.3810,468.6280,460.8628,452.5727,442.4211,430.9898,419.5371,407.8870,395.6861,19.2469,-1.2169,-21.3095,-41.1078,-57.7032,-73.9274,-89.5125,-103.5748,-117.1798,-130.4118,-144.2795,-158.8547,-173.8062,-190.1988,-206.7360,-223.6315,-241.0301,-255.0669,-269.4813,-285.6638,-302.1464,-321.2513,-340.1564,-357.8802,-375.1936
70,1.0000,SpendAwareDPRebalance (R70-aware),2.3800,24119.3566,574.0407,spend75p,566.0783,576.3999,586.5188,595.4351,602.2586,604.2386,606.6302,606.6216,604.3183,602.1815,570.5474,567.6355,563.8035,560.1297,559.3689,554.2358,547.6798,545.6754,541.9410,533.3352,59.9336,34.7937,8.6913,-15.3470,-37.3334,-58.0422,-76.0622,-92.9428,-107.6297,-120.5245,-132.0981,-144.4002,-156.5172,-168.6383,-181.5204,-194.2339,-208.1011,-217.7195,-228.5832,-239.9998,-252.2459,-265.4949,-278.8874,-292.5860,-305.6403
70,1.0000,SpendAwareDPRebalance (R70-aware),2.5000,22961.6275,574.0407,survival,1.0000,1.0000,1.0000,1.0000,1.0000,1.0000,1.0000,1.0000,1.0000,1.0000,1.0000,1.0000,1.0000,1.0000,1.0000,1.0000,1.0000,1.0000,1.0000,1.0000,1.0000,1.0000,1.0000,1.0000,1.0000,1.0000,1.0000,1.0000,1.0000,1.0000,1.0000,1.0000,1.0000,1.0000,1.0000,1.0000,1.0000,1.0000,1.0000,1.0000,1.0000,1.0000,1.0000,1.0000,1.0000
70,1.0000,SpendAwareDPRebalance (R70-aware),2.5000,22961.6275,574.0407,spend25p,565.7778,560.8642,552.2734,541.5199,528.7072,513.3826,496.0888,479.9937,459.6759,442.0514,404.9856,394.0869,381.7272,368.3357,355.5326,344.3417,331.1358,321.1615,308.7933,296.5465,-9.7438,-27.3759,-44.9587,-59.4375,-74.1748,-87.2233,-100.5649,-113.9213,-128.1265,-143.5414,-159.9705,-177.9156,-197.0625,-217.7250,-240.3139,-264.6127,-290.1603,-308.1275,-331.3835,-353.3003,-376.5365,-402.7204,-430.8233,-456.2346,-485.2954
70,1.0000,SpendAwareDPRebalance (R70-aware),2.5000,22961.6275,574.0407,spend50p,565.9260,568.6265,569.4793,566.8295,563.5384,557.4840,548.4762,540.0937,531.3077,518.4577,484.7370,475.3810,468.6280,460.8628,452.5727,442.4211,430.9898,419.5371,407.8870,395.6861,19.2469,-1.2169,-21.3095,-41.1078,-57.7032,-73.9274,-89.5125,-103.5748,-117.1798,-130.4118,-144.2795,-158.8547,-173.8062,-190.1988,-206.7360,-223.6315,-241.0301,-255.0669,-269.4813,-285.6638,-302.1464,-321.2513,-340.1564,-357.8802,-375.1936
70,1.0000,SpendAwareDPRebalance (R70-aware),2.5000,22961.6275,574.0407,spend75p,566.0783,576.3999,586.5188,595.4351,602.2586,604.2386,606.6302,606.6216,604.3183,602.1815,570.5474,567.6355,563.8035,560.1297,559.3689,554.2358,547.6798,545.6754,541.9410,533.3352,59.9336,34.7937,8.6913,-15.3470,-37.3334,-58.0422,-76.0622,-92.9428,-107.6297,-120.5245,-132.0981,-144.4002,-156.5172,-168.6383,-181.5204,-194.2339,-208.1011,-217.7195,-228.5832,-239.9998,-252.2459,-265.4949,-278.8874,-292.5860,-305.6403
70,1.0000,SpendAwareDPRebalance (R70-aware),2.8000,20501.4531,574.0407,survival,1.0000,1.0000,1.0000,1.0000,1.0000,1.0000,1.0000,1.0000,1.0000,1.0000,1.0000,1.0000,1.0000,1.0000,1.0000,1.0000,1.0000,1.0000,1.0000,1.0000,1.0000,1.0000,1.0000,1.0000,1.0000,1.0000,1.0000,1.0000,1.0000,1.0000,1.0000,1.0000,1.0000,1.0000,1.0000,1.0000,1.0000,1.0000,1.0000,1.0000,1.0000,1.0000,1.0000,1.0000,1.0000
70,1.0000,SpendAwareDPRebalance (R70-aware),2.8000,20501.4531,574.0407,spend25p,565.7778,560.8642,552.2734,541.5199,528.7072,513.3826,496.0888,479.9937,459.6759,442.0514,404.9856,394.0869,381.7272,368.3357,355.5326,344.3417,331.1358,321.1615,308.7933,296.5465,-9.7438,-27.3759,-44.9587,-59.4375,-74.1748,-87.2233,-100.5649,-113.9213,-128.1265,-143.5414,-159.9705,-177.9156,-197.0625,-217.7250,-240.3139,-264.6127,-290.1603,-308.1275,-331.3835,-353.3003,-376.5365,-402.7204,-430.8233,-456.2346,-485.2954
70,1.0000,SpendAwareDPRebalance (R70-aware),2.8000,20501.4531,574.0407,spend50p,565.9260,568.6265,569.4793,566.8295,563.5384,557.4840,548.4762,540.0937,531.3077,518.4577,484.7370,475.3810,468.6280,460.8628,452.5727,442.4211,430.9898,419.5371,407.8870,395.6861,19.2469,-1.2169,-21.3095,-41.1078,-57.7032,-73.9274,-89.5125,-103.5748,-117.1798,-130.4118,-144.2795,-158.8547,-173.8062,-190.1988,-206.7360,-223.6315,-241.0301,-255.0669,-269.4813,-285.6638,-302.1464,-321.2513,-340.1564,-357.8802,-375.1936
70,1.0000,SpendAwareDPRebalance (R70-aware),2.8000,20501.4531,574.0407,spend75p,566.0783,576.3999,586.5188,595.4351,602.2586,604.2386,606.6302,606.6216,604.3183,602.1815,570.5474,567.6355,563.8035,560.1297,559.3689,554.2358,547.6798,545.6754,541.9410,533.3352,59.9336,34.7937,8.6913,-15.3470,-37.3334,-58.0422,-76.0622,-92.9428,-107.6297,-120.5245,-132.0981,-144.4002,-156.5172,-168.6383,-181.5204,-194.2339,-208.1011,-217.7195,-228.5832,-239.9998,-252.2459,-265.4949,-278.8874,-292.5860,-305.6403
70,1.0000,SpendAwareDPRebalance (R70-aware),3.0000,19134.6896,574.0407,survival,1.0000,1.0000,1.0000,1.0000,1.0000,1.0000,1.0000,1.0000,1.0000,1.0000,1.0000,1.0000,1.0000,1.0000,1.0000,1.0000,1.0000,1.0000,1.0000,1.0000,1.0000,1.0000,1.0000,1.0000,1.0000,1.0000,1.0000,1.0000,1.0000,1.0000,1.0000,1.0000,1.0000,1.0000,1.0000,1.0000,1.0000,1.0000,1.0000,1.0000,1.0000,1.0000,1.0000,1.0000,1.0000
70,1.0000,SpendAwareDPRebalance (R70-aware),3.0000,19134.6896,574.0407,spend25p,565.7778,560.8642,552.2734,541.5199,528.7072,513.3826,496.0888,479.9937,459.6759,442.0514,404.9856,394.0869,381.7272,368.3357,355.5326,344.3417,331.1358,321.1615,308.7933,296.5465,-9.7438,-27.3759,-44.9587,-59.4375,-74.1748,-87.2233,-100.5649,-113.9213,-128.1265,-143.5414,-159.9705,-177.9156,-197.0625,-217.7250,-240.3139,-264.6127,-290.1603,-308.1275,-331.3835,-353.3003,-376.5365,-402.7204,-430.8233,-456.2346,-485.2954
70,1.0000,SpendAwareDPRebalance (R70-aware),3.0000,19134.6896,574.0407,spend50p,565.9260,568.6265,569.4793,566.8295,563.5384,557.4840,548.4762,540.0937,531.3077,518.4577,484.7370,475.3810,468.6280,460.8628,452.5727,442.4211,430.9898,419.5371,407.8870,395.6861,19.2469,-1.2169,-21.3095,-41.1078,-57.7032,-73.9274,-89.5125,-103.5748,-117.1798,-130.4118,-144.2795,-158.8547,-173.8062,-190.1988,-206.7360,-223.6315,-241.0301,-255.0669,-269.4813,-285.6638,-302.1464,-321.2513,-340.1564,-357.8802,-375.1936
70,1.0000,SpendAwareDPRebalance (R70-aware),3.0000,19134.6896,574.0407,spend75p,566.0783,576.3999,586.5188,595.4351,602.2586,604.2386,606.6302,606.6216,604.3183,602.1815,570.5474,567.6355,563.8035,560.1297,559.3689,554.2358,547.6798,545.6754,541.9410,533.3352,59.9336,34.7937,8.6913,-15.3470,-37.3334,-58.0422,-76.0622,-92.9428,-107.6297,-120.5245,-132.0981,-144.4002,-156.5172,-168.6383,-181.5204,-194.2339,-208.1011,-217.7195,-228.5832,-239.9998,-252.2459,-265.4949,-278.8874,-292.5860,-305.6403
70,1.0000,SpendAwareDPRebalance (R70-aware),3.3300,17238.4591,574.0407,survival,1.0000,1.0000,1.0000,1.0000,1.0000,1.0000,1.0000,1.0000,1.0000,1.0000,1.0000,1.0000,1.0000,1.0000,1.0000,1.0000,1.0000,0.9995,0.9985,0.9985,0.9985,0.9985,0.9985,0.9985,0.9985,0.9985,0.9985,0.9985,0.9985,0.9985,0.9985,0.9985,0.9985,0.9985,0.9985,0.9985,0.9985,0.9985,0.9985,0.9985,0.9985,0.9985,0.9985,0.9985,0.9985
70,1.0000,SpendAwareDPRebalance (R70-aware),3.3300,17238.4591,574.0407,spend25p,565.7778,560.8642,552.2734,541.5199,528.7072,513.3826,496.0888,479.9937,459.6759,442.0514,404.9856,394.0869,381.7272,368.3357,355.5326,344.3417,331.1358,321.0532,308.1817,296.0829,-9.7438,-27.3759,-44.9587,-59.4375,-74.1748,-87.2233,-100.5649,-113.9213,-128.1000,-143.5063,-159.9539,-177.8980,-197.0192,-217.4695,-240.1982,-264.5309,-290.1139,-307.8799,-331.3621,-353.0101,-376.4626,-402.4651,-430.5452,-456.1430,-484.2065
70,1.0000,SpendAwareDPRebalance (R70-aware),3.3300,17238.4591,574.0407,spend50p,565.9260,568.6265,569.4793,566.8295,563.5384,557.4840,548.4762,540.0937,531.3077,518.4577,484.7370,475.3810,468.6280,460.8628,452.5727,442.4211,430.9898,419.4336,406.4491,395.2702,19.0315,-1.2169,-21.3095,-41.1078,-57.7032,-73.9274,-89.5125,-103.5748,-117.1638,-130.4023,-144.2690,-158.8146,-173.7397,-190.1073,-206.6804,-223.5129,-240.7549,-254.6752,-269.3767,-285.5484,-301.9464,-320.7155,-339.7730,-357.1630,-374.3939
70,1.0000,SpendAwareDPRebalance (R70-aware),3.3300,17238.4591,574.0407,spend75p,566.0783,576.3999,586.5188,595.4351,602.2586,604.2386,606.6302,606.6216,604.3183,602.1815,570.5474,567.6355,563.8035,560.1297,559.3689,554.2358,547.6798,545.3394,539.7129,531.3532,59.7627,34.4693,8.5211,-15.3470,-37.3334,-58.0422,-76.0622,-92.9267,-107.6152,-120.5193,-132.0549,-144.3385,-156.4650,-168.4208,-181.3449,-193.9018,-207.9162,-217.4011,-228.4447,-239.7196,-252.1694,-265.3126,-278.4378,-292.4241,-305.3409
70,1.0000,SpendAwareDPRebalance (R70-aware),3.6600,15684.1718,574.0407,survival,1.0000,1.0000,1.0000,1.0000,1.0000,1.0000,1.0000,1.0000,1.0000,1.0000,1.0000,1.0000,1.0000,1.0000,1.0000,0.9995,0.9980,0.9970,0.9960,0.9960,0.9960,0.9960,0.9960,0.9960,0.9960,0.9960,0.9960,0.9960,0.9960,0.9960,0.9960,0.9960,0.9960,0.9960,0.9960,0.9960,0.9960,0.9960,0.9960,0.9960,0.9960,0.9960,0.9960,0.9960,0.9960
70,1.0000,SpendAwareDPRebalance (R70-aware),3.6600,15684.1718,574.0407,spend25p,565.7778,560.8642,552.2734,541.5199,528.7072,513.3826,496.0888,479.9937,459.6759,442.0514,404.9856,394.0869,381.7272,368.3357,355.5326,344.2776,330.7650,319.9315,306.4872,294.8715,-9.7438,-27.3759,-44.9587,-59.4375,-74.1748,-87.1986,-100.5649,-113.8672,-128.0414,-143.4777,-159.8698,-177.5614,-196.7785,-217.1571,-240.0724,-264.1697,-289.5369,-307.5993,-330.6566,-352.3079,-375.6206,-401.0871,-428.4573,-454.5847,-482.1206
70,1.0000,SpendAwareDPRebalance (R70-aware),3.6600,15684.1718,574.0407,spend50p,565.9260,568.6265,569.4793,566.8295,563.5384,557.4840,548.4762,540.0937,531.3077,518.4577,484.7370,475.3810,468.6280,460.8628,452.5727,442.1833,430.5941,418.7327,404.5662,394.2613,18.7006,-1.0979,-21.2743,-41.0864,-57.6903,-73.9192,-89.4222,-103.5379,-117.1522,-130.2749,-144.2251,-158.7173,-173.5403,-189.7493,-206.4129,-223.3288,-240.4989,-254.0978,-269.0044,-285.2323,-301.7575,-319.7819,-338.6735,-356.4510,-374.0174
70,1.0000,SpendAwareDPRebalance (R70-aware),3.6600,15684.1718,574.0407,spend75p,566.0783,576.3999,586.5188,595.4351,602.2586,604.2386,606.6302,606.6216,604.3183,602.1815,570.5474,567.6355,563.8035,560.1297,559.3689,554.1224,545.8793,544.8153,538.7778,529.6680,59.3710,34.1857,8.0465,-15.3043,-37.3225,-57.9604,-75.9798,-92.7870,-107.5585,-120.4573,-131.9824,-144.1660,-156.3122,-168.0526,-181.0602,-193.6228,-207.5581,-217.1459,-228.0821,-239.3925,-251.7306,-264.6403,-278.0370,-291.7304,-304.8733
70,1.0000,SpendAwareDPRebalance (R70-aware),4.0000,14351.0172,574.0407,survival,1.0000,1.0000,1.0000,1.0000,1.0000,1.0000,1.0000,1.0000,1.0000,1.0000,1.0000,1.0000,0.9990,0.9975,0.9970,0.9960,0.9955,0.9940,0.9925,0.9920,0.9915,0.9915,0.9905,0.9905,0.9905,0.9905,0.9905,0.9905,0.9905,0.9905,0.9905,0.9905,0.9905,0.9905,0.9905,0.9905,0.9905,0.9905,0.9905,0.9905,0.9905,0.9905,0.9905,0.9905,0.9905
70,1.0000,SpendAwareDPRebalance (R70-aware),4.0000,14351.0172,574.0407,spend25p,565.7778,560.8642,552.2734,541.5199,528.7072,513.3826,496.0888,479.9937,459.6759,442.0514,404.9856,394.0869,381.0876,367.4593,354.2028,343.1610,330.1976,319.0740,304.9467,293.1503,-9.7438,-27.3759,-44.9587,-59.4375,-74.1748,-87.1986,-100.5414,-113.8460,-127.9478,-143.2817,-159.6605,-176.9849,-196.4356,-216.5513,-239.6961,-263.4419,-287.6121,-306.7012,-329.4014,-351.1213,-374.7055,-399.1472,-426.6177,-452.8971,-480.7620
70,1.0000,SpendAwareDPRebalance (R70-aware),4.0000,14351.0172,574.0407,spend50p,565.9260,568.6265,569.4793,566.8295,563.5384,557.4840,548.4762,540.0937,531.3077,518.4577,484.7370,475.3810,468.4905,460.5863,451.8121,440.1502,429.8866,417.4433,402.7518,392.3590,18.2512,-1.0979,-21.2743,-41.0864,-57.6230,-73.8636,-89.3790,-103.5163,-117.1209,-130.0218,-144.1023,-158.4961,-173.0695,-189.4474,-206.0316,-222.5042,-239.7224,-253.6423,-268.1263,-284.6886,-300.9014,-319.0570,-337.8424,-355.2776,-373.3100
70,1.0000,SpendAwareDPRebalance (R70-aware),4.0000,14351.0172,574.0407,spend75p,566.0783,576.3999,586.5188,595.4351,602.2586,604.2386,606.6302,606.6216,604.3183,602.1815,570.5474,567.6355,563.4331,559.4162,558.4584,552.3773,545.0589,543.1740,537.2430,527.8268,59.1189,33.2990,7.3850,-15.1445,-37.1684,-57.8731,-75.9304,-92.7213,-107.4586,-120.3594,-131.8727,-143.9003,-156.0478,-167.6096,-180.6364,-192.9187,-206.3595,-216.3557,-227.2858,-238.9566,-250.4802,-262.7593,-276.4181,-290.1164,-303.5535
70,1.0000,SpendAwareDPRebalance (R70-aware),4.3300,13257.2907,574.0407,survival,1.0000,1.0000,1.0000,1.0000,1.0000,1.0000,1.0000,1.0000,1.0000,0.9995,0.9980,0.9975,0.9965,0.9955,0.9945,0.9935,0.9920,0.9890,0.9880,0.9840,0.9840,0.9835,0.9835,0.9835,0.9835,0.9835,0.9835,0.9835,0.9835,0.9835,0.9835,0.9835,0.9835,0.9835,0.9835,0.9835,0.9835,0.9835,0.9835,0.9835,0.9835,0.9835,0.9835,0.9835,0.9835
70,1.0000,SpendAwareDPRebalance (R70-aware),4.3300,13257.2907,574.0407,spend25p,565.7778,560.8642,552.2734,541.5199,528.7072,513.3826,496.0888,479.9937,459.6759,441.9097,404.2738,392.9429,379.8635,366.9159,353.5304,342.6621,329.0347,318.0736,303.1312,291.5429,-9.7438,-27.3493,-44.9547,-59.4372,-74.1617,-87.1928,-100.5273,-113.8367,-127.9178,-143.1657,-159.1151,-176.5669,-195.8497,-216.0973,-238.9799,-261.7841,-286.5850,-304.4743,-327.4663,-349.0646,-372.7433,-396.5218,-423.3355,-450.2269,-478.0353
70,1.0000,SpendAwareDPRebalance (R70-aware),4.3300,13257.2907,574.0407,spend50p,565.9260,568.6265,569.4793,566.8295,563.5384,557.4840,548.4762,540.0937,531.3077,518.1070,483.9201,474.9342,467.9211,459.3938,451.0306,439.3886,428.8193,415.1487,400.2617,389.2985,17.3685,-0.9886,-21.2250,-41.0604,-57.5897,-73.8410,-89.3548,-103.4560,-117.0596,-129.7786,-143.7042,-158.1061,-172.6975,-188.7586,-205.2791,-221.7762,-238.9790,-253.0738,-267.0205,-283.8251,-299.8629,-317.7665,-336.2463,-353.8109,-370.4687
70,1.0000,SpendAwareDPRebalance (R70-aware),4.3300,13257.2907,574.0407,spend75p,566.0783,576.3999,586.5188,595.4351,602.2586,604.2386,606.6302,606.6216,604.3183,601.5097,568.5222,566.4710,562.6474,558.3282,558.3060,551.2695,543.5828,541.1226,534.5812,523.3553,57.6790,31.6637,6.3898,-15.0173,-37.0676,-57.7181,-75.8097,-92.5813,-107.2650,-120.1086,-131.6167,-143.5519,-155.5499,-166.5847,-179.8648,-192.3406,-204.7696,-215.0635,-225.7329,-237.7086,-248.2364,-261.0597,-274.2424,-287.1062,-300.8318
70,1.0000,SpendAwareDPRebalance (R70-aware),4.6600,12318.4697,574.0407,survival,1.0000,1.0000,1.0000,1.0000,1.0000,1.0000,1.0000,1.0000,0.9990,0.9985,0.9955,0.9955,0.9950,0.9925,0.9905,0.9890,0.9830,0.9790,0.9770,0.9750,0.9750,0.9745,0.9745,0.9740,0.9740,0.9740,0.9740,0.9740,0.9740,0.9740,0.9740,0.9740,0.9740,0.9740,0.9740,0.9740,0.9740,0.9740,0.9740,0.9740,0.9740,0.9740,0.9740,0.9740,0.9740
70,1.0000,SpendAwareDPRebalance (R70-aware),4.6600,12318.4697,574.0407,spend25p,565.7778,560.8642,552.2734,541.5199,528.7072,513.3826,496.0888,479.9937,459.2263,441.7380,403.2610,392.3701,379.1784,365.6758,352.7720,341.0182,325.7884,314.1703,300.3594,286.9078,-9.7217,-27.3418,-44.9177,-59.3350,-74.0160,-87.1614,-100.4576,-113.6182,-127.8208,-142.7248,-158.7359,-175.9575,-195.3743,-215.3316,-237.7473,-260.4672,-285.3372,-302.9078,-324.6869,-346.7243,-369.0526,-395.0662,-421.1712,-447.9119,-474.3560
70,1.0000,SpendAwareDPRebalance (R70-aware),4.6600,12318.4697,574.0407,spend50p,565.9260,568.6265,569.4793,566.8295,563.5384,557.4840,548.4762,540.0937,531.1654,517.9482,483.2337,474.4193,467.3871,457.2376,448.9581,438.1504,426.4003,412.7841,397.1186,385.9336,16.5561,-0.4817,-20.8579,-40.8090,-57.2039,-73.6525,-89.2170,-103.3000,-116.8637,-129.4707,-143.4406,-157.7284,-172.3853,-188.1767,-204.7267,-220.8431,-238.2640,-251.7418,-266.0102,-282.2073,-298.8057,-316.6260,-335.4507,-351.7825,-369.1450
70,1.0000,SpendAwareDPRebalance (R70-aware),4.6600,12318.4697,574.0407,spend75p,566.0783,576.3999,586.5188,595.4351,602.2586,604.2386,606.6302,606.6216,604.0234,601.2520,567.8759,565.6508,562.2585,557.7955,555.7482,549.3076,540.0414,535.2427,528.3406,520.1164,56.8311,31.1979,5.8691,-14.3041,-36.5694,-57.4356,-75.5538,-92.3568,-106.8430,-119.8113,-131.1859,-142.8355,-154.9459,-166.1897,-178.6463,-191.1658,-203.6391,-213.5415,-224.5136,-235.8739,-247.0926,-259.1018,-272.9650,-284.6139,-296.8145
70,1.0000,SpendAwareDPRebalance (R70-aware),5.0000,11480.8137,574.0407,survival,1.0000,1.0000,1.0000,1.0000,1.0000,1.0000,1.0000,0.9995,0.9980,0.9955,0.9955,0.9925,0.9895,0.9845,0.9810,0.9740,0.9690,0.9640,0.9590,0.9545,0.9525,0.9525,0.9525,0.9525,0.9525,0.9525,0.9525,0.9525,0.9525,0.9525,0.9525,0.9525,0.9525,0.9525,0.9525,0.9525,0.9525,0.9525,0.9525,0.9525,0.9525,0.9525,0.9525,0.9525,0.9525
70,1.0000,SpendAwareDPRebalance (R70-aware),5.0000,11480.8137,574.0407,spend25p,565.7778,560.8642,552.2734,541.5199,528.7072,513.3826,496.0888,479.8884,457.9726,440.5276,403.2610,391.9495,378.2381,363.1465,350.6595,335.3829,322.7079,308.2926,294.0662,279.8688,-9.6466,-27.1235,-44.6772,-59.2003,-73.7737,-87.0930,-100.3887,-113.3897,-127.4459,-142.1934,-157.9081,-175.2423,-194.4324,-214.0536,-236.1163,-258.5204,-282.0790,-300.7412,-322.3099,-342.1984,-365.5151,-391.3443,-415.7816,-441.8599,-466.7952
70,1.0000,SpendAwareDPRebalance (R70-aware),5.0000,11480.8137,574.0407,spend50p,565.9260,568.6265,569.4793,566.8295,563.5384,557.4840,548.4762,539.9815,530.9147,517.2658,483.2337,473.2515,464.8670,455.4883,445.5155,433.1988,421.5070,407.9588,393.1230,376.9602,14.7113,-0.0001,-20.6032,-40.4681,-56.8859,-73.2933,-88.8991,-103.0053,-116.4078,-128.7791,-142.7139,-156.6807,-171.2614,-186.3714,-202.6092,-219.2152,-235.9851,-248.9626,-262.9208,-279.1899,-295.9182,-312.9768,-330.6735,-346.8196,-363.4168
70,1.0000,SpendAwareDPRebalance (R70-aware),5.0000,11480.8137,574.0407,spend75p,566.0783,576.3999,586.5188,595.4351,602.2586,604.2386,606.6302,606.0404,603.6962,600.9391,567.8759,564.9407,561.2604,553.4353,551.2196,543.4070,536.8106,530.0901,521.1732,509.3582,53.9209,28.9495,3.8383,-13.1013,-35.1531,-56.3241,-74.8395,-91.4269,-106.1887,-119.1011,-130.3416,-141.1589,-152.8213,-164.3217,-176.2897,-188.4785,-200.3576,-210.2248,-221.3747,-231.4696,-243.3593,-254.7729,-267.5888,-279.2634,-291.2645
70,1.0000,SpendAwareDPRebalance (R70-aware),5.5000,10437.1034,574.0407,survival,1.0000,1.0000,1.0000,1.0000,1.0000,1.0000,1.0000,0.9985,0.9970,0.9940,0.9890,0.9800,0.9725,0.9645,0.9570,0.9520,0.9425,0.9350,0.9260,0.9170,0.9170,0.9155,0.9155,0.9155,0.9155,0.9155,0.9155,0.9155,0.9155,0.9155,0.9155,0.9155,0.9155,0.9155,0.9155,0.9155,0.9155,0.9155,0.9155,0.9155,0.9155,0.9155,0.9155,0.9155,0.9155
70,1.0000,SpendAwareDPRebalance (R70-aware),5.5000,10437.1034,574.0407,spend25p,565.7778,560.8642,552.2734,541.5199,528.7072,513.3826,496.0888,478.8899,457.8481,440.0454,402.0834,387.9389,369.8613,354.4910,340.5733,327.7006,311.5928,296.7745,281.9112,265.6680,-9.4689,-26.9985,-44.5166,-59.0059,-73.4974,-86.9941,-100.1644,-113.1949,-126.7661,-141.1589,-156.3550,-173.3265,-193.1597,-211.6867,-233.3610,-254.9425,-278.8635,-296.2910,-316.2546,-336.1840,-359.2731,-384.1039,-407.9391,-433.2144,-459.0490
70,1.0000,SpendAwareDPRebalance (R70-aware),5.5000,10437.1034,574.0407,spend50p,565.9260,568.6265,569.4793,566.8295,563.5384,557.4840,548.4762,539.9404,530.6484,517.0143,481.5961,470.3745,459.7077,449.2650,437.7608,426.0629,411.4860,397.0634,379.9073,363.4309,9.8105,0.0000,-19.8456,-39.2816,-56.5203,-72.6961,-88.6012,-102.4541,-115.6054,-128.0309,-141.7430,-155.2595,-169.4117,-184.1878,-199.1467,-215.8166,-232.2865,-244.5087,-259.2763,-273.8910,-289.7893,-306.8691,-323.9382,-339.5799,-356.5670
70,1.0000,SpendAwareDPRebalance (R70-aware),5.5000,10437.1034,574.0407,spend75p,566.0783,576.3999,586.5188,595.4351,602.2586,604.2386,606.6302,605.6635,603.5645,600.8741,566.7269,562.0893,555.7940,546.9035,541.1703,535.2720,526.0793,519.4476,506.5939,490.2767,47.9734,24.1314,0.0000,-10.4465,-32.5866,-53.6581,-72.5651,-89.7883,-104.7763,-117.6424,-128.6234,-138.9892,-150.0365,-161.1669,-172.2886,-183.2332,-195.6734,-205.1671,-214.3698,-223.8710,-235.1382,-246.6064,-258.1650,-268.4674,-280.4192
70,1.0000,SpendAwareDPRebalance (R70-aware),6.0000,9567.3448,574.0407,survival,1.0000,1.0000,1.0000,1.0000,1.0000,1.0000,0.9990,0.9980,0.9945,0.9860,0.9780,0.9655,0.9535,0.9350,0.9240,0.9075,0.8915,0.8800,0.8640,0.8520,0.8500,0.8480,0.8475,0.8475,0.8475,0.8475,0.8475,0.8475,0.8475,0.8475,0.8475,0.8475,0.8475,0.8475,0.8475,0.8475,0.8475,0.8475,0.8475,0.8475,0.8475,0.8475,0.8475,0.8475,0.8475
70,1.0000,SpendAwareDPRebalance (R70-aware),6.0000,9567.3448,574.0407,spend25p,565.7778,560.8642,552.2734,541.5199,528.7072,513.3826,495.8983,478.7524,457.3927,437.6474,399.0707,381.2066,363.0969,343.6996,327.9017,308.6513,290.5768,272.2799,251.9693,234.6378,-8.3131,-26.0241,-42.8475,-58.2390,-72.9034,-86.3677,-99.4425,-112.4548,-125.7426,-139.2792,-154.1503,-170.1785,-188.0134,-207.2402,-227.6805,-249.0186,-271.5669,-288.1917,-305.7106,-325.2596,-346.5009,-369.3780,-391.6216,-414.3537,-437.7918
70,1.0000,SpendAwareDPRebalance (R70-aware),6.0000,9567.3448,574.0407,spend50p,565.9260,568.6265,569.4793,566.8295,563.5384,557.4840,548.2094,539.9152,529.6242,515.8570,480.3517,467.0813,455.0267,439.2560,428.4850,412.0039,394.7742,380.1920,363.5965,344.4906,3.7501,0.0000,-17.0227,-36.3105,-54.9341,-71.1940,-86.9900,-101.2136,-113.7823,-126.2116,-139.0703,-152.0397,-165.4981,-179.2371,-193.9004,-209.4087,-224.5179,-236.5722,-249.9904,-264.1654,-277.1829,-292.0177,-308.1763,-323.4937,-339.0467
70,1.0000,SpendAwareDPRebalance (R70-aware),6.0000,9567.3448,574.0407,spend75p,566.0783,576.3999,586.5188,595.4351,602.2586,604.2386,606.2591,605.6635,602.8578,598.7563,564.2431,558.4478,549.6813,540.1961,531.4663,522.8650,514.6052,498.4165,483.4363,471.3274,41.8814,18.8368,0.0000,-0.7943,-24.6511,-47.5696,-67.3000,-84.7527,-100.8142,-113.6255,-124.5436,-134.8265,-145.0080,-153.9003,-163.4602,-173.2226,-183.3851,-191.5665,-200.2762,-209.2501,-218.0087,-228.2231,-238.4502,-248.6566,-257.8294
70,1.0000,SpendAwareDPRebalance (R70-aware),7.0000,8200.5812,574.0407,survival,1.0000,1.0000,1.0000,1.0000,1.0000,0.9995,0.9975,0.9925,0.9795,0.9635,0.9375,0.9120,0.8795,0.8495,0.8210,0.7900,0.7600,0.7380,0.7205,0.7065,0.7040,0.7035,0.7035,0.7030,0.7030,0.7030,0.7030,0.7030,0.7030,0.7030,0.7030,0.7030,0.7030,0.7030,0.7030,0.7030,0.7030,0.7030,0.7030,0.7030,0.7030,0.7030,0.7030,0.7030,0.7030
70,1.0000,SpendAwareDPRebalance (R70-aware),7.0000,8200.5812,574.0407,spend25p,565.7778,560.8642,552.2734,541.5199,528.7072,513.3394,495.5575,476.5654,453.8695,429.0471,386.7732,361.4692,333.7092,302.3711,275.7398,241.4555,179.2622,0.0000,0.0000,0.0000,-4.6203,-22.7254,-39.8176,-56.3803,-70.7878,-84.9112,-97.4532,-110.4058,-123.2003,-136.0738,-150.4715,-165.1258,-181.5802,-199.2053,-218.3566,-237.4267,-256.6904,-272.3527,-288.9961,-307.3631,-328.6830,-347.4197,-366.8837,-386.9614,-407.9548
70,1.0000,SpendAwareDPRebalance (R70-aware),7.0000,8200.5812,574.0407,spend50p,565.9260,568.6265,569.4793,566.8295,563.5384,557.3171,548.0247,538.8805,527.1943,511.5067,471.9100,454.5289,432.5296,411.9928,392.9028,373.3163,351.8570,330.1912,311.5793,292.4509,0.0000,0.0000,-6.4474,-28.3976,-47.6044,-65.5644,-82.1755,-97.1825,-109.9311,-121.7825,-133.4193,-145.0948,-156.7892,-169.0212,-181.3066,-193.9486,-207.9525,-217.5606,-228.7729,-239.6947,-252.2454,-265.5815,-278.9147,-292.8787,-306.9734
70,1.0000,SpendAwareDPRebalance (R70-aware),7.0000,8200.5812,574.0407,spend75p,566.0783,576.3999,586.5188,595.4351,602.2586,604.1897,606.2150,604.9760,598.7014,593.6337,555.6579,546.8730,531.9995,519.1345,508.9239,493.1826,471.2446,460.4936,444.5463,429.6688,28.4301,6.9966,0.0000,0.0000,0.0000,0.0000,0.0000,0.0000,0.0000,0.0000,0.0000,0.0000,0.0000,0.0000,0.0000,0.0000,0.0000,0.0000,0.0000,0.0000,0.0000,0.0000,0.0000,0.0000,0.0000
70,1.2000,SpendAwareDPRebalance (R70-aware),2.3800,28762.5556,684.5488,survival,1.0000,1.0000,1.0000,1.0000,1.0000,1.0000,1.0000,1.0000,1.0000,1.0000,1.0000,1.0000,1.0000,1.0000,1.0000,1.0000,1.0000,1.0000,1.0000,1.0000,1.0000,1.0000,1.0000,1.0000,1.0000,1.0000,1.0000,1.0000,1.0000,1.0000,1.0000,1.0000,1.0000,1.0000,1.0000,1.0000,1.0000,1.0000,1.0000,1.0000,1.0000,1.0000,1.0000,1.0000,1.0000
70,1.2000,SpendAwareDPRebalance (R70-aware),2.3800,28762.5556,684.5488,spend25p,674.6284,668.7690,658.4259,645.5526,630.2180,611.8170,591.1381,571.8566,547.4507,526.3006,485.9827,472.9042,458.0727,442.0028,426.6391,413.2100,397.3629,385.3938,370.5520,355.8558,47.4668,27.7816,8.9212,-8.1122,-23.8555,-37.9532,-51.4198,-63.8532,-75.3060,-86.5272,-98.0530,-109.7537,-122.2697,-135.6066,-152.4921,-170.7327,-190.9311,-207.5259,-225.2199,-244.4865,-267.8299,-290.3838,-313.9971,-339.0219,-364.3589
70,1.2000,SpendAwareDPRebalance (R70-aware),2.3800,28762.5556,684.5488,spend50p,674.7766,677.9952,678.9394,675.7147,671.7291,664.3608,653.5093,643.3710,632.7867,617.3109,581.6844,570.4572,562.3535,553.0353,543.0873,530.9054,517.1878,503.4445,489.4645,474.8233,96.1735,74.3276,52.3760,30.8249,11.8716,-5.7912,-21.9985,-38.1508,-51.8102,-65.0801,-79.0731,-93.3371,-107.1900,-120.9394,-135.2450,-151.4274,-169.5895,-182.6722,-197.5438,-213.7480,-231.3535,-249.3545,-268.7584,-285.0480,-303.2585
70,1.2000,SpendAwareDPRebalance (R70-aware),2.3800,28762.5556,684.5488,spend75p,674.9288,687.2129,699.2325,709.7492,717.8851,720.0856,722.8320,722.4641,719.5545,716.9241,684.6569,681.1626,676.5642,672.1556,671.2427,665.0830,657.2158,654.8105,650.3292,640.0022,162.9252,135.1674,108.3441,82.4184,59.1421,37.7742,17.8360,-0.3359,-19.1816,-35.5603,-52.4731,-69.2079,-86.5275,-104.2554,-121.0136,-137.2958,-153.8765,-164.7271,-177.2546,-190.2565,-203.7582,-216.8129,-230.8417,-243.4633,-256.8242
70,1.2000,SpendAwareDPRebalance (R70-aware),2.5000,27381.9530,684.5488,survival,1.0000,1.0000,1.0000,1.0000,1.0000,1.0000,1.0000,1.0000,1.0000,1.0000,1.0000,1.0000,1.0000,1.0000,1.0000,1.0000,1.0000,1.0000,1.0000,1.0000,1.0000,1.0000,1.0000,1.0000,1.0000,1.0000,1.0000,1.0000,1.0000,1.0000,1.0000,1.0000,1.0000,1.0000,1.0000,1.0000,1.0000,1.0000,1.0000,1.0000,1.0000,1.0000,1.0000,1.0000,1.0000
70,1.2000,SpendAwareDPRebalance (R70-aware),2.5000,27381.9530,684.5488,spend25p,674.6284,668.7690,658.4259,645.5526,630.2180,611.8170,591.1381,571.8566,547.4507,526.3006,485.9827,472.9042,458.0727,442.0028,426.6391,413.2100,397.3629,385.3938,370.5520,355.8558,47.4668,27.7816,8.9212,-8.1122,-23.8555,-37.9532,-51.4198,-63.8532,-75.3060,-86.5272,-98.0530,-109.7537,-122.2697,-135.6066,-152.4921,-170.7327,-190.9311,-207.5259,-225.2199,-244.4865,-267.8299,-290.3838,-313.9971,-339.0219,-364.3589
70,1.2000,SpendAwareDPRebalance (R70-aware),2.5000,27381.9530,684.5488,spend50p,674.7766,677.9952,678.9394,675.7147,671.7291,664.3608,653.5093,643.3710,632.7867,617.3109,581.6844,570.4572,562.3535,553.0353,543.0873,530.9054,517.1878,503.4445,489.4645,474.8233,96.1735,74.3276,52.3760,30.8249,11.8716,-5.7912,-21.9985,-38.1508,-51.8102,-65.0801,-79.0731,-93.3371,-107.1900,-120.9394,-135.2450,-151.4274,-169.5895,-182.6722,-197.5438,-213.7480,-231.3535,-249.3545,-268.7584,-285.0480,-303.2585
70,1.2000,SpendAwareDPRebalance (R70-aware),2.5000,27381.9530,684.5488,spend75p,674.9288,687.2129,699.2325,709.7492,717.8851,720.0856,722.8320,722.4641,719.5545,716.9241,684.6569,681.1626,676.5642,672.1556,671.2427,665.0830,657.2158,654.8105,650.3292,640.0022,162.9252,135.1674,108.3441,82.4184,59.1421,37.7742,17.8360,-0.3359,-19.1816,-35.5603,-52.4731,-69.2079,-86.5275,-104.2554,-121.0136,-137.2958,-153.8765,-164.7271,-177.2546,-190.2565,-203.7582,-216.8129,-230.8417,-243.4633,-256.8242
70,1.2000,SpendAwareDPRebalance (R70-aware),2.8000,24448.1723,684.5488,survival,1.0000,1.0000,1.0000,1.0000,1.0000,1.0000,1.0000,1.0000,1.0000,1.0000,1.0000,1.0000,1.0000,1.0000,1.0000,1.0000,1.0000,1.0000,1.0000,1.0000,1.0000,1.0000,0.9995,0.9995,0.9995,0.9995,0.9995,0.9995,0.9995,0.9995,0.9995,0.9995,0.9995,0.9995,0.9995,0.9995,0.9995,0.9995,0.9995,0.9995,0.9995,0.9995,0.9995,0.9995,0.9995
70,1.2000,SpendAwareDPRebalance (R70-aware),2.8000,24448.1723,684.5488,spend25p,674.6284,668.7690,658.4259,645.5526,630.2180,611.8170,591.1381,571.8566,547.4507,526.3006,485.9827,472.9042,458.0727,442.0028,426.6391,413.2100,397.3629,385.3938,370.5520,355.8558,47.4668,27.7816,8.9006,-8.1122,-23.8555,-37.9532,-51.4198,-63.8532,-75.3060,-86.5272,-98.0530,-109.7537,-122.2697,-135.6066,-152.4815,-170.6872,-190.9130,-207.4356,-225.0508,-244.4216,-267.6742,-290.3771,-313.8922,-338.7568,-364.2387
70,1.2000,SpendAwareDPRebalance (R70-aware),2.8000,24448.1723,684.5488,spend50p,674.7766,677.9952,678.9394,675.7147,671.7291,664.3608,653.5093,643.3710,632.7867,617.3109,581.6844,570.4572,562.3535,553.0353,543.0873,530.9054,517.1878,503.4445,489.4645,474.8233,96.1735,74.3276,52.3518,30.5504,11.8577,-5.7912,-21.9985,-38.1508,-51.8102,-65.0801,-79.0731,-93.3371,-107.1900,-120.8891,-135.2375,-151.4230,-169.5672,-182.6381,-197.5292,-213.6550,-231.2757,-249.3015,-268.6930,-284.9292,-303.0972
70,1.2000,SpendAwareDPRebalance (R70-aware),2.8000,24448.1723,684.5488,spend75p,674.9288,687.2129,699.2325,709.7492,717.8851,720.0856,722.8320,722.4641,719.5545,716.9241,684.6569,681.1626,676.5642,672.1556,671.2427,665.0830,657.2158,654.8105,650.3292,640.0022,162.9252,135.1674,108.1054,82.2792,58.9390,37.6360,17.7961,-0.3359,-19.1816,-35.5603,-52.4731,-69.2079,-86.5275,-104.1919,-121.0104,-137.2608,-153.8446,-164.7001,-177.2284,-190.2205,-203.7377,-216.7438,-230.7989,-243.3282,-256.7293
70,1.2000,SpendAwareDPRebalance (R70-aware),3.0000,22818.2941,684.5488,survival,1.0000,1.0000,1.0000,1.0000,1.0000,1.0000,1.0000,1.0000,1.0000,1.0000,1.0000,1.0000,1.0000,1.0000,1.0000,1.0000,1.0000,1.0000,1.0000,0.9995,0.9995,0.9995,0.9995,0.9995,0.9990,0.9985,0.9985,0.9985,0.9985,0.9985,0.9985,0.9985,0.9985,0.9985,0.9985,0.9985,0.9985,0.9985,0.9985,0.9985,0.9985,0.9985,0.9985,0.9985,0.9985
70,1.2000,SpendAwareDPRebalance (R70-aware),3.0000,22818.2941,684.5488,spend25p,674.6284,668.7690,658.4259,645.5526,630.2180,611.8170,591.1381,571.8566,547.4507,526.3006,485.9827,472.9042,458.0727,442.0028,426.6391,413.2100,397.3629,385.3938,370.5520,355.8304,47.4446,27.7683,8.9006,-8.1122,-23.8555,-37.9532,-51.4198,-63.8532,-75.3060,-86.5272,-98.0530,-109.7537,-122.2697,-135.6066,-152.4815,-170.6872,-190.9130,-207.4356,-225.0508,-244.4216,-267.6742,-290.3771,-313.8922,-338.7568,-364.2387
70,1.2000,SpendAwareDPRebalance (R70-aware),3.0000,22818.2941,684.5488,spend50p,674.7766,677.9952,678.9394,675.7147,671.7291,664.3608,653.5093,643.3710,632.7867,617.3109,581.6844,570.4572,562.3535,553.0353,543.0873,530.9054,517.1878,503.4445,489.4645,474.6990,95.9682,74.2403,52.3518,30.5504,11.8343,-5.7912,-21.9985,-38.1508,-51.8102,-65.0801,-79.0731,-93.3371,-107.1900,-120.8891,-135.2375,-151.4230,-169.5672,-182.6211,-197.5292,-213.6550,-231.2051,-249.2184,-268.5836,-284.7638,-302.8802
70,1.2000,SpendAwareDPRebalance (R70-aware),3.0000,22818.2941,684.5488,spend75p,674.9288,687.2129,699.2325,709.7492,717.8851,720.0856,722.8320,722.4641,719.5545,716.9241,684.6569,681.1626,676.5642,672.1556,671.2427,665.0830,657.2158,654.8105,650.3292,639.7318,162.8271,135.1029,108.1054,82.2792,58.6494,37.5717,17.6075,-0.3359,-19.1816,-35.5603,-52.4731,-69.2079,-86.5275,-104.1919,-121.0104,-137.2608,-153.7513,-164.6746,-177.1878,-190.1035,-203.6653,-216.5753,-230.6549,-243.1641,-256.6112
70,1.2000,SpendAwareDPRebalance (R70-aware),3.3300,20557.0217,684.5488,survival,1.0000,1.0000,1.0000,1.0000,1.0000,1.0000,1.0000,1.0000,1.0000,1.0000,1.0000,1.0000,1.0000,1.0000,1.0000,0.9995,0.9995,0.9980,0.9975,0.9965,0.9965,0.9965,0.9965,0.9965,0.9965,0.9965,0.9965,0.9965,0.9965,0.9965,0.9965,0.9965,0.9965,0.9965,0.9965,0.9965,0.9965,0.9965,0.9965,0.9965,0.9965,0.9965,0.9965,0.9965,0.9965
70,1.2000,SpendAwareDPRebalance (R70-aware),3.3300,20557.0217,684.5488,spend25p,674.6284,668.7690,658.4259,645.5526,630.2180,611.8170,591.1381,571.8566,547.4507,526.3006,485.9827,472.9042,458.0727,442.0028,426.6391,413.1332,397.3173,384.6313,368.6427,353.9728,46.7481,27.2828,8.4786,-8.1122,-23.8555,-37.9532,-51.4198,-63.8532,-75.3060,-86.5272,-98.0530,-109.7537,-122.2697,-135.6066,-152.4815,-170.6160,-190.7363,-207.3995,-224.9878,-244.0232,-267.1692,-290.2322,-313.7023,-338.3587,-362.6247
70,1.2000,SpendAwareDPRebalance (R70-aware),3.3300,20557.0217,684.5488,spend50p,674.7766,677.9952,678.9394,675.7147,671.7291,664.3608,653.5093,643.3710,632.7867,617.3109,581.6844,570.4572,562.3535,553.0353,543.0873,530.6200,516.9944,502.9896,486.2698,473.4898,95.4622,73.9225,51.2375,30.1680,11.6469,-5.6337,-21.9985,-38.1508,-51.8102,-65.0801,-79.0731,-93.3371,-107.1900,-120.8891,-135.2310,-151.2213,-169.5007,-182.4225,-197.4131,-213.4013,-230.9740,-249.0409,-268.3328,-284.6379,-302.1264
70,1.2000,SpendAwareDPRebalance (R70-aware),3.3300,20557.0217,684.5488,spend75p,674.9288,687.2129,699.2325,709.7492,717.8851,720.0856,722.8320,722.4641,719.5545,716.9241,684.6569,681.1626,676.5642,672.1556,671.2427,664.9469,656.3189,654.0414,647.4253,636.0270,162.3813,134.4885,107.6676,81.7899,58.1651,37.2988,17.3968,-0.2300,-19.1286,-35.5273,-52.4519,-69.1865,-86.5099,-104.1618,-120.9577,-137.1970,-153.6655,-164.5739,-177.0920,-189.8508,-203.4421,-216.0510,-230.5249,-242.9062,-256.0513
70,1.2000,SpendAwareDPRebalance (R70-aware),3.6600,18703.5198,684.5488,survival,1.0000,1.0000,1.0000,1.0000,1.0000,1.0000,1.0000,1.0000,1.0000,1.0000,1.0000,1.0000,1.0000,0.9995,0.9985,0.9970,0.9960,0.9950,0.9950,0.9935,0.9935,0.9935,0.9935,0.9935,0.9935,0.9935,0.9925,0.9925,0.9925,0.9925,0.9925,0.9925,0.9925,0.9925,0.9925,0.9925,0.9925,0.9925,0.9925,0.9925,0.9925,0.9925,0.9925,0.9925,0.9925
70,1.2000,SpendAwareDPRebalance (R70-aware),3.6600,18703.5198,684.5488,spend25p,674.6284,668.7690,658.4259,645.5526,630.2180,611.8170,591.1381,571.8566,547.4507,526.3006,485.9827,472.9042,458.0727,441.7590,425.8857,412.0897,396.4688,383.1665,367.5991,352.6855,45.8989,26.7508,7.8273,-8.1122,-23.8555,-37.9532,-51.4198,-63.8532,-75.3060,-86.5272,-98.0530,-109.7537,-122.2542,-135.5859,-152.4428,-170.5645,-190.6575,-207.2302,-224.1727,-243.5925,-266.8975,-289.4527,-312.6358,-337.5357,-361.5379
70,1.2000,SpendAwareDPRebalance (R70-aware),3.6600,18703.5198,684.5488,spend50p,674.7766,677.9952,678.9394,675.7147,671.7291,664.3608,653.5093,643.3710,632.7867,617.3109,581.6844,570.4572,562.3535,552.9334,542.7641,528.6167,516.0150,501.7259,485.1098,471.4519,94.9319,73.2644,50.7055,29.7833,11.0120,-5.6337,-21.9985,-38.1508,-51.8102,-64.9821,-79.0283,-93.3288,-107.1115,-120.8540,-135.2253,-151.2060,-169.4099,-182.2466,-197.2405,-213.1567,-230.6627,-248.2256,-267.6863,-284.2865,-301.1924
70,1.2000,SpendAwareDPRebalance (R70-aware),3.6600,18703.5198,684.5488,spend75p,674.9288,687.2129,699.2325,709.7492,717.8851,720.0856,722.8320,722.4641,719.5545,716.9241,684.6569,681.1626,676.5642,671.7885,670.4070,663.1641,654.3004,652.4737,646.5334,634.0029,161.7156,133.8078,107.1788,80.8905,57.7102,36.7744,16.7167,-0.0785,-18.7333,-35.3389,-52.3940,-69.1035,-86.4230,-104.1496,-120.8878,-137.0108,-153.5135,-164.3909,-176.8809,-189.6227,-203.0786,-215.7468,-229.9526,-242.4226,-255.4910
70,1.2000,SpendAwareDPRebalance (R70-aware),4.0000,17113.7206,684.5488,survival,1.0000,1.0000,1.0000,1.0000,1.0000,1.0000,1.0000,1.0000,1.0000,1.0000,0.9995,0.9980,0.9970,0.9960,0.9955,0.9945,0.9940,0.9925,0.9905,0.9880,0.9875,0.9875,0.9870,0.9865,0.9865,0.9865,0.9865,0.9865,0.9865,0.9865,0.9865,0.9865,0.9865,0.9865,0.9865,0.9865,0.9865,0.9865,0.9865,0.9865,0.9865,0.9865,0.9865,0.9865,0.9865
70,1.2000,SpendAwareDPRebalance (R70-aware),4.0000,17113.7206,684.5488,spend25p,674.6284,668.7690,658.4259,645.5526,630.2180,611.8170,591.1381,571.8566,547.4507,526.3006,485.8353,471.6107,455.9436,440.3741,424.3215,411.6094,395.2027,382.7354,364.3004,350.8386,44.7144,25.0939,6.7514,-8.1122,-23.8555,-37.9532,-51.4198,-63.8532,-75.3060,-86.5272,-98.0358,-109.6982,-122.2348,-135.5669,-152.3486,-170.4360,-190.4227,-207.0041,-223.6360,-243.2859,-266.5873,-288.7888,-312.2465,-336.7842,-360.8965
70,1.2000,SpendAwareDPRebalance (R70-aware),4.0000,17113.7206,684.5488,spend50p,674.7766,677.9952,678.9394,675.7147,671.7291,664.3608,653.5093,643.3710,632.7867,617.3109,581.6608,570.1650,561.6817,551.6627,541.5568,527.7840,515.4072,500.4076,482.5538,468.7159,93.6474,71.9836,49.3308,28.6855,9.7697,-5.4595,-21.9919,-38.1206,-51.7848,-64.8755,-78.9327,-93.3125,-107.0619,-120.7508,-135.1107,-151.1456,-169.2276,-181.8989,-196.8506,-212.6918,-229.7853,-247.8141,-266.6489,-283.7098,-300.6893
70,1.2000,SpendAwareDPRebalance (R70-aware),4.0000,17113.7206,684.5488,spend75p,674.9288,687.2129,699.2325,709.7492,717.8851,720.0856,722.8320,722.4641,719.5545,716.9241,684.6209,680.1187,675.1768,670.9932,670.1178,662.1357,653.0275,651.5345,642.8771,631.2332,160.1547,132.3179,106.0682,79.9137,55.7289,35.4900,16.0829,0.0000,-18.4215,-35.1704,-52.0008,-68.8340,-86.2617,-103.9354,-120.7209,-136.8715,-153.2837,-163.9530,-176.4975,-189.2891,-202.0906,-215.4342,-229.2056,-241.5101,-254.5413
70,1.2000,SpendAwareDPRebalance (R70-aware),4.3300,15809.4417,684.5488,survival,1.0000,1.0000,1.0000,1.0000,1.0000,1.0000,1.0000,1.0000,1.0000,0.9990,0.9970,0.9955,0.9955,0.9950,0.9925,0.9915,0.9900,0.9855,0.9815,0.9800,0.9790,0.9775,0.9775,0.9775,0.9760,0.9755,0.9755,0.9755,0.9750,0.9750,0.9750,0.9750,0.9750,0.9750,0.9750,0.9750,0.9750,0.9750,0.9750,0.9750,0.9750,0.9750,0.9750,0.9750,0.9750
70,1.2000,SpendAwareDPRebalance (R70-aware),4.3300,15809.4417,684.5488,spend25p,674.6284,668.7690,658.4259,645.5526,630.2180,611.8170,591.1381,571.8566,547.4507,526.0017,484.8229,470.8442,455.3427,440.1554,423.9453,410.3297,393.7119,379.4236,361.8373,347.7467,42.8361,23.5456,4.8377,-8.1122,-23.8555,-37.9084,-51.3169,-63.7259,-75.2558,-86.5061,-97.8994,-109.6462,-122.2182,-135.5311,-152.1958,-170.2634,-190.2993,-206.7510,-223.1139,-243.0026,-265.3511,-288.0083,-311.4001,-335.4379,-358.1958
70,1.2000,SpendAwareDPRebalance (R70-aware),4.3300,15809.4417,684.5488,spend50p,674.7766,677.9952,678.9394,675.7147,671.7291,664.3608,653.5093,643.3710,632.7867,616.6895,580.3642,569.3032,561.0928,550.7057,540.5976,526.1638,513.6107,497.1857,477.8114,465.5287,92.5022,70.2085,48.3246,26.7458,8.1539,-5.1437,-21.6006,-37.7835,-51.5481,-64.6390,-78.7048,-93.2109,-106.9275,-120.5924,-134.9679,-150.9031,-168.9329,-181.5108,-195.9095,-212.0331,-228.8697,-246.9004,-265.5600,-281.6924,-299.5342
70,1.2000,SpendAwareDPRebalance (R70-aware),4.3300,15809.4417,684.5488,spend75p,674.9288,687.2129,699.2325,709.7492,717.8851,720.0856,722.8320,722.4641,719.5545,715.8370,681.7611,678.7809,674.8619,669.9939,668.5812,661.3076,651.7429,648.6338,635.5568,627.7213,159.0691,130.6568,104.4241,79.0209,54.1867,33.4442,13.7311,0.0000,-17.2534,-34.6189,-51.3282,-68.2094,-85.7724,-103.5272,-120.3525,-136.3594,-152.8143,-163.2957,-175.8461,-188.3557,-200.7216,-213.3597,-227.1874,-239.7340,-252.2968
70,1.2000,SpendAwareDPRebalance (R70-aware),4.6600,14689.8889,684.5488,survival,1.0000,1.0000,1.0000,1.0000,1.0000,1.0000,1.0000,1.0000,0.9985,0.9980,0.9955,0.9955,0.9935,0.9895,0.9865,0.9820,0.9735,0.9695,0.9655,0.9630,0.9625,0.9620,0.9615,0.9605,0.9595,0.9595,0.9590,0.9590,0.9590,0.9585,0.9585,0.9585,0.9585,0.9585,0.9585,0.9585,0.9585,0.9585,0.9585,0.9585,0.9585,0.9585,0.9585,0.9585,0.9585
70,1.2000,SpendAwareDPRebalance (R70-aware),4.6600,14689.8889,684.5488,spend25p,674.6284,668.7690,658.4259,645.5526,630.2180,611.8170,591.1381,571.8566,546.3416,525.8451,483.9132,470.8442,454.8181,438.4569,422.4883,406.3762,388.3374,373.5422,355.4727,340.3341,39.1758,19.8474,2.5566,-7.9792,-23.7307,-37.5399,-51.1718,-63.6128,-75.0776,-86.3703,-97.7875,-109.6195,-122.1136,-135.3958,-151.9170,-169.9650,-190.0256,-206.4380,-222.5384,-242.3971,-264.5939,-286.9808,-310.4668,-333.0359,-356.1116
70,1.2000,SpendAwareDPRebalance (R70-aware),4.6600,14689.8889,684.5488,spend50p,674.7766,677.9952,678.9394,675.7147,671.7291,664.3608,653.5093,643.3710,632.4235,616.5888,579.8804,569.3032,560.4336,547.4708,537.6508,522.3431,507.6503,491.4867,472.7600,458.3862,89.5307,66.9313,45.6686,24.2946,6.2471,-4.5644,-21.4253,-37.2663,-51.2234,-64.4214,-78.4076,-92.6672,-106.5086,-120.3399,-134.4737,-150.5160,-168.2330,-180.5612,-195.4133,-210.7291,-227.2095,-245.2201,-262.5551,-280.0326,-296.2886
70,1.2000,SpendAwareDPRebalance (R70-aware),4.6600,14689.8889,684.5488,spend75p,674.9288,687.2129,699.2325,709.7492,717.8851,720.0856,722.8320,722.4641,718.9833,715.7564,681.4511,678.7809,674.7103,667.4970,663.0240,655.3623,644.9842,638.7132,627.8551,618.0694,155.4699,127.6388,101.3072,76.5127,52.1551,30.7068,11.0819,0.0000,-15.8376,-33.1938,-49.7543,-67.2044,-84.7387,-102.9775,-119.5152,-135.8699,-151.8321,-162.4891,-174.7903,-187.2448,-198.7320,-210.8821,-224.9662,-237.2911,-248.7597
70,1.2000,SpendAwareDPRebalance (R70-aware),5.0000,13690.9765,684.5488,survival,1.0000,1.0000,1.0000,1.0000,1.0000,1.0000,1.0000,0.9990,0.9980,0.9955,0.9950,0.9910,0.9830,0.9775,0.9695,0.9635,0.9585,0.9535,0.9455,0.9400,0.9395,0.9375,0.9365,0.9350,0.9340,0.9335,0.9335,0.9335,0.9335,0.9335,0.9335,0.9335,0.9335,0.9335,0.9335,0.9335,0.9335,0.9335,0.9335,0.9335,0.9335,0.9335,0.9335,0.9335,0.9335
70,1.2000,SpendAwareDPRebalance (R70-aware),5.0000,13690.9765,684.5488,spend25p,674.6284,668.7690,658.4259,645.5526,630.2180,611.8170,591.1381,571.3560,545.4600,524.4724,483.5324,469.7412,450.4640,431.2660,415.6141,398.3972,383.1266,365.5116,347.0340,328.8835,33.9480,16.3950,0.0000,-7.9154,-23.6547,-37.3115,-51.0008,-63.4949,-74.9098,-86.2817,-97.5925,-109.4476,-121.9233,-134.9052,-150.9836,-168.8032,-189.1539,-204.5849,-221.2779,-240.8421,-262.5579,-285.5827,-309.2382,-330.0073,-352.8542
70,1.2000,SpendAwareDPRebalance (R70-aware),5.0000,13690.9765,684.5488,spend50p,674.7766,677.9952,678.9394,675.7147,671.7291,664.3608,653.5093,643.2141,632.2357,615.8524,579.8587,567.4289,555.1398,544.2608,528.2817,515.1255,501.0590,484.7698,466.7626,445.3889,84.2906,62.4690,40.3452,20.3009,2.4284,-3.5341,-20.6607,-36.4562,-50.3803,-63.8163,-77.9366,-91.8197,-105.7843,-119.7625,-133.6056,-149.4874,-166.7171,-179.5164,-193.7330,-208.9972,-225.0635,-242.5974,-258.8611,-275.9918,-293.0464
70,1.2000,SpendAwareDPRebalance (R70-aware),5.0000,13690.9765,684.5488,spend75p,674.9288,687.2129,699.2325,709.7492,717.8851,720.0856,722.8320,721.5969,718.9833,715.4456,681.4511,677.8404,671.2462,662.0718,655.2149,646.8116,640.5831,632.2462,619.8534,603.1200,150.5813,123.3263,97.7074,72.6125,49.7730,28.3286,8.4590,0.0000,-13.5703,-29.8127,-47.2853,-64.7907,-82.7197,-101.1071,-117.9793,-134.3070,-150.5231,-160.7345,-172.7453,-184.5898,-196.2038,-208.4277,-220.9377,-232.0932,-245.2193
70,1.2000,SpendAwareDPRebalance (R70-aware),5.5000,12446.3423,684.5488,survival,1.0000,1.0000,1.0000,1.0000,1.0000,1.0000,1.0000,0.9985,0.9970,0.9935,0.9885,0.9775,0.9665,0.9595,0.9475,0.9380,0.9260,0.9110,0.9025,0.8950,0.8915,0.8875,0.8870,0.8865,0.8845,0.8835,0.8830,0.8825,0.8820,0.8815,0.8815,0.8815,0.8815,0.8815,0.8815,0.8815,0.8815,0.8815,0.8815,0.8815,0.8815,0.8815,0.8815,0.8815,0.8815
70,1.2000,SpendAwareDPRebalance (R70-aware),5.5000,12446.3423,684.5488,spend25p,674.6284,668.7690,658.4259,645.5526,630.2180,611.8170,591.1381,570.4452,545.3389,523.7524,482.4632,463.8874,441.9777,422.9125,403.9749,386.8374,366.4687,345.3438,327.3368,307.6710,24.6643,6.0695,0.0000,-7.1210,-22.8922,-36.7524,-50.2699,-62.9787,-74.3053,-85.8249,-96.7439,-108.7496,-120.9466,-134.1122,-150.0207,-167.3442,-187.1314,-202.4674,-218.3721,-237.1557,-258.5651,-279.4291,-304.3626,-322.5416,-345.9721
70,1.2000,SpendAwareDPRebalance (R70-aware),5.5000,12446.3423,684.5488,spend50p,674.7766,677.9952,678.9394,675.7147,671.7291,664.3608,653.5093,643.1834,631.9310,615.3391,577.6551,563.7012,550.0789,537.9001,521.8866,507.2350,487.8218,467.8245,449.2219,430.8181,76.0338,52.7890,33.5346,14.2847,0.0000,-1.9681,-18.6235,-34.1155,-48.5454,-62.2722,-76.2885,-90.3377,-104.6809,-118.1306,-132.4582,-147.5070,-163.9884,-177.1088,-190.8874,-205.4796,-220.4129,-237.0763,-253.3810,-269.0538,-286.0456
70,1.2000,SpendAwareDPRebalance (R70-aware),5.5000,12446.3423,684.5488,spend75p,674.9288,687.2129,699.2325,709.7492,717.8851,720.0856,722.8320,721.4940,718.8146,715.2882,680.0005,673.8037,664.6060,655.3519,644.8423,639.3802,627.1505,610.6425,595.1838,581.7586,141.3761,115.9620,90.2052,65.8830,44.8199,23.4549,3.5840,0.0000,-6.0200,-21.9953,-39.2499,-57.3353,-76.6028,-95.9351,-114.7678,-131.4697,-146.9489,-157.0401,-167.6652,-178.9749,-189.9690,-201.3214,-212.6056,-223.1634,-234.1410
70,1.2000,SpendAwareDPRebalance (R70-aware),6.0000,11409.1471,684.5488,survival,1.0000,1.0000,1.0000,1.0000,1.0000,1.0000,0.9990,0.9980,0.9945,0.9830,0.9755,0.9595,0.9430,0.9275,0.9100,0.8885,0.8685,0.8530,0.8425,0.8245,0.8180,0.8135,0.8100,0.8100,0.8095,0.8090,0.8080,0.8080,0.8080,0.8080,0.8080,0.8080,0.8080,0.8080,0.8080,0.8080,0.8080,0.8080,0.8080,0.8080,0.8080,0.8080,0.8080,0.8080,0.8080
70,1.2000,SpendAwareDPRebalance (R70-aware),6.0000,11409.1471,684.5488,spend25p,674.6284,668.7690,658.4259,645.5526,630.2180,611.8170,590.9223,570.3794,544.6983,520.1398,478.5688,455.2243,430.7580,409.6971,386.9632,360.6674,334.6249,309.2874,287.3085,260.3142,3.2133,0.0000,0.0000,-5.6865,-21.2209,-35.5704,-49.2855,-61.8340,-73.0964,-84.5315,-95.4825,-107.2521,-119.8147,-132.6520,-147.9294,-164.6973,-184.7159,-198.7158,-214.3234,-233.0625,-251.4593,-273.5415,-297.3445,-316.8556,-339.0660
70,1.2000,SpendAwareDPRebalance (R70-aware),6.0000,11409.1471,684.5488,spend50p,674.7766,677.9952,678.9394,675.7147,671.7291,664.3608,653.1606,643.1401,630.7145,613.6662,575.9158,558.0935,542.2248,524.5261,506.9954,486.0977,463.3339,444.6136,424.6917,401.7645,64.8843,43.3689,22.7323,4.3562,0.0000,0.0000,-13.1836,-29.6341,-45.3744,-58.9268,-73.7731,-87.4999,-101.5426,-115.7204,-129.8244,-145.0829,-160.7187,-173.3154,-185.6606,-199.7056,-214.5652,-229.1316,-245.4360,-259.8393,-274.6171
70,1.2000,SpendAwareDPRebalance (R70-aware),6.0000,11409.1471,684.5488,spend75p,674.9288,687.2129,699.2325,709.7492,717.8851,720.0856,722.3284,721.4940,717.9183,712.3013,676.9711,668.0998,657.8930,647.7778,635.4724,621.2361,605.7298,587.4038,575.2411,556.8905,128.9513,104.2923,79.8794,56.1903,33.8826,15.7153,0.0000,0.0000,0.0000,0.0000,-19.0225,-38.6317,-59.2428,-82.2184,-103.7934,-124.0702,-139.4478,-149.6674,-159.5082,-168.7115,-177.4597,-186.5078,-196.1974,-204.2807,-212.8320
70,1.2000,SpendAwareDPRebalance (R70-aware),7.0000,9779.2689,684.5488,survival,1.0000,1.0000,1.0000,1.0000,1.0000,0.9995,0.9975,0.9925,0.9790,0.9630,0.9370,0.9090,0.8740,0.8390,0.8065,0.7710,0.7440,0.7205,0.7005,0.6790,0.6760,0.6725,0.6720,0.6710,0.6700,0.6690,0.6690,0.6690,0.6690,0.6690,0.6690,0.6690,0.6690,0.6690,0.6690,0.6690,0.6690,0.6690,0.6690,0.6690,0.6690,0.6690,0.6690,0.6690,0.6690
70,1.2000,SpendAwareDPRebalance (R70-aware),7.0000,9779.2689,684.5488,spend25p,674.6284,668.7690,658.4259,645.5526,630.2180,611.7871,590.5382,567.7576,540.4919,510.7499,463.9678,432.3103,396.5364,357.3476,320.7759,257.1698,0.0000,0.0000,0.0000,0.0000,0.0000,0.0000,0.0000,-0.7502,-16.4846,-31.5784,-45.8921,-57.9732,-69.4811,-81.0433,-92.7738,-103.9562,-117.1458,-129.7370,-143.8550,-160.2186,-178.9684,-192.0155,-207.5962,-222.8840,-240.6334,-259.8237,-281.1383,-298.7028,-318.6931
70,1.2000,SpendAwareDPRebalance (R70-aware),7.0000,9779.2689,684.5488,spend50p,674.7766,677.9952,678.9394,675.7147,671.7291,664.1453,652.9190,641.8219,627.7153,608.9219,566.1996,544.4568,516.9701,488.8361,465.8013,440.3975,415.0866,389.1948,362.1163,338.0498,37.8492,18.3897,0.9959,0.0000,0.0000,0.0000,0.0000,-15.9943,-31.2473,-48.4154,-63.5259,-79.1365,-93.5554,-110.0325,-123.9112,-139.0893,-154.3446,-164.3216,-176.1703,-188.1233,-199.9398,-212.2800,-226.1129,-238.9147,-251.1281
70,1.2000,SpendAwareDPRebalance (R70-aware),7.0000,9779.2689,684.5488,spend75p,674.9288,687.2129,699.2325,709.7492,717.8851,720.0367,722.3263,720.6913,712.7417,706.5082,666.3424,654.3153,637.2517,619.5500,605.9898,586.2682,562.5021,542.0950,520.5280,501.5426,106.4444,82.5763,59.1180,37.9015,18.5772,0.0000,0.0000,0.0000,0.0000,0.0000,0.0000,0.0000,0.0000,0.0000,0.0000,0.0000,0.0000,0.0000,0.0000,0.0000,0.0000,0.0000,0.0000,0.0000,0.0000
70,1.5000,SpendAwareDPRebalance (R70-aware),2.3800,35727.3542,850.3110,survival,1.0000,1.0000,1.0000,1.0000,1.0000,1.0000,1.0000,1.0000,1.0000,1.0000,1.0000,1.0000,1.0000,1.0000,1.0000,1.0000,1.0000,1.0000,1.0000,1.0000,1.0000,0.9995,0.9995,0.9995,0.9995,0.9995,0.9995,0.9995,0.9995,0.9995,0.9995,0.9995,0.9995,0.9995,0.9995,0.9995,0.9995,0.9995,0.9995,0.9990,0.9990,0.9990,0.9990,0.9990,0.9990
70,1.5000,SpendAwareDPRebalance (R70-aware),2.3800,35727.3542,850.3110,spend25p,850.3363,855.1836,854.5366,850.0215,841.5957,829.5245,812.9592,797.3174,775.0343,755.7671,717.3519,708.3355,696.9047,682.6967,668.4712,657.6014,641.8777,632.1441,617.0468,601.7671,292.0498,270.1941,254.7880,235.5602,218.7893,207.7600,197.9352,189.5080,182.5830,175.8496,170.8237,166.3096,159.8133,153.4496,148.6869,141.1231,133.0163,123.3519,112.0946,99.5337,90.0823,75.4543,66.5726,53.8752,41.7695
70,1.5000,SpendAwareDPRebalance (R70-aware),2.3800,35727.3542,850.3110,spend50p,850.4845,866.9718,880.8583,889.6882,896.6059,898.8446,898.3687,897.5657,895.6496,885.0789,857.8583,854.4286,855.1538,853.8386,851.0304,841.9390,834.8442,825.6524,811.3889,801.8297,424.9267,404.5671,383.2344,362.1988,349.7175,338.4875,331.3345,321.7866,321.0078,317.8809,312.6733,311.6400,307.2737,304.6310,301.3908,293.9161,288.6960,279.3035,268.0360,257.1820,244.0265,228.4278,214.5307,203.9554,189.1920
70,1.5000,SpendAwareDPRebalance (R70-aware),2.3800,35727.3542,850.3110,spend75p,850.6367,878.8317,906.9790,934.1191,957.9248,975.1894,992.5011,1005.4584,1015.9501,1026.3914,1005.3360,1016.1688,1026.1882,1033.9677,1048.3849,1051.5624,1054.5920,1070.1776,1073.9242,1070.6272,601.0673,576.9425,556.2966,543.9416,527.9342,515.7811,504.8668,498.1934,491.4931,491.7831,489.8754,499.9020,505.3344,502.6327,505.7053,510.6339,510.2181,498.4784,489.5330,481.6641,471.5163,456.0342,446.8663,430.6485,421.9651
70,1.5000,SpendAwareDPRebalance (R70-aware),2.5000,34012.4412,850.3110,survival,1.0000,1.0000,1.0000,1.0000,1.0000,1.0000,1.0000,1.0000,1.0000,1.0000,1.0000,1.0000,1.0000,1.0000,1.0000,1.0000,1.0000,1.0000,1.0000,1.0000,0.9995,0.9995,0.9995,0.9995,0.9995,0.9995,0.9995,0.9995,0.9995,0.9995,0.9995,0.9990,0.9990,0.9990,0.9990,0.9990,0.9990,0.9990,0.9990,0.9990,0.9990,0.9990,0.9990,0.9990,0.9990
70,1.5000,SpendAwareDPRebalance (R70-aware),2.5000,34012.4412,850.3110,spend25p,850.3363,855.1498,854.0343,848.9527,840.9045,829.4230,812.7723,795.3855,774.7959,755.5210,716.3223,707.5826,696.0087,682.3201,667.8202,657.2926,641.8777,632.1441,616.7188,601.6485,291.5085,269.8159,253.3112,234.0720,218.7633,207.2946,197.4617,188.7119,181.6641,175.6907,170.3689,163.7297,157.8600,150.2724,145.2132,139.1365,129.3128,120.7730,110.0081,96.9716,86.4718,73.5079,63.5943,51.6491,40.0947
70,1.5000,SpendAwareDPRebalance (R70-aware),2.5000,34012.4412,850.3110,spend50p,850.4845,866.8372,880.7469,889.1617,896.2738,898.4635,897.7612,897.0423,894.7943,884.9405,856.7700,853.6123,853.2907,850.7344,849.4753,840.5002,833.9815,823.9914,810.0260,801.4476,423.1973,401.8245,380.4599,359.9188,348.3298,336.9757,329.2827,320.4955,318.6668,315.6991,311.0471,307.5974,303.6923,299.8849,297.6834,289.9299,285.7614,276.6027,264.3384,252.9872,239.2011,224.3822,209.9303,198.3773,183.6386
70,1.5000,SpendAwareDPRebalance (R70-aware),2.5000,34012.4412,850.3110,spend75p,850.6367,878.6692,906.5846,933.7334,956.9137,974.7849,991.5408,1002.6052,1013.1015,1025.0096,1003.7387,1014.1714,1025.1680,1032.3834,1045.2307,1047.9379,1051.7058,1065.6153,1068.9710,1066.9571,594.2938,570.0972,551.7595,534.7456,518.8863,506.9611,499.8284,492.9631,487.9847,485.9595,486.6268,489.2322,492.5234,490.4821,497.9859,497.2165,498.9842,489.3248,478.4418,476.8129,455.5150,444.8353,436.5950,419.7546,412.9344
70,1.5000,SpendAwareDPRebalance (R70-aware),2.8000,30368.2511,850.3110,survival,1.0000,1.0000,1.0000,1.0000,1.0000,1.0000,1.0000,1.0000,1.0000,1.0000,1.0000,1.0000,1.0000,1.0000,1.0000,1.0000,1.0000,1.0000,1.0000,1.0000,1.0000,0.9995,0.9995,0.9990,0.9990,0.9990,0.9990,0.9985,0.9985,0.9985,0.9985,0.9985,0.9985,0.9985,0.9985,0.9985,0.9985,0.9985,0.9985,0.9985,0.9985,0.9985,0.9985,0.9985,0.9985
70,1.5000,SpendAwareDPRebalance (R70-aware),2.8000,30368.2511,850.3110,spend25p,850.3363,853.8489,852.2993,846.7103,837.9251,826.5422,808.8731,792.8403,770.6416,752.5873,714.9931,705.6182,693.4163,680.4577,665.3675,655.2968,640.5518,628.5356,612.3233,596.2195,287.9317,265.6231,249.4243,230.4173,215.9181,203.3288,191.1757,182.8361,177.7466,171.4899,164.9399,158.6358,153.1999,145.9095,140.2438,133.6651,124.7729,113.0392,100.9343,89.7797,78.2556,65.0576,54.6693,41.5795,28.4126
70,1.5000,SpendAwareDPRebalance (R70-aware),2.8000,30368.2511,850.3110,spend50p,850.4845,865.8224,878.9629,887.8332,893.3001,894.9375,895.4760,893.3353,890.5111,882.9385,853.3792,848.2185,846.1585,846.1839,844.1411,837.0180,829.1297,817.2555,803.8359,795.8881,415.0321,392.5417,372.6926,352.8851,336.7544,325.4266,316.9820,310.7742,303.7212,303.2514,298.3740,295.1225,291.5906,286.9101,282.3611,277.7549,272.8596,263.9605,253.0339,236.9801,225.5838,207.9215,194.6620,182.2423,168.5536
70,1.5000,SpendAwareDPRebalance (R70-aware),2.8000,30368.2511,850.3110,spend75p,850.6367,878.0295,904.8561,932.0072,953.0316,971.0970,986.3960,995.1482,1003.9738,1015.8747,995.0844,1003.6534,1010.5663,1014.0479,1026.5509,1032.9383,1041.2101,1048.4232,1047.0470,1045.2560,572.9270,550.1975,533.7935,508.0064,495.2135,477.4125,467.1554,460.5519,459.2948,456.9892,453.7125,465.4809,467.2611,464.6362,468.4204,470.2644,461.0852,453.2492,447.3587,437.1785,424.5209,411.1765,399.9324,388.6383,377.9871
70,1.5000,SpendAwareDPRebalance (R70-aware),3.0000,28343.7010,850.3110,survival,1.0000,1.0000,1.0000,1.0000,1.0000,1.0000,1.0000,1.0000,1.0000,1.0000,1.0000,1.0000,1.0000,1.0000,1.0000,1.0000,1.0000,0.9995,0.9990,0.9985,0.9980,0.9975,0.9970,0.9970,0.9970,0.9970,0.9970,0.9970,0.9970,0.9970,0.9970,0.9970,0.9970,0.9965,0.9965,0.9965,0.9965,0.9965,0.9965,0.9965,0.9965,0.9960,0.9960,0.9960,0.9960
70,1.5000,SpendAwareDPRebalance (R70-aware),3.0000,28343.7010,850.3110,spend25p,850.3363,852.4099,850.0661,844.4255,834.6306,822.9448,804.4986,788.3419,768.0966,749.1448,712.8513,702.7916,689.3856,674.5695,663.7014,652.7134,638.1416,625.6957,605.8639,592.2813,280.6872,261.6460,244.1593,225.9200,210.8940,198.0954,187.5240,177.7559,172.4296,166.0400,160.7600,153.8577,148.0351,140.2536,134.5123,126.6412,116.1071,105.7890,96.0494,83.6243,71.9078,58.6797,46.3260,34.5687,21.7151
70,1.5000,SpendAwareDPRebalance (R70-aware),3.0000,28343.7010,850.3110,spend50p,850.4845,864.7472,876.4818,885.8951,890.3677,891.7421,892.2182,889.7729,888.1614,877.3281,848.6236,841.8833,839.3552,839.7179,833.5368,829.6214,820.6354,810.2612,794.7277,783.4763,402.0701,380.6069,360.2097,342.9740,327.1966,315.0707,306.7055,299.5542,296.9846,291.6614,285.8931,280.1312,278.0352,271.7043,267.4966,263.1559,259.6854,251.4204,238.1622,223.0279,209.2821,191.0062,179.8792,167.2460,147.9042
70,1.5000,SpendAwareDPRebalance (R70-aware),3.0000,28343.7010,850.3110,spend75p,850.6367,876.8126,903.5807,928.2691,948.5393,967.0615,980.7452,990.6491,997.1266,1007.4903,982.7290,989.8559,998.5002,1003.2478,1010.2125,1020.9799,1023.3286,1028.7866,1029.7642,1020.7565,554.5670,532.9586,508.4007,487.3257,469.6446,458.0249,450.4252,443.6132,438.2197,436.4569,434.5098,435.9732,440.1165,440.1288,439.3226,444.4946,438.0741,428.1211,423.1327,414.5152,397.8659,388.8502,374.8052,366.4678,352.2092
70,1.5000,SpendAwareDPRebalance (R70-aware),3.3300,25534.8658,850.3110,survival,1.0000,1.0000,1.0000,1.0000,1.0000,1.0000,1.0000,1.0000,1.0000,1.0000,1.0000,1.0000,1.0000,1.0000,1.0000,0.9995,0.9985,0.9970,0.9965,0.9950,0.9945,0.9940,0.9940,0.9935,0.9935,0.9935,0.9930,0.9925,0.9925,0.9925,0.9925,0.9925,0.9925,0.9925,0.9920,0.9920,0.9920,0.9920,0.9920,0.9915,0.9915,0.9915,0.9915,0.9915,0.9915
70,1.5000,SpendAwareDPRebalance (R70-aware),3.3300,25534.8658,850.3110,spend25p,848.6442,848.0979,844.8534,836.1946,825.0904,810.8196,795.5994,778.3706,758.3854,740.2858,703.8629,692.1153,675.3908,662.2916,652.2476,639.5243,627.6744,614.7406,596.1620,579.3395,269.0371,252.7962,233.3838,215.8411,199.9959,187.6474,176.1030,165.4051,158.9287,153.0382,146.4635,141.5582,134.4205,126.4837,116.9027,110.3715,103.4963,92.4603,80.9410,69.1795,57.3433,43.3138,30.5798,15.7537,4.6100
70,1.5000,SpendAwareDPRebalance (R70-aware),3.3300,25534.8658,850.3110,spend50p,848.7924,860.4814,869.7042,877.4271,880.5760,879.6655,878.9034,877.1052,869.4755,861.3988,833.8342,826.9393,823.9888,819.6624,812.8884,805.2616,796.7118,785.1951,774.6620,753.8720,377.2043,356.4742,335.7737,319.6299,305.0829,292.6469,284.9610,275.0667,269.2215,265.7092,262.2305,257.1475,251.1250,247.8245,241.6699,234.0922,228.1399,219.3448,206.2383,193.0779,179.2494,163.8592,150.9706,137.2047,121.6671
70,1.5000,SpendAwareDPRebalance (R70-aware),3.3300,25534.8658,850.3110,spend75p,848.9446,872.8878,896.6485,918.4832,937.1348,953.6687,965.3864,971.5344,977.7576,986.1443,961.5113,967.8685,971.0455,976.4907,987.4202,987.0586,994.0845,995.8312,990.0987,984.7802,513.7346,492.1864,470.8980,450.3290,431.7097,421.5145,412.5117,403.1033,398.1441,397.7980,394.6098,396.7387,396.3466,396.2940,397.8069,394.5628,389.6386,384.1061,375.8393,366.0782,352.0224,343.3657,328.1877,314.9386,308.4676
70,1.5000,SpendAwareDPRebalance (R70-aware),3.6600,23232.5418,850.3110,survival,1.0000,1.0000,1.0000,1.0000,1.0000,1.0000,1.0000,1.0000,1.0000,1.0000,1.0000,1.0000,0.9985,0.9975,0.9970,0.9960,0.9955,0.9945,0.9940,0.9920,0.9915,0.9895,0.9890,0.9890,0.9890,0.9890,0.9890,0.9890,0.9890,0.9885,0.9885,0.9885,0.9885,0.9885,0.9885,0.9885,0.9885,0.9885,0.9885,0.9885,0.9885,0.9885,0.9885,0.9885,0.9880
70,1.5000,SpendAwareDPRebalance (R70-aware),3.6600,23232.5418,850.3110,spend25p,837.9041,834.4378,828.4055,820.2330,807.4850,793.2025,775.4505,756.9055,738.0541,718.5851,684.1175,669.2196,653.0498,638.4910,629.0599,617.6918,608.0159,590.5100,576.6134,559.0318,246.8621,228.0793,208.5421,192.9829,178.0282,164.1075,152.6290,143.3386,135.1887,128.5933,124.3344,116.0961,107.6125,100.5202,94.2759,85.6225,79.0492,67.2761,57.4415,45.1285,31.2890,16.2924,5.4828,-3.5568,-16.0373
70,1.5000,SpendAwareDPRebalance (R70-aware),3.6600,23232.5418,850.3110,spend50p,838.0523,846.6601,853.7837,857.7179,860.1512,859.7030,854.0054,849.3734,843.1110,835.9771,804.0353,797.8471,791.6034,784.5734,779.2236,771.7116,762.2532,754.9011,744.6319,726.5679,347.7790,323.0340,304.5733,285.4815,273.1983,260.7483,253.1132,244.1870,237.5958,232.2854,229.0719,224.3041,218.3929,213.8018,207.3873,201.4374,192.9608,182.7891,170.2255,156.6998,140.9718,121.7301,110.9435,97.1353,81.2785
70,1.5000,SpendAwareDPRebalance (R70-aware),3.6600,23232.5418,850.3110,spend75p,838.2045,858.5953,879.5206,898.1422,915.4849,928.0989,936.7255,943.2879,947.9581,953.0617,927.3296,926.5175,932.5668,938.9977,943.9839,939.2669,941.9719,943.6927,943.5748,941.8917,468.3465,442.8937,420.8338,402.1526,386.9830,375.1993,367.0808,356.9978,353.9781,352.3335,347.6948,347.9534,346.8292,346.2531,340.8007,344.3055,338.6063,329.9591,320.5147,312.3153,303.9305,283.9181,269.3381,258.1225,243.2527
70,1.5000,SpendAwareDPRebalance (R70-aware),4.0000,21257.7758,850.3110,survival,1.0000,1.0000,1.0000,1.0000,1.0000,1.0000,1.0000,1.0000,1.0000,1.0000,0.9990,0.9970,0.9960,0.9955,0.9940,0.9940,0.9925,0.9910,0.9890,0.9865,0.9855,0.9845,0.9840,0.9840,0.9835,0.9835,0.9830,0.9815,0.9815,0.9810,0.9810,0.9810,0.9810,0.9805,0.9805,0.9800,0.9800,0.9800,0.9800,0.9800,0.9800,0.9800,0.9800,0.9800,0.9800
70,1.5000,SpendAwareDPRebalance (R70-aware),4.0000,21257.7758,850.3110,spend25p,837.9041,832.1647,823.1476,812.4324,798.3911,783.4311,763.4089,744.9021,724.9046,701.7978,667.5855,650.6544,635.5490,621.4548,610.5169,599.8460,587.4892,570.6580,553.8509,538.2200,228.3393,209.1381,191.0436,174.0708,159.3902,147.4398,135.4330,126.1945,119.1141,109.9753,104.0641,95.5318,89.2892,81.6092,74.9575,64.9498,54.7184,46.7158,34.8660,20.3068,9.4918,0.0000,-10.5693,-22.3166,-37.2407
70,1.5000,SpendAwareDPRebalance (R70-aware),4.0000,21257.7758,850.3110,spend50p,838.0523,844.2598,848.3777,850.0474,848.7014,846.8668,839.9565,833.4667,823.2156,814.4105,782.2350,772.2497,767.9354,763.1692,753.8627,749.1335,734.6010,729.0265,714.9324,699.8553,320.7435,299.0437,279.9059,261.6949,245.5746,232.7776,225.6679,217.5675,209.1249,203.3625,199.0233,195.5860,191.8098,186.6701,175.7847,167.5320,159.4858,147.3524,136.9244,124.7794,108.3686,92.5129,77.7774,64.0565,51.0096
70,1.5000,SpendAwareDPRebalance (R70-aware),4.0000,21257.7758,850.3110,spend75p,838.2045,856.1544,872.8224,889.2278,903.9103,912.2451,917.8871,924.9707,929.5317,930.4436,902.5520,901.7645,904.9721,907.2520,907.2580,908.0501,904.6106,910.3896,909.8023,900.8120,430.8015,411.5813,387.1658,366.4751,351.4132,336.8855,325.3848,314.8575,309.9047,309.1349,308.6608,308.0379,307.3070,309.0204,306.9883,303.7083,296.4199,284.9309,275.2456,265.3182,247.4839,233.7775,221.6571,210.7777,197.1737
70,1.5000,SpendAwareDPRebalance (R70-aware),4.3300,19637.6681,850.3110,survival,1.0000,1.0000,1.0000,1.0000,1.0000,1.0000,1.0000,1.0000,0.9995,0.9985,0.9960,0.9955,0.9950,0.9940,0.9905,0.9880,0.9830,0.9795,0.9755,0.9725,0.9715,0.9690,0.9690,0.9685,0.9680,0.9680,0.9670,0.9645,0.9635,0.9630,0.9625,0.9625,0.9620,0.9620,0.9620,0.9620,0.9620,0.9615,0.9615,0.9615,0.9615,0.9610,0.9610,0.9610,0.9610
70,1.5000,SpendAwareDPRebalance (R70-aware),4.3300,19637.6681,850.3110,spend25p,837.9041,831.3267,820.6808,807.6509,791.1857,774.8880,753.7841,733.3352,712.1585,688.4144,653.1538,635.6183,620.7431,607.0052,595.4129,582.4714,567.1767,552.5472,531.6424,514.5437,211.5120,191.5420,169.8415,152.4883,138.4579,125.6444,114.6164,106.1459,98.2220,90.0266,83.6933,75.5519,68.2333,60.5030,52.2605,45.1554,34.2930,24.1126,12.1073,0.1700,0.0000,-13.0982,-25.3983,-38.4281,-52.5183
70,1.5000,SpendAwareDPRebalance (R70-aware),4.3300,19637.6681,850.3110,spend50p,838.0523,842.8269,845.2636,844.2346,840.8870,835.7138,827.8301,818.9092,808.4792,794.1594,760.8174,753.7216,751.0939,739.7851,730.3098,721.8956,711.2428,697.8824,686.1420,667.0349,297.6584,274.9678,256.2233,237.0613,222.2770,211.5972,202.5706,191.7934,184.7451,177.5327,172.8421,169.7567,163.7517,159.0831,150.4974,140.8338,131.8322,120.6485,106.3319,92.2768,76.4179,62.4883,46.7474,31.6099,17.0591
70,1.5000,SpendAwareDPRebalance (R70-aware),4.3300,19637.6681,850.3110,spend75p,838.2045,854.7258,869.6934,884.8109,896.6051,903.6415,907.6046,914.0780,915.0391,912.5625,883.4611,879.7833,884.2624,887.1848,882.3210,881.6313,876.6726,873.2638,872.4837,865.4764,399.4438,372.2859,350.7460,333.3162,316.2325,300.7775,290.1343,282.1030,277.0426,276.0213,273.2002,273.1373,272.1880,268.7077,267.2015,263.0025,256.5617,245.3108,232.8723,219.3107,205.4440,189.6857,176.7376,164.4233,152.5356
70,1.5000,SpendAwareDPRebalance (R70-aware),4.6600,18247.0178,850.3110,survival,1.0000,1.0000,1.0000,1.0000,1.0000,1.0000,1.0000,1.0000,0.9980,0.9975,0.9955,0.9950,0.9910,0.9850,0.9810,0.9730,0.9655,0.9635,0.9570,0.9535,0.9505,0.9480,0.9460,0.9445,0.9425,0.9415,0.9410,0.9400,0.9395,0.9380,0.9375,0.9375,0.9365,0.9360,0.9355,0.9355,0.9350,0.9350,0.9350,0.9345,0.9340,0.9340,0.9340,0.9340,0.9340
70,1.5000,SpendAwareDPRebalance (R70-aware),4.6600,18247.0178,850.3110,spend25p,837.9041,830.8778,818.5703,803.8910,787.3087,768.9311,745.7051,722.9473,699.6345,678.1931,640.6379,623.4535,606.1807,588.1631,577.9591,558.9792,542.4671,528.4084,511.9231,494.5845,190.5167,170.8549,151.5536,134.4197,120.4425,110.0498,98.5139,89.1357,80.4857,71.2609,64.8396,57.5575,49.3696,40.7368,31.8472,23.2544,13.5152,3.6350,0.0000,0.0000,-8.4709,-23.8797,-35.8147,-48.7831,-64.1152
70,1.5000,SpendAwareDPRebalance (R70-aware),4.6600,18247.0178,850.3110,spend50p,838.0523,842.3010,844.1248,841.3152,837.2028,829.6240,820.1487,809.7399,797.2290,783.4100,747.4196,740.3992,732.4843,722.9352,709.2387,700.7596,687.0738,675.4233,663.8296,643.6071,274.7858,253.3683,234.2142,216.0062,201.7798,190.4682,181.5143,172.0879,165.2876,158.7378,152.0776,148.0070,141.1262,132.0963,124.2026,116.5705,106.9714,98.9242,86.2635,69.4414,54.4325,38.6730,26.1878,11.5711,0.0000
70,1.5000,SpendAwareDPRebalance (R70-aware),4.6600,18247.0178,850.3110,spend75p,838.2045,853.6699,868.7330,882.3528,893.1065,899.2629,902.1774,904.8630,906.3016,901.2715,868.9487,868.2028,868.2731,869.6646,858.2029,854.4858,847.8004,843.2969,841.5699,831.2114,373.4551,350.3706,326.9578,306.1414,290.6815,274.6141,263.9668,255.2996,251.2421,248.1248,245.7472,244.3823,244.4233,239.0010,234.3295,229.0718,220.7719,209.3712,195.9847,186.9320,173.8360,155.3365,140.9769,126.5072,114.8872
70,1.5000,SpendAwareDPRebalance (R70-aware),5.0000,17006.2206,850.3110,survival,1.0000,1.0000,1.0000,1.0000,1.0000,1.0000,1.0000,0.9990,0.9980,0.9950,0.9940,0.9880,0.9810,0.9735,0.9655,0.9580,0.9505,0.9440,0.9390,0.9280,0.9240,0.9220,0.9210,0.9195,0.9165,0.9145,0.9125,0.9105,0.9100,0.9095,0.9090,0.9090,0.9080,0.9075,0.9070,0.9070,0.9065,0.9060,0.9055,0.9055,0.9055,0.9055,0.9055,0.9055,0.9055
70,1.5000,SpendAwareDPRebalance (R70-aware),5.0000,17006.2206,850.3110,spend25p,837.9041,830.7028,818.0624,802.7142,784.0819,762.3898,738.9412,718.2220,692.7820,668.1134,628.6947,607.3497,592.3777,575.1592,558.1262,539.9626,521.7755,506.4617,490.7027,468.1373,171.0581,148.4423,131.7551,115.1599,100.6315,88.9688,76.7776,67.9186,57.6990,51.2450,44.3168,37.8645,30.7722,22.3847,14.2617,5.7483,0.0000,0.0000,0.0000,-6.3958,-17.5691,-31.7883,-44.1612,-58.5045,-72.5303
70,1.5000,SpendAwareDPRebalance (R70-aware),5.0000,17006.2206,850.3110,spend50p,838.0523,842.0687,843.5278,840.1198,834.6584,826.7209,814.5749,803.7062,790.1687,774.6756,739.4132,726.4340,718.0377,706.2258,690.9569,680.1516,666.8177,652.2712,635.5788,616.6155,253.4683,232.6299,213.8159,196.5480,181.4642,168.2841,158.0517,149.7667,144.3879,137.9270,132.6243,124.4886,118.6986,111.6223,102.4675,95.8212,88.1525,75.4117,60.2956,45.9699,31.3866,16.6584,1.3809,0.0000,0.0000
70,1.5000,SpendAwareDPRebalance (R70-aware),5.0000,17006.2206,850.3110,spend75p,838.2045,853.5548,868.4434,881.8290,892.1965,896.9437,898.8657,899.4397,898.9732,892.0939,859.5353,855.8672,852.1929,848.2717,839.2125,831.2834,819.3970,817.6795,809.0129,795.9210,347.2006,325.7869,301.3049,281.9901,265.3911,250.4320,240.8710,231.1862,223.2183,220.5233,217.2522,215.7303,210.0511,205.8584,204.6140,196.8908,188.5822,179.1932,165.7345,152.4391,142.6417,125.4705,110.6141,95.4415,81.5879
70,1.5000,SpendAwareDPRebalance (R70-aware),5.5000,15460.2005,850.3110,survival,1.0000,1.0000,1.0000,1.0000,1.0000,1.0000,1.0000,0.9985,0.9970,0.9935,0.9855,0.9735,0.9640,0.9510,0.9390,0.9265,0.9110,0.8910,0.8800,0.8675,0.8605,0.8555,0.8515,0.8485,0.8470,0.8460,0.8445,0.8430,0.8410,0.8390,0.8375,0.8375,0.8370,0.8370,0.8365,0.8360,0.8355,0.8355,0.8355,0.8355,0.8355,0.8355,0.8355,0.8355,0.8355
70,1.5000,SpendAwareDPRebalance (R70-aware),5.5000,15460.2005,850.3110,spend25p,837.9041,830.6022,817.8554,801.7602,782.6375,760.6346,736.8462,712.4204,684.6279,660.1372,614.2306,594.1185,572.4428,550.4676,530.0152,510.2535,487.4633,460.4094,441.2059,416.8376,135.6626,114.4175,96.2385,80.8954,64.7491,52.4661,43.1225,36.5356,27.8886,19.0351,11.6329,4.5155,0.0000,0.0000,0.0000,0.0000,0.0000,0.0000,-0.3795,-13.2879,-26.6399,-39.2306,-52.5374,-65.0311,-79.4496
70,1.5000,SpendAwareDPRebalance (R70-aware),5.5000,15460.2005,850.3110,spend50p,838.0523,842.0534,843.1046,839.0730,834.2817,824.9728,811.5019,799.1817,786.4528,767.7929,727.4545,712.9337,699.7152,682.3095,664.8963,648.4665,635.3039,613.0371,594.7084,570.4233,222.2203,202.9287,182.0042,165.7560,151.2445,139.3006,128.8911,119.9710,112.5343,105.4418,99.6941,92.0206,84.0695,77.4442,69.0811,60.9436,50.9229,40.0800,27.4993,12.8091,0.0000,0.0000,0.0000,0.0000,0.0000
70,1.5000,SpendAwareDPRebalance (R70-aware),5.5000,15460.2005,850.3110,spend75p,838.2045,853.4423,868.4131,881.3285,891.3345,894.2614,897.5849,897.9472,894.9594,889.3201,850.6805,844.6255,838.5943,822.3017,813.1003,803.2767,790.6189,778.1761,764.1501,746.0752,315.0287,289.9576,269.1923,249.2350,232.7586,218.4817,208.4894,200.2313,193.1231,184.8010,181.9013,177.2019,178.4540,172.0089,165.9869,160.5622,149.4895,141.3146,126.0366,113.4763,101.1294,87.5736,73.9033,58.6399,43.5962
70,1.5000,SpendAwareDPRebalance (R70-aware),6.0000,14171.8505,850.3110,survival,1.0000,1.0000,1.0000,1.0000,1.0000,1.0000,0.9990,0.9980,0.9945,0.9835,0.9725,0.9585,0.9385,0.9200,0.9005,0.8775,0.8550,0.8370,0.8250,0.8025,0.7920,0.7850,0.7805,0.7755,0.7735,0.7705,0.7675,0.7670,0.7665,0.7655,0.7655,0.7650,0.7650,0.7640,0.7635,0.7630,0.7630,0.7630,0.7630,0.7630,0.7630,0.7630,0.7630,0.7630,0.7630
70,1.5000,SpendAwareDPRebalance (R70-aware),6.0000,14171.8505,850.3110,spend25p,837.9041,830.6022,817.7085,801.6475,782.5423,759.7880,733.8266,710.3615,681.3448,652.1576,603.7967,580.6723,551.2643,525.2656,498.9683,471.0416,439.7397,411.8409,382.9063,338.5286,88.4851,67.2753,47.6836,28.4394,15.9336,1.6554,0.0000,0.0000,0.0000,0.0000,0.0000,0.0000,0.0000,0.0000,0.0000,0.0000,0.0000,0.0000,-3.8041,-16.9706,-29.6646,-44.1672,-56.7465,-70.3958,-84.3357
70,1.5000,SpendAwareDPRebalance (R70-aware),6.0000,14171.8505,850.3110,spend50p,838.0523,842.0491,843.1046,839.0730,834.2497,824.7148,810.8008,798.1937,783.4667,762.1967,720.7418,701.5975,682.3702,664.0947,641.8182,616.8577,592.5224,576.3647,558.6430,528.0717,194.4820,173.0029,153.1328,136.7157,123.9560,111.9680,100.6362,92.5817,86.4041,79.4017,72.4839,64.3111,55.4512,47.7123,39.5522,32.1107,21.8946,10.3902,0.0000,0.0000,0.0000,0.0000,0.0000,0.0000,0.0000
70,1.5000,SpendAwareDPRebalance (R70-aware),6.0000,14171.8505,850.3110,spend75p,838.2045,853.4423,868.2946,881.2299,891.3194,893.9095,896.4663,896.5140,890.4696,883.6460,846.1458,837.5053,823.5058,808.6799,794.6332,776.6895,761.0005,741.1526,725.1214,708.9983,289.2148,264.3517,243.9226,224.9314,209.5364,195.3151,185.6188,175.0842,167.9942,164.3530,158.5007,150.1788,146.4614,143.0372,137.1497,129.6737,122.5607,110.3648,96.5121,85.4647,69.6257,54.1884,41.3921,30.6487,15.0836
70,1.5000,SpendAwareDPRebalance (R70-aware),7.0000,12147.3004,850.3110,survival,1.0000,1.0000,1.0000,1.0000,1.0000,0.9995,0.9975,0.9925,0.9790,0.9630,0.9365,0.9060,0.8720,0.8340,0.8010,0.7645,0.7355,0.7070,0.6845,0.6605,0.6510,0.6455,0.6400,0.6340,0.6305,0.6285,0.6270,0.6260,0.6245,0.6240,0.6240,0.6240,0.6230,0.6230,0.6225,0.6225,0.6220,0.6220,0.6220,0.6220,0.6220,0.6220,0.6220,0.6220,0.6220
70,1.5000,SpendAwareDPRebalance (R70-aware),7.0000,12147.3004,850.3110,spend25p,837.9041,830.6022,817.7085,801.5747,782.5234,759.4734,733.4053,706.5840,671.8822,638.1178,584.6069,546.2585,505.4083,454.1809,409.3220,322.5279,0.0000,0.0000,0.0000,0.0000,0.0000,0.0000,0.0000,0.0000,0.0000,0.0000,0.0000,0.0000,0.0000,0.0000,0.0000,0.0000,0.0000,0.0000,0.0000,0.0000,0.0000,0.0000,0.0000,-12.8280,-26.7101,-41.5360,-53.0146,-68.3811,-81.3514
70,1.5000,SpendAwareDPRebalance (R70-aware),7.0000,12147.3004,850.3110,spend50p,838.0523,842.0491,843.1046,839.0730,833.9753,824.3877,810.3594,796.2341,778.7150,755.5736,709.9563,681.4063,650.4033,617.9891,588.9260,563.0641,535.8120,499.8532,472.0850,438.7961,143.8678,120.9421,101.3705,84.7278,68.8970,56.9684,46.0930,37.1142,29.6230,22.6273,16.1702,8.3071,2.6687,0.0000,0.0000,0.0000,0.0000,0.0000,0.0000,0.0000,0.0000,0.0000,0.0000,0.0000,0.0000
70,1.5000,SpendAwareDPRebalance (R70-aware),7.0000,12147.3004,850.3110,spend75p,838.2045,853.4423,868.2946,881.2299,891.3194,893.6479,896.3810,894.0723,884.1932,876.0661,832.9281,816.8878,796.9145,774.4375,758.0362,733.1887,705.3031,678.3819,660.9828,635.4757,245.3393,221.5838,200.0974,183.4070,169.4529,155.4091,146.1943,136.3808,129.6338,123.0511,117.0908,110.3807,104.9353,100.9719,95.3159,86.1779,75.5342,65.7265,54.3880,38.3921,25.4704,11.3273,0.0000,0.0000,0.0000
70,2.0000,SpendAwareDPRebalance (R70-aware),2.3800,47335.3518,1126.5814,survival,1.0000,1.0000,1.0000,1.0000,1.0000,1.0000,1.0000,1.0000,1.0000,1.0000,1.0000,1.0000,1.0000,1.0000,1.0000,1.0000,1.0000,1.0000,1.0000,1.0000,1.0000,0.9995,0.9995,0.9990,0.9990,0.9990,0.9990,0.9985,0.9985,0.9985,0.9985,0.9985,0.9985,0.9985,0.9985,0.9985,0.9980,0.9980,0.9980,0.9975,0.9970,0.9970,0.9965,0.9965,0.9965
70,2.0000,SpendAwareDPRebalance (R70-aware),2.3800,47335.3518,1126.5814,spend25p,1126.6066,1134.1177,1135.2990,1133.2652,1123.5721,1111.8588,1093.8969,1071.5745,1050.6211,1028.8848,986.7622,976.3144,965.8360,948.6365,935.4097,925.8108,910.4768,898.9673,878.1601,858.4180,546.4905,524.8718,506.5336,483.1380,467.4592,458.0480,446.9700,441.3232,440.3651,442.3587,442.7919,439.8765,443.2327,440.8285,438.9773,440.4267,434.3245,430.8231,424.2561,416.7739,409.1954,400.2009,390.2403,383.0388,367.3308
70,2.0000,SpendAwareDPRebalance (R70-aware),2.3800,47335.3518,1126.5814,spend50p,1126.7548,1149.9688,1170.7613,1185.2150,1195.5787,1203.1996,1204.0830,1206.8444,1203.6851,1198.5400,1176.0999,1175.3696,1173.8627,1177.3679,1173.8918,1173.7518,1164.4371,1157.5083,1143.7050,1137.2025,753.3631,734.8314,716.2564,702.5155,684.9878,671.1767,676.2061,675.2872,682.7451,685.4658,695.3916,695.4820,702.0215,712.4774,721.8775,725.5970,730.6777,733.2399,731.6394,719.7566,712.3588,703.7803,693.6256,688.0048,673.8062
70,2.0000,SpendAwareDPRebalance (R70-aware),2.3800,47335.3518,1126.5814,spend75p,1126.9071,1165.6820,1204.5212,1242.1306,1276.3080,1304.4094,1327.4453,1348.7626,1367.2599,1382.7303,1367.1741,1385.1209,1407.0499,1423.9923,1437.5295,1449.7987,1468.5134,1484.0283,1500.1585,1503.2394,1034.7464,1017.5699,1002.3130,980.1196,967.3182,967.6840,974.1002,966.2386,977.4901,992.5305,1004.9823,1026.3792,1058.4462,1080.0945,1100.1595,1125.3993,1142.7663,1155.6896,1167.4303,1176.5164,1183.2381,1182.9748,1183.8908,1183.8397,1179.4649
70,2.0000,SpendAwareDPRebalance (R70-aware),2.5000,45063.2549,1126.5814,survival,1.0000,1.0000,1.0000,1.0000,1.0000,1.0000,1.0000,1.0000,1.0000,1.0000,1.0000,1.0000,1.0000,1.0000,1.0000,1.0000,1.0000,1.0000,1.0000,1.0000,1.0000,1.0000,0.9995,0.9995,0.9995,0.9995,0.9995,0.9995,0.9990,0.9990,0.9990,0.9990,0.9990,0.9990,0.9990,0.9990,0.9985,0.9985,0.9980,0.9975,0.9975,0.9975,0.9970,0.9970,0.9965
70,2.0000,SpendAwareDPRebalance (R70-aware),2.5000,45063.2549,1126.5814,spend25p,1126.6066,1133.6686,1133.8121,1130.2320,1121.1607,1108.2477,1089.3645,1068.9656,1043.9991,1022.8192,983.6642,972.6990,960.2498,944.5177,930.2722,919.2508,905.0513,893.9210,871.3665,855.0023,541.1271,519.0169,501.0495,476.7979,461.9131,450.3618,439.4850,436.9322,435.5946,435.4752,436.5657,434.2570,436.7641,434.9189,429.3915,430.1400,430.6633,423.2190,417.7494,411.2619,402.8562,394.7352,384.9712,373.5319,360.2647
70,2.0000,SpendAwareDPRebalance (R70-aware),2.5000,45063.2549,1126.5814,spend50p,1126.7548,1149.2373,1169.2773,1182.6153,1192.2600,1199.4732,1200.4393,1201.0808,1199.5025,1192.9307,1168.2825,1167.9992,1168.1551,1172.1309,1168.4511,1166.2437,1158.8579,1148.0964,1137.5233,1129.3450,746.5444,728.0271,703.6563,690.9648,675.1464,662.7784,664.3521,664.6816,672.8440,675.7753,680.9874,685.0046,690.4700,697.3903,707.8012,710.3815,714.0125,716.6004,715.0448,697.6746,691.5744,684.4325,674.7792,667.7420,653.7020
70,2.0000,SpendAwareDPRebalance (R70-aware),2.5000,45063.2549,1126.5814,spend75p,1126.9071,1164.8828,1202.9618,1239.8326,1273.3077,1301.1043,1323.0243,1344.3729,1360.9113,1375.1818,1360.3732,1375.6920,1397.9880,1413.1464,1427.6065,1442.8375,1457.8684,1474.9740,1487.8248,1489.6929,1022.9848,1003.5103,992.0139,965.3354,950.7869,946.1953,949.8363,955.6798,961.2488,975.3909,983.0691,1006.5435,1036.5216,1055.1691,1077.3360,1100.6486,1119.0052,1126.4093,1136.9075,1150.9684,1160.0390,1152.0354,1152.8803,1145.4114,1149.9762
70,2.0000,SpendAwareDPRebalance (R70-aware),2.8000,40235.0491,1126.5814,survival,1.0000,1.0000,1.0000,1.0000,1.0000,1.0000,1.0000,1.0000,1.0000,1.0000,1.0000,1.0000,1.0000,1.0000,1.0000,1.0000,1.0000,0.9995,0.9990,0.9990,0.9985,0.9980,0.9980,0.9970,0.9965,0.9965,0.9965,0.9965,0.9965,0.9955,0.9950,0.9945,0.9945,0.9945,0.9945,0.9945,0.9940,0.9935,0.9925,0.9905,0.9900,0.9895,0.9895,0.9895,0.9895
70,2.0000,SpendAwareDPRebalance (R70-aware),2.8000,40235.0491,1126.5814,spend25p,1126.6066,1131.8465,1129.6409,1123.4494,1114.4821,1098.3586,1078.5136,1060.1126,1032.2871,1011.0963,971.7350,959.9859,946.8696,931.3443,920.3531,905.2598,892.2114,875.5473,855.2227,839.8126,524.5628,502.8261,485.1035,462.0869,445.9728,434.8790,422.3429,420.0717,417.1266,416.0197,415.7088,414.9519,411.5410,408.8092,409.6367,408.8596,401.9088,394.8400,390.7924,380.1895,374.0994,364.2427,353.5853,340.1377,326.6585
70,2.0000,SpendAwareDPRebalance (R70-aware),2.8000,40235.0491,1126.5814,spend50p,1126.7548,1147.6107,1165.5903,1177.1441,1186.6720,1190.3514,1190.3389,1188.6851,1186.9285,1179.0786,1152.9516,1151.1195,1147.7254,1155.7463,1147.1306,1144.1603,1135.6626,1126.3368,1112.5436,1098.2019,717.4727,698.4881,678.9911,659.7708,648.8302,635.9003,636.9061,634.7338,640.3727,645.2415,646.8908,647.3027,647.8469,655.7064,663.5816,668.7089,669.0075,664.7792,660.1208,653.7435,645.5419,637.0636,623.7832,612.8022,601.3944
70,2.0000,SpendAwareDPRebalance (R70-aware),2.8000,40235.0491,1126.5814,spend75p,1126.9071,1163.7268,1199.8138,1235.5188,1265.5164,1291.1466,1314.5101,1329.4789,1345.3571,1356.7997,1337.7284,1354.8511,1375.0827,1386.5311,1401.4043,1410.9515,1423.0906,1439.6702,1448.4547,1449.7557,977.7327,964.4893,946.9717,924.0321,901.7064,898.5445,899.5779,900.3094,901.3985,912.5685,928.6649,950.8724,980.1959,990.0678,1004.2531,1026.0983,1040.9725,1045.4121,1052.6003,1065.7692,1065.1462,1063.7187,1055.9728,1050.2741,1050.1771
70,2.0000,SpendAwareDPRebalance (R70-aware),3.0000,37552.7125,1126.5814,survival,1.0000,1.0000,1.0000,1.0000,1.0000,1.0000,1.0000,1.0000,1.0000,1.0000,1.0000,1.0000,1.0000,1.0000,1.0000,1.0000,0.9995,0.9990,0.9980,0.9970,0.9960,0.9960,0.9950,0.9950,0.9950,0.9940,0.9940,0.9935,0.9935,0.9930,0.9930,0.9930,0.9930,0.9930,0.9920,0.9905,0.9895,0.9890,0.9885,0.9880,0.9875,0.9860,0.9860,0.9860,0.9860
70,2.0000,SpendAwareDPRebalance (R70-aware),3.0000,37552.7125,1126.5814,spend25p,1126.6066,1129.9145,1126.8358,1120.4757,1108.4786,1091.9714,1072.0488,1051.5610,1023.8829,1001.9652,962.7699,950.0678,935.4370,919.8321,907.3748,892.5245,885.4400,866.3993,844.8537,825.3413,512.4917,493.3255,469.3869,448.9312,435.6059,422.4920,412.5376,406.4715,402.2250,399.3851,400.1663,398.6601,395.9320,395.9021,390.5593,385.5638,376.1025,373.5713,367.5283,357.9953,355.6054,344.2462,330.6235,315.6918,303.8862
70,2.0000,SpendAwareDPRebalance (R70-aware),3.0000,37552.7125,1126.5814,spend50p,1126.7548,1146.1917,1162.4337,1174.5224,1181.2531,1183.7638,1184.6557,1181.6058,1179.3165,1169.8575,1142.2229,1137.8636,1135.0541,1135.8950,1136.3937,1128.6903,1120.5088,1107.0228,1096.0483,1077.6051,700.9672,679.5120,652.9170,639.7396,624.4703,614.3584,614.7288,613.2193,613.8011,618.8382,617.9286,619.6912,621.4987,631.9318,634.8636,638.4479,642.4545,632.9121,629.8086,623.2849,615.1947,601.1468,590.6056,578.8850,568.8747
70,2.0000,SpendAwareDPRebalance (R70-aware),3.0000,37552.7125,1126.5814,spend75p,1126.9071,1162.2272,1197.6199,1232.7234,1259.4736,1285.6727,1304.6575,1319.2229,1330.1230,1345.7832,1324.0471,1341.1860,1351.2830,1362.1752,1378.1569,1391.9079,1396.5006,1417.7478,1412.6965,1422.8552,950.5236,927.5535,908.7929,893.5138,876.3172,867.5779,862.3417,865.4358,869.3475,875.4974,892.0216,912.6791,938.7827,954.8495,965.3303,978.4882,991.8361,1002.2069,994.5409,1009.4476,1012.2286,1007.7210,991.7821,995.0326,995.9676
70,2.0000,SpendAwareDPRebalance (R70-aware),3.3300,33831.2725,1126.5814,survival,1.0000,1.0000,1.0000,1.0000,1.0000,1.0000,1.0000,1.0000,1.0000,1.0000,1.0000,1.0000,1.0000,1.0000,0.9990,0.9970,0.9960,0.9950,0.9950,0.9945,0.9935,0.9930,0.9915,0.9910,0.9910,0.9900,0.9900,0.9895,0.9890,0.9885,0.9885,0.9885,0.9880,0.9870,0.9865,0.9865,0.9855,0.9855,0.9850,0.9840,0.9835,0.9835,0.9835,0.9830,0.9830
70,2.0000,SpendAwareDPRebalance (R70-aware),3.3300,33831.2725,1126.5814,spend25p,1126.6066,1126.4551,1122.4640,1111.1344,1097.9920,1079.0490,1060.2556,1037.4394,1010.5613,988.8750,951.4478,932.0642,918.3726,900.9502,884.1208,871.0287,859.2336,837.2036,823.7975,804.7476,487.7964,466.6760,445.3029,426.0578,409.5957,397.8859,389.6041,382.8792,376.6700,372.5397,370.4075,368.9421,367.2455,360.4910,351.7190,349.0833,340.9445,339.3308,333.3666,324.6561,316.8315,306.2380,300.0307,286.0728,268.9107
70,2.0000,SpendAwareDPRebalance (R70-aware),3.3300,33831.2725,1126.5814,spend50p,1126.7548,1142.5682,1156.2482,1165.5332,1170.6717,1172.6929,1169.9658,1166.3212,1157.7411,1148.3669,1121.9585,1116.4413,1115.7312,1109.6561,1101.8689,1097.6902,1088.0978,1072.5729,1063.0223,1054.8968,665.9903,642.7242,620.5838,601.0824,585.0742,571.6383,574.0374,570.8758,575.7414,576.8564,577.7359,576.6364,576.7759,578.8000,581.3842,584.5549,584.5304,578.6051,569.8734,564.4292,555.1731,542.1951,530.9843,523.2202,510.6665
70,2.0000,SpendAwareDPRebalance (R70-aware),3.3300,33831.2725,1126.5814,spend75p,1126.9071,1159.2586,1191.1589,1221.6688,1248.2262,1271.8010,1286.5847,1295.6937,1303.9025,1314.0085,1295.3060,1303.4188,1315.1619,1330.6177,1335.2443,1348.8086,1349.1632,1361.7532,1363.2384,1365.9461,893.1066,873.8563,847.0646,828.5448,816.8425,808.1225,809.4456,797.4048,807.6004,813.7631,830.7909,846.2991,858.0752,871.7121,885.1327,894.5759,902.4024,908.8396,911.7688,918.8025,913.4072,914.2006,909.0496,892.5367,883.9649
70,2.0000,SpendAwareDPRebalance (R70-aware),3.6600,30780.9118,1126.5814,survival,1.0000,1.0000,1.0000,1.0000,1.0000,1.0000,1.0000,1.0000,1.0000,1.0000,1.0000,0.9985,0.9970,0.9960,0.9955,0.9945,0.9935,0.9935,0.9920,0.9900,0.9885,0.9880,0.9880,0.9870,0.9865,0.9855,0.9850,0.9845,0.9845,0.9845,0.9845,0.9830,0.9800,0.9790,0.9780,0.9780,0.9780,0.9780,0.9780,0.9780,0.9760,0.9750,0.9745,0.9740,0.9735
70,2.0000,SpendAwareDPRebalance (R70-aware),3.6600,30780.9118,1126.5814,spend25p,1110.0304,1106.3055,1100.2717,1088.9150,1073.2634,1053.6487,1030.5191,1008.8121,985.3481,958.6399,919.3508,900.5306,884.2226,865.6651,851.7860,839.8440,825.3131,807.7783,788.9813,768.6822,456.3647,435.9554,410.2660,394.9500,377.3866,361.4429,354.5385,349.0489,342.7376,339.6062,338.0353,334.1803,324.6943,321.2412,312.9408,307.0340,302.4848,297.0377,288.4188,280.9637,268.7514,260.8186,248.6528,234.6519,223.5416
70,2.0000,SpendAwareDPRebalance (R70-aware),3.6600,30780.9118,1126.5814,spend50p,1110.1786,1122.6813,1132.8737,1139.3713,1142.1487,1142.7398,1135.8744,1130.1426,1122.0765,1114.8826,1081.9369,1071.7831,1069.6246,1064.8185,1055.4353,1048.9697,1041.0028,1028.4916,1017.8612,1001.1881,615.0390,590.1216,568.4916,556.2997,541.6950,523.4372,524.1102,522.0200,519.4353,517.7183,519.6613,518.7525,518.6535,515.5669,520.0988,521.1920,520.0600,514.7489,513.1968,501.3619,491.3586,479.0738,464.7420,452.3218,438.6270
70,2.0000,SpendAwareDPRebalance (R70-aware),3.6600,30780.9118,1126.5814,spend75p,1110.3308,1138.6139,1167.9144,1193.9510,1215.4602,1235.2677,1247.8021,1256.0526,1263.4778,1268.9789,1252.2309,1258.3502,1267.2915,1272.7251,1283.2089,1289.5364,1290.8437,1297.9458,1295.5259,1295.0687,819.8887,801.4440,777.4772,751.9735,742.3354,738.2310,737.0139,735.4424,740.1833,748.8774,757.7463,764.7985,781.9388,792.0214,796.6247,807.3706,812.5653,804.5908,815.6368,821.8906,818.5221,814.9545,798.7117,790.1205,780.5209
70,2.0000,SpendAwareDPRebalance (R70-aware),4.0000,28164.5343,1126.5814,survival,1.0000,1.0000,1.0000,1.0000,1.0000,1.0000,1.0000,1.0000,1.0000,0.9990,0.9980,0.9960,0.9955,0.9950,0.9935,0.9910,0.9905,0.9870,0.9845,0.9790,0.9765,0.9760,0.9745,0.9735,0.9720,0.9710,0.9690,0.9680,0.9665,0.9660,0.9660,0.9640,0.9625,0.9620,0.9600,0.9600,0.9590,0.9580,0.9580,0.9565,0.9555,0.9540,0.9530,0.9525,0.9520
70,2.0000,SpendAwareDPRebalance (R70-aware),4.0000,28164.5343,1126.5814,spend25p,1110.0304,1103.1254,1092.9814,1078.7117,1061.1908,1043.4986,1017.2734,991.2234,964.7612,938.5595,896.9268,877.8509,859.0019,841.9090,827.8475,814.8730,800.0010,777.1072,757.3862,735.1375,425.2814,403.7797,380.7105,362.9990,345.6631,329.9310,319.1615,312.5368,306.7337,302.0904,299.5530,294.5121,287.6223,283.4722,276.7695,269.5483,262.3492,254.3250,247.6161,238.4319,227.6968,216.4708,201.5846,190.1606,178.6316
70,2.0000,SpendAwareDPRebalance (R70-aware),4.0000,28164.5343,1126.5814,spend50p,1110.1786,1119.1341,1125.4801,1127.3234,1128.5178,1126.4137,1118.2321,1110.7848,1099.5877,1087.4375,1052.2134,1041.8737,1037.5800,1034.7787,1022.2805,1015.5578,1010.4696,996.5842,981.1980,957.6742,581.5130,556.6974,534.3084,518.5934,499.1603,488.8625,480.4977,472.1969,475.5057,471.4644,471.8410,472.2035,469.2774,468.7088,470.4944,466.0852,462.1853,457.0280,451.1603,444.3475,432.3397,422.8460,409.0725,394.1395,382.9880
70,2.0000,SpendAwareDPRebalance (R70-aware),4.0000,28164.5343,1126.5814,spend75p,1110.3308,1134.7353,1159.4499,1181.5254,1203.3552,1214.5697,1223.5599,1232.5127,1241.1447,1242.7620,1220.4338,1220.4148,1224.9266,1234.1918,1230.1518,1236.4303,1237.9152,1236.1010,1243.4458,1230.8233,769.0837,740.8180,717.0131,702.3964,687.2237,680.1020,673.0484,666.2188,672.9046,682.4839,692.5144,696.2056,707.0402,719.3068,710.5531,720.6575,726.4743,728.7263,726.4088,727.3652,726.9869,725.8495,718.7421,703.4777,702.9538
70,2.0000,SpendAwareDPRebalance (R70-aware),4.3300,26018.0456,1126.5814,survival,1.0000,1.0000,1.0000,1.0000,1.0000,1.0000,1.0000,1.0000,0.9990,0.9980,0.9955,0.9955,0.9945,0.9905,0.9875,0.9815,0.9765,0.9695,0.9655,0.9605,0.9580,0.9565,0.9550,0.9525,0.9510,0.9490,0.9455,0.9440,0.9420,0.9405,0.9385,0.9365,0.9360,0.9345,0.9325,0.9310,0.9310,0.9300,0.9285,0.9275,0.9270,0.9265,0.9265,0.9260,0.9255
70,2.0000,SpendAwareDPRebalance (R70-aware),4.3300,26018.0456,1126.5814,spend25p,1110.0304,1101.3780,1088.2491,1071.0221,1052.4182,1030.8298,1004.3549,977.3477,949.2798,921.3042,880.1153,859.9125,840.2822,819.7055,805.7685,787.7977,767.4226,747.1057,725.2275,704.0875,395.8180,375.0582,349.1887,331.2668,313.8209,299.2085,288.2591,277.5069,270.6412,261.0897,256.3220,253.3337,250.2075,244.2265,236.8667,230.2833,224.7552,217.7301,207.1559,196.9244,185.9157,173.9238,164.9357,151.8236,138.8499
70,2.0000,SpendAwareDPRebalance (R70-aware),4.3300,26018.0456,1126.5814,spend50p,1110.1786,1116.8173,1120.8267,1120.8602,1117.8393,1112.7905,1100.8960,1092.1155,1076.3288,1067.2941,1028.9183,1020.2027,1014.5851,1003.0958,992.7525,985.4373,970.6558,957.9844,942.2693,919.2715,544.3317,520.3318,499.9350,479.9386,460.0839,455.2825,443.5959,437.7103,433.4404,432.9059,426.8843,428.9978,427.6497,427.5760,426.3491,424.1162,419.4187,414.0016,405.0331,396.0326,383.8692,369.5749,357.3564,344.0260,332.2529
70,2.0000,SpendAwareDPRebalance (R70-aware),4.3300,26018.0456,1126.5814,spend75p,1110.3308,1132.7597,1154.1130,1173.6548,1191.3793,1201.2630,1208.5501,1217.7279,1219.3050,1218.2729,1189.7506,1188.7480,1197.4933,1199.2065,1199.1673,1201.3356,1193.0876,1190.1255,1191.4087,1180.9536,718.9809,696.7210,671.1939,655.2399,642.2490,627.5785,621.1389,619.3705,619.5496,623.8491,632.6217,635.1659,645.9459,646.7490,654.6016,655.5761,658.9364,655.0076,653.7904,658.2977,650.5316,649.4461,640.7393,627.2017,624.5501
70,2.0000,SpendAwareDPRebalance (R70-aware),4.6600,24175.5660,1126.5814,survival,1.0000,1.0000,1.0000,1.0000,1.0000,1.0000,1.0000,0.9995,0.9980,0.9975,0.9950,0.9935,0.9875,0.9815,0.9735,0.9675,0.9595,0.9535,0.9450,0.9405,0.9380,0.9335,0.9295,0.9260,0.9220,0.9205,0.9180,0.9150,0.9135,0.9115,0.9105,0.9090,0.9065,0.9060,0.9045,0.9030,0.9030,0.9020,0.8995,0.8985,0.8975,0.8975,0.8975,0.8975,0.8965
70,2.0000,SpendAwareDPRebalance (R70-aware),4.6600,24175.5660,1126.5814,spend25p,1110.0304,1100.9751,1084.8403,1066.4201,1044.0490,1022.2596,992.1789,964.5128,934.8931,908.5233,862.6496,840.5442,818.7301,798.1568,782.2536,758.6683,738.4683,717.4304,689.4038,668.5173,365.0345,338.0192,311.7492,293.4187,275.7286,261.8221,251.0717,240.9713,234.0266,225.7532,220.1665,215.9136,210.1112,203.1061,200.1915,193.0403,186.4259,177.5371,166.9507,153.5700,143.6564,132.3013,122.4710,111.7672,101.4691
70,2.0000,SpendAwareDPRebalance (R70-aware),4.6600,24175.5660,1126.5814,spend50p,1110.1786,1116.1803,1118.6383,1115.9587,1110.6894,1102.3259,1092.0870,1077.0758,1060.8442,1046.8859,1009.5676,999.6451,991.4504,978.3145,964.0738,954.0682,940.2189,922.9177,904.7332,885.1696,512.1019,485.1496,462.1712,438.1736,425.9382,417.5723,406.4632,400.2302,399.5772,395.0644,394.4323,389.9004,390.5058,386.7445,383.6238,378.4999,370.9175,365.0599,356.5378,349.2220,340.1133,326.1668,314.2875,298.4966,284.7244
70,2.0000,SpendAwareDPRebalance (R70-aware),4.6600,24175.5660,1126.5814,spend75p,1110.3308,1131.0877,1151.3845,1169.2416,1183.9236,1193.0768,1197.5121,1205.1003,1205.8456,1202.6390,1175.1415,1172.6562,1172.4331,1175.8744,1163.9241,1165.2374,1155.8530,1153.9437,1146.0370,1135.5826,685.5228,660.7858,634.8725,616.5890,599.4007,589.0374,583.7637,577.9834,575.7228,579.8152,585.0636,586.9266,590.8306,601.0411,596.7119,598.3248,596.0927,589.2266,592.5600,586.9460,584.8322,574.9022,567.8427,556.3365,554.2957
70,2.0000,SpendAwareDPRebalance (R70-aware),5.0000,22531.6275,1126.5814,survival,1.0000,1.0000,1.0000,1.0000,1.0000,1.0000,1.0000,0.9990,0.9980,0.9950,0.9940,0.9855,0.9780,0.9690,0.9595,0.9490,0.9395,0.9290,0.9150,0.9070,0.9025,0.8980,0.8915,0.8875,0.8805,0.8775,0.8750,0.8720,0.8675,0.8655,0.8625,0.8605,0.8590,0.8575,0.8535,0.8530,0.8525,0.8515,0.8495,0.8485,0.8475,0.8475,0.8475,0.8475,0.8475
70,2.0000,SpendAwareDPRebalance (R70-aware),5.0000,22531.6275,1126.5814,spend25p,1110.0304,1100.5772,1083.9097,1063.2669,1040.3563,1014.8204,985.3249,954.4204,925.8626,895.3150,849.1693,821.3678,801.1904,778.4545,751.7564,728.5149,703.6693,678.7418,652.6654,622.9371,327.0330,299.1890,275.9709,252.2704,232.1381,220.0308,214.1548,200.2286,189.6518,183.4746,174.8623,166.6059,162.6834,158.6165,147.8459,135.6277,124.2812,118.4265,107.7044,95.9045,84.8356,75.9353,63.9112,56.4493,43.3452
70,2.0000,SpendAwareDPRebalance (R70-aware),5.0000,22531.6275,1126.5814,spend50p,1110.1786,1115.6755,1117.7703,1113.5079,1106.7445,1096.0722,1084.2869,1068.4998,1051.2875,1033.7275,996.0444,980.9720,971.5478,957.2534,937.6440,921.9061,910.4500,890.9721,866.8067,839.9788,475.3781,451.3751,424.6069,404.7755,392.0133,381.6647,367.7924,362.3141,356.6414,354.4194,346.8275,344.3366,341.2516,342.4060,334.8775,332.4936,327.2076,316.7489,306.1955,293.1098,283.1519,271.7222,262.1225,251.4518,238.0761
70,2.0000,SpendAwareDPRebalance (R70-aware),5.0000,22531.6275,1126.5814,spend75p,1110.3308,1130.6262,1150.5649,1168.2187,1182.1837,1189.1542,1193.0800,1195.7441,1195.8654,1187.5710,1155.7258,1151.6195,1152.1854,1151.7537,1138.0775,1130.3898,1123.8679,1115.3577,1100.0864,1084.3099,646.8243,620.2817,593.0972,572.9735,554.6931,540.9674,532.5329,529.0859,527.0034,531.1527,533.7110,535.1905,537.8931,541.1933,539.0792,544.3536,542.0672,537.9012,532.0805,529.8821,520.0155,506.7704,498.8645,492.5137,489.5789
70,2.0000,SpendAwareDPRebalance (R70-aware),5.5000,20483.2977,1126.5814,survival,1.0000,1.0000,1.0000,1.0000,1.0000,1.0000,1.0000,0.9985,0.9970,0.9925,0.9830,0.9695,0.9580,0.9450,0.9310,0.9120,0.8940,0.8735,0.8595,0.8485,0.8400,0.8335,0.8255,0.8215,0.8125,0.8085,0.8065,0.8025,0.7960,0.7920,0.7900,0.7855,0.7820,0.7795,0.7780,0.7770,0.7745,0.7735,0.7730,0.7725,0.7725,0.7715,0.7695,0.7695,0.7695
70,2.0000,SpendAwareDPRebalance (R70-aware),5.5000,20483.2977,1126.5814,spend25p,1110.0304,1100.3043,1083.3600,1062.1086,1037.8712,1008.5883,977.9975,947.5662,915.0173,880.3591,828.9550,799.4950,772.1206,743.3081,714.9048,679.9250,648.0832,610.1779,576.0726,537.3527,262.3501,236.8489,208.6853,189.5087,167.7899,153.9456,140.8340,126.5235,111.9983,99.6156,91.5477,80.3073,64.8376,57.5509,47.5520,35.9906,23.5173,14.9623,6.9970,0.0000,0.0000,0.0000,0.0000,0.0000,0.0000
70,2.0000,SpendAwareDPRebalance (R70-aware),5.5000,20483.2977,1126.5814,spend50p,1110.1786,1115.4802,1116.7992,1111.5998,1105.0700,1093.5965,1075.5747,1059.8654,1044.1967,1023.0283,978.6478,962.9601,947.3646,926.7759,904.8320,877.3918,856.8726,833.1779,807.5562,778.8974,429.8323,402.8260,377.1033,355.9094,338.0626,325.4868,316.6075,307.3347,303.0004,298.3332,291.9381,287.5192,282.9434,277.0167,267.4549,262.9842,256.4048,246.9065,239.8528,230.8594,219.9824,205.9539,194.9092,182.1085,171.1702
70,2.0000,SpendAwareDPRebalance (R70-aware),5.5000,20483.2977,1126.5814,spend75p,1110.3308,1130.4429,1150.2448,1167.6400,1180.9605,1185.6282,1189.2162,1189.2467,1189.2810,1179.1940,1140.8367,1132.9420,1124.0348,1110.2276,1102.7319,1091.7118,1078.1857,1059.7372,1042.3642,1028.1122,594.9972,572.0228,546.8985,522.2584,504.5823,490.1513,487.9909,480.2646,477.8909,472.2070,468.6601,472.1274,475.0976,477.0333,479.4215,478.7086,479.0218,479.3021,466.6217,456.8012,453.0422,442.5500,432.4270,429.6781,418.3499
70,2.0000,SpendAwareDPRebalance (R70-aware),6.0000,18776.3562,1126.5814,survival,1.0000,1.0000,1.0000,1.0000,1.0000,1.0000,0.9990,0.9980,0.9945,0.9825,0.9720,0.9570,0.9365,0.9155,0.8950,0.8690,0.8425,0.8205,0.8010,0.7780,0.7665,0.7610,0.7550,0.7480,0.7425,0.7360,0.7320,0.7270,0.7230,0.7190,0.7160,0.7125,0.7110,0.7080,0.7040,0.7020,0.7010,0.6990,0.6980,0.6975,0.6970,0.6965,0.6965,0.6955,0.6955
70,2.0000,SpendAwareDPRebalance (R70-aware),6.0000,18776.3562,1126.5814,spend25p,1110.0304,1100.3043,1083.2204,1061.8693,1036.7630,1006.7251,975.0700,944.7487,906.3269,867.5239,811.7884,783.4920,744.0493,709.9104,675.0037,635.4821,585.5096,542.2452,482.1890,420.9416,162.0916,128.3291,89.3914,0.0000,0.0000,0.0000,0.0000,0.0000,0.0000,0.0000,0.0000,0.0000,0.0000,0.0000,0.0000,0.0000,0.0000,0.0000,0.0000,0.0000,0.0000,0.0000,0.0000,0.0000,0.0000
70,2.0000,SpendAwareDPRebalance (R70-aware),6.0000,18776.3562,1126.5814,spend50p,1110.1786,1115.4630,1116.6863,1111.3132,1104.9041,1092.5621,1073.8872,1057.2254,1038.7310,1012.4668,969.2010,946.9276,923.8280,897.9516,867.2247,839.4986,809.8187,782.3805,753.6741,719.0664,383.7552,355.7987,331.1915,307.9555,289.6624,275.9520,264.5082,253.3395,248.3177,239.2702,232.6787,225.3117,223.4876,214.4791,205.8071,199.0238,191.2908,187.4374,177.8124,167.0570,156.6322,145.6110,133.8153,120.3955,107.1192
70,2.0000,SpendAwareDPRebalance (R70-aware),6.0000,18776.3562,1126.5814,spend75p,1110.3308,1130.4429,1150.0575,1167.0534,1180.3396,1184.0509,1187.9797,1188.6244,1182.8521,1173.3887,1132.2663,1123.0062,1107.4187,1090.5850,1070.2762,1055.4393,1037.4912,1020.3227,1000.9389,978.7685,555.9173,532.4715,505.1524,481.4185,466.3322,451.3778,444.2360,433.9968,428.5840,424.6004,422.8730,418.6731,420.4121,423.1035,421.5597,423.6462,423.8719,420.1705,408.3014,400.4382,388.7748,377.4316,371.7192,365.0112,357.7832
70,2.0000,SpendAwareDPRebalance (R70-aware),7.0000,16094.0196,1126.5814,survival,1.0000,1.0000,1.0000,1.0000,1.0000,0.9995,0.9980,0.9925,0.9790,0.9630,0.9360,0.9060,0.8710,0.8290,0.7930,0.7595,0.7310,0.6990,0.6720,0.6500,0.6365,0.6265,0.6160,0.6085,0.6010,0.5965,0.5940,0.5905,0.5885,0.5865,0.5835,0.5800,0.5790,0.5775,0.5740,0.5720,0.5700,0.5690,0.5675,0.5670,0.5665,0.5660,0.5655,0.5655,0.5655
70,2.0000,SpendAwareDPRebalance (R70-aware),7.0000,16094.0196,1126.5814,spend25p,1110.0304,1100.3043,1083.2204,1061.7594,1036.3819,1005.9946,972.3879,936.0230,891.5383,847.3666,783.9794,737.1464,680.3537,606.7664,539.5102,412.7216,0.0000,0.0000,0.0000,0.0000,0.0000,0.0000,0.0000,0.0000,0.0000,0.0000,0.0000,0.0000,0.0000,0.0000,0.0000,0.0000,0.0000,0.0000,0.0000,0.0000,0.0000,0.0000,0.0000,0.0000,0.0000,0.0000,0.0000,0.0000,0.0000
70,2.0000,SpendAwareDPRebalance (R70-aware),7.0000,16094.0196,1126.5814,spend50p,1110.1786,1115.4630,1116.6863,1111.4155,1104.5006,1091.4584,1072.9651,1054.7842,1030.9957,1001.5409,948.4750,915.4520,877.7483,834.8702,795.8438,760.4380,723.3167,675.9702,636.4066,593.4755,287.4795,255.8060,224.4438,206.4655,185.1893,169.0250,159.0754,150.5444,142.9133,134.5677,127.0950,116.6895,107.8649,103.8531,90.7566,79.9404,69.1851,62.4435,55.1074,48.0451,36.4463,22.7136,12.6160,2.6797,0.0000
70,2.0000,SpendAwareDPRebalance (R70-aware),7.0000,16094.0196,1126.5814,spend75p,1110.3308,1130.4429,1150.0575,1167.0534,1180.3396,1183.0361,1186.4686,1184.1035,1170.5696,1159.3721,1112.5138,1096.4978,1070.8837,1043.6117,1020.5706,995.4222,965.1886,933.7558,902.4571,875.1721,475.0327,446.4132,423.4998,407.4914,389.7925,376.6308,367.9070,354.8529,347.8214,343.8650,343.2447,338.5353,337.6736,335.7250,334.1610,328.7719,318.0700,306.6108,301.0963,293.6164,285.3301,276.7513,267.4673,258.8863,247.0288
70,3.0000,SpendAwareDPRebalance (R70-aware),2.3800,70551.3471,1679.1221,survival,1.0000,1.0000,1.0000,1.0000,1.0000,1.0000,1.0000,1.0000,1.0000,1.0000,1.0000,1.0000,1.0000,1.0000,1.0000,1.0000,1.0000,1.0000,1.0000,1.0000,1.0000,1.0000,0.9995,0.9995,0.9990,0.9990,0.9985,0.9980,0.9980,0.9980,0.9980,0.9980,0.9975,0.9970,0.9970,0.9960,0.9950,0.9945,0.9940,0.9925,0.9920,0.9920,0.9910,0.9900,0.9900
70,3.0000,SpendAwareDPRebalance (R70-aware),2.3800,70551.3471,1679.1221,spend25p,1679.1473,1690.0637,1690.5708,1685.4508,1671.2985,1653.5739,1624.5979,1594.3036,1558.5931,1528.1818,1476.8483,1461.3258,1443.7478,1419.0769,1401.0937,1386.9854,1362.0044,1342.3961,1313.0534,1285.3408,968.3391,941.2817,915.0229,879.8836,864.3419,847.6758,833.2533,833.4391,835.9971,846.9766,853.4696,853.4148,856.8916,857.7044,861.1476,868.3158,870.8201,872.3930,864.3006,857.1446,848.2378,839.1433,833.3919,825.9408,827.3705
70,3.0000,SpendAwareDPRebalance (R70-aware),2.3800,70551.3471,1679.1221,spend50p,1679.2955,1712.9772,1742.8640,1764.1132,1778.1230,1788.5729,1790.2503,1793.9690,1790.1888,1781.6402,1757.9563,1758.1559,1755.6191,1763.6287,1758.4427,1758.0727,1746.5810,1736.8918,1714.4764,1706.1626,1319.0149,1293.0555,1271.8279,1250.4445,1233.1666,1220.8983,1239.9744,1248.5683,1264.3037,1283.2946,1290.2005,1305.7212,1315.7980,1343.3019,1368.9047,1381.9511,1398.1256,1421.7416,1430.7016,1427.0460,1421.7466,1412.5582,1404.5026,1407.5103,1409.5507
70,3.0000,SpendAwareDPRebalance (R70-aware),2.3800,70551.3471,1679.1221,spend75p,1679.4477,1736.3362,1793.3018,1848.0681,1898.7004,1940.8252,1972.8576,2004.1917,2031.1040,2052.3851,2044.8124,2067.7520,2103.9693,2129.7180,2150.8501,2169.3419,2193.9557,2225.6434,2237.0605,2242.5238,1774.4283,1760.6462,1751.3340,1734.4591,1738.5318,1739.1962,1749.4898,1753.8394,1780.5918,1816.3512,1857.2481,1904.6430,1952.7712,2002.4357,2058.2106,2133.5443,2169.9014,2198.3389,2241.9766,2262.4422,2295.7592,2326.1336,2345.4417,2355.4580,2379.7740
70,3.0000,SpendAwareDPRebalance (R70-aware),2.5000,67164.8824,1679.1221,survival,1.0000,1.0000,1.0000,1.0000,1.0000,1.0000,1.0000,1.0000,1.0000,1.0000,1.0000,1.0000,1.0000,1.0000,1.0000,1.0000,1.0000,1.0000,1.0000,0.9995,0.9995,0.9985,0.9985,0.9980,0.9980,0.9975,0.9975,0.9975,0.9975,0.9965,0.9960,0.9955,0.9955,0.9955,0.9955,0.9955,0.9935,0.9930,0.9910,0.9910,0.9910,0.9910,0.9900,0.9885,0.9870
70,3.0000,SpendAwareDPRebalance (R70-aware),2.5000,67164.8824,1679.1221,spend25p,1679.1473,1688.8767,1687.6697,1681.2306,1666.3391,1646.5700,1616.6843,1588.8008,1550.2890,1520.0363,1471.4766,1457.1857,1437.3871,1412.0168,1395.4230,1378.6984,1354.0470,1335.4906,1305.7439,1277.8675,957.2713,931.0908,904.2230,872.8135,855.7767,838.7499,828.5501,825.8901,829.2722,835.3797,837.9695,841.1886,847.1265,850.7931,850.5675,854.4457,858.9993,862.5008,850.7528,846.5445,841.4095,826.9254,820.6410,814.3731,804.3799
70,3.0000,SpendAwareDPRebalance (R70-aware),2.5000,67164.8824,1679.1221,spend50p,1679.2955,1711.8882,1741.2610,1759.2607,1774.1853,1781.9411,1783.6133,1783.7984,1780.8344,1774.9925,1749.6765,1748.4297,1744.3278,1755.5282,1746.1845,1744.8851,1735.1853,1721.2411,1702.8134,1691.6458,1304.5903,1275.3805,1254.8761,1231.3938,1215.1252,1206.2650,1224.7811,1229.3872,1244.2895,1264.1587,1272.5169,1285.0309,1298.4863,1324.1783,1351.1100,1358.9469,1374.1234,1394.8353,1401.6224,1400.4019,1391.8411,1392.2301,1383.3710,1392.0617,1385.3771
70,3.0000,SpendAwareDPRebalance (R70-aware),2.5000,67164.8824,1679.1221,spend75p,1679.4477,1735.5219,1791.4140,1845.3676,1891.7306,1933.3281,1967.0713,1995.6219,2021.8230,2036.0422,2032.9905,2058.7857,2092.2291,2112.0802,2135.7321,2153.0536,2176.6290,2207.0310,2220.1626,2221.2904,1755.3581,1744.3823,1723.8659,1703.4468,1704.5116,1701.2801,1714.5763,1726.5887,1744.9578,1776.2608,1822.5561,1870.5959,1913.0292,1968.0138,2012.4216,2088.9803,2115.7131,2139.3265,2161.0291,2215.6854,2254.9054,2268.0308,2283.2875,2306.9470,2314.0063
70,3.0000,SpendAwareDPRebalance (R70-aware),2.8000,59968.6450,1679.1221,survival,1.0000,1.0000,1.0000,1.0000,1.0000,1.0000,1.0000,1.0000,1.0000,1.0000,1.0000,1.0000,1.0000,1.0000,1.0000,1.0000,1.0000,0.9990,0.9990,0.9980,0.9970,0.9965,0.9960,0.9950,0.9950,0.9950,0.9940,0.9930,0.9930,0.9930,0.9920,0.9920,0.9915,0.9900,0.9885,0.9885,0.9885,0.9880,0.9870,0.9855,0.9845,0.9845,0.9835,0.9830,0.9825
70,3.0000,SpendAwareDPRebalance (R70-aware),2.8000,59968.6450,1679.1221,spend25p,1679.1473,1684.9476,1681.0469,1671.0410,1653.9059,1628.8243,1599.0602,1572.0727,1533.4479,1500.6851,1452.9940,1433.6108,1413.2551,1387.8823,1374.4037,1353.5942,1333.7127,1310.9704,1281.2350,1252.6608,932.0193,904.6412,877.6419,845.3250,825.4402,813.8701,800.2253,797.8589,797.0624,803.7071,806.3533,807.3211,810.3827,804.3928,809.4685,818.4375,813.4620,814.7254,809.1231,795.6230,786.4690,781.6323,781.4159,768.0810,750.1512
70,3.0000,SpendAwareDPRebalance (R70-aware),2.8000,59968.6450,1679.1221,spend50p,1679.2955,1708.8580,1734.7228,1752.2781,1763.4451,1765.6371,1768.5462,1763.1736,1760.9834,1748.5103,1720.5454,1710.5437,1709.7612,1716.1717,1712.8652,1706.5011,1694.5323,1675.8997,1664.9318,1642.5696,1259.5398,1228.7652,1207.0240,1189.9143,1175.8022,1166.4350,1177.6371,1179.1845,1197.5587,1210.6984,1208.0910,1226.9392,1244.6333,1266.6562,1289.7118,1307.6817,1320.0228,1325.1865,1338.1314,1318.9887,1325.1639,1313.2224,1302.9177,1309.4316,1304.2312
70,3.0000,SpendAwareDPRebalance (R70-aware),2.8000,59968.6450,1679.1221,spend75p,1679.4477,1732.5525,1785.4729,1838.2545,1879.9063,1917.3501,1947.5680,1970.1947,1986.9118,2011.4138,1994.9423,2019.4757,2037.6259,2050.0479,2078.3563,2106.7291,2115.1914,2140.8359,2148.1123,2153.1847,1686.7765,1660.0800,1640.3898,1626.6262,1625.0403,1626.7568,1630.7787,1642.2294,1655.2287,1697.2001,1734.8275,1773.7146,1816.6547,1862.9034,1914.8626,1956.5265,1994.9245,2023.1569,2045.0822,2085.9118,2095.1785,2106.1980,2123.2521,2159.8337,2174.3382
70,3.0000,SpendAwareDPRebalance (R70-aware),3.0000,55970.7353,1679.1221,survival,1.0000,1.0000,1.0000,1.0000,1.0000,1.0000,1.0000,1.0000,1.0000,1.0000,1.0000,1.0000,1.0000,1.0000,1.0000,0.9995,0.9990,0.9975,0.9965,0.9960,0.9950,0.9940,0.9940,0.9935,0.9920,0.9905,0.9905,0.9905,0.9900,0.9900,0.9895,0.9890,0.9885,0.9880,0.9875,0.9870,0.9860,0.9835,0.9825,0.9815,0.9805,0.9800,0.9775,0.9765,0.9765
70,3.0000,SpendAwareDPRebalance (R70-aware),3.0000,55970.7353,1679.1221,spend25p,1679.1473,1681.4475,1676.6598,1664.7233,1645.3808,1621.0602,1590.2123,1557.2511,1519.3178,1485.3874,1439.1352,1417.7729,1398.4855,1372.0491,1359.0796,1331.3155,1317.2597,1294.9060,1260.5028,1230.3362,913.3793,885.3218,859.2702,824.8991,807.6792,795.0000,778.8819,777.8106,773.8306,777.0388,778.8787,776.0586,781.4970,784.6452,787.9160,790.8869,783.4251,773.4670,779.7730,769.2892,762.1312,752.0807,743.1062,725.1704,716.0744
70,3.0000,SpendAwareDPRebalance (R70-aware),3.0000,55970.7353,1679.1221,spend50p,1679.2955,1706.4788,1728.6143,1745.5458,1754.0193,1754.9780,1755.9185,1749.1441,1743.5876,1730.6699,1696.1021,1689.1541,1692.0343,1693.3676,1683.0709,1680.8213,1665.8201,1650.6998,1637.6663,1614.2885,1225.0707,1198.6308,1168.3320,1157.4609,1138.9618,1124.6134,1132.6771,1145.5050,1155.8134,1164.6417,1172.7335,1180.5428,1197.3366,1218.3636,1240.8322,1259.8301,1271.4368,1272.5577,1278.8497,1272.6820,1279.8104,1265.1273,1251.6830,1243.2562,1240.8642
70,3.0000,SpendAwareDPRebalance (R70-aware),3.0000,55970.7353,1679.1221,spend75p,1679.4477,1729.6545,1781.4055,1828.9124,1870.0809,1905.5799,1932.8785,1949.2940,1962.3718,1984.5422,1964.4684,1980.3638,2002.0915,2017.6493,2038.1360,2067.5523,2072.4945,2090.8831,2093.8515,2107.9320,1639.2327,1613.7715,1582.9881,1566.8209,1563.9674,1562.2884,1562.9238,1580.1943,1594.3608,1618.9614,1657.1121,1689.4751,1745.2061,1774.2325,1827.8568,1876.9057,1900.5379,1932.5242,1965.7103,2002.9919,2016.6288,2018.3701,2038.4117,2050.4791,2077.4711
70,3.0000,SpendAwareDPRebalance (R70-aware),3.3300,50424.0859,1679.1221,survival,1.0000,1.0000,1.0000,1.0000,1.0000,1.0000,1.0000,1.0000,1.0000,1.0000,1.0000,1.0000,1.0000,0.9975,0.9970,0.9965,0.9950,0.9945,0.9940,0.9940,0.9925,0.9905,0.9895,0.9895,0.9895,0.9885,0.9880,0.9870,0.9865,0.9865,0.9855,0.9845,0.9840,0.9820,0.9810,0.9795,0.9790,0.9760,0.9740,0.9715,0.9685,0.9670,0.9660,0.9660,0.9645
70,3.0000,SpendAwareDPRebalance (R70-aware),3.3300,50424.0859,1679.1221,spend25p,1654.2830,1651.5131,1644.9763,1627.8676,1605.7636,1576.8706,1545.0192,1515.2305,1477.0469,1438.5086,1396.5300,1369.6852,1347.3887,1321.4193,1302.4298,1283.1652,1269.1014,1236.1777,1213.9480,1180.3230,863.6892,835.2914,801.7558,778.2711,761.7970,741.8060,730.8307,724.8270,721.1919,722.6687,724.4805,723.6742,721.3555,725.9560,727.1925,718.6443,723.5697,705.5331,702.3877,694.1370,689.1944,675.4660,655.5126,644.1621,628.2342
70,3.0000,SpendAwareDPRebalance (R70-aware),3.3300,50424.0859,1679.1221,spend50p,1654.4312,1675.6398,1692.8438,1705.3586,1709.1310,1710.1948,1706.5627,1701.1517,1687.7824,1674.4212,1642.8487,1633.9199,1632.3735,1623.7680,1611.2485,1604.7559,1596.9134,1579.7589,1566.2953,1549.9921,1147.8710,1116.9768,1097.0304,1081.9935,1063.7757,1053.3690,1058.4702,1064.0825,1078.3658,1081.3809,1088.2939,1090.1419,1110.6593,1127.2842,1143.1078,1157.3792,1164.4387,1161.2890,1152.8233,1154.6365,1161.2128,1152.2491,1134.5661,1135.9656,1129.2288
70,3.0000,SpendAwareDPRebalance (R70-aware),3.3300,50424.0859,1679.1221,spend75p,1654.5834,1700.1282,1744.6346,1784.9017,1822.7507,1849.9362,1875.0155,1886.7899,1893.7560,1906.9812,1897.5573,1907.8249,1926.2218,1937.6775,1952.5002,1968.6898,1973.1918,1984.5352,1986.2616,2000.9322,1521.8974,1500.3782,1476.7176,1454.4190,1455.4648,1453.2797,1456.1134,1468.4418,1477.7156,1506.4737,1535.6595,1572.2233,1614.0085,1651.7490,1685.9126,1716.8929,1754.7349,1763.6899,1786.4830,1809.8184,1823.5825,1831.2199,1848.3461,1863.1447,1887.6777
70,3.0000,SpendAwareDPRebalance (R70-aware),3.6600,45877.6519,1679.1221,survival,1.0000,1.0000,1.0000,1.0000,1.0000,1.0000,1.0000,1.0000,1.0000,1.0000,0.9995,0.9985,0.9960,0.9955,0.9955,0.9940,0.9930,0.9910,0.9890,0.9865,0.9855,0.9845,0.9840,0.9835,0.9815,0.9800,0.9770,0.9755,0.9730,0.9720,0.9710,0.9690,0.9680,0.9665,0.9630,0.9605,0.9585,0.9555,0.9535,0.9520,0.9490,0.9470,0.9435,0.9430,0.9415
70,3.0000,SpendAwareDPRebalance (R70-aware),3.6600,45877.6519,1679.1221,spend25p,1654.2830,1645.7956,1632.7337,1613.7100,1589.0234,1559.1049,1523.4818,1484.8877,1449.9499,1413.6967,1360.8709,1335.4606,1305.4892,1281.5478,1269.0199,1245.2728,1228.3691,1196.7184,1172.1189,1139.5744,818.1065,792.2814,761.3939,740.2562,713.5879,694.7083,678.1657,678.8520,668.6566,668.1325,669.3055,664.2268,662.0668,663.7430,655.3762,648.4452,643.2332,638.2015,630.0439,619.6766,608.6599,596.6910,572.9416,567.0182,551.3628
70,3.0000,SpendAwareDPRebalance (R70-aware),3.6600,45877.6519,1679.1221,spend50p,1654.4312,1669.6355,1681.2636,1687.0923,1688.4708,1688.0558,1677.6263,1663.8744,1649.9827,1638.6407,1599.9054,1585.8173,1576.8261,1568.2171,1558.4813,1550.1865,1538.8002,1524.8014,1502.6976,1470.0912,1087.1701,1057.7333,1036.7533,1016.4132,995.9017,987.8071,992.4600,991.2220,999.7045,1004.2922,1008.3273,1015.2860,1027.9342,1029.8458,1049.2828,1061.0407,1060.2173,1063.9732,1064.5297,1073.3235,1058.7490,1051.6729,1043.2958,1031.9032,1012.2350
70,3.0000,SpendAwareDPRebalance (R70-aware),3.6600,45877.6519,1679.1221,spend75p,1654.5834,1693.0619,1733.2268,1766.6970,1799.5324,1821.1474,1832.7899,1845.3970,1856.2363,1868.6698,1850.3489,1850.9018,1859.9570,1870.9785,1883.8222,1883.3597,1895.9282,1899.0748,1909.1834,1902.0014,1432.3759,1411.0796,1379.5093,1358.3422,1343.7196,1341.2540,1349.0349,1347.8456,1361.3534,1390.9997,1419.4753,1444.5225,1487.5973,1513.4087,1536.0720,1566.7885,1589.1177,1604.1822,1613.5800,1634.8999,1642.7195,1672.2429,1687.0479,1693.0445,1701.6288
70,3.0000,SpendAwareDPRebalance (R70-aware),4.0000,41978.0515,1679.1221,survival,1.0000,1.0000,1.0000,1.0000,1.0000,1.0000,1.0000,1.0000,1.0000,0.9980,0.9975,0.9955,0.9955,0.9940,0.9920,0.9900,0.9855,0.9820,0.9780,0.9720,0.9690,0.9670,0.9640,0.9615,0.9590,0.9570,0.9550,0.9530,0.9500,0.9475,0.9455,0.9435,0.9405,0.9385,0.9355,0.9340,0.9320,0.9315,0.9285,0.9260,0.9230,0.9215,0.9200,0.9195,0.9195
70,3.0000,SpendAwareDPRebalance (R70-aware),4.0000,41978.0515,1679.1221,spend25p,1654.2830,1642.0401,1623.4246,1599.0318,1571.5301,1541.1365,1501.0051,1462.1076,1424.0422,1379.7307,1327.5712,1297.3815,1269.5692,1244.7885,1223.4397,1201.0500,1179.0394,1147.9996,1118.2301,1085.9407,764.1040,735.6268,704.8060,681.4341,658.4141,636.9725,622.3765,616.0902,605.3102,601.5352,600.1983,592.9776,586.8347,582.3010,576.6025,572.4734,569.8221,559.8493,552.4930,543.8707,528.4126,519.3857,499.5020,496.4437,482.0704
70,3.0000,SpendAwareDPRebalance (R70-aware),4.0000,41978.0515,1679.1221,spend50p,1654.4312,1665.6523,1671.7271,1674.0124,1668.6587,1662.1736,1643.7849,1633.2779,1611.8614,1593.7670,1559.8886,1541.0581,1534.3805,1522.7556,1506.5948,1501.2251,1484.6286,1468.7903,1448.6342,1412.5711,1026.0109,997.5823,970.9747,948.4017,928.5251,923.5057,920.8905,918.3394,926.4995,925.1037,923.9089,930.4529,940.7658,951.9144,966.3037,969.9745,968.0907,976.3199,975.0090,970.6212,962.1922,958.7824,951.6787,936.0204,930.4679
70,3.0000,SpendAwareDPRebalance (R70-aware),4.0000,41978.0515,1679.1221,spend75p,1654.5834,1688.7165,1721.8992,1752.2472,1779.5368,1792.9834,1805.7013,1820.4625,1825.0861,1823.6231,1797.0601,1800.3094,1815.5385,1819.7401,1820.8775,1829.6181,1823.3829,1826.4458,1835.5952,1815.2542,1355.6678,1316.1586,1294.9595,1272.2476,1256.8819,1256.7433,1245.1662,1260.3790,1263.9402,1285.6061,1312.0034,1331.7436,1351.5215,1382.0079,1400.8556,1428.4321,1448.8946,1469.5186,1482.3345,1513.7081,1514.2853,1529.2138,1532.9623,1546.0904,1574.3182
70,3.0000,SpendAwareDPRebalance (R70-aware),4.3300,38778.8005,1679.1221,survival,1.0000,1.0000,1.0000,1.0000,1.0000,1.0000,1.0000,1.0000,0.9990,0.9980,0.9955,0.9955,0.9920,0.9885,0.9825,0.9770,0.9720,0.9660,0.9590,0.9505,0.9465,0.9455,0.9405,0.9375,0.9350,0.9315,0.9290,0.9260,0.9220,0.9175,0.9145,0.9125,0.9110,0.9095,0.9085,0.9050,0.9030,0.9005,0.8975,0.8940,0.8895,0.8880,0.8845,0.8830,0.8820
70,3.0000,SpendAwareDPRebalance (R70-aware),4.3300,38778.8005,1679.1221,spend25p,1654.2830,1640.9657,1617.9244,1592.1251,1557.3276,1524.5236,1479.6550,1441.0224,1396.6988,1357.3644,1303.7368,1269.9093,1241.6887,1213.5784,1191.2408,1157.0222,1134.4421,1109.2015,1072.8637,1031.2526,714.3320,684.1332,647.3050,622.5025,599.4486,582.4143,566.9340,552.2856,541.9489,534.3186,531.9011,529.4876,517.9763,510.6728,509.7507,506.8239,500.5423,491.5325,480.0856,467.8971,445.1444,435.2044,421.4503,400.8007,379.3586
70,3.0000,SpendAwareDPRebalance (R70-aware),4.3300,38778.8005,1679.1221,spend50p,1654.4312,1663.5913,1667.7522,1663.8362,1655.4405,1645.7752,1628.9932,1610.0123,1586.0601,1563.3633,1519.9150,1507.6092,1503.4968,1486.6352,1466.0179,1453.5700,1433.6294,1414.5513,1385.9686,1353.3338,971.2073,939.9539,912.2992,885.5588,868.3571,863.1990,854.3571,843.4819,856.0497,853.3257,854.5103,854.0034,861.5808,876.2860,886.4459,887.9208,892.2900,890.8843,889.9313,882.4053,871.2850,866.1915,851.6479,835.8070,822.8792
70,3.0000,SpendAwareDPRebalance (R70-aware),4.3300,38778.8005,1679.1221,spend75p,1654.5834,1686.4930,1715.8954,1742.9448,1766.3540,1779.9452,1786.9909,1799.4039,1799.0996,1797.1649,1769.4795,1764.3784,1776.3403,1776.5987,1771.1231,1770.2558,1766.2351,1753.5084,1749.5655,1737.7095,1275.8043,1256.1123,1225.3776,1201.4353,1185.6693,1175.8416,1172.0981,1173.0480,1188.1643,1200.9035,1222.2757,1242.7954,1261.4750,1280.3547,1301.5100,1327.2605,1340.7449,1358.4491,1374.7260,1386.5993,1377.4463,1396.7906,1404.7493,1421.7318,1428.0092
70,3.0000,SpendAwareDPRebalance (R70-aware),4.6600,36032.6622,1679.1221,survival,1.0000,1.0000,1.0000,1.0000,1.0000,1.0000,1.0000,0.9995,0.9980,0.9975,0.9945,0.9935,0.9855,0.9785,0.9710,0.9620,0.9535,0.9450,0.9345,0.9275,0.9195,0.9155,0.9085,0.9045,0.8970,0.8915,0.8900,0.8855,0.8815,0.8770,0.8755,0.8715,0.8670,0.8645,0.8605,0.8555,0.8535,0.8515,0.8495,0.8460,0.8445,0.8420,0.8385,0.8365,0.8335
70,3.0000,SpendAwareDPRebalance (R70-aware),4.6600,36032.6622,1679.1221,spend25p,1654.2830,1640.3160,1615.5018,1585.5143,1550.8945,1513.8775,1469.7894,1422.9170,1382.1008,1337.6711,1282.7467,1245.5353,1211.7257,1181.5096,1151.7013,1119.9777,1083.3436,1052.7574,1012.5079,973.5981,657.5224,619.6589,581.6256,553.8196,526.4066,507.9533,495.2476,475.9059,464.4169,451.7691,447.8369,440.0585,437.6314,434.9497,418.7522,395.5701,378.9201,364.1843,352.8786,330.3154,318.7848,308.4746,297.0673,287.4864,272.8614
70,3.0000,SpendAwareDPRebalance (R70-aware),4.6600,36032.6622,1679.1221,spend50p,1654.4312,1662.8615,1665.9211,1659.7886,1650.7431,1634.7047,1616.6431,1594.8478,1569.6629,1544.4226,1501.2555,1482.6285,1470.0319,1450.2882,1421.4861,1403.1494,1389.4420,1363.6092,1332.6194,1296.6890,915.2632,882.5458,852.2199,822.1388,808.2750,799.3223,790.4274,786.8735,781.7837,782.7160,785.3923,784.4866,787.6158,797.0829,798.4904,804.2147,806.8105,805.4160,794.3598,777.7795,765.8809,765.2026,758.8109,741.4124,734.0454
70,3.0000,SpendAwareDPRebalance (R70-aware),4.6600,36032.6622,1679.1221,spend75p,1654.5834,1685.0792,1714.5983,1740.8708,1761.4573,1771.8990,1776.9398,1782.2820,1783.3168,1774.7842,1739.4515,1739.7400,1740.2385,1743.9373,1727.2258,1717.8139,1721.5682,1707.8599,1693.2488,1665.9466,1221.4766,1199.4758,1158.1071,1133.9255,1112.2601,1092.0921,1087.7009,1092.8921,1093.6733,1126.1092,1147.7918,1152.0046,1171.2733,1185.3956,1206.7713,1213.2663,1224.7025,1247.6476,1242.0487,1252.2567,1269.7874,1276.2147,1288.6798,1300.9965,1298.0113
70,3.0000,SpendAwareDPRebalance (R70-aware),5.0000,33582.4412,1679.1221,survival,1.0000,1.0000,1.0000,1.0000,1.0000,1.0000,1.0000,0.9990,0.9980,0.9950,0.9925,0.9830,0.9750,0.9660,0.9525,0.9440,0.9305,0.9165,0.8995,0.8895,0.8810,0.8725,0.8680,0.8610,0.8560,0.8510,0.8455,0.8400,0.8320,0.8285,0.8260,0.8210,0.8175,0.8130,0.8075,0.8030,0.8010,0.7990,0.7965,0.7925,0.7880,0.7855,0.7835,0.7820,0.7810
70,3.0000,SpendAwareDPRebalance (R70-aware),5.0000,33582.4412,1679.1221,spend25p,1654.2830,1639.7745,1614.7563,1583.9124,1546.6058,1503.4435,1460.4942,1416.8099,1367.6977,1320.7074,1263.0875,1218.5220,1188.5589,1151.0922,1111.0288,1071.5272,1028.2673,987.0050,950.5174,909.7856,594.2549,554.1157,516.4732,486.3583,459.1730,436.7135,413.3074,397.2118,385.1360,366.3645,355.5892,341.2161,323.8224,305.4252,288.8420,272.7599,263.5662,252.2221,236.9298,211.0158,190.5893,179.0471,159.6652,148.4227,132.8829
70,3.0000,SpendAwareDPRebalance (R70-aware),5.0000,33582.4412,1679.1221,spend50p,1654.4312,1662.3282,1664.5728,1657.3788,1646.2849,1630.5035,1604.6776,1581.8412,1558.1752,1530.1325,1482.9446,1458.9014,1442.1597,1421.0655,1386.1590,1364.2952,1340.6962,1311.1720,1268.7546,1231.4598,861.4546,824.6769,789.5274,765.1183,747.1159,737.3063,722.1187,715.9356,715.4995,711.8151,711.6994,715.6862,721.4156,714.3451,713.9882,704.8192,707.9067,696.2909,697.7684,673.4251,656.2726,647.1399,637.8243,631.8608,619.7094
70,3.0000,SpendAwareDPRebalance (R70-aware),5.0000,33582.4412,1679.1221,spend75p,1654.5834,1684.5507,1714.0389,1740.1676,1759.9599,1767.7664,1772.1139,1773.5873,1771.1810,1761.0206,1725.5585,1715.0688,1712.5465,1707.0201,1693.6902,1683.1964,1674.1545,1656.5563,1630.2753,1609.0633,1172.2363,1132.8550,1104.5043,1067.6687,1044.1032,1028.1042,1030.4534,1022.1018,1030.3870,1046.5517,1059.9066,1066.4020,1079.2694,1094.5797,1116.5057,1124.7188,1150.1054,1154.5065,1165.4587,1172.0910,1173.7107,1172.4194,1181.3252,1179.3691,1176.3323
70,3.0000,SpendAwareDPRebalance (R70-aware),5.5000,30529.4920,1679.1221,survival,1.0000,1.0000,1.0000,1.0000,1.0000,1.0000,1.0000,0.9985,0.9970,0.9925,0.9825,0.9685,0.9565,0.9420,0.9260,0.9075,0.8850,0.8650,0.8490,0.8360,0.8240,0.8135,0.7985,0.7925,0.7875,0.7780,0.7715,0.7650,0.7595,0.7510,0.7475,0.7435,0.7400,0.7360,0.7315,0.7265,0.7250,0.7195,0.7155,0.7130,0.7120,0.7100,0.7090,0.7045,0.7040
70,3.0000,SpendAwareDPRebalance (R70-aware),5.5000,30529.4920,1679.1221,spend25p,1654.2830,1639.7299,1614.1624,1582.1152,1544.6335,1500.4663,1453.1137,1409.6120,1354.9750,1303.6004,1233.0061,1191.0065,1149.9440,1104.4233,1057.7843,1002.7604,946.8358,895.0741,837.5335,784.4495,488.8962,443.3221,391.7051,360.4629,322.2639,284.9127,254.3412,217.0686,178.1433,58.3482,0.0000,0.0000,0.0000,0.0000,0.0000,0.0000,0.0000,0.0000,0.0000,0.0000,0.0000,0.0000,0.0000,0.0000,0.0000
70,3.0000,SpendAwareDPRebalance (R70-aware),5.5000,30529.4920,1679.1221,spend50p,1654.4312,1662.2740,1663.9840,1655.8447,1645.9191,1627.4697,1599.5459,1576.2630,1550.0291,1516.8479,1463.5711,1437.4067,1412.6831,1382.8067,1342.2327,1303.6434,1268.4687,1235.9531,1192.8922,1150.9375,787.7200,749.2156,712.0016,684.6316,659.5991,640.1976,628.6515,617.8449,610.3425,602.3762,600.8841,608.8623,598.0112,600.4527,594.3768,578.5914,571.7371,560.6064,558.4851,540.2625,528.7634,526.1645,516.0322,505.2723,491.3279
70,3.0000,SpendAwareDPRebalance (R70-aware),5.5000,30529.4920,1679.1221,spend75p,1654.5834,1684.5435,1713.7100,1739.0758,1758.3825,1763.6299,1769.9130,1769.3658,1764.6682,1753.1694,1705.0174,1693.3387,1678.8586,1659.3515,1647.1977,1625.1330,1606.3915,1580.5917,1553.6780,1526.3805,1096.1760,1050.5235,1012.6566,986.5573,965.8495,951.4133,950.0042,946.4306,954.1906,956.1432,953.2660,957.8112,975.2620,987.2803,1002.1415,1020.1860,1034.8042,1036.1874,1042.8301,1027.2483,1040.3392,1038.8079,1044.8197,1039.6648,1036.2596
70,3.0000,SpendAwareDPRebalance (R70-aware),6.0000,27985.3677,1679.1221,survival,1.0000,1.0000,1.0000,1.0000,1.0000,1.0000,0.9990,0.9980,0.9945,0.9825,0.9720,0.9560,0.9355,0.9135,0.8890,0.8590,0.8325,0.8120,0.7905,0.7680,0.7565,0.7450,0.7335,0.7225,0.7145,0.7045,0.6990,0.6920,0.6845,0.6770,0.6735,0.6700,0.6655,0.6615,0.6590,0.6550,0.6540,0.6505,0.6475,0.6455,0.6445,0.6440,0.6425,0.6410,0.6375
70,3.0000,SpendAwareDPRebalance (R70-aware),6.0000,27985.3677,1679.1221,spend25p,1654.2830,1639.7299,1614.0396,1582.2765,1544.6335,1500.2899,1449.8875,1405.0193,1347.4336,1288.1062,1212.8964,1167.4347,1110.4938,1053.9700,999.9976,927.5271,855.2761,790.4948,692.0720,581.6311,280.6462,0.0000,0.0000,0.0000,0.0000,0.0000,0.0000,0.0000,0.0000,0.0000,0.0000,0.0000,0.0000,0.0000,0.0000,0.0000,0.0000,0.0000,0.0000,0.0000,0.0000,0.0000,0.0000,0.0000,0.0000
70,3.0000,SpendAwareDPRebalance (R70-aware),6.0000,27985.3677,1679.1221,spend50p,1654.4312,1662.2679,1663.8136,1655.9599,1645.6327,1627.0797,1599.0190,1573.3251,1545.5955,1503.2002,1449.7010,1414.6446,1382.5497,1345.9756,1294.1992,1245.0952,1196.2605,1158.9818,1111.5116,1060.1441,714.9904,676.4305,638.2200,602.1385,577.4224,554.4076,540.0036,519.7128,502.8511,492.5681,488.5541,481.2182,473.8944,468.1728,463.5204,458.4469,450.8253,449.4045,434.6447,431.0380,417.8746,405.3616,396.0483,380.4232,363.1688
70,3.0000,SpendAwareDPRebalance (R70-aware),6.0000,27985.3677,1679.1221,spend75p,1654.5834,1684.5435,1713.6993,1738.7864,1758.3421,1762.3800,1768.5368,1767.6552,1757.1708,1742.9581,1696.3183,1682.6970,1662.0381,1635.7535,1603.5482,1581.6732,1549.7015,1523.1127,1499.9003,1461.5051,1024.6471,985.4424,947.0221,920.0962,901.9613,878.2266,872.2819,865.8613,863.4390,862.5076,864.4094,874.3874,882.5251,894.4330,905.0962,917.5711,927.2740,924.1393,917.6252,922.8466,921.6078,926.4393,920.5643,921.4018,914.1057
70,3.0000,SpendAwareDPRebalance (R70-aware),7.0000,23987.4580,1679.1221,survival,1.0000,1.0000,1.0000,1.0000,1.0000,0.9995,0.9980,0.9925,0.9790,0.9630,0.9360,0.9055,0.8695,0.8280,0.7905,0.7590,0.7275,0.6905,0.6620,0.6395,0.6235,0.6075,0.5955,0.5835,0.5795,0.5680,0.5615,0.5530,0.5475,0.5430,0.5405,0.5370,0.5345,0.5315,0.5280,0.5260,0.5230,0.5180,0.5150,0.5150,0.5130,0.5105,0.5100,0.5095,0.5065
70,3.0000,SpendAwareDPRebalance (R70-aware),7.0000,23987.4580,1679.1221,spend25p,1654.2830,1639.7299,1614.0396,1582.1152,1543.9941,1498.2534,1446.9672,1391.6493,1323.1444,1255.1266,1171.2407,1099.7017,1011.6390,904.9152,801.4006,610.7916,0.0000,0.0000,0.0000,0.0000,0.0000,0.0000,0.0000,0.0000,0.0000,0.0000,0.0000,0.0000,0.0000,0.0000,0.0000,0.0000,0.0000,0.0000,0.0000,0.0000,0.0000,0.0000,0.0000,0.0000,0.0000,0.0000,0.0000,0.0000,0.0000
70,3.0000,SpendAwareDPRebalance (R70-aware),7.0000,23987.4580,1679.1221,spend50p,1654.4312,1662.2679,1663.8136,1655.9599,1645.4935,1625.5906,1597.5758,1568.4770,1534.2207,1489.1677,1422.7125,1373.1781,1312.0157,1247.1761,1184.3979,1138.5251,1073.6121,995.3292,925.1905,864.7695,542.1892,490.1965,446.0667,403.4527,382.5707,348.8488,334.9870,308.6236,295.8062,275.6520,262.4664,247.8657,227.1614,214.5859,195.3695,173.6819,159.2513,139.9785,114.5264,105.0814,84.2313,58.1666,46.4457,34.0187,0.0000
70,3.0000,SpendAwareDPRebalance (R70-aware),7.0000,23987.4580,1679.1221,spend75p,1654.5834,1684.5435,1713.6993,1738.7864,1758.3421,1762.0624,1766.8388,1763.3248,1742.0976,1725.1538,1668.7707,1644.7934,1606.7066,1563.4899,1534.7478,1494.0049,1445.3266,1390.7791,1339.1157,1301.1935,880.7508,835.4877,806.7130,770.7625,756.3022,743.1432,735.7320,724.6687,724.6221,717.7008,719.2300,715.1277,722.3593,726.9282,725.0218,737.4289,729.8965,726.5173,720.2657,723.0449,717.7767,716.5849,708.6354,706.3131,685.7494
