pension_start_age,spend_multiplier,strategy,spending_rule,initial_money,initial_annual_cost,value_type,1,2,3,4,5,6,7,8,9,10,11,12,13,14,15,16,17,18,19,20,21,22,23,24,25,26,27,28,29,30,31,32,33,34,35,36,37,38,39,40,41,42,43,44,45
70,0.7500,SpendAwareDPRebalance (R70-aware),2.3800,18315.3578,435.9055,survival,1.0000,1.0000,1.0000,1.0000,1.0000,1.0000,1.0000,1.0000,1.0000,1.0000,1.0000,1.0000,1.0000,1.0000,1.0000,1.0000,1.0000,1.0000,1.0000,1.0000,1.0000,1.0000,1.0000,1.0000,0.9995,0.9990,0.9990,0.9985,0.9985,0.9985,0.9985,0.9985,0.9985,0.9985,0.9985,0.9985,0.9985,0.9985,0.9985,0.9985,0.9985,0.9985,0.9985,0.9985,0.9985
70,0.7500,SpendAwareDPRebalance (R70-aware),2.3800,18315.3578,435.9055,spend25p,436.4179,437.9992,437.9839,435.1966,430.9818,425.2021,417.0440,407.5808,397.5320,388.0149,360.3081,355.0581,348.3611,340.8391,334.9373,328.6092,323.0620,318.3820,310.3711,303.3511,-0.4194,-14.2551,-26.7845,-38.4210,-48.6742,-58.4782,-67.5198,-75.5538,-83.1168,-89.8669,-96.8787,-103.8885,-111.3649,-119.7826,-128.1492,-137.1129,-147.5228,-160.0771,-173.2820,-188.5117,-206.4332,-225.1153,-246.2995,-268.7441,-295.7739
70,0.7500,SpendAwareDPRebalance (R70-aware),2.3800,18315.3578,435.9055,spend50p,439.4225,447.4476,454.5757,459.0277,462.8979,464.2187,464.5662,463.7846,461.5601,458.5515,434.2981,430.3523,431.5764,430.4048,427.9493,424.9787,420.5267,415.4721,409.8454,403.9792,35.0020,19.7820,4.1057,-9.3683,-21.8247,-33.1384,-42.9810,-52.2776,-60.7758,-68.7494,-76.0311,-84.0403,-92.6088,-101.5821,-110.6667,-120.2996,-130.5335,-141.9181,-154.1381,-168.3326,-183.1164,-198.9929,-216.7527,-236.4451,-256.6979
70,0.7500,SpendAwareDPRebalance (R70-aware),2.3800,18315.3578,435.9055,spend75p,442.5086,456.8390,471.6522,485.4098,497.8418,507.9901,518.1030,524.0347,530.5875,536.1156,512.2310,517.3800,521.2050,525.6801,531.8518,536.1989,539.6610,546.9974,547.3185,548.4793,81.2723,63.3514,45.1819,28.6696,14.4274,0.9581,-10.7269,-21.0130,-30.2498,-38.6838,-46.7810,-54.8094,-64.8612,-74.9360,-85.5985,-97.4194,-109.5603,-123.2135,-136.9638,-149.9343,-163.5886,-178.5935,-194.2383,-210.6212,-227.8531
70,0.7500,SpendAwareDPRebalance (R70-aware),2.5000,17436.2206,435.9055,survival,1.0000,1.0000,1.0000,1.0000,1.0000,1.0000,1.0000,1.0000,1.0000,1.0000,1.0000,1.0000,1.0000,1.0000,1.0000,1.0000,1.0000,1.0000,1.0000,1.0000,1.0000,0.9990,0.9990,0.9985,0.9985,0.9985,0.9985,0.9985,0.9985,0.9985,0.9985,0.9985,0.9985,0.9985,0.9985,0.9985,0.9985,0.9985,0.9985,0.9985,0.9985,0.9985,0.9985,0.9985,0.9985
70,0.7500,SpendAwareDPRebalance (R70-aware),2.5000,17436.2206,435.9055,spend25p,436.4179,437.9992,437.9839,435.1966,430.9818,425.2021,417.0440,407.5808,397.5320,388.0149,360.3081,355.0581,348.3611,340.8391,334.9373,328.6092,323.0620,318.3820,310.3711,303.3511,-0.4194,-14.2551,-26.7845,-38.4210,-48.6742,-58.4782,-67.5198,-75.5538,-83.1168,-89.8669,-96.8787,-103.8885,-111.3649,-119.7826,-128.1492,-137.1129,-147.5228,-160.0771,-173.2820,-188.5117,-206.4332,-225.1153,-246.2995,-268.7441,-295.7739
70,0.7500,SpendAwareDPRebalance (R70-aware),2.5000,17436.2206,435.9055,spend50p,439.4225,447.4476,454.5757,459.0277,462.8979,464.2187,464.5662,463.7846,461.5601,458.5515,434.2981,430.3523,431.5764,430.4048,427.9493,424.9787,420.5267,415.4721,409.8454,403.9792,35.0020,19.7194,3.9947,-9.3683,-21.8247,-33.1384,-42.9810,-52.2776,-60.7758,-68.7494,-76.0311,-84.0403,-92.6088,-101.5821,-110.6667,-120.2996,-130.5335,-141.9181,-154.1381,-168.3326,-183.1164,-198.9929,-216.7527,-236.4451,-256.6979
70,0.7500,SpendAwareDPRebalance (R70-aware),2.5000,17436.2206,435.9055,spend75p,442.5086,456.8390,471.6522,485.4098,497.8418,507.9901,518.1030,524.0347,530.5875,536.1156,512.2310,517.3800,521.2050,525.6801,531.8518,536.1989,539.6610,546.9974,547.3185,548.4793,81.2723,62.8863,45.0970,28.4768,14.3073,0.5082,-10.7269,-21.0130,-30.2498,-38.6838,-46.7810,-54.8094,-64.8612,-74.9360,-85.5985,-97.4194,-109.5603,-123.2135,-136.9638,-149.9343,-163.5886,-178.5935,-194.2383,-210.6212,-227.8531
70,0.7500,SpendAwareDPRebalance (R70-aware),2.8000,15568.0541,435.9055,survival,1.0000,1.0000,1.0000,1.0000,1.0000,1.0000,1.0000,1.0000,1.0000,1.0000,1.0000,1.0000,1.0000,1.0000,1.0000,1.0000,1.0000,1.0000,0.9990,0.9985,0.9985,0.9980,0.9980,0.9975,0.9975,0.9970,0.9970,0.9970,0.9965,0.9965,0.9965,0.9965,0.9965,0.9965,0.9965,0.9965,0.9965,0.9965,0.9965,0.9965,0.9965,0.9965,0.9965,0.9965,0.9965
70,0.7500,SpendAwareDPRebalance (R70-aware),2.8000,15568.0541,435.9055,spend25p,436.4179,437.9992,437.9839,435.1966,430.9818,425.2021,417.0440,407.5808,397.5320,388.0149,360.3081,355.0581,348.3611,340.8391,334.9373,328.6092,323.0620,318.3820,310.2380,302.5616,-0.4194,-14.2551,-26.7845,-38.4210,-48.6742,-58.4782,-67.5198,-75.5538,-83.1168,-89.8669,-96.8787,-103.8885,-111.3649,-119.7826,-128.1492,-137.1129,-147.5228,-160.0771,-173.2820,-188.5117,-206.4332,-225.1153,-246.0064,-268.6397,-295.5832
70,0.7500,SpendAwareDPRebalance (R70-aware),2.8000,15568.0541,435.9055,spend50p,439.4225,447.4476,454.5757,459.0277,462.8979,464.2187,464.5662,463.7846,461.5601,458.5515,434.2981,430.3523,431.5764,430.4048,427.9493,424.9787,420.5267,415.4721,408.6660,403.6898,34.7923,19.6036,3.9645,-9.3683,-21.8247,-33.1384,-42.9810,-52.2776,-60.7758,-68.7494,-76.0311,-84.0403,-92.6088,-101.5821,-110.6667,-120.2996,-130.5335,-141.9181,-154.1381,-168.3326,-183.1164,-198.9400,-216.6649,-236.2784,-256.5379
70,0.7500,SpendAwareDPRebalance (R70-aware),2.8000,15568.0541,435.9055,spend75p,442.5086,456.8390,471.6522,485.4098,497.8418,507.9901,518.1030,524.0347,530.5875,536.1156,512.2310,517.3800,521.2050,525.6801,531.8518,536.1989,539.6610,546.9974,546.9660,547.6606,81.0964,62.7293,45.0638,28.3227,14.1603,0.0538,-10.7269,-21.0130,-30.2498,-38.6838,-46.7810,-54.8094,-64.8612,-74.9360,-85.5985,-97.4194,-109.5603,-123.2135,-136.9638,-149.9343,-163.5336,-178.5514,-194.1205,-210.5298,-227.5390
70,0.7500,SpendAwareDPRebalance (R70-aware),3.0000,14530.1838,435.9055,survival,1.0000,1.0000,1.0000,1.0000,1.0000,1.0000,1.0000,1.0000,1.0000,1.0000,1.0000,1.0000,1.0000,1.0000,1.0000,1.0000,0.9995,0.9995,0.9995,0.9990,0.9975,0.9975,0.9975,0.9965,0.9965,0.9960,0.9955,0.9955,0.9955,0.9955,0.9955,0.9955,0.9955,0.9955,0.9955,0.9955,0.9955,0.9955,0.9950,0.9950,0.9950,0.9950,0.9950,0.9950,0.9950
70,0.7500,SpendAwareDPRebalance (R70-aware),3.0000,14530.1838,435.9055,spend25p,436.4179,437.9992,437.9839,435.1966,430.9818,425.2021,417.0440,407.5808,397.5320,388.0149,360.3081,355.0581,348.3611,340.8391,334.9373,328.6092,322.8162,318.2311,310.2491,302.9450,-0.4194,-14.2551,-26.7845,-38.4210,-48.6742,-58.4782,-67.5198,-75.5538,-83.1168,-89.8669,-96.8787,-103.8885,-111.3649,-119.7826,-128.1492,-137.1129,-147.5228,-160.0771,-173.2820,-188.4861,-206.4167,-225.0913,-245.8898,-268.5677,-295.4911
70,0.7500,SpendAwareDPRebalance (R70-aware),3.0000,14530.1838,435.9055,spend50p,439.4225,447.4476,454.5757,459.0277,462.8979,464.2187,464.5662,463.7846,461.5601,458.5515,434.2981,430.3523,431.5764,430.4048,427.9493,424.9787,420.2911,415.3499,409.0036,403.7586,34.6764,19.5251,3.9389,-9.3683,-21.8247,-33.1384,-42.9810,-52.2776,-60.7758,-68.7494,-76.0311,-84.0403,-92.6088,-101.5821,-110.6667,-120.2996,-130.5335,-141.8911,-154.1041,-168.3167,-183.0730,-198.8480,-216.6240,-236.2426,-256.4871
70,0.7500,SpendAwareDPRebalance (R70-aware),3.0000,14530.1838,435.9055,spend75p,442.5086,456.8390,471.6522,485.4098,497.8418,507.9901,518.1030,524.0347,530.5875,536.1156,512.2310,517.3800,521.2050,525.6801,531.8518,536.1989,539.2731,546.6774,547.0502,547.7532,80.8634,62.5708,45.0518,28.1760,13.8807,0.0000,-10.7269,-21.0130,-30.2498,-38.6838,-46.7810,-54.8094,-64.8612,-74.9360,-85.5985,-97.3737,-109.5021,-123.1821,-136.8735,-149.9021,-163.4797,-178.5157,-194.1205,-210.4855,-227.3422
70,0.7500,SpendAwareDPRebalance (R70-aware),3.3300,13090.2557,435.9055,survival,1.0000,1.0000,1.0000,1.0000,1.0000,1.0000,1.0000,1.0000,1.0000,1.0000,1.0000,1.0000,1.0000,1.0000,1.0000,0.9995,0.9990,0.9980,0.9970,0.9945,0.9920,0.9910,0.9900,0.9895,0.9885,0.9880,0.9875,0.9865,0.9865,0.9865,0.9860,0.9860,0.9860,0.9860,0.9860,0.9860,0.9860,0.9860,0.9860,0.9860,0.9860,0.9860,0.9860,0.9860,0.9860
70,0.7500,SpendAwareDPRebalance (R70-aware),3.3300,13090.2557,435.9055,spend25p,436.4179,437.9992,437.9839,435.1966,430.9818,425.2021,417.0440,407.5808,397.5320,388.0149,360.3081,355.0581,348.3611,340.8391,334.9373,328.5455,322.5511,317.3531,309.4839,300.4434,-0.4194,-14.2551,-26.7845,-38.4210,-48.6742,-58.4782,-67.5198,-75.5538,-83.1168,-89.8669,-96.8787,-103.8885,-111.3649,-119.7826,-128.1492,-137.1129,-147.5228,-160.0622,-173.1083,-188.2055,-206.2450,-224.8087,-245.1478,-267.5598,-294.5076
70,0.7500,SpendAwareDPRebalance (R70-aware),3.3300,13090.2557,435.9055,spend50p,439.4225,447.4476,454.5757,459.0277,462.8979,464.2187,464.5662,463.7846,461.5601,458.5515,434.2981,430.3523,431.5764,430.4048,427.9493,424.9457,419.9732,414.9098,408.0555,401.9437,34.1474,18.2715,3.2233,-9.3683,-21.8247,-33.1384,-42.9810,-52.2776,-60.7758,-68.7494,-76.0311,-83.9932,-92.5951,-101.5574,-110.6344,-120.2916,-130.5223,-141.8278,-154.0097,-167.8231,-182.8354,-198.4978,-216.2827,-235.4889,-255.7805
70,0.7500,SpendAwareDPRebalance (R70-aware),3.3300,13090.2557,435.9055,spend75p,442.5086,456.8390,471.6522,485.4098,497.8418,507.9901,518.1030,524.0347,530.5875,536.1156,512.2310,517.3800,521.2050,525.6801,531.8518,535.9994,539.0184,544.1657,544.8907,544.8405,79.6896,61.7062,43.4843,26.4759,11.9725,0.0000,-10.6514,-20.9927,-30.2341,-38.6212,-46.6830,-54.8015,-64.7927,-74.8638,-85.5856,-97.1363,-109.2277,-122.8685,-136.5469,-149.7486,-163.2411,-177.8130,-193.1087,-209.3730,-226.1993
70,0.7500,SpendAwareDPRebalance (R70-aware),3.6600,11909.9868,435.9055,survival,1.0000,1.0000,1.0000,1.0000,1.0000,1.0000,1.0000,1.0000,1.0000,1.0000,1.0000,1.0000,1.0000,1.0000,0.9985,0.9970,0.9950,0.9945,0.9920,0.9885,0.9850,0.9825,0.9810,0.9795,0.9790,0.9785,0.9785,0.9780,0.9780,0.9780,0.9780,0.9780,0.9775,0.9775,0.9775,0.9775,0.9775,0.9775,0.9775,0.9775,0.9775,0.9775,0.9775,0.9775,0.9775
70,0.7500,SpendAwareDPRebalance (R70-aware),3.6600,11909.9868,435.9055,spend25p,436.4179,437.9992,437.9839,435.1966,430.9818,425.2021,417.0440,407.5808,397.5320,388.0149,360.3081,355.0581,348.3611,340.8391,334.5570,328.2226,320.6827,314.2511,305.8813,297.5253,-0.4194,-14.2551,-26.7845,-38.4210,-48.6742,-58.4782,-67.5198,-75.5538,-83.0702,-89.8208,-96.7695,-103.7685,-111.3227,-119.5931,-128.0749,-137.0737,-147.4596,-159.7974,-172.7108,-187.8280,-205.6820,-224.4745,-244.6762,-266.8766,-293.0735
70,0.7500,SpendAwareDPRebalance (R70-aware),3.6600,11909.9868,435.9055,spend50p,439.4225,447.4476,454.5757,459.0277,462.8979,464.2187,464.5662,463.7846,461.5601,458.5515,434.2981,430.3523,431.5764,430.4048,427.5970,424.4413,418.9328,413.3998,405.6072,399.2921,33.2728,17.2749,2.3036,-9.3335,-21.7485,-33.0096,-42.9526,-52.1217,-60.7526,-68.6797,-75.9046,-83.8867,-92.4572,-101.3463,-110.4697,-120.2393,-130.4519,-141.7077,-153.7899,-167.6509,-182.3100,-198.0609,-215.7359,-234.7930,-255.1269
70,0.7500,SpendAwareDPRebalance (R70-aware),3.6600,11909.9868,435.9055,spend75p,442.5086,456.8390,471.6522,485.4098,497.8418,507.9901,518.1030,524.0347,530.5875,536.1156,512.2310,517.3800,521.2050,525.6801,531.5503,534.7296,535.9165,541.9476,543.3468,539.4596,78.4146,60.1124,41.8662,24.8921,10.5657,0.0000,-10.4014,-20.8711,-29.9840,-38.3073,-46.1616,-54.2988,-64.4461,-74.3606,-85.0471,-96.8287,-108.9045,-122.4416,-136.1099,-149.5270,-162.8876,-177.4094,-192.5845,-208.9040,-225.6016
70,0.7500,SpendAwareDPRebalance (R70-aware),4.0000,10897.6379,435.9055,survival,1.0000,1.0000,1.0000,1.0000,1.0000,1.0000,1.0000,1.0000,1.0000,1.0000,1.0000,1.0000,0.9990,0.9990,0.9965,0.9945,0.9925,0.9885,0.9840,0.9800,0.9785,0.9750,0.9735,0.9690,0.9670,0.9660,0.9655,0.9650,0.9650,0.9650,0.9650,0.9650,0.9650,0.9650,0.9650,0.9650,0.9650,0.9645,0.9645,0.9645,0.9645,0.9645,0.9645,0.9645,0.9645
70,0.7500,SpendAwareDPRebalance (R70-aware),4.0000,10897.6379,435.9055,spend25p,436.4179,437.9992,437.9839,435.1966,430.9818,425.2021,417.0440,407.5808,397.5320,388.0149,360.3081,355.0581,347.9988,340.5313,334.0661,326.7237,319.2176,311.5280,302.4856,293.9903,-0.4194,-14.2551,-26.7772,-38.2732,-48.6661,-58.4123,-67.5144,-75.4943,-83.0293,-89.8119,-96.6168,-103.6920,-111.2517,-119.5176,-127.9674,-136.8943,-147.3411,-159.5181,-172.5035,-187.5397,-205.4822,-223.8713,-243.3352,-265.8167,-291.4866
70,0.7500,SpendAwareDPRebalance (R70-aware),4.0000,10897.6379,435.9055,spend50p,439.4225,447.4476,454.5757,459.0277,462.8979,464.2187,464.5662,463.7846,461.5601,458.5515,434.2981,430.3523,431.1049,430.2220,427.0351,423.2875,418.0949,410.0807,402.6350,397.1134,32.0772,15.7674,1.0580,-9.3222,-21.6794,-32.9484,-42.9460,-52.1062,-60.5163,-68.5331,-75.8039,-83.7657,-92.3099,-101.2811,-110.3290,-120.0184,-130.3159,-141.4881,-153.4537,-167.3707,-181.5669,-197.4874,-214.8484,-233.4052,-254.1903
70,0.7500,SpendAwareDPRebalance (R70-aware),4.0000,10897.6379,435.9055,spend75p,442.5086,456.8390,471.6522,485.4098,497.8418,507.9901,518.1030,524.0347,530.5875,536.1156,512.2310,517.3800,520.3928,525.4422,530.1697,533.9510,533.9173,537.2742,537.2924,533.2244,77.3861,59.2221,41.0100,23.2571,8.5423,0.0000,-9.9115,-20.5750,-29.2520,-37.7687,-45.8020,-53.9083,-63.9167,-73.4173,-84.3733,-95.9310,-108.3505,-121.8441,-135.6507,-149.2287,-162.3065,-176.7456,-191.5932,-207.9367,-224.0453
70,0.7500,SpendAwareDPRebalance (R70-aware),4.3300,10067.1020,435.9055,survival,1.0000,1.0000,1.0000,1.0000,1.0000,1.0000,1.0000,1.0000,1.0000,0.9995,0.9990,0.9985,0.9965,0.9960,0.9930,0.9890,0.9860,0.9810,0.9745,0.9645,0.9605,0.9565,0.9530,0.9515,0.9485,0.9480,0.9475,0.9475,0.9475,0.9470,0.9465,0.9465,0.9460,0.9460,0.9455,0.9455,0.9450,0.9450,0.9450,0.9450,0.9450,0.9450,0.9450,0.9450,0.9450
70,0.7500,SpendAwareDPRebalance (R70-aware),4.3300,10067.1020,435.9055,spend25p,436.4179,437.9992,437.9839,435.1966,430.9818,425.2021,417.0440,407.5808,397.5320,387.9572,360.1393,354.5686,347.4271,339.9768,333.1214,324.9114,317.7772,308.9208,298.0101,289.2901,-0.4194,-14.2551,-26.7772,-38.2732,-48.6536,-58.3674,-67.4919,-75.4520,-83.0293,-89.8119,-96.5518,-103.6663,-111.1580,-119.2147,-127.8991,-136.7726,-147.1781,-159.3877,-172.4045,-187.4644,-205.2248,-223.4775,-242.2062,-264.4339,-290.4237
70,0.7500,SpendAwareDPRebalance (R70-aware),4.3300,10067.1020,435.9055,spend50p,439.4225,447.4476,454.5757,459.0277,462.8979,464.2187,464.5662,463.7846,461.5601,458.5245,433.4499,430.0364,430.3584,429.6183,424.8486,420.7935,414.6823,407.2091,398.6348,389.5280,28.6674,13.2158,0.0000,-9.2613,-21.6335,-32.8545,-42.9107,-52.0848,-60.4325,-68.4592,-75.7116,-83.7159,-92.0424,-101.1468,-109.9974,-119.7428,-129.9869,-141.3152,-153.3018,-166.9799,-181.2932,-196.9750,-214.3965,-232.5161,-252.5476
70,0.7500,SpendAwareDPRebalance (R70-aware),4.3300,10067.1020,435.9055,spend75p,442.5086,456.8390,471.6522,485.4098,497.8418,507.9901,518.1030,524.0347,530.5875,536.0288,511.6961,517.2266,519.6999,523.5201,528.5541,530.8485,532.0942,534.4425,531.2098,522.5210,74.5868,55.9510,36.4163,20.7659,5.6094,0.0000,-8.7399,-19.8151,-28.5363,-36.4938,-44.9437,-53.2770,-62.6041,-72.1059,-83.3332,-95.0885,-107.7185,-120.9417,-134.6768,-148.2864,-161.3625,-175.8944,-190.4273,-206.0244,-221.5060
70,0.7500,SpendAwareDPRebalance (R70-aware),4.6600,9354.1956,435.9055,survival,1.0000,1.0000,1.0000,1.0000,1.0000,1.0000,1.0000,1.0000,0.9995,0.9980,0.9975,0.9965,0.9940,0.9895,0.9840,0.9805,0.9725,0.9635,0.9520,0.9395,0.9360,0.9280,0.9245,0.9190,0.9170,0.9165,0.9165,0.9165,0.9160,0.9160,0.9155,0.9150,0.9140,0.9135,0.9130,0.9130,0.9130,0.9130,0.9125,0.9125,0.9125,0.9125,0.9125,0.9125,0.9125
70,0.7500,SpendAwareDPRebalance (R70-aware),4.6600,9354.1956,435.9055,spend25p,436.4179,437.9992,437.9839,435.1966,430.9818,425.2021,417.0440,407.5808,397.3915,387.3678,359.9281,353.8979,346.8619,338.6148,330.7381,322.0378,313.8067,303.1645,290.7143,278.3166,-0.3301,-14.2072,-26.7552,-38.2079,-48.5259,-58.3285,-67.3482,-75.3063,-82.7019,-89.7177,-96.1543,-103.0766,-110.9994,-118.7635,-127.6892,-136.3664,-146.4821,-158.5567,-171.5873,-186.3766,-203.8631,-222.3318,-240.6515,-262.7615,-287.3368
70,0.7500,SpendAwareDPRebalance (R70-aware),4.6600,9354.1956,435.9055,spend50p,439.4225,447.4476,454.5757,459.0277,462.8979,464.2187,464.5662,463.7846,461.4805,458.4528,432.7443,429.1590,429.9526,427.9432,420.7498,417.6590,410.8455,400.8233,388.8294,376.2880,25.1692,8.7603,0.0000,-8.8245,-21.3339,-32.3292,-42.2013,-51.4939,-60.0017,-67.6246,-75.3730,-83.0070,-91.4056,-100.1904,-109.1931,-118.9149,-129.0896,-140.4922,-152.6819,-166.3228,-180.0014,-195.6213,-212.1518,-229.6771,-248.7198
70,0.7500,SpendAwareDPRebalance (R70-aware),4.6600,9354.1956,435.9055,spend75p,442.5086,456.8390,471.6522,485.4098,497.8418,507.9901,518.1030,524.0347,530.4668,535.7852,511.0138,517.1266,519.5720,521.3420,526.3729,527.1091,526.4764,525.2372,517.2987,506.6210,70.1796,50.8669,33.0012,16.5895,1.8939,0.0000,-6.3298,-17.1345,-25.9895,-33.9235,-41.3217,-50.6410,-59.9844,-68.7967,-79.8660,-92.0674,-105.4545,-118.6475,-132.2785,-145.7220,-159.1944,-173.6093,-187.3915,-202.5246,-217.0832
70,0.7500,SpendAwareDPRebalance (R70-aware),5.0000,8718.1103,435.9055,survival,1.0000,1.0000,1.0000,1.0000,1.0000,1.0000,1.0000,0.9995,0.9975,0.9955,0.9940,0.9905,0.9865,0.9800,0.9715,0.9645,0.9525,0.9410,0.9270,0.9110,0.9090,0.9015,0.8985,0.8955,0.8930,0.8910,0.8890,0.8885,0.8885,0.8870,0.8870,0.8870,0.8865,0.8860,0.8860,0.8855,0.8855,0.8855,0.8855,0.8855,0.8855,0.8855,0.8855,0.8855,0.8855
70,0.7500,SpendAwareDPRebalance (R70-aware),5.0000,8718.1103,435.9055,spend25p,436.4179,437.9992,437.9839,435.1966,430.9818,425.2021,417.0440,407.3905,396.7785,386.9488,358.9202,352.5135,344.6579,334.6835,326.2275,317.6056,306.6391,294.4315,282.8350,265.4593,-0.2135,-14.1572,-26.6124,-38.1615,-48.4352,-58.2509,-67.1730,-75.1835,-82.4809,-89.5728,-95.9559,-102.7125,-110.6952,-118.5865,-127.4118,-136.0925,-146.2789,-157.9809,-170.8271,-185.1518,-202.2406,-220.5680,-239.1307,-260.1248,-284.8493
70,0.7500,SpendAwareDPRebalance (R70-aware),5.0000,8718.1103,435.9055,spend50p,439.4225,447.4476,454.5757,459.0277,462.8979,464.2187,464.5662,463.5437,461.1642,457.8057,431.6131,428.2204,428.3814,425.4963,417.7053,412.3077,402.5172,392.5734,379.5044,364.2298,20.9384,5.7332,0.0000,-8.4066,-20.7366,-31.9134,-42.0058,-51.2736,-59.8628,-67.3341,-75.0163,-82.6353,-90.8014,-99.6373,-108.7718,-118.2295,-128.4319,-139.8287,-152.1717,-165.4091,-179.3186,-193.9688,-210.3642,-227.3118,-246.3403
70,0.7500,SpendAwareDPRebalance (R70-aware),5.0000,8718.1103,435.9055,spend75p,442.5086,456.8390,471.6522,485.4098,497.8418,507.9901,518.1030,523.8521,530.2306,535.1510,510.6349,515.4254,517.8817,519.9533,520.6356,520.1726,519.3116,514.5648,504.3609,495.3771,65.3217,46.4007,29.5441,13.2175,0.0000,0.0000,-3.5504,-14.2393,-23.8468,-31.2158,-38.3694,-46.5998,-55.7822,-65.9315,-76.3305,-88.7565,-102.0978,-116.1310,-129.7903,-143.3867,-157.1997,-171.5230,-184.6847,-199.7452,-213.8426
70,0.7500,SpendAwareDPRebalance (R70-aware),5.5000,7925.5548,435.9055,survival,1.0000,1.0000,1.0000,1.0000,1.0000,1.0000,0.9990,0.9980,0.9955,0.9915,0.9850,0.9770,0.9670,0.9535,0.9455,0.9330,0.9160,0.9015,0.8835,0.8650,0.8560,0.8450,0.8400,0.8360,0.8310,0.8290,0.8285,0.8285,0.8285,0.8280,0.8270,0.8270,0.8270,0.8260,0.8260,0.8260,0.8260,0.8260,0.8260,0.8260,0.8260,0.8260,0.8260,0.8260,0.8260
70,0.7500,SpendAwareDPRebalance (R70-aware),5.5000,7925.5548,435.9055,spend25p,436.4179,437.9992,437.9839,435.1966,430.9818,425.2021,416.4075,406.7195,395.4486,386.0727,356.4669,347.6680,335.3998,324.2119,316.5715,306.1739,290.5459,277.2230,262.9027,243.0687,-0.0816,-13.7586,-26.2424,-37.8003,-48.0549,-57.9457,-66.8472,-74.3626,-82.0108,-89.2587,-95.5869,-102.3731,-110.2180,-118.0568,-126.6232,-135.5477,-145.4506,-156.3793,-169.4792,-183.6593,-199.9944,-217.9226,-236.8480,-257.0627,-279.9544
70,0.7500,SpendAwareDPRebalance (R70-aware),5.5000,7925.5548,435.9055,spend50p,439.4225,447.4476,454.5757,459.0277,462.8979,464.2187,464.4899,463.1658,460.9226,457.2863,430.2327,425.3454,421.2634,415.8499,410.4233,401.3332,390.9261,380.7286,365.6703,348.2546,14.3588,0.0000,0.0000,-7.1688,-19.8368,-30.9897,-40.6278,-50.4375,-58.8122,-66.1467,-73.7517,-81.4508,-89.2259,-97.8171,-107.1823,-116.6418,-127.2531,-138.4278,-150.3206,-162.7659,-176.5104,-190.7983,-206.4370,-223.2919,-241.1940
70,0.7500,SpendAwareDPRebalance (R70-aware),5.5000,7925.5548,435.9055,spend75p,442.5086,456.8390,471.6522,485.4098,497.8418,507.9901,517.9755,523.7601,529.8295,533.8056,508.6605,512.8540,512.2980,510.9709,511.3269,511.6137,504.6480,496.1710,485.9771,472.4361,57.1233,38.7047,21.2289,6.1716,0.0000,0.0000,0.0000,-5.5965,-14.2822,-22.6187,-29.4951,-36.6351,-44.5183,-54.7675,-65.5377,-77.2117,-90.9825,-105.9131,-122.5472,-136.8276,-151.5362,-164.8552,-177.6681,-190.4792,-201.8121
70,0.7500,SpendAwareDPRebalance (R70-aware),6.0000,7265.0919,435.9055,survival,1.0000,1.0000,1.0000,1.0000,1.0000,1.0000,0.9985,0.9965,0.9900,0.9805,0.9700,0.9525,0.9395,0.9255,0.9100,0.8855,0.8665,0.8420,0.8220,0.7835,0.7780,0.7730,0.7655,0.7555,0.7510,0.7495,0.7495,0.7490,0.7485,0.7475,0.7470,0.7470,0.7470,0.7470,0.7470,0.7470,0.7470,0.7470,0.7470,0.7470,0.7470,0.7470,0.7470,0.7470,0.7470
70,0.7500,SpendAwareDPRebalance (R70-aware),6.0000,7265.0919,435.9055,spend25p,436.4179,437.9992,437.9839,435.1966,430.9818,425.2021,415.7738,406.1506,394.3334,382.7227,352.6789,338.2774,327.0345,314.2712,303.1186,285.0849,267.3201,248.1695,225.7315,182.9086,0.0000,-12.1749,-25.2910,-36.3137,-47.0312,-56.7771,-65.4775,-73.4832,-80.6133,-87.6657,-94.0741,-100.9674,-108.1325,-116.3521,-124.7590,-134.0567,-143.6865,-154.4615,-166.5078,-180.3965,-196.2457,-213.1828,-232.2308,-251.4594,-273.8455
70,0.7500,SpendAwareDPRebalance (R70-aware),6.0000,7265.0919,435.9055,spend50p,439.4225,447.4476,454.5757,459.0277,462.8979,464.2187,464.4633,462.8778,459.3047,455.4423,426.6600,419.4847,413.1510,406.4276,398.7747,387.3672,375.4431,361.1468,344.6878,321.7376,5.9068,0.0000,0.0000,-2.7446,-16.3824,-27.3917,-37.7891,-46.7186,-54.3632,-62.1744,-70.4139,-77.6682,-86.0257,-94.4137,-103.4621,-113.7704,-124.7102,-135.6426,-146.8186,-158.6246,-171.3121,-185.2434,-200.0073,-215.7880,-231.6205
70,0.7500,SpendAwareDPRebalance (R70-aware),6.0000,7265.0919,435.9055,spend75p,442.5086,456.8390,471.6522,485.4098,497.8418,507.9901,517.9432,523.3748,528.0968,531.3655,505.4429,504.5829,504.2236,503.0295,501.7518,496.8250,486.9920,477.1486,466.5026,444.8615,47.5177,30.6383,13.0112,0.0000,0.0000,0.0000,0.0000,0.0000,0.0000,0.0000,0.0000,0.0000,0.0000,0.0000,0.0000,0.0000,0.0000,0.0000,0.0000,0.0000,0.0000,0.0000,0.0000,0.0000,0.0000
70,0.7500,SpendAwareDPRebalance (R70-aware),7.0000,6227.2216,435.9055,survival,1.0000,1.0000,1.0000,1.0000,1.0000,0.9985,0.9960,0.9850,0.9700,0.9385,0.9085,0.8750,0.8355,0.7945,0.7590,0.7240,0.6965,0.6760,0.6475,0.6205,0.6110,0.5965,0.5905,0.5860,0.5840,0.5830,0.5825,0.5820,0.5820,0.5820,0.5815,0.5810,0.5810,0.5810,0.5810,0.5810,0.5810,0.5810,0.5810,0.5810,0.5810,0.5810,0.5810,0.5810,0.5810
70,0.7500,SpendAwareDPRebalance (R70-aware),7.0000,6227.2216,435.9055,spend25p,436.4179,437.9992,437.9839,435.1966,430.9818,424.5566,414.9306,402.9794,387.9566,369.5147,332.0153,309.5157,282.1532,250.0815,187.4104,0.0000,0.0000,0.0000,0.0000,0.0000,0.0000,-6.7617,-20.0624,-31.9504,-43.4041,-52.7956,-61.2005,-69.1067,-76.8198,-83.7823,-90.0331,-97.2928,-104.9248,-112.4193,-120.8216,-129.6990,-139.4373,-150.4244,-161.7047,-174.8808,-188.6448,-204.0675,-220.9862,-239.5927,-259.4632
70,0.7500,SpendAwareDPRebalance (R70-aware),7.0000,6227.2216,435.9055,spend50p,439.4225,447.4476,454.5757,459.0277,462.8979,464.0231,464.3110,461.7058,456.8154,448.6353,412.6272,401.0790,383.9164,366.2646,350.6685,330.1439,316.2331,300.6779,280.1173,256.4156,0.0000,0.0000,0.0000,0.0000,0.0000,-10.0095,-20.2918,-30.2927,-38.8207,-46.1932,-54.0672,-61.0582,-69.6380,-79.5699,-88.6994,-98.8849,-109.8917,-122.4353,-134.7113,-146.8604,-159.1371,-172.1934,-183.5866,-196.3780,-208.3795
70,0.7500,SpendAwareDPRebalance (R70-aware),7.0000,6227.2216,435.9055,spend75p,442.5086,456.8390,471.6522,485.4098,497.8418,507.3947,517.7623,521.2772,523.9324,524.3044,493.0274,489.5373,480.1782,470.8228,463.4830,451.5442,439.6408,427.5973,404.9094,385.3999,26.8510,9.1433,0.0000,0.0000,0.0000,0.0000,0.0000,0.0000,0.0000,0.0000,0.0000,0.0000,0.0000,0.0000,0.0000,0.0000,0.0000,0.0000,0.0000,0.0000,0.0000,0.0000,0.0000,0.0000,0.0000
70,1.0000,SpendAwareDPRebalance (R70-aware),2.3800,24119.3566,574.0407,survival,1.0000,1.0000,1.0000,1.0000,1.0000,1.0000,1.0000,1.0000,1.0000,1.0000,1.0000,1.0000,1.0000,1.0000,1.0000,1.0000,1.0000,1.0000,1.0000,1.0000,1.0000,1.0000,1.0000,0.9995,0.9990,0.9985,0.9985,0.9985,0.9985,0.9980,0.9980,0.9975,0.9970,0.9970,0.9970,0.9965,0.9960,0.9955,0.9950,0.9950,0.9945,0.9940,0.9940,0.9940,0.9940
70,1.0000,SpendAwareDPRebalance (R70-aware),2.3800,24119.3566,574.0407,spend25p,574.7154,576.8537,576.8630,573.1913,567.6061,559.9242,549.0804,536.4971,523.1306,510.4596,480.4107,473.4108,464.4814,454.4521,446.5831,438.1456,430.7494,424.5093,413.8282,404.4681,97.2253,82.5722,67.2491,54.6170,42.3215,31.2775,22.2410,14.4639,6.9857,0.3161,-5.9021,-12.4187,-19.0071,-25.7047,-32.9472,-41.8844,-51.8119,-61.6656,-72.6268,-83.8901,-96.5572,-110.5879,-122.9703,-136.1634,-149.4631
70,1.0000,SpendAwareDPRebalance (R70-aware),2.3800,24119.3566,574.0407,spend50p,578.6721,589.2975,598.7157,604.5789,609.6398,611.3028,611.6481,610.4781,607.3881,603.2552,579.0641,573.8030,575.4352,573.8731,570.5991,566.6383,560.7022,553.9628,546.4606,538.6390,168.2593,151.3316,132.6302,117.6278,104.7608,93.0432,84.2920,75.8339,69.7908,62.4216,56.2152,48.0921,42.7548,36.8540,28.1624,18.9689,8.8306,-0.8715,-13.6624,-27.2544,-41.0116,-57.6349,-74.8880,-92.2685,-109.4234
70,1.0000,SpendAwareDPRebalance (R70-aware),2.3800,24119.3566,574.0407,spend75p,582.7362,601.6661,621.2070,639.3264,655.6612,668.9429,682.1348,689.7850,698.2244,705.2959,682.9747,689.8400,694.9400,700.9068,709.1358,714.9318,719.5480,729.3299,729.7581,731.3058,262.7287,243.5079,226.5652,209.7436,195.8832,182.4069,170.5589,160.6680,154.1590,148.3914,142.8299,139.3407,135.3817,129.6863,123.1581,115.4330,106.4181,93.7987,75.2559,59.9337,42.9333,23.0265,5.7756,-13.4594,-35.6132
70,1.0000,SpendAwareDPRebalance (R70-aware),2.5000,22961.6275,574.0407,survival,1.0000,1.0000,1.0000,1.0000,1.0000,1.0000,1.0000,1.0000,1.0000,1.0000,1.0000,1.0000,1.0000,1.0000,1.0000,1.0000,1.0000,1.0000,1.0000,0.9995,0.9995,0.9995,0.9995,0.9990,0.9990,0.9985,0.9985,0.9980,0.9975,0.9975,0.9975,0.9955,0.9955,0.9950,0.9945,0.9945,0.9945,0.9935,0.9930,0.9920,0.9920,0.9920,0.9915,0.9915,0.9905
70,1.0000,SpendAwareDPRebalance (R70-aware),2.5000,22961.6275,574.0407,spend25p,574.7154,576.8537,576.8630,573.1913,567.6061,559.9242,549.0804,536.4971,523.1306,510.4596,480.4107,473.4108,464.4814,454.4521,446.5831,438.1456,430.7494,424.5093,413.8282,404.0732,97.1984,82.4313,67.0899,54.5762,42.3215,31.2775,22.2410,14.2622,6.7919,0.2750,-5.9021,-12.4187,-19.0071,-25.7047,-32.9472,-41.8844,-51.8119,-61.6656,-72.6268,-83.8901,-96.5572,-110.5879,-122.9703,-136.1634,-149.4631
70,1.0000,SpendAwareDPRebalance (R70-aware),2.5000,22961.6275,574.0407,spend50p,578.6721,589.2975,598.7157,604.5789,609.6398,611.3028,611.6481,610.4781,607.3881,603.2552,579.0641,573.8030,575.4352,573.8731,570.5991,566.6383,560.7022,553.9628,546.4606,538.4386,168.1251,151.3123,132.5856,117.5893,104.7608,93.0432,84.2920,75.7965,68.8557,62.3337,56.0059,47.3688,42.2819,36.7273,27.7347,18.1775,8.5342,-0.8715,-13.6624,-27.2544,-41.0116,-57.6349,-74.8880,-92.2685,-109.4234
70,1.0000,SpendAwareDPRebalance (R70-aware),2.5000,22961.6275,574.0407,spend75p,582.7362,601.6661,621.2070,639.3264,655.6612,668.9429,682.1348,689.7850,698.2244,705.2959,682.9747,689.8400,694.9400,700.9068,709.1358,714.9318,719.5480,729.3299,729.7581,730.6866,262.0222,243.4111,226.3908,209.5357,195.8832,182.4069,170.5589,160.0852,153.7989,148.2628,142.6264,138.1270,134.9928,129.0838,122.1251,114.8349,105.3062,92.8095,73.1502,58.1618,41.9079,22.1986,4.2203,-13.1979,-35.4677
70,1.0000,SpendAwareDPRebalance (R70-aware),2.8000,20501.4531,574.0407,survival,1.0000,1.0000,1.0000,1.0000,1.0000,1.0000,1.0000,1.0000,1.0000,1.0000,1.0000,1.0000,1.0000,1.0000,1.0000,1.0000,1.0000,0.9995,0.9995,0.9995,0.9995,0.9995,0.9995,0.9990,0.9985,0.9975,0.9960,0.9955,0.9950,0.9950,0.9935,0.9915,0.9905,0.9890,0.9880,0.9880,0.9880,0.9865,0.9855,0.9840,0.9835,0.9830,0.9825,0.9825,0.9805
70,1.0000,SpendAwareDPRebalance (R70-aware),2.8000,20501.4531,574.0407,spend25p,574.7154,576.8537,576.8630,573.1913,567.6061,559.9242,549.0804,536.4971,523.1306,510.4596,480.4107,473.4108,464.4814,454.4521,446.5831,438.1456,430.7494,424.3081,413.6655,404.0732,97.1984,82.4313,67.0899,54.5762,42.2037,31.0909,21.7785,13.7100,5.5336,0.0000,-5.9021,-12.4187,-19.0071,-25.7047,-32.9472,-41.8844,-51.8119,-61.6656,-72.6268,-83.8901,-96.5572,-110.5879,-122.9703,-136.1634,-149.4631
70,1.0000,SpendAwareDPRebalance (R70-aware),2.8000,20501.4531,574.0407,spend50p,578.6721,589.2975,598.7157,604.5789,609.6398,611.3028,611.6481,610.4781,607.3881,603.2552,579.0641,573.8030,575.4352,573.8731,570.5991,566.6383,560.7022,553.7998,545.3381,538.4386,168.1251,151.3123,132.5856,117.5893,104.7370,93.0040,83.7320,75.4292,68.3580,61.1624,54.8739,46.6033,41.2137,35.1322,26.6016,17.0568,7.1282,-0.8715,-13.6624,-27.2544,-41.0116,-57.6349,-74.8880,-92.2685,-109.4234
70,1.0000,SpendAwareDPRebalance (R70-aware),2.8000,20501.4531,574.0407,spend75p,582.7362,601.6661,621.2070,639.3264,655.6612,668.9429,682.1348,689.7850,698.2244,705.2959,682.9747,689.8400,694.9400,700.9068,709.1358,714.9318,719.5480,728.9032,729.4003,730.6866,262.0222,243.4111,226.3908,209.5357,195.8202,181.8160,169.6789,158.3301,152.1978,147.1670,140.7429,135.7347,130.7549,126.9273,117.1802,109.5929,100.6049,86.7701,71.6261,53.9934,38.4877,16.0404,0.0000,-12.8089,-35.4111
70,1.0000,SpendAwareDPRebalance (R70-aware),3.0000,19134.6896,574.0407,survival,1.0000,1.0000,1.0000,1.0000,1.0000,1.0000,1.0000,1.0000,1.0000,1.0000,1.0000,1.0000,1.0000,1.0000,1.0000,1.0000,0.9995,0.9995,0.9990,0.9985,0.9980,0.9980,0.9975,0.9975,0.9960,0.9950,0.9940,0.9915,0.9900,0.9875,0.9855,0.9830,0.9820,0.9815,0.9800,0.9795,0.9790,0.9785,0.9785,0.9780,0.9775,0.9760,0.9745,0.9740,0.9740
70,1.0000,SpendAwareDPRebalance (R70-aware),3.0000,19134.6896,574.0407,spend25p,574.7154,576.8537,576.8630,573.1913,567.6061,559.9242,549.0804,536.4971,523.1306,510.4596,480.4107,473.4108,464.4814,454.4521,446.5831,438.1456,430.4216,424.3081,413.6507,403.4155,96.8448,82.1721,66.5315,54.1686,41.3765,30.7171,21.5580,13.3846,4.7709,0.0000,-5.9021,-12.4187,-19.0071,-25.7047,-32.9472,-41.8844,-51.8119,-61.6656,-72.6268,-83.8413,-96.5287,-110.2431,-122.8758,-136.0502,-149.4303
70,1.0000,SpendAwareDPRebalance (R70-aware),3.0000,19134.6896,574.0407,spend50p,578.6721,589.2975,598.7157,604.5789,609.6398,611.3028,611.6481,610.4781,607.3881,603.2552,579.0641,573.8030,575.4352,573.8731,570.5991,566.6383,560.3881,553.7998,544.8880,538.2531,167.9279,151.1874,131.9444,117.4636,104.5128,92.2358,83.5000,73.9479,66.9807,59.0212,51.5185,44.6594,38.8283,32.9186,24.6660,15.4282,5.6573,-0.6810,-13.4295,-27.2149,-40.9355,-57.5381,-74.7582,-92.1640,-109.3212
70,1.0000,SpendAwareDPRebalance (R70-aware),3.0000,19134.6896,574.0407,spend75p,582.7362,601.6661,621.2070,639.3264,655.6612,668.9429,682.1348,689.7850,698.2244,705.2959,682.9747,689.8400,694.9400,700.9068,709.1358,714.9318,719.0308,728.9032,729.2880,730.2141,261.1323,242.6997,225.3046,209.0487,193.8866,180.7052,169.2724,157.3488,150.7701,144.1798,138.6610,132.4320,126.7872,121.0743,113.0274,103.9120,93.9831,83.4038,68.6774,51.5048,34.4033,14.5210,0.0000,-10.1960,-34.7181
70,1.0000,SpendAwareDPRebalance (R70-aware),3.3300,17238.4591,574.0407,survival,1.0000,1.0000,1.0000,1.0000,1.0000,1.0000,1.0000,1.0000,1.0000,1.0000,1.0000,1.0000,1.0000,1.0000,1.0000,0.9990,0.9980,0.9960,0.9955,0.9945,0.9930,0.9920,0.9915,0.9910,0.9890,0.9840,0.9810,0.9805,0.9795,0.9780,0.9760,0.9750,0.9740,0.9725,0.9695,0.9685,0.9675,0.9665,0.9640,0.9630,0.9625,0.9615,0.9610,0.9590,0.9590
70,1.0000,SpendAwareDPRebalance (R70-aware),3.3300,17238.4591,574.0407,spend25p,574.7154,576.8537,576.8630,573.1913,567.6061,559.9242,549.0804,536.4971,523.1306,510.4596,480.4107,473.4108,464.4814,454.4521,446.5831,437.9176,429.4999,420.5870,411.4016,400.5912,95.1135,79.7395,64.9553,52.6568,39.4358,29.2023,18.3438,10.3103,2.5592,0.0000,-5.9021,-12.4187,-19.0071,-25.7047,-32.9472,-41.8844,-51.8119,-61.6656,-72.6268,-83.8413,-96.5287,-110.2431,-122.8758,-136.0502,-149.4303
70,1.0000,SpendAwareDPRebalance (R70-aware),3.3300,17238.4591,574.0407,spend50p,578.6721,589.2975,598.7157,604.5789,609.6398,611.3028,611.6481,610.4781,607.3881,603.2552,579.0641,573.8030,575.4352,573.8731,570.5991,566.5892,559.3655,552.0504,543.6442,535.9249,167.3311,148.7909,130.9056,115.6122,103.2908,89.7212,79.7626,72.0922,64.3529,56.0887,48.9165,42.6526,35.8487,29.9597,21.7392,12.8566,3.1234,-0.6810,-13.4295,-27.2149,-40.9355,-57.5381,-74.7582,-92.1640,-109.3212
70,1.0000,SpendAwareDPRebalance (R70-aware),3.3300,17238.4591,574.0407,spend75p,582.7362,601.6661,621.2070,639.3264,655.6612,668.9429,682.1348,689.7850,698.2244,705.2959,682.9747,689.8400,694.9400,700.9068,709.1358,714.5819,717.2820,724.6764,725.4925,726.5714,258.4255,240.9857,222.7579,205.3079,191.8191,174.9722,162.7633,153.9722,146.6190,139.8515,133.0087,129.8794,123.5813,116.7324,107.8819,99.6521,90.0109,76.8337,63.1503,44.9726,28.2977,8.4854,0.0000,-9.0511,-32.9795
70,1.0000,SpendAwareDPRebalance (R70-aware),3.6600,15684.1718,574.0407,survival,1.0000,1.0000,1.0000,1.0000,1.0000,1.0000,1.0000,1.0000,1.0000,1.0000,1.0000,1.0000,1.0000,0.9990,0.9975,0.9970,0.9945,0.9930,0.9915,0.9885,0.9860,0.9845,0.9815,0.9800,0.9785,0.9750,0.9735,0.9720,0.9670,0.9640,0.9630,0.9610,0.9575,0.9545,0.9515,0.9505,0.9480,0.9450,0.9425,0.9410,0.9405,0.9395,0.9385,0.9385,0.9370
70,1.0000,SpendAwareDPRebalance (R70-aware),3.6600,15684.1718,574.0407,spend25p,574.7154,576.8537,576.8630,573.1913,567.6061,559.9242,549.0804,536.4971,523.1306,510.4596,480.4107,473.4108,464.4814,454.0417,445.7901,437.6302,427.0996,418.4347,407.2493,396.7004,93.2099,77.7438,62.8282,49.5166,37.4075,26.4968,17.3285,8.9967,0.3661,0.0000,-5.7168,-12.3547,-18.9579,-25.5626,-32.7143,-41.7641,-51.5748,-61.5399,-72.4537,-83.8146,-96.3389,-110.1108,-122.6997,-135.8708,-149.3088
70,1.0000,SpendAwareDPRebalance (R70-aware),3.6600,15684.1718,574.0407,spend50p,578.6721,589.2975,598.7157,604.5789,609.6398,611.3028,611.6481,610.4781,607.3881,603.2552,579.0641,573.8030,575.4352,573.6294,569.7667,565.9217,558.5469,549.7933,540.7417,532.3894,164.7690,146.3426,127.8944,113.6304,99.7318,88.2664,78.0619,69.3711,60.6409,53.1398,46.0239,40.5434,32.7723,24.3246,16.7232,8.7655,0.0000,-0.4881,-12.5906,-26.6966,-40.1301,-57.2603,-74.3045,-91.8526,-108.9779
70,1.0000,SpendAwareDPRebalance (R70-aware),3.6600,15684.1718,574.0407,spend75p,582.7362,601.6661,621.2070,639.3264,655.6612,668.9429,682.1348,689.7850,698.2244,705.2959,682.9747,689.8400,694.9400,700.5895,708.3325,712.9727,714.0801,719.9804,722.2386,719.2795,255.9736,237.3800,218.2127,200.6283,186.7219,171.2725,158.9988,150.9125,141.2218,134.2479,129.3216,123.3003,116.3248,109.8991,101.1533,92.0680,80.5040,68.1514,54.2829,37.8390,20.8079,2.1200,0.0000,-5.6521,-30.1584
70,1.0000,SpendAwareDPRebalance (R70-aware),4.0000,14351.0172,574.0407,survival,1.0000,1.0000,1.0000,1.0000,1.0000,1.0000,1.0000,1.0000,1.0000,1.0000,0.9995,0.9990,0.9980,0.9970,0.9955,0.9915,0.9905,0.9875,0.9830,0.9790,0.9770,0.9760,0.9740,0.9725,0.9675,0.9630,0.9580,0.9520,0.9465,0.9445,0.9405,0.9370,0.9340,0.9295,0.9250,0.9210,0.9190,0.9165,0.9165,0.9140,0.9140,0.9140,0.9135,0.9130,0.9120
70,1.0000,SpendAwareDPRebalance (R70-aware),4.0000,14351.0172,574.0407,spend25p,574.7154,576.8537,576.8630,573.1913,567.6061,559.9242,549.0804,536.4971,523.1306,510.4596,480.3106,472.8497,463.6841,453.6596,444.9537,433.8330,425.1440,415.2572,402.9524,391.7367,90.8951,75.5907,61.1865,47.2453,35.1807,24.1496,14.6862,4.5918,0.0000,0.0000,-5.7168,-12.3547,-18.9579,-25.5626,-32.7143,-41.7641,-51.4267,-61.4678,-72.3499,-83.6884,-96.2514,-110.0380,-122.2267,-135.5790,-149.1105
70,1.0000,SpendAwareDPRebalance (R70-aware),4.0000,14351.0172,574.0407,spend50p,578.6721,589.2975,598.7157,604.5789,609.6398,611.3028,611.6481,610.4781,607.3881,603.2552,578.6300,573.4957,574.4847,573.0778,568.9510,562.7838,554.8515,546.1877,535.9749,528.7688,162.0117,143.8519,126.7400,112.1296,97.2575,86.3796,75.0608,64.8557,55.8305,48.5080,41.2682,33.7808,25.6028,18.0178,9.9774,0.1380,0.0000,-0.2185,-12.1530,-25.8587,-39.2783,-56.0535,-73.3231,-91.1099,-108.4683
70,1.0000,SpendAwareDPRebalance (R70-aware),4.0000,14351.0172,574.0407,spend75p,582.7362,601.6661,621.2070,639.3264,655.6612,668.9429,682.1348,689.7850,698.2244,705.2959,682.8455,689.6354,693.4230,699.0479,706.2262,710.3413,711.5054,715.9990,716.0019,709.1834,252.4088,233.8375,215.3143,199.0417,182.0734,166.8884,153.9691,143.7129,132.9445,126.2176,118.8993,114.6461,105.3058,97.3943,88.9942,80.6284,70.5520,59.2170,44.8665,28.0947,11.4828,0.0000,0.0000,-0.0827,-22.6076
70,1.0000,SpendAwareDPRebalance (R70-aware),4.3300,13257.2907,574.0407,survival,1.0000,1.0000,1.0000,1.0000,1.0000,1.0000,1.0000,1.0000,1.0000,0.9990,0.9975,0.9975,0.9960,0.9945,0.9900,0.9850,0.9810,0.9750,0.9680,0.9610,0.9565,0.9515,0.9465,0.9425,0.9420,0.9355,0.9315,0.9265,0.9195,0.9160,0.9110,0.9060,0.9010,0.8980,0.8940,0.8925,0.8895,0.8875,0.8865,0.8845,0.8830,0.8815,0.8815,0.8800,0.8795
70,1.0000,SpendAwareDPRebalance (R70-aware),4.3300,13257.2907,574.0407,spend25p,574.7154,576.8537,576.8630,573.1913,567.6061,559.9242,549.0804,536.4971,523.1306,510.1574,479.9041,472.2639,462.8084,452.9538,443.0126,431.6010,422.0310,408.9912,395.1107,383.9612,86.0323,69.2948,54.6728,40.9206,29.1395,17.8052,7.1548,0.0000,0.0000,0.0000,-5.5620,-11.9274,-18.7253,-24.6466,-32.5965,-41.6466,-51.0372,-61.2938,-72.0701,-83.2675,-95.9277,-108.9466,-121.7381,-134.9609,-148.9038
70,1.0000,SpendAwareDPRebalance (R70-aware),4.3300,13257.2907,574.0407,spend50p,578.6721,589.2975,598.7157,604.5789,609.6398,611.3028,611.6481,610.4781,607.3881,603.1839,576.9924,572.7034,573.7583,572.5451,564.6923,559.8900,551.5802,540.3149,528.8076,518.4930,153.3174,135.9763,119.0657,103.4519,92.1125,79.0260,69.4541,59.6957,49.7427,43.2506,36.0231,27.1001,17.8420,10.4554,3.0260,0.0000,0.0000,0.0000,-11.4294,-25.2927,-38.2022,-54.5217,-71.9265,-89.9497,-107.6743
70,1.0000,SpendAwareDPRebalance (R70-aware),4.3300,13257.2907,574.0407,spend75p,582.7362,601.6661,621.2070,639.3264,655.6612,668.9429,682.1348,689.7850,698.2244,705.0930,681.3517,689.5021,693.0739,698.0268,703.7918,704.8448,707.9120,711.9153,705.7955,697.0568,246.2862,226.6007,207.3704,188.9621,173.1768,157.4530,146.0734,135.7392,125.0534,114.8413,108.5580,102.4394,94.8888,86.6902,78.1802,71.4573,58.9557,45.8889,33.4963,16.9976,0.4360,0.0000,0.0000,0.0000,-12.5012
70,1.0000,SpendAwareDPRebalance (R70-aware),4.6600,12318.4697,574.0407,survival,1.0000,1.0000,1.0000,1.0000,1.0000,1.0000,1.0000,1.0000,0.9990,0.9965,0.9955,0.9940,0.9905,0.9865,0.9795,0.9735,0.9650,0.9575,0.9465,0.9345,0.9300,0.9260,0.9200,0.9175,0.9125,0.9055,0.9030,0.8930,0.8885,0.8825,0.8760,0.8705,0.8660,0.8635,0.8605,0.8545,0.8495,0.8470,0.8465,0.8440,0.8430,0.8420,0.8415,0.8415,0.8405
70,1.0000,SpendAwareDPRebalance (R70-aware),4.6600,12318.4697,574.0407,spend25p,574.7154,576.8537,576.8630,573.1913,567.6061,559.9242,549.0804,536.4971,522.5999,509.3055,479.3521,471.2351,460.3561,450.1178,438.9973,427.1659,414.9539,401.9918,385.6832,366.5572,78.6164,62.9745,48.2145,34.0117,21.4399,8.9881,0.4204,0.0000,0.0000,0.0000,-5.0481,-11.6244,-17.5843,-24.1875,-32.1960,-41.0859,-50.3667,-60.7305,-71.4832,-82.8699,-95.1682,-108.4671,-121.1149,-134.1782,-148.3498
70,1.0000,SpendAwareDPRebalance (R70-aware),4.6600,12318.4697,574.0407,spend50p,578.6721,589.2975,598.7157,604.5789,609.6398,611.3028,611.6481,610.4781,607.2040,602.5013,575.9315,571.8554,571.7476,569.5356,560.2022,553.4482,544.6454,531.6717,516.8122,500.1326,146.0129,129.2736,112.2430,97.0555,84.6327,73.6323,62.4927,51.0003,42.4277,35.3194,25.8608,18.9801,11.0789,2.9049,0.0000,0.0000,0.0000,0.0000,-9.6972,-22.6739,-36.1997,-52.9741,-69.4488,-87.3994,-106.1062
70,1.0000,SpendAwareDPRebalance (R70-aware),4.6600,12318.4697,574.0407,spend75p,582.7362,601.6661,621.2070,639.3264,655.6612,668.9429,682.1348,689.7850,698.0271,704.4639,681.0291,689.0101,691.0846,694.9425,700.5305,699.6132,699.6303,698.8469,689.6621,675.0798,238.6569,218.9303,197.7165,180.4901,162.5363,146.4310,136.3779,123.5009,114.6661,106.6948,99.8952,93.3547,85.4575,75.9454,68.2085,57.6482,46.3760,33.4304,20.1790,5.1528,0.0000,0.0000,0.0000,0.0000,0.0000
70,1.0000,SpendAwareDPRebalance (R70-aware),5.0000,11480.8137,574.0407,survival,1.0000,1.0000,1.0000,1.0000,1.0000,1.0000,1.0000,0.9985,0.9975,0.9955,0.9930,0.9870,0.9805,0.9740,0.9640,0.9545,0.9440,0.9325,0.9215,0.9080,0.9025,0.8985,0.8890,0.8860,0.8770,0.8685,0.8600,0.8525,0.8465,0.8415,0.8350,0.8300,0.8255,0.8180,0.8145,0.8080,0.8035,0.8015,0.7980,0.7950,0.7940,0.7930,0.7925,0.7915,0.7915
70,1.0000,SpendAwareDPRebalance (R70-aware),5.0000,11480.8137,574.0407,spend25p,574.7154,576.8537,576.8630,573.1913,567.6061,559.9242,549.0804,535.6408,522.1390,509.0570,478.2903,468.4776,456.5786,443.8660,430.1751,418.2821,405.1279,389.5813,371.7979,353.0593,69.6067,54.3353,36.5599,23.7419,10.6352,0.0000,0.0000,0.0000,0.0000,0.0000,-4.4618,-10.7159,-16.9843,-23.7036,-31.2352,-39.8635,-49.4206,-60.0153,-70.7361,-82.3721,-94.8601,-107.8998,-120.6174,-133.5475,-147.8188
70,1.0000,SpendAwareDPRebalance (R70-aware),5.0000,11480.8137,574.0407,spend50p,578.6721,589.2975,598.7157,604.5789,609.6398,611.3028,611.6481,609.7137,606.8671,602.2740,575.3120,569.4567,568.2510,565.1502,554.3309,546.6073,534.2504,520.2276,504.1879,485.9013,139.4228,122.5817,105.6132,91.1389,76.0164,63.5994,52.6731,43.2326,35.0003,25.7512,17.4890,9.4483,2.2001,0.0000,0.0000,0.0000,0.0000,0.0000,-7.1849,-19.3799,-34.1646,-50.0830,-66.8085,-85.0176,-103.6953
70,1.0000,SpendAwareDPRebalance (R70-aware),5.0000,11480.8137,574.0407,spend75p,582.7362,601.6661,621.2070,639.3264,655.6612,668.9429,682.1348,689.4236,697.7548,704.0269,680.3603,685.4776,687.7266,691.5214,689.9492,689.9063,689.9083,684.4878,673.0041,661.6553,229.5471,209.1665,188.7348,171.1390,150.7995,137.3684,123.6936,112.0593,103.6418,95.7400,89.2162,81.5931,73.4855,64.2923,55.3645,44.7184,33.4624,22.5684,8.3861,0.0000,0.0000,0.0000,0.0000,0.0000,0.0000
70,1.0000,SpendAwareDPRebalance (R70-aware),5.5000,10437.1034,574.0407,survival,1.0000,1.0000,1.0000,1.0000,1.0000,1.0000,0.9990,0.9980,0.9945,0.9880,0.9805,0.9705,0.9575,0.9480,0.9355,0.9210,0.9040,0.8845,0.8655,0.8495,0.8405,0.8315,0.8235,0.8165,0.8060,0.7975,0.7930,0.7850,0.7765,0.7685,0.7620,0.7530,0.7475,0.7420,0.7380,0.7330,0.7265,0.7235,0.7195,0.7180,0.7170,0.7165,0.7155,0.7135,0.7125
70,1.0000,SpendAwareDPRebalance (R70-aware),5.5000,10437.1034,574.0407,spend25p,574.7154,576.8537,576.8630,573.1913,567.6061,559.9242,548.2423,535.3635,519.7218,506.6212,473.5738,460.4115,442.1181,429.9038,416.6346,399.9115,380.4590,357.3355,335.2329,311.9733,47.7169,28.8891,12.7751,0.6409,0.0000,0.0000,0.0000,0.0000,0.0000,0.0000,-1.5185,-9.1527,-15.0017,-21.7028,-28.6685,-37.1669,-46.8456,-57.4671,-68.9921,-80.3641,-92.6874,-105.7307,-118.5125,-131.4923,-146.0464
70,1.0000,SpendAwareDPRebalance (R70-aware),5.5000,10437.1034,574.0407,spend50p,578.6721,589.2975,598.7157,604.5789,609.6398,611.3028,611.5477,609.6635,606.2575,600.4411,572.5087,564.9925,557.7690,553.1316,543.3481,531.7557,516.2591,502.5499,481.7536,461.3194,124.3902,105.5604,87.8078,72.9361,58.0469,46.1493,35.7266,25.2412,15.7973,8.2265,1.3180,0.0000,0.0000,0.0000,0.0000,0.0000,0.0000,0.0000,-0.0449,-13.0148,-27.4266,-43.2500,-59.3753,-77.3673,-95.8210
70,1.0000,SpendAwareDPRebalance (R70-aware),5.5000,10437.1034,574.0407,spend75p,582.7362,601.6661,621.2070,639.3264,655.6612,668.9429,681.9669,689.4236,696.9233,700.7817,676.6126,678.7326,678.0051,678.9712,678.8535,676.5172,670.6417,657.0845,645.0058,629.0890,210.8414,191.1187,170.3480,151.9046,136.9787,119.9283,107.6970,96.9493,88.5748,80.7943,73.5199,64.4728,55.7666,48.0030,39.1590,28.2546,14.4996,3.2799,0.0000,0.0000,0.0000,0.0000,0.0000,0.0000,0.0000
70,1.0000,SpendAwareDPRebalance (R70-aware),6.0000,9567.3448,574.0407,survival,1.0000,1.0000,1.0000,1.0000,1.0000,1.0000,0.9985,0.9965,0.9900,0.9775,0.9640,0.9440,0.9265,0.9030,0.8815,0.8575,0.8335,0.8070,0.7840,0.7635,0.7560,0.7465,0.7410,0.7345,0.7295,0.7155,0.7050,0.6975,0.6900,0.6830,0.6755,0.6690,0.6665,0.6595,0.6520,0.6465,0.6430,0.6385,0.6355,0.6340,0.6320,0.6310,0.6305,0.6300,0.6295
70,1.0000,SpendAwareDPRebalance (R70-aware),6.0000,9567.3448,574.0407,spend25p,574.7154,576.8537,576.8630,573.1913,567.6061,559.9242,547.4080,534.6146,518.9214,502.0735,467.5610,446.9968,429.7239,409.0333,384.7268,359.4863,333.8356,297.5868,256.1144,206.9267,0.0000,0.0000,0.0000,0.0000,0.0000,0.0000,0.0000,0.0000,0.0000,0.0000,0.0000,-3.2178,-9.9808,-17.0291,-24.7252,-33.6267,-42.6866,-53.8158,-64.3214,-76.2642,-88.7731,-101.8386,-115.1685,-129.0266,-143.2122
70,1.0000,SpendAwareDPRebalance (R70-aware),6.0000,9567.3448,574.0407,spend50p,578.6721,589.2975,598.7157,604.5789,609.6398,611.3028,611.5126,609.2844,604.4202,598.8570,567.3898,557.6225,546.3793,535.2205,520.2893,503.7505,488.2397,466.1173,444.9639,422.8913,107.9850,88.6056,71.0915,56.1931,42.6477,29.4243,17.6410,7.8192,0.0000,0.0000,0.0000,0.0000,0.0000,0.0000,0.0000,0.0000,0.0000,0.0000,0.0000,0.0000,-8.5869,-25.9588,-43.2748,-59.5592,-79.4997
70,1.0000,SpendAwareDPRebalance (R70-aware),6.0000,9567.3448,574.0407,spend75p,582.7362,601.6661,621.2070,639.3264,655.6612,668.9429,681.9243,688.9164,694.9468,698.5322,672.6606,671.6592,670.7541,665.1712,660.4347,652.5730,636.1971,627.9433,612.7734,595.6889,193.1002,169.8670,152.3881,134.1808,119.3136,102.0557,89.6434,81.4607,72.9090,64.3968,55.6153,46.6318,39.7873,32.6587,22.2763,12.3583,0.0658,0.0000,0.0000,0.0000,0.0000,0.0000,0.0000,0.0000,0.0000
70,1.0000,SpendAwareDPRebalance (R70-aware),7.0000,8200.5812,574.0407,survival,1.0000,1.0000,1.0000,1.0000,1.0000,0.9985,0.9960,0.9845,0.9685,0.9335,0.9005,0.8600,0.8200,0.7765,0.7355,0.6990,0.6730,0.6490,0.6265,0.6055,0.5990,0.5885,0.5830,0.5765,0.5695,0.5630,0.5570,0.5505,0.5420,0.5350,0.5285,0.5235,0.5195,0.5160,0.5145,0.5105,0.5050,0.5015,0.4985,0.4960,0.4955,0.4955,0.4950,0.4945,0.4945
70,1.0000,SpendAwareDPRebalance (R70-aware),7.0000,8200.5812,574.0407,spend25p,574.7154,576.8537,576.8630,573.1913,567.6061,559.0741,546.2979,530.3011,509.8839,484.1627,438.6656,404.4437,366.1594,306.1971,0.0000,0.0000,0.0000,0.0000,0.0000,0.0000,0.0000,0.0000,0.0000,0.0000,0.0000,0.0000,0.0000,0.0000,0.0000,0.0000,0.0000,0.0000,0.0000,-2.2840,-9.5080,-18.2139,-28.2532,-37.9125,-49.0486,-62.0809,-74.7580,-87.5162,-102.2329,-116.6561,-131.3644
70,1.0000,SpendAwareDPRebalance (R70-aware),7.0000,8200.5812,574.0407,spend50p,578.6721,589.2975,598.7157,604.5789,609.6398,611.0452,611.3122,607.7228,601.0319,589.0551,546.4132,526.6975,505.5287,481.5200,452.1572,429.8324,410.0939,384.8039,359.0526,331.5314,58.1672,38.2729,21.6307,5.7417,0.0000,0.0000,0.0000,0.0000,0.0000,0.0000,0.0000,0.0000,0.0000,0.0000,0.0000,0.0000,0.0000,0.0000,0.0000,0.0000,0.0000,0.0000,0.0000,0.0000,0.0000
70,1.0000,SpendAwareDPRebalance (R70-aware),7.0000,8200.5812,574.0407,spend75p,582.7362,601.6661,621.2070,639.3264,655.6612,668.1588,681.6862,686.0587,688.8618,688.4847,655.6312,647.2431,636.3302,623.4626,609.9831,594.0520,581.5518,560.2045,538.2108,519.2886,152.6892,134.3029,117.7056,101.0452,87.7327,74.4188,62.0646,52.3365,42.0979,35.2209,25.3382,18.9604,10.7278,2.1510,0.0000,0.0000,0.0000,0.0000,0.0000,0.0000,0.0000,0.0000,0.0000,0.0000,0.0000
70,1.2000,SpendAwareDPRebalance (R70-aware),2.3800,28762.5556,684.5488,survival,1.0000,1.0000,1.0000,1.0000,1.0000,1.0000,1.0000,1.0000,1.0000,1.0000,1.0000,1.0000,1.0000,1.0000,1.0000,1.0000,1.0000,1.0000,1.0000,0.9995,0.9995,0.9995,0.9995,0.9995,0.9995,0.9995,0.9990,0.9990,0.9985,0.9980,0.9980,0.9970,0.9970,0.9960,0.9945,0.9945,0.9935,0.9930,0.9930,0.9920,0.9905,0.9890,0.9880,0.9875,0.9855
70,1.2000,SpendAwareDPRebalance (R70-aware),2.3800,28762.5556,684.5488,spend25p,685.3534,687.9373,687.9662,683.5870,676.9055,667.7018,654.7095,639.6303,623.6095,608.4153,576.4929,568.0929,557.3777,545.3425,535.8997,525.7747,516.8992,509.4111,496.5938,484.8879,175.0922,159.7771,143.5603,127.9551,114.8083,103.3711,93.4767,86.1030,78.5315,71.8430,64.9094,60.4812,54.3700,49.0273,38.5191,30.3735,20.2835,10.3620,1.4486,-6.9882,-19.6917,-32.5311,-46.8774,-61.6289,-76.7175
70,1.2000,SpendAwareDPRebalance (R70-aware),2.3800,28762.5556,684.5488,spend50p,690.0719,702.7773,714.0277,721.0198,727.0333,728.9701,729.3137,727.8329,724.0505,719.0181,694.8770,688.5636,690.5223,688.6477,684.7190,679.9659,672.8427,664.7554,655.7527,646.1263,274.9887,256.4514,235.8097,219.8639,206.6183,195.5149,186.5791,180.0447,174.8896,167.6073,163.8263,157.9400,152.3222,149.1736,141.4405,133.3981,125.0001,113.0798,103.4296,89.4588,74.6901,57.3331,40.4880,24.2464,7.0914
70,1.2000,SpendAwareDPRebalance (R70-aware),2.3800,28762.5556,684.5488,spend75p,694.9183,717.5278,740.8508,762.4597,781.9167,797.7051,813.3602,822.3853,832.3339,840.6401,819.5696,827.8080,833.9280,841.0882,850.9629,857.9182,863.4576,875.1958,875.7097,876.8239,408.8518,388.6001,370.1130,352.1449,338.5551,327.1559,315.9297,308.2055,305.1255,303.2637,299.7699,297.5726,298.7785,296.8150,295.7665,292.6939,285.6532,274.5052,260.7282,241.9617,230.3445,210.4055,190.3435,171.6188,148.5607
70,1.2000,SpendAwareDPRebalance (R70-aware),2.5000,27381.9530,684.5488,survival,1.0000,1.0000,1.0000,1.0000,1.0000,1.0000,1.0000,1.0000,1.0000,1.0000,1.0000,1.0000,1.0000,1.0000,1.0000,1.0000,1.0000,1.0000,0.9995,0.9995,0.9995,0.9995,0.9995,0.9995,0.9995,0.9995,0.9990,0.9985,0.9970,0.9965,0.9955,0.9950,0.9950,0.9950,0.9935,0.9925,0.9910,0.9900,0.9890,0.9880,0.9870,0.9855,0.9840,0.9825,0.9810
70,1.2000,SpendAwareDPRebalance (R70-aware),2.5000,27381.9530,684.5488,spend25p,685.3534,687.9373,687.9662,683.5870,676.9055,667.7018,654.7095,639.6303,623.6095,608.4153,576.4929,568.0929,557.3777,545.3425,535.8997,525.7747,516.8992,509.4111,496.3986,484.8879,175.0922,159.7771,143.5603,127.9551,114.8083,103.3711,93.4767,86.0721,78.0345,71.5324,64.0693,59.4105,53.3379,47.9238,38.0584,29.2174,19.8394,9.5591,0.0000,-6.9882,-19.6917,-32.5311,-46.8774,-61.6289,-76.7175
70,1.2000,SpendAwareDPRebalance (R70-aware),2.5000,27381.9530,684.5488,spend50p,690.0719,702.7773,714.0277,721.0198,727.0333,728.9701,729.3137,727.8329,724.0505,719.0181,694.8770,688.5636,690.5223,688.6477,684.7190,679.9659,672.8427,664.7554,654.4058,646.1263,274.9887,256.4514,235.8097,219.8639,206.6183,195.5149,186.5791,179.7329,174.3953,167.3750,162.6191,157.0192,151.6801,148.9747,141.0138,132.7975,124.0695,111.8211,101.8785,88.4293,71.9991,55.9595,39.6968,22.8711,4.7862
70,1.2000,SpendAwareDPRebalance (R70-aware),2.5000,27381.9530,684.5488,spend75p,694.9183,717.5278,740.8508,762.4597,781.9167,797.7051,813.3602,822.3853,832.3339,840.6401,819.5696,827.8080,833.9280,841.0882,850.9629,857.9182,863.4576,875.1958,875.2803,876.8239,408.8518,388.6001,370.1130,352.1449,338.5551,327.1559,315.9297,307.8961,304.7697,302.6776,296.8840,296.0905,297.6676,296.2510,293.6192,290.2204,284.0622,270.6622,254.6565,239.8899,226.2759,204.8980,185.4883,167.7145,143.2781
70,1.2000,SpendAwareDPRebalance (R70-aware),2.8000,24448.1723,684.5488,survival,1.0000,1.0000,1.0000,1.0000,1.0000,1.0000,1.0000,1.0000,1.0000,1.0000,1.0000,1.0000,1.0000,1.0000,1.0000,1.0000,0.9995,0.9995,0.9995,0.9990,0.9990,0.9985,0.9980,0.9980,0.9970,0.9965,0.9950,0.9945,0.9935,0.9910,0.9905,0.9875,0.9855,0.9835,0.9830,0.9815,0.9815,0.9805,0.9800,0.9780,0.9765,0.9740,0.9715,0.9705,0.9685
70,1.2000,SpendAwareDPRebalance (R70-aware),2.8000,24448.1723,684.5488,spend25p,685.3534,687.9373,687.9662,683.5870,676.9055,667.7018,654.7095,639.6303,623.6095,608.4153,576.4929,568.0929,557.3777,545.3425,535.8997,525.7747,516.5059,509.1697,496.3986,484.7120,174.7173,159.3151,142.7615,127.6253,113.6768,102.5334,92.4571,84.8770,77.3459,68.6304,62.2555,55.8929,49.4483,41.3467,33.2274,23.7399,15.3036,5.5059,0.0000,-6.9882,-19.6917,-32.5311,-46.8774,-61.6289,-76.7175
70,1.2000,SpendAwareDPRebalance (R70-aware),2.8000,24448.1723,684.5488,spend50p,690.0719,702.7773,714.0277,721.0198,727.0333,728.9701,729.3137,727.8329,724.0505,719.0181,694.8770,688.5636,690.5223,688.6477,684.7190,679.9659,672.4657,664.5598,654.4058,646.0137,274.9549,255.9683,235.5696,219.6249,205.8119,194.3756,186.0528,178.8479,172.9171,164.0136,159.8319,153.5766,147.8817,143.5545,137.0616,129.3425,119.0320,108.5097,97.6956,84.0502,67.3132,52.0361,35.4737,18.9487,0.9631
70,1.2000,SpendAwareDPRebalance (R70-aware),2.8000,24448.1723,684.5488,spend75p,694.9183,717.5278,740.8508,762.4597,781.9167,797.7051,813.3602,822.3853,832.3339,840.6401,819.5696,827.8080,833.9280,841.0882,850.9629,857.9182,862.8369,874.6838,875.2803,876.4052,407.6580,388.4939,369.7853,351.6968,337.5933,325.2259,312.7342,304.5876,299.8129,297.4271,293.0333,291.0198,288.4858,283.6811,281.9594,278.2037,273.4978,261.2509,242.8881,231.0938,214.7311,194.3936,173.3229,155.3469,133.6483
70,1.2000,SpendAwareDPRebalance (R70-aware),3.0000,22818.2941,684.5488,survival,1.0000,1.0000,1.0000,1.0000,1.0000,1.0000,1.0000,1.0000,1.0000,1.0000,1.0000,1.0000,1.0000,1.0000,1.0000,1.0000,0.9990,0.9990,0.9980,0.9965,0.9960,0.9960,0.9950,0.9945,0.9945,0.9940,0.9915,0.9905,0.9870,0.9855,0.9835,0.9820,0.9815,0.9780,0.9775,0.9750,0.9740,0.9725,0.9710,0.9685,0.9660,0.9645,0.9635,0.9630,0.9605
70,1.2000,SpendAwareDPRebalance (R70-aware),3.0000,22818.2941,684.5488,spend25p,685.3534,687.9373,687.9662,683.5870,676.9055,667.7018,654.7095,639.6303,623.6095,608.4153,576.4929,568.0929,557.3777,545.3425,535.8997,525.7747,516.0817,508.8848,495.8896,482.3558,173.7113,158.5667,141.7728,126.2807,112.4265,101.9648,91.7008,83.2906,75.5693,66.8000,60.0208,54.4540,46.7353,38.9806,31.0163,20.9640,12.7828,3.5060,0.0000,-6.9882,-19.6917,-32.5311,-46.8774,-61.6289,-76.7175
70,1.2000,SpendAwareDPRebalance (R70-aware),3.0000,22818.2941,684.5488,spend50p,690.0719,702.7773,714.0277,721.0198,727.0333,728.9701,729.3137,727.8329,724.0505,719.0181,694.8770,688.5636,690.5223,688.6477,684.7190,679.9659,671.9571,664.2782,653.0517,645.0699,274.2767,254.7496,234.4252,217.7131,205.1429,193.0163,183.7564,177.0031,169.3245,161.6004,157.1951,150.8689,146.3377,139.9904,134.6108,126.5982,115.6844,106.2102,93.6484,78.5435,64.3225,48.3397,33.1126,16.3619,0.0000
70,1.2000,SpendAwareDPRebalance (R70-aware),3.0000,22818.2941,684.5488,spend75p,694.9183,717.5278,740.8508,762.4597,781.9167,797.7051,813.3602,822.3853,832.3339,840.6401,819.5696,827.8080,833.9280,841.0882,850.9629,857.9182,862.4294,874.1345,874.0382,873.2891,405.8712,386.3846,368.8039,349.0029,336.7557,324.1080,310.9519,301.2938,296.1974,292.3209,288.5427,286.2251,285.5565,277.9619,276.9166,271.6144,265.5902,252.8860,237.2421,218.3738,202.9281,184.5995,167.6082,148.3189,127.3372
70,1.2000,SpendAwareDPRebalance (R70-aware),3.3300,20557.0217,684.5488,survival,1.0000,1.0000,1.0000,1.0000,1.0000,1.0000,1.0000,1.0000,1.0000,1.0000,1.0000,1.0000,1.0000,1.0000,1.0000,0.9980,0.9970,0.9960,0.9940,0.9935,0.9920,0.9915,0.9895,0.9885,0.9875,0.9865,0.9845,0.9805,0.9775,0.9760,0.9730,0.9700,0.9685,0.9660,0.9640,0.9610,0.9590,0.9560,0.9525,0.9495,0.9480,0.9435,0.9405,0.9390,0.9370
70,1.2000,SpendAwareDPRebalance (R70-aware),3.3300,20557.0217,684.5488,spend25p,685.3534,687.9373,687.9662,683.5870,676.9055,667.7018,654.7095,639.6303,623.6095,608.4153,576.4929,568.0929,557.3777,545.3425,535.8997,525.2950,514.4579,504.7044,492.0427,479.5846,172.6467,155.8402,139.1073,124.3849,109.7630,99.1311,89.2781,80.4235,71.0168,64.7812,56.3010,48.9448,42.7246,33.1290,25.4720,16.7306,8.9188,0.0000,0.0000,-6.8811,-19.5380,-32.3331,-46.5106,-61.0821,-76.4778
70,1.2000,SpendAwareDPRebalance (R70-aware),3.3300,20557.0217,684.5488,spend50p,690.0719,702.7773,714.0277,721.0198,727.0333,728.9701,729.3137,727.8329,724.0505,719.0181,694.8770,688.5636,690.5223,688.6477,684.7190,679.8556,671.0898,662.4605,649.7186,642.6752,273.0009,252.6397,231.6651,216.2781,202.5491,190.9029,182.4601,173.6392,165.6913,158.2979,152.4980,146.0994,140.3648,134.6324,129.8625,121.1559,111.4526,98.9951,88.1687,72.1593,58.2401,41.4493,23.6068,6.6054,0.0000
70,1.2000,SpendAwareDPRebalance (R70-aware),3.3300,20557.0217,684.5488,spend75p,694.9183,717.5278,740.8508,762.4597,781.9167,797.7051,813.3602,822.3853,832.3339,840.6401,819.5696,827.8080,833.9280,841.0882,850.9629,856.8251,860.3645,869.6117,870.2261,871.4741,401.9102,383.5522,364.6652,346.6884,332.5669,319.2831,306.3158,296.7466,292.7917,287.4484,281.4627,280.3153,274.8507,273.3102,266.8327,263.3931,252.5612,239.5453,226.5018,207.1152,190.1512,169.9443,148.8974,128.7273,107.0611
70,1.2000,SpendAwareDPRebalance (R70-aware),3.6600,18703.5198,684.5488,survival,1.0000,1.0000,1.0000,1.0000,1.0000,1.0000,1.0000,1.0000,1.0000,1.0000,1.0000,1.0000,0.9995,0.9990,0.9980,0.9960,0.9940,0.9915,0.9890,0.9850,0.9835,0.9825,0.9795,0.9775,0.9765,0.9755,0.9720,0.9700,0.9655,0.9620,0.9595,0.9550,0.9525,0.9485,0.9450,0.9415,0.9360,0.9310,0.9260,0.9225,0.9205,0.9175,0.9170,0.9150,0.9125
70,1.2000,SpendAwareDPRebalance (R70-aware),3.6600,18703.5198,684.5488,spend25p,685.3534,687.9373,687.9662,683.5870,676.9055,667.7018,654.7095,639.6303,623.6095,608.4153,576.4929,568.0929,557.0154,544.8501,535.1921,524.2497,512.2130,500.8249,486.7376,472.9786,168.5639,152.1569,135.4389,119.4618,106.2206,96.0954,84.1948,75.4514,67.3351,59.6321,51.7682,44.1700,35.8984,27.7559,19.7337,10.2829,0.0000,0.0000,0.0000,-6.9517,-19.6461,-32.4473,-46.8627,-61.3421,-76.6988
70,1.2000,SpendAwareDPRebalance (R70-aware),3.6600,18703.5198,684.5488,spend50p,690.0719,702.7773,714.0277,721.0198,727.0333,728.9701,729.3137,727.8329,724.0505,719.0181,694.8770,688.5636,690.0287,688.3552,683.8495,678.2567,670.2456,658.0513,646.9381,637.0475,268.8668,249.1393,228.8985,211.9467,197.4805,186.3705,177.5465,167.8958,160.9920,153.0688,146.2798,140.1876,133.3350,127.4517,120.9397,112.3701,102.2864,89.6331,74.6231,60.4526,47.7012,30.1311,14.5513,0.0000,0.0000
70,1.2000,SpendAwareDPRebalance (R70-aware),3.6600,18703.5198,684.5488,spend75p,694.9183,717.5278,740.8508,762.4597,781.9167,797.7051,813.3602,822.3853,832.3339,840.6401,819.5696,827.8080,833.6849,840.7075,850.1549,855.5599,856.8961,862.7789,865.5001,860.6033,395.0520,377.5612,359.1192,340.5966,326.5830,311.6198,299.0380,291.5213,283.2180,277.8551,275.4483,269.8223,265.9530,259.2997,255.0055,246.2178,232.8421,222.4621,205.6729,191.3330,174.6151,155.0076,136.9301,115.8652,95.5021
70,1.2000,SpendAwareDPRebalance (R70-aware),4.0000,17113.7206,684.5488,survival,1.0000,1.0000,1.0000,1.0000,1.0000,1.0000,1.0000,1.0000,1.0000,1.0000,0.9985,0.9975,0.9970,0.9965,0.9940,0.9905,0.9875,0.9840,0.9790,0.9725,0.9690,0.9660,0.9630,0.9595,0.9555,0.9505,0.9465,0.9430,0.9385,0.9350,0.9305,0.9280,0.9225,0.9180,0.9150,0.9095,0.9070,0.9020,0.8980,0.8940,0.8910,0.8855,0.8830,0.8815,0.8795
70,1.2000,SpendAwareDPRebalance (R70-aware),4.0000,17113.7206,684.5488,spend25p,685.3534,687.9373,687.9662,683.5870,676.9055,667.7018,654.7095,639.6303,623.6095,608.4153,575.9615,566.7167,556.0849,544.2489,533.2961,520.0078,509.1156,496.4298,480.3213,466.0991,164.7089,145.4937,128.8886,113.1995,100.0377,87.0353,77.9928,66.9118,57.2710,50.7084,43.2824,34.1473,26.2235,19.1338,9.4028,0.0000,0.0000,0.0000,0.0000,-6.4461,-19.2259,-32.1109,-46.0502,-60.8377,-76.0203
70,1.2000,SpendAwareDPRebalance (R70-aware),4.0000,17113.7206,684.5488,spend50p,690.0719,702.7773,714.0277,721.0198,727.0333,728.9701,729.3137,727.8329,724.0505,719.0181,693.1380,687.2441,688.6279,687.4472,680.5850,674.8076,664.8652,653.9730,640.6622,627.9030,262.8487,242.3966,223.4098,205.3673,191.1674,180.0348,169.1156,159.1240,150.2754,143.5236,135.6629,130.2809,122.6303,114.9384,108.7652,100.0981,91.7107,77.1818,64.3383,50.6552,35.1532,17.3049,2.7854,0.0000,0.0000
70,1.2000,SpendAwareDPRebalance (R70-aware),4.0000,17113.7206,684.5488,spend75p,694.9183,717.5278,740.8508,762.4597,781.9167,797.7051,813.3602,822.3853,832.3339,840.6401,818.3275,827.4026,831.8479,838.8575,846.8079,852.4813,852.4858,858.0009,857.6295,847.2293,390.1767,370.7109,352.8344,335.3559,317.5535,300.8658,290.1412,280.2357,271.9440,264.4736,258.1452,254.3530,246.2800,240.4762,237.4893,224.9543,216.2878,202.1825,190.1422,175.4640,159.5640,142.5450,122.2868,101.3190,80.5842
70,1.2000,SpendAwareDPRebalance (R70-aware),4.3300,15809.4417,684.5488,survival,1.0000,1.0000,1.0000,1.0000,1.0000,1.0000,1.0000,1.0000,0.9995,0.9980,0.9955,0.9955,0.9945,0.9905,0.9880,0.9800,0.9750,0.9650,0.9610,0.9520,0.9480,0.9420,0.9360,0.9325,0.9285,0.9230,0.9205,0.9185,0.9130,0.9025,0.8985,0.8960,0.8925,0.8900,0.8855,0.8810,0.8765,0.8715,0.8665,0.8590,0.8555,0.8525,0.8465,0.8435,0.8400
70,1.2000,SpendAwareDPRebalance (R70-aware),4.3300,15809.4417,684.5488,spend25p,685.3534,687.9373,687.9662,683.5870,676.9055,667.7018,654.7095,639.6303,623.3891,607.4006,575.2225,565.9033,555.1591,541.8355,530.4677,515.2605,504.3183,486.1070,471.0910,453.3464,156.2415,136.0471,119.3980,105.4357,89.3325,77.7984,66.5229,57.9133,47.9734,35.6689,28.9382,21.2837,12.8121,6.9854,0.0000,0.0000,0.0000,0.0000,0.0000,-5.9855,-18.7537,-31.0274,-45.5295,-60.4677,-74.7323
70,1.2000,SpendAwareDPRebalance (R70-aware),4.3300,15809.4417,684.5488,spend50p,690.0719,702.7773,714.0277,721.0198,727.0333,728.9701,729.3137,727.8329,723.9256,718.8633,691.1178,686.4896,688.0697,684.9411,676.8704,668.4383,659.9482,643.3249,630.5257,613.2722,251.1894,232.6577,213.1134,196.3902,184.0174,171.0389,161.4143,152.9083,143.4328,133.9885,127.2219,119.5724,112.3662,106.1988,98.9095,89.5911,78.6481,67.8145,52.2803,35.7671,21.4722,6.4875,0.0000,0.0000,0.0000
70,1.2000,SpendAwareDPRebalance (R70-aware),4.3300,15809.4417,684.5488,spend75p,694.9183,717.5278,740.8508,762.4597,781.9167,797.7051,813.3602,822.3853,832.1447,840.3163,817.2349,827.2901,831.5198,834.4670,844.2385,843.8469,846.0269,845.9280,843.6086,833.3050,382.1140,362.1615,337.3336,322.9340,303.1523,286.6987,277.2334,269.8847,259.3651,245.0597,240.1712,238.8931,232.4997,227.6610,218.9120,210.3817,199.7234,188.0565,174.2889,160.0713,142.9921,124.0665,102.5698,79.0012,59.6606
70,1.2000,SpendAwareDPRebalance (R70-aware),4.6600,14689.8889,684.5488,survival,1.0000,1.0000,1.0000,1.0000,1.0000,1.0000,1.0000,0.9990,0.9980,0.9955,0.9955,0.9920,0.9870,0.9810,0.9730,0.9645,0.9585,0.9470,0.9375,0.9270,0.9210,0.9170,0.9080,0.9055,0.8975,0.8945,0.8900,0.8850,0.8785,0.8690,0.8660,0.8600,0.8570,0.8530,0.8460,0.8410,0.8345,0.8260,0.8175,0.8105,0.8065,0.8010,0.7990,0.7940,0.7890
70,1.2000,SpendAwareDPRebalance (R70-aware),4.6600,14689.8889,684.5488,spend25p,685.3534,687.9373,687.9662,683.5870,676.9055,667.7018,654.7095,638.8410,622.7104,606.7436,575.2225,564.7808,551.4527,535.8027,522.3332,508.1690,493.6044,474.9125,458.2769,434.4863,145.6428,128.4648,108.9743,93.4759,77.2697,65.2555,53.2006,42.8117,34.0920,24.2271,15.7031,8.6183,1.6723,0.0000,0.0000,0.0000,0.0000,0.0000,0.0000,-4.7904,-17.6596,-29.6532,-44.5973,-58.4985,-72.6339
70,1.2000,SpendAwareDPRebalance (R70-aware),4.6600,14689.8889,684.5488,spend50p,690.0719,702.7773,714.0277,721.0198,727.0333,728.9701,729.3137,727.1296,723.4732,717.8487,691.1178,685.6182,685.3664,681.1388,670.5392,661.5937,650.6310,632.5453,616.8081,598.3551,242.5850,222.5091,203.1280,187.1134,172.4881,162.1943,151.2799,141.9720,133.3110,123.3881,116.3655,108.8702,100.6663,93.0739,84.1199,73.5112,62.9512,49.4909,36.4412,19.3277,2.9088,0.0000,0.0000,0.0000,0.0000
70,1.2000,SpendAwareDPRebalance (R70-aware),4.6600,14689.8889,684.5488,spend75p,694.9183,717.5278,740.8508,762.4597,781.9167,797.7051,813.3602,822.0167,831.9237,839.1276,817.2349,825.3163,828.2337,832.2421,838.3580,833.4725,839.1146,834.5011,822.9594,809.7298,372.3397,350.7099,323.6892,306.9965,286.4886,273.9873,262.3234,254.8537,242.4693,232.9840,229.1135,224.2864,221.1824,213.6646,202.0081,191.7734,182.2172,166.4766,150.3672,132.0404,116.8974,98.6643,82.4861,61.2748,39.7003
70,1.2000,SpendAwareDPRebalance (R70-aware),5.0000,13690.9765,684.5488,survival,1.0000,1.0000,1.0000,1.0000,1.0000,1.0000,1.0000,0.9985,0.9975,0.9950,0.9900,0.9805,0.9725,0.9620,0.9550,0.9460,0.9335,0.9205,0.9090,0.8940,0.8825,0.8785,0.8745,0.8690,0.8640,0.8555,0.8445,0.8360,0.8260,0.8215,0.8160,0.8125,0.8065,0.8020,0.7985,0.7915,0.7860,0.7785,0.7720,0.7625,0.7585,0.7530,0.7440,0.7400,0.7390
70,1.2000,SpendAwareDPRebalance (R70-aware),5.0000,13690.9765,684.5488,spend25p,685.3534,687.9373,687.9662,683.5870,676.9055,667.7018,654.7095,638.6093,622.4274,606.5224,572.4981,559.6080,540.0086,525.4750,511.3668,496.8214,478.1331,459.7219,436.8890,413.2691,127.8440,108.9899,92.0824,75.3400,60.8523,45.2210,32.6068,22.0087,12.3655,1.6923,0.0000,0.0000,0.0000,0.0000,0.0000,0.0000,0.0000,0.0000,0.0000,-2.4406,-16.0776,-27.1734,-42.8353,-55.5801,-70.8414
70,1.2000,SpendAwareDPRebalance (R70-aware),5.0000,13690.9765,684.5488,spend50p,690.0719,702.7773,714.0277,721.0198,727.0333,728.9701,729.3137,726.9215,723.4295,717.7814,689.7361,681.0665,677.6836,669.5809,661.5492,651.4807,637.8804,619.0195,599.3018,576.5894,226.7770,207.6057,189.8655,174.8838,160.8177,146.5542,134.8515,123.0753,111.9017,105.0163,97.8331,91.1965,83.8175,75.8828,66.6834,56.8457,44.2516,32.2405,18.7107,1.3858,0.0000,0.0000,0.0000,0.0000,0.0000
70,1.2000,SpendAwareDPRebalance (R70-aware),5.0000,13690.9765,684.5488,spend75p,694.9183,717.5278,740.8508,762.4597,781.9167,797.7051,813.3602,821.9544,831.7741,839.1276,815.6981,821.1981,821.7662,820.8383,823.4503,824.5661,821.4711,811.8734,800.2315,789.2135,353.1554,332.4645,311.5346,292.2575,273.6306,259.0413,242.2092,231.1985,222.2525,215.3177,210.4343,203.6601,197.7460,189.5878,180.5597,172.6577,161.2239,144.2787,129.5121,112.7231,97.2665,79.6246,61.1767,43.0795,22.4862
70,1.2000,SpendAwareDPRebalance (R70-aware),5.5000,12446.3423,684.5488,survival,1.0000,1.0000,1.0000,1.0000,1.0000,1.0000,0.9990,0.9980,0.9945,0.9875,0.9760,0.9630,0.9475,0.9355,0.9165,0.9015,0.8815,0.8580,0.8370,0.8195,0.8080,0.8030,0.7935,0.7860,0.7805,0.7715,0.7645,0.7570,0.7485,0.7430,0.7380,0.7340,0.7235,0.7165,0.7085,0.7000,0.6905,0.6865,0.6795,0.6715,0.6620,0.6575,0.6525,0.6465,0.6455
70,1.2000,SpendAwareDPRebalance (R70-aware),5.5000,12446.3423,684.5488,spend25p,685.3534,687.9373,687.9662,683.5870,676.9055,667.7018,653.7102,638.2787,619.5459,603.6167,566.2245,547.2942,527.4606,509.0821,487.5660,468.0900,441.4623,409.5001,376.6358,343.6115,85.6045,67.6830,45.7302,30.9107,13.7975,0.0000,0.0000,0.0000,0.0000,0.0000,0.0000,0.0000,0.0000,0.0000,0.0000,0.0000,0.0000,0.0000,0.0000,0.0000,-8.5972,-23.1619,-36.7572,-50.2361,-65.3165
70,1.2000,SpendAwareDPRebalance (R70-aware),5.5000,12446.3423,684.5488,spend50p,690.0719,702.7773,714.0277,721.0198,727.0333,728.9701,729.1940,726.8617,722.7027,715.5852,684.6669,675.0554,664.6840,656.4426,644.0110,628.1618,609.3495,590.0494,563.7144,541.0187,203.9802,182.6672,165.1378,146.2199,132.3165,117.7627,105.7896,93.6329,85.3660,78.0091,70.0628,64.1763,53.6267,42.6165,32.1520,19.7673,9.2862,0.0000,0.0000,0.0000,0.0000,0.0000,0.0000,0.0000,0.0000
70,1.2000,SpendAwareDPRebalance (R70-aware),5.5000,12446.3423,684.5488,spend75p,694.9183,717.5278,740.8508,762.4597,781.9167,797.7051,813.1600,821.9544,830.7829,834.9278,809.9447,810.4696,809.3763,811.0724,804.4767,803.6291,795.9947,775.4260,764.1791,740.5900,326.5677,306.9358,282.9132,263.8455,249.0002,231.4748,215.9435,205.9928,199.3163,193.6247,189.0176,180.6304,170.6853,165.0409,156.5615,142.8675,128.8741,115.1399,102.7619,87.9465,67.0148,50.1566,33.4664,15.8520,0.0000
70,1.2000,SpendAwareDPRebalance (R70-aware),6.0000,11409.1471,684.5488,survival,1.0000,1.0000,1.0000,1.0000,1.0000,1.0000,0.9985,0.9965,0.9880,0.9755,0.9555,0.9340,0.9135,0.8840,0.8545,0.8265,0.7980,0.7760,0.7525,0.7355,0.7245,0.7170,0.7080,0.7020,0.6955,0.6855,0.6765,0.6700,0.6625,0.6540,0.6495,0.6460,0.6385,0.6310,0.6240,0.6195,0.6120,0.6055,0.6000,0.5905,0.5870,0.5830,0.5785,0.5750,0.5715
70,1.2000,SpendAwareDPRebalance (R70-aware),6.0000,11409.1471,684.5488,spend25p,685.3534,687.9373,687.9662,683.5870,676.9055,667.7018,652.7154,637.3858,616.9511,597.2779,556.3400,533.0054,509.0623,476.4507,442.2307,404.7312,363.4258,308.2003,216.8176,0.0000,0.0000,0.0000,0.0000,0.0000,0.0000,0.0000,0.0000,0.0000,0.0000,0.0000,0.0000,0.0000,0.0000,0.0000,0.0000,0.0000,0.0000,0.0000,0.0000,0.0000,0.0000,-14.6833,-28.5266,-41.5272,-57.0334
70,1.2000,SpendAwareDPRebalance (R70-aware),6.0000,11409.1471,684.5488,spend50p,690.0719,702.7773,714.0277,721.0198,727.0333,728.9701,729.1522,726.4097,720.1806,713.6839,678.3989,665.1426,650.0901,631.7758,608.4451,590.6900,566.5905,541.2262,515.5926,491.7208,176.7017,158.2012,137.3912,118.7305,104.2324,89.7789,78.7622,67.2134,56.5961,47.9454,38.2967,31.0539,21.8598,9.9559,1.2310,0.0000,0.0000,0.0000,0.0000,0.0000,0.0000,0.0000,0.0000,0.0000,0.0000
70,1.2000,SpendAwareDPRebalance (R70-aware),6.0000,11409.1471,684.5488,spend75p,694.9183,717.5278,740.8508,762.4597,781.9167,797.7051,813.1093,821.3497,828.0686,831.7561,804.4094,803.5911,798.2449,790.2312,781.7908,768.4713,750.2702,737.9762,723.9256,708.2510,302.2355,276.7699,255.6213,235.1054,218.5013,203.2706,191.1306,184.5119,175.5906,165.0163,161.0489,154.1311,145.5473,136.4077,127.1948,117.8811,104.9565,92.7938,79.3152,60.4054,46.0133,30.0211,13.1595,0.0000,0.0000
70,1.2000,SpendAwareDPRebalance (R70-aware),7.0000,9779.2689,684.5488,survival,1.0000,1.0000,1.0000,1.0000,1.0000,0.9985,0.9960,0.9845,0.9680,0.9325,0.8975,0.8545,0.8070,0.7595,0.7170,0.6725,0.6430,0.6170,0.5920,0.5710,0.5565,0.5505,0.5470,0.5435,0.5390,0.5345,0.5310,0.5255,0.5195,0.5150,0.5120,0.5045,0.4995,0.4940,0.4890,0.4860,0.4790,0.4735,0.4680,0.4645,0.4585,0.4555,0.4515,0.4460,0.4445
70,1.2000,SpendAwareDPRebalance (R70-aware),7.0000,9779.2689,684.5488,spend25p,685.3534,687.9373,687.9662,683.5870,676.9055,666.6881,651.3917,632.2431,606.9577,577.0308,525.0546,481.8731,427.8414,318.7579,0.0000,0.0000,0.0000,0.0000,0.0000,0.0000,0.0000,0.0000,0.0000,0.0000,0.0000,0.0000,0.0000,0.0000,0.0000,0.0000,0.0000,0.0000,0.0000,0.0000,0.0000,0.0000,0.0000,0.0000,0.0000,0.0000,0.0000,0.0000,0.0000,-14.3838,-30.4433
70,1.2000,SpendAwareDPRebalance (R70-aware),7.0000,9779.2689,684.5488,spend50p,690.0719,702.7773,714.0277,721.0198,727.0333,728.6630,728.9132,724.5479,716.3394,701.9430,654.7452,629.6725,600.2686,569.8183,533.9304,499.7578,464.8232,430.9794,394.2281,356.1626,89.8531,71.7082,55.0746,39.0427,25.1435,13.7750,2.2954,0.0000,0.0000,0.0000,0.0000,0.0000,0.0000,0.0000,0.0000,0.0000,0.0000,0.0000,0.0000,0.0000,0.0000,0.0000,0.0000,0.0000,0.0000
70,1.2000,SpendAwareDPRebalance (R70-aware),7.0000,9779.2689,684.5488,spend75p,694.9183,717.5278,740.8508,762.4597,781.9167,796.7701,812.8254,817.9426,820.9852,820.2401,786.5425,776.1629,760.5591,744.3828,723.1660,696.2019,683.3793,656.6940,632.4000,601.2172,240.7930,220.0592,204.7475,187.4435,174.0253,160.0827,149.5559,141.2213,131.7342,123.3466,115.2292,106.7243,99.1839,89.7763,79.9720,71.1207,58.9819,45.3897,31.3949,16.6773,0.7222,0.0000,0.0000,0.0000,0.0000
70,1.5000,SpendAwareDPRebalance (R70-aware),2.3800,35727.3542,850.3110,survival,1.0000,1.0000,1.0000,1.0000,1.0000,1.0000,1.0000,1.0000,1.0000,1.0000,1.0000,1.0000,1.0000,1.0000,1.0000,1.0000,1.0000,1.0000,0.9995,0.9995,0.9995,0.9995,0.9995,0.9995,0.9990,0.9985,0.9980,0.9975,0.9975,0.9970,0.9970,0.9965,0.9955,0.9945,0.9940,0.9935,0.9920,0.9920,0.9905,0.9895,0.9885,0.9870,0.9850,0.9835,0.9805
70,1.5000,SpendAwareDPRebalance (R70-aware),2.3800,35727.3542,850.3110,spend25p,851.3105,854.5627,854.6210,849.1806,840.8546,829.3683,813.1532,794.3299,774.3278,755.3488,720.6161,710.1161,696.7221,681.6782,669.8747,657.2184,646.1240,636.7639,620.4983,606.1099,293.4531,276.5051,256.6081,237.8605,222.4382,211.3967,199.8047,192.2034,184.6385,178.2384,173.2178,167.6433,161.0249,156.4449,150.2261,141.9502,132.5317,122.6253,112.8344,100.3357,89.3020,77.7342,62.0106,46.2702,30.8550
70,1.5000,SpendAwareDPRebalance (R70-aware),2.3800,35727.3542,850.3110,spend50p,857.1715,872.9971,886.9958,895.6812,903.1236,905.4711,905.8120,903.8651,899.0441,892.6625,868.5962,860.7045,863.1529,860.8096,855.8987,849.9574,841.0533,830.9442,818.0072,807.6579,435.4780,412.7560,389.9418,372.9618,359.1298,347.8783,340.1121,335.8758,331.4743,325.4667,324.4963,321.7819,315.8279,316.9305,311.9262,305.3438,297.7147,288.9185,278.6862,264.3516,251.9945,235.1613,218.0991,199.6736,180.8950
70,1.5000,SpendAwareDPRebalance (R70-aware),2.3800,35727.3542,850.3110,spend75p,863.1915,891.3203,920.3166,947.1595,971.2999,990.8485,1010.1983,1021.2857,1033.4982,1043.6564,1024.4620,1034.7600,1042.4100,1051.3602,1063.7037,1072.3977,1079.3220,1093.9948,1094.1004,1096.0299,626.5514,605.4201,588.6760,570.0386,552.9599,542.4179,533.4550,526.4551,527.5982,533.8904,532.3072,535.2021,541.1995,547.7032,551.3368,553.3711,554.9868,545.8561,533.8966,517.4276,511.2459,494.0079,476.7074,455.4876,437.0932
70,1.5000,SpendAwareDPRebalance (R70-aware),2.5000,34012.4412,850.3110,survival,1.0000,1.0000,1.0000,1.0000,1.0000,1.0000,1.0000,1.0000,1.0000,1.0000,1.0000,1.0000,1.0000,1.0000,1.0000,1.0000,1.0000,0.9995,0.9995,0.9995,0.9995,0.9995,0.9995,0.9995,0.9990,0.9975,0.9970,0.9970,0.9970,0.9965,0.9945,0.9940,0.9915,0.9910,0.9900,0.9885,0.9870,0.9865,0.9860,0.9840,0.9830,0.9800,0.9770,0.9750,0.9740
70,1.5000,SpendAwareDPRebalance (R70-aware),2.5000,34012.4412,850.3110,spend25p,851.3105,854.5627,854.6210,849.1806,840.8546,829.3683,813.1532,794.3299,774.3278,755.3488,720.6161,710.1161,696.7221,681.6782,669.8747,657.2184,646.1240,636.4621,620.4983,606.1099,293.4531,276.5051,256.6081,237.8605,222.4382,211.0595,199.6915,192.1778,184.4055,177.9094,171.0656,165.0469,157.4760,153.6227,148.1603,139.5655,129.2163,119.8157,108.5218,96.8026,86.6359,71.1859,57.5719,41.4867,26.0570
70,1.5000,SpendAwareDPRebalance (R70-aware),2.5000,34012.4412,850.3110,spend50p,857.1715,872.9971,886.9958,895.6812,903.1236,905.4711,905.8120,903.8651,899.0441,892.6625,868.5962,860.7045,863.1529,860.8096,855.8987,849.9574,841.0533,830.6997,818.0072,807.6579,435.4780,412.7560,389.9418,372.9618,359.1298,347.2882,339.8339,335.5308,331.3937,325.3378,322.7560,319.9106,312.7893,314.7703,309.6740,302.1739,293.8392,284.5067,276.0909,261.3697,245.3229,230.8971,211.9129,194.9585,176.4725
70,1.5000,SpendAwareDPRebalance (R70-aware),2.5000,34012.4412,850.3110,spend75p,863.1915,891.3203,920.3166,947.1595,971.2999,990.8485,1010.1983,1021.2857,1033.4982,1043.6564,1024.4620,1034.7600,1042.4100,1051.3602,1063.7037,1072.3977,1079.3220,1093.3547,1094.1004,1096.0299,626.5514,605.4201,588.6760,570.0386,552.9599,541.7299,532.8651,525.7467,527.1347,532.5431,528.4390,534.2329,536.2713,542.3976,546.4639,546.0492,549.2729,538.4325,526.9193,510.2546,500.7949,480.5911,461.3430,441.8814,426.5374
70,1.5000,SpendAwareDPRebalance (R70-aware),2.8000,30368.2511,850.3110,survival,1.0000,1.0000,1.0000,1.0000,1.0000,1.0000,1.0000,1.0000,1.0000,1.0000,1.0000,1.0000,1.0000,1.0000,1.0000,1.0000,0.9995,0.9990,0.9985,0.9975,0.9965,0.9965,0.9960,0.9945,0.9945,0.9935,0.9930,0.9920,0.9920,0.9900,0.9870,0.9860,0.9845,0.9835,0.9825,0.9815,0.9795,0.9780,0.9760,0.9725,0.9700,0.9670,0.9665,0.9635,0.9600
70,1.5000,SpendAwareDPRebalance (R70-aware),2.8000,30368.2511,850.3110,spend25p,851.3105,854.5627,854.6210,849.1806,840.8546,829.3683,813.1532,794.3299,774.3278,755.3488,720.6161,710.1161,696.7221,681.6782,669.8747,657.2184,645.6324,636.1060,620.3154,604.3859,291.6715,274.9149,254.7889,235.0197,219.7699,208.4403,197.8812,190.0977,182.3237,174.9912,167.4008,159.7751,153.8391,148.9622,142.5718,134.3991,123.5421,116.0053,101.0013,90.6222,78.4303,64.1770,50.2016,34.5790,17.5527
70,1.5000,SpendAwareDPRebalance (R70-aware),2.8000,30368.2511,850.3110,spend50p,857.1715,872.9971,886.9958,895.6812,903.1236,905.4711,905.8120,903.8651,899.0441,892.6625,868.5962,860.7045,863.1529,860.8096,855.8987,849.9574,840.5822,830.3477,816.7644,807.2687,434.0378,412.0258,389.1467,370.5731,356.5560,343.7869,337.6264,333.2675,327.9744,320.9393,316.9345,313.6230,309.9376,309.0754,303.9832,298.9495,290.8643,280.9664,270.2792,254.1997,239.0039,220.9449,204.2376,188.7144,168.5949
70,1.5000,SpendAwareDPRebalance (R70-aware),2.8000,30368.2511,850.3110,spend75p,863.1915,891.3203,920.3166,947.1595,971.2999,990.8485,1010.1983,1021.2857,1033.4982,1043.6564,1024.4620,1034.7600,1042.4100,1051.3602,1063.7037,1072.3977,1078.5462,1092.6681,1092.9361,1093.9495,623.8222,602.4832,585.0270,564.9552,550.4514,538.6763,527.7605,520.0481,522.8151,525.4970,522.7724,524.9453,529.4052,529.5839,530.1986,537.2328,535.2429,521.6853,507.7853,487.3778,474.9651,456.3756,445.7853,429.3304,400.5406
70,1.5000,SpendAwareDPRebalance (R70-aware),3.0000,28343.7010,850.3110,survival,1.0000,1.0000,1.0000,1.0000,1.0000,1.0000,1.0000,1.0000,1.0000,1.0000,1.0000,1.0000,1.0000,1.0000,1.0000,0.9995,0.9990,0.9970,0.9960,0.9950,0.9950,0.9940,0.9935,0.9930,0.9915,0.9905,0.9890,0.9880,0.9855,0.9840,0.9805,0.9800,0.9790,0.9770,0.9750,0.9735,0.9715,0.9675,0.9655,0.9625,0.9615,0.9590,0.9570,0.9535,0.9505
70,1.5000,SpendAwareDPRebalance (R70-aware),3.0000,28343.7010,850.3110,spend25p,851.3105,854.5627,854.6210,849.1806,840.8546,829.3683,813.1532,794.3299,774.3278,755.3488,720.6161,710.1161,696.7221,681.6782,669.8747,657.0910,645.1021,632.7486,617.3682,601.7622,290.9623,273.5181,253.4971,234.6243,219.1012,206.2546,194.6904,187.4080,179.1839,171.1685,163.8002,156.8825,151.3523,144.1255,138.4164,130.2321,120.5989,108.2053,96.9744,85.9501,74.4728,59.0032,43.9362,29.0044,12.6236
70,1.5000,SpendAwareDPRebalance (R70-aware),3.0000,28343.7010,850.3110,spend50p,857.1715,872.9971,886.9958,895.6812,903.1236,905.4711,905.8120,903.8651,899.0441,892.6625,868.5962,860.7045,863.1529,860.8096,855.8987,849.8914,839.9463,829.3506,815.6859,804.6112,433.1730,410.1880,387.8351,370.0508,353.6049,342.7007,336.8383,330.4772,325.1459,316.4234,310.6570,308.8249,305.8166,303.7970,298.6446,293.2814,286.0641,274.5206,262.2356,245.4190,232.2445,214.5757,197.6703,181.9456,161.8770
70,1.5000,SpendAwareDPRebalance (R70-aware),3.0000,28343.7010,850.3110,spend75p,863.1915,891.3203,920.3166,947.1595,971.2999,990.8485,1010.1983,1021.2857,1033.4982,1043.6564,1024.4620,1034.7600,1042.4100,1051.3602,1063.7037,1071.9988,1078.0368,1087.7438,1088.8968,1090.2661,623.2888,600.0245,583.7811,564.3432,549.5971,536.9896,523.1962,517.9595,515.0174,516.5735,515.1031,517.3568,520.0082,521.2076,521.5165,527.7908,518.6887,505.4564,495.1873,474.8509,462.0370,447.5165,432.6891,412.1143,392.4849
70,1.5000,SpendAwareDPRebalance (R70-aware),3.3300,25534.8658,850.3110,survival,1.0000,1.0000,1.0000,1.0000,1.0000,1.0000,1.0000,1.0000,1.0000,1.0000,1.0000,1.0000,1.0000,0.9995,0.9990,0.9975,0.9965,0.9950,0.9930,0.9905,0.9880,0.9875,0.9850,0.9845,0.9835,0.9820,0.9805,0.9770,0.9740,0.9705,0.9670,0.9650,0.9605,0.9590,0.9560,0.9545,0.9490,0.9475,0.9445,0.9420,0.9380,0.9335,0.9300,0.9275,0.9235
70,1.5000,SpendAwareDPRebalance (R70-aware),3.3300,25534.8658,850.3110,spend25p,851.3105,854.5627,854.6210,849.1806,840.8546,829.3683,813.1532,794.3299,774.3278,755.3488,720.6161,710.1161,696.7221,681.2078,669.1425,656.5186,642.5055,629.1512,613.8687,596.4587,285.9357,269.0377,247.5291,228.8392,214.1272,200.5526,190.3084,181.9228,172.6345,165.4868,157.2170,149.7491,141.1860,132.9892,125.3846,117.3991,104.4670,94.8473,84.7153,72.2552,59.1313,44.1033,29.6222,13.9010,0.0000
70,1.5000,SpendAwareDPRebalance (R70-aware),3.3300,25534.8658,850.3110,spend50p,857.1715,872.9971,886.9958,895.6812,903.1236,905.4711,905.8120,903.8651,899.0441,892.6625,868.5962,860.7045,863.1529,860.6489,855.5152,849.3923,838.6275,826.9789,811.4870,801.2660,429.2814,405.7084,381.9599,366.5836,350.0954,339.3961,331.6057,323.9139,318.2468,307.6959,300.7572,299.3365,295.7331,290.6696,288.9511,281.8110,273.3069,263.7088,248.7750,233.4134,215.9224,199.2042,184.1806,161.8514,143.4790
70,1.5000,SpendAwareDPRebalance (R70-aware),3.3300,25534.8658,850.3110,spend75p,863.1915,891.3203,920.3166,947.1595,971.2999,990.8485,1010.1983,1021.2857,1033.4982,1043.6564,1024.4620,1034.7600,1042.4100,1051.0658,1063.1006,1069.7976,1075.4556,1086.2250,1087.4868,1081.6340,612.3252,592.6010,576.4674,558.0481,544.7829,529.8867,517.3690,509.4703,504.9277,502.2314,504.1427,503.0447,497.5851,500.7188,500.0903,498.1477,488.8202,478.8084,467.8598,454.8017,438.3814,420.2876,403.1430,380.0937,359.2388
70,1.5000,SpendAwareDPRebalance (R70-aware),3.6600,23232.5418,850.3110,survival,1.0000,1.0000,1.0000,1.0000,1.0000,1.0000,1.0000,1.0000,1.0000,1.0000,0.9995,0.9975,0.9975,0.9965,0.9955,0.9940,0.9920,0.9875,0.9845,0.9820,0.9780,0.9770,0.9730,0.9695,0.9670,0.9645,0.9605,0.9560,0.9515,0.9490,0.9460,0.9415,0.9360,0.9310,0.9275,0.9245,0.9205,0.9190,0.9155,0.9120,0.9095,0.9055,0.9035,0.9025,0.8975
70,1.5000,SpendAwareDPRebalance (R70-aware),3.6600,23232.5418,850.3110,spend25p,851.3105,854.5627,854.6210,849.1806,840.8546,829.3683,813.1532,794.3299,774.3278,755.3488,720.4659,708.3959,695.2127,680.3111,667.4306,652.9260,638.3483,622.8858,605.0427,589.2556,281.5399,260.4028,240.8202,221.8218,205.8157,191.6218,180.9868,168.6872,160.5651,152.9123,146.8898,137.3419,128.0565,117.9565,108.5240,97.7938,89.5798,78.3141,67.0804,53.4931,40.6761,26.7382,14.5644,0.0000,0.0000
70,1.5000,SpendAwareDPRebalance (R70-aware),3.6600,23232.5418,850.3110,spend50p,857.1715,872.9971,886.9958,895.6812,903.1236,905.4711,905.8120,903.8651,899.0441,892.6625,867.9450,859.0551,861.1779,859.3089,853.4265,846.2236,836.1898,819.9342,806.5854,794.9504,422.9987,400.6723,377.1635,357.4460,340.8289,330.4184,321.1871,309.6232,301.6752,295.5877,289.0405,285.0245,278.5532,274.6752,266.6782,260.2990,255.0994,244.1438,230.7437,216.3340,199.7664,181.9538,163.5637,149.3166,126.0996
70,1.5000,SpendAwareDPRebalance (R70-aware),3.6600,23232.5418,850.3110,spend75p,863.1915,891.3203,920.3166,947.1595,971.2999,990.8485,1010.1983,1021.2857,1033.4982,1043.6564,1024.2683,1034.2532,1039.8098,1048.5719,1061.1932,1068.7464,1070.3067,1077.2281,1077.7895,1074.0383,606.8956,586.5192,567.8477,550.5012,533.8006,516.1798,505.5983,494.3097,488.2848,488.3628,485.3671,483.6693,477.6834,473.2921,470.6823,470.3335,458.8434,452.3299,438.6251,427.1695,415.0668,395.6090,379.4670,361.6801,336.7043
70,1.5000,SpendAwareDPRebalance (R70-aware),4.0000,21257.7758,850.3110,survival,1.0000,1.0000,1.0000,1.0000,1.0000,1.0000,1.0000,1.0000,1.0000,0.9990,0.9960,0.9955,0.9950,0.9935,0.9905,0.9860,0.9810,0.9745,0.9695,0.9635,0.9610,0.9570,0.9520,0.9470,0.9425,0.9380,0.9325,0.9285,0.9240,0.9200,0.9145,0.9105,0.9070,0.9020,0.8990,0.8930,0.8895,0.8850,0.8815,0.8765,0.8715,0.8685,0.8670,0.8620,0.8570
70,1.5000,SpendAwareDPRebalance (R70-aware),4.0000,21257.7758,850.3110,spend25p,851.3105,854.5627,854.6210,849.1806,840.8546,829.3683,813.1532,794.3299,774.3278,754.9017,719.3212,707.3791,694.1143,678.8604,664.7348,647.5864,633.0465,613.4868,593.8596,578.1511,275.1603,249.8272,229.6095,210.9612,192.9641,179.4004,167.1175,155.8005,146.0174,136.8644,126.6905,119.3438,109.8401,97.5858,91.5086,78.2581,68.6348,57.0321,46.1179,30.6746,15.7152,1.8498,0.0000,0.0000,0.0000
70,1.5000,SpendAwareDPRebalance (R70-aware),4.0000,21257.7758,850.3110,spend50p,857.1715,872.9971,886.9958,895.6812,903.1236,905.4711,905.8120,903.8651,899.0441,892.5569,864.3889,858.1120,860.3645,857.8871,847.9976,840.5990,827.9279,811.2359,795.0866,780.1666,413.3550,390.9228,368.3539,346.1340,333.0491,320.2604,309.3307,297.9428,288.2087,282.0237,274.6383,269.9252,263.7658,257.9996,253.5392,243.8253,234.3418,222.1574,208.5609,191.3977,176.4760,157.6097,144.2564,126.2583,103.0168
70,1.5000,SpendAwareDPRebalance (R70-aware),4.0000,21257.7758,850.3110,spend75p,863.1915,891.3203,920.3166,947.1595,971.2999,990.8485,1010.1983,1021.2857,1033.4982,1043.3563,1021.5436,1034.1127,1039.6109,1046.8978,1057.7115,1059.5729,1062.7621,1068.0889,1065.2901,1053.1118,596.1996,576.0173,554.8921,536.9967,513.5309,498.6031,485.8891,478.3240,471.8899,461.3309,456.4271,458.4318,454.9916,450.3879,446.8185,435.4430,432.3480,421.4849,411.8762,393.9005,379.9966,366.0511,348.5683,322.3006,299.0371
70,1.5000,SpendAwareDPRebalance (R70-aware),4.3300,19637.6681,850.3110,survival,1.0000,1.0000,1.0000,1.0000,1.0000,1.0000,1.0000,1.0000,0.9980,0.9970,0.9955,0.9945,0.9895,0.9860,0.9795,0.9700,0.9635,0.9585,0.9455,0.9385,0.9310,0.9245,0.9185,0.9145,0.9095,0.9045,0.8985,0.8965,0.8905,0.8845,0.8775,0.8710,0.8685,0.8615,0.8560,0.8510,0.8470,0.8410,0.8380,0.8310,0.8250,0.8215,0.8180,0.8105,0.8030
70,1.5000,SpendAwareDPRebalance (R70-aware),4.3300,19637.6681,850.3110,spend25p,851.3105,854.5627,854.6210,849.1806,840.8546,829.3683,813.1532,794.3299,773.2115,753.7018,719.0281,707.2449,690.4524,674.9110,658.4960,638.9732,621.0676,604.1521,578.1111,554.6485,256.6592,233.4780,212.5075,192.4711,176.3504,159.9769,145.0048,135.2533,125.4757,114.1903,104.4271,94.0126,87.0098,74.6030,61.8468,48.9529,37.3632,24.6805,12.9844,0.0000,0.0000,0.0000,0.0000,0.0000,0.0000
70,1.5000,SpendAwareDPRebalance (R70-aware),4.3300,19637.6681,850.3110,spend50p,857.1715,872.9971,886.9958,895.6812,903.1236,905.4711,905.8120,903.8651,898.3273,891.7956,863.8972,857.9599,857.4134,853.7272,840.4354,829.4663,817.4616,801.6467,776.4080,756.7712,391.5867,370.9563,350.1860,331.7487,316.6381,305.2027,292.8680,284.0353,275.2985,267.8361,261.6132,251.5240,244.6130,234.3911,226.6993,218.7895,207.7330,194.6995,183.9977,165.3316,150.2708,133.3966,114.4231,95.9665,75.2818
70,1.5000,SpendAwareDPRebalance (R70-aware),4.3300,19637.6681,850.3110,spend75p,863.1915,891.3203,920.3166,947.1595,971.2999,990.8485,1010.1983,1021.2857,1032.9889,1043.0132,1021.5436,1033.5151,1036.4082,1042.3710,1050.9902,1048.3674,1050.3331,1051.3139,1040.0806,1026.0764,579.2818,557.0692,531.0492,510.6587,494.1688,476.0757,465.9369,460.2463,448.9599,440.6453,434.4676,432.7629,430.7410,422.7844,417.0855,412.3262,403.8351,394.9673,381.4180,369.6194,349.1128,329.2590,310.5132,287.3597,261.7458
70,1.5000,SpendAwareDPRebalance (R70-aware),4.6600,18247.0178,850.3110,survival,1.0000,1.0000,1.0000,1.0000,1.0000,1.0000,1.0000,0.9985,0.9980,0.9950,0.9925,0.9865,0.9780,0.9695,0.9575,0.9535,0.9455,0.9350,0.9210,0.9090,0.9035,0.8975,0.8855,0.8805,0.8735,0.8670,0.8600,0.8515,0.8450,0.8380,0.8310,0.8265,0.8200,0.8150,0.8100,0.8055,0.8020,0.7950,0.7905,0.7825,0.7770,0.7700,0.7640,0.7585,0.7525
70,1.5000,SpendAwareDPRebalance (R70-aware),4.6600,18247.0178,850.3110,spend25p,851.3105,854.5627,854.6210,849.1806,840.8546,829.3683,813.1532,793.0620,773.2115,752.9988,716.7829,702.2763,677.9091,663.3447,641.6950,626.4207,608.7673,585.6916,557.1153,529.9855,239.9769,216.9293,188.0190,168.3345,150.0193,136.0961,120.7050,105.5004,93.7889,83.4111,71.6784,60.9827,47.9879,36.4779,22.8020,10.5483,0.0000,0.0000,0.0000,0.0000,0.0000,0.0000,0.0000,0.0000,0.0000
70,1.5000,SpendAwareDPRebalance (R70-aware),4.6600,18247.0178,850.3110,spend50p,857.1715,872.9971,886.9958,895.6812,903.1236,905.4711,905.8120,902.7332,898.3273,891.1271,862.5724,853.0641,847.8515,842.4964,828.1933,818.9660,802.5861,784.1279,757.0833,730.5962,379.3243,354.2339,330.3116,313.8636,298.5238,283.8330,270.7866,262.5655,250.7671,240.4824,231.9957,226.6128,215.8188,209.1205,198.8734,192.3755,181.9763,167.5344,154.0719,137.3875,117.0192,99.6279,84.4424,69.8994,51.1756
70,1.5000,SpendAwareDPRebalance (R70-aware),4.6600,18247.0178,850.3110,spend75p,863.1915,891.3203,920.3166,947.1595,971.2999,990.8485,1010.1983,1020.7506,1032.9889,1041.7787,1020.0939,1027.6803,1028.4899,1031.0525,1031.1086,1034.1928,1038.1030,1032.1451,1011.5745,999.1394,564.8329,538.3731,509.6406,487.3408,467.3975,454.7484,440.9325,426.5139,422.3466,413.2065,409.2554,405.2908,398.5751,396.0695,387.2919,378.6032,373.4865,357.6946,344.7169,322.9394,308.5762,288.7356,268.8721,249.4127,225.6587
70,1.5000,SpendAwareDPRebalance (R70-aware),5.0000,17006.2206,850.3110,survival,1.0000,1.0000,1.0000,1.0000,1.0000,1.0000,1.0000,0.9985,0.9970,0.9930,0.9870,0.9760,0.9655,0.9515,0.9445,0.9280,0.9125,0.8990,0.8795,0.8625,0.8580,0.8460,0.8355,0.8295,0.8220,0.8155,0.8075,0.7995,0.7910,0.7840,0.7785,0.7725,0.7630,0.7580,0.7510,0.7450,0.7400,0.7345,0.7310,0.7275,0.7185,0.7110,0.7050,0.6980,0.6920
70,1.5000,SpendAwareDPRebalance (R70-aware),5.0000,17006.2206,850.3110,spend25p,851.3105,854.5627,854.6210,849.1806,840.8546,829.3683,813.1532,793.0620,771.8933,751.8672,713.4167,694.7902,669.9012,647.3148,632.5860,607.9273,580.0745,555.1703,523.3969,486.1375,212.3810,182.2437,153.7445,134.9324,114.0974,100.6564,84.8678,69.6115,49.3599,34.6656,19.7073,7.2285,0.0000,0.0000,0.0000,0.0000,0.0000,0.0000,0.0000,0.0000,0.0000,0.0000,0.0000,0.0000,0.0000
70,1.5000,SpendAwareDPRebalance (R70-aware),5.0000,17006.2206,850.3110,spend50p,857.1715,872.9971,886.9958,895.6812,903.1236,905.4711,905.8120,902.7332,898.2203,890.5674,860.3561,849.9949,843.3526,831.4411,821.0485,802.1989,782.8183,764.8654,735.2438,703.8634,356.7379,329.5288,304.0792,286.1093,270.4126,257.2960,243.2064,229.6413,218.0334,210.2266,204.7088,198.8929,188.8062,179.2990,168.1674,155.9412,143.9617,132.3992,119.2195,105.9113,89.7544,72.4696,56.6348,35.8360,18.1567
70,1.5000,SpendAwareDPRebalance (R70-aware),5.0000,17006.2206,850.3110,spend75p,863.1915,891.3203,920.3166,947.1595,971.2999,990.8485,1010.1983,1020.7506,1032.8031,1039.9054,1017.3209,1022.8954,1024.5441,1020.9186,1022.9757,1023.2275,1017.9000,1000.2550,984.5993,968.1290,537.8394,509.5997,482.5217,457.8463,441.4573,426.9211,412.2397,395.6051,389.3428,388.3574,382.8806,377.0908,365.9017,362.8103,356.3230,349.3777,336.4629,321.1524,307.2547,295.7634,278.3286,258.9250,241.0201,218.0243,197.0385
70,1.5000,SpendAwareDPRebalance (R70-aware),5.5000,15460.2005,850.3110,survival,1.0000,1.0000,1.0000,1.0000,1.0000,1.0000,0.9990,0.9980,0.9945,0.9830,0.9705,0.9550,0.9345,0.9155,0.8910,0.8685,0.8455,0.8215,0.7925,0.7770,0.7675,0.7575,0.7465,0.7395,0.7310,0.7235,0.7140,0.7055,0.6990,0.6930,0.6875,0.6815,0.6755,0.6680,0.6640,0.6585,0.6540,0.6485,0.6400,0.6355,0.6300,0.6240,0.6190,0.6130,0.6080
70,1.5000,SpendAwareDPRebalance (R70-aware),5.5000,15460.2005,850.3110,spend25p,851.3105,854.5627,854.6210,849.1806,840.8546,829.3683,811.9121,792.6515,769.2821,745.6477,704.9139,677.4667,650.8708,623.4106,587.1849,549.1161,511.3129,471.0406,402.3256,357.7051,110.4899,65.1748,0.0000,0.0000,0.0000,0.0000,0.0000,0.0000,0.0000,0.0000,0.0000,0.0000,0.0000,0.0000,0.0000,0.0000,0.0000,0.0000,0.0000,0.0000,0.0000,0.0000,0.0000,0.0000,0.0000
70,1.5000,SpendAwareDPRebalance (R70-aware),5.5000,15460.2005,850.3110,spend50p,857.1715,872.9971,886.9958,895.6812,903.1236,905.4711,905.6634,902.6589,897.3705,886.6692,853.7834,840.6809,823.5286,807.5308,787.1017,759.2107,735.8724,710.1561,674.4673,646.0005,317.3556,292.4418,268.9753,246.8070,228.3140,212.0930,197.1094,184.8023,174.1688,165.5224,156.1048,147.0897,137.6199,126.0014,117.9792,106.9652,94.0066,79.7001,64.6106,48.7026,35.1176,20.5355,4.9784,0.0000,0.0000
70,1.5000,SpendAwareDPRebalance (R70-aware),5.5000,15460.2005,850.3110,spend75p,863.1915,891.3203,920.3166,947.1595,971.2999,990.8485,1009.9496,1020.7506,1031.5723,1034.6711,1011.4076,1011.0582,1008.1702,1004.0263,996.9246,987.3060,969.8506,954.7476,930.2774,906.1467,493.4768,466.8179,439.6710,425.2830,407.8236,383.8300,366.7168,358.4109,352.6572,350.7736,342.5837,334.6996,327.3637,322.5902,319.5732,305.6128,295.3586,284.4421,272.9963,255.3925,239.1419,215.9179,196.7540,179.5747,157.8077
70,1.5000,SpendAwareDPRebalance (R70-aware),6.0000,14171.8505,850.3110,survival,1.0000,1.0000,1.0000,1.0000,1.0000,1.0000,0.9985,0.9965,0.9865,0.9720,0.9515,0.9260,0.9010,0.8650,0.8345,0.8025,0.7660,0.7435,0.7170,0.6970,0.6870,0.6765,0.6665,0.6580,0.6495,0.6410,0.6365,0.6315,0.6235,0.6180,0.6120,0.6105,0.6075,0.5980,0.5905,0.5825,0.5790,0.5725,0.5675,0.5605,0.5555,0.5505,0.5465,0.5410,0.5390
70,1.5000,SpendAwareDPRebalance (R70-aware),6.0000,14171.8505,850.3110,spend25p,851.3105,854.5627,854.6210,849.1806,840.8546,829.3683,810.6765,791.5426,765.4966,738.3866,692.9531,660.7901,625.0197,574.7329,530.2408,477.1724,366.8092,0.0000,0.0000,0.0000,0.0000,0.0000,0.0000,0.0000,0.0000,0.0000,0.0000,0.0000,0.0000,0.0000,0.0000,0.0000,0.0000,0.0000,0.0000,0.0000,0.0000,0.0000,0.0000,0.0000,0.0000,0.0000,0.0000,0.0000,0.0000
70,1.5000,SpendAwareDPRebalance (R70-aware),6.0000,14171.8505,850.3110,spend50p,857.1715,872.9971,886.9958,895.6812,903.1236,905.4711,905.6114,902.0977,893.9412,885.3542,846.6117,828.2448,805.6899,776.0958,748.4920,718.1945,686.1650,654.9068,619.7658,585.5247,277.4651,249.3892,224.0463,205.5830,185.2879,167.8095,153.8933,141.6047,127.5808,115.6844,106.2799,97.7216,91.2360,76.0319,61.4117,43.8841,34.0246,20.3197,5.7958,0.0000,0.0000,0.0000,0.0000,0.0000,0.0000
70,1.5000,SpendAwareDPRebalance (R70-aware),6.0000,14171.8505,850.3110,spend75p,863.1915,891.3203,920.3166,947.1595,971.2999,990.8485,1009.8867,1019.9997,1027.7732,1031.0962,1000.9963,1000.1943,990.9792,977.4049,968.5432,950.1586,922.5923,913.9292,888.9158,858.9865,459.7090,431.0205,409.0484,382.4419,362.5063,348.1538,340.3267,334.8625,323.6963,315.6939,306.8612,304.5185,302.2142,293.0464,285.9597,274.8092,267.2168,250.0885,236.0034,216.4836,198.4656,181.3600,160.8186,141.7160,122.0719
70,1.5000,SpendAwareDPRebalance (R70-aware),7.0000,12147.3004,850.3110,survival,1.0000,1.0000,1.0000,1.0000,1.0000,0.9985,0.9960,0.9845,0.9675,0.9325,0.8945,0.8495,0.7970,0.7505,0.7065,0.6545,0.6260,0.5950,0.5665,0.5425,0.5330,0.5245,0.5180,0.5110,0.5035,0.4965,0.4910,0.4875,0.4800,0.4765,0.4720,0.4680,0.4635,0.4585,0.4525,0.4445,0.4405,0.4345,0.4280,0.4245,0.4180,0.4115,0.4080,0.4050,0.4035
70,1.5000,SpendAwareDPRebalance (R70-aware),7.0000,12147.3004,850.3110,spend25p,851.3105,854.5627,854.6210,849.1806,840.8546,828.1091,809.0324,785.1562,753.6514,716.3849,653.7715,596.1036,519.7726,278.6812,0.0000,0.0000,0.0000,0.0000,0.0000,0.0000,0.0000,0.0000,0.0000,0.0000,0.0000,0.0000,0.0000,0.0000,0.0000,0.0000,0.0000,0.0000,0.0000,0.0000,0.0000,0.0000,0.0000,0.0000,0.0000,0.0000,0.0000,0.0000,0.0000,0.0000,0.0000
70,1.5000,SpendAwareDPRebalance (R70-aware),7.0000,12147.3004,850.3110,spend50p,857.1715,872.9971,886.9958,895.6812,903.1236,905.0896,905.3146,899.7856,889.4694,871.6499,817.2254,785.5805,742.7863,706.5730,660.2041,608.7562,563.2219,515.2515,455.1871,401.3282,141.9959,114.9376,89.8149,57.7575,8.6444,0.0000,0.0000,0.0000,0.0000,0.0000,0.0000,0.0000,0.0000,0.0000,0.0000,0.0000,0.0000,0.0000,0.0000,0.0000,0.0000,0.0000,0.0000,0.0000,0.0000
70,1.5000,SpendAwareDPRebalance (R70-aware),7.0000,12147.3004,850.3110,spend75p,863.1915,891.3203,920.3166,947.1595,971.2999,989.6871,1009.5340,1015.7686,1019.4067,1018.3297,981.5922,968.2803,947.1149,926.3922,898.9367,863.3992,842.9248,807.5710,774.7891,735.9051,376.5636,351.3289,329.5470,311.2028,292.3434,279.8291,264.0647,255.9763,242.2409,233.4072,229.3332,223.5563,215.4242,206.9797,194.6056,183.8602,169.4087,150.3664,134.9074,121.3592,105.1298,88.1917,71.7076,54.7876,41.4971
70,2.0000,SpendAwareDPRebalance (R70-aware),2.3800,47335.3518,1126.5814,survival,1.0000,1.0000,1.0000,1.0000,1.0000,1.0000,1.0000,1.0000,1.0000,1.0000,1.0000,1.0000,1.0000,1.0000,1.0000,1.0000,1.0000,1.0000,0.9995,0.9990,0.9990,0.9990,0.9990,0.9990,0.9980,0.9970,0.9960,0.9950,0.9945,0.9940,0.9940,0.9915,0.9910,0.9895,0.9880,0.9880,0.9875,0.9865,0.9855,0.9845,0.9815,0.9790,0.9780,0.9775,0.9750
70,2.0000,SpendAwareDPRebalance (R70-aware),2.3800,47335.3518,1126.5814,spend25p,1127.9056,1132.2717,1132.3790,1125.1699,1114.1031,1098.8124,1077.2260,1052.1627,1025.5249,1000.2381,960.8215,946.8215,928.9628,908.9042,893.1662,876.2912,861.4987,849.0186,827.3310,807.8534,489.5145,470.3476,444.7488,421.1893,402.5065,387.1707,374.9186,366.3218,359.8836,353.4267,350.6548,343.6015,340.2482,332.3448,329.1906,323.0889,314.4597,306.2567,295.6223,282.3982,270.6685,255.1351,239.5010,226.6463,211.3664
70,2.0000,SpendAwareDPRebalance (R70-aware),2.3800,47335.3518,1126.5814,spend50p,1135.6708,1156.6968,1175.2759,1186.7836,1196.6074,1199.6394,1199.9759,1197.2520,1190.7000,1182.0697,1158.1283,1147.6060,1150.8705,1147.7462,1141.1983,1133.2765,1121.4044,1107.9256,1090.6763,1076.6896,702.3964,673.5562,647.1122,628.5009,613.1845,601.5900,595.5599,594.7650,588.8105,584.5522,586.8586,588.2258,583.8694,591.0335,589.9128,585.3672,582.9062,578.8930,568.0149,551.9990,538.4694,521.6193,508.1477,492.2866,467.5461
70,2.0000,SpendAwareDPRebalance (R70-aware),2.3800,47335.3518,1126.5814,spend75p,1143.6468,1180.9745,1219.4261,1254.9927,1286.9386,1312.7540,1338.2618,1352.7864,1368.7720,1382.0170,1365.9494,1379.6800,1389.8800,1401.8136,1418.2716,1429.8636,1439.0960,1458.6597,1458.8006,1460.6753,989.9503,966.0483,949.8653,930.8838,913.4916,903.5977,894.3006,887.6593,896.4626,914.1000,917.9185,922.5985,939.6507,956.9822,965.4668,978.4724,995.2456,994.3338,981.3494,964.6057,958.5838,951.2782,947.6688,927.3229,907.2000
70,2.0000,SpendAwareDPRebalance (R70-aware),2.5000,45063.2549,1126.5814,survival,1.0000,1.0000,1.0000,1.0000,1.0000,1.0000,1.0000,1.0000,1.0000,1.0000,1.0000,1.0000,1.0000,1.0000,1.0000,1.0000,1.0000,0.9995,0.9990,0.9990,0.9990,0.9985,0.9980,0.9970,0.9960,0.9945,0.9945,0.9930,0.9930,0.9925,0.9910,0.9905,0.9895,0.9875,0.9875,0.9875,0.9850,0.9830,0.9805,0.9785,0.9755,0.9730,0.9710,0.9705,0.9690
70,2.0000,SpendAwareDPRebalance (R70-aware),2.5000,45063.2549,1126.5814,spend25p,1127.9056,1132.2717,1132.3790,1125.1699,1114.1031,1098.8124,1077.2260,1052.1627,1025.5249,1000.2381,960.8215,946.8215,928.9628,908.9042,893.1662,876.2912,861.4987,848.6162,827.3014,807.8534,489.5145,470.0029,443.4881,419.4002,399.9364,386.3606,373.6808,366.0087,358.1666,353.1835,347.1825,342.1764,339.7511,331.5514,328.1840,322.6240,311.5554,303.6676,290.3589,277.3625,264.5143,247.3228,232.1568,218.0156,203.1301
70,2.0000,SpendAwareDPRebalance (R70-aware),2.5000,45063.2549,1126.5814,spend50p,1135.6708,1156.6968,1175.2759,1186.7836,1196.6074,1199.6394,1199.9759,1197.2520,1190.7000,1182.0697,1158.1283,1147.6060,1150.8705,1147.7462,1141.1983,1133.2765,1121.4044,1107.5996,1089.7761,1076.6896,702.3964,673.1101,646.4323,626.9944,610.7794,599.4574,594.3297,591.1066,588.5339,583.5351,582.8370,587.7712,583.4870,588.8853,589.1926,584.7797,580.0937,575.8180,562.8359,547.6790,532.1140,515.1808,499.3671,480.7529,461.3127
70,2.0000,SpendAwareDPRebalance (R70-aware),2.5000,45063.2549,1126.5814,spend75p,1143.6468,1180.9745,1219.4261,1254.9927,1286.9386,1312.7540,1338.2618,1352.7864,1368.7720,1382.0170,1365.9494,1379.6800,1389.8800,1401.8136,1418.2716,1429.8636,1439.0960,1457.8063,1458.5759,1460.6753,989.9503,962.7064,948.1727,927.0171,910.1761,900.9111,891.2429,884.1645,892.5849,908.9523,913.5970,917.3737,935.9286,948.2432,964.4367,977.8574,986.2100,980.4523,967.0125,952.9511,943.4431,929.3246,917.6404,908.6613,891.1146
70,2.0000,SpendAwareDPRebalance (R70-aware),2.8000,40235.0491,1126.5814,survival,1.0000,1.0000,1.0000,1.0000,1.0000,1.0000,1.0000,1.0000,1.0000,1.0000,1.0000,1.0000,1.0000,1.0000,1.0000,1.0000,0.9995,0.9990,0.9965,0.9965,0.9955,0.9955,0.9945,0.9935,0.9920,0.9915,0.9905,0.9895,0.9875,0.9860,0.9850,0.9840,0.9820,0.9800,0.9775,0.9745,0.9710,0.9700,0.9685,0.9660,0.9630,0.9605,0.9565,0.9545,0.9520
70,2.0000,SpendAwareDPRebalance (R70-aware),2.8000,40235.0491,1126.5814,spend25p,1127.9056,1132.2717,1132.3790,1125.1699,1114.1031,1098.8124,1077.2260,1052.1627,1025.5249,1000.2381,960.8215,946.8215,928.9628,908.9042,893.1662,876.2912,860.8432,848.1413,824.6758,803.9263,486.6139,466.3468,441.4048,414.0829,397.0970,385.5195,370.4055,364.3122,352.4624,349.7815,341.5093,335.9557,330.9943,326.9298,317.7333,307.7906,298.7973,288.0864,274.8726,264.8785,248.7543,234.0059,221.2482,199.2829,179.6250
70,2.0000,SpendAwareDPRebalance (R70-aware),2.8000,40235.0491,1126.5814,spend50p,1135.6708,1156.6968,1175.2759,1186.7836,1196.6074,1199.6394,1199.9759,1197.2520,1190.7000,1182.0697,1158.1283,1147.6060,1150.8705,1147.7462,1141.1983,1133.2765,1120.7762,1107.1303,1088.0007,1075.1165,698.7278,670.7108,643.8068,624.4775,606.3356,596.9810,591.5991,588.6613,584.3235,576.2898,577.7920,578.5602,576.1212,580.5441,576.3554,573.3571,567.8318,562.0834,553.5411,533.4526,517.2855,499.0215,479.2143,465.8805,446.1541
70,2.0000,SpendAwareDPRebalance (R70-aware),2.8000,40235.0491,1126.5814,spend75p,1143.6468,1180.9745,1219.4261,1254.9927,1286.9386,1312.7540,1338.2618,1352.7864,1368.7720,1382.0170,1365.9494,1379.6800,1389.8800,1401.8136,1418.2716,1429.8636,1438.0616,1456.8908,1453.0418,1458.1273,983.2007,956.9153,941.8311,924.3465,906.6745,898.7734,885.5226,879.8797,880.3974,896.3674,904.1030,910.0073,920.6686,929.5327,939.3038,953.2954,948.5622,947.5130,936.9157,921.3380,910.0605,898.2009,885.4286,876.1171,850.0089
70,2.0000,SpendAwareDPRebalance (R70-aware),3.0000,37552.7125,1126.5814,survival,1.0000,1.0000,1.0000,1.0000,1.0000,1.0000,1.0000,1.0000,1.0000,1.0000,1.0000,1.0000,1.0000,1.0000,1.0000,0.9985,0.9975,0.9970,0.9965,0.9945,0.9925,0.9915,0.9900,0.9895,0.9890,0.9885,0.9865,0.9835,0.9825,0.9810,0.9790,0.9775,0.9745,0.9705,0.9650,0.9620,0.9595,0.9570,0.9565,0.9545,0.9510,0.9485,0.9450,0.9430,0.9395
70,2.0000,SpendAwareDPRebalance (R70-aware),3.0000,37552.7125,1126.5814,spend25p,1127.9056,1132.2717,1132.3790,1125.1699,1114.1031,1098.8124,1077.2260,1052.1627,1025.5249,1000.2381,960.8215,946.8215,928.9628,908.9042,893.1662,875.5586,857.8651,843.6648,824.6758,801.1823,484.4688,462.7264,436.1449,412.5367,395.8582,381.7053,368.3084,355.9690,350.4190,344.9539,335.7546,329.9267,321.5398,315.1463,305.4239,297.6238,284.4386,271.5676,263.8259,251.5548,239.4000,221.9757,205.5043,187.0868,166.5102
70,2.0000,SpendAwareDPRebalance (R70-aware),3.0000,37552.7125,1126.5814,spend50p,1135.6708,1156.6968,1175.2759,1186.7836,1196.6074,1199.6394,1199.9759,1197.2520,1190.7000,1182.0697,1158.1283,1147.6060,1150.8705,1147.7462,1141.1983,1133.1606,1118.6998,1105.8008,1088.0007,1071.8498,697.1064,669.4569,641.0840,621.6518,604.2146,593.3577,589.5794,584.5866,579.9481,569.3619,572.0053,569.5687,571.5820,570.3023,564.6181,562.8476,557.1382,549.5655,539.0388,522.7872,504.8057,483.2623,464.2588,451.7270,429.0326
70,2.0000,SpendAwareDPRebalance (R70-aware),3.0000,37552.7125,1126.5814,spend75p,1143.6468,1180.9745,1219.4261,1254.9927,1286.9386,1312.7540,1338.2618,1352.7864,1368.7720,1382.0170,1365.9494,1379.6800,1389.8800,1401.8136,1418.2716,1428.0418,1434.5641,1450.3251,1453.0418,1453.1428,976.4641,953.4718,938.3196,918.8184,904.1753,894.8460,878.5693,874.6748,875.7971,891.7138,896.6286,901.3244,907.8937,910.7133,918.1064,921.5460,918.4793,903.6485,910.3014,904.0839,885.5495,878.7237,860.1860,847.1802,831.3276
70,2.0000,SpendAwareDPRebalance (R70-aware),3.3300,33831.2725,1126.5814,survival,1.0000,1.0000,1.0000,1.0000,1.0000,1.0000,1.0000,1.0000,1.0000,1.0000,1.0000,0.9995,0.9985,0.9975,0.9965,0.9955,0.9950,0.9935,0.9895,0.9860,0.9850,0.9830,0.9820,0.9800,0.9760,0.9740,0.9730,0.9695,0.9645,0.9620,0.9605,0.9565,0.9505,0.9435,0.9400,0.9355,0.9330,0.9315,0.9290,0.9235,0.9215,0.9185,0.9165,0.9110,0.9070
70,2.0000,SpendAwareDPRebalance (R70-aware),3.3300,33831.2725,1126.5814,spend25p,1127.9056,1132.2717,1132.3790,1125.1699,1114.1031,1098.8124,1077.2260,1052.1627,1025.5249,1000.2381,960.8215,946.4792,927.8394,907.4144,890.8430,872.2763,855.1538,837.3045,812.1465,791.0623,477.4545,452.9247,428.0885,403.8059,383.8028,369.7293,357.9533,345.5420,334.4885,328.1239,320.1034,314.4434,306.4052,291.2372,281.2363,267.6661,256.7843,244.9153,236.0109,217.6565,205.0424,188.5233,172.9363,154.2026,137.0752
70,2.0000,SpendAwareDPRebalance (R70-aware),3.3300,33831.2725,1126.5814,spend50p,1135.6708,1156.6968,1175.2759,1186.7836,1196.6074,1199.6394,1199.9759,1197.2520,1190.7000,1182.0697,1158.1283,1147.1696,1149.3902,1146.5989,1138.7602,1129.7433,1117.1542,1100.9671,1078.8846,1062.8138,690.1857,662.1964,633.3656,613.6801,591.9459,580.8128,578.1902,568.3694,561.3177,553.4731,551.7505,547.9254,546.9930,540.7926,537.8016,534.5322,533.3812,522.2698,509.6472,489.6011,472.4598,448.3091,438.3596,415.3781,394.5010
70,2.0000,SpendAwareDPRebalance (R70-aware),3.3300,33831.2725,1126.5814,spend75p,1143.6468,1180.9745,1219.4261,1254.9927,1286.9386,1312.7540,1338.2618,1352.7864,1368.7720,1382.0170,1365.9494,1379.4953,1386.8461,1398.9278,1416.6650,1425.9332,1431.7138,1446.6608,1443.1496,1437.8834,966.3676,943.1458,927.0708,909.6625,892.3460,873.2396,866.7290,857.5696,852.5964,856.6403,865.9091,870.9105,871.0562,870.4042,880.8969,872.6570,872.3301,867.4811,860.1077,849.1536,837.0678,835.7788,819.0563,791.6966,772.6379
70,2.0000,SpendAwareDPRebalance (R70-aware),3.6600,30780.9118,1126.5814,survival,1.0000,1.0000,1.0000,1.0000,1.0000,1.0000,1.0000,1.0000,1.0000,1.0000,0.9990,0.9965,0.9955,0.9955,0.9930,0.9910,0.9895,0.9850,0.9815,0.9755,0.9725,0.9695,0.9665,0.9585,0.9540,0.9500,0.9455,0.9410,0.9375,0.9325,0.9275,0.9245,0.9195,0.9125,0.9055,0.9020,0.8960,0.8935,0.8920,0.8880,0.8865,0.8820,0.8780,0.8750,0.8675
70,2.0000,SpendAwareDPRebalance (R70-aware),3.6600,30780.9118,1126.5814,spend25p,1127.9056,1132.2717,1132.3790,1125.1699,1114.1031,1098.8124,1077.2260,1052.1627,1025.5249,1000.2381,960.3713,943.7276,925.5651,906.2115,888.3237,867.3051,849.3437,828.3897,804.5387,779.8401,469.0853,439.9721,414.8668,387.4450,367.8544,348.1856,336.4642,323.6687,311.0000,302.3001,292.4682,281.5473,271.8080,261.0355,245.0663,233.5605,216.7885,208.5934,195.6277,182.8673,169.0784,154.1094,136.7200,117.5943,94.1343
70,2.0000,SpendAwareDPRebalance (R70-aware),3.6600,30780.9118,1126.5814,spend50p,1135.6708,1156.6968,1175.2759,1186.7836,1196.6074,1199.6394,1199.9759,1197.2520,1190.7000,1182.0697,1155.8664,1144.4240,1147.4066,1145.5167,1134.3084,1125.8061,1111.6418,1091.8063,1071.9498,1056.3732,679.2995,651.1559,625.9638,596.4776,578.3515,568.3585,557.6409,545.5706,538.5207,531.9111,522.3893,521.0039,517.7645,511.5374,509.1161,500.7857,492.3226,478.3446,469.8318,452.6167,435.7485,420.7333,402.7915,385.3017,356.0517
70,2.0000,SpendAwareDPRebalance (R70-aware),3.6600,30780.9118,1126.5814,spend75p,1143.6468,1180.9745,1219.4261,1254.9927,1286.9386,1312.7540,1338.2618,1352.7864,1368.7720,1382.0170,1364.5228,1378.8169,1386.1478,1398.0958,1411.3465,1423.8694,1424.0801,1431.9980,1433.5627,1424.8968,952.3358,935.4676,914.6129,891.8735,865.9688,847.7899,840.7402,830.6724,828.7784,822.8051,824.4116,824.9936,829.2279,821.3811,822.8016,824.3948,815.5924,811.9788,811.4912,797.3048,795.4635,776.7401,755.7359,730.7847,706.2320
70,2.0000,SpendAwareDPRebalance (R70-aware),4.0000,28164.5343,1126.5814,survival,1.0000,1.0000,1.0000,1.0000,1.0000,1.0000,1.0000,1.0000,0.9985,0.9980,0.9955,0.9955,0.9945,0.9900,0.9875,0.9825,0.9740,0.9645,0.9610,0.9530,0.9480,0.9415,0.9365,0.9260,0.9225,0.9190,0.9150,0.9065,0.9010,0.8945,0.8895,0.8855,0.8785,0.8750,0.8695,0.8655,0.8595,0.8530,0.8495,0.8450,0.8410,0.8375,0.8330,0.8255,0.8175
70,2.0000,SpendAwareDPRebalance (R70-aware),4.0000,28164.5343,1126.5814,spend25p,1127.9056,1132.2717,1132.3790,1125.1699,1114.1031,1098.8124,1077.2260,1052.1627,1024.2163,998.5699,958.7042,943.1721,925.2652,903.0591,884.8124,860.8090,839.0725,809.9035,785.1516,757.6643,448.2232,417.4956,389.8366,364.4045,340.6904,324.2492,307.6260,290.9650,277.9332,264.8726,253.6356,242.9966,228.3782,220.8205,207.2261,194.9232,178.0907,157.9841,142.7749,123.2578,109.1212,97.4191,81.1201,59.6909,39.3263
70,2.0000,SpendAwareDPRebalance (R70-aware),4.0000,28164.5343,1126.5814,spend50p,1135.6708,1156.6968,1175.2759,1186.7836,1196.6074,1199.6394,1199.9759,1197.2520,1190.0421,1181.8153,1151.8630,1144.1494,1146.7828,1141.5685,1128.5047,1118.4160,1099.2869,1072.7501,1052.7099,1027.3934,654.8924,630.8857,603.4989,574.2757,557.4327,545.5570,535.4282,522.4940,512.2736,504.1463,497.6315,492.6803,487.2803,481.2603,472.7447,464.3455,454.7860,439.7049,425.0542,411.6911,396.0765,374.8481,355.8851,333.9295,310.6408
70,2.0000,SpendAwareDPRebalance (R70-aware),4.0000,28164.5343,1126.5814,spend75p,1143.6468,1180.9745,1219.4261,1254.9927,1286.9386,1312.7540,1338.2618,1352.7864,1368.0975,1381.6195,1362.0582,1378.8169,1385.8664,1390.7783,1407.4714,1408.7465,1407.1707,1409.8801,1407.4531,1393.3892,935.1958,909.9159,884.5623,853.5639,835.4825,819.8286,806.0467,801.6658,785.7828,777.4362,776.9261,790.7315,784.8452,786.7356,786.7589,778.8286,770.6773,764.8634,761.8204,750.9761,732.5589,716.2185,695.9980,665.3560,639.6711
70,2.0000,SpendAwareDPRebalance (R70-aware),4.3300,26018.0456,1126.5814,survival,1.0000,1.0000,1.0000,1.0000,1.0000,1.0000,1.0000,0.9995,0.9980,0.9970,0.9945,0.9920,0.9850,0.9790,0.9690,0.9595,0.9535,0.9485,0.9400,0.9245,0.9165,0.9090,0.9050,0.8965,0.8915,0.8855,0.8740,0.8660,0.8610,0.8535,0.8465,0.8415,0.8370,0.8285,0.8230,0.8165,0.8080,0.8040,0.7975,0.7920,0.7860,0.7825,0.7775,0.7695,0.7630
70,2.0000,SpendAwareDPRebalance (R70-aware),4.3300,26018.0456,1126.5814,spend25p,1127.9056,1132.2717,1132.3790,1125.1699,1114.1031,1098.8124,1077.2260,1051.6714,1024.0465,998.0571,957.9312,940.4276,917.5892,890.8090,868.1094,844.1435,819.4658,794.5231,766.3780,722.6917,422.4919,391.0547,361.3881,333.5940,313.4164,289.2325,267.8335,250.9920,237.5049,221.4916,208.5030,195.6267,187.7974,162.6774,145.0728,121.1900,101.2200,88.8960,73.9671,58.8438,42.3436,26.9928,10.2653,0.0000,0.0000
70,2.0000,SpendAwareDPRebalance (R70-aware),4.3300,26018.0456,1126.5814,spend50p,1135.6708,1156.6968,1175.2759,1186.7836,1196.6074,1199.6394,1199.9759,1196.6300,1189.7508,1180.9218,1151.0815,1141.9212,1138.6000,1133.2308,1112.1888,1097.2361,1079.1538,1058.2111,1030.6058,994.8468,627.7363,597.5359,576.9376,549.0280,532.8873,518.8290,503.8457,492.6328,479.0242,469.5546,461.2158,453.9116,444.3750,436.9731,429.1636,418.7589,405.1290,394.3819,373.5759,358.6808,337.9498,320.8470,304.3193,281.2670,262.6533
70,2.0000,SpendAwareDPRebalance (R70-aware),4.3300,26018.0456,1126.5814,spend75p,1143.6468,1180.9745,1219.4261,1254.9927,1286.9386,1312.7540,1338.2618,1352.3152,1368.0975,1381.1652,1362.0582,1375.5271,1380.0749,1386.1336,1385.6546,1382.8069,1394.7226,1394.4673,1379.5997,1349.9019,908.7186,872.6815,850.6300,815.1127,800.0281,785.7640,771.3022,761.0543,749.8375,743.9388,740.3335,744.8992,747.8696,741.8912,736.7097,729.4155,722.7126,711.1036,699.8412,681.1773,658.8088,644.5728,623.1402,598.9167,566.5241
70,2.0000,SpendAwareDPRebalance (R70-aware),4.6600,24175.5660,1126.5814,survival,1.0000,1.0000,1.0000,1.0000,1.0000,1.0000,1.0000,0.9985,0.9980,0.9950,0.9915,0.9830,0.9730,0.9625,0.9510,0.9440,0.9305,0.9170,0.9060,0.8905,0.8800,0.8700,0.8625,0.8500,0.8390,0.8330,0.8240,0.8160,0.8090,0.8025,0.7945,0.7885,0.7845,0.7765,0.7705,0.7630,0.7570,0.7510,0.7470,0.7405,0.7335,0.7275,0.7195,0.7135,0.7030
70,2.0000,SpendAwareDPRebalance (R70-aware),4.6600,24175.5660,1126.5814,spend25p,1127.9056,1132.2717,1132.3790,1125.1699,1114.1031,1098.8124,1077.2260,1050.4832,1024.0465,997.1262,954.6116,934.4845,900.0143,876.2159,849.1507,825.3015,793.8314,762.8017,727.8977,686.0689,387.3031,352.6091,319.7148,287.2843,258.1993,236.5629,217.2523,198.9180,182.8208,165.2158,139.5584,119.6708,102.8247,83.0864,62.3079,37.9763,0.0000,0.0000,0.0000,0.0000,0.0000,0.0000,0.0000,0.0000,0.0000
70,2.0000,SpendAwareDPRebalance (R70-aware),4.6600,24175.5660,1126.5814,spend50p,1135.6708,1156.6968,1175.2759,1186.7836,1196.6074,1199.6394,1199.9759,1195.7528,1189.7508,1180.0366,1149.6015,1135.1109,1128.2316,1116.7354,1101.0942,1085.5944,1060.0496,1031.6992,999.3868,961.9091,599.0130,567.5918,537.8886,513.3829,490.4581,477.6529,464.7336,447.3836,434.2056,423.4685,418.5686,407.1663,406.2562,395.3771,383.9924,366.6134,355.3734,340.1993,325.3714,308.9210,290.3784,273.7644,256.2080,236.3446,205.5423
70,2.0000,SpendAwareDPRebalance (R70-aware),4.6600,24175.5660,1126.5814,spend75p,1143.6468,1180.9745,1219.4261,1254.9927,1286.9386,1312.7540,1338.2618,1352.0776,1368.0975,1379.5305,1359.4968,1368.2517,1368.0867,1369.7312,1367.8156,1374.1923,1369.1186,1358.4795,1336.6388,1321.0055,880.2926,846.0067,811.2975,782.1460,758.7146,742.6869,721.7553,707.1866,707.9973,706.3033,704.2765,702.9576,701.5249,696.4348,689.4072,683.6526,670.7128,652.8866,643.5363,623.7183,617.2233,595.4103,568.2619,539.8394,508.8364
70,2.0000,SpendAwareDPRebalance (R70-aware),5.0000,22531.6275,1126.5814,survival,1.0000,1.0000,1.0000,1.0000,1.0000,1.0000,1.0000,0.9985,0.9970,0.9925,0.9840,0.9720,0.9585,0.9425,0.9310,0.9095,0.8895,0.8680,0.8515,0.8285,0.8180,0.8075,0.7950,0.7855,0.7770,0.7690,0.7610,0.7515,0.7425,0.7310,0.7245,0.7170,0.7120,0.7080,0.7045,0.6990,0.6915,0.6870,0.6810,0.6755,0.6690,0.6635,0.6585,0.6510,0.6465
70,2.0000,SpendAwareDPRebalance (R70-aware),5.0000,22531.6275,1126.5814,spend25p,1127.9056,1132.2717,1132.3790,1125.1699,1114.1031,1098.8124,1077.2260,1050.4832,1022.3008,995.2314,950.0007,922.7468,884.5732,854.2792,831.3610,790.7117,746.0187,697.0142,650.3699,591.8675,309.9687,273.5372,232.7805,198.5700,171.1432,133.6627,96.0799,23.2025,0.0000,0.0000,0.0000,0.0000,0.0000,0.0000,0.0000,0.0000,0.0000,0.0000,0.0000,0.0000,0.0000,0.0000,0.0000,0.0000,0.0000
70,2.0000,SpendAwareDPRebalance (R70-aware),5.0000,22531.6275,1126.5814,spend50p,1135.6708,1156.6968,1175.2759,1186.7836,1196.6074,1199.6394,1199.9759,1195.7528,1189.6090,1178.8082,1145.0175,1130.7132,1120.0080,1099.7252,1085.6028,1052.7481,1024.5877,988.5062,952.0626,910.5055,558.5390,522.7687,492.5328,469.6283,447.1024,426.6592,405.5595,389.0943,376.3279,364.5121,356.5619,343.9035,334.4505,329.6273,318.5414,307.4897,290.5284,275.5962,260.1635,245.1549,224.9525,205.5632,182.8990,160.8999,139.9800
70,2.0000,SpendAwareDPRebalance (R70-aware),5.0000,22531.6275,1126.5814,spend75p,1143.6468,1180.9745,1219.4261,1254.9927,1286.9386,1312.7540,1338.2618,1352.0776,1367.8514,1376.0622,1354.3244,1360.7893,1360.6885,1355.1595,1357.8271,1348.4934,1339.4782,1311.2556,1292.8535,1256.0566,826.7460,794.5808,758.9503,729.2234,711.3039,686.3208,674.8969,664.9092,656.5670,653.8248,647.7866,644.0297,638.4107,638.8773,641.3363,629.7919,616.4031,597.1719,587.5708,571.6145,549.4867,534.1318,513.5250,492.2347,466.0529
70,2.0000,SpendAwareDPRebalance (R70-aware),5.5000,20483.2977,1126.5814,survival,1.0000,1.0000,1.0000,1.0000,1.0000,1.0000,0.9990,0.9980,0.9940,0.9825,0.9680,0.9505,0.9265,0.9055,0.8780,0.8530,0.8285,0.7975,0.7715,0.7520,0.7375,0.7240,0.7095,0.7010,0.6925,0.6865,0.6775,0.6700,0.6615,0.6550,0.6460,0.6405,0.6360,0.6315,0.6280,0.6195,0.6115,0.6040,0.5970,0.5905,0.5850,0.5800,0.5755,0.5700,0.5640
70,2.0000,SpendAwareDPRebalance (R70-aware),5.5000,20483.2977,1126.5814,spend25p,1127.9056,1132.2717,1132.3790,1125.1699,1114.1031,1098.8124,1075.5818,1049.9394,1018.5849,987.0749,938.7590,900.0318,859.4478,820.7182,765.2359,713.8427,660.5448,578.1726,477.4930,334.2053,0.0000,0.0000,0.0000,0.0000,0.0000,0.0000,0.0000,0.0000,0.0000,0.0000,0.0000,0.0000,0.0000,0.0000,0.0000,0.0000,0.0000,0.0000,0.0000,0.0000,0.0000,0.0000,0.0000,0.0000,0.0000
70,2.0000,SpendAwareDPRebalance (R70-aware),5.5000,20483.2977,1126.5814,spend50p,1135.6708,1156.6968,1175.2759,1186.7836,1196.6074,1199.6394,1199.7790,1195.6544,1187.1816,1174.0547,1136.7808,1117.5625,1091.6463,1069.1997,1034.1594,999.0943,966.1799,925.6984,884.0257,839.2537,506.7119,472.6708,433.0349,402.1482,380.0135,358.8678,344.8528,329.9323,311.3167,302.0348,287.4845,272.9784,260.7910,250.3622,240.7979,221.6674,202.4224,181.8395,159.9475,141.8619,120.7047,104.4710,90.4604,70.0293,48.7379
70,2.0000,SpendAwareDPRebalance (R70-aware),5.5000,20483.2977,1126.5814,spend75p,1143.6468,1180.9745,1219.4261,1254.9927,1286.9386,1312.7540,1337.9324,1352.0776,1365.9261,1369.8620,1347.4195,1346.1593,1337.4373,1333.2285,1317.9542,1304.7779,1276.5406,1257.1836,1228.0314,1196.7587,778.0399,732.7917,700.5784,673.2733,642.0996,625.3144,617.7543,612.3354,609.5069,603.0814,593.4370,593.4708,587.5054,590.9709,587.6905,572.8617,563.4142,554.6835,536.5224,512.3297,489.6815,469.5077,448.5223,424.0655,404.9056
70,2.0000,SpendAwareDPRebalance (R70-aware),6.0000,18776.3562,1126.5814,survival,1.0000,1.0000,1.0000,1.0000,1.0000,1.0000,0.9985,0.9965,0.9860,0.9720,0.9495,0.9235,0.8965,0.8545,0.8215,0.7865,0.7530,0.7280,0.6950,0.6745,0.6590,0.6470,0.6375,0.6230,0.6170,0.6070,0.5970,0.5905,0.5820,0.5745,0.5685,0.5620,0.5580,0.5510,0.5465,0.5395,0.5360,0.5280,0.5245,0.5190,0.5105,0.5060,0.5020,0.4960,0.4915
70,2.0000,SpendAwareDPRebalance (R70-aware),6.0000,18776.3562,1126.5814,spend25p,1127.9056,1132.2717,1132.3790,1125.1699,1114.1031,1098.8124,1073.9450,1048.4706,1013.4677,977.7766,921.9225,878.6934,828.3891,753.1844,694.5080,598.9421,406.7521,0.0000,0.0000,0.0000,0.0000,0.0000,0.0000,0.0000,0.0000,0.0000,0.0000,0.0000,0.0000,0.0000,0.0000,0.0000,0.0000,0.0000,0.0000,0.0000,0.0000,0.0000,0.0000,0.0000,0.0000,0.0000,0.0000,0.0000,0.0000
70,2.0000,SpendAwareDPRebalance (R70-aware),6.0000,18776.3562,1126.5814,spend50p,1135.6708,1156.6968,1175.2759,1186.7836,1196.6074,1199.6394,1199.7102,1194.9110,1183.7724,1172.3921,1127.0729,1100.6447,1069.3484,1022.5297,985.8181,944.7414,902.1026,858.4954,796.1092,756.0923,435.7654,398.4824,370.4496,334.1199,309.7358,283.1435,262.5027,242.1457,221.8483,207.3283,193.6109,177.3479,159.9745,137.1083,118.2495,98.9975,84.6201,61.8633,48.3711,27.6416,0.0000,0.0000,0.0000,0.0000,0.0000
70,2.0000,SpendAwareDPRebalance (R70-aware),6.0000,18776.3562,1126.5814,spend75p,1143.6468,1180.9745,1219.4261,1254.9927,1286.9386,1312.7540,1337.8490,1351.0829,1361.0731,1365.3846,1331.5853,1331.7502,1317.4407,1298.6727,1286.0289,1260.4049,1225.8349,1204.5167,1162.0842,1124.4120,720.7132,686.5189,655.5904,623.5183,600.6534,581.9415,576.1754,563.7310,550.7068,542.1449,528.7893,525.4892,523.8914,521.4623,517.1964,507.9434,497.5825,474.6930,458.2707,442.3581,419.8331,397.3140,373.3353,345.9944,327.8799
70,2.0000,SpendAwareDPRebalance (R70-aware),7.0000,16094.0196,1126.5814,survival,1.0000,1.0000,1.0000,1.0000,1.0000,0.9985,0.9960,0.9845,0.9675,0.9325,0.8935,0.8465,0.7920,0.7470,0.7005,0.6440,0.6120,0.5830,0.5510,0.5285,0.5125,0.5040,0.4945,0.4850,0.4780,0.4690,0.4620,0.4560,0.4460,0.4400,0.4335,0.4260,0.4180,0.4145,0.4095,0.4070,0.4005,0.3960,0.3910,0.3850,0.3800,0.3750,0.3720,0.3685,0.3650
70,2.0000,SpendAwareDPRebalance (R70-aware),7.0000,16094.0196,1126.5814,spend25p,1127.9056,1132.2717,1132.3790,1125.1699,1114.1031,1097.1441,1071.7670,1040.0112,998.1411,948.6418,871.0461,791.9029,680.3836,0.0000,0.0000,0.0000,0.0000,0.0000,0.0000,0.0000,0.0000,0.0000,0.0000,0.0000,0.0000,0.0000,0.0000,0.0000,0.0000,0.0000,0.0000,0.0000,0.0000,0.0000,0.0000,0.0000,0.0000,0.0000,0.0000,0.0000,0.0000,0.0000,0.0000,0.0000,0.0000
70,2.0000,SpendAwareDPRebalance (R70-aware),7.0000,16094.0196,1126.5814,spend50p,1135.6708,1156.6968,1175.2759,1186.7836,1196.6074,1199.1339,1199.3170,1191.8483,1178.0193,1154.2448,1089.1982,1044.6946,988.3749,938.8765,872.9741,795.8411,732.9412,664.7416,577.4569,487.7210,203.9560,118.1773,0.0000,0.0000,0.0000,0.0000,0.0000,0.0000,0.0000,0.0000,0.0000,0.0000,0.0000,0.0000,0.0000,0.0000,0.0000,0.0000,0.0000,0.0000,0.0000,0.0000,0.0000,0.0000,0.0000
70,2.0000,SpendAwareDPRebalance (R70-aware),7.0000,16094.0196,1126.5814,spend75p,1143.6468,1180.9745,1219.4261,1254.9927,1286.9386,1311.2154,1337.3818,1345.4784,1350.1092,1348.4792,1308.2975,1289.2267,1258.7132,1232.5427,1193.5678,1143.2569,1107.2107,1068.0991,1011.7550,961.2318,593.3731,563.1216,527.7318,502.1820,482.3449,462.3845,450.6674,436.3689,418.9010,407.9433,398.3837,391.2015,381.1391,367.0413,358.2878,347.7888,332.7075,321.0649,299.2232,277.4561,258.6375,239.9878,222.0400,198.3184,177.9741
70,3.0000,SpendAwareDPRebalance (R70-aware),2.3800,70551.3471,1679.1221,survival,1.0000,1.0000,1.0000,1.0000,1.0000,1.0000,1.0000,1.0000,1.0000,1.0000,1.0000,1.0000,1.0000,1.0000,1.0000,1.0000,1.0000,0.9995,0.9990,0.9990,0.9985,0.9985,0.9985,0.9980,0.9960,0.9940,0.9940,0.9930,0.9930,0.9915,0.9910,0.9900,0.9890,0.9875,0.9855,0.9850,0.9830,0.9805,0.9805,0.9775,0.9750,0.9725,0.9705,0.9690,0.9665
70,3.0000,SpendAwareDPRebalance (R70-aware),2.3800,70551.3471,1679.1221,spend25p,1681.0957,1687.6896,1687.8951,1677.1486,1660.6001,1637.7006,1605.3716,1567.8282,1527.9193,1490.0166,1441.2322,1420.2323,1393.4443,1363.3563,1339.7493,1314.4368,1292.2481,1272.9242,1240.9521,1211.7801,880.6337,855.7953,818.9636,782.5251,758.4880,741.1989,726.6217,717.2633,708.4812,704.8410,701.8745,701.1950,699.1955,689.5326,688.1251,684.9344,677.2802,662.8060,652.1682,638.8857,623.4666,607.6058,593.6018,575.1682,548.9125
70,3.0000,SpendAwareDPRebalance (R70-aware),2.3800,70551.3471,1679.1221,spend50p,1692.6695,1724.0961,1751.8360,1768.9882,1783.5749,1787.9760,1788.3037,1784.0259,1774.0120,1760.8843,1737.1924,1721.4090,1726.3057,1721.6192,1711.7974,1699.9148,1682.1066,1661.3994,1634.6641,1615.0344,1235.9740,1196.2371,1161.0296,1138.1979,1118.4901,1105.5016,1105.5116,1108.9317,1108.6368,1102.1781,1115.3037,1121.9101,1128.4127,1141.9610,1145.2903,1150.1020,1151.9615,1152.7993,1145.2315,1124.2318,1108.4184,1087.7228,1075.5995,1063.4879,1042.4574
70,3.0000,SpendAwareDPRebalance (R70-aware),2.3800,70551.3471,1679.1221,spend75p,1704.5573,1760.2828,1817.6453,1870.6589,1918.2160,1956.5652,1994.3889,2015.7878,2039.3197,2058.7380,2048.9240,2069.5199,2084.8201,2102.7204,2127.4073,2144.7955,2158.6440,2186.7095,2187.8639,2191.0129,1711.4442,1682.4221,1668.3611,1651.5105,1629.1111,1620.6943,1613.7677,1614.0446,1635.9888,1663.8446,1684.8016,1706.8739,1738.2470,1760.9262,1796.2927,1834.4897,1860.5255,1855.8661,1866.2384,1860.5558,1855.4772,1860.0729,1865.4030,1862.3522,1825.7014
70,3.0000,SpendAwareDPRebalance (R70-aware),2.5000,67164.8824,1679.1221,survival,1.0000,1.0000,1.0000,1.0000,1.0000,1.0000,1.0000,1.0000,1.0000,1.0000,1.0000,1.0000,1.0000,1.0000,1.0000,1.0000,0.9995,0.9995,0.9990,0.9985,0.9975,0.9965,0.9965,0.9950,0.9940,0.9935,0.9930,0.9930,0.9925,0.9910,0.9895,0.9885,0.9870,0.9850,0.9835,0.9815,0.9780,0.9760,0.9725,0.9725,0.9705,0.9670,0.9645,0.9625,0.9590
70,3.0000,SpendAwareDPRebalance (R70-aware),2.5000,67164.8824,1679.1221,spend25p,1681.0957,1687.6896,1687.8951,1677.1486,1660.6001,1637.7006,1605.3716,1567.8282,1527.9193,1490.0166,1441.2322,1420.2323,1393.4443,1363.3563,1339.7493,1314.4368,1291.2648,1272.9242,1240.9521,1210.2464,879.5465,854.7460,816.9871,778.6990,756.0605,740.5026,724.9915,717.2633,707.4057,704.3616,699.9807,700.0362,696.5560,687.3790,680.7949,677.9867,668.4002,654.1023,635.8708,631.0428,612.6749,599.3933,580.4692,564.3867,535.2152
70,3.0000,SpendAwareDPRebalance (R70-aware),2.5000,67164.8824,1679.1221,spend50p,1692.6695,1724.0961,1751.8360,1768.9882,1783.5749,1787.9760,1788.3037,1784.0259,1774.0120,1760.8843,1737.1924,1721.4090,1726.3057,1721.6192,1711.7974,1699.9148,1681.1643,1661.3994,1634.6641,1614.7593,1234.6538,1194.5610,1157.9797,1132.2545,1116.5040,1103.4837,1103.8055,1108.9317,1106.4340,1101.2231,1113.5096,1119.6334,1125.0887,1138.5189,1140.2421,1139.9258,1141.5419,1143.3504,1130.7957,1111.6915,1095.6449,1077.6438,1059.5861,1048.6854,1028.8965
70,3.0000,SpendAwareDPRebalance (R70-aware),2.5000,67164.8824,1679.1221,spend75p,1704.5573,1760.2828,1817.6453,1870.6589,1918.2160,1956.5652,1994.3889,2015.7878,2039.3197,2058.7380,2048.9240,2069.5199,2084.8201,2102.7204,2127.4073,2144.7955,2157.0923,2186.7095,2187.8639,2190.6424,1711.2797,1677.0401,1666.5660,1645.1466,1624.0277,1620.6943,1612.6293,1615.4508,1635.9888,1663.8446,1684.3538,1700.3941,1728.9646,1753.9194,1792.0320,1823.4700,1847.1267,1840.6881,1832.9757,1845.6776,1831.1970,1829.2663,1824.9402,1832.8482,1799.5726
70,3.0000,SpendAwareDPRebalance (R70-aware),2.8000,59968.6450,1679.1221,survival,1.0000,1.0000,1.0000,1.0000,1.0000,1.0000,1.0000,1.0000,1.0000,1.0000,1.0000,1.0000,1.0000,1.0000,1.0000,1.0000,0.9985,0.9975,0.9970,0.9970,0.9950,0.9930,0.9910,0.9910,0.9900,0.9890,0.9885,0.9870,0.9845,0.9830,0.9805,0.9780,0.9745,0.9720,0.9675,0.9645,0.9605,0.9585,0.9565,0.9545,0.9525,0.9510,0.9480,0.9440,0.9395
70,3.0000,SpendAwareDPRebalance (R70-aware),2.8000,59968.6450,1679.1221,spend25p,1681.0957,1687.6896,1687.8951,1677.1486,1660.6001,1637.7006,1605.3716,1567.8282,1527.9193,1490.0166,1441.2322,1420.2323,1393.4443,1363.3563,1339.7493,1314.4368,1289.4957,1265.9026,1237.9356,1206.5169,877.1803,843.8968,809.5769,774.7304,752.2709,736.0404,721.2576,710.4692,696.7151,694.2700,686.1733,682.7228,674.2871,665.6103,656.5628,645.8139,628.4231,618.7133,605.2973,593.8065,585.8365,560.1590,545.6645,516.3255,490.4110
70,3.0000,SpendAwareDPRebalance (R70-aware),2.8000,59968.6450,1679.1221,spend50p,1692.6695,1724.0961,1751.8360,1768.9882,1783.5749,1787.9760,1788.3037,1784.0259,1774.0120,1760.8843,1737.1924,1721.4090,1726.3057,1721.6192,1711.7974,1699.9148,1678.8043,1659.2749,1632.2219,1614.0330,1232.1864,1188.2291,1148.8300,1128.5145,1110.2312,1094.6060,1098.9398,1102.0601,1096.0183,1085.5682,1094.0070,1097.3402,1100.2133,1112.1093,1111.1106,1113.0509,1114.6631,1111.7777,1097.5482,1085.9343,1071.9237,1038.6137,1024.4549,1008.2447,988.5769
70,3.0000,SpendAwareDPRebalance (R70-aware),2.8000,59968.6450,1679.1221,spend75p,1704.5573,1760.2828,1817.6453,1870.6589,1918.2160,1956.5652,1994.3889,2015.7878,2039.3197,2058.7380,2048.9240,2069.5199,2084.8201,2102.7204,2127.4073,2144.7955,2153.2329,2176.6629,2183.8442,2187.8989,1705.2614,1669.1045,1654.4539,1637.4484,1618.3964,1614.0457,1599.4360,1598.3489,1608.1750,1645.8008,1659.1587,1671.3851,1689.5179,1718.6490,1741.6872,1766.1389,1752.5960,1740.2237,1759.9068,1768.9254,1766.6841,1762.4229,1761.2089,1748.9199,1725.5723
70,3.0000,SpendAwareDPRebalance (R70-aware),3.0000,55970.7353,1679.1221,survival,1.0000,1.0000,1.0000,1.0000,1.0000,1.0000,1.0000,1.0000,1.0000,1.0000,1.0000,1.0000,1.0000,0.9995,0.9985,0.9980,0.9960,0.9960,0.9950,0.9930,0.9910,0.9900,0.9890,0.9885,0.9875,0.9830,0.9785,0.9760,0.9735,0.9690,0.9670,0.9650,0.9610,0.9595,0.9520,0.9485,0.9460,0.9430,0.9415,0.9395,0.9335,0.9300,0.9275,0.9250,0.9195
70,3.0000,SpendAwareDPRebalance (R70-aware),3.0000,55970.7353,1679.1221,spend25p,1681.0957,1687.6896,1687.8951,1677.1486,1660.6001,1637.7006,1605.3716,1567.8282,1527.9193,1490.0166,1441.2322,1420.2323,1393.4443,1362.4156,1338.2280,1313.2376,1284.3837,1261.7609,1233.8031,1198.5427,871.5514,841.8321,804.8336,769.6117,750.0596,728.5607,704.6328,691.3296,681.3990,670.5262,664.0165,658.8195,654.0800,647.1596,632.7457,616.4056,604.2269,583.8990,578.1836,563.1041,544.1895,523.2855,498.1107,475.3098,450.7083
70,3.0000,SpendAwareDPRebalance (R70-aware),3.0000,55970.7353,1679.1221,spend50p,1692.6695,1724.0961,1751.8360,1768.9882,1783.5749,1787.9760,1788.3037,1784.0259,1774.0120,1760.8843,1737.1924,1721.4090,1726.3057,1721.2978,1710.3878,1699.6389,1677.0663,1656.1512,1629.7106,1605.7647,1227.2579,1187.0701,1146.5048,1126.6116,1102.2378,1090.4904,1089.5947,1083.1077,1074.5942,1069.7813,1067.1839,1072.3613,1077.4520,1085.5057,1085.7498,1086.7512,1092.9231,1083.8178,1074.3632,1052.3198,1026.1332,1010.5217,985.1996,961.0369,943.2693
70,3.0000,SpendAwareDPRebalance (R70-aware),3.0000,55970.7353,1679.1221,spend75p,1704.5573,1760.2828,1817.6453,1870.6589,1918.2160,1956.5652,1994.3889,2015.7878,2039.3197,2058.7380,2048.9240,2069.5199,2084.8201,2102.1316,2126.2011,2142.0627,2150.9112,2175.4877,2177.7936,2179.7142,1697.3729,1667.2825,1651.6171,1634.7105,1614.9789,1599.4992,1578.2393,1579.7624,1589.4864,1601.8998,1619.1654,1638.1354,1654.8060,1673.0120,1685.7757,1701.9866,1699.4778,1710.8903,1724.0894,1720.0484,1708.8394,1706.6104,1700.6591,1674.4703,1661.8082
70,3.0000,SpendAwareDPRebalance (R70-aware),3.3300,50424.0859,1679.1221,survival,1.0000,1.0000,1.0000,1.0000,1.0000,1.0000,1.0000,1.0000,1.0000,1.0000,1.0000,0.9980,0.9970,0.9960,0.9955,0.9945,0.9925,0.9910,0.9875,0.9855,0.9820,0.9815,0.9770,0.9755,0.9705,0.9675,0.9605,0.9535,0.9475,0.9435,0.9380,0.9350,0.9310,0.9265,0.9220,0.9190,0.9155,0.9095,0.9070,0.9040,0.9000,0.8990,0.8955,0.8910,0.8845
70,3.0000,SpendAwareDPRebalance (R70-aware),3.3300,50424.0859,1679.1221,spend25p,1681.0957,1687.6896,1687.8951,1677.1486,1660.6001,1637.7006,1605.3716,1567.8282,1527.9193,1490.0166,1441.2322,1417.3944,1390.2122,1359.9073,1334.8612,1306.8949,1276.8704,1251.3352,1214.1827,1183.7009,862.4485,827.7064,788.9146,754.5269,726.4544,698.3131,680.1694,658.7596,643.8680,632.7449,621.1808,614.3922,604.5486,589.6023,574.2787,561.5732,546.3864,525.8053,514.2781,493.5468,473.4565,459.2806,444.9901,416.1390,381.4323
70,3.0000,SpendAwareDPRebalance (R70-aware),3.3300,50424.0859,1679.1221,spend50p,1692.6695,1724.0961,1751.8360,1768.9882,1783.5749,1787.9760,1788.3037,1784.0259,1774.0120,1760.8843,1737.1924,1719.5339,1721.5698,1718.4731,1707.8964,1693.9130,1674.2725,1645.1282,1616.6293,1594.2207,1213.3416,1179.5741,1134.5108,1110.2295,1079.4686,1070.7190,1057.8723,1047.4971,1036.0866,1033.3744,1016.8089,1023.2505,1029.2832,1029.7545,1033.0791,1038.1717,1037.2895,1012.8214,1007.3809,992.9957,966.2924,949.4971,932.6507,914.7162,883.7293
70,3.0000,SpendAwareDPRebalance (R70-aware),3.3300,50424.0859,1679.1221,spend75p,1704.5573,1760.2828,1817.6453,1870.6589,1918.2160,1956.5652,1994.3889,2015.7878,2039.3197,2058.7380,2048.9240,2068.9063,2079.6197,2097.1437,2124.9974,2138.8998,2143.6660,2162.9031,2164.0401,2157.5390,1673.9815,1658.1162,1628.9241,1612.0461,1593.6161,1570.5491,1559.5417,1540.8743,1542.6567,1541.2460,1545.7866,1568.8542,1576.6331,1598.5015,1605.8286,1626.3762,1622.8794,1616.2495,1617.3726,1616.3897,1612.1029,1602.7840,1595.3741,1577.8815,1546.8695
70,3.0000,SpendAwareDPRebalance (R70-aware),3.6600,45877.6519,1679.1221,survival,1.0000,1.0000,1.0000,1.0000,1.0000,1.0000,1.0000,1.0000,1.0000,0.9985,0.9975,0.9955,0.9955,0.9940,0.9910,0.9900,0.9845,0.9795,0.9745,0.9700,0.9660,0.9630,0.9565,0.9505,0.9435,0.9380,0.9310,0.9255,0.9185,0.9165,0.9110,0.9050,0.9010,0.8940,0.8870,0.8840,0.8785,0.8740,0.8680,0.8645,0.8580,0.8525,0.8485,0.8405,0.8330
70,3.0000,SpendAwareDPRebalance (R70-aware),3.6600,45877.6519,1679.1221,spend25p,1681.0957,1687.6896,1687.8951,1677.1486,1660.6001,1637.7006,1605.3716,1567.8282,1527.9193,1488.3900,1439.7123,1414.7581,1388.3476,1358.1077,1329.8991,1299.9468,1270.3959,1234.0573,1192.3653,1162.7452,839.9126,796.9373,755.3987,718.7864,688.2460,663.6480,638.9869,618.9082,602.0234,591.2517,576.3817,557.0248,540.9541,528.7500,509.6628,493.8900,472.7855,459.5227,431.7242,419.4342,391.2605,357.2769,340.8697,314.1405,290.0366
70,3.0000,SpendAwareDPRebalance (R70-aware),3.6600,45877.6519,1679.1221,spend50p,1692.6695,1724.0961,1751.8360,1768.9882,1783.5749,1787.9760,1788.3037,1784.0259,1774.0120,1760.5825,1730.9771,1716.2240,1721.1099,1716.7837,1697.8960,1687.8838,1660.4402,1631.6815,1598.1142,1568.3023,1187.3990,1157.6725,1118.4257,1075.1915,1052.3150,1040.1194,1022.6710,1014.4191,997.3606,994.4002,988.0874,981.4705,992.0259,985.2327,979.8277,977.1721,967.3661,954.9224,933.4680,923.4409,898.4199,873.3407,846.2222,818.9234,790.5600
70,3.0000,SpendAwareDPRebalance (R70-aware),3.6600,45877.6519,1679.1221,spend75p,1704.5573,1760.2828,1817.6453,1870.6589,1918.2160,1956.5652,1994.3889,2015.7878,2039.3197,2058.1460,2044.6690,2068.2254,2079.2218,2094.0805,2115.4230,2133.5371,2131.0019,2143.9746,2143.8055,2122.0982,1652.2644,1626.5432,1599.0678,1580.5720,1543.8309,1517.0450,1495.2978,1494.8692,1490.3652,1495.1091,1505.5985,1515.8557,1529.7130,1530.7592,1537.5975,1527.1587,1547.2551,1542.7464,1529.9423,1530.8732,1513.8247,1490.3267,1475.2541,1435.8364,1398.7540
70,3.0000,SpendAwareDPRebalance (R70-aware),4.0000,41978.0515,1679.1221,survival,1.0000,1.0000,1.0000,1.0000,1.0000,1.0000,1.0000,1.0000,0.9985,0.9980,0.9955,0.9955,0.9910,0.9845,0.9805,0.9735,0.9635,0.9575,0.9525,0.9460,0.9365,0.9320,0.9245,0.9150,0.9065,0.9020,0.8920,0.8865,0.8800,0.8750,0.8680,0.8615,0.8550,0.8500,0.8405,0.8340,0.8290,0.8225,0.8155,0.8095,0.8040,0.7975,0.7925,0.7835,0.7730
70,3.0000,SpendAwareDPRebalance (R70-aware),4.0000,41978.0515,1679.1221,spend25p,1681.0957,1687.6896,1687.8951,1677.1486,1660.6001,1637.7006,1605.3716,1567.8282,1525.9695,1487.5316,1438.0563,1414.7581,1381.9594,1345.4437,1318.1011,1280.9833,1241.2283,1205.9753,1165.3044,1122.8383,792.6951,755.6476,717.0996,669.8223,637.7458,609.0874,579.1063,555.2049,530.8002,515.7248,499.1811,484.1661,464.5063,442.2233,408.1920,383.5053,360.3050,329.7561,301.0587,276.1470,254.6082,232.1223,210.1070,174.0241,129.2789
70,3.0000,SpendAwareDPRebalance (R70-aware),4.0000,41978.0515,1679.1221,spend50p,1692.6695,1724.0961,1751.8360,1768.9882,1783.5749,1787.9760,1788.3037,1784.0259,1773.0317,1760.5052,1727.7945,1716.2240,1716.2051,1704.2034,1681.2579,1660.3447,1633.9361,1599.0820,1568.0954,1529.8653,1140.0335,1102.9871,1067.7603,1031.8610,1000.1682,993.3416,976.7846,960.5892,948.7224,940.0177,935.7543,926.9771,918.3875,911.7987,902.1543,890.1606,881.1733,871.1439,844.6102,824.9129,807.7213,779.2397,759.6679,721.5173,689.2124
70,3.0000,SpendAwareDPRebalance (R70-aware),4.0000,41978.0515,1679.1221,spend75p,1704.5573,1760.2828,1817.6453,1870.6589,1918.2160,1956.5652,1994.3889,2015.7878,2038.3146,2058.1460,2043.0873,2068.2254,2073.8812,2084.3737,2102.6173,2096.7348,2098.8908,2101.7350,2099.1211,2085.0547,1610.6149,1580.9142,1538.6815,1507.4101,1471.4114,1449.5382,1436.3808,1434.9959,1424.7301,1414.8720,1419.1831,1435.0260,1442.2786,1450.5368,1437.7009,1441.9448,1445.3238,1440.6022,1425.1780,1413.1094,1383.9067,1357.6599,1344.1637,1306.0694,1263.7681
70,3.0000,SpendAwareDPRebalance (R70-aware),4.3300,38778.8005,1679.1221,survival,1.0000,1.0000,1.0000,1.0000,1.0000,1.0000,1.0000,0.9995,0.9980,0.9970,0.9940,0.9910,0.9825,0.9720,0.9645,0.9535,0.9440,0.9355,0.9235,0.9125,0.9040,0.8980,0.8875,0.8745,0.8665,0.8590,0.8465,0.8380,0.8285,0.8205,0.8145,0.8070,0.8010,0.7950,0.7900,0.7835,0.7745,0.7685,0.7600,0.7530,0.7440,0.7385,0.7365,0.7290,0.7195
70,3.0000,SpendAwareDPRebalance (R70-aware),4.3300,38778.8005,1679.1221,spend25p,1681.0957,1687.6896,1687.8951,1677.1486,1660.6001,1637.7006,1605.3716,1567.0962,1525.7166,1486.7676,1435.6808,1409.8616,1371.4896,1328.7234,1290.9638,1252.8415,1215.3838,1171.5453,1122.8861,1065.2158,751.4305,706.4710,655.6442,604.0414,567.2166,540.5735,497.3574,474.7450,442.6051,420.7216,398.8538,362.9230,338.9010,308.1924,280.6263,253.5681,219.4275,192.3941,118.1862,53.7347,0.0000,0.0000,0.0000,0.0000,0.0000
70,3.0000,SpendAwareDPRebalance (R70-aware),4.3300,38778.8005,1679.1221,spend50p,1692.6695,1724.0961,1751.8360,1768.9882,1783.5749,1787.9760,1788.3037,1783.0990,1772.5977,1759.1743,1726.4523,1711.6714,1703.7074,1685.8115,1662.9928,1639.8218,1606.7727,1569.3084,1519.5662,1474.1566,1094.6254,1052.6811,1014.6937,979.9214,958.5173,938.0482,908.1643,890.1649,877.6969,860.2969,853.6892,844.8484,836.9740,825.6444,818.4278,804.8474,786.3735,770.0003,742.1649,721.4709,691.7227,669.6423,656.2874,636.6499,595.1688
70,3.0000,SpendAwareDPRebalance (R70-aware),4.3300,38778.8005,1679.1221,spend75p,1704.5573,1760.2828,1817.6453,1870.6589,1918.2160,1956.5652,1994.3889,2015.0856,2038.3146,2057.4692,2042.5396,2060.5577,2063.1799,2061.7105,2068.6254,2068.3857,2076.4310,2065.3733,2038.6452,2012.8561,1569.5181,1528.1303,1477.6837,1425.3367,1416.1442,1396.7400,1359.9103,1348.2573,1334.2051,1346.9126,1358.6143,1357.5868,1356.2960,1355.6676,1365.5553,1374.8129,1354.8891,1342.2129,1315.7868,1296.0686,1286.4666,1257.2881,1251.5311,1215.8933,1154.8483
70,3.0000,SpendAwareDPRebalance (R70-aware),4.6600,36032.6622,1679.1221,survival,1.0000,1.0000,1.0000,1.0000,1.0000,1.0000,1.0000,0.9985,0.9980,0.9950,0.9895,0.9810,0.9700,0.9575,0.9435,0.9315,0.9140,0.8955,0.8755,0.8605,0.8495,0.8360,0.8240,0.8125,0.8025,0.7925,0.7835,0.7715,0.7650,0.7570,0.7480,0.7395,0.7305,0.7265,0.7180,0.7120,0.7045,0.6990,0.6940,0.6860,0.6800,0.6735,0.6670,0.6615,0.6530
70,3.0000,SpendAwareDPRebalance (R70-aware),4.6600,36032.6622,1679.1221,spend25p,1681.0957,1687.6896,1687.8951,1677.1486,1660.6001,1637.7006,1605.3716,1565.3256,1525.7166,1485.3810,1430.0959,1396.7016,1347.0012,1307.8546,1262.9149,1222.8036,1160.6166,1102.9671,1032.7597,966.7404,663.4626,589.8130,539.3564,481.8699,435.6377,389.8999,350.0840,287.2519,257.8729,175.0525,0.0000,0.0000,0.0000,0.0000,0.0000,0.0000,0.0000,0.0000,0.0000,0.0000,0.0000,0.0000,0.0000,0.0000,0.0000
70,3.0000,SpendAwareDPRebalance (R70-aware),4.6600,36032.6622,1679.1221,spend50p,1692.6695,1724.0961,1751.8360,1768.9882,1783.5749,1787.9760,1788.3037,1781.7919,1772.5977,1757.8555,1722.4766,1701.8654,1691.6310,1671.3456,1641.6934,1610.4679,1568.7267,1524.4932,1466.8627,1407.7268,1031.8515,975.7610,930.9874,901.4530,871.5827,836.4560,814.0927,785.1482,771.4794,765.8414,751.5379,745.2335,723.5116,722.3264,697.2796,686.5134,669.4916,648.7587,628.4957,597.7725,582.4532,548.8355,523.0571,484.9353,452.2917
70,3.0000,SpendAwareDPRebalance (R70-aware),4.6600,36032.6622,1679.1221,spend75p,1704.5573,1760.2828,1817.6453,1870.6589,1918.2160,1956.5652,1994.3889,2014.7316,2038.3146,2055.0341,2036.9066,2051.4162,2051.5329,2050.4392,2045.9514,2051.9990,2038.9270,1998.2303,1971.3498,1949.8482,1498.4363,1442.0707,1398.0911,1354.6018,1315.3061,1293.7850,1271.8560,1252.3344,1264.1734,1272.6218,1261.8859,1254.8460,1254.0282,1266.2321,1259.1421,1247.1578,1244.3480,1215.4341,1201.8640,1176.7542,1158.7622,1144.5183,1122.9277,1095.4185,1064.6343
70,3.0000,SpendAwareDPRebalance (R70-aware),5.0000,33582.4412,1679.1221,survival,1.0000,1.0000,1.0000,1.0000,1.0000,1.0000,1.0000,0.9985,0.9970,0.9920,0.9825,0.9670,0.9535,0.9370,0.9185,0.8970,0.8720,0.8535,0.8335,0.8130,0.7960,0.7840,0.7695,0.7550,0.7455,0.7365,0.7235,0.7160,0.7095,0.7010,0.6930,0.6860,0.6780,0.6740,0.6670,0.6615,0.6560,0.6505,0.6440,0.6360,0.6250,0.6200,0.6125,0.6075,0.6020
70,3.0000,SpendAwareDPRebalance (R70-aware),5.0000,33582.4412,1679.1221,spend25p,1681.0957,1687.6896,1687.8951,1677.1486,1660.6001,1637.7006,1605.3716,1565.3256,1523.1156,1482.1343,1421.1394,1374.9778,1323.9368,1274.9656,1221.2146,1160.4916,1086.9512,1010.7194,927.7450,840.0139,529.1768,461.2087,379.5280,253.2870,0.0000,0.0000,0.0000,0.0000,0.0000,0.0000,0.0000,0.0000,0.0000,0.0000,0.0000,0.0000,0.0000,0.0000,0.0000,0.0000,0.0000,0.0000,0.0000,0.0000,0.0000
70,3.0000,SpendAwareDPRebalance (R70-aware),5.0000,33582.4412,1679.1221,spend50p,1692.6695,1724.0961,1751.8360,1768.9882,1783.5749,1787.9760,1788.3037,1781.7919,1772.3865,1755.6412,1715.4839,1692.6809,1672.2199,1641.1065,1611.9387,1566.3871,1507.8391,1459.2759,1403.1836,1342.1034,971.6025,920.1870,875.2354,832.8103,796.0580,767.9082,731.2569,717.5954,704.1019,689.2040,673.4242,656.4640,645.2777,633.9217,606.4921,591.8296,570.7835,550.9669,526.6642,499.9040,466.0557,444.1704,411.3313,384.6013,352.1715
70,3.0000,SpendAwareDPRebalance (R70-aware),5.0000,33582.4412,1679.1221,spend75p,1704.5573,1760.2828,1817.6453,1870.6589,1918.2160,1956.5652,1994.3889,2014.7316,2037.9480,2049.8675,2029.8379,2034.5913,2036.1106,2027.7789,2024.2998,2001.0456,1975.5947,1940.3513,1916.1196,1861.0993,1420.5236,1372.7912,1321.4740,1284.0054,1260.3346,1228.6325,1199.0231,1190.2078,1196.4558,1201.4400,1205.1440,1199.3505,1186.3782,1184.4265,1191.4796,1192.4629,1173.6885,1167.8568,1149.6972,1124.8744,1092.6133,1051.4437,1025.2180,1008.4361,987.0018
70,3.0000,SpendAwareDPRebalance (R70-aware),5.5000,30529.4920,1679.1221,survival,1.0000,1.0000,1.0000,1.0000,1.0000,1.0000,0.9990,0.9980,0.9940,0.9820,0.9675,0.9480,0.9245,0.9010,0.8695,0.8375,0.8155,0.7815,0.7565,0.7345,0.7195,0.7040,0.6880,0.6725,0.6635,0.6545,0.6460,0.6410,0.6310,0.6200,0.6145,0.6085,0.5990,0.5930,0.5875,0.5810,0.5745,0.5695,0.5650,0.5585,0.5490,0.5415,0.5360,0.5315,0.5265
70,3.0000,SpendAwareDPRebalance (R70-aware),5.5000,30529.4920,1679.1221,spend25p,1681.0957,1687.6896,1687.8951,1677.1486,1660.6001,1637.7006,1602.9213,1564.5153,1517.5794,1470.1678,1407.8061,1345.5146,1284.3328,1225.0251,1131.7142,1042.2245,959.0082,791.0203,584.4663,0.0000,0.0000,0.0000,0.0000,0.0000,0.0000,0.0000,0.0000,0.0000,0.0000,0.0000,0.0000,0.0000,0.0000,0.0000,0.0000,0.0000,0.0000,0.0000,0.0000,0.0000,0.0000,0.0000,0.0000,0.0000,0.0000
70,3.0000,SpendAwareDPRebalance (R70-aware),5.5000,30529.4920,1679.1221,spend50p,1692.6695,1724.0961,1751.8360,1768.9882,1783.5749,1787.9760,1788.0102,1781.6453,1768.7699,1748.8557,1704.6530,1673.3931,1633.5306,1595.8368,1537.8728,1482.8900,1436.3457,1364.2931,1298.9612,1229.3020,878.2350,830.8567,769.7014,714.9983,680.5310,654.5988,623.7627,604.8858,579.1971,550.6053,526.1087,510.5325,487.3024,468.8644,445.8700,415.9082,381.9159,357.5721,335.3764,300.6578,265.4875,233.9085,210.5257,180.8215,152.0902
70,3.0000,SpendAwareDPRebalance (R70-aware),5.5000,30529.4920,1679.1221,spend75p,1704.5573,1760.2828,1817.6453,1870.6589,1918.2160,1956.5652,1993.8979,2014.7316,2035.0795,2040.4972,2020.3187,2017.8739,2005.5727,1995.5135,1961.2047,1940.1182,1900.1134,1873.7077,1825.7670,1783.9414,1349.8676,1283.5656,1230.9861,1172.2576,1146.2230,1129.5499,1126.5374,1128.2663,1114.2392,1097.6423,1096.3325,1086.8724,1087.4247,1085.4952,1085.9441,1078.0843,1079.2851,1066.8907,1046.0089,1018.0320,977.1719,949.1699,927.5690,906.8696,876.8786
70,3.0000,SpendAwareDPRebalance (R70-aware),6.0000,27985.3677,1679.1221,survival,1.0000,1.0000,1.0000,1.0000,1.0000,1.0000,0.9985,0.9965,0.9860,0.9720,0.9490,0.9215,0.8940,0.8485,0.8155,0.7790,0.7445,0.7155,0.6830,0.6600,0.6405,0.6230,0.6110,0.6010,0.5885,0.5800,0.5705,0.5625,0.5530,0.5475,0.5405,0.5345,0.5260,0.5220,0.5150,0.5095,0.5040,0.4990,0.4930,0.4850,0.4770,0.4710,0.4640,0.4595,0.4550
70,3.0000,SpendAwareDPRebalance (R70-aware),6.0000,27985.3677,1679.1221,spend25p,1681.0957,1687.6896,1687.8951,1677.1486,1660.6001,1637.7006,1600.4821,1562.3267,1509.9554,1456.5566,1382.8638,1316.2264,1240.9214,1118.2696,1018.8798,861.4859,0.0000,0.0000,0.0000,0.0000,0.0000,0.0000,0.0000,0.0000,0.0000,0.0000,0.0000,0.0000,0.0000,0.0000,0.0000,0.0000,0.0000,0.0000,0.0000,0.0000,0.0000,0.0000,0.0000,0.0000,0.0000,0.0000,0.0000,0.0000,0.0000
70,3.0000,SpendAwareDPRebalance (R70-aware),6.0000,27985.3677,1679.1221,spend50p,1692.6695,1724.0961,1751.8360,1768.9882,1783.5749,1787.9760,1787.9077,1780.5375,1763.6906,1746.4679,1690.6093,1647.8910,1602.0290,1525.5551,1472.2939,1411.8186,1343.0477,1263.5421,1179.6022,1106.7489,764.9278,692.9042,632.3703,586.3057,547.4186,503.6383,469.4908,440.7692,415.7513,390.1707,346.4739,318.4459,264.0538,241.3240,196.6101,158.1804,96.2612,0.0000,0.0000,0.0000,0.0000,0.0000,0.0000,0.0000,0.0000
70,3.0000,SpendAwareDPRebalance (R70-aware),6.0000,27985.3677,1679.1221,spend75p,1704.5573,1760.2828,1817.6453,1870.6589,1918.2160,1956.5652,1993.7736,2013.2494,2027.8491,2033.9614,1997.3780,1997.2626,1975.5154,1944.0128,1923.4463,1883.6418,1825.2038,1785.4959,1728.3184,1659.3028,1245.3570,1188.2110,1144.0772,1106.3140,1071.2136,1052.8915,1036.0530,1018.2760,1004.5313,988.9172,980.1841,972.9632,976.9271,980.2653,968.1819,960.1742,946.1152,937.3101,918.2220,873.6108,841.4840,816.0804,784.7097,761.1598,727.4090
70,3.0000,SpendAwareDPRebalance (R70-aware),7.0000,23987.4580,1679.1221,survival,1.0000,1.0000,1.0000,1.0000,1.0000,0.9985,0.9960,0.9845,0.9675,0.9325,0.8935,0.8460,0.7920,0.7450,0.6960,0.6400,0.6070,0.5780,0.5460,0.5205,0.5015,0.4880,0.4770,0.4665,0.4575,0.4455,0.4355,0.4265,0.4185,0.4125,0.4015,0.3930,0.3880,0.3805,0.3720,0.3685,0.3605,0.3545,0.3505,0.3455,0.3415,0.3380,0.3325,0.3305,0.3260
70,3.0000,SpendAwareDPRebalance (R70-aware),7.0000,23987.4580,1679.1221,spend25p,1681.0957,1687.6896,1687.8951,1677.1486,1660.6001,1635.2142,1597.2362,1549.7213,1487.1203,1413.1556,1306.5691,1186.1741,1020.5753,0.0000,0.0000,0.0000,0.0000,0.0000,0.0000,0.0000,0.0000,0.0000,0.0000,0.0000,0.0000,0.0000,0.0000,0.0000,0.0000,0.0000,0.0000,0.0000,0.0000,0.0000,0.0000,0.0000,0.0000,0.0000,0.0000,0.0000,0.0000,0.0000,0.0000,0.0000,0.0000
70,3.0000,SpendAwareDPRebalance (R70-aware),7.0000,23987.4580,1679.1221,spend50p,1692.6695,1724.0961,1751.8360,1768.9882,1783.5749,1787.2226,1787.3217,1775.9739,1755.1190,1719.4345,1633.7973,1566.4075,1482.5623,1402.2622,1305.6000,1186.6686,1090.9381,984.6892,842.7375,699.1854,281.9580,0.0000,0.0000,0.0000,0.0000,0.0000,0.0000,0.0000,0.0000,0.0000,0.0000,0.0000,0.0000,0.0000,0.0000,0.0000,0.0000,0.0000,0.0000,0.0000,0.0000,0.0000,0.0000,0.0000,0.0000
70,3.0000,SpendAwareDPRebalance (R70-aware),7.0000,23987.4580,1679.1221,spend75p,1704.5573,1760.2828,1817.6453,1870.6589,1918.2160,1954.2720,1993.0774,2004.8982,2011.5140,2008.7782,1962.4462,1933.3218,1888.0699,1845.7598,1786.2878,1714.4621,1655.9628,1590.2825,1506.7971,1430.6244,1037.5024,974.0924,927.3559,899.3055,862.3040,821.8064,790.4637,764.3943,746.6061,746.1117,737.8493,714.3246,709.1873,682.0057,664.1770,654.1960,619.2792,582.7708,566.6720,544.5305,511.9419,483.4297,454.0122,434.8265,402.3040
